2026-08-23, 00:00:02, 22.27, 22.5, 22.75, 22.75, 9999.0, 9999.0, 9999.0, 24.02, 9999.0, 22.39, 9999.0, 22.66, 22.5, 22.25, 22.25, 22.25
2026-08-23, 00:00:06, 22.3, 22.5, 22.75, 22.75, 9999.0, 9999.0, 9999.0, 23.98, 9999.0, 22.36, 9999.0, 22.68, 22.5, 22.25, 22.25, 22.25
2026-08-23, 00:00:10, 22.3, 22.5, 22.75, 22.75, 9999.0, 9999.0, 9999.0, 23.93, 9999.0, 22.36, 9999.0, 22.68, 22.5, 22.25, 22.25, 22.25
2026-08-23, 00:00:14, 22.3, 22.5, 22.75, 22.75, 9999.0, 9999.0, 9999.0, 23.89, 9999.0, 22.36, 9999.0, 22.7, 22.5, 22.25, 22.25, 22.25
2026-08-23, 00:00:18, 22.3, 22.5, 22.75, 22.75, 9999.0, 9999.0, 9999.0, 23.84, 9999.0, 22.36, 9999.0, 22.73, 22.5, 22.25, 22.25, 22.25
2026-08-23, 00:00:22, 22.3, 22.5, 22.75, 22.75, 9999.0, 9999.0, 9999.0, 23.8, 9999.0, 22.39, 9999.0, 22.73, 22.52, 22.25, 22.25, 22.25
2026-08-23, 00:00:26, 22.3, 22.5, 22.75, 22.77, 9999.0, 9999.0, 9999.0, 23.75, 9999.0, 22.41, 9999.0, 22.75, 22.52, 22.25, 22.27, 22.25
2026-08-23, 00:00:30, 22.3, 22.5, 22.75, 22.77, 9999.0, 9999.0, 9999.0, 23.77, 9999.0, 22.41, 9999.0, 22.77, 22.52, 22.25, 22.27, 22.25
2026-08-23, 00:00:34, 22.3, 22.5, 22.75, 22.77, 9999.0, 9999.0, 9999.0, 23.8, 9999.0, 22.43, 9999.0, 22.77, 22.52, 22.25, 22.27, 22.25
2026-08-23, 00:00:38, 22.27, 22.5, 22.75, 22.77, 9999.0, 9999.0, 9999.0, 23.82, 9999.0, 22.45, 9999.0, 22.77, 22.52, 22.25, 22.27, 22.25
2026-08-23, 00:00:42, 22.27, 22.5, 22.75, 22.77, 9999.0, 9999.0, 9999.0, 23.82, 9999.0, 22.48, 9999.0, 22.77, 22.52, 22.25, 22.27, 22.25
2026-08-23, 00:00:46, 22.3, 22.5, 22.75, 22.77, 9999.0, 9999.0, 9999.0, 23.84, 9999.0, 22.48, 9999.0, 22.77, 22.52, 22.25, 22.27, 22.25
2026-08-23, 00:00:50, 22.27, 22.5, 22.75, 22.77, 9999.0, 9999.0, 9999.0, 23.86, 9999.0, 22.48, 9999.0, 22.73, 22.52, 22.25, 22.27, 22.25
2026-08-23, 00:00:54, 22.27, 22.5, 22.75, 22.77, 9999.0, 9999.0, 9999.0, 23.89, 9999.0, 22.45, 9999.0, 22.7, 22.52, 22.25, 22.27, 22.25
2026-08-23, 00:00:58, 22.27, 22.5, 22.75, 22.77, 9999.0, 9999.0, 9999.0, 23.93, 9999.0, 22.43, 9999.0, 22.68, 22.52, 22.25, 22.27, 22.25
2026-08-23, 00:01:02, 22.27, 22.5, 22.75, 22.77, 9999.0, 9999.0, 9999.0, 23.98, 9999.0, 22.41, 9999.0, 22.66, 22.52, 22.25, 22.27, 22.25
2026-08-23, 00:01:06, 22.27, 22.5, 22.75, 22.77, 9999.0, 9999.0, 9999.0, 24.02, 9999.0, 22.36, 9999.0, 22.66, 22.5, 22.25, 22.27, 22.25
2026-08-23, 00:01:10, 22.27, 22.5, 22.77, 22.75, 9999.0, 9999.0, 9999.0, 24.05, 9999.0, 22.34, 9999.0, 22.66, 22.5, 22.25, 22.25, 22.25
2026-08-23, 00:01:14, 22.27, 22.5, 22.77, 22.75, 9999.0, 9999.0, 9999.0, 24.0, 9999.0, 22.32, 9999.0, 22.66, 22.5, 22.25, 22.25, 22.25
2026-08-23, 00:01:18, 22.27, 22.5, 22.77, 22.75, 9999.0, 9999.0, 9999.0, 23.95, 9999.0, 22.3, 9999.0, 22.66, 22.5, 22.25, 22.25, 22.25
2026-08-23, 00:01:22, 22.27, 22.5, 22.77, 22.75, 9999.0, 9999.0, 9999.0, 23.91, 9999.0, 22.27, 9999.0, 22.66, 22.5, 22.25, 22.25, 22.25
2026-08-23, 00:01:26, 22.27, 22.5, 22.77, 22.75, 9999.0, 9999.0, 9999.0, 23.89, 9999.0, 22.27, 9999.0, 22.66, 22.5, 22.25, 22.25, 22.25
2026-08-23, 00:01:30, 22.25, 22.5, 22.77, 22.75, 9999.0, 9999.0, 9999.0, 23.86, 9999.0, 22.3, 9999.0, 22.66, 22.5, 22.25, 22.25, 22.25
2026-08-23, 00:01:34, 22.25, 22.5, 22.77, 22.75, 9999.0, 9999.0, 9999.0, 23.84, 9999.0, 22.32, 9999.0, 22.68, 22.5, 22.25, 22.25, 22.25
2026-08-23, 00:01:38, 22.25, 22.5, 22.77, 22.75, 9999.0, 9999.0, 9999.0, 23.8, 9999.0, 22.34, 9999.0, 22.7, 22.5, 22.25, 22.25, 22.25
2026-08-23, 00:01:42, 22.25, 22.5, 22.77, 22.75, 9999.0, 9999.0, 9999.0, 23.75, 9999.0, 22.39, 9999.0, 22.73, 22.5, 22.25, 22.27, 22.25
2026-08-23, 00:01:46, 22.25, 22.5, 22.77, 22.75, 9999.0, 9999.0, 9999.0, 23.7, 9999.0, 22.41, 9999.0, 22.75, 22.5, 22.25, 22.27, 22.25
2026-08-23, 00:01:50, 22.27, 22.5, 22.77, 22.75, 9999.0, 9999.0, 9999.0, 23.73, 9999.0, 22.43, 9999.0, 22.75, 22.5, 22.25, 22.27, 22.25
2026-08-23, 00:01:54, 22.27, 22.5, 22.75, 22.75, 9999.0, 9999.0, 9999.0, 23.75, 9999.0, 22.45, 9999.0, 22.75, 22.5, 22.25, 22.27, 22.25
2026-08-23, 00:01:58, 22.27, 22.5, 22.75, 22.75, 9999.0, 9999.0, 9999.0, 23.77, 9999.0, 22.48, 9999.0, 22.75, 22.5, 22.25, 22.27, 22.25
2026-08-23, 00:02:02, 22.27, 22.5, 22.75, 22.75, 9999.0, 9999.0, 9999.0, 23.8, 9999.0, 22.48, 9999.0, 22.75, 22.5, 22.25, 22.27, 22.25
2026-08-23, 00:02:06, 22.27, 22.5, 22.75, 22.75, 9999.0, 9999.0, 9999.0, 23.82, 9999.0, 22.48, 9999.0, 22.75, 22.5, 22.25, 22.27, 22.25
2026-08-23, 00:02:10, 22.27, 22.5, 22.75, 22.75, 9999.0, 9999.0, 9999.0, 23.84, 9999.0, 22.45, 9999.0, 22.73, 22.5, 22.25, 22.27, 22.25
2026-08-23, 00:02:14, 22.27, 22.5, 22.75, 22.75, 9999.0, 9999.0, 9999.0, 23.84, 9999.0, 22.43, 9999.0, 22.73, 22.5, 22.25, 22.27, 22.25
2026-08-23, 00:02:18, 22.27, 22.5, 22.75, 22.75, 9999.0, 9999.0, 9999.0, 23.86, 9999.0, 22.41, 9999.0, 22.7, 22.5, 22.25, 22.27, 22.25
2026-08-23, 00:02:23, 22.3, 22.5, 22.75, 22.75, 9999.0, 9999.0, 9999.0, 23.89, 9999.0, 22.39, 9999.0, 22.68, 22.5, 22.25, 22.27, 22.25
2026-08-23, 00:02:27, 22.3, 22.5, 22.75, 22.75, 9999.0, 9999.0, 9999.0, 23.93, 9999.0, 22.34, 9999.0, 22.68, 22.5, 22.25, 22.25, 22.25
2026-08-23, 00:02:31, 22.3, 22.5, 22.75, 22.75, 9999.0, 9999.0, 9999.0, 23.95, 9999.0, 22.3, 9999.0, 22.68, 22.5, 22.25, 22.25, 22.25
2026-08-23, 00:02:35, 22.3, 22.5, 22.75, 22.75, 9999.0, 9999.0, 9999.0, 23.91, 9999.0, 22.25, 9999.0, 22.7, 22.5, 22.25, 22.25, 22.25
2026-08-23, 00:02:39, 22.32, 22.5, 22.75, 22.75, 9999.0, 9999.0, 9999.0, 23.89, 9999.0, 22.23, 9999.0, 22.73, 22.5, 22.25, 22.25, 22.25
2026-08-23, 00:02:43, 22.32, 22.5, 22.75, 22.75, 9999.0, 9999.0, 9999.0, 23.84, 9999.0, 22.18, 9999.0, 22.73, 22.5, 22.25, 22.25, 22.25
2026-08-23, 00:02:47, 22.32, 22.5, 22.75, 22.75, 9999.0, 9999.0, 9999.0, 23.8, 9999.0, 22.2, 9999.0, 22.73, 22.5, 22.25, 22.27, 22.25
2026-08-23, 00:02:51, 22.32, 22.5, 22.75, 22.75, 9999.0, 9999.0, 9999.0, 23.75, 9999.0, 22.23, 9999.0, 22.73, 22.5, 22.25, 22.27, 22.25
2026-08-23, 00:02:55, 22.32, 22.5, 22.75, 22.77, 9999.0, 9999.0, 9999.0, 23.7, 9999.0, 22.25, 9999.0, 22.75, 22.5, 22.25, 22.27, 22.25
2026-08-23, 00:02:59, 22.34, 22.5, 22.75, 22.77, 9999.0, 9999.0, 9999.0, 23.68, 9999.0, 22.27, 9999.0, 22.75, 22.5, 22.25, 22.27, 22.25
2026-08-23, 00:03:03, 22.34, 22.5, 22.75, 22.77, 9999.0, 9999.0, 9999.0, 23.61, 9999.0, 22.3, 9999.0, 22.77, 22.5, 22.25, 22.27, 22.25
2026-08-23, 00:03:07, 22.32, 22.5, 22.75, 22.77, 9999.0, 9999.0, 9999.0, 23.66, 9999.0, 22.32, 9999.0, 22.8, 22.5, 22.25, 22.27, 22.25
2026-08-23, 00:03:11, 22.34, 22.5, 22.75, 22.77, 9999.0, 9999.0, 9999.0, 23.68, 9999.0, 22.32, 9999.0, 22.8, 22.5, 22.25, 22.27, 22.25
2026-08-23, 00:03:15, 22.34, 22.5, 22.75, 22.77, 9999.0, 9999.0, 9999.0, 23.7, 9999.0, 22.34, 9999.0, 22.8, 22.5, 22.25, 22.27, 22.25
2026-08-23, 00:03:19, 22.32, 22.5, 22.75, 22.77, 9999.0, 9999.0, 9999.0, 23.73, 9999.0, 22.36, 9999.0, 22.77, 22.5, 22.25, 22.27, 22.25
2026-08-23, 00:03:23, 22.3, 22.5, 22.75, 22.77, 9999.0, 9999.0, 9999.0, 23.75, 9999.0, 22.36, 9999.0, 22.73, 22.5, 22.25, 22.27, 22.25
2026-08-23, 00:03:27, 22.3, 22.5, 22.75, 22.77, 9999.0, 9999.0, 9999.0, 23.8, 9999.0, 22.39, 9999.0, 22.73, 22.5, 22.25, 22.27, 22.25
2026-08-23, 00:03:31, 22.3, 22.5, 22.75, 22.77, 9999.0, 9999.0, 9999.0, 23.84, 9999.0, 22.36, 9999.0, 22.73, 22.5, 22.25, 22.25, 22.25
2026-08-23, 00:03:35, 22.32, 22.5, 22.75, 22.77, 9999.0, 9999.0, 9999.0, 23.89, 9999.0, 22.34, 9999.0, 22.7, 22.5, 22.25, 22.25, 22.25
2026-08-23, 00:03:39, 22.34, 22.5, 22.75, 22.75, 9999.0, 9999.0, 9999.0, 23.93, 9999.0, 22.32, 9999.0, 22.68, 22.5, 22.25, 22.25, 22.25
2026-08-23, 00:03:43, 22.32, 22.5, 22.75, 22.75, 9999.0, 9999.0, 9999.0, 23.98, 9999.0, 22.3, 9999.0, 22.68, 22.5, 22.25, 22.25, 22.25
2026-08-23, 00:03:47, 22.34, 22.5, 22.75, 22.75, 9999.0, 9999.0, 9999.0, 24.02, 9999.0, 22.27, 9999.0, 22.68, 22.5, 22.25, 22.25, 22.25
2026-08-23, 00:03:51, 22.36, 22.5, 22.75, 22.75, 9999.0, 9999.0, 9999.0, 23.98, 9999.0, 22.25, 9999.0, 22.68, 22.5, 22.25, 22.25, 22.25
2026-08-23, 00:03:55, 22.34, 22.5, 22.75, 22.75, 9999.0, 9999.0, 9999.0, 23.93, 9999.0, 22.25, 9999.0, 22.7, 22.5, 22.25, 22.25, 22.25
2026-08-23, 00:03:59, 22.36, 22.5, 22.75, 22.75, 9999.0, 9999.0, 9999.0, 23.89, 9999.0, 22.23, 9999.0, 22.7, 22.5, 22.25, 22.25, 22.25
2026-08-23, 00:04:03, 22.39, 22.5, 22.75, 22.75, 9999.0, 9999.0, 9999.0, 23.84, 9999.0, 22.23, 9999.0, 22.7, 22.5, 22.25, 22.25, 22.25
2026-08-23, 00:04:07, 22.39, 22.5, 22.77, 22.75, 9999.0, 9999.0, 9999.0, 23.8, 9999.0, 22.23, 9999.0, 22.73, 22.5, 22.25, 22.25, 22.25
2026-08-23, 00:04:11, 22.39, 22.5, 22.77, 22.75, 9999.0, 9999.0, 9999.0, 23.75, 9999.0, 22.23, 9999.0, 22.73, 22.5, 22.25, 22.25, 22.25
2026-08-23, 00:04:15, 22.39, 22.5, 22.77, 22.75, 9999.0, 9999.0, 9999.0, 23.68, 9999.0, 22.25, 9999.0, 22.73, 22.5, 22.25, 22.25, 22.25
2026-08-23, 00:04:19, 22.36, 22.5, 22.77, 22.75, 9999.0, 9999.0, 9999.0, 23.61, 9999.0, 22.27, 9999.0, 22.75, 22.5, 22.25, 22.25, 22.25
2026-08-23, 00:04:23, 22.34, 22.5, 22.77, 22.75, 9999.0, 9999.0, 9999.0, 23.64, 9999.0, 22.27, 9999.0, 22.77, 22.5, 22.25, 22.25, 22.25
2026-08-23, 00:04:27, 22.34, 22.5, 22.77, 22.75, 9999.0, 9999.0, 9999.0, 23.64, 9999.0, 22.3, 9999.0, 22.77, 22.5, 22.25, 22.25, 22.25
2026-08-23, 00:04:31, 22.32, 22.5, 22.77, 22.77, 9999.0, 9999.0, 9999.0, 23.66, 9999.0, 22.3, 9999.0, 22.77, 22.5, 22.25, 22.25, 22.25
2026-08-23, 00:04:35, 22.3, 22.5, 22.77, 22.77, 9999.0, 9999.0, 9999.0, 23.68, 9999.0, 22.3, 9999.0, 22.77, 22.5, 22.25, 22.25, 22.25
2026-08-23, 00:04:39, 22.32, 22.5, 22.77, 22.77, 9999.0, 9999.0, 9999.0, 23.7, 9999.0, 22.3, 9999.0, 22.75, 22.5, 22.25, 22.25, 22.25
2026-08-23, 00:04:43, 22.3, 22.5, 22.77, 22.77, 9999.0, 9999.0, 9999.0, 23.73, 9999.0, 22.32, 9999.0, 22.73, 22.5, 22.25, 22.25, 22.25
2026-08-23, 00:04:47, 22.27, 22.5, 22.77, 22.77, 9999.0, 9999.0, 9999.0, 23.75, 9999.0, 22.32, 9999.0, 22.7, 22.5, 22.25, 22.25, 22.25
2026-08-23, 00:04:51, 22.27, 22.5, 22.75, 22.77, 9999.0, 9999.0, 9999.0, 23.77, 9999.0, 22.32, 9999.0, 22.68, 22.5, 22.25, 22.25, 22.25
2026-08-23, 00:04:55, 22.3, 22.5, 22.75, 22.77, 9999.0, 9999.0, 9999.0, 23.82, 9999.0, 22.32, 9999.0, 22.66, 22.5, 22.25, 22.25, 22.25
2026-08-23, 00:04:59, 22.32, 22.5, 22.75, 22.77, 9999.0, 9999.0, 9999.0, 23.86, 9999.0, 22.3, 9999.0, 22.64, 22.5, 22.25, 22.25, 22.25
2026-08-23, 00:05:03, 22.32, 22.48, 22.75, 22.77, 9999.0, 9999.0, 9999.0, 23.91, 9999.0, 22.27, 9999.0, 22.64, 22.5, 22.25, 22.25, 22.25
2026-08-23, 00:05:07, 22.32, 22.48, 22.75, 22.77, 9999.0, 9999.0, 9999.0, 23.86, 9999.0, 22.25, 9999.0, 22.64, 22.5, 22.25, 22.27, 22.25
2026-08-23, 00:05:11, 22.32, 22.48, 22.75, 22.77, 9999.0, 9999.0, 9999.0, 23.82, 9999.0, 22.2, 9999.0, 22.64, 22.5, 22.25, 22.27, 22.25
2026-08-23, 00:05:15, 22.34, 22.48, 22.75, 22.77, 9999.0, 9999.0, 9999.0, 23.8, 9999.0, 22.18, 9999.0, 22.64, 22.5, 22.25, 22.27, 22.25
2026-08-23, 00:05:19, 22.34, 22.48, 22.75, 22.8, 9999.0, 9999.0, 9999.0, 23.75, 9999.0, 22.16, 9999.0, 22.64, 22.5, 22.25, 22.27, 22.25
2026-08-23, 00:05:23, 22.32, 22.48, 22.77, 22.8, 9999.0, 9999.0, 9999.0, 23.7, 9999.0, 22.16, 9999.0, 22.64, 22.5, 22.25, 22.27, 22.25
2026-08-23, 00:05:27, 22.34, 22.48, 22.77, 22.8, 9999.0, 9999.0, 9999.0, 23.68, 9999.0, 22.16, 9999.0, 22.66, 22.5, 22.25, 22.27, 22.25
2026-08-23, 00:05:31, 22.34, 22.48, 22.77, 22.82, 9999.0, 9999.0, 9999.0, 23.66, 9999.0, 22.16, 9999.0, 22.68, 22.5, 22.25, 22.27, 22.25
2026-08-23, 00:05:35, 22.36, 22.48, 22.77, 22.82, 9999.0, 9999.0, 9999.0, 23.64, 9999.0, 22.18, 9999.0, 22.7, 22.5, 22.25, 22.27, 22.25
2026-08-23, 00:05:39, 22.36, 22.48, 22.8, 22.82, 9999.0, 9999.0, 9999.0, 23.59, 9999.0, 22.2, 9999.0, 22.73, 22.5, 22.25, 22.27, 22.25
2026-08-23, 00:05:43, 22.34, 22.48, 22.8, 22.82, 9999.0, 9999.0, 9999.0, 23.61, 9999.0, 22.2, 9999.0, 22.75, 22.5, 22.25, 22.27, 22.25
2026-08-23, 00:05:47, 22.34, 22.5, 22.8, 22.82, 9999.0, 9999.0, 9999.0, 23.64, 9999.0, 22.2, 9999.0, 22.75, 22.5, 22.25, 22.27, 22.25
2026-08-23, 00:05:51, 22.34, 22.5, 22.8, 22.82, 9999.0, 9999.0, 9999.0, 23.66, 9999.0, 22.23, 9999.0, 22.75, 22.5, 22.25, 22.25, 22.25
2026-08-23, 00:05:55, 22.36, 22.5, 22.8, 22.82, 9999.0, 9999.0, 9999.0, 23.7, 9999.0, 22.25, 9999.0, 22.75, 22.5, 22.25, 22.25, 22.25
2026-08-23, 00:05:59, 22.34, 22.5, 22.82, 22.8, 9999.0, 9999.0, 9999.0, 23.73, 9999.0, 22.27, 9999.0, 22.75, 22.5, 22.25, 22.25, 22.25
2026-08-23, 00:06:03, 22.34, 22.5, 22.82, 22.77, 9999.0, 9999.0, 9999.0, 23.77, 9999.0, 22.3, 9999.0, 22.73, 22.5, 22.25, 22.25, 22.25
2026-08-23, 00:06:07, 22.36, 22.5, 22.8, 22.77, 9999.0, 9999.0, 9999.0, 23.8, 9999.0, 22.3, 9999.0, 22.73, 22.5, 22.25, 22.25, 22.25
2026-08-23, 00:06:12, 22.34, 22.5, 22.8, 22.77, 9999.0, 9999.0, 9999.0, 23.82, 9999.0, 22.3, 9999.0, 22.7, 22.5, 22.25, 22.25, 22.25
2026-08-23, 00:06:16, 22.34, 22.5, 22.8, 22.75, 9999.0, 9999.0, 9999.0, 23.84, 9999.0, 22.3, 9999.0, 22.7, 22.5, 22.25, 22.25, 22.25
2026-08-23, 00:06:20, 22.32, 22.5, 22.8, 22.77, 9999.0, 9999.0, 9999.0, 23.86, 9999.0, 22.25, 9999.0, 22.7, 22.5, 22.25, 22.25, 22.25
2026-08-23, 00:06:24, 22.32, 22.5, 22.8, 22.77, 9999.0, 9999.0, 9999.0, 23.89, 9999.0, 22.2, 9999.0, 22.7, 22.5, 22.25, 22.25, 22.25
2026-08-23, 00:06:28, 22.34, 22.5, 22.8, 22.77, 9999.0, 9999.0, 9999.0, 23.84, 9999.0, 22.18, 9999.0, 22.7, 22.5, 22.25, 22.25, 22.25
2026-08-23, 00:06:32, 22.36, 22.5, 22.8, 22.8, 9999.0, 9999.0, 9999.0, 23.8, 9999.0, 22.16, 9999.0, 22.73, 22.5, 22.25, 22.25, 22.27
2026-08-23, 00:06:36, 22.36, 22.5, 22.82, 22.8, 9999.0, 9999.0, 9999.0, 23.75, 9999.0, 22.14, 9999.0, 22.75, 22.5, 22.25, 22.25, 22.27
2026-08-23, 00:06:40, 22.34, 22.5, 22.84, 22.8, 9999.0, 9999.0, 9999.0, 23.7, 9999.0, 22.14, 9999.0, 22.75, 22.5, 22.25, 22.25, 22.3
2026-08-23, 00:06:44, 22.36, 22.5, 22.82, 22.82, 9999.0, 9999.0, 9999.0, 23.66, 9999.0, 22.14, 9999.0, 22.75, 22.5, 22.25, 22.25, 22.3
2026-08-23, 00:06:48, 22.36, 22.5, 22.82, 22.82, 9999.0, 9999.0, 9999.0, 23.61, 9999.0, 22.14, 9999.0, 22.77, 22.5, 22.25, 22.25, 22.3
2026-08-23, 00:06:52, 22.36, 22.5, 22.84, 22.82, 9999.0, 9999.0, 9999.0, 23.59, 9999.0, 22.16, 9999.0, 22.77, 22.5, 22.25, 22.27, 22.3
2026-08-23, 00:06:56, 22.39, 22.5, 22.84, 22.82, 9999.0, 9999.0, 9999.0, 23.57, 9999.0, 22.18, 9999.0, 22.8, 22.5, 22.25, 22.27, 22.3
2026-08-23, 00:07:00, 22.39, 22.5, 22.84, 22.82, 9999.0, 9999.0, 9999.0, 23.61, 9999.0, 22.2, 9999.0, 22.8, 22.5, 22.25, 22.3, 22.3
2026-08-23, 00:07:04, 22.39, 22.5, 22.84, 22.82, 9999.0, 9999.0, 9999.0, 23.66, 9999.0, 22.23, 9999.0, 22.8, 22.5, 22.25, 22.3, 22.3
2026-08-23, 00:07:08, 22.36, 22.5, 22.82, 22.84, 9999.0, 9999.0, 9999.0, 23.68, 9999.0, 22.25, 9999.0, 22.8, 22.5, 22.25, 22.3, 22.3
2026-08-23, 00:07:12, 22.34, 22.5, 22.82, 22.84, 9999.0, 9999.0, 9999.0, 23.73, 9999.0, 22.27, 9999.0, 22.8, 22.5, 22.25, 22.3, 22.3
2026-08-23, 00:07:16, 22.34, 22.5, 22.84, 22.82, 9999.0, 9999.0, 9999.0, 23.77, 9999.0, 22.3, 9999.0, 22.77, 22.5, 22.25, 22.3, 22.27
2026-08-23, 00:07:20, 22.34, 22.5, 22.82, 22.84, 9999.0, 9999.0, 9999.0, 23.82, 9999.0, 22.32, 9999.0, 22.75, 22.5, 22.25, 22.3, 22.27
2026-08-23, 00:07:24, 22.34, 22.5, 22.8, 22.84, 9999.0, 9999.0, 9999.0, 23.86, 9999.0, 22.32, 9999.0, 22.75, 22.5, 22.25, 22.3, 22.25
2026-08-23, 00:07:28, 22.34, 22.5, 22.8, 22.82, 9999.0, 9999.0, 9999.0, 23.91, 9999.0, 22.32, 9999.0, 22.73, 22.5, 22.25, 22.3, 22.27
2026-08-23, 00:07:32, 22.34, 22.5, 22.8, 22.82, 9999.0, 9999.0, 9999.0, 23.95, 9999.0, 22.32, 9999.0, 22.7, 22.5, 22.25, 22.3, 22.27
2026-08-23, 00:07:36, 22.32, 22.5, 22.77, 22.82, 9999.0, 9999.0, 9999.0, 23.98, 9999.0, 22.3, 9999.0, 22.7, 22.5, 22.25, 22.27, 22.27
2026-08-23, 00:07:40, 22.32, 22.5, 22.77, 22.82, 9999.0, 9999.0, 9999.0, 24.0, 9999.0, 22.27, 9999.0, 22.7, 22.5, 22.25, 22.27, 22.27
2026-08-23, 00:07:44, 22.34, 22.5, 22.77, 22.82, 9999.0, 9999.0, 9999.0, 23.95, 9999.0, 22.23, 9999.0, 22.7, 22.5, 22.25, 22.25, 22.27
2026-08-23, 00:07:48, 22.36, 22.5, 22.77, 22.8, 9999.0, 9999.0, 9999.0, 23.91, 9999.0, 22.2, 9999.0, 22.7, 22.5, 22.25, 22.25, 22.3
2026-08-23, 00:07:52, 22.36, 22.5, 22.8, 22.77, 9999.0, 9999.0, 9999.0, 23.89, 9999.0, 22.18, 9999.0, 22.73, 22.5, 22.25, 22.27, 22.3
2026-08-23, 00:07:56, 22.39, 22.5, 22.8, 22.8, 9999.0, 9999.0, 9999.0, 23.84, 9999.0, 22.18, 9999.0, 22.75, 22.5, 22.25, 22.3, 22.3
2026-08-23, 00:08:00, 22.39, 22.5, 22.77, 22.82, 9999.0, 9999.0, 9999.0, 23.8, 9999.0, 22.18, 9999.0, 22.75, 22.5, 22.25, 22.3, 22.3
2026-08-23, 00:08:04, 22.41, 22.5, 22.77, 22.8, 9999.0, 9999.0, 9999.0, 23.75, 9999.0, 22.18, 9999.0, 22.75, 22.5, 22.25, 22.3, 22.3
2026-08-23, 00:08:08, 22.43, 22.5, 22.77, 22.82, 9999.0, 9999.0, 9999.0, 23.7, 9999.0, 22.2, 9999.0, 22.75, 22.5, 22.25, 22.3, 22.3
2026-08-23, 00:08:12, 22.41, 22.5, 22.77, 22.84, 9999.0, 9999.0, 9999.0, 23.66, 9999.0, 22.23, 9999.0, 22.77, 22.5, 22.25, 22.32, 22.27
2026-08-23, 00:08:16, 22.41, 22.5, 22.77, 22.86, 9999.0, 9999.0, 9999.0, 23.61, 9999.0, 22.25, 9999.0, 22.8, 22.5, 22.25, 22.32, 22.3
2026-08-23, 00:08:20, 22.43, 22.5, 22.8, 22.89, 9999.0, 9999.0, 9999.0, 23.66, 9999.0, 22.27, 9999.0, 22.8, 22.5, 22.25, 22.32, 22.3
2026-08-23, 00:08:24, 22.43, 22.5, 22.8, 22.91, 9999.0, 9999.0, 9999.0, 23.68, 9999.0, 22.27, 9999.0, 22.8, 22.5, 22.25, 22.34, 22.3
2026-08-23, 00:08:28, 22.43, 22.5, 22.8, 22.91, 9999.0, 9999.0, 9999.0, 23.7, 9999.0, 22.32, 9999.0, 22.8, 22.5, 22.25, 22.34, 22.32
2026-08-23, 00:08:32, 22.41, 22.5, 22.8, 22.91, 9999.0, 9999.0, 9999.0, 23.73, 9999.0, 22.36, 9999.0, 22.8, 22.5, 22.25, 22.34, 22.3
2026-08-23, 00:08:36, 22.41, 22.5, 22.77, 22.91, 9999.0, 9999.0, 9999.0, 23.75, 9999.0, 22.39, 9999.0, 22.77, 22.5, 22.25, 22.32, 22.3
2026-08-23, 00:08:40, 22.41, 22.5, 22.8, 22.91, 9999.0, 9999.0, 9999.0, 23.77, 9999.0, 22.39, 9999.0, 22.75, 22.5, 22.25, 22.3, 22.3
2026-08-23, 00:08:44, 22.39, 22.5, 22.8, 22.89, 9999.0, 9999.0, 9999.0, 23.8, 9999.0, 22.39, 9999.0, 22.75, 22.5, 22.25, 22.3, 22.3
2026-08-23, 00:08:48, 22.39, 22.5, 22.8, 22.89, 9999.0, 9999.0, 9999.0, 23.82, 9999.0, 22.39, 9999.0, 22.73, 22.5, 22.25, 22.3, 22.3
2026-08-23, 00:08:52, 22.39, 22.5, 22.8, 22.89, 9999.0, 9999.0, 9999.0, 23.84, 9999.0, 22.36, 9999.0, 22.7, 22.5, 22.25, 22.3, 22.3
2026-08-23, 00:08:56, 22.41, 22.5, 22.8, 22.86, 9999.0, 9999.0, 9999.0, 23.86, 9999.0, 22.34, 9999.0, 22.73, 22.5, 22.25, 22.27, 22.3
2026-08-23, 00:09:00, 22.41, 22.5, 22.82, 22.84, 9999.0, 9999.0, 9999.0, 23.86, 9999.0, 22.32, 9999.0, 22.73, 22.5, 22.25, 22.27, 22.27
2026-08-23, 00:09:04, 22.41, 22.5, 22.8, 22.82, 9999.0, 9999.0, 9999.0, 23.82, 9999.0, 22.3, 9999.0, 22.73, 22.5, 22.25, 22.27, 22.27
2026-08-23, 00:09:08, 22.39, 22.5, 22.82, 22.8, 9999.0, 9999.0, 9999.0, 23.8, 9999.0, 22.3, 9999.0, 22.73, 22.5, 22.25, 22.25, 22.27
2026-08-23, 00:09:12, 22.39, 22.5, 22.82, 22.8, 9999.0, 9999.0, 9999.0, 23.77, 9999.0, 22.25, 9999.0, 22.73, 22.5, 22.25, 22.25, 22.25
2026-08-23, 00:09:16, 22.39, 22.5, 22.82, 22.8, 9999.0, 9999.0, 9999.0, 23.73, 9999.0, 22.25, 9999.0, 22.73, 22.5, 22.25, 22.25, 22.25
2026-08-23, 00:09:20, 22.39, 22.5, 22.82, 22.82, 9999.0, 9999.0, 9999.0, 23.68, 9999.0, 22.27, 9999.0, 22.73, 22.5, 22.25, 22.25, 22.27
2026-08-23, 00:09:24, 22.36, 22.5, 22.82, 22.8, 9999.0, 9999.0, 9999.0, 23.66, 9999.0, 22.3, 9999.0, 22.73, 22.5, 22.25, 22.25, 22.27
2026-08-23, 00:09:28, 22.39, 22.5, 22.82, 22.82, 9999.0, 9999.0, 9999.0, 23.64, 9999.0, 22.32, 9999.0, 22.73, 22.5, 22.25, 22.25, 22.3
2026-08-23, 00:09:32, 22.36, 22.5, 22.82, 22.84, 9999.0, 9999.0, 9999.0, 23.61, 9999.0, 22.34, 9999.0, 22.75, 22.5, 22.25, 22.25, 22.3
2026-08-23, 00:09:36, 22.34, 22.5, 22.84, 22.84, 9999.0, 9999.0, 9999.0, 23.66, 9999.0, 22.36, 9999.0, 22.77, 22.5, 22.25, 22.25, 22.3
2026-08-23, 00:09:40, 22.32, 22.5, 22.84, 22.86, 9999.0, 9999.0, 9999.0, 23.7, 9999.0, 22.39, 9999.0, 22.75, 22.5, 22.25, 22.25, 22.3
2026-08-23, 00:09:44, 22.32, 22.5, 22.82, 22.89, 9999.0, 9999.0, 9999.0, 23.77, 9999.0, 22.41, 9999.0, 22.75, 22.5, 22.25, 22.25, 22.3
2026-08-23, 00:09:48, 22.3, 22.5, 22.84, 22.89, 9999.0, 9999.0, 9999.0, 23.8, 9999.0, 22.43, 9999.0, 22.75, 22.5, 22.25, 22.25, 22.3
2026-08-23, 00:09:52, 22.3, 22.5, 22.82, 22.89, 9999.0, 9999.0, 9999.0, 23.82, 9999.0, 22.43, 9999.0, 22.75, 22.5, 22.25, 22.27, 22.3
2026-08-23, 00:09:56, 22.27, 22.5, 22.82, 22.89, 9999.0, 9999.0, 9999.0, 23.84, 9999.0, 22.45, 9999.0, 22.73, 22.5, 22.25, 22.3, 22.3
2026-08-23, 00:10:01, 22.27, 22.5, 22.82, 22.89, 9999.0, 9999.0, 9999.0, 23.89, 9999.0, 22.43, 9999.0, 22.7, 22.5, 22.25, 22.3, 22.3
2026-08-23, 00:10:05, 22.27, 22.5, 22.82, 22.89, 9999.0, 9999.0, 9999.0, 23.91, 9999.0, 22.41, 9999.0, 22.7, 22.5, 22.25, 22.3, 22.27
2026-08-23, 00:10:09, 22.27, 22.5, 22.8, 22.89, 9999.0, 9999.0, 9999.0, 23.95, 9999.0, 22.39, 9999.0, 22.7, 22.5, 22.25, 22.32, 22.27
2026-08-23, 00:10:13, 22.27, 22.5, 22.82, 22.86, 9999.0, 9999.0, 9999.0, 24.0, 9999.0, 22.36, 9999.0, 22.68, 22.5, 22.25, 22.32, 22.25
2026-08-23, 00:10:17, 22.27, 22.5, 22.82, 22.84, 9999.0, 9999.0, 9999.0, 24.02, 9999.0, 22.34, 9999.0, 22.68, 22.5, 22.25, 22.32, 22.25
2026-08-23, 00:10:21, 22.27, 22.5, 22.8, 22.82, 9999.0, 9999.0, 9999.0, 23.98, 9999.0, 22.32, 9999.0, 22.68, 22.5, 22.25, 22.32, 22.25
2026-08-23, 00:10:25, 22.27, 22.5, 22.8, 22.8, 9999.0, 9999.0, 9999.0, 23.93, 9999.0, 22.3, 9999.0, 22.7, 22.5, 22.25, 22.32, 22.27
2026-08-23, 00:10:29, 22.3, 22.5, 22.8, 22.77, 9999.0, 9999.0, 9999.0, 23.89, 9999.0, 22.27, 9999.0, 22.73, 22.5, 22.25, 22.32, 22.27
2026-08-23, 00:10:33, 22.3, 22.5, 22.8, 22.77, 9999.0, 9999.0, 9999.0, 23.86, 9999.0, 22.25, 9999.0, 22.75, 22.5, 22.25, 22.34, 22.3
2026-08-23, 00:10:37, 22.3, 22.5, 22.8, 22.8, 9999.0, 9999.0, 9999.0, 23.82, 9999.0, 22.27, 9999.0, 22.75, 22.5, 22.25, 22.32, 22.3
2026-08-23, 00:10:41, 22.3, 22.5, 22.8, 22.82, 9999.0, 9999.0, 9999.0, 23.77, 9999.0, 22.3, 9999.0, 22.77, 22.5, 22.25, 22.3, 22.3
2026-08-23, 00:10:45, 22.3, 22.5, 22.8, 22.84, 9999.0, 9999.0, 9999.0, 23.73, 9999.0, 22.32, 9999.0, 22.8, 22.52, 22.25, 22.3, 22.32
2026-08-23, 00:10:49, 22.3, 22.5, 22.8, 22.84, 9999.0, 9999.0, 9999.0, 23.7, 9999.0, 22.36, 9999.0, 22.8, 22.52, 22.25, 22.3, 22.32
2026-08-23, 00:10:53, 22.3, 22.5, 22.8, 22.86, 9999.0, 9999.0, 9999.0, 23.66, 9999.0, 22.41, 9999.0, 22.8, 22.52, 22.25, 22.27, 22.32
2026-08-23, 00:10:57, 22.27, 22.5, 22.77, 22.86, 9999.0, 9999.0, 9999.0, 23.68, 9999.0, 22.43, 9999.0, 22.82, 22.52, 22.25, 22.27, 22.32
2026-08-23, 00:11:01, 22.27, 22.5, 22.77, 22.89, 9999.0, 9999.0, 9999.0, 23.73, 9999.0, 22.45, 9999.0, 22.82, 22.52, 22.25, 22.27, 22.32
2026-08-23, 00:11:05, 22.3, 22.5, 22.8, 22.89, 9999.0, 9999.0, 9999.0, 23.77, 9999.0, 22.48, 9999.0, 22.82, 22.52, 22.25, 22.27, 22.32
2026-08-23, 00:11:09, 22.3, 22.5, 22.8, 22.89, 9999.0, 9999.0, 9999.0, 23.82, 9999.0, 22.5, 9999.0, 22.8, 22.52, 22.25, 22.27, 22.32
2026-08-23, 00:11:13, 22.27, 22.5, 22.8, 22.89, 9999.0, 9999.0, 9999.0, 23.84, 9999.0, 22.52, 9999.0, 22.77, 22.52, 22.25, 22.27, 22.32
2026-08-23, 00:11:17, 22.27, 22.5, 22.77, 22.91, 9999.0, 9999.0, 9999.0, 23.86, 9999.0, 22.55, 9999.0, 22.73, 22.52, 22.25, 22.25, 22.3
2026-08-23, 00:11:21, 22.3, 22.5, 22.77, 22.89, 9999.0, 9999.0, 9999.0, 23.91, 9999.0, 22.55, 9999.0, 22.73, 22.52, 22.25, 22.25, 22.3
2026-08-23, 00:11:25, 22.3, 22.5, 22.77, 22.86, 9999.0, 9999.0, 9999.0, 23.95, 9999.0, 22.55, 9999.0, 22.73, 22.52, 22.25, 22.25, 22.3
2026-08-23, 00:11:29, 22.3, 22.5, 22.77, 22.84, 9999.0, 9999.0, 9999.0, 23.98, 9999.0, 22.55, 9999.0, 22.7, 22.5, 22.25, 22.25, 22.27
2026-08-23, 00:11:33, 22.3, 22.5, 22.77, 22.84, 9999.0, 9999.0, 9999.0, 24.0, 9999.0, 22.5, 9999.0, 22.7, 22.5, 22.25, 22.27, 22.27
2026-08-23, 00:11:37, 22.3, 22.5, 22.77, 22.82, 9999.0, 9999.0, 9999.0, 24.02, 9999.0, 22.45, 9999.0, 22.7, 22.5, 22.25, 22.27, 22.27
2026-08-23, 00:11:41, 22.3, 22.5, 22.77, 22.82, 9999.0, 9999.0, 9999.0, 23.98, 9999.0, 22.43, 9999.0, 22.7, 22.5, 22.25, 22.27, 22.27
2026-08-23, 00:11:45, 22.3, 22.5, 22.77, 22.8, 9999.0, 9999.0, 9999.0, 23.93, 9999.0, 22.43, 9999.0, 22.73, 22.5, 22.25, 22.27, 22.27
2026-08-23, 00:11:49, 22.3, 22.5, 22.77, 22.8, 9999.0, 9999.0, 9999.0, 23.89, 9999.0, 22.43, 9999.0, 22.73, 22.5, 22.25, 22.27, 22.27
2026-08-23, 00:11:53, 22.32, 22.5, 22.77, 22.8, 9999.0, 9999.0, 9999.0, 23.84, 9999.0, 22.43, 9999.0, 22.75, 22.5, 22.25, 22.27, 22.25
2026-08-23, 00:11:57, 22.34, 22.5, 22.77, 22.8, 9999.0, 9999.0, 9999.0, 23.82, 9999.0, 22.43, 9999.0, 22.75, 22.5, 22.25, 22.27, 22.25
2026-08-23, 00:12:01, 22.36, 22.5, 22.77, 22.77, 9999.0, 9999.0, 9999.0, 23.77, 9999.0, 22.45, 9999.0, 22.77, 22.5, 22.25, 22.27, 22.25
2026-08-23, 00:12:05, 22.36, 22.5, 22.77, 22.77, 9999.0, 9999.0, 9999.0, 23.73, 9999.0, 22.48, 9999.0, 22.77, 22.5, 22.25, 22.27, 22.25
2026-08-23, 00:12:09, 22.36, 22.5, 22.77, 22.77, 9999.0, 9999.0, 9999.0, 23.68, 9999.0, 22.5, 9999.0, 22.77, 22.5, 22.25, 22.27, 22.25
2026-08-23, 00:12:13, 22.39, 22.5, 22.77, 22.77, 9999.0, 9999.0, 9999.0, 23.73, 9999.0, 22.52, 9999.0, 22.8, 22.5, 22.25, 22.27, 22.25
2026-08-23, 00:12:17, 22.39, 22.5, 22.77, 22.75, 9999.0, 9999.0, 9999.0, 23.77, 9999.0, 22.57, 9999.0, 22.8, 22.5, 22.25, 22.25, 22.25
2026-08-23, 00:12:21, 22.39, 22.5, 22.77, 22.75, 9999.0, 9999.0, 9999.0, 23.82, 9999.0, 22.59, 9999.0, 22.8, 22.5, 22.25, 22.27, 22.27
2026-08-23, 00:12:25, 22.39, 22.5, 22.77, 22.75, 9999.0, 9999.0, 9999.0, 23.84, 9999.0, 22.64, 9999.0, 22.8, 22.5, 22.25, 22.27, 22.27
2026-08-23, 00:12:29, 22.41, 22.5, 22.8, 22.75, 9999.0, 9999.0, 9999.0, 23.86, 9999.0, 22.64, 9999.0, 22.77, 22.5, 22.25, 22.27, 22.27
2026-08-23, 00:12:33, 22.39, 22.5, 22.77, 22.75, 9999.0, 9999.0, 9999.0, 23.89, 9999.0, 22.64, 9999.0, 22.75, 22.5, 22.25, 22.27, 22.27
2026-08-23, 00:12:37, 22.36, 22.5, 22.8, 22.75, 9999.0, 9999.0, 9999.0, 23.91, 9999.0, 22.64, 9999.0, 22.7, 22.5, 22.25, 22.27, 22.27
2026-08-23, 00:12:41, 22.36, 22.5, 22.8, 22.75, 9999.0, 9999.0, 9999.0, 23.93, 9999.0, 22.64, 9999.0, 22.68, 22.5, 22.25, 22.27, 22.27
2026-08-23, 00:12:45, 22.34, 22.5, 22.8, 22.77, 9999.0, 9999.0, 9999.0, 23.98, 9999.0, 22.61, 9999.0, 22.68, 22.5, 22.25, 22.27, 22.27
2026-08-23, 00:12:49, 22.32, 22.5, 22.8, 22.77, 9999.0, 9999.0, 9999.0, 24.02, 9999.0, 22.59, 9999.0, 22.66, 22.5, 22.25, 22.27, 22.27
2026-08-23, 00:12:53, 22.32, 22.5, 22.8, 22.77, 9999.0, 9999.0, 9999.0, 24.07, 9999.0, 22.57, 9999.0, 22.66, 22.5, 22.25, 22.27, 22.27
2026-08-23, 00:12:57, 22.32, 22.5, 22.8, 22.77, 9999.0, 9999.0, 9999.0, 24.02, 9999.0, 22.55, 9999.0, 22.66, 22.5, 22.25, 22.27, 22.27
2026-08-23, 00:13:01, 22.34, 22.5, 22.8, 22.77, 9999.0, 9999.0, 9999.0, 23.98, 9999.0, 22.52, 9999.0, 22.68, 22.5, 22.25, 22.3, 22.27
2026-08-23, 00:13:05, 22.34, 22.5, 22.82, 22.8, 9999.0, 9999.0, 9999.0, 23.93, 9999.0, 22.52, 9999.0, 22.7, 22.5, 22.25, 22.27, 22.25
2026-08-23, 00:13:09, 22.34, 22.5, 22.82, 22.8, 9999.0, 9999.0, 9999.0, 23.91, 9999.0, 22.5, 9999.0, 22.7, 22.5, 22.25, 22.3, 22.25
2026-08-23, 00:13:13, 22.32, 22.5, 22.82, 22.8, 9999.0, 9999.0, 9999.0, 23.89, 9999.0, 22.52, 9999.0, 22.7, 22.5, 22.25, 22.3, 22.25
2026-08-23, 00:13:17, 22.32, 22.5, 22.82, 22.8, 9999.0, 9999.0, 9999.0, 23.86, 9999.0, 22.55, 9999.0, 22.73, 22.5, 22.25, 22.3, 22.25
2026-08-23, 00:13:21, 22.32, 22.5, 22.8, 22.8, 9999.0, 9999.0, 9999.0, 23.82, 9999.0, 22.57, 9999.0, 22.75, 22.5, 22.25, 22.3, 22.25
2026-08-23, 00:13:25, 22.3, 22.5, 22.8, 22.8, 9999.0, 9999.0, 9999.0, 23.77, 9999.0, 22.59, 9999.0, 22.77, 22.5, 22.25, 22.3, 22.25
2026-08-23, 00:13:29, 22.3, 22.5, 22.8, 22.77, 9999.0, 9999.0, 9999.0, 23.75, 9999.0, 22.61, 9999.0, 22.77, 22.5, 22.25, 22.3, 22.25
2026-08-23, 00:13:33, 22.3, 22.5, 22.8, 22.77, 9999.0, 9999.0, 9999.0, 23.8, 9999.0, 22.64, 9999.0, 22.8, 22.5, 22.25, 22.3, 22.25
2026-08-23, 00:13:37, 22.3, 22.5, 22.8, 22.77, 9999.0, 9999.0, 9999.0, 23.82, 9999.0, 22.66, 9999.0, 22.8, 22.5, 22.25, 22.3, 22.25
2026-08-23, 00:13:41, 22.3, 22.5, 22.8, 22.77, 9999.0, 9999.0, 9999.0, 23.86, 9999.0, 22.68, 9999.0, 22.8, 22.5, 22.25, 22.32, 22.25
2026-08-23, 00:13:45, 22.3, 22.5, 22.8, 22.77, 9999.0, 9999.0, 9999.0, 23.91, 9999.0, 22.7, 9999.0, 22.77, 22.5, 22.25, 22.3, 22.25
2026-08-23, 00:13:49, 22.3, 22.5, 22.77, 22.75, 9999.0, 9999.0, 9999.0, 23.93, 9999.0, 22.7, 9999.0, 22.75, 22.5, 22.25, 22.3, 22.25
2026-08-23, 00:13:54, 22.32, 22.5, 22.77, 22.75, 9999.0, 9999.0, 9999.0, 23.98, 9999.0, 22.7, 9999.0, 22.75, 22.5, 22.25, 22.27, 22.25
2026-08-23, 00:13:58, 22.32, 22.5, 22.77, 22.75, 9999.0, 9999.0, 9999.0, 24.0, 9999.0, 22.68, 9999.0, 22.75, 22.5, 22.25, 22.27, 22.25
2026-08-23, 00:14:02, 22.32, 22.5, 22.8, 22.75, 9999.0, 9999.0, 9999.0, 24.02, 9999.0, 22.66, 9999.0, 22.73, 22.5, 22.25, 22.27, 22.25
2026-08-23, 00:14:06, 22.32, 22.5, 22.8, 22.75, 9999.0, 9999.0, 9999.0, 24.09, 9999.0, 22.64, 9999.0, 22.73, 22.5, 22.25, 22.27, 22.25
2026-08-23, 00:14:10, 22.32, 22.5, 22.8, 22.75, 9999.0, 9999.0, 9999.0, 24.14, 9999.0, 22.61, 9999.0, 22.73, 22.5, 22.25, 22.27, 22.25
2026-08-23, 00:14:14, 22.32, 22.5, 22.8, 22.75, 9999.0, 9999.0, 9999.0, 24.16, 9999.0, 22.59, 9999.0, 22.73, 22.5, 22.25, 22.27, 22.25
2026-08-23, 00:14:18, 22.32, 22.5, 22.8, 22.75, 9999.0, 9999.0, 9999.0, 24.11, 9999.0, 22.57, 9999.0, 22.73, 22.5, 22.25, 22.27, 22.25
2026-08-23, 00:14:22, 22.32, 22.5, 22.8, 22.75, 9999.0, 9999.0, 9999.0, 24.07, 9999.0, 22.55, 9999.0, 22.73, 22.5, 22.25, 22.27, 22.25
2026-08-23, 00:14:26, 22.3, 22.5, 22.8, 22.75, 9999.0, 9999.0, 9999.0, 24.02, 9999.0, 22.55, 9999.0, 22.73, 22.5, 22.25, 22.25, 22.25
2026-08-23, 00:14:30, 22.3, 22.5, 22.8, 22.75, 9999.0, 9999.0, 9999.0, 23.98, 9999.0, 22.55, 9999.0, 22.73, 22.5, 22.25, 22.25, 22.25
2026-08-23, 00:14:34, 22.32, 22.5, 22.8, 22.75, 9999.0, 9999.0, 9999.0, 23.95, 9999.0, 22.57, 9999.0, 22.73, 22.5, 22.25, 22.25, 22.25
2026-08-23, 00:14:38, 22.3, 22.5, 22.82, 22.77, 9999.0, 9999.0, 9999.0, 23.91, 9999.0, 22.59, 9999.0, 22.73, 22.52, 22.25, 22.25, 22.25
2026-08-23, 00:14:42, 22.32, 22.5, 22.8, 22.77, 9999.0, 9999.0, 9999.0, 23.89, 9999.0, 22.64, 9999.0, 22.73, 22.52, 22.25, 22.25, 22.25
2026-08-23, 00:14:46, 22.32, 22.5, 22.77, 22.8, 9999.0, 9999.0, 9999.0, 23.84, 9999.0, 22.66, 9999.0, 22.75, 22.52, 22.25, 22.25, 22.25
2026-08-23, 00:14:50, 22.34, 22.5, 22.77, 22.8, 9999.0, 9999.0, 9999.0, 23.86, 9999.0, 22.68, 9999.0, 22.75, 22.52, 22.25, 22.25, 22.25
2026-08-23, 00:14:54, 22.34, 22.5, 22.77, 22.8, 9999.0, 9999.0, 9999.0, 23.89, 9999.0, 22.7, 9999.0, 22.75, 22.55, 22.25, 22.25, 22.25
2026-08-23, 00:14:58, 22.34, 22.5, 22.77, 22.8, 9999.0, 9999.0, 9999.0, 23.93, 9999.0, 22.73, 9999.0, 22.75, 22.55, 22.25, 22.25, 22.25
2026-08-23, 00:15:02, 22.34, 22.5, 22.77, 22.8, 9999.0, 9999.0, 9999.0, 23.95, 9999.0, 22.75, 9999.0, 22.75, 22.55, 22.25, 22.25, 22.25
2026-08-23, 00:15:06, 22.34, 22.5, 22.77, 22.8, 9999.0, 9999.0, 9999.0, 24.0, 9999.0, 22.77, 9999.0, 22.75, 22.55, 22.25, 22.25, 22.25
2026-08-23, 00:15:10, 22.34, 22.5, 22.77, 22.8, 9999.0, 9999.0, 9999.0, 24.05, 9999.0, 22.77, 9999.0, 22.75, 22.55, 22.25, 22.25, 22.25
2026-08-23, 00:15:14, 22.32, 22.5, 22.77, 22.8, 9999.0, 9999.0, 9999.0, 24.07, 9999.0, 22.77, 9999.0, 22.73, 22.55, 22.25, 22.25, 22.25
2026-08-23, 00:15:18, 22.3, 22.5, 22.77, 22.8, 9999.0, 9999.0, 9999.0, 24.09, 9999.0, 22.77, 9999.0, 22.73, 22.55, 22.25, 22.25, 22.25
2026-08-23, 00:15:22, 22.3, 22.5, 22.75, 22.77, 9999.0, 9999.0, 9999.0, 24.14, 9999.0, 22.77, 9999.0, 22.7, 22.52, 22.25, 22.25, 22.25
2026-08-23, 00:15:26, 22.27, 22.5, 22.75, 22.77, 9999.0, 9999.0, 9999.0, 24.16, 9999.0, 22.75, 9999.0, 22.7, 22.52, 22.25, 22.25, 22.25
2026-08-23, 00:15:30, 22.27, 22.5, 22.75, 22.75, 9999.0, 9999.0, 9999.0, 24.2, 9999.0, 22.75, 9999.0, 22.7, 22.5, 22.25, 22.25, 22.25
2026-08-23, 00:15:34, 22.25, 22.5, 22.75, 22.75, 9999.0, 9999.0, 9999.0, 24.16, 9999.0, 22.75, 9999.0, 22.7, 22.5, 22.25, 22.27, 22.25
2026-08-23, 00:15:38, 22.25, 22.5, 22.75, 22.75, 9999.0, 9999.0, 9999.0, 24.14, 9999.0, 22.73, 9999.0, 22.73, 22.48, 22.25, 22.27, 22.27
2026-08-23, 00:15:42, 22.25, 22.5, 22.75, 22.75, 9999.0, 9999.0, 9999.0, 24.09, 9999.0, 22.7, 9999.0, 22.73, 22.48, 22.25, 22.27, 22.27
2026-08-23, 00:15:46, 22.25, 22.5, 22.75, 22.75, 9999.0, 9999.0, 9999.0, 24.07, 9999.0, 22.68, 9999.0, 22.73, 22.48, 22.25, 22.3, 22.27
2026-08-23, 00:15:50, 22.27, 22.5, 22.75, 22.75, 9999.0, 9999.0, 9999.0, 24.02, 9999.0, 22.68, 9999.0, 22.73, 22.48, 22.25, 22.3, 22.27
2026-08-23, 00:15:54, 22.27, 22.5, 22.75, 22.75, 9999.0, 9999.0, 9999.0, 23.98, 9999.0, 22.68, 9999.0, 22.73, 22.48, 22.25, 22.32, 22.27
2026-08-23, 00:15:58, 22.27, 22.5, 22.75, 22.75, 9999.0, 9999.0, 9999.0, 23.95, 9999.0, 22.68, 9999.0, 22.75, 22.48, 22.25, 22.32, 22.27
2026-08-23, 00:16:02, 22.3, 22.5, 22.75, 22.75, 9999.0, 9999.0, 9999.0, 23.93, 9999.0, 22.68, 9999.0, 22.75, 22.48, 22.25, 22.32, 22.27
2026-08-23, 00:16:06, 22.3, 22.5, 22.75, 22.75, 9999.0, 9999.0, 9999.0, 23.86, 9999.0, 22.68, 9999.0, 22.77, 22.48, 22.25, 22.32, 22.27
2026-08-23, 00:16:10, 22.3, 22.5, 22.75, 22.75, 9999.0, 9999.0, 9999.0, 23.91, 9999.0, 22.68, 9999.0, 22.77, 22.48, 22.25, 22.32, 22.27
2026-08-23, 00:16:14, 22.3, 22.5, 22.75, 22.75, 9999.0, 9999.0, 9999.0, 23.95, 9999.0, 22.68, 9999.0, 22.77, 22.5, 22.25, 22.32, 22.27
2026-08-23, 00:16:18, 22.3, 22.5, 22.75, 22.75, 9999.0, 9999.0, 9999.0, 23.98, 9999.0, 22.68, 9999.0, 22.77, 22.5, 22.25, 22.3, 22.27
2026-08-23, 00:16:22, 22.3, 22.5, 22.75, 22.75, 9999.0, 9999.0, 9999.0, 24.0, 9999.0, 22.7, 9999.0, 22.73, 22.5, 22.25, 22.3, 22.25
2026-08-23, 00:16:26, 22.3, 22.5, 22.75, 22.75, 9999.0, 9999.0, 9999.0, 24.02, 9999.0, 22.73, 9999.0, 22.73, 22.5, 22.25, 22.3, 22.25
2026-08-23, 00:16:30, 22.32, 22.5, 22.75, 22.75, 9999.0, 9999.0, 9999.0, 24.05, 9999.0, 22.75, 9999.0, 22.73, 22.5, 22.25, 22.27, 22.25
2026-08-23, 00:16:34, 22.3, 22.5, 22.75, 22.75, 9999.0, 9999.0, 9999.0, 24.07, 9999.0, 22.75, 9999.0, 22.73, 22.5, 22.25, 22.27, 22.25
2026-08-23, 00:16:38, 22.3, 22.5, 22.75, 22.75, 9999.0, 9999.0, 9999.0, 24.09, 9999.0, 22.75, 9999.0, 22.7, 22.5, 22.25, 22.25, 22.25
2026-08-23, 00:16:42, 22.3, 22.5, 22.75, 22.75, 9999.0, 9999.0, 9999.0, 24.11, 9999.0, 22.75, 9999.0, 22.68, 22.5, 22.25, 22.25, 22.25
2026-08-23, 00:16:46, 22.27, 22.5, 22.75, 22.75, 9999.0, 9999.0, 9999.0, 24.14, 9999.0, 22.75, 9999.0, 22.68, 22.5, 22.25, 22.25, 22.25
2026-08-23, 00:16:50, 22.27, 22.5, 22.75, 22.75, 9999.0, 9999.0, 9999.0, 24.18, 9999.0, 22.75, 9999.0, 22.68, 22.48, 22.25, 22.25, 22.25
2026-08-23, 00:16:54, 22.27, 22.5, 22.75, 22.75, 9999.0, 9999.0, 9999.0, 24.14, 9999.0, 22.75, 9999.0, 22.68, 22.48, 22.25, 22.25, 22.25
2026-08-23, 00:16:58, 22.27, 22.5, 22.75, 22.75, 9999.0, 9999.0, 9999.0, 24.09, 9999.0, 22.75, 9999.0, 22.7, 22.48, 22.25, 22.25, 22.25
2026-08-23, 00:17:02, 22.27, 22.5, 22.75, 22.75, 9999.0, 9999.0, 9999.0, 24.05, 9999.0, 22.75, 9999.0, 22.7, 22.48, 22.25, 22.25, 22.25
2026-08-23, 00:17:06, 22.27, 22.5, 22.75, 22.75, 9999.0, 9999.0, 9999.0, 24.0, 9999.0, 22.75, 9999.0, 22.73, 22.48, 22.25, 22.25, 22.25
2026-08-23, 00:17:10, 22.3, 22.5, 22.77, 22.75, 9999.0, 9999.0, 9999.0, 23.95, 9999.0, 22.75, 9999.0, 22.73, 22.48, 22.25, 22.25, 22.25
2026-08-23, 00:17:14, 22.3, 22.5, 22.77, 22.75, 9999.0, 9999.0, 9999.0, 23.91, 9999.0, 22.75, 9999.0, 22.73, 22.48, 22.25, 22.25, 22.25
2026-08-23, 00:17:18, 22.3, 22.5, 22.77, 22.75, 9999.0, 9999.0, 9999.0, 23.86, 9999.0, 22.77, 9999.0, 22.73, 22.48, 22.25, 22.25, 22.25
2026-08-23, 00:17:22, 22.3, 22.5, 22.77, 22.75, 9999.0, 9999.0, 9999.0, 23.82, 9999.0, 22.8, 9999.0, 22.75, 22.48, 22.25, 22.25, 22.25
2026-08-23, 00:17:26, 22.3, 22.5, 22.77, 22.75, 9999.0, 9999.0, 9999.0, 23.86, 9999.0, 22.82, 9999.0, 22.77, 22.48, 22.25, 22.25, 22.25
2026-08-23, 00:17:30, 22.3, 22.5, 22.77, 22.75, 9999.0, 9999.0, 9999.0, 23.89, 9999.0, 22.82, 9999.0, 22.77, 22.48, 22.25, 22.25, 22.25
2026-08-23, 00:17:34, 22.32, 22.5, 22.77, 22.75, 9999.0, 9999.0, 9999.0, 23.91, 9999.0, 22.82, 9999.0, 22.75, 22.5, 22.25, 22.25, 22.25
2026-08-23, 00:17:38, 22.32, 22.5, 22.77, 22.75, 9999.0, 9999.0, 9999.0, 23.93, 9999.0, 22.82, 9999.0, 22.75, 22.5, 22.25, 22.25, 22.25
2026-08-23, 00:17:43, 22.32, 22.5, 22.77, 22.75, 9999.0, 9999.0, 9999.0, 23.95, 9999.0, 22.82, 9999.0, 22.73, 22.5, 22.25, 22.25, 22.25
2026-08-23, 00:17:47, 22.32, 22.5, 22.77, 22.75, 9999.0, 9999.0, 9999.0, 24.0, 9999.0, 22.82, 9999.0, 22.73, 22.5, 22.25, 22.25, 22.25
2026-08-23, 00:17:51, 22.32, 22.5, 22.77, 22.75, 9999.0, 9999.0, 9999.0, 24.05, 9999.0, 22.82, 9999.0, 22.73, 22.5, 22.25, 22.25, 22.25
2026-08-23, 00:17:55, 22.32, 22.5, 22.75, 22.75, 9999.0, 9999.0, 9999.0, 24.07, 9999.0, 22.82, 9999.0, 22.73, 22.5, 22.25, 22.25, 22.25
2026-08-23, 00:17:59, 22.3, 22.5, 22.75, 22.75, 9999.0, 9999.0, 9999.0, 24.11, 9999.0, 22.82, 9999.0, 22.7, 22.5, 22.25, 22.25, 22.25
2026-08-23, 00:18:03, 22.32, 22.5, 22.75, 22.75, 9999.0, 9999.0, 9999.0, 24.16, 9999.0, 22.77, 9999.0, 22.7, 22.5, 22.25, 22.25, 22.25
2026-08-23, 00:18:07, 22.32, 22.5, 22.75, 22.75, 9999.0, 9999.0, 9999.0, 24.2, 9999.0, 22.75, 9999.0, 22.7, 22.48, 22.25, 22.25, 22.25
2026-08-23, 00:18:11, 22.32, 22.5, 22.75, 22.75, 9999.0, 9999.0, 9999.0, 24.16, 9999.0, 22.7, 9999.0, 22.7, 22.48, 22.25, 22.25, 22.25
2026-08-23, 00:18:15, 22.32, 22.5, 22.75, 22.75, 9999.0, 9999.0, 9999.0, 24.14, 9999.0, 22.68, 9999.0, 22.7, 22.48, 22.25, 22.25, 22.25
2026-08-23, 00:18:19, 22.3, 22.5, 22.75, 22.75, 9999.0, 9999.0, 9999.0, 24.11, 9999.0, 22.66, 9999.0, 22.73, 22.48, 22.25, 22.25, 22.25
2026-08-23, 00:18:23, 22.3, 22.5, 22.75, 22.75, 9999.0, 9999.0, 9999.0, 24.09, 9999.0, 22.66, 9999.0, 22.73, 22.48, 22.25, 22.25, 22.25
2026-08-23, 00:18:27, 22.3, 22.5, 22.75, 22.75, 9999.0, 9999.0, 9999.0, 24.05, 9999.0, 22.66, 9999.0, 22.73, 22.48, 22.25, 22.25, 22.25
2026-08-23, 00:18:31, 22.3, 22.5, 22.75, 22.75, 9999.0, 9999.0, 9999.0, 24.0, 9999.0, 22.66, 9999.0, 22.73, 22.48, 22.25, 22.25, 22.25
2026-08-23, 00:18:35, 22.3, 22.5, 22.75, 22.75, 9999.0, 9999.0, 9999.0, 23.95, 9999.0, 22.66, 9999.0, 22.73, 22.48, 22.25, 22.25, 22.25
2026-08-23, 00:18:39, 22.3, 22.5, 22.75, 22.75, 9999.0, 9999.0, 9999.0, 23.93, 9999.0, 22.66, 9999.0, 22.73, 22.48, 22.25, 22.25, 22.25
2026-08-23, 00:18:43, 22.3, 22.5, 22.75, 22.75, 9999.0, 9999.0, 9999.0, 23.95, 9999.0, 22.66, 9999.0, 22.75, 22.48, 22.25, 22.27, 22.25
2026-08-23, 00:18:47, 22.27, 22.5, 22.75, 22.75, 9999.0, 9999.0, 9999.0, 24.0, 9999.0, 22.68, 9999.0, 22.75, 22.48, 22.25, 22.27, 22.25
2026-08-23, 00:18:51, 22.27, 22.5, 22.75, 22.75, 9999.0, 9999.0, 9999.0, 24.02, 9999.0, 22.68, 9999.0, 22.73, 22.5, 22.25, 22.27, 22.25
2026-08-23, 00:18:55, 22.27, 22.5, 22.75, 22.75, 9999.0, 9999.0, 9999.0, 24.05, 9999.0, 22.7, 9999.0, 22.7, 22.5, 22.25, 22.27, 22.25
2026-08-23, 00:18:59, 22.27, 22.5, 22.75, 22.75, 9999.0, 9999.0, 9999.0, 24.07, 9999.0, 22.7, 9999.0, 22.68, 22.5, 22.25, 22.27, 22.25
2026-08-23, 00:19:03, 22.27, 22.5, 22.75, 22.75, 9999.0, 9999.0, 9999.0, 24.07, 9999.0, 22.73, 9999.0, 22.68, 22.5, 22.25, 22.27, 22.25
2026-08-23, 00:19:07, 22.27, 22.5, 22.75, 22.75, 9999.0, 9999.0, 9999.0, 24.07, 9999.0, 22.73, 9999.0, 22.66, 22.5, 22.25, 22.27, 22.25
2026-08-23, 00:19:11, 22.27, 22.5, 22.75, 22.75, 9999.0, 9999.0, 9999.0, 24.09, 9999.0, 22.73, 9999.0, 22.64, 22.5, 22.25, 22.27, 22.25
2026-08-23, 00:19:15, 22.27, 22.5, 22.75, 22.75, 9999.0, 9999.0, 9999.0, 24.11, 9999.0, 22.73, 9999.0, 22.61, 22.5, 22.25, 22.27, 22.25
2026-08-23, 00:19:19, 22.3, 22.5, 22.75, 22.75, 9999.0, 9999.0, 9999.0, 24.14, 9999.0, 22.7, 9999.0, 22.59, 22.5, 22.25, 22.27, 22.25
2026-08-23, 00:19:23, 22.27, 22.5, 22.75, 22.75, 9999.0, 9999.0, 9999.0, 24.16, 9999.0, 22.68, 9999.0, 22.59, 22.5, 22.25, 22.27, 22.25
2026-08-23, 00:19:27, 22.27, 22.5, 22.75, 22.75, 9999.0, 9999.0, 9999.0, 24.11, 9999.0, 22.66, 9999.0, 22.59, 22.5, 22.25, 22.25, 22.25
2026-08-23, 00:19:31, 22.27, 22.5, 22.75, 22.75, 9999.0, 9999.0, 9999.0, 24.07, 9999.0, 22.64, 9999.0, 22.61, 22.5, 22.25, 22.25, 22.25
2026-08-23, 00:19:35, 22.27, 22.5, 22.75, 22.75, 9999.0, 9999.0, 9999.0, 24.02, 9999.0, 22.61, 9999.0, 22.64, 22.5, 22.25, 22.25, 22.25
2026-08-23, 00:19:39, 22.27, 22.5, 22.75, 22.75, 9999.0, 9999.0, 9999.0, 24.0, 9999.0, 22.59, 9999.0, 22.66, 22.5, 22.25, 22.25, 22.25
2026-08-23, 00:19:43, 22.3, 22.5, 22.75, 22.75, 9999.0, 9999.0, 9999.0, 23.95, 9999.0, 22.61, 9999.0, 22.68, 22.5, 22.25, 22.25, 22.25
2026-08-23, 00:19:47, 22.32, 22.5, 22.75, 22.75, 9999.0, 9999.0, 9999.0, 23.93, 9999.0, 22.61, 9999.0, 22.68, 22.5, 22.25, 22.25, 22.25
2026-08-23, 00:19:51, 22.32, 22.5, 22.75, 22.75, 9999.0, 9999.0, 9999.0, 23.91, 9999.0, 22.61, 9999.0, 22.7, 22.5, 22.25, 22.25, 22.25
2026-08-23, 00:19:55, 22.32, 22.5, 22.75, 22.75, 9999.0, 9999.0, 9999.0, 23.89, 9999.0, 22.61, 9999.0, 22.73, 22.5, 22.25, 22.25, 22.25
2026-08-23, 00:19:59, 22.32, 22.5, 22.75, 22.75, 9999.0, 9999.0, 9999.0, 23.86, 9999.0, 22.61, 9999.0, 22.75, 22.5, 22.25, 22.25, 22.25
2026-08-23, 00:20:03, 22.3, 22.5, 22.75, 22.75, 9999.0, 9999.0, 9999.0, 23.91, 9999.0, 22.64, 9999.0, 22.77, 22.5, 22.25, 22.25, 22.25
2026-08-23, 00:20:07, 22.32, 22.5, 22.75, 22.75, 9999.0, 9999.0, 9999.0, 23.93, 9999.0, 22.66, 9999.0, 22.77, 22.5, 22.25, 22.25, 22.25
2026-08-23, 00:20:11, 22.32, 22.5, 22.75, 22.75, 9999.0, 9999.0, 9999.0, 23.98, 9999.0, 22.68, 9999.0, 22.77, 22.5, 22.25, 22.25, 22.25
2026-08-23, 00:20:15, 22.32, 22.5, 22.75, 22.75, 9999.0, 9999.0, 9999.0, 24.0, 9999.0, 22.7, 9999.0, 22.75, 22.5, 22.25, 22.25, 22.25
2026-08-23, 00:20:19, 22.32, 22.5, 22.75, 22.75, 9999.0, 9999.0, 9999.0, 24.05, 9999.0, 22.73, 9999.0, 22.75, 22.5, 22.25, 22.25, 22.25
2026-08-23, 00:20:23, 22.34, 22.5, 22.75, 22.75, 9999.0, 9999.0, 9999.0, 24.05, 9999.0, 22.75, 9999.0, 22.73, 22.5, 22.25, 22.25, 22.25
2026-08-23, 00:20:27, 22.32, 22.5, 22.75, 22.75, 9999.0, 9999.0, 9999.0, 24.07, 9999.0, 22.73, 9999.0, 22.7, 22.5, 22.25, 22.25, 22.25
2026-08-23, 00:20:31, 22.32, 22.5, 22.75, 22.75, 9999.0, 9999.0, 9999.0, 24.09, 9999.0, 22.7, 9999.0, 22.68, 22.5, 22.25, 22.25, 22.25
2026-08-23, 00:20:35, 22.34, 22.5, 22.75, 22.75, 9999.0, 9999.0, 9999.0, 24.11, 9999.0, 22.68, 9999.0, 22.66, 22.5, 22.25, 22.25, 22.25
2026-08-23, 00:20:39, 22.34, 22.5, 22.75, 22.75, 9999.0, 9999.0, 9999.0, 24.14, 9999.0, 22.66, 9999.0, 22.66, 22.5, 22.25, 22.25, 22.25
2026-08-23, 00:20:43, 22.34, 22.5, 22.75, 22.75, 9999.0, 9999.0, 9999.0, 24.16, 9999.0, 22.64, 9999.0, 22.66, 22.5, 22.25, 22.25, 22.25
2026-08-23, 00:20:47, 22.34, 22.5, 22.75, 22.75, 9999.0, 9999.0, 9999.0, 24.11, 9999.0, 22.61, 9999.0, 22.66, 22.5, 22.25, 22.25, 22.25
2026-08-23, 00:20:51, 22.32, 22.5, 22.75, 22.75, 9999.0, 9999.0, 9999.0, 24.07, 9999.0, 22.59, 9999.0, 22.68, 22.5, 22.25, 22.25, 22.25
2026-08-23, 00:20:55, 22.32, 22.5, 22.75, 22.75, 9999.0, 9999.0, 9999.0, 24.0, 9999.0, 22.57, 9999.0, 22.68, 22.5, 22.25, 22.25, 22.25
2026-08-23, 00:20:59, 22.32, 22.5, 22.75, 22.75, 9999.0, 9999.0, 9999.0, 23.95, 9999.0, 22.55, 9999.0, 22.68, 22.5, 22.25, 22.25, 22.25
2026-08-23, 00:21:03, 22.32, 22.5, 22.75, 22.75, 9999.0, 9999.0, 9999.0, 23.91, 9999.0, 22.52, 9999.0, 22.68, 22.5, 22.25, 22.25, 22.25
2026-08-23, 00:21:07, 22.3, 22.5, 22.75, 22.75, 9999.0, 9999.0, 9999.0, 23.89, 9999.0, 22.52, 9999.0, 22.7, 22.5, 22.25, 22.25, 22.25
2026-08-23, 00:21:11, 22.3, 22.5, 22.75, 22.75, 9999.0, 9999.0, 9999.0, 23.84, 9999.0, 22.55, 9999.0, 22.73, 22.5, 22.25, 22.25, 22.25
2026-08-23, 00:21:15, 22.3, 22.5, 22.75, 22.75, 9999.0, 9999.0, 9999.0, 23.8, 9999.0, 22.57, 9999.0, 22.75, 22.5, 22.25, 22.25, 22.25
2026-08-23, 00:21:20, 22.27, 22.5, 22.75, 22.75, 9999.0, 9999.0, 9999.0, 23.82, 9999.0, 22.59, 9999.0, 22.77, 22.5, 22.25, 22.25, 22.25
2026-08-23, 00:21:24, 22.27, 22.5, 22.75, 22.75, 9999.0, 9999.0, 9999.0, 23.84, 9999.0, 22.61, 9999.0, 22.77, 22.5, 22.25, 22.25, 22.25
2026-08-23, 00:21:28, 22.27, 22.5, 22.75, 22.75, 9999.0, 9999.0, 9999.0, 23.86, 9999.0, 22.64, 9999.0, 22.77, 22.5, 22.25, 22.25, 22.25
2026-08-23, 00:21:32, 22.3, 22.5, 22.75, 22.75, 9999.0, 9999.0, 9999.0, 23.86, 9999.0, 22.66, 9999.0, 22.75, 22.5, 22.25, 22.25, 22.25
2026-08-23, 00:21:36, 22.3, 22.5, 22.75, 22.75, 9999.0, 9999.0, 9999.0, 23.89, 9999.0, 22.68, 9999.0, 22.7, 22.5, 22.25, 22.25, 22.25
2026-08-23, 00:21:40, 22.3, 22.5, 22.75, 22.75, 9999.0, 9999.0, 9999.0, 23.91, 9999.0, 22.68, 9999.0, 22.68, 22.5, 22.25, 22.25, 22.25
2026-08-23, 00:21:44, 22.3, 22.5, 22.75, 22.75, 9999.0, 9999.0, 9999.0, 23.93, 9999.0, 22.68, 9999.0, 22.68, 22.5, 22.25, 22.25, 22.25
2026-08-23, 00:21:48, 22.3, 22.5, 22.75, 22.75, 9999.0, 9999.0, 9999.0, 23.95, 9999.0, 22.68, 9999.0, 22.66, 22.5, 22.25, 22.25, 22.25
2026-08-23, 00:21:52, 22.32, 22.5, 22.75, 22.75, 9999.0, 9999.0, 9999.0, 23.98, 9999.0, 22.66, 9999.0, 22.64, 22.5, 22.25, 22.25, 22.25
2026-08-23, 00:21:56, 22.32, 22.5, 22.75, 22.75, 9999.0, 9999.0, 9999.0, 24.02, 9999.0, 22.64, 9999.0, 22.61, 22.5, 22.25, 22.25, 22.25
2026-08-23, 00:22:00, 22.3, 22.5, 22.75, 22.75, 9999.0, 9999.0, 9999.0, 24.07, 9999.0, 22.61, 9999.0, 22.61, 22.5, 22.25, 22.25, 22.25
2026-08-23, 00:22:04, 22.3, 22.5, 22.75, 22.75, 9999.0, 9999.0, 9999.0, 24.02, 9999.0, 22.59, 9999.0, 22.61, 22.5, 22.25, 22.25, 22.25
2026-08-23, 00:22:08, 22.3, 22.48, 22.75, 22.75, 9999.0, 9999.0, 9999.0, 23.98, 9999.0, 22.57, 9999.0, 22.61, 22.5, 22.25, 22.25, 22.25
2026-08-23, 00:22:12, 22.32, 22.48, 22.75, 22.75, 9999.0, 9999.0, 9999.0, 23.93, 9999.0, 22.55, 9999.0, 22.64, 22.5, 22.25, 22.25, 22.25
2026-08-23, 00:22:16, 22.32, 22.48, 22.75, 22.75, 9999.0, 9999.0, 9999.0, 23.91, 9999.0, 22.52, 9999.0, 22.66, 22.5, 22.25, 22.25, 22.25
2026-08-23, 00:22:20, 22.32, 22.48, 22.75, 22.75, 9999.0, 9999.0, 9999.0, 23.89, 9999.0, 22.5, 9999.0, 22.68, 22.5, 22.25, 22.25, 22.25
2026-08-23, 00:22:24, 22.32, 22.48, 22.75, 22.75, 9999.0, 9999.0, 9999.0, 23.86, 9999.0, 22.5, 9999.0, 22.7, 22.5, 22.25, 22.25, 22.25
2026-08-23, 00:22:28, 22.32, 22.48, 22.75, 22.75, 9999.0, 9999.0, 9999.0, 23.84, 9999.0, 22.52, 9999.0, 22.7, 22.5, 22.25, 22.25, 22.25
2026-08-23, 00:22:32, 22.34, 22.48, 22.75, 22.75, 9999.0, 9999.0, 9999.0, 23.8, 9999.0, 22.55, 9999.0, 22.73, 22.5, 22.25, 22.25, 22.25
2026-08-23, 00:22:36, 22.32, 22.48, 22.75, 22.75, 9999.0, 9999.0, 9999.0, 23.75, 9999.0, 22.57, 9999.0, 22.75, 22.5, 22.25, 22.25, 22.25
2026-08-23, 00:22:40, 22.32, 22.48, 22.75, 22.75, 9999.0, 9999.0, 9999.0, 23.77, 9999.0, 22.57, 9999.0, 22.77, 22.5, 22.25, 22.25, 22.25
2026-08-23, 00:22:44, 22.32, 22.48, 22.75, 22.75, 9999.0, 9999.0, 9999.0, 23.8, 9999.0, 22.57, 9999.0, 22.77, 22.5, 22.25, 22.25, 22.25
2026-08-23, 00:22:48, 22.32, 22.48, 22.75, 22.75, 9999.0, 9999.0, 9999.0, 23.84, 9999.0, 22.57, 9999.0, 22.77, 22.5, 22.25, 22.25, 22.25
2026-08-23, 00:22:52, 22.32, 22.5, 22.75, 22.75, 9999.0, 9999.0, 9999.0, 23.89, 9999.0, 22.57, 9999.0, 22.77, 22.5, 22.25, 22.25, 22.25
2026-08-23, 00:22:56, 22.3, 22.5, 22.75, 22.75, 9999.0, 9999.0, 9999.0, 23.93, 9999.0, 22.57, 9999.0, 22.73, 22.5, 22.25, 22.25, 22.25
2026-08-23, 00:23:00, 22.27, 22.5, 22.75, 22.75, 9999.0, 9999.0, 9999.0, 23.95, 9999.0, 22.57, 9999.0, 22.7, 22.5, 22.25, 22.25, 22.25
2026-08-23, 00:23:04, 22.27, 22.5, 22.75, 22.75, 9999.0, 9999.0, 9999.0, 23.98, 9999.0, 22.55, 9999.0, 22.68, 22.5, 22.25, 22.25, 22.25
2026-08-23, 00:23:08, 22.27, 22.5, 22.75, 22.75, 9999.0, 9999.0, 9999.0, 24.0, 9999.0, 22.55, 9999.0, 22.66, 22.5, 22.25, 22.25, 22.25
2026-08-23, 00:23:12, 22.27, 22.5, 22.75, 22.75, 9999.0, 9999.0, 9999.0, 24.02, 9999.0, 22.5, 9999.0, 22.64, 22.5, 22.25, 22.25, 22.25
2026-08-23, 00:23:16, 22.27, 22.5, 22.75, 22.75, 9999.0, 9999.0, 9999.0, 24.07, 9999.0, 22.45, 9999.0, 22.64, 22.5, 22.25, 22.25, 22.25
2026-08-23, 00:23:20, 22.27, 22.5, 22.75, 22.75, 9999.0, 9999.0, 9999.0, 24.11, 9999.0, 22.41, 9999.0, 22.64, 22.5, 22.25, 22.25, 22.25
2026-08-23, 00:23:24, 22.27, 22.5, 22.75, 22.75, 9999.0, 9999.0, 9999.0, 24.07, 9999.0, 22.39, 9999.0, 22.64, 22.5, 22.25, 22.25, 22.25
2026-08-23, 00:23:28, 22.27, 22.5, 22.75, 22.75, 9999.0, 9999.0, 9999.0, 24.02, 9999.0, 22.36, 9999.0, 22.64, 22.5, 22.25, 22.25, 22.25
2026-08-23, 00:23:32, 22.3, 22.5, 22.75, 22.75, 9999.0, 9999.0, 9999.0, 23.98, 9999.0, 22.34, 9999.0, 22.64, 22.5, 22.25, 22.25, 22.25
2026-08-23, 00:23:36, 22.3, 22.5, 22.75, 22.75, 9999.0, 9999.0, 9999.0, 23.93, 9999.0, 22.34, 9999.0, 22.64, 22.5, 22.25, 22.25, 22.25
2026-08-23, 00:23:40, 22.3, 22.5, 22.75, 22.75, 9999.0, 9999.0, 9999.0, 23.86, 9999.0, 22.34, 9999.0, 22.66, 22.5, 22.25, 22.25, 22.25
2026-08-23, 00:23:44, 22.3, 22.5, 22.75, 22.75, 9999.0, 9999.0, 9999.0, 23.82, 9999.0, 22.34, 9999.0, 22.68, 22.5, 22.25, 22.25, 22.25
2026-08-23, 00:23:48, 22.3, 22.5, 22.75, 22.75, 9999.0, 9999.0, 9999.0, 23.77, 9999.0, 22.39, 9999.0, 22.7, 22.5, 22.25, 22.25, 22.25
2026-08-23, 00:23:52, 22.32, 22.5, 22.75, 22.75, 9999.0, 9999.0, 9999.0, 23.75, 9999.0, 22.41, 9999.0, 22.73, 22.5, 22.25, 22.25, 22.25
2026-08-23, 00:23:56, 22.34, 22.5, 22.75, 22.75, 9999.0, 9999.0, 9999.0, 23.77, 9999.0, 22.45, 9999.0, 22.75, 22.5, 22.25, 22.25, 22.25
2026-08-23, 00:24:00, 22.32, 22.5, 22.75, 22.75, 9999.0, 9999.0, 9999.0, 23.8, 9999.0, 22.48, 9999.0, 22.75, 22.5, 22.25, 22.25, 22.25
2026-08-23, 00:24:04, 22.32, 22.5, 22.75, 22.75, 9999.0, 9999.0, 9999.0, 23.8, 9999.0, 22.5, 9999.0, 22.75, 22.5, 22.25, 22.25, 22.25
2026-08-23, 00:24:08, 22.32, 22.5, 22.75, 22.75, 9999.0, 9999.0, 9999.0, 23.82, 9999.0, 22.52, 9999.0, 22.73, 22.5, 22.25, 22.27, 22.25
2026-08-23, 00:24:12, 22.34, 22.5, 22.75, 22.75, 9999.0, 9999.0, 9999.0, 23.84, 9999.0, 22.55, 9999.0, 22.7, 22.5, 22.25, 22.3, 22.25
2026-08-23, 00:24:16, 22.34, 22.5, 22.75, 22.75, 9999.0, 9999.0, 9999.0, 23.86, 9999.0, 22.57, 9999.0, 22.68, 22.5, 22.25, 22.3, 22.25
2026-08-23, 00:24:20, 22.34, 22.5, 22.75, 22.75, 9999.0, 9999.0, 9999.0, 23.89, 9999.0, 22.55, 9999.0, 22.66, 22.5, 22.25, 22.3, 22.25
2026-08-23, 00:24:24, 22.34, 22.5, 22.75, 22.75, 9999.0, 9999.0, 9999.0, 23.93, 9999.0, 22.55, 9999.0, 22.64, 22.5, 22.25, 22.3, 22.25
2026-08-23, 00:24:28, 22.34, 22.5, 22.75, 22.75, 9999.0, 9999.0, 9999.0, 23.98, 9999.0, 22.55, 9999.0, 22.61, 22.5, 22.25, 22.3, 22.25
2026-08-23, 00:24:32, 22.34, 22.5, 22.75, 22.75, 9999.0, 9999.0, 9999.0, 24.02, 9999.0, 22.52, 9999.0, 22.59, 22.5, 22.25, 22.3, 22.25
2026-08-23, 00:24:36, 22.32, 22.5, 22.75, 22.75, 9999.0, 9999.0, 9999.0, 24.05, 9999.0, 22.48, 9999.0, 22.59, 22.5, 22.25, 22.3, 22.25
2026-08-23, 00:24:40, 22.3, 22.5, 22.75, 22.75, 9999.0, 9999.0, 9999.0, 24.02, 9999.0, 22.43, 9999.0, 22.59, 22.5, 22.25, 22.3, 22.25
2026-08-23, 00:24:44, 22.3, 22.5, 22.75, 22.75, 9999.0, 9999.0, 9999.0, 23.98, 9999.0, 22.41, 9999.0, 22.59, 22.5, 22.27, 22.3, 22.25
2026-08-23, 00:24:48, 22.3, 22.5, 22.75, 22.75, 9999.0, 9999.0, 9999.0, 23.95, 9999.0, 22.39, 9999.0, 22.59, 22.5, 22.27, 22.3, 22.25
2026-08-23, 00:24:52, 22.3, 22.5, 22.75, 22.75, 9999.0, 9999.0, 9999.0, 23.93, 9999.0, 22.36, 9999.0, 22.61, 22.5, 22.3, 22.27, 22.27
2026-08-23, 00:24:57, 22.27, 22.5, 22.75, 22.75, 9999.0, 9999.0, 9999.0, 23.91, 9999.0, 22.36, 9999.0, 22.64, 22.5, 22.32, 22.25, 22.27
2026-08-23, 00:25:01, 22.25, 22.5, 22.75, 22.75, 9999.0, 9999.0, 9999.0, 23.86, 9999.0, 22.36, 9999.0, 22.66, 22.5, 22.32, 22.25, 22.27
2026-08-23, 00:25:05, 22.25, 22.5, 22.75, 22.75, 9999.0, 9999.0, 9999.0, 23.82, 9999.0, 22.39, 9999.0, 22.68, 22.5, 22.32, 22.25, 22.27
2026-08-23, 00:25:09, 22.25, 22.5, 22.75, 22.75, 9999.0, 9999.0, 9999.0, 23.77, 9999.0, 22.41, 9999.0, 22.7, 22.5, 22.34, 22.25, 22.27
2026-08-23, 00:25:13, 22.25, 22.5, 22.75, 22.75, 9999.0, 9999.0, 9999.0, 23.73, 9999.0, 22.41, 9999.0, 22.73, 22.5, 22.34, 22.25, 22.27
2026-08-23, 00:25:17, 22.25, 22.5, 22.75, 22.75, 9999.0, 9999.0, 9999.0, 23.75, 9999.0, 22.41, 9999.0, 22.75, 22.5, 22.34, 22.25, 22.27
2026-08-23, 00:25:21, 22.25, 22.5, 22.75, 22.75, 9999.0, 9999.0, 9999.0, 23.77, 9999.0, 22.43, 9999.0, 22.75, 22.5, 22.34, 22.25, 22.27
2026-08-23, 00:25:25, 22.25, 22.5, 22.75, 22.75, 9999.0, 9999.0, 9999.0, 23.8, 9999.0, 22.45, 9999.0, 22.75, 22.5, 22.34, 22.27, 22.27
2026-08-23, 00:25:29, 22.25, 22.5, 22.75, 22.75, 9999.0, 9999.0, 9999.0, 23.82, 9999.0, 22.48, 9999.0, 22.73, 22.5, 22.32, 22.27, 22.27
2026-08-23, 00:25:33, 22.25, 22.5, 22.75, 22.75, 9999.0, 9999.0, 9999.0, 23.84, 9999.0, 22.5, 9999.0, 22.73, 22.5, 22.32, 22.27, 22.27
2026-08-23, 00:25:37, 22.25, 22.5, 22.75, 22.75, 9999.0, 9999.0, 9999.0, 23.84, 9999.0, 22.52, 9999.0, 22.7, 22.5, 22.3, 22.27, 22.25
2026-08-23, 00:25:41, 22.25, 22.5, 22.75, 22.75, 9999.0, 9999.0, 9999.0, 23.84, 9999.0, 22.5, 9999.0, 22.68, 22.5, 22.27, 22.27, 22.25
2026-08-23, 00:25:45, 22.25, 22.5, 22.75, 22.75, 9999.0, 9999.0, 9999.0, 23.89, 9999.0, 22.48, 9999.0, 22.66, 22.5, 22.27, 22.27, 22.25
2026-08-23, 00:25:49, 22.25, 22.5, 22.75, 22.75, 9999.0, 9999.0, 9999.0, 23.91, 9999.0, 22.45, 9999.0, 22.66, 22.5, 22.27, 22.27, 22.25
2026-08-23, 00:25:53, 22.27, 22.5, 22.75, 22.75, 9999.0, 9999.0, 9999.0, 23.93, 9999.0, 22.41, 9999.0, 22.66, 22.5, 22.25, 22.27, 22.25
2026-08-23, 00:25:57, 22.27, 22.5, 22.75, 22.75, 9999.0, 9999.0, 9999.0, 23.95, 9999.0, 22.39, 9999.0, 22.66, 22.5, 22.25, 22.27, 22.25
2026-08-23, 00:26:01, 22.27, 22.5, 22.75, 22.75, 9999.0, 9999.0, 9999.0, 23.91, 9999.0, 22.36, 9999.0, 22.66, 22.5, 22.25, 22.27, 22.25
2026-08-23, 00:26:05, 22.27, 22.5, 22.75, 22.75, 9999.0, 9999.0, 9999.0, 23.86, 9999.0, 22.34, 9999.0, 22.66, 22.5, 22.25, 22.27, 22.25
2026-08-23, 00:26:09, 22.27, 22.5, 22.75, 22.75, 9999.0, 9999.0, 9999.0, 23.8, 9999.0, 22.32, 9999.0, 22.66, 22.5, 22.25, 22.25, 22.25
2026-08-23, 00:26:13, 22.27, 22.5, 22.75, 22.75, 9999.0, 9999.0, 9999.0, 23.75, 9999.0, 22.32, 9999.0, 22.68, 22.5, 22.25, 22.27, 22.25
2026-08-23, 00:26:17, 22.27, 22.5, 22.75, 22.75, 9999.0, 9999.0, 9999.0, 23.7, 9999.0, 22.32, 9999.0, 22.68, 22.5, 22.25, 22.27, 22.25
2026-08-23, 00:26:21, 22.27, 22.5, 22.75, 22.75, 9999.0, 9999.0, 9999.0, 23.68, 9999.0, 22.32, 9999.0, 22.7, 22.5, 22.25, 22.27, 22.25
2026-08-23, 00:26:25, 22.27, 22.5, 22.75, 22.75, 9999.0, 9999.0, 9999.0, 23.66, 9999.0, 22.34, 9999.0, 22.73, 22.5, 22.25, 22.27, 22.25
2026-08-23, 00:26:29, 22.3, 22.5, 22.75, 22.75, 9999.0, 9999.0, 9999.0, 23.61, 9999.0, 22.36, 9999.0, 22.75, 22.5, 22.25, 22.3, 22.25
2026-08-23, 00:26:33, 22.3, 22.5, 22.75, 22.75, 9999.0, 9999.0, 9999.0, 23.66, 9999.0, 22.41, 9999.0, 22.75, 22.5, 22.25, 22.32, 22.25
2026-08-23, 00:26:37, 22.3, 22.5, 22.75, 22.75, 9999.0, 9999.0, 9999.0, 23.7, 9999.0, 22.43, 9999.0, 22.75, 22.5, 22.25, 22.32, 22.25
2026-08-23, 00:26:41, 22.3, 22.5, 22.75, 22.75, 9999.0, 9999.0, 9999.0, 23.75, 9999.0, 22.45, 9999.0, 22.75, 22.5, 22.25, 22.32, 22.25
2026-08-23, 00:26:45, 22.3, 22.5, 22.75, 22.75, 9999.0, 9999.0, 9999.0, 23.77, 9999.0, 22.48, 9999.0, 22.75, 22.5, 22.25, 22.32, 22.25
2026-08-23, 00:26:49, 22.3, 22.5, 22.75, 22.75, 9999.0, 9999.0, 9999.0, 23.8, 9999.0, 22.5, 9999.0, 22.73, 22.5, 22.25, 22.34, 22.25
2026-08-23, 00:26:53, 22.3, 22.5, 22.75, 22.75, 9999.0, 9999.0, 9999.0, 23.84, 9999.0, 22.5, 9999.0, 22.7, 22.5, 22.25, 22.34, 22.25
2026-08-23, 00:26:57, 22.3, 22.5, 22.75, 22.75, 9999.0, 9999.0, 9999.0, 23.89, 9999.0, 22.48, 9999.0, 22.68, 22.5, 22.25, 22.32, 22.25
2026-08-23, 00:27:01, 22.3, 22.5, 22.75, 22.75, 9999.0, 9999.0, 9999.0, 23.93, 9999.0, 22.45, 9999.0, 22.66, 22.5, 22.25, 22.32, 22.25
2026-08-23, 00:27:05, 22.3, 22.5, 22.75, 22.75, 9999.0, 9999.0, 9999.0, 23.98, 9999.0, 22.43, 9999.0, 22.66, 22.5, 22.25, 22.32, 22.25
2026-08-23, 00:27:09, 22.3, 22.5, 22.75, 22.75, 9999.0, 9999.0, 9999.0, 24.0, 9999.0, 22.41, 9999.0, 22.66, 22.5, 22.25, 22.32, 22.25
2026-08-23, 00:27:13, 22.27, 22.5, 22.75, 22.75, 9999.0, 9999.0, 9999.0, 24.02, 9999.0, 22.39, 9999.0, 22.66, 22.5, 22.25, 22.3, 22.25
2026-08-23, 00:27:17, 22.27, 22.5, 22.75, 22.75, 9999.0, 9999.0, 9999.0, 23.95, 9999.0, 22.34, 9999.0, 22.68, 22.5, 22.25, 22.27, 22.25
2026-08-23, 00:27:21, 22.25, 22.5, 22.75, 22.75, 9999.0, 9999.0, 9999.0, 23.89, 9999.0, 22.32, 9999.0, 22.68, 22.5, 22.25, 22.27, 22.25
2026-08-23, 00:27:25, 22.25, 22.5, 22.75, 22.75, 9999.0, 9999.0, 9999.0, 23.82, 9999.0, 22.3, 9999.0, 22.68, 22.5, 22.25, 22.27, 22.25
2026-08-23, 00:27:29, 22.25, 22.5, 22.75, 22.75, 9999.0, 9999.0, 9999.0, 23.77, 9999.0, 22.27, 9999.0, 22.68, 22.5, 22.25, 22.27, 22.25
2026-08-23, 00:27:33, 22.25, 22.5, 22.75, 22.75, 9999.0, 9999.0, 9999.0, 23.73, 9999.0, 22.25, 9999.0, 22.7, 22.5, 22.25, 22.25, 22.25
2026-08-23, 00:27:37, 22.25, 22.5, 22.75, 22.75, 9999.0, 9999.0, 9999.0, 23.68, 9999.0, 22.27, 9999.0, 22.73, 22.5, 22.25, 22.25, 22.25
2026-08-23, 00:27:41, 22.25, 22.5, 22.75, 22.75, 9999.0, 9999.0, 9999.0, 23.64, 9999.0, 22.3, 9999.0, 22.75, 22.5, 22.25, 22.25, 22.25
2026-08-23, 00:27:45, 22.25, 22.5, 22.75, 22.75, 9999.0, 9999.0, 9999.0, 23.66, 9999.0, 22.3, 9999.0, 22.77, 22.5, 22.25, 22.25, 22.25
2026-08-23, 00:27:49, 22.25, 22.5, 22.75, 22.75, 9999.0, 9999.0, 9999.0, 23.68, 9999.0, 22.3, 9999.0, 22.77, 22.5, 22.25, 22.27, 22.25
2026-08-23, 00:27:53, 22.25, 22.5, 22.75, 22.75, 9999.0, 9999.0, 9999.0, 23.73, 9999.0, 22.3, 9999.0, 22.77, 22.5, 22.25, 22.27, 22.25
2026-08-23, 00:27:57, 22.25, 22.5, 22.75, 22.75, 9999.0, 9999.0, 9999.0, 23.75, 9999.0, 22.3, 9999.0, 22.75, 22.5, 22.25, 22.27, 22.25
2026-08-23, 00:28:01, 22.25, 22.5, 22.75, 22.75, 9999.0, 9999.0, 9999.0, 23.8, 9999.0, 22.3, 9999.0, 22.73, 22.5, 22.25, 22.27, 22.25
2026-08-23, 00:28:05, 22.27, 22.5, 22.75, 22.75, 9999.0, 9999.0, 9999.0, 23.84, 9999.0, 22.3, 9999.0, 22.7, 22.5, 22.25, 22.27, 22.25
2026-08-23, 00:28:09, 22.3, 22.5, 22.75, 22.75, 9999.0, 9999.0, 9999.0, 23.86, 9999.0, 22.3, 9999.0, 22.7, 22.5, 22.25, 22.27, 22.25
2026-08-23, 00:28:13, 22.3, 22.5, 22.75, 22.75, 9999.0, 9999.0, 9999.0, 23.89, 9999.0, 22.3, 9999.0, 22.7, 22.5, 22.25, 22.27, 22.25
2026-08-23, 00:28:17, 22.3, 22.5, 22.75, 22.75, 9999.0, 9999.0, 9999.0, 23.91, 9999.0, 22.3, 9999.0, 22.68, 22.5, 22.25, 22.27, 22.25
2026-08-23, 00:28:21, 22.3, 22.5, 22.75, 22.75, 9999.0, 9999.0, 9999.0, 23.93, 9999.0, 22.27, 9999.0, 22.68, 22.5, 22.25, 22.27, 22.25
2026-08-23, 00:28:26, 22.3, 22.5, 22.75, 22.75, 9999.0, 9999.0, 9999.0, 23.95, 9999.0, 22.25, 9999.0, 22.68, 22.5, 22.25, 22.27, 22.25
2026-08-23, 00:28:30, 22.3, 22.5, 22.75, 22.75, 9999.0, 9999.0, 9999.0, 23.91, 9999.0, 22.23, 9999.0, 22.68, 22.5, 22.25, 22.27, 22.25
2026-08-23, 00:28:34, 22.3, 22.5, 22.75, 22.75, 9999.0, 9999.0, 9999.0, 23.84, 9999.0, 22.2, 9999.0, 22.7, 22.5, 22.25, 22.25, 22.25
2026-08-23, 00:28:38, 22.3, 22.5, 22.75, 22.75, 9999.0, 9999.0, 9999.0, 23.77, 9999.0, 22.18, 9999.0, 22.73, 22.5, 22.25, 22.25, 22.25
2026-08-23, 00:28:42, 22.3, 22.5, 22.77, 22.75, 9999.0, 9999.0, 9999.0, 23.73, 9999.0, 22.2, 9999.0, 22.75, 22.5, 22.25, 22.25, 22.25
2026-08-23, 00:28:46, 22.3, 22.5, 22.77, 22.75, 9999.0, 9999.0, 9999.0, 23.68, 9999.0, 22.2, 9999.0, 22.75, 22.5, 22.25, 22.25, 22.25
2026-08-23, 00:28:50, 22.3, 22.5, 22.77, 22.75, 9999.0, 9999.0, 9999.0, 23.64, 9999.0, 22.23, 9999.0, 22.77, 22.5, 22.25, 22.25, 22.25
2026-08-23, 00:28:54, 22.3, 22.5, 22.77, 22.75, 9999.0, 9999.0, 9999.0, 23.61, 9999.0, 22.25, 9999.0, 22.77, 22.5, 22.25, 22.25, 22.25
2026-08-23, 00:28:58, 22.3, 22.5, 22.77, 22.75, 9999.0, 9999.0, 9999.0, 23.66, 9999.0, 22.27, 9999.0, 22.77, 22.5, 22.25, 22.25, 22.25
2026-08-23, 00:29:02, 22.32, 22.5, 22.77, 22.75, 9999.0, 9999.0, 9999.0, 23.7, 9999.0, 22.27, 9999.0, 22.8, 22.5, 22.25, 22.25, 22.25
2026-08-23, 00:29:06, 22.34, 22.5, 22.77, 22.75, 9999.0, 9999.0, 9999.0, 23.73, 9999.0, 22.27, 9999.0, 22.8, 22.5, 22.25, 22.25, 22.25
2026-08-23, 00:29:10, 22.36, 22.5, 22.77, 22.75, 9999.0, 9999.0, 9999.0, 23.75, 9999.0, 22.27, 9999.0, 22.8, 22.5, 22.25, 22.25, 22.25
2026-08-23, 00:29:14, 22.36, 22.5, 22.77, 22.75, 9999.0, 9999.0, 9999.0, 23.75, 9999.0, 22.3, 9999.0, 22.8, 22.5, 22.25, 22.25, 22.25
2026-08-23, 00:29:18, 22.36, 22.5, 22.77, 22.75, 9999.0, 9999.0, 9999.0, 23.77, 9999.0, 22.32, 9999.0, 22.77, 22.5, 22.25, 22.25, 22.25
2026-08-23, 00:29:22, 22.39, 22.5, 22.8, 22.75, 9999.0, 9999.0, 9999.0, 23.8, 9999.0, 22.34, 9999.0, 22.73, 22.5, 22.25, 22.25, 22.25
2026-08-23, 00:29:26, 22.39, 22.5, 22.8, 22.75, 9999.0, 9999.0, 9999.0, 23.82, 9999.0, 22.32, 9999.0, 22.7, 22.5, 22.25, 22.25, 22.25
2026-08-23, 00:29:30, 22.39, 22.5, 22.8, 22.75, 9999.0, 9999.0, 9999.0, 23.84, 9999.0, 22.32, 9999.0, 22.68, 22.5, 22.25, 22.25, 22.25
2026-08-23, 00:29:34, 22.36, 22.5, 22.8, 22.75, 9999.0, 9999.0, 9999.0, 23.86, 9999.0, 22.3, 9999.0, 22.68, 22.5, 22.25, 22.25, 22.25
2026-08-23, 00:29:38, 22.34, 22.5, 22.8, 22.75, 9999.0, 9999.0, 9999.0, 23.89, 9999.0, 22.27, 9999.0, 22.68, 22.5, 22.25, 22.25, 22.25
2026-08-23, 00:29:42, 22.34, 22.5, 22.8, 22.75, 9999.0, 9999.0, 9999.0, 23.84, 9999.0, 22.23, 9999.0, 22.68, 22.5, 22.25, 22.25, 22.25
2026-08-23, 00:29:46, 22.34, 22.5, 22.8, 22.75, 9999.0, 9999.0, 9999.0, 23.77, 9999.0, 22.2, 9999.0, 22.7, 22.5, 22.25, 22.27, 22.25
2026-08-23, 00:29:50, 22.34, 22.5, 22.8, 22.75, 9999.0, 9999.0, 9999.0, 23.73, 9999.0, 22.18, 9999.0, 22.7, 22.5, 22.25, 22.27, 22.25
2026-08-23, 00:29:54, 22.34, 22.5, 22.8, 22.75, 9999.0, 9999.0, 9999.0, 23.68, 9999.0, 22.18, 9999.0, 22.73, 22.5, 22.25, 22.27, 22.25
2026-08-23, 00:29:58, 22.36, 22.5, 22.8, 22.75, 9999.0, 9999.0, 9999.0, 23.64, 9999.0, 22.18, 9999.0, 22.73, 22.5, 22.25, 22.27, 22.25
2026-08-23, 00:30:02, 22.36, 22.5, 22.8, 22.75, 9999.0, 9999.0, 9999.0, 23.59, 9999.0, 22.2, 9999.0, 22.73, 22.5, 22.25, 22.27, 22.25
2026-08-23, 00:30:06, 22.36, 22.5, 22.77, 22.75, 9999.0, 9999.0, 9999.0, 23.55, 9999.0, 22.23, 9999.0, 22.75, 22.5, 22.25, 22.27, 22.25
2026-08-23, 00:30:10, 22.36, 22.5, 22.75, 22.75, 9999.0, 9999.0, 9999.0, 23.5, 9999.0, 22.25, 9999.0, 22.77, 22.5, 22.25, 22.3, 22.27
2026-08-23, 00:30:14, 22.36, 22.5, 22.75, 22.75, 9999.0, 9999.0, 9999.0, 23.52, 9999.0, 22.25, 9999.0, 22.8, 22.5, 22.25, 22.3, 22.3
2026-08-23, 00:30:18, 22.39, 22.5, 22.75, 22.75, 9999.0, 9999.0, 9999.0, 23.55, 9999.0, 22.25, 9999.0, 22.8, 22.5, 22.25, 22.3, 22.3
2026-08-23, 00:30:22, 22.39, 22.5, 22.75, 22.75, 9999.0, 9999.0, 9999.0, 23.57, 9999.0, 22.25, 9999.0, 22.8, 22.5, 22.25, 22.3, 22.3
2026-08-23, 00:30:26, 22.39, 22.5, 22.75, 22.75, 9999.0, 9999.0, 9999.0, 23.57, 9999.0, 22.27, 9999.0, 22.8, 22.5, 22.25, 22.3, 22.3
2026-08-23, 00:30:30, 22.36, 22.5, 22.75, 22.75, 9999.0, 9999.0, 9999.0, 23.59, 9999.0, 22.3, 9999.0, 22.77, 22.5, 22.25, 22.27, 22.3
2026-08-23, 00:30:34, 22.34, 22.5, 22.75, 22.75, 9999.0, 9999.0, 9999.0, 23.61, 9999.0, 22.32, 9999.0, 22.75, 22.5, 22.25, 22.27, 22.3
2026-08-23, 00:30:38, 22.32, 22.5, 22.75, 22.75, 9999.0, 9999.0, 9999.0, 23.64, 9999.0, 22.3, 9999.0, 22.73, 22.5, 22.25, 22.27, 22.3
2026-08-23, 00:30:42, 22.32, 22.5, 22.77, 22.75, 9999.0, 9999.0, 9999.0, 23.68, 9999.0, 22.27, 9999.0, 22.73, 22.5, 22.25, 22.27, 22.3
2026-08-23, 00:30:46, 22.32, 22.5, 22.8, 22.77, 9999.0, 9999.0, 9999.0, 23.73, 9999.0, 22.23, 9999.0, 22.73, 22.5, 22.25, 22.27, 22.3
2026-08-23, 00:30:50, 22.3, 22.5, 22.8, 22.77, 9999.0, 9999.0, 9999.0, 23.75, 9999.0, 22.18, 9999.0, 22.73, 22.5, 22.25, 22.27, 22.3
2026-08-23, 00:30:54, 22.3, 22.5, 22.8, 22.77, 9999.0, 9999.0, 9999.0, 23.77, 9999.0, 22.16, 9999.0, 22.73, 22.5, 22.25, 22.25, 22.27
2026-08-23, 00:30:58, 22.3, 22.5, 22.8, 22.77, 9999.0, 9999.0, 9999.0, 23.73, 9999.0, 22.14, 9999.0, 22.75, 22.5, 22.25, 22.25, 22.25
2026-08-23, 00:31:02, 22.3, 22.5, 22.82, 22.77, 9999.0, 9999.0, 9999.0, 23.68, 9999.0, 22.11, 9999.0, 22.77, 22.5, 22.25, 22.25, 22.25
2026-08-23, 00:31:06, 22.32, 22.5, 22.84, 22.77, 9999.0, 9999.0, 9999.0, 23.64, 9999.0, 22.11, 9999.0, 22.77, 22.5, 22.25, 22.25, 22.25
2026-08-23, 00:31:10, 22.34, 22.5, 22.84, 22.77, 9999.0, 9999.0, 9999.0, 23.61, 9999.0, 22.11, 9999.0, 22.77, 22.5, 22.25, 22.27, 22.25
2026-08-23, 00:31:14, 22.36, 22.48, 22.84, 22.77, 9999.0, 9999.0, 9999.0, 23.57, 9999.0, 22.11, 9999.0, 22.77, 22.5, 22.25, 22.27, 22.25
2026-08-23, 00:31:18, 22.39, 22.48, 22.84, 22.77, 9999.0, 9999.0, 9999.0, 23.52, 9999.0, 22.14, 9999.0, 22.8, 22.5, 22.25, 22.3, 22.25
2026-08-23, 00:31:22, 22.39, 22.48, 22.84, 22.77, 9999.0, 9999.0, 9999.0, 23.48, 9999.0, 22.18, 9999.0, 22.8, 22.5, 22.25, 22.32, 22.25
2026-08-23, 00:31:26, 22.36, 22.48, 22.82, 22.77, 9999.0, 9999.0, 9999.0, 23.52, 9999.0, 22.23, 9999.0, 22.8, 22.5, 22.25, 22.34, 22.25
2026-08-23, 00:31:30, 22.36, 22.48, 22.8, 22.77, 9999.0, 9999.0, 9999.0, 23.55, 9999.0, 22.25, 9999.0, 22.8, 22.5, 22.25, 22.34, 22.25
2026-08-23, 00:31:34, 22.36, 22.48, 22.8, 22.77, 9999.0, 9999.0, 9999.0, 23.59, 9999.0, 22.27, 9999.0, 22.8, 22.5, 22.25, 22.34, 22.25
2026-08-23, 00:31:38, 22.36, 22.48, 22.8, 22.77, 9999.0, 9999.0, 9999.0, 23.64, 9999.0, 22.27, 9999.0, 22.8, 22.5, 22.25, 22.36, 22.25
2026-08-23, 00:31:42, 22.36, 22.48, 22.8, 22.8, 9999.0, 9999.0, 9999.0, 23.68, 9999.0, 22.3, 9999.0, 22.77, 22.5, 22.25, 22.39, 22.25
2026-08-23, 00:31:46, 22.36, 22.48, 22.8, 22.8, 9999.0, 9999.0, 9999.0, 23.7, 9999.0, 22.3, 9999.0, 22.75, 22.5, 22.25, 22.39, 22.25
2026-08-23, 00:31:50, 22.36, 22.48, 22.77, 22.82, 9999.0, 9999.0, 9999.0, 23.73, 9999.0, 22.27, 9999.0, 22.73, 22.5, 22.25, 22.39, 22.25
2026-08-23, 00:31:54, 22.36, 22.48, 22.77, 22.84, 9999.0, 9999.0, 9999.0, 23.77, 9999.0, 22.27, 9999.0, 22.73, 22.5, 22.25, 22.36, 22.25
2026-08-23, 00:31:58, 22.34, 22.5, 22.8, 22.84, 9999.0, 9999.0, 9999.0, 23.84, 9999.0, 22.27, 9999.0, 22.7, 22.5, 22.25, 22.36, 22.25
2026-08-23, 00:32:03, 22.34, 22.5, 22.82, 22.84, 9999.0, 9999.0, 9999.0, 23.89, 9999.0, 22.25, 9999.0, 22.7, 22.5, 22.25, 22.36, 22.25
2026-08-23, 00:32:07, 22.36, 22.5, 22.84, 22.84, 9999.0, 9999.0, 9999.0, 23.93, 9999.0, 22.23, 9999.0, 22.7, 22.5, 22.25, 22.34, 22.25
2026-08-23, 00:32:11, 22.39, 22.5, 22.86, 22.84, 9999.0, 9999.0, 9999.0, 23.89, 9999.0, 22.18, 9999.0, 22.7, 22.5, 22.25, 22.34, 22.25
2026-08-23, 00:32:15, 22.39, 22.5, 22.86, 22.82, 9999.0, 9999.0, 9999.0, 23.84, 9999.0, 22.16, 9999.0, 22.73, 22.5, 22.25, 22.36, 22.25
2026-08-23, 00:32:19, 22.41, 22.5, 22.86, 22.82, 9999.0, 9999.0, 9999.0, 23.8, 9999.0, 22.14, 9999.0, 22.75, 22.5, 22.25, 22.36, 22.27
2026-08-23, 00:32:23, 22.43, 22.5, 22.86, 22.82, 9999.0, 9999.0, 9999.0, 23.75, 9999.0, 22.14, 9999.0, 22.77, 22.5, 22.25, 22.36, 22.3
2026-08-23, 00:32:27, 22.43, 22.5, 22.86, 22.82, 9999.0, 9999.0, 9999.0, 23.7, 9999.0, 22.14, 9999.0, 22.77, 22.5, 22.25, 22.34, 22.32
2026-08-23, 00:32:31, 22.43, 22.5, 22.86, 22.84, 9999.0, 9999.0, 9999.0, 23.68, 9999.0, 22.16, 9999.0, 22.77, 22.5, 22.25, 22.36, 22.34
2026-08-23, 00:32:35, 22.43, 22.5, 22.86, 22.82, 9999.0, 9999.0, 9999.0, 23.64, 9999.0, 22.2, 9999.0, 22.8, 22.5, 22.25, 22.36, 22.34
2026-08-23, 00:32:39, 22.41, 22.5, 22.89, 22.8, 9999.0, 9999.0, 9999.0, 23.57, 9999.0, 22.23, 9999.0, 22.8, 22.5, 22.25, 22.39, 22.36
2026-08-23, 00:32:43, 22.43, 22.5, 22.89, 22.8, 9999.0, 9999.0, 9999.0, 23.59, 9999.0, 22.25, 9999.0, 22.82, 22.5, 22.25, 22.41, 22.36
2026-08-23, 00:32:47, 22.43, 22.5, 22.86, 22.8, 9999.0, 9999.0, 9999.0, 23.64, 9999.0, 22.25, 9999.0, 22.82, 22.5, 22.25, 22.41, 22.36
2026-08-23, 00:32:51, 22.43, 22.5, 22.84, 22.82, 9999.0, 9999.0, 9999.0, 23.66, 9999.0, 22.25, 9999.0, 22.82, 22.5, 22.25, 22.41, 22.39
2026-08-23, 00:32:55, 22.41, 22.5, 22.82, 22.84, 9999.0, 9999.0, 9999.0, 23.68, 9999.0, 22.27, 9999.0, 22.82, 22.5, 22.25, 22.41, 22.39
2026-08-23, 00:32:59, 22.43, 22.5, 22.84, 22.84, 9999.0, 9999.0, 9999.0, 23.73, 9999.0, 22.3, 9999.0, 22.8, 22.5, 22.25, 22.39, 22.39
2026-08-23, 00:33:03, 22.41, 22.5, 22.84, 22.86, 9999.0, 9999.0, 9999.0, 23.75, 9999.0, 22.32, 9999.0, 22.77, 22.5, 22.25, 22.39, 22.36
2026-08-23, 00:33:07, 22.39, 22.5, 22.86, 22.86, 9999.0, 9999.0, 9999.0, 23.77, 9999.0, 22.32, 9999.0, 22.75, 22.5, 22.25, 22.36, 22.34
2026-08-23, 00:33:11, 22.39, 22.5, 22.86, 22.86, 9999.0, 9999.0, 9999.0, 23.8, 9999.0, 22.3, 9999.0, 22.73, 22.5, 22.25, 22.39, 22.34
2026-08-23, 00:33:15, 22.36, 22.5, 22.84, 22.86, 9999.0, 9999.0, 9999.0, 23.84, 9999.0, 22.3, 9999.0, 22.7, 22.5, 22.25, 22.36, 22.34
2026-08-23, 00:33:19, 22.34, 22.5, 22.84, 22.86, 9999.0, 9999.0, 9999.0, 23.89, 9999.0, 22.27, 9999.0, 22.7, 22.5, 22.25, 22.36, 22.34
2026-08-23, 00:33:23, 22.36, 22.5, 22.82, 22.86, 9999.0, 9999.0, 9999.0, 23.93, 9999.0, 22.23, 9999.0, 22.7, 22.5, 22.25, 22.34, 22.32
2026-08-23, 00:33:27, 22.34, 22.5, 22.8, 22.86, 9999.0, 9999.0, 9999.0, 23.89, 9999.0, 22.2, 9999.0, 22.7, 22.5, 22.25, 22.34, 22.32
2026-08-23, 00:33:31, 22.32, 22.5, 22.8, 22.86, 9999.0, 9999.0, 9999.0, 23.84, 9999.0, 22.2, 9999.0, 22.73, 22.5, 22.25, 22.34, 22.32
2026-08-23, 00:33:35, 22.32, 22.5, 22.82, 22.84, 9999.0, 9999.0, 9999.0, 23.82, 9999.0, 22.2, 9999.0, 22.75, 22.5, 22.25, 22.36, 22.32
2026-08-23, 00:33:39, 22.32, 22.5, 22.82, 22.84, 9999.0, 9999.0, 9999.0, 23.77, 9999.0, 22.18, 9999.0, 22.77, 22.5, 22.25, 22.34, 22.32
2026-08-23, 00:33:43, 22.3, 22.5, 22.8, 22.86, 9999.0, 9999.0, 9999.0, 23.73, 9999.0, 22.18, 9999.0, 22.77, 22.5, 22.25, 22.34, 22.32
2026-08-23, 00:33:47, 22.3, 22.5, 22.8, 22.84, 9999.0, 9999.0, 9999.0, 23.7, 9999.0, 22.18, 9999.0, 22.77, 22.5, 22.25, 22.36, 22.32
2026-08-23, 00:33:51, 22.32, 22.5, 22.77, 22.84, 9999.0, 9999.0, 9999.0, 23.68, 9999.0, 22.2, 9999.0, 22.77, 22.5, 22.25, 22.36, 22.34
2026-08-23, 00:33:55, 22.32, 22.5, 22.77, 22.84, 9999.0, 9999.0, 9999.0, 23.64, 9999.0, 22.25, 9999.0, 22.8, 22.5, 22.25, 22.34, 22.32
2026-08-23, 00:33:59, 22.32, 22.5, 22.77, 22.82, 9999.0, 9999.0, 9999.0, 23.57, 9999.0, 22.27, 9999.0, 22.82, 22.5, 22.25, 22.34, 22.3
2026-08-23, 00:34:03, 22.32, 22.5, 22.8, 22.82, 9999.0, 9999.0, 9999.0, 23.59, 9999.0, 22.27, 9999.0, 22.82, 22.5, 22.25, 22.34, 22.3
2026-08-23, 00:34:07, 22.3, 22.5, 22.8, 22.84, 9999.0, 9999.0, 9999.0, 23.61, 9999.0, 22.32, 9999.0, 22.82, 22.5, 22.25, 22.34, 22.3
2026-08-23, 00:34:11, 22.3, 22.5, 22.8, 22.84, 9999.0, 9999.0, 9999.0, 23.64, 9999.0, 22.32, 9999.0, 22.82, 22.5, 22.25, 22.32, 22.3
2026-08-23, 00:34:15, 22.3, 22.5, 22.8, 22.84, 9999.0, 9999.0, 9999.0, 23.66, 9999.0, 22.32, 9999.0, 22.8, 22.5, 22.25, 22.32, 22.3
2026-08-23, 00:34:19, 22.27, 22.5, 22.8, 22.84, 9999.0, 9999.0, 9999.0, 23.66, 9999.0, 22.34, 9999.0, 22.77, 22.5, 22.25, 22.3, 22.3
2026-08-23, 00:34:23, 22.27, 22.5, 22.82, 22.82, 9999.0, 9999.0, 9999.0, 23.68, 9999.0, 22.36, 9999.0, 22.75, 22.5, 22.25, 22.32, 22.3
2026-08-23, 00:34:27, 22.27, 22.5, 22.84, 22.82, 9999.0, 9999.0, 9999.0, 23.7, 9999.0, 22.36, 9999.0, 22.75, 22.5, 22.25, 22.32, 22.3
2026-08-23, 00:34:31, 22.3, 22.5, 22.86, 22.82, 9999.0, 9999.0, 9999.0, 23.73, 9999.0, 22.36, 9999.0, 22.75, 22.5, 22.25, 22.32, 22.3
2026-08-23, 00:34:35, 22.3, 22.48, 22.89, 22.82, 9999.0, 9999.0, 9999.0, 23.75, 9999.0, 22.34, 9999.0, 22.73, 22.5, 22.25, 22.32, 22.27
2026-08-23, 00:34:39, 22.3, 22.48, 22.89, 22.8, 9999.0, 9999.0, 9999.0, 23.8, 9999.0, 22.32, 9999.0, 22.73, 22.5, 22.25, 22.34, 22.3
2026-08-23, 00:34:43, 22.32, 22.48, 22.89, 22.8, 9999.0, 9999.0, 9999.0, 23.84, 9999.0, 22.3, 9999.0, 22.73, 22.5, 22.25, 22.34, 22.3
2026-08-23, 00:34:47, 22.34, 22.48, 22.86, 22.8, 9999.0, 9999.0, 9999.0, 23.82, 9999.0, 22.3, 9999.0, 22.75, 22.5, 22.25, 22.34, 22.3
2026-08-23, 00:34:51, 22.34, 22.48, 22.89, 22.8, 9999.0, 9999.0, 9999.0, 23.8, 9999.0, 22.27, 9999.0, 22.77, 22.52, 22.25, 22.36, 22.3
2026-08-23, 00:34:55, 22.36, 22.48, 22.89, 22.82, 9999.0, 9999.0, 9999.0, 23.75, 9999.0, 22.27, 9999.0, 22.8, 22.52, 22.25, 22.39, 22.3
2026-08-23, 00:34:59, 22.39, 22.48, 22.89, 22.82, 9999.0, 9999.0, 9999.0, 23.7, 9999.0, 22.3, 9999.0, 22.82, 22.52, 22.25, 22.39, 22.3
2026-08-23, 00:35:03, 22.39, 22.48, 22.86, 22.82, 9999.0, 9999.0, 9999.0, 23.68, 9999.0, 22.3, 9999.0, 22.82, 22.52, 22.25, 22.39, 22.3
2026-08-23, 00:35:07, 22.39, 22.48, 22.84, 22.82, 9999.0, 9999.0, 9999.0, 23.66, 9999.0, 22.32, 9999.0, 22.82, 22.52, 22.25, 22.39, 22.3
2026-08-23, 00:35:11, 22.39, 22.48, 22.82, 22.8, 9999.0, 9999.0, 9999.0, 23.64, 9999.0, 22.34, 9999.0, 22.82, 22.55, 22.25, 22.41, 22.32
2026-08-23, 00:35:15, 22.36, 22.48, 22.8, 22.8, 9999.0, 9999.0, 9999.0, 23.59, 9999.0, 22.36, 9999.0, 22.82, 22.55, 22.25, 22.39, 22.32
2026-08-23, 00:35:19, 22.34, 22.5, 22.77, 22.8, 9999.0, 9999.0, 9999.0, 23.64, 9999.0, 22.39, 9999.0, 22.84, 22.55, 22.25, 22.39, 22.34
2026-08-23, 00:35:23, 22.36, 22.5, 22.77, 22.8, 9999.0, 9999.0, 9999.0, 23.66, 9999.0, 22.41, 9999.0, 22.84, 22.55, 22.25, 22.36, 22.32
2026-08-23, 00:35:27, 22.34, 22.5, 22.77, 22.82, 9999.0, 9999.0, 9999.0, 23.68, 9999.0, 22.43, 9999.0, 22.84, 22.55, 22.25, 22.36, 22.32
2026-08-23, 00:35:31, 22.32, 22.5, 22.77, 22.82, 9999.0, 9999.0, 9999.0, 23.7, 9999.0, 22.45, 9999.0, 22.82, 22.55, 22.25, 22.36, 22.32
2026-08-23, 00:35:35, 22.32, 22.5, 22.75, 22.8, 9999.0, 9999.0, 9999.0, 23.73, 9999.0, 22.48, 9999.0, 22.8, 22.52, 22.25, 22.34, 22.32
2026-08-23, 00:35:39, 22.3, 22.5, 22.75, 22.77, 9999.0, 9999.0, 9999.0, 23.77, 9999.0, 22.5, 9999.0, 22.77, 22.52, 22.25, 22.32, 22.32
2026-08-23, 00:35:43, 22.3, 22.5, 22.75, 22.77, 9999.0, 9999.0, 9999.0, 23.8, 9999.0, 22.48, 9999.0, 22.75, 22.52, 22.25, 22.3, 22.32
2026-08-23, 00:35:47, 22.3, 22.5, 22.77, 22.77, 9999.0, 9999.0, 9999.0, 23.82, 9999.0, 22.45, 9999.0, 22.73, 22.52, 22.25, 22.3, 22.3
2026-08-23, 00:35:52, 22.3, 22.5, 22.77, 22.8, 9999.0, 9999.0, 9999.0, 23.86, 9999.0, 22.43, 9999.0, 22.7, 22.52, 22.25, 22.27, 22.3
2026-08-23, 00:35:56, 22.3, 22.5, 22.77, 22.82, 9999.0, 9999.0, 9999.0, 23.89, 9999.0, 22.41, 9999.0, 22.7, 22.5, 22.25, 22.27, 22.27
2026-08-23, 00:36:00, 22.3, 22.5, 22.8, 22.82, 9999.0, 9999.0, 9999.0, 23.95, 9999.0, 22.39, 9999.0, 22.7, 22.5, 22.25, 22.27, 22.3
2026-08-23, 00:36:04, 22.3, 22.5, 22.8, 22.82, 9999.0, 9999.0, 9999.0, 23.91, 9999.0, 22.36, 9999.0, 22.7, 22.5, 22.25, 22.3, 22.27
2026-08-23, 00:36:08, 22.3, 22.5, 22.8, 22.82, 9999.0, 9999.0, 9999.0, 23.89, 9999.0, 22.34, 9999.0, 22.73, 22.5, 22.25, 22.3, 22.3
2026-08-23, 00:36:12, 22.32, 22.5, 22.8, 22.8, 9999.0, 9999.0, 9999.0, 23.86, 9999.0, 22.32, 9999.0, 22.73, 22.5, 22.25, 22.3, 22.3
2026-08-23, 00:36:16, 22.34, 22.5, 22.8, 22.8, 9999.0, 9999.0, 9999.0, 23.82, 9999.0, 22.32, 9999.0, 22.73, 22.5, 22.25, 22.3, 22.32
2026-08-23, 00:36:20, 22.34, 22.5, 22.8, 22.8, 9999.0, 9999.0, 9999.0, 23.77, 9999.0, 22.32, 9999.0, 22.73, 22.5, 22.25, 22.3, 22.32
2026-08-23, 00:36:24, 22.34, 22.5, 22.82, 22.8, 9999.0, 9999.0, 9999.0, 23.73, 9999.0, 22.32, 9999.0, 22.73, 22.5, 22.25, 22.32, 22.34
2026-08-23, 00:36:28, 22.34, 22.5, 22.82, 22.8, 9999.0, 9999.0, 9999.0, 23.7, 9999.0, 22.36, 9999.0, 22.73, 22.5, 22.25, 22.34, 22.34
2026-08-23, 00:36:32, 22.34, 22.5, 22.82, 22.8, 9999.0, 9999.0, 9999.0, 23.68, 9999.0, 22.39, 9999.0, 22.75, 22.52, 22.27, 22.34, 22.36
2026-08-23, 00:36:36, 22.34, 22.5, 22.82, 22.77, 9999.0, 9999.0, 9999.0, 23.7, 9999.0, 22.43, 9999.0, 22.77, 22.52, 22.27, 22.34, 22.36
2026-08-23, 00:36:40, 22.34, 22.5, 22.82, 22.75, 9999.0, 9999.0, 9999.0, 23.75, 9999.0, 22.45, 9999.0, 22.77, 22.52, 22.27, 22.32, 22.36
2026-08-23, 00:36:44, 22.34, 22.5, 22.8, 22.75, 9999.0, 9999.0, 9999.0, 23.77, 9999.0, 22.48, 9999.0, 22.77, 22.52, 22.27, 22.32, 22.34
2026-08-23, 00:36:48, 22.36, 22.5, 22.8, 22.75, 9999.0, 9999.0, 9999.0, 23.8, 9999.0, 22.5, 9999.0, 22.77, 22.52, 22.27, 22.3, 22.34
2026-08-23, 00:36:52, 22.36, 22.5, 22.8, 22.75, 9999.0, 9999.0, 9999.0, 23.82, 9999.0, 22.52, 9999.0, 22.75, 22.52, 22.27, 22.3, 22.34
2026-08-23, 00:36:56, 22.34, 22.5, 22.82, 22.77, 9999.0, 9999.0, 9999.0, 23.84, 9999.0, 22.55, 9999.0, 22.75, 22.52, 22.27, 22.3, 22.34
2026-08-23, 00:37:00, 22.32, 22.5, 22.82, 22.77, 9999.0, 9999.0, 9999.0, 23.89, 9999.0, 22.55, 9999.0, 22.75, 22.52, 22.27, 22.32, 22.32
2026-08-23, 00:37:04, 22.32, 22.5, 22.82, 22.77, 9999.0, 9999.0, 9999.0, 23.91, 9999.0, 22.52, 9999.0, 22.75, 22.52, 22.27, 22.32, 22.32
2026-08-23, 00:37:08, 22.32, 22.5, 22.8, 22.77, 9999.0, 9999.0, 9999.0, 23.95, 9999.0, 22.5, 9999.0, 22.73, 22.52, 22.27, 22.3, 22.3
2026-08-23, 00:37:12, 22.3, 22.5, 22.8, 22.77, 9999.0, 9999.0, 9999.0, 24.0, 9999.0, 22.45, 9999.0, 22.7, 22.52, 22.27, 22.27, 22.3
2026-08-23, 00:37:16, 22.3, 22.5, 22.77, 22.77, 9999.0, 9999.0, 9999.0, 24.05, 9999.0, 22.43, 9999.0, 22.7, 22.5, 22.25, 22.27, 22.27
2026-08-23, 00:37:20, 22.3, 22.5, 22.77, 22.77, 9999.0, 9999.0, 9999.0, 24.0, 9999.0, 22.41, 9999.0, 22.7, 22.5, 22.25, 22.27, 22.27
2026-08-23, 00:37:24, 22.32, 22.5, 22.8, 22.77, 9999.0, 9999.0, 9999.0, 23.95, 9999.0, 22.39, 9999.0, 22.73, 22.5, 22.25, 22.27, 22.27
2026-08-23, 00:37:28, 22.34, 22.5, 22.8, 22.77, 9999.0, 9999.0, 9999.0, 23.91, 9999.0, 22.39, 9999.0, 22.75, 22.52, 22.25, 22.27, 22.27
2026-08-23, 00:37:32, 22.32, 22.5, 22.82, 22.8, 9999.0, 9999.0, 9999.0, 23.89, 9999.0, 22.36, 9999.0, 22.77, 22.52, 22.25, 22.3, 22.27
2026-08-23, 00:37:36, 22.3, 22.5, 22.82, 22.8, 9999.0, 9999.0, 9999.0, 23.86, 9999.0, 22.36, 9999.0, 22.77, 22.52, 22.25, 22.3, 22.25
2026-08-23, 00:37:40, 22.3, 22.5, 22.8, 22.77, 9999.0, 9999.0, 9999.0, 23.82, 9999.0, 22.36, 9999.0, 22.77, 22.52, 22.25, 22.3, 22.25
2026-08-23, 00:37:44, 22.3, 22.5, 22.8, 22.77, 9999.0, 9999.0, 9999.0, 23.8, 9999.0, 22.39, 9999.0, 22.77, 22.52, 22.25, 22.3, 22.25
2026-08-23, 00:37:48, 22.32, 22.5, 22.8, 22.77, 9999.0, 9999.0, 9999.0, 23.77, 9999.0, 22.43, 9999.0, 22.77, 22.52, 22.25, 22.32, 22.25
2026-08-23, 00:37:52, 22.34, 22.5, 22.8, 22.77, 9999.0, 9999.0, 9999.0, 23.73, 9999.0, 22.48, 9999.0, 22.8, 22.52, 22.25, 22.34, 22.25
2026-08-23, 00:37:56, 22.34, 22.5, 22.8, 22.77, 9999.0, 9999.0, 9999.0, 23.75, 9999.0, 22.52, 9999.0, 22.82, 22.52, 22.25, 22.36, 22.25
2026-08-23, 00:38:00, 22.34, 22.5, 22.8, 22.77, 9999.0, 9999.0, 9999.0, 23.77, 9999.0, 22.55, 9999.0, 22.82, 22.52, 22.25, 22.39, 22.25
2026-08-23, 00:38:04, 22.34, 22.5, 22.8, 22.8, 9999.0, 9999.0, 9999.0, 23.8, 9999.0, 22.55, 9999.0, 22.82, 22.55, 22.25, 22.39, 22.25
2026-08-23, 00:38:08, 22.34, 22.5, 22.77, 22.8, 9999.0, 9999.0, 9999.0, 23.84, 9999.0, 22.57, 9999.0, 22.8, 22.55, 22.25, 22.39, 22.27
2026-08-23, 00:38:12, 22.34, 22.5, 22.77, 22.8, 9999.0, 9999.0, 9999.0, 23.86, 9999.0, 22.57, 9999.0, 22.77, 22.52, 22.25, 22.39, 22.27
2026-08-23, 00:38:16, 22.34, 22.5, 22.75, 22.77, 9999.0, 9999.0, 9999.0, 23.89, 9999.0, 22.59, 9999.0, 22.75, 22.52, 22.25, 22.36, 22.27
2026-08-23, 00:38:20, 22.34, 22.5, 22.75, 22.77, 9999.0, 9999.0, 9999.0, 23.91, 9999.0, 22.59, 9999.0, 22.75, 22.52, 22.25, 22.36, 22.27
2026-08-23, 00:38:24, 22.34, 22.5, 22.75, 22.77, 9999.0, 9999.0, 9999.0, 23.95, 9999.0, 22.59, 9999.0, 22.75, 22.52, 22.25, 22.36, 22.27
2026-08-23, 00:38:28, 22.34, 22.5, 22.75, 22.77, 9999.0, 9999.0, 9999.0, 23.98, 9999.0, 22.57, 9999.0, 22.73, 22.52, 22.25, 22.34, 22.27
2026-08-23, 00:38:32, 22.34, 22.5, 22.75, 22.77, 9999.0, 9999.0, 9999.0, 24.02, 9999.0, 22.55, 9999.0, 22.73, 22.52, 22.25, 22.34, 22.27
2026-08-23, 00:38:36, 22.34, 22.5, 22.75, 22.77, 9999.0, 9999.0, 9999.0, 24.05, 9999.0, 22.52, 9999.0, 22.73, 22.52, 22.25, 22.32, 22.27
2026-08-23, 00:38:40, 22.34, 22.5, 22.77, 22.77, 9999.0, 9999.0, 9999.0, 24.0, 9999.0, 22.5, 9999.0, 22.73, 22.52, 22.25, 22.3, 22.27
2026-08-23, 00:38:44, 22.36, 22.5, 22.8, 22.77, 9999.0, 9999.0, 9999.0, 23.95, 9999.0, 22.48, 9999.0, 22.75, 22.52, 22.25, 22.27, 22.27
2026-08-23, 00:38:48, 22.36, 22.5, 22.82, 22.75, 9999.0, 9999.0, 9999.0, 23.93, 9999.0, 22.45, 9999.0, 22.77, 22.5, 22.25, 22.27, 22.27
2026-08-23, 00:38:52, 22.36, 22.5, 22.84, 22.75, 9999.0, 9999.0, 9999.0, 23.89, 9999.0, 22.45, 9999.0, 22.77, 22.5, 22.25, 22.27, 22.25
2026-08-23, 00:38:56, 22.36, 22.5, 22.84, 22.75, 9999.0, 9999.0, 9999.0, 23.86, 9999.0, 22.45, 9999.0, 22.77, 22.5, 22.25, 22.27, 22.25
2026-08-23, 00:39:00, 22.36, 22.5, 22.84, 22.75, 9999.0, 9999.0, 9999.0, 23.84, 9999.0, 22.48, 9999.0, 22.77, 22.5, 22.25, 22.3, 22.25
2026-08-23, 00:39:04, 22.36, 22.5, 22.84, 22.75, 9999.0, 9999.0, 9999.0, 23.8, 9999.0, 22.5, 9999.0, 22.77, 22.5, 22.25, 22.32, 22.25
2026-08-23, 00:39:08, 22.39, 22.5, 22.84, 22.75, 9999.0, 9999.0, 9999.0, 23.75, 9999.0, 22.52, 9999.0, 22.77, 22.5, 22.25, 22.34, 22.25
2026-08-23, 00:39:12, 22.41, 22.5, 22.84, 22.75, 9999.0, 9999.0, 9999.0, 23.77, 9999.0, 22.55, 9999.0, 22.8, 22.5, 22.25, 22.34, 22.25
2026-08-23, 00:39:16, 22.41, 22.5, 22.84, 22.75, 9999.0, 9999.0, 9999.0, 23.8, 9999.0, 22.57, 9999.0, 22.8, 22.5, 22.25, 22.32, 22.25
2026-08-23, 00:39:20, 22.41, 22.5, 22.84, 22.75, 9999.0, 9999.0, 9999.0, 23.84, 9999.0, 22.59, 9999.0, 22.8, 22.5, 22.25, 22.32, 22.25
2026-08-23, 00:39:24, 22.41, 22.5, 22.82, 22.75, 9999.0, 9999.0, 9999.0, 23.89, 9999.0, 22.59, 9999.0, 22.8, 22.5, 22.25, 22.34, 22.25
2026-08-23, 00:39:28, 22.39, 22.5, 22.8, 22.75, 9999.0, 9999.0, 9999.0, 23.91, 9999.0, 22.61, 9999.0, 22.77, 22.5, 22.25, 22.34, 22.25
2026-08-23, 00:39:32, 22.41, 22.5, 22.77, 22.75, 9999.0, 9999.0, 9999.0, 23.93, 9999.0, 22.64, 9999.0, 22.75, 22.5, 22.27, 22.34, 22.25
2026-08-23, 00:39:37, 22.39, 22.5, 22.75, 22.75, 9999.0, 9999.0, 9999.0, 23.95, 9999.0, 22.64, 9999.0, 22.75, 22.5, 22.27, 22.34, 22.25
2026-08-23, 00:39:41, 22.36, 22.5, 22.75, 22.75, 9999.0, 9999.0, 9999.0, 23.98, 9999.0, 22.64, 9999.0, 22.73, 22.5, 22.27, 22.36, 22.25
2026-08-23, 00:39:45, 22.36, 22.5, 22.75, 22.75, 9999.0, 9999.0, 9999.0, 24.0, 9999.0, 22.61, 9999.0, 22.73, 22.5, 22.27, 22.34, 22.25
2026-08-23, 00:39:49, 22.36, 22.5, 22.75, 22.75, 9999.0, 9999.0, 9999.0, 24.05, 9999.0, 22.59, 9999.0, 22.73, 22.5, 22.27, 22.32, 22.25
2026-08-23, 00:39:53, 22.34, 22.5, 22.75, 22.75, 9999.0, 9999.0, 9999.0, 24.09, 9999.0, 22.57, 9999.0, 22.73, 22.5, 22.27, 22.3, 22.25
2026-08-23, 00:39:57, 22.32, 22.5, 22.75, 22.75, 9999.0, 9999.0, 9999.0, 24.05, 9999.0, 22.55, 9999.0, 22.73, 22.5, 22.27, 22.3, 22.25
2026-08-23, 00:40:01, 22.3, 22.5, 22.75, 22.75, 9999.0, 9999.0, 9999.0, 24.0, 9999.0, 22.52, 9999.0, 22.75, 22.5, 22.27, 22.3, 22.25
2026-08-23, 00:40:05, 22.27, 22.5, 22.75, 22.75, 9999.0, 9999.0, 9999.0, 23.98, 9999.0, 22.5, 9999.0, 22.77, 22.5, 22.27, 22.3, 22.25
2026-08-23, 00:40:09, 22.27, 22.5, 22.75, 22.75, 9999.0, 9999.0, 9999.0, 23.93, 9999.0, 22.5, 9999.0, 22.77, 22.5, 22.27, 22.3, 22.25
2026-08-23, 00:40:13, 22.3, 22.5, 22.75, 22.77, 9999.0, 9999.0, 9999.0, 23.91, 9999.0, 22.5, 9999.0, 22.77, 22.5, 22.27, 22.3, 22.25
2026-08-23, 00:40:17, 22.27, 22.5, 22.75, 22.77, 9999.0, 9999.0, 9999.0, 23.89, 9999.0, 22.5, 9999.0, 22.77, 22.5, 22.25, 22.3, 22.25
2026-08-23, 00:40:21, 22.27, 22.5, 22.75, 22.77, 9999.0, 9999.0, 9999.0, 23.84, 9999.0, 22.52, 9999.0, 22.77, 22.5, 22.25, 22.3, 22.25
2026-08-23, 00:40:25, 22.27, 22.5, 22.75, 22.77, 9999.0, 9999.0, 9999.0, 23.8, 9999.0, 22.55, 9999.0, 22.8, 22.5, 22.25, 22.3, 22.25
2026-08-23, 00:40:29, 22.27, 22.5, 22.75, 22.77, 9999.0, 9999.0, 9999.0, 23.75, 9999.0, 22.57, 9999.0, 22.8, 22.5, 22.25, 22.3, 22.25
2026-08-23, 00:40:33, 22.3, 22.5, 22.75, 22.77, 9999.0, 9999.0, 9999.0, 23.77, 9999.0, 22.59, 9999.0, 22.8, 22.5, 22.25, 22.3, 22.25
2026-08-23, 00:40:37, 22.3, 22.5, 22.77, 22.77, 9999.0, 9999.0, 9999.0, 23.8, 9999.0, 22.61, 9999.0, 22.8, 22.5, 22.25, 22.3, 22.25
2026-08-23, 00:40:41, 22.3, 22.5, 22.77, 22.77, 9999.0, 9999.0, 9999.0, 23.84, 9999.0, 22.64, 9999.0, 22.8, 22.5, 22.25, 22.3, 22.25
2026-08-23, 00:40:45, 22.3, 22.5, 22.77, 22.77, 9999.0, 9999.0, 9999.0, 23.89, 9999.0, 22.66, 9999.0, 22.77, 22.5, 22.25, 22.32, 22.25
2026-08-23, 00:40:49, 22.3, 22.5, 22.77, 22.77, 9999.0, 9999.0, 9999.0, 23.89, 9999.0, 22.66, 9999.0, 22.75, 22.5, 22.25, 22.32, 22.25
2026-08-23, 00:40:53, 22.3, 22.5, 22.77, 22.77, 9999.0, 9999.0, 9999.0, 23.91, 9999.0, 22.66, 9999.0, 22.75, 22.5, 22.25, 22.3, 22.25
2026-08-23, 00:40:57, 22.27, 22.5, 22.77, 22.75, 9999.0, 9999.0, 9999.0, 23.91, 9999.0, 22.68, 9999.0, 22.75, 22.5, 22.25, 22.3, 22.25
2026-08-23, 00:41:01, 22.27, 22.5, 22.77, 22.75, 9999.0, 9999.0, 9999.0, 23.93, 9999.0, 22.68, 9999.0, 22.73, 22.5, 22.25, 22.3, 22.25
2026-08-23, 00:41:05, 22.27, 22.5, 22.77, 22.75, 9999.0, 9999.0, 9999.0, 23.98, 9999.0, 22.66, 9999.0, 22.7, 22.5, 22.25, 22.3, 22.25
2026-08-23, 00:41:09, 22.3, 22.5, 22.77, 22.75, 9999.0, 9999.0, 9999.0, 24.02, 9999.0, 22.64, 9999.0, 22.7, 22.5, 22.25, 22.27, 22.25
2026-08-23, 00:41:13, 22.3, 22.5, 22.77, 22.75, 9999.0, 9999.0, 9999.0, 24.07, 9999.0, 22.61, 9999.0, 22.7, 22.5, 22.25, 22.27, 22.25
2026-08-23, 00:41:17, 22.27, 22.5, 22.77, 22.75, 9999.0, 9999.0, 9999.0, 24.02, 9999.0, 22.59, 9999.0, 22.7, 22.5, 22.25, 22.27, 22.25
2026-08-23, 00:41:21, 22.27, 22.5, 22.75, 22.75, 9999.0, 9999.0, 9999.0, 23.98, 9999.0, 22.57, 9999.0, 22.73, 22.5, 22.25, 22.3, 22.25
2026-08-23, 00:41:25, 22.27, 22.5, 22.75, 22.75, 9999.0, 9999.0, 9999.0, 23.93, 9999.0, 22.55, 9999.0, 22.73, 22.5, 22.25, 22.3, 22.25
2026-08-23, 00:41:29, 22.27, 22.5, 22.75, 22.75, 9999.0, 9999.0, 9999.0, 23.89, 9999.0, 22.55, 9999.0, 22.73, 22.5, 22.25, 22.27, 22.25
2026-08-23, 00:41:33, 22.27, 22.5, 22.75, 22.75, 9999.0, 9999.0, 9999.0, 23.86, 9999.0, 22.57, 9999.0, 22.73, 22.5, 22.25, 22.27, 22.25
2026-08-23, 00:41:37, 22.3, 22.5, 22.75, 22.75, 9999.0, 9999.0, 9999.0, 23.82, 9999.0, 22.59, 9999.0, 22.73, 22.5, 22.25, 22.27, 22.25
2026-08-23, 00:41:41, 22.32, 22.5, 22.75, 22.75, 9999.0, 9999.0, 9999.0, 23.8, 9999.0, 22.59, 9999.0, 22.73, 22.5, 22.25, 22.27, 22.25
2026-08-23, 00:41:45, 22.34, 22.5, 22.75, 22.75, 9999.0, 9999.0, 9999.0, 23.77, 9999.0, 22.61, 9999.0, 22.75, 22.5, 22.25, 22.27, 22.25
2026-08-23, 00:41:49, 22.34, 22.5, 22.75, 22.75, 9999.0, 9999.0, 9999.0, 23.82, 9999.0, 22.64, 9999.0, 22.77, 22.5, 22.25, 22.27, 22.25
2026-08-23, 00:41:53, 22.32, 22.5, 22.75, 22.75, 9999.0, 9999.0, 9999.0, 23.84, 9999.0, 22.66, 9999.0, 22.77, 22.5, 22.25, 22.27, 22.25
2026-08-23, 00:41:57, 22.32, 22.5, 22.75, 22.75, 9999.0, 9999.0, 9999.0, 23.86, 9999.0, 22.68, 9999.0, 22.77, 22.5, 22.25, 22.27, 22.25
2026-08-23, 00:42:01, 22.32, 22.5, 22.75, 22.75, 9999.0, 9999.0, 9999.0, 23.91, 9999.0, 22.7, 9999.0, 22.77, 22.5, 22.25, 22.27, 22.25
2026-08-23, 00:42:05, 22.32, 22.5, 22.77, 22.75, 9999.0, 9999.0, 9999.0, 23.95, 9999.0, 22.73, 9999.0, 22.75, 22.5, 22.25, 22.25, 22.25
2026-08-23, 00:42:09, 22.32, 22.5, 22.77, 22.75, 9999.0, 9999.0, 9999.0, 23.98, 9999.0, 22.75, 9999.0, 22.73, 22.5, 22.25, 22.25, 22.25
2026-08-23, 00:42:13, 22.32, 22.5, 22.77, 22.75, 9999.0, 9999.0, 9999.0, 24.0, 9999.0, 22.75, 9999.0, 22.7, 22.5, 22.25, 22.25, 22.25
2026-08-23, 00:42:17, 22.32, 22.5, 22.77, 22.75, 9999.0, 9999.0, 9999.0, 24.02, 9999.0, 22.75, 9999.0, 22.7, 22.5, 22.25, 22.25, 22.25
2026-08-23, 00:42:21, 22.3, 22.5, 22.77, 22.75, 9999.0, 9999.0, 9999.0, 24.07, 9999.0, 22.75, 9999.0, 22.68, 22.5, 22.25, 22.25, 22.25
2026-08-23, 00:42:25, 22.27, 22.5, 22.77, 22.75, 9999.0, 9999.0, 9999.0, 24.11, 9999.0, 22.75, 9999.0, 22.68, 22.5, 22.25, 22.25, 22.25
2026-08-23, 00:42:29, 22.25, 22.5, 22.77, 22.75, 9999.0, 9999.0, 9999.0, 24.14, 9999.0, 22.73, 9999.0, 22.68, 22.5, 22.25, 22.25, 22.25
2026-08-23, 00:42:33, 22.27, 22.5, 22.77, 22.75, 9999.0, 9999.0, 9999.0, 24.09, 9999.0, 22.7, 9999.0, 22.68, 22.5, 22.25, 22.25, 22.25
2026-08-23, 00:42:37, 22.3, 22.5, 22.77, 22.75, 9999.0, 9999.0, 9999.0, 24.07, 9999.0, 22.68, 9999.0, 22.7, 22.5, 22.25, 22.25, 22.25
2026-08-23, 00:42:41, 22.3, 22.5, 22.77, 22.75, 9999.0, 9999.0, 9999.0, 24.02, 9999.0, 22.66, 9999.0, 22.7, 22.5, 22.25, 22.25, 22.27
2026-08-23, 00:42:45, 22.3, 22.5, 22.77, 22.75, 9999.0, 9999.0, 9999.0, 23.98, 9999.0, 22.66, 9999.0, 22.7, 22.5, 22.25, 22.27, 22.27
2026-08-23, 00:42:49, 22.3, 22.5, 22.75, 22.75, 9999.0, 9999.0, 9999.0, 23.93, 9999.0, 22.66, 9999.0, 22.7, 22.5, 22.25, 22.3, 22.27
2026-08-23, 00:42:53, 22.3, 22.5, 22.75, 22.75, 9999.0, 9999.0, 9999.0, 23.91, 9999.0, 22.66, 9999.0, 22.73, 22.5, 22.25, 22.3, 22.27
2026-08-23, 00:42:57, 22.3, 22.5, 22.75, 22.75, 9999.0, 9999.0, 9999.0, 23.89, 9999.0, 22.66, 9999.0, 22.75, 22.5, 22.25, 22.3, 22.3
2026-08-23, 00:43:01, 22.3, 22.5, 22.75, 22.75, 9999.0, 9999.0, 9999.0, 23.84, 9999.0, 22.66, 9999.0, 22.75, 22.5, 22.25, 22.3, 22.3
2026-08-23, 00:43:05, 22.3, 22.5, 22.75, 22.75, 9999.0, 9999.0, 9999.0, 23.89, 9999.0, 22.66, 9999.0, 22.77, 22.5, 22.25, 22.3, 22.3
2026-08-23, 00:43:09, 22.3, 22.5, 22.75, 22.75, 9999.0, 9999.0, 9999.0, 23.91, 9999.0, 22.66, 9999.0, 22.77, 22.5, 22.25, 22.3, 22.3
2026-08-23, 00:43:13, 22.3, 22.5, 22.75, 22.75, 9999.0, 9999.0, 9999.0, 23.93, 9999.0, 22.68, 9999.0, 22.77, 22.5, 22.25, 22.3, 22.3
2026-08-23, 00:43:17, 22.3, 22.5, 22.75, 22.75, 9999.0, 9999.0, 9999.0, 23.95, 9999.0, 22.7, 9999.0, 22.77, 22.5, 22.25, 22.3, 22.3
2026-08-23, 00:43:21, 22.3, 22.5, 22.75, 22.75, 9999.0, 9999.0, 9999.0, 23.98, 9999.0, 22.73, 9999.0, 22.75, 22.5, 22.25, 22.3, 22.3
2026-08-23, 00:43:26, 22.32, 22.5, 22.75, 22.75, 9999.0, 9999.0, 9999.0, 24.02, 9999.0, 22.73, 9999.0, 22.73, 22.5, 22.25, 22.3, 22.27
2026-08-23, 00:43:30, 22.32, 22.5, 22.75, 22.75, 9999.0, 9999.0, 9999.0, 24.07, 9999.0, 22.73, 9999.0, 22.7, 22.5, 22.25, 22.27, 22.27
2026-08-23, 00:43:34, 22.32, 22.5, 22.75, 22.75, 9999.0, 9999.0, 9999.0, 24.09, 9999.0, 22.73, 9999.0, 22.68, 22.5, 22.25, 22.25, 22.27
2026-08-23, 00:43:38, 22.32, 22.5, 22.75, 22.75, 9999.0, 9999.0, 9999.0, 24.14, 9999.0, 22.73, 9999.0, 22.68, 22.5, 22.25, 22.25, 22.27
2026-08-23, 00:43:42, 22.32, 22.5, 22.75, 22.75, 9999.0, 9999.0, 9999.0, 24.16, 9999.0, 22.7, 9999.0, 22.68, 22.5, 22.25, 22.25, 22.25
2026-08-23, 00:43:46, 22.32, 22.5, 22.75, 22.75, 9999.0, 9999.0, 9999.0, 24.2, 9999.0, 22.7, 9999.0, 22.68, 22.5, 22.25, 22.25, 22.25
2026-08-23, 00:43:50, 22.32, 22.5, 22.75, 22.75, 9999.0, 9999.0, 9999.0, 24.16, 9999.0, 22.7, 9999.0, 22.68, 22.5, 22.25, 22.25, 22.25
2026-08-23, 00:43:54, 22.32, 22.5, 22.75, 22.75, 9999.0, 9999.0, 9999.0, 24.14, 9999.0, 22.68, 9999.0, 22.68, 22.5, 22.25, 22.25, 22.25
2026-08-23, 00:43:58, 22.32, 22.5, 22.75, 22.75, 9999.0, 9999.0, 9999.0, 24.09, 9999.0, 22.66, 9999.0, 22.7, 22.5, 22.25, 22.25, 22.25
2026-08-23, 00:44:02, 22.3, 22.5, 22.75, 22.75, 9999.0, 9999.0, 9999.0, 24.05, 9999.0, 22.66, 9999.0, 22.7, 22.5, 22.25, 22.25, 22.25
2026-08-23, 00:44:06, 22.27, 22.5, 22.75, 22.75, 9999.0, 9999.0, 9999.0, 24.0, 9999.0, 22.66, 9999.0, 22.7, 22.5, 22.25, 22.25, 22.25
2026-08-23, 00:44:10, 22.25, 22.5, 22.75, 22.75, 9999.0, 9999.0, 9999.0, 23.95, 9999.0, 22.68, 9999.0, 22.73, 22.5, 22.25, 22.25, 22.25
2026-08-23, 00:44:14, 22.25, 22.5, 22.75, 22.75, 9999.0, 9999.0, 9999.0, 23.91, 9999.0, 22.7, 9999.0, 22.75, 22.5, 22.25, 22.27, 22.25
2026-08-23, 00:44:18, 22.25, 22.5, 22.75, 22.75, 9999.0, 9999.0, 9999.0, 23.86, 9999.0, 22.7, 9999.0, 22.77, 22.5, 22.25, 22.27, 22.25
2026-08-23, 00:44:22, 22.27, 22.5, 22.75, 22.75, 9999.0, 9999.0, 9999.0, 23.8, 9999.0, 22.7, 9999.0, 22.77, 22.5, 22.25, 22.27, 22.25
2026-08-23, 00:44:26, 22.27, 22.5, 22.75, 22.75, 9999.0, 9999.0, 9999.0, 23.82, 9999.0, 22.73, 9999.0, 22.77, 22.5, 22.25, 22.27, 22.25
2026-08-23, 00:44:30, 22.27, 22.5, 22.75, 22.75, 9999.0, 9999.0, 9999.0, 23.84, 9999.0, 22.73, 9999.0, 22.77, 22.5, 22.25, 22.27, 22.25
2026-08-23, 00:44:34, 22.27, 22.5, 22.75, 22.75, 9999.0, 9999.0, 9999.0, 23.86, 9999.0, 22.73, 9999.0, 22.77, 22.5, 22.25, 22.27, 22.25
2026-08-23, 00:44:38, 22.3, 22.5, 22.75, 22.75, 9999.0, 9999.0, 9999.0, 23.89, 9999.0, 22.75, 9999.0, 22.77, 22.5, 22.25, 22.27, 22.25
2026-08-23, 00:44:42, 22.3, 22.5, 22.75, 22.75, 9999.0, 9999.0, 9999.0, 23.91, 9999.0, 22.77, 9999.0, 22.73, 22.5, 22.25, 22.27, 22.25
2026-08-23, 00:44:46, 22.3, 22.5, 22.75, 22.75, 9999.0, 9999.0, 9999.0, 23.93, 9999.0, 22.77, 9999.0, 22.7, 22.5, 22.25, 22.27, 22.25
2026-08-23, 00:44:50, 22.3, 22.5, 22.75, 22.75, 9999.0, 9999.0, 9999.0, 23.95, 9999.0, 22.77, 9999.0, 22.68, 22.5, 22.25, 22.27, 22.25
2026-08-23, 00:44:54, 22.3, 22.5, 22.75, 22.75, 9999.0, 9999.0, 9999.0, 24.0, 9999.0, 22.75, 9999.0, 22.66, 22.5, 22.25, 22.27, 22.25
2026-08-23, 00:44:58, 22.3, 22.5, 22.75, 22.75, 9999.0, 9999.0, 9999.0, 24.05, 9999.0, 22.7, 9999.0, 22.64, 22.5, 22.25, 22.25, 22.25
2026-08-23, 00:45:02, 22.3, 22.5, 22.75, 22.75, 9999.0, 9999.0, 9999.0, 24.09, 9999.0, 22.68, 9999.0, 22.64, 22.5, 22.25, 22.25, 22.25
2026-08-23, 00:45:06, 22.27, 22.5, 22.75, 22.75, 9999.0, 9999.0, 9999.0, 24.14, 9999.0, 22.68, 9999.0, 22.64, 22.5, 22.25, 22.25, 22.25
2026-08-23, 00:45:10, 22.27, 22.5, 22.75, 22.75, 9999.0, 9999.0, 9999.0, 24.11, 9999.0, 22.68, 9999.0, 22.66, 22.5, 22.25, 22.25, 22.25
2026-08-23, 00:45:14, 22.3, 22.5, 22.75, 22.75, 9999.0, 9999.0, 9999.0, 24.09, 9999.0, 22.66, 9999.0, 22.68, 22.5, 22.25, 22.25, 22.25
2026-08-23, 00:45:18, 22.3, 22.5, 22.75, 22.75, 9999.0, 9999.0, 9999.0, 24.05, 9999.0, 22.64, 9999.0, 22.68, 22.5, 22.25, 22.25, 22.25
2026-08-23, 00:45:22, 22.27, 22.5, 22.75, 22.75, 9999.0, 9999.0, 9999.0, 24.0, 9999.0, 22.64, 9999.0, 22.68, 22.5, 22.25, 22.25, 22.25
2026-08-23, 00:45:26, 22.27, 22.5, 22.75, 22.75, 9999.0, 9999.0, 9999.0, 23.98, 9999.0, 22.64, 9999.0, 22.7, 22.5, 22.25, 22.25, 22.25
2026-08-23, 00:45:30, 22.27, 22.5, 22.75, 22.75, 9999.0, 9999.0, 9999.0, 23.95, 9999.0, 22.64, 9999.0, 22.73, 22.5, 22.25, 22.25, 22.25
2026-08-23, 00:45:34, 22.27, 22.5, 22.75, 22.75, 9999.0, 9999.0, 9999.0, 23.91, 9999.0, 22.66, 9999.0, 22.75, 22.5, 22.25, 22.27, 22.25
2026-08-23, 00:45:38, 22.3, 22.5, 22.75, 22.75, 9999.0, 9999.0, 9999.0, 23.86, 9999.0, 22.7, 9999.0, 22.77, 22.5, 22.25, 22.27, 22.25
2026-08-23, 00:45:42, 22.3, 22.5, 22.75, 22.75, 9999.0, 9999.0, 9999.0, 23.86, 9999.0, 22.73, 9999.0, 22.8, 22.5, 22.25, 22.27, 22.25
2026-08-23, 00:45:46, 22.3, 22.5, 22.75, 22.75, 9999.0, 9999.0, 9999.0, 23.89, 9999.0, 22.75, 9999.0, 22.8, 22.5, 22.25, 22.27, 22.25
2026-08-23, 00:45:50, 22.3, 22.5, 22.75, 22.75, 9999.0, 9999.0, 9999.0, 23.91, 9999.0, 22.75, 9999.0, 22.8, 22.5, 22.25, 22.27, 22.25
2026-08-23, 00:45:54, 22.3, 22.5, 22.75, 22.75, 9999.0, 9999.0, 9999.0, 23.93, 9999.0, 22.75, 9999.0, 22.77, 22.5, 22.25, 22.27, 22.25
2026-08-23, 00:45:58, 22.27, 22.5, 22.75, 22.75, 9999.0, 9999.0, 9999.0, 23.95, 9999.0, 22.77, 9999.0, 22.73, 22.5, 22.25, 22.27, 22.25
2026-08-23, 00:46:02, 22.3, 22.5, 22.75, 22.75, 9999.0, 9999.0, 9999.0, 23.98, 9999.0, 22.8, 9999.0, 22.7, 22.5, 22.25, 22.27, 22.25
2026-08-23, 00:46:06, 22.3, 22.5, 22.75, 22.75, 9999.0, 9999.0, 9999.0, 24.0, 9999.0, 22.8, 9999.0, 22.68, 22.5, 22.25, 22.27, 22.25
2026-08-23, 00:46:10, 22.3, 22.5, 22.75, 22.75, 9999.0, 9999.0, 9999.0, 24.02, 9999.0, 22.8, 9999.0, 22.66, 22.5, 22.25, 22.27, 22.25
2026-08-23, 00:46:14, 22.3, 22.5, 22.75, 22.75, 9999.0, 9999.0, 9999.0, 24.05, 9999.0, 22.77, 9999.0, 22.64, 22.5, 22.25, 22.27, 22.25
2026-08-23, 00:46:18, 22.3, 22.5, 22.75, 22.75, 9999.0, 9999.0, 9999.0, 24.09, 9999.0, 22.73, 9999.0, 22.64, 22.48, 22.25, 22.25, 22.25
2026-08-23, 00:46:22, 22.27, 22.5, 22.75, 22.75, 9999.0, 9999.0, 9999.0, 24.11, 9999.0, 22.68, 9999.0, 22.64, 22.48, 22.25, 22.25, 22.25
2026-08-23, 00:46:26, 22.27, 22.5, 22.75, 22.75, 9999.0, 9999.0, 9999.0, 24.09, 9999.0, 22.66, 9999.0, 22.64, 22.48, 22.25, 22.25, 22.25
2026-08-23, 00:46:30, 22.27, 22.5, 22.75, 22.75, 9999.0, 9999.0, 9999.0, 24.07, 9999.0, 22.64, 9999.0, 22.66, 22.48, 22.25, 22.25, 22.25
2026-08-23, 00:46:34, 22.27, 22.5, 22.75, 22.75, 9999.0, 9999.0, 9999.0, 24.02, 9999.0, 22.61, 9999.0, 22.68, 22.48, 22.25, 22.25, 22.25
2026-08-23, 00:46:38, 22.3, 22.5, 22.75, 22.75, 9999.0, 9999.0, 9999.0, 23.98, 9999.0, 22.61, 9999.0, 22.7, 22.48, 22.25, 22.27, 22.25
2026-08-23, 00:46:42, 22.3, 22.5, 22.75, 22.75, 9999.0, 9999.0, 9999.0, 23.93, 9999.0, 22.61, 9999.0, 22.73, 22.48, 22.25, 22.27, 22.25
2026-08-23, 00:46:46, 22.27, 22.5, 22.75, 22.75, 9999.0, 9999.0, 9999.0, 23.91, 9999.0, 22.61, 9999.0, 22.75, 22.48, 22.25, 22.27, 22.25
2026-08-23, 00:46:50, 22.27, 22.5, 22.75, 22.75, 9999.0, 9999.0, 9999.0, 23.89, 9999.0, 22.61, 9999.0, 22.77, 22.48, 22.25, 22.27, 22.25
2026-08-23, 00:46:54, 22.3, 22.5, 22.75, 22.75, 9999.0, 9999.0, 9999.0, 23.86, 9999.0, 22.61, 9999.0, 22.8, 22.48, 22.25, 22.27, 22.25
2026-08-23, 00:46:58, 22.3, 22.5, 22.75, 22.75, 9999.0, 9999.0, 9999.0, 23.91, 9999.0, 22.64, 9999.0, 22.82, 22.48, 22.25, 22.27, 22.25
2026-08-23, 00:47:02, 22.3, 22.5, 22.75, 22.75, 9999.0, 9999.0, 9999.0, 23.93, 9999.0, 22.66, 9999.0, 22.82, 22.5, 22.25, 22.27, 22.25
2026-08-23, 00:47:06, 22.32, 22.5, 22.75, 22.75, 9999.0, 9999.0, 9999.0, 23.95, 9999.0, 22.68, 9999.0, 22.82, 22.5, 22.25, 22.27, 22.25
2026-08-23, 00:47:10, 22.32, 22.5, 22.75, 22.75, 9999.0, 9999.0, 9999.0, 23.98, 9999.0, 22.68, 9999.0, 22.82, 22.5, 22.25, 22.27, 22.25
2026-08-23, 00:47:15, 22.32, 22.5, 22.75, 22.75, 9999.0, 9999.0, 9999.0, 24.0, 9999.0, 22.68, 9999.0, 22.8, 22.5, 22.25, 22.27, 22.25
2026-08-23, 00:47:19, 22.32, 22.5, 22.75, 22.75, 9999.0, 9999.0, 9999.0, 24.02, 9999.0, 22.68, 9999.0, 22.75, 22.5, 22.25, 22.27, 22.25
2026-08-23, 00:47:23, 22.3, 22.5, 22.75, 22.75, 9999.0, 9999.0, 9999.0, 24.05, 9999.0, 22.66, 9999.0, 22.7, 22.5, 22.25, 22.25, 22.25
2026-08-23, 00:47:27, 22.3, 22.5, 22.75, 22.75, 9999.0, 9999.0, 9999.0, 24.07, 9999.0, 22.64, 9999.0, 22.68, 22.5, 22.25, 22.25, 22.25
2026-08-23, 00:47:31, 22.3, 22.5, 22.75, 22.75, 9999.0, 9999.0, 9999.0, 24.09, 9999.0, 22.61, 9999.0, 22.66, 22.5, 22.25, 22.25, 22.25
2026-08-23, 00:47:35, 22.3, 22.5, 22.75, 22.75, 9999.0, 9999.0, 9999.0, 24.11, 9999.0, 22.59, 9999.0, 22.66, 22.5, 22.25, 22.25, 22.25
2026-08-23, 00:47:39, 22.27, 22.5, 22.75, 22.75, 9999.0, 9999.0, 9999.0, 24.14, 9999.0, 22.57, 9999.0, 22.66, 22.5, 22.25, 22.25, 22.25
2026-08-23, 00:47:43, 22.27, 22.5, 22.75, 22.75, 9999.0, 9999.0, 9999.0, 24.09, 9999.0, 22.55, 9999.0, 22.66, 22.5, 22.25, 22.25, 22.25
2026-08-23, 00:47:47, 22.3, 22.5, 22.75, 22.75, 9999.0, 9999.0, 9999.0, 24.07, 9999.0, 22.52, 9999.0, 22.68, 22.5, 22.25, 22.25, 22.25
2026-08-23, 00:47:51, 22.3, 22.5, 22.75, 22.75, 9999.0, 9999.0, 9999.0, 24.05, 9999.0, 22.5, 9999.0, 22.7, 22.5, 22.25, 22.25, 22.25
2026-08-23, 00:47:55, 22.3, 22.5, 22.75, 22.75, 9999.0, 9999.0, 9999.0, 24.0, 9999.0, 22.5, 9999.0, 22.7, 22.5, 22.25, 22.25, 22.25
2026-08-23, 00:47:59, 22.3, 22.5, 22.75, 22.75, 9999.0, 9999.0, 9999.0, 23.95, 9999.0, 22.5, 9999.0, 22.7, 22.5, 22.25, 22.25, 22.25
2026-08-23, 00:48:03, 22.3, 22.48, 22.75, 22.75, 9999.0, 9999.0, 9999.0, 23.93, 9999.0, 22.5, 9999.0, 22.73, 22.5, 22.25, 22.25, 22.25
2026-08-23, 00:48:07, 22.3, 22.48, 22.75, 22.75, 9999.0, 9999.0, 9999.0, 23.91, 9999.0, 22.52, 9999.0, 22.75, 22.5, 22.25, 22.25, 22.25
2026-08-23, 00:48:11, 22.3, 22.48, 22.75, 22.75, 9999.0, 9999.0, 9999.0, 23.86, 9999.0, 22.55, 9999.0, 22.77, 22.5, 22.25, 22.25, 22.25
2026-08-23, 00:48:15, 22.32, 22.48, 22.75, 22.75, 9999.0, 9999.0, 9999.0, 23.91, 9999.0, 22.57, 9999.0, 22.8, 22.5, 22.25, 22.25, 22.25
2026-08-23, 00:48:19, 22.32, 22.48, 22.75, 22.75, 9999.0, 9999.0, 9999.0, 23.93, 9999.0, 22.59, 9999.0, 22.8, 22.5, 22.25, 22.25, 22.25
2026-08-23, 00:48:23, 22.32, 22.48, 22.75, 22.75, 9999.0, 9999.0, 9999.0, 23.95, 9999.0, 22.61, 9999.0, 22.8, 22.5, 22.25, 22.25, 22.25
2026-08-23, 00:48:27, 22.32, 22.48, 22.75, 22.75, 9999.0, 9999.0, 9999.0, 23.98, 9999.0, 22.61, 9999.0, 22.77, 22.5, 22.25, 22.25, 22.25
2026-08-23, 00:48:31, 22.3, 22.48, 22.75, 22.75, 9999.0, 9999.0, 9999.0, 24.0, 9999.0, 22.61, 9999.0, 22.75, 22.5, 22.25, 22.25, 22.25
2026-08-23, 00:48:35, 22.27, 22.48, 22.75, 22.75, 9999.0, 9999.0, 9999.0, 24.02, 9999.0, 22.61, 9999.0, 22.7, 22.5, 22.25, 22.25, 22.25
2026-08-23, 00:48:39, 22.27, 22.48, 22.75, 22.75, 9999.0, 9999.0, 9999.0, 24.05, 9999.0, 22.61, 9999.0, 22.68, 22.5, 22.25, 22.25, 22.25
2026-08-23, 00:48:43, 22.27, 22.48, 22.75, 22.75, 9999.0, 9999.0, 9999.0, 24.07, 9999.0, 22.61, 9999.0, 22.66, 22.5, 22.25, 22.25, 22.25
2026-08-23, 00:48:47, 22.27, 22.5, 22.75, 22.75, 9999.0, 9999.0, 9999.0, 24.09, 9999.0, 22.59, 9999.0, 22.64, 22.5, 22.25, 22.25, 22.25
2026-08-23, 00:48:51, 22.27, 22.5, 22.75, 22.75, 9999.0, 9999.0, 9999.0, 24.11, 9999.0, 22.57, 9999.0, 22.61, 22.5, 22.25, 22.25, 22.25
2026-08-23, 00:48:55, 22.27, 22.5, 22.75, 22.75, 9999.0, 9999.0, 9999.0, 24.16, 9999.0, 22.55, 9999.0, 22.61, 22.5, 22.25, 22.25, 22.25
2026-08-23, 00:48:59, 22.25, 22.5, 22.75, 22.75, 9999.0, 9999.0, 9999.0, 24.11, 9999.0, 22.5, 9999.0, 22.61, 22.5, 22.25, 22.25, 22.25
2026-08-23, 00:49:03, 22.25, 22.5, 22.75, 22.75, 9999.0, 9999.0, 9999.0, 24.07, 9999.0, 22.48, 9999.0, 22.61, 22.5, 22.25, 22.25, 22.25
2026-08-23, 00:49:07, 22.25, 22.5, 22.75, 22.75, 9999.0, 9999.0, 9999.0, 24.02, 9999.0, 22.45, 9999.0, 22.61, 22.5, 22.25, 22.25, 22.25
2026-08-23, 00:49:11, 22.25, 22.5, 22.75, 22.75, 9999.0, 9999.0, 9999.0, 23.98, 9999.0, 22.43, 9999.0, 22.64, 22.5, 22.25, 22.25, 22.25
2026-08-23, 00:49:15, 22.25, 22.5, 22.75, 22.75, 9999.0, 9999.0, 9999.0, 23.93, 9999.0, 22.43, 9999.0, 22.64, 22.5, 22.25, 22.25, 22.25
2026-08-23, 00:49:19, 22.25, 22.5, 22.75, 22.75, 9999.0, 9999.0, 9999.0, 23.89, 9999.0, 22.43, 9999.0, 22.66, 22.5, 22.25, 22.25, 22.25
2026-08-23, 00:49:23, 22.25, 22.5, 22.75, 22.75, 9999.0, 9999.0, 9999.0, 23.86, 9999.0, 22.45, 9999.0, 22.68, 22.5, 22.25, 22.25, 22.25
2026-08-23, 00:49:27, 22.25, 22.5, 22.75, 22.75, 9999.0, 9999.0, 9999.0, 23.82, 9999.0, 22.48, 9999.0, 22.7, 22.5, 22.25, 22.25, 22.25
2026-08-23, 00:49:31, 22.25, 22.5, 22.75, 22.75, 9999.0, 9999.0, 9999.0, 23.77, 9999.0, 22.52, 9999.0, 22.73, 22.5, 22.25, 22.25, 22.25
2026-08-23, 00:49:35, 22.25, 22.5, 22.75, 22.75, 9999.0, 9999.0, 9999.0, 23.8, 9999.0, 22.52, 9999.0, 22.75, 22.5, 22.25, 22.25, 22.25
2026-08-23, 00:49:39, 22.25, 22.5, 22.75, 22.75, 9999.0, 9999.0, 9999.0, 23.82, 9999.0, 22.52, 9999.0, 22.75, 22.5, 22.25, 22.25, 22.25
2026-08-23, 00:49:43, 22.25, 22.48, 22.75, 22.75, 9999.0, 9999.0, 9999.0, 23.84, 9999.0, 22.55, 9999.0, 22.73, 22.5, 22.25, 22.25, 22.25
2026-08-23, 00:49:47, 22.25, 22.48, 22.75, 22.75, 9999.0, 9999.0, 9999.0, 23.89, 9999.0, 22.55, 9999.0, 22.73, 22.5, 22.25, 22.25, 22.25
2026-08-23, 00:49:51, 22.25, 22.48, 22.75, 22.75, 9999.0, 9999.0, 9999.0, 23.93, 9999.0, 22.55, 9999.0, 22.7, 22.5, 22.25, 22.25, 22.25
2026-08-23, 00:49:55, 22.25, 22.48, 22.75, 22.75, 9999.0, 9999.0, 9999.0, 23.95, 9999.0, 22.55, 9999.0, 22.7, 22.5, 22.25, 22.25, 22.25
2026-08-23, 00:49:59, 22.25, 22.48, 22.75, 22.75, 9999.0, 9999.0, 9999.0, 23.98, 9999.0, 22.52, 9999.0, 22.68, 22.5, 22.25, 22.25, 22.25
2026-08-23, 00:50:03, 22.25, 22.48, 22.75, 22.75, 9999.0, 9999.0, 9999.0, 24.0, 9999.0, 22.5, 9999.0, 22.66, 22.5, 22.25, 22.25, 22.25
2026-08-23, 00:50:07, 22.25, 22.48, 22.75, 22.75, 9999.0, 9999.0, 9999.0, 24.02, 9999.0, 22.45, 9999.0, 22.64, 22.5, 22.25, 22.25, 22.25
2026-08-23, 00:50:11, 22.25, 22.48, 22.75, 22.75, 9999.0, 9999.0, 9999.0, 24.07, 9999.0, 22.41, 9999.0, 22.64, 22.5, 22.25, 22.25, 22.25
2026-08-23, 00:50:15, 22.27, 22.48, 22.75, 22.75, 9999.0, 9999.0, 9999.0, 24.11, 9999.0, 22.36, 9999.0, 22.64, 22.5, 22.25, 22.25, 22.25
2026-08-23, 00:50:19, 22.27, 22.48, 22.75, 22.75, 9999.0, 9999.0, 9999.0, 24.07, 9999.0, 22.34, 9999.0, 22.64, 22.5, 22.25, 22.25, 22.25
2026-08-23, 00:50:23, 22.27, 22.48, 22.75, 22.75, 9999.0, 9999.0, 9999.0, 24.02, 9999.0, 22.32, 9999.0, 22.66, 22.5, 22.25, 22.25, 22.25
2026-08-23, 00:50:27, 22.27, 22.5, 22.75, 22.75, 9999.0, 9999.0, 9999.0, 23.98, 9999.0, 22.3, 9999.0, 22.68, 22.5, 22.25, 22.25, 22.25
2026-08-23, 00:50:31, 22.3, 22.5, 22.75, 22.75, 9999.0, 9999.0, 9999.0, 23.93, 9999.0, 22.3, 9999.0, 22.68, 22.5, 22.25, 22.25, 22.25
2026-08-23, 00:50:35, 22.3, 22.5, 22.75, 22.75, 9999.0, 9999.0, 9999.0, 23.89, 9999.0, 22.3, 9999.0, 22.7, 22.5, 22.25, 22.25, 22.25
2026-08-23, 00:50:39, 22.3, 22.5, 22.75, 22.75, 9999.0, 9999.0, 9999.0, 23.86, 9999.0, 22.32, 9999.0, 22.7, 22.5, 22.25, 22.25, 22.25
2026-08-23, 00:50:43, 22.3, 22.5, 22.75, 22.75, 9999.0, 9999.0, 9999.0, 23.82, 9999.0, 22.36, 9999.0, 22.73, 22.5, 22.25, 22.25, 22.25
2026-08-23, 00:50:47, 22.3, 22.5, 22.75, 22.75, 9999.0, 9999.0, 9999.0, 23.77, 9999.0, 22.39, 9999.0, 22.75, 22.5, 22.25, 22.25, 22.25
2026-08-23, 00:50:51, 22.3, 22.5, 22.75, 22.75, 9999.0, 9999.0, 9999.0, 23.82, 9999.0, 22.41, 9999.0, 22.77, 22.5, 22.25, 22.25, 22.25
2026-08-23, 00:50:55, 22.3, 22.5, 22.75, 22.75, 9999.0, 9999.0, 9999.0, 23.84, 9999.0, 22.43, 9999.0, 22.77, 22.5, 22.25, 22.25, 22.25
2026-08-23, 00:50:59, 22.27, 22.48, 22.75, 22.75, 9999.0, 9999.0, 9999.0, 23.86, 9999.0, 22.45, 9999.0, 22.77, 22.5, 22.25, 22.25, 22.25
2026-08-23, 00:51:04, 22.27, 22.48, 22.75, 22.75, 9999.0, 9999.0, 9999.0, 23.91, 9999.0, 22.48, 9999.0, 22.77, 22.5, 22.25, 22.25, 22.25
2026-08-23, 00:51:08, 22.27, 22.48, 22.75, 22.75, 9999.0, 9999.0, 9999.0, 23.95, 9999.0, 22.5, 9999.0, 22.73, 22.5, 22.25, 22.25, 22.25
2026-08-23, 00:51:12, 22.27, 22.48, 22.75, 22.75, 9999.0, 9999.0, 9999.0, 24.0, 9999.0, 22.52, 9999.0, 22.73, 22.5, 22.25, 22.25, 22.25
2026-08-23, 00:51:16, 22.25, 22.48, 22.75, 22.75, 9999.0, 9999.0, 9999.0, 24.02, 9999.0, 22.5, 9999.0, 22.7, 22.5, 22.25, 22.25, 22.25
2026-08-23, 00:51:20, 22.25, 22.48, 22.75, 22.75, 9999.0, 9999.0, 9999.0, 24.05, 9999.0, 22.48, 9999.0, 22.68, 22.5, 22.25, 22.25, 22.25
2026-08-23, 00:51:24, 22.25, 22.48, 22.75, 22.75, 9999.0, 9999.0, 9999.0, 24.07, 9999.0, 22.45, 9999.0, 22.66, 22.5, 22.25, 22.25, 22.25
2026-08-23, 00:51:28, 22.25, 22.48, 22.75, 22.75, 9999.0, 9999.0, 9999.0, 24.11, 9999.0, 22.41, 9999.0, 22.64, 22.5, 22.25, 22.25, 22.25
2026-08-23, 00:51:32, 22.25, 22.48, 22.75, 22.75, 9999.0, 9999.0, 9999.0, 24.14, 9999.0, 22.39, 9999.0, 22.64, 22.5, 22.25, 22.25, 22.25
2026-08-23, 00:51:36, 22.25, 22.48, 22.75, 22.75, 9999.0, 9999.0, 9999.0, 24.07, 9999.0, 22.36, 9999.0, 22.64, 22.5, 22.25, 22.25, 22.25
2026-08-23, 00:51:40, 22.25, 22.48, 22.75, 22.75, 9999.0, 9999.0, 9999.0, 24.02, 9999.0, 22.34, 9999.0, 22.64, 22.5, 22.25, 22.25, 22.25
2026-08-23, 00:51:44, 22.25, 22.5, 22.75, 22.75, 9999.0, 9999.0, 9999.0, 23.95, 9999.0, 22.32, 9999.0, 22.64, 22.5, 22.25, 22.25, 22.25
2026-08-23, 00:51:48, 22.25, 22.5, 22.75, 22.75, 9999.0, 9999.0, 9999.0, 23.89, 9999.0, 22.3, 9999.0, 22.64, 22.5, 22.25, 22.25, 22.25
2026-08-23, 00:51:52, 22.25, 22.5, 22.75, 22.75, 9999.0, 9999.0, 9999.0, 23.82, 9999.0, 22.27, 9999.0, 22.66, 22.48, 22.25, 22.25, 22.25
2026-08-23, 00:51:56, 22.25, 22.5, 22.75, 22.75, 9999.0, 9999.0, 9999.0, 23.75, 9999.0, 22.27, 9999.0, 22.66, 22.48, 22.25, 22.25, 22.25
2026-08-23, 00:52:00, 22.25, 22.5, 22.75, 22.75, 9999.0, 9999.0, 9999.0, 23.7, 9999.0, 22.3, 9999.0, 22.68, 22.48, 22.25, 22.25, 22.25
2026-08-23, 00:52:04, 22.25, 22.5, 22.75, 22.75, 9999.0, 9999.0, 9999.0, 23.66, 9999.0, 22.32, 9999.0, 22.7, 22.48, 22.25, 22.25, 22.25
2026-08-23, 00:52:08, 22.25, 22.5, 22.75, 22.75, 9999.0, 9999.0, 9999.0, 23.61, 9999.0, 22.34, 9999.0, 22.73, 22.48, 22.25, 22.25, 22.25
2026-08-23, 00:52:12, 22.25, 22.5, 22.75, 22.75, 9999.0, 9999.0, 9999.0, 23.64, 9999.0, 22.36, 9999.0, 22.75, 22.48, 22.25, 22.25, 22.25
2026-08-23, 00:52:16, 22.25, 22.5, 22.75, 22.75, 9999.0, 9999.0, 9999.0, 23.68, 9999.0, 22.39, 9999.0, 22.75, 22.48, 22.25, 22.25, 22.25
2026-08-23, 00:52:20, 22.25, 22.5, 22.75, 22.75, 9999.0, 9999.0, 9999.0, 23.73, 9999.0, 22.41, 9999.0, 22.73, 22.48, 22.25, 22.25, 22.25
2026-08-23, 00:52:24, 22.25, 22.5, 22.75, 22.75, 9999.0, 9999.0, 9999.0, 23.75, 9999.0, 22.43, 9999.0, 22.7, 22.48, 22.25, 22.25, 22.25
2026-08-23, 00:52:28, 22.25, 22.5, 22.75, 22.75, 9999.0, 9999.0, 9999.0, 23.8, 9999.0, 22.43, 9999.0, 22.68, 22.48, 22.25, 22.25, 22.25
2026-08-23, 00:52:32, 22.25, 22.5, 22.75, 22.75, 9999.0, 9999.0, 9999.0, 23.84, 9999.0, 22.43, 9999.0, 22.66, 22.48, 22.25, 22.25, 22.25
2026-08-23, 00:52:36, 22.25, 22.5, 22.75, 22.75, 9999.0, 9999.0, 9999.0, 23.86, 9999.0, 22.43, 9999.0, 22.64, 22.5, 22.25, 22.25, 22.25
2026-08-23, 00:52:40, 22.25, 22.5, 22.75, 22.75, 9999.0, 9999.0, 9999.0, 23.91, 9999.0, 22.41, 9999.0, 22.61, 22.5, 22.25, 22.25, 22.25
2026-08-23, 00:52:44, 22.25, 22.5, 22.75, 22.75, 9999.0, 9999.0, 9999.0, 23.95, 9999.0, 22.39, 9999.0, 22.59, 22.5, 22.25, 22.25, 22.25
2026-08-23, 00:52:48, 22.25, 22.5, 22.75, 22.75, 9999.0, 9999.0, 9999.0, 24.0, 9999.0, 22.36, 9999.0, 22.59, 22.5, 22.25, 22.25, 22.25
2026-08-23, 00:52:52, 22.25, 22.5, 22.75, 22.75, 9999.0, 9999.0, 9999.0, 24.02, 9999.0, 22.34, 9999.0, 22.59, 22.5, 22.25, 22.25, 22.25
2026-08-23, 00:52:56, 22.25, 22.48, 22.75, 22.75, 9999.0, 9999.0, 9999.0, 23.98, 9999.0, 22.32, 9999.0, 22.59, 22.5, 22.25, 22.25, 22.25
2026-08-23, 00:53:00, 22.25, 22.48, 22.75, 22.75, 9999.0, 9999.0, 9999.0, 23.93, 9999.0, 22.3, 9999.0, 22.59, 22.5, 22.25, 22.25, 22.25
2026-08-23, 00:53:04, 22.25, 22.48, 22.75, 22.75, 9999.0, 9999.0, 9999.0, 23.86, 9999.0, 22.25, 9999.0, 22.61, 22.5, 22.25, 22.25, 22.25
2026-08-23, 00:53:08, 22.25, 22.48, 22.75, 22.75, 9999.0, 9999.0, 9999.0, 23.82, 9999.0, 22.23, 9999.0, 22.64, 22.5, 22.25, 22.25, 22.25
2026-08-23, 00:53:12, 22.25, 22.48, 22.75, 22.75, 9999.0, 9999.0, 9999.0, 23.77, 9999.0, 22.23, 9999.0, 22.66, 22.5, 22.25, 22.25, 22.25
2026-08-23, 00:53:16, 22.25, 22.48, 22.75, 22.75, 9999.0, 9999.0, 9999.0, 23.73, 9999.0, 22.23, 9999.0, 22.68, 22.5, 22.25, 22.25, 22.25
2026-08-23, 00:53:20, 22.25, 22.48, 22.75, 22.75, 9999.0, 9999.0, 9999.0, 23.7, 9999.0, 22.23, 9999.0, 22.7, 22.5, 22.25, 22.25, 22.25
2026-08-23, 00:53:24, 22.25, 22.48, 22.75, 22.75, 9999.0, 9999.0, 9999.0, 23.64, 9999.0, 22.25, 9999.0, 22.73, 22.5, 22.25, 22.25, 22.25
2026-08-23, 00:53:28, 22.25, 22.48, 22.75, 22.75, 9999.0, 9999.0, 9999.0, 23.66, 9999.0, 22.25, 9999.0, 22.75, 22.5, 22.25, 22.25, 22.25
2026-08-23, 00:53:32, 22.25, 22.48, 22.75, 22.75, 9999.0, 9999.0, 9999.0, 23.66, 9999.0, 22.25, 9999.0, 22.75, 22.5, 22.25, 22.25, 22.25
2026-08-23, 00:53:36, 22.25, 22.48, 22.75, 22.75, 9999.0, 9999.0, 9999.0, 23.68, 9999.0, 22.25, 9999.0, 22.75, 22.5, 22.25, 22.25, 22.25
2026-08-23, 00:53:40, 22.27, 22.5, 22.75, 22.75, 9999.0, 9999.0, 9999.0, 23.7, 9999.0, 22.25, 9999.0, 22.75, 22.5, 22.25, 22.25, 22.25
2026-08-23, 00:53:44, 22.27, 22.5, 22.75, 22.75, 9999.0, 9999.0, 9999.0, 23.7, 9999.0, 22.25, 9999.0, 22.73, 22.5, 22.25, 22.25, 22.25
2026-08-23, 00:53:48, 22.27, 22.5, 22.75, 22.75, 9999.0, 9999.0, 9999.0, 23.73, 9999.0, 22.27, 9999.0, 22.7, 22.5, 22.25, 22.25, 22.25
2026-08-23, 00:53:52, 22.27, 22.5, 22.75, 22.75, 9999.0, 9999.0, 9999.0, 23.75, 9999.0, 22.27, 9999.0, 22.68, 22.5, 22.25, 22.25, 22.25
2026-08-23, 00:53:56, 22.27, 22.5, 22.75, 22.75, 9999.0, 9999.0, 9999.0, 23.77, 9999.0, 22.27, 9999.0, 22.66, 22.5, 22.25, 22.25, 22.25
2026-08-23, 00:54:00, 22.27, 22.5, 22.75, 22.75, 9999.0, 9999.0, 9999.0, 23.8, 9999.0, 22.27, 9999.0, 22.64, 22.5, 22.25, 22.25, 22.25
2026-08-23, 00:54:04, 22.27, 22.5, 22.75, 22.75, 9999.0, 9999.0, 9999.0, 23.82, 9999.0, 22.27, 9999.0, 22.64, 22.5, 22.25, 22.25, 22.25
2026-08-23, 00:54:08, 22.27, 22.5, 22.75, 22.75, 9999.0, 9999.0, 9999.0, 23.86, 9999.0, 22.23, 9999.0, 22.64, 22.5, 22.25, 22.25, 22.25
2026-08-23, 00:54:12, 22.27, 22.5, 22.75, 22.75, 9999.0, 9999.0, 9999.0, 23.82, 9999.0, 22.2, 9999.0, 22.64, 22.5, 22.25, 22.25, 22.25
2026-08-23, 00:54:16, 22.3, 22.5, 22.75, 22.75, 9999.0, 9999.0, 9999.0, 23.8, 9999.0, 22.18, 9999.0, 22.64, 22.5, 22.25, 22.25, 22.25
2026-08-23, 00:54:20, 22.3, 22.5, 22.75, 22.75, 9999.0, 9999.0, 9999.0, 23.75, 9999.0, 22.16, 9999.0, 22.64, 22.5, 22.25, 22.25, 22.25
2026-08-23, 00:54:24, 22.27, 22.5, 22.75, 22.75, 9999.0, 9999.0, 9999.0, 23.7, 9999.0, 22.14, 9999.0, 22.64, 22.5, 22.25, 22.25, 22.25
2026-08-23, 00:54:28, 22.27, 22.5, 22.75, 22.75, 9999.0, 9999.0, 9999.0, 23.68, 9999.0, 22.14, 9999.0, 22.66, 22.5, 22.25, 22.25, 22.25
2026-08-23, 00:54:32, 22.27, 22.5, 22.75, 22.75, 9999.0, 9999.0, 9999.0, 23.66, 9999.0, 22.14, 9999.0, 22.68, 22.5, 22.25, 22.25, 22.25
2026-08-23, 00:54:36, 22.27, 22.5, 22.75, 22.75, 9999.0, 9999.0, 9999.0, 23.64, 9999.0, 22.14, 9999.0, 22.7, 22.5, 22.25, 22.25, 22.25
2026-08-23, 00:54:40, 22.27, 22.5, 22.75, 22.75, 9999.0, 9999.0, 9999.0, 23.61, 9999.0, 22.14, 9999.0, 22.73, 22.5, 22.25, 22.25, 22.25
2026-08-23, 00:54:44, 22.27, 22.5, 22.75, 22.75, 9999.0, 9999.0, 9999.0, 23.59, 9999.0, 22.14, 9999.0, 22.75, 22.5, 22.25, 22.25, 22.25
2026-08-23, 00:54:49, 22.27, 22.5, 22.75, 22.75, 9999.0, 9999.0, 9999.0, 23.64, 9999.0, 22.14, 9999.0, 22.75, 22.5, 22.25, 22.25, 22.25
2026-08-23, 00:54:53, 22.27, 22.5, 22.75, 22.75, 9999.0, 9999.0, 9999.0, 23.66, 9999.0, 22.16, 9999.0, 22.75, 22.5, 22.25, 22.25, 22.25
2026-08-23, 00:54:57, 22.27, 22.5, 22.75, 22.75, 9999.0, 9999.0, 9999.0, 23.68, 9999.0, 22.18, 9999.0, 22.75, 22.5, 22.25, 22.25, 22.25
2026-08-23, 00:55:01, 22.25, 22.5, 22.75, 22.75, 9999.0, 9999.0, 9999.0, 23.7, 9999.0, 22.2, 9999.0, 22.75, 22.5, 22.25, 22.25, 22.25
2026-08-23, 00:55:05, 22.25, 22.5, 22.75, 22.75, 9999.0, 9999.0, 9999.0, 23.73, 9999.0, 22.23, 9999.0, 22.73, 22.5, 22.25, 22.25, 22.25
2026-08-23, 00:55:09, 22.25, 22.5, 22.75, 22.75, 9999.0, 9999.0, 9999.0, 23.75, 9999.0, 22.23, 9999.0, 22.7, 22.5, 22.25, 22.25, 22.25
2026-08-23, 00:55:13, 22.25, 22.5, 22.75, 22.75, 9999.0, 9999.0, 9999.0, 23.77, 9999.0, 22.2, 9999.0, 22.68, 22.5, 22.25, 22.25, 22.25
2026-08-23, 00:55:17, 22.25, 22.48, 22.75, 22.75, 9999.0, 9999.0, 9999.0, 23.8, 9999.0, 22.18, 9999.0, 22.66, 22.5, 22.25, 22.25, 22.25
2026-08-23, 00:55:21, 22.25, 22.48, 22.75, 22.75, 9999.0, 9999.0, 9999.0, 23.82, 9999.0, 22.16, 9999.0, 22.64, 22.5, 22.25, 22.25, 22.25
2026-08-23, 00:55:25, 22.25, 22.48, 22.75, 22.75, 9999.0, 9999.0, 9999.0, 23.84, 9999.0, 22.14, 9999.0, 22.64, 22.5, 22.25, 22.25, 22.25
2026-08-23, 00:55:29, 22.25, 22.48, 22.75, 22.75, 9999.0, 9999.0, 9999.0, 23.84, 9999.0, 22.11, 9999.0, 22.64, 22.5, 22.25, 22.25, 22.25
2026-08-23, 00:55:33, 22.25, 22.48, 22.75, 22.75, 9999.0, 9999.0, 9999.0, 23.77, 9999.0, 22.09, 9999.0, 22.64, 22.5, 22.25, 22.25, 22.25
2026-08-23, 00:55:37, 22.25, 22.48, 22.75, 22.75, 9999.0, 9999.0, 9999.0, 23.73, 9999.0, 22.07, 9999.0, 22.64, 22.5, 22.25, 22.25, 22.25
2026-08-23, 00:55:41, 22.25, 22.48, 22.75, 22.75, 9999.0, 9999.0, 9999.0, 23.68, 9999.0, 22.05, 9999.0, 22.64, 22.5, 22.25, 22.25, 22.25
2026-08-23, 00:55:45, 22.25, 22.48, 22.75, 22.75, 9999.0, 9999.0, 9999.0, 23.64, 9999.0, 22.05, 9999.0, 22.64, 22.5, 22.25, 22.25, 22.25
2026-08-23, 00:55:49, 22.25, 22.48, 22.75, 22.75, 9999.0, 9999.0, 9999.0, 23.61, 9999.0, 22.05, 9999.0, 22.66, 22.5, 22.25, 22.25, 22.25
2026-08-23, 00:55:53, 22.25, 22.48, 22.75, 22.75, 9999.0, 9999.0, 9999.0, 23.59, 9999.0, 22.07, 9999.0, 22.68, 22.5, 22.25, 22.25, 22.25
2026-08-23, 00:55:57, 22.25, 22.48, 22.75, 22.75, 9999.0, 9999.0, 9999.0, 23.57, 9999.0, 22.11, 9999.0, 22.7, 22.5, 22.25, 22.25, 22.25
2026-08-23, 00:56:01, 22.27, 22.5, 22.75, 22.75, 9999.0, 9999.0, 9999.0, 23.52, 9999.0, 22.14, 9999.0, 22.73, 22.5, 22.25, 22.25, 22.25
2026-08-23, 00:56:05, 22.3, 22.5, 22.75, 22.75, 9999.0, 9999.0, 9999.0, 23.48, 9999.0, 22.18, 9999.0, 22.75, 22.5, 22.25, 22.25, 22.25
2026-08-23, 00:56:09, 22.3, 22.5, 22.75, 22.75, 9999.0, 9999.0, 9999.0, 23.52, 9999.0, 22.2, 9999.0, 22.75, 22.5, 22.25, 22.25, 22.25
2026-08-23, 00:56:13, 22.3, 22.5, 22.75, 22.75, 9999.0, 9999.0, 9999.0, 23.57, 9999.0, 22.23, 9999.0, 22.73, 22.5, 22.25, 22.25, 22.25
2026-08-23, 00:56:17, 22.3, 22.5, 22.75, 22.75, 9999.0, 9999.0, 9999.0, 23.61, 9999.0, 22.25, 9999.0, 22.73, 22.5, 22.25, 22.25, 22.25
2026-08-23, 00:56:21, 22.3, 22.5, 22.75, 22.75, 9999.0, 9999.0, 9999.0, 23.66, 9999.0, 22.27, 9999.0, 22.7, 22.5, 22.25, 22.25, 22.25
2026-08-23, 00:56:25, 22.3, 22.5, 22.75, 22.75, 9999.0, 9999.0, 9999.0, 23.68, 9999.0, 22.3, 9999.0, 22.68, 22.5, 22.25, 22.25, 22.25
2026-08-23, 00:56:29, 22.3, 22.5, 22.75, 22.75, 9999.0, 9999.0, 9999.0, 23.7, 9999.0, 22.27, 9999.0, 22.66, 22.5, 22.25, 22.25, 22.25
2026-08-23, 00:56:33, 22.3, 22.5, 22.75, 22.75, 9999.0, 9999.0, 9999.0, 23.73, 9999.0, 22.27, 9999.0, 22.64, 22.5, 22.25, 22.25, 22.25
2026-08-23, 00:56:37, 22.3, 22.5, 22.75, 22.75, 9999.0, 9999.0, 9999.0, 23.75, 9999.0, 22.27, 9999.0, 22.64, 22.5, 22.25, 22.25, 22.25
2026-08-23, 00:56:41, 22.3, 22.5, 22.75, 22.75, 9999.0, 9999.0, 9999.0, 23.77, 9999.0, 22.25, 9999.0, 22.61, 22.5, 22.25, 22.25, 22.25
2026-08-23, 00:56:45, 22.27, 22.5, 22.75, 22.75, 9999.0, 9999.0, 9999.0, 23.82, 9999.0, 22.23, 9999.0, 22.61, 22.5, 22.25, 22.25, 22.25
2026-08-23, 00:56:49, 22.25, 22.5, 22.75, 22.75, 9999.0, 9999.0, 9999.0, 23.86, 9999.0, 22.18, 9999.0, 22.61, 22.5, 22.25, 22.25, 22.25
2026-08-23, 00:56:53, 22.25, 22.5, 22.75, 22.75, 9999.0, 9999.0, 9999.0, 23.8, 9999.0, 22.16, 9999.0, 22.61, 22.5, 22.25, 22.25, 22.25
2026-08-23, 00:56:57, 22.25, 22.5, 22.75, 22.75, 9999.0, 9999.0, 9999.0, 23.75, 9999.0, 22.14, 9999.0, 22.66, 22.5, 22.25, 22.25, 22.25
2026-08-23, 00:57:01, 22.27, 22.5, 22.75, 22.75, 9999.0, 9999.0, 9999.0, 23.7, 9999.0, 22.11, 9999.0, 22.66, 22.5, 22.25, 22.25, 22.25
2026-08-23, 00:57:05, 22.27, 22.5, 22.75, 22.75, 9999.0, 9999.0, 9999.0, 23.66, 9999.0, 22.11, 9999.0, 22.68, 22.5, 22.25, 22.25, 22.25
2026-08-23, 00:57:09, 22.3, 22.48, 22.75, 22.75, 9999.0, 9999.0, 9999.0, 23.64, 9999.0, 22.11, 9999.0, 22.7, 22.5, 22.25, 22.25, 22.25
2026-08-23, 00:57:13, 22.3, 22.48, 22.75, 22.75, 9999.0, 9999.0, 9999.0, 23.61, 9999.0, 22.14, 9999.0, 22.73, 22.5, 22.25, 22.25, 22.25
2026-08-23, 00:57:17, 22.32, 22.48, 22.75, 22.75, 9999.0, 9999.0, 9999.0, 23.57, 9999.0, 22.14, 9999.0, 22.75, 22.5, 22.25, 22.25, 22.25
2026-08-23, 00:57:21, 22.32, 22.45, 22.75, 22.75, 9999.0, 9999.0, 9999.0, 23.52, 9999.0, 22.14, 9999.0, 22.75, 22.5, 22.25, 22.27, 22.25
2026-08-23, 00:57:25, 22.34, 22.45, 22.75, 22.75, 9999.0, 9999.0, 9999.0, 23.57, 9999.0, 22.14, 9999.0, 22.77, 22.5, 22.25, 22.27, 22.25
2026-08-23, 00:57:29, 22.34, 22.45, 22.75, 22.75, 9999.0, 9999.0, 9999.0, 23.59, 9999.0, 22.16, 9999.0, 22.77, 22.5, 22.25, 22.27, 22.25
2026-08-23, 00:57:33, 22.36, 22.45, 22.75, 22.75, 9999.0, 9999.0, 9999.0, 23.61, 9999.0, 22.18, 9999.0, 22.77, 22.5, 22.25, 22.27, 22.25
2026-08-23, 00:57:37, 22.36, 22.45, 22.75, 22.75, 9999.0, 9999.0, 9999.0, 23.64, 9999.0, 22.18, 9999.0, 22.77, 22.5, 22.25, 22.27, 22.25
2026-08-23, 00:57:41, 22.36, 22.45, 22.75, 22.75, 9999.0, 9999.0, 9999.0, 23.66, 9999.0, 22.2, 9999.0, 22.73, 22.5, 22.25, 22.27, 22.25
2026-08-23, 00:57:45, 22.36, 22.45, 22.75, 22.75, 9999.0, 9999.0, 9999.0, 23.68, 9999.0, 22.2, 9999.0, 22.7, 22.5, 22.25, 22.27, 22.25
2026-08-23, 00:57:49, 22.39, 22.45, 22.75, 22.75, 9999.0, 9999.0, 9999.0, 23.7, 9999.0, 22.18, 9999.0, 22.68, 22.5, 22.25, 22.27, 22.25
2026-08-23, 00:57:53, 22.36, 22.48, 22.75, 22.75, 9999.0, 9999.0, 9999.0, 23.7, 9999.0, 22.16, 9999.0, 22.66, 22.5, 22.25, 22.27, 22.25
2026-08-23, 00:57:57, 22.36, 22.48, 22.75, 22.75, 9999.0, 9999.0, 9999.0, 23.73, 9999.0, 22.14, 9999.0, 22.66, 22.5, 22.25, 22.27, 22.25
2026-08-23, 00:58:01, 22.34, 22.48, 22.75, 22.75, 9999.0, 9999.0, 9999.0, 23.77, 9999.0, 22.11, 9999.0, 22.66, 22.5, 22.25, 22.27, 22.25
2026-08-23, 00:58:05, 22.34, 22.5, 22.75, 22.75, 9999.0, 9999.0, 9999.0, 23.8, 9999.0, 22.09, 9999.0, 22.66, 22.5, 22.25, 22.25, 22.25
2026-08-23, 00:58:09, 22.32, 22.5, 22.75, 22.75, 9999.0, 9999.0, 9999.0, 23.73, 9999.0, 22.07, 9999.0, 22.66, 22.5, 22.25, 22.25, 22.25
2026-08-23, 00:58:13, 22.34, 22.5, 22.75, 22.75, 9999.0, 9999.0, 9999.0, 23.68, 9999.0, 22.05, 9999.0, 22.66, 22.5, 22.25, 22.27, 22.25
2026-08-23, 00:58:17, 22.32, 22.5, 22.75, 22.75, 9999.0, 9999.0, 9999.0, 23.64, 9999.0, 22.02, 9999.0, 22.68, 22.5, 22.25, 22.27, 22.25
2026-08-23, 00:58:21, 22.34, 22.5, 22.75, 22.75, 9999.0, 9999.0, 9999.0, 23.61, 9999.0, 22.02, 9999.0, 22.68, 22.5, 22.25, 22.27, 22.25
2026-08-23, 00:58:25, 22.36, 22.5, 22.75, 22.75, 9999.0, 9999.0, 9999.0, 23.57, 9999.0, 22.02, 9999.0, 22.7, 22.5, 22.25, 22.27, 22.27
2026-08-23, 00:58:29, 22.34, 22.5, 22.75, 22.77, 9999.0, 9999.0, 9999.0, 23.52, 9999.0, 22.02, 9999.0, 22.73, 22.5, 22.25, 22.27, 22.3
2026-08-23, 00:58:34, 22.32, 22.5, 22.75, 22.8, 9999.0, 9999.0, 9999.0, 23.48, 9999.0, 22.05, 9999.0, 22.75, 22.5, 22.25, 22.27, 22.32
2026-08-23, 00:58:38, 22.32, 22.5, 22.75, 22.82, 9999.0, 9999.0, 9999.0, 23.45, 9999.0, 22.07, 9999.0, 22.77, 22.5, 22.25, 22.27, 22.34
2026-08-23, 00:58:42, 22.34, 22.5, 22.75, 22.84, 9999.0, 9999.0, 9999.0, 23.41, 9999.0, 22.09, 9999.0, 22.77, 22.5, 22.25, 22.27, 22.34
2026-08-23, 00:58:46, 22.36, 22.5, 22.75, 22.84, 9999.0, 9999.0, 9999.0, 23.43, 9999.0, 22.11, 9999.0, 22.77, 22.5, 22.25, 22.3, 22.36
2026-08-23, 00:58:50, 22.36, 22.5, 22.75, 22.84, 9999.0, 9999.0, 9999.0, 23.48, 9999.0, 22.14, 9999.0, 22.77, 22.5, 22.25, 22.32, 22.39
2026-08-23, 00:58:54, 22.39, 22.5, 22.75, 22.84, 9999.0, 9999.0, 9999.0, 23.52, 9999.0, 22.16, 9999.0, 22.77, 22.5, 22.25, 22.32, 22.39
2026-08-23, 00:58:58, 22.36, 22.5, 22.75, 22.84, 9999.0, 9999.0, 9999.0, 23.55, 9999.0, 22.18, 9999.0, 22.77, 22.5, 22.25, 22.32, 22.39
2026-08-23, 00:59:02, 22.39, 22.5, 22.75, 22.84, 9999.0, 9999.0, 9999.0, 23.57, 9999.0, 22.2, 9999.0, 22.75, 22.5, 22.25, 22.32, 22.39
2026-08-23, 00:59:06, 22.39, 22.5, 22.75, 22.84, 9999.0, 9999.0, 9999.0, 23.59, 9999.0, 22.23, 9999.0, 22.75, 22.5, 22.25, 22.32, 22.39
2026-08-23, 00:59:10, 22.36, 22.5, 22.75, 22.84, 9999.0, 9999.0, 9999.0, 23.64, 9999.0, 22.23, 9999.0, 22.73, 22.5, 22.25, 22.32, 22.39
2026-08-23, 00:59:14, 22.36, 22.5, 22.75, 22.82, 9999.0, 9999.0, 9999.0, 23.68, 9999.0, 22.23, 9999.0, 22.7, 22.5, 22.25, 22.32, 22.36
2026-08-23, 00:59:18, 22.36, 22.5, 22.75, 22.8, 9999.0, 9999.0, 9999.0, 23.73, 9999.0, 22.2, 9999.0, 22.68, 22.5, 22.25, 22.32, 22.34
2026-08-23, 00:59:22, 22.36, 22.5, 22.75, 22.77, 9999.0, 9999.0, 9999.0, 23.75, 9999.0, 22.18, 9999.0, 22.68, 22.5, 22.25, 22.32, 22.32
2026-08-23, 00:59:26, 22.34, 22.5, 22.75, 22.75, 9999.0, 9999.0, 9999.0, 23.8, 9999.0, 22.16, 9999.0, 22.68, 22.5, 22.25, 22.32, 22.34
2026-08-23, 00:59:30, 22.32, 22.5, 22.75, 22.75, 9999.0, 9999.0, 9999.0, 23.75, 9999.0, 22.14, 9999.0, 22.68, 22.5, 22.25, 22.3, 22.34
2026-08-23, 00:59:34, 22.32, 22.5, 22.75, 22.75, 9999.0, 9999.0, 9999.0, 23.7, 9999.0, 22.11, 9999.0, 22.7, 22.5, 22.25, 22.27, 22.32
2026-08-23, 00:59:38, 22.32, 22.5, 22.75, 22.75, 9999.0, 9999.0, 9999.0, 23.66, 9999.0, 22.09, 9999.0, 22.73, 22.5, 22.25, 22.3, 22.32
2026-08-23, 00:59:42, 22.34, 22.5, 22.75, 22.77, 9999.0, 9999.0, 9999.0, 23.64, 9999.0, 22.09, 9999.0, 22.73, 22.5, 22.25, 22.27, 22.34
2026-08-23, 00:59:46, 22.34, 22.5, 22.75, 22.77, 9999.0, 9999.0, 9999.0, 23.59, 9999.0, 22.09, 9999.0, 22.73, 22.5, 22.25, 22.3, 22.36
2026-08-23, 00:59:50, 22.32, 22.5, 22.75, 22.8, 9999.0, 9999.0, 9999.0, 23.57, 9999.0, 22.09, 9999.0, 22.73, 22.5, 22.25, 22.3, 22.36
2026-08-23, 00:59:54, 22.34, 22.5, 22.75, 22.8, 9999.0, 9999.0, 9999.0, 23.55, 9999.0, 22.09, 9999.0, 22.75, 22.5, 22.25, 22.3, 22.34
2026-08-23, 00:59:58, 22.34, 22.5, 22.75, 22.8, 9999.0, 9999.0, 9999.0, 23.5, 9999.0, 22.11, 9999.0, 22.77, 22.5, 22.25, 22.32, 22.34
2026-08-23, 01:00:02, 22.36, 22.5, 22.75, 22.82, 9999.0, 9999.0, 9999.0, 23.55, 9999.0, 22.14, 9999.0, 22.8, 22.5, 22.25, 22.32, 22.36
2026-08-23, 01:00:06, 22.39, 22.5, 22.75, 22.82, 9999.0, 9999.0, 9999.0, 23.59, 9999.0, 22.16, 9999.0, 22.8, 22.5, 22.25, 22.34, 22.39
2026-08-23, 01:00:10, 22.39, 22.5, 22.75, 22.84, 9999.0, 9999.0, 9999.0, 23.61, 9999.0, 22.18, 9999.0, 22.8, 22.5, 22.25, 22.34, 22.39
2026-08-23, 01:00:14, 22.39, 22.5, 22.75, 22.84, 9999.0, 9999.0, 9999.0, 23.66, 9999.0, 22.2, 9999.0, 22.8, 22.5, 22.25, 22.36, 22.36
2026-08-23, 01:00:18, 22.41, 22.5, 22.75, 22.84, 9999.0, 9999.0, 9999.0, 23.7, 9999.0, 22.23, 9999.0, 22.77, 22.5, 22.25, 22.39, 22.36
2026-08-23, 01:00:22, 22.39, 22.5, 22.75, 22.86, 9999.0, 9999.0, 9999.0, 23.73, 9999.0, 22.25, 9999.0, 22.75, 22.5, 22.25, 22.39, 22.36
2026-08-23, 01:00:26, 22.39, 22.5, 22.77, 22.84, 9999.0, 9999.0, 9999.0, 23.75, 9999.0, 22.25, 9999.0, 22.75, 22.5, 22.25, 22.39, 22.34
2026-08-23, 01:00:30, 22.39, 22.5, 22.8, 22.86, 9999.0, 9999.0, 9999.0, 23.8, 9999.0, 22.25, 9999.0, 22.75, 22.5, 22.25, 22.36, 22.32
2026-08-23, 01:00:34, 22.39, 22.5, 22.8, 22.84, 9999.0, 9999.0, 9999.0, 23.82, 9999.0, 22.25, 9999.0, 22.75, 22.5, 22.25, 22.36, 22.34
2026-08-23, 01:00:38, 22.36, 22.5, 22.82, 22.84, 9999.0, 9999.0, 9999.0, 23.84, 9999.0, 22.25, 9999.0, 22.75, 22.5, 22.25, 22.36, 22.36
2026-08-23, 01:00:44, 22.36, 22.48, 22.82, 22.84, 9999.0, 9999.0, 9999.0, 23.89, 9999.0, 22.25, 9999.0, 22.75, 22.5, 22.25, 22.34, 22.36
2026-08-23, 01:00:48, 22.36, 22.48, 22.82, 22.84, 9999.0, 9999.0, 9999.0, 23.82, 9999.0, 22.25, 9999.0, 22.75, 22.5, 22.25, 22.34, 22.34
2026-08-23, 01:00:58, 22.34, 22.48, 22.82, 22.84, 9999.0, 9999.0, 9999.0, 23.77, 9999.0, 22.25, 9999.0, 22.77, 22.5, 22.25, 22.34, 22.32
2026-08-23, 01:01:02, 22.34, 22.48, 22.82, 22.82, 9999.0, 9999.0, 9999.0, 23.73, 9999.0, 22.23, 9999.0, 22.8, 22.5, 22.25, 22.34, 22.3
2026-08-23, 01:01:06, 22.36, 22.48, 22.84, 22.82, 9999.0, 9999.0, 9999.0, 23.68, 9999.0, 22.23, 9999.0, 22.8, 22.5, 22.25, 22.32, 22.3
2026-08-23, 01:01:10, 22.36, 22.48, 22.86, 22.82, 9999.0, 9999.0, 9999.0, 23.64, 9999.0, 22.23, 9999.0, 22.8, 22.5, 22.25, 22.3, 22.3
2026-08-23, 01:01:14, 22.36, 22.48, 22.86, 22.82, 9999.0, 9999.0, 9999.0, 23.61, 9999.0, 22.23, 9999.0, 22.8, 22.5, 22.25, 22.27, 22.32
2026-08-23, 01:01:18, 22.36, 22.48, 22.84, 22.82, 9999.0, 9999.0, 9999.0, 23.59, 9999.0, 22.25, 9999.0, 22.8, 22.5, 22.25, 22.3, 22.34
2026-08-23, 01:01:22, 22.34, 22.48, 22.82, 22.8, 9999.0, 9999.0, 9999.0, 23.55, 9999.0, 22.27, 9999.0, 22.8, 22.5, 22.25, 22.32, 22.36
2026-08-23, 01:01:26, 22.34, 22.48, 22.82, 22.82, 9999.0, 9999.0, 9999.0, 23.52, 9999.0, 22.3, 9999.0, 22.8, 22.5, 22.25, 22.34, 22.34
2026-08-23, 01:01:30, 22.36, 22.48, 22.8, 22.82, 9999.0, 9999.0, 9999.0, 23.57, 9999.0, 22.32, 9999.0, 22.8, 22.5, 22.25, 22.36, 22.34
2026-08-23, 01:01:34, 22.39, 22.5, 22.8, 22.82, 9999.0, 9999.0, 9999.0, 23.59, 9999.0, 22.32, 9999.0, 22.8, 22.5, 22.25, 22.39, 22.34
2026-08-23, 01:01:38, 22.36, 22.5, 22.8, 22.82, 9999.0, 9999.0, 9999.0, 23.64, 9999.0, 22.32, 9999.0, 22.8, 22.5, 22.25, 22.41, 22.34
2026-08-23, 01:01:42, 22.36, 22.5, 22.82, 22.84, 9999.0, 9999.0, 9999.0, 23.68, 9999.0, 22.32, 9999.0, 22.77, 22.5, 22.25, 22.39, 22.36
2026-08-23, 01:01:48, 22.39, 22.5, 22.84, 22.86, 9999.0, 9999.0, 9999.0, 23.7, 9999.0, 22.34, 9999.0, 22.75, 22.5, 22.25, 22.39, 22.36
2026-08-23, 01:01:52, 22.39, 22.5, 22.82, 22.86, 9999.0, 9999.0, 9999.0, 23.73, 9999.0, 22.34, 9999.0, 22.75, 22.5, 22.25, 22.39, 22.36
2026-08-23, 01:01:56, 22.39, 22.5, 22.82, 22.86, 9999.0, 9999.0, 9999.0, 23.75, 9999.0, 22.34, 9999.0, 22.75, 22.5, 22.25, 22.39, 22.39
2026-08-23, 01:02:00, 22.41, 22.5, 22.84, 22.84, 9999.0, 9999.0, 9999.0, 23.77, 9999.0, 22.34, 9999.0, 22.75, 22.5, 22.25, 22.41, 22.36
2026-08-23, 01:02:04, 22.39, 22.5, 22.84, 22.86, 9999.0, 9999.0, 9999.0, 23.8, 9999.0, 22.32, 9999.0, 22.75, 22.5, 22.25, 22.39, 22.36
2026-08-23, 01:02:08, 22.39, 22.5, 22.86, 22.86, 9999.0, 9999.0, 9999.0, 23.84, 9999.0, 22.3, 9999.0, 22.75, 22.5, 22.25, 22.36, 22.34
2026-08-23, 01:02:12, 22.39, 22.5, 22.86, 22.84, 9999.0, 9999.0, 9999.0, 23.86, 9999.0, 22.27, 9999.0, 22.75, 22.5, 22.25, 22.34, 22.34
2026-08-23, 01:02:16, 22.36, 22.5, 22.86, 22.84, 9999.0, 9999.0, 9999.0, 23.82, 9999.0, 22.25, 9999.0, 22.75, 22.5, 22.25, 22.32, 22.32
2026-08-23, 01:02:20, 22.34, 22.5, 22.89, 22.84, 9999.0, 9999.0, 9999.0, 23.77, 9999.0, 22.25, 9999.0, 22.77, 22.5, 22.25, 22.32, 22.32
2026-08-23, 01:02:24, 22.36, 22.5, 22.89, 22.84, 9999.0, 9999.0, 9999.0, 23.73, 9999.0, 22.23, 9999.0, 22.77, 22.5, 22.25, 22.3, 22.32
2026-08-23, 01:02:28, 22.36, 22.5, 22.89, 22.82, 9999.0, 9999.0, 9999.0, 23.68, 9999.0, 22.23, 9999.0, 22.8, 22.5, 22.25, 22.3, 22.3
2026-08-23, 01:02:32, 22.36, 22.5, 22.86, 22.8, 9999.0, 9999.0, 9999.0, 23.66, 9999.0, 22.23, 9999.0, 22.82, 22.5, 22.25, 22.32, 22.32
2026-08-23, 01:02:36, 22.34, 22.5, 22.86, 22.8, 9999.0, 9999.0, 9999.0, 23.64, 9999.0, 22.25, 9999.0, 22.82, 22.5, 22.25, 22.34, 22.32
2026-08-23, 01:02:40, 22.34, 22.5, 22.84, 22.8, 9999.0, 9999.0, 9999.0, 23.61, 9999.0, 22.3, 9999.0, 22.82, 22.5, 22.25, 22.36, 22.3
2026-08-23, 01:02:44, 22.34, 22.5, 22.82, 22.8, 9999.0, 9999.0, 9999.0, 23.57, 9999.0, 22.32, 9999.0, 22.82, 22.5, 22.25, 22.36, 22.32
2026-08-23, 01:02:48, 22.36, 22.5, 22.82, 22.77, 9999.0, 9999.0, 9999.0, 23.55, 9999.0, 22.34, 9999.0, 22.82, 22.5, 22.25, 22.36, 22.3
2026-08-23, 01:02:52, 22.39, 22.5, 22.82, 22.8, 9999.0, 9999.0, 9999.0, 23.59, 9999.0, 22.36, 9999.0, 22.82, 22.5, 22.25, 22.36, 22.3
2026-08-23, 01:02:56, 22.39, 22.5, 22.82, 22.8, 9999.0, 9999.0, 9999.0, 23.61, 9999.0, 22.39, 9999.0, 22.82, 22.5, 22.25, 22.36, 22.3
2026-08-23, 01:03:00, 22.41, 22.5, 22.84, 22.8, 9999.0, 9999.0, 9999.0, 23.66, 9999.0, 22.39, 9999.0, 22.82, 22.5, 22.27, 22.36, 22.3
2026-08-23, 01:03:04, 22.43, 22.5, 22.82, 22.8, 9999.0, 9999.0, 9999.0, 23.7, 9999.0, 22.41, 9999.0, 22.8, 22.5, 22.27, 22.36, 22.3
2026-08-23, 01:03:08, 22.41, 22.5, 22.82, 22.77, 9999.0, 9999.0, 9999.0, 23.73, 9999.0, 22.45, 9999.0, 22.8, 22.5, 22.27, 22.36, 22.32
2026-08-23, 01:03:12, 22.43, 22.5, 22.8, 22.77, 9999.0, 9999.0, 9999.0, 23.75, 9999.0, 22.45, 9999.0, 22.75, 22.5, 22.27, 22.36, 22.34
2026-08-23, 01:03:16, 22.41, 22.5, 22.82, 22.77, 9999.0, 9999.0, 9999.0, 23.8, 9999.0, 22.48, 9999.0, 22.7, 22.5, 22.27, 22.34, 22.32
2026-08-23, 01:03:20, 22.41, 22.5, 22.84, 22.8, 9999.0, 9999.0, 9999.0, 23.84, 9999.0, 22.45, 9999.0, 22.7, 22.5, 22.27, 22.32, 22.32
2026-08-23, 01:03:24, 22.41, 22.5, 22.84, 22.8, 9999.0, 9999.0, 9999.0, 23.89, 9999.0, 22.41, 9999.0, 22.68, 22.5, 22.27, 22.3, 22.32
2026-08-23, 01:03:28, 22.41, 22.5, 22.84, 22.8, 9999.0, 9999.0, 9999.0, 23.93, 9999.0, 22.41, 9999.0, 22.68, 22.5, 22.27, 22.27, 22.3
2026-08-23, 01:03:32, 22.39, 22.5, 22.86, 22.82, 9999.0, 9999.0, 9999.0, 23.95, 9999.0, 22.41, 9999.0, 22.68, 22.5, 22.27, 22.27, 22.3
2026-08-23, 01:03:36, 22.36, 22.5, 22.84, 22.8, 9999.0, 9999.0, 9999.0, 23.91, 9999.0, 22.39, 9999.0, 22.68, 22.5, 22.27, 22.3, 22.3
2026-08-23, 01:03:40, 22.36, 22.5, 22.86, 22.82, 9999.0, 9999.0, 9999.0, 23.89, 9999.0, 22.36, 9999.0, 22.7, 22.5, 22.27, 22.32, 22.3
2026-08-23, 01:03:44, 22.34, 22.5, 22.86, 22.84, 9999.0, 9999.0, 9999.0, 23.82, 9999.0, 22.36, 9999.0, 22.73, 22.5, 22.25, 22.32, 22.3
2026-08-23, 01:03:48, 22.32, 22.5, 22.86, 22.86, 9999.0, 9999.0, 9999.0, 23.8, 9999.0, 22.36, 9999.0, 22.73, 22.5, 22.25, 22.3, 22.3
2026-08-23, 01:03:52, 22.32, 22.5, 22.89, 22.86, 9999.0, 9999.0, 9999.0, 23.77, 9999.0, 22.36, 9999.0, 22.73, 22.5, 22.25, 22.3, 22.27
2026-08-23, 01:03:56, 22.3, 22.5, 22.91, 22.89, 9999.0, 9999.0, 9999.0, 23.75, 9999.0, 22.39, 9999.0, 22.75, 22.5, 22.25, 22.32, 22.25
2026-08-23, 01:04:00, 22.3, 22.5, 22.91, 22.91, 9999.0, 9999.0, 9999.0, 23.7, 9999.0, 22.41, 9999.0, 22.77, 22.5, 22.25, 22.34, 22.25
2026-08-23, 01:04:04, 22.3, 22.5, 22.89, 22.89, 9999.0, 9999.0, 9999.0, 23.66, 9999.0, 22.43, 9999.0, 22.77, 22.52, 22.25, 22.36, 22.25
2026-08-23, 01:04:08, 22.27, 22.5, 22.89, 22.89, 9999.0, 9999.0, 9999.0, 23.68, 9999.0, 22.45, 9999.0, 22.8, 22.52, 22.27, 22.36, 22.25
2026-08-23, 01:04:12, 22.25, 22.5, 22.89, 22.89, 9999.0, 9999.0, 9999.0, 23.73, 9999.0, 22.45, 9999.0, 22.8, 22.52, 22.27, 22.36, 22.25
2026-08-23, 01:04:16, 22.25, 22.5, 22.86, 22.89, 9999.0, 9999.0, 9999.0, 23.77, 9999.0, 22.45, 9999.0, 22.8, 22.52, 22.27, 22.36, 22.27
2026-08-23, 01:04:20, 22.25, 22.5, 22.86, 22.91, 9999.0, 9999.0, 9999.0, 23.8, 9999.0, 22.48, 9999.0, 22.8, 22.52, 22.27, 22.34, 22.3
2026-08-23, 01:04:24, 22.25, 22.5, 22.84, 22.89, 9999.0, 9999.0, 9999.0, 23.84, 9999.0, 22.5, 9999.0, 22.77, 22.52, 22.27, 22.32, 22.3
2026-08-23, 01:04:28, 22.25, 22.5, 22.82, 22.86, 9999.0, 9999.0, 9999.0, 23.89, 9999.0, 22.52, 9999.0, 22.75, 22.52, 22.27, 22.32, 22.3
2026-08-23, 01:04:32, 22.27, 22.5, 22.82, 22.84, 9999.0, 9999.0, 9999.0, 23.91, 9999.0, 22.52, 9999.0, 22.75, 22.52, 22.27, 22.34, 22.3
2026-08-23, 01:04:36, 22.3, 22.5, 22.82, 22.84, 9999.0, 9999.0, 9999.0, 23.95, 9999.0, 22.52, 9999.0, 22.75, 22.52, 22.27, 22.34, 22.3
2026-08-23, 01:04:40, 22.3, 22.5, 22.8, 22.82, 9999.0, 9999.0, 9999.0, 24.0, 9999.0, 22.52, 9999.0, 22.75, 22.52, 22.27, 22.32, 22.3
2026-08-23, 01:04:44, 22.32, 22.5, 22.77, 22.8, 9999.0, 9999.0, 9999.0, 24.02, 9999.0, 22.5, 9999.0, 22.73, 22.52, 22.27, 22.3, 22.32
2026-08-23, 01:04:48, 22.32, 22.5, 22.77, 22.8, 9999.0, 9999.0, 9999.0, 24.05, 9999.0, 22.5, 9999.0, 22.73, 22.5, 22.27, 22.27, 22.32
2026-08-23, 01:04:52, 22.32, 22.5, 22.77, 22.8, 9999.0, 9999.0, 9999.0, 24.0, 9999.0, 22.5, 9999.0, 22.73, 22.5, 22.25, 22.27, 22.32
2026-08-23, 01:04:56, 22.32, 22.5, 22.77, 22.8, 9999.0, 9999.0, 9999.0, 23.95, 9999.0, 22.5, 9999.0, 22.75, 22.5, 22.25, 22.27, 22.32
2026-08-23, 01:05:01, 22.34, 22.5, 22.77, 22.77, 9999.0, 9999.0, 9999.0, 23.91, 9999.0, 22.5, 9999.0, 22.75, 22.5, 22.25, 22.27, 22.3
2026-08-23, 01:05:05, 22.36, 22.5, 22.77, 22.77, 9999.0, 9999.0, 9999.0, 23.89, 9999.0, 22.5, 9999.0, 22.75, 22.5, 22.25, 22.27, 22.27
2026-08-23, 01:05:09, 22.36, 22.5, 22.77, 22.77, 9999.0, 9999.0, 9999.0, 23.84, 9999.0, 22.5, 9999.0, 22.75, 22.5, 22.25, 22.27, 22.27
2026-08-23, 01:05:13, 22.39, 22.5, 22.8, 22.77, 9999.0, 9999.0, 9999.0, 23.82, 9999.0, 22.52, 9999.0, 22.75, 22.5, 22.25, 22.27, 22.27
2026-08-23, 01:05:17, 22.36, 22.5, 22.8, 22.77, 9999.0, 9999.0, 9999.0, 23.8, 9999.0, 22.55, 9999.0, 22.75, 22.5, 22.25, 22.27, 22.27
2026-08-23, 01:05:21, 22.34, 22.5, 22.77, 22.77, 9999.0, 9999.0, 9999.0, 23.75, 9999.0, 22.57, 9999.0, 22.75, 22.5, 22.25, 22.27, 22.3
2026-08-23, 01:05:25, 22.36, 22.5, 22.8, 22.77, 9999.0, 9999.0, 9999.0, 23.7, 9999.0, 22.59, 9999.0, 22.75, 22.5, 22.25, 22.27, 22.3
2026-08-23, 01:05:29, 22.36, 22.5, 22.8, 22.77, 9999.0, 9999.0, 9999.0, 23.75, 9999.0, 22.61, 9999.0, 22.77, 22.5, 22.25, 22.27, 22.27
2026-08-23, 01:05:33, 22.36, 22.5, 22.8, 22.77, 9999.0, 9999.0, 9999.0, 23.8, 9999.0, 22.64, 9999.0, 22.77, 22.5, 22.25, 22.3, 22.27
2026-08-23, 01:05:37, 22.36, 22.5, 22.82, 22.77, 9999.0, 9999.0, 9999.0, 23.82, 9999.0, 22.66, 9999.0, 22.77, 22.5, 22.25, 22.32, 22.27
2026-08-23, 01:05:41, 22.36, 22.5, 22.82, 22.77, 9999.0, 9999.0, 9999.0, 23.84, 9999.0, 22.68, 9999.0, 22.75, 22.5, 22.25, 22.32, 22.27
2026-08-23, 01:05:45, 22.34, 22.5, 22.84, 22.8, 9999.0, 9999.0, 9999.0, 23.86, 9999.0, 22.7, 9999.0, 22.75, 22.5, 22.25, 22.32, 22.27
2026-08-23, 01:05:49, 22.32, 22.5, 22.84, 22.77, 9999.0, 9999.0, 9999.0, 23.89, 9999.0, 22.7, 9999.0, 22.75, 22.5, 22.25, 22.32, 22.27
2026-08-23, 01:05:53, 22.32, 22.5, 22.84, 22.77, 9999.0, 9999.0, 9999.0, 23.91, 9999.0, 22.73, 9999.0, 22.73, 22.5, 22.25, 22.32, 22.27
2026-08-23, 01:05:57, 22.32, 22.5, 22.82, 22.77, 9999.0, 9999.0, 9999.0, 23.93, 9999.0, 22.7, 9999.0, 22.73, 22.5, 22.25, 22.32, 22.27
2026-08-23, 01:06:01, 22.34, 22.5, 22.82, 22.77, 9999.0, 9999.0, 9999.0, 23.95, 9999.0, 22.68, 9999.0, 22.7, 22.5, 22.25, 22.3, 22.27
2026-08-23, 01:06:05, 22.36, 22.5, 22.82, 22.77, 9999.0, 9999.0, 9999.0, 24.0, 9999.0, 22.66, 9999.0, 22.7, 22.5, 22.25, 22.3, 22.25
2026-08-23, 01:06:09, 22.34, 22.5, 22.8, 22.77, 9999.0, 9999.0, 9999.0, 24.05, 9999.0, 22.66, 9999.0, 22.7, 22.5, 22.25, 22.3, 22.25
2026-08-23, 01:06:13, 22.32, 22.5, 22.8, 22.77, 9999.0, 9999.0, 9999.0, 24.0, 9999.0, 22.64, 9999.0, 22.7, 22.5, 22.25, 22.32, 22.25
2026-08-23, 01:06:17, 22.32, 22.5, 22.8, 22.77, 9999.0, 9999.0, 9999.0, 23.95, 9999.0, 22.61, 9999.0, 22.73, 22.5, 22.25, 22.3, 22.25
2026-08-23, 01:06:21, 22.32, 22.5, 22.77, 22.77, 9999.0, 9999.0, 9999.0, 23.93, 9999.0, 22.59, 9999.0, 22.75, 22.5, 22.25, 22.27, 22.25
2026-08-23, 01:06:25, 22.34, 22.5, 22.77, 22.77, 9999.0, 9999.0, 9999.0, 23.91, 9999.0, 22.59, 9999.0, 22.75, 22.5, 22.25, 22.27, 22.25
2026-08-23, 01:06:29, 22.34, 22.5, 22.77, 22.75, 9999.0, 9999.0, 9999.0, 23.89, 9999.0, 22.59, 9999.0, 22.75, 22.5, 22.25, 22.27, 22.25
2026-08-23, 01:06:33, 22.36, 22.5, 22.77, 22.77, 9999.0, 9999.0, 9999.0, 23.86, 9999.0, 22.61, 9999.0, 22.75, 22.5, 22.25, 22.27, 22.25
2026-08-23, 01:06:37, 22.36, 22.5, 22.8, 22.77, 9999.0, 9999.0, 9999.0, 23.84, 9999.0, 22.61, 9999.0, 22.77, 22.5, 22.25, 22.27, 22.25
2026-08-23, 01:06:41, 22.34, 22.5, 22.82, 22.77, 9999.0, 9999.0, 9999.0, 23.8, 9999.0, 22.64, 9999.0, 22.77, 22.5, 22.25, 22.27, 22.25
2026-08-23, 01:06:45, 22.32, 22.5, 22.84, 22.77, 9999.0, 9999.0, 9999.0, 23.82, 9999.0, 22.66, 9999.0, 22.8, 22.5, 22.25, 22.27, 22.25
2026-08-23, 01:06:49, 22.3, 22.5, 22.84, 22.77, 9999.0, 9999.0, 9999.0, 23.84, 9999.0, 22.68, 9999.0, 22.8, 22.5, 22.25, 22.27, 22.25
2026-08-23, 01:06:53, 22.32, 22.5, 22.84, 22.77, 9999.0, 9999.0, 9999.0, 23.86, 9999.0, 22.68, 9999.0, 22.8, 22.5, 22.25, 22.27, 22.25
2026-08-23, 01:06:57, 22.32, 22.5, 22.84, 22.77, 9999.0, 9999.0, 9999.0, 23.91, 9999.0, 22.7, 9999.0, 22.8, 22.5, 22.25, 22.25, 22.25
2026-08-23, 01:07:01, 22.32, 22.5, 22.84, 22.77, 9999.0, 9999.0, 9999.0, 23.95, 9999.0, 22.73, 9999.0, 22.75, 22.5, 22.25, 22.25, 22.25
2026-08-23, 01:07:05, 22.32, 22.5, 22.84, 22.77, 9999.0, 9999.0, 9999.0, 23.98, 9999.0, 22.75, 9999.0, 22.73, 22.5, 22.25, 22.25, 22.25
2026-08-23, 01:07:09, 22.3, 22.5, 22.84, 22.77, 9999.0, 9999.0, 9999.0, 24.0, 9999.0, 22.75, 9999.0, 22.73, 22.5, 22.25, 22.25, 22.25
2026-08-23, 01:07:13, 22.3, 22.5, 22.82, 22.77, 9999.0, 9999.0, 9999.0, 24.02, 9999.0, 22.73, 9999.0, 22.7, 22.5, 22.25, 22.25, 22.25
2026-08-23, 01:07:17, 22.27, 22.5, 22.82, 22.75, 9999.0, 9999.0, 9999.0, 24.05, 9999.0, 22.73, 9999.0, 22.68, 22.5, 22.25, 22.25, 22.25
2026-08-23, 01:07:21, 22.27, 22.5, 22.8, 22.75, 9999.0, 9999.0, 9999.0, 24.07, 9999.0, 22.73, 9999.0, 22.66, 22.5, 22.25, 22.25, 22.25
2026-08-23, 01:07:25, 22.27, 22.5, 22.77, 22.75, 9999.0, 9999.0, 9999.0, 24.11, 9999.0, 22.73, 9999.0, 22.66, 22.5, 22.25, 22.25, 22.25
2026-08-23, 01:07:29, 22.3, 22.5, 22.75, 22.75, 9999.0, 9999.0, 9999.0, 24.09, 9999.0, 22.7, 9999.0, 22.66, 22.5, 22.25, 22.25, 22.25
2026-08-23, 01:07:33, 22.32, 22.5, 22.75, 22.75, 9999.0, 9999.0, 9999.0, 24.07, 9999.0, 22.68, 9999.0, 22.66, 22.5, 22.25, 22.25, 22.25
2026-08-23, 01:07:37, 22.3, 22.5, 22.75, 22.75, 9999.0, 9999.0, 9999.0, 24.02, 9999.0, 22.66, 9999.0, 22.66, 22.5, 22.25, 22.27, 22.25
2026-08-23, 01:07:41, 22.32, 22.5, 22.75, 22.75, 9999.0, 9999.0, 9999.0, 23.98, 9999.0, 22.64, 9999.0, 22.66, 22.5, 22.25, 22.3, 22.25
2026-08-23, 01:07:45, 22.32, 22.5, 22.75, 22.75, 9999.0, 9999.0, 9999.0, 23.93, 9999.0, 22.64, 9999.0, 22.68, 22.5, 22.25, 22.3, 22.25
2026-08-23, 01:07:49, 22.32, 22.5, 22.75, 22.75, 9999.0, 9999.0, 9999.0, 23.91, 9999.0, 22.64, 9999.0, 22.68, 22.5, 22.25, 22.3, 22.25
2026-08-23, 01:07:53, 22.32, 22.5, 22.75, 22.75, 9999.0, 9999.0, 9999.0, 23.89, 9999.0, 22.64, 9999.0, 22.68, 22.5, 22.25, 22.32, 22.25
2026-08-23, 01:07:57, 22.34, 22.5, 22.75, 22.75, 9999.0, 9999.0, 9999.0, 23.84, 9999.0, 22.68, 9999.0, 22.7, 22.52, 22.25, 22.32, 22.25
2026-08-23, 01:08:01, 22.34, 22.5, 22.75, 22.75, 9999.0, 9999.0, 9999.0, 23.82, 9999.0, 22.68, 9999.0, 22.73, 22.52, 22.25, 22.32, 22.25
2026-08-23, 01:08:05, 22.34, 22.5, 22.75, 22.75, 9999.0, 9999.0, 9999.0, 23.86, 9999.0, 22.68, 9999.0, 22.75, 22.52, 22.25, 22.32, 22.25
2026-08-23, 01:08:09, 22.36, 22.5, 22.75, 22.75, 9999.0, 9999.0, 9999.0, 23.89, 9999.0, 22.68, 9999.0, 22.75, 22.52, 22.25, 22.32, 22.25
2026-08-23, 01:08:13, 22.34, 22.5, 22.75, 22.75, 9999.0, 9999.0, 9999.0, 23.91, 9999.0, 22.7, 9999.0, 22.73, 22.52, 22.25, 22.32, 22.25
2026-08-23, 01:08:17, 22.34, 22.5, 22.75, 22.75, 9999.0, 9999.0, 9999.0, 23.93, 9999.0, 22.73, 9999.0, 22.73, 22.52, 22.25, 22.32, 22.25
2026-08-23, 01:08:21, 22.34, 22.5, 22.75, 22.75, 9999.0, 9999.0, 9999.0, 23.98, 9999.0, 22.75, 9999.0, 22.73, 22.52, 22.25, 22.3, 22.27
2026-08-23, 01:08:25, 22.32, 22.5, 22.75, 22.75, 9999.0, 9999.0, 9999.0, 24.0, 9999.0, 22.75, 9999.0, 22.73, 22.52, 22.25, 22.27, 22.27
2026-08-23, 01:08:29, 22.34, 22.5, 22.75, 22.75, 9999.0, 9999.0, 9999.0, 24.02, 9999.0, 22.75, 9999.0, 22.7, 22.52, 22.25, 22.27, 22.27
2026-08-23, 01:08:33, 22.34, 22.5, 22.75, 22.75, 9999.0, 9999.0, 9999.0, 24.05, 9999.0, 22.75, 9999.0, 22.68, 22.52, 22.25, 22.27, 22.27
2026-08-23, 01:08:37, 22.36, 22.5, 22.75, 22.75, 9999.0, 9999.0, 9999.0, 24.07, 9999.0, 22.73, 9999.0, 22.66, 22.52, 22.25, 22.25, 22.27
2026-08-23, 01:08:42, 22.34, 22.5, 22.75, 22.75, 9999.0, 9999.0, 9999.0, 24.11, 9999.0, 22.7, 9999.0, 22.66, 22.5, 22.25, 22.25, 22.27
2026-08-23, 01:08:46, 22.34, 22.5, 22.75, 22.75, 9999.0, 9999.0, 9999.0, 24.14, 9999.0, 22.68, 9999.0, 22.66, 22.5, 22.25, 22.25, 22.3
2026-08-23, 01:08:50, 22.34, 22.5, 22.75, 22.75, 9999.0, 9999.0, 9999.0, 24.09, 9999.0, 22.66, 9999.0, 22.66, 22.5, 22.25, 22.25, 22.3
2026-08-23, 01:08:54, 22.32, 22.5, 22.75, 22.75, 9999.0, 9999.0, 9999.0, 24.05, 9999.0, 22.66, 9999.0, 22.68, 22.5, 22.25, 22.25, 22.3
2026-08-23, 01:08:58, 22.32, 22.5, 22.75, 22.75, 9999.0, 9999.0, 9999.0, 24.0, 9999.0, 22.64, 9999.0, 22.73, 22.5, 22.25, 22.25, 22.3
2026-08-23, 01:09:02, 22.3, 22.5, 22.75, 22.75, 9999.0, 9999.0, 9999.0, 23.95, 9999.0, 22.66, 9999.0, 22.73, 22.5, 22.25, 22.25, 22.3
2026-08-23, 01:09:06, 22.32, 22.5, 22.75, 22.75, 9999.0, 9999.0, 9999.0, 23.91, 9999.0, 22.66, 9999.0, 22.73, 22.5, 22.25, 22.25, 22.27
2026-08-23, 01:09:10, 22.32, 22.5, 22.75, 22.75, 9999.0, 9999.0, 9999.0, 23.89, 9999.0, 22.68, 9999.0, 22.73, 22.5, 22.25, 22.25, 22.27
2026-08-23, 01:09:14, 22.3, 22.5, 22.75, 22.75, 9999.0, 9999.0, 9999.0, 23.86, 9999.0, 22.7, 9999.0, 22.75, 22.5, 22.25, 22.25, 22.27
2026-08-23, 01:09:18, 22.3, 22.5, 22.75, 22.75, 9999.0, 9999.0, 9999.0, 23.84, 9999.0, 22.73, 9999.0, 22.77, 22.5, 22.25, 22.25, 22.27
2026-08-23, 01:09:22, 22.27, 22.5, 22.75, 22.75, 9999.0, 9999.0, 9999.0, 23.89, 9999.0, 22.77, 9999.0, 22.8, 22.5, 22.25, 22.25, 22.27
2026-08-23, 01:09:26, 22.27, 22.5, 22.77, 22.75, 9999.0, 9999.0, 9999.0, 23.93, 9999.0, 22.77, 9999.0, 22.8, 22.5, 22.25, 22.27, 22.27
2026-08-23, 01:09:30, 22.27, 22.5, 22.77, 22.75, 9999.0, 9999.0, 9999.0, 23.95, 9999.0, 22.8, 9999.0, 22.8, 22.5, 22.25, 22.27, 22.25
2026-08-23, 01:09:34, 22.27, 22.5, 22.77, 22.75, 9999.0, 9999.0, 9999.0, 23.98, 9999.0, 22.82, 9999.0, 22.8, 22.5, 22.25, 22.27, 22.25
2026-08-23, 01:09:38, 22.3, 22.5, 22.77, 22.75, 9999.0, 9999.0, 9999.0, 24.02, 9999.0, 22.82, 9999.0, 22.75, 22.5, 22.25, 22.27, 22.25
2026-08-23, 01:09:42, 22.32, 22.5, 22.77, 22.75, 9999.0, 9999.0, 9999.0, 24.05, 9999.0, 22.84, 9999.0, 22.7, 22.5, 22.25, 22.27, 22.25
2026-08-23, 01:09:46, 22.32, 22.5, 22.77, 22.75, 9999.0, 9999.0, 9999.0, 24.09, 9999.0, 22.8, 9999.0, 22.68, 22.5, 22.25, 22.27, 22.25
2026-08-23, 01:09:50, 22.32, 22.5, 22.77, 22.75, 9999.0, 9999.0, 9999.0, 24.11, 9999.0, 22.8, 9999.0, 22.66, 22.5, 22.25, 22.27, 22.25
2026-08-23, 01:09:54, 22.32, 22.5, 22.77, 22.75, 9999.0, 9999.0, 9999.0, 24.14, 9999.0, 22.8, 9999.0, 22.64, 22.5, 22.25, 22.27, 22.25
2026-08-23, 01:09:58, 22.32, 22.5, 22.77, 22.75, 9999.0, 9999.0, 9999.0, 24.16, 9999.0, 22.75, 9999.0, 22.64, 22.5, 22.25, 22.27, 22.25
2026-08-23, 01:10:02, 22.34, 22.5, 22.77, 22.75, 9999.0, 9999.0, 9999.0, 24.18, 9999.0, 22.73, 9999.0, 22.64, 22.5, 22.25, 22.27, 22.25
2026-08-23, 01:10:06, 22.34, 22.48, 22.77, 22.75, 9999.0, 9999.0, 9999.0, 24.14, 9999.0, 22.7, 9999.0, 22.64, 22.5, 22.25, 22.27, 22.25
2026-08-23, 01:10:10, 22.34, 22.48, 22.75, 22.75, 9999.0, 9999.0, 9999.0, 24.09, 9999.0, 22.7, 9999.0, 22.66, 22.5, 22.25, 22.27, 22.25
2026-08-23, 01:10:14, 22.34, 22.48, 22.75, 22.75, 9999.0, 9999.0, 9999.0, 24.07, 9999.0, 22.68, 9999.0, 22.66, 22.5, 22.25, 22.27, 22.25
2026-08-23, 01:10:18, 22.34, 22.48, 22.75, 22.75, 9999.0, 9999.0, 9999.0, 24.02, 9999.0, 22.66, 9999.0, 22.66, 22.5, 22.25, 22.27, 22.25
2026-08-23, 01:10:22, 22.32, 22.48, 22.75, 22.75, 9999.0, 9999.0, 9999.0, 23.98, 9999.0, 22.66, 9999.0, 22.68, 22.5, 22.25, 22.27, 22.25
2026-08-23, 01:10:26, 22.3, 22.48, 22.75, 22.75, 9999.0, 9999.0, 9999.0, 23.95, 9999.0, 22.66, 9999.0, 22.7, 22.5, 22.25, 22.27, 22.25
2026-08-23, 01:10:30, 22.3, 22.48, 22.75, 22.75, 9999.0, 9999.0, 9999.0, 23.91, 9999.0, 22.7, 9999.0, 22.73, 22.5, 22.25, 22.27, 22.25
2026-08-23, 01:10:34, 22.27, 22.48, 22.75, 22.75, 9999.0, 9999.0, 9999.0, 23.86, 9999.0, 22.7, 9999.0, 22.75, 22.5, 22.25, 22.27, 22.25
2026-08-23, 01:10:38, 22.27, 22.48, 22.75, 22.75, 9999.0, 9999.0, 9999.0, 23.84, 9999.0, 22.7, 9999.0, 22.77, 22.5, 22.25, 22.27, 22.25
2026-08-23, 01:10:42, 22.27, 22.48, 22.77, 22.75, 9999.0, 9999.0, 9999.0, 23.89, 9999.0, 22.73, 9999.0, 22.77, 22.5, 22.25, 22.27, 22.25
2026-08-23, 01:10:46, 22.25, 22.48, 22.77, 22.75, 9999.0, 9999.0, 9999.0, 23.91, 9999.0, 22.73, 9999.0, 22.77, 22.5, 22.25, 22.27, 22.25
2026-08-23, 01:10:50, 22.25, 22.5, 22.77, 22.75, 9999.0, 9999.0, 9999.0, 23.93, 9999.0, 22.73, 9999.0, 22.77, 22.5, 22.25, 22.27, 22.25
2026-08-23, 01:10:54, 22.27, 22.5, 22.77, 22.75, 9999.0, 9999.0, 9999.0, 23.95, 9999.0, 22.73, 9999.0, 22.73, 22.5, 22.25, 22.25, 22.25
2026-08-23, 01:10:58, 22.27, 22.5, 22.77, 22.75, 9999.0, 9999.0, 9999.0, 23.95, 9999.0, 22.75, 9999.0, 22.73, 22.5, 22.25, 22.25, 22.25
2026-08-23, 01:11:02, 22.27, 22.5, 22.77, 22.75, 9999.0, 9999.0, 9999.0, 23.98, 9999.0, 22.77, 9999.0, 22.7, 22.5, 22.25, 22.25, 22.25
2026-08-23, 01:11:06, 22.27, 22.5, 22.77, 22.75, 9999.0, 9999.0, 9999.0, 24.0, 9999.0, 22.77, 9999.0, 22.68, 22.5, 22.25, 22.25, 22.25
2026-08-23, 01:11:10, 22.27, 22.5, 22.77, 22.75, 9999.0, 9999.0, 9999.0, 24.02, 9999.0, 22.77, 9999.0, 22.66, 22.5, 22.25, 22.25, 22.25
2026-08-23, 01:11:14, 22.27, 22.5, 22.77, 22.75, 9999.0, 9999.0, 9999.0, 24.05, 9999.0, 22.75, 9999.0, 22.64, 22.5, 22.25, 22.25, 22.25
2026-08-23, 01:11:18, 22.27, 22.5, 22.77, 22.75, 9999.0, 9999.0, 9999.0, 24.09, 9999.0, 22.73, 9999.0, 22.64, 22.5, 22.25, 22.25, 22.25
2026-08-23, 01:11:22, 22.27, 22.5, 22.77, 22.75, 9999.0, 9999.0, 9999.0, 24.11, 9999.0, 22.7, 9999.0, 22.64, 22.5, 22.25, 22.25, 22.25
2026-08-23, 01:11:26, 22.27, 22.5, 22.75, 22.75, 9999.0, 9999.0, 9999.0, 24.07, 9999.0, 22.68, 9999.0, 22.64, 22.48, 22.25, 22.25, 22.25
2026-08-23, 01:11:30, 22.3, 22.5, 22.75, 22.75, 9999.0, 9999.0, 9999.0, 24.05, 9999.0, 22.66, 9999.0, 22.66, 22.48, 22.25, 22.25, 22.25
2026-08-23, 01:11:34, 22.32, 22.5, 22.75, 22.75, 9999.0, 9999.0, 9999.0, 24.02, 9999.0, 22.64, 9999.0, 22.66, 22.48, 22.25, 22.25, 22.25
2026-08-23, 01:11:38, 22.3, 22.5, 22.75, 22.75, 9999.0, 9999.0, 9999.0, 23.98, 9999.0, 22.64, 9999.0, 22.68, 22.48, 22.25, 22.25, 22.25
2026-08-23, 01:11:42, 22.3, 22.5, 22.75, 22.75, 9999.0, 9999.0, 9999.0, 23.95, 9999.0, 22.64, 9999.0, 22.68, 22.48, 22.25, 22.25, 22.25
2026-08-23, 01:11:46, 22.3, 22.5, 22.75, 22.75, 9999.0, 9999.0, 9999.0, 23.93, 9999.0, 22.64, 9999.0, 22.7, 22.48, 22.25, 22.25, 22.25
2026-08-23, 01:11:50, 22.32, 22.5, 22.75, 22.75, 9999.0, 9999.0, 9999.0, 23.91, 9999.0, 22.66, 9999.0, 22.73, 22.48, 22.25, 22.25, 22.25
2026-08-23, 01:11:54, 22.32, 22.5, 22.75, 22.75, 9999.0, 9999.0, 9999.0, 23.89, 9999.0, 22.68, 9999.0, 22.75, 22.48, 22.25, 22.25, 22.25
2026-08-23, 01:11:58, 22.34, 22.5, 22.75, 22.75, 9999.0, 9999.0, 9999.0, 23.93, 9999.0, 22.68, 9999.0, 22.77, 22.48, 22.25, 22.25, 22.25
2026-08-23, 01:12:02, 22.34, 22.5, 22.75, 22.75, 9999.0, 9999.0, 9999.0, 23.98, 9999.0, 22.7, 9999.0, 22.77, 22.48, 22.25, 22.25, 22.23
2026-08-23, 01:12:06, 22.34, 22.5, 22.75, 22.75, 9999.0, 9999.0, 9999.0, 24.0, 9999.0, 22.73, 9999.0, 22.77, 22.48, 22.25, 22.25, 22.23
2026-08-23, 01:12:10, 22.34, 22.5, 22.75, 22.75, 9999.0, 9999.0, 9999.0, 24.02, 9999.0, 22.75, 9999.0, 22.75, 22.5, 22.25, 22.25, 22.23
2026-08-23, 01:12:14, 22.32, 22.5, 22.75, 22.75, 9999.0, 9999.0, 9999.0, 24.05, 9999.0, 22.77, 9999.0, 22.7, 22.5, 22.25, 22.25, 22.23
2026-08-23, 01:12:18, 22.3, 22.5, 22.75, 22.75, 9999.0, 9999.0, 9999.0, 24.07, 9999.0, 22.77, 9999.0, 22.68, 22.5, 22.25, 22.25, 22.23
2026-08-23, 01:12:22, 22.3, 22.5, 22.75, 22.75, 9999.0, 9999.0, 9999.0, 24.11, 9999.0, 22.77, 9999.0, 22.66, 22.5, 22.25, 22.25, 22.23
2026-08-23, 01:12:26, 22.3, 22.5, 22.75, 22.75, 9999.0, 9999.0, 9999.0, 24.16, 9999.0, 22.75, 9999.0, 22.64, 22.5, 22.25, 22.25, 22.23
2026-08-23, 01:12:31, 22.3, 22.5, 22.75, 22.75, 9999.0, 9999.0, 9999.0, 24.2, 9999.0, 22.73, 9999.0, 22.61, 22.5, 22.25, 22.25, 22.23
2026-08-23, 01:12:35, 22.27, 22.5, 22.75, 22.75, 9999.0, 9999.0, 9999.0, 24.23, 9999.0, 22.68, 9999.0, 22.61, 22.5, 22.25, 22.25, 22.23
2026-08-23, 01:12:39, 22.3, 22.5, 22.75, 22.75, 9999.0, 9999.0, 9999.0, 24.25, 9999.0, 22.64, 9999.0, 22.61, 22.5, 22.25, 22.25, 22.23
2026-08-23, 01:12:43, 22.27, 22.5, 22.75, 22.75, 9999.0, 9999.0, 9999.0, 24.2, 9999.0, 22.61, 9999.0, 22.61, 22.5, 22.25, 22.25, 22.23
2026-08-23, 01:12:47, 22.3, 22.5, 22.75, 22.75, 9999.0, 9999.0, 9999.0, 24.16, 9999.0, 22.59, 9999.0, 22.61, 22.5, 22.25, 22.25, 22.25
2026-08-23, 01:12:51, 22.3, 22.5, 22.75, 22.75, 9999.0, 9999.0, 9999.0, 24.11, 9999.0, 22.57, 9999.0, 22.61, 22.5, 22.25, 22.25, 22.25
2026-08-23, 01:12:55, 22.3, 22.5, 22.75, 22.75, 9999.0, 9999.0, 9999.0, 24.09, 9999.0, 22.57, 9999.0, 22.64, 22.5, 22.25, 22.27, 22.25
2026-08-23, 01:12:59, 22.32, 22.5, 22.75, 22.75, 9999.0, 9999.0, 9999.0, 24.05, 9999.0, 22.57, 9999.0, 22.66, 22.5, 22.25, 22.27, 22.25
2026-08-23, 01:13:03, 22.32, 22.5, 22.75, 22.75, 9999.0, 9999.0, 9999.0, 24.0, 9999.0, 22.59, 9999.0, 22.68, 22.5, 22.25, 22.27, 22.25
2026-08-23, 01:13:07, 22.32, 22.5, 22.75, 22.75, 9999.0, 9999.0, 9999.0, 23.95, 9999.0, 22.61, 9999.0, 22.7, 22.5, 22.25, 22.27, 22.25
2026-08-23, 01:13:11, 22.32, 22.5, 22.75, 22.75, 9999.0, 9999.0, 9999.0, 23.89, 9999.0, 22.64, 9999.0, 22.73, 22.5, 22.25, 22.27, 22.25
2026-08-23, 01:13:15, 22.32, 22.5, 22.75, 22.75, 9999.0, 9999.0, 9999.0, 23.82, 9999.0, 22.66, 9999.0, 22.75, 22.5, 22.25, 22.27, 22.25
2026-08-23, 01:13:19, 22.32, 22.5, 22.75, 22.75, 9999.0, 9999.0, 9999.0, 23.86, 9999.0, 22.68, 9999.0, 22.75, 22.5, 22.25, 22.27, 22.25
2026-08-23, 01:13:23, 22.32, 22.5, 22.75, 22.75, 9999.0, 9999.0, 9999.0, 23.89, 9999.0, 22.7, 9999.0, 22.75, 22.5, 22.25, 22.27, 22.25
2026-08-23, 01:13:27, 22.32, 22.5, 22.75, 22.75, 9999.0, 9999.0, 9999.0, 23.91, 9999.0, 22.73, 9999.0, 22.73, 22.5, 22.25, 22.27, 22.25
2026-08-23, 01:13:31, 22.3, 22.5, 22.75, 22.75, 9999.0, 9999.0, 9999.0, 23.93, 9999.0, 22.73, 9999.0, 22.7, 22.5, 22.25, 22.27, 22.25
2026-08-23, 01:13:35, 22.3, 22.5, 22.75, 22.75, 9999.0, 9999.0, 9999.0, 23.98, 9999.0, 22.75, 9999.0, 22.7, 22.48, 22.25, 22.27, 22.25
2026-08-23, 01:13:39, 22.3, 22.5, 22.75, 22.75, 9999.0, 9999.0, 9999.0, 23.98, 9999.0, 22.73, 9999.0, 22.7, 22.48, 22.25, 22.25, 22.25
2026-08-23, 01:13:43, 22.27, 22.5, 22.75, 22.75, 9999.0, 9999.0, 9999.0, 24.0, 9999.0, 22.7, 9999.0, 22.68, 22.45, 22.25, 22.25, 22.25
2026-08-23, 01:13:47, 22.27, 22.5, 22.75, 22.75, 9999.0, 9999.0, 9999.0, 24.02, 9999.0, 22.68, 9999.0, 22.66, 22.45, 22.25, 22.25, 22.25
2026-08-23, 01:13:51, 22.27, 22.5, 22.75, 22.75, 9999.0, 9999.0, 9999.0, 24.05, 9999.0, 22.64, 9999.0, 22.64, 22.43, 22.25, 22.25, 22.25
2026-08-23, 01:13:55, 22.27, 22.5, 22.75, 22.75, 9999.0, 9999.0, 9999.0, 24.09, 9999.0, 22.61, 9999.0, 22.64, 22.43, 22.25, 22.25, 22.25
2026-08-23, 01:13:59, 22.27, 22.5, 22.75, 22.75, 9999.0, 9999.0, 9999.0, 24.14, 9999.0, 22.59, 9999.0, 22.64, 22.43, 22.25, 22.25, 22.25
2026-08-23, 01:14:03, 22.27, 22.5, 22.75, 22.75, 9999.0, 9999.0, 9999.0, 24.09, 9999.0, 22.57, 9999.0, 22.64, 22.43, 22.25, 22.25, 22.25
2026-08-23, 01:14:07, 22.25, 22.5, 22.75, 22.75, 9999.0, 9999.0, 9999.0, 24.05, 9999.0, 22.55, 9999.0, 22.64, 22.43, 22.25, 22.25, 22.25
2026-08-23, 01:14:11, 22.25, 22.5, 22.75, 22.75, 9999.0, 9999.0, 9999.0, 24.0, 9999.0, 22.52, 9999.0, 22.66, 22.43, 22.25, 22.25, 22.25
2026-08-23, 01:14:15, 22.25, 22.48, 22.75, 22.75, 9999.0, 9999.0, 9999.0, 23.95, 9999.0, 22.55, 9999.0, 22.68, 22.43, 22.25, 22.25, 22.25
2026-08-23, 01:14:19, 22.25, 22.48, 22.75, 22.75, 9999.0, 9999.0, 9999.0, 23.91, 9999.0, 22.55, 9999.0, 22.68, 22.45, 22.25, 22.25, 22.25
2026-08-23, 01:14:23, 22.25, 22.48, 22.75, 22.75, 9999.0, 9999.0, 9999.0, 23.89, 9999.0, 22.57, 9999.0, 22.68, 22.45, 22.25, 22.25, 22.25
2026-08-23, 01:14:27, 22.25, 22.45, 22.75, 22.75, 9999.0, 9999.0, 9999.0, 23.86, 9999.0, 22.59, 9999.0, 22.7, 22.48, 22.25, 22.25, 22.25
2026-08-23, 01:14:31, 22.25, 22.45, 22.75, 22.75, 9999.0, 9999.0, 9999.0, 23.84, 9999.0, 22.61, 9999.0, 22.73, 22.48, 22.25, 22.25, 22.25
2026-08-23, 01:14:35, 22.25, 22.45, 22.75, 22.75, 9999.0, 9999.0, 9999.0, 23.89, 9999.0, 22.64, 9999.0, 22.75, 22.5, 22.25, 22.25, 22.25
2026-08-23, 01:14:39, 22.25, 22.45, 22.75, 22.75, 9999.0, 9999.0, 9999.0, 23.91, 9999.0, 22.66, 9999.0, 22.75, 22.5, 22.25, 22.25, 22.25
2026-08-23, 01:14:43, 22.25, 22.45, 22.75, 22.75, 9999.0, 9999.0, 9999.0, 23.93, 9999.0, 22.68, 9999.0, 22.75, 22.5, 22.25, 22.25, 22.25
2026-08-23, 01:14:47, 22.25, 22.45, 22.75, 22.75, 9999.0, 9999.0, 9999.0, 23.95, 9999.0, 22.7, 9999.0, 22.73, 22.5, 22.25, 22.25, 22.25
2026-08-23, 01:14:51, 22.27, 22.45, 22.75, 22.75, 9999.0, 9999.0, 9999.0, 23.98, 9999.0, 22.7, 9999.0, 22.7, 22.5, 22.25, 22.25, 22.25
2026-08-23, 01:14:55, 22.27, 22.45, 22.75, 22.75, 9999.0, 9999.0, 9999.0, 24.0, 9999.0, 22.7, 9999.0, 22.68, 22.5, 22.25, 22.25, 22.25
2026-08-23, 01:14:59, 22.27, 22.48, 22.75, 22.75, 9999.0, 9999.0, 9999.0, 24.02, 9999.0, 22.68, 9999.0, 22.68, 22.48, 22.25, 22.25, 22.25
2026-08-23, 01:15:03, 22.27, 22.48, 22.75, 22.75, 9999.0, 9999.0, 9999.0, 24.05, 9999.0, 22.66, 9999.0, 22.66, 22.48, 22.25, 22.25, 22.25
2026-08-23, 01:15:07, 22.27, 22.48, 22.75, 22.75, 9999.0, 9999.0, 9999.0, 24.07, 9999.0, 22.64, 9999.0, 22.64, 22.48, 22.25, 22.25, 22.25
2026-08-23, 01:15:11, 22.27, 22.48, 22.75, 22.75, 9999.0, 9999.0, 9999.0, 24.09, 9999.0, 22.61, 9999.0, 22.64, 22.48, 22.25, 22.25, 22.25
2026-08-23, 01:15:15, 22.27, 22.48, 22.75, 22.75, 9999.0, 9999.0, 9999.0, 24.11, 9999.0, 22.59, 9999.0, 22.64, 22.48, 22.25, 22.27, 22.25
2026-08-23, 01:15:19, 22.27, 22.48, 22.75, 22.75, 9999.0, 9999.0, 9999.0, 24.05, 9999.0, 22.57, 9999.0, 22.64, 22.48, 22.25, 22.27, 22.25
2026-08-23, 01:15:23, 22.27, 22.45, 22.75, 22.75, 9999.0, 9999.0, 9999.0, 24.0, 9999.0, 22.55, 9999.0, 22.64, 22.48, 22.25, 22.27, 22.25
2026-08-23, 01:15:27, 22.27, 22.45, 22.75, 22.75, 9999.0, 9999.0, 9999.0, 23.95, 9999.0, 22.52, 9999.0, 22.64, 22.48, 22.25, 22.27, 22.25
2026-08-23, 01:15:31, 22.27, 22.45, 22.75, 22.75, 9999.0, 9999.0, 9999.0, 23.91, 9999.0, 22.52, 9999.0, 22.66, 22.48, 22.25, 22.27, 22.25
2026-08-23, 01:15:35, 22.25, 22.45, 22.75, 22.75, 9999.0, 9999.0, 9999.0, 23.89, 9999.0, 22.55, 9999.0, 22.68, 22.48, 22.25, 22.27, 22.25
2026-08-23, 01:15:39, 22.25, 22.45, 22.75, 22.75, 9999.0, 9999.0, 9999.0, 23.84, 9999.0, 22.55, 9999.0, 22.7, 22.48, 22.25, 22.27, 22.25
2026-08-23, 01:15:43, 22.25, 22.45, 22.75, 22.75, 9999.0, 9999.0, 9999.0, 23.8, 9999.0, 22.57, 9999.0, 22.7, 22.5, 22.25, 22.27, 22.25
2026-08-23, 01:15:47, 22.25, 22.45, 22.75, 22.75, 9999.0, 9999.0, 9999.0, 23.75, 9999.0, 22.59, 9999.0, 22.73, 22.5, 22.25, 22.27, 22.25
2026-08-23, 01:15:51, 22.25, 22.45, 22.75, 22.75, 9999.0, 9999.0, 9999.0, 23.7, 9999.0, 22.61, 9999.0, 22.75, 22.5, 22.25, 22.27, 22.25
2026-08-23, 01:15:55, 22.25, 22.48, 22.75, 22.75, 9999.0, 9999.0, 9999.0, 23.75, 9999.0, 22.61, 9999.0, 22.75, 22.5, 22.25, 22.27, 22.25
2026-08-23, 01:15:59, 22.25, 22.48, 22.75, 22.75, 9999.0, 9999.0, 9999.0, 23.77, 9999.0, 22.61, 9999.0, 22.75, 22.5, 22.25, 22.25, 22.25
2026-08-23, 01:16:03, 22.25, 22.48, 22.75, 22.75, 9999.0, 9999.0, 9999.0, 23.82, 9999.0, 22.61, 9999.0, 22.73, 22.5, 22.25, 22.25, 22.25
2026-08-23, 01:16:07, 22.25, 22.5, 22.75, 22.75, 9999.0, 9999.0, 9999.0, 23.86, 9999.0, 22.61, 9999.0, 22.73, 22.5, 22.25, 22.25, 22.25
2026-08-23, 01:16:11, 22.25, 22.48, 22.75, 22.75, 9999.0, 9999.0, 9999.0, 23.89, 9999.0, 22.61, 9999.0, 22.7, 22.5, 22.25, 22.25, 22.25
2026-08-23, 01:16:15, 22.25, 22.48, 22.75, 22.75, 9999.0, 9999.0, 9999.0, 23.91, 9999.0, 22.59, 9999.0, 22.7, 22.5, 22.25, 22.25, 22.25
2026-08-23, 01:16:19, 22.25, 22.48, 22.75, 22.75, 9999.0, 9999.0, 9999.0, 23.93, 9999.0, 22.57, 9999.0, 22.68, 22.5, 22.25, 22.25, 22.25
2026-08-23, 01:16:24, 22.25, 22.48, 22.75, 22.75, 9999.0, 9999.0, 9999.0, 23.98, 9999.0, 22.57, 9999.0, 22.66, 22.5, 22.25, 22.25, 22.25
2026-08-23, 01:16:28, 22.25, 22.48, 22.75, 22.75, 9999.0, 9999.0, 9999.0, 24.02, 9999.0, 22.55, 9999.0, 22.64, 22.5, 22.25, 22.25, 22.25
2026-08-23, 01:16:32, 22.27, 22.45, 22.75, 22.75, 9999.0, 9999.0, 9999.0, 24.07, 9999.0, 22.52, 9999.0, 22.64, 22.5, 22.25, 22.25, 22.25
2026-08-23, 01:16:36, 22.27, 22.45, 22.75, 22.75, 9999.0, 9999.0, 9999.0, 24.11, 9999.0, 22.5, 9999.0, 22.64, 22.5, 22.25, 22.25, 22.25
2026-08-23, 01:16:40, 22.27, 22.45, 22.75, 22.75, 9999.0, 9999.0, 9999.0, 24.05, 9999.0, 22.48, 9999.0, 22.64, 22.5, 22.25, 22.25, 22.25
2026-08-23, 01:16:44, 22.27, 22.45, 22.75, 22.75, 9999.0, 9999.0, 9999.0, 24.0, 9999.0, 22.45, 9999.0, 22.64, 22.5, 22.25, 22.25, 22.25
2026-08-23, 01:16:48, 22.27, 22.45, 22.75, 22.75, 9999.0, 9999.0, 9999.0, 23.95, 9999.0, 22.43, 9999.0, 22.66, 22.5, 22.25, 22.25, 22.25
2026-08-23, 01:16:52, 22.27, 22.45, 22.75, 22.75, 9999.0, 9999.0, 9999.0, 23.91, 9999.0, 22.43, 9999.0, 22.66, 22.5, 22.25, 22.25, 22.25
2026-08-23, 01:16:56, 22.27, 22.48, 22.75, 22.75, 9999.0, 9999.0, 9999.0, 23.89, 9999.0, 22.43, 9999.0, 22.68, 22.5, 22.25, 22.25, 22.25
2026-08-23, 01:17:00, 22.27, 22.48, 22.75, 22.75, 9999.0, 9999.0, 9999.0, 23.84, 9999.0, 22.45, 9999.0, 22.68, 22.5, 22.25, 22.25, 22.25
2026-08-23, 01:17:04, 22.3, 22.48, 22.75, 22.75, 9999.0, 9999.0, 9999.0, 23.8, 9999.0, 22.48, 9999.0, 22.7, 22.5, 22.25, 22.25, 22.25
2026-08-23, 01:17:08, 22.3, 22.48, 22.75, 22.75, 9999.0, 9999.0, 9999.0, 23.75, 9999.0, 22.48, 9999.0, 22.73, 22.5, 22.25, 22.25, 22.25
2026-08-23, 01:17:12, 22.3, 22.48, 22.75, 22.75, 9999.0, 9999.0, 9999.0, 23.77, 9999.0, 22.48, 9999.0, 22.75, 22.5, 22.25, 22.25, 22.25
2026-08-23, 01:17:16, 22.27, 22.5, 22.75, 22.75, 9999.0, 9999.0, 9999.0, 23.8, 9999.0, 22.48, 9999.0, 22.75, 22.5, 22.25, 22.25, 22.25
2026-08-23, 01:17:20, 22.27, 22.5, 22.75, 22.75, 9999.0, 9999.0, 9999.0, 23.82, 9999.0, 22.48, 9999.0, 22.75, 22.5, 22.25, 22.25, 22.25
2026-08-23, 01:17:24, 22.27, 22.5, 22.75, 22.75, 9999.0, 9999.0, 9999.0, 23.86, 9999.0, 22.5, 9999.0, 22.75, 22.5, 22.25, 22.25, 22.25
2026-08-23, 01:17:28, 22.27, 22.5, 22.75, 22.75, 9999.0, 9999.0, 9999.0, 23.89, 9999.0, 22.52, 9999.0, 22.75, 22.48, 22.25, 22.25, 22.25
2026-08-23, 01:17:32, 22.27, 22.5, 22.75, 22.75, 9999.0, 9999.0, 9999.0, 23.91, 9999.0, 22.52, 9999.0, 22.73, 22.45, 22.25, 22.25, 22.25
2026-08-23, 01:17:36, 22.27, 22.5, 22.75, 22.75, 9999.0, 9999.0, 9999.0, 23.91, 9999.0, 22.52, 9999.0, 22.7, 22.45, 22.25, 22.25, 22.25
2026-08-23, 01:17:40, 22.27, 22.5, 22.75, 22.75, 9999.0, 9999.0, 9999.0, 23.91, 9999.0, 22.5, 9999.0, 22.68, 22.45, 22.25, 22.25, 22.25
2026-08-23, 01:17:44, 22.27, 22.5, 22.75, 22.75, 9999.0, 9999.0, 9999.0, 23.95, 9999.0, 22.45, 9999.0, 22.66, 22.45, 22.25, 22.25, 22.25
2026-08-23, 01:17:48, 22.25, 22.5, 22.75, 22.75, 9999.0, 9999.0, 9999.0, 24.0, 9999.0, 22.43, 9999.0, 22.66, 22.45, 22.25, 22.25, 22.25
2026-08-23, 01:17:52, 22.25, 22.5, 22.75, 22.75, 9999.0, 9999.0, 9999.0, 24.02, 9999.0, 22.43, 9999.0, 22.66, 22.45, 22.25, 22.25, 22.25
2026-08-23, 01:17:56, 22.25, 22.5, 22.75, 22.75, 9999.0, 9999.0, 9999.0, 23.98, 9999.0, 22.41, 9999.0, 22.66, 22.45, 22.25, 22.25, 22.25
2026-08-23, 01:18:00, 22.25, 22.5, 22.75, 22.75, 9999.0, 9999.0, 9999.0, 23.93, 9999.0, 22.39, 9999.0, 22.68, 22.45, 22.25, 22.25, 22.25
2026-08-23, 01:18:04, 22.25, 22.5, 22.75, 22.75, 9999.0, 9999.0, 9999.0, 23.89, 9999.0, 22.36, 9999.0, 22.68, 22.45, 22.25, 22.25, 22.25
2026-08-23, 01:18:08, 22.25, 22.5, 22.75, 22.75, 9999.0, 9999.0, 9999.0, 23.84, 9999.0, 22.36, 9999.0, 22.68, 22.45, 22.25, 22.25, 22.25
2026-08-23, 01:18:12, 22.25, 22.5, 22.75, 22.75, 9999.0, 9999.0, 9999.0, 23.82, 9999.0, 22.36, 9999.0, 22.68, 22.48, 22.25, 22.25, 22.25
2026-08-23, 01:18:16, 22.25, 22.5, 22.75, 22.75, 9999.0, 9999.0, 9999.0, 23.77, 9999.0, 22.41, 9999.0, 22.7, 22.5, 22.23, 22.25, 22.25
2026-08-23, 01:18:20, 22.25, 22.5, 22.75, 22.75, 9999.0, 9999.0, 9999.0, 23.75, 9999.0, 22.43, 9999.0, 22.73, 22.5, 22.23, 22.25, 22.25
2026-08-23, 01:18:24, 22.25, 22.5, 22.75, 22.75, 9999.0, 9999.0, 9999.0, 23.73, 9999.0, 22.45, 9999.0, 22.75, 22.5, 22.23, 22.25, 22.25
2026-08-23, 01:18:28, 22.25, 22.5, 22.75, 22.75, 9999.0, 9999.0, 9999.0, 23.77, 9999.0, 22.48, 9999.0, 22.77, 22.5, 22.23, 22.25, 22.25
2026-08-23, 01:18:32, 22.25, 22.5, 22.75, 22.75, 9999.0, 9999.0, 9999.0, 23.82, 9999.0, 22.48, 9999.0, 22.77, 22.5, 22.23, 22.25, 22.25
2026-08-23, 01:18:36, 22.25, 22.5, 22.75, 22.75, 9999.0, 9999.0, 9999.0, 23.86, 9999.0, 22.48, 9999.0, 22.77, 22.5, 22.23, 22.25, 22.25
2026-08-23, 01:18:40, 22.25, 22.5, 22.75, 22.75, 9999.0, 9999.0, 9999.0, 23.89, 9999.0, 22.5, 9999.0, 22.77, 22.5, 22.23, 22.25, 22.25
2026-08-23, 01:18:44, 22.25, 22.5, 22.75, 22.75, 9999.0, 9999.0, 9999.0, 23.91, 9999.0, 22.52, 9999.0, 22.75, 22.5, 22.23, 22.25, 22.25
2026-08-23, 01:18:48, 22.25, 22.5, 22.75, 22.75, 9999.0, 9999.0, 9999.0, 23.93, 9999.0, 22.52, 9999.0, 22.73, 22.5, 22.23, 22.25, 22.25
2026-08-23, 01:18:52, 22.25, 22.5, 22.75, 22.75, 9999.0, 9999.0, 9999.0, 23.95, 9999.0, 22.52, 9999.0, 22.7, 22.5, 22.23, 22.25, 22.25
2026-08-23, 01:18:56, 22.25, 22.5, 22.75, 22.75, 9999.0, 9999.0, 9999.0, 23.95, 9999.0, 22.5, 9999.0, 22.68, 22.48, 22.23, 22.25, 22.25
2026-08-23, 01:19:00, 22.25, 22.48, 22.75, 22.75, 9999.0, 9999.0, 9999.0, 24.0, 9999.0, 22.45, 9999.0, 22.66, 22.48, 22.25, 22.25, 22.23
2026-08-23, 01:19:04, 22.25, 22.48, 22.75, 22.75, 9999.0, 9999.0, 9999.0, 24.05, 9999.0, 22.41, 9999.0, 22.64, 22.48, 22.25, 22.25, 22.23
2026-08-23, 01:19:08, 22.25, 22.48, 22.75, 22.75, 9999.0, 9999.0, 9999.0, 24.09, 9999.0, 22.39, 9999.0, 22.64, 22.48, 22.25, 22.25, 22.23
2026-08-23, 01:19:12, 22.25, 22.48, 22.75, 22.75, 9999.0, 9999.0, 9999.0, 24.02, 9999.0, 22.36, 9999.0, 22.64, 22.48, 22.23, 22.25, 22.23
2026-08-23, 01:19:16, 22.27, 22.48, 22.75, 22.75, 9999.0, 9999.0, 9999.0, 23.95, 9999.0, 22.34, 9999.0, 22.64, 22.48, 22.23, 22.25, 22.23
2026-08-23, 01:19:20, 22.27, 22.48, 22.75, 22.75, 9999.0, 9999.0, 9999.0, 23.89, 9999.0, 22.32, 9999.0, 22.64, 22.48, 22.23, 22.25, 22.23
2026-08-23, 01:19:24, 22.3, 22.48, 22.75, 22.75, 9999.0, 9999.0, 9999.0, 23.86, 9999.0, 22.3, 9999.0, 22.64, 22.48, 22.23, 22.25, 22.23
2026-08-23, 01:19:28, 22.32, 22.48, 22.75, 22.75, 9999.0, 9999.0, 9999.0, 23.82, 9999.0, 22.3, 9999.0, 22.64, 22.48, 22.23, 22.25, 22.23
2026-08-23, 01:19:32, 22.32, 22.45, 22.75, 22.75, 9999.0, 9999.0, 9999.0, 23.77, 9999.0, 22.3, 9999.0, 22.66, 22.48, 22.23, 22.25, 22.23
2026-08-23, 01:19:36, 22.32, 22.43, 22.75, 22.75, 9999.0, 9999.0, 9999.0, 23.73, 9999.0, 22.3, 9999.0, 22.68, 22.48, 22.23, 22.25, 22.23
2026-08-23, 01:19:40, 22.32, 22.43, 22.75, 22.75, 9999.0, 9999.0, 9999.0, 23.7, 9999.0, 22.32, 9999.0, 22.7, 22.5, 22.23, 22.27, 22.23
2026-08-23, 01:19:44, 22.32, 22.45, 22.75, 22.75, 9999.0, 9999.0, 9999.0, 23.66, 9999.0, 22.36, 9999.0, 22.73, 22.5, 22.23, 22.27, 22.25
2026-08-23, 01:19:48, 22.34, 22.45, 22.75, 22.75, 9999.0, 9999.0, 9999.0, 23.68, 9999.0, 22.39, 9999.0, 22.75, 22.5, 22.23, 22.27, 22.25
2026-08-23, 01:19:52, 22.34, 22.45, 22.75, 22.75, 9999.0, 9999.0, 9999.0, 23.68, 9999.0, 22.41, 9999.0, 22.75, 22.5, 22.23, 22.27, 22.25
2026-08-23, 01:19:56, 22.34, 22.45, 22.75, 22.75, 9999.0, 9999.0, 9999.0, 23.7, 9999.0, 22.43, 9999.0, 22.75, 22.5, 22.25, 22.27, 22.25
2026-08-23, 01:20:00, 22.34, 22.45, 22.75, 22.75, 9999.0, 9999.0, 9999.0, 23.73, 9999.0, 22.45, 9999.0, 22.75, 22.5, 22.25, 22.27, 22.25
2026-08-23, 01:20:04, 22.34, 22.45, 22.75, 22.75, 9999.0, 9999.0, 9999.0, 23.77, 9999.0, 22.45, 9999.0, 22.73, 22.5, 22.25, 22.27, 22.25
2026-08-23, 01:20:08, 22.32, 22.45, 22.75, 22.75, 9999.0, 9999.0, 9999.0, 23.8, 9999.0, 22.45, 9999.0, 22.7, 22.5, 22.25, 22.27, 22.25
2026-08-23, 01:20:13, 22.3, 22.45, 22.75, 22.75, 9999.0, 9999.0, 9999.0, 23.82, 9999.0, 22.43, 9999.0, 22.68, 22.5, 22.25, 22.27, 22.25
2026-08-23, 01:20:17, 22.3, 22.48, 22.75, 22.75, 9999.0, 9999.0, 9999.0, 23.84, 9999.0, 22.43, 9999.0, 22.66, 22.5, 22.25, 22.27, 22.25
2026-08-23, 01:20:21, 22.3, 22.5, 22.75, 22.75, 9999.0, 9999.0, 9999.0, 23.89, 9999.0, 22.41, 9999.0, 22.64, 22.5, 22.25, 22.27, 22.25
2026-08-23, 01:20:25, 22.3, 22.5, 22.75, 22.75, 9999.0, 9999.0, 9999.0, 23.91, 9999.0, 22.39, 9999.0, 22.64, 22.5, 22.25, 22.25, 22.25
2026-08-23, 01:20:29, 22.3, 22.48, 22.75, 22.75, 9999.0, 9999.0, 9999.0, 23.93, 9999.0, 22.34, 9999.0, 22.64, 22.5, 22.25, 22.25, 22.25
2026-08-23, 01:20:33, 22.27, 22.48, 22.75, 22.75, 9999.0, 9999.0, 9999.0, 23.89, 9999.0, 22.32, 9999.0, 22.64, 22.5, 22.25, 22.25, 22.25
2026-08-23, 01:20:37, 22.27, 22.48, 22.75, 22.75, 9999.0, 9999.0, 9999.0, 23.86, 9999.0, 22.3, 9999.0, 22.64, 22.5, 22.25, 22.25, 22.25
2026-08-23, 01:20:41, 22.27, 22.48, 22.75, 22.75, 9999.0, 9999.0, 9999.0, 23.84, 9999.0, 22.27, 9999.0, 22.64, 22.5, 22.25, 22.25, 22.25
2026-08-23, 01:20:45, 22.25, 22.45, 22.75, 22.75, 9999.0, 9999.0, 9999.0, 23.8, 9999.0, 22.25, 9999.0, 22.64, 22.5, 22.25, 22.25, 22.25
2026-08-23, 01:20:49, 22.25, 22.45, 22.75, 22.75, 9999.0, 9999.0, 9999.0, 23.75, 9999.0, 22.27, 9999.0, 22.66, 22.5, 22.25, 22.25, 22.25
2026-08-23, 01:20:53, 22.25, 22.45, 22.75, 22.75, 9999.0, 9999.0, 9999.0, 23.7, 9999.0, 22.3, 9999.0, 22.68, 22.5, 22.25, 22.25, 22.25
2026-08-23, 01:20:57, 22.25, 22.45, 22.75, 22.75, 9999.0, 9999.0, 9999.0, 23.68, 9999.0, 22.32, 9999.0, 22.7, 22.5, 22.25, 22.25, 22.25
2026-08-23, 01:21:01, 22.27, 22.45, 22.75, 22.75, 9999.0, 9999.0, 9999.0, 23.66, 9999.0, 22.34, 9999.0, 22.73, 22.5, 22.25, 22.25, 22.25
2026-08-23, 01:21:05, 22.3, 22.45, 22.75, 22.75, 9999.0, 9999.0, 9999.0, 23.66, 9999.0, 22.36, 9999.0, 22.75, 22.5, 22.25, 22.25, 22.25
2026-08-23, 01:21:09, 22.3, 22.45, 22.75, 22.75, 9999.0, 9999.0, 9999.0, 23.7, 9999.0, 22.39, 9999.0, 22.75, 22.5, 22.25, 22.25, 22.25
2026-08-23, 01:21:13, 22.32, 22.48, 22.75, 22.75, 9999.0, 9999.0, 9999.0, 23.73, 9999.0, 22.41, 9999.0, 22.73, 22.5, 22.25, 22.25, 22.25
2026-08-23, 01:21:17, 22.32, 22.48, 22.75, 22.75, 9999.0, 9999.0, 9999.0, 23.75, 9999.0, 22.41, 9999.0, 22.73, 22.5, 22.25, 22.25, 22.25
2026-08-23, 01:21:21, 22.32, 22.48, 22.75, 22.75, 9999.0, 9999.0, 9999.0, 23.77, 9999.0, 22.43, 9999.0, 22.7, 22.5, 22.25, 22.25, 22.25
2026-08-23, 01:21:25, 22.32, 22.48, 22.75, 22.75, 9999.0, 9999.0, 9999.0, 23.8, 9999.0, 22.43, 9999.0, 22.68, 22.5, 22.25, 22.25, 22.25
2026-08-23, 01:21:29, 22.32, 22.5, 22.75, 22.75, 9999.0, 9999.0, 9999.0, 23.84, 9999.0, 22.45, 9999.0, 22.66, 22.5, 22.25, 22.25, 22.25
2026-08-23, 01:21:33, 22.32, 22.5, 22.75, 22.75, 9999.0, 9999.0, 9999.0, 23.86, 9999.0, 22.43, 9999.0, 22.64, 22.5, 22.25, 22.25, 22.25
2026-08-23, 01:21:37, 22.32, 22.5, 22.75, 22.75, 9999.0, 9999.0, 9999.0, 23.91, 9999.0, 22.41, 9999.0, 22.61, 22.5, 22.25, 22.25, 22.25
2026-08-23, 01:21:41, 22.32, 22.5, 22.75, 22.75, 9999.0, 9999.0, 9999.0, 23.93, 9999.0, 22.39, 9999.0, 22.61, 22.5, 22.25, 22.25, 22.25
2026-08-23, 01:21:45, 22.3, 22.5, 22.75, 22.75, 9999.0, 9999.0, 9999.0, 23.95, 9999.0, 22.36, 9999.0, 22.61, 22.5, 22.25, 22.25, 22.25
2026-08-23, 01:21:49, 22.27, 22.5, 22.75, 22.75, 9999.0, 9999.0, 9999.0, 23.93, 9999.0, 22.34, 9999.0, 22.61, 22.5, 22.25, 22.25, 22.25
2026-08-23, 01:21:53, 22.27, 22.5, 22.75, 22.75, 9999.0, 9999.0, 9999.0, 23.89, 9999.0, 22.3, 9999.0, 22.61, 22.5, 22.25, 22.25, 22.25
2026-08-23, 01:21:57, 22.25, 22.5, 22.75, 22.75, 9999.0, 9999.0, 9999.0, 23.84, 9999.0, 22.27, 9999.0, 22.64, 22.5, 22.25, 22.25, 22.25
2026-08-23, 01:22:01, 22.25, 22.5, 22.75, 22.75, 9999.0, 9999.0, 9999.0, 23.8, 9999.0, 22.27, 9999.0, 22.64, 22.5, 22.25, 22.25, 22.25
2026-08-23, 01:22:05, 22.25, 22.5, 22.75, 22.75, 9999.0, 9999.0, 9999.0, 23.75, 9999.0, 22.25, 9999.0, 22.66, 22.5, 22.25, 22.25, 22.25
2026-08-23, 01:22:09, 22.25, 22.5, 22.75, 22.75, 9999.0, 9999.0, 9999.0, 23.7, 9999.0, 22.25, 9999.0, 22.68, 22.5, 22.25, 22.25, 22.25
2026-08-23, 01:22:13, 22.25, 22.5, 22.75, 22.75, 9999.0, 9999.0, 9999.0, 23.66, 9999.0, 22.25, 9999.0, 22.7, 22.5, 22.25, 22.25, 22.25
2026-08-23, 01:22:17, 22.25, 22.5, 22.75, 22.75, 9999.0, 9999.0, 9999.0, 23.61, 9999.0, 22.27, 9999.0, 22.73, 22.5, 22.25, 22.25, 22.25
2026-08-23, 01:22:21, 22.25, 22.5, 22.75, 22.75, 9999.0, 9999.0, 9999.0, 23.55, 9999.0, 22.3, 9999.0, 22.75, 22.5, 22.25, 22.25, 22.25
2026-08-23, 01:22:25, 22.25, 22.5, 22.75, 22.75, 9999.0, 9999.0, 9999.0, 23.57, 9999.0, 22.3, 9999.0, 22.75, 22.5, 22.25, 22.25, 22.25
2026-08-23, 01:22:29, 22.25, 22.5, 22.75, 22.75, 9999.0, 9999.0, 9999.0, 23.59, 9999.0, 22.3, 9999.0, 22.75, 22.5, 22.25, 22.25, 22.25
2026-08-23, 01:22:33, 22.25, 22.5, 22.75, 22.75, 9999.0, 9999.0, 9999.0, 23.61, 9999.0, 22.32, 9999.0, 22.75, 22.5, 22.25, 22.25, 22.25
2026-08-23, 01:22:37, 22.25, 22.5, 22.75, 22.75, 9999.0, 9999.0, 9999.0, 23.64, 9999.0, 22.36, 9999.0, 22.75, 22.5, 22.25, 22.25, 22.25
2026-08-23, 01:22:41, 22.25, 22.5, 22.75, 22.75, 9999.0, 9999.0, 9999.0, 23.66, 9999.0, 22.36, 9999.0, 22.75, 22.5, 22.25, 22.25, 22.25
2026-08-23, 01:22:45, 22.25, 22.48, 22.75, 22.75, 9999.0, 9999.0, 9999.0, 23.68, 9999.0, 22.36, 9999.0, 22.73, 22.5, 22.25, 22.25, 22.25
2026-08-23, 01:22:49, 22.27, 22.48, 22.75, 22.75, 9999.0, 9999.0, 9999.0, 23.7, 9999.0, 22.36, 9999.0, 22.7, 22.5, 22.25, 22.25, 22.25
2026-08-23, 01:22:53, 22.27, 22.48, 22.75, 22.75, 9999.0, 9999.0, 9999.0, 23.73, 9999.0, 22.36, 9999.0, 22.7, 22.5, 22.25, 22.25, 22.25
2026-08-23, 01:22:57, 22.27, 22.48, 22.75, 22.75, 9999.0, 9999.0, 9999.0, 23.75, 9999.0, 22.34, 9999.0, 22.68, 22.5, 22.25, 22.25, 22.25
2026-08-23, 01:23:01, 22.27, 22.48, 22.75, 22.75, 9999.0, 9999.0, 9999.0, 23.8, 9999.0, 22.32, 9999.0, 22.68, 22.5, 22.25, 22.25, 22.25
2026-08-23, 01:23:05, 22.27, 22.48, 22.77, 22.75, 9999.0, 9999.0, 9999.0, 23.84, 9999.0, 22.3, 9999.0, 22.68, 22.5, 22.25, 22.25, 22.25
2026-08-23, 01:23:09, 22.3, 22.48, 22.77, 22.75, 9999.0, 9999.0, 9999.0, 23.8, 9999.0, 22.3, 9999.0, 22.68, 22.5, 22.25, 22.25, 22.25
2026-08-23, 01:23:13, 22.3, 22.48, 22.8, 22.75, 9999.0, 9999.0, 9999.0, 23.75, 9999.0, 22.3, 9999.0, 22.7, 22.5, 22.25, 22.25, 22.25
2026-08-23, 01:23:17, 22.3, 22.48, 22.8, 22.75, 9999.0, 9999.0, 9999.0, 23.7, 9999.0, 22.27, 9999.0, 22.73, 22.5, 22.25, 22.25, 22.25
2026-08-23, 01:23:21, 22.3, 22.48, 22.8, 22.75, 9999.0, 9999.0, 9999.0, 23.66, 9999.0, 22.25, 9999.0, 22.73, 22.5, 22.25, 22.25, 22.25
2026-08-23, 01:23:25, 22.3, 22.45, 22.8, 22.75, 9999.0, 9999.0, 9999.0, 23.64, 9999.0, 22.25, 9999.0, 22.73, 22.5, 22.25, 22.25, 22.25
2026-08-23, 01:23:29, 22.3, 22.48, 22.8, 22.75, 9999.0, 9999.0, 9999.0, 23.59, 9999.0, 22.25, 9999.0, 22.75, 22.5, 22.25, 22.25, 22.25
2026-08-23, 01:23:33, 22.27, 22.48, 22.82, 22.75, 9999.0, 9999.0, 9999.0, 23.55, 9999.0, 22.27, 9999.0, 22.77, 22.5, 22.25, 22.25, 22.25
2026-08-23, 01:23:37, 22.3, 22.48, 22.82, 22.75, 9999.0, 9999.0, 9999.0, 23.5, 9999.0, 22.3, 9999.0, 22.77, 22.5, 22.25, 22.25, 22.27
2026-08-23, 01:23:41, 22.3, 22.48, 22.82, 22.75, 9999.0, 9999.0, 9999.0, 23.52, 9999.0, 22.32, 9999.0, 22.8, 22.5, 22.25, 22.25, 22.27
2026-08-23, 01:23:45, 22.3, 22.45, 22.82, 22.75, 9999.0, 9999.0, 9999.0, 23.55, 9999.0, 22.34, 9999.0, 22.8, 22.5, 22.25, 22.25, 22.27
2026-08-23, 01:23:49, 22.3, 22.45, 22.8, 22.75, 9999.0, 9999.0, 9999.0, 23.57, 9999.0, 22.36, 9999.0, 22.77, 22.5, 22.25, 22.25, 22.27
2026-08-23, 01:23:53, 22.27, 22.45, 22.8, 22.75, 9999.0, 9999.0, 9999.0, 23.61, 9999.0, 22.36, 9999.0, 22.75, 22.5, 22.25, 22.25, 22.27
2026-08-23, 01:23:57, 22.27, 22.45, 22.77, 22.75, 9999.0, 9999.0, 9999.0, 23.66, 9999.0, 22.36, 9999.0, 22.73, 22.5, 22.25, 22.25, 22.27
2026-08-23, 01:24:01, 22.27, 22.45, 22.77, 22.75, 9999.0, 9999.0, 9999.0, 23.68, 9999.0, 22.36, 9999.0, 22.68, 22.5, 22.25, 22.25, 22.27
2026-08-23, 01:24:06, 22.3, 22.45, 22.77, 22.75, 9999.0, 9999.0, 9999.0, 23.7, 9999.0, 22.36, 9999.0, 22.66, 22.5, 22.25, 22.25, 22.27
2026-08-23, 01:24:10, 22.32, 22.48, 22.77, 22.75, 9999.0, 9999.0, 9999.0, 23.73, 9999.0, 22.36, 9999.0, 22.64, 22.5, 22.25, 22.27, 22.27
2026-08-23, 01:24:14, 22.32, 22.48, 22.77, 22.75, 9999.0, 9999.0, 9999.0, 23.77, 9999.0, 22.36, 9999.0, 22.64, 22.5, 22.25, 22.27, 22.27
2026-08-23, 01:24:18, 22.34, 22.48, 22.75, 22.75, 9999.0, 9999.0, 9999.0, 23.82, 9999.0, 22.34, 9999.0, 22.64, 22.5, 22.25, 22.27, 22.27
2026-08-23, 01:24:22, 22.34, 22.48, 22.75, 22.75, 9999.0, 9999.0, 9999.0, 23.86, 9999.0, 22.32, 9999.0, 22.64, 22.5, 22.25, 22.27, 22.25
2026-08-23, 01:24:26, 22.34, 22.48, 22.75, 22.75, 9999.0, 9999.0, 9999.0, 23.84, 9999.0, 22.27, 9999.0, 22.64, 22.5, 22.25, 22.27, 22.25
2026-08-23, 01:24:30, 22.34, 22.5, 22.75, 22.75, 9999.0, 9999.0, 9999.0, 23.8, 9999.0, 22.23, 9999.0, 22.66, 22.5, 22.25, 22.27, 22.25
2026-08-23, 01:24:34, 22.36, 22.5, 22.77, 22.75, 9999.0, 9999.0, 9999.0, 23.75, 9999.0, 22.2, 9999.0, 22.68, 22.5, 22.25, 22.27, 22.25
2026-08-23, 01:24:38, 22.36, 22.5, 22.77, 22.75, 9999.0, 9999.0, 9999.0, 23.7, 9999.0, 22.18, 9999.0, 22.7, 22.5, 22.25, 22.27, 22.25
2026-08-23, 01:24:42, 22.36, 22.5, 22.77, 22.75, 9999.0, 9999.0, 9999.0, 23.66, 9999.0, 22.2, 9999.0, 22.7, 22.5, 22.25, 22.27, 22.25
2026-08-23, 01:24:46, 22.36, 22.5, 22.77, 22.75, 9999.0, 9999.0, 9999.0, 23.61, 9999.0, 22.2, 9999.0, 22.73, 22.5, 22.25, 22.27, 22.25
2026-08-23, 01:24:50, 22.36, 22.5, 22.8, 22.75, 9999.0, 9999.0, 9999.0, 23.57, 9999.0, 22.25, 9999.0, 22.75, 22.5, 22.25, 22.27, 22.25
2026-08-23, 01:24:54, 22.36, 22.5, 22.8, 22.75, 9999.0, 9999.0, 9999.0, 23.52, 9999.0, 22.3, 9999.0, 22.77, 22.5, 22.25, 22.25, 22.25
2026-08-23, 01:24:58, 22.39, 22.5, 22.8, 22.75, 9999.0, 9999.0, 9999.0, 23.48, 9999.0, 22.34, 9999.0, 22.77, 22.5, 22.25, 22.25, 22.25
2026-08-23, 01:25:02, 22.39, 22.5, 22.8, 22.75, 9999.0, 9999.0, 9999.0, 23.5, 9999.0, 22.39, 9999.0, 22.77, 22.5, 22.25, 22.25, 22.25
2026-08-23, 01:25:06, 22.36, 22.48, 22.82, 22.75, 9999.0, 9999.0, 9999.0, 23.55, 9999.0, 22.41, 9999.0, 22.77, 22.5, 22.25, 22.25, 22.25
2026-08-23, 01:25:10, 22.36, 22.48, 22.82, 22.75, 9999.0, 9999.0, 9999.0, 23.57, 9999.0, 22.45, 9999.0, 22.77, 22.5, 22.25, 22.27, 22.25
2026-08-23, 01:25:14, 22.36, 22.48, 22.82, 22.75, 9999.0, 9999.0, 9999.0, 23.61, 9999.0, 22.5, 9999.0, 22.75, 22.5, 22.25, 22.27, 22.25
2026-08-23, 01:25:18, 22.34, 22.48, 22.82, 22.75, 9999.0, 9999.0, 9999.0, 23.66, 9999.0, 22.5, 9999.0, 22.73, 22.5, 22.25, 22.27, 22.25
2026-08-23, 01:25:22, 22.34, 22.48, 22.82, 22.75, 9999.0, 9999.0, 9999.0, 23.68, 9999.0, 22.52, 9999.0, 22.7, 22.5, 22.25, 22.27, 22.25
2026-08-23, 01:25:26, 22.34, 22.48, 22.82, 22.75, 9999.0, 9999.0, 9999.0, 23.7, 9999.0, 22.5, 9999.0, 22.7, 22.5, 22.25, 22.27, 22.25
2026-08-23, 01:25:30, 22.34, 22.48, 22.82, 22.75, 9999.0, 9999.0, 9999.0, 23.77, 9999.0, 22.5, 9999.0, 22.68, 22.5, 22.25, 22.27, 22.25
2026-08-23, 01:25:34, 22.34, 22.48, 22.8, 22.75, 9999.0, 9999.0, 9999.0, 23.82, 9999.0, 22.45, 9999.0, 22.66, 22.5, 22.25, 22.27, 22.25
2026-08-23, 01:25:38, 22.32, 22.48, 22.8, 22.75, 9999.0, 9999.0, 9999.0, 23.86, 9999.0, 22.41, 9999.0, 22.66, 22.5, 22.25, 22.27, 22.25
2026-08-23, 01:25:42, 22.3, 22.48, 22.8, 22.75, 9999.0, 9999.0, 9999.0, 23.91, 9999.0, 22.36, 9999.0, 22.66, 22.5, 22.25, 22.27, 22.25
2026-08-23, 01:25:46, 22.27, 22.48, 22.8, 22.75, 9999.0, 9999.0, 9999.0, 23.89, 9999.0, 22.32, 9999.0, 22.66, 22.5, 22.25, 22.27, 22.25
2026-08-23, 01:25:50, 22.27, 22.5, 22.77, 22.75, 9999.0, 9999.0, 9999.0, 23.82, 9999.0, 22.3, 9999.0, 22.68, 22.5, 22.25, 22.3, 22.25
2026-08-23, 01:25:54, 22.3, 22.5, 22.77, 22.75, 9999.0, 9999.0, 9999.0, 23.77, 9999.0, 22.27, 9999.0, 22.68, 22.5, 22.25, 22.3, 22.25
2026-08-23, 01:25:58, 22.3, 22.5, 22.77, 22.75, 9999.0, 9999.0, 9999.0, 23.73, 9999.0, 22.27, 9999.0, 22.68, 22.5, 22.25, 22.3, 22.25
2026-08-23, 01:26:02, 22.3, 22.48, 22.75, 22.75, 9999.0, 9999.0, 9999.0, 23.68, 9999.0, 22.3, 9999.0, 22.7, 22.5, 22.25, 22.3, 22.25
2026-08-23, 01:26:06, 22.3, 22.48, 22.75, 22.75, 9999.0, 9999.0, 9999.0, 23.66, 9999.0, 22.32, 9999.0, 22.73, 22.5, 22.25, 22.3, 22.25
2026-08-23, 01:26:10, 22.3, 22.48, 22.75, 22.75, 9999.0, 9999.0, 9999.0, 23.64, 9999.0, 22.34, 9999.0, 22.73, 22.5, 22.25, 22.3, 22.25
2026-08-23, 01:26:14, 22.3, 22.48, 22.75, 22.75, 9999.0, 9999.0, 9999.0, 23.59, 9999.0, 22.36, 9999.0, 22.75, 22.5, 22.25, 22.3, 22.25
2026-08-23, 01:26:18, 22.27, 22.48, 22.75, 22.75, 9999.0, 9999.0, 9999.0, 23.64, 9999.0, 22.39, 9999.0, 22.77, 22.5, 22.25, 22.3, 22.25
2026-08-23, 01:26:22, 22.27, 22.48, 22.75, 22.75, 9999.0, 9999.0, 9999.0, 23.68, 9999.0, 22.41, 9999.0, 22.77, 22.5, 22.25, 22.3, 22.25
2026-08-23, 01:26:26, 22.27, 22.48, 22.75, 22.75, 9999.0, 9999.0, 9999.0, 23.7, 9999.0, 22.43, 9999.0, 22.77, 22.5, 22.25, 22.3, 22.25
2026-08-23, 01:26:30, 22.27, 22.48, 22.75, 22.75, 9999.0, 9999.0, 9999.0, 23.73, 9999.0, 22.45, 9999.0, 22.77, 22.5, 22.25, 22.3, 22.25
2026-08-23, 01:26:34, 22.27, 22.48, 22.75, 22.75, 9999.0, 9999.0, 9999.0, 23.77, 9999.0, 22.45, 9999.0, 22.75, 22.5, 22.25, 22.27, 22.25
2026-08-23, 01:26:38, 22.25, 22.48, 22.75, 22.75, 9999.0, 9999.0, 9999.0, 23.82, 9999.0, 22.48, 9999.0, 22.75, 22.5, 22.25, 22.25, 22.25
2026-08-23, 01:26:42, 22.25, 22.48, 22.75, 22.75, 9999.0, 9999.0, 9999.0, 23.84, 9999.0, 22.45, 9999.0, 22.73, 22.5, 22.25, 22.25, 22.25
2026-08-23, 01:26:46, 22.25, 22.5, 22.77, 22.75, 9999.0, 9999.0, 9999.0, 23.86, 9999.0, 22.45, 9999.0, 22.7, 22.5, 22.25, 22.25, 22.25
2026-08-23, 01:26:50, 22.27, 22.5, 22.77, 22.75, 9999.0, 9999.0, 9999.0, 23.89, 9999.0, 22.43, 9999.0, 22.68, 22.5, 22.25, 22.25, 22.25
2026-08-23, 01:26:54, 22.27, 22.5, 22.77, 22.75, 9999.0, 9999.0, 9999.0, 23.91, 9999.0, 22.41, 9999.0, 22.68, 22.5, 22.25, 22.25, 22.25
2026-08-23, 01:26:58, 22.27, 22.5, 22.77, 22.75, 9999.0, 9999.0, 9999.0, 23.93, 9999.0, 22.39, 9999.0, 22.68, 22.5, 22.25, 22.25, 22.25
2026-08-23, 01:27:02, 22.27, 22.5, 22.77, 22.75, 9999.0, 9999.0, 9999.0, 23.89, 9999.0, 22.36, 9999.0, 22.68, 22.5, 22.25, 22.25, 22.25
2026-08-23, 01:27:06, 22.27, 22.5, 22.77, 22.75, 9999.0, 9999.0, 9999.0, 23.84, 9999.0, 22.34, 9999.0, 22.7, 22.5, 22.25, 22.25, 22.25
2026-08-23, 01:27:10, 22.27, 22.5, 22.77, 22.75, 9999.0, 9999.0, 9999.0, 23.82, 9999.0, 22.34, 9999.0, 22.7, 22.5, 22.25, 22.25, 22.25
2026-08-23, 01:27:14, 22.3, 22.5, 22.8, 22.75, 9999.0, 9999.0, 9999.0, 23.77, 9999.0, 22.34, 9999.0, 22.7, 22.5, 22.25, 22.25, 22.25
2026-08-23, 01:27:18, 22.3, 22.5, 22.8, 22.75, 9999.0, 9999.0, 9999.0, 23.73, 9999.0, 22.36, 9999.0, 22.7, 22.5, 22.25, 22.25, 22.25
2026-08-23, 01:27:22, 22.3, 22.5, 22.8, 22.75, 9999.0, 9999.0, 9999.0, 23.68, 9999.0, 22.36, 9999.0, 22.7, 22.5, 22.25, 22.25, 22.25
2026-08-23, 01:27:26, 22.3, 22.5, 22.8, 22.75, 9999.0, 9999.0, 9999.0, 23.66, 9999.0, 22.41, 9999.0, 22.73, 22.52, 22.25, 22.25, 22.25
2026-08-23, 01:27:30, 22.3, 22.5, 22.77, 22.75, 9999.0, 9999.0, 9999.0, 23.64, 9999.0, 22.43, 9999.0, 22.75, 22.52, 22.25, 22.25, 22.25
2026-08-23, 01:27:34, 22.27, 22.5, 22.8, 22.75, 9999.0, 9999.0, 9999.0, 23.68, 9999.0, 22.45, 9999.0, 22.77, 22.52, 22.25, 22.25, 22.25
2026-08-23, 01:27:38, 22.27, 22.5, 22.8, 22.75, 9999.0, 9999.0, 9999.0, 23.73, 9999.0, 22.48, 9999.0, 22.77, 22.52, 22.25, 22.25, 22.25
2026-08-23, 01:27:42, 22.27, 22.5, 22.8, 22.75, 9999.0, 9999.0, 9999.0, 23.77, 9999.0, 22.5, 9999.0, 22.77, 22.52, 22.25, 22.25, 22.25
2026-08-23, 01:27:46, 22.27, 22.5, 22.8, 22.75, 9999.0, 9999.0, 9999.0, 23.82, 9999.0, 22.52, 9999.0, 22.77, 22.52, 22.25, 22.25, 22.25
2026-08-23, 01:27:50, 22.27, 22.5, 22.8, 22.75, 9999.0, 9999.0, 9999.0, 23.86, 9999.0, 22.55, 9999.0, 22.75, 22.52, 22.25, 22.25, 22.25
2026-08-23, 01:27:54, 22.3, 22.5, 22.8, 22.75, 9999.0, 9999.0, 9999.0, 23.89, 9999.0, 22.55, 9999.0, 22.75, 22.52, 22.25, 22.25, 22.25
2026-08-23, 01:27:59, 22.27, 22.5, 22.77, 22.75, 9999.0, 9999.0, 9999.0, 23.93, 9999.0, 22.55, 9999.0, 22.75, 22.52, 22.25, 22.25, 22.25
2026-08-23, 01:28:03, 22.27, 22.5, 22.77, 22.75, 9999.0, 9999.0, 9999.0, 23.98, 9999.0, 22.55, 9999.0, 22.73, 22.52, 22.25, 22.25, 22.25
2026-08-23, 01:28:07, 22.27, 22.5, 22.77, 22.75, 9999.0, 9999.0, 9999.0, 24.02, 9999.0, 22.55, 9999.0, 22.7, 22.52, 22.25, 22.25, 22.25
2026-08-23, 01:28:11, 22.27, 22.5, 22.77, 22.75, 9999.0, 9999.0, 9999.0, 24.07, 9999.0, 22.52, 9999.0, 22.7, 22.5, 22.25, 22.25, 22.25
2026-08-23, 01:28:15, 22.27, 22.5, 22.77, 22.75, 9999.0, 9999.0, 9999.0, 24.09, 9999.0, 22.5, 9999.0, 22.68, 22.5, 22.25, 22.25, 22.25
2026-08-23, 01:28:19, 22.27, 22.5, 22.75, 22.75, 9999.0, 9999.0, 9999.0, 24.07, 9999.0, 22.5, 9999.0, 22.68, 22.5, 22.25, 22.25, 22.25
2026-08-23, 01:28:23, 22.27, 22.5, 22.75, 22.75, 9999.0, 9999.0, 9999.0, 24.02, 9999.0, 22.5, 9999.0, 22.68, 22.5, 22.25, 22.25, 22.25
2026-08-23, 01:28:27, 22.27, 22.5, 22.75, 22.75, 9999.0, 9999.0, 9999.0, 23.98, 9999.0, 22.5, 9999.0, 22.7, 22.5, 22.25, 22.25, 22.25
2026-08-23, 01:28:31, 22.3, 22.5, 22.75, 22.75, 9999.0, 9999.0, 9999.0, 23.91, 9999.0, 22.5, 9999.0, 22.7, 22.5, 22.25, 22.25, 22.25
2026-08-23, 01:28:35, 22.3, 22.5, 22.75, 22.75, 9999.0, 9999.0, 9999.0, 23.84, 9999.0, 22.52, 9999.0, 22.7, 22.5, 22.25, 22.25, 22.25
2026-08-23, 01:28:39, 22.3, 22.5, 22.75, 22.75, 9999.0, 9999.0, 9999.0, 23.8, 9999.0, 22.52, 9999.0, 22.7, 22.5, 22.25, 22.25, 22.25
2026-08-23, 01:28:43, 22.3, 22.5, 22.75, 22.75, 9999.0, 9999.0, 9999.0, 23.75, 9999.0, 22.52, 9999.0, 22.7, 22.5, 22.25, 22.25, 22.25
2026-08-23, 01:28:47, 22.3, 22.5, 22.75, 22.75, 9999.0, 9999.0, 9999.0, 23.7, 9999.0, 22.52, 9999.0, 22.73, 22.5, 22.25, 22.25, 22.25
2026-08-23, 01:28:51, 22.3, 22.48, 22.75, 22.75, 9999.0, 9999.0, 9999.0, 23.66, 9999.0, 22.55, 9999.0, 22.75, 22.5, 22.25, 22.25, 22.25
2026-08-23, 01:28:55, 22.3, 22.48, 22.75, 22.75, 9999.0, 9999.0, 9999.0, 23.68, 9999.0, 22.55, 9999.0, 22.75, 22.5, 22.25, 22.25, 22.25
2026-08-23, 01:28:59, 22.3, 22.48, 22.75, 22.75, 9999.0, 9999.0, 9999.0, 23.73, 9999.0, 22.55, 9999.0, 22.77, 22.5, 22.25, 22.25, 22.25
2026-08-23, 01:29:03, 22.3, 22.48, 22.75, 22.75, 9999.0, 9999.0, 9999.0, 23.75, 9999.0, 22.55, 9999.0, 22.77, 22.5, 22.25, 22.25, 22.25
2026-08-23, 01:29:07, 22.3, 22.48, 22.75, 22.75, 9999.0, 9999.0, 9999.0, 23.77, 9999.0, 22.55, 9999.0, 22.77, 22.5, 22.25, 22.25, 22.25
2026-08-23, 01:29:11, 22.3, 22.48, 22.75, 22.75, 9999.0, 9999.0, 9999.0, 23.8, 9999.0, 22.55, 9999.0, 22.75, 22.5, 22.25, 22.25, 22.25
2026-08-23, 01:29:15, 22.27, 22.48, 22.75, 22.75, 9999.0, 9999.0, 9999.0, 23.84, 9999.0, 22.55, 9999.0, 22.75, 22.5, 22.25, 22.25, 22.25
2026-08-23, 01:29:19, 22.27, 22.48, 22.75, 22.75, 9999.0, 9999.0, 9999.0, 23.86, 9999.0, 22.52, 9999.0, 22.73, 22.5, 22.25, 22.25, 22.25
2026-08-23, 01:29:23, 22.25, 22.48, 22.75, 22.75, 9999.0, 9999.0, 9999.0, 23.91, 9999.0, 22.52, 9999.0, 22.7, 22.5, 22.25, 22.25, 22.25
2026-08-23, 01:29:27, 22.25, 22.48, 22.75, 22.75, 9999.0, 9999.0, 9999.0, 23.93, 9999.0, 22.52, 9999.0, 22.68, 22.5, 22.25, 22.25, 22.25
2026-08-23, 01:29:31, 22.25, 22.48, 22.75, 22.75, 9999.0, 9999.0, 9999.0, 23.98, 9999.0, 22.5, 9999.0, 22.68, 22.5, 22.25, 22.25, 22.25
2026-08-23, 01:29:35, 22.25, 22.5, 22.75, 22.75, 9999.0, 9999.0, 9999.0, 24.02, 9999.0, 22.48, 9999.0, 22.68, 22.5, 22.25, 22.25, 22.25
2026-08-23, 01:29:39, 22.25, 22.5, 22.75, 22.75, 9999.0, 9999.0, 9999.0, 23.98, 9999.0, 22.45, 9999.0, 22.68, 22.5, 22.25, 22.25, 22.25
2026-08-23, 01:29:43, 22.25, 22.5, 22.75, 22.75, 9999.0, 9999.0, 9999.0, 23.93, 9999.0, 22.43, 9999.0, 22.7, 22.5, 22.25, 22.25, 22.27
2026-08-23, 01:29:47, 22.25, 22.5, 22.75, 22.75, 9999.0, 9999.0, 9999.0, 23.89, 9999.0, 22.41, 9999.0, 22.7, 22.5, 22.25, 22.25, 22.27
2026-08-23, 01:29:51, 22.25, 22.5, 22.75, 22.75, 9999.0, 9999.0, 9999.0, 23.86, 9999.0, 22.41, 9999.0, 22.7, 22.5, 22.25, 22.25, 22.27
2026-08-23, 01:29:55, 22.25, 22.5, 22.75, 22.75, 9999.0, 9999.0, 9999.0, 23.84, 9999.0, 22.41, 9999.0, 22.7, 22.5, 22.25, 22.25, 22.27
2026-08-23, 01:29:59, 22.25, 22.5, 22.75, 22.75, 9999.0, 9999.0, 9999.0, 23.8, 9999.0, 22.43, 9999.0, 22.7, 22.52, 22.25, 22.25, 22.27
2026-08-23, 01:30:03, 22.25, 22.5, 22.75, 22.75, 9999.0, 9999.0, 9999.0, 23.77, 9999.0, 22.45, 9999.0, 22.73, 22.52, 22.25, 22.25, 22.27
2026-08-23, 01:30:07, 22.25, 22.5, 22.75, 22.75, 9999.0, 9999.0, 9999.0, 23.73, 9999.0, 22.48, 9999.0, 22.75, 22.52, 22.25, 22.25, 22.27
2026-08-23, 01:30:11, 22.27, 22.5, 22.75, 22.75, 9999.0, 9999.0, 9999.0, 23.77, 9999.0, 22.5, 9999.0, 22.77, 22.52, 22.25, 22.25, 22.27
2026-08-23, 01:30:15, 22.27, 22.5, 22.75, 22.75, 9999.0, 9999.0, 9999.0, 23.8, 9999.0, 22.52, 9999.0, 22.77, 22.52, 22.25, 22.25, 22.27
2026-08-23, 01:30:19, 22.27, 22.5, 22.75, 22.75, 9999.0, 9999.0, 9999.0, 23.82, 9999.0, 22.55, 9999.0, 22.77, 22.52, 22.25, 22.25, 22.27
2026-08-23, 01:30:23, 22.27, 22.5, 22.75, 22.75, 9999.0, 9999.0, 9999.0, 23.86, 9999.0, 22.57, 9999.0, 22.77, 22.52, 22.25, 22.25, 22.27
2026-08-23, 01:30:27, 22.27, 22.5, 22.75, 22.75, 9999.0, 9999.0, 9999.0, 23.89, 9999.0, 22.59, 9999.0, 22.73, 22.52, 22.25, 22.25, 22.25
2026-08-23, 01:30:31, 22.27, 22.5, 22.75, 22.75, 9999.0, 9999.0, 9999.0, 23.91, 9999.0, 22.61, 9999.0, 22.73, 22.52, 22.25, 22.25, 22.25
2026-08-23, 01:30:35, 22.27, 22.5, 22.75, 22.75, 9999.0, 9999.0, 9999.0, 23.93, 9999.0, 22.61, 9999.0, 22.7, 22.52, 22.25, 22.25, 22.25
2026-08-23, 01:30:39, 22.3, 22.5, 22.75, 22.75, 9999.0, 9999.0, 9999.0, 23.95, 9999.0, 22.61, 9999.0, 22.68, 22.52, 22.25, 22.25, 22.25
2026-08-23, 01:30:43, 22.3, 22.5, 22.75, 22.75, 9999.0, 9999.0, 9999.0, 24.0, 9999.0, 22.59, 9999.0, 22.66, 22.5, 22.25, 22.25, 22.25
2026-08-23, 01:30:47, 22.3, 22.5, 22.75, 22.75, 9999.0, 9999.0, 9999.0, 24.05, 9999.0, 22.57, 9999.0, 22.66, 22.5, 22.25, 22.25, 22.25
2026-08-23, 01:30:51, 22.3, 22.5, 22.75, 22.75, 9999.0, 9999.0, 9999.0, 24.09, 9999.0, 22.55, 9999.0, 22.66, 22.5, 22.25, 22.25, 22.25
2026-08-23, 01:30:55, 22.27, 22.5, 22.75, 22.75, 9999.0, 9999.0, 9999.0, 24.05, 9999.0, 22.52, 9999.0, 22.66, 22.5, 22.25, 22.25, 22.25
2026-08-23, 01:30:59, 22.27, 22.5, 22.75, 22.75, 9999.0, 9999.0, 9999.0, 24.0, 9999.0, 22.52, 9999.0, 22.68, 22.5, 22.25, 22.25, 22.25
2026-08-23, 01:31:03, 22.27, 22.5, 22.75, 22.75, 9999.0, 9999.0, 9999.0, 23.95, 9999.0, 22.48, 9999.0, 22.68, 22.5, 22.25, 22.25, 22.25
2026-08-23, 01:31:07, 22.27, 22.5, 22.75, 22.75, 9999.0, 9999.0, 9999.0, 23.91, 9999.0, 22.5, 9999.0, 22.68, 22.5, 22.25, 22.27, 22.25
2026-08-23, 01:31:11, 22.27, 22.5, 22.75, 22.75, 9999.0, 9999.0, 9999.0, 23.89, 9999.0, 22.52, 9999.0, 22.7, 22.5, 22.25, 22.27, 22.25
2026-08-23, 01:31:15, 22.27, 22.5, 22.75, 22.75, 9999.0, 9999.0, 9999.0, 23.86, 9999.0, 22.55, 9999.0, 22.7, 22.5, 22.25, 22.27, 22.25
2026-08-23, 01:31:19, 22.27, 22.5, 22.75, 22.75, 9999.0, 9999.0, 9999.0, 23.82, 9999.0, 22.57, 9999.0, 22.73, 22.5, 22.25, 22.27, 22.25
2026-08-23, 01:31:23, 22.25, 22.5, 22.75, 22.75, 9999.0, 9999.0, 9999.0, 23.8, 9999.0, 22.59, 9999.0, 22.75, 22.5, 22.25, 22.27, 22.25
2026-08-23, 01:31:27, 22.25, 22.5, 22.75, 22.75, 9999.0, 9999.0, 9999.0, 23.75, 9999.0, 22.61, 9999.0, 22.77, 22.5, 22.25, 22.27, 22.25
2026-08-23, 01:31:31, 22.25, 22.5, 22.75, 22.75, 9999.0, 9999.0, 9999.0, 23.77, 9999.0, 22.64, 9999.0, 22.77, 22.5, 22.25, 22.27, 22.25
2026-08-23, 01:31:35, 22.25, 22.5, 22.75, 22.75, 9999.0, 9999.0, 9999.0, 23.8, 9999.0, 22.66, 9999.0, 22.77, 22.5, 22.25, 22.27, 22.25
2026-08-23, 01:31:39, 22.25, 22.5, 22.75, 22.75, 9999.0, 9999.0, 9999.0, 23.84, 9999.0, 22.68, 9999.0, 22.77, 22.5, 22.25, 22.27, 22.25
2026-08-23, 01:31:43, 22.25, 22.5, 22.75, 22.75, 9999.0, 9999.0, 9999.0, 23.89, 9999.0, 22.7, 9999.0, 22.75, 22.5, 22.25, 22.27, 22.25
2026-08-23, 01:31:47, 22.25, 22.5, 22.75, 22.75, 9999.0, 9999.0, 9999.0, 23.91, 9999.0, 22.73, 9999.0, 22.73, 22.5, 22.25, 22.27, 22.25
2026-08-23, 01:31:52, 22.25, 22.5, 22.75, 22.75, 9999.0, 9999.0, 9999.0, 23.93, 9999.0, 22.7, 9999.0, 22.7, 22.5, 22.25, 22.25, 22.25
2026-08-23, 01:31:56, 22.25, 22.5, 22.75, 22.75, 9999.0, 9999.0, 9999.0, 23.95, 9999.0, 22.68, 9999.0, 22.68, 22.5, 22.25, 22.25, 22.25
2026-08-23, 01:32:00, 22.25, 22.5, 22.75, 22.75, 9999.0, 9999.0, 9999.0, 23.98, 9999.0, 22.66, 9999.0, 22.66, 22.5, 22.25, 22.25, 22.25
2026-08-23, 01:32:04, 22.25, 22.5, 22.75, 22.75, 9999.0, 9999.0, 9999.0, 24.02, 9999.0, 22.64, 9999.0, 22.64, 22.5, 22.25, 22.25, 22.25
2026-08-23, 01:32:08, 22.25, 22.5, 22.75, 22.75, 9999.0, 9999.0, 9999.0, 24.05, 9999.0, 22.61, 9999.0, 22.64, 22.5, 22.25, 22.25, 22.25
2026-08-23, 01:32:12, 22.25, 22.5, 22.75, 22.75, 9999.0, 9999.0, 9999.0, 24.09, 9999.0, 22.59, 9999.0, 22.64, 22.5, 22.25, 22.25, 22.25
2026-08-23, 01:32:16, 22.25, 22.5, 22.75, 22.75, 9999.0, 9999.0, 9999.0, 24.07, 9999.0, 22.57, 9999.0, 22.64, 22.5, 22.25, 22.25, 22.25
2026-08-23, 01:32:20, 22.25, 22.5, 22.75, 22.75, 9999.0, 9999.0, 9999.0, 24.05, 9999.0, 22.55, 9999.0, 22.64, 22.5, 22.25, 22.25, 22.25
2026-08-23, 01:32:24, 22.25, 22.5, 22.75, 22.75, 9999.0, 9999.0, 9999.0, 24.0, 9999.0, 22.52, 9999.0, 22.64, 22.5, 22.25, 22.25, 22.25
2026-08-23, 01:32:28, 22.25, 22.5, 22.75, 22.75, 9999.0, 9999.0, 9999.0, 23.95, 9999.0, 22.52, 9999.0, 22.64, 22.5, 22.25, 22.25, 22.25
2026-08-23, 01:32:32, 22.25, 22.5, 22.75, 22.75, 9999.0, 9999.0, 9999.0, 23.93, 9999.0, 22.55, 9999.0, 22.66, 22.5, 22.25, 22.25, 22.25
2026-08-23, 01:32:36, 22.25, 22.5, 22.75, 22.75, 9999.0, 9999.0, 9999.0, 23.91, 9999.0, 22.57, 9999.0, 22.68, 22.5, 22.25, 22.25, 22.25
2026-08-23, 01:32:40, 22.25, 22.5, 22.75, 22.75, 9999.0, 9999.0, 9999.0, 23.89, 9999.0, 22.59, 9999.0, 22.7, 22.5, 22.25, 22.25, 22.25
2026-08-23, 01:32:44, 22.25, 22.5, 22.75, 22.75, 9999.0, 9999.0, 9999.0, 23.86, 9999.0, 22.61, 9999.0, 22.73, 22.5, 22.25, 22.25, 22.25
2026-08-23, 01:32:48, 22.25, 22.5, 22.75, 22.75, 9999.0, 9999.0, 9999.0, 23.91, 9999.0, 22.64, 9999.0, 22.75, 22.5, 22.25, 22.25, 22.25
2026-08-23, 01:32:52, 22.25, 22.5, 22.75, 22.75, 9999.0, 9999.0, 9999.0, 23.95, 9999.0, 22.66, 9999.0, 22.75, 22.5, 22.25, 22.25, 22.25
2026-08-23, 01:32:56, 22.25, 22.5, 22.75, 22.75, 9999.0, 9999.0, 9999.0, 23.98, 9999.0, 22.68, 9999.0, 22.75, 22.5, 22.25, 22.25, 22.25
2026-08-23, 01:33:00, 22.25, 22.5, 22.75, 22.75, 9999.0, 9999.0, 9999.0, 24.0, 9999.0, 22.7, 9999.0, 22.75, 22.5, 22.25, 22.25, 22.25
2026-08-23, 01:33:04, 22.25, 22.5, 22.75, 22.75, 9999.0, 9999.0, 9999.0, 24.0, 9999.0, 22.73, 9999.0, 22.75, 22.5, 22.25, 22.25, 22.25
2026-08-23, 01:33:08, 22.25, 22.5, 22.75, 22.75, 9999.0, 9999.0, 9999.0, 24.05, 9999.0, 22.75, 9999.0, 22.73, 22.5, 22.25, 22.25, 22.25
2026-08-23, 01:33:12, 22.25, 22.5, 22.75, 22.75, 9999.0, 9999.0, 9999.0, 24.07, 9999.0, 22.75, 9999.0, 22.7, 22.5, 22.25, 22.25, 22.25
2026-08-23, 01:33:16, 22.25, 22.5, 22.75, 22.75, 9999.0, 9999.0, 9999.0, 24.09, 9999.0, 22.75, 9999.0, 22.68, 22.5, 22.25, 22.25, 22.25
2026-08-23, 01:33:20, 22.25, 22.5, 22.75, 22.75, 9999.0, 9999.0, 9999.0, 24.11, 9999.0, 22.75, 9999.0, 22.66, 22.5, 22.25, 22.25, 22.25
2026-08-23, 01:33:24, 22.25, 22.5, 22.75, 22.75, 9999.0, 9999.0, 9999.0, 24.14, 9999.0, 22.73, 9999.0, 22.66, 22.5, 22.25, 22.25, 22.25
2026-08-23, 01:33:28, 22.25, 22.5, 22.75, 22.75, 9999.0, 9999.0, 9999.0, 24.16, 9999.0, 22.73, 9999.0, 22.66, 22.5, 22.25, 22.25, 22.25
2026-08-23, 01:33:32, 22.25, 22.5, 22.75, 22.75, 9999.0, 9999.0, 9999.0, 24.11, 9999.0, 22.7, 9999.0, 22.66, 22.5, 22.25, 22.25, 22.25
2026-08-23, 01:33:36, 22.25, 22.5, 22.75, 22.75, 9999.0, 9999.0, 9999.0, 24.05, 9999.0, 22.7, 9999.0, 22.66, 22.5, 22.25, 22.25, 22.25
2026-08-23, 01:33:40, 22.25, 22.5, 22.75, 22.75, 9999.0, 9999.0, 9999.0, 24.02, 9999.0, 22.68, 9999.0, 22.66, 22.5, 22.25, 22.25, 22.25
2026-08-23, 01:33:44, 22.25, 22.5, 22.75, 22.75, 9999.0, 9999.0, 9999.0, 23.98, 9999.0, 22.68, 9999.0, 22.66, 22.5, 22.25, 22.25, 22.25
2026-08-23, 01:33:48, 22.25, 22.5, 22.75, 22.75, 9999.0, 9999.0, 9999.0, 23.95, 9999.0, 22.68, 9999.0, 22.66, 22.5, 22.25, 22.25, 22.25
2026-08-23, 01:33:52, 22.25, 22.5, 22.75, 22.75, 9999.0, 9999.0, 9999.0, 23.91, 9999.0, 22.68, 9999.0, 22.68, 22.5, 22.25, 22.25, 22.25
2026-08-23, 01:33:56, 22.25, 22.5, 22.75, 22.75, 9999.0, 9999.0, 9999.0, 23.89, 9999.0, 22.7, 9999.0, 22.7, 22.5, 22.25, 22.25, 22.25
2026-08-23, 01:34:00, 22.25, 22.5, 22.75, 22.75, 9999.0, 9999.0, 9999.0, 23.86, 9999.0, 22.7, 9999.0, 22.73, 22.5, 22.25, 22.25, 22.25
2026-08-23, 01:34:04, 22.25, 22.5, 22.75, 22.75, 9999.0, 9999.0, 9999.0, 23.91, 9999.0, 22.7, 9999.0, 22.75, 22.5, 22.25, 22.25, 22.25
2026-08-23, 01:34:08, 22.25, 22.5, 22.75, 22.75, 9999.0, 9999.0, 9999.0, 23.95, 9999.0, 22.73, 9999.0, 22.73, 22.5, 22.25, 22.25, 22.25
2026-08-23, 01:34:12, 22.25, 22.5, 22.75, 22.75, 9999.0, 9999.0, 9999.0, 23.98, 9999.0, 22.73, 9999.0, 22.73, 22.5, 22.25, 22.25, 22.25
2026-08-23, 01:34:16, 22.25, 22.5, 22.75, 22.75, 9999.0, 9999.0, 9999.0, 24.0, 9999.0, 22.75, 9999.0, 22.73, 22.5, 22.25, 22.25, 22.25
2026-08-23, 01:34:20, 22.25, 22.5, 22.75, 22.75, 9999.0, 9999.0, 9999.0, 24.05, 9999.0, 22.75, 9999.0, 22.73, 22.5, 22.25, 22.25, 22.25
2026-08-23, 01:34:24, 22.25, 22.5, 22.75, 22.75, 9999.0, 9999.0, 9999.0, 24.07, 9999.0, 22.77, 9999.0, 22.7, 22.5, 22.25, 22.25, 22.25
2026-08-23, 01:34:28, 22.25, 22.5, 22.75, 22.75, 9999.0, 9999.0, 9999.0, 24.09, 9999.0, 22.77, 9999.0, 22.7, 22.5, 22.25, 22.25, 22.25
2026-08-23, 01:34:32, 22.25, 22.5, 22.75, 22.75, 9999.0, 9999.0, 9999.0, 24.11, 9999.0, 22.77, 9999.0, 22.68, 22.5, 22.25, 22.25, 22.25
2026-08-23, 01:34:36, 22.25, 22.5, 22.75, 22.75, 9999.0, 9999.0, 9999.0, 24.16, 9999.0, 22.77, 9999.0, 22.66, 22.5, 22.25, 22.25, 22.25
2026-08-23, 01:34:40, 22.25, 22.5, 22.75, 22.75, 9999.0, 9999.0, 9999.0, 24.2, 9999.0, 22.75, 9999.0, 22.66, 22.5, 22.25, 22.25, 22.25
2026-08-23, 01:34:44, 22.25, 22.5, 22.75, 22.75, 9999.0, 9999.0, 9999.0, 24.23, 9999.0, 22.75, 9999.0, 22.66, 22.5, 22.25, 22.25, 22.25
2026-08-23, 01:34:48, 22.25, 22.5, 22.75, 22.75, 9999.0, 9999.0, 9999.0, 24.18, 9999.0, 22.75, 9999.0, 22.66, 22.5, 22.25, 22.25, 22.25
2026-08-23, 01:34:52, 22.25, 22.48, 22.75, 22.75, 9999.0, 9999.0, 9999.0, 24.11, 9999.0, 22.75, 9999.0, 22.68, 22.5, 22.25, 22.25, 22.25
2026-08-23, 01:34:56, 22.25, 22.48, 22.75, 22.75, 9999.0, 9999.0, 9999.0, 24.09, 9999.0, 22.75, 9999.0, 22.68, 22.5, 22.25, 22.25, 22.25
2026-08-23, 01:35:00, 22.25, 22.48, 22.75, 22.75, 9999.0, 9999.0, 9999.0, 24.05, 9999.0, 22.73, 9999.0, 22.68, 22.5, 22.25, 22.25, 22.25
2026-08-23, 01:35:04, 22.25, 22.48, 22.75, 22.75, 9999.0, 9999.0, 9999.0, 24.0, 9999.0, 22.73, 9999.0, 22.68, 22.5, 22.25, 22.25, 22.25
2026-08-23, 01:35:08, 22.25, 22.48, 22.75, 22.75, 9999.0, 9999.0, 9999.0, 23.95, 9999.0, 22.73, 9999.0, 22.7, 22.5, 22.25, 22.25, 22.25
2026-08-23, 01:35:12, 22.25, 22.48, 22.75, 22.75, 9999.0, 9999.0, 9999.0, 23.93, 9999.0, 22.75, 9999.0, 22.7, 22.5, 22.25, 22.25, 22.25
2026-08-23, 01:35:16, 22.25, 22.48, 22.75, 22.75, 9999.0, 9999.0, 9999.0, 23.89, 9999.0, 22.75, 9999.0, 22.73, 22.5, 22.25, 22.25, 22.25
2026-08-23, 01:35:20, 22.25, 22.48, 22.75, 22.75, 9999.0, 9999.0, 9999.0, 23.84, 9999.0, 22.75, 9999.0, 22.75, 22.5, 22.25, 22.25, 22.25
2026-08-23, 01:35:24, 22.25, 22.48, 22.75, 22.75, 9999.0, 9999.0, 9999.0, 23.86, 9999.0, 22.75, 9999.0, 22.75, 22.5, 22.25, 22.25, 22.25
2026-08-23, 01:35:28, 22.25, 22.48, 22.75, 22.75, 9999.0, 9999.0, 9999.0, 23.91, 9999.0, 22.75, 9999.0, 22.75, 22.5, 22.25, 22.25, 22.25
2026-08-23, 01:35:33, 22.25, 22.48, 22.75, 22.75, 9999.0, 9999.0, 9999.0, 23.93, 9999.0, 22.75, 9999.0, 22.73, 22.5, 22.25, 22.25, 22.25
2026-08-23, 01:35:37, 22.25, 22.5, 22.75, 22.75, 9999.0, 9999.0, 9999.0, 23.98, 9999.0, 22.75, 9999.0, 22.7, 22.5, 22.25, 22.25, 22.25
2026-08-23, 01:35:41, 22.25, 22.5, 22.75, 22.75, 9999.0, 9999.0, 9999.0, 24.0, 9999.0, 22.75, 9999.0, 22.68, 22.5, 22.25, 22.25, 22.25
2026-08-23, 01:35:45, 22.27, 22.5, 22.75, 22.75, 9999.0, 9999.0, 9999.0, 24.02, 9999.0, 22.77, 9999.0, 22.66, 22.5, 22.25, 22.25, 22.25
2026-08-23, 01:35:49, 22.27, 22.5, 22.75, 22.75, 9999.0, 9999.0, 9999.0, 24.05, 9999.0, 22.77, 9999.0, 22.64, 22.48, 22.25, 22.25, 22.25
2026-08-23, 01:35:53, 22.27, 22.5, 22.75, 22.75, 9999.0, 9999.0, 9999.0, 24.07, 9999.0, 22.77, 9999.0, 22.61, 22.48, 22.25, 22.25, 22.25
2026-08-23, 01:35:57, 22.27, 22.5, 22.75, 22.75, 9999.0, 9999.0, 9999.0, 24.11, 9999.0, 22.73, 9999.0, 22.59, 22.48, 22.25, 22.25, 22.25
2026-08-23, 01:36:01, 22.27, 22.5, 22.75, 22.75, 9999.0, 9999.0, 9999.0, 24.18, 9999.0, 22.7, 9999.0, 22.59, 22.45, 22.25, 22.25, 22.25
2026-08-23, 01:36:05, 22.27, 22.5, 22.75, 22.75, 9999.0, 9999.0, 9999.0, 24.2, 9999.0, 22.7, 9999.0, 22.59, 22.43, 22.25, 22.25, 22.25
2026-08-23, 01:36:09, 22.27, 22.5, 22.75, 22.75, 9999.0, 9999.0, 9999.0, 24.16, 9999.0, 22.68, 9999.0, 22.59, 22.43, 22.25, 22.25, 22.25
2026-08-23, 01:36:13, 22.27, 22.5, 22.75, 22.75, 9999.0, 9999.0, 9999.0, 24.11, 9999.0, 22.66, 9999.0, 22.59, 22.43, 22.25, 22.25, 22.25
2026-08-23, 01:36:17, 22.27, 22.5, 22.75, 22.75, 9999.0, 9999.0, 9999.0, 24.09, 9999.0, 22.64, 9999.0, 22.61, 22.43, 22.25, 22.25, 22.25
2026-08-23, 01:36:21, 22.27, 22.5, 22.75, 22.75, 9999.0, 9999.0, 9999.0, 24.05, 9999.0, 22.64, 9999.0, 22.64, 22.43, 22.25, 22.25, 22.25
2026-08-23, 01:36:25, 22.3, 22.5, 22.75, 22.75, 9999.0, 9999.0, 9999.0, 24.0, 9999.0, 22.64, 9999.0, 22.66, 22.43, 22.25, 22.25, 22.25
2026-08-23, 01:36:29, 22.27, 22.5, 22.75, 22.75, 9999.0, 9999.0, 9999.0, 23.98, 9999.0, 22.64, 9999.0, 22.68, 22.43, 22.25, 22.25, 22.25
2026-08-23, 01:36:33, 22.27, 22.48, 22.75, 22.75, 9999.0, 9999.0, 9999.0, 23.95, 9999.0, 22.66, 9999.0, 22.7, 22.45, 22.25, 22.25, 22.25
2026-08-23, 01:36:37, 22.3, 22.48, 22.75, 22.75, 9999.0, 9999.0, 9999.0, 23.93, 9999.0, 22.66, 9999.0, 22.73, 22.45, 22.25, 22.25, 22.25
2026-08-23, 01:36:41, 22.3, 22.48, 22.75, 22.75, 9999.0, 9999.0, 9999.0, 23.95, 9999.0, 22.68, 9999.0, 22.73, 22.45, 22.25, 22.25, 22.25
2026-08-23, 01:36:45, 22.3, 22.48, 22.75, 22.75, 9999.0, 9999.0, 9999.0, 23.98, 9999.0, 22.7, 9999.0, 22.7, 22.48, 22.25, 22.25, 22.25
2026-08-23, 01:36:49, 22.3, 22.48, 22.75, 22.75, 9999.0, 9999.0, 9999.0, 24.0, 9999.0, 22.7, 9999.0, 22.7, 22.5, 22.25, 22.25, 22.25
2026-08-23, 01:36:53, 22.3, 22.48, 22.75, 22.75, 9999.0, 9999.0, 9999.0, 24.02, 9999.0, 22.73, 9999.0, 22.7, 22.5, 22.25, 22.25, 22.25
2026-08-23, 01:36:57, 22.3, 22.48, 22.75, 22.75, 9999.0, 9999.0, 9999.0, 24.05, 9999.0, 22.75, 9999.0, 22.7, 22.5, 22.25, 22.25, 22.25
2026-08-23, 01:37:01, 22.3, 22.48, 22.75, 22.75, 9999.0, 9999.0, 9999.0, 24.07, 9999.0, 22.77, 9999.0, 22.68, 22.5, 22.25, 22.25, 22.25
2026-08-23, 01:37:05, 22.3, 22.48, 22.75, 22.75, 9999.0, 9999.0, 9999.0, 24.09, 9999.0, 22.75, 9999.0, 22.66, 22.5, 22.25, 22.25, 22.25
2026-08-23, 01:37:09, 22.27, 22.48, 22.75, 22.75, 9999.0, 9999.0, 9999.0, 24.11, 9999.0, 22.73, 9999.0, 22.64, 22.5, 22.25, 22.25, 22.25
2026-08-23, 01:37:13, 22.27, 22.48, 22.75, 22.75, 9999.0, 9999.0, 9999.0, 24.14, 9999.0, 22.7, 9999.0, 22.61, 22.5, 22.25, 22.25, 22.25
2026-08-23, 01:37:17, 22.27, 22.5, 22.75, 22.75, 9999.0, 9999.0, 9999.0, 24.16, 9999.0, 22.66, 9999.0, 22.61, 22.5, 22.25, 22.25, 22.25
2026-08-23, 01:37:21, 22.27, 22.5, 22.75, 22.75, 9999.0, 9999.0, 9999.0, 24.18, 9999.0, 22.64, 9999.0, 22.61, 22.5, 22.25, 22.25, 22.25
2026-08-23, 01:37:25, 22.27, 22.5, 22.75, 22.75, 9999.0, 9999.0, 9999.0, 24.14, 9999.0, 22.61, 9999.0, 22.64, 22.5, 22.25, 22.25, 22.25
2026-08-23, 01:37:29, 22.27, 22.5, 22.75, 22.75, 9999.0, 9999.0, 9999.0, 24.09, 9999.0, 22.59, 9999.0, 22.66, 22.5, 22.25, 22.25, 22.25
2026-08-23, 01:37:33, 22.27, 22.5, 22.75, 22.75, 9999.0, 9999.0, 9999.0, 24.05, 9999.0, 22.57, 9999.0, 22.66, 22.5, 22.25, 22.25, 22.25
2026-08-23, 01:37:37, 22.3, 22.5, 22.75, 22.75, 9999.0, 9999.0, 9999.0, 24.0, 9999.0, 22.57, 9999.0, 22.66, 22.5, 22.25, 22.25, 22.25
2026-08-23, 01:37:41, 22.3, 22.48, 22.75, 22.75, 9999.0, 9999.0, 9999.0, 23.95, 9999.0, 22.57, 9999.0, 22.66, 22.5, 22.25, 22.25, 22.25
2026-08-23, 01:37:45, 22.3, 22.48, 22.75, 22.75, 9999.0, 9999.0, 9999.0, 23.91, 9999.0, 22.57, 9999.0, 22.68, 22.5, 22.25, 22.25, 22.25
2026-08-23, 01:37:49, 22.32, 22.45, 22.75, 22.75, 9999.0, 9999.0, 9999.0, 23.89, 9999.0, 22.61, 9999.0, 22.7, 22.5, 22.25, 22.25, 22.25
2026-08-23, 01:37:53, 22.32, 22.45, 22.75, 22.75, 9999.0, 9999.0, 9999.0, 23.86, 9999.0, 22.64, 9999.0, 22.73, 22.5, 22.25, 22.25, 22.25
2026-08-23, 01:37:57, 22.32, 22.43, 22.75, 22.75, 9999.0, 9999.0, 9999.0, 23.91, 9999.0, 22.66, 9999.0, 22.75, 22.5, 22.25, 22.25, 22.25
2026-08-23, 01:38:01, 22.32, 22.43, 22.75, 22.75, 9999.0, 9999.0, 9999.0, 23.93, 9999.0, 22.68, 9999.0, 22.75, 22.48, 22.25, 22.25, 22.25
2026-08-23, 01:38:05, 22.3, 22.43, 22.75, 22.75, 9999.0, 9999.0, 9999.0, 23.95, 9999.0, 22.7, 9999.0, 22.75, 22.48, 22.25, 22.25, 22.25
2026-08-23, 01:38:09, 22.3, 22.41, 22.75, 22.75, 9999.0, 9999.0, 9999.0, 23.98, 9999.0, 22.73, 9999.0, 22.73, 22.48, 22.25, 22.25, 22.25
2026-08-23, 01:38:13, 22.3, 22.41, 22.75, 22.75, 9999.0, 9999.0, 9999.0, 24.0, 9999.0, 22.75, 9999.0, 22.7, 22.48, 22.25, 22.25, 22.25
2026-08-23, 01:38:17, 22.3, 22.41, 22.75, 22.75, 9999.0, 9999.0, 9999.0, 24.02, 9999.0, 22.77, 9999.0, 22.68, 22.48, 22.25, 22.25, 22.25
2026-08-23, 01:38:21, 22.27, 22.41, 22.75, 22.75, 9999.0, 9999.0, 9999.0, 24.05, 9999.0, 22.77, 9999.0, 22.66, 22.48, 22.25, 22.25, 22.25
2026-08-23, 01:38:25, 22.27, 22.43, 22.75, 22.75, 9999.0, 9999.0, 9999.0, 24.07, 9999.0, 22.75, 9999.0, 22.64, 22.48, 22.25, 22.25, 22.25
2026-08-23, 01:38:29, 22.27, 22.43, 22.75, 22.75, 9999.0, 9999.0, 9999.0, 24.09, 9999.0, 22.73, 9999.0, 22.61, 22.48, 22.25, 22.25, 22.25
2026-08-23, 01:38:33, 22.25, 22.45, 22.75, 22.75, 9999.0, 9999.0, 9999.0, 24.11, 9999.0, 22.68, 9999.0, 22.61, 22.48, 22.25, 22.25, 22.25
2026-08-23, 01:38:37, 22.25, 22.45, 22.75, 22.75, 9999.0, 9999.0, 9999.0, 24.14, 9999.0, 22.66, 9999.0, 22.61, 22.48, 22.25, 22.25, 22.25
2026-08-23, 01:38:41, 22.25, 22.48, 22.75, 22.75, 9999.0, 9999.0, 9999.0, 24.07, 9999.0, 22.64, 9999.0, 22.61, 22.48, 22.25, 22.25, 22.25
2026-08-23, 01:38:45, 22.25, 22.45, 22.75, 22.75, 9999.0, 9999.0, 9999.0, 24.02, 9999.0, 22.61, 9999.0, 22.61, 22.5, 22.25, 22.25, 22.23
2026-08-23, 01:38:49, 22.25, 22.45, 22.75, 22.75, 9999.0, 9999.0, 9999.0, 23.98, 9999.0, 22.57, 9999.0, 22.61, 22.5, 22.25, 22.25, 22.23
2026-08-23, 01:38:53, 22.25, 22.48, 22.75, 22.75, 9999.0, 9999.0, 9999.0, 23.93, 9999.0, 22.55, 9999.0, 22.64, 22.5, 22.25, 22.25, 22.23
2026-08-23, 01:38:57, 22.25, 22.48, 22.75, 22.73, 9999.0, 9999.0, 9999.0, 23.89, 9999.0, 22.55, 9999.0, 22.66, 22.5, 22.25, 22.25, 22.23
2026-08-23, 01:39:01, 22.25, 22.48, 22.75, 22.73, 9999.0, 9999.0, 9999.0, 23.86, 9999.0, 22.52, 9999.0, 22.68, 22.5, 22.25, 22.25, 22.23
2026-08-23, 01:39:05, 22.25, 22.48, 22.75, 22.73, 9999.0, 9999.0, 9999.0, 23.84, 9999.0, 22.52, 9999.0, 22.7, 22.5, 22.25, 22.25, 22.23
2026-08-23, 01:39:09, 22.25, 22.48, 22.75, 22.73, 9999.0, 9999.0, 9999.0, 23.82, 9999.0, 22.55, 9999.0, 22.73, 22.5, 22.25, 22.25, 22.23
2026-08-23, 01:39:13, 22.25, 22.48, 22.75, 22.73, 9999.0, 9999.0, 9999.0, 23.77, 9999.0, 22.57, 9999.0, 22.75, 22.5, 22.25, 22.25, 22.23
2026-08-23, 01:39:17, 22.25, 22.48, 22.75, 22.73, 9999.0, 9999.0, 9999.0, 23.8, 9999.0, 22.59, 9999.0, 22.75, 22.5, 22.25, 22.25, 22.23
2026-08-23, 01:39:22, 22.25, 22.48, 22.75, 22.73, 9999.0, 9999.0, 9999.0, 23.82, 9999.0, 22.61, 9999.0, 22.75, 22.5, 22.23, 22.25, 22.23
2026-08-23, 01:39:26, 22.25, 22.48, 22.75, 22.73, 9999.0, 9999.0, 9999.0, 23.86, 9999.0, 22.64, 9999.0, 22.75, 22.5, 22.23, 22.25, 22.23
2026-08-23, 01:39:30, 22.25, 22.5, 22.75, 22.73, 9999.0, 9999.0, 9999.0, 23.91, 9999.0, 22.66, 9999.0, 22.75, 22.5, 22.23, 22.25, 22.25
2026-08-23, 01:39:34, 22.25, 22.5, 22.75, 22.73, 9999.0, 9999.0, 9999.0, 23.95, 9999.0, 22.68, 9999.0, 22.73, 22.5, 22.23, 22.25, 22.25
2026-08-23, 01:39:38, 22.25, 22.48, 22.75, 22.73, 9999.0, 9999.0, 9999.0, 23.98, 9999.0, 22.68, 9999.0, 22.7, 22.5, 22.23, 22.25, 22.25
2026-08-23, 01:39:42, 22.25, 22.48, 22.75, 22.75, 9999.0, 9999.0, 9999.0, 24.0, 9999.0, 22.66, 9999.0, 22.68, 22.5, 22.23, 22.25, 22.25
2026-08-23, 01:39:46, 22.25, 22.48, 22.75, 22.75, 9999.0, 9999.0, 9999.0, 24.02, 9999.0, 22.66, 9999.0, 22.66, 22.5, 22.23, 22.25, 22.25
2026-08-23, 01:39:50, 22.25, 22.48, 22.75, 22.75, 9999.0, 9999.0, 9999.0, 24.05, 9999.0, 22.64, 9999.0, 22.64, 22.5, 22.23, 22.25, 22.25
2026-08-23, 01:39:54, 22.25, 22.48, 22.75, 22.75, 9999.0, 9999.0, 9999.0, 24.07, 9999.0, 22.61, 9999.0, 22.64, 22.5, 22.23, 22.25, 22.25
2026-08-23, 01:39:58, 22.25, 22.48, 22.75, 22.75, 9999.0, 9999.0, 9999.0, 24.11, 9999.0, 22.59, 9999.0, 22.61, 22.48, 22.23, 22.25, 22.25
2026-08-23, 01:40:02, 22.25, 22.48, 22.75, 22.75, 9999.0, 9999.0, 9999.0, 24.07, 9999.0, 22.57, 9999.0, 22.61, 22.48, 22.23, 22.25, 22.25
2026-08-23, 01:40:06, 22.25, 22.48, 22.75, 22.75, 9999.0, 9999.0, 9999.0, 24.02, 9999.0, 22.55, 9999.0, 22.61, 22.48, 22.25, 22.25, 22.25
2026-08-23, 01:40:10, 22.25, 22.48, 22.75, 22.75, 9999.0, 9999.0, 9999.0, 23.98, 9999.0, 22.52, 9999.0, 22.61, 22.48, 22.25, 22.25, 22.25
2026-08-23, 01:40:14, 22.25, 22.48, 22.75, 22.75, 9999.0, 9999.0, 9999.0, 23.93, 9999.0, 22.52, 9999.0, 22.61, 22.48, 22.25, 22.25, 22.25
2026-08-23, 01:40:18, 22.25, 22.48, 22.75, 22.75, 9999.0, 9999.0, 9999.0, 23.89, 9999.0, 22.52, 9999.0, 22.64, 22.48, 22.25, 22.25, 22.25
2026-08-23, 01:40:22, 22.25, 22.5, 22.75, 22.75, 9999.0, 9999.0, 9999.0, 23.86, 9999.0, 22.55, 9999.0, 22.66, 22.48, 22.25, 22.25, 22.25
2026-08-23, 01:40:26, 22.25, 22.5, 22.75, 22.75, 9999.0, 9999.0, 9999.0, 23.84, 9999.0, 22.57, 9999.0, 22.68, 22.48, 22.25, 22.25, 22.25
2026-08-23, 01:40:30, 22.25, 22.5, 22.75, 22.75, 9999.0, 9999.0, 9999.0, 23.8, 9999.0, 22.59, 9999.0, 22.7, 22.48, 22.25, 22.25, 22.25
2026-08-23, 01:40:34, 22.25, 22.5, 22.75, 22.75, 9999.0, 9999.0, 9999.0, 23.82, 9999.0, 22.61, 9999.0, 22.73, 22.48, 22.25, 22.25, 22.25
2026-08-23, 01:40:38, 22.25, 22.5, 22.75, 22.75, 9999.0, 9999.0, 9999.0, 23.84, 9999.0, 22.61, 9999.0, 22.73, 22.48, 22.25, 22.25, 22.25
2026-08-23, 01:40:42, 22.25, 22.5, 22.75, 22.75, 9999.0, 9999.0, 9999.0, 23.86, 9999.0, 22.61, 9999.0, 22.75, 22.5, 22.25, 22.25, 22.25
2026-08-23, 01:40:46, 22.25, 22.5, 22.75, 22.75, 9999.0, 9999.0, 9999.0, 23.91, 9999.0, 22.61, 9999.0, 22.73, 22.5, 22.25, 22.25, 22.25
2026-08-23, 01:40:50, 22.25, 22.5, 22.75, 22.75, 9999.0, 9999.0, 9999.0, 23.95, 9999.0, 22.61, 9999.0, 22.73, 22.5, 22.25, 22.25, 22.25
2026-08-23, 01:40:54, 22.25, 22.5, 22.75, 22.75, 9999.0, 9999.0, 9999.0, 23.98, 9999.0, 22.61, 9999.0, 22.7, 22.5, 22.25, 22.25, 22.25
2026-08-23, 01:40:58, 22.25, 22.5, 22.75, 22.75, 9999.0, 9999.0, 9999.0, 24.0, 9999.0, 22.59, 9999.0, 22.68, 22.5, 22.25, 22.25, 22.25
2026-08-23, 01:41:02, 22.25, 22.5, 22.75, 22.75, 9999.0, 9999.0, 9999.0, 24.02, 9999.0, 22.59, 9999.0, 22.66, 22.5, 22.25, 22.25, 22.25
2026-08-23, 01:41:06, 22.25, 22.5, 22.75, 22.75, 9999.0, 9999.0, 9999.0, 24.05, 9999.0, 22.57, 9999.0, 22.64, 22.5, 22.25, 22.25, 22.25
2026-08-23, 01:41:10, 22.25, 22.5, 22.75, 22.75, 9999.0, 9999.0, 9999.0, 24.07, 9999.0, 22.55, 9999.0, 22.64, 22.5, 22.25, 22.25, 22.25
2026-08-23, 01:41:14, 22.25, 22.5, 22.75, 22.75, 9999.0, 9999.0, 9999.0, 24.11, 9999.0, 22.52, 9999.0, 22.64, 22.5, 22.25, 22.25, 22.25
2026-08-23, 01:41:18, 22.25, 22.5, 22.75, 22.75, 9999.0, 9999.0, 9999.0, 24.07, 9999.0, 22.48, 9999.0, 22.64, 22.5, 22.25, 22.25, 22.25
2026-08-23, 01:41:22, 22.25, 22.5, 22.75, 22.75, 9999.0, 9999.0, 9999.0, 24.02, 9999.0, 22.45, 9999.0, 22.64, 22.5, 22.25, 22.25, 22.25
2026-08-23, 01:41:26, 22.25, 22.5, 22.75, 22.75, 9999.0, 9999.0, 9999.0, 23.98, 9999.0, 22.43, 9999.0, 22.64, 22.5, 22.25, 22.25, 22.25
2026-08-23, 01:41:30, 22.25, 22.5, 22.75, 22.75, 9999.0, 9999.0, 9999.0, 23.93, 9999.0, 22.43, 9999.0, 22.66, 22.5, 22.25, 22.25, 22.25
2026-08-23, 01:41:34, 22.25, 22.5, 22.75, 22.75, 9999.0, 9999.0, 9999.0, 23.89, 9999.0, 22.43, 9999.0, 22.66, 22.5, 22.25, 22.25, 22.25
2026-08-23, 01:41:38, 22.25, 22.5, 22.75, 22.75, 9999.0, 9999.0, 9999.0, 23.84, 9999.0, 22.43, 9999.0, 22.68, 22.5, 22.25, 22.25, 22.25
2026-08-23, 01:41:42, 22.25, 22.5, 22.75, 22.75, 9999.0, 9999.0, 9999.0, 23.8, 9999.0, 22.45, 9999.0, 22.7, 22.5, 22.25, 22.25, 22.25
2026-08-23, 01:41:46, 22.25, 22.5, 22.75, 22.75, 9999.0, 9999.0, 9999.0, 23.75, 9999.0, 22.48, 9999.0, 22.73, 22.5, 22.25, 22.25, 22.25
2026-08-23, 01:41:50, 22.25, 22.5, 22.75, 22.75, 9999.0, 9999.0, 9999.0, 23.77, 9999.0, 22.5, 9999.0, 22.73, 22.5, 22.25, 22.25, 22.25
2026-08-23, 01:41:54, 22.25, 22.5, 22.75, 22.75, 9999.0, 9999.0, 9999.0, 23.8, 9999.0, 22.5, 9999.0, 22.73, 22.5, 22.25, 22.25, 22.25
2026-08-23, 01:41:58, 22.25, 22.5, 22.75, 22.75, 9999.0, 9999.0, 9999.0, 23.82, 9999.0, 22.5, 9999.0, 22.73, 22.5, 22.25, 22.25, 22.25
2026-08-23, 01:42:02, 22.25, 22.5, 22.75, 22.75, 9999.0, 9999.0, 9999.0, 23.84, 9999.0, 22.52, 9999.0, 22.7, 22.5, 22.25, 22.25, 22.25
2026-08-23, 01:42:06, 22.25, 22.5, 22.75, 22.75, 9999.0, 9999.0, 9999.0, 23.89, 9999.0, 22.55, 9999.0, 22.68, 22.5, 22.25, 22.25, 22.25
2026-08-23, 01:42:10, 22.25, 22.5, 22.75, 22.75, 9999.0, 9999.0, 9999.0, 23.91, 9999.0, 22.57, 9999.0, 22.66, 22.5, 22.25, 22.25, 22.25
2026-08-23, 01:42:14, 22.25, 22.5, 22.75, 22.75, 9999.0, 9999.0, 9999.0, 23.93, 9999.0, 22.57, 9999.0, 22.64, 22.5, 22.25, 22.25, 22.25
2026-08-23, 01:42:18, 22.25, 22.5, 22.75, 22.75, 9999.0, 9999.0, 9999.0, 23.95, 9999.0, 22.57, 9999.0, 22.61, 22.5, 22.25, 22.25, 22.25
2026-08-23, 01:42:22, 22.25, 22.5, 22.75, 22.75, 9999.0, 9999.0, 9999.0, 24.0, 9999.0, 22.55, 9999.0, 22.59, 22.5, 22.25, 22.25, 22.25
2026-08-23, 01:42:26, 22.25, 22.5, 22.75, 22.75, 9999.0, 9999.0, 9999.0, 24.05, 9999.0, 22.5, 9999.0, 22.59, 22.5, 22.25, 22.25, 22.25
2026-08-23, 01:42:30, 22.25, 22.5, 22.75, 22.75, 9999.0, 9999.0, 9999.0, 24.09, 9999.0, 22.45, 9999.0, 22.59, 22.5, 22.25, 22.25, 22.25
2026-08-23, 01:42:34, 22.25, 22.5, 22.75, 22.75, 9999.0, 9999.0, 9999.0, 24.07, 9999.0, 22.41, 9999.0, 22.61, 22.5, 22.25, 22.25, 22.25
2026-08-23, 01:42:38, 22.25, 22.5, 22.75, 22.75, 9999.0, 9999.0, 9999.0, 24.02, 9999.0, 22.39, 9999.0, 22.61, 22.5, 22.25, 22.25, 22.25
2026-08-23, 01:42:42, 22.25, 22.5, 22.75, 22.75, 9999.0, 9999.0, 9999.0, 23.98, 9999.0, 22.36, 9999.0, 22.61, 22.5, 22.25, 22.25, 22.25
2026-08-23, 01:42:46, 22.25, 22.5, 22.75, 22.75, 9999.0, 9999.0, 9999.0, 23.95, 9999.0, 22.36, 9999.0, 22.64, 22.5, 22.25, 22.25, 22.25
2026-08-23, 01:42:50, 22.25, 22.5, 22.75, 22.75, 9999.0, 9999.0, 9999.0, 23.91, 9999.0, 22.36, 9999.0, 22.66, 22.5, 22.25, 22.25, 22.25
2026-08-23, 01:42:54, 22.25, 22.5, 22.75, 22.75, 9999.0, 9999.0, 9999.0, 23.89, 9999.0, 22.36, 9999.0, 22.68, 22.5, 22.25, 22.25, 22.25
2026-08-23, 01:42:58, 22.25, 22.5, 22.75, 22.75, 9999.0, 9999.0, 9999.0, 23.84, 9999.0, 22.39, 9999.0, 22.7, 22.5, 22.25, 22.25, 22.25
2026-08-23, 01:43:02, 22.25, 22.5, 22.75, 22.75, 9999.0, 9999.0, 9999.0, 23.8, 9999.0, 22.41, 9999.0, 22.73, 22.5, 22.25, 22.25, 22.25
2026-08-23, 01:43:06, 22.25, 22.5, 22.75, 22.75, 9999.0, 9999.0, 9999.0, 23.75, 9999.0, 22.45, 9999.0, 22.75, 22.5, 22.25, 22.25, 22.25
2026-08-23, 01:43:10, 22.25, 22.5, 22.75, 22.75, 9999.0, 9999.0, 9999.0, 23.77, 9999.0, 22.48, 9999.0, 22.75, 22.5, 22.25, 22.25, 22.25
2026-08-23, 01:43:15, 22.25, 22.5, 22.75, 22.75, 9999.0, 9999.0, 9999.0, 23.8, 9999.0, 22.5, 9999.0, 22.75, 22.5, 22.25, 22.25, 22.25
2026-08-23, 01:43:19, 22.25, 22.5, 22.75, 22.75, 9999.0, 9999.0, 9999.0, 23.8, 9999.0, 22.52, 9999.0, 22.73, 22.5, 22.25, 22.25, 22.25
2026-08-23, 01:43:23, 22.25, 22.5, 22.75, 22.75, 9999.0, 9999.0, 9999.0, 23.84, 9999.0, 22.55, 9999.0, 22.7, 22.5, 22.25, 22.25, 22.25
2026-08-23, 01:43:27, 22.25, 22.5, 22.75, 22.75, 9999.0, 9999.0, 9999.0, 23.86, 9999.0, 22.57, 9999.0, 22.7, 22.5, 22.25, 22.25, 22.25
2026-08-23, 01:43:31, 22.25, 22.5, 22.75, 22.75, 9999.0, 9999.0, 9999.0, 23.89, 9999.0, 22.57, 9999.0, 22.68, 22.5, 22.25, 22.25, 22.25
2026-08-23, 01:43:35, 22.25, 22.5, 22.75, 22.75, 9999.0, 9999.0, 9999.0, 23.91, 9999.0, 22.57, 9999.0, 22.66, 22.5, 22.25, 22.25, 22.25
2026-08-23, 01:43:39, 22.25, 22.48, 22.75, 22.75, 9999.0, 9999.0, 9999.0, 23.93, 9999.0, 22.55, 9999.0, 22.64, 22.5, 22.25, 22.25, 22.25
2026-08-23, 01:43:43, 22.25, 22.48, 22.75, 22.75, 9999.0, 9999.0, 9999.0, 23.98, 9999.0, 22.5, 9999.0, 22.61, 22.5, 22.25, 22.25, 22.25
2026-08-23, 01:43:47, 22.25, 22.48, 22.75, 22.75, 9999.0, 9999.0, 9999.0, 24.02, 9999.0, 22.45, 9999.0, 22.61, 22.5, 22.25, 22.25, 22.25
2026-08-23, 01:43:51, 22.25, 22.45, 22.75, 22.75, 9999.0, 9999.0, 9999.0, 24.05, 9999.0, 22.41, 9999.0, 22.61, 22.5, 22.25, 22.25, 22.25
2026-08-23, 01:43:55, 22.25, 22.45, 22.75, 22.75, 9999.0, 9999.0, 9999.0, 24.0, 9999.0, 22.39, 9999.0, 22.61, 22.5, 22.25, 22.25, 22.25
2026-08-23, 01:43:59, 22.25, 22.45, 22.75, 22.75, 9999.0, 9999.0, 9999.0, 23.95, 9999.0, 22.36, 9999.0, 22.61, 22.5, 22.25, 22.25, 22.25
2026-08-23, 01:44:03, 22.25, 22.45, 22.75, 22.75, 9999.0, 9999.0, 9999.0, 23.93, 9999.0, 22.34, 9999.0, 22.64, 22.5, 22.25, 22.25, 22.25
2026-08-23, 01:44:07, 22.25, 22.43, 22.75, 22.75, 9999.0, 9999.0, 9999.0, 23.89, 9999.0, 22.34, 9999.0, 22.66, 22.5, 22.25, 22.25, 22.25
2026-08-23, 01:44:11, 22.25, 22.43, 22.75, 22.75, 9999.0, 9999.0, 9999.0, 23.84, 9999.0, 22.32, 9999.0, 22.66, 22.5, 22.25, 22.25, 22.25
2026-08-23, 01:44:15, 22.25, 22.43, 22.75, 22.75, 9999.0, 9999.0, 9999.0, 23.8, 9999.0, 22.32, 9999.0, 22.68, 22.5, 22.25, 22.25, 22.25
2026-08-23, 01:44:19, 22.25, 22.43, 22.75, 22.75, 9999.0, 9999.0, 9999.0, 23.75, 9999.0, 22.34, 9999.0, 22.7, 22.5, 22.25, 22.25, 22.25
2026-08-23, 01:44:23, 22.25, 22.45, 22.75, 22.75, 9999.0, 9999.0, 9999.0, 23.7, 9999.0, 22.39, 9999.0, 22.73, 22.5, 22.23, 22.25, 22.25
2026-08-23, 01:44:27, 22.25, 22.45, 22.75, 22.75, 9999.0, 9999.0, 9999.0, 23.73, 9999.0, 22.41, 9999.0, 22.75, 22.5, 22.23, 22.25, 22.25
2026-08-23, 01:44:31, 22.25, 22.45, 22.75, 22.75, 9999.0, 9999.0, 9999.0, 23.75, 9999.0, 22.43, 9999.0, 22.75, 22.5, 22.23, 22.25, 22.25
2026-08-23, 01:44:35, 22.25, 22.48, 22.75, 22.75, 9999.0, 9999.0, 9999.0, 23.8, 9999.0, 22.45, 9999.0, 22.75, 22.5, 22.23, 22.25, 22.25
2026-08-23, 01:44:39, 22.25, 22.48, 22.75, 22.75, 9999.0, 9999.0, 9999.0, 23.84, 9999.0, 22.48, 9999.0, 22.75, 22.5, 22.23, 22.25, 22.25
2026-08-23, 01:44:43, 22.25, 22.48, 22.75, 22.75, 9999.0, 9999.0, 9999.0, 23.86, 9999.0, 22.5, 9999.0, 22.75, 22.5, 22.23, 22.25, 22.25
2026-08-23, 01:44:47, 22.25, 22.48, 22.75, 22.75, 9999.0, 9999.0, 9999.0, 23.89, 9999.0, 22.52, 9999.0, 22.73, 22.5, 22.23, 22.25, 22.25
2026-08-23, 01:44:51, 22.25, 22.5, 22.75, 22.75, 9999.0, 9999.0, 9999.0, 23.89, 9999.0, 22.52, 9999.0, 22.7, 22.5, 22.23, 22.25, 22.25
2026-08-23, 01:44:55, 22.27, 22.5, 22.75, 22.75, 9999.0, 9999.0, 9999.0, 23.91, 9999.0, 22.55, 9999.0, 22.68, 22.5, 22.23, 22.25, 22.25
2026-08-23, 01:44:59, 22.27, 22.5, 22.75, 22.75, 9999.0, 9999.0, 9999.0, 23.95, 9999.0, 22.55, 9999.0, 22.66, 22.5, 22.23, 22.25, 22.25
2026-08-23, 01:45:03, 22.27, 22.48, 22.75, 22.75, 9999.0, 9999.0, 9999.0, 24.0, 9999.0, 22.5, 9999.0, 22.66, 22.5, 22.23, 22.25, 22.25
2026-08-23, 01:45:07, 22.27, 22.48, 22.75, 22.75, 9999.0, 9999.0, 9999.0, 24.05, 9999.0, 22.45, 9999.0, 22.66, 22.5, 22.25, 22.25, 22.25
2026-08-23, 01:45:11, 22.27, 22.48, 22.75, 22.75, 9999.0, 9999.0, 9999.0, 24.0, 9999.0, 22.43, 9999.0, 22.66, 22.5, 22.25, 22.25, 22.25
2026-08-23, 01:45:15, 22.27, 22.48, 22.75, 22.75, 9999.0, 9999.0, 9999.0, 23.95, 9999.0, 22.41, 9999.0, 22.68, 22.5, 22.25, 22.25, 22.25
2026-08-23, 01:45:19, 22.27, 22.48, 22.75, 22.75, 9999.0, 9999.0, 9999.0, 23.91, 9999.0, 22.39, 9999.0, 22.68, 22.5, 22.25, 22.25, 22.25
2026-08-23, 01:45:23, 22.27, 22.48, 22.75, 22.75, 9999.0, 9999.0, 9999.0, 23.84, 9999.0, 22.36, 9999.0, 22.68, 22.5, 22.25, 22.25, 22.25
2026-08-23, 01:45:27, 22.27, 22.45, 22.75, 22.75, 9999.0, 9999.0, 9999.0, 23.8, 9999.0, 22.34, 9999.0, 22.68, 22.5, 22.25, 22.25, 22.25
2026-08-23, 01:45:31, 22.27, 22.45, 22.75, 22.75, 9999.0, 9999.0, 9999.0, 23.75, 9999.0, 22.32, 9999.0, 22.7, 22.5, 22.25, 22.25, 22.25
2026-08-23, 01:45:35, 22.27, 22.45, 22.75, 22.75, 9999.0, 9999.0, 9999.0, 23.73, 9999.0, 22.32, 9999.0, 22.73, 22.5, 22.25, 22.25, 22.25
2026-08-23, 01:45:39, 22.25, 22.45, 22.75, 22.75, 9999.0, 9999.0, 9999.0, 23.7, 9999.0, 22.32, 9999.0, 22.75, 22.5, 22.25, 22.25, 22.25
2026-08-23, 01:45:43, 22.25, 22.45, 22.75, 22.75, 9999.0, 9999.0, 9999.0, 23.66, 9999.0, 22.32, 9999.0, 22.77, 22.5, 22.25, 22.25, 22.25
2026-08-23, 01:45:47, 22.25, 22.45, 22.75, 22.75, 9999.0, 9999.0, 9999.0, 23.68, 9999.0, 22.34, 9999.0, 22.77, 22.5, 22.25, 22.25, 22.25
2026-08-23, 01:45:51, 22.25, 22.45, 22.75, 22.75, 9999.0, 9999.0, 9999.0, 23.7, 9999.0, 22.36, 9999.0, 22.77, 22.5, 22.25, 22.25, 22.25
2026-08-23, 01:45:55, 22.25, 22.45, 22.75, 22.75, 9999.0, 9999.0, 9999.0, 23.73, 9999.0, 22.39, 9999.0, 22.77, 22.5, 22.25, 22.25, 22.25
2026-08-23, 01:45:59, 22.25, 22.45, 22.75, 22.75, 9999.0, 9999.0, 9999.0, 23.75, 9999.0, 22.41, 9999.0, 22.75, 22.5, 22.25, 22.25, 22.25
2026-08-23, 01:46:03, 22.25, 22.45, 22.75, 22.75, 9999.0, 9999.0, 9999.0, 23.77, 9999.0, 22.41, 9999.0, 22.73, 22.5, 22.25, 22.25, 22.25
2026-08-23, 01:46:07, 22.25, 22.45, 22.75, 22.75, 9999.0, 9999.0, 9999.0, 23.82, 9999.0, 22.41, 9999.0, 22.7, 22.5, 22.25, 22.25, 22.25
2026-08-23, 01:46:11, 22.25, 22.48, 22.75, 22.75, 9999.0, 9999.0, 9999.0, 23.86, 9999.0, 22.41, 9999.0, 22.7, 22.5, 22.25, 22.25, 22.25
2026-08-23, 01:46:15, 22.25, 22.48, 22.75, 22.75, 9999.0, 9999.0, 9999.0, 23.89, 9999.0, 22.41, 9999.0, 22.68, 22.5, 22.25, 22.25, 22.25
2026-08-23, 01:46:19, 22.25, 22.48, 22.75, 22.75, 9999.0, 9999.0, 9999.0, 23.93, 9999.0, 22.39, 9999.0, 22.66, 22.5, 22.25, 22.25, 22.25
2026-08-23, 01:46:23, 22.25, 22.45, 22.75, 22.75, 9999.0, 9999.0, 9999.0, 23.95, 9999.0, 22.36, 9999.0, 22.66, 22.5, 22.25, 22.25, 22.25
2026-08-23, 01:46:27, 22.25, 22.45, 22.75, 22.75, 9999.0, 9999.0, 9999.0, 23.98, 9999.0, 22.34, 9999.0, 22.66, 22.48, 22.25, 22.25, 22.25
2026-08-23, 01:46:31, 22.25, 22.48, 22.75, 22.75, 9999.0, 9999.0, 9999.0, 23.93, 9999.0, 22.32, 9999.0, 22.66, 22.48, 22.25, 22.25, 22.25
2026-08-23, 01:46:35, 22.25, 22.48, 22.75, 22.75, 9999.0, 9999.0, 9999.0, 23.89, 9999.0, 22.3, 9999.0, 22.66, 22.48, 22.25, 22.25, 22.25
2026-08-23, 01:46:39, 22.25, 22.48, 22.75, 22.75, 9999.0, 9999.0, 9999.0, 23.84, 9999.0, 22.27, 9999.0, 22.66, 22.48, 22.25, 22.25, 22.25
2026-08-23, 01:46:43, 22.25, 22.48, 22.75, 22.75, 9999.0, 9999.0, 9999.0, 23.8, 9999.0, 22.25, 9999.0, 22.66, 22.48, 22.25, 22.25, 22.25
2026-08-23, 01:46:47, 22.25, 22.48, 22.75, 22.75, 9999.0, 9999.0, 9999.0, 23.75, 9999.0, 22.25, 9999.0, 22.68, 22.48, 22.25, 22.25, 22.25
2026-08-23, 01:46:52, 22.25, 22.48, 22.75, 22.75, 9999.0, 9999.0, 9999.0, 23.7, 9999.0, 22.25, 9999.0, 22.7, 22.48, 22.25, 22.25, 22.25
2026-08-23, 01:46:56, 22.25, 22.48, 22.75, 22.75, 9999.0, 9999.0, 9999.0, 23.66, 9999.0, 22.27, 9999.0, 22.7, 22.48, 22.25, 22.25, 22.25
2026-08-23, 01:47:00, 22.25, 22.48, 22.75, 22.75, 9999.0, 9999.0, 9999.0, 23.61, 9999.0, 22.3, 9999.0, 22.73, 22.48, 22.25, 22.25, 22.25
2026-08-23, 01:47:04, 22.25, 22.48, 22.75, 22.75, 9999.0, 9999.0, 9999.0, 23.64, 9999.0, 22.32, 9999.0, 22.75, 22.48, 22.25, 22.25, 22.25
2026-08-23, 01:47:08, 22.25, 22.5, 22.75, 22.75, 9999.0, 9999.0, 9999.0, 23.68, 9999.0, 22.34, 9999.0, 22.75, 22.48, 22.25, 22.25, 22.25
2026-08-23, 01:47:12, 22.25, 22.5, 22.75, 22.75, 9999.0, 9999.0, 9999.0, 23.7, 9999.0, 22.34, 9999.0, 22.73, 22.5, 22.25, 22.25, 22.25
2026-08-23, 01:47:16, 22.25, 22.5, 22.75, 22.75, 9999.0, 9999.0, 9999.0, 23.73, 9999.0, 22.34, 9999.0, 22.73, 22.5, 22.25, 22.25, 22.25
2026-08-23, 01:47:20, 22.25, 22.5, 22.75, 22.75, 9999.0, 9999.0, 9999.0, 23.75, 9999.0, 22.34, 9999.0, 22.73, 22.5, 22.25, 22.25, 22.25
2026-08-23, 01:47:24, 22.25, 22.5, 22.75, 22.75, 9999.0, 9999.0, 9999.0, 23.8, 9999.0, 22.34, 9999.0, 22.7, 22.5, 22.25, 22.25, 22.25
2026-08-23, 01:47:28, 22.25, 22.5, 22.75, 22.75, 9999.0, 9999.0, 9999.0, 23.82, 9999.0, 22.32, 9999.0, 22.68, 22.5, 22.25, 22.25, 22.25
2026-08-23, 01:47:32, 22.25, 22.5, 22.75, 22.75, 9999.0, 9999.0, 9999.0, 23.84, 9999.0, 22.32, 9999.0, 22.66, 22.5, 22.25, 22.25, 22.25
2026-08-23, 01:47:36, 22.25, 22.5, 22.75, 22.75, 9999.0, 9999.0, 9999.0, 23.86, 9999.0, 22.3, 9999.0, 22.64, 22.5, 22.25, 22.25, 22.25
2026-08-23, 01:47:40, 22.25, 22.5, 22.75, 22.75, 9999.0, 9999.0, 9999.0, 23.89, 9999.0, 22.27, 9999.0, 22.64, 22.5, 22.25, 22.25, 22.25
2026-08-23, 01:47:44, 22.25, 22.5, 22.75, 22.75, 9999.0, 9999.0, 9999.0, 23.93, 9999.0, 22.23, 9999.0, 22.64, 22.5, 22.25, 22.25, 22.25
2026-08-23, 01:47:48, 22.25, 22.5, 22.75, 22.75, 9999.0, 9999.0, 9999.0, 23.89, 9999.0, 22.18, 9999.0, 22.64, 22.5, 22.25, 22.25, 22.25
2026-08-23, 01:47:52, 22.25, 22.5, 22.75, 22.75, 9999.0, 9999.0, 9999.0, 23.84, 9999.0, 22.14, 9999.0, 22.64, 22.5, 22.25, 22.25, 22.25
2026-08-23, 01:47:56, 22.25, 22.5, 22.75, 22.75, 9999.0, 9999.0, 9999.0, 23.8, 9999.0, 22.11, 9999.0, 22.66, 22.5, 22.25, 22.25, 22.25
2026-08-23, 01:48:00, 22.25, 22.5, 22.75, 22.75, 9999.0, 9999.0, 9999.0, 23.75, 9999.0, 22.11, 9999.0, 22.66, 22.5, 22.25, 22.25, 22.25
2026-08-23, 01:48:04, 22.25, 22.5, 22.75, 22.75, 9999.0, 9999.0, 9999.0, 23.7, 9999.0, 22.11, 9999.0, 22.66, 22.5, 22.25, 22.25, 22.25
2026-08-23, 01:48:08, 22.25, 22.5, 22.75, 22.75, 9999.0, 9999.0, 9999.0, 23.66, 9999.0, 22.11, 9999.0, 22.68, 22.5, 22.25, 22.25, 22.25
2026-08-23, 01:48:12, 22.25, 22.5, 22.75, 22.75, 9999.0, 9999.0, 9999.0, 23.64, 9999.0, 22.14, 9999.0, 22.7, 22.5, 22.25, 22.25, 22.25
2026-08-23, 01:48:16, 22.25, 22.5, 22.75, 22.75, 9999.0, 9999.0, 9999.0, 23.59, 9999.0, 22.16, 9999.0, 22.73, 22.5, 22.25, 22.25, 22.25
2026-08-23, 01:48:20, 22.25, 22.5, 22.75, 22.75, 9999.0, 9999.0, 9999.0, 23.55, 9999.0, 22.2, 9999.0, 22.75, 22.5, 22.25, 22.25, 22.25
2026-08-23, 01:48:24, 22.25, 22.5, 22.75, 22.75, 9999.0, 9999.0, 9999.0, 23.57, 9999.0, 22.2, 9999.0, 22.75, 22.5, 22.25, 22.25, 22.25
2026-08-23, 01:48:28, 22.25, 22.5, 22.75, 22.75, 9999.0, 9999.0, 9999.0, 23.61, 9999.0, 22.23, 9999.0, 22.75, 22.5, 22.25, 22.25, 22.25
2026-08-23, 01:48:32, 22.25, 22.5, 22.75, 22.75, 9999.0, 9999.0, 9999.0, 23.64, 9999.0, 22.25, 9999.0, 22.75, 22.5, 22.25, 22.25, 22.25
2026-08-23, 01:48:36, 22.25, 22.5, 22.75, 22.75, 9999.0, 9999.0, 9999.0, 23.66, 9999.0, 22.27, 9999.0, 22.75, 22.5, 22.25, 22.25, 22.25
2026-08-23, 01:48:40, 22.25, 22.5, 22.75, 22.75, 9999.0, 9999.0, 9999.0, 23.7, 9999.0, 22.3, 9999.0, 22.75, 22.5, 22.25, 22.25, 22.25
2026-08-23, 01:48:44, 22.25, 22.5, 22.75, 22.75, 9999.0, 9999.0, 9999.0, 23.75, 9999.0, 22.3, 9999.0, 22.75, 22.5, 22.25, 22.25, 22.25
2026-08-23, 01:48:48, 22.25, 22.48, 22.75, 22.75, 9999.0, 9999.0, 9999.0, 23.8, 9999.0, 22.3, 9999.0, 22.75, 22.5, 22.25, 22.25, 22.25
2026-08-23, 01:48:52, 22.25, 22.48, 22.75, 22.75, 9999.0, 9999.0, 9999.0, 23.82, 9999.0, 22.3, 9999.0, 22.75, 22.5, 22.25, 22.25, 22.25
2026-08-23, 01:48:56, 22.25, 22.48, 22.75, 22.75, 9999.0, 9999.0, 9999.0, 23.84, 9999.0, 22.3, 9999.0, 22.73, 22.5, 22.25, 22.25, 22.25
2026-08-23, 01:49:00, 22.25, 22.48, 22.75, 22.75, 9999.0, 9999.0, 9999.0, 23.89, 9999.0, 22.27, 9999.0, 22.73, 22.5, 22.25, 22.25, 22.25
2026-08-23, 01:49:04, 22.25, 22.48, 22.75, 22.75, 9999.0, 9999.0, 9999.0, 23.93, 9999.0, 22.25, 9999.0, 22.73, 22.5, 22.25, 22.25, 22.25
2026-08-23, 01:49:08, 22.25, 22.48, 22.75, 22.75, 9999.0, 9999.0, 9999.0, 23.91, 9999.0, 22.23, 9999.0, 22.73, 22.5, 22.25, 22.25, 22.25
2026-08-23, 01:49:12, 22.25, 22.48, 22.75, 22.75, 9999.0, 9999.0, 9999.0, 23.86, 9999.0, 22.2, 9999.0, 22.73, 22.5, 22.25, 22.25, 22.25
2026-08-23, 01:49:16, 22.25, 22.48, 22.75, 22.75, 9999.0, 9999.0, 9999.0, 23.82, 9999.0, 22.18, 9999.0, 22.73, 22.5, 22.25, 22.25, 22.25
2026-08-23, 01:49:20, 22.25, 22.48, 22.75, 22.75, 9999.0, 9999.0, 9999.0, 23.77, 9999.0, 22.18, 9999.0, 22.73, 22.5, 22.25, 22.25, 22.25
2026-08-23, 01:49:24, 22.25, 22.45, 22.75, 22.75, 9999.0, 9999.0, 9999.0, 23.73, 9999.0, 22.18, 9999.0, 22.73, 22.5, 22.25, 22.25, 22.25
2026-08-23, 01:49:28, 22.25, 22.45, 22.75, 22.75, 9999.0, 9999.0, 9999.0, 23.68, 9999.0, 22.18, 9999.0, 22.73, 22.5, 22.25, 22.25, 22.25
2026-08-23, 01:49:32, 22.25, 22.48, 22.75, 22.75, 9999.0, 9999.0, 9999.0, 23.64, 9999.0, 22.18, 9999.0, 22.73, 22.5, 22.25, 22.25, 22.25
2026-08-23, 01:49:36, 22.27, 22.48, 22.75, 22.75, 9999.0, 9999.0, 9999.0, 23.59, 9999.0, 22.18, 9999.0, 22.73, 22.5, 22.25, 22.25, 22.25
2026-08-23, 01:49:40, 22.27, 22.48, 22.75, 22.75, 9999.0, 9999.0, 9999.0, 23.64, 9999.0, 22.18, 9999.0, 22.75, 22.5, 22.25, 22.25, 22.25
2026-08-23, 01:49:44, 22.27, 22.48, 22.75, 22.75, 9999.0, 9999.0, 9999.0, 23.68, 9999.0, 22.18, 9999.0, 22.75, 22.5, 22.25, 22.25, 22.25
2026-08-23, 01:49:48, 22.27, 22.48, 22.75, 22.75, 9999.0, 9999.0, 9999.0, 23.7, 9999.0, 22.18, 9999.0, 22.75, 22.5, 22.25, 22.25, 22.25
2026-08-23, 01:49:52, 22.27, 22.45, 22.75, 22.75, 9999.0, 9999.0, 9999.0, 23.73, 9999.0, 22.2, 9999.0, 22.75, 22.5, 22.25, 22.25, 22.25
2026-08-23, 01:49:56, 22.27, 22.43, 22.75, 22.75, 9999.0, 9999.0, 9999.0, 23.73, 9999.0, 22.23, 9999.0, 22.75, 22.5, 22.25, 22.25, 22.25
2026-08-23, 01:50:00, 22.27, 22.41, 22.75, 22.75, 9999.0, 9999.0, 9999.0, 23.75, 9999.0, 22.25, 9999.0, 22.75, 22.5, 22.25, 22.25, 22.25
2026-08-23, 01:50:04, 22.27, 22.39, 22.75, 22.75, 9999.0, 9999.0, 9999.0, 23.77, 9999.0, 22.25, 9999.0, 22.73, 22.5, 22.25, 22.25, 22.25
2026-08-23, 01:50:08, 22.27, 22.41, 22.75, 22.75, 9999.0, 9999.0, 9999.0, 23.8, 9999.0, 22.23, 9999.0, 22.7, 22.5, 22.25, 22.25, 22.25
2026-08-23, 01:50:12, 22.27, 22.41, 22.75, 22.75, 9999.0, 9999.0, 9999.0, 23.82, 9999.0, 22.23, 9999.0, 22.68, 22.5, 22.25, 22.25, 22.25
2026-08-23, 01:50:16, 22.27, 22.41, 22.75, 22.75, 9999.0, 9999.0, 9999.0, 23.84, 9999.0, 22.2, 9999.0, 22.68, 22.5, 22.25, 22.25, 22.25
2026-08-23, 01:50:20, 22.25, 22.41, 22.75, 22.75, 9999.0, 9999.0, 9999.0, 23.89, 9999.0, 22.18, 9999.0, 22.68, 22.5, 22.25, 22.25, 22.25
2026-08-23, 01:50:24, 22.25, 22.41, 22.75, 22.75, 9999.0, 9999.0, 9999.0, 23.82, 9999.0, 22.16, 9999.0, 22.68, 22.5, 22.25, 22.25, 22.25
2026-08-23, 01:50:28, 22.25, 22.41, 22.75, 22.75, 9999.0, 9999.0, 9999.0, 23.75, 9999.0, 22.14, 9999.0, 22.7, 22.5, 22.25, 22.25, 22.25
2026-08-23, 01:50:32, 22.25, 22.39, 22.75, 22.75, 9999.0, 9999.0, 9999.0, 23.7, 9999.0, 22.11, 9999.0, 22.7, 22.5, 22.25, 22.25, 22.25
2026-08-23, 01:50:36, 22.25, 22.41, 22.75, 22.75, 9999.0, 9999.0, 9999.0, 23.66, 9999.0, 22.11, 9999.0, 22.7, 22.5, 22.25, 22.25, 22.25
2026-08-23, 01:50:41, 22.25, 22.43, 22.75, 22.75, 9999.0, 9999.0, 9999.0, 23.64, 9999.0, 22.11, 9999.0, 22.7, 22.5, 22.25, 22.25, 22.25
2026-08-23, 01:50:45, 22.25, 22.45, 22.75, 22.75, 9999.0, 9999.0, 9999.0, 23.59, 9999.0, 22.11, 9999.0, 22.7, 22.5, 22.25, 22.25, 22.25
2026-08-23, 01:50:49, 22.25, 22.48, 22.75, 22.75, 9999.0, 9999.0, 9999.0, 23.57, 9999.0, 22.14, 9999.0, 22.73, 22.5, 22.25, 22.25, 22.25
2026-08-23, 01:50:53, 22.25, 22.48, 22.75, 22.75, 9999.0, 9999.0, 9999.0, 23.52, 9999.0, 22.18, 9999.0, 22.75, 22.5, 22.25, 22.25, 22.25
2026-08-23, 01:50:57, 22.25, 22.48, 22.75, 22.75, 9999.0, 9999.0, 9999.0, 23.55, 9999.0, 22.2, 9999.0, 22.77, 22.5, 22.25, 22.25, 22.25
2026-08-23, 01:51:01, 22.25, 22.48, 22.75, 22.75, 9999.0, 9999.0, 9999.0, 23.57, 9999.0, 22.23, 9999.0, 22.77, 22.5, 22.25, 22.25, 22.25
2026-08-23, 01:51:05, 22.25, 22.48, 22.75, 22.75, 9999.0, 9999.0, 9999.0, 23.59, 9999.0, 22.25, 9999.0, 22.77, 22.5, 22.25, 22.25, 22.25
2026-08-23, 01:51:09, 22.25, 22.48, 22.75, 22.75, 9999.0, 9999.0, 9999.0, 23.64, 9999.0, 22.27, 9999.0, 22.77, 22.5, 22.25, 22.25, 22.25
2026-08-23, 01:51:13, 22.25, 22.45, 22.75, 22.75, 9999.0, 9999.0, 9999.0, 23.68, 9999.0, 22.3, 9999.0, 22.73, 22.5, 22.25, 22.25, 22.25
2026-08-23, 01:51:17, 22.27, 22.48, 22.75, 22.75, 9999.0, 9999.0, 9999.0, 23.7, 9999.0, 22.3, 9999.0, 22.7, 22.5, 22.25, 22.25, 22.25
2026-08-23, 01:51:21, 22.27, 22.48, 22.75, 22.75, 9999.0, 9999.0, 9999.0, 23.73, 9999.0, 22.3, 9999.0, 22.68, 22.5, 22.25, 22.27, 22.25
2026-08-23, 01:51:25, 22.27, 22.48, 22.75, 22.75, 9999.0, 9999.0, 9999.0, 23.77, 9999.0, 22.3, 9999.0, 22.66, 22.5, 22.25, 22.27, 22.25
2026-08-23, 01:51:29, 22.27, 22.48, 22.75, 22.75, 9999.0, 9999.0, 9999.0, 23.82, 9999.0, 22.3, 9999.0, 22.64, 22.5, 22.25, 22.27, 22.25
2026-08-23, 01:51:33, 22.27, 22.48, 22.75, 22.75, 9999.0, 9999.0, 9999.0, 23.84, 9999.0, 22.27, 9999.0, 22.64, 22.5, 22.25, 22.27, 22.25
2026-08-23, 01:51:37, 22.27, 22.48, 22.75, 22.75, 9999.0, 9999.0, 9999.0, 23.89, 9999.0, 22.23, 9999.0, 22.64, 22.5, 22.25, 22.27, 22.25
2026-08-23, 01:51:41, 22.27, 22.48, 22.75, 22.75, 9999.0, 9999.0, 9999.0, 23.86, 9999.0, 22.18, 9999.0, 22.64, 22.5, 22.25, 22.27, 22.25
2026-08-23, 01:51:45, 22.27, 22.48, 22.75, 22.75, 9999.0, 9999.0, 9999.0, 23.82, 9999.0, 22.16, 9999.0, 22.66, 22.5, 22.25, 22.27, 22.25
2026-08-23, 01:51:49, 22.27, 22.48, 22.75, 22.75, 9999.0, 9999.0, 9999.0, 23.77, 9999.0, 22.14, 9999.0, 22.66, 22.5, 22.25, 22.27, 22.25
2026-08-23, 01:51:53, 22.27, 22.48, 22.75, 22.75, 9999.0, 9999.0, 9999.0, 23.73, 9999.0, 22.14, 9999.0, 22.66, 22.5, 22.25, 22.27, 22.25
2026-08-23, 01:51:57, 22.27, 22.5, 22.75, 22.75, 9999.0, 9999.0, 9999.0, 23.68, 9999.0, 22.14, 9999.0, 22.68, 22.5, 22.25, 22.27, 22.25
2026-08-23, 01:52:01, 22.25, 22.5, 22.77, 22.75, 9999.0, 9999.0, 9999.0, 23.66, 9999.0, 22.16, 9999.0, 22.7, 22.5, 22.25, 22.27, 22.25
2026-08-23, 01:52:05, 22.25, 22.5, 22.77, 22.75, 9999.0, 9999.0, 9999.0, 23.61, 9999.0, 22.18, 9999.0, 22.73, 22.5, 22.25, 22.25, 22.25
2026-08-23, 01:52:09, 22.25, 22.5, 22.77, 22.75, 9999.0, 9999.0, 9999.0, 23.55, 9999.0, 22.2, 9999.0, 22.75, 22.5, 22.25, 22.25, 22.25
2026-08-23, 01:52:13, 22.25, 22.5, 22.77, 22.75, 9999.0, 9999.0, 9999.0, 23.57, 9999.0, 22.2, 9999.0, 22.77, 22.5, 22.25, 22.25, 22.25
2026-08-23, 01:52:17, 22.25, 22.5, 22.77, 22.75, 9999.0, 9999.0, 9999.0, 23.59, 9999.0, 22.2, 9999.0, 22.77, 22.5, 22.25, 22.25, 22.25
2026-08-23, 01:52:21, 22.25, 22.5, 22.77, 22.75, 9999.0, 9999.0, 9999.0, 23.61, 9999.0, 22.23, 9999.0, 22.77, 22.5, 22.25, 22.25, 22.25
2026-08-23, 01:52:25, 22.25, 22.5, 22.77, 22.75, 9999.0, 9999.0, 9999.0, 23.64, 9999.0, 22.25, 9999.0, 22.77, 22.5, 22.25, 22.25, 22.25
2026-08-23, 01:52:29, 22.25, 22.5, 22.77, 22.75, 9999.0, 9999.0, 9999.0, 23.66, 9999.0, 22.27, 9999.0, 22.75, 22.5, 22.25, 22.25, 22.25
2026-08-23, 01:52:33, 22.25, 22.5, 22.77, 22.75, 9999.0, 9999.0, 9999.0, 23.68, 9999.0, 22.3, 9999.0, 22.73, 22.5, 22.25, 22.25, 22.25
2026-08-23, 01:52:37, 22.25, 22.5, 22.77, 22.75, 9999.0, 9999.0, 9999.0, 23.7, 9999.0, 22.3, 9999.0, 22.7, 22.5, 22.25, 22.25, 22.25
2026-08-23, 01:52:41, 22.25, 22.5, 22.77, 22.75, 9999.0, 9999.0, 9999.0, 23.73, 9999.0, 22.3, 9999.0, 22.68, 22.5, 22.25, 22.25, 22.25
2026-08-23, 01:52:45, 22.25, 22.5, 22.75, 22.75, 9999.0, 9999.0, 9999.0, 23.75, 9999.0, 22.3, 9999.0, 22.66, 22.5, 22.25, 22.25, 22.25
2026-08-23, 01:52:49, 22.25, 22.5, 22.75, 22.75, 9999.0, 9999.0, 9999.0, 23.8, 9999.0, 22.27, 9999.0, 22.66, 22.5, 22.25, 22.25, 22.25
2026-08-23, 01:52:53, 22.25, 22.5, 22.75, 22.75, 9999.0, 9999.0, 9999.0, 23.84, 9999.0, 22.25, 9999.0, 22.66, 22.5, 22.25, 22.25, 22.25
2026-08-23, 01:52:57, 22.25, 22.5, 22.75, 22.75, 9999.0, 9999.0, 9999.0, 23.8, 9999.0, 22.25, 9999.0, 22.66, 22.5, 22.25, 22.25, 22.25
2026-08-23, 01:53:01, 22.25, 22.5, 22.75, 22.75, 9999.0, 9999.0, 9999.0, 23.77, 9999.0, 22.25, 9999.0, 22.68, 22.5, 22.25, 22.25, 22.25
2026-08-23, 01:53:05, 22.25, 22.5, 22.75, 22.75, 9999.0, 9999.0, 9999.0, 23.73, 9999.0, 22.25, 9999.0, 22.68, 22.5, 22.25, 22.25, 22.25
2026-08-23, 01:53:09, 22.27, 22.5, 22.75, 22.75, 9999.0, 9999.0, 9999.0, 23.68, 9999.0, 22.27, 9999.0, 22.68, 22.5, 22.25, 22.25, 22.25
2026-08-23, 01:53:13, 22.27, 22.5, 22.75, 22.75, 9999.0, 9999.0, 9999.0, 23.66, 9999.0, 22.3, 9999.0, 22.68, 22.5, 22.25, 22.25, 22.25
2026-08-23, 01:53:17, 22.27, 22.5, 22.75, 22.75, 9999.0, 9999.0, 9999.0, 23.64, 9999.0, 22.32, 9999.0, 22.7, 22.5, 22.25, 22.25, 22.25
2026-08-23, 01:53:21, 22.27, 22.5, 22.75, 22.75, 9999.0, 9999.0, 9999.0, 23.61, 9999.0, 22.36, 9999.0, 22.73, 22.5, 22.25, 22.25, 22.25
2026-08-23, 01:53:25, 22.27, 22.5, 22.75, 22.75, 9999.0, 9999.0, 9999.0, 23.59, 9999.0, 22.39, 9999.0, 22.75, 22.5, 22.25, 22.25, 22.25
2026-08-23, 01:53:29, 22.27, 22.5, 22.75, 22.75, 9999.0, 9999.0, 9999.0, 23.64, 9999.0, 22.41, 9999.0, 22.77, 22.5, 22.25, 22.25, 22.25
2026-08-23, 01:53:33, 22.27, 22.5, 22.75, 22.75, 9999.0, 9999.0, 9999.0, 23.68, 9999.0, 22.43, 9999.0, 22.77, 22.5, 22.25, 22.25, 22.25
2026-08-23, 01:53:37, 22.27, 22.5, 22.75, 22.75, 9999.0, 9999.0, 9999.0, 23.7, 9999.0, 22.45, 9999.0, 22.77, 22.5, 22.25, 22.25, 22.25
2026-08-23, 01:53:41, 22.27, 22.5, 22.75, 22.75, 9999.0, 9999.0, 9999.0, 23.75, 9999.0, 22.48, 9999.0, 22.77, 22.5, 22.25, 22.25, 22.25
2026-08-23, 01:53:45, 22.27, 22.5, 22.75, 22.75, 9999.0, 9999.0, 9999.0, 23.77, 9999.0, 22.5, 9999.0, 22.75, 22.5, 22.25, 22.25, 22.25
2026-08-23, 01:53:49, 22.27, 22.5, 22.75, 22.75, 9999.0, 9999.0, 9999.0, 23.82, 9999.0, 22.52, 9999.0, 22.75, 22.5, 22.25, 22.25, 22.25
2026-08-23, 01:53:53, 22.25, 22.5, 22.75, 22.75, 9999.0, 9999.0, 9999.0, 23.84, 9999.0, 22.52, 9999.0, 22.73, 22.5, 22.25, 22.25, 22.25
2026-08-23, 01:53:57, 22.25, 22.5, 22.75, 22.75, 9999.0, 9999.0, 9999.0, 23.86, 9999.0, 22.5, 9999.0, 22.7, 22.5, 22.25, 22.25, 22.25
2026-08-23, 01:54:01, 22.25, 22.5, 22.75, 22.75, 9999.0, 9999.0, 9999.0, 23.89, 9999.0, 22.48, 9999.0, 22.68, 22.5, 22.25, 22.25, 22.25
2026-08-23, 01:54:05, 22.25, 22.5, 22.75, 22.75, 9999.0, 9999.0, 9999.0, 23.91, 9999.0, 22.43, 9999.0, 22.68, 22.5, 22.25, 22.25, 22.25
2026-08-23, 01:54:09, 22.25, 22.5, 22.75, 22.75, 9999.0, 9999.0, 9999.0, 23.93, 9999.0, 22.41, 9999.0, 22.68, 22.5, 22.25, 22.25, 22.25
2026-08-23, 01:54:13, 22.25, 22.5, 22.75, 22.75, 9999.0, 9999.0, 9999.0, 23.89, 9999.0, 22.39, 9999.0, 22.68, 22.5, 22.25, 22.25, 22.25
2026-08-23, 01:54:17, 22.27, 22.5, 22.75, 22.75, 9999.0, 9999.0, 9999.0, 23.84, 9999.0, 22.36, 9999.0, 22.7, 22.5, 22.25, 22.25, 22.25
2026-08-23, 01:54:21, 22.27, 22.5, 22.75, 22.77, 9999.0, 9999.0, 9999.0, 23.8, 9999.0, 22.34, 9999.0, 22.7, 22.5, 22.25, 22.25, 22.25
2026-08-23, 01:54:25, 22.27, 22.5, 22.75, 22.77, 9999.0, 9999.0, 9999.0, 23.75, 9999.0, 22.34, 9999.0, 22.7, 22.5, 22.25, 22.25, 22.25
2026-08-23, 01:54:29, 22.27, 22.5, 22.75, 22.77, 9999.0, 9999.0, 9999.0, 23.7, 9999.0, 22.34, 9999.0, 22.7, 22.5, 22.25, 22.25, 22.25
2026-08-23, 01:54:34, 22.27, 22.5, 22.75, 22.77, 9999.0, 9999.0, 9999.0, 23.66, 9999.0, 22.34, 9999.0, 22.7, 22.5, 22.25, 22.25, 22.25
2026-08-23, 01:54:38, 22.27, 22.5, 22.75, 22.77, 9999.0, 9999.0, 9999.0, 23.64, 9999.0, 22.34, 9999.0, 22.73, 22.5, 22.25, 22.25, 22.25
2026-08-23, 01:54:42, 22.27, 22.5, 22.75, 22.77, 9999.0, 9999.0, 9999.0, 23.61, 9999.0, 22.36, 9999.0, 22.75, 22.5, 22.25, 22.25, 22.25
2026-08-23, 01:54:46, 22.27, 22.5, 22.75, 22.77, 9999.0, 9999.0, 9999.0, 23.66, 9999.0, 22.39, 9999.0, 22.77, 22.5, 22.25, 22.25, 22.25
2026-08-23, 01:54:50, 22.27, 22.5, 22.75, 22.77, 9999.0, 9999.0, 9999.0, 23.7, 9999.0, 22.41, 9999.0, 22.77, 22.5, 22.25, 22.25, 22.25
2026-08-23, 01:54:54, 22.27, 22.5, 22.75, 22.77, 9999.0, 9999.0, 9999.0, 23.73, 9999.0, 22.43, 9999.0, 22.77, 22.5, 22.25, 22.25, 22.25
2026-08-23, 01:54:58, 22.27, 22.5, 22.75, 22.77, 9999.0, 9999.0, 9999.0, 23.75, 9999.0, 22.45, 9999.0, 22.77, 22.5, 22.25, 22.25, 22.25
2026-08-23, 01:55:02, 22.25, 22.5, 22.75, 22.77, 9999.0, 9999.0, 9999.0, 23.77, 9999.0, 22.48, 9999.0, 22.75, 22.5, 22.25, 22.25, 22.25
2026-08-23, 01:55:06, 22.25, 22.5, 22.75, 22.77, 9999.0, 9999.0, 9999.0, 23.82, 9999.0, 22.48, 9999.0, 22.75, 22.5, 22.25, 22.25, 22.25
2026-08-23, 01:55:10, 22.25, 22.5, 22.75, 22.77, 9999.0, 9999.0, 9999.0, 23.84, 9999.0, 22.48, 9999.0, 22.73, 22.5, 22.25, 22.25, 22.25
2026-08-23, 01:55:14, 22.25, 22.5, 22.75, 22.77, 9999.0, 9999.0, 9999.0, 23.86, 9999.0, 22.45, 9999.0, 22.7, 22.5, 22.25, 22.25, 22.25
2026-08-23, 01:55:18, 22.25, 22.5, 22.75, 22.77, 9999.0, 9999.0, 9999.0, 23.89, 9999.0, 22.43, 9999.0, 22.68, 22.5, 22.25, 22.25, 22.25
2026-08-23, 01:55:22, 22.27, 22.5, 22.75, 22.77, 9999.0, 9999.0, 9999.0, 23.91, 9999.0, 22.41, 9999.0, 22.68, 22.5, 22.25, 22.25, 22.25
2026-08-23, 01:55:26, 22.27, 22.5, 22.75, 22.77, 9999.0, 9999.0, 9999.0, 23.95, 9999.0, 22.39, 9999.0, 22.68, 22.5, 22.25, 22.25, 22.25
2026-08-23, 01:55:30, 22.27, 22.5, 22.75, 22.77, 9999.0, 9999.0, 9999.0, 23.91, 9999.0, 22.36, 9999.0, 22.68, 22.5, 22.25, 22.25, 22.25
2026-08-23, 01:55:34, 22.27, 22.5, 22.75, 22.77, 9999.0, 9999.0, 9999.0, 23.86, 9999.0, 22.34, 9999.0, 22.7, 22.5, 22.25, 22.25, 22.25
2026-08-23, 01:55:38, 22.27, 22.5, 22.75, 22.77, 9999.0, 9999.0, 9999.0, 23.84, 9999.0, 22.32, 9999.0, 22.73, 22.5, 22.25, 22.25, 22.25
2026-08-23, 01:55:42, 22.27, 22.5, 22.75, 22.77, 9999.0, 9999.0, 9999.0, 23.8, 9999.0, 22.3, 9999.0, 22.73, 22.5, 22.25, 22.25, 22.25
2026-08-23, 01:55:46, 22.3, 22.5, 22.75, 22.77, 9999.0, 9999.0, 9999.0, 23.77, 9999.0, 22.3, 9999.0, 22.73, 22.5, 22.25, 22.25, 22.25
2026-08-23, 01:55:50, 22.32, 22.5, 22.75, 22.75, 9999.0, 9999.0, 9999.0, 23.73, 9999.0, 22.32, 9999.0, 22.73, 22.5, 22.25, 22.25, 22.25
2026-08-23, 01:55:54, 22.32, 22.5, 22.75, 22.75, 9999.0, 9999.0, 9999.0, 23.7, 9999.0, 22.34, 9999.0, 22.75, 22.5, 22.25, 22.25, 22.25
2026-08-23, 01:55:58, 22.32, 22.5, 22.75, 22.75, 9999.0, 9999.0, 9999.0, 23.68, 9999.0, 22.39, 9999.0, 22.77, 22.5, 22.25, 22.25, 22.25
2026-08-23, 01:56:02, 22.32, 22.5, 22.75, 22.75, 9999.0, 9999.0, 9999.0, 23.66, 9999.0, 22.41, 9999.0, 22.8, 22.5, 22.25, 22.25, 22.25
2026-08-23, 01:56:06, 22.3, 22.5, 22.75, 22.75, 9999.0, 9999.0, 9999.0, 23.7, 9999.0, 22.45, 9999.0, 22.8, 22.5, 22.25, 22.25, 22.25
2026-08-23, 01:56:10, 22.3, 22.5, 22.75, 22.75, 9999.0, 9999.0, 9999.0, 23.73, 9999.0, 22.5, 9999.0, 22.8, 22.5, 22.25, 22.25, 22.25
2026-08-23, 01:56:14, 22.3, 22.5, 22.75, 22.75, 9999.0, 9999.0, 9999.0, 23.77, 9999.0, 22.52, 9999.0, 22.8, 22.5, 22.25, 22.25, 22.25
2026-08-23, 01:56:18, 22.3, 22.5, 22.75, 22.75, 9999.0, 9999.0, 9999.0, 23.82, 9999.0, 22.55, 9999.0, 22.77, 22.5, 22.25, 22.25, 22.25
2026-08-23, 01:56:22, 22.3, 22.5, 22.75, 22.75, 9999.0, 9999.0, 9999.0, 23.84, 9999.0, 22.57, 9999.0, 22.73, 22.5, 22.25, 22.25, 22.25
2026-08-23, 01:56:26, 22.32, 22.5, 22.75, 22.75, 9999.0, 9999.0, 9999.0, 23.89, 9999.0, 22.57, 9999.0, 22.7, 22.5, 22.25, 22.25, 22.25
2026-08-23, 01:56:30, 22.3, 22.5, 22.75, 22.75, 9999.0, 9999.0, 9999.0, 23.91, 9999.0, 22.57, 9999.0, 22.68, 22.5, 22.25, 22.25, 22.25
2026-08-23, 01:56:34, 22.27, 22.5, 22.75, 22.75, 9999.0, 9999.0, 9999.0, 23.95, 9999.0, 22.57, 9999.0, 22.66, 22.5, 22.25, 22.25, 22.25
2026-08-23, 01:56:38, 22.27, 22.5, 22.75, 22.75, 9999.0, 9999.0, 9999.0, 23.98, 9999.0, 22.55, 9999.0, 22.64, 22.5, 22.25, 22.25, 22.25
2026-08-23, 01:56:42, 22.27, 22.5, 22.75, 22.75, 9999.0, 9999.0, 9999.0, 24.0, 9999.0, 22.52, 9999.0, 22.64, 22.5, 22.25, 22.25, 22.25
2026-08-23, 01:56:46, 22.27, 22.5, 22.75, 22.75, 9999.0, 9999.0, 9999.0, 24.02, 9999.0, 22.52, 9999.0, 22.64, 22.5, 22.25, 22.25, 22.25
2026-08-23, 01:56:50, 22.27, 22.5, 22.75, 22.75, 9999.0, 9999.0, 9999.0, 23.98, 9999.0, 22.48, 9999.0, 22.64, 22.5, 22.25, 22.25, 22.25
2026-08-23, 01:56:54, 22.3, 22.48, 22.75, 22.75, 9999.0, 9999.0, 9999.0, 23.93, 9999.0, 22.43, 9999.0, 22.66, 22.5, 22.25, 22.25, 22.25
2026-08-23, 01:56:58, 22.32, 22.48, 22.75, 22.75, 9999.0, 9999.0, 9999.0, 23.89, 9999.0, 22.41, 9999.0, 22.68, 22.5, 22.25, 22.25, 22.25
2026-08-23, 01:57:02, 22.32, 22.48, 22.75, 22.75, 9999.0, 9999.0, 9999.0, 23.82, 9999.0, 22.41, 9999.0, 22.68, 22.5, 22.25, 22.25, 22.25
2026-08-23, 01:57:06, 22.32, 22.48, 22.77, 22.75, 9999.0, 9999.0, 9999.0, 23.77, 9999.0, 22.41, 9999.0, 22.7, 22.5, 22.25, 22.25, 22.25
2026-08-23, 01:57:10, 22.3, 22.48, 22.77, 22.75, 9999.0, 9999.0, 9999.0, 23.73, 9999.0, 22.45, 9999.0, 22.73, 22.5, 22.25, 22.25, 22.25
2026-08-23, 01:57:14, 22.3, 22.48, 22.77, 22.75, 9999.0, 9999.0, 9999.0, 23.68, 9999.0, 22.48, 9999.0, 22.75, 22.5, 22.25, 22.25, 22.25
2026-08-23, 01:57:18, 22.3, 22.48, 22.77, 22.75, 9999.0, 9999.0, 9999.0, 23.64, 9999.0, 22.5, 9999.0, 22.77, 22.5, 22.25, 22.25, 22.25
2026-08-23, 01:57:22, 22.3, 22.45, 22.77, 22.75, 9999.0, 9999.0, 9999.0, 23.68, 9999.0, 22.52, 9999.0, 22.8, 22.5, 22.25, 22.25, 22.25
2026-08-23, 01:57:26, 22.3, 22.43, 22.77, 22.75, 9999.0, 9999.0, 9999.0, 23.73, 9999.0, 22.55, 9999.0, 22.8, 22.5, 22.25, 22.27, 22.25
2026-08-23, 01:57:30, 22.3, 22.43, 22.77, 22.75, 9999.0, 9999.0, 9999.0, 23.77, 9999.0, 22.55, 9999.0, 22.8, 22.5, 22.25, 22.27, 22.25
2026-08-23, 01:57:34, 22.3, 22.43, 22.77, 22.75, 9999.0, 9999.0, 9999.0, 23.82, 9999.0, 22.57, 9999.0, 22.8, 22.5, 22.25, 22.27, 22.25
2026-08-23, 01:57:38, 22.27, 22.45, 22.77, 22.75, 9999.0, 9999.0, 9999.0, 23.84, 9999.0, 22.59, 9999.0, 22.77, 22.5, 22.25, 22.27, 22.25
2026-08-23, 01:57:42, 22.25, 22.45, 22.77, 22.75, 9999.0, 9999.0, 9999.0, 23.86, 9999.0, 22.61, 9999.0, 22.75, 22.5, 22.25, 22.27, 22.25
2026-08-23, 01:57:46, 22.25, 22.45, 22.77, 22.75, 9999.0, 9999.0, 9999.0, 23.91, 9999.0, 22.61, 9999.0, 22.73, 22.5, 22.25, 22.27, 22.25
2026-08-23, 01:57:50, 22.25, 22.45, 22.75, 22.75, 9999.0, 9999.0, 9999.0, 23.95, 9999.0, 22.61, 9999.0, 22.7, 22.5, 22.25, 22.27, 22.25
2026-08-23, 01:57:54, 22.25, 22.45, 22.75, 22.75, 9999.0, 9999.0, 9999.0, 24.0, 9999.0, 22.59, 9999.0, 22.68, 22.5, 22.25, 22.27, 22.25
2026-08-23, 01:57:58, 22.25, 22.45, 22.75, 22.75, 9999.0, 9999.0, 9999.0, 24.05, 9999.0, 22.57, 9999.0, 22.68, 22.5, 22.25, 22.27, 22.25
2026-08-23, 01:58:02, 22.25, 22.45, 22.75, 22.75, 9999.0, 9999.0, 9999.0, 24.07, 9999.0, 22.55, 9999.0, 22.68, 22.5, 22.25, 22.27, 22.25
2026-08-23, 01:58:06, 22.25, 22.48, 22.75, 22.75, 9999.0, 9999.0, 9999.0, 24.02, 9999.0, 22.52, 9999.0, 22.68, 22.48, 22.25, 22.27, 22.25
2026-08-23, 01:58:10, 22.25, 22.5, 22.75, 22.75, 9999.0, 9999.0, 9999.0, 23.98, 9999.0, 22.5, 9999.0, 22.7, 22.48, 22.25, 22.25, 22.25
2026-08-23, 01:58:14, 22.25, 22.5, 22.75, 22.75, 9999.0, 9999.0, 9999.0, 23.93, 9999.0, 22.48, 9999.0, 22.7, 22.48, 22.25, 22.25, 22.25
2026-08-23, 01:58:18, 22.25, 22.5, 22.75, 22.75, 9999.0, 9999.0, 9999.0, 23.89, 9999.0, 22.48, 9999.0, 22.7, 22.48, 22.25, 22.25, 22.25
2026-08-23, 01:58:22, 22.25, 22.5, 22.75, 22.75, 9999.0, 9999.0, 9999.0, 23.86, 9999.0, 22.5, 9999.0, 22.7, 22.48, 22.25, 22.25, 22.25
2026-08-23, 01:58:27, 22.25, 22.5, 22.75, 22.75, 9999.0, 9999.0, 9999.0, 23.84, 9999.0, 22.52, 9999.0, 22.7, 22.48, 22.25, 22.25, 22.25
2026-08-23, 01:58:31, 22.25, 22.5, 22.75, 22.75, 9999.0, 9999.0, 9999.0, 23.8, 9999.0, 22.55, 9999.0, 22.73, 22.48, 22.25, 22.25, 22.25
2026-08-23, 01:58:35, 22.25, 22.5, 22.75, 22.75, 9999.0, 9999.0, 9999.0, 23.75, 9999.0, 22.57, 9999.0, 22.75, 22.48, 22.25, 22.25, 22.25
2026-08-23, 01:58:39, 22.25, 22.5, 22.75, 22.75, 9999.0, 9999.0, 9999.0, 23.77, 9999.0, 22.59, 9999.0, 22.77, 22.48, 22.25, 22.25, 22.25
2026-08-23, 01:58:43, 22.25, 22.5, 22.75, 22.75, 9999.0, 9999.0, 9999.0, 23.8, 9999.0, 22.61, 9999.0, 22.77, 22.48, 22.25, 22.25, 22.25
2026-08-23, 01:58:47, 22.25, 22.5, 22.75, 22.75, 9999.0, 9999.0, 9999.0, 23.84, 9999.0, 22.64, 9999.0, 22.77, 22.48, 22.25, 22.25, 22.25
2026-08-23, 01:58:51, 22.25, 22.5, 22.75, 22.75, 9999.0, 9999.0, 9999.0, 23.89, 9999.0, 22.66, 9999.0, 22.77, 22.5, 22.25, 22.25, 22.25
2026-08-23, 01:58:55, 22.25, 22.5, 22.75, 22.75, 9999.0, 9999.0, 9999.0, 23.91, 9999.0, 22.68, 9999.0, 22.75, 22.5, 22.25, 22.25, 22.25
2026-08-23, 01:58:59, 22.25, 22.5, 22.75, 22.75, 9999.0, 9999.0, 9999.0, 23.93, 9999.0, 22.7, 9999.0, 22.73, 22.5, 22.25, 22.25, 22.25
2026-08-23, 01:59:03, 22.25, 22.5, 22.75, 22.75, 9999.0, 9999.0, 9999.0, 23.95, 9999.0, 22.73, 9999.0, 22.73, 22.5, 22.25, 22.25, 22.25
2026-08-23, 01:59:07, 22.25, 22.5, 22.75, 22.75, 9999.0, 9999.0, 9999.0, 23.98, 9999.0, 22.7, 9999.0, 22.73, 22.48, 22.25, 22.25, 22.25
2026-08-23, 01:59:11, 22.25, 22.5, 22.75, 22.75, 9999.0, 9999.0, 9999.0, 24.0, 9999.0, 22.68, 9999.0, 22.7, 22.48, 22.25, 22.25, 22.25
2026-08-23, 01:59:15, 22.25, 22.5, 22.75, 22.75, 9999.0, 9999.0, 9999.0, 24.05, 9999.0, 22.66, 9999.0, 22.7, 22.48, 22.25, 22.25, 22.25
2026-08-23, 01:59:19, 22.25, 22.5, 22.75, 22.75, 9999.0, 9999.0, 9999.0, 24.07, 9999.0, 22.64, 9999.0, 22.7, 22.45, 22.25, 22.25, 22.25
2026-08-23, 01:59:23, 22.25, 22.48, 22.75, 22.75, 9999.0, 9999.0, 9999.0, 24.02, 9999.0, 22.61, 9999.0, 22.7, 22.43, 22.25, 22.25, 22.25
2026-08-23, 01:59:27, 22.25, 22.48, 22.75, 22.75, 9999.0, 9999.0, 9999.0, 23.98, 9999.0, 22.59, 9999.0, 22.73, 22.43, 22.25, 22.25, 22.25
2026-08-23, 01:59:31, 22.25, 22.48, 22.75, 22.75, 9999.0, 9999.0, 9999.0, 23.93, 9999.0, 22.57, 9999.0, 22.73, 22.43, 22.25, 22.25, 22.25
2026-08-23, 01:59:35, 22.25, 22.48, 22.75, 22.75, 9999.0, 9999.0, 9999.0, 23.89, 9999.0, 22.57, 9999.0, 22.73, 22.43, 22.25, 22.25, 22.25
2026-08-23, 01:59:39, 22.25, 22.48, 22.75, 22.75, 9999.0, 9999.0, 9999.0, 23.86, 9999.0, 22.57, 9999.0, 22.73, 22.41, 22.25, 22.25, 22.25
2026-08-23, 01:59:43, 22.25, 22.48, 22.75, 22.75, 9999.0, 9999.0, 9999.0, 23.84, 9999.0, 22.59, 9999.0, 22.75, 22.41, 22.25, 22.25, 22.25
2026-08-23, 01:59:47, 22.25, 22.48, 22.75, 22.75, 9999.0, 9999.0, 9999.0, 23.82, 9999.0, 22.59, 9999.0, 22.75, 22.41, 22.25, 22.25, 22.25
2026-08-23, 01:59:51, 22.25, 22.48, 22.75, 22.75, 9999.0, 9999.0, 9999.0, 23.77, 9999.0, 22.61, 9999.0, 22.75, 22.43, 22.25, 22.25, 22.25
2026-08-23, 01:59:55, 22.25, 22.48, 22.75, 22.75, 9999.0, 9999.0, 9999.0, 23.82, 9999.0, 22.64, 9999.0, 22.77, 22.43, 22.25, 22.25, 22.25
2026-08-23, 01:59:59, 22.27, 22.48, 22.75, 22.75, 9999.0, 9999.0, 9999.0, 23.84, 9999.0, 22.66, 9999.0, 22.77, 22.43, 22.25, 22.25, 22.25
2026-08-23, 02:00:03, 22.27, 22.45, 22.75, 22.75, 9999.0, 9999.0, 9999.0, 23.89, 9999.0, 22.68, 9999.0, 22.77, 22.45, 22.25, 22.25, 22.25
2026-08-23, 02:00:07, 22.27, 22.48, 22.75, 22.75, 9999.0, 9999.0, 9999.0, 23.93, 9999.0, 22.7, 9999.0, 22.77, 22.48, 22.25, 22.25, 22.25
2026-08-23, 02:00:11, 22.27, 22.48, 22.75, 22.75, 9999.0, 9999.0, 9999.0, 23.95, 9999.0, 22.73, 9999.0, 22.75, 22.48, 22.25, 22.25, 22.25
2026-08-23, 02:00:15, 22.27, 22.48, 22.75, 22.75, 9999.0, 9999.0, 9999.0, 24.0, 9999.0, 22.75, 9999.0, 22.73, 22.48, 22.25, 22.25, 22.25
2026-08-23, 02:00:19, 22.3, 22.48, 22.75, 22.75, 9999.0, 9999.0, 9999.0, 24.02, 9999.0, 22.75, 9999.0, 22.7, 22.48, 22.25, 22.25, 22.25
2026-08-23, 02:00:23, 22.3, 22.48, 22.75, 22.75, 9999.0, 9999.0, 9999.0, 24.05, 9999.0, 22.75, 9999.0, 22.68, 22.5, 22.25, 22.25, 22.25
2026-08-23, 02:00:27, 22.3, 22.48, 22.75, 22.75, 9999.0, 9999.0, 9999.0, 24.07, 9999.0, 22.75, 9999.0, 22.66, 22.5, 22.25, 22.25, 22.25
2026-08-23, 02:00:31, 22.3, 22.48, 22.75, 22.75, 9999.0, 9999.0, 9999.0, 24.09, 9999.0, 22.75, 9999.0, 22.64, 22.5, 22.25, 22.25, 22.25
2026-08-23, 02:00:35, 22.3, 22.48, 22.75, 22.75, 9999.0, 9999.0, 9999.0, 24.14, 9999.0, 22.73, 9999.0, 22.64, 22.5, 22.25, 22.25, 22.25
2026-08-23, 02:00:39, 22.3, 22.48, 22.75, 22.75, 9999.0, 9999.0, 9999.0, 24.09, 9999.0, 22.7, 9999.0, 22.64, 22.5, 22.25, 22.25, 22.25
2026-08-23, 02:00:43, 22.27, 22.48, 22.75, 22.75, 9999.0, 9999.0, 9999.0, 24.05, 9999.0, 22.7, 9999.0, 22.64, 22.5, 22.25, 22.25, 22.25
2026-08-23, 02:00:47, 22.27, 22.5, 22.75, 22.75, 9999.0, 9999.0, 9999.0, 24.0, 9999.0, 22.68, 9999.0, 22.66, 22.5, 22.25, 22.25, 22.25
2026-08-23, 02:00:51, 22.27, 22.5, 22.75, 22.75, 9999.0, 9999.0, 9999.0, 23.95, 9999.0, 22.66, 9999.0, 22.66, 22.5, 22.25, 22.25, 22.25
2026-08-23, 02:00:55, 22.27, 22.5, 22.75, 22.75, 9999.0, 9999.0, 9999.0, 23.93, 9999.0, 22.66, 9999.0, 22.66, 22.5, 22.25, 22.25, 22.25
2026-08-23, 02:00:59, 22.27, 22.5, 22.75, 22.75, 9999.0, 9999.0, 9999.0, 23.89, 9999.0, 22.66, 9999.0, 22.68, 22.5, 22.25, 22.25, 22.25
2026-08-23, 02:01:03, 22.25, 22.5, 22.75, 22.75, 9999.0, 9999.0, 9999.0, 23.86, 9999.0, 22.66, 9999.0, 22.7, 22.5, 22.25, 22.25, 22.25
2026-08-23, 02:01:07, 22.25, 22.5, 22.75, 22.75, 9999.0, 9999.0, 9999.0, 23.84, 9999.0, 22.66, 9999.0, 22.73, 22.5, 22.25, 22.25, 22.25
2026-08-23, 02:01:11, 22.25, 22.5, 22.75, 22.75, 9999.0, 9999.0, 9999.0, 23.8, 9999.0, 22.66, 9999.0, 22.75, 22.5, 22.25, 22.25, 22.25
2026-08-23, 02:01:15, 22.25, 22.5, 22.75, 22.75, 9999.0, 9999.0, 9999.0, 23.84, 9999.0, 22.66, 9999.0, 22.77, 22.5, 22.25, 22.25, 22.25
2026-08-23, 02:01:19, 22.25, 22.5, 22.75, 22.75, 9999.0, 9999.0, 9999.0, 23.86, 9999.0, 22.68, 9999.0, 22.77, 22.5, 22.25, 22.25, 22.25
2026-08-23, 02:01:23, 22.25, 22.5, 22.75, 22.75, 9999.0, 9999.0, 9999.0, 23.89, 9999.0, 22.7, 9999.0, 22.75, 22.5, 22.25, 22.25, 22.25
2026-08-23, 02:01:27, 22.25, 22.5, 22.75, 22.75, 9999.0, 9999.0, 9999.0, 23.93, 9999.0, 22.7, 9999.0, 22.73, 22.5, 22.25, 22.25, 22.25
2026-08-23, 02:01:31, 22.25, 22.5, 22.75, 22.75, 9999.0, 9999.0, 9999.0, 23.98, 9999.0, 22.73, 9999.0, 22.68, 22.5, 22.25, 22.25, 22.25
2026-08-23, 02:01:35, 22.25, 22.5, 22.75, 22.75, 9999.0, 9999.0, 9999.0, 24.0, 9999.0, 22.75, 9999.0, 22.66, 22.5, 22.25, 22.25, 22.25
2026-08-23, 02:01:39, 22.25, 22.5, 22.75, 22.75, 9999.0, 9999.0, 9999.0, 24.02, 9999.0, 22.75, 9999.0, 22.64, 22.5, 22.25, 22.25, 22.25
2026-08-23, 02:01:43, 22.25, 22.5, 22.75, 22.75, 9999.0, 9999.0, 9999.0, 24.07, 9999.0, 22.75, 9999.0, 22.61, 22.5, 22.25, 22.25, 22.25
2026-08-23, 02:01:47, 22.25, 22.5, 22.75, 22.75, 9999.0, 9999.0, 9999.0, 24.09, 9999.0, 22.75, 9999.0, 22.59, 22.5, 22.25, 22.25, 22.25
2026-08-23, 02:01:51, 22.25, 22.5, 22.75, 22.75, 9999.0, 9999.0, 9999.0, 24.11, 9999.0, 22.73, 9999.0, 22.57, 22.5, 22.25, 22.25, 22.25
2026-08-23, 02:01:55, 22.25, 22.5, 22.75, 22.75, 9999.0, 9999.0, 9999.0, 24.16, 9999.0, 22.7, 9999.0, 22.57, 22.5, 22.25, 22.25, 22.25
2026-08-23, 02:01:59, 22.25, 22.5, 22.75, 22.75, 9999.0, 9999.0, 9999.0, 24.11, 9999.0, 22.68, 9999.0, 22.57, 22.5, 22.25, 22.25, 22.25
2026-08-23, 02:02:03, 22.25, 22.5, 22.75, 22.75, 9999.0, 9999.0, 9999.0, 24.09, 9999.0, 22.66, 9999.0, 22.57, 22.5, 22.25, 22.25, 22.25
2026-08-23, 02:02:07, 22.25, 22.5, 22.75, 22.75, 9999.0, 9999.0, 9999.0, 24.05, 9999.0, 22.64, 9999.0, 22.59, 22.5, 22.25, 22.25, 22.25
2026-08-23, 02:02:12, 22.25, 22.5, 22.75, 22.75, 9999.0, 9999.0, 9999.0, 24.0, 9999.0, 22.64, 9999.0, 22.61, 22.5, 22.25, 22.25, 22.25
2026-08-23, 02:02:16, 22.25, 22.5, 22.75, 22.75, 9999.0, 9999.0, 9999.0, 23.95, 9999.0, 22.64, 9999.0, 22.64, 22.5, 22.25, 22.25, 22.25
2026-08-23, 02:02:20, 22.25, 22.5, 22.75, 22.75, 9999.0, 9999.0, 9999.0, 23.93, 9999.0, 22.64, 9999.0, 22.66, 22.5, 22.25, 22.25, 22.25
2026-08-23, 02:02:24, 22.25, 22.5, 22.75, 22.75, 9999.0, 9999.0, 9999.0, 23.89, 9999.0, 22.66, 9999.0, 22.68, 22.5, 22.25, 22.25, 22.25
2026-08-23, 02:02:28, 22.25, 22.5, 22.75, 22.75, 9999.0, 9999.0, 9999.0, 23.82, 9999.0, 22.66, 9999.0, 22.7, 22.5, 22.25, 22.25, 22.25
2026-08-23, 02:02:32, 22.25, 22.5, 22.75, 22.75, 9999.0, 9999.0, 9999.0, 23.86, 9999.0, 22.66, 9999.0, 22.73, 22.5, 22.25, 22.25, 22.25
2026-08-23, 02:02:36, 22.25, 22.5, 22.75, 22.75, 9999.0, 9999.0, 9999.0, 23.91, 9999.0, 22.68, 9999.0, 22.75, 22.5, 22.25, 22.25, 22.25
2026-08-23, 02:02:40, 22.25, 22.5, 22.75, 22.75, 9999.0, 9999.0, 9999.0, 23.93, 9999.0, 22.7, 9999.0, 22.75, 22.5, 22.25, 22.25, 22.25
2026-08-23, 02:02:44, 22.25, 22.5, 22.75, 22.75, 9999.0, 9999.0, 9999.0, 23.95, 9999.0, 22.73, 9999.0, 22.75, 22.5, 22.25, 22.25, 22.25
2026-08-23, 02:02:48, 22.25, 22.5, 22.75, 22.75, 9999.0, 9999.0, 9999.0, 23.98, 9999.0, 22.75, 9999.0, 22.73, 22.5, 22.25, 22.25, 22.25
2026-08-23, 02:02:52, 22.25, 22.5, 22.75, 22.75, 9999.0, 9999.0, 9999.0, 24.0, 9999.0, 22.77, 9999.0, 22.7, 22.5, 22.25, 22.25, 22.25
2026-08-23, 02:02:56, 22.25, 22.5, 22.75, 22.75, 9999.0, 9999.0, 9999.0, 24.02, 9999.0, 22.77, 9999.0, 22.68, 22.5, 22.25, 22.25, 22.25
2026-08-23, 02:03:00, 22.25, 22.5, 22.75, 22.75, 9999.0, 9999.0, 9999.0, 24.07, 9999.0, 22.77, 9999.0, 22.68, 22.5, 22.25, 22.25, 22.25
2026-08-23, 02:03:04, 22.25, 22.5, 22.75, 22.75, 9999.0, 9999.0, 9999.0, 24.09, 9999.0, 22.77, 9999.0, 22.66, 22.48, 22.25, 22.25, 22.25
2026-08-23, 02:03:08, 22.25, 22.5, 22.75, 22.75, 9999.0, 9999.0, 9999.0, 24.14, 9999.0, 22.75, 9999.0, 22.66, 22.48, 22.25, 22.25, 22.25
2026-08-23, 02:03:12, 22.25, 22.5, 22.75, 22.75, 9999.0, 9999.0, 9999.0, 24.18, 9999.0, 22.73, 9999.0, 22.66, 22.48, 22.25, 22.25, 22.25
2026-08-23, 02:03:16, 22.25, 22.5, 22.75, 22.75, 9999.0, 9999.0, 9999.0, 24.14, 9999.0, 22.7, 9999.0, 22.66, 22.48, 22.25, 22.25, 22.25
2026-08-23, 02:03:20, 22.25, 22.5, 22.75, 22.75, 9999.0, 9999.0, 9999.0, 24.07, 9999.0, 22.68, 9999.0, 22.66, 22.48, 22.25, 22.25, 22.25
2026-08-23, 02:03:24, 22.25, 22.5, 22.75, 22.75, 9999.0, 9999.0, 9999.0, 24.02, 9999.0, 22.66, 9999.0, 22.66, 22.48, 22.25, 22.25, 22.25
2026-08-23, 02:03:28, 22.25, 22.5, 22.75, 22.75, 9999.0, 9999.0, 9999.0, 23.98, 9999.0, 22.66, 9999.0, 22.66, 22.48, 22.25, 22.25, 22.25
2026-08-23, 02:03:32, 22.25, 22.5, 22.75, 22.75, 9999.0, 9999.0, 9999.0, 23.93, 9999.0, 22.66, 9999.0, 22.68, 22.48, 22.25, 22.25, 22.25
2026-08-23, 02:03:36, 22.25, 22.5, 22.75, 22.75, 9999.0, 9999.0, 9999.0, 23.91, 9999.0, 22.68, 9999.0, 22.7, 22.48, 22.25, 22.25, 22.25
2026-08-23, 02:03:40, 22.25, 22.5, 22.75, 22.75, 9999.0, 9999.0, 9999.0, 23.89, 9999.0, 22.7, 9999.0, 22.73, 22.48, 22.25, 22.25, 22.25
2026-08-23, 02:03:44, 22.25, 22.5, 22.75, 22.75, 9999.0, 9999.0, 9999.0, 23.84, 9999.0, 22.73, 9999.0, 22.73, 22.48, 22.25, 22.25, 22.25
2026-08-23, 02:03:48, 22.25, 22.5, 22.75, 22.75, 9999.0, 9999.0, 9999.0, 23.89, 9999.0, 22.75, 9999.0, 22.75, 22.5, 22.25, 22.25, 22.25
2026-08-23, 02:03:52, 22.25, 22.5, 22.75, 22.75, 9999.0, 9999.0, 9999.0, 23.91, 9999.0, 22.75, 9999.0, 22.75, 22.5, 22.25, 22.25, 22.25
2026-08-23, 02:03:56, 22.25, 22.5, 22.75, 22.75, 9999.0, 9999.0, 9999.0, 23.93, 9999.0, 22.77, 9999.0, 22.75, 22.5, 22.25, 22.25, 22.25
2026-08-23, 02:04:00, 22.25, 22.5, 22.75, 22.75, 9999.0, 9999.0, 9999.0, 23.95, 9999.0, 22.8, 9999.0, 22.73, 22.5, 22.25, 22.25, 22.25
2026-08-23, 02:04:04, 22.25, 22.5, 22.75, 22.75, 9999.0, 9999.0, 9999.0, 24.0, 9999.0, 22.82, 9999.0, 22.7, 22.5, 22.25, 22.25, 22.25
2026-08-23, 02:04:08, 22.27, 22.5, 22.75, 22.75, 9999.0, 9999.0, 9999.0, 24.05, 9999.0, 22.84, 9999.0, 22.68, 22.5, 22.25, 22.25, 22.25
2026-08-23, 02:04:12, 22.27, 22.5, 22.75, 22.75, 9999.0, 9999.0, 9999.0, 24.07, 9999.0, 22.84, 9999.0, 22.66, 22.5, 22.25, 22.25, 22.25
2026-08-23, 02:04:16, 22.27, 22.5, 22.75, 22.75, 9999.0, 9999.0, 9999.0, 24.09, 9999.0, 22.84, 9999.0, 22.64, 22.5, 22.25, 22.25, 22.25
2026-08-23, 02:04:20, 22.27, 22.5, 22.75, 22.75, 9999.0, 9999.0, 9999.0, 24.11, 9999.0, 22.82, 9999.0, 22.61, 22.5, 22.25, 22.25, 22.25
2026-08-23, 02:04:24, 22.27, 22.5, 22.75, 22.75, 9999.0, 9999.0, 9999.0, 24.14, 9999.0, 22.8, 9999.0, 22.61, 22.5, 22.25, 22.25, 22.25
2026-08-23, 02:04:28, 22.27, 22.5, 22.75, 22.75, 9999.0, 9999.0, 9999.0, 24.16, 9999.0, 22.77, 9999.0, 22.61, 22.5, 22.25, 22.25, 22.25
2026-08-23, 02:04:32, 22.27, 22.5, 22.75, 22.75, 9999.0, 9999.0, 9999.0, 24.09, 9999.0, 22.75, 9999.0, 22.61, 22.5, 22.25, 22.25, 22.25
2026-08-23, 02:04:36, 22.27, 22.5, 22.75, 22.75, 9999.0, 9999.0, 9999.0, 24.05, 9999.0, 22.73, 9999.0, 22.61, 22.5, 22.25, 22.25, 22.25
2026-08-23, 02:04:40, 22.27, 22.5, 22.75, 22.75, 9999.0, 9999.0, 9999.0, 24.02, 9999.0, 22.7, 9999.0, 22.61, 22.5, 22.25, 22.25, 22.25
2026-08-23, 02:04:44, 22.27, 22.5, 22.75, 22.75, 9999.0, 9999.0, 9999.0, 23.98, 9999.0, 22.7, 9999.0, 22.64, 22.5, 22.25, 22.25, 22.25
2026-08-23, 02:04:48, 22.27, 22.5, 22.75, 22.75, 9999.0, 9999.0, 9999.0, 23.93, 9999.0, 22.7, 9999.0, 22.66, 22.5, 22.25, 22.25, 22.25
2026-08-23, 02:04:52, 22.25, 22.5, 22.75, 22.75, 9999.0, 9999.0, 9999.0, 23.89, 9999.0, 22.7, 9999.0, 22.68, 22.5, 22.25, 22.25, 22.25
2026-08-23, 02:04:56, 22.25, 22.5, 22.75, 22.75, 9999.0, 9999.0, 9999.0, 23.86, 9999.0, 22.73, 9999.0, 22.7, 22.5, 22.25, 22.25, 22.25
2026-08-23, 02:05:00, 22.25, 22.5, 22.75, 22.75, 9999.0, 9999.0, 9999.0, 23.84, 9999.0, 22.73, 9999.0, 22.73, 22.5, 22.25, 22.25, 22.25
2026-08-23, 02:05:04, 22.25, 22.5, 22.75, 22.75, 9999.0, 9999.0, 9999.0, 23.89, 9999.0, 22.73, 9999.0, 22.75, 22.5, 22.25, 22.25, 22.25
2026-08-23, 02:05:08, 22.25, 22.5, 22.75, 22.75, 9999.0, 9999.0, 9999.0, 23.91, 9999.0, 22.73, 9999.0, 22.75, 22.5, 22.25, 22.25, 22.25
2026-08-23, 02:05:12, 22.25, 22.5, 22.75, 22.75, 9999.0, 9999.0, 9999.0, 23.93, 9999.0, 22.73, 9999.0, 22.73, 22.5, 22.25, 22.25, 22.25
2026-08-23, 02:05:16, 22.25, 22.5, 22.75, 22.75, 9999.0, 9999.0, 9999.0, 23.98, 9999.0, 22.73, 9999.0, 22.73, 22.5, 22.25, 22.25, 22.25
2026-08-23, 02:05:20, 22.25, 22.5, 22.75, 22.75, 9999.0, 9999.0, 9999.0, 24.0, 9999.0, 22.75, 9999.0, 22.7, 22.5, 22.25, 22.25, 22.23
2026-08-23, 02:05:24, 22.25, 22.5, 22.75, 22.75, 9999.0, 9999.0, 9999.0, 24.02, 9999.0, 22.77, 9999.0, 22.68, 22.5, 22.25, 22.25, 22.23
2026-08-23, 02:05:28, 22.27, 22.5, 22.75, 22.75, 9999.0, 9999.0, 9999.0, 24.05, 9999.0, 22.77, 9999.0, 22.66, 22.5, 22.25, 22.25, 22.23
2026-08-23, 02:05:32, 22.27, 22.5, 22.75, 22.75, 9999.0, 9999.0, 9999.0, 24.07, 9999.0, 22.75, 9999.0, 22.64, 22.5, 22.25, 22.25, 22.23
2026-08-23, 02:05:36, 22.27, 22.5, 22.75, 22.75, 9999.0, 9999.0, 9999.0, 24.09, 9999.0, 22.75, 9999.0, 22.61, 22.5, 22.25, 22.25, 22.23
2026-08-23, 02:05:40, 22.27, 22.5, 22.75, 22.75, 9999.0, 9999.0, 9999.0, 24.11, 9999.0, 22.7, 9999.0, 22.61, 22.5, 22.25, 22.25, 22.23
2026-08-23, 02:05:44, 22.3, 22.5, 22.75, 22.75, 9999.0, 9999.0, 9999.0, 24.14, 9999.0, 22.68, 9999.0, 22.61, 22.5, 22.25, 22.25, 22.23
2026-08-23, 02:05:48, 22.3, 22.5, 22.75, 22.75, 9999.0, 9999.0, 9999.0, 24.09, 9999.0, 22.68, 9999.0, 22.61, 22.48, 22.25, 22.25, 22.23
2026-08-23, 02:05:52, 22.3, 22.5, 22.75, 22.75, 9999.0, 9999.0, 9999.0, 24.07, 9999.0, 22.66, 9999.0, 22.61, 22.48, 22.25, 22.25, 22.23
2026-08-23, 02:05:56, 22.3, 22.5, 22.75, 22.75, 9999.0, 9999.0, 9999.0, 24.02, 9999.0, 22.64, 9999.0, 22.64, 22.48, 22.25, 22.25, 22.23
2026-08-23, 02:06:01, 22.3, 22.5, 22.75, 22.75, 9999.0, 9999.0, 9999.0, 23.98, 9999.0, 22.61, 9999.0, 22.64, 22.48, 22.25, 22.25, 22.23
2026-08-23, 02:06:05, 22.3, 22.5, 22.75, 22.75, 9999.0, 9999.0, 9999.0, 23.95, 9999.0, 22.61, 9999.0, 22.66, 22.48, 22.25, 22.25, 22.25
2026-08-23, 02:06:09, 22.3, 22.5, 22.75, 22.75, 9999.0, 9999.0, 9999.0, 23.91, 9999.0, 22.59, 9999.0, 22.68, 22.48, 22.25, 22.25, 22.25
2026-08-23, 02:06:13, 22.27, 22.5, 22.75, 22.75, 9999.0, 9999.0, 9999.0, 23.89, 9999.0, 22.59, 9999.0, 22.7, 22.48, 22.25, 22.25, 22.25
2026-08-23, 02:06:17, 22.27, 22.5, 22.75, 22.75, 9999.0, 9999.0, 9999.0, 23.86, 9999.0, 22.61, 9999.0, 22.73, 22.48, 22.25, 22.25, 22.25
2026-08-23, 02:06:21, 22.27, 22.5, 22.75, 22.75, 9999.0, 9999.0, 9999.0, 23.84, 9999.0, 22.61, 9999.0, 22.73, 22.48, 22.25, 22.25, 22.25
2026-08-23, 02:06:25, 22.27, 22.5, 22.75, 22.75, 9999.0, 9999.0, 9999.0, 23.89, 9999.0, 22.64, 9999.0, 22.7, 22.48, 22.25, 22.25, 22.25
2026-08-23, 02:06:29, 22.25, 22.5, 22.75, 22.75, 9999.0, 9999.0, 9999.0, 23.93, 9999.0, 22.66, 9999.0, 22.7, 22.48, 22.25, 22.25, 22.25
2026-08-23, 02:06:33, 22.25, 22.5, 22.75, 22.75, 9999.0, 9999.0, 9999.0, 23.98, 9999.0, 22.64, 9999.0, 22.7, 22.5, 22.25, 22.25, 22.25
2026-08-23, 02:06:37, 22.25, 22.5, 22.75, 22.75, 9999.0, 9999.0, 9999.0, 24.0, 9999.0, 22.64, 9999.0, 22.68, 22.5, 22.25, 22.25, 22.25
2026-08-23, 02:06:41, 22.25, 22.5, 22.75, 22.75, 9999.0, 9999.0, 9999.0, 24.02, 9999.0, 22.64, 9999.0, 22.66, 22.5, 22.25, 22.25, 22.25
2026-08-23, 02:06:45, 22.25, 22.5, 22.75, 22.75, 9999.0, 9999.0, 9999.0, 24.05, 9999.0, 22.64, 9999.0, 22.64, 22.5, 22.25, 22.25, 22.23
2026-08-23, 02:06:49, 22.25, 22.5, 22.75, 22.75, 9999.0, 9999.0, 9999.0, 24.07, 9999.0, 22.61, 9999.0, 22.61, 22.5, 22.25, 22.25, 22.23
2026-08-23, 02:06:53, 22.25, 22.5, 22.75, 22.75, 9999.0, 9999.0, 9999.0, 24.09, 9999.0, 22.61, 9999.0, 22.59, 22.5, 22.25, 22.25, 22.23
2026-08-23, 02:06:57, 22.25, 22.5, 22.75, 22.75, 9999.0, 9999.0, 9999.0, 24.11, 9999.0, 22.59, 9999.0, 22.57, 22.5, 22.25, 22.25, 22.23
2026-08-23, 02:07:01, 22.25, 22.5, 22.75, 22.75, 9999.0, 9999.0, 9999.0, 24.14, 9999.0, 22.57, 9999.0, 22.57, 22.5, 22.25, 22.25, 22.23
2026-08-23, 02:07:05, 22.25, 22.5, 22.75, 22.75, 9999.0, 9999.0, 9999.0, 24.16, 9999.0, 22.55, 9999.0, 22.59, 22.48, 22.25, 22.25, 22.23
2026-08-23, 02:07:09, 22.25, 22.5, 22.75, 22.75, 9999.0, 9999.0, 9999.0, 24.11, 9999.0, 22.52, 9999.0, 22.61, 22.48, 22.25, 22.25, 22.23
2026-08-23, 02:07:13, 22.25, 22.5, 22.75, 22.75, 9999.0, 9999.0, 9999.0, 24.07, 9999.0, 22.48, 9999.0, 22.61, 22.48, 22.25, 22.25, 22.23
2026-08-23, 02:07:17, 22.27, 22.5, 22.75, 22.75, 9999.0, 9999.0, 9999.0, 24.0, 9999.0, 22.45, 9999.0, 22.61, 22.48, 22.25, 22.25, 22.23
2026-08-23, 02:07:21, 22.3, 22.5, 22.75, 22.75, 9999.0, 9999.0, 9999.0, 23.95, 9999.0, 22.45, 9999.0, 22.64, 22.48, 22.25, 22.25, 22.23
2026-08-23, 02:07:25, 22.3, 22.48, 22.75, 22.75, 9999.0, 9999.0, 9999.0, 23.93, 9999.0, 22.45, 9999.0, 22.66, 22.48, 22.25, 22.25, 22.23
2026-08-23, 02:07:29, 22.3, 22.48, 22.75, 22.75, 9999.0, 9999.0, 9999.0, 23.89, 9999.0, 22.45, 9999.0, 22.68, 22.48, 22.25, 22.25, 22.25
2026-08-23, 02:07:33, 22.3, 22.48, 22.75, 22.75, 9999.0, 9999.0, 9999.0, 23.84, 9999.0, 22.48, 9999.0, 22.7, 22.48, 22.25, 22.25, 22.25
2026-08-23, 02:07:37, 22.3, 22.48, 22.75, 22.75, 9999.0, 9999.0, 9999.0, 23.8, 9999.0, 22.48, 9999.0, 22.73, 22.48, 22.25, 22.25, 22.25
2026-08-23, 02:07:41, 22.3, 22.48, 22.75, 22.75, 9999.0, 9999.0, 9999.0, 23.82, 9999.0, 22.48, 9999.0, 22.75, 22.48, 22.25, 22.25, 22.25
2026-08-23, 02:07:45, 22.3, 22.48, 22.75, 22.75, 9999.0, 9999.0, 9999.0, 23.84, 9999.0, 22.48, 9999.0, 22.75, 22.48, 22.25, 22.25, 22.25
2026-08-23, 02:07:49, 22.3, 22.48, 22.75, 22.75, 9999.0, 9999.0, 9999.0, 23.86, 9999.0, 22.48, 9999.0, 22.75, 22.5, 22.23, 22.25, 22.25
2026-08-23, 02:07:53, 22.3, 22.48, 22.75, 22.75, 9999.0, 9999.0, 9999.0, 23.89, 9999.0, 22.48, 9999.0, 22.73, 22.5, 22.23, 22.25, 22.25
2026-08-23, 02:07:57, 22.32, 22.45, 22.75, 22.75, 9999.0, 9999.0, 9999.0, 23.89, 9999.0, 22.5, 9999.0, 22.7, 22.5, 22.23, 22.25, 22.25
2026-08-23, 02:08:01, 22.3, 22.45, 22.75, 22.75, 9999.0, 9999.0, 9999.0, 23.91, 9999.0, 22.5, 9999.0, 22.68, 22.5, 22.23, 22.25, 22.25
2026-08-23, 02:08:05, 22.27, 22.45, 22.75, 22.75, 9999.0, 9999.0, 9999.0, 23.93, 9999.0, 22.5, 9999.0, 22.66, 22.5, 22.23, 22.25, 22.25
2026-08-23, 02:08:09, 22.27, 22.48, 22.75, 22.75, 9999.0, 9999.0, 9999.0, 23.95, 9999.0, 22.48, 9999.0, 22.64, 22.5, 22.23, 22.25, 22.25
2026-08-23, 02:08:13, 22.27, 22.48, 22.75, 22.75, 9999.0, 9999.0, 9999.0, 24.0, 9999.0, 22.48, 9999.0, 22.61, 22.48, 22.23, 22.25, 22.25
2026-08-23, 02:08:17, 22.27, 22.45, 22.75, 22.75, 9999.0, 9999.0, 9999.0, 24.02, 9999.0, 22.43, 9999.0, 22.61, 22.45, 22.23, 22.25, 22.25
2026-08-23, 02:08:21, 22.27, 22.43, 22.75, 22.75, 9999.0, 9999.0, 9999.0, 24.05, 9999.0, 22.41, 9999.0, 22.61, 22.45, 22.23, 22.25, 22.25
2026-08-23, 02:08:25, 22.27, 22.43, 22.75, 22.75, 9999.0, 9999.0, 9999.0, 24.0, 9999.0, 22.39, 9999.0, 22.61, 22.43, 22.23, 22.25, 22.23
2026-08-23, 02:08:29, 22.27, 22.41, 22.75, 22.75, 9999.0, 9999.0, 9999.0, 23.95, 9999.0, 22.36, 9999.0, 22.61, 22.43, 22.23, 22.25, 22.23
2026-08-23, 02:08:33, 22.27, 22.41, 22.75, 22.75, 9999.0, 9999.0, 9999.0, 23.91, 9999.0, 22.34, 9999.0, 22.61, 22.43, 22.25, 22.25, 22.23
2026-08-23, 02:08:37, 22.27, 22.41, 22.75, 22.75, 9999.0, 9999.0, 9999.0, 23.86, 9999.0, 22.32, 9999.0, 22.64, 22.43, 22.25, 22.25, 22.23
2026-08-23, 02:08:41, 22.25, 22.43, 22.75, 22.75, 9999.0, 9999.0, 9999.0, 23.82, 9999.0, 22.32, 9999.0, 22.66, 22.43, 22.25, 22.25, 22.23
2026-08-23, 02:08:45, 22.25, 22.43, 22.75, 22.75, 9999.0, 9999.0, 9999.0, 23.77, 9999.0, 22.32, 9999.0, 22.68, 22.43, 22.25, 22.25, 22.23
2026-08-23, 02:08:49, 22.25, 22.43, 22.75, 22.75, 9999.0, 9999.0, 9999.0, 23.73, 9999.0, 22.32, 9999.0, 22.7, 22.43, 22.25, 22.25, 22.23
2026-08-23, 02:08:53, 22.25, 22.43, 22.75, 22.75, 9999.0, 9999.0, 9999.0, 23.68, 9999.0, 22.34, 9999.0, 22.73, 22.43, 22.25, 22.25, 22.23
2026-08-23, 02:08:57, 22.25, 22.43, 22.75, 22.75, 9999.0, 9999.0, 9999.0, 23.64, 9999.0, 22.34, 9999.0, 22.75, 22.45, 22.25, 22.25, 22.23
2026-08-23, 02:09:01, 22.25, 22.45, 22.75, 22.75, 9999.0, 9999.0, 9999.0, 23.68, 9999.0, 22.36, 9999.0, 22.75, 22.48, 22.25, 22.25, 22.23
2026-08-23, 02:09:05, 22.25, 22.48, 22.75, 22.75, 9999.0, 9999.0, 9999.0, 23.73, 9999.0, 22.36, 9999.0, 22.75, 22.48, 22.25, 22.25, 22.23
2026-08-23, 02:09:09, 22.25, 22.45, 22.75, 22.75, 9999.0, 9999.0, 9999.0, 23.75, 9999.0, 22.36, 9999.0, 22.73, 22.5, 22.25, 22.25, 22.25
2026-08-23, 02:09:13, 22.27, 22.48, 22.75, 22.75, 9999.0, 9999.0, 9999.0, 23.77, 9999.0, 22.36, 9999.0, 22.7, 22.5, 22.25, 22.25, 22.25
2026-08-23, 02:09:17, 22.27, 22.45, 22.75, 22.75, 9999.0, 9999.0, 9999.0, 23.8, 9999.0, 22.36, 9999.0, 22.68, 22.5, 22.25, 22.25, 22.25
2026-08-23, 02:09:21, 22.27, 22.43, 22.75, 22.75, 9999.0, 9999.0, 9999.0, 23.8, 9999.0, 22.36, 9999.0, 22.66, 22.5, 22.25, 22.25, 22.25
2026-08-23, 02:09:25, 22.27, 22.43, 22.75, 22.75, 9999.0, 9999.0, 9999.0, 23.82, 9999.0, 22.32, 9999.0, 22.64, 22.5, 22.25, 22.25, 22.25
2026-08-23, 02:09:29, 22.27, 22.43, 22.75, 22.75, 9999.0, 9999.0, 9999.0, 23.84, 9999.0, 22.32, 9999.0, 22.61, 22.5, 22.25, 22.25, 22.25
2026-08-23, 02:09:33, 22.27, 22.43, 22.75, 22.75, 9999.0, 9999.0, 9999.0, 23.86, 9999.0, 22.3, 9999.0, 22.59, 22.48, 22.25, 22.25, 22.25
2026-08-23, 02:09:37, 22.27, 22.43, 22.75, 22.75, 9999.0, 9999.0, 9999.0, 23.89, 9999.0, 22.27, 9999.0, 22.59, 22.45, 22.25, 22.25, 22.25
2026-08-23, 02:09:41, 22.27, 22.43, 22.75, 22.75, 9999.0, 9999.0, 9999.0, 23.91, 9999.0, 22.25, 9999.0, 22.59, 22.43, 22.25, 22.25, 22.25
2026-08-23, 02:09:45, 22.27, 22.43, 22.75, 22.75, 9999.0, 9999.0, 9999.0, 23.86, 9999.0, 22.23, 9999.0, 22.59, 22.43, 22.25, 22.25, 22.25
2026-08-23, 02:09:49, 22.27, 22.41, 22.75, 22.75, 9999.0, 9999.0, 9999.0, 23.82, 9999.0, 22.23, 9999.0, 22.59, 22.43, 22.25, 22.25, 22.25
2026-08-23, 02:09:54, 22.27, 22.43, 22.75, 22.75, 9999.0, 9999.0, 9999.0, 23.8, 9999.0, 22.2, 9999.0, 22.61, 22.43, 22.25, 22.25, 22.25
2026-08-23, 02:09:58, 22.25, 22.43, 22.75, 22.75, 9999.0, 9999.0, 9999.0, 23.77, 9999.0, 22.2, 9999.0, 22.64, 22.43, 22.25, 22.25, 22.25
2026-08-23, 02:10:02, 22.25, 22.45, 22.75, 22.75, 9999.0, 9999.0, 9999.0, 23.73, 9999.0, 22.2, 9999.0, 22.66, 22.43, 22.25, 22.25, 22.25
2026-08-23, 02:10:06, 22.25, 22.45, 22.75, 22.75, 9999.0, 9999.0, 9999.0, 23.7, 9999.0, 22.2, 9999.0, 22.68, 22.43, 22.25, 22.25, 22.25
2026-08-23, 02:10:10, 22.25, 22.45, 22.75, 22.75, 9999.0, 9999.0, 9999.0, 23.68, 9999.0, 22.25, 9999.0, 22.7, 22.43, 22.25, 22.25, 22.25
2026-08-23, 02:10:14, 22.25, 22.43, 22.75, 22.75, 9999.0, 9999.0, 9999.0, 23.66, 9999.0, 22.27, 9999.0, 22.73, 22.43, 22.25, 22.25, 22.25
2026-08-23, 02:10:18, 22.25, 22.43, 22.75, 22.75, 9999.0, 9999.0, 9999.0, 23.7, 9999.0, 22.27, 9999.0, 22.75, 22.45, 22.25, 22.25, 22.25
2026-08-23, 02:10:22, 22.25, 22.43, 22.75, 22.75, 9999.0, 9999.0, 9999.0, 23.75, 9999.0, 22.27, 9999.0, 22.75, 22.48, 22.25, 22.25, 22.25
2026-08-23, 02:10:26, 22.27, 22.43, 22.75, 22.75, 9999.0, 9999.0, 9999.0, 23.77, 9999.0, 22.27, 9999.0, 22.75, 22.5, 22.25, 22.25, 22.25
2026-08-23, 02:10:30, 22.27, 22.43, 22.75, 22.75, 9999.0, 9999.0, 9999.0, 23.8, 9999.0, 22.27, 9999.0, 22.75, 22.5, 22.23, 22.25, 22.25
2026-08-23, 02:10:34, 22.27, 22.43, 22.75, 22.75, 9999.0, 9999.0, 9999.0, 23.8, 9999.0, 22.27, 9999.0, 22.73, 22.48, 22.23, 22.25, 22.25
2026-08-23, 02:10:38, 22.27, 22.41, 22.75, 22.75, 9999.0, 9999.0, 9999.0, 23.8, 9999.0, 22.3, 9999.0, 22.7, 22.48, 22.23, 22.25, 22.25
2026-08-23, 02:10:42, 22.27, 22.41, 22.75, 22.75, 9999.0, 9999.0, 9999.0, 23.8, 9999.0, 22.3, 9999.0, 22.68, 22.48, 22.23, 22.25, 22.25
2026-08-23, 02:10:46, 22.27, 22.39, 22.75, 22.75, 9999.0, 9999.0, 9999.0, 23.82, 9999.0, 22.3, 9999.0, 22.66, 22.48, 22.23, 22.25, 22.25
2026-08-23, 02:10:50, 22.27, 22.41, 22.75, 22.75, 9999.0, 9999.0, 9999.0, 23.84, 9999.0, 22.3, 9999.0, 22.64, 22.48, 22.23, 22.25, 22.25
2026-08-23, 02:10:54, 22.27, 22.41, 22.75, 22.75, 9999.0, 9999.0, 9999.0, 23.86, 9999.0, 22.27, 9999.0, 22.64, 22.48, 22.23, 22.25, 22.25
2026-08-23, 02:10:58, 22.27, 22.43, 22.75, 22.75, 9999.0, 9999.0, 9999.0, 23.89, 9999.0, 22.25, 9999.0, 22.64, 22.45, 22.23, 22.25, 22.25
2026-08-23, 02:11:02, 22.27, 22.43, 22.75, 22.75, 9999.0, 9999.0, 9999.0, 23.84, 9999.0, 22.23, 9999.0, 22.64, 22.45, 22.23, 22.25, 22.25
2026-08-23, 02:11:06, 22.27, 22.43, 22.75, 22.75, 9999.0, 9999.0, 9999.0, 23.77, 9999.0, 22.2, 9999.0, 22.64, 22.45, 22.23, 22.25, 22.25
2026-08-23, 02:11:10, 22.25, 22.41, 22.75, 22.75, 9999.0, 9999.0, 9999.0, 23.73, 9999.0, 22.18, 9999.0, 22.64, 22.45, 22.23, 22.25, 22.25
2026-08-23, 02:11:14, 22.25, 22.41, 22.75, 22.75, 9999.0, 9999.0, 9999.0, 23.68, 9999.0, 22.18, 9999.0, 22.64, 22.45, 22.25, 22.25, 22.25
2026-08-23, 02:11:18, 22.25, 22.43, 22.75, 22.75, 9999.0, 9999.0, 9999.0, 23.66, 9999.0, 22.18, 9999.0, 22.66, 22.48, 22.25, 22.25, 22.25
2026-08-23, 02:11:22, 22.25, 22.45, 22.75, 22.75, 9999.0, 9999.0, 9999.0, 23.64, 9999.0, 22.18, 9999.0, 22.68, 22.48, 22.25, 22.25, 22.25
2026-08-23, 02:11:26, 22.25, 22.45, 22.75, 22.75, 9999.0, 9999.0, 9999.0, 23.61, 9999.0, 22.2, 9999.0, 22.7, 22.48, 22.25, 22.25, 22.25
2026-08-23, 02:11:30, 22.25, 22.45, 22.75, 22.75, 9999.0, 9999.0, 9999.0, 23.57, 9999.0, 22.23, 9999.0, 22.73, 22.48, 22.25, 22.25, 22.25
2026-08-23, 02:11:34, 22.25, 22.45, 22.75, 22.75, 9999.0, 9999.0, 9999.0, 23.52, 9999.0, 22.25, 9999.0, 22.75, 22.48, 22.25, 22.25, 22.25
2026-08-23, 02:11:38, 22.27, 22.45, 22.75, 22.75, 9999.0, 9999.0, 9999.0, 23.55, 9999.0, 22.27, 9999.0, 22.75, 22.48, 22.25, 22.25, 22.25
2026-08-23, 02:11:42, 22.27, 22.45, 22.75, 22.75, 9999.0, 9999.0, 9999.0, 23.57, 9999.0, 22.27, 9999.0, 22.75, 22.5, 22.25, 22.25, 22.25
2026-08-23, 02:11:46, 22.27, 22.45, 22.75, 22.75, 9999.0, 9999.0, 9999.0, 23.59, 9999.0, 22.32, 9999.0, 22.75, 22.5, 22.25, 22.25, 22.25
2026-08-23, 02:11:50, 22.27, 22.45, 22.75, 22.75, 9999.0, 9999.0, 9999.0, 23.64, 9999.0, 22.36, 9999.0, 22.73, 22.5, 22.25, 22.25, 22.25
2026-08-23, 02:11:54, 22.27, 22.48, 22.75, 22.75, 9999.0, 9999.0, 9999.0, 23.66, 9999.0, 22.39, 9999.0, 22.7, 22.5, 22.25, 22.25, 22.25
2026-08-23, 02:11:58, 22.27, 22.48, 22.75, 22.75, 9999.0, 9999.0, 9999.0, 23.68, 9999.0, 22.39, 9999.0, 22.68, 22.5, 22.25, 22.25, 22.25
2026-08-23, 02:12:02, 22.27, 22.48, 22.75, 22.75, 9999.0, 9999.0, 9999.0, 23.7, 9999.0, 22.39, 9999.0, 22.66, 22.5, 22.25, 22.25, 22.25
2026-08-23, 02:12:06, 22.27, 22.48, 22.75, 22.75, 9999.0, 9999.0, 9999.0, 23.73, 9999.0, 22.39, 9999.0, 22.64, 22.5, 22.25, 22.25, 22.25
2026-08-23, 02:12:10, 22.27, 22.48, 22.75, 22.75, 9999.0, 9999.0, 9999.0, 23.75, 9999.0, 22.36, 9999.0, 22.61, 22.5, 22.25, 22.25, 22.25
2026-08-23, 02:12:14, 22.27, 22.5, 22.75, 22.75, 9999.0, 9999.0, 9999.0, 23.8, 9999.0, 22.34, 9999.0, 22.61, 22.5, 22.25, 22.25, 22.25
2026-08-23, 02:12:18, 22.27, 22.5, 22.75, 22.75, 9999.0, 9999.0, 9999.0, 23.84, 9999.0, 22.32, 9999.0, 22.61, 22.48, 22.25, 22.25, 22.25
2026-08-23, 02:12:22, 22.25, 22.5, 22.75, 22.75, 9999.0, 9999.0, 9999.0, 23.8, 9999.0, 22.3, 9999.0, 22.61, 22.48, 22.25, 22.25, 22.25
2026-08-23, 02:12:26, 22.25, 22.48, 22.75, 22.75, 9999.0, 9999.0, 9999.0, 23.75, 9999.0, 22.3, 9999.0, 22.61, 22.48, 22.25, 22.25, 22.25
2026-08-23, 02:12:30, 22.27, 22.48, 22.75, 22.75, 9999.0, 9999.0, 9999.0, 23.7, 9999.0, 22.27, 9999.0, 22.61, 22.48, 22.25, 22.25, 22.25
2026-08-23, 02:12:34, 22.27, 22.48, 22.75, 22.75, 9999.0, 9999.0, 9999.0, 23.66, 9999.0, 22.25, 9999.0, 22.64, 22.48, 22.25, 22.25, 22.25
2026-08-23, 02:12:38, 22.27, 22.48, 22.75, 22.75, 9999.0, 9999.0, 9999.0, 23.64, 9999.0, 22.25, 9999.0, 22.66, 22.48, 22.25, 22.25, 22.25
2026-08-23, 02:12:42, 22.27, 22.48, 22.75, 22.75, 9999.0, 9999.0, 9999.0, 23.61, 9999.0, 22.27, 9999.0, 22.68, 22.48, 22.25, 22.25, 22.25
2026-08-23, 02:12:46, 22.27, 22.48, 22.75, 22.75, 9999.0, 9999.0, 9999.0, 23.57, 9999.0, 22.3, 9999.0, 22.7, 22.48, 22.25, 22.25, 22.25
2026-08-23, 02:12:50, 22.27, 22.48, 22.75, 22.75, 9999.0, 9999.0, 9999.0, 23.55, 9999.0, 22.32, 9999.0, 22.73, 22.48, 22.25, 22.25, 22.25
2026-08-23, 02:12:54, 22.27, 22.48, 22.75, 22.75, 9999.0, 9999.0, 9999.0, 23.59, 9999.0, 22.32, 9999.0, 22.75, 22.48, 22.25, 22.25, 22.25
2026-08-23, 02:12:58, 22.27, 22.48, 22.75, 22.75, 9999.0, 9999.0, 9999.0, 23.64, 9999.0, 22.32, 9999.0, 22.75, 22.48, 22.25, 22.25, 22.25
2026-08-23, 02:13:02, 22.27, 22.48, 22.75, 22.75, 9999.0, 9999.0, 9999.0, 23.66, 9999.0, 22.34, 9999.0, 22.73, 22.5, 22.25, 22.25, 22.25
2026-08-23, 02:13:06, 22.27, 22.48, 22.75, 22.75, 9999.0, 9999.0, 9999.0, 23.7, 9999.0, 22.34, 9999.0, 22.7, 22.5, 22.25, 22.25, 22.25
2026-08-23, 02:13:10, 22.27, 22.5, 22.75, 22.75, 9999.0, 9999.0, 9999.0, 23.75, 9999.0, 22.34, 9999.0, 22.68, 22.5, 22.25, 22.25, 22.25
2026-08-23, 02:13:14, 22.25, 22.5, 22.75, 22.75, 9999.0, 9999.0, 9999.0, 23.77, 9999.0, 22.34, 9999.0, 22.66, 22.5, 22.25, 22.25, 22.25
2026-08-23, 02:13:18, 22.25, 22.5, 22.75, 22.75, 9999.0, 9999.0, 9999.0, 23.8, 9999.0, 22.34, 9999.0, 22.64, 22.5, 22.25, 22.25, 22.25
2026-08-23, 02:13:22, 22.25, 22.5, 22.75, 22.75, 9999.0, 9999.0, 9999.0, 23.82, 9999.0, 22.34, 9999.0, 22.61, 22.5, 22.25, 22.25, 22.25
2026-08-23, 02:13:26, 22.25, 22.5, 22.75, 22.75, 9999.0, 9999.0, 9999.0, 23.84, 9999.0, 22.34, 9999.0, 22.59, 22.5, 22.25, 22.25, 22.25
2026-08-23, 02:13:30, 22.25, 22.5, 22.77, 22.75, 9999.0, 9999.0, 9999.0, 23.89, 9999.0, 22.32, 9999.0, 22.59, 22.5, 22.25, 22.25, 22.25
2026-08-23, 02:13:34, 22.25, 22.5, 22.77, 22.75, 9999.0, 9999.0, 9999.0, 23.91, 9999.0, 22.3, 9999.0, 22.59, 22.5, 22.25, 22.25, 22.25
2026-08-23, 02:13:38, 22.25, 22.5, 22.77, 22.75, 9999.0, 9999.0, 9999.0, 23.86, 9999.0, 22.3, 9999.0, 22.59, 22.5, 22.25, 22.25, 22.25
2026-08-23, 02:13:43, 22.25, 22.5, 22.77, 22.75, 9999.0, 9999.0, 9999.0, 23.82, 9999.0, 22.3, 9999.0, 22.61, 22.5, 22.25, 22.25, 22.25
2026-08-23, 02:13:47, 22.25, 22.5, 22.77, 22.75, 9999.0, 9999.0, 9999.0, 23.8, 9999.0, 22.25, 9999.0, 22.66, 22.5, 22.25, 22.25, 22.25
2026-08-23, 02:13:51, 22.25, 22.5, 22.77, 22.75, 9999.0, 9999.0, 9999.0, 23.75, 9999.0, 22.25, 9999.0, 22.68, 22.5, 22.25, 22.25, 22.25
2026-08-23, 02:13:55, 22.25, 22.5, 22.77, 22.75, 9999.0, 9999.0, 9999.0, 23.7, 9999.0, 22.25, 9999.0, 22.7, 22.5, 22.25, 22.25, 22.25
2026-08-23, 02:13:59, 22.25, 22.5, 22.8, 22.75, 9999.0, 9999.0, 9999.0, 23.68, 9999.0, 22.25, 9999.0, 22.73, 22.5, 22.25, 22.25, 22.25
2026-08-23, 02:14:03, 22.27, 22.5, 22.82, 22.75, 9999.0, 9999.0, 9999.0, 23.66, 9999.0, 22.27, 9999.0, 22.75, 22.5, 22.25, 22.25, 22.25
2026-08-23, 02:14:07, 22.3, 22.5, 22.82, 22.75, 9999.0, 9999.0, 9999.0, 23.64, 9999.0, 22.3, 9999.0, 22.77, 22.5, 22.25, 22.25, 22.25
2026-08-23, 02:14:11, 22.3, 22.5, 22.82, 22.75, 9999.0, 9999.0, 9999.0, 23.68, 9999.0, 22.3, 9999.0, 22.8, 22.5, 22.25, 22.25, 22.25
2026-08-23, 02:14:15, 22.3, 22.5, 22.8, 22.75, 9999.0, 9999.0, 9999.0, 23.73, 9999.0, 22.32, 9999.0, 22.8, 22.5, 22.25, 22.25, 22.25
2026-08-23, 02:14:19, 22.3, 22.5, 22.8, 22.75, 9999.0, 9999.0, 9999.0, 23.75, 9999.0, 22.32, 9999.0, 22.8, 22.5, 22.25, 22.25, 22.25
2026-08-23, 02:14:23, 22.3, 22.5, 22.8, 22.75, 9999.0, 9999.0, 9999.0, 23.77, 9999.0, 22.32, 9999.0, 22.8, 22.5, 22.25, 22.25, 22.25
2026-08-23, 02:14:27, 22.3, 22.5, 22.8, 22.75, 9999.0, 9999.0, 9999.0, 23.8, 9999.0, 22.32, 9999.0, 22.75, 22.5, 22.25, 22.25, 22.25
2026-08-23, 02:14:31, 22.3, 22.5, 22.8, 22.75, 9999.0, 9999.0, 9999.0, 23.82, 9999.0, 22.34, 9999.0, 22.7, 22.5, 22.25, 22.25, 22.25
2026-08-23, 02:14:35, 22.3, 22.5, 22.8, 22.75, 9999.0, 9999.0, 9999.0, 23.86, 9999.0, 22.34, 9999.0, 22.68, 22.5, 22.25, 22.25, 22.25
2026-08-23, 02:14:39, 22.3, 22.5, 22.8, 22.75, 9999.0, 9999.0, 9999.0, 23.89, 9999.0, 22.34, 9999.0, 22.66, 22.5, 22.25, 22.25, 22.25
2026-08-23, 02:14:43, 22.3, 22.5, 22.77, 22.75, 9999.0, 9999.0, 9999.0, 23.93, 9999.0, 22.34, 9999.0, 22.64, 22.5, 22.25, 22.25, 22.25
2026-08-23, 02:14:47, 22.27, 22.5, 22.75, 22.75, 9999.0, 9999.0, 9999.0, 23.95, 9999.0, 22.32, 9999.0, 22.61, 22.5, 22.25, 22.25, 22.25
2026-08-23, 02:14:51, 22.25, 22.5, 22.75, 22.75, 9999.0, 9999.0, 9999.0, 23.98, 9999.0, 22.3, 9999.0, 22.61, 22.48, 22.25, 22.25, 22.25
2026-08-23, 02:14:55, 22.25, 22.5, 22.75, 22.75, 9999.0, 9999.0, 9999.0, 23.93, 9999.0, 22.27, 9999.0, 22.61, 22.48, 22.25, 22.25, 22.25
2026-08-23, 02:14:59, 22.25, 22.5, 22.75, 22.75, 9999.0, 9999.0, 9999.0, 23.89, 9999.0, 22.25, 9999.0, 22.61, 22.48, 22.25, 22.25, 22.25
2026-08-23, 02:15:03, 22.25, 22.5, 22.75, 22.75, 9999.0, 9999.0, 9999.0, 23.86, 9999.0, 22.25, 9999.0, 22.61, 22.48, 22.25, 22.25, 22.25
2026-08-23, 02:15:07, 22.25, 22.5, 22.75, 22.75, 9999.0, 9999.0, 9999.0, 23.84, 9999.0, 22.25, 9999.0, 22.61, 22.48, 22.25, 22.25, 22.25
2026-08-23, 02:15:11, 22.25, 22.5, 22.75, 22.75, 9999.0, 9999.0, 9999.0, 23.82, 9999.0, 22.27, 9999.0, 22.64, 22.48, 22.25, 22.25, 22.25
2026-08-23, 02:15:15, 22.25, 22.5, 22.75, 22.75, 9999.0, 9999.0, 9999.0, 23.77, 9999.0, 22.3, 9999.0, 22.66, 22.48, 22.25, 22.25, 22.25
2026-08-23, 02:15:19, 22.25, 22.5, 22.75, 22.75, 9999.0, 9999.0, 9999.0, 23.73, 9999.0, 22.32, 9999.0, 22.68, 22.48, 22.25, 22.25, 22.25
2026-08-23, 02:15:23, 22.25, 22.5, 22.75, 22.75, 9999.0, 9999.0, 9999.0, 23.7, 9999.0, 22.34, 9999.0, 22.7, 22.48, 22.25, 22.25, 22.25
2026-08-23, 02:15:27, 22.25, 22.5, 22.75, 22.75, 9999.0, 9999.0, 9999.0, 23.66, 9999.0, 22.36, 9999.0, 22.73, 22.48, 22.25, 22.25, 22.25
2026-08-23, 02:15:31, 22.25, 22.5, 22.75, 22.75, 9999.0, 9999.0, 9999.0, 23.7, 9999.0, 22.39, 9999.0, 22.75, 22.48, 22.25, 22.25, 22.25
2026-08-23, 02:15:35, 22.25, 22.5, 22.75, 22.75, 9999.0, 9999.0, 9999.0, 23.75, 9999.0, 22.41, 9999.0, 22.75, 22.5, 22.25, 22.25, 22.25
2026-08-23, 02:15:39, 22.25, 22.5, 22.75, 22.75, 9999.0, 9999.0, 9999.0, 23.8, 9999.0, 22.43, 9999.0, 22.75, 22.5, 22.25, 22.25, 22.25
2026-08-23, 02:15:43, 22.25, 22.5, 22.75, 22.75, 9999.0, 9999.0, 9999.0, 23.82, 9999.0, 22.45, 9999.0, 22.75, 22.5, 22.25, 22.25, 22.25
2026-08-23, 02:15:47, 22.25, 22.5, 22.75, 22.75, 9999.0, 9999.0, 9999.0, 23.84, 9999.0, 22.48, 9999.0, 22.73, 22.5, 22.25, 22.25, 22.25
2026-08-23, 02:15:51, 22.25, 22.5, 22.75, 22.75, 9999.0, 9999.0, 9999.0, 23.86, 9999.0, 22.5, 9999.0, 22.7, 22.5, 22.25, 22.25, 22.25
2026-08-23, 02:15:55, 22.25, 22.5, 22.75, 22.75, 9999.0, 9999.0, 9999.0, 23.89, 9999.0, 22.48, 9999.0, 22.68, 22.5, 22.25, 22.25, 22.25
2026-08-23, 02:15:59, 22.25, 22.5, 22.75, 22.75, 9999.0, 9999.0, 9999.0, 23.93, 9999.0, 22.45, 9999.0, 22.66, 22.5, 22.25, 22.25, 22.25
2026-08-23, 02:16:03, 22.25, 22.5, 22.75, 22.75, 9999.0, 9999.0, 9999.0, 23.98, 9999.0, 22.45, 9999.0, 22.64, 22.5, 22.25, 22.25, 22.25
2026-08-23, 02:16:07, 22.25, 22.5, 22.75, 22.75, 9999.0, 9999.0, 9999.0, 24.02, 9999.0, 22.45, 9999.0, 22.64, 22.5, 22.25, 22.25, 22.25
2026-08-23, 02:16:11, 22.25, 22.5, 22.75, 22.75, 9999.0, 9999.0, 9999.0, 24.05, 9999.0, 22.43, 9999.0, 22.64, 22.5, 22.25, 22.25, 22.25
2026-08-23, 02:16:15, 22.25, 22.5, 22.75, 22.75, 9999.0, 9999.0, 9999.0, 24.0, 9999.0, 22.43, 9999.0, 22.64, 22.5, 22.25, 22.25, 22.25
2026-08-23, 02:16:19, 22.25, 22.5, 22.75, 22.75, 9999.0, 9999.0, 9999.0, 23.93, 9999.0, 22.41, 9999.0, 22.66, 22.5, 22.25, 22.25, 22.25
2026-08-23, 02:16:23, 22.25, 22.5, 22.75, 22.75, 9999.0, 9999.0, 9999.0, 23.89, 9999.0, 22.39, 9999.0, 22.66, 22.5, 22.25, 22.25, 22.25
2026-08-23, 02:16:27, 22.25, 22.5, 22.75, 22.75, 9999.0, 9999.0, 9999.0, 23.84, 9999.0, 22.39, 9999.0, 22.66, 22.5, 22.25, 22.25, 22.25
2026-08-23, 02:16:31, 22.25, 22.5, 22.75, 22.75, 9999.0, 9999.0, 9999.0, 23.8, 9999.0, 22.39, 9999.0, 22.68, 22.5, 22.25, 22.25, 22.25
2026-08-23, 02:16:35, 22.25, 22.5, 22.75, 22.75, 9999.0, 9999.0, 9999.0, 23.75, 9999.0, 22.39, 9999.0, 22.7, 22.5, 22.25, 22.25, 22.25
2026-08-23, 02:16:39, 22.25, 22.5, 22.75, 22.75, 9999.0, 9999.0, 9999.0, 23.7, 9999.0, 22.43, 9999.0, 22.73, 22.5, 22.25, 22.25, 22.25
2026-08-23, 02:16:43, 22.25, 22.5, 22.75, 22.75, 9999.0, 9999.0, 9999.0, 23.66, 9999.0, 22.45, 9999.0, 22.75, 22.5, 22.25, 22.25, 22.25
2026-08-23, 02:16:47, 22.25, 22.5, 22.75, 22.75, 9999.0, 9999.0, 9999.0, 23.68, 9999.0, 22.45, 9999.0, 22.77, 22.5, 22.25, 22.25, 22.25
2026-08-23, 02:16:51, 22.25, 22.5, 22.75, 22.75, 9999.0, 9999.0, 9999.0, 23.7, 9999.0, 22.45, 9999.0, 22.77, 22.5, 22.25, 22.25, 22.25
2026-08-23, 02:16:55, 22.25, 22.5, 22.75, 22.75, 9999.0, 9999.0, 9999.0, 23.73, 9999.0, 22.48, 9999.0, 22.77, 22.5, 22.25, 22.25, 22.25
2026-08-23, 02:16:59, 22.25, 22.5, 22.75, 22.75, 9999.0, 9999.0, 9999.0, 23.75, 9999.0, 22.48, 9999.0, 22.75, 22.5, 22.25, 22.25, 22.25
2026-08-23, 02:17:03, 22.25, 22.48, 22.75, 22.75, 9999.0, 9999.0, 9999.0, 23.8, 9999.0, 22.5, 9999.0, 22.7, 22.5, 22.25, 22.25, 22.25
2026-08-23, 02:17:07, 22.25, 22.48, 22.75, 22.75, 9999.0, 9999.0, 9999.0, 23.82, 9999.0, 22.5, 9999.0, 22.68, 22.5, 22.25, 22.25, 22.25
2026-08-23, 02:17:11, 22.25, 22.48, 22.75, 22.75, 9999.0, 9999.0, 9999.0, 23.86, 9999.0, 22.5, 9999.0, 22.66, 22.5, 22.25, 22.25, 22.25
2026-08-23, 02:17:15, 22.27, 22.48, 22.75, 22.75, 9999.0, 9999.0, 9999.0, 23.91, 9999.0, 22.48, 9999.0, 22.64, 22.5, 22.25, 22.25, 22.25
2026-08-23, 02:17:19, 22.27, 22.48, 22.75, 22.75, 9999.0, 9999.0, 9999.0, 23.95, 9999.0, 22.48, 9999.0, 22.61, 22.5, 22.25, 22.25, 22.25
2026-08-23, 02:17:23, 22.27, 22.45, 22.77, 22.75, 9999.0, 9999.0, 9999.0, 24.0, 9999.0, 22.45, 9999.0, 22.61, 22.5, 22.25, 22.25, 22.25
2026-08-23, 02:17:28, 22.27, 22.45, 22.77, 22.73, 9999.0, 9999.0, 9999.0, 24.02, 9999.0, 22.43, 9999.0, 22.61, 22.5, 22.25, 22.25, 22.25
2026-08-23, 02:17:32, 22.27, 22.45, 22.77, 22.73, 9999.0, 9999.0, 9999.0, 23.98, 9999.0, 22.41, 9999.0, 22.61, 22.5, 22.25, 22.25, 22.25
2026-08-23, 02:17:36, 22.27, 22.45, 22.77, 22.73, 9999.0, 9999.0, 9999.0, 23.93, 9999.0, 22.39, 9999.0, 22.64, 22.5, 22.25, 22.25, 22.25
2026-08-23, 02:17:40, 22.27, 22.45, 22.77, 22.73, 9999.0, 9999.0, 9999.0, 23.91, 9999.0, 22.36, 9999.0, 22.64, 22.5, 22.25, 22.25, 22.25
2026-08-23, 02:17:44, 22.27, 22.45, 22.77, 22.73, 9999.0, 9999.0, 9999.0, 23.89, 9999.0, 22.36, 9999.0, 22.66, 22.5, 22.25, 22.25, 22.25
2026-08-23, 02:17:48, 22.27, 22.48, 22.77, 22.73, 9999.0, 9999.0, 9999.0, 23.86, 9999.0, 22.36, 9999.0, 22.68, 22.5, 22.25, 22.25, 22.25
2026-08-23, 02:17:52, 22.27, 22.48, 22.77, 22.73, 9999.0, 9999.0, 9999.0, 23.82, 9999.0, 22.39, 9999.0, 22.7, 22.5, 22.25, 22.25, 22.25
2026-08-23, 02:17:56, 22.27, 22.48, 22.77, 22.73, 9999.0, 9999.0, 9999.0, 23.77, 9999.0, 22.41, 9999.0, 22.73, 22.5, 22.25, 22.25, 22.25
2026-08-23, 02:18:00, 22.25, 22.48, 22.77, 22.73, 9999.0, 9999.0, 9999.0, 23.73, 9999.0, 22.45, 9999.0, 22.75, 22.5, 22.25, 22.25, 22.25
2026-08-23, 02:18:04, 22.25, 22.48, 22.77, 22.73, 9999.0, 9999.0, 9999.0, 23.75, 9999.0, 22.48, 9999.0, 22.77, 22.5, 22.25, 22.25, 22.25
2026-08-23, 02:18:08, 22.25, 22.5, 22.75, 22.73, 9999.0, 9999.0, 9999.0, 23.77, 9999.0, 22.5, 9999.0, 22.77, 22.5, 22.25, 22.25, 22.25
2026-08-23, 02:18:12, 22.25, 22.5, 22.75, 22.75, 9999.0, 9999.0, 9999.0, 23.82, 9999.0, 22.52, 9999.0, 22.77, 22.5, 22.25, 22.25, 22.25
2026-08-23, 02:18:16, 22.25, 22.5, 22.75, 22.75, 9999.0, 9999.0, 9999.0, 23.86, 9999.0, 22.57, 9999.0, 22.75, 22.5, 22.25, 22.25, 22.25
2026-08-23, 02:18:20, 22.25, 22.5, 22.75, 22.75, 9999.0, 9999.0, 9999.0, 23.89, 9999.0, 22.59, 9999.0, 22.73, 22.5, 22.25, 22.25, 22.25
2026-08-23, 02:18:24, 22.25, 22.5, 22.75, 22.75, 9999.0, 9999.0, 9999.0, 23.91, 9999.0, 22.61, 9999.0, 22.7, 22.5, 22.25, 22.25, 22.25
2026-08-23, 02:18:28, 22.25, 22.5, 22.75, 22.75, 9999.0, 9999.0, 9999.0, 23.93, 9999.0, 22.61, 9999.0, 22.68, 22.5, 22.25, 22.25, 22.25
2026-08-23, 02:18:32, 22.25, 22.5, 22.75, 22.75, 9999.0, 9999.0, 9999.0, 23.93, 9999.0, 22.61, 9999.0, 22.66, 22.5, 22.25, 22.25, 22.25
2026-08-23, 02:18:36, 22.25, 22.5, 22.75, 22.75, 9999.0, 9999.0, 9999.0, 23.98, 9999.0, 22.61, 9999.0, 22.64, 22.5, 22.25, 22.25, 22.25
2026-08-23, 02:18:40, 22.25, 22.5, 22.75, 22.75, 9999.0, 9999.0, 9999.0, 24.02, 9999.0, 22.59, 9999.0, 22.64, 22.5, 22.25, 22.25, 22.25
2026-08-23, 02:18:44, 22.25, 22.5, 22.75, 22.75, 9999.0, 9999.0, 9999.0, 24.07, 9999.0, 22.57, 9999.0, 22.64, 22.5, 22.25, 22.25, 22.25
2026-08-23, 02:18:48, 22.25, 22.5, 22.75, 22.75, 9999.0, 9999.0, 9999.0, 24.05, 9999.0, 22.55, 9999.0, 22.64, 22.5, 22.25, 22.25, 22.25
2026-08-23, 02:18:52, 22.25, 22.5, 22.75, 22.75, 9999.0, 9999.0, 9999.0, 24.0, 9999.0, 22.52, 9999.0, 22.66, 22.5, 22.25, 22.25, 22.25
2026-08-23, 02:18:56, 22.25, 22.5, 22.75, 22.75, 9999.0, 9999.0, 9999.0, 23.95, 9999.0, 22.52, 9999.0, 22.66, 22.5, 22.25, 22.25, 22.25
2026-08-23, 02:19:00, 22.25, 22.5, 22.75, 22.75, 9999.0, 9999.0, 9999.0, 23.91, 9999.0, 22.52, 9999.0, 22.68, 22.5, 22.25, 22.25, 22.25
2026-08-23, 02:19:04, 22.25, 22.5, 22.75, 22.75, 9999.0, 9999.0, 9999.0, 23.86, 9999.0, 22.55, 9999.0, 22.68, 22.5, 22.25, 22.25, 22.25
2026-08-23, 02:19:08, 22.25, 22.5, 22.75, 22.75, 9999.0, 9999.0, 9999.0, 23.84, 9999.0, 22.55, 9999.0, 22.7, 22.5, 22.25, 22.25, 22.25
2026-08-23, 02:19:12, 22.25, 22.5, 22.75, 22.75, 9999.0, 9999.0, 9999.0, 23.8, 9999.0, 22.57, 9999.0, 22.73, 22.5, 22.25, 22.25, 22.25
2026-08-23, 02:19:16, 22.25, 22.5, 22.75, 22.75, 9999.0, 9999.0, 9999.0, 23.77, 9999.0, 22.59, 9999.0, 22.75, 22.5, 22.25, 22.25, 22.25
2026-08-23, 02:19:20, 22.25, 22.5, 22.75, 22.75, 9999.0, 9999.0, 9999.0, 23.73, 9999.0, 22.61, 9999.0, 22.77, 22.5, 22.25, 22.25, 22.25
2026-08-23, 02:19:24, 22.25, 22.48, 22.75, 22.75, 9999.0, 9999.0, 9999.0, 23.75, 9999.0, 22.64, 9999.0, 22.77, 22.5, 22.25, 22.25, 22.25
2026-08-23, 02:19:28, 22.25, 22.48, 22.75, 22.75, 9999.0, 9999.0, 9999.0, 23.77, 9999.0, 22.66, 9999.0, 22.77, 22.5, 22.25, 22.25, 22.25
2026-08-23, 02:19:32, 22.25, 22.48, 22.75, 22.75, 9999.0, 9999.0, 9999.0, 23.8, 9999.0, 22.68, 9999.0, 22.77, 22.5, 22.25, 22.25, 22.25
2026-08-23, 02:19:36, 22.25, 22.48, 22.75, 22.75, 9999.0, 9999.0, 9999.0, 23.84, 9999.0, 22.7, 9999.0, 22.75, 22.5, 22.23, 22.25, 22.25
2026-08-23, 02:19:40, 22.25, 22.48, 22.75, 22.75, 9999.0, 9999.0, 9999.0, 23.86, 9999.0, 22.73, 9999.0, 22.73, 22.5, 22.23, 22.25, 22.25
2026-08-23, 02:19:44, 22.25, 22.48, 22.75, 22.75, 9999.0, 9999.0, 9999.0, 23.89, 9999.0, 22.7, 9999.0, 22.7, 22.5, 22.23, 22.25, 22.25
2026-08-23, 02:19:48, 22.25, 22.48, 22.75, 22.75, 9999.0, 9999.0, 9999.0, 23.93, 9999.0, 22.68, 9999.0, 22.68, 22.5, 22.23, 22.25, 22.25
2026-08-23, 02:19:52, 22.25, 22.48, 22.75, 22.75, 9999.0, 9999.0, 9999.0, 23.95, 9999.0, 22.68, 9999.0, 22.66, 22.5, 22.23, 22.25, 22.25
2026-08-23, 02:19:56, 22.27, 22.48, 22.75, 22.75, 9999.0, 9999.0, 9999.0, 24.0, 9999.0, 22.66, 9999.0, 22.64, 22.5, 22.23, 22.25, 22.25
2026-08-23, 02:20:00, 22.27, 22.48, 22.75, 22.75, 9999.0, 9999.0, 9999.0, 24.05, 9999.0, 22.64, 9999.0, 22.64, 22.5, 22.23, 22.25, 22.25
2026-08-23, 02:20:04, 22.27, 22.48, 22.75, 22.75, 9999.0, 9999.0, 9999.0, 24.07, 9999.0, 22.61, 9999.0, 22.64, 22.5, 22.23, 22.25, 22.25
2026-08-23, 02:20:08, 22.27, 22.5, 22.75, 22.75, 9999.0, 9999.0, 9999.0, 24.02, 9999.0, 22.59, 9999.0, 22.64, 22.5, 22.23, 22.25, 22.25
2026-08-23, 02:20:12, 22.27, 22.5, 22.75, 22.75, 9999.0, 9999.0, 9999.0, 23.98, 9999.0, 22.57, 9999.0, 22.64, 22.5, 22.23, 22.25, 22.25
2026-08-23, 02:20:16, 22.27, 22.5, 22.75, 22.75, 9999.0, 9999.0, 9999.0, 23.93, 9999.0, 22.55, 9999.0, 22.64, 22.5, 22.23, 22.25, 22.25
2026-08-23, 02:20:20, 22.27, 22.5, 22.75, 22.75, 9999.0, 9999.0, 9999.0, 23.89, 9999.0, 22.55, 9999.0, 22.64, 22.5, 22.25, 22.25, 22.25
2026-08-23, 02:20:24, 22.27, 22.5, 22.75, 22.75, 9999.0, 9999.0, 9999.0, 23.84, 9999.0, 22.55, 9999.0, 22.66, 22.5, 22.25, 22.25, 22.25
2026-08-23, 02:20:28, 22.27, 22.5, 22.75, 22.75, 9999.0, 9999.0, 9999.0, 23.8, 9999.0, 22.57, 9999.0, 22.68, 22.5, 22.25, 22.25, 22.25
2026-08-23, 02:20:32, 22.27, 22.5, 22.75, 22.75, 9999.0, 9999.0, 9999.0, 23.75, 9999.0, 22.59, 9999.0, 22.7, 22.5, 22.25, 22.25, 22.25
2026-08-23, 02:20:36, 22.27, 22.5, 22.75, 22.75, 9999.0, 9999.0, 9999.0, 23.7, 9999.0, 22.61, 9999.0, 22.73, 22.5, 22.25, 22.25, 22.25
2026-08-23, 02:20:40, 22.25, 22.5, 22.75, 22.75, 9999.0, 9999.0, 9999.0, 23.73, 9999.0, 22.64, 9999.0, 22.75, 22.5, 22.25, 22.25, 22.25
2026-08-23, 02:20:44, 22.25, 22.5, 22.75, 22.75, 9999.0, 9999.0, 9999.0, 23.75, 9999.0, 22.66, 9999.0, 22.75, 22.5, 22.25, 22.25, 22.25
2026-08-23, 02:20:48, 22.25, 22.5, 22.75, 22.75, 9999.0, 9999.0, 9999.0, 23.8, 9999.0, 22.68, 9999.0, 22.73, 22.5, 22.25, 22.25, 22.25
2026-08-23, 02:20:52, 22.25, 22.5, 22.75, 22.75, 9999.0, 9999.0, 9999.0, 23.84, 9999.0, 22.7, 9999.0, 22.73, 22.5, 22.25, 22.25, 22.25
2026-08-23, 02:20:56, 22.25, 22.5, 22.75, 22.75, 9999.0, 9999.0, 9999.0, 23.89, 9999.0, 22.73, 9999.0, 22.7, 22.5, 22.25, 22.25, 22.25
2026-08-23, 02:21:00, 22.25, 22.5, 22.75, 22.75, 9999.0, 9999.0, 9999.0, 23.91, 9999.0, 22.75, 9999.0, 22.68, 22.5, 22.25, 22.25, 22.25
2026-08-23, 02:21:04, 22.25, 22.48, 22.75, 22.75, 9999.0, 9999.0, 9999.0, 23.93, 9999.0, 22.75, 9999.0, 22.66, 22.5, 22.25, 22.25, 22.25
2026-08-23, 02:21:08, 22.25, 22.48, 22.75, 22.75, 9999.0, 9999.0, 9999.0, 23.98, 9999.0, 22.75, 9999.0, 22.64, 22.5, 22.25, 22.25, 22.25
2026-08-23, 02:21:13, 22.25, 22.48, 22.75, 22.75, 9999.0, 9999.0, 9999.0, 24.02, 9999.0, 22.75, 9999.0, 22.61, 22.5, 22.25, 22.25, 22.25
2026-08-23, 02:21:17, 22.25, 22.48, 22.75, 22.75, 9999.0, 9999.0, 9999.0, 24.07, 9999.0, 22.73, 9999.0, 22.61, 22.5, 22.25, 22.25, 22.25
2026-08-23, 02:21:21, 22.25, 22.48, 22.75, 22.75, 9999.0, 9999.0, 9999.0, 24.11, 9999.0, 22.7, 9999.0, 22.61, 22.5, 22.25, 22.25, 22.25
2026-08-23, 02:21:25, 22.25, 22.48, 22.75, 22.75, 9999.0, 9999.0, 9999.0, 24.09, 9999.0, 22.68, 9999.0, 22.61, 22.5, 22.25, 22.25, 22.25
2026-08-23, 02:21:29, 22.25, 22.48, 22.75, 22.75, 9999.0, 9999.0, 9999.0, 24.05, 9999.0, 22.66, 9999.0, 22.61, 22.5, 22.25, 22.25, 22.25
2026-08-23, 02:21:33, 22.25, 22.48, 22.75, 22.75, 9999.0, 9999.0, 9999.0, 24.0, 9999.0, 22.64, 9999.0, 22.64, 22.5, 22.25, 22.25, 22.25
2026-08-23, 02:21:37, 22.25, 22.48, 22.75, 22.75, 9999.0, 9999.0, 9999.0, 23.95, 9999.0, 22.64, 9999.0, 22.64, 22.5, 22.25, 22.25, 22.25
2026-08-23, 02:21:41, 22.25, 22.48, 22.75, 22.75, 9999.0, 9999.0, 9999.0, 23.91, 9999.0, 22.64, 9999.0, 22.66, 22.5, 22.25, 22.25, 22.25
2026-08-23, 02:21:45, 22.25, 22.48, 22.75, 22.75, 9999.0, 9999.0, 9999.0, 23.89, 9999.0, 22.64, 9999.0, 22.68, 22.5, 22.25, 22.25, 22.25
2026-08-23, 02:21:49, 22.25, 22.5, 22.75, 22.75, 9999.0, 9999.0, 9999.0, 23.86, 9999.0, 22.66, 9999.0, 22.7, 22.5, 22.25, 22.25, 22.25
2026-08-23, 02:21:53, 22.25, 22.5, 22.75, 22.75, 9999.0, 9999.0, 9999.0, 23.84, 9999.0, 22.68, 9999.0, 22.73, 22.5, 22.25, 22.25, 22.25
2026-08-23, 02:21:57, 22.25, 22.5, 22.75, 22.75, 9999.0, 9999.0, 9999.0, 23.89, 9999.0, 22.7, 9999.0, 22.75, 22.5, 22.25, 22.25, 22.25
2026-08-23, 02:22:01, 22.25, 22.5, 22.75, 22.75, 9999.0, 9999.0, 9999.0, 23.93, 9999.0, 22.73, 9999.0, 22.75, 22.5, 22.25, 22.25, 22.25
2026-08-23, 02:22:05, 22.25, 22.5, 22.75, 22.75, 9999.0, 9999.0, 9999.0, 23.95, 9999.0, 22.75, 9999.0, 22.75, 22.5, 22.25, 22.25, 22.25
2026-08-23, 02:22:09, 22.25, 22.5, 22.75, 22.75, 9999.0, 9999.0, 9999.0, 23.98, 9999.0, 22.77, 9999.0, 22.73, 22.5, 22.25, 22.25, 22.25
2026-08-23, 02:22:13, 22.25, 22.5, 22.75, 22.75, 9999.0, 9999.0, 9999.0, 24.02, 9999.0, 22.8, 9999.0, 22.7, 22.5, 22.25, 22.25, 22.25
2026-08-23, 02:22:17, 22.25, 22.5, 22.75, 22.75, 9999.0, 9999.0, 9999.0, 24.07, 9999.0, 22.82, 9999.0, 22.68, 22.5, 22.25, 22.25, 22.25
2026-08-23, 02:22:21, 22.25, 22.5, 22.75, 22.75, 9999.0, 9999.0, 9999.0, 24.09, 9999.0, 22.82, 9999.0, 22.66, 22.5, 22.25, 22.25, 22.25
2026-08-23, 02:22:25, 22.25, 22.5, 22.75, 22.75, 9999.0, 9999.0, 9999.0, 24.11, 9999.0, 22.82, 9999.0, 22.64, 22.5, 22.25, 22.25, 22.25
2026-08-23, 02:22:29, 22.25, 22.5, 22.75, 22.75, 9999.0, 9999.0, 9999.0, 24.14, 9999.0, 22.82, 9999.0, 22.61, 22.5, 22.25, 22.25, 22.25
2026-08-23, 02:22:33, 22.25, 22.5, 22.75, 22.75, 9999.0, 9999.0, 9999.0, 24.16, 9999.0, 22.8, 9999.0, 22.61, 22.5, 22.25, 22.25, 22.25
2026-08-23, 02:22:37, 22.25, 22.5, 22.75, 22.75, 9999.0, 9999.0, 9999.0, 24.18, 9999.0, 22.77, 9999.0, 22.61, 22.5, 22.25, 22.25, 22.25
2026-08-23, 02:22:41, 22.25, 22.5, 22.75, 22.75, 9999.0, 9999.0, 9999.0, 24.14, 9999.0, 22.73, 9999.0, 22.61, 22.5, 22.23, 22.25, 22.25
2026-08-23, 02:22:45, 22.25, 22.5, 22.75, 22.75, 9999.0, 9999.0, 9999.0, 24.09, 9999.0, 22.7, 9999.0, 22.61, 22.5, 22.23, 22.25, 22.25
2026-08-23, 02:22:49, 22.25, 22.5, 22.75, 22.75, 9999.0, 9999.0, 9999.0, 24.07, 9999.0, 22.68, 9999.0, 22.61, 22.5, 22.23, 22.25, 22.25
2026-08-23, 02:22:53, 22.25, 22.48, 22.75, 22.75, 9999.0, 9999.0, 9999.0, 24.02, 9999.0, 22.68, 9999.0, 22.64, 22.5, 22.23, 22.25, 22.25
2026-08-23, 02:22:57, 22.25, 22.48, 22.75, 22.75, 9999.0, 9999.0, 9999.0, 23.98, 9999.0, 22.68, 9999.0, 22.66, 22.5, 22.23, 22.25, 22.25
2026-08-23, 02:23:01, 22.25, 22.48, 22.75, 22.75, 9999.0, 9999.0, 9999.0, 23.93, 9999.0, 22.66, 9999.0, 22.68, 22.5, 22.23, 22.25, 22.25
2026-08-23, 02:23:05, 22.25, 22.48, 22.75, 22.75, 9999.0, 9999.0, 9999.0, 23.91, 9999.0, 22.66, 9999.0, 22.7, 22.5, 22.23, 22.25, 22.25
2026-08-23, 02:23:09, 22.25, 22.48, 22.75, 22.75, 9999.0, 9999.0, 9999.0, 23.86, 9999.0, 22.66, 9999.0, 22.73, 22.5, 22.23, 22.25, 22.25
2026-08-23, 02:23:13, 22.25, 22.48, 22.75, 22.75, 9999.0, 9999.0, 9999.0, 23.84, 9999.0, 22.66, 9999.0, 22.75, 22.5, 22.23, 22.25, 22.25
2026-08-23, 02:23:17, 22.25, 22.48, 22.75, 22.75, 9999.0, 9999.0, 9999.0, 23.89, 9999.0, 22.66, 9999.0, 22.75, 22.5, 22.23, 22.25, 22.25
2026-08-23, 02:23:21, 22.25, 22.48, 22.75, 22.75, 9999.0, 9999.0, 9999.0, 23.93, 9999.0, 22.66, 9999.0, 22.73, 22.5, 22.23, 22.25, 22.25
2026-08-23, 02:23:25, 22.25, 22.48, 22.75, 22.75, 9999.0, 9999.0, 9999.0, 23.95, 9999.0, 22.68, 9999.0, 22.7, 22.5, 22.25, 22.25, 22.25
2026-08-23, 02:23:29, 22.25, 22.48, 22.75, 22.75, 9999.0, 9999.0, 9999.0, 23.98, 9999.0, 22.7, 9999.0, 22.68, 22.5, 22.25, 22.25, 22.25
2026-08-23, 02:23:33, 22.25, 22.48, 22.75, 22.75, 9999.0, 9999.0, 9999.0, 24.0, 9999.0, 22.73, 9999.0, 22.66, 22.5, 22.25, 22.25, 22.25
2026-08-23, 02:23:37, 22.25, 22.5, 22.75, 22.75, 9999.0, 9999.0, 9999.0, 24.02, 9999.0, 22.7, 9999.0, 22.64, 22.5, 22.25, 22.25, 22.25
2026-08-23, 02:23:41, 22.25, 22.5, 22.75, 22.75, 9999.0, 9999.0, 9999.0, 24.05, 9999.0, 22.68, 9999.0, 22.61, 22.5, 22.25, 22.25, 22.25
2026-08-23, 02:23:45, 22.25, 22.5, 22.75, 22.75, 9999.0, 9999.0, 9999.0, 24.07, 9999.0, 22.7, 9999.0, 22.59, 22.5, 22.25, 22.25, 22.25
2026-08-23, 02:23:49, 22.25, 22.5, 22.75, 22.75, 9999.0, 9999.0, 9999.0, 24.09, 9999.0, 22.68, 9999.0, 22.57, 22.5, 22.25, 22.25, 22.25
2026-08-23, 02:23:53, 22.25, 22.5, 22.75, 22.75, 9999.0, 9999.0, 9999.0, 24.14, 9999.0, 22.66, 9999.0, 22.57, 22.5, 22.25, 22.25, 22.25
2026-08-23, 02:23:57, 22.25, 22.5, 22.75, 22.75, 9999.0, 9999.0, 9999.0, 24.16, 9999.0, 22.64, 9999.0, 22.57, 22.5, 22.25, 22.25, 22.25
2026-08-23, 02:24:01, 22.25, 22.5, 22.75, 22.75, 9999.0, 9999.0, 9999.0, 24.09, 9999.0, 22.61, 9999.0, 22.57, 22.5, 22.25, 22.25, 22.25
2026-08-23, 02:24:05, 22.25, 22.5, 22.75, 22.75, 9999.0, 9999.0, 9999.0, 24.05, 9999.0, 22.59, 9999.0, 22.59, 22.5, 22.25, 22.25, 22.25
2026-08-23, 02:24:09, 22.25, 22.5, 22.75, 22.75, 9999.0, 9999.0, 9999.0, 24.02, 9999.0, 22.57, 9999.0, 22.61, 22.5, 22.25, 22.25, 22.25
2026-08-23, 02:24:13, 22.25, 22.5, 22.75, 22.75, 9999.0, 9999.0, 9999.0, 23.98, 9999.0, 22.57, 9999.0, 22.64, 22.5, 22.25, 22.25, 22.25
2026-08-23, 02:24:17, 22.25, 22.5, 22.75, 22.75, 9999.0, 9999.0, 9999.0, 23.93, 9999.0, 22.57, 9999.0, 22.66, 22.5, 22.25, 22.25, 22.25
2026-08-23, 02:24:21, 22.25, 22.5, 22.75, 22.75, 9999.0, 9999.0, 9999.0, 23.91, 9999.0, 22.59, 9999.0, 22.68, 22.5, 22.23, 22.25, 22.25
2026-08-23, 02:24:25, 22.25, 22.5, 22.75, 22.75, 9999.0, 9999.0, 9999.0, 23.89, 9999.0, 22.61, 9999.0, 22.7, 22.5, 22.23, 22.25, 22.25
2026-08-23, 02:24:29, 22.25, 22.5, 22.75, 22.75, 9999.0, 9999.0, 9999.0, 23.86, 9999.0, 22.61, 9999.0, 22.73, 22.5, 22.23, 22.25, 22.25
2026-08-23, 02:24:33, 22.25, 22.5, 22.75, 22.75, 9999.0, 9999.0, 9999.0, 23.89, 9999.0, 22.64, 9999.0, 22.75, 22.5, 22.23, 22.25, 22.25
2026-08-23, 02:24:37, 22.25, 22.5, 22.75, 22.75, 9999.0, 9999.0, 9999.0, 23.91, 9999.0, 22.66, 9999.0, 22.73, 22.5, 22.23, 22.25, 22.25
2026-08-23, 02:24:41, 22.25, 22.5, 22.75, 22.75, 9999.0, 9999.0, 9999.0, 23.93, 9999.0, 22.68, 9999.0, 22.7, 22.5, 22.23, 22.25, 22.25
2026-08-23, 02:24:45, 22.25, 22.5, 22.75, 22.75, 9999.0, 9999.0, 9999.0, 23.98, 9999.0, 22.7, 9999.0, 22.68, 22.5, 22.23, 22.25, 22.25
2026-08-23, 02:24:49, 22.25, 22.5, 22.75, 22.75, 9999.0, 9999.0, 9999.0, 24.0, 9999.0, 22.73, 9999.0, 22.66, 22.5, 22.23, 22.25, 22.25
2026-08-23, 02:24:53, 22.25, 22.5, 22.73, 22.75, 9999.0, 9999.0, 9999.0, 24.0, 9999.0, 22.75, 9999.0, 22.64, 22.5, 22.23, 22.25, 22.25
2026-08-23, 02:24:58, 22.25, 22.5, 22.73, 22.75, 9999.0, 9999.0, 9999.0, 24.02, 9999.0, 22.73, 9999.0, 22.61, 22.5, 22.23, 22.25, 22.23
2026-08-23, 02:25:02, 22.25, 22.5, 22.73, 22.75, 9999.0, 9999.0, 9999.0, 24.07, 9999.0, 22.7, 9999.0, 22.59, 22.5, 22.2, 22.25, 22.23
2026-08-23, 02:25:06, 22.25, 22.5, 22.73, 22.73, 9999.0, 9999.0, 9999.0, 24.09, 9999.0, 22.68, 9999.0, 22.57, 22.5, 22.23, 22.25, 22.23
2026-08-23, 02:25:10, 22.25, 22.5, 22.73, 22.73, 9999.0, 9999.0, 9999.0, 24.11, 9999.0, 22.66, 9999.0, 22.57, 22.5, 22.23, 22.25, 22.23
2026-08-23, 02:25:14, 22.25, 22.5, 22.73, 22.73, 9999.0, 9999.0, 9999.0, 24.14, 9999.0, 22.64, 9999.0, 22.57, 22.5, 22.23, 22.25, 22.23
2026-08-23, 02:25:18, 22.25, 22.5, 22.73, 22.73, 9999.0, 9999.0, 9999.0, 24.11, 9999.0, 22.61, 9999.0, 22.57, 22.5, 22.23, 22.25, 22.23
2026-08-23, 02:25:22, 22.25, 22.5, 22.73, 22.73, 9999.0, 9999.0, 9999.0, 24.09, 9999.0, 22.59, 9999.0, 22.59, 22.5, 22.23, 22.25, 22.23
2026-08-23, 02:25:26, 22.25, 22.5, 22.73, 22.73, 9999.0, 9999.0, 9999.0, 24.05, 9999.0, 22.57, 9999.0, 22.61, 22.5, 22.23, 22.25, 22.23
2026-08-23, 02:25:30, 22.25, 22.5, 22.73, 22.73, 9999.0, 9999.0, 9999.0, 24.0, 9999.0, 22.57, 9999.0, 22.64, 22.5, 22.23, 22.25, 22.23
2026-08-23, 02:25:34, 22.25, 22.5, 22.73, 22.73, 9999.0, 9999.0, 9999.0, 23.95, 9999.0, 22.57, 9999.0, 22.66, 22.5, 22.23, 22.25, 22.23
2026-08-23, 02:25:38, 22.25, 22.5, 22.75, 22.73, 9999.0, 9999.0, 9999.0, 23.93, 9999.0, 22.57, 9999.0, 22.68, 22.5, 22.23, 22.25, 22.23
2026-08-23, 02:25:42, 22.25, 22.5, 22.75, 22.73, 9999.0, 9999.0, 9999.0, 23.89, 9999.0, 22.59, 9999.0, 22.7, 22.5, 22.23, 22.25, 22.25
2026-08-23, 02:25:46, 22.27, 22.5, 22.75, 22.73, 9999.0, 9999.0, 9999.0, 23.84, 9999.0, 22.61, 9999.0, 22.73, 22.5, 22.25, 22.25, 22.25
2026-08-23, 02:25:50, 22.27, 22.5, 22.75, 22.75, 9999.0, 9999.0, 9999.0, 23.89, 9999.0, 22.64, 9999.0, 22.75, 22.5, 22.25, 22.25, 22.25
2026-08-23, 02:25:54, 22.27, 22.5, 22.75, 22.75, 9999.0, 9999.0, 9999.0, 23.93, 9999.0, 22.66, 9999.0, 22.75, 22.5, 22.25, 22.25, 22.25
2026-08-23, 02:25:58, 22.27, 22.5, 22.75, 22.75, 9999.0, 9999.0, 9999.0, 23.95, 9999.0, 22.66, 9999.0, 22.75, 22.5, 22.25, 22.25, 22.25
2026-08-23, 02:26:02, 22.27, 22.5, 22.75, 22.75, 9999.0, 9999.0, 9999.0, 23.98, 9999.0, 22.68, 9999.0, 22.75, 22.5, 22.25, 22.25, 22.25
2026-08-23, 02:26:06, 22.27, 22.5, 22.75, 22.75, 9999.0, 9999.0, 9999.0, 24.0, 9999.0, 22.7, 9999.0, 22.75, 22.5, 22.25, 22.25, 22.25
2026-08-23, 02:26:10, 22.3, 22.5, 22.75, 22.75, 9999.0, 9999.0, 9999.0, 24.02, 9999.0, 22.7, 9999.0, 22.73, 22.5, 22.25, 22.25, 22.25
2026-08-23, 02:26:14, 22.3, 22.5, 22.75, 22.75, 9999.0, 9999.0, 9999.0, 24.05, 9999.0, 22.68, 9999.0, 22.7, 22.48, 22.25, 22.25, 22.25
2026-08-23, 02:26:18, 22.3, 22.5, 22.75, 22.75, 9999.0, 9999.0, 9999.0, 24.07, 9999.0, 22.66, 9999.0, 22.68, 22.48, 22.25, 22.25, 22.25
2026-08-23, 02:26:22, 22.3, 22.5, 22.75, 22.75, 9999.0, 9999.0, 9999.0, 24.09, 9999.0, 22.64, 9999.0, 22.66, 22.48, 22.25, 22.25, 22.25
2026-08-23, 02:26:26, 22.3, 22.5, 22.75, 22.75, 9999.0, 9999.0, 9999.0, 24.14, 9999.0, 22.61, 9999.0, 22.66, 22.48, 22.25, 22.25, 22.25
2026-08-23, 02:26:30, 22.27, 22.5, 22.75, 22.75, 9999.0, 9999.0, 9999.0, 24.16, 9999.0, 22.57, 9999.0, 22.66, 22.48, 22.25, 22.25, 22.25
2026-08-23, 02:26:34, 22.27, 22.5, 22.75, 22.75, 9999.0, 9999.0, 9999.0, 24.11, 9999.0, 22.55, 9999.0, 22.66, 22.48, 22.25, 22.25, 22.25
2026-08-23, 02:26:38, 22.27, 22.5, 22.75, 22.75, 9999.0, 9999.0, 9999.0, 24.07, 9999.0, 22.5, 9999.0, 22.66, 22.48, 22.25, 22.25, 22.25
2026-08-23, 02:26:42, 22.27, 22.5, 22.75, 22.75, 9999.0, 9999.0, 9999.0, 24.02, 9999.0, 22.48, 9999.0, 22.66, 22.48, 22.25, 22.25, 22.25
2026-08-23, 02:26:46, 22.27, 22.5, 22.75, 22.75, 9999.0, 9999.0, 9999.0, 23.98, 9999.0, 22.45, 9999.0, 22.66, 22.48, 22.25, 22.25, 22.25
2026-08-23, 02:26:50, 22.27, 22.5, 22.75, 22.75, 9999.0, 9999.0, 9999.0, 23.93, 9999.0, 22.43, 9999.0, 22.66, 22.48, 22.25, 22.25, 22.25
2026-08-23, 02:26:54, 22.25, 22.5, 22.75, 22.75, 9999.0, 9999.0, 9999.0, 23.89, 9999.0, 22.43, 9999.0, 22.68, 22.48, 22.25, 22.25, 22.25
2026-08-23, 02:26:58, 22.25, 22.5, 22.75, 22.75, 9999.0, 9999.0, 9999.0, 23.86, 9999.0, 22.45, 9999.0, 22.7, 22.5, 22.25, 22.25, 22.25
2026-08-23, 02:27:02, 22.25, 22.5, 22.75, 22.75, 9999.0, 9999.0, 9999.0, 23.82, 9999.0, 22.48, 9999.0, 22.73, 22.5, 22.25, 22.25, 22.25
2026-08-23, 02:27:06, 22.25, 22.5, 22.75, 22.75, 9999.0, 9999.0, 9999.0, 23.86, 9999.0, 22.5, 9999.0, 22.75, 22.5, 22.25, 22.25, 22.25
2026-08-23, 02:27:10, 22.25, 22.5, 22.75, 22.75, 9999.0, 9999.0, 9999.0, 23.89, 9999.0, 22.5, 9999.0, 22.75, 22.5, 22.25, 22.25, 22.25
2026-08-23, 02:27:14, 22.25, 22.5, 22.75, 22.75, 9999.0, 9999.0, 9999.0, 23.91, 9999.0, 22.55, 9999.0, 22.73, 22.5, 22.25, 22.25, 22.25
2026-08-23, 02:27:18, 22.25, 22.5, 22.75, 22.75, 9999.0, 9999.0, 9999.0, 23.93, 9999.0, 22.55, 9999.0, 22.73, 22.5, 22.25, 22.25, 22.25
2026-08-23, 02:27:22, 22.25, 22.5, 22.75, 22.75, 9999.0, 9999.0, 9999.0, 23.95, 9999.0, 22.57, 9999.0, 22.73, 22.5, 22.25, 22.25, 22.25
2026-08-23, 02:27:26, 22.25, 22.48, 22.75, 22.75, 9999.0, 9999.0, 9999.0, 23.98, 9999.0, 22.59, 9999.0, 22.7, 22.5, 22.25, 22.25, 22.25
2026-08-23, 02:27:30, 22.25, 22.48, 22.75, 22.75, 9999.0, 9999.0, 9999.0, 24.0, 9999.0, 22.59, 9999.0, 22.68, 22.48, 22.25, 22.25, 22.25
2026-08-23, 02:27:34, 22.25, 22.48, 22.75, 22.75, 9999.0, 9999.0, 9999.0, 24.02, 9999.0, 22.59, 9999.0, 22.66, 22.48, 22.25, 22.25, 22.25
2026-08-23, 02:27:38, 22.25, 22.48, 22.75, 22.75, 9999.0, 9999.0, 9999.0, 24.07, 9999.0, 22.57, 9999.0, 22.64, 22.45, 22.25, 22.25, 22.25
2026-08-23, 02:27:42, 22.25, 22.48, 22.75, 22.75, 9999.0, 9999.0, 9999.0, 24.09, 9999.0, 22.52, 9999.0, 22.61, 22.45, 22.25, 22.25, 22.25
2026-08-23, 02:27:46, 22.25, 22.48, 22.75, 22.75, 9999.0, 9999.0, 9999.0, 24.14, 9999.0, 22.48, 9999.0, 22.61, 22.45, 22.25, 22.25, 22.25
2026-08-23, 02:27:50, 22.25, 22.48, 22.75, 22.75, 9999.0, 9999.0, 9999.0, 24.07, 9999.0, 22.43, 9999.0, 22.61, 22.45, 22.25, 22.25, 22.25
2026-08-23, 02:27:54, 22.25, 22.48, 22.75, 22.75, 9999.0, 9999.0, 9999.0, 24.02, 9999.0, 22.41, 9999.0, 22.64, 22.45, 22.25, 22.25, 22.25
2026-08-23, 02:27:58, 22.25, 22.48, 22.75, 22.75, 9999.0, 9999.0, 9999.0, 23.98, 9999.0, 22.36, 9999.0, 22.66, 22.45, 22.25, 22.25, 22.25
2026-08-23, 02:28:02, 22.25, 22.48, 22.75, 22.75, 9999.0, 9999.0, 9999.0, 23.93, 9999.0, 22.34, 9999.0, 22.66, 22.45, 22.25, 22.25, 22.25
2026-08-23, 02:28:06, 22.25, 22.48, 22.75, 22.75, 9999.0, 9999.0, 9999.0, 23.86, 9999.0, 22.34, 9999.0, 22.66, 22.45, 22.25, 22.25, 22.25
2026-08-23, 02:28:10, 22.25, 22.5, 22.75, 22.75, 9999.0, 9999.0, 9999.0, 23.82, 9999.0, 22.34, 9999.0, 22.68, 22.43, 22.25, 22.25, 22.25
2026-08-23, 02:28:14, 22.25, 22.5, 22.75, 22.75, 9999.0, 9999.0, 9999.0, 23.77, 9999.0, 22.34, 9999.0, 22.7, 22.45, 22.25, 22.25, 22.25
2026-08-23, 02:28:18, 22.25, 22.5, 22.75, 22.75, 9999.0, 9999.0, 9999.0, 23.73, 9999.0, 22.34, 9999.0, 22.73, 22.45, 22.25, 22.25, 22.25
2026-08-23, 02:28:22, 22.25, 22.5, 22.75, 22.75, 9999.0, 9999.0, 9999.0, 23.68, 9999.0, 22.39, 9999.0, 22.75, 22.48, 22.25, 22.25, 22.25
2026-08-23, 02:28:26, 22.27, 22.5, 22.75, 22.75, 9999.0, 9999.0, 9999.0, 23.7, 9999.0, 22.41, 9999.0, 22.77, 22.48, 22.25, 22.25, 22.25
2026-08-23, 02:28:30, 22.27, 22.48, 22.75, 22.75, 9999.0, 9999.0, 9999.0, 23.7, 9999.0, 22.43, 9999.0, 22.75, 22.48, 22.25, 22.25, 22.25
2026-08-23, 02:28:34, 22.27, 22.48, 22.75, 22.75, 9999.0, 9999.0, 9999.0, 23.73, 9999.0, 22.43, 9999.0, 22.73, 22.48, 22.25, 22.25, 22.25
2026-08-23, 02:28:38, 22.27, 22.48, 22.75, 22.75, 9999.0, 9999.0, 9999.0, 23.77, 9999.0, 22.43, 9999.0, 22.68, 22.48, 22.25, 22.25, 22.25
2026-08-23, 02:28:42, 22.27, 22.48, 22.75, 22.75, 9999.0, 9999.0, 9999.0, 23.82, 9999.0, 22.43, 9999.0, 22.66, 22.48, 22.25, 22.25, 22.25
2026-08-23, 02:28:47, 22.27, 22.48, 22.75, 22.75, 9999.0, 9999.0, 9999.0, 23.84, 9999.0, 22.43, 9999.0, 22.64, 22.48, 22.25, 22.25, 22.25
2026-08-23, 02:28:51, 22.27, 22.48, 22.75, 22.75, 9999.0, 9999.0, 9999.0, 23.89, 9999.0, 22.41, 9999.0, 22.61, 22.48, 22.25, 22.25, 22.25
2026-08-23, 02:28:55, 22.27, 22.48, 22.75, 22.75, 9999.0, 9999.0, 9999.0, 23.93, 9999.0, 22.39, 9999.0, 22.59, 22.5, 22.25, 22.25, 22.25
2026-08-23, 02:28:59, 22.27, 22.48, 22.75, 22.75, 9999.0, 9999.0, 9999.0, 23.98, 9999.0, 22.36, 9999.0, 22.57, 22.5, 22.25, 22.25, 22.25
2026-08-23, 02:29:03, 22.27, 22.45, 22.75, 22.75, 9999.0, 9999.0, 9999.0, 24.02, 9999.0, 22.34, 9999.0, 22.57, 22.5, 22.25, 22.25, 22.25
2026-08-23, 02:29:07, 22.27, 22.45, 22.75, 22.75, 9999.0, 9999.0, 9999.0, 24.05, 9999.0, 22.27, 9999.0, 22.57, 22.48, 22.25, 22.25, 22.25
2026-08-23, 02:29:11, 22.25, 22.45, 22.75, 22.75, 9999.0, 9999.0, 9999.0, 24.0, 9999.0, 22.23, 9999.0, 22.57, 22.48, 22.25, 22.25, 22.25
2026-08-23, 02:29:15, 22.25, 22.48, 22.75, 22.75, 9999.0, 9999.0, 9999.0, 23.98, 9999.0, 22.18, 9999.0, 22.59, 22.48, 22.25, 22.25, 22.25
2026-08-23, 02:29:19, 22.25, 22.48, 22.75, 22.75, 9999.0, 9999.0, 9999.0, 23.93, 9999.0, 22.16, 9999.0, 22.61, 22.48, 22.25, 22.25, 22.25
2026-08-23, 02:29:23, 22.25, 22.48, 22.75, 22.75, 9999.0, 9999.0, 9999.0, 23.86, 9999.0, 22.16, 9999.0, 22.64, 22.48, 22.25, 22.25, 22.25
2026-08-23, 02:29:27, 22.25, 22.48, 22.75, 22.75, 9999.0, 9999.0, 9999.0, 23.8, 9999.0, 22.16, 9999.0, 22.66, 22.48, 22.25, 22.25, 22.25
2026-08-23, 02:29:31, 22.25, 22.48, 22.75, 22.75, 9999.0, 9999.0, 9999.0, 23.75, 9999.0, 22.16, 9999.0, 22.68, 22.48, 22.25, 22.25, 22.25
2026-08-23, 02:29:35, 22.25, 22.48, 22.75, 22.75, 9999.0, 9999.0, 9999.0, 23.7, 9999.0, 22.18, 9999.0, 22.7, 22.48, 22.25, 22.25, 22.25
2026-08-23, 02:29:39, 22.25, 22.48, 22.75, 22.75, 9999.0, 9999.0, 9999.0, 23.66, 9999.0, 22.2, 9999.0, 22.73, 22.48, 22.25, 22.25, 22.25
2026-08-23, 02:29:43, 22.25, 22.48, 22.75, 22.75, 9999.0, 9999.0, 9999.0, 23.68, 9999.0, 22.2, 9999.0, 22.75, 22.48, 22.25, 22.25, 22.25
2026-08-23, 02:29:47, 22.25, 22.5, 22.75, 22.75, 9999.0, 9999.0, 9999.0, 23.68, 9999.0, 22.2, 9999.0, 22.75, 22.48, 22.25, 22.25, 22.25
2026-08-23, 02:29:51, 22.25, 22.5, 22.75, 22.75, 9999.0, 9999.0, 9999.0, 23.73, 9999.0, 22.23, 9999.0, 22.73, 22.5, 22.25, 22.25, 22.25
2026-08-23, 02:29:55, 22.25, 22.5, 22.75, 22.75, 9999.0, 9999.0, 9999.0, 23.75, 9999.0, 22.23, 9999.0, 22.73, 22.5, 22.25, 22.25, 22.25
2026-08-23, 02:29:59, 22.25, 22.5, 22.75, 22.75, 9999.0, 9999.0, 9999.0, 23.77, 9999.0, 22.23, 9999.0, 22.7, 22.5, 22.25, 22.25, 22.25
2026-08-23, 02:30:03, 22.27, 22.5, 22.75, 22.75, 9999.0, 9999.0, 9999.0, 23.8, 9999.0, 22.25, 9999.0, 22.68, 22.5, 22.25, 22.25, 22.25
2026-08-23, 02:30:07, 22.27, 22.5, 22.75, 22.75, 9999.0, 9999.0, 9999.0, 23.82, 9999.0, 22.25, 9999.0, 22.66, 22.5, 22.25, 22.25, 22.25
2026-08-23, 02:30:11, 22.27, 22.5, 22.75, 22.75, 9999.0, 9999.0, 9999.0, 23.84, 9999.0, 22.23, 9999.0, 22.64, 22.5, 22.25, 22.25, 22.25
2026-08-23, 02:30:15, 22.27, 22.5, 22.75, 22.75, 9999.0, 9999.0, 9999.0, 23.86, 9999.0, 22.2, 9999.0, 22.61, 22.5, 22.25, 22.25, 22.25
2026-08-23, 02:30:19, 22.27, 22.48, 22.75, 22.75, 9999.0, 9999.0, 9999.0, 23.89, 9999.0, 22.16, 9999.0, 22.61, 22.5, 22.25, 22.25, 22.25
2026-08-23, 02:30:23, 22.27, 22.48, 22.75, 22.75, 9999.0, 9999.0, 9999.0, 23.91, 9999.0, 22.11, 9999.0, 22.61, 22.5, 22.25, 22.25, 22.25
2026-08-23, 02:30:27, 22.27, 22.48, 22.75, 22.75, 9999.0, 9999.0, 9999.0, 23.86, 9999.0, 22.09, 9999.0, 22.61, 22.5, 22.25, 22.25, 22.25
2026-08-23, 02:30:31, 22.27, 22.48, 22.75, 22.75, 9999.0, 9999.0, 9999.0, 23.82, 9999.0, 22.07, 9999.0, 22.61, 22.5, 22.25, 22.25, 22.25
2026-08-23, 02:30:35, 22.27, 22.48, 22.75, 22.75, 9999.0, 9999.0, 9999.0, 23.75, 9999.0, 22.05, 9999.0, 22.64, 22.5, 22.25, 22.25, 22.25
2026-08-23, 02:30:39, 22.27, 22.48, 22.75, 22.75, 9999.0, 9999.0, 9999.0, 23.7, 9999.0, 22.07, 9999.0, 22.64, 22.5, 22.25, 22.25, 22.25
2026-08-23, 02:30:43, 22.27, 22.48, 22.75, 22.75, 9999.0, 9999.0, 9999.0, 23.66, 9999.0, 22.09, 9999.0, 22.66, 22.5, 22.25, 22.25, 22.25
2026-08-23, 02:30:47, 22.25, 22.48, 22.75, 22.75, 9999.0, 9999.0, 9999.0, 23.64, 9999.0, 22.09, 9999.0, 22.68, 22.5, 22.25, 22.25, 22.25
2026-08-23, 02:30:51, 22.25, 22.48, 22.75, 22.75, 9999.0, 9999.0, 9999.0, 23.61, 9999.0, 22.11, 9999.0, 22.7, 22.5, 22.25, 22.25, 22.25
2026-08-23, 02:30:55, 22.25, 22.48, 22.75, 22.75, 9999.0, 9999.0, 9999.0, 23.57, 9999.0, 22.16, 9999.0, 22.73, 22.5, 22.25, 22.25, 22.25
2026-08-23, 02:30:59, 22.25, 22.48, 22.75, 22.75, 9999.0, 9999.0, 9999.0, 23.52, 9999.0, 22.18, 9999.0, 22.75, 22.5, 22.25, 22.25, 22.25
2026-08-23, 02:31:03, 22.25, 22.5, 22.75, 22.75, 9999.0, 9999.0, 9999.0, 23.57, 9999.0, 22.2, 9999.0, 22.75, 22.5, 22.25, 22.25, 22.25
2026-08-23, 02:31:07, 22.25, 22.5, 22.75, 22.75, 9999.0, 9999.0, 9999.0, 23.59, 9999.0, 22.23, 9999.0, 22.75, 22.5, 22.25, 22.25, 22.25
2026-08-23, 02:31:11, 22.25, 22.5, 22.75, 22.75, 9999.0, 9999.0, 9999.0, 23.59, 9999.0, 22.25, 9999.0, 22.75, 22.5, 22.25, 22.25, 22.25
2026-08-23, 02:31:15, 22.25, 22.5, 22.75, 22.75, 9999.0, 9999.0, 9999.0, 23.61, 9999.0, 22.27, 9999.0, 22.75, 22.5, 22.25, 22.25, 22.25
2026-08-23, 02:31:19, 22.25, 22.5, 22.75, 22.75, 9999.0, 9999.0, 9999.0, 23.64, 9999.0, 22.27, 9999.0, 22.75, 22.5, 22.25, 22.25, 22.25
2026-08-23, 02:31:23, 22.25, 22.48, 22.75, 22.75, 9999.0, 9999.0, 9999.0, 23.66, 9999.0, 22.25, 9999.0, 22.73, 22.5, 22.25, 22.25, 22.25
2026-08-23, 02:31:27, 22.25, 22.48, 22.75, 22.75, 9999.0, 9999.0, 9999.0, 23.68, 9999.0, 22.23, 9999.0, 22.7, 22.48, 22.25, 22.25, 22.25
2026-08-23, 02:31:31, 22.25, 22.48, 22.75, 22.75, 9999.0, 9999.0, 9999.0, 23.7, 9999.0, 22.2, 9999.0, 22.68, 22.48, 22.25, 22.25, 22.25
2026-08-23, 02:31:35, 22.25, 22.48, 22.75, 22.75, 9999.0, 9999.0, 9999.0, 23.7, 9999.0, 22.16, 9999.0, 22.66, 22.48, 22.25, 22.25, 22.25
2026-08-23, 02:31:39, 22.25, 22.48, 22.75, 22.75, 9999.0, 9999.0, 9999.0, 23.73, 9999.0, 22.11, 9999.0, 22.66, 22.48, 22.25, 22.25, 22.25
2026-08-23, 02:31:43, 22.25, 22.45, 22.75, 22.75, 9999.0, 9999.0, 9999.0, 23.75, 9999.0, 22.09, 9999.0, 22.66, 22.48, 22.25, 22.25, 22.25
2026-08-23, 02:31:47, 22.25, 22.45, 22.75, 22.75, 9999.0, 9999.0, 9999.0, 23.68, 9999.0, 22.07, 9999.0, 22.66, 22.48, 22.25, 22.25, 22.25
2026-08-23, 02:31:51, 22.25, 22.45, 22.75, 22.75, 9999.0, 9999.0, 9999.0, 23.64, 9999.0, 22.02, 9999.0, 22.66, 22.48, 22.25, 22.25, 22.25
2026-08-23, 02:31:55, 22.25, 22.45, 22.75, 22.75, 9999.0, 9999.0, 9999.0, 23.61, 9999.0, 21.98, 9999.0, 22.66, 22.48, 22.25, 22.25, 22.25
2026-08-23, 02:31:59, 22.25, 22.45, 22.75, 22.75, 9999.0, 9999.0, 9999.0, 23.59, 9999.0, 21.95, 9999.0, 22.66, 22.48, 22.25, 22.25, 22.25
2026-08-23, 02:32:03, 22.25, 22.45, 22.75, 22.75, 9999.0, 9999.0, 9999.0, 23.57, 9999.0, 21.98, 9999.0, 22.66, 22.45, 22.25, 22.25, 22.25
2026-08-23, 02:32:07, 22.25, 22.48, 22.75, 22.75, 9999.0, 9999.0, 9999.0, 23.55, 9999.0, 22.0, 9999.0, 22.68, 22.45, 22.25, 22.25, 22.25
2026-08-23, 02:32:11, 22.25, 22.48, 22.75, 22.75, 9999.0, 9999.0, 9999.0, 23.5, 9999.0, 22.05, 9999.0, 22.7, 22.48, 22.25, 22.25, 22.25
2026-08-23, 02:32:15, 22.25, 22.48, 22.75, 22.75, 9999.0, 9999.0, 9999.0, 23.45, 9999.0, 22.09, 9999.0, 22.73, 22.48, 22.25, 22.25, 22.25
2026-08-23, 02:32:19, 22.25, 22.45, 22.75, 22.75, 9999.0, 9999.0, 9999.0, 23.52, 9999.0, 22.11, 9999.0, 22.75, 22.48, 22.25, 22.25, 22.25
2026-08-23, 02:32:23, 22.25, 22.45, 22.75, 22.75, 9999.0, 9999.0, 9999.0, 23.57, 9999.0, 22.14, 9999.0, 22.75, 22.48, 22.25, 22.25, 22.25
2026-08-23, 02:32:27, 22.25, 22.48, 22.75, 22.75, 9999.0, 9999.0, 9999.0, 23.61, 9999.0, 22.16, 9999.0, 22.75, 22.48, 22.25, 22.25, 22.25
2026-08-23, 02:32:32, 22.25, 22.48, 22.75, 22.75, 9999.0, 9999.0, 9999.0, 23.66, 9999.0, 22.18, 9999.0, 22.73, 22.48, 22.25, 22.25, 22.25
2026-08-23, 02:32:36, 22.25, 22.48, 22.75, 22.75, 9999.0, 9999.0, 9999.0, 23.68, 9999.0, 22.23, 9999.0, 22.73, 22.48, 22.25, 22.25, 22.25
2026-08-23, 02:32:40, 22.27, 22.48, 22.75, 22.75, 9999.0, 9999.0, 9999.0, 23.7, 9999.0, 22.25, 9999.0, 22.7, 22.48, 22.25, 22.25, 22.25
2026-08-23, 02:32:44, 22.27, 22.48, 22.75, 22.75, 9999.0, 9999.0, 9999.0, 23.73, 9999.0, 22.25, 9999.0, 22.68, 22.48, 22.25, 22.25, 22.25
2026-08-23, 02:32:48, 22.27, 22.45, 22.75, 22.75, 9999.0, 9999.0, 9999.0, 23.75, 9999.0, 22.23, 9999.0, 22.66, 22.48, 22.25, 22.25, 22.25
2026-08-23, 02:32:52, 22.27, 22.45, 22.75, 22.75, 9999.0, 9999.0, 9999.0, 23.77, 9999.0, 22.2, 9999.0, 22.64, 22.48, 22.25, 22.25, 22.25
2026-08-23, 02:32:56, 22.3, 22.43, 22.75, 22.75, 9999.0, 9999.0, 9999.0, 23.82, 9999.0, 22.16, 9999.0, 22.64, 22.48, 22.25, 22.25, 22.25
2026-08-23, 02:33:00, 22.32, 22.43, 22.75, 22.75, 9999.0, 9999.0, 9999.0, 23.86, 9999.0, 22.11, 9999.0, 22.64, 22.48, 22.25, 22.25, 22.25
2026-08-23, 02:33:04, 22.32, 22.43, 22.75, 22.75, 9999.0, 9999.0, 9999.0, 23.82, 9999.0, 22.09, 9999.0, 22.64, 22.45, 22.25, 22.25, 22.25
2026-08-23, 02:33:08, 22.32, 22.43, 22.75, 22.75, 9999.0, 9999.0, 9999.0, 23.77, 9999.0, 22.07, 9999.0, 22.64, 22.45, 22.25, 22.25, 22.25
2026-08-23, 02:33:12, 22.32, 22.43, 22.75, 22.75, 9999.0, 9999.0, 9999.0, 23.73, 9999.0, 22.05, 9999.0, 22.64, 22.45, 22.25, 22.25, 22.25
2026-08-23, 02:33:16, 22.34, 22.43, 22.75, 22.75, 9999.0, 9999.0, 9999.0, 23.68, 9999.0, 22.05, 9999.0, 22.66, 22.45, 22.25, 22.25, 22.25
2026-08-23, 02:33:20, 22.34, 22.43, 22.75, 22.75, 9999.0, 9999.0, 9999.0, 23.66, 9999.0, 22.05, 9999.0, 22.66, 22.45, 22.25, 22.25, 22.25
2026-08-23, 02:33:24, 22.32, 22.43, 22.75, 22.75, 9999.0, 9999.0, 9999.0, 23.61, 9999.0, 22.07, 9999.0, 22.68, 22.45, 22.25, 22.25, 22.25
2026-08-23, 02:33:28, 22.32, 22.43, 22.75, 22.75, 9999.0, 9999.0, 9999.0, 23.57, 9999.0, 22.11, 9999.0, 22.7, 22.45, 22.25, 22.25, 22.25
2026-08-23, 02:33:32, 22.32, 22.45, 22.75, 22.75, 9999.0, 9999.0, 9999.0, 23.52, 9999.0, 22.14, 9999.0, 22.73, 22.48, 22.25, 22.25, 22.25
2026-08-23, 02:33:36, 22.34, 22.43, 22.75, 22.75, 9999.0, 9999.0, 9999.0, 23.55, 9999.0, 22.16, 9999.0, 22.75, 22.48, 22.25, 22.25, 22.25
2026-08-23, 02:33:40, 22.32, 22.45, 22.75, 22.75, 9999.0, 9999.0, 9999.0, 23.57, 9999.0, 22.18, 9999.0, 22.75, 22.48, 22.25, 22.27, 22.25
2026-08-23, 02:33:44, 22.3, 22.45, 22.75, 22.75, 9999.0, 9999.0, 9999.0, 23.59, 9999.0, 22.2, 9999.0, 22.75, 22.48, 22.25, 22.27, 22.25
2026-08-23, 02:33:48, 22.32, 22.48, 22.75, 22.75, 9999.0, 9999.0, 9999.0, 23.59, 9999.0, 22.23, 9999.0, 22.75, 22.5, 22.25, 22.27, 22.25
2026-08-23, 02:33:52, 22.32, 22.48, 22.75, 22.75, 9999.0, 9999.0, 9999.0, 23.64, 9999.0, 22.25, 9999.0, 22.75, 22.5, 22.25, 22.27, 22.25
2026-08-23, 02:33:56, 22.32, 22.48, 22.75, 22.75, 9999.0, 9999.0, 9999.0, 23.66, 9999.0, 22.27, 9999.0, 22.73, 22.5, 22.25, 22.27, 22.25
2026-08-23, 02:34:00, 22.3, 22.45, 22.75, 22.75, 9999.0, 9999.0, 9999.0, 23.68, 9999.0, 22.27, 9999.0, 22.7, 22.5, 22.25, 22.27, 22.25
2026-08-23, 02:34:04, 22.3, 22.45, 22.75, 22.75, 9999.0, 9999.0, 9999.0, 23.7, 9999.0, 22.25, 9999.0, 22.68, 22.5, 22.25, 22.27, 22.25
2026-08-23, 02:34:08, 22.3, 22.45, 22.75, 22.75, 9999.0, 9999.0, 9999.0, 23.75, 9999.0, 22.23, 9999.0, 22.66, 22.5, 22.25, 22.27, 22.25
2026-08-23, 02:34:12, 22.3, 22.45, 22.75, 22.75, 9999.0, 9999.0, 9999.0, 23.8, 9999.0, 22.18, 9999.0, 22.66, 22.5, 22.25, 22.27, 22.25
2026-08-23, 02:34:16, 22.3, 22.45, 22.75, 22.75, 9999.0, 9999.0, 9999.0, 23.82, 9999.0, 22.16, 9999.0, 22.66, 22.5, 22.25, 22.27, 22.25
2026-08-23, 02:34:20, 22.27, 22.48, 22.75, 22.75, 9999.0, 9999.0, 9999.0, 23.77, 9999.0, 22.14, 9999.0, 22.66, 22.5, 22.25, 22.27, 22.25
2026-08-23, 02:34:24, 22.27, 22.48, 22.75, 22.75, 9999.0, 9999.0, 9999.0, 23.73, 9999.0, 22.14, 9999.0, 22.68, 22.5, 22.25, 22.25, 22.25
2026-08-23, 02:34:28, 22.27, 22.48, 22.75, 22.75, 9999.0, 9999.0, 9999.0, 23.68, 9999.0, 22.11, 9999.0, 22.68, 22.5, 22.25, 22.25, 22.25
2026-08-23, 02:34:32, 22.25, 22.48, 22.75, 22.75, 9999.0, 9999.0, 9999.0, 23.66, 9999.0, 22.11, 9999.0, 22.68, 22.5, 22.25, 22.25, 22.25
2026-08-23, 02:34:36, 22.25, 22.48, 22.75, 22.75, 9999.0, 9999.0, 9999.0, 23.61, 9999.0, 22.11, 9999.0, 22.68, 22.5, 22.25, 22.25, 22.25
2026-08-23, 02:34:40, 22.25, 22.48, 22.75, 22.75, 9999.0, 9999.0, 9999.0, 23.59, 9999.0, 22.11, 9999.0, 22.7, 22.5, 22.25, 22.25, 22.25
2026-08-23, 02:34:44, 22.27, 22.5, 22.75, 22.75, 9999.0, 9999.0, 9999.0, 23.57, 9999.0, 22.14, 9999.0, 22.73, 22.5, 22.25, 22.25, 22.25
2026-08-23, 02:34:48, 22.27, 22.5, 22.75, 22.75, 9999.0, 9999.0, 9999.0, 23.55, 9999.0, 22.18, 9999.0, 22.75, 22.5, 22.25, 22.25, 22.25
2026-08-23, 02:34:52, 22.3, 22.5, 22.75, 22.75, 9999.0, 9999.0, 9999.0, 23.59, 9999.0, 22.23, 9999.0, 22.77, 22.5, 22.25, 22.25, 22.25
2026-08-23, 02:34:56, 22.3, 22.5, 22.75, 22.75, 9999.0, 9999.0, 9999.0, 23.64, 9999.0, 22.27, 9999.0, 22.77, 22.5, 22.25, 22.25, 22.25
2026-08-23, 02:35:00, 22.3, 22.5, 22.75, 22.75, 9999.0, 9999.0, 9999.0, 23.68, 9999.0, 22.3, 9999.0, 22.77, 22.5, 22.25, 22.25, 22.25
2026-08-23, 02:35:04, 22.32, 22.48, 22.75, 22.75, 9999.0, 9999.0, 9999.0, 23.73, 9999.0, 22.34, 9999.0, 22.77, 22.5, 22.25, 22.25, 22.25
2026-08-23, 02:35:08, 22.32, 22.48, 22.75, 22.75, 9999.0, 9999.0, 9999.0, 23.77, 9999.0, 22.34, 9999.0, 22.75, 22.5, 22.25, 22.25, 22.25
2026-08-23, 02:35:12, 22.34, 22.48, 22.75, 22.75, 9999.0, 9999.0, 9999.0, 23.82, 9999.0, 22.39, 9999.0, 22.73, 22.5, 22.25, 22.25, 22.25
2026-08-23, 02:35:16, 22.34, 22.48, 22.75, 22.75, 9999.0, 9999.0, 9999.0, 23.86, 9999.0, 22.39, 9999.0, 22.7, 22.5, 22.25, 22.25, 22.25
2026-08-23, 02:35:20, 22.34, 22.48, 22.75, 22.75, 9999.0, 9999.0, 9999.0, 23.91, 9999.0, 22.39, 9999.0, 22.68, 22.5, 22.25, 22.25, 22.25
2026-08-23, 02:35:24, 22.34, 22.48, 22.75, 22.75, 9999.0, 9999.0, 9999.0, 23.95, 9999.0, 22.39, 9999.0, 22.68, 22.5, 22.25, 22.25, 22.25
2026-08-23, 02:35:28, 22.32, 22.48, 22.75, 22.75, 9999.0, 9999.0, 9999.0, 24.0, 9999.0, 22.36, 9999.0, 22.68, 22.5, 22.25, 22.25, 22.25
2026-08-23, 02:35:32, 22.32, 22.48, 22.75, 22.77, 9999.0, 9999.0, 9999.0, 24.02, 9999.0, 22.34, 9999.0, 22.68, 22.5, 22.25, 22.25, 22.25
2026-08-23, 02:35:36, 22.3, 22.48, 22.75, 22.77, 9999.0, 9999.0, 9999.0, 23.98, 9999.0, 22.32, 9999.0, 22.68, 22.5, 22.25, 22.25, 22.25
2026-08-23, 02:35:40, 22.3, 22.48, 22.75, 22.77, 9999.0, 9999.0, 9999.0, 23.93, 9999.0, 22.3, 9999.0, 22.68, 22.5, 22.25, 22.25, 22.25
2026-08-23, 02:35:44, 22.3, 22.48, 22.75, 22.77, 9999.0, 9999.0, 9999.0, 23.89, 9999.0, 22.3, 9999.0, 22.68, 22.5, 22.25, 22.25, 22.27
2026-08-23, 02:35:48, 22.27, 22.5, 22.75, 22.77, 9999.0, 9999.0, 9999.0, 23.84, 9999.0, 22.27, 9999.0, 22.68, 22.5, 22.25, 22.25, 22.27
2026-08-23, 02:35:52, 22.27, 22.5, 22.75, 22.77, 9999.0, 9999.0, 9999.0, 23.8, 9999.0, 22.3, 9999.0, 22.68, 22.5, 22.25, 22.25, 22.27
2026-08-23, 02:35:56, 22.25, 22.5, 22.75, 22.77, 9999.0, 9999.0, 9999.0, 23.75, 9999.0, 22.27, 9999.0, 22.7, 22.5, 22.25, 22.25, 22.27
2026-08-23, 02:36:00, 22.25, 22.5, 22.75, 22.77, 9999.0, 9999.0, 9999.0, 23.7, 9999.0, 22.3, 9999.0, 22.73, 22.5, 22.25, 22.25, 22.27
2026-08-23, 02:36:04, 22.25, 22.5, 22.75, 22.77, 9999.0, 9999.0, 9999.0, 23.66, 9999.0, 22.32, 9999.0, 22.75, 22.5, 22.25, 22.25, 22.27
2026-08-23, 02:36:08, 22.27, 22.5, 22.75, 22.77, 9999.0, 9999.0, 9999.0, 23.61, 9999.0, 22.34, 9999.0, 22.75, 22.5, 22.25, 22.25, 22.27
2026-08-23, 02:36:13, 22.27, 22.5, 22.75, 22.77, 9999.0, 9999.0, 9999.0, 23.64, 9999.0, 22.36, 9999.0, 22.75, 22.5, 22.25, 22.25, 22.27
2026-08-23, 02:36:17, 22.27, 22.5, 22.75, 22.75, 9999.0, 9999.0, 9999.0, 23.68, 9999.0, 22.39, 9999.0, 22.75, 22.5, 22.25, 22.25, 22.27
2026-08-23, 02:36:21, 22.27, 22.5, 22.75, 22.75, 9999.0, 9999.0, 9999.0, 23.7, 9999.0, 22.41, 9999.0, 22.75, 22.5, 22.25, 22.25, 22.27
2026-08-23, 02:36:25, 22.27, 22.5, 22.75, 22.77, 9999.0, 9999.0, 9999.0, 23.73, 9999.0, 22.43, 9999.0, 22.75, 22.5, 22.25, 22.25, 22.27
2026-08-23, 02:36:29, 22.27, 22.5, 22.75, 22.77, 9999.0, 9999.0, 9999.0, 23.77, 9999.0, 22.45, 9999.0, 22.75, 22.5, 22.25, 22.25, 22.25
2026-08-23, 02:36:33, 22.27, 22.48, 22.75, 22.77, 9999.0, 9999.0, 9999.0, 23.82, 9999.0, 22.48, 9999.0, 22.75, 22.5, 22.25, 22.25, 22.25
2026-08-23, 02:36:37, 22.27, 22.45, 22.75, 22.77, 9999.0, 9999.0, 9999.0, 23.84, 9999.0, 22.45, 9999.0, 22.73, 22.5, 22.25, 22.25, 22.25
2026-08-23, 02:36:41, 22.27, 22.45, 22.75, 22.77, 9999.0, 9999.0, 9999.0, 23.89, 9999.0, 22.45, 9999.0, 22.7, 22.5, 22.25, 22.25, 22.25
2026-08-23, 02:36:45, 22.27, 22.45, 22.75, 22.8, 9999.0, 9999.0, 9999.0, 23.93, 9999.0, 22.43, 9999.0, 22.68, 22.5, 22.25, 22.25, 22.25
2026-08-23, 02:36:49, 22.27, 22.45, 22.75, 22.8, 9999.0, 9999.0, 9999.0, 23.95, 9999.0, 22.41, 9999.0, 22.68, 22.5, 22.25, 22.25, 22.25
2026-08-23, 02:36:53, 22.27, 22.45, 22.75, 22.8, 9999.0, 9999.0, 9999.0, 23.98, 9999.0, 22.39, 9999.0, 22.68, 22.5, 22.25, 22.25, 22.25
2026-08-23, 02:36:57, 22.27, 22.45, 22.75, 22.8, 9999.0, 9999.0, 9999.0, 23.93, 9999.0, 22.36, 9999.0, 22.68, 22.5, 22.25, 22.25, 22.25
2026-08-23, 02:37:01, 22.3, 22.45, 22.75, 22.8, 9999.0, 9999.0, 9999.0, 23.89, 9999.0, 22.34, 9999.0, 22.68, 22.5, 22.25, 22.25, 22.25
2026-08-23, 02:37:05, 22.3, 22.45, 22.75, 22.8, 9999.0, 9999.0, 9999.0, 23.86, 9999.0, 22.32, 9999.0, 22.68, 22.5, 22.25, 22.27, 22.25
2026-08-23, 02:37:09, 22.32, 22.45, 22.75, 22.77, 9999.0, 9999.0, 9999.0, 23.82, 9999.0, 22.32, 9999.0, 22.68, 22.5, 22.25, 22.27, 22.25
2026-08-23, 02:37:13, 22.32, 22.45, 22.75, 22.8, 9999.0, 9999.0, 9999.0, 23.77, 9999.0, 22.32, 9999.0, 22.68, 22.5, 22.25, 22.27, 22.25
2026-08-23, 02:37:17, 22.32, 22.48, 22.75, 22.82, 9999.0, 9999.0, 9999.0, 23.73, 9999.0, 22.32, 9999.0, 22.68, 22.5, 22.25, 22.27, 22.25
2026-08-23, 02:37:21, 22.32, 22.5, 22.75, 22.84, 9999.0, 9999.0, 9999.0, 23.7, 9999.0, 22.36, 9999.0, 22.7, 22.5, 22.25, 22.27, 22.25
2026-08-23, 02:37:25, 22.32, 22.5, 22.75, 22.84, 9999.0, 9999.0, 9999.0, 23.66, 9999.0, 22.39, 9999.0, 22.73, 22.5, 22.25, 22.27, 22.25
2026-08-23, 02:37:29, 22.32, 22.5, 22.75, 22.82, 9999.0, 9999.0, 9999.0, 23.68, 9999.0, 22.43, 9999.0, 22.75, 22.5, 22.25, 22.27, 22.25
2026-08-23, 02:37:33, 22.32, 22.5, 22.75, 22.82, 9999.0, 9999.0, 9999.0, 23.73, 9999.0, 22.45, 9999.0, 22.75, 22.5, 22.25, 22.27, 22.25
2026-08-23, 02:37:37, 22.3, 22.5, 22.75, 22.82, 9999.0, 9999.0, 9999.0, 23.77, 9999.0, 22.48, 9999.0, 22.75, 22.5, 22.25, 22.27, 22.25
2026-08-23, 02:37:41, 22.3, 22.5, 22.75, 22.82, 9999.0, 9999.0, 9999.0, 23.82, 9999.0, 22.5, 9999.0, 22.73, 22.5, 22.25, 22.27, 22.25
2026-08-23, 02:37:45, 22.27, 22.5, 22.75, 22.82, 9999.0, 9999.0, 9999.0, 23.84, 9999.0, 22.52, 9999.0, 22.73, 22.5, 22.25, 22.27, 22.25
2026-08-23, 02:37:49, 22.27, 22.5, 22.75, 22.82, 9999.0, 9999.0, 9999.0, 23.86, 9999.0, 22.55, 9999.0, 22.73, 22.5, 22.25, 22.25, 22.25
2026-08-23, 02:37:53, 22.25, 22.5, 22.75, 22.82, 9999.0, 9999.0, 9999.0, 23.91, 9999.0, 22.55, 9999.0, 22.7, 22.5, 22.25, 22.25, 22.25
2026-08-23, 02:37:57, 22.25, 22.5, 22.75, 22.8, 9999.0, 9999.0, 9999.0, 23.95, 9999.0, 22.52, 9999.0, 22.7, 22.5, 22.25, 22.25, 22.25
2026-08-23, 02:38:01, 22.25, 22.5, 22.75, 22.77, 9999.0, 9999.0, 9999.0, 24.0, 9999.0, 22.52, 9999.0, 22.68, 22.5, 22.25, 22.25, 22.25
2026-08-23, 02:38:05, 22.25, 22.5, 22.77, 22.75, 9999.0, 9999.0, 9999.0, 24.05, 9999.0, 22.5, 9999.0, 22.68, 22.5, 22.25, 22.25, 22.25
2026-08-23, 02:38:09, 22.27, 22.5, 22.77, 22.75, 9999.0, 9999.0, 9999.0, 24.09, 9999.0, 22.48, 9999.0, 22.68, 22.5, 22.25, 22.25, 22.25
2026-08-23, 02:38:13, 22.27, 22.48, 22.77, 22.75, 9999.0, 9999.0, 9999.0, 24.05, 9999.0, 22.43, 9999.0, 22.68, 22.5, 22.25, 22.25, 22.25
2026-08-23, 02:38:17, 22.27, 22.48, 22.77, 22.75, 9999.0, 9999.0, 9999.0, 24.0, 9999.0, 22.43, 9999.0, 22.68, 22.5, 22.25, 22.25, 22.25
2026-08-23, 02:38:21, 22.27, 22.48, 22.77, 22.75, 9999.0, 9999.0, 9999.0, 23.95, 9999.0, 22.41, 9999.0, 22.68, 22.5, 22.25, 22.25, 22.25
2026-08-23, 02:38:25, 22.27, 22.45, 22.77, 22.75, 9999.0, 9999.0, 9999.0, 23.91, 9999.0, 22.41, 9999.0, 22.7, 22.5, 22.25, 22.25, 22.25
2026-08-23, 02:38:29, 22.27, 22.45, 22.77, 22.75, 9999.0, 9999.0, 9999.0, 23.89, 9999.0, 22.41, 9999.0, 22.7, 22.5, 22.25, 22.25, 22.25
2026-08-23, 02:38:33, 22.3, 22.45, 22.77, 22.75, 9999.0, 9999.0, 9999.0, 23.84, 9999.0, 22.41, 9999.0, 22.7, 22.5, 22.25, 22.25, 22.25
2026-08-23, 02:38:37, 22.3, 22.45, 22.77, 22.75, 9999.0, 9999.0, 9999.0, 23.8, 9999.0, 22.43, 9999.0, 22.73, 22.5, 22.25, 22.25, 22.25
2026-08-23, 02:38:41, 22.32, 22.45, 22.77, 22.75, 9999.0, 9999.0, 9999.0, 23.75, 9999.0, 22.48, 9999.0, 22.73, 22.5, 22.25, 22.25, 22.25
2026-08-23, 02:38:45, 22.32, 22.45, 22.77, 22.75, 9999.0, 9999.0, 9999.0, 23.7, 9999.0, 22.5, 9999.0, 22.75, 22.5, 22.25, 22.25, 22.25
2026-08-23, 02:38:49, 22.32, 22.45, 22.75, 22.75, 9999.0, 9999.0, 9999.0, 23.73, 9999.0, 22.52, 9999.0, 22.75, 22.5, 22.25, 22.27, 22.25
2026-08-23, 02:38:53, 22.3, 22.45, 22.75, 22.75, 9999.0, 9999.0, 9999.0, 23.75, 9999.0, 22.57, 9999.0, 22.75, 22.5, 22.23, 22.27, 22.25
2026-08-23, 02:38:57, 22.3, 22.48, 22.75, 22.75, 9999.0, 9999.0, 9999.0, 23.8, 9999.0, 22.61, 9999.0, 22.75, 22.5, 22.23, 22.27, 22.25
2026-08-23, 02:39:01, 22.3, 22.48, 22.75, 22.75, 9999.0, 9999.0, 9999.0, 23.82, 9999.0, 22.61, 9999.0, 22.75, 22.5, 22.23, 22.27, 22.25
2026-08-23, 02:39:05, 22.3, 22.48, 22.75, 22.75, 9999.0, 9999.0, 9999.0, 23.84, 9999.0, 22.64, 9999.0, 22.75, 22.5, 22.23, 22.27, 22.25
2026-08-23, 02:39:09, 22.3, 22.5, 22.75, 22.75, 9999.0, 9999.0, 9999.0, 23.86, 9999.0, 22.64, 9999.0, 22.73, 22.5, 22.23, 22.27, 22.25
2026-08-23, 02:39:13, 22.3, 22.5, 22.75, 22.75, 9999.0, 9999.0, 9999.0, 23.89, 9999.0, 22.64, 9999.0, 22.7, 22.5, 22.23, 22.27, 22.25
2026-08-23, 02:39:17, 22.3, 22.5, 22.75, 22.75, 9999.0, 9999.0, 9999.0, 23.95, 9999.0, 22.64, 9999.0, 22.7, 22.5, 22.23, 22.27, 22.25
2026-08-23, 02:39:21, 22.3, 22.5, 22.75, 22.75, 9999.0, 9999.0, 9999.0, 24.0, 9999.0, 22.61, 9999.0, 22.68, 22.5, 22.23, 22.27, 22.25
2026-08-23, 02:39:25, 22.3, 22.5, 22.75, 22.75, 9999.0, 9999.0, 9999.0, 24.05, 9999.0, 22.59, 9999.0, 22.68, 22.5, 22.23, 22.27, 22.25
2026-08-23, 02:39:29, 22.3, 22.5, 22.75, 22.75, 9999.0, 9999.0, 9999.0, 24.07, 9999.0, 22.57, 9999.0, 22.68, 22.5, 22.2, 22.27, 22.25
2026-08-23, 02:39:33, 22.3, 22.5, 22.75, 22.75, 9999.0, 9999.0, 9999.0, 24.05, 9999.0, 22.55, 9999.0, 22.68, 22.5, 22.2, 22.25, 22.25
2026-08-23, 02:39:37, 22.32, 22.5, 22.75, 22.75, 9999.0, 9999.0, 9999.0, 24.0, 9999.0, 22.52, 9999.0, 22.7, 22.5, 22.23, 22.25, 22.25
2026-08-23, 02:39:41, 22.32, 22.5, 22.75, 22.75, 9999.0, 9999.0, 9999.0, 23.95, 9999.0, 22.5, 9999.0, 22.7, 22.5, 22.23, 22.25, 22.25
2026-08-23, 02:39:45, 22.34, 22.5, 22.75, 22.75, 9999.0, 9999.0, 9999.0, 23.93, 9999.0, 22.52, 9999.0, 22.7, 22.5, 22.23, 22.25, 22.25
2026-08-23, 02:39:49, 22.34, 22.5, 22.75, 22.75, 9999.0, 9999.0, 9999.0, 23.91, 9999.0, 22.55, 9999.0, 22.7, 22.5, 22.23, 22.25, 22.25
2026-08-23, 02:39:53, 22.34, 22.5, 22.75, 22.75, 9999.0, 9999.0, 9999.0, 23.89, 9999.0, 22.57, 9999.0, 22.73, 22.5, 22.23, 22.25, 22.25
2026-08-23, 02:39:58, 22.34, 22.48, 22.75, 22.75, 9999.0, 9999.0, 9999.0, 23.84, 9999.0, 22.59, 9999.0, 22.75, 22.5, 22.23, 22.25, 22.25
2026-08-23, 02:40:02, 22.34, 22.48, 22.75, 22.75, 9999.0, 9999.0, 9999.0, 23.77, 9999.0, 22.61, 9999.0, 22.75, 22.5, 22.23, 22.25, 22.25
2026-08-23, 02:40:06, 22.36, 22.48, 22.75, 22.75, 9999.0, 9999.0, 9999.0, 23.82, 9999.0, 22.64, 9999.0, 22.77, 22.5, 22.23, 22.25, 22.25
2026-08-23, 02:40:10, 22.34, 22.48, 22.75, 22.75, 9999.0, 9999.0, 9999.0, 23.84, 9999.0, 22.66, 9999.0, 22.77, 22.5, 22.23, 22.25, 22.25
2026-08-23, 02:40:14, 22.34, 22.48, 22.75, 22.75, 9999.0, 9999.0, 9999.0, 23.89, 9999.0, 22.68, 9999.0, 22.77, 22.5, 22.25, 22.25, 22.25
2026-08-23, 02:40:18, 22.34, 22.48, 22.75, 22.75, 9999.0, 9999.0, 9999.0, 23.89, 9999.0, 22.7, 9999.0, 22.77, 22.5, 22.25, 22.27, 22.25
2026-08-23, 02:40:22, 22.32, 22.48, 22.75, 22.75, 9999.0, 9999.0, 9999.0, 23.93, 9999.0, 22.7, 9999.0, 22.73, 22.5, 22.25, 22.27, 22.25
2026-08-23, 02:40:26, 22.32, 22.48, 22.75, 22.75, 9999.0, 9999.0, 9999.0, 23.95, 9999.0, 22.73, 9999.0, 22.73, 22.5, 22.25, 22.27, 22.25
2026-08-23, 02:40:30, 22.3, 22.48, 22.75, 22.75, 9999.0, 9999.0, 9999.0, 23.98, 9999.0, 22.73, 9999.0, 22.7, 22.5, 22.25, 22.27, 22.25
2026-08-23, 02:40:34, 22.3, 22.48, 22.75, 22.75, 9999.0, 9999.0, 9999.0, 24.0, 9999.0, 22.73, 9999.0, 22.68, 22.5, 22.23, 22.27, 22.25
2026-08-23, 02:40:38, 22.3, 22.48, 22.75, 22.75, 9999.0, 9999.0, 9999.0, 24.05, 9999.0, 22.7, 9999.0, 22.66, 22.5, 22.23, 22.27, 22.25
2026-08-23, 02:40:42, 22.32, 22.5, 22.75, 22.75, 9999.0, 9999.0, 9999.0, 24.09, 9999.0, 22.68, 9999.0, 22.66, 22.5, 22.23, 22.27, 22.25
2026-08-23, 02:40:46, 22.32, 22.5, 22.75, 22.75, 9999.0, 9999.0, 9999.0, 24.14, 9999.0, 22.66, 9999.0, 22.66, 22.5, 22.23, 22.27, 22.25
2026-08-23, 02:40:50, 22.3, 22.5, 22.75, 22.77, 9999.0, 9999.0, 9999.0, 24.09, 9999.0, 22.64, 9999.0, 22.66, 22.5, 22.23, 22.27, 22.25
2026-08-23, 02:40:54, 22.3, 22.5, 22.75, 22.77, 9999.0, 9999.0, 9999.0, 24.07, 9999.0, 22.61, 9999.0, 22.68, 22.5, 22.23, 22.27, 22.25
2026-08-23, 02:40:58, 22.3, 22.5, 22.75, 22.77, 9999.0, 9999.0, 9999.0, 24.02, 9999.0, 22.59, 9999.0, 22.68, 22.5, 22.23, 22.27, 22.25
2026-08-23, 02:41:02, 22.3, 22.5, 22.75, 22.77, 9999.0, 9999.0, 9999.0, 24.0, 9999.0, 22.59, 9999.0, 22.68, 22.5, 22.23, 22.25, 22.25
2026-08-23, 02:41:06, 22.3, 22.5, 22.75, 22.77, 9999.0, 9999.0, 9999.0, 23.95, 9999.0, 22.61, 9999.0, 22.7, 22.5, 22.23, 22.25, 22.25
2026-08-23, 02:41:10, 22.3, 22.5, 22.75, 22.77, 9999.0, 9999.0, 9999.0, 23.93, 9999.0, 22.61, 9999.0, 22.7, 22.5, 22.23, 22.25, 22.25
2026-08-23, 02:41:14, 22.3, 22.5, 22.75, 22.77, 9999.0, 9999.0, 9999.0, 23.91, 9999.0, 22.64, 9999.0, 22.73, 22.5, 22.23, 22.25, 22.25
2026-08-23, 02:41:18, 22.3, 22.5, 22.75, 22.77, 9999.0, 9999.0, 9999.0, 23.86, 9999.0, 22.64, 9999.0, 22.75, 22.5, 22.25, 22.25, 22.25
2026-08-23, 02:41:22, 22.3, 22.5, 22.75, 22.77, 9999.0, 9999.0, 9999.0, 23.89, 9999.0, 22.66, 9999.0, 22.77, 22.5, 22.25, 22.25, 22.25
2026-08-23, 02:41:26, 22.27, 22.5, 22.75, 22.77, 9999.0, 9999.0, 9999.0, 23.93, 9999.0, 22.68, 9999.0, 22.77, 22.5, 22.25, 22.25, 22.25
2026-08-23, 02:41:30, 22.27, 22.5, 22.75, 22.77, 9999.0, 9999.0, 9999.0, 23.95, 9999.0, 22.7, 9999.0, 22.77, 22.5, 22.25, 22.25, 22.25
2026-08-23, 02:41:34, 22.27, 22.5, 22.75, 22.75, 9999.0, 9999.0, 9999.0, 23.98, 9999.0, 22.73, 9999.0, 22.77, 22.5, 22.25, 22.25, 22.25
2026-08-23, 02:41:38, 22.3, 22.5, 22.75, 22.75, 9999.0, 9999.0, 9999.0, 24.0, 9999.0, 22.75, 9999.0, 22.73, 22.5, 22.25, 22.25, 22.25
2026-08-23, 02:41:42, 22.32, 22.5, 22.75, 22.75, 9999.0, 9999.0, 9999.0, 24.05, 9999.0, 22.77, 9999.0, 22.7, 22.5, 22.25, 22.25, 22.25
2026-08-23, 02:41:46, 22.32, 22.5, 22.75, 22.75, 9999.0, 9999.0, 9999.0, 24.09, 9999.0, 22.77, 9999.0, 22.68, 22.5, 22.25, 22.25, 22.25
2026-08-23, 02:41:50, 22.34, 22.5, 22.75, 22.75, 9999.0, 9999.0, 9999.0, 24.11, 9999.0, 22.77, 9999.0, 22.66, 22.5, 22.25, 22.25, 22.25
2026-08-23, 02:41:54, 22.36, 22.5, 22.75, 22.75, 9999.0, 9999.0, 9999.0, 24.16, 9999.0, 22.77, 9999.0, 22.64, 22.5, 22.25, 22.25, 22.25
2026-08-23, 02:41:58, 22.36, 22.5, 22.75, 22.75, 9999.0, 9999.0, 9999.0, 24.18, 9999.0, 22.75, 9999.0, 22.61, 22.5, 22.25, 22.25, 22.25
2026-08-23, 02:42:02, 22.39, 22.5, 22.75, 22.75, 9999.0, 9999.0, 9999.0, 24.23, 9999.0, 22.73, 9999.0, 22.61, 22.5, 22.25, 22.25, 22.25
2026-08-23, 02:42:06, 22.39, 22.5, 22.75, 22.75, 9999.0, 9999.0, 9999.0, 24.18, 9999.0, 22.7, 9999.0, 22.61, 22.5, 22.25, 22.25, 22.25
2026-08-23, 02:42:10, 22.39, 22.5, 22.75, 22.75, 9999.0, 9999.0, 9999.0, 24.14, 9999.0, 22.68, 9999.0, 22.61, 22.5, 22.25, 22.25, 22.25
2026-08-23, 02:42:14, 22.36, 22.5, 22.75, 22.75, 9999.0, 9999.0, 9999.0, 24.11, 9999.0, 22.68, 9999.0, 22.61, 22.5, 22.25, 22.25, 22.25
2026-08-23, 02:42:18, 22.36, 22.5, 22.75, 22.75, 9999.0, 9999.0, 9999.0, 24.07, 9999.0, 22.66, 9999.0, 22.61, 22.5, 22.25, 22.25, 22.25
2026-08-23, 02:42:22, 22.34, 22.5, 22.75, 22.75, 9999.0, 9999.0, 9999.0, 24.02, 9999.0, 22.66, 9999.0, 22.64, 22.5, 22.25, 22.25, 22.25
2026-08-23, 02:42:26, 22.32, 22.5, 22.75, 22.75, 9999.0, 9999.0, 9999.0, 23.98, 9999.0, 22.66, 9999.0, 22.66, 22.5, 22.25, 22.25, 22.25
2026-08-23, 02:42:30, 22.32, 22.5, 22.75, 22.75, 9999.0, 9999.0, 9999.0, 23.93, 9999.0, 22.68, 9999.0, 22.68, 22.5, 22.25, 22.25, 22.25
2026-08-23, 02:42:34, 22.3, 22.5, 22.75, 22.75, 9999.0, 9999.0, 9999.0, 23.89, 9999.0, 22.7, 9999.0, 22.7, 22.5, 22.25, 22.25, 22.25
2026-08-23, 02:42:38, 22.27, 22.5, 22.75, 22.75, 9999.0, 9999.0, 9999.0, 23.82, 9999.0, 22.7, 9999.0, 22.73, 22.5, 22.25, 22.25, 22.25
2026-08-23, 02:42:42, 22.27, 22.5, 22.75, 22.75, 9999.0, 9999.0, 9999.0, 23.86, 9999.0, 22.7, 9999.0, 22.75, 22.5, 22.25, 22.25, 22.25
2026-08-23, 02:42:46, 22.27, 22.5, 22.75, 22.75, 9999.0, 9999.0, 9999.0, 23.91, 9999.0, 22.73, 9999.0, 22.75, 22.5, 22.25, 22.25, 22.25
2026-08-23, 02:42:50, 22.27, 22.5, 22.75, 22.75, 9999.0, 9999.0, 9999.0, 23.93, 9999.0, 22.75, 9999.0, 22.75, 22.5, 22.25, 22.25, 22.25
2026-08-23, 02:42:54, 22.27, 22.5, 22.75, 22.75, 9999.0, 9999.0, 9999.0, 23.95, 9999.0, 22.77, 9999.0, 22.73, 22.5, 22.25, 22.25, 22.25
2026-08-23, 02:42:58, 22.27, 22.5, 22.75, 22.75, 9999.0, 9999.0, 9999.0, 23.98, 9999.0, 22.77, 9999.0, 22.7, 22.5, 22.25, 22.25, 22.25
2026-08-23, 02:43:02, 22.27, 22.5, 22.75, 22.75, 9999.0, 9999.0, 9999.0, 24.02, 9999.0, 22.8, 9999.0, 22.68, 22.5, 22.25, 22.25, 22.25
2026-08-23, 02:43:06, 22.27, 22.5, 22.75, 22.75, 9999.0, 9999.0, 9999.0, 24.05, 9999.0, 22.8, 9999.0, 22.66, 22.5, 22.25, 22.25, 22.25
2026-08-23, 02:43:10, 22.27, 22.5, 22.75, 22.75, 9999.0, 9999.0, 9999.0, 24.07, 9999.0, 22.8, 9999.0, 22.64, 22.5, 22.25, 22.25, 22.25
2026-08-23, 02:43:14, 22.27, 22.5, 22.75, 22.75, 9999.0, 9999.0, 9999.0, 24.11, 9999.0, 22.77, 9999.0, 22.61, 22.5, 22.25, 22.25, 22.25
2026-08-23, 02:43:18, 22.3, 22.5, 22.75, 22.75, 9999.0, 9999.0, 9999.0, 24.16, 9999.0, 22.75, 9999.0, 22.61, 22.5, 22.25, 22.25, 22.25
2026-08-23, 02:43:22, 22.3, 22.5, 22.75, 22.75, 9999.0, 9999.0, 9999.0, 24.2, 9999.0, 22.75, 9999.0, 22.61, 22.5, 22.25, 22.25, 22.25
2026-08-23, 02:43:26, 22.3, 22.5, 22.75, 22.75, 9999.0, 9999.0, 9999.0, 24.16, 9999.0, 22.75, 9999.0, 22.61, 22.5, 22.25, 22.25, 22.25
2026-08-23, 02:43:30, 22.27, 22.5, 22.75, 22.75, 9999.0, 9999.0, 9999.0, 24.11, 9999.0, 22.75, 9999.0, 22.61, 22.5, 22.25, 22.25, 22.25
2026-08-23, 02:43:34, 22.27, 22.5, 22.75, 22.75, 9999.0, 9999.0, 9999.0, 24.09, 9999.0, 22.75, 9999.0, 22.61, 22.5, 22.25, 22.25, 22.25
2026-08-23, 02:43:38, 22.27, 22.5, 22.75, 22.75, 9999.0, 9999.0, 9999.0, 24.07, 9999.0, 22.75, 9999.0, 22.64, 22.5, 22.25, 22.25, 22.25
2026-08-23, 02:43:42, 22.27, 22.5, 22.75, 22.75, 9999.0, 9999.0, 9999.0, 24.02, 9999.0, 22.75, 9999.0, 22.66, 22.5, 22.25, 22.25, 22.25
2026-08-23, 02:43:47, 22.27, 22.5, 22.75, 22.75, 9999.0, 9999.0, 9999.0, 23.98, 9999.0, 22.75, 9999.0, 22.68, 22.5, 22.25, 22.25, 22.25
2026-08-23, 02:43:51, 22.27, 22.5, 22.75, 22.75, 9999.0, 9999.0, 9999.0, 23.95, 9999.0, 22.77, 9999.0, 22.7, 22.5, 22.25, 22.25, 22.25
2026-08-23, 02:43:55, 22.27, 22.5, 22.75, 22.75, 9999.0, 9999.0, 9999.0, 23.93, 9999.0, 22.8, 9999.0, 22.73, 22.5, 22.25, 22.25, 22.25
2026-08-23, 02:43:59, 22.27, 22.5, 22.75, 22.75, 9999.0, 9999.0, 9999.0, 23.95, 9999.0, 22.82, 9999.0, 22.75, 22.5, 22.25, 22.25, 22.25
2026-08-23, 02:44:03, 22.25, 22.5, 22.75, 22.75, 9999.0, 9999.0, 9999.0, 23.98, 9999.0, 22.82, 9999.0, 22.73, 22.5, 22.25, 22.25, 22.25
2026-08-23, 02:44:07, 22.25, 22.5, 22.75, 22.75, 9999.0, 9999.0, 9999.0, 24.0, 9999.0, 22.82, 9999.0, 22.73, 22.5, 22.25, 22.25, 22.25
2026-08-23, 02:44:11, 22.25, 22.5, 22.75, 22.75, 9999.0, 9999.0, 9999.0, 24.02, 9999.0, 22.82, 9999.0, 22.7, 22.5, 22.25, 22.25, 22.25
2026-08-23, 02:44:15, 22.25, 22.5, 22.75, 22.75, 9999.0, 9999.0, 9999.0, 24.05, 9999.0, 22.82, 9999.0, 22.68, 22.5, 22.25, 22.25, 22.25
2026-08-23, 02:44:19, 22.25, 22.5, 22.75, 22.75, 9999.0, 9999.0, 9999.0, 24.07, 9999.0, 22.82, 9999.0, 22.66, 22.5, 22.25, 22.25, 22.25
2026-08-23, 02:44:23, 22.25, 22.5, 22.75, 22.75, 9999.0, 9999.0, 9999.0, 24.09, 9999.0, 22.82, 9999.0, 22.64, 22.5, 22.25, 22.25, 22.25
2026-08-23, 02:44:27, 22.25, 22.5, 22.75, 22.75, 9999.0, 9999.0, 9999.0, 24.14, 9999.0, 22.82, 9999.0, 22.61, 22.5, 22.25, 22.25, 22.25
2026-08-23, 02:44:31, 22.25, 22.5, 22.75, 22.75, 9999.0, 9999.0, 9999.0, 24.18, 9999.0, 22.82, 9999.0, 22.59, 22.5, 22.25, 22.25, 22.25
2026-08-23, 02:44:35, 22.25, 22.5, 22.75, 22.75, 9999.0, 9999.0, 9999.0, 24.23, 9999.0, 22.8, 9999.0, 22.59, 22.48, 22.25, 22.25, 22.25
2026-08-23, 02:44:39, 22.25, 22.5, 22.75, 22.75, 9999.0, 9999.0, 9999.0, 24.25, 9999.0, 22.77, 9999.0, 22.59, 22.48, 22.25, 22.25, 22.25
2026-08-23, 02:44:43, 22.25, 22.5, 22.75, 22.75, 9999.0, 9999.0, 9999.0, 24.2, 9999.0, 22.73, 9999.0, 22.59, 22.48, 22.25, 22.25, 22.25
2026-08-23, 02:44:47, 22.25, 22.5, 22.75, 22.75, 9999.0, 9999.0, 9999.0, 24.18, 9999.0, 22.73, 9999.0, 22.61, 22.48, 22.25, 22.25, 22.25
2026-08-23, 02:44:51, 22.25, 22.5, 22.75, 22.75, 9999.0, 9999.0, 9999.0, 24.16, 9999.0, 22.7, 9999.0, 22.61, 22.48, 22.25, 22.25, 22.25
2026-08-23, 02:44:55, 22.25, 22.5, 22.75, 22.75, 9999.0, 9999.0, 9999.0, 24.14, 9999.0, 22.68, 9999.0, 22.64, 22.48, 22.25, 22.25, 22.25
2026-08-23, 02:44:59, 22.25, 22.5, 22.75, 22.75, 9999.0, 9999.0, 9999.0, 24.09, 9999.0, 22.68, 9999.0, 22.66, 22.48, 22.25, 22.25, 22.25
2026-08-23, 02:45:03, 22.25, 22.5, 22.75, 22.75, 9999.0, 9999.0, 9999.0, 24.05, 9999.0, 22.68, 9999.0, 22.68, 22.48, 22.25, 22.25, 22.25
2026-08-23, 02:45:07, 22.25, 22.5, 22.75, 22.75, 9999.0, 9999.0, 9999.0, 24.0, 9999.0, 22.7, 9999.0, 22.7, 22.48, 22.25, 22.25, 22.25
2026-08-23, 02:45:11, 22.27, 22.5, 22.75, 22.75, 9999.0, 9999.0, 9999.0, 23.95, 9999.0, 22.73, 9999.0, 22.73, 22.48, 22.25, 22.25, 22.25
2026-08-23, 02:45:15, 22.27, 22.5, 22.75, 22.75, 9999.0, 9999.0, 9999.0, 23.91, 9999.0, 22.75, 9999.0, 22.75, 22.48, 22.25, 22.25, 22.25
2026-08-23, 02:45:19, 22.27, 22.5, 22.75, 22.75, 9999.0, 9999.0, 9999.0, 23.93, 9999.0, 22.75, 9999.0, 22.73, 22.5, 22.25, 22.25, 22.25
2026-08-23, 02:45:23, 22.27, 22.5, 22.75, 22.75, 9999.0, 9999.0, 9999.0, 23.98, 9999.0, 22.75, 9999.0, 22.73, 22.5, 22.25, 22.25, 22.25
2026-08-23, 02:45:27, 22.27, 22.5, 22.75, 22.75, 9999.0, 9999.0, 9999.0, 24.02, 9999.0, 22.77, 9999.0, 22.7, 22.5, 22.25, 22.25, 22.25
2026-08-23, 02:45:31, 22.27, 22.5, 22.75, 22.75, 9999.0, 9999.0, 9999.0, 24.05, 9999.0, 22.77, 9999.0, 22.68, 22.5, 22.25, 22.25, 22.25
2026-08-23, 02:45:35, 22.27, 22.5, 22.75, 22.75, 9999.0, 9999.0, 9999.0, 24.07, 9999.0, 22.8, 9999.0, 22.66, 22.5, 22.25, 22.25, 22.25
2026-08-23, 02:45:39, 22.27, 22.5, 22.75, 22.75, 9999.0, 9999.0, 9999.0, 24.09, 9999.0, 22.82, 9999.0, 22.64, 22.5, 22.25, 22.25, 22.25
2026-08-23, 02:45:43, 22.27, 22.5, 22.75, 22.75, 9999.0, 9999.0, 9999.0, 24.11, 9999.0, 22.82, 9999.0, 22.61, 22.5, 22.25, 22.25, 22.25
2026-08-23, 02:45:47, 22.27, 22.5, 22.75, 22.75, 9999.0, 9999.0, 9999.0, 24.14, 9999.0, 22.82, 9999.0, 22.59, 22.5, 22.25, 22.25, 22.25
2026-08-23, 02:45:51, 22.27, 22.5, 22.75, 22.75, 9999.0, 9999.0, 9999.0, 24.18, 9999.0, 22.8, 9999.0, 22.57, 22.5, 22.25, 22.25, 22.25
2026-08-23, 02:45:55, 22.25, 22.5, 22.75, 22.75, 9999.0, 9999.0, 9999.0, 24.2, 9999.0, 22.77, 9999.0, 22.57, 22.5, 22.25, 22.25, 22.25
2026-08-23, 02:45:59, 22.25, 22.5, 22.75, 22.75, 9999.0, 9999.0, 9999.0, 24.23, 9999.0, 22.75, 9999.0, 22.57, 22.5, 22.25, 22.25, 22.25
2026-08-23, 02:46:03, 22.25, 22.5, 22.75, 22.75, 9999.0, 9999.0, 9999.0, 24.18, 9999.0, 22.73, 9999.0, 22.59, 22.5, 22.25, 22.25, 22.25
2026-08-23, 02:46:07, 22.27, 22.5, 22.75, 22.75, 9999.0, 9999.0, 9999.0, 24.14, 9999.0, 22.7, 9999.0, 22.59, 22.5, 22.25, 22.25, 22.25
2026-08-23, 02:46:11, 22.27, 22.5, 22.75, 22.75, 9999.0, 9999.0, 9999.0, 24.07, 9999.0, 22.68, 9999.0, 22.61, 22.5, 22.25, 22.25, 22.25
2026-08-23, 02:46:15, 22.27, 22.5, 22.75, 22.75, 9999.0, 9999.0, 9999.0, 24.02, 9999.0, 22.68, 9999.0, 22.64, 22.5, 22.25, 22.25, 22.25
2026-08-23, 02:46:19, 22.27, 22.5, 22.75, 22.75, 9999.0, 9999.0, 9999.0, 23.98, 9999.0, 22.68, 9999.0, 22.66, 22.5, 22.25, 22.25, 22.25
2026-08-23, 02:46:23, 22.27, 22.5, 22.75, 22.75, 9999.0, 9999.0, 9999.0, 23.93, 9999.0, 22.68, 9999.0, 22.68, 22.5, 22.25, 22.25, 22.25
2026-08-23, 02:46:27, 22.27, 22.5, 22.75, 22.75, 9999.0, 9999.0, 9999.0, 23.91, 9999.0, 22.68, 9999.0, 22.7, 22.5, 22.25, 22.25, 22.25
2026-08-23, 02:46:31, 22.27, 22.5, 22.75, 22.75, 9999.0, 9999.0, 9999.0, 23.89, 9999.0, 22.68, 9999.0, 22.73, 22.5, 22.25, 22.25, 22.25
2026-08-23, 02:46:35, 22.27, 22.5, 22.75, 22.75, 9999.0, 9999.0, 9999.0, 23.91, 9999.0, 22.68, 9999.0, 22.75, 22.5, 22.25, 22.25, 22.25
2026-08-23, 02:46:39, 22.27, 22.5, 22.75, 22.75, 9999.0, 9999.0, 9999.0, 23.95, 9999.0, 22.68, 9999.0, 22.73, 22.5, 22.25, 22.25, 22.25
2026-08-23, 02:46:43, 22.27, 22.5, 22.75, 22.75, 9999.0, 9999.0, 9999.0, 23.98, 9999.0, 22.68, 9999.0, 22.7, 22.5, 22.25, 22.25, 22.25
2026-08-23, 02:46:47, 22.27, 22.5, 22.75, 22.75, 9999.0, 9999.0, 9999.0, 24.0, 9999.0, 22.7, 9999.0, 22.68, 22.5, 22.25, 22.25, 22.25
2026-08-23, 02:46:51, 22.25, 22.5, 22.75, 22.75, 9999.0, 9999.0, 9999.0, 24.02, 9999.0, 22.73, 9999.0, 22.66, 22.5, 22.25, 22.25, 22.25
2026-08-23, 02:46:55, 22.25, 22.5, 22.75, 22.75, 9999.0, 9999.0, 9999.0, 24.05, 9999.0, 22.75, 9999.0, 22.64, 22.5, 22.25, 22.25, 22.25
2026-08-23, 02:46:59, 22.25, 22.5, 22.75, 22.75, 9999.0, 9999.0, 9999.0, 24.07, 9999.0, 22.75, 9999.0, 22.61, 22.5, 22.25, 22.25, 22.25
2026-08-23, 02:47:03, 22.25, 22.5, 22.75, 22.75, 9999.0, 9999.0, 9999.0, 24.09, 9999.0, 22.73, 9999.0, 22.59, 22.5, 22.25, 22.25, 22.25
2026-08-23, 02:47:07, 22.25, 22.5, 22.75, 22.75, 9999.0, 9999.0, 9999.0, 24.11, 9999.0, 22.7, 9999.0, 22.57, 22.5, 22.25, 22.25, 22.25
2026-08-23, 02:47:11, 22.25, 22.5, 22.75, 22.75, 9999.0, 9999.0, 9999.0, 24.14, 9999.0, 22.7, 9999.0, 22.55, 22.5, 22.25, 22.25, 22.25
2026-08-23, 02:47:15, 22.25, 22.5, 22.75, 22.75, 9999.0, 9999.0, 9999.0, 24.16, 9999.0, 22.68, 9999.0, 22.55, 22.5, 22.25, 22.25, 22.25
2026-08-23, 02:47:20, 22.25, 22.5, 22.75, 22.75, 9999.0, 9999.0, 9999.0, 24.11, 9999.0, 22.66, 9999.0, 22.55, 22.5, 22.25, 22.25, 22.25
2026-08-23, 02:47:24, 22.25, 22.5, 22.75, 22.75, 9999.0, 9999.0, 9999.0, 24.07, 9999.0, 22.64, 9999.0, 22.57, 22.5, 22.25, 22.25, 22.25
2026-08-23, 02:47:28, 22.25, 22.5, 22.75, 22.75, 9999.0, 9999.0, 9999.0, 24.02, 9999.0, 22.61, 9999.0, 22.59, 22.5, 22.25, 22.25, 22.25
2026-08-23, 02:47:32, 22.25, 22.5, 22.75, 22.75, 9999.0, 9999.0, 9999.0, 23.98, 9999.0, 22.59, 9999.0, 22.61, 22.5, 22.25, 22.25, 22.25
2026-08-23, 02:47:36, 22.25, 22.5, 22.75, 22.75, 9999.0, 9999.0, 9999.0, 23.93, 9999.0, 22.59, 9999.0, 22.64, 22.5, 22.25, 22.25, 22.25
2026-08-23, 02:47:40, 22.25, 22.5, 22.75, 22.75, 9999.0, 9999.0, 9999.0, 23.91, 9999.0, 22.57, 9999.0, 22.66, 22.5, 22.25, 22.25, 22.25
2026-08-23, 02:47:44, 22.25, 22.5, 22.75, 22.75, 9999.0, 9999.0, 9999.0, 23.89, 9999.0, 22.57, 9999.0, 22.68, 22.5, 22.25, 22.25, 22.25
2026-08-23, 02:47:48, 22.25, 22.5, 22.75, 22.75, 9999.0, 9999.0, 9999.0, 23.84, 9999.0, 22.59, 9999.0, 22.7, 22.5, 22.25, 22.25, 22.25
2026-08-23, 02:47:52, 22.25, 22.5, 22.75, 22.75, 9999.0, 9999.0, 9999.0, 23.8, 9999.0, 22.61, 9999.0, 22.73, 22.5, 22.25, 22.25, 22.25
2026-08-23, 02:47:56, 22.25, 22.5, 22.75, 22.75, 9999.0, 9999.0, 9999.0, 23.82, 9999.0, 22.61, 9999.0, 22.75, 22.5, 22.25, 22.25, 22.25
2026-08-23, 02:48:00, 22.25, 22.5, 22.75, 22.75, 9999.0, 9999.0, 9999.0, 23.84, 9999.0, 22.64, 9999.0, 22.75, 22.5, 22.25, 22.25, 22.25
2026-08-23, 02:48:04, 22.25, 22.5, 22.75, 22.75, 9999.0, 9999.0, 9999.0, 23.86, 9999.0, 22.66, 9999.0, 22.75, 22.5, 22.25, 22.25, 22.25
2026-08-23, 02:48:08, 22.25, 22.5, 22.75, 22.75, 9999.0, 9999.0, 9999.0, 23.89, 9999.0, 22.66, 9999.0, 22.73, 22.5, 22.25, 22.25, 22.25
2026-08-23, 02:48:12, 22.25, 22.5, 22.75, 22.75, 9999.0, 9999.0, 9999.0, 23.93, 9999.0, 22.66, 9999.0, 22.7, 22.5, 22.25, 22.25, 22.25
2026-08-23, 02:48:16, 22.25, 22.5, 22.75, 22.75, 9999.0, 9999.0, 9999.0, 23.95, 9999.0, 22.66, 9999.0, 22.68, 22.5, 22.25, 22.25, 22.25
2026-08-23, 02:48:20, 22.25, 22.5, 22.75, 22.75, 9999.0, 9999.0, 9999.0, 23.98, 9999.0, 22.64, 9999.0, 22.66, 22.5, 22.25, 22.25, 22.25
2026-08-23, 02:48:24, 22.25, 22.5, 22.75, 22.75, 9999.0, 9999.0, 9999.0, 24.0, 9999.0, 22.61, 9999.0, 22.64, 22.5, 22.25, 22.25, 22.25
2026-08-23, 02:48:28, 22.25, 22.5, 22.75, 22.75, 9999.0, 9999.0, 9999.0, 24.02, 9999.0, 22.59, 9999.0, 22.61, 22.5, 22.25, 22.25, 22.25
2026-08-23, 02:48:32, 22.25, 22.5, 22.75, 22.75, 9999.0, 9999.0, 9999.0, 24.07, 9999.0, 22.57, 9999.0, 22.59, 22.48, 22.25, 22.25, 22.25
2026-08-23, 02:48:36, 22.25, 22.5, 22.75, 22.75, 9999.0, 9999.0, 9999.0, 24.11, 9999.0, 22.55, 9999.0, 22.59, 22.45, 22.25, 22.25, 22.25
2026-08-23, 02:48:40, 22.25, 22.5, 22.75, 22.75, 9999.0, 9999.0, 9999.0, 24.07, 9999.0, 22.52, 9999.0, 22.59, 22.43, 22.25, 22.25, 22.25
2026-08-23, 02:48:44, 22.25, 22.5, 22.75, 22.75, 9999.0, 9999.0, 9999.0, 24.02, 9999.0, 22.5, 9999.0, 22.59, 22.43, 22.25, 22.25, 22.25
2026-08-23, 02:48:48, 22.25, 22.5, 22.75, 22.75, 9999.0, 9999.0, 9999.0, 23.98, 9999.0, 22.48, 9999.0, 22.59, 22.43, 22.25, 22.25, 22.25
2026-08-23, 02:48:52, 22.25, 22.5, 22.75, 22.75, 9999.0, 9999.0, 9999.0, 23.93, 9999.0, 22.48, 9999.0, 22.61, 22.43, 22.25, 22.25, 22.25
2026-08-23, 02:48:56, 22.25, 22.5, 22.75, 22.75, 9999.0, 9999.0, 9999.0, 23.89, 9999.0, 22.48, 9999.0, 22.64, 22.43, 22.25, 22.25, 22.25
2026-08-23, 02:49:00, 22.25, 22.5, 22.75, 22.75, 9999.0, 9999.0, 9999.0, 23.86, 9999.0, 22.48, 9999.0, 22.66, 22.43, 22.25, 22.25, 22.25
2026-08-23, 02:49:04, 22.25, 22.5, 22.75, 22.75, 9999.0, 9999.0, 9999.0, 23.84, 9999.0, 22.48, 9999.0, 22.68, 22.43, 22.25, 22.25, 22.25
2026-08-23, 02:49:08, 22.25, 22.5, 22.75, 22.75, 9999.0, 9999.0, 9999.0, 23.8, 9999.0, 22.5, 9999.0, 22.7, 22.43, 22.25, 22.25, 22.25
2026-08-23, 02:49:12, 22.25, 22.5, 22.75, 22.75, 9999.0, 9999.0, 9999.0, 23.75, 9999.0, 22.52, 9999.0, 22.73, 22.43, 22.25, 22.25, 22.25
2026-08-23, 02:49:16, 22.25, 22.5, 22.75, 22.75, 9999.0, 9999.0, 9999.0, 23.77, 9999.0, 22.52, 9999.0, 22.75, 22.45, 22.25, 22.25, 22.25
2026-08-23, 02:49:20, 22.25, 22.5, 22.75, 22.75, 9999.0, 9999.0, 9999.0, 23.8, 9999.0, 22.52, 9999.0, 22.75, 22.48, 22.25, 22.25, 22.25
2026-08-23, 02:49:24, 22.25, 22.5, 22.75, 22.75, 9999.0, 9999.0, 9999.0, 23.84, 9999.0, 22.52, 9999.0, 22.73, 22.5, 22.25, 22.25, 22.25
2026-08-23, 02:49:28, 22.25, 22.5, 22.75, 22.75, 9999.0, 9999.0, 9999.0, 23.89, 9999.0, 22.52, 9999.0, 22.7, 22.5, 22.25, 22.25, 22.25
2026-08-23, 02:49:32, 22.25, 22.5, 22.75, 22.75, 9999.0, 9999.0, 9999.0, 23.91, 9999.0, 22.52, 9999.0, 22.7, 22.5, 22.25, 22.25, 22.25
2026-08-23, 02:49:36, 22.25, 22.5, 22.75, 22.75, 9999.0, 9999.0, 9999.0, 23.93, 9999.0, 22.52, 9999.0, 22.68, 22.5, 22.25, 22.25, 22.25
2026-08-23, 02:49:40, 22.25, 22.5, 22.75, 22.75, 9999.0, 9999.0, 9999.0, 23.95, 9999.0, 22.5, 9999.0, 22.66, 22.5, 22.25, 22.25, 22.25
2026-08-23, 02:49:44, 22.25, 22.5, 22.75, 22.75, 9999.0, 9999.0, 9999.0, 23.95, 9999.0, 22.48, 9999.0, 22.64, 22.5, 22.25, 22.25, 22.25
2026-08-23, 02:49:48, 22.25, 22.5, 22.75, 22.75, 9999.0, 9999.0, 9999.0, 23.98, 9999.0, 22.45, 9999.0, 22.61, 22.5, 22.25, 22.25, 22.25
2026-08-23, 02:49:52, 22.25, 22.5, 22.75, 22.75, 9999.0, 9999.0, 9999.0, 24.02, 9999.0, 22.45, 9999.0, 22.61, 22.5, 22.25, 22.25, 22.25
2026-08-23, 02:49:56, 22.25, 22.5, 22.75, 22.75, 9999.0, 9999.0, 9999.0, 24.05, 9999.0, 22.41, 9999.0, 22.61, 22.5, 22.25, 22.25, 22.25
2026-08-23, 02:50:00, 22.27, 22.5, 22.75, 22.75, 9999.0, 9999.0, 9999.0, 24.02, 9999.0, 22.39, 9999.0, 22.61, 22.5, 22.25, 22.25, 22.25
2026-08-23, 02:50:04, 22.27, 22.5, 22.75, 22.75, 9999.0, 9999.0, 9999.0, 23.98, 9999.0, 22.36, 9999.0, 22.64, 22.5, 22.25, 22.25, 22.25
2026-08-23, 02:50:08, 22.27, 22.5, 22.75, 22.75, 9999.0, 9999.0, 9999.0, 23.93, 9999.0, 22.34, 9999.0, 22.66, 22.5, 22.25, 22.25, 22.25
2026-08-23, 02:50:12, 22.27, 22.5, 22.75, 22.75, 9999.0, 9999.0, 9999.0, 23.86, 9999.0, 22.34, 9999.0, 22.68, 22.5, 22.25, 22.25, 22.25
2026-08-23, 02:50:16, 22.27, 22.5, 22.75, 22.75, 9999.0, 9999.0, 9999.0, 23.82, 9999.0, 22.32, 9999.0, 22.68, 22.5, 22.25, 22.25, 22.25
2026-08-23, 02:50:20, 22.27, 22.5, 22.75, 22.75, 9999.0, 9999.0, 9999.0, 23.77, 9999.0, 22.32, 9999.0, 22.7, 22.5, 22.25, 22.25, 22.25
2026-08-23, 02:50:24, 22.27, 22.5, 22.75, 22.75, 9999.0, 9999.0, 9999.0, 23.73, 9999.0, 22.34, 9999.0, 22.73, 22.5, 22.25, 22.25, 22.25
2026-08-23, 02:50:28, 22.27, 22.5, 22.75, 22.75, 9999.0, 9999.0, 9999.0, 23.7, 9999.0, 22.36, 9999.0, 22.75, 22.5, 22.25, 22.25, 22.25
2026-08-23, 02:50:32, 22.27, 22.5, 22.75, 22.75, 9999.0, 9999.0, 9999.0, 23.66, 9999.0, 22.39, 9999.0, 22.77, 22.5, 22.25, 22.25, 22.25
2026-08-23, 02:50:36, 22.27, 22.5, 22.75, 22.75, 9999.0, 9999.0, 9999.0, 23.68, 9999.0, 22.39, 9999.0, 22.77, 22.5, 22.25, 22.25, 22.25
2026-08-23, 02:50:40, 22.27, 22.5, 22.75, 22.75, 9999.0, 9999.0, 9999.0, 23.7, 9999.0, 22.41, 9999.0, 22.77, 22.5, 22.25, 22.25, 22.25
2026-08-23, 02:50:44, 22.25, 22.5, 22.75, 22.75, 9999.0, 9999.0, 9999.0, 23.7, 9999.0, 22.43, 9999.0, 22.77, 22.5, 22.25, 22.25, 22.25
2026-08-23, 02:50:48, 22.25, 22.5, 22.75, 22.75, 9999.0, 9999.0, 9999.0, 23.73, 9999.0, 22.43, 9999.0, 22.75, 22.5, 22.25, 22.25, 22.25
2026-08-23, 02:50:52, 22.25, 22.5, 22.75, 22.75, 9999.0, 9999.0, 9999.0, 23.75, 9999.0, 22.43, 9999.0, 22.73, 22.5, 22.25, 22.25, 22.25
2026-08-23, 02:50:56, 22.25, 22.5, 22.75, 22.75, 9999.0, 9999.0, 9999.0, 23.8, 9999.0, 22.41, 9999.0, 22.7, 22.5, 22.25, 22.25, 22.25
2026-08-23, 02:51:01, 22.25, 22.5, 22.75, 22.75, 9999.0, 9999.0, 9999.0, 23.82, 9999.0, 22.41, 9999.0, 22.68, 22.5, 22.25, 22.25, 22.25
2026-08-23, 02:51:05, 22.25, 22.5, 22.75, 22.75, 9999.0, 9999.0, 9999.0, 23.84, 9999.0, 22.39, 9999.0, 22.66, 22.5, 22.25, 22.25, 22.25
2026-08-23, 02:51:09, 22.25, 22.5, 22.75, 22.75, 9999.0, 9999.0, 9999.0, 23.86, 9999.0, 22.36, 9999.0, 22.64, 22.5, 22.25, 22.25, 22.25
2026-08-23, 02:51:13, 22.25, 22.5, 22.75, 22.75, 9999.0, 9999.0, 9999.0, 23.89, 9999.0, 22.34, 9999.0, 22.64, 22.5, 22.25, 22.25, 22.25
2026-08-23, 02:51:17, 22.25, 22.5, 22.75, 22.75, 9999.0, 9999.0, 9999.0, 23.91, 9999.0, 22.3, 9999.0, 22.64, 22.5, 22.25, 22.25, 22.25
2026-08-23, 02:51:21, 22.25, 22.5, 22.75, 22.75, 9999.0, 9999.0, 9999.0, 23.84, 9999.0, 22.25, 9999.0, 22.64, 22.5, 22.25, 22.25, 22.25
2026-08-23, 02:51:25, 22.25, 22.5, 22.75, 22.75, 9999.0, 9999.0, 9999.0, 23.82, 9999.0, 22.23, 9999.0, 22.66, 22.5, 22.25, 22.25, 22.25
2026-08-23, 02:51:29, 22.25, 22.5, 22.75, 22.75, 9999.0, 9999.0, 9999.0, 23.77, 9999.0, 22.2, 9999.0, 22.68, 22.5, 22.25, 22.25, 22.25
2026-08-23, 02:51:33, 22.25, 22.5, 22.75, 22.75, 9999.0, 9999.0, 9999.0, 23.73, 9999.0, 22.2, 9999.0, 22.7, 22.5, 22.25, 22.25, 22.25
2026-08-23, 02:51:37, 22.25, 22.5, 22.75, 22.75, 9999.0, 9999.0, 9999.0, 23.68, 9999.0, 22.2, 9999.0, 22.73, 22.5, 22.25, 22.25, 22.25
2026-08-23, 02:51:41, 22.27, 22.5, 22.75, 22.75, 9999.0, 9999.0, 9999.0, 23.64, 9999.0, 22.23, 9999.0, 22.75, 22.5, 22.25, 22.25, 22.25
2026-08-23, 02:51:45, 22.27, 22.5, 22.75, 22.75, 9999.0, 9999.0, 9999.0, 23.61, 9999.0, 22.25, 9999.0, 22.77, 22.5, 22.25, 22.25, 22.25
2026-08-23, 02:51:49, 22.27, 22.5, 22.75, 22.75, 9999.0, 9999.0, 9999.0, 23.59, 9999.0, 22.27, 9999.0, 22.8, 22.5, 22.25, 22.25, 22.25
2026-08-23, 02:51:53, 22.27, 22.5, 22.75, 22.75, 9999.0, 9999.0, 9999.0, 23.64, 9999.0, 22.3, 9999.0, 22.82, 22.5, 22.25, 22.25, 22.25
2026-08-23, 02:51:57, 22.3, 22.5, 22.75, 22.75, 9999.0, 9999.0, 9999.0, 23.66, 9999.0, 22.32, 9999.0, 22.82, 22.5, 22.25, 22.25, 22.25
2026-08-23, 02:52:01, 22.32, 22.5, 22.75, 22.75, 9999.0, 9999.0, 9999.0, 23.68, 9999.0, 22.34, 9999.0, 22.82, 22.5, 22.25, 22.25, 22.25
2026-08-23, 02:52:05, 22.32, 22.5, 22.75, 22.75, 9999.0, 9999.0, 9999.0, 23.73, 9999.0, 22.39, 9999.0, 22.8, 22.5, 22.25, 22.25, 22.25
2026-08-23, 02:52:09, 22.32, 22.5, 22.75, 22.75, 9999.0, 9999.0, 9999.0, 23.75, 9999.0, 22.39, 9999.0, 22.75, 22.5, 22.25, 22.25, 22.25
2026-08-23, 02:52:13, 22.32, 22.5, 22.75, 22.75, 9999.0, 9999.0, 9999.0, 23.8, 9999.0, 22.39, 9999.0, 22.73, 22.5, 22.25, 22.25, 22.25
2026-08-23, 02:52:17, 22.32, 22.5, 22.75, 22.75, 9999.0, 9999.0, 9999.0, 23.82, 9999.0, 22.39, 9999.0, 22.68, 22.5, 22.25, 22.25, 22.25
2026-08-23, 02:52:21, 22.32, 22.5, 22.75, 22.75, 9999.0, 9999.0, 9999.0, 23.84, 9999.0, 22.39, 9999.0, 22.68, 22.5, 22.25, 22.25, 22.25
2026-08-23, 02:52:25, 22.3, 22.5, 22.75, 22.75, 9999.0, 9999.0, 9999.0, 23.89, 9999.0, 22.36, 9999.0, 22.66, 22.5, 22.25, 22.25, 22.25
2026-08-23, 02:52:29, 22.3, 22.5, 22.75, 22.75, 9999.0, 9999.0, 9999.0, 23.91, 9999.0, 22.34, 9999.0, 22.66, 22.5, 22.25, 22.25, 22.25
2026-08-23, 02:52:33, 22.3, 22.5, 22.77, 22.75, 9999.0, 9999.0, 9999.0, 23.93, 9999.0, 22.32, 9999.0, 22.66, 22.5, 22.25, 22.25, 22.25
2026-08-23, 02:52:37, 22.32, 22.5, 22.77, 22.75, 9999.0, 9999.0, 9999.0, 23.89, 9999.0, 22.3, 9999.0, 22.66, 22.5, 22.25, 22.25, 22.25
2026-08-23, 02:52:41, 22.3, 22.5, 22.77, 22.75, 9999.0, 9999.0, 9999.0, 23.86, 9999.0, 22.27, 9999.0, 22.68, 22.5, 22.25, 22.25, 22.25
2026-08-23, 02:52:45, 22.27, 22.5, 22.77, 22.75, 9999.0, 9999.0, 9999.0, 23.82, 9999.0, 22.25, 9999.0, 22.68, 22.5, 22.25, 22.25, 22.25
2026-08-23, 02:52:49, 22.27, 22.5, 22.8, 22.75, 9999.0, 9999.0, 9999.0, 23.77, 9999.0, 22.23, 9999.0, 22.7, 22.5, 22.25, 22.25, 22.25
2026-08-23, 02:52:53, 22.3, 22.5, 22.8, 22.75, 9999.0, 9999.0, 9999.0, 23.73, 9999.0, 22.25, 9999.0, 22.73, 22.5, 22.25, 22.25, 22.25
2026-08-23, 02:52:57, 22.32, 22.5, 22.8, 22.75, 9999.0, 9999.0, 9999.0, 23.66, 9999.0, 22.27, 9999.0, 22.73, 22.5, 22.25, 22.25, 22.25
2026-08-23, 02:53:01, 22.32, 22.5, 22.8, 22.75, 9999.0, 9999.0, 9999.0, 23.61, 9999.0, 22.3, 9999.0, 22.75, 22.5, 22.25, 22.25, 22.25
2026-08-23, 02:53:05, 22.34, 22.5, 22.8, 22.75, 9999.0, 9999.0, 9999.0, 23.57, 9999.0, 22.32, 9999.0, 22.75, 22.5, 22.25, 22.25, 22.25
2026-08-23, 02:53:09, 22.34, 22.5, 22.8, 22.75, 9999.0, 9999.0, 9999.0, 23.5, 9999.0, 22.34, 9999.0, 22.77, 22.5, 22.25, 22.25, 22.25
2026-08-23, 02:53:13, 22.36, 22.5, 22.8, 22.75, 9999.0, 9999.0, 9999.0, 23.52, 9999.0, 22.36, 9999.0, 22.77, 22.5, 22.25, 22.25, 22.25
2026-08-23, 02:53:17, 22.36, 22.5, 22.77, 22.77, 9999.0, 9999.0, 9999.0, 23.55, 9999.0, 22.39, 9999.0, 22.77, 22.5, 22.25, 22.25, 22.25
2026-08-23, 02:53:21, 22.34, 22.5, 22.77, 22.77, 9999.0, 9999.0, 9999.0, 23.57, 9999.0, 22.41, 9999.0, 22.77, 22.5, 22.25, 22.25, 22.25
2026-08-23, 02:53:25, 22.36, 22.5, 22.77, 22.77, 9999.0, 9999.0, 9999.0, 23.59, 9999.0, 22.43, 9999.0, 22.75, 22.5, 22.23, 22.25, 22.25
2026-08-23, 02:53:29, 22.36, 22.5, 22.77, 22.77, 9999.0, 9999.0, 9999.0, 23.64, 9999.0, 22.45, 9999.0, 22.75, 22.5, 22.23, 22.25, 22.25
2026-08-23, 02:53:33, 22.36, 22.5, 22.75, 22.77, 9999.0, 9999.0, 9999.0, 23.68, 9999.0, 22.48, 9999.0, 22.73, 22.5, 22.23, 22.25, 22.25
2026-08-23, 02:53:37, 22.34, 22.5, 22.75, 22.8, 9999.0, 9999.0, 9999.0, 23.7, 9999.0, 22.45, 9999.0, 22.7, 22.5, 22.23, 22.25, 22.25
2026-08-23, 02:53:41, 22.32, 22.5, 22.75, 22.8, 9999.0, 9999.0, 9999.0, 23.77, 9999.0, 22.43, 9999.0, 22.68, 22.5, 22.23, 22.25, 22.25
2026-08-23, 02:53:45, 22.32, 22.5, 22.75, 22.8, 9999.0, 9999.0, 9999.0, 23.82, 9999.0, 22.41, 9999.0, 22.66, 22.5, 22.23, 22.25, 22.25
2026-08-23, 02:53:49, 22.32, 22.5, 22.75, 22.8, 9999.0, 9999.0, 9999.0, 23.86, 9999.0, 22.39, 9999.0, 22.66, 22.5, 22.23, 22.25, 22.25
2026-08-23, 02:53:53, 22.32, 22.5, 22.75, 22.8, 9999.0, 9999.0, 9999.0, 23.91, 9999.0, 22.36, 9999.0, 22.66, 22.5, 22.23, 22.25, 22.25
2026-08-23, 02:53:57, 22.3, 22.5, 22.75, 22.8, 9999.0, 9999.0, 9999.0, 23.89, 9999.0, 22.34, 9999.0, 22.66, 22.5, 22.23, 22.27, 22.25
2026-08-23, 02:54:01, 22.3, 22.5, 22.75, 22.77, 9999.0, 9999.0, 9999.0, 23.86, 9999.0, 22.32, 9999.0, 22.68, 22.5, 22.23, 22.27, 22.25
2026-08-23, 02:54:05, 22.32, 22.5, 22.75, 22.77, 9999.0, 9999.0, 9999.0, 23.84, 9999.0, 22.3, 9999.0, 22.68, 22.5, 22.23, 22.27, 22.25
2026-08-23, 02:54:09, 22.32, 22.5, 22.75, 22.77, 9999.0, 9999.0, 9999.0, 23.82, 9999.0, 22.3, 9999.0, 22.68, 22.5, 22.25, 22.27, 22.25
2026-08-23, 02:54:13, 22.34, 22.5, 22.75, 22.77, 9999.0, 9999.0, 9999.0, 23.77, 9999.0, 22.32, 9999.0, 22.68, 22.5, 22.25, 22.27, 22.25
2026-08-23, 02:54:17, 22.34, 22.5, 22.75, 22.77, 9999.0, 9999.0, 9999.0, 23.73, 9999.0, 22.32, 9999.0, 22.7, 22.5, 22.25, 22.27, 22.25
2026-08-23, 02:54:21, 22.34, 22.5, 22.75, 22.75, 9999.0, 9999.0, 9999.0, 23.7, 9999.0, 22.36, 9999.0, 22.73, 22.5, 22.25, 22.27, 22.25
2026-08-23, 02:54:25, 22.34, 22.5, 22.75, 22.75, 9999.0, 9999.0, 9999.0, 23.66, 9999.0, 22.41, 9999.0, 22.75, 22.5, 22.25, 22.27, 22.25
2026-08-23, 02:54:29, 22.34, 22.5, 22.75, 22.75, 9999.0, 9999.0, 9999.0, 23.68, 9999.0, 22.45, 9999.0, 22.77, 22.5, 22.25, 22.27, 22.25
2026-08-23, 02:54:33, 22.32, 22.5, 22.75, 22.75, 9999.0, 9999.0, 9999.0, 23.73, 9999.0, 22.48, 9999.0, 22.77, 22.5, 22.25, 22.27, 22.25
2026-08-23, 02:54:37, 22.34, 22.5, 22.75, 22.75, 9999.0, 9999.0, 9999.0, 23.75, 9999.0, 22.5, 9999.0, 22.77, 22.5, 22.25, 22.27, 22.25
2026-08-23, 02:54:41, 22.36, 22.5, 22.75, 22.75, 9999.0, 9999.0, 9999.0, 23.77, 9999.0, 22.52, 9999.0, 22.77, 22.5, 22.25, 22.25, 22.25
2026-08-23, 02:54:45, 22.36, 22.5, 22.77, 22.75, 9999.0, 9999.0, 9999.0, 23.8, 9999.0, 22.55, 9999.0, 22.73, 22.5, 22.25, 22.25, 22.25
2026-08-23, 02:54:50, 22.36, 22.5, 22.8, 22.75, 9999.0, 9999.0, 9999.0, 23.82, 9999.0, 22.57, 9999.0, 22.7, 22.5, 22.25, 22.25, 22.25
2026-08-23, 02:54:54, 22.34, 22.5, 22.8, 22.75, 9999.0, 9999.0, 9999.0, 23.82, 9999.0, 22.57, 9999.0, 22.68, 22.5, 22.25, 22.25, 22.25
2026-08-23, 02:54:58, 22.32, 22.5, 22.8, 22.75, 9999.0, 9999.0, 9999.0, 23.84, 9999.0, 22.57, 9999.0, 22.66, 22.5, 22.25, 22.25, 22.25
2026-08-23, 02:55:02, 22.32, 22.5, 22.8, 22.75, 9999.0, 9999.0, 9999.0, 23.89, 9999.0, 22.57, 9999.0, 22.64, 22.5, 22.25, 22.25, 22.25
2026-08-23, 02:55:06, 22.32, 22.5, 22.8, 22.75, 9999.0, 9999.0, 9999.0, 23.91, 9999.0, 22.52, 9999.0, 22.61, 22.48, 22.25, 22.25, 22.25
2026-08-23, 02:55:10, 22.34, 22.5, 22.8, 22.75, 9999.0, 9999.0, 9999.0, 23.93, 9999.0, 22.48, 9999.0, 22.61, 22.48, 22.25, 22.25, 22.25
2026-08-23, 02:55:14, 22.34, 22.5, 22.8, 22.75, 9999.0, 9999.0, 9999.0, 23.91, 9999.0, 22.43, 9999.0, 22.61, 22.48, 22.25, 22.25, 22.25
2026-08-23, 02:55:18, 22.34, 22.5, 22.8, 22.75, 9999.0, 9999.0, 9999.0, 23.86, 9999.0, 22.41, 9999.0, 22.64, 22.48, 22.25, 22.25, 22.25
2026-08-23, 02:55:22, 22.34, 22.5, 22.8, 22.75, 9999.0, 9999.0, 9999.0, 23.84, 9999.0, 22.39, 9999.0, 22.66, 22.48, 22.25, 22.25, 22.25
2026-08-23, 02:55:26, 22.32, 22.5, 22.8, 22.75, 9999.0, 9999.0, 9999.0, 23.8, 9999.0, 22.36, 9999.0, 22.66, 22.48, 22.25, 22.25, 22.25
2026-08-23, 02:55:30, 22.32, 22.5, 22.77, 22.75, 9999.0, 9999.0, 9999.0, 23.75, 9999.0, 22.36, 9999.0, 22.68, 22.48, 22.25, 22.25, 22.25
2026-08-23, 02:55:34, 22.3, 22.5, 22.75, 22.75, 9999.0, 9999.0, 9999.0, 23.7, 9999.0, 22.36, 9999.0, 22.7, 22.48, 22.25, 22.25, 22.25
2026-08-23, 02:55:38, 22.3, 22.5, 22.75, 22.75, 9999.0, 9999.0, 9999.0, 23.68, 9999.0, 22.39, 9999.0, 22.73, 22.48, 22.25, 22.25, 22.25
2026-08-23, 02:55:42, 22.3, 22.5, 22.75, 22.75, 9999.0, 9999.0, 9999.0, 23.66, 9999.0, 22.39, 9999.0, 22.75, 22.48, 22.25, 22.25, 22.25
2026-08-23, 02:55:46, 22.3, 22.5, 22.75, 22.75, 9999.0, 9999.0, 9999.0, 23.61, 9999.0, 22.39, 9999.0, 22.77, 22.48, 22.25, 22.25, 22.25
2026-08-23, 02:55:50, 22.3, 22.5, 22.75, 22.75, 9999.0, 9999.0, 9999.0, 23.66, 9999.0, 22.41, 9999.0, 22.8, 22.5, 22.25, 22.25, 22.25
2026-08-23, 02:55:54, 22.27, 22.5, 22.75, 22.75, 9999.0, 9999.0, 9999.0, 23.7, 9999.0, 22.43, 9999.0, 22.8, 22.5, 22.25, 22.25, 22.25
2026-08-23, 02:55:58, 22.27, 22.5, 22.77, 22.75, 9999.0, 9999.0, 9999.0, 23.75, 9999.0, 22.45, 9999.0, 22.8, 22.5, 22.25, 22.25, 22.25
2026-08-23, 02:56:02, 22.27, 22.5, 22.77, 22.75, 9999.0, 9999.0, 9999.0, 23.77, 9999.0, 22.48, 9999.0, 22.77, 22.5, 22.25, 22.25, 22.25
2026-08-23, 02:56:06, 22.25, 22.5, 22.77, 22.75, 9999.0, 9999.0, 9999.0, 23.8, 9999.0, 22.5, 9999.0, 22.75, 22.5, 22.25, 22.25, 22.25
2026-08-23, 02:56:10, 22.25, 22.5, 22.77, 22.75, 9999.0, 9999.0, 9999.0, 23.84, 9999.0, 22.52, 9999.0, 22.75, 22.5, 22.25, 22.25, 22.25
2026-08-23, 02:56:14, 22.25, 22.5, 22.8, 22.75, 9999.0, 9999.0, 9999.0, 23.86, 9999.0, 22.52, 9999.0, 22.73, 22.5, 22.25, 22.25, 22.25
2026-08-23, 02:56:18, 22.25, 22.5, 22.8, 22.75, 9999.0, 9999.0, 9999.0, 23.91, 9999.0, 22.5, 9999.0, 22.7, 22.5, 22.25, 22.25, 22.25
2026-08-23, 02:56:22, 22.25, 22.5, 22.8, 22.75, 9999.0, 9999.0, 9999.0, 23.95, 9999.0, 22.48, 9999.0, 22.68, 22.5, 22.25, 22.25, 22.25
2026-08-23, 02:56:26, 22.25, 22.5, 22.8, 22.75, 9999.0, 9999.0, 9999.0, 24.0, 9999.0, 22.45, 9999.0, 22.68, 22.5, 22.25, 22.25, 22.25
2026-08-23, 02:56:30, 22.25, 22.5, 22.8, 22.75, 9999.0, 9999.0, 9999.0, 24.02, 9999.0, 22.45, 9999.0, 22.68, 22.5, 22.25, 22.25, 22.25
2026-08-23, 02:56:34, 22.25, 22.5, 22.8, 22.75, 9999.0, 9999.0, 9999.0, 23.98, 9999.0, 22.45, 9999.0, 22.68, 22.5, 22.25, 22.25, 22.25
2026-08-23, 02:56:38, 22.25, 22.5, 22.8, 22.75, 9999.0, 9999.0, 9999.0, 23.93, 9999.0, 22.45, 9999.0, 22.68, 22.5, 22.25, 22.25, 22.25
2026-08-23, 02:56:42, 22.25, 22.5, 22.77, 22.75, 9999.0, 9999.0, 9999.0, 23.89, 9999.0, 22.43, 9999.0, 22.7, 22.5, 22.25, 22.25, 22.25
2026-08-23, 02:56:46, 22.25, 22.5, 22.77, 22.75, 9999.0, 9999.0, 9999.0, 23.86, 9999.0, 22.43, 9999.0, 22.7, 22.5, 22.25, 22.25, 22.25
2026-08-23, 02:56:50, 22.25, 22.5, 22.8, 22.75, 9999.0, 9999.0, 9999.0, 23.82, 9999.0, 22.43, 9999.0, 22.7, 22.5, 22.25, 22.25, 22.25
2026-08-23, 02:56:54, 22.25, 22.5, 22.8, 22.75, 9999.0, 9999.0, 9999.0, 23.77, 9999.0, 22.43, 9999.0, 22.7, 22.5, 22.25, 22.25, 22.25
2026-08-23, 02:56:58, 22.25, 22.5, 22.77, 22.75, 9999.0, 9999.0, 9999.0, 23.75, 9999.0, 22.45, 9999.0, 22.73, 22.5, 22.25, 22.25, 22.25
2026-08-23, 02:57:02, 22.25, 22.5, 22.77, 22.75, 9999.0, 9999.0, 9999.0, 23.7, 9999.0, 22.5, 9999.0, 22.75, 22.5, 22.25, 22.25, 22.25
2026-08-23, 02:57:06, 22.25, 22.5, 22.77, 22.75, 9999.0, 9999.0, 9999.0, 23.73, 9999.0, 22.52, 9999.0, 22.77, 22.5, 22.25, 22.25, 22.25
2026-08-23, 02:57:10, 22.25, 22.5, 22.77, 22.75, 9999.0, 9999.0, 9999.0, 23.75, 9999.0, 22.55, 9999.0, 22.77, 22.5, 22.25, 22.25, 22.25
2026-08-23, 02:57:14, 22.25, 22.5, 22.77, 22.75, 9999.0, 9999.0, 9999.0, 23.8, 9999.0, 22.55, 9999.0, 22.77, 22.5, 22.25, 22.25, 22.25
2026-08-23, 02:57:18, 22.25, 22.5, 22.77, 22.77, 9999.0, 9999.0, 9999.0, 23.82, 9999.0, 22.55, 9999.0, 22.77, 22.5, 22.25, 22.25, 22.25
2026-08-23, 02:57:22, 22.25, 22.5, 22.77, 22.77, 9999.0, 9999.0, 9999.0, 23.84, 9999.0, 22.55, 9999.0, 22.75, 22.5, 22.25, 22.25, 22.25
2026-08-23, 02:57:26, 22.25, 22.5, 22.77, 22.77, 9999.0, 9999.0, 9999.0, 23.86, 9999.0, 22.57, 9999.0, 22.73, 22.5, 22.25, 22.25, 22.25
2026-08-23, 02:57:30, 22.25, 22.5, 22.77, 22.77, 9999.0, 9999.0, 9999.0, 23.89, 9999.0, 22.57, 9999.0, 22.7, 22.5, 22.25, 22.25, 22.25
2026-08-23, 02:57:34, 22.25, 22.5, 22.75, 22.77, 9999.0, 9999.0, 9999.0, 23.93, 9999.0, 22.57, 9999.0, 22.68, 22.5, 22.25, 22.25, 22.25
2026-08-23, 02:57:38, 22.25, 22.5, 22.75, 22.77, 9999.0, 9999.0, 9999.0, 23.98, 9999.0, 22.57, 9999.0, 22.66, 22.5, 22.25, 22.25, 22.25
2026-08-23, 02:57:42, 22.25, 22.5, 22.75, 22.77, 9999.0, 9999.0, 9999.0, 24.02, 9999.0, 22.55, 9999.0, 22.64, 22.5, 22.25, 22.25, 22.25
2026-08-23, 02:57:46, 22.25, 22.5, 22.75, 22.77, 9999.0, 9999.0, 9999.0, 24.05, 9999.0, 22.52, 9999.0, 22.64, 22.5, 22.25, 22.25, 22.25
2026-08-23, 02:57:50, 22.25, 22.5, 22.75, 22.77, 9999.0, 9999.0, 9999.0, 24.0, 9999.0, 22.5, 9999.0, 22.64, 22.5, 22.25, 22.25, 22.25
2026-08-23, 02:57:54, 22.25, 22.5, 22.75, 22.77, 9999.0, 9999.0, 9999.0, 23.95, 9999.0, 22.48, 9999.0, 22.66, 22.5, 22.25, 22.25, 22.25
2026-08-23, 02:57:58, 22.25, 22.5, 22.75, 22.77, 9999.0, 9999.0, 9999.0, 23.91, 9999.0, 22.45, 9999.0, 22.66, 22.5, 22.25, 22.25, 22.25
2026-08-23, 02:58:02, 22.25, 22.5, 22.75, 22.75, 9999.0, 9999.0, 9999.0, 23.89, 9999.0, 22.43, 9999.0, 22.66, 22.5, 22.25, 22.25, 22.25
2026-08-23, 02:58:06, 22.25, 22.5, 22.75, 22.75, 9999.0, 9999.0, 9999.0, 23.86, 9999.0, 22.43, 9999.0, 22.68, 22.5, 22.25, 22.25, 22.25
2026-08-23, 02:58:10, 22.25, 22.5, 22.75, 22.75, 9999.0, 9999.0, 9999.0, 23.84, 9999.0, 22.43, 9999.0, 22.68, 22.5, 22.25, 22.25, 22.25
2026-08-23, 02:58:14, 22.25, 22.5, 22.75, 22.75, 9999.0, 9999.0, 9999.0, 23.82, 9999.0, 22.45, 9999.0, 22.7, 22.5, 22.25, 22.25, 22.25
2026-08-23, 02:58:18, 22.25, 22.5, 22.75, 22.75, 9999.0, 9999.0, 9999.0, 23.77, 9999.0, 22.48, 9999.0, 22.73, 22.5, 22.25, 22.25, 22.25
2026-08-23, 02:58:22, 22.25, 22.5, 22.75, 22.75, 9999.0, 9999.0, 9999.0, 23.73, 9999.0, 22.5, 9999.0, 22.75, 22.5, 22.25, 22.25, 22.25
2026-08-23, 02:58:26, 22.25, 22.5, 22.77, 22.75, 9999.0, 9999.0, 9999.0, 23.77, 9999.0, 22.52, 9999.0, 22.77, 22.5, 22.25, 22.25, 22.25
2026-08-23, 02:58:30, 22.25, 22.5, 22.77, 22.75, 9999.0, 9999.0, 9999.0, 23.82, 9999.0, 22.55, 9999.0, 22.75, 22.5, 22.25, 22.25, 22.25
2026-08-23, 02:58:35, 22.25, 22.5, 22.77, 22.75, 9999.0, 9999.0, 9999.0, 23.86, 9999.0, 22.57, 9999.0, 22.73, 22.5, 22.25, 22.25, 22.25
2026-08-23, 02:58:39, 22.25, 22.5, 22.77, 22.75, 9999.0, 9999.0, 9999.0, 23.91, 9999.0, 22.59, 9999.0, 22.7, 22.5, 22.25, 22.25, 22.25
2026-08-23, 02:58:43, 22.25, 22.5, 22.77, 22.75, 9999.0, 9999.0, 9999.0, 23.95, 9999.0, 22.61, 9999.0, 22.68, 22.5, 22.25, 22.25, 22.25
2026-08-23, 02:58:47, 22.25, 22.5, 22.77, 22.75, 9999.0, 9999.0, 9999.0, 23.98, 9999.0, 22.64, 9999.0, 22.66, 22.5, 22.25, 22.25, 22.25
2026-08-23, 02:58:51, 22.25, 22.5, 22.77, 22.75, 9999.0, 9999.0, 9999.0, 24.0, 9999.0, 22.66, 9999.0, 22.64, 22.5, 22.25, 22.25, 22.25
2026-08-23, 02:58:55, 22.25, 22.5, 22.77, 22.75, 9999.0, 9999.0, 9999.0, 24.02, 9999.0, 22.66, 9999.0, 22.61, 22.5, 22.25, 22.25, 22.25
2026-08-23, 02:58:59, 22.25, 22.5, 22.77, 22.75, 9999.0, 9999.0, 9999.0, 24.05, 9999.0, 22.64, 9999.0, 22.59, 22.5, 22.25, 22.25, 22.25
2026-08-23, 02:59:03, 22.25, 22.5, 22.77, 22.75, 9999.0, 9999.0, 9999.0, 24.09, 9999.0, 22.61, 9999.0, 22.59, 22.5, 22.25, 22.25, 22.25
2026-08-23, 02:59:07, 22.25, 22.5, 22.77, 22.75, 9999.0, 9999.0, 9999.0, 24.14, 9999.0, 22.59, 9999.0, 22.59, 22.5, 22.25, 22.25, 22.25
2026-08-23, 02:59:11, 22.25, 22.5, 22.75, 22.75, 9999.0, 9999.0, 9999.0, 24.07, 9999.0, 22.57, 9999.0, 22.59, 22.5, 22.25, 22.25, 22.25
2026-08-23, 02:59:15, 22.25, 22.5, 22.75, 22.75, 9999.0, 9999.0, 9999.0, 24.02, 9999.0, 22.55, 9999.0, 22.61, 22.5, 22.25, 22.25, 22.25
2026-08-23, 02:59:19, 22.25, 22.5, 22.75, 22.75, 9999.0, 9999.0, 9999.0, 23.98, 9999.0, 22.52, 9999.0, 22.64, 22.5, 22.25, 22.25, 22.25
2026-08-23, 02:59:23, 22.25, 22.5, 22.75, 22.75, 9999.0, 9999.0, 9999.0, 23.93, 9999.0, 22.55, 9999.0, 22.64, 22.5, 22.25, 22.25, 22.25
2026-08-23, 02:59:27, 22.25, 22.5, 22.77, 22.75, 9999.0, 9999.0, 9999.0, 23.89, 9999.0, 22.57, 9999.0, 22.66, 22.5, 22.25, 22.25, 22.25
2026-08-23, 02:59:31, 22.25, 22.5, 22.77, 22.75, 9999.0, 9999.0, 9999.0, 23.86, 9999.0, 22.59, 9999.0, 22.68, 22.5, 22.25, 22.25, 22.25
2026-08-23, 02:59:35, 22.25, 22.5, 22.77, 22.75, 9999.0, 9999.0, 9999.0, 23.82, 9999.0, 22.59, 9999.0, 22.7, 22.5, 22.25, 22.25, 22.25
2026-08-23, 02:59:39, 22.25, 22.5, 22.77, 22.75, 9999.0, 9999.0, 9999.0, 23.8, 9999.0, 22.61, 9999.0, 22.73, 22.5, 22.25, 22.25, 22.25
2026-08-23, 02:59:43, 22.25, 22.5, 22.77, 22.75, 9999.0, 9999.0, 9999.0, 23.84, 9999.0, 22.64, 9999.0, 22.75, 22.5, 22.25, 22.25, 22.25
2026-08-23, 02:59:47, 22.27, 22.5, 22.77, 22.75, 9999.0, 9999.0, 9999.0, 23.86, 9999.0, 22.66, 9999.0, 22.75, 22.5, 22.25, 22.25, 22.25
2026-08-23, 02:59:51, 22.3, 22.5, 22.77, 22.75, 9999.0, 9999.0, 9999.0, 23.89, 9999.0, 22.68, 9999.0, 22.75, 22.5, 22.25, 22.25, 22.25
2026-08-23, 02:59:55, 22.3, 22.5, 22.77, 22.75, 9999.0, 9999.0, 9999.0, 23.93, 9999.0, 22.7, 9999.0, 22.75, 22.5, 22.23, 22.25, 22.25
2026-08-23, 02:59:59, 22.3, 22.5, 22.77, 22.75, 9999.0, 9999.0, 9999.0, 23.98, 9999.0, 22.73, 9999.0, 22.73, 22.5, 22.23, 22.25, 22.25
2026-08-23, 03:00:03, 22.3, 22.5, 22.77, 22.75, 9999.0, 9999.0, 9999.0, 24.0, 9999.0, 22.75, 9999.0, 22.7, 22.5, 22.23, 22.25, 22.25
2026-08-23, 03:00:07, 22.3, 22.5, 22.77, 22.75, 9999.0, 9999.0, 9999.0, 24.02, 9999.0, 22.75, 9999.0, 22.68, 22.5, 22.23, 22.25, 22.25
2026-08-23, 03:00:11, 22.3, 22.5, 22.75, 22.75, 9999.0, 9999.0, 9999.0, 24.05, 9999.0, 22.75, 9999.0, 22.66, 22.5, 22.23, 22.25, 22.25
2026-08-23, 03:00:15, 22.3, 22.5, 22.75, 22.75, 9999.0, 9999.0, 9999.0, 24.07, 9999.0, 22.75, 9999.0, 22.64, 22.5, 22.23, 22.25, 22.25
2026-08-23, 03:00:19, 22.3, 22.5, 22.75, 22.75, 9999.0, 9999.0, 9999.0, 24.11, 9999.0, 22.75, 9999.0, 22.64, 22.5, 22.23, 22.25, 22.25
2026-08-23, 03:00:23, 22.3, 22.5, 22.75, 22.75, 9999.0, 9999.0, 9999.0, 24.14, 9999.0, 22.73, 9999.0, 22.64, 22.5, 22.23, 22.25, 22.25
2026-08-23, 03:00:27, 22.3, 22.5, 22.75, 22.75, 9999.0, 9999.0, 9999.0, 24.09, 9999.0, 22.7, 9999.0, 22.64, 22.5, 22.23, 22.25, 22.25
2026-08-23, 03:00:31, 22.27, 22.5, 22.75, 22.75, 9999.0, 9999.0, 9999.0, 24.07, 9999.0, 22.68, 9999.0, 22.64, 22.5, 22.23, 22.25, 22.25
2026-08-23, 03:00:35, 22.25, 22.5, 22.75, 22.75, 9999.0, 9999.0, 9999.0, 24.05, 9999.0, 22.66, 9999.0, 22.64, 22.5, 22.23, 22.25, 22.25
2026-08-23, 03:00:39, 22.25, 22.5, 22.75, 22.75, 9999.0, 9999.0, 9999.0, 24.0, 9999.0, 22.64, 9999.0, 22.64, 22.5, 22.25, 22.25, 22.25
2026-08-23, 03:00:43, 22.25, 22.5, 22.75, 22.75, 9999.0, 9999.0, 9999.0, 23.95, 9999.0, 22.64, 9999.0, 22.66, 22.5, 22.25, 22.25, 22.25
2026-08-23, 03:00:47, 22.25, 22.5, 22.75, 22.75, 9999.0, 9999.0, 9999.0, 23.93, 9999.0, 22.64, 9999.0, 22.68, 22.5, 22.25, 22.25, 22.25
2026-08-23, 03:00:51, 22.25, 22.5, 22.75, 22.75, 9999.0, 9999.0, 9999.0, 23.91, 9999.0, 22.64, 9999.0, 22.7, 22.5, 22.25, 22.25, 22.25
2026-08-23, 03:00:55, 22.25, 22.5, 22.75, 22.75, 9999.0, 9999.0, 9999.0, 23.89, 9999.0, 22.66, 9999.0, 22.73, 22.5, 22.25, 22.25, 22.25
2026-08-23, 03:00:59, 22.25, 22.5, 22.75, 22.75, 9999.0, 9999.0, 9999.0, 23.84, 9999.0, 22.66, 9999.0, 22.75, 22.5, 22.25, 22.25, 22.25
2026-08-23, 03:01:03, 22.25, 22.5, 22.75, 22.75, 9999.0, 9999.0, 9999.0, 23.89, 9999.0, 22.66, 9999.0, 22.75, 22.5, 22.25, 22.25, 22.25
2026-08-23, 03:01:07, 22.27, 22.5, 22.75, 22.75, 9999.0, 9999.0, 9999.0, 23.93, 9999.0, 22.7, 9999.0, 22.75, 22.5, 22.25, 22.25, 22.25
2026-08-23, 03:01:11, 22.27, 22.5, 22.75, 22.75, 9999.0, 9999.0, 9999.0, 23.95, 9999.0, 22.73, 9999.0, 22.73, 22.5, 22.25, 22.25, 22.25
2026-08-23, 03:01:15, 22.27, 22.5, 22.75, 22.75, 9999.0, 9999.0, 9999.0, 23.98, 9999.0, 22.75, 9999.0, 22.73, 22.5, 22.25, 22.25, 22.25
2026-08-23, 03:01:19, 22.27, 22.5, 22.75, 22.75, 9999.0, 9999.0, 9999.0, 24.0, 9999.0, 22.77, 9999.0, 22.7, 22.5, 22.25, 22.25, 22.25
2026-08-23, 03:01:23, 22.27, 22.5, 22.75, 22.75, 9999.0, 9999.0, 9999.0, 24.05, 9999.0, 22.77, 9999.0, 22.7, 22.5, 22.25, 22.25, 22.25
2026-08-23, 03:01:27, 22.27, 22.5, 22.75, 22.75, 9999.0, 9999.0, 9999.0, 24.07, 9999.0, 22.77, 9999.0, 22.68, 22.5, 22.25, 22.25, 22.25
2026-08-23, 03:01:31, 22.27, 22.5, 22.75, 22.75, 9999.0, 9999.0, 9999.0, 24.09, 9999.0, 22.77, 9999.0, 22.66, 22.5, 22.25, 22.25, 22.25
2026-08-23, 03:01:35, 22.27, 22.5, 22.75, 22.75, 9999.0, 9999.0, 9999.0, 24.11, 9999.0, 22.77, 9999.0, 22.64, 22.5, 22.25, 22.25, 22.25
2026-08-23, 03:01:39, 22.27, 22.5, 22.75, 22.75, 9999.0, 9999.0, 9999.0, 24.16, 9999.0, 22.73, 9999.0, 22.64, 22.5, 22.25, 22.25, 22.25
2026-08-23, 03:01:43, 22.27, 22.5, 22.75, 22.75, 9999.0, 9999.0, 9999.0, 24.2, 9999.0, 22.7, 9999.0, 22.64, 22.5, 22.25, 22.25, 22.25
2026-08-23, 03:01:47, 22.27, 22.5, 22.75, 22.75, 9999.0, 9999.0, 9999.0, 24.16, 9999.0, 22.7, 9999.0, 22.64, 22.5, 22.25, 22.25, 22.25
2026-08-23, 03:01:51, 22.25, 22.5, 22.75, 22.75, 9999.0, 9999.0, 9999.0, 24.11, 9999.0, 22.68, 9999.0, 22.66, 22.5, 22.25, 22.25, 22.25
2026-08-23, 03:01:55, 22.25, 22.5, 22.75, 22.75, 9999.0, 9999.0, 9999.0, 24.09, 9999.0, 22.66, 9999.0, 22.68, 22.5, 22.25, 22.25, 22.25
2026-08-23, 03:01:59, 22.25, 22.5, 22.75, 22.75, 9999.0, 9999.0, 9999.0, 24.05, 9999.0, 22.64, 9999.0, 22.68, 22.5, 22.25, 22.25, 22.25
2026-08-23, 03:02:03, 22.25, 22.5, 22.75, 22.75, 9999.0, 9999.0, 9999.0, 24.0, 9999.0, 22.64, 9999.0, 22.7, 22.5, 22.25, 22.25, 22.25
2026-08-23, 03:02:07, 22.25, 22.5, 22.75, 22.75, 9999.0, 9999.0, 9999.0, 23.95, 9999.0, 22.66, 9999.0, 22.7, 22.5, 22.25, 22.25, 22.25
2026-08-23, 03:02:11, 22.27, 22.5, 22.75, 22.75, 9999.0, 9999.0, 9999.0, 23.93, 9999.0, 22.68, 9999.0, 22.73, 22.5, 22.25, 22.25, 22.25
2026-08-23, 03:02:15, 22.27, 22.5, 22.75, 22.75, 9999.0, 9999.0, 9999.0, 23.91, 9999.0, 22.7, 9999.0, 22.75, 22.5, 22.25, 22.25, 22.25
2026-08-23, 03:02:20, 22.3, 22.5, 22.75, 22.75, 9999.0, 9999.0, 9999.0, 23.89, 9999.0, 22.7, 9999.0, 22.77, 22.5, 22.25, 22.25, 22.25
2026-08-23, 03:02:24, 22.3, 22.5, 22.75, 22.75, 9999.0, 9999.0, 9999.0, 23.91, 9999.0, 22.75, 9999.0, 22.77, 22.5, 22.25, 22.25, 22.25
2026-08-23, 03:02:28, 22.3, 22.5, 22.75, 22.75, 9999.0, 9999.0, 9999.0, 23.93, 9999.0, 22.77, 9999.0, 22.75, 22.5, 22.25, 22.25, 22.25
2026-08-23, 03:02:32, 22.3, 22.5, 22.75, 22.75, 9999.0, 9999.0, 9999.0, 23.95, 9999.0, 22.77, 9999.0, 22.73, 22.5, 22.25, 22.25, 22.25
2026-08-23, 03:02:36, 22.3, 22.5, 22.75, 22.75, 9999.0, 9999.0, 9999.0, 23.98, 9999.0, 22.77, 9999.0, 22.68, 22.5, 22.25, 22.25, 22.25
2026-08-23, 03:02:40, 22.3, 22.5, 22.75, 22.75, 9999.0, 9999.0, 9999.0, 24.0, 9999.0, 22.8, 9999.0, 22.66, 22.5, 22.25, 22.25, 22.25
2026-08-23, 03:02:44, 22.3, 22.5, 22.75, 22.75, 9999.0, 9999.0, 9999.0, 24.02, 9999.0, 22.82, 9999.0, 22.64, 22.5, 22.25, 22.25, 22.25
2026-08-23, 03:02:48, 22.3, 22.5, 22.75, 22.75, 9999.0, 9999.0, 9999.0, 24.05, 9999.0, 22.82, 9999.0, 22.61, 22.5, 22.25, 22.25, 22.25
2026-08-23, 03:02:52, 22.3, 22.5, 22.75, 22.75, 9999.0, 9999.0, 9999.0, 24.09, 9999.0, 22.82, 9999.0, 22.59, 22.5, 22.25, 22.25, 22.25
2026-08-23, 03:02:56, 22.27, 22.5, 22.75, 22.75, 9999.0, 9999.0, 9999.0, 24.14, 9999.0, 22.8, 9999.0, 22.57, 22.5, 22.25, 22.25, 22.25
2026-08-23, 03:03:00, 22.27, 22.5, 22.75, 22.75, 9999.0, 9999.0, 9999.0, 24.16, 9999.0, 22.77, 9999.0, 22.57, 22.5, 22.25, 22.25, 22.25
2026-08-23, 03:03:04, 22.25, 22.5, 22.75, 22.75, 9999.0, 9999.0, 9999.0, 24.18, 9999.0, 22.77, 9999.0, 22.57, 22.5, 22.25, 22.25, 22.25
2026-08-23, 03:03:08, 22.25, 22.5, 22.75, 22.75, 9999.0, 9999.0, 9999.0, 24.14, 9999.0, 22.73, 9999.0, 22.57, 22.5, 22.25, 22.25, 22.25
2026-08-23, 03:03:12, 22.25, 22.5, 22.75, 22.75, 9999.0, 9999.0, 9999.0, 24.11, 9999.0, 22.7, 9999.0, 22.59, 22.5, 22.25, 22.25, 22.25
2026-08-23, 03:03:16, 22.25, 22.5, 22.75, 22.75, 9999.0, 9999.0, 9999.0, 24.09, 9999.0, 22.68, 9999.0, 22.61, 22.5, 22.25, 22.25, 22.25
2026-08-23, 03:03:20, 22.25, 22.5, 22.75, 22.75, 9999.0, 9999.0, 9999.0, 24.05, 9999.0, 22.68, 9999.0, 22.64, 22.5, 22.25, 22.25, 22.25
2026-08-23, 03:03:24, 22.25, 22.5, 22.75, 22.75, 9999.0, 9999.0, 9999.0, 24.0, 9999.0, 22.68, 9999.0, 22.66, 22.5, 22.25, 22.25, 22.25
2026-08-23, 03:03:28, 22.25, 22.5, 22.75, 22.75, 9999.0, 9999.0, 9999.0, 23.98, 9999.0, 22.68, 9999.0, 22.68, 22.5, 22.25, 22.25, 22.25
2026-08-23, 03:03:32, 22.25, 22.48, 22.75, 22.75, 9999.0, 9999.0, 9999.0, 23.95, 9999.0, 22.7, 9999.0, 22.7, 22.5, 22.25, 22.25, 22.25
2026-08-23, 03:03:36, 22.25, 22.48, 22.75, 22.75, 9999.0, 9999.0, 9999.0, 23.91, 9999.0, 22.7, 9999.0, 22.73, 22.5, 22.25, 22.25, 22.25
2026-08-23, 03:03:40, 22.25, 22.48, 22.75, 22.75, 9999.0, 9999.0, 9999.0, 23.93, 9999.0, 22.7, 9999.0, 22.75, 22.5, 22.25, 22.25, 22.25
2026-08-23, 03:03:44, 22.25, 22.48, 22.75, 22.75, 9999.0, 9999.0, 9999.0, 23.95, 9999.0, 22.7, 9999.0, 22.75, 22.5, 22.25, 22.25, 22.25
2026-08-23, 03:03:48, 22.25, 22.48, 22.75, 22.75, 9999.0, 9999.0, 9999.0, 23.98, 9999.0, 22.7, 9999.0, 22.73, 22.5, 22.23, 22.25, 22.25
2026-08-23, 03:03:52, 22.25, 22.48, 22.75, 22.75, 9999.0, 9999.0, 9999.0, 24.0, 9999.0, 22.73, 9999.0, 22.7, 22.5, 22.23, 22.25, 22.23
2026-08-23, 03:03:56, 22.25, 22.48, 22.75, 22.75, 9999.0, 9999.0, 9999.0, 24.02, 9999.0, 22.75, 9999.0, 22.7, 22.5, 22.23, 22.25, 22.23
2026-08-23, 03:04:00, 22.25, 22.48, 22.75, 22.75, 9999.0, 9999.0, 9999.0, 24.02, 9999.0, 22.77, 9999.0, 22.68, 22.5, 22.23, 22.25, 22.2
2026-08-23, 03:04:04, 22.25, 22.48, 22.75, 22.75, 9999.0, 9999.0, 9999.0, 24.05, 9999.0, 22.77, 9999.0, 22.66, 22.5, 22.23, 22.25, 22.2
2026-08-23, 03:04:08, 22.25, 22.48, 22.75, 22.75, 9999.0, 9999.0, 9999.0, 24.09, 9999.0, 22.77, 9999.0, 22.64, 22.5, 22.23, 22.25, 22.2
2026-08-23, 03:04:12, 22.25, 22.48, 22.75, 22.75, 9999.0, 9999.0, 9999.0, 24.14, 9999.0, 22.77, 9999.0, 22.61, 22.5, 22.23, 22.25, 22.2
2026-08-23, 03:04:16, 22.25, 22.5, 22.75, 22.75, 9999.0, 9999.0, 9999.0, 24.16, 9999.0, 22.75, 9999.0, 22.61, 22.5, 22.23, 22.25, 22.2
2026-08-23, 03:04:20, 22.25, 22.5, 22.75, 22.75, 9999.0, 9999.0, 9999.0, 24.18, 9999.0, 22.73, 9999.0, 22.61, 22.5, 22.23, 22.25, 22.2
2026-08-23, 03:04:24, 22.27, 22.5, 22.75, 22.75, 9999.0, 9999.0, 9999.0, 24.14, 9999.0, 22.7, 9999.0, 22.61, 22.5, 22.23, 22.25, 22.2
2026-08-23, 03:04:28, 22.27, 22.48, 22.75, 22.75, 9999.0, 9999.0, 9999.0, 24.11, 9999.0, 22.7, 9999.0, 22.61, 22.5, 22.23, 22.25, 22.2
2026-08-23, 03:04:32, 22.27, 22.48, 22.75, 22.75, 9999.0, 9999.0, 9999.0, 24.09, 9999.0, 22.68, 9999.0, 22.64, 22.5, 22.25, 22.25, 22.18
2026-08-23, 03:04:36, 22.27, 22.48, 22.75, 22.75, 9999.0, 9999.0, 9999.0, 24.07, 9999.0, 22.66, 9999.0, 22.66, 22.5, 22.25, 22.25, 22.2
2026-08-23, 03:04:40, 22.27, 22.48, 22.75, 22.75, 9999.0, 9999.0, 9999.0, 24.02, 9999.0, 22.66, 9999.0, 22.66, 22.5, 22.25, 22.25, 22.2
2026-08-23, 03:04:44, 22.27, 22.48, 22.75, 22.75, 9999.0, 9999.0, 9999.0, 24.0, 9999.0, 22.66, 9999.0, 22.68, 22.5, 22.25, 22.25, 22.23
2026-08-23, 03:04:48, 22.27, 22.48, 22.75, 22.75, 9999.0, 9999.0, 9999.0, 23.98, 9999.0, 22.68, 9999.0, 22.7, 22.5, 22.25, 22.25, 22.23
2026-08-23, 03:04:52, 22.27, 22.48, 22.75, 22.75, 9999.0, 9999.0, 9999.0, 23.93, 9999.0, 22.7, 9999.0, 22.73, 22.5, 22.25, 22.25, 22.23
2026-08-23, 03:04:56, 22.27, 22.48, 22.75, 22.75, 9999.0, 9999.0, 9999.0, 23.89, 9999.0, 22.73, 9999.0, 22.73, 22.5, 22.25, 22.25, 22.23
2026-08-23, 03:05:00, 22.27, 22.48, 22.75, 22.75, 9999.0, 9999.0, 9999.0, 23.93, 9999.0, 22.73, 9999.0, 22.73, 22.5, 22.25, 22.25, 22.23
2026-08-23, 03:05:04, 22.27, 22.48, 22.75, 22.75, 9999.0, 9999.0, 9999.0, 23.98, 9999.0, 22.75, 9999.0, 22.73, 22.5, 22.25, 22.25, 22.23
2026-08-23, 03:05:08, 22.25, 22.48, 22.75, 22.75, 9999.0, 9999.0, 9999.0, 24.0, 9999.0, 22.77, 9999.0, 22.73, 22.5, 22.25, 22.25, 22.23
2026-08-23, 03:05:12, 22.25, 22.5, 22.75, 22.75, 9999.0, 9999.0, 9999.0, 24.02, 9999.0, 22.77, 9999.0, 22.7, 22.5, 22.25, 22.25, 22.23
2026-08-23, 03:05:16, 22.25, 22.5, 22.75, 22.75, 9999.0, 9999.0, 9999.0, 24.02, 9999.0, 22.8, 9999.0, 22.68, 22.5, 22.23, 22.25, 22.25
2026-08-23, 03:05:20, 22.25, 22.5, 22.75, 22.75, 9999.0, 9999.0, 9999.0, 24.05, 9999.0, 22.82, 9999.0, 22.66, 22.5, 22.23, 22.25, 22.25
2026-08-23, 03:05:24, 22.25, 22.5, 22.75, 22.75, 9999.0, 9999.0, 9999.0, 24.09, 9999.0, 22.8, 9999.0, 22.64, 22.48, 22.23, 22.25, 22.25
2026-08-23, 03:05:28, 22.25, 22.5, 22.75, 22.75, 9999.0, 9999.0, 9999.0, 24.11, 9999.0, 22.77, 9999.0, 22.61, 22.48, 22.23, 22.25, 22.25
2026-08-23, 03:05:32, 22.25, 22.5, 22.75, 22.75, 9999.0, 9999.0, 9999.0, 24.14, 9999.0, 22.73, 9999.0, 22.59, 22.48, 22.23, 22.25, 22.25
2026-08-23, 03:05:36, 22.25, 22.5, 22.75, 22.75, 9999.0, 9999.0, 9999.0, 24.16, 9999.0, 22.68, 9999.0, 22.59, 22.48, 22.23, 22.25, 22.25
2026-08-23, 03:05:40, 22.25, 22.5, 22.75, 22.75, 9999.0, 9999.0, 9999.0, 24.18, 9999.0, 22.64, 9999.0, 22.61, 22.48, 22.23, 22.25, 22.25
2026-08-23, 03:05:44, 22.25, 22.5, 22.75, 22.75, 9999.0, 9999.0, 9999.0, 24.14, 9999.0, 22.61, 9999.0, 22.61, 22.48, 22.23, 22.25, 22.25
2026-08-23, 03:05:48, 22.25, 22.5, 22.75, 22.75, 9999.0, 9999.0, 9999.0, 24.09, 9999.0, 22.59, 9999.0, 22.61, 22.48, 22.23, 22.25, 22.25
2026-08-23, 03:05:52, 22.25, 22.5, 22.75, 22.75, 9999.0, 9999.0, 9999.0, 24.05, 9999.0, 22.57, 9999.0, 22.61, 22.48, 22.23, 22.25, 22.25
2026-08-23, 03:05:56, 22.25, 22.5, 22.75, 22.75, 9999.0, 9999.0, 9999.0, 24.02, 9999.0, 22.57, 9999.0, 22.64, 22.48, 22.23, 22.25, 22.25
2026-08-23, 03:06:00, 22.25, 22.5, 22.75, 22.75, 9999.0, 9999.0, 9999.0, 24.0, 9999.0, 22.57, 9999.0, 22.66, 22.48, 22.25, 22.25, 22.25
2026-08-23, 03:06:04, 22.25, 22.5, 22.75, 22.75, 9999.0, 9999.0, 9999.0, 23.95, 9999.0, 22.57, 9999.0, 22.68, 22.48, 22.25, 22.25, 22.25
2026-08-23, 03:06:09, 22.25, 22.5, 22.75, 22.75, 9999.0, 9999.0, 9999.0, 23.91, 9999.0, 22.59, 9999.0, 22.7, 22.5, 22.25, 22.25, 22.23
2026-08-23, 03:06:13, 22.25, 22.5, 22.75, 22.75, 9999.0, 9999.0, 9999.0, 23.89, 9999.0, 22.61, 9999.0, 22.73, 22.5, 22.25, 22.25, 22.23
2026-08-23, 03:06:17, 22.27, 22.5, 22.75, 22.75, 9999.0, 9999.0, 9999.0, 23.93, 9999.0, 22.64, 9999.0, 22.75, 22.5, 22.23, 22.25, 22.23
2026-08-23, 03:06:21, 22.27, 22.5, 22.75, 22.75, 9999.0, 9999.0, 9999.0, 23.98, 9999.0, 22.66, 9999.0, 22.75, 22.5, 22.23, 22.25, 22.23
2026-08-23, 03:06:25, 22.27, 22.5, 22.75, 22.75, 9999.0, 9999.0, 9999.0, 24.0, 9999.0, 22.68, 9999.0, 22.75, 22.5, 22.23, 22.25, 22.23
2026-08-23, 03:06:29, 22.27, 22.48, 22.75, 22.75, 9999.0, 9999.0, 9999.0, 24.02, 9999.0, 22.7, 9999.0, 22.73, 22.5, 22.23, 22.25, 22.23
2026-08-23, 03:06:33, 22.27, 22.48, 22.75, 22.75, 9999.0, 9999.0, 9999.0, 24.05, 9999.0, 22.73, 9999.0, 22.7, 22.5, 22.23, 22.25, 22.23
2026-08-23, 03:06:37, 22.3, 22.48, 22.75, 22.75, 9999.0, 9999.0, 9999.0, 24.09, 9999.0, 22.73, 9999.0, 22.7, 22.5, 22.23, 22.25, 22.23
2026-08-23, 03:06:41, 22.3, 22.48, 22.75, 22.75, 9999.0, 9999.0, 9999.0, 24.09, 9999.0, 22.73, 9999.0, 22.68, 22.5, 22.23, 22.25, 22.23
2026-08-23, 03:06:45, 22.3, 22.48, 22.75, 22.75, 9999.0, 9999.0, 9999.0, 24.11, 9999.0, 22.7, 9999.0, 22.66, 22.5, 22.23, 22.25, 22.23
2026-08-23, 03:06:49, 22.3, 22.48, 22.75, 22.75, 9999.0, 9999.0, 9999.0, 24.14, 9999.0, 22.68, 9999.0, 22.64, 22.5, 22.23, 22.25, 22.23
2026-08-23, 03:06:53, 22.3, 22.48, 22.75, 22.75, 9999.0, 9999.0, 9999.0, 24.16, 9999.0, 22.66, 9999.0, 22.61, 22.5, 22.23, 22.25, 22.25
2026-08-23, 03:06:57, 22.3, 22.48, 22.75, 22.75, 9999.0, 9999.0, 9999.0, 24.18, 9999.0, 22.64, 9999.0, 22.61, 22.5, 22.23, 22.25, 22.25
2026-08-23, 03:07:01, 22.27, 22.48, 22.75, 22.73, 9999.0, 9999.0, 9999.0, 24.14, 9999.0, 22.61, 9999.0, 22.61, 22.5, 22.25, 22.25, 22.25
2026-08-23, 03:07:05, 22.27, 22.48, 22.75, 22.73, 9999.0, 9999.0, 9999.0, 24.09, 9999.0, 22.59, 9999.0, 22.61, 22.5, 22.25, 22.25, 22.25
2026-08-23, 03:07:09, 22.27, 22.48, 22.75, 22.73, 9999.0, 9999.0, 9999.0, 24.05, 9999.0, 22.55, 9999.0, 22.61, 22.5, 22.25, 22.25, 22.25
2026-08-23, 03:07:13, 22.27, 22.5, 22.75, 22.73, 9999.0, 9999.0, 9999.0, 24.0, 9999.0, 22.5, 9999.0, 22.64, 22.5, 22.23, 22.25, 22.25
2026-08-23, 03:07:17, 22.27, 22.5, 22.75, 22.73, 9999.0, 9999.0, 9999.0, 23.95, 9999.0, 22.48, 9999.0, 22.66, 22.5, 22.23, 22.25, 22.25
2026-08-23, 03:07:21, 22.25, 22.5, 22.75, 22.73, 9999.0, 9999.0, 9999.0, 23.89, 9999.0, 22.48, 9999.0, 22.66, 22.5, 22.23, 22.25, 22.25
2026-08-23, 03:07:25, 22.25, 22.5, 22.75, 22.73, 9999.0, 9999.0, 9999.0, 23.84, 9999.0, 22.45, 9999.0, 22.68, 22.5, 22.23, 22.25, 22.25
2026-08-23, 03:07:29, 22.25, 22.5, 22.75, 22.73, 9999.0, 9999.0, 9999.0, 23.8, 9999.0, 22.48, 9999.0, 22.7, 22.5, 22.23, 22.25, 22.25
2026-08-23, 03:07:33, 22.25, 22.5, 22.75, 22.73, 9999.0, 9999.0, 9999.0, 23.75, 9999.0, 22.5, 9999.0, 22.73, 22.5, 22.23, 22.25, 22.25
2026-08-23, 03:07:37, 22.25, 22.5, 22.75, 22.73, 9999.0, 9999.0, 9999.0, 23.8, 9999.0, 22.52, 9999.0, 22.75, 22.5, 22.23, 22.25, 22.25
2026-08-23, 03:07:41, 22.25, 22.48, 22.75, 22.73, 9999.0, 9999.0, 9999.0, 23.82, 9999.0, 22.55, 9999.0, 22.73, 22.5, 22.23, 22.25, 22.25
2026-08-23, 03:07:45, 22.25, 22.48, 22.75, 22.75, 9999.0, 9999.0, 9999.0, 23.84, 9999.0, 22.55, 9999.0, 22.73, 22.5, 22.23, 22.25, 22.25
2026-08-23, 03:07:49, 22.25, 22.48, 22.75, 22.75, 9999.0, 9999.0, 9999.0, 23.86, 9999.0, 22.55, 9999.0, 22.7, 22.5, 22.23, 22.25, 22.25
2026-08-23, 03:07:53, 22.25, 22.48, 22.75, 22.75, 9999.0, 9999.0, 9999.0, 23.89, 9999.0, 22.57, 9999.0, 22.68, 22.5, 22.23, 22.25, 22.25
2026-08-23, 03:07:57, 22.25, 22.48, 22.75, 22.75, 9999.0, 9999.0, 9999.0, 23.91, 9999.0, 22.59, 9999.0, 22.66, 22.5, 22.25, 22.25, 22.25
2026-08-23, 03:08:01, 22.25, 22.48, 22.75, 22.75, 9999.0, 9999.0, 9999.0, 23.93, 9999.0, 22.59, 9999.0, 22.64, 22.5, 22.25, 22.25, 22.25
2026-08-23, 03:08:05, 22.25, 22.48, 22.75, 22.73, 9999.0, 9999.0, 9999.0, 23.95, 9999.0, 22.59, 9999.0, 22.61, 22.5, 22.25, 22.25, 22.25
2026-08-23, 03:08:09, 22.25, 22.48, 22.75, 22.73, 9999.0, 9999.0, 9999.0, 24.0, 9999.0, 22.57, 9999.0, 22.59, 22.5, 22.25, 22.25, 22.25
2026-08-23, 03:08:13, 22.25, 22.48, 22.75, 22.73, 9999.0, 9999.0, 9999.0, 24.05, 9999.0, 22.52, 9999.0, 22.59, 22.5, 22.25, 22.25, 22.25
2026-08-23, 03:08:17, 22.25, 22.48, 22.75, 22.73, 9999.0, 9999.0, 9999.0, 24.07, 9999.0, 22.48, 9999.0, 22.59, 22.5, 22.25, 22.25, 22.25
2026-08-23, 03:08:21, 22.25, 22.48, 22.75, 22.73, 9999.0, 9999.0, 9999.0, 24.0, 9999.0, 22.43, 9999.0, 22.59, 22.5, 22.25, 22.25, 22.25
2026-08-23, 03:08:25, 22.25, 22.5, 22.75, 22.73, 9999.0, 9999.0, 9999.0, 23.95, 9999.0, 22.39, 9999.0, 22.61, 22.5, 22.25, 22.25, 22.25
2026-08-23, 03:08:29, 22.25, 22.5, 22.75, 22.73, 9999.0, 9999.0, 9999.0, 23.91, 9999.0, 22.36, 9999.0, 22.61, 22.48, 22.25, 22.25, 22.25
2026-08-23, 03:08:33, 22.25, 22.5, 22.75, 22.73, 9999.0, 9999.0, 9999.0, 23.84, 9999.0, 22.34, 9999.0, 22.64, 22.48, 22.25, 22.25, 22.25
2026-08-23, 03:08:37, 22.25, 22.5, 22.75, 22.73, 9999.0, 9999.0, 9999.0, 23.8, 9999.0, 22.32, 9999.0, 22.66, 22.48, 22.25, 22.25, 22.25
2026-08-23, 03:08:41, 22.25, 22.5, 22.75, 22.73, 9999.0, 9999.0, 9999.0, 23.75, 9999.0, 22.3, 9999.0, 22.68, 22.48, 22.25, 22.25, 22.25
2026-08-23, 03:08:45, 22.27, 22.5, 22.75, 22.73, 9999.0, 9999.0, 9999.0, 23.7, 9999.0, 22.3, 9999.0, 22.7, 22.48, 22.25, 22.25, 22.25
2026-08-23, 03:08:49, 22.27, 22.5, 22.75, 22.75, 9999.0, 9999.0, 9999.0, 23.68, 9999.0, 22.3, 9999.0, 22.73, 22.48, 22.25, 22.25, 22.25
2026-08-23, 03:08:53, 22.27, 22.5, 22.75, 22.75, 9999.0, 9999.0, 9999.0, 23.64, 9999.0, 22.32, 9999.0, 22.75, 22.48, 22.25, 22.25, 22.25
2026-08-23, 03:08:57, 22.27, 22.48, 22.75, 22.75, 9999.0, 9999.0, 9999.0, 23.66, 9999.0, 22.34, 9999.0, 22.75, 22.48, 22.25, 22.25, 22.25
2026-08-23, 03:09:01, 22.27, 22.48, 22.75, 22.75, 9999.0, 9999.0, 9999.0, 23.7, 9999.0, 22.36, 9999.0, 22.73, 22.48, 22.25, 22.25, 22.25
2026-08-23, 03:09:05, 22.27, 22.48, 22.75, 22.75, 9999.0, 9999.0, 9999.0, 23.73, 9999.0, 22.36, 9999.0, 22.7, 22.48, 22.25, 22.25, 22.25
2026-08-23, 03:09:09, 22.27, 22.48, 22.75, 22.75, 9999.0, 9999.0, 9999.0, 23.75, 9999.0, 22.36, 9999.0, 22.68, 22.48, 22.25, 22.25, 22.25
2026-08-23, 03:09:13, 22.27, 22.48, 22.75, 22.75, 9999.0, 9999.0, 9999.0, 23.77, 9999.0, 22.36, 9999.0, 22.66, 22.48, 22.25, 22.25, 22.25
2026-08-23, 03:09:17, 22.27, 22.48, 22.75, 22.75, 9999.0, 9999.0, 9999.0, 23.82, 9999.0, 22.36, 9999.0, 22.64, 22.48, 22.25, 22.25, 22.25
2026-08-23, 03:09:21, 22.27, 22.48, 22.75, 22.75, 9999.0, 9999.0, 9999.0, 23.86, 9999.0, 22.36, 9999.0, 22.61, 22.48, 22.25, 22.25, 22.25
2026-08-23, 03:09:25, 22.27, 22.48, 22.75, 22.75, 9999.0, 9999.0, 9999.0, 23.91, 9999.0, 22.36, 9999.0, 22.59, 22.48, 22.25, 22.25, 22.25
2026-08-23, 03:09:29, 22.25, 22.48, 22.75, 22.75, 9999.0, 9999.0, 9999.0, 23.93, 9999.0, 22.34, 9999.0, 22.57, 22.48, 22.25, 22.25, 22.25
2026-08-23, 03:09:33, 22.25, 22.48, 22.75, 22.75, 9999.0, 9999.0, 9999.0, 23.95, 9999.0, 22.32, 9999.0, 22.57, 22.48, 22.25, 22.23, 22.25
2026-08-23, 03:09:37, 22.25, 22.48, 22.75, 22.75, 9999.0, 9999.0, 9999.0, 23.98, 9999.0, 22.3, 9999.0, 22.57, 22.45, 22.25, 22.23, 22.25
2026-08-23, 03:09:41, 22.25, 22.48, 22.75, 22.75, 9999.0, 9999.0, 9999.0, 23.93, 9999.0, 22.25, 9999.0, 22.57, 22.45, 22.25, 22.23, 22.25
2026-08-23, 03:09:45, 22.25, 22.48, 22.75, 22.75, 9999.0, 9999.0, 9999.0, 23.89, 9999.0, 22.23, 9999.0, 22.59, 22.45, 22.25, 22.23, 22.25
2026-08-23, 03:09:49, 22.25, 22.48, 22.75, 22.75, 9999.0, 9999.0, 9999.0, 23.84, 9999.0, 22.23, 9999.0, 22.61, 22.45, 22.25, 22.23, 22.25
2026-08-23, 03:09:54, 22.25, 22.48, 22.75, 22.75, 9999.0, 9999.0, 9999.0, 23.8, 9999.0, 22.23, 9999.0, 22.64, 22.45, 22.25, 22.23, 22.25
2026-08-23, 03:09:58, 22.25, 22.48, 22.75, 22.73, 9999.0, 9999.0, 9999.0, 23.75, 9999.0, 22.23, 9999.0, 22.66, 22.48, 22.25, 22.23, 22.25
2026-08-23, 03:10:02, 22.25, 22.48, 22.75, 22.73, 9999.0, 9999.0, 9999.0, 23.68, 9999.0, 22.23, 9999.0, 22.68, 22.48, 22.25, 22.23, 22.25
2026-08-23, 03:10:06, 22.25, 22.48, 22.75, 22.73, 9999.0, 9999.0, 9999.0, 23.64, 9999.0, 22.25, 9999.0, 22.7, 22.48, 22.25, 22.23, 22.25
2026-08-23, 03:10:10, 22.25, 22.48, 22.75, 22.73, 9999.0, 9999.0, 9999.0, 23.57, 9999.0, 22.27, 9999.0, 22.73, 22.48, 22.25, 22.23, 22.25
2026-08-23, 03:10:14, 22.25, 22.48, 22.75, 22.73, 9999.0, 9999.0, 9999.0, 23.52, 9999.0, 22.3, 9999.0, 22.75, 22.48, 22.25, 22.23, 22.25
2026-08-23, 03:10:18, 22.25, 22.48, 22.75, 22.73, 9999.0, 9999.0, 9999.0, 23.55, 9999.0, 22.32, 9999.0, 22.75, 22.48, 22.25, 22.25, 22.25
2026-08-23, 03:10:22, 22.25, 22.48, 22.75, 22.73, 9999.0, 9999.0, 9999.0, 23.57, 9999.0, 22.34, 9999.0, 22.75, 22.5, 22.25, 22.25, 22.25
2026-08-23, 03:10:26, 22.25, 22.5, 22.75, 22.73, 9999.0, 9999.0, 9999.0, 23.59, 9999.0, 22.39, 9999.0, 22.73, 22.5, 22.25, 22.25, 22.25
2026-08-23, 03:10:30, 22.25, 22.5, 22.75, 22.73, 9999.0, 9999.0, 9999.0, 23.61, 9999.0, 22.39, 9999.0, 22.73, 22.5, 22.25, 22.25, 22.25
2026-08-23, 03:10:34, 22.25, 22.5, 22.75, 22.73, 9999.0, 9999.0, 9999.0, 23.64, 9999.0, 22.39, 9999.0, 22.7, 22.5, 22.25, 22.25, 22.25
2026-08-23, 03:10:38, 22.25, 22.5, 22.75, 22.73, 9999.0, 9999.0, 9999.0, 23.66, 9999.0, 22.39, 9999.0, 22.68, 22.5, 22.25, 22.25, 22.25
2026-08-23, 03:10:42, 22.25, 22.5, 22.75, 22.75, 9999.0, 9999.0, 9999.0, 23.68, 9999.0, 22.39, 9999.0, 22.68, 22.5, 22.25, 22.25, 22.25
2026-08-23, 03:10:46, 22.25, 22.5, 22.75, 22.75, 9999.0, 9999.0, 9999.0, 23.73, 9999.0, 22.39, 9999.0, 22.66, 22.5, 22.25, 22.25, 22.25
2026-08-23, 03:10:50, 22.25, 22.5, 22.75, 22.75, 9999.0, 9999.0, 9999.0, 23.75, 9999.0, 22.36, 9999.0, 22.64, 22.5, 22.25, 22.25, 22.25
2026-08-23, 03:10:54, 22.25, 22.5, 22.75, 22.75, 9999.0, 9999.0, 9999.0, 23.8, 9999.0, 22.34, 9999.0, 22.64, 22.5, 22.25, 22.25, 22.25
2026-08-23, 03:10:58, 22.25, 22.5, 22.75, 22.75, 9999.0, 9999.0, 9999.0, 23.84, 9999.0, 22.32, 9999.0, 22.64, 22.5, 22.25, 22.25, 22.25
2026-08-23, 03:11:02, 22.25, 22.5, 22.75, 22.75, 9999.0, 9999.0, 9999.0, 23.82, 9999.0, 22.27, 9999.0, 22.64, 22.5, 22.25, 22.25, 22.25
2026-08-23, 03:11:06, 22.25, 22.5, 22.75, 22.75, 9999.0, 9999.0, 9999.0, 23.77, 9999.0, 22.25, 9999.0, 22.64, 22.5, 22.25, 22.25, 22.25
2026-08-23, 03:11:10, 22.25, 22.5, 22.75, 22.75, 9999.0, 9999.0, 9999.0, 23.73, 9999.0, 22.2, 9999.0, 22.68, 22.5, 22.25, 22.25, 22.25
2026-08-23, 03:11:14, 22.25, 22.5, 22.75, 22.75, 9999.0, 9999.0, 9999.0, 23.68, 9999.0, 22.2, 9999.0, 22.68, 22.5, 22.25, 22.25, 22.25
2026-08-23, 03:11:18, 22.25, 22.5, 22.75, 22.75, 9999.0, 9999.0, 9999.0, 23.66, 9999.0, 22.2, 9999.0, 22.7, 22.5, 22.25, 22.25, 22.25
2026-08-23, 03:11:22, 22.25, 22.48, 22.75, 22.75, 9999.0, 9999.0, 9999.0, 23.64, 9999.0, 22.2, 9999.0, 22.73, 22.5, 22.25, 22.25, 22.25
2026-08-23, 03:11:26, 22.25, 22.48, 22.75, 22.75, 9999.0, 9999.0, 9999.0, 23.61, 9999.0, 22.23, 9999.0, 22.73, 22.5, 22.25, 22.25, 22.25
2026-08-23, 03:11:30, 22.25, 22.48, 22.75, 22.75, 9999.0, 9999.0, 9999.0, 23.57, 9999.0, 22.25, 9999.0, 22.75, 22.5, 22.25, 22.25, 22.25
2026-08-23, 03:11:34, 22.25, 22.48, 22.75, 22.75, 9999.0, 9999.0, 9999.0, 23.61, 9999.0, 22.27, 9999.0, 22.77, 22.5, 22.25, 22.25, 22.25
2026-08-23, 03:11:38, 22.25, 22.48, 22.75, 22.75, 9999.0, 9999.0, 9999.0, 23.66, 9999.0, 22.3, 9999.0, 22.77, 22.5, 22.25, 22.25, 22.25
2026-08-23, 03:11:42, 22.25, 22.48, 22.75, 22.75, 9999.0, 9999.0, 9999.0, 23.68, 9999.0, 22.3, 9999.0, 22.75, 22.5, 22.25, 22.25, 22.25
2026-08-23, 03:11:46, 22.25, 22.48, 22.75, 22.75, 9999.0, 9999.0, 9999.0, 23.7, 9999.0, 22.32, 9999.0, 22.75, 22.5, 22.25, 22.25, 22.25
2026-08-23, 03:11:50, 22.25, 22.48, 22.75, 22.75, 9999.0, 9999.0, 9999.0, 23.75, 9999.0, 22.32, 9999.0, 22.73, 22.5, 22.25, 22.25, 22.25
2026-08-23, 03:11:54, 22.27, 22.48, 22.75, 22.75, 9999.0, 9999.0, 9999.0, 23.8, 9999.0, 22.34, 9999.0, 22.68, 22.5, 22.25, 22.25, 22.25
2026-08-23, 03:11:58, 22.27, 22.48, 22.75, 22.75, 9999.0, 9999.0, 9999.0, 23.82, 9999.0, 22.34, 9999.0, 22.66, 22.5, 22.25, 22.25, 22.25
2026-08-23, 03:12:02, 22.27, 22.48, 22.75, 22.75, 9999.0, 9999.0, 9999.0, 23.84, 9999.0, 22.34, 9999.0, 22.66, 22.5, 22.25, 22.25, 22.25
2026-08-23, 03:12:06, 22.27, 22.48, 22.75, 22.75, 9999.0, 9999.0, 9999.0, 23.86, 9999.0, 22.34, 9999.0, 22.64, 22.5, 22.25, 22.25, 22.25
2026-08-23, 03:12:10, 22.27, 22.48, 22.75, 22.75, 9999.0, 9999.0, 9999.0, 23.89, 9999.0, 22.32, 9999.0, 22.61, 22.5, 22.23, 22.25, 22.25
2026-08-23, 03:12:14, 22.3, 22.48, 22.75, 22.75, 9999.0, 9999.0, 9999.0, 23.93, 9999.0, 22.3, 9999.0, 22.61, 22.5, 22.23, 22.25, 22.25
2026-08-23, 03:12:18, 22.3, 22.48, 22.75, 22.75, 9999.0, 9999.0, 9999.0, 23.89, 9999.0, 22.27, 9999.0, 22.61, 22.5, 22.23, 22.25, 22.25
2026-08-23, 03:12:22, 22.3, 22.45, 22.75, 22.75, 9999.0, 9999.0, 9999.0, 23.82, 9999.0, 22.25, 9999.0, 22.64, 22.5, 22.23, 22.25, 22.25
2026-08-23, 03:12:26, 22.3, 22.45, 22.75, 22.75, 9999.0, 9999.0, 9999.0, 23.77, 9999.0, 22.23, 9999.0, 22.66, 22.5, 22.23, 22.25, 22.25
2026-08-23, 03:12:30, 22.3, 22.45, 22.75, 22.75, 9999.0, 9999.0, 9999.0, 23.73, 9999.0, 22.23, 9999.0, 22.66, 22.5, 22.23, 22.25, 22.25
2026-08-23, 03:12:34, 22.3, 22.45, 22.75, 22.75, 9999.0, 9999.0, 9999.0, 23.68, 9999.0, 22.25, 9999.0, 22.68, 22.5, 22.23, 22.25, 22.25
2026-08-23, 03:12:38, 22.27, 22.43, 22.75, 22.75, 9999.0, 9999.0, 9999.0, 23.64, 9999.0, 22.27, 9999.0, 22.7, 22.5, 22.23, 22.25, 22.25
2026-08-23, 03:12:42, 22.27, 22.41, 22.75, 22.75, 9999.0, 9999.0, 9999.0, 23.61, 9999.0, 22.3, 9999.0, 22.73, 22.5, 22.23, 22.25, 22.25
2026-08-23, 03:12:46, 22.27, 22.39, 22.75, 22.75, 9999.0, 9999.0, 9999.0, 23.59, 9999.0, 22.32, 9999.0, 22.73, 22.5, 22.23, 22.25, 22.25
2026-08-23, 03:12:50, 22.27, 22.41, 22.75, 22.75, 9999.0, 9999.0, 9999.0, 23.57, 9999.0, 22.34, 9999.0, 22.75, 22.5, 22.23, 22.25, 22.25
2026-08-23, 03:12:54, 22.27, 22.41, 22.75, 22.75, 9999.0, 9999.0, 9999.0, 23.61, 9999.0, 22.36, 9999.0, 22.77, 22.5, 22.25, 22.25, 22.25
2026-08-23, 03:12:58, 22.25, 22.41, 22.75, 22.75, 9999.0, 9999.0, 9999.0, 23.66, 9999.0, 22.39, 9999.0, 22.77, 22.5, 22.25, 22.25, 22.25
2026-08-23, 03:13:02, 22.25, 22.41, 22.75, 22.75, 9999.0, 9999.0, 9999.0, 23.68, 9999.0, 22.41, 9999.0, 22.77, 22.5, 22.25, 22.25, 22.25
2026-08-23, 03:13:06, 22.27, 22.43, 22.75, 22.75, 9999.0, 9999.0, 9999.0, 23.73, 9999.0, 22.43, 9999.0, 22.73, 22.5, 22.25, 22.25, 22.25
2026-08-23, 03:13:10, 22.27, 22.43, 22.75, 22.75, 9999.0, 9999.0, 9999.0, 23.77, 9999.0, 22.45, 9999.0, 22.7, 22.5, 22.25, 22.25, 22.25
2026-08-23, 03:13:14, 22.27, 22.43, 22.75, 22.75, 9999.0, 9999.0, 9999.0, 23.8, 9999.0, 22.45, 9999.0, 22.68, 22.5, 22.25, 22.25, 22.25
2026-08-23, 03:13:18, 22.27, 22.43, 22.75, 22.75, 9999.0, 9999.0, 9999.0, 23.82, 9999.0, 22.43, 9999.0, 22.66, 22.5, 22.25, 22.25, 22.25
2026-08-23, 03:13:22, 22.3, 22.45, 22.75, 22.77, 9999.0, 9999.0, 9999.0, 23.84, 9999.0, 22.41, 9999.0, 22.64, 22.48, 22.25, 22.25, 22.25
2026-08-23, 03:13:26, 22.3, 22.48, 22.75, 22.77, 9999.0, 9999.0, 9999.0, 23.86, 9999.0, 22.39, 9999.0, 22.61, 22.48, 22.25, 22.25, 22.25
2026-08-23, 03:13:31, 22.3, 22.5, 22.75, 22.77, 9999.0, 9999.0, 9999.0, 23.89, 9999.0, 22.39, 9999.0, 22.61, 22.48, 22.25, 22.25, 22.25
2026-08-23, 03:13:35, 22.3, 22.48, 22.75, 22.77, 9999.0, 9999.0, 9999.0, 23.91, 9999.0, 22.36, 9999.0, 22.61, 22.48, 22.25, 22.25, 22.25
2026-08-23, 03:13:39, 22.32, 22.48, 22.75, 22.77, 9999.0, 9999.0, 9999.0, 23.86, 9999.0, 22.34, 9999.0, 22.61, 22.48, 22.25, 22.25, 22.25
2026-08-23, 03:13:43, 22.32, 22.48, 22.75, 22.77, 9999.0, 9999.0, 9999.0, 23.8, 9999.0, 22.32, 9999.0, 22.64, 22.48, 22.25, 22.25, 22.25
2026-08-23, 03:13:47, 22.32, 22.48, 22.75, 22.77, 9999.0, 9999.0, 9999.0, 23.77, 9999.0, 22.27, 9999.0, 22.64, 22.48, 22.25, 22.25, 22.25
2026-08-23, 03:13:51, 22.3, 22.45, 22.75, 22.77, 9999.0, 9999.0, 9999.0, 23.73, 9999.0, 22.27, 9999.0, 22.66, 22.48, 22.25, 22.25, 22.25
2026-08-23, 03:13:55, 22.32, 22.45, 22.75, 22.77, 9999.0, 9999.0, 9999.0, 23.68, 9999.0, 22.3, 9999.0, 22.68, 22.48, 22.25, 22.25, 22.25
2026-08-23, 03:13:59, 22.34, 22.45, 22.75, 22.77, 9999.0, 9999.0, 9999.0, 23.66, 9999.0, 22.32, 9999.0, 22.7, 22.48, 22.25, 22.25, 22.25
2026-08-23, 03:14:03, 22.36, 22.45, 22.75, 22.8, 9999.0, 9999.0, 9999.0, 23.64, 9999.0, 22.36, 9999.0, 22.73, 22.48, 22.25, 22.25, 22.25
2026-08-23, 03:14:07, 22.34, 22.45, 22.75, 22.77, 9999.0, 9999.0, 9999.0, 23.61, 9999.0, 22.39, 9999.0, 22.75, 22.5, 22.25, 22.25, 22.25
2026-08-23, 03:14:11, 22.34, 22.45, 22.75, 22.77, 9999.0, 9999.0, 9999.0, 23.59, 9999.0, 22.41, 9999.0, 22.77, 22.5, 22.25, 22.25, 22.25
2026-08-23, 03:14:15, 22.36, 22.45, 22.75, 22.77, 9999.0, 9999.0, 9999.0, 23.64, 9999.0, 22.41, 9999.0, 22.77, 22.5, 22.25, 22.25, 22.25
2026-08-23, 03:14:19, 22.36, 22.48, 22.75, 22.77, 9999.0, 9999.0, 9999.0, 23.66, 9999.0, 22.43, 9999.0, 22.77, 22.5, 22.25, 22.25, 22.25
2026-08-23, 03:14:23, 22.36, 22.48, 22.75, 22.77, 9999.0, 9999.0, 9999.0, 23.68, 9999.0, 22.45, 9999.0, 22.75, 22.5, 22.25, 22.25, 22.25
2026-08-23, 03:14:27, 22.36, 22.48, 22.75, 22.77, 9999.0, 9999.0, 9999.0, 23.73, 9999.0, 22.48, 9999.0, 22.7, 22.5, 22.25, 22.25, 22.25
2026-08-23, 03:14:31, 22.39, 22.45, 22.75, 22.77, 9999.0, 9999.0, 9999.0, 23.73, 9999.0, 22.52, 9999.0, 22.7, 22.5, 22.25, 22.25, 22.25
2026-08-23, 03:14:35, 22.39, 22.48, 22.75, 22.77, 9999.0, 9999.0, 9999.0, 23.75, 9999.0, 22.52, 9999.0, 22.68, 22.5, 22.25, 22.25, 22.25
2026-08-23, 03:14:39, 22.39, 22.45, 22.77, 22.77, 9999.0, 9999.0, 9999.0, 23.77, 9999.0, 22.52, 9999.0, 22.66, 22.5, 22.25, 22.25, 22.25
2026-08-23, 03:14:43, 22.36, 22.45, 22.77, 22.77, 9999.0, 9999.0, 9999.0, 23.82, 9999.0, 22.52, 9999.0, 22.64, 22.5, 22.25, 22.25, 22.25
2026-08-23, 03:14:47, 22.34, 22.45, 22.77, 22.75, 9999.0, 9999.0, 9999.0, 23.84, 9999.0, 22.5, 9999.0, 22.61, 22.5, 22.25, 22.25, 22.25
2026-08-23, 03:14:51, 22.34, 22.45, 22.77, 22.75, 9999.0, 9999.0, 9999.0, 23.86, 9999.0, 22.48, 9999.0, 22.61, 22.5, 22.25, 22.25, 22.25
2026-08-23, 03:14:55, 22.34, 22.45, 22.77, 22.75, 9999.0, 9999.0, 9999.0, 23.89, 9999.0, 22.45, 9999.0, 22.61, 22.5, 22.25, 22.25, 22.25
2026-08-23, 03:14:59, 22.32, 22.45, 22.77, 22.75, 9999.0, 9999.0, 9999.0, 23.84, 9999.0, 22.43, 9999.0, 22.61, 22.5, 22.25, 22.25, 22.25
2026-08-23, 03:15:03, 22.32, 22.45, 22.77, 22.75, 9999.0, 9999.0, 9999.0, 23.82, 9999.0, 22.43, 9999.0, 22.64, 22.5, 22.25, 22.25, 22.25
2026-08-23, 03:15:07, 22.3, 22.45, 22.77, 22.75, 9999.0, 9999.0, 9999.0, 23.8, 9999.0, 22.41, 9999.0, 22.66, 22.5, 22.25, 22.25, 22.25
2026-08-23, 03:15:11, 22.3, 22.45, 22.77, 22.75, 9999.0, 9999.0, 9999.0, 23.75, 9999.0, 22.41, 9999.0, 22.68, 22.5, 22.25, 22.25, 22.25
2026-08-23, 03:15:15, 22.27, 22.45, 22.77, 22.75, 9999.0, 9999.0, 9999.0, 23.73, 9999.0, 22.41, 9999.0, 22.68, 22.5, 22.25, 22.25, 22.25
2026-08-23, 03:15:19, 22.27, 22.45, 22.77, 22.75, 9999.0, 9999.0, 9999.0, 23.7, 9999.0, 22.41, 9999.0, 22.7, 22.5, 22.25, 22.25, 22.25
2026-08-23, 03:15:23, 22.25, 22.48, 22.75, 22.75, 9999.0, 9999.0, 9999.0, 23.68, 9999.0, 22.43, 9999.0, 22.73, 22.5, 22.25, 22.25, 22.25
2026-08-23, 03:15:27, 22.25, 22.48, 22.75, 22.75, 9999.0, 9999.0, 9999.0, 23.64, 9999.0, 22.45, 9999.0, 22.75, 22.5, 22.25, 22.25, 22.25
2026-08-23, 03:15:31, 22.25, 22.48, 22.75, 22.75, 9999.0, 9999.0, 9999.0, 23.68, 9999.0, 22.48, 9999.0, 22.77, 22.5, 22.25, 22.25, 22.25
2026-08-23, 03:15:35, 22.27, 22.48, 22.75, 22.77, 9999.0, 9999.0, 9999.0, 23.73, 9999.0, 22.5, 9999.0, 22.77, 22.5, 22.25, 22.25, 22.25
2026-08-23, 03:15:39, 22.27, 22.48, 22.75, 22.77, 9999.0, 9999.0, 9999.0, 23.77, 9999.0, 22.52, 9999.0, 22.77, 22.5, 22.25, 22.25, 22.25
2026-08-23, 03:15:43, 22.27, 22.48, 22.75, 22.77, 9999.0, 9999.0, 9999.0, 23.82, 9999.0, 22.55, 9999.0, 22.77, 22.5, 22.25, 22.25, 22.25
2026-08-23, 03:15:47, 22.27, 22.48, 22.75, 22.77, 9999.0, 9999.0, 9999.0, 23.84, 9999.0, 22.55, 9999.0, 22.75, 22.5, 22.25, 22.25, 22.25
2026-08-23, 03:15:51, 22.27, 22.48, 22.75, 22.77, 9999.0, 9999.0, 9999.0, 23.86, 9999.0, 22.57, 9999.0, 22.73, 22.5, 22.25, 22.25, 22.25
2026-08-23, 03:15:55, 22.27, 22.48, 22.75, 22.77, 9999.0, 9999.0, 9999.0, 23.91, 9999.0, 22.57, 9999.0, 22.7, 22.5, 22.25, 22.25, 22.25
2026-08-23, 03:15:59, 22.27, 22.5, 22.75, 22.77, 9999.0, 9999.0, 9999.0, 23.95, 9999.0, 22.57, 9999.0, 22.7, 22.5, 22.25, 22.25, 22.25
2026-08-23, 03:16:03, 22.27, 22.5, 22.75, 22.77, 9999.0, 9999.0, 9999.0, 24.0, 9999.0, 22.57, 9999.0, 22.68, 22.5, 22.25, 22.25, 22.25
2026-08-23, 03:16:07, 22.27, 22.5, 22.75, 22.77, 9999.0, 9999.0, 9999.0, 24.05, 9999.0, 22.55, 9999.0, 22.68, 22.5, 22.25, 22.25, 22.25
2026-08-23, 03:16:11, 22.27, 22.5, 22.77, 22.77, 9999.0, 9999.0, 9999.0, 24.07, 9999.0, 22.52, 9999.0, 22.68, 22.5, 22.25, 22.25, 22.25
2026-08-23, 03:16:15, 22.3, 22.5, 22.77, 22.77, 9999.0, 9999.0, 9999.0, 24.02, 9999.0, 22.5, 9999.0, 22.68, 22.5, 22.25, 22.25, 22.25
2026-08-23, 03:16:19, 22.3, 22.5, 22.77, 22.75, 9999.0, 9999.0, 9999.0, 23.98, 9999.0, 22.5, 9999.0, 22.68, 22.5, 22.25, 22.25, 22.25
2026-08-23, 03:16:23, 22.3, 22.5, 22.77, 22.75, 9999.0, 9999.0, 9999.0, 23.91, 9999.0, 22.5, 9999.0, 22.7, 22.5, 22.25, 22.25, 22.25
2026-08-23, 03:16:27, 22.3, 22.5, 22.77, 22.75, 9999.0, 9999.0, 9999.0, 23.84, 9999.0, 22.48, 9999.0, 22.73, 22.5, 22.25, 22.25, 22.25
2026-08-23, 03:16:31, 22.3, 22.5, 22.77, 22.75, 9999.0, 9999.0, 9999.0, 23.82, 9999.0, 22.48, 9999.0, 22.73, 22.5, 22.25, 22.25, 22.25
2026-08-23, 03:16:35, 22.3, 22.5, 22.77, 22.75, 9999.0, 9999.0, 9999.0, 23.8, 9999.0, 22.48, 9999.0, 22.75, 22.5, 22.25, 22.25, 22.25
2026-08-23, 03:16:39, 22.32, 22.48, 22.77, 22.75, 9999.0, 9999.0, 9999.0, 23.75, 9999.0, 22.5, 9999.0, 22.77, 22.5, 22.25, 22.25, 22.25
2026-08-23, 03:16:43, 22.32, 22.48, 22.77, 22.75, 9999.0, 9999.0, 9999.0, 23.7, 9999.0, 22.5, 9999.0, 22.77, 22.5, 22.25, 22.25, 22.25
2026-08-23, 03:16:47, 22.32, 22.48, 22.8, 22.75, 9999.0, 9999.0, 9999.0, 23.66, 9999.0, 22.52, 9999.0, 22.8, 22.5, 22.25, 22.25, 22.25
2026-08-23, 03:16:51, 22.32, 22.48, 22.8, 22.75, 9999.0, 9999.0, 9999.0, 23.68, 9999.0, 22.55, 9999.0, 22.8, 22.5, 22.25, 22.25, 22.25
2026-08-23, 03:16:55, 22.32, 22.48, 22.77, 22.75, 9999.0, 9999.0, 9999.0, 23.73, 9999.0, 22.55, 9999.0, 22.8, 22.5, 22.25, 22.25, 22.25
2026-08-23, 03:16:59, 22.3, 22.48, 22.77, 22.75, 9999.0, 9999.0, 9999.0, 23.77, 9999.0, 22.55, 9999.0, 22.8, 22.5, 22.25, 22.25, 22.25
2026-08-23, 03:17:03, 22.27, 22.48, 22.77, 22.75, 9999.0, 9999.0, 9999.0, 23.82, 9999.0, 22.55, 9999.0, 22.8, 22.5, 22.25, 22.25, 22.25
2026-08-23, 03:17:07, 22.27, 22.48, 22.77, 22.75, 9999.0, 9999.0, 9999.0, 23.86, 9999.0, 22.55, 9999.0, 22.75, 22.5, 22.25, 22.25, 22.25
2026-08-23, 03:17:12, 22.27, 22.48, 22.77, 22.75, 9999.0, 9999.0, 9999.0, 23.91, 9999.0, 22.57, 9999.0, 22.73, 22.5, 22.25, 22.25, 22.25
2026-08-23, 03:17:16, 22.27, 22.48, 22.77, 22.75, 9999.0, 9999.0, 9999.0, 23.93, 9999.0, 22.57, 9999.0, 22.7, 22.5, 22.25, 22.25, 22.25
2026-08-23, 03:17:20, 22.27, 22.48, 22.77, 22.75, 9999.0, 9999.0, 9999.0, 23.95, 9999.0, 22.57, 9999.0, 22.68, 22.5, 22.25, 22.25, 22.25
2026-08-23, 03:17:24, 22.25, 22.5, 22.77, 22.75, 9999.0, 9999.0, 9999.0, 24.0, 9999.0, 22.55, 9999.0, 22.68, 22.5, 22.25, 22.25, 22.25
2026-08-23, 03:17:28, 22.25, 22.5, 22.77, 22.75, 9999.0, 9999.0, 9999.0, 24.05, 9999.0, 22.55, 9999.0, 22.68, 22.5, 22.25, 22.25, 22.25
2026-08-23, 03:17:32, 22.27, 22.5, 22.75, 22.75, 9999.0, 9999.0, 9999.0, 24.07, 9999.0, 22.52, 9999.0, 22.68, 22.5, 22.25, 22.25, 22.25
2026-08-23, 03:17:36, 22.27, 22.5, 22.75, 22.75, 9999.0, 9999.0, 9999.0, 24.02, 9999.0, 22.5, 9999.0, 22.68, 22.5, 22.25, 22.25, 22.25
2026-08-23, 03:17:40, 22.27, 22.5, 22.75, 22.75, 9999.0, 9999.0, 9999.0, 24.0, 9999.0, 22.48, 9999.0, 22.68, 22.5, 22.25, 22.25, 22.25
2026-08-23, 03:17:44, 22.27, 22.5, 22.75, 22.75, 9999.0, 9999.0, 9999.0, 23.95, 9999.0, 22.48, 9999.0, 22.7, 22.5, 22.25, 22.25, 22.25
2026-08-23, 03:17:48, 22.27, 22.5, 22.75, 22.75, 9999.0, 9999.0, 9999.0, 23.91, 9999.0, 22.48, 9999.0, 22.7, 22.5, 22.25, 22.25, 22.25
2026-08-23, 03:17:52, 22.27, 22.5, 22.75, 22.75, 9999.0, 9999.0, 9999.0, 23.89, 9999.0, 22.48, 9999.0, 22.73, 22.5, 22.25, 22.25, 22.25
2026-08-23, 03:17:56, 22.27, 22.5, 22.75, 22.75, 9999.0, 9999.0, 9999.0, 23.86, 9999.0, 22.48, 9999.0, 22.73, 22.5, 22.25, 22.25, 22.25
2026-08-23, 03:18:00, 22.27, 22.5, 22.75, 22.75, 9999.0, 9999.0, 9999.0, 23.84, 9999.0, 22.5, 9999.0, 22.75, 22.5, 22.25, 22.25, 22.25
2026-08-23, 03:18:04, 22.27, 22.5, 22.75, 22.75, 9999.0, 9999.0, 9999.0, 23.8, 9999.0, 22.52, 9999.0, 22.77, 22.5, 22.25, 22.25, 22.25
2026-08-23, 03:18:08, 22.27, 22.5, 22.75, 22.75, 9999.0, 9999.0, 9999.0, 23.84, 9999.0, 22.55, 9999.0, 22.77, 22.5, 22.25, 22.25, 22.25
2026-08-23, 03:18:12, 22.3, 22.5, 22.75, 22.75, 9999.0, 9999.0, 9999.0, 23.86, 9999.0, 22.55, 9999.0, 22.77, 22.5, 22.25, 22.25, 22.25
2026-08-23, 03:18:16, 22.27, 22.5, 22.75, 22.75, 9999.0, 9999.0, 9999.0, 23.91, 9999.0, 22.57, 9999.0, 22.77, 22.5, 22.25, 22.25, 22.25
2026-08-23, 03:18:20, 22.27, 22.5, 22.75, 22.75, 9999.0, 9999.0, 9999.0, 23.95, 9999.0, 22.59, 9999.0, 22.75, 22.5, 22.25, 22.25, 22.25
2026-08-23, 03:18:24, 22.27, 22.5, 22.75, 22.75, 9999.0, 9999.0, 9999.0, 23.98, 9999.0, 22.61, 9999.0, 22.75, 22.5, 22.25, 22.25, 22.25
2026-08-23, 03:18:28, 22.27, 22.5, 22.75, 22.75, 9999.0, 9999.0, 9999.0, 24.0, 9999.0, 22.61, 9999.0, 22.7, 22.5, 22.25, 22.25, 22.25
2026-08-23, 03:18:32, 22.27, 22.5, 22.75, 22.75, 9999.0, 9999.0, 9999.0, 24.05, 9999.0, 22.64, 9999.0, 22.68, 22.5, 22.25, 22.25, 22.25
2026-08-23, 03:18:36, 22.27, 22.48, 22.75, 22.75, 9999.0, 9999.0, 9999.0, 24.07, 9999.0, 22.64, 9999.0, 22.66, 22.5, 22.25, 22.25, 22.25
2026-08-23, 03:18:40, 22.27, 22.48, 22.77, 22.75, 9999.0, 9999.0, 9999.0, 24.09, 9999.0, 22.66, 9999.0, 22.64, 22.5, 22.25, 22.25, 22.25
2026-08-23, 03:18:44, 22.27, 22.48, 22.77, 22.75, 9999.0, 9999.0, 9999.0, 24.11, 9999.0, 22.64, 9999.0, 22.61, 22.5, 22.25, 22.25, 22.25
2026-08-23, 03:18:48, 22.27, 22.48, 22.77, 22.75, 9999.0, 9999.0, 9999.0, 24.16, 9999.0, 22.61, 9999.0, 22.61, 22.5, 22.25, 22.25, 22.25
2026-08-23, 03:18:52, 22.27, 22.48, 22.77, 22.75, 9999.0, 9999.0, 9999.0, 24.11, 9999.0, 22.59, 9999.0, 22.61, 22.5, 22.25, 22.25, 22.25
2026-08-23, 03:18:56, 22.25, 22.48, 22.77, 22.75, 9999.0, 9999.0, 9999.0, 24.07, 9999.0, 22.59, 9999.0, 22.64, 22.5, 22.25, 22.25, 22.25
2026-08-23, 03:19:00, 22.25, 22.48, 22.77, 22.75, 9999.0, 9999.0, 9999.0, 24.02, 9999.0, 22.57, 9999.0, 22.64, 22.5, 22.25, 22.25, 22.25
2026-08-23, 03:19:04, 22.25, 22.48, 22.77, 22.75, 9999.0, 9999.0, 9999.0, 23.98, 9999.0, 22.55, 9999.0, 22.66, 22.5, 22.25, 22.25, 22.25
2026-08-23, 03:19:08, 22.25, 22.48, 22.77, 22.75, 9999.0, 9999.0, 9999.0, 23.93, 9999.0, 22.57, 9999.0, 22.66, 22.5, 22.25, 22.25, 22.25
2026-08-23, 03:19:12, 22.25, 22.48, 22.77, 22.75, 9999.0, 9999.0, 9999.0, 23.89, 9999.0, 22.59, 9999.0, 22.68, 22.5, 22.25, 22.25, 22.25
2026-08-23, 03:19:16, 22.27, 22.48, 22.77, 22.75, 9999.0, 9999.0, 9999.0, 23.82, 9999.0, 22.59, 9999.0, 22.7, 22.5, 22.25, 22.25, 22.25
2026-08-23, 03:19:20, 22.27, 22.5, 22.77, 22.75, 9999.0, 9999.0, 9999.0, 23.8, 9999.0, 22.61, 9999.0, 22.73, 22.5, 22.25, 22.25, 22.25
2026-08-23, 03:19:24, 22.3, 22.5, 22.75, 22.75, 9999.0, 9999.0, 9999.0, 23.77, 9999.0, 22.64, 9999.0, 22.75, 22.5, 22.25, 22.25, 22.25
2026-08-23, 03:19:28, 22.3, 22.5, 22.75, 22.75, 9999.0, 9999.0, 9999.0, 23.82, 9999.0, 22.66, 9999.0, 22.77, 22.5, 22.25, 22.25, 22.25
2026-08-23, 03:19:32, 22.3, 22.5, 22.75, 22.75, 9999.0, 9999.0, 9999.0, 23.84, 9999.0, 22.68, 9999.0, 22.77, 22.5, 22.25, 22.25, 22.25
2026-08-23, 03:19:36, 22.32, 22.5, 22.75, 22.75, 9999.0, 9999.0, 9999.0, 23.86, 9999.0, 22.7, 9999.0, 22.77, 22.5, 22.25, 22.25, 22.25
2026-08-23, 03:19:40, 22.32, 22.5, 22.75, 22.75, 9999.0, 9999.0, 9999.0, 23.91, 9999.0, 22.73, 9999.0, 22.75, 22.5, 22.23, 22.25, 22.25
2026-08-23, 03:19:44, 22.32, 22.5, 22.75, 22.75, 9999.0, 9999.0, 9999.0, 23.95, 9999.0, 22.75, 9999.0, 22.73, 22.5, 22.23, 22.25, 22.25
2026-08-23, 03:19:48, 22.32, 22.5, 22.75, 22.75, 9999.0, 9999.0, 9999.0, 23.98, 9999.0, 22.75, 9999.0, 22.73, 22.5, 22.23, 22.25, 22.25
2026-08-23, 03:19:52, 22.32, 22.5, 22.75, 22.75, 9999.0, 9999.0, 9999.0, 24.0, 9999.0, 22.73, 9999.0, 22.7, 22.5, 22.23, 22.25, 22.25
2026-08-23, 03:19:56, 22.34, 22.5, 22.75, 22.75, 9999.0, 9999.0, 9999.0, 24.05, 9999.0, 22.73, 9999.0, 22.68, 22.5, 22.23, 22.25, 22.25
2026-08-23, 03:20:00, 22.32, 22.5, 22.75, 22.75, 9999.0, 9999.0, 9999.0, 24.09, 9999.0, 22.73, 9999.0, 22.66, 22.5, 22.23, 22.25, 22.25
2026-08-23, 03:20:04, 22.34, 22.5, 22.75, 22.75, 9999.0, 9999.0, 9999.0, 24.11, 9999.0, 22.73, 9999.0, 22.66, 22.5, 22.23, 22.25, 22.25
2026-08-23, 03:20:08, 22.32, 22.5, 22.75, 22.75, 9999.0, 9999.0, 9999.0, 24.14, 9999.0, 22.7, 9999.0, 22.66, 22.5, 22.23, 22.25, 22.25
2026-08-23, 03:20:12, 22.32, 22.48, 22.75, 22.75, 9999.0, 9999.0, 9999.0, 24.07, 9999.0, 22.7, 9999.0, 22.66, 22.5, 22.23, 22.25, 22.25
2026-08-23, 03:20:16, 22.32, 22.48, 22.75, 22.75, 9999.0, 9999.0, 9999.0, 24.05, 9999.0, 22.68, 9999.0, 22.66, 22.5, 22.23, 22.25, 22.25
2026-08-23, 03:20:20, 22.3, 22.48, 22.75, 22.75, 9999.0, 9999.0, 9999.0, 24.0, 9999.0, 22.66, 9999.0, 22.66, 22.5, 22.23, 22.25, 22.25
2026-08-23, 03:20:24, 22.3, 22.48, 22.75, 22.75, 9999.0, 9999.0, 9999.0, 23.95, 9999.0, 22.66, 9999.0, 22.66, 22.5, 22.25, 22.25, 22.25
2026-08-23, 03:20:28, 22.3, 22.48, 22.75, 22.75, 9999.0, 9999.0, 9999.0, 23.91, 9999.0, 22.66, 9999.0, 22.68, 22.5, 22.25, 22.25, 22.25
2026-08-23, 03:20:32, 22.32, 22.48, 22.75, 22.75, 9999.0, 9999.0, 9999.0, 23.89, 9999.0, 22.68, 9999.0, 22.68, 22.5, 22.25, 22.25, 22.25
2026-08-23, 03:20:36, 22.32, 22.48, 22.75, 22.75, 9999.0, 9999.0, 9999.0, 23.86, 9999.0, 22.73, 9999.0, 22.7, 22.5, 22.25, 22.25, 22.25
2026-08-23, 03:20:40, 22.3, 22.48, 22.75, 22.75, 9999.0, 9999.0, 9999.0, 23.82, 9999.0, 22.73, 9999.0, 22.73, 22.5, 22.25, 22.25, 22.25
2026-08-23, 03:20:44, 22.3, 22.48, 22.75, 22.75, 9999.0, 9999.0, 9999.0, 23.86, 9999.0, 22.73, 9999.0, 22.75, 22.5, 22.25, 22.25, 22.25
2026-08-23, 03:20:48, 22.3, 22.48, 22.75, 22.75, 9999.0, 9999.0, 9999.0, 23.91, 9999.0, 22.73, 9999.0, 22.75, 22.5, 22.25, 22.25, 22.25
2026-08-23, 03:20:52, 22.3, 22.48, 22.75, 22.75, 9999.0, 9999.0, 9999.0, 23.93, 9999.0, 22.73, 9999.0, 22.75, 22.5, 22.25, 22.25, 22.25
2026-08-23, 03:20:57, 22.3, 22.5, 22.75, 22.75, 9999.0, 9999.0, 9999.0, 23.98, 9999.0, 22.73, 9999.0, 22.73, 22.5, 22.25, 22.25, 22.25
2026-08-23, 03:21:01, 22.3, 22.5, 22.75, 22.75, 9999.0, 9999.0, 9999.0, 24.0, 9999.0, 22.75, 9999.0, 22.7, 22.5, 22.25, 22.25, 22.25
2026-08-23, 03:21:05, 22.3, 22.5, 22.75, 22.75, 9999.0, 9999.0, 9999.0, 24.05, 9999.0, 22.77, 9999.0, 22.68, 22.5, 22.25, 22.25, 22.25
2026-08-23, 03:21:09, 22.3, 22.5, 22.75, 22.75, 9999.0, 9999.0, 9999.0, 24.07, 9999.0, 22.77, 9999.0, 22.66, 22.5, 22.25, 22.25, 22.25
2026-08-23, 03:21:13, 22.3, 22.5, 22.75, 22.75, 9999.0, 9999.0, 9999.0, 24.09, 9999.0, 22.75, 9999.0, 22.64, 22.5, 22.25, 22.25, 22.25
2026-08-23, 03:21:17, 22.27, 22.5, 22.75, 22.75, 9999.0, 9999.0, 9999.0, 24.14, 9999.0, 22.75, 9999.0, 22.61, 22.5, 22.25, 22.25, 22.25
2026-08-23, 03:21:21, 22.27, 22.5, 22.75, 22.75, 9999.0, 9999.0, 9999.0, 24.16, 9999.0, 22.73, 9999.0, 22.59, 22.5, 22.25, 22.25, 22.25
2026-08-23, 03:21:25, 22.27, 22.5, 22.75, 22.75, 9999.0, 9999.0, 9999.0, 24.2, 9999.0, 22.73, 9999.0, 22.59, 22.5, 22.25, 22.25, 22.25
2026-08-23, 03:21:29, 22.27, 22.5, 22.75, 22.75, 9999.0, 9999.0, 9999.0, 24.16, 9999.0, 22.7, 9999.0, 22.59, 22.5, 22.25, 22.25, 22.25
2026-08-23, 03:21:33, 22.25, 22.5, 22.75, 22.75, 9999.0, 9999.0, 9999.0, 24.11, 9999.0, 22.68, 9999.0, 22.59, 22.5, 22.25, 22.25, 22.25
2026-08-23, 03:21:37, 22.25, 22.5, 22.75, 22.75, 9999.0, 9999.0, 9999.0, 24.07, 9999.0, 22.66, 9999.0, 22.59, 22.5, 22.25, 22.25, 22.25
2026-08-23, 03:21:41, 22.25, 22.5, 22.75, 22.75, 9999.0, 9999.0, 9999.0, 24.02, 9999.0, 22.64, 9999.0, 22.61, 22.5, 22.25, 22.25, 22.25
2026-08-23, 03:21:45, 22.25, 22.5, 22.75, 22.75, 9999.0, 9999.0, 9999.0, 23.98, 9999.0, 22.64, 9999.0, 22.64, 22.5, 22.25, 22.25, 22.25
2026-08-23, 03:21:49, 22.25, 22.5, 22.75, 22.75, 9999.0, 9999.0, 9999.0, 23.93, 9999.0, 22.64, 9999.0, 22.66, 22.5, 22.25, 22.25, 22.25
2026-08-23, 03:21:53, 22.25, 22.5, 22.75, 22.75, 9999.0, 9999.0, 9999.0, 23.89, 9999.0, 22.64, 9999.0, 22.68, 22.5, 22.25, 22.25, 22.25
2026-08-23, 03:21:57, 22.25, 22.5, 22.75, 22.75, 9999.0, 9999.0, 9999.0, 23.84, 9999.0, 22.68, 9999.0, 22.7, 22.5, 22.25, 22.25, 22.25
2026-08-23, 03:22:01, 22.27, 22.5, 22.75, 22.75, 9999.0, 9999.0, 9999.0, 23.8, 9999.0, 22.68, 9999.0, 22.73, 22.5, 22.25, 22.25, 22.25
2026-08-23, 03:22:05, 22.3, 22.5, 22.75, 22.75, 9999.0, 9999.0, 9999.0, 23.84, 9999.0, 22.68, 9999.0, 22.73, 22.5, 22.25, 22.25, 22.25
2026-08-23, 03:22:09, 22.3, 22.5, 22.75, 22.75, 9999.0, 9999.0, 9999.0, 23.86, 9999.0, 22.68, 9999.0, 22.73, 22.5, 22.25, 22.25, 22.25
2026-08-23, 03:22:13, 22.3, 22.5, 22.75, 22.75, 9999.0, 9999.0, 9999.0, 23.89, 9999.0, 22.7, 9999.0, 22.7, 22.5, 22.25, 22.25, 22.25
2026-08-23, 03:22:17, 22.3, 22.5, 22.75, 22.75, 9999.0, 9999.0, 9999.0, 23.91, 9999.0, 22.73, 9999.0, 22.7, 22.5, 22.25, 22.25, 22.25
2026-08-23, 03:22:21, 22.3, 22.5, 22.75, 22.75, 9999.0, 9999.0, 9999.0, 23.95, 9999.0, 22.75, 9999.0, 22.68, 22.5, 22.25, 22.25, 22.25
2026-08-23, 03:22:25, 22.3, 22.5, 22.75, 22.75, 9999.0, 9999.0, 9999.0, 24.0, 9999.0, 22.77, 9999.0, 22.68, 22.5, 22.25, 22.25, 22.25
2026-08-23, 03:22:29, 22.3, 22.5, 22.75, 22.75, 9999.0, 9999.0, 9999.0, 24.05, 9999.0, 22.77, 9999.0, 22.66, 22.5, 22.25, 22.25, 22.25
2026-08-23, 03:22:33, 22.3, 22.5, 22.75, 22.75, 9999.0, 9999.0, 9999.0, 24.07, 9999.0, 22.77, 9999.0, 22.64, 22.5, 22.25, 22.25, 22.25
2026-08-23, 03:22:37, 22.3, 22.5, 22.75, 22.75, 9999.0, 9999.0, 9999.0, 24.11, 9999.0, 22.77, 9999.0, 22.61, 22.5, 22.23, 22.25, 22.25
2026-08-23, 03:22:41, 22.3, 22.5, 22.75, 22.75, 9999.0, 9999.0, 9999.0, 24.16, 9999.0, 22.75, 9999.0, 22.61, 22.5, 22.23, 22.25, 22.25
2026-08-23, 03:22:45, 22.27, 22.5, 22.75, 22.75, 9999.0, 9999.0, 9999.0, 24.18, 9999.0, 22.75, 9999.0, 22.61, 22.48, 22.23, 22.25, 22.25
2026-08-23, 03:22:49, 22.25, 22.48, 22.75, 22.75, 9999.0, 9999.0, 9999.0, 24.14, 9999.0, 22.75, 9999.0, 22.64, 22.48, 22.23, 22.25, 22.25
2026-08-23, 03:22:53, 22.25, 22.48, 22.75, 22.75, 9999.0, 9999.0, 9999.0, 24.11, 9999.0, 22.73, 9999.0, 22.66, 22.48, 22.23, 22.25, 22.25
2026-08-23, 03:22:57, 22.25, 22.48, 22.75, 22.75, 9999.0, 9999.0, 9999.0, 24.07, 9999.0, 22.7, 9999.0, 22.68, 22.48, 22.23, 22.25, 22.25
2026-08-23, 03:23:01, 22.25, 22.45, 22.75, 22.75, 9999.0, 9999.0, 9999.0, 24.05, 9999.0, 22.68, 9999.0, 22.68, 22.48, 22.23, 22.25, 22.25
2026-08-23, 03:23:05, 22.25, 22.43, 22.75, 22.75, 9999.0, 9999.0, 9999.0, 24.0, 9999.0, 22.68, 9999.0, 22.7, 22.48, 22.23, 22.25, 22.25
2026-08-23, 03:23:09, 22.27, 22.43, 22.75, 22.75, 9999.0, 9999.0, 9999.0, 23.95, 9999.0, 22.68, 9999.0, 22.7, 22.48, 22.23, 22.25, 22.25
2026-08-23, 03:23:13, 22.27, 22.43, 22.75, 22.75, 9999.0, 9999.0, 9999.0, 23.91, 9999.0, 22.7, 9999.0, 22.73, 22.48, 22.23, 22.25, 22.25
2026-08-23, 03:23:17, 22.27, 22.43, 22.75, 22.75, 9999.0, 9999.0, 9999.0, 23.86, 9999.0, 22.73, 9999.0, 22.75, 22.48, 22.23, 22.25, 22.25
2026-08-23, 03:23:21, 22.27, 22.43, 22.75, 22.75, 9999.0, 9999.0, 9999.0, 23.84, 9999.0, 22.75, 9999.0, 22.77, 22.48, 22.25, 22.25, 22.25
2026-08-23, 03:23:25, 22.27, 22.43, 22.75, 22.75, 9999.0, 9999.0, 9999.0, 23.89, 9999.0, 22.75, 9999.0, 22.77, 22.48, 22.23, 22.25, 22.25
2026-08-23, 03:23:29, 22.27, 22.43, 22.75, 22.75, 9999.0, 9999.0, 9999.0, 23.91, 9999.0, 22.75, 9999.0, 22.77, 22.5, 22.23, 22.25, 22.25
2026-08-23, 03:23:33, 22.27, 22.45, 22.75, 22.75, 9999.0, 9999.0, 9999.0, 23.93, 9999.0, 22.75, 9999.0, 22.77, 22.5, 22.23, 22.25, 22.25
2026-08-23, 03:23:37, 22.3, 22.45, 22.75, 22.75, 9999.0, 9999.0, 9999.0, 23.95, 9999.0, 22.77, 9999.0, 22.73, 22.5, 22.23, 22.25, 22.25
2026-08-23, 03:23:41, 22.3, 22.45, 22.75, 22.75, 9999.0, 9999.0, 9999.0, 24.0, 9999.0, 22.8, 9999.0, 22.73, 22.5, 22.23, 22.25, 22.25
2026-08-23, 03:23:45, 22.3, 22.48, 22.75, 22.75, 9999.0, 9999.0, 9999.0, 24.0, 9999.0, 22.82, 9999.0, 22.7, 22.5, 22.23, 22.25, 22.25
2026-08-23, 03:23:49, 22.3, 22.5, 22.75, 22.75, 9999.0, 9999.0, 9999.0, 24.02, 9999.0, 22.8, 9999.0, 22.68, 22.5, 22.23, 22.25, 22.25
2026-08-23, 03:23:53, 22.27, 22.5, 22.75, 22.75, 9999.0, 9999.0, 9999.0, 24.05, 9999.0, 22.8, 9999.0, 22.66, 22.5, 22.23, 22.25, 22.25
2026-08-23, 03:23:57, 22.27, 22.5, 22.75, 22.75, 9999.0, 9999.0, 9999.0, 24.07, 9999.0, 22.77, 9999.0, 22.64, 22.5, 22.23, 22.25, 22.25
2026-08-23, 03:24:01, 22.27, 22.5, 22.75, 22.75, 9999.0, 9999.0, 9999.0, 24.11, 9999.0, 22.75, 9999.0, 22.64, 22.5, 22.23, 22.25, 22.25
2026-08-23, 03:24:05, 22.27, 22.5, 22.75, 22.75, 9999.0, 9999.0, 9999.0, 24.14, 9999.0, 22.7, 9999.0, 22.64, 22.5, 22.23, 22.25, 22.25
2026-08-23, 03:24:09, 22.27, 22.5, 22.75, 22.75, 9999.0, 9999.0, 9999.0, 24.09, 9999.0, 22.68, 9999.0, 22.64, 22.5, 22.25, 22.25, 22.25
2026-08-23, 03:24:13, 22.27, 22.5, 22.75, 22.75, 9999.0, 9999.0, 9999.0, 24.07, 9999.0, 22.66, 9999.0, 22.64, 22.5, 22.25, 22.25, 22.25
2026-08-23, 03:24:17, 22.27, 22.5, 22.75, 22.75, 9999.0, 9999.0, 9999.0, 24.05, 9999.0, 22.64, 9999.0, 22.66, 22.5, 22.25, 22.25, 22.25
2026-08-23, 03:24:21, 22.25, 22.5, 22.75, 22.75, 9999.0, 9999.0, 9999.0, 24.0, 9999.0, 22.64, 9999.0, 22.68, 22.5, 22.25, 22.25, 22.25
2026-08-23, 03:24:25, 22.25, 22.5, 22.75, 22.75, 9999.0, 9999.0, 9999.0, 23.95, 9999.0, 22.64, 9999.0, 22.68, 22.5, 22.25, 22.25, 22.25
2026-08-23, 03:24:29, 22.25, 22.5, 22.75, 22.75, 9999.0, 9999.0, 9999.0, 23.93, 9999.0, 22.64, 9999.0, 22.7, 22.5, 22.25, 22.25, 22.25
2026-08-23, 03:24:33, 22.25, 22.5, 22.75, 22.75, 9999.0, 9999.0, 9999.0, 23.91, 9999.0, 22.66, 9999.0, 22.73, 22.5, 22.25, 22.25, 22.25
2026-08-23, 03:24:37, 22.25, 22.5, 22.75, 22.75, 9999.0, 9999.0, 9999.0, 23.86, 9999.0, 22.68, 9999.0, 22.75, 22.5, 22.25, 22.25, 22.25
2026-08-23, 03:24:41, 22.25, 22.5, 22.75, 22.75, 9999.0, 9999.0, 9999.0, 23.91, 9999.0, 22.68, 9999.0, 22.77, 22.5, 22.25, 22.25, 22.25
2026-08-23, 03:24:45, 22.25, 22.5, 22.75, 22.75, 9999.0, 9999.0, 9999.0, 23.95, 9999.0, 22.68, 9999.0, 22.77, 22.5, 22.25, 22.25, 22.25
2026-08-23, 03:24:50, 22.25, 22.5, 22.75, 22.75, 9999.0, 9999.0, 9999.0, 23.98, 9999.0, 22.7, 9999.0, 22.77, 22.5, 22.25, 22.25, 22.25
2026-08-23, 03:24:54, 22.25, 22.5, 22.75, 22.75, 9999.0, 9999.0, 9999.0, 24.0, 9999.0, 22.73, 9999.0, 22.75, 22.5, 22.25, 22.25, 22.25
2026-08-23, 03:24:58, 22.25, 22.5, 22.75, 22.75, 9999.0, 9999.0, 9999.0, 24.02, 9999.0, 22.75, 9999.0, 22.73, 22.5, 22.25, 22.25, 22.25
2026-08-23, 03:25:02, 22.25, 22.5, 22.75, 22.75, 9999.0, 9999.0, 9999.0, 24.05, 9999.0, 22.77, 9999.0, 22.68, 22.5, 22.25, 22.25, 22.25
2026-08-23, 03:25:06, 22.25, 22.5, 22.75, 22.75, 9999.0, 9999.0, 9999.0, 24.09, 9999.0, 22.77, 9999.0, 22.66, 22.5, 22.25, 22.25, 22.25
2026-08-23, 03:25:10, 22.25, 22.5, 22.75, 22.75, 9999.0, 9999.0, 9999.0, 24.11, 9999.0, 22.77, 9999.0, 22.64, 22.5, 22.25, 22.25, 22.25
2026-08-23, 03:25:14, 22.25, 22.5, 22.75, 22.75, 9999.0, 9999.0, 9999.0, 24.14, 9999.0, 22.75, 9999.0, 22.61, 22.5, 22.25, 22.25, 22.25
2026-08-23, 03:25:18, 22.27, 22.5, 22.75, 22.75, 9999.0, 9999.0, 9999.0, 24.18, 9999.0, 22.73, 9999.0, 22.59, 22.5, 22.25, 22.25, 22.25
2026-08-23, 03:25:22, 22.27, 22.5, 22.75, 22.75, 9999.0, 9999.0, 9999.0, 24.23, 9999.0, 22.68, 9999.0, 22.59, 22.5, 22.25, 22.25, 22.25
2026-08-23, 03:25:26, 22.27, 22.5, 22.75, 22.73, 9999.0, 9999.0, 9999.0, 24.18, 9999.0, 22.68, 9999.0, 22.59, 22.5, 22.25, 22.25, 22.25
2026-08-23, 03:25:30, 22.27, 22.5, 22.75, 22.73, 9999.0, 9999.0, 9999.0, 24.14, 9999.0, 22.66, 9999.0, 22.59, 22.5, 22.25, 22.25, 22.25
2026-08-23, 03:25:34, 22.27, 22.5, 22.75, 22.73, 9999.0, 9999.0, 9999.0, 24.11, 9999.0, 22.64, 9999.0, 22.59, 22.5, 22.25, 22.25, 22.25
2026-08-23, 03:25:38, 22.27, 22.5, 22.75, 22.73, 9999.0, 9999.0, 9999.0, 24.07, 9999.0, 22.61, 9999.0, 22.61, 22.5, 22.25, 22.25, 22.25
2026-08-23, 03:25:42, 22.27, 22.5, 22.75, 22.73, 9999.0, 9999.0, 9999.0, 24.02, 9999.0, 22.61, 9999.0, 22.64, 22.48, 22.25, 22.25, 22.25
2026-08-23, 03:25:46, 22.27, 22.5, 22.75, 22.73, 9999.0, 9999.0, 9999.0, 23.98, 9999.0, 22.61, 9999.0, 22.66, 22.48, 22.25, 22.25, 22.25
2026-08-23, 03:25:50, 22.27, 22.5, 22.75, 22.73, 9999.0, 9999.0, 9999.0, 23.93, 9999.0, 22.61, 9999.0, 22.68, 22.48, 22.25, 22.25, 22.25
2026-08-23, 03:25:54, 22.27, 22.5, 22.75, 22.73, 9999.0, 9999.0, 9999.0, 23.91, 9999.0, 22.61, 9999.0, 22.7, 22.48, 22.25, 22.25, 22.25
2026-08-23, 03:25:58, 22.27, 22.5, 22.75, 22.73, 9999.0, 9999.0, 9999.0, 23.89, 9999.0, 22.64, 9999.0, 22.73, 22.48, 22.25, 22.25, 22.25
2026-08-23, 03:26:02, 22.25, 22.48, 22.75, 22.73, 9999.0, 9999.0, 9999.0, 23.91, 9999.0, 22.66, 9999.0, 22.75, 22.48, 22.25, 22.25, 22.25
2026-08-23, 03:26:06, 22.25, 22.48, 22.75, 22.73, 9999.0, 9999.0, 9999.0, 23.93, 9999.0, 22.68, 9999.0, 22.73, 22.48, 22.25, 22.25, 22.25
2026-08-23, 03:26:10, 22.25, 22.48, 22.75, 22.75, 9999.0, 9999.0, 9999.0, 23.98, 9999.0, 22.68, 9999.0, 22.7, 22.48, 22.25, 22.25, 22.25
2026-08-23, 03:26:14, 22.25, 22.48, 22.75, 22.75, 9999.0, 9999.0, 9999.0, 24.0, 9999.0, 22.7, 9999.0, 22.7, 22.48, 22.23, 22.25, 22.25
2026-08-23, 03:26:18, 22.25, 22.48, 22.75, 22.75, 9999.0, 9999.0, 9999.0, 24.0, 9999.0, 22.73, 9999.0, 22.68, 22.48, 22.23, 22.25, 22.25
2026-08-23, 03:26:22, 22.25, 22.48, 22.75, 22.75, 9999.0, 9999.0, 9999.0, 24.02, 9999.0, 22.75, 9999.0, 22.66, 22.48, 22.23, 22.25, 22.25
2026-08-23, 03:26:26, 22.25, 22.48, 22.75, 22.75, 9999.0, 9999.0, 9999.0, 24.05, 9999.0, 22.73, 9999.0, 22.64, 22.5, 22.23, 22.25, 22.25
2026-08-23, 03:26:30, 22.25, 22.48, 22.75, 22.75, 9999.0, 9999.0, 9999.0, 24.07, 9999.0, 22.73, 9999.0, 22.61, 22.5, 22.23, 22.25, 22.25
2026-08-23, 03:26:34, 22.25, 22.48, 22.75, 22.75, 9999.0, 9999.0, 9999.0, 24.09, 9999.0, 22.7, 9999.0, 22.59, 22.5, 22.23, 22.25, 22.25
2026-08-23, 03:26:38, 22.25, 22.48, 22.75, 22.75, 9999.0, 9999.0, 9999.0, 24.11, 9999.0, 22.68, 9999.0, 22.59, 22.5, 22.23, 22.25, 22.25
2026-08-23, 03:26:42, 22.25, 22.48, 22.75, 22.75, 9999.0, 9999.0, 9999.0, 24.14, 9999.0, 22.66, 9999.0, 22.59, 22.48, 22.23, 22.25, 22.25
2026-08-23, 03:26:46, 22.25, 22.5, 22.75, 22.75, 9999.0, 9999.0, 9999.0, 24.09, 9999.0, 22.64, 9999.0, 22.59, 22.48, 22.23, 22.25, 22.25
2026-08-23, 03:26:50, 22.25, 22.5, 22.75, 22.75, 9999.0, 9999.0, 9999.0, 24.07, 9999.0, 22.61, 9999.0, 22.64, 22.48, 22.23, 22.25, 22.25
2026-08-23, 03:26:54, 22.25, 22.5, 22.75, 22.75, 9999.0, 9999.0, 9999.0, 24.02, 9999.0, 22.59, 9999.0, 22.66, 22.48, 22.23, 22.25, 22.25
2026-08-23, 03:26:58, 22.25, 22.5, 22.75, 22.75, 9999.0, 9999.0, 9999.0, 23.98, 9999.0, 22.59, 9999.0, 22.66, 22.48, 22.25, 22.25, 22.25
2026-08-23, 03:27:02, 22.25, 22.5, 22.75, 22.75, 9999.0, 9999.0, 9999.0, 23.95, 9999.0, 22.59, 9999.0, 22.68, 22.48, 22.25, 22.25, 22.25
2026-08-23, 03:27:06, 22.25, 22.5, 22.75, 22.75, 9999.0, 9999.0, 9999.0, 23.93, 9999.0, 22.59, 9999.0, 22.7, 22.48, 22.25, 22.25, 22.25
2026-08-23, 03:27:10, 22.25, 22.5, 22.75, 22.75, 9999.0, 9999.0, 9999.0, 23.91, 9999.0, 22.61, 9999.0, 22.73, 22.48, 22.25, 22.25, 22.25
2026-08-23, 03:27:14, 22.25, 22.5, 22.75, 22.75, 9999.0, 9999.0, 9999.0, 23.86, 9999.0, 22.61, 9999.0, 22.75, 22.48, 22.25, 22.25, 22.25
2026-08-23, 03:27:18, 22.25, 22.5, 22.75, 22.75, 9999.0, 9999.0, 9999.0, 23.82, 9999.0, 22.64, 9999.0, 22.77, 22.48, 22.25, 22.25, 22.25
2026-08-23, 03:27:22, 22.25, 22.5, 22.75, 22.75, 9999.0, 9999.0, 9999.0, 23.86, 9999.0, 22.66, 9999.0, 22.77, 22.48, 22.25, 22.25, 22.25
2026-08-23, 03:27:26, 22.25, 22.5, 22.75, 22.75, 9999.0, 9999.0, 9999.0, 23.89, 9999.0, 22.68, 9999.0, 22.77, 22.5, 22.25, 22.25, 22.25
2026-08-23, 03:27:30, 22.25, 22.5, 22.75, 22.75, 9999.0, 9999.0, 9999.0, 23.91, 9999.0, 22.7, 9999.0, 22.75, 22.5, 22.25, 22.25, 22.25
2026-08-23, 03:27:34, 22.25, 22.5, 22.75, 22.75, 9999.0, 9999.0, 9999.0, 23.93, 9999.0, 22.7, 9999.0, 22.7, 22.5, 22.25, 22.25, 22.25
2026-08-23, 03:27:38, 22.25, 22.5, 22.75, 22.75, 9999.0, 9999.0, 9999.0, 23.95, 9999.0, 22.7, 9999.0, 22.68, 22.5, 22.25, 22.25, 22.25
2026-08-23, 03:27:42, 22.25, 22.5, 22.75, 22.75, 9999.0, 9999.0, 9999.0, 23.98, 9999.0, 22.68, 9999.0, 22.66, 22.5, 22.25, 22.25, 22.25
2026-08-23, 03:27:46, 22.25, 22.5, 22.75, 22.75, 9999.0, 9999.0, 9999.0, 24.0, 9999.0, 22.66, 9999.0, 22.64, 22.5, 22.25, 22.25, 22.25
2026-08-23, 03:27:50, 22.25, 22.5, 22.75, 22.75, 9999.0, 9999.0, 9999.0, 24.02, 9999.0, 22.64, 9999.0, 22.61, 22.5, 22.25, 22.25, 22.25
2026-08-23, 03:27:54, 22.25, 22.5, 22.75, 22.75, 9999.0, 9999.0, 9999.0, 24.05, 9999.0, 22.61, 9999.0, 22.59, 22.5, 22.25, 22.25, 22.25
2026-08-23, 03:27:58, 22.25, 22.5, 22.75, 22.75, 9999.0, 9999.0, 9999.0, 24.09, 9999.0, 22.59, 9999.0, 22.59, 22.5, 22.25, 22.25, 22.25
2026-08-23, 03:28:02, 22.25, 22.5, 22.75, 22.75, 9999.0, 9999.0, 9999.0, 24.14, 9999.0, 22.57, 9999.0, 22.57, 22.48, 22.25, 22.25, 22.25
2026-08-23, 03:28:06, 22.25, 22.5, 22.75, 22.75, 9999.0, 9999.0, 9999.0, 24.09, 9999.0, 22.52, 9999.0, 22.57, 22.48, 22.25, 22.25, 22.25
2026-08-23, 03:28:10, 22.25, 22.5, 22.75, 22.75, 9999.0, 9999.0, 9999.0, 24.05, 9999.0, 22.5, 9999.0, 22.57, 22.48, 22.25, 22.25, 22.25
2026-08-23, 03:28:14, 22.25, 22.5, 22.75, 22.75, 9999.0, 9999.0, 9999.0, 24.0, 9999.0, 22.45, 9999.0, 22.59, 22.48, 22.25, 22.25, 22.25
2026-08-23, 03:28:18, 22.25, 22.5, 22.75, 22.75, 9999.0, 9999.0, 9999.0, 23.95, 9999.0, 22.45, 9999.0, 22.61, 22.48, 22.25, 22.25, 22.25
2026-08-23, 03:28:22, 22.25, 22.5, 22.75, 22.75, 9999.0, 9999.0, 9999.0, 23.91, 9999.0, 22.45, 9999.0, 22.64, 22.48, 22.25, 22.25, 22.25
2026-08-23, 03:28:26, 22.25, 22.5, 22.75, 22.75, 9999.0, 9999.0, 9999.0, 23.86, 9999.0, 22.48, 9999.0, 22.66, 22.48, 22.25, 22.25, 22.25
2026-08-23, 03:28:30, 22.25, 22.5, 22.75, 22.75, 9999.0, 9999.0, 9999.0, 23.82, 9999.0, 22.5, 9999.0, 22.68, 22.48, 22.25, 22.25, 22.25
2026-08-23, 03:28:34, 22.25, 22.5, 22.75, 22.75, 9999.0, 9999.0, 9999.0, 23.77, 9999.0, 22.52, 9999.0, 22.7, 22.48, 22.25, 22.25, 22.25
2026-08-23, 03:28:38, 22.25, 22.5, 22.75, 22.75, 9999.0, 9999.0, 9999.0, 23.82, 9999.0, 22.55, 9999.0, 22.73, 22.48, 22.25, 22.25, 22.25
2026-08-23, 03:28:43, 22.25, 22.5, 22.75, 22.75, 9999.0, 9999.0, 9999.0, 23.84, 9999.0, 22.55, 9999.0, 22.73, 22.48, 22.25, 22.25, 22.25
2026-08-23, 03:28:47, 22.25, 22.5, 22.75, 22.75, 9999.0, 9999.0, 9999.0, 23.86, 9999.0, 22.55, 9999.0, 22.73, 22.5, 22.25, 22.25, 22.25
2026-08-23, 03:28:51, 22.25, 22.5, 22.75, 22.75, 9999.0, 9999.0, 9999.0, 23.89, 9999.0, 22.57, 9999.0, 22.73, 22.5, 22.25, 22.25, 22.25
2026-08-23, 03:28:55, 22.25, 22.5, 22.75, 22.75, 9999.0, 9999.0, 9999.0, 23.91, 9999.0, 22.57, 9999.0, 22.7, 22.5, 22.25, 22.25, 22.25
2026-08-23, 03:28:59, 22.25, 22.5, 22.75, 22.75, 9999.0, 9999.0, 9999.0, 23.93, 9999.0, 22.59, 9999.0, 22.68, 22.5, 22.25, 22.25, 22.25
2026-08-23, 03:29:03, 22.25, 22.5, 22.75, 22.75, 9999.0, 9999.0, 9999.0, 23.95, 9999.0, 22.57, 9999.0, 22.66, 22.5, 22.25, 22.25, 22.25
2026-08-23, 03:29:07, 22.25, 22.5, 22.75, 22.75, 9999.0, 9999.0, 9999.0, 23.98, 9999.0, 22.57, 9999.0, 22.64, 22.48, 22.25, 22.25, 22.25
2026-08-23, 03:29:11, 22.25, 22.5, 22.75, 22.75, 9999.0, 9999.0, 9999.0, 24.02, 9999.0, 22.55, 9999.0, 22.61, 22.48, 22.25, 22.25, 22.25
2026-08-23, 03:29:15, 22.25, 22.5, 22.75, 22.75, 9999.0, 9999.0, 9999.0, 24.07, 9999.0, 22.52, 9999.0, 22.61, 22.48, 22.25, 22.25, 22.25
2026-08-23, 03:29:19, 22.25, 22.5, 22.75, 22.75, 9999.0, 9999.0, 9999.0, 24.11, 9999.0, 22.48, 9999.0, 22.61, 22.48, 22.25, 22.25, 22.25
2026-08-23, 03:29:23, 22.25, 22.5, 22.75, 22.75, 9999.0, 9999.0, 9999.0, 24.05, 9999.0, 22.45, 9999.0, 22.61, 22.48, 22.25, 22.25, 22.25
2026-08-23, 03:29:27, 22.25, 22.5, 22.75, 22.75, 9999.0, 9999.0, 9999.0, 24.0, 9999.0, 22.43, 9999.0, 22.64, 22.48, 22.25, 22.27, 22.25
2026-08-23, 03:29:31, 22.25, 22.5, 22.75, 22.75, 9999.0, 9999.0, 9999.0, 23.95, 9999.0, 22.41, 9999.0, 22.66, 22.48, 22.25, 22.27, 22.25
2026-08-23, 03:29:35, 22.25, 22.5, 22.75, 22.75, 9999.0, 9999.0, 9999.0, 23.91, 9999.0, 22.41, 9999.0, 22.66, 22.48, 22.25, 22.27, 22.25
2026-08-23, 03:29:39, 22.25, 22.5, 22.75, 22.75, 9999.0, 9999.0, 9999.0, 23.89, 9999.0, 22.41, 9999.0, 22.68, 22.48, 22.25, 22.27, 22.25
2026-08-23, 03:29:43, 22.25, 22.5, 22.75, 22.75, 9999.0, 9999.0, 9999.0, 23.86, 9999.0, 22.41, 9999.0, 22.7, 22.48, 22.25, 22.27, 22.25
2026-08-23, 03:29:47, 22.25, 22.5, 22.75, 22.75, 9999.0, 9999.0, 9999.0, 23.84, 9999.0, 22.45, 9999.0, 22.73, 22.48, 22.25, 22.27, 22.25
2026-08-23, 03:29:51, 22.25, 22.5, 22.75, 22.75, 9999.0, 9999.0, 9999.0, 23.8, 9999.0, 22.48, 9999.0, 22.75, 22.5, 22.25, 22.27, 22.25
2026-08-23, 03:29:55, 22.25, 22.5, 22.75, 22.75, 9999.0, 9999.0, 9999.0, 23.75, 9999.0, 22.5, 9999.0, 22.77, 22.5, 22.25, 22.27, 22.25
2026-08-23, 03:29:59, 22.25, 22.5, 22.75, 22.75, 9999.0, 9999.0, 9999.0, 23.77, 9999.0, 22.52, 9999.0, 22.77, 22.5, 22.25, 22.27, 22.25
2026-08-23, 03:30:03, 22.25, 22.5, 22.75, 22.75, 9999.0, 9999.0, 9999.0, 23.8, 9999.0, 22.55, 9999.0, 22.77, 22.5, 22.25, 22.27, 22.25
2026-08-23, 03:30:07, 22.25, 22.5, 22.75, 22.75, 9999.0, 9999.0, 9999.0, 23.84, 9999.0, 22.55, 9999.0, 22.75, 22.5, 22.25, 22.27, 22.25
2026-08-23, 03:30:11, 22.25, 22.5, 22.75, 22.75, 9999.0, 9999.0, 9999.0, 23.89, 9999.0, 22.57, 9999.0, 22.73, 22.5, 22.25, 22.25, 22.25
2026-08-23, 03:30:15, 22.25, 22.5, 22.75, 22.75, 9999.0, 9999.0, 9999.0, 23.91, 9999.0, 22.59, 9999.0, 22.7, 22.5, 22.25, 22.25, 22.25
2026-08-23, 03:30:19, 22.25, 22.5, 22.75, 22.75, 9999.0, 9999.0, 9999.0, 23.93, 9999.0, 22.59, 9999.0, 22.68, 22.5, 22.25, 22.25, 22.25
2026-08-23, 03:30:23, 22.25, 22.5, 22.75, 22.75, 9999.0, 9999.0, 9999.0, 23.95, 9999.0, 22.57, 9999.0, 22.66, 22.5, 22.25, 22.25, 22.25
2026-08-23, 03:30:27, 22.25, 22.5, 22.75, 22.75, 9999.0, 9999.0, 9999.0, 23.98, 9999.0, 22.57, 9999.0, 22.64, 22.5, 22.25, 22.25, 22.25
2026-08-23, 03:30:31, 22.25, 22.5, 22.75, 22.75, 9999.0, 9999.0, 9999.0, 24.0, 9999.0, 22.52, 9999.0, 22.61, 22.5, 22.25, 22.25, 22.25
2026-08-23, 03:30:35, 22.25, 22.5, 22.75, 22.75, 9999.0, 9999.0, 9999.0, 24.05, 9999.0, 22.48, 9999.0, 22.61, 22.5, 22.25, 22.25, 22.25
2026-08-23, 03:30:39, 22.25, 22.5, 22.75, 22.75, 9999.0, 9999.0, 9999.0, 24.07, 9999.0, 22.43, 9999.0, 22.61, 22.5, 22.25, 22.25, 22.25
2026-08-23, 03:30:43, 22.25, 22.5, 22.75, 22.75, 9999.0, 9999.0, 9999.0, 24.02, 9999.0, 22.39, 9999.0, 22.61, 22.5, 22.25, 22.25, 22.25
2026-08-23, 03:30:47, 22.25, 22.5, 22.75, 22.75, 9999.0, 9999.0, 9999.0, 23.98, 9999.0, 22.36, 9999.0, 22.61, 22.5, 22.25, 22.25, 22.25
2026-08-23, 03:30:51, 22.25, 22.5, 22.75, 22.75, 9999.0, 9999.0, 9999.0, 23.93, 9999.0, 22.34, 9999.0, 22.64, 22.5, 22.25, 22.25, 22.25
2026-08-23, 03:30:55, 22.25, 22.5, 22.75, 22.75, 9999.0, 9999.0, 9999.0, 23.86, 9999.0, 22.34, 9999.0, 22.64, 22.5, 22.25, 22.25, 22.25
2026-08-23, 03:30:59, 22.25, 22.5, 22.75, 22.75, 9999.0, 9999.0, 9999.0, 23.82, 9999.0, 22.34, 9999.0, 22.66, 22.5, 22.25, 22.25, 22.25
2026-08-23, 03:31:03, 22.25, 22.5, 22.75, 22.75, 9999.0, 9999.0, 9999.0, 23.77, 9999.0, 22.32, 9999.0, 22.68, 22.5, 22.25, 22.25, 22.25
2026-08-23, 03:31:07, 22.25, 22.5, 22.75, 22.75, 9999.0, 9999.0, 9999.0, 23.73, 9999.0, 22.36, 9999.0, 22.7, 22.5, 22.25, 22.25, 22.25
2026-08-23, 03:31:11, 22.25, 22.5, 22.75, 22.75, 9999.0, 9999.0, 9999.0, 23.68, 9999.0, 22.36, 9999.0, 22.73, 22.5, 22.25, 22.25, 22.25
2026-08-23, 03:31:15, 22.25, 22.5, 22.75, 22.75, 9999.0, 9999.0, 9999.0, 23.64, 9999.0, 22.39, 9999.0, 22.75, 22.5, 22.25, 22.25, 22.25
2026-08-23, 03:31:19, 22.25, 22.5, 22.75, 22.75, 9999.0, 9999.0, 9999.0, 23.66, 9999.0, 22.41, 9999.0, 22.75, 22.5, 22.25, 22.25, 22.25
2026-08-23, 03:31:23, 22.25, 22.5, 22.75, 22.75, 9999.0, 9999.0, 9999.0, 23.7, 9999.0, 22.43, 9999.0, 22.73, 22.5, 22.25, 22.25, 22.25
2026-08-23, 03:31:27, 22.25, 22.5, 22.75, 22.75, 9999.0, 9999.0, 9999.0, 23.75, 9999.0, 22.45, 9999.0, 22.73, 22.5, 22.25, 22.25, 22.25
2026-08-23, 03:31:31, 22.25, 22.5, 22.75, 22.75, 9999.0, 9999.0, 9999.0, 23.77, 9999.0, 22.48, 9999.0, 22.7, 22.5, 22.25, 22.25, 22.25
2026-08-23, 03:31:35, 22.25, 22.5, 22.75, 22.75, 9999.0, 9999.0, 9999.0, 23.8, 9999.0, 22.48, 9999.0, 22.68, 22.5, 22.25, 22.25, 22.25
2026-08-23, 03:31:39, 22.25, 22.5, 22.75, 22.75, 9999.0, 9999.0, 9999.0, 23.84, 9999.0, 22.45, 9999.0, 22.68, 22.5, 22.25, 22.25, 22.25
2026-08-23, 03:31:43, 22.25, 22.5, 22.75, 22.75, 9999.0, 9999.0, 9999.0, 23.86, 9999.0, 22.43, 9999.0, 22.66, 22.5, 22.25, 22.25, 22.25
2026-08-23, 03:31:47, 22.25, 22.5, 22.75, 22.75, 9999.0, 9999.0, 9999.0, 23.89, 9999.0, 22.43, 9999.0, 22.64, 22.5, 22.25, 22.25, 22.25
2026-08-23, 03:31:51, 22.25, 22.5, 22.75, 22.75, 9999.0, 9999.0, 9999.0, 23.91, 9999.0, 22.39, 9999.0, 22.61, 22.5, 22.25, 22.25, 22.25
2026-08-23, 03:31:55, 22.25, 22.5, 22.75, 22.75, 9999.0, 9999.0, 9999.0, 23.93, 9999.0, 22.36, 9999.0, 22.61, 22.5, 22.25, 22.25, 22.25
2026-08-23, 03:31:59, 22.25, 22.5, 22.75, 22.75, 9999.0, 9999.0, 9999.0, 23.95, 9999.0, 22.34, 9999.0, 22.61, 22.5, 22.25, 22.25, 22.25
2026-08-23, 03:32:03, 22.25, 22.5, 22.75, 22.75, 9999.0, 9999.0, 9999.0, 23.91, 9999.0, 22.32, 9999.0, 22.61, 22.5, 22.25, 22.25, 22.25
2026-08-23, 03:32:07, 22.25, 22.5, 22.75, 22.75, 9999.0, 9999.0, 9999.0, 23.86, 9999.0, 22.3, 9999.0, 22.66, 22.5, 22.25, 22.25, 22.25
2026-08-23, 03:32:11, 22.25, 22.5, 22.75, 22.75, 9999.0, 9999.0, 9999.0, 23.8, 9999.0, 22.27, 9999.0, 22.66, 22.5, 22.25, 22.25, 22.25
2026-08-23, 03:32:15, 22.25, 22.5, 22.75, 22.75, 9999.0, 9999.0, 9999.0, 23.75, 9999.0, 22.25, 9999.0, 22.68, 22.5, 22.25, 22.25, 22.25
2026-08-23, 03:32:19, 22.27, 22.5, 22.75, 22.75, 9999.0, 9999.0, 9999.0, 23.7, 9999.0, 22.25, 9999.0, 22.7, 22.5, 22.25, 22.25, 22.25
2026-08-23, 03:32:23, 22.27, 22.5, 22.75, 22.75, 9999.0, 9999.0, 9999.0, 23.66, 9999.0, 22.27, 9999.0, 22.7, 22.5, 22.25, 22.25, 22.25
2026-08-23, 03:32:27, 22.3, 22.5, 22.75, 22.75, 9999.0, 9999.0, 9999.0, 23.64, 9999.0, 22.3, 9999.0, 22.73, 22.5, 22.25, 22.25, 22.25
2026-08-23, 03:32:32, 22.3, 22.48, 22.75, 22.75, 9999.0, 9999.0, 9999.0, 23.61, 9999.0, 22.32, 9999.0, 22.75, 22.5, 22.25, 22.25, 22.25
2026-08-23, 03:32:36, 22.3, 22.48, 22.75, 22.75, 9999.0, 9999.0, 9999.0, 23.66, 9999.0, 22.34, 9999.0, 22.77, 22.5, 22.25, 22.25, 22.25
2026-08-23, 03:32:40, 22.3, 22.48, 22.75, 22.75, 9999.0, 9999.0, 9999.0, 23.68, 9999.0, 22.36, 9999.0, 22.77, 22.5, 22.25, 22.25, 22.25
2026-08-23, 03:32:44, 22.3, 22.48, 22.75, 22.75, 9999.0, 9999.0, 9999.0, 23.73, 9999.0, 22.39, 9999.0, 22.77, 22.5, 22.25, 22.25, 22.25
2026-08-23, 03:32:48, 22.3, 22.48, 22.75, 22.75, 9999.0, 9999.0, 9999.0, 23.75, 9999.0, 22.39, 9999.0, 22.77, 22.5, 22.25, 22.25, 22.25
2026-08-23, 03:32:52, 22.3, 22.48, 22.75, 22.75, 9999.0, 9999.0, 9999.0, 23.77, 9999.0, 22.39, 9999.0, 22.75, 22.5, 22.25, 22.25, 22.25
2026-08-23, 03:32:56, 22.3, 22.48, 22.75, 22.75, 9999.0, 9999.0, 9999.0, 23.82, 9999.0, 22.39, 9999.0, 22.75, 22.5, 22.25, 22.25, 22.25
2026-08-23, 03:33:00, 22.3, 22.48, 22.75, 22.75, 9999.0, 9999.0, 9999.0, 23.84, 9999.0, 22.39, 9999.0, 22.73, 22.5, 22.25, 22.25, 22.25
2026-08-23, 03:33:04, 22.27, 22.48, 22.75, 22.75, 9999.0, 9999.0, 9999.0, 23.86, 9999.0, 22.39, 9999.0, 22.7, 22.5, 22.25, 22.25, 22.25
2026-08-23, 03:33:08, 22.27, 22.48, 22.75, 22.75, 9999.0, 9999.0, 9999.0, 23.89, 9999.0, 22.36, 9999.0, 22.68, 22.5, 22.25, 22.25, 22.25
2026-08-23, 03:33:12, 22.25, 22.48, 22.75, 22.75, 9999.0, 9999.0, 9999.0, 23.91, 9999.0, 22.34, 9999.0, 22.66, 22.5, 22.25, 22.25, 22.25
2026-08-23, 03:33:16, 22.25, 22.5, 22.75, 22.75, 9999.0, 9999.0, 9999.0, 23.93, 9999.0, 22.32, 9999.0, 22.66, 22.5, 22.25, 22.25, 22.25
2026-08-23, 03:33:20, 22.25, 22.5, 22.75, 22.75, 9999.0, 9999.0, 9999.0, 23.89, 9999.0, 22.3, 9999.0, 22.66, 22.5, 22.25, 22.25, 22.25
2026-08-23, 03:33:24, 22.25, 22.5, 22.75, 22.75, 9999.0, 9999.0, 9999.0, 23.86, 9999.0, 22.27, 9999.0, 22.66, 22.5, 22.25, 22.25, 22.25
2026-08-23, 03:33:28, 22.27, 22.5, 22.75, 22.75, 9999.0, 9999.0, 9999.0, 23.82, 9999.0, 22.25, 9999.0, 22.66, 22.5, 22.25, 22.25, 22.25
2026-08-23, 03:33:32, 22.27, 22.5, 22.75, 22.75, 9999.0, 9999.0, 9999.0, 23.77, 9999.0, 22.25, 9999.0, 22.66, 22.5, 22.25, 22.25, 22.25
2026-08-23, 03:33:36, 22.27, 22.5, 22.75, 22.75, 9999.0, 9999.0, 9999.0, 23.73, 9999.0, 22.25, 9999.0, 22.66, 22.5, 22.25, 22.25, 22.25
2026-08-23, 03:33:40, 22.27, 22.5, 22.75, 22.75, 9999.0, 9999.0, 9999.0, 23.68, 9999.0, 22.27, 9999.0, 22.66, 22.5, 22.25, 22.27, 22.25
2026-08-23, 03:33:44, 22.27, 22.5, 22.75, 22.75, 9999.0, 9999.0, 9999.0, 23.66, 9999.0, 22.3, 9999.0, 22.68, 22.5, 22.25, 22.27, 22.25
2026-08-23, 03:33:48, 22.27, 22.5, 22.75, 22.75, 9999.0, 9999.0, 9999.0, 23.64, 9999.0, 22.32, 9999.0, 22.7, 22.5, 22.25, 22.27, 22.25
2026-08-23, 03:33:52, 22.27, 22.5, 22.75, 22.75, 9999.0, 9999.0, 9999.0, 23.61, 9999.0, 22.34, 9999.0, 22.73, 22.5, 22.25, 22.27, 22.25
2026-08-23, 03:33:56, 22.27, 22.5, 22.75, 22.75, 9999.0, 9999.0, 9999.0, 23.66, 9999.0, 22.34, 9999.0, 22.75, 22.5, 22.25, 22.27, 22.25
2026-08-23, 03:34:00, 22.27, 22.5, 22.75, 22.75, 9999.0, 9999.0, 9999.0, 23.7, 9999.0, 22.34, 9999.0, 22.75, 22.5, 22.25, 22.27, 22.25
2026-08-23, 03:34:04, 22.3, 22.5, 22.75, 22.75, 9999.0, 9999.0, 9999.0, 23.73, 9999.0, 22.34, 9999.0, 22.73, 22.5, 22.25, 22.27, 22.25
2026-08-23, 03:34:08, 22.3, 22.5, 22.75, 22.75, 9999.0, 9999.0, 9999.0, 23.75, 9999.0, 22.34, 9999.0, 22.7, 22.5, 22.25, 22.27, 22.25
2026-08-23, 03:34:12, 22.27, 22.5, 22.75, 22.75, 9999.0, 9999.0, 9999.0, 23.77, 9999.0, 22.34, 9999.0, 22.7, 22.5, 22.25, 22.27, 22.25
2026-08-23, 03:34:16, 22.27, 22.5, 22.75, 22.75, 9999.0, 9999.0, 9999.0, 23.8, 9999.0, 22.34, 9999.0, 22.68, 22.5, 22.25, 22.27, 22.25
2026-08-23, 03:34:20, 22.27, 22.5, 22.75, 22.75, 9999.0, 9999.0, 9999.0, 23.82, 9999.0, 22.34, 9999.0, 22.66, 22.5, 22.25, 22.27, 22.25
2026-08-23, 03:34:24, 22.27, 22.5, 22.75, 22.75, 9999.0, 9999.0, 9999.0, 23.84, 9999.0, 22.32, 9999.0, 22.64, 22.5, 22.25, 22.25, 22.25
2026-08-23, 03:34:28, 22.27, 22.5, 22.75, 22.75, 9999.0, 9999.0, 9999.0, 23.86, 9999.0, 22.3, 9999.0, 22.61, 22.5, 22.25, 22.25, 22.25
2026-08-23, 03:34:32, 22.27, 22.5, 22.75, 22.75, 9999.0, 9999.0, 9999.0, 23.89, 9999.0, 22.25, 9999.0, 22.59, 22.5, 22.25, 22.25, 22.25
2026-08-23, 03:34:36, 22.27, 22.5, 22.75, 22.75, 9999.0, 9999.0, 9999.0, 23.91, 9999.0, 22.23, 9999.0, 22.59, 22.5, 22.25, 22.25, 22.25
2026-08-23, 03:34:40, 22.27, 22.5, 22.75, 22.75, 9999.0, 9999.0, 9999.0, 23.86, 9999.0, 22.2, 9999.0, 22.59, 22.5, 22.25, 22.25, 22.25
2026-08-23, 03:34:44, 22.27, 22.5, 22.75, 22.75, 9999.0, 9999.0, 9999.0, 23.8, 9999.0, 22.18, 9999.0, 22.59, 22.5, 22.25, 22.25, 22.25
2026-08-23, 03:34:48, 22.25, 22.5, 22.75, 22.75, 9999.0, 9999.0, 9999.0, 23.75, 9999.0, 22.16, 9999.0, 22.61, 22.5, 22.25, 22.25, 22.25
2026-08-23, 03:34:52, 22.25, 22.5, 22.75, 22.75, 9999.0, 9999.0, 9999.0, 23.7, 9999.0, 22.14, 9999.0, 22.64, 22.5, 22.25, 22.25, 22.25
2026-08-23, 03:34:56, 22.25, 22.5, 22.75, 22.75, 9999.0, 9999.0, 9999.0, 23.66, 9999.0, 22.14, 9999.0, 22.64, 22.5, 22.25, 22.25, 22.25
2026-08-23, 03:35:00, 22.25, 22.5, 22.75, 22.75, 9999.0, 9999.0, 9999.0, 23.64, 9999.0, 22.14, 9999.0, 22.66, 22.5, 22.25, 22.25, 22.25
2026-08-23, 03:35:04, 22.27, 22.5, 22.75, 22.75, 9999.0, 9999.0, 9999.0, 23.61, 9999.0, 22.16, 9999.0, 22.68, 22.5, 22.25, 22.25, 22.25
2026-08-23, 03:35:08, 22.27, 22.48, 22.75, 22.75, 9999.0, 9999.0, 9999.0, 23.57, 9999.0, 22.16, 9999.0, 22.7, 22.5, 22.25, 22.25, 22.25
2026-08-23, 03:35:12, 22.27, 22.48, 22.75, 22.75, 9999.0, 9999.0, 9999.0, 23.52, 9999.0, 22.16, 9999.0, 22.73, 22.5, 22.25, 22.25, 22.25
2026-08-23, 03:35:16, 22.27, 22.48, 22.75, 22.75, 9999.0, 9999.0, 9999.0, 23.57, 9999.0, 22.18, 9999.0, 22.75, 22.5, 22.25, 22.25, 22.25
2026-08-23, 03:35:20, 22.27, 22.48, 22.75, 22.75, 9999.0, 9999.0, 9999.0, 23.59, 9999.0, 22.18, 9999.0, 22.75, 22.5, 22.25, 22.25, 22.25
2026-08-23, 03:35:24, 22.27, 22.48, 22.75, 22.75, 9999.0, 9999.0, 9999.0, 23.61, 9999.0, 22.2, 9999.0, 22.75, 22.5, 22.25, 22.25, 22.25
2026-08-23, 03:35:28, 22.27, 22.48, 22.75, 22.75, 9999.0, 9999.0, 9999.0, 23.66, 9999.0, 22.23, 9999.0, 22.73, 22.5, 22.25, 22.25, 22.25
2026-08-23, 03:35:32, 22.27, 22.48, 22.75, 22.75, 9999.0, 9999.0, 9999.0, 23.7, 9999.0, 22.25, 9999.0, 22.73, 22.5, 22.25, 22.25, 22.25
2026-08-23, 03:35:36, 22.3, 22.48, 22.75, 22.75, 9999.0, 9999.0, 9999.0, 23.73, 9999.0, 22.27, 9999.0, 22.7, 22.5, 22.25, 22.25, 22.25
2026-08-23, 03:35:40, 22.32, 22.48, 22.75, 22.75, 9999.0, 9999.0, 9999.0, 23.75, 9999.0, 22.27, 9999.0, 22.68, 22.5, 22.25, 22.25, 22.25
2026-08-23, 03:35:44, 22.32, 22.48, 22.75, 22.75, 9999.0, 9999.0, 9999.0, 23.77, 9999.0, 22.27, 9999.0, 22.66, 22.5, 22.25, 22.25, 22.25
2026-08-23, 03:35:48, 22.32, 22.48, 22.75, 22.75, 9999.0, 9999.0, 9999.0, 23.8, 9999.0, 22.23, 9999.0, 22.64, 22.5, 22.25, 22.25, 22.25
2026-08-23, 03:35:52, 22.32, 22.5, 22.75, 22.75, 9999.0, 9999.0, 9999.0, 23.84, 9999.0, 22.23, 9999.0, 22.64, 22.5, 22.25, 22.25, 22.25
2026-08-23, 03:35:56, 22.34, 22.5, 22.75, 22.75, 9999.0, 9999.0, 9999.0, 23.89, 9999.0, 22.23, 9999.0, 22.64, 22.5, 22.25, 22.25, 22.25
2026-08-23, 03:36:00, 22.34, 22.5, 22.75, 22.75, 9999.0, 9999.0, 9999.0, 23.84, 9999.0, 22.2, 9999.0, 22.64, 22.5, 22.25, 22.25, 22.25
2026-08-23, 03:36:04, 22.34, 22.5, 22.75, 22.75, 9999.0, 9999.0, 9999.0, 23.82, 9999.0, 22.2, 9999.0, 22.64, 22.5, 22.25, 22.25, 22.25
2026-08-23, 03:36:08, 22.34, 22.5, 22.75, 22.75, 9999.0, 9999.0, 9999.0, 23.77, 9999.0, 22.2, 9999.0, 22.64, 22.5, 22.25, 22.25, 22.25
2026-08-23, 03:36:12, 22.34, 22.5, 22.75, 22.75, 9999.0, 9999.0, 9999.0, 23.73, 9999.0, 22.2, 9999.0, 22.66, 22.5, 22.25, 22.25, 22.25
2026-08-23, 03:36:17, 22.34, 22.5, 22.75, 22.75, 9999.0, 9999.0, 9999.0, 23.68, 9999.0, 22.2, 9999.0, 22.66, 22.5, 22.25, 22.25, 22.25
2026-08-23, 03:36:21, 22.32, 22.5, 22.75, 22.75, 9999.0, 9999.0, 9999.0, 23.66, 9999.0, 22.2, 9999.0, 22.68, 22.52, 22.25, 22.25, 22.25
2026-08-23, 03:36:25, 22.3, 22.5, 22.75, 22.75, 9999.0, 9999.0, 9999.0, 23.64, 9999.0, 22.23, 9999.0, 22.7, 22.52, 22.25, 22.25, 22.25
2026-08-23, 03:36:29, 22.32, 22.5, 22.75, 22.75, 9999.0, 9999.0, 9999.0, 23.59, 9999.0, 22.25, 9999.0, 22.73, 22.52, 22.25, 22.25, 22.25
2026-08-23, 03:36:33, 22.32, 22.5, 22.75, 22.75, 9999.0, 9999.0, 9999.0, 23.55, 9999.0, 22.3, 9999.0, 22.75, 22.52, 22.25, 22.25, 22.25
2026-08-23, 03:36:37, 22.32, 22.5, 22.75, 22.75, 9999.0, 9999.0, 9999.0, 23.59, 9999.0, 22.32, 9999.0, 22.75, 22.52, 22.25, 22.25, 22.25
2026-08-23, 03:36:41, 22.3, 22.5, 22.75, 22.77, 9999.0, 9999.0, 9999.0, 23.61, 9999.0, 22.32, 9999.0, 22.75, 22.52, 22.25, 22.25, 22.25
2026-08-23, 03:36:45, 22.3, 22.5, 22.75, 22.77, 9999.0, 9999.0, 9999.0, 23.64, 9999.0, 22.34, 9999.0, 22.75, 22.52, 22.25, 22.27, 22.25
2026-08-23, 03:36:49, 22.3, 22.5, 22.75, 22.77, 9999.0, 9999.0, 9999.0, 23.66, 9999.0, 22.34, 9999.0, 22.75, 22.52, 22.25, 22.27, 22.25
2026-08-23, 03:36:53, 22.3, 22.5, 22.77, 22.77, 9999.0, 9999.0, 9999.0, 23.7, 9999.0, 22.34, 9999.0, 22.75, 22.52, 22.25, 22.27, 22.25
2026-08-23, 03:36:57, 22.3, 22.48, 22.77, 22.77, 9999.0, 9999.0, 9999.0, 23.73, 9999.0, 22.34, 9999.0, 22.73, 22.52, 22.25, 22.27, 22.25
2026-08-23, 03:37:01, 22.3, 22.48, 22.77, 22.77, 9999.0, 9999.0, 9999.0, 23.75, 9999.0, 22.34, 9999.0, 22.7, 22.52, 22.25, 22.27, 22.25
2026-08-23, 03:37:05, 22.32, 22.48, 22.77, 22.77, 9999.0, 9999.0, 9999.0, 23.77, 9999.0, 22.34, 9999.0, 22.68, 22.5, 22.25, 22.27, 22.25
2026-08-23, 03:37:09, 22.32, 22.48, 22.77, 22.77, 9999.0, 9999.0, 9999.0, 23.8, 9999.0, 22.32, 9999.0, 22.66, 22.5, 22.25, 22.27, 22.25
2026-08-23, 03:37:13, 22.3, 22.48, 22.77, 22.77, 9999.0, 9999.0, 9999.0, 23.84, 9999.0, 22.3, 9999.0, 22.66, 22.5, 22.25, 22.27, 22.25
2026-08-23, 03:37:17, 22.27, 22.48, 22.77, 22.77, 9999.0, 9999.0, 9999.0, 23.89, 9999.0, 22.27, 9999.0, 22.66, 22.48, 22.25, 22.27, 22.25
2026-08-23, 03:37:21, 22.27, 22.48, 22.77, 22.77, 9999.0, 9999.0, 9999.0, 23.84, 9999.0, 22.25, 9999.0, 22.66, 22.48, 22.25, 22.27, 22.25
2026-08-23, 03:37:25, 22.27, 22.48, 22.77, 22.75, 9999.0, 9999.0, 9999.0, 23.8, 9999.0, 22.25, 9999.0, 22.68, 22.48, 22.25, 22.27, 22.25
2026-08-23, 03:37:29, 22.3, 22.48, 22.77, 22.75, 9999.0, 9999.0, 9999.0, 23.75, 9999.0, 22.25, 9999.0, 22.68, 22.48, 22.25, 22.25, 22.25
2026-08-23, 03:37:33, 22.3, 22.48, 22.77, 22.75, 9999.0, 9999.0, 9999.0, 23.7, 9999.0, 22.27, 9999.0, 22.68, 22.48, 22.25, 22.25, 22.25
2026-08-23, 03:37:37, 22.32, 22.48, 22.75, 22.75, 9999.0, 9999.0, 9999.0, 23.66, 9999.0, 22.27, 9999.0, 22.68, 22.48, 22.25, 22.25, 22.25
2026-08-23, 03:37:41, 22.32, 22.5, 22.75, 22.75, 9999.0, 9999.0, 9999.0, 23.64, 9999.0, 22.3, 9999.0, 22.7, 22.48, 22.25, 22.25, 22.25
2026-08-23, 03:37:45, 22.32, 22.5, 22.75, 22.75, 9999.0, 9999.0, 9999.0, 23.61, 9999.0, 22.32, 9999.0, 22.73, 22.48, 22.25, 22.25, 22.25
2026-08-23, 03:37:49, 22.32, 22.5, 22.75, 22.75, 9999.0, 9999.0, 9999.0, 23.59, 9999.0, 22.34, 9999.0, 22.75, 22.48, 22.25, 22.25, 22.25
2026-08-23, 03:37:53, 22.32, 22.5, 22.75, 22.75, 9999.0, 9999.0, 9999.0, 23.64, 9999.0, 22.36, 9999.0, 22.77, 22.48, 22.25, 22.25, 22.25
2026-08-23, 03:37:57, 22.32, 22.5, 22.75, 22.75, 9999.0, 9999.0, 9999.0, 23.68, 9999.0, 22.39, 9999.0, 22.77, 22.48, 22.25, 22.25, 22.25
2026-08-23, 03:38:01, 22.32, 22.5, 22.75, 22.75, 9999.0, 9999.0, 9999.0, 23.7, 9999.0, 22.41, 9999.0, 22.77, 22.5, 22.25, 22.25, 22.25
2026-08-23, 03:38:05, 22.32, 22.5, 22.75, 22.75, 9999.0, 9999.0, 9999.0, 23.73, 9999.0, 22.43, 9999.0, 22.77, 22.5, 22.25, 22.25, 22.25
2026-08-23, 03:38:09, 22.34, 22.5, 22.75, 22.75, 9999.0, 9999.0, 9999.0, 23.77, 9999.0, 22.43, 9999.0, 22.75, 22.5, 22.25, 22.25, 22.25
2026-08-23, 03:38:13, 22.32, 22.48, 22.75, 22.75, 9999.0, 9999.0, 9999.0, 23.82, 9999.0, 22.43, 9999.0, 22.73, 22.5, 22.25, 22.25, 22.25
2026-08-23, 03:38:17, 22.32, 22.48, 22.75, 22.75, 9999.0, 9999.0, 9999.0, 23.84, 9999.0, 22.41, 9999.0, 22.7, 22.5, 22.25, 22.27, 22.25
2026-08-23, 03:38:21, 22.3, 22.48, 22.75, 22.75, 9999.0, 9999.0, 9999.0, 23.86, 9999.0, 22.41, 9999.0, 22.68, 22.5, 22.25, 22.27, 22.25
2026-08-23, 03:38:25, 22.3, 22.48, 22.75, 22.75, 9999.0, 9999.0, 9999.0, 23.91, 9999.0, 22.39, 9999.0, 22.66, 22.5, 22.25, 22.27, 22.25
2026-08-23, 03:38:29, 22.3, 22.48, 22.75, 22.75, 9999.0, 9999.0, 9999.0, 23.93, 9999.0, 22.36, 9999.0, 22.64, 22.5, 22.25, 22.27, 22.27
2026-08-23, 03:38:33, 22.27, 22.48, 22.75, 22.75, 9999.0, 9999.0, 9999.0, 23.95, 9999.0, 22.34, 9999.0, 22.64, 22.5, 22.25, 22.27, 22.27
2026-08-23, 03:38:37, 22.27, 22.48, 22.75, 22.75, 9999.0, 9999.0, 9999.0, 23.91, 9999.0, 22.32, 9999.0, 22.64, 22.5, 22.25, 22.27, 22.27
2026-08-23, 03:38:41, 22.27, 22.48, 22.75, 22.75, 9999.0, 9999.0, 9999.0, 23.86, 9999.0, 22.3, 9999.0, 22.64, 22.5, 22.25, 22.3, 22.3
2026-08-23, 03:38:45, 22.27, 22.48, 22.75, 22.75, 9999.0, 9999.0, 9999.0, 23.82, 9999.0, 22.27, 9999.0, 22.64, 22.5, 22.25, 22.3, 22.3
2026-08-23, 03:38:49, 22.27, 22.48, 22.75, 22.75, 9999.0, 9999.0, 9999.0, 23.77, 9999.0, 22.25, 9999.0, 22.64, 22.5, 22.25, 22.3, 22.3
2026-08-23, 03:38:53, 22.27, 22.48, 22.75, 22.75, 9999.0, 9999.0, 9999.0, 23.73, 9999.0, 22.25, 9999.0, 22.64, 22.5, 22.25, 22.3, 22.3
2026-08-23, 03:38:57, 22.27, 22.5, 22.75, 22.75, 9999.0, 9999.0, 9999.0, 23.68, 9999.0, 22.25, 9999.0, 22.66, 22.5, 22.25, 22.3, 22.3
2026-08-23, 03:39:01, 22.3, 22.5, 22.75, 22.75, 9999.0, 9999.0, 9999.0, 23.66, 9999.0, 22.27, 9999.0, 22.68, 22.5, 22.25, 22.27, 22.3
2026-08-23, 03:39:05, 22.3, 22.5, 22.75, 22.75, 9999.0, 9999.0, 9999.0, 23.64, 9999.0, 22.3, 9999.0, 22.7, 22.5, 22.25, 22.27, 22.3
2026-08-23, 03:39:09, 22.3, 22.5, 22.75, 22.75, 9999.0, 9999.0, 9999.0, 23.59, 9999.0, 22.32, 9999.0, 22.73, 22.5, 22.25, 22.27, 22.3
2026-08-23, 03:39:13, 22.3, 22.5, 22.75, 22.75, 9999.0, 9999.0, 9999.0, 23.64, 9999.0, 22.34, 9999.0, 22.75, 22.5, 22.25, 22.27, 22.27
2026-08-23, 03:39:17, 22.3, 22.5, 22.75, 22.75, 9999.0, 9999.0, 9999.0, 23.68, 9999.0, 22.36, 9999.0, 22.75, 22.5, 22.25, 22.27, 22.27
2026-08-23, 03:39:21, 22.3, 22.5, 22.77, 22.75, 9999.0, 9999.0, 9999.0, 23.7, 9999.0, 22.39, 9999.0, 22.75, 22.5, 22.25, 22.27, 22.27
2026-08-23, 03:39:25, 22.3, 22.5, 22.77, 22.75, 9999.0, 9999.0, 9999.0, 23.73, 9999.0, 22.41, 9999.0, 22.73, 22.5, 22.25, 22.25, 22.25
2026-08-23, 03:39:29, 22.3, 22.5, 22.77, 22.75, 9999.0, 9999.0, 9999.0, 23.77, 9999.0, 22.43, 9999.0, 22.7, 22.5, 22.25, 22.25, 22.25
2026-08-23, 03:39:33, 22.3, 22.5, 22.77, 22.75, 9999.0, 9999.0, 9999.0, 23.82, 9999.0, 22.43, 9999.0, 22.7, 22.5, 22.25, 22.25, 22.25
2026-08-23, 03:39:37, 22.27, 22.5, 22.77, 22.75, 9999.0, 9999.0, 9999.0, 23.86, 9999.0, 22.43, 9999.0, 22.68, 22.5, 22.25, 22.25, 22.25
2026-08-23, 03:39:41, 22.27, 22.5, 22.77, 22.75, 9999.0, 9999.0, 9999.0, 23.89, 9999.0, 22.43, 9999.0, 22.68, 22.5, 22.25, 22.25, 22.25
2026-08-23, 03:39:45, 22.25, 22.5, 22.77, 22.75, 9999.0, 9999.0, 9999.0, 23.91, 9999.0, 22.43, 9999.0, 22.66, 22.5, 22.25, 22.25, 22.25
2026-08-23, 03:39:49, 22.25, 22.5, 22.77, 22.75, 9999.0, 9999.0, 9999.0, 23.93, 9999.0, 22.43, 9999.0, 22.64, 22.5, 22.25, 22.25, 22.25
2026-08-23, 03:39:54, 22.25, 22.5, 22.77, 22.75, 9999.0, 9999.0, 9999.0, 23.95, 9999.0, 22.41, 9999.0, 22.64, 22.5, 22.25, 22.25, 22.25
2026-08-23, 03:39:58, 22.25, 22.5, 22.77, 22.77, 9999.0, 9999.0, 9999.0, 23.91, 9999.0, 22.39, 9999.0, 22.64, 22.5, 22.25, 22.25, 22.25
2026-08-23, 03:40:02, 22.25, 22.5, 22.77, 22.77, 9999.0, 9999.0, 9999.0, 23.86, 9999.0, 22.36, 9999.0, 22.64, 22.5, 22.25, 22.25, 22.25
2026-08-23, 03:40:06, 22.25, 22.5, 22.75, 22.77, 9999.0, 9999.0, 9999.0, 23.84, 9999.0, 22.34, 9999.0, 22.64, 22.5, 22.25, 22.25, 22.25
2026-08-23, 03:40:10, 22.25, 22.5, 22.75, 22.8, 9999.0, 9999.0, 9999.0, 23.82, 9999.0, 22.32, 9999.0, 22.66, 22.5, 22.25, 22.25, 22.25
2026-08-23, 03:40:14, 22.27, 22.5, 22.75, 22.8, 9999.0, 9999.0, 9999.0, 23.77, 9999.0, 22.32, 9999.0, 22.68, 22.5, 22.25, 22.25, 22.25
2026-08-23, 03:40:18, 22.27, 22.5, 22.75, 22.8, 9999.0, 9999.0, 9999.0, 23.73, 9999.0, 22.36, 9999.0, 22.68, 22.5, 22.25, 22.25, 22.25
2026-08-23, 03:40:22, 22.27, 22.5, 22.75, 22.8, 9999.0, 9999.0, 9999.0, 23.68, 9999.0, 22.39, 9999.0, 22.7, 22.5, 22.25, 22.25, 22.25
2026-08-23, 03:40:26, 22.27, 22.5, 22.77, 22.8, 9999.0, 9999.0, 9999.0, 23.66, 9999.0, 22.43, 9999.0, 22.7, 22.5, 22.25, 22.25, 22.25
2026-08-23, 03:40:30, 22.27, 22.5, 22.77, 22.8, 9999.0, 9999.0, 9999.0, 23.64, 9999.0, 22.45, 9999.0, 22.73, 22.5, 22.25, 22.25, 22.25
2026-08-23, 03:40:34, 22.27, 22.5, 22.77, 22.8, 9999.0, 9999.0, 9999.0, 23.68, 9999.0, 22.45, 9999.0, 22.75, 22.52, 22.25, 22.25, 22.25
2026-08-23, 03:40:38, 22.3, 22.5, 22.77, 22.8, 9999.0, 9999.0, 9999.0, 23.73, 9999.0, 22.48, 9999.0, 22.75, 22.52, 22.25, 22.25, 22.25
2026-08-23, 03:40:42, 22.3, 22.48, 22.77, 22.77, 9999.0, 9999.0, 9999.0, 23.75, 9999.0, 22.5, 9999.0, 22.75, 22.52, 22.25, 22.25, 22.25
2026-08-23, 03:40:46, 22.3, 22.48, 22.77, 22.77, 9999.0, 9999.0, 9999.0, 23.8, 9999.0, 22.52, 9999.0, 22.73, 22.52, 22.25, 22.25, 22.25
2026-08-23, 03:40:50, 22.3, 22.48, 22.77, 22.77, 9999.0, 9999.0, 9999.0, 23.82, 9999.0, 22.55, 9999.0, 22.73, 22.52, 22.25, 22.25, 22.25
2026-08-23, 03:40:54, 22.3, 22.45, 22.77, 22.75, 9999.0, 9999.0, 9999.0, 23.84, 9999.0, 22.57, 9999.0, 22.7, 22.52, 22.25, 22.25, 22.25
2026-08-23, 03:40:58, 22.27, 22.45, 22.77, 22.75, 9999.0, 9999.0, 9999.0, 23.86, 9999.0, 22.57, 9999.0, 22.68, 22.52, 22.25, 22.25, 22.25
2026-08-23, 03:41:02, 22.27, 22.45, 22.77, 22.75, 9999.0, 9999.0, 9999.0, 23.91, 9999.0, 22.52, 9999.0, 22.66, 22.52, 22.25, 22.25, 22.25
2026-08-23, 03:41:06, 22.27, 22.45, 22.77, 22.75, 9999.0, 9999.0, 9999.0, 23.95, 9999.0, 22.5, 9999.0, 22.64, 22.52, 22.25, 22.25, 22.25
2026-08-23, 03:41:10, 22.27, 22.45, 22.75, 22.75, 9999.0, 9999.0, 9999.0, 24.0, 9999.0, 22.45, 9999.0, 22.61, 22.52, 22.25, 22.25, 22.25
2026-08-23, 03:41:14, 22.27, 22.45, 22.75, 22.75, 9999.0, 9999.0, 9999.0, 24.05, 9999.0, 22.41, 9999.0, 22.61, 22.52, 22.25, 22.25, 22.27
2026-08-23, 03:41:18, 22.27, 22.45, 22.75, 22.75, 9999.0, 9999.0, 9999.0, 24.0, 9999.0, 22.39, 9999.0, 22.61, 22.5, 22.25, 22.25, 22.27
2026-08-23, 03:41:22, 22.25, 22.45, 22.75, 22.75, 9999.0, 9999.0, 9999.0, 23.95, 9999.0, 22.39, 9999.0, 22.61, 22.5, 22.25, 22.25, 22.27
2026-08-23, 03:41:26, 22.25, 22.48, 22.75, 22.75, 9999.0, 9999.0, 9999.0, 23.93, 9999.0, 22.36, 9999.0, 22.61, 22.5, 22.25, 22.25, 22.27
2026-08-23, 03:41:30, 22.25, 22.48, 22.75, 22.75, 9999.0, 9999.0, 9999.0, 23.89, 9999.0, 22.34, 9999.0, 22.64, 22.5, 22.25, 22.25, 22.27
2026-08-23, 03:41:34, 22.25, 22.48, 22.75, 22.75, 9999.0, 9999.0, 9999.0, 23.84, 9999.0, 22.34, 9999.0, 22.64, 22.5, 22.25, 22.25, 22.27
2026-08-23, 03:41:38, 22.25, 22.5, 22.75, 22.75, 9999.0, 9999.0, 9999.0, 23.8, 9999.0, 22.34, 9999.0, 22.66, 22.5, 22.25, 22.25, 22.27
2026-08-23, 03:41:42, 22.25, 22.5, 22.75, 22.75, 9999.0, 9999.0, 9999.0, 23.77, 9999.0, 22.36, 9999.0, 22.68, 22.5, 22.25, 22.25, 22.27
2026-08-23, 03:41:46, 22.25, 22.5, 22.75, 22.75, 9999.0, 9999.0, 9999.0, 23.73, 9999.0, 22.41, 9999.0, 22.7, 22.5, 22.25, 22.25, 22.27
2026-08-23, 03:41:50, 22.27, 22.5, 22.75, 22.75, 9999.0, 9999.0, 9999.0, 23.68, 9999.0, 22.45, 9999.0, 22.73, 22.5, 22.25, 22.25, 22.27
2026-08-23, 03:41:54, 22.27, 22.5, 22.75, 22.75, 9999.0, 9999.0, 9999.0, 23.7, 9999.0, 22.5, 9999.0, 22.75, 22.5, 22.25, 22.25, 22.27
2026-08-23, 03:41:58, 22.27, 22.5, 22.75, 22.75, 9999.0, 9999.0, 9999.0, 23.73, 9999.0, 22.55, 9999.0, 22.75, 22.5, 22.25, 22.25, 22.25
2026-08-23, 03:42:02, 22.27, 22.5, 22.75, 22.75, 9999.0, 9999.0, 9999.0, 23.77, 9999.0, 22.57, 9999.0, 22.75, 22.5, 22.25, 22.25, 22.25
2026-08-23, 03:42:06, 22.27, 22.5, 22.75, 22.75, 9999.0, 9999.0, 9999.0, 23.82, 9999.0, 22.57, 9999.0, 22.75, 22.5, 22.25, 22.25, 22.25
2026-08-23, 03:42:10, 22.27, 22.5, 22.75, 22.75, 9999.0, 9999.0, 9999.0, 23.84, 9999.0, 22.59, 9999.0, 22.73, 22.5, 22.25, 22.25, 22.25
2026-08-23, 03:42:14, 22.27, 22.5, 22.75, 22.75, 9999.0, 9999.0, 9999.0, 23.86, 9999.0, 22.61, 9999.0, 22.7, 22.5, 22.25, 22.25, 22.25
2026-08-23, 03:42:18, 22.27, 22.5, 22.75, 22.75, 9999.0, 9999.0, 9999.0, 23.91, 9999.0, 22.61, 9999.0, 22.68, 22.5, 22.25, 22.25, 22.25
2026-08-23, 03:42:22, 22.27, 22.5, 22.75, 22.75, 9999.0, 9999.0, 9999.0, 23.95, 9999.0, 22.61, 9999.0, 22.66, 22.5, 22.25, 22.25, 22.25
2026-08-23, 03:42:26, 22.27, 22.5, 22.75, 22.75, 9999.0, 9999.0, 9999.0, 24.0, 9999.0, 22.59, 9999.0, 22.64, 22.5, 22.25, 22.25, 22.25
2026-08-23, 03:42:30, 22.27, 22.5, 22.75, 22.75, 9999.0, 9999.0, 9999.0, 24.02, 9999.0, 22.57, 9999.0, 22.64, 22.5, 22.25, 22.25, 22.25
2026-08-23, 03:42:34, 22.25, 22.5, 22.75, 22.75, 9999.0, 9999.0, 9999.0, 24.07, 9999.0, 22.55, 9999.0, 22.64, 22.5, 22.25, 22.25, 22.25
2026-08-23, 03:42:38, 22.25, 22.5, 22.77, 22.75, 9999.0, 9999.0, 9999.0, 24.02, 9999.0, 22.52, 9999.0, 22.64, 22.5, 22.25, 22.25, 22.25
2026-08-23, 03:42:42, 22.25, 22.5, 22.77, 22.75, 9999.0, 9999.0, 9999.0, 23.98, 9999.0, 22.48, 9999.0, 22.64, 22.5, 22.25, 22.25, 22.25
2026-08-23, 03:42:46, 22.27, 22.5, 22.77, 22.75, 9999.0, 9999.0, 9999.0, 23.93, 9999.0, 22.48, 9999.0, 22.64, 22.5, 22.25, 22.25, 22.25
2026-08-23, 03:42:50, 22.27, 22.5, 22.77, 22.75, 9999.0, 9999.0, 9999.0, 23.89, 9999.0, 22.48, 9999.0, 22.66, 22.5, 22.25, 22.25, 22.25
2026-08-23, 03:42:54, 22.27, 22.5, 22.77, 22.75, 9999.0, 9999.0, 9999.0, 23.86, 9999.0, 22.48, 9999.0, 22.68, 22.5, 22.25, 22.25, 22.25
2026-08-23, 03:42:58, 22.27, 22.5, 22.77, 22.75, 9999.0, 9999.0, 9999.0, 23.82, 9999.0, 22.5, 9999.0, 22.7, 22.5, 22.25, 22.25, 22.25
2026-08-23, 03:43:02, 22.3, 22.5, 22.77, 22.75, 9999.0, 9999.0, 9999.0, 23.77, 9999.0, 22.52, 9999.0, 22.73, 22.5, 22.25, 22.25, 22.25
2026-08-23, 03:43:06, 22.3, 22.5, 22.77, 22.75, 9999.0, 9999.0, 9999.0, 23.75, 9999.0, 22.55, 9999.0, 22.75, 22.5, 22.25, 22.25, 22.25
2026-08-23, 03:43:10, 22.3, 22.5, 22.77, 22.75, 9999.0, 9999.0, 9999.0, 23.7, 9999.0, 22.57, 9999.0, 22.77, 22.5, 22.25, 22.25, 22.25
2026-08-23, 03:43:14, 22.3, 22.5, 22.77, 22.75, 9999.0, 9999.0, 9999.0, 23.77, 9999.0, 22.59, 9999.0, 22.77, 22.5, 22.25, 22.25, 22.25
2026-08-23, 03:43:18, 22.3, 22.5, 22.77, 22.75, 9999.0, 9999.0, 9999.0, 23.8, 9999.0, 22.61, 9999.0, 22.77, 22.5, 22.25, 22.25, 22.25
2026-08-23, 03:43:22, 22.32, 22.5, 22.75, 22.75, 9999.0, 9999.0, 9999.0, 23.84, 9999.0, 22.64, 9999.0, 22.77, 22.5, 22.25, 22.25, 22.25
2026-08-23, 03:43:26, 22.32, 22.5, 22.75, 22.75, 9999.0, 9999.0, 9999.0, 23.89, 9999.0, 22.66, 9999.0, 22.77, 22.5, 22.25, 22.25, 22.25
2026-08-23, 03:43:30, 22.3, 22.5, 22.75, 22.75, 9999.0, 9999.0, 9999.0, 23.93, 9999.0, 22.66, 9999.0, 22.75, 22.5, 22.25, 22.25, 22.25
2026-08-23, 03:43:34, 22.32, 22.5, 22.75, 22.75, 9999.0, 9999.0, 9999.0, 23.95, 9999.0, 22.66, 9999.0, 22.7, 22.5, 22.25, 22.25, 22.25
2026-08-23, 03:43:39, 22.32, 22.5, 22.75, 22.75, 9999.0, 9999.0, 9999.0, 23.98, 9999.0, 22.66, 9999.0, 22.68, 22.5, 22.25, 22.25, 22.25
2026-08-23, 03:43:43, 22.32, 22.5, 22.75, 22.75, 9999.0, 9999.0, 9999.0, 24.02, 9999.0, 22.64, 9999.0, 22.66, 22.5, 22.25, 22.25, 22.25
2026-08-23, 03:43:47, 22.3, 22.5, 22.75, 22.75, 9999.0, 9999.0, 9999.0, 24.07, 9999.0, 22.61, 9999.0, 22.64, 22.5, 22.25, 22.25, 22.25
2026-08-23, 03:43:51, 22.3, 22.5, 22.75, 22.75, 9999.0, 9999.0, 9999.0, 24.09, 9999.0, 22.59, 9999.0, 22.64, 22.5, 22.25, 22.25, 22.25
2026-08-23, 03:43:55, 22.3, 22.5, 22.75, 22.75, 9999.0, 9999.0, 9999.0, 24.14, 9999.0, 22.57, 9999.0, 22.64, 22.5, 22.25, 22.25, 22.25
2026-08-23, 03:43:59, 22.3, 22.5, 22.75, 22.75, 9999.0, 9999.0, 9999.0, 24.09, 9999.0, 22.55, 9999.0, 22.64, 22.5, 22.25, 22.25, 22.25
2026-08-23, 03:44:03, 22.3, 22.5, 22.75, 22.75, 9999.0, 9999.0, 9999.0, 24.05, 9999.0, 22.52, 9999.0, 22.66, 22.5, 22.25, 22.25, 22.25
2026-08-23, 03:44:07, 22.27, 22.5, 22.75, 22.75, 9999.0, 9999.0, 9999.0, 24.0, 9999.0, 22.5, 9999.0, 22.66, 22.5, 22.25, 22.25, 22.25
2026-08-23, 03:44:11, 22.27, 22.5, 22.75, 22.75, 9999.0, 9999.0, 9999.0, 23.95, 9999.0, 22.5, 9999.0, 22.66, 22.5, 22.25, 22.25, 22.25
2026-08-23, 03:44:15, 22.27, 22.5, 22.75, 22.75, 9999.0, 9999.0, 9999.0, 23.91, 9999.0, 22.52, 9999.0, 22.68, 22.5, 22.25, 22.25, 22.25
2026-08-23, 03:44:19, 22.25, 22.5, 22.75, 22.75, 9999.0, 9999.0, 9999.0, 23.89, 9999.0, 22.55, 9999.0, 22.7, 22.5, 22.25, 22.25, 22.25
2026-08-23, 03:44:23, 22.25, 22.5, 22.75, 22.75, 9999.0, 9999.0, 9999.0, 23.86, 9999.0, 22.57, 9999.0, 22.73, 22.5, 22.25, 22.25, 22.25
2026-08-23, 03:44:27, 22.25, 22.5, 22.75, 22.75, 9999.0, 9999.0, 9999.0, 23.82, 9999.0, 22.59, 9999.0, 22.75, 22.5, 22.25, 22.25, 22.25
2026-08-23, 03:44:31, 22.25, 22.5, 22.75, 22.75, 9999.0, 9999.0, 9999.0, 23.77, 9999.0, 22.64, 9999.0, 22.77, 22.5, 22.25, 22.25, 22.25
2026-08-23, 03:44:35, 22.25, 22.5, 22.75, 22.75, 9999.0, 9999.0, 9999.0, 23.82, 9999.0, 22.66, 9999.0, 22.77, 22.5, 22.25, 22.25, 22.25
2026-08-23, 03:44:39, 22.25, 22.5, 22.75, 22.75, 9999.0, 9999.0, 9999.0, 23.84, 9999.0, 22.68, 9999.0, 22.77, 22.5, 22.25, 22.25, 22.25
2026-08-23, 03:44:43, 22.25, 22.5, 22.75, 22.75, 9999.0, 9999.0, 9999.0, 23.86, 9999.0, 22.7, 9999.0, 22.77, 22.5, 22.25, 22.25, 22.25
2026-08-23, 03:44:47, 22.25, 22.5, 22.75, 22.75, 9999.0, 9999.0, 9999.0, 23.91, 9999.0, 22.73, 9999.0, 22.73, 22.5, 22.25, 22.25, 22.25
2026-08-23, 03:44:51, 22.25, 22.5, 22.75, 22.75, 9999.0, 9999.0, 9999.0, 23.95, 9999.0, 22.75, 9999.0, 22.7, 22.5, 22.25, 22.25, 22.25
2026-08-23, 03:44:55, 22.25, 22.5, 22.75, 22.75, 9999.0, 9999.0, 9999.0, 24.0, 9999.0, 22.75, 9999.0, 22.68, 22.5, 22.25, 22.25, 22.25
2026-08-23, 03:44:59, 22.25, 22.5, 22.75, 22.75, 9999.0, 9999.0, 9999.0, 24.02, 9999.0, 22.75, 9999.0, 22.68, 22.5, 22.25, 22.25, 22.25
2026-08-23, 03:45:03, 22.25, 22.5, 22.75, 22.75, 9999.0, 9999.0, 9999.0, 24.05, 9999.0, 22.73, 9999.0, 22.66, 22.5, 22.25, 22.25, 22.25
2026-08-23, 03:45:07, 22.25, 22.5, 22.75, 22.75, 9999.0, 9999.0, 9999.0, 24.07, 9999.0, 22.7, 9999.0, 22.64, 22.5, 22.25, 22.25, 22.25
2026-08-23, 03:45:11, 22.25, 22.5, 22.75, 22.75, 9999.0, 9999.0, 9999.0, 24.11, 9999.0, 22.68, 9999.0, 22.64, 22.5, 22.25, 22.25, 22.25
2026-08-23, 03:45:15, 22.25, 22.5, 22.75, 22.75, 9999.0, 9999.0, 9999.0, 24.16, 9999.0, 22.64, 9999.0, 22.64, 22.5, 22.25, 22.25, 22.25
2026-08-23, 03:45:19, 22.25, 22.5, 22.75, 22.75, 9999.0, 9999.0, 9999.0, 24.11, 9999.0, 22.61, 9999.0, 22.64, 22.5, 22.25, 22.25, 22.25
2026-08-23, 03:45:23, 22.25, 22.5, 22.75, 22.75, 9999.0, 9999.0, 9999.0, 24.09, 9999.0, 22.59, 9999.0, 22.64, 22.5, 22.25, 22.25, 22.25
2026-08-23, 03:45:27, 22.25, 22.5, 22.75, 22.77, 9999.0, 9999.0, 9999.0, 24.07, 9999.0, 22.57, 9999.0, 22.64, 22.5, 22.25, 22.25, 22.25
2026-08-23, 03:45:31, 22.25, 22.5, 22.75, 22.77, 9999.0, 9999.0, 9999.0, 24.02, 9999.0, 22.57, 9999.0, 22.66, 22.5, 22.25, 22.25, 22.25
2026-08-23, 03:45:35, 22.27, 22.5, 22.75, 22.77, 9999.0, 9999.0, 9999.0, 23.98, 9999.0, 22.57, 9999.0, 22.68, 22.5, 22.25, 22.25, 22.25
2026-08-23, 03:45:39, 22.27, 22.5, 22.75, 22.77, 9999.0, 9999.0, 9999.0, 23.93, 9999.0, 22.59, 9999.0, 22.7, 22.5, 22.25, 22.25, 22.25
2026-08-23, 03:45:43, 22.27, 22.5, 22.75, 22.77, 9999.0, 9999.0, 9999.0, 23.91, 9999.0, 22.61, 9999.0, 22.7, 22.5, 22.25, 22.25, 22.25
2026-08-23, 03:45:47, 22.27, 22.5, 22.75, 22.77, 9999.0, 9999.0, 9999.0, 23.89, 9999.0, 22.64, 9999.0, 22.73, 22.5, 22.25, 22.25, 22.25
2026-08-23, 03:45:51, 22.27, 22.5, 22.75, 22.77, 9999.0, 9999.0, 9999.0, 23.86, 9999.0, 22.66, 9999.0, 22.75, 22.5, 22.25, 22.25, 22.25
2026-08-23, 03:45:55, 22.27, 22.5, 22.75, 22.77, 9999.0, 9999.0, 9999.0, 23.91, 9999.0, 22.68, 9999.0, 22.75, 22.5, 22.25, 22.25, 22.25
2026-08-23, 03:45:59, 22.27, 22.5, 22.75, 22.77, 9999.0, 9999.0, 9999.0, 23.93, 9999.0, 22.7, 9999.0, 22.75, 22.5, 22.25, 22.25, 22.25
2026-08-23, 03:46:03, 22.27, 22.5, 22.75, 22.77, 9999.0, 9999.0, 9999.0, 23.95, 9999.0, 22.73, 9999.0, 22.75, 22.5, 22.25, 22.25, 22.25
2026-08-23, 03:46:07, 22.27, 22.5, 22.75, 22.77, 9999.0, 9999.0, 9999.0, 23.98, 9999.0, 22.75, 9999.0, 22.73, 22.5, 22.25, 22.25, 22.25
2026-08-23, 03:46:11, 22.3, 22.5, 22.75, 22.75, 9999.0, 9999.0, 9999.0, 24.0, 9999.0, 22.77, 9999.0, 22.7, 22.5, 22.25, 22.25, 22.25
2026-08-23, 03:46:15, 22.3, 22.5, 22.75, 22.75, 9999.0, 9999.0, 9999.0, 24.02, 9999.0, 22.77, 9999.0, 22.68, 22.5, 22.25, 22.25, 22.25
2026-08-23, 03:46:19, 22.3, 22.5, 22.75, 22.75, 9999.0, 9999.0, 9999.0, 24.05, 9999.0, 22.77, 9999.0, 22.66, 22.5, 22.25, 22.25, 22.25
2026-08-23, 03:46:23, 22.3, 22.5, 22.75, 22.75, 9999.0, 9999.0, 9999.0, 24.07, 9999.0, 22.77, 9999.0, 22.64, 22.5, 22.25, 22.25, 22.25
2026-08-23, 03:46:27, 22.32, 22.5, 22.75, 22.75, 9999.0, 9999.0, 9999.0, 24.09, 9999.0, 22.75, 9999.0, 22.61, 22.5, 22.25, 22.25, 22.25
2026-08-23, 03:46:31, 22.32, 22.5, 22.75, 22.75, 9999.0, 9999.0, 9999.0, 24.11, 9999.0, 22.73, 9999.0, 22.61, 22.5, 22.25, 22.25, 22.25
2026-08-23, 03:46:35, 22.32, 22.5, 22.75, 22.75, 9999.0, 9999.0, 9999.0, 24.14, 9999.0, 22.7, 9999.0, 22.61, 22.5, 22.25, 22.25, 22.25
2026-08-23, 03:46:39, 22.32, 22.5, 22.75, 22.75, 9999.0, 9999.0, 9999.0, 24.09, 9999.0, 22.7, 9999.0, 22.61, 22.5, 22.25, 22.25, 22.25
2026-08-23, 03:46:43, 22.32, 22.5, 22.75, 22.75, 9999.0, 9999.0, 9999.0, 24.05, 9999.0, 22.68, 9999.0, 22.64, 22.5, 22.25, 22.25, 22.25
2026-08-23, 03:46:47, 22.34, 22.5, 22.75, 22.75, 9999.0, 9999.0, 9999.0, 24.02, 9999.0, 22.66, 9999.0, 22.64, 22.5, 22.25, 22.25, 22.25
2026-08-23, 03:46:51, 22.34, 22.5, 22.75, 22.75, 9999.0, 9999.0, 9999.0, 23.98, 9999.0, 22.66, 9999.0, 22.66, 22.5, 22.25, 22.25, 22.25
2026-08-23, 03:46:55, 22.34, 22.5, 22.75, 22.75, 9999.0, 9999.0, 9999.0, 23.93, 9999.0, 22.66, 9999.0, 22.68, 22.5, 22.25, 22.25, 22.25
2026-08-23, 03:46:59, 22.34, 22.5, 22.75, 22.75, 9999.0, 9999.0, 9999.0, 23.91, 9999.0, 22.66, 9999.0, 22.7, 22.5, 22.25, 22.25, 22.25
2026-08-23, 03:47:03, 22.32, 22.5, 22.75, 22.75, 9999.0, 9999.0, 9999.0, 23.89, 9999.0, 22.68, 9999.0, 22.73, 22.5, 22.25, 22.25, 22.25
2026-08-23, 03:47:07, 22.34, 22.5, 22.75, 22.75, 9999.0, 9999.0, 9999.0, 23.86, 9999.0, 22.7, 9999.0, 22.75, 22.5, 22.25, 22.25, 22.25
2026-08-23, 03:47:11, 22.34, 22.5, 22.75, 22.75, 9999.0, 9999.0, 9999.0, 23.84, 9999.0, 22.7, 9999.0, 22.77, 22.5, 22.25, 22.25, 22.25
2026-08-23, 03:47:15, 22.34, 22.5, 22.75, 22.75, 9999.0, 9999.0, 9999.0, 23.86, 9999.0, 22.73, 9999.0, 22.77, 22.5, 22.25, 22.25, 22.25
2026-08-23, 03:47:19, 22.34, 22.5, 22.75, 22.75, 9999.0, 9999.0, 9999.0, 23.89, 9999.0, 22.75, 9999.0, 22.77, 22.5, 22.25, 22.25, 22.25
2026-08-23, 03:47:24, 22.34, 22.5, 22.75, 22.75, 9999.0, 9999.0, 9999.0, 23.91, 9999.0, 22.75, 9999.0, 22.75, 22.5, 22.25, 22.25, 22.25
2026-08-23, 03:47:28, 22.34, 22.5, 22.75, 22.75, 9999.0, 9999.0, 9999.0, 23.93, 9999.0, 22.77, 9999.0, 22.7, 22.5, 22.23, 22.25, 22.25
2026-08-23, 03:47:32, 22.32, 22.5, 22.75, 22.75, 9999.0, 9999.0, 9999.0, 23.93, 9999.0, 22.8, 9999.0, 22.7, 22.5, 22.23, 22.25, 22.25
2026-08-23, 03:47:36, 22.32, 22.5, 22.75, 22.75, 9999.0, 9999.0, 9999.0, 23.98, 9999.0, 22.77, 9999.0, 22.7, 22.5, 22.23, 22.25, 22.25
2026-08-23, 03:47:40, 22.3, 22.5, 22.75, 22.75, 9999.0, 9999.0, 9999.0, 24.0, 9999.0, 22.75, 9999.0, 22.68, 22.5, 22.23, 22.25, 22.25
2026-08-23, 03:47:44, 22.3, 22.5, 22.75, 22.75, 9999.0, 9999.0, 9999.0, 24.02, 9999.0, 22.73, 9999.0, 22.66, 22.5, 22.23, 22.25, 22.25
2026-08-23, 03:47:48, 22.3, 22.5, 22.75, 22.75, 9999.0, 9999.0, 9999.0, 24.05, 9999.0, 22.7, 9999.0, 22.64, 22.5, 22.23, 22.25, 22.25
2026-08-23, 03:47:52, 22.27, 22.5, 22.75, 22.75, 9999.0, 9999.0, 9999.0, 24.07, 9999.0, 22.68, 9999.0, 22.64, 22.5, 22.23, 22.25, 22.25
2026-08-23, 03:47:56, 22.25, 22.5, 22.75, 22.75, 9999.0, 9999.0, 9999.0, 24.09, 9999.0, 22.68, 9999.0, 22.64, 22.5, 22.23, 22.25, 22.25
2026-08-23, 03:48:00, 22.25, 22.5, 22.75, 22.75, 9999.0, 9999.0, 9999.0, 24.07, 9999.0, 22.68, 9999.0, 22.64, 22.5, 22.23, 22.25, 22.25
2026-08-23, 03:48:04, 22.25, 22.5, 22.75, 22.75, 9999.0, 9999.0, 9999.0, 24.05, 9999.0, 22.66, 9999.0, 22.64, 22.5, 22.23, 22.25, 22.25
2026-08-23, 03:48:08, 22.27, 22.48, 22.75, 22.75, 9999.0, 9999.0, 9999.0, 24.0, 9999.0, 22.64, 9999.0, 22.66, 22.5, 22.23, 22.25, 22.25
2026-08-23, 03:48:12, 22.27, 22.48, 22.75, 22.75, 9999.0, 9999.0, 9999.0, 23.98, 9999.0, 22.64, 9999.0, 22.68, 22.5, 22.25, 22.25, 22.25
2026-08-23, 03:48:16, 22.27, 22.48, 22.75, 22.75, 9999.0, 9999.0, 9999.0, 23.95, 9999.0, 22.64, 9999.0, 22.68, 22.5, 22.25, 22.25, 22.25
2026-08-23, 03:48:20, 22.27, 22.48, 22.75, 22.75, 9999.0, 9999.0, 9999.0, 23.91, 9999.0, 22.66, 9999.0, 22.68, 22.5, 22.25, 22.25, 22.25
2026-08-23, 03:48:24, 22.27, 22.48, 22.75, 22.75, 9999.0, 9999.0, 9999.0, 23.89, 9999.0, 22.68, 9999.0, 22.7, 22.5, 22.25, 22.25, 22.25
2026-08-23, 03:48:28, 22.27, 22.48, 22.75, 22.75, 9999.0, 9999.0, 9999.0, 23.86, 9999.0, 22.7, 9999.0, 22.73, 22.5, 22.25, 22.25, 22.25
2026-08-23, 03:48:32, 22.27, 22.48, 22.75, 22.75, 9999.0, 9999.0, 9999.0, 23.91, 9999.0, 22.7, 9999.0, 22.75, 22.5, 22.25, 22.25, 22.25
2026-08-23, 03:48:36, 22.3, 22.48, 22.75, 22.75, 9999.0, 9999.0, 9999.0, 23.95, 9999.0, 22.7, 9999.0, 22.75, 22.5, 22.25, 22.25, 22.25
2026-08-23, 03:48:40, 22.32, 22.48, 22.75, 22.75, 9999.0, 9999.0, 9999.0, 23.98, 9999.0, 22.7, 9999.0, 22.75, 22.5, 22.25, 22.25, 22.25
2026-08-23, 03:48:44, 22.32, 22.48, 22.75, 22.75, 9999.0, 9999.0, 9999.0, 24.0, 9999.0, 22.7, 9999.0, 22.73, 22.5, 22.25, 22.25, 22.25
2026-08-23, 03:48:48, 22.32, 22.48, 22.75, 22.75, 9999.0, 9999.0, 9999.0, 24.02, 9999.0, 22.73, 9999.0, 22.7, 22.5, 22.25, 22.25, 22.25
2026-08-23, 03:48:52, 22.3, 22.5, 22.75, 22.75, 9999.0, 9999.0, 9999.0, 24.07, 9999.0, 22.73, 9999.0, 22.68, 22.5, 22.25, 22.25, 22.25
2026-08-23, 03:48:56, 22.3, 22.5, 22.75, 22.75, 9999.0, 9999.0, 9999.0, 24.09, 9999.0, 22.73, 9999.0, 22.66, 22.5, 22.25, 22.25, 22.25
2026-08-23, 03:49:00, 22.3, 22.5, 22.75, 22.75, 9999.0, 9999.0, 9999.0, 24.09, 9999.0, 22.73, 9999.0, 22.64, 22.5, 22.25, 22.25, 22.25
2026-08-23, 03:49:04, 22.3, 22.5, 22.75, 22.75, 9999.0, 9999.0, 9999.0, 24.11, 9999.0, 22.7, 9999.0, 22.61, 22.5, 22.25, 22.25, 22.25
2026-08-23, 03:49:08, 22.3, 22.5, 22.75, 22.75, 9999.0, 9999.0, 9999.0, 24.14, 9999.0, 22.68, 9999.0, 22.59, 22.5, 22.25, 22.25, 22.25
2026-08-23, 03:49:12, 22.3, 22.5, 22.75, 22.75, 9999.0, 9999.0, 9999.0, 24.16, 9999.0, 22.68, 9999.0, 22.59, 22.5, 22.25, 22.25, 22.25
2026-08-23, 03:49:16, 22.3, 22.5, 22.75, 22.75, 9999.0, 9999.0, 9999.0, 24.11, 9999.0, 22.66, 9999.0, 22.59, 22.5, 22.25, 22.25, 22.25
2026-08-23, 03:49:20, 22.27, 22.5, 22.75, 22.75, 9999.0, 9999.0, 9999.0, 24.05, 9999.0, 22.64, 9999.0, 22.59, 22.5, 22.25, 22.25, 22.25
2026-08-23, 03:49:24, 22.25, 22.5, 22.75, 22.75, 9999.0, 9999.0, 9999.0, 24.0, 9999.0, 22.61, 9999.0, 22.59, 22.5, 22.25, 22.25, 22.25
2026-08-23, 03:49:28, 22.25, 22.5, 22.75, 22.75, 9999.0, 9999.0, 9999.0, 23.95, 9999.0, 22.59, 9999.0, 22.61, 22.5, 22.25, 22.25, 22.25
2026-08-23, 03:49:32, 22.25, 22.5, 22.75, 22.75, 9999.0, 9999.0, 9999.0, 23.91, 9999.0, 22.59, 9999.0, 22.64, 22.5, 22.25, 22.25, 22.25
2026-08-23, 03:49:36, 22.25, 22.5, 22.75, 22.75, 9999.0, 9999.0, 9999.0, 23.86, 9999.0, 22.61, 9999.0, 22.66, 22.5, 22.25, 22.25, 22.25
2026-08-23, 03:49:40, 22.25, 22.5, 22.75, 22.75, 9999.0, 9999.0, 9999.0, 23.84, 9999.0, 22.61, 9999.0, 22.68, 22.5, 22.25, 22.25, 22.25
2026-08-23, 03:49:44, 22.25, 22.5, 22.75, 22.75, 9999.0, 9999.0, 9999.0, 23.84, 9999.0, 22.61, 9999.0, 22.7, 22.5, 22.25, 22.25, 22.25
2026-08-23, 03:49:48, 22.25, 22.5, 22.75, 22.75, 9999.0, 9999.0, 9999.0, 23.8, 9999.0, 22.64, 9999.0, 22.73, 22.5, 22.25, 22.25, 22.25
2026-08-23, 03:49:52, 22.25, 22.5, 22.75, 22.75, 9999.0, 9999.0, 9999.0, 23.84, 9999.0, 22.66, 9999.0, 22.75, 22.5, 22.25, 22.25, 22.25
2026-08-23, 03:49:56, 22.25, 22.5, 22.75, 22.75, 9999.0, 9999.0, 9999.0, 23.86, 9999.0, 22.66, 9999.0, 22.75, 22.5, 22.25, 22.25, 22.25
2026-08-23, 03:50:00, 22.25, 22.5, 22.75, 22.75, 9999.0, 9999.0, 9999.0, 23.89, 9999.0, 22.68, 9999.0, 22.75, 22.5, 22.25, 22.25, 22.25
2026-08-23, 03:50:04, 22.25, 22.5, 22.75, 22.75, 9999.0, 9999.0, 9999.0, 23.93, 9999.0, 22.7, 9999.0, 22.73, 22.5, 22.25, 22.25, 22.25
2026-08-23, 03:50:08, 22.25, 22.5, 22.75, 22.75, 9999.0, 9999.0, 9999.0, 23.98, 9999.0, 22.7, 9999.0, 22.7, 22.5, 22.25, 22.25, 22.25
2026-08-23, 03:50:12, 22.25, 22.5, 22.75, 22.75, 9999.0, 9999.0, 9999.0, 24.02, 9999.0, 22.7, 9999.0, 22.68, 22.5, 22.25, 22.25, 22.25
2026-08-23, 03:50:16, 22.25, 22.5, 22.75, 22.75, 9999.0, 9999.0, 9999.0, 24.05, 9999.0, 22.68, 9999.0, 22.66, 22.5, 22.25, 22.25, 22.25
2026-08-23, 03:50:20, 22.25, 22.5, 22.75, 22.75, 9999.0, 9999.0, 9999.0, 24.07, 9999.0, 22.66, 9999.0, 22.64, 22.5, 22.25, 22.25, 22.25
2026-08-23, 03:50:24, 22.25, 22.5, 22.75, 22.75, 9999.0, 9999.0, 9999.0, 24.09, 9999.0, 22.64, 9999.0, 22.61, 22.5, 22.25, 22.25, 22.25
2026-08-23, 03:50:28, 22.25, 22.5, 22.75, 22.75, 9999.0, 9999.0, 9999.0, 24.11, 9999.0, 22.61, 9999.0, 22.61, 22.5, 22.25, 22.25, 22.25
2026-08-23, 03:50:32, 22.25, 22.5, 22.75, 22.75, 9999.0, 9999.0, 9999.0, 24.16, 9999.0, 22.59, 9999.0, 22.61, 22.48, 22.25, 22.25, 22.25
2026-08-23, 03:50:36, 22.25, 22.48, 22.75, 22.75, 9999.0, 9999.0, 9999.0, 24.11, 9999.0, 22.57, 9999.0, 22.61, 22.48, 22.25, 22.25, 22.25
2026-08-23, 03:50:40, 22.25, 22.48, 22.75, 22.75, 9999.0, 9999.0, 9999.0, 24.07, 9999.0, 22.55, 9999.0, 22.64, 22.48, 22.25, 22.25, 22.25
2026-08-23, 03:50:44, 22.27, 22.48, 22.75, 22.75, 9999.0, 9999.0, 9999.0, 24.02, 9999.0, 22.5, 9999.0, 22.64, 22.48, 22.25, 22.25, 22.25
2026-08-23, 03:50:48, 22.27, 22.48, 22.75, 22.75, 9999.0, 9999.0, 9999.0, 23.98, 9999.0, 22.45, 9999.0, 22.66, 22.48, 22.25, 22.25, 22.25
2026-08-23, 03:50:52, 22.27, 22.48, 22.75, 22.75, 9999.0, 9999.0, 9999.0, 23.93, 9999.0, 22.45, 9999.0, 22.68, 22.48, 22.25, 22.25, 22.25
2026-08-23, 03:50:56, 22.27, 22.48, 22.75, 22.75, 9999.0, 9999.0, 9999.0, 23.89, 9999.0, 22.45, 9999.0, 22.7, 22.48, 22.25, 22.25, 22.25
2026-08-23, 03:51:00, 22.27, 22.48, 22.75, 22.75, 9999.0, 9999.0, 9999.0, 23.86, 9999.0, 22.48, 9999.0, 22.73, 22.48, 22.25, 22.25, 22.25
2026-08-23, 03:51:04, 22.27, 22.48, 22.75, 22.75, 9999.0, 9999.0, 9999.0, 23.82, 9999.0, 22.5, 9999.0, 22.75, 22.48, 22.25, 22.25, 22.25
2026-08-23, 03:51:08, 22.27, 22.48, 22.75, 22.75, 9999.0, 9999.0, 9999.0, 23.77, 9999.0, 22.52, 9999.0, 22.77, 22.48, 22.25, 22.25, 22.25
2026-08-23, 03:51:13, 22.27, 22.48, 22.75, 22.75, 9999.0, 9999.0, 9999.0, 23.8, 9999.0, 22.55, 9999.0, 22.77, 22.48, 22.25, 22.25, 22.25
2026-08-23, 03:51:17, 22.27, 22.48, 22.75, 22.75, 9999.0, 9999.0, 9999.0, 23.82, 9999.0, 22.57, 9999.0, 22.77, 22.5, 22.25, 22.25, 22.25
2026-08-23, 03:51:21, 22.27, 22.5, 22.75, 22.75, 9999.0, 9999.0, 9999.0, 23.84, 9999.0, 22.59, 9999.0, 22.77, 22.5, 22.25, 22.25, 22.25
2026-08-23, 03:51:25, 22.27, 22.5, 22.75, 22.75, 9999.0, 9999.0, 9999.0, 23.89, 9999.0, 22.59, 9999.0, 22.73, 22.5, 22.25, 22.25, 22.25
2026-08-23, 03:51:29, 22.25, 22.5, 22.75, 22.75, 9999.0, 9999.0, 9999.0, 23.93, 9999.0, 22.61, 9999.0, 22.7, 22.5, 22.25, 22.25, 22.25
2026-08-23, 03:51:33, 22.27, 22.5, 22.75, 22.75, 9999.0, 9999.0, 9999.0, 23.95, 9999.0, 22.64, 9999.0, 22.7, 22.5, 22.25, 22.25, 22.25
2026-08-23, 03:51:37, 22.27, 22.48, 22.75, 22.75, 9999.0, 9999.0, 9999.0, 23.98, 9999.0, 22.64, 9999.0, 22.68, 22.5, 22.25, 22.25, 22.25
2026-08-23, 03:51:41, 22.27, 22.48, 22.75, 22.75, 9999.0, 9999.0, 9999.0, 24.0, 9999.0, 22.64, 9999.0, 22.66, 22.5, 22.25, 22.25, 22.25
2026-08-23, 03:51:45, 22.27, 22.48, 22.75, 22.75, 9999.0, 9999.0, 9999.0, 24.02, 9999.0, 22.61, 9999.0, 22.64, 22.5, 22.25, 22.25, 22.25
2026-08-23, 03:51:49, 22.27, 22.48, 22.75, 22.75, 9999.0, 9999.0, 9999.0, 24.07, 9999.0, 22.59, 9999.0, 22.64, 22.5, 22.25, 22.25, 22.25
2026-08-23, 03:51:53, 22.27, 22.48, 22.75, 22.75, 9999.0, 9999.0, 9999.0, 24.09, 9999.0, 22.57, 9999.0, 22.64, 22.48, 22.25, 22.25, 22.25
2026-08-23, 03:51:57, 22.27, 22.48, 22.75, 22.75, 9999.0, 9999.0, 9999.0, 24.07, 9999.0, 22.55, 9999.0, 22.64, 22.48, 22.25, 22.25, 22.25
2026-08-23, 03:52:01, 22.27, 22.48, 22.75, 22.75, 9999.0, 9999.0, 9999.0, 24.05, 9999.0, 22.52, 9999.0, 22.64, 22.48, 22.25, 22.25, 22.25
2026-08-23, 03:52:05, 22.27, 22.48, 22.75, 22.75, 9999.0, 9999.0, 9999.0, 24.0, 9999.0, 22.5, 9999.0, 22.64, 22.48, 22.25, 22.25, 22.25
2026-08-23, 03:52:09, 22.27, 22.48, 22.75, 22.75, 9999.0, 9999.0, 9999.0, 23.95, 9999.0, 22.52, 9999.0, 22.66, 22.48, 22.25, 22.25, 22.25
2026-08-23, 03:52:13, 22.27, 22.48, 22.75, 22.75, 9999.0, 9999.0, 9999.0, 23.91, 9999.0, 22.52, 9999.0, 22.68, 22.48, 22.25, 22.25, 22.25
2026-08-23, 03:52:17, 22.25, 22.48, 22.75, 22.75, 9999.0, 9999.0, 9999.0, 23.89, 9999.0, 22.55, 9999.0, 22.68, 22.48, 22.25, 22.25, 22.25
2026-08-23, 03:52:21, 22.25, 22.5, 22.75, 22.75, 9999.0, 9999.0, 9999.0, 23.84, 9999.0, 22.57, 9999.0, 22.7, 22.48, 22.25, 22.25, 22.25
2026-08-23, 03:52:25, 22.25, 22.5, 22.75, 22.75, 9999.0, 9999.0, 9999.0, 23.82, 9999.0, 22.59, 9999.0, 22.73, 22.48, 22.25, 22.25, 22.25
2026-08-23, 03:52:29, 22.25, 22.5, 22.75, 22.75, 9999.0, 9999.0, 9999.0, 23.84, 9999.0, 22.61, 9999.0, 22.75, 22.48, 22.25, 22.25, 22.25
2026-08-23, 03:52:33, 22.25, 22.5, 22.75, 22.75, 9999.0, 9999.0, 9999.0, 23.86, 9999.0, 22.64, 9999.0, 22.75, 22.48, 22.25, 22.25, 22.25
2026-08-23, 03:52:37, 22.25, 22.5, 22.75, 22.75, 9999.0, 9999.0, 9999.0, 23.91, 9999.0, 22.66, 9999.0, 22.75, 22.5, 22.25, 22.25, 22.25
2026-08-23, 03:52:41, 22.25, 22.5, 22.75, 22.75, 9999.0, 9999.0, 9999.0, 23.93, 9999.0, 22.66, 9999.0, 22.73, 22.5, 22.25, 22.25, 22.25
2026-08-23, 03:52:45, 22.25, 22.5, 22.75, 22.75, 9999.0, 9999.0, 9999.0, 23.93, 9999.0, 22.66, 9999.0, 22.7, 22.5, 22.25, 22.25, 22.25
2026-08-23, 03:52:49, 22.25, 22.5, 22.75, 22.75, 9999.0, 9999.0, 9999.0, 23.95, 9999.0, 22.66, 9999.0, 22.68, 22.5, 22.25, 22.25, 22.25
2026-08-23, 03:52:53, 22.25, 22.5, 22.75, 22.75, 9999.0, 9999.0, 9999.0, 23.98, 9999.0, 22.64, 9999.0, 22.66, 22.5, 22.25, 22.25, 22.25
2026-08-23, 03:52:57, 22.25, 22.5, 22.75, 22.75, 9999.0, 9999.0, 9999.0, 24.0, 9999.0, 22.64, 9999.0, 22.64, 22.5, 22.25, 22.25, 22.25
2026-08-23, 03:53:01, 22.25, 22.5, 22.75, 22.75, 9999.0, 9999.0, 9999.0, 24.02, 9999.0, 22.61, 9999.0, 22.61, 22.5, 22.25, 22.25, 22.25
2026-08-23, 03:53:05, 22.25, 22.5, 22.75, 22.75, 9999.0, 9999.0, 9999.0, 24.07, 9999.0, 22.59, 9999.0, 22.59, 22.5, 22.25, 22.25, 22.25
2026-08-23, 03:53:09, 22.25, 22.5, 22.75, 22.75, 9999.0, 9999.0, 9999.0, 24.09, 9999.0, 22.57, 9999.0, 22.59, 22.5, 22.25, 22.25, 22.25
2026-08-23, 03:53:13, 22.25, 22.5, 22.75, 22.75, 9999.0, 9999.0, 9999.0, 24.07, 9999.0, 22.52, 9999.0, 22.59, 22.5, 22.25, 22.25, 22.25
2026-08-23, 03:53:17, 22.25, 22.5, 22.75, 22.75, 9999.0, 9999.0, 9999.0, 24.02, 9999.0, 22.48, 9999.0, 22.59, 22.5, 22.25, 22.25, 22.25
2026-08-23, 03:53:21, 22.25, 22.5, 22.75, 22.75, 9999.0, 9999.0, 9999.0, 23.98, 9999.0, 22.43, 9999.0, 22.59, 22.5, 22.25, 22.25, 22.25
2026-08-23, 03:53:25, 22.25, 22.5, 22.75, 22.75, 9999.0, 9999.0, 9999.0, 23.93, 9999.0, 22.41, 9999.0, 22.61, 22.5, 22.25, 22.25, 22.25
2026-08-23, 03:53:29, 22.25, 22.5, 22.75, 22.75, 9999.0, 9999.0, 9999.0, 23.91, 9999.0, 22.41, 9999.0, 22.64, 22.5, 22.25, 22.25, 22.25
2026-08-23, 03:53:33, 22.25, 22.5, 22.75, 22.75, 9999.0, 9999.0, 9999.0, 23.89, 9999.0, 22.41, 9999.0, 22.66, 22.5, 22.25, 22.25, 22.25
2026-08-23, 03:53:37, 22.25, 22.5, 22.75, 22.75, 9999.0, 9999.0, 9999.0, 23.86, 9999.0, 22.43, 9999.0, 22.68, 22.5, 22.25, 22.25, 22.25
2026-08-23, 03:53:41, 22.25, 22.5, 22.75, 22.75, 9999.0, 9999.0, 9999.0, 23.82, 9999.0, 22.45, 9999.0, 22.7, 22.5, 22.25, 22.25, 22.25
2026-08-23, 03:53:45, 22.25, 22.5, 22.75, 22.75, 9999.0, 9999.0, 9999.0, 23.77, 9999.0, 22.48, 9999.0, 22.73, 22.5, 22.25, 22.25, 22.25
2026-08-23, 03:53:49, 22.25, 22.5, 22.75, 22.75, 9999.0, 9999.0, 9999.0, 23.8, 9999.0, 22.5, 9999.0, 22.75, 22.5, 22.25, 22.25, 22.25
2026-08-23, 03:53:53, 22.25, 22.5, 22.75, 22.75, 9999.0, 9999.0, 9999.0, 23.82, 9999.0, 22.5, 9999.0, 22.75, 22.5, 22.25, 22.25, 22.25
2026-08-23, 03:53:57, 22.25, 22.5, 22.75, 22.75, 9999.0, 9999.0, 9999.0, 23.84, 9999.0, 22.55, 9999.0, 22.75, 22.5, 22.25, 22.25, 22.25
2026-08-23, 03:54:01, 22.27, 22.5, 22.75, 22.75, 9999.0, 9999.0, 9999.0, 23.86, 9999.0, 22.57, 9999.0, 22.75, 22.5, 22.25, 22.25, 22.25
2026-08-23, 03:54:05, 22.27, 22.5, 22.75, 22.75, 9999.0, 9999.0, 9999.0, 23.89, 9999.0, 22.59, 9999.0, 22.73, 22.5, 22.25, 22.25, 22.25
2026-08-23, 03:54:09, 22.27, 22.5, 22.75, 22.75, 9999.0, 9999.0, 9999.0, 23.91, 9999.0, 22.61, 9999.0, 22.7, 22.5, 22.25, 22.25, 22.25
2026-08-23, 03:54:13, 22.27, 22.5, 22.75, 22.75, 9999.0, 9999.0, 9999.0, 23.93, 9999.0, 22.61, 9999.0, 22.68, 22.5, 22.25, 22.25, 22.25
2026-08-23, 03:54:17, 22.3, 22.5, 22.75, 22.75, 9999.0, 9999.0, 9999.0, 23.95, 9999.0, 22.61, 9999.0, 22.66, 22.5, 22.25, 22.25, 22.25
2026-08-23, 03:54:21, 22.3, 22.48, 22.75, 22.75, 9999.0, 9999.0, 9999.0, 23.98, 9999.0, 22.59, 9999.0, 22.64, 22.5, 22.25, 22.25, 22.25
2026-08-23, 03:54:25, 22.3, 22.48, 22.75, 22.75, 9999.0, 9999.0, 9999.0, 24.0, 9999.0, 22.57, 9999.0, 22.61, 22.5, 22.25, 22.25, 22.25
2026-08-23, 03:54:29, 22.3, 22.48, 22.75, 22.75, 9999.0, 9999.0, 9999.0, 24.02, 9999.0, 22.52, 9999.0, 22.61, 22.48, 22.25, 22.25, 22.25
2026-08-23, 03:54:33, 22.3, 22.48, 22.75, 22.75, 9999.0, 9999.0, 9999.0, 24.0, 9999.0, 22.48, 9999.0, 22.61, 22.45, 22.25, 22.25, 22.25
2026-08-23, 03:54:37, 22.3, 22.48, 22.75, 22.75, 9999.0, 9999.0, 9999.0, 23.95, 9999.0, 22.45, 9999.0, 22.61, 22.45, 22.25, 22.25, 22.25
2026-08-23, 03:54:41, 22.3, 22.48, 22.75, 22.75, 9999.0, 9999.0, 9999.0, 23.91, 9999.0, 22.41, 9999.0, 22.61, 22.45, 22.25, 22.25, 22.25
2026-08-23, 03:54:45, 22.27, 22.48, 22.75, 22.75, 9999.0, 9999.0, 9999.0, 23.89, 9999.0, 22.39, 9999.0, 22.61, 22.45, 22.25, 22.25, 22.25
2026-08-23, 03:54:49, 22.27, 22.48, 22.75, 22.75, 9999.0, 9999.0, 9999.0, 23.86, 9999.0, 22.39, 9999.0, 22.64, 22.45, 22.25, 22.25, 22.25
2026-08-23, 03:54:53, 22.27, 22.48, 22.75, 22.75, 9999.0, 9999.0, 9999.0, 23.84, 9999.0, 22.39, 9999.0, 22.66, 22.45, 22.25, 22.25, 22.25
2026-08-23, 03:54:57, 22.27, 22.48, 22.75, 22.75, 9999.0, 9999.0, 9999.0, 23.8, 9999.0, 22.39, 9999.0, 22.68, 22.45, 22.25, 22.25, 22.25
2026-08-23, 03:55:01, 22.25, 22.48, 22.75, 22.75, 9999.0, 9999.0, 9999.0, 23.75, 9999.0, 22.41, 9999.0, 22.7, 22.45, 22.25, 22.25, 22.25
2026-08-23, 03:55:06, 22.25, 22.5, 22.75, 22.75, 9999.0, 9999.0, 9999.0, 23.7, 9999.0, 22.43, 9999.0, 22.73, 22.45, 22.25, 22.25, 22.25
2026-08-23, 03:55:10, 22.25, 22.48, 22.75, 22.75, 9999.0, 9999.0, 9999.0, 23.75, 9999.0, 22.43, 9999.0, 22.75, 22.45, 22.25, 22.25, 22.25
2026-08-23, 03:55:14, 22.25, 22.48, 22.75, 22.75, 9999.0, 9999.0, 9999.0, 23.8, 9999.0, 22.45, 9999.0, 22.75, 22.48, 22.25, 22.25, 22.25
2026-08-23, 03:55:18, 22.25, 22.48, 22.75, 22.75, 9999.0, 9999.0, 9999.0, 23.82, 9999.0, 22.48, 9999.0, 22.75, 22.5, 22.25, 22.25, 22.25
2026-08-23, 03:55:22, 22.25, 22.48, 22.75, 22.75, 9999.0, 9999.0, 9999.0, 23.86, 9999.0, 22.5, 9999.0, 22.75, 22.5, 22.25, 22.25, 22.25
2026-08-23, 03:55:26, 22.25, 22.48, 22.75, 22.75, 9999.0, 9999.0, 9999.0, 23.89, 9999.0, 22.52, 9999.0, 22.73, 22.5, 22.25, 22.25, 22.25
2026-08-23, 03:55:30, 22.25, 22.45, 22.75, 22.75, 9999.0, 9999.0, 9999.0, 23.91, 9999.0, 22.55, 9999.0, 22.73, 22.5, 22.25, 22.25, 22.25
2026-08-23, 03:55:34, 22.25, 22.45, 22.75, 22.75, 9999.0, 9999.0, 9999.0, 23.93, 9999.0, 22.55, 9999.0, 22.7, 22.5, 22.25, 22.25, 22.25
2026-08-23, 03:55:38, 22.25, 22.45, 22.75, 22.75, 9999.0, 9999.0, 9999.0, 23.95, 9999.0, 22.55, 9999.0, 22.68, 22.5, 22.25, 22.25, 22.25
2026-08-23, 03:55:42, 22.25, 22.45, 22.75, 22.75, 9999.0, 9999.0, 9999.0, 24.0, 9999.0, 22.55, 9999.0, 22.66, 22.5, 22.25, 22.25, 22.25
2026-08-23, 03:55:46, 22.25, 22.45, 22.75, 22.75, 9999.0, 9999.0, 9999.0, 24.05, 9999.0, 22.52, 9999.0, 22.66, 22.5, 22.25, 22.25, 22.25
2026-08-23, 03:55:50, 22.25, 22.45, 22.75, 22.75, 9999.0, 9999.0, 9999.0, 24.09, 9999.0, 22.48, 9999.0, 22.66, 22.5, 22.25, 22.25, 22.25
2026-08-23, 03:55:54, 22.25, 22.48, 22.75, 22.75, 9999.0, 9999.0, 9999.0, 24.05, 9999.0, 22.45, 9999.0, 22.66, 22.5, 22.25, 22.25, 22.25
2026-08-23, 03:55:58, 22.25, 22.48, 22.75, 22.75, 9999.0, 9999.0, 9999.0, 24.0, 9999.0, 22.43, 9999.0, 22.66, 22.5, 22.25, 22.25, 22.25
2026-08-23, 03:56:02, 22.27, 22.48, 22.75, 22.75, 9999.0, 9999.0, 9999.0, 23.95, 9999.0, 22.41, 9999.0, 22.66, 22.5, 22.25, 22.25, 22.25
2026-08-23, 03:56:06, 22.27, 22.48, 22.75, 22.75, 9999.0, 9999.0, 9999.0, 23.91, 9999.0, 22.39, 9999.0, 22.66, 22.5, 22.25, 22.25, 22.25
2026-08-23, 03:56:10, 22.27, 22.48, 22.75, 22.75, 9999.0, 9999.0, 9999.0, 23.89, 9999.0, 22.39, 9999.0, 22.68, 22.5, 22.25, 22.25, 22.25
2026-08-23, 03:56:14, 22.27, 22.5, 22.75, 22.75, 9999.0, 9999.0, 9999.0, 23.86, 9999.0, 22.39, 9999.0, 22.68, 22.5, 22.25, 22.25, 22.25
2026-08-23, 03:56:18, 22.27, 22.5, 22.75, 22.75, 9999.0, 9999.0, 9999.0, 23.82, 9999.0, 22.39, 9999.0, 22.7, 22.5, 22.25, 22.25, 22.25
2026-08-23, 03:56:22, 22.27, 22.5, 22.75, 22.75, 9999.0, 9999.0, 9999.0, 23.77, 9999.0, 22.39, 9999.0, 22.73, 22.5, 22.25, 22.25, 22.25
2026-08-23, 03:56:26, 22.27, 22.5, 22.75, 22.75, 9999.0, 9999.0, 9999.0, 23.73, 9999.0, 22.39, 9999.0, 22.75, 22.5, 22.25, 22.25, 22.25
2026-08-23, 03:56:30, 22.27, 22.5, 22.75, 22.75, 9999.0, 9999.0, 9999.0, 23.75, 9999.0, 22.39, 9999.0, 22.75, 22.5, 22.25, 22.25, 22.25
2026-08-23, 03:56:34, 22.27, 22.5, 22.75, 22.75, 9999.0, 9999.0, 9999.0, 23.77, 9999.0, 22.41, 9999.0, 22.75, 22.5, 22.25, 22.25, 22.25
2026-08-23, 03:56:38, 22.27, 22.5, 22.75, 22.75, 9999.0, 9999.0, 9999.0, 23.8, 9999.0, 22.43, 9999.0, 22.75, 22.5, 22.25, 22.25, 22.25
2026-08-23, 03:56:42, 22.27, 22.5, 22.75, 22.75, 9999.0, 9999.0, 9999.0, 23.82, 9999.0, 22.43, 9999.0, 22.75, 22.5, 22.25, 22.25, 22.25
2026-08-23, 03:56:46, 22.25, 22.5, 22.75, 22.75, 9999.0, 9999.0, 9999.0, 23.84, 9999.0, 22.43, 9999.0, 22.73, 22.5, 22.25, 22.25, 22.25
2026-08-23, 03:56:50, 22.25, 22.5, 22.75, 22.75, 9999.0, 9999.0, 9999.0, 23.86, 9999.0, 22.43, 9999.0, 22.7, 22.5, 22.25, 22.25, 22.25
2026-08-23, 03:56:54, 22.25, 22.5, 22.75, 22.75, 9999.0, 9999.0, 9999.0, 23.89, 9999.0, 22.41, 9999.0, 22.68, 22.5, 22.25, 22.25, 22.25
2026-08-23, 03:56:58, 22.25, 22.5, 22.75, 22.75, 9999.0, 9999.0, 9999.0, 23.91, 9999.0, 22.39, 9999.0, 22.66, 22.5, 22.25, 22.25, 22.25
2026-08-23, 03:57:02, 22.25, 22.5, 22.75, 22.75, 9999.0, 9999.0, 9999.0, 23.95, 9999.0, 22.36, 9999.0, 22.64, 22.5, 22.25, 22.25, 22.25
2026-08-23, 03:57:06, 22.25, 22.5, 22.75, 22.75, 9999.0, 9999.0, 9999.0, 24.0, 9999.0, 22.34, 9999.0, 22.64, 22.5, 22.25, 22.25, 22.25
2026-08-23, 03:57:10, 22.25, 22.5, 22.75, 22.75, 9999.0, 9999.0, 9999.0, 24.02, 9999.0, 22.32, 9999.0, 22.64, 22.5, 22.25, 22.25, 22.25
2026-08-23, 03:57:14, 22.25, 22.5, 22.75, 22.75, 9999.0, 9999.0, 9999.0, 23.98, 9999.0, 22.3, 9999.0, 22.64, 22.5, 22.25, 22.25, 22.25
2026-08-23, 03:57:18, 22.25, 22.5, 22.75, 22.75, 9999.0, 9999.0, 9999.0, 23.93, 9999.0, 22.27, 9999.0, 22.64, 22.5, 22.25, 22.25, 22.25
2026-08-23, 03:57:22, 22.25, 22.5, 22.75, 22.75, 9999.0, 9999.0, 9999.0, 23.91, 9999.0, 22.25, 9999.0, 22.64, 22.5, 22.25, 22.25, 22.27
2026-08-23, 03:57:26, 22.25, 22.5, 22.75, 22.75, 9999.0, 9999.0, 9999.0, 23.86, 9999.0, 22.27, 9999.0, 22.64, 22.5, 22.25, 22.25, 22.27
2026-08-23, 03:57:30, 22.25, 22.5, 22.75, 22.75, 9999.0, 9999.0, 9999.0, 23.82, 9999.0, 22.3, 9999.0, 22.66, 22.5, 22.25, 22.25, 22.27
2026-08-23, 03:57:34, 22.25, 22.5, 22.75, 22.75, 9999.0, 9999.0, 9999.0, 23.77, 9999.0, 22.32, 9999.0, 22.68, 22.5, 22.25, 22.25, 22.27
2026-08-23, 03:57:38, 22.25, 22.5, 22.75, 22.75, 9999.0, 9999.0, 9999.0, 23.73, 9999.0, 22.34, 9999.0, 22.7, 22.5, 22.25, 22.25, 22.27
2026-08-23, 03:57:42, 22.25, 22.5, 22.75, 22.75, 9999.0, 9999.0, 9999.0, 23.68, 9999.0, 22.36, 9999.0, 22.73, 22.5, 22.25, 22.25, 22.27
2026-08-23, 03:57:46, 22.25, 22.5, 22.75, 22.75, 9999.0, 9999.0, 9999.0, 23.64, 9999.0, 22.39, 9999.0, 22.75, 22.5, 22.25, 22.25, 22.27
2026-08-23, 03:57:50, 22.25, 22.5, 22.75, 22.75, 9999.0, 9999.0, 9999.0, 23.66, 9999.0, 22.41, 9999.0, 22.75, 22.5, 22.25, 22.25, 22.27
2026-08-23, 03:57:54, 22.25, 22.5, 22.75, 22.75, 9999.0, 9999.0, 9999.0, 23.7, 9999.0, 22.43, 9999.0, 22.75, 22.5, 22.25, 22.25, 22.27
2026-08-23, 03:57:58, 22.25, 22.48, 22.75, 22.75, 9999.0, 9999.0, 9999.0, 23.73, 9999.0, 22.43, 9999.0, 22.73, 22.5, 22.25, 22.25, 22.27
2026-08-23, 03:58:02, 22.25, 22.48, 22.75, 22.75, 9999.0, 9999.0, 9999.0, 23.75, 9999.0, 22.43, 9999.0, 22.7, 22.5, 22.25, 22.25, 22.27
2026-08-23, 03:58:06, 22.25, 22.48, 22.75, 22.75, 9999.0, 9999.0, 9999.0, 23.77, 9999.0, 22.43, 9999.0, 22.7, 22.5, 22.25, 22.25, 22.25
2026-08-23, 03:58:10, 22.25, 22.48, 22.75, 22.75, 9999.0, 9999.0, 9999.0, 23.82, 9999.0, 22.41, 9999.0, 22.68, 22.5, 22.25, 22.25, 22.25
2026-08-23, 03:58:14, 22.25, 22.48, 22.75, 22.75, 9999.0, 9999.0, 9999.0, 23.86, 9999.0, 22.39, 9999.0, 22.66, 22.5, 22.25, 22.25, 22.25
2026-08-23, 03:58:18, 22.25, 22.48, 22.75, 22.75, 9999.0, 9999.0, 9999.0, 23.91, 9999.0, 22.36, 9999.0, 22.64, 22.5, 22.23, 22.25, 22.25
2026-08-23, 03:58:22, 22.25, 22.48, 22.75, 22.75, 9999.0, 9999.0, 9999.0, 23.95, 9999.0, 22.34, 9999.0, 22.61, 22.5, 22.23, 22.25, 22.25
2026-08-23, 03:58:26, 22.25, 22.48, 22.75, 22.75, 9999.0, 9999.0, 9999.0, 23.98, 9999.0, 22.32, 9999.0, 22.61, 22.5, 22.23, 22.25, 22.25
2026-08-23, 03:58:30, 22.25, 22.48, 22.75, 22.75, 9999.0, 9999.0, 9999.0, 24.0, 9999.0, 22.3, 9999.0, 22.61, 22.5, 22.23, 22.25, 22.25
2026-08-23, 03:58:34, 22.25, 22.48, 22.75, 22.75, 9999.0, 9999.0, 9999.0, 23.95, 9999.0, 22.27, 9999.0, 22.61, 22.5, 22.23, 22.25, 22.25
2026-08-23, 03:58:38, 22.25, 22.48, 22.75, 22.75, 9999.0, 9999.0, 9999.0, 23.91, 9999.0, 22.25, 9999.0, 22.61, 22.5, 22.23, 22.25, 22.25
2026-08-23, 03:58:42, 22.25, 22.48, 22.75, 22.75, 9999.0, 9999.0, 9999.0, 23.89, 9999.0, 22.25, 9999.0, 22.64, 22.5, 22.23, 22.25, 22.25
2026-08-23, 03:58:46, 22.27, 22.48, 22.75, 22.75, 9999.0, 9999.0, 9999.0, 23.84, 9999.0, 22.27, 9999.0, 22.66, 22.5, 22.23, 22.25, 22.25
2026-08-23, 03:58:50, 22.27, 22.48, 22.75, 22.75, 9999.0, 9999.0, 9999.0, 23.8, 9999.0, 22.3, 9999.0, 22.66, 22.5, 22.23, 22.25, 22.25
2026-08-23, 03:58:55, 22.27, 22.48, 22.75, 22.75, 9999.0, 9999.0, 9999.0, 23.75, 9999.0, 22.3, 9999.0, 22.68, 22.5, 22.23, 22.25, 22.25
2026-08-23, 03:58:59, 22.27, 22.48, 22.75, 22.75, 9999.0, 9999.0, 9999.0, 23.7, 9999.0, 22.32, 9999.0, 22.7, 22.5, 22.23, 22.25, 22.25
2026-08-23, 03:59:03, 22.27, 22.48, 22.75, 22.75, 9999.0, 9999.0, 9999.0, 23.66, 9999.0, 22.34, 9999.0, 22.73, 22.5, 22.25, 22.25, 22.25
2026-08-23, 03:59:07, 22.27, 22.48, 22.75, 22.75, 9999.0, 9999.0, 9999.0, 23.61, 9999.0, 22.36, 9999.0, 22.75, 22.5, 22.25, 22.25, 22.25
2026-08-23, 03:59:11, 22.3, 22.45, 22.75, 22.75, 9999.0, 9999.0, 9999.0, 23.66, 9999.0, 22.36, 9999.0, 22.75, 22.5, 22.25, 22.25, 22.25
2026-08-23, 03:59:15, 22.3, 22.45, 22.75, 22.75, 9999.0, 9999.0, 9999.0, 23.7, 9999.0, 22.39, 9999.0, 22.75, 22.5, 22.25, 22.25, 22.25
2026-08-23, 03:59:19, 22.3, 22.45, 22.75, 22.75, 9999.0, 9999.0, 9999.0, 23.75, 9999.0, 22.41, 9999.0, 22.75, 22.5, 22.25, 22.25, 22.25
2026-08-23, 03:59:23, 22.3, 22.45, 22.75, 22.75, 9999.0, 9999.0, 9999.0, 23.77, 9999.0, 22.41, 9999.0, 22.75, 22.5, 22.25, 22.25, 22.25
2026-08-23, 03:59:27, 22.32, 22.48, 22.75, 22.75, 9999.0, 9999.0, 9999.0, 23.8, 9999.0, 22.41, 9999.0, 22.73, 22.5, 22.25, 22.25, 22.25
2026-08-23, 03:59:31, 22.3, 22.48, 22.75, 22.75, 9999.0, 9999.0, 9999.0, 23.82, 9999.0, 22.39, 9999.0, 22.7, 22.5, 22.25, 22.25, 22.25
2026-08-23, 03:59:35, 22.3, 22.48, 22.75, 22.75, 9999.0, 9999.0, 9999.0, 23.84, 9999.0, 22.36, 9999.0, 22.68, 22.5, 22.25, 22.25, 22.25
2026-08-23, 03:59:39, 22.3, 22.48, 22.75, 22.75, 9999.0, 9999.0, 9999.0, 23.86, 9999.0, 22.36, 9999.0, 22.66, 22.5, 22.25, 22.25, 22.25
2026-08-23, 03:59:43, 22.3, 22.48, 22.75, 22.75, 9999.0, 9999.0, 9999.0, 23.89, 9999.0, 22.34, 9999.0, 22.64, 22.5, 22.25, 22.25, 22.25
2026-08-23, 03:59:47, 22.3, 22.48, 22.75, 22.75, 9999.0, 9999.0, 9999.0, 23.91, 9999.0, 22.32, 9999.0, 22.64, 22.5, 22.25, 22.25, 22.25
2026-08-23, 03:59:51, 22.3, 22.48, 22.75, 22.75, 9999.0, 9999.0, 9999.0, 23.93, 9999.0, 22.27, 9999.0, 22.64, 22.5, 22.25, 22.25, 22.25
2026-08-23, 03:59:55, 22.27, 22.5, 22.75, 22.75, 9999.0, 9999.0, 9999.0, 23.86, 9999.0, 22.27, 9999.0, 22.64, 22.5, 22.25, 22.25, 22.25
2026-08-23, 03:59:59, 22.27, 22.5, 22.75, 22.75, 9999.0, 9999.0, 9999.0, 23.8, 9999.0, 22.25, 9999.0, 22.66, 22.5, 22.25, 22.25, 22.25
2026-08-23, 04:00:03, 22.27, 22.5, 22.75, 22.75, 9999.0, 9999.0, 9999.0, 23.73, 9999.0, 22.23, 9999.0, 22.66, 22.5, 22.25, 22.27, 22.25
2026-08-23, 04:00:07, 22.3, 22.5, 22.75, 22.75, 9999.0, 9999.0, 9999.0, 23.68, 9999.0, 22.25, 9999.0, 22.66, 22.5, 22.25, 22.27, 22.25
2026-08-23, 04:00:11, 22.27, 22.5, 22.75, 22.75, 9999.0, 9999.0, 9999.0, 23.64, 9999.0, 22.25, 9999.0, 22.68, 22.5, 22.25, 22.27, 22.25
2026-08-23, 04:00:15, 22.27, 22.5, 22.75, 22.75, 9999.0, 9999.0, 9999.0, 23.61, 9999.0, 22.25, 9999.0, 22.7, 22.5, 22.25, 22.27, 22.25
2026-08-23, 04:00:19, 22.27, 22.5, 22.75, 22.75, 9999.0, 9999.0, 9999.0, 23.59, 9999.0, 22.27, 9999.0, 22.73, 22.5, 22.25, 22.27, 22.25
2026-08-23, 04:00:23, 22.27, 22.5, 22.75, 22.75, 9999.0, 9999.0, 9999.0, 23.57, 9999.0, 22.3, 9999.0, 22.75, 22.5, 22.25, 22.27, 22.25
2026-08-23, 04:00:27, 22.27, 22.5, 22.75, 22.75, 9999.0, 9999.0, 9999.0, 23.55, 9999.0, 22.32, 9999.0, 22.77, 22.5, 22.25, 22.27, 22.25
2026-08-23, 04:00:31, 22.3, 22.5, 22.75, 22.75, 9999.0, 9999.0, 9999.0, 23.57, 9999.0, 22.32, 9999.0, 22.77, 22.5, 22.25, 22.27, 22.25
2026-08-23, 04:00:35, 22.32, 22.5, 22.75, 22.75, 9999.0, 9999.0, 9999.0, 23.59, 9999.0, 22.34, 9999.0, 22.77, 22.5, 22.25, 22.27, 22.25
2026-08-23, 04:00:39, 22.32, 22.5, 22.75, 22.75, 9999.0, 9999.0, 9999.0, 23.64, 9999.0, 22.34, 9999.0, 22.77, 22.5, 22.25, 22.27, 22.25
2026-08-23, 04:00:43, 22.32, 22.5, 22.75, 22.75, 9999.0, 9999.0, 9999.0, 23.68, 9999.0, 22.34, 9999.0, 22.75, 22.5, 22.25, 22.27, 22.25
2026-08-23, 04:00:47, 22.32, 22.5, 22.75, 22.75, 9999.0, 9999.0, 9999.0, 23.7, 9999.0, 22.34, 9999.0, 22.75, 22.5, 22.25, 22.25, 22.25
2026-08-23, 04:00:51, 22.3, 22.5, 22.75, 22.75, 9999.0, 9999.0, 9999.0, 23.73, 9999.0, 22.32, 9999.0, 22.73, 22.5, 22.25, 22.25, 22.25
2026-08-23, 04:00:55, 22.3, 22.5, 22.75, 22.75, 9999.0, 9999.0, 9999.0, 23.75, 9999.0, 22.32, 9999.0, 22.7, 22.5, 22.25, 22.25, 22.25
2026-08-23, 04:00:59, 22.32, 22.5, 22.75, 22.75, 9999.0, 9999.0, 9999.0, 23.77, 9999.0, 22.32, 9999.0, 22.68, 22.5, 22.25, 22.25, 22.25
2026-08-23, 04:01:03, 22.32, 22.5, 22.75, 22.75, 9999.0, 9999.0, 9999.0, 23.8, 9999.0, 22.27, 9999.0, 22.66, 22.5, 22.25, 22.25, 22.25
2026-08-23, 04:01:07, 22.32, 22.5, 22.75, 22.75, 9999.0, 9999.0, 9999.0, 23.8, 9999.0, 22.23, 9999.0, 22.66, 22.5, 22.25, 22.25, 22.25
2026-08-23, 04:01:11, 22.32, 22.5, 22.75, 22.75, 9999.0, 9999.0, 9999.0, 23.8, 9999.0, 22.18, 9999.0, 22.66, 22.5, 22.25, 22.25, 22.25
2026-08-23, 04:01:15, 22.3, 22.48, 22.75, 22.75, 9999.0, 9999.0, 9999.0, 23.75, 9999.0, 22.16, 9999.0, 22.66, 22.5, 22.25, 22.25, 22.25
2026-08-23, 04:01:19, 22.27, 22.45, 22.75, 22.75, 9999.0, 9999.0, 9999.0, 23.7, 9999.0, 22.14, 9999.0, 22.68, 22.5, 22.25, 22.25, 22.25
2026-08-23, 04:01:23, 22.27, 22.45, 22.75, 22.75, 9999.0, 9999.0, 9999.0, 23.66, 9999.0, 22.11, 9999.0, 22.68, 22.5, 22.25, 22.27, 22.25
2026-08-23, 04:01:27, 22.27, 22.43, 22.75, 22.75, 9999.0, 9999.0, 9999.0, 23.61, 9999.0, 22.11, 9999.0, 22.68, 22.5, 22.25, 22.27, 22.25
2026-08-23, 04:01:31, 22.27, 22.43, 22.75, 22.75, 9999.0, 9999.0, 9999.0, 23.59, 9999.0, 22.11, 9999.0, 22.68, 22.5, 22.25, 22.27, 22.25
2026-08-23, 04:01:35, 22.27, 22.43, 22.75, 22.75, 9999.0, 9999.0, 9999.0, 23.57, 9999.0, 22.11, 9999.0, 22.7, 22.5, 22.25, 22.27, 22.25
2026-08-23, 04:01:39, 22.27, 22.43, 22.75, 22.77, 9999.0, 9999.0, 9999.0, 23.55, 9999.0, 22.14, 9999.0, 22.73, 22.5, 22.25, 22.27, 22.25
2026-08-23, 04:01:43, 22.27, 22.43, 22.75, 22.77, 9999.0, 9999.0, 9999.0, 23.52, 9999.0, 22.16, 9999.0, 22.75, 22.5, 22.25, 22.27, 22.25
2026-08-23, 04:01:47, 22.27, 22.43, 22.75, 22.77, 9999.0, 9999.0, 9999.0, 23.48, 9999.0, 22.2, 9999.0, 22.77, 22.5, 22.25, 22.3, 22.25
2026-08-23, 04:01:51, 22.27, 22.43, 22.75, 22.8, 9999.0, 9999.0, 9999.0, 23.55, 9999.0, 22.25, 9999.0, 22.77, 22.5, 22.25, 22.3, 22.25
2026-08-23, 04:01:55, 22.27, 22.43, 22.75, 22.8, 9999.0, 9999.0, 9999.0, 23.59, 9999.0, 22.27, 9999.0, 22.77, 22.5, 22.25, 22.3, 22.27
2026-08-23, 04:01:59, 22.27, 22.45, 22.75, 22.8, 9999.0, 9999.0, 9999.0, 23.64, 9999.0, 22.3, 9999.0, 22.77, 22.5, 22.25, 22.3, 22.27
2026-08-23, 04:02:03, 22.27, 22.48, 22.77, 22.8, 9999.0, 9999.0, 9999.0, 23.68, 9999.0, 22.32, 9999.0, 22.75, 22.5, 22.25, 22.3, 22.3
2026-08-23, 04:02:07, 22.27, 22.48, 22.77, 22.8, 9999.0, 9999.0, 9999.0, 23.73, 9999.0, 22.34, 9999.0, 22.75, 22.5, 22.25, 22.27, 22.3
2026-08-23, 04:02:11, 22.27, 22.5, 22.77, 22.8, 9999.0, 9999.0, 9999.0, 23.75, 9999.0, 22.34, 9999.0, 22.75, 22.5, 22.25, 22.27, 22.3
2026-08-23, 04:02:15, 22.27, 22.5, 22.77, 22.8, 9999.0, 9999.0, 9999.0, 23.77, 9999.0, 22.34, 9999.0, 22.73, 22.5, 22.25, 22.27, 22.3
2026-08-23, 04:02:19, 22.27, 22.5, 22.77, 22.8, 9999.0, 9999.0, 9999.0, 23.8, 9999.0, 22.34, 9999.0, 22.73, 22.5, 22.25, 22.27, 22.3
2026-08-23, 04:02:23, 22.27, 22.5, 22.77, 22.8, 9999.0, 9999.0, 9999.0, 23.82, 9999.0, 22.3, 9999.0, 22.7, 22.5, 22.25, 22.27, 22.3
2026-08-23, 04:02:27, 22.25, 22.5, 22.77, 22.8, 9999.0, 9999.0, 9999.0, 23.84, 9999.0, 22.27, 9999.0, 22.7, 22.5, 22.25, 22.27, 22.3
2026-08-23, 04:02:31, 22.25, 22.5, 22.77, 22.8, 9999.0, 9999.0, 9999.0, 23.89, 9999.0, 22.23, 9999.0, 22.7, 22.5, 22.25, 22.25, 22.3
2026-08-23, 04:02:35, 22.25, 22.5, 22.77, 22.77, 9999.0, 9999.0, 9999.0, 23.82, 9999.0, 22.2, 9999.0, 22.7, 22.5, 22.25, 22.25, 22.3
2026-08-23, 04:02:39, 22.25, 22.5, 22.77, 22.77, 9999.0, 9999.0, 9999.0, 23.77, 9999.0, 22.2, 9999.0, 22.73, 22.5, 22.25, 22.25, 22.27
2026-08-23, 04:02:43, 22.25, 22.5, 22.77, 22.77, 9999.0, 9999.0, 9999.0, 23.73, 9999.0, 22.18, 9999.0, 22.75, 22.5, 22.25, 22.25, 22.27
2026-08-23, 04:02:48, 22.25, 22.5, 22.75, 22.77, 9999.0, 9999.0, 9999.0, 23.68, 9999.0, 22.18, 9999.0, 22.77, 22.5, 22.25, 22.25, 22.27
2026-08-23, 04:02:52, 22.25, 22.5, 22.75, 22.77, 9999.0, 9999.0, 9999.0, 23.64, 9999.0, 22.18, 9999.0, 22.77, 22.5, 22.25, 22.25, 22.27
2026-08-23, 04:02:56, 22.25, 22.5, 22.75, 22.77, 9999.0, 9999.0, 9999.0, 23.61, 9999.0, 22.18, 9999.0, 22.77, 22.5, 22.25, 22.25, 22.27
2026-08-23, 04:03:00, 22.25, 22.5, 22.75, 22.77, 9999.0, 9999.0, 9999.0, 23.59, 9999.0, 22.2, 9999.0, 22.8, 22.5, 22.25, 22.25, 22.27
2026-08-23, 04:03:04, 22.25, 22.5, 22.75, 22.77, 9999.0, 9999.0, 9999.0, 23.57, 9999.0, 22.2, 9999.0, 22.8, 22.5, 22.25, 22.25, 22.27
2026-08-23, 04:03:08, 22.25, 22.5, 22.75, 22.75, 9999.0, 9999.0, 9999.0, 23.55, 9999.0, 22.25, 9999.0, 22.82, 22.5, 22.25, 22.25, 22.27
2026-08-23, 04:03:12, 22.25, 22.5, 22.75, 22.75, 9999.0, 9999.0, 9999.0, 23.59, 9999.0, 22.27, 9999.0, 22.82, 22.5, 22.25, 22.25, 22.27
2026-08-23, 04:03:16, 22.25, 22.5, 22.75, 22.75, 9999.0, 9999.0, 9999.0, 23.64, 9999.0, 22.3, 9999.0, 22.82, 22.5, 22.25, 22.25, 22.27
2026-08-23, 04:03:20, 22.25, 22.48, 22.75, 22.75, 9999.0, 9999.0, 9999.0, 23.7, 9999.0, 22.3, 9999.0, 22.82, 22.5, 22.25, 22.25, 22.27
2026-08-23, 04:03:24, 22.25, 22.48, 22.75, 22.75, 9999.0, 9999.0, 9999.0, 23.75, 9999.0, 22.3, 9999.0, 22.8, 22.5, 22.25, 22.25, 22.27
2026-08-23, 04:03:28, 22.27, 22.48, 22.75, 22.75, 9999.0, 9999.0, 9999.0, 23.8, 9999.0, 22.32, 9999.0, 22.75, 22.5, 22.25, 22.25, 22.27
2026-08-23, 04:03:32, 22.27, 22.48, 22.75, 22.75, 9999.0, 9999.0, 9999.0, 23.84, 9999.0, 22.32, 9999.0, 22.7, 22.5, 22.25, 22.25, 22.25
2026-08-23, 04:03:36, 22.27, 22.48, 22.75, 22.75, 9999.0, 9999.0, 9999.0, 23.86, 9999.0, 22.32, 9999.0, 22.7, 22.5, 22.25, 22.25, 22.25
2026-08-23, 04:03:40, 22.27, 22.48, 22.75, 22.75, 9999.0, 9999.0, 9999.0, 23.89, 9999.0, 22.32, 9999.0, 22.7, 22.5, 22.25, 22.25, 22.25
2026-08-23, 04:03:44, 22.27, 22.48, 22.75, 22.75, 9999.0, 9999.0, 9999.0, 23.91, 9999.0, 22.27, 9999.0, 22.68, 22.5, 22.25, 22.25, 22.25
2026-08-23, 04:03:48, 22.3, 22.48, 22.75, 22.75, 9999.0, 9999.0, 9999.0, 23.93, 9999.0, 22.25, 9999.0, 22.68, 22.5, 22.25, 22.25, 22.25
2026-08-23, 04:03:52, 22.3, 22.48, 22.75, 22.75, 9999.0, 9999.0, 9999.0, 23.95, 9999.0, 22.23, 9999.0, 22.68, 22.5, 22.25, 22.25, 22.25
2026-08-23, 04:03:56, 22.32, 22.48, 22.75, 22.75, 9999.0, 9999.0, 9999.0, 23.91, 9999.0, 22.18, 9999.0, 22.68, 22.5, 22.25, 22.25, 22.25
2026-08-23, 04:04:00, 22.34, 22.48, 22.75, 22.75, 9999.0, 9999.0, 9999.0, 23.84, 9999.0, 22.16, 9999.0, 22.68, 22.5, 22.25, 22.25, 22.25
2026-08-23, 04:04:04, 22.36, 22.5, 22.75, 22.75, 9999.0, 9999.0, 9999.0, 23.77, 9999.0, 22.14, 9999.0, 22.7, 22.5, 22.25, 22.25, 22.25
2026-08-23, 04:04:08, 22.39, 22.5, 22.75, 22.75, 9999.0, 9999.0, 9999.0, 23.73, 9999.0, 22.14, 9999.0, 22.7, 22.5, 22.25, 22.25, 22.25
2026-08-23, 04:04:12, 22.36, 22.5, 22.75, 22.75, 9999.0, 9999.0, 9999.0, 23.68, 9999.0, 22.14, 9999.0, 22.73, 22.5, 22.25, 22.25, 22.25
2026-08-23, 04:04:16, 22.36, 22.5, 22.75, 22.75, 9999.0, 9999.0, 9999.0, 23.61, 9999.0, 22.14, 9999.0, 22.75, 22.5, 22.25, 22.25, 22.25
2026-08-23, 04:04:20, 22.36, 22.5, 22.75, 22.75, 9999.0, 9999.0, 9999.0, 23.59, 9999.0, 22.16, 9999.0, 22.75, 22.5, 22.25, 22.25, 22.25
2026-08-23, 04:04:24, 22.36, 22.5, 22.75, 22.75, 9999.0, 9999.0, 9999.0, 23.57, 9999.0, 22.18, 9999.0, 22.75, 22.5, 22.25, 22.25, 22.25
2026-08-23, 04:04:28, 22.39, 22.5, 22.75, 22.75, 9999.0, 9999.0, 9999.0, 23.52, 9999.0, 22.23, 9999.0, 22.77, 22.5, 22.25, 22.25, 22.25
2026-08-23, 04:04:32, 22.36, 22.5, 22.75, 22.75, 9999.0, 9999.0, 9999.0, 23.55, 9999.0, 22.27, 9999.0, 22.77, 22.5, 22.25, 22.25, 22.25
2026-08-23, 04:04:36, 22.36, 22.5, 22.75, 22.75, 9999.0, 9999.0, 9999.0, 23.57, 9999.0, 22.3, 9999.0, 22.77, 22.5, 22.25, 22.25, 22.25
2026-08-23, 04:04:40, 22.34, 22.5, 22.75, 22.75, 9999.0, 9999.0, 9999.0, 23.59, 9999.0, 22.32, 9999.0, 22.77, 22.5, 22.25, 22.25, 22.25
2026-08-23, 04:04:44, 22.32, 22.5, 22.75, 22.75, 9999.0, 9999.0, 9999.0, 23.64, 9999.0, 22.34, 9999.0, 22.77, 22.5, 22.25, 22.25, 22.25
2026-08-23, 04:04:48, 22.3, 22.5, 22.75, 22.75, 9999.0, 9999.0, 9999.0, 23.66, 9999.0, 22.36, 9999.0, 22.75, 22.5, 22.25, 22.25, 22.25
2026-08-23, 04:04:52, 22.27, 22.5, 22.75, 22.75, 9999.0, 9999.0, 9999.0, 23.68, 9999.0, 22.36, 9999.0, 22.73, 22.5, 22.25, 22.25, 22.25
2026-08-23, 04:04:56, 22.27, 22.5, 22.75, 22.75, 9999.0, 9999.0, 9999.0, 23.7, 9999.0, 22.36, 9999.0, 22.7, 22.5, 22.25, 22.25, 22.25
2026-08-23, 04:05:00, 22.27, 22.5, 22.75, 22.75, 9999.0, 9999.0, 9999.0, 23.75, 9999.0, 22.36, 9999.0, 22.68, 22.5, 22.25, 22.25, 22.25
2026-08-23, 04:05:04, 22.27, 22.5, 22.75, 22.75, 9999.0, 9999.0, 9999.0, 23.77, 9999.0, 22.34, 9999.0, 22.66, 22.5, 22.25, 22.25, 22.25
2026-08-23, 04:05:08, 22.27, 22.5, 22.75, 22.75, 9999.0, 9999.0, 9999.0, 23.8, 9999.0, 22.32, 9999.0, 22.66, 22.5, 22.25, 22.25, 22.25
2026-08-23, 04:05:12, 22.25, 22.5, 22.75, 22.75, 9999.0, 9999.0, 9999.0, 23.82, 9999.0, 22.3, 9999.0, 22.66, 22.5, 22.25, 22.25, 22.25
2026-08-23, 04:05:16, 22.25, 22.5, 22.75, 22.75, 9999.0, 9999.0, 9999.0, 23.77, 9999.0, 22.27, 9999.0, 22.68, 22.5, 22.25, 22.25, 22.25
2026-08-23, 04:05:20, 22.25, 22.5, 22.75, 22.75, 9999.0, 9999.0, 9999.0, 23.73, 9999.0, 22.25, 9999.0, 22.68, 22.5, 22.25, 22.25, 22.25
2026-08-23, 04:05:24, 22.25, 22.5, 22.77, 22.75, 9999.0, 9999.0, 9999.0, 23.68, 9999.0, 22.25, 9999.0, 22.68, 22.5, 22.25, 22.25, 22.25
2026-08-23, 04:05:28, 22.25, 22.5, 22.77, 22.75, 9999.0, 9999.0, 9999.0, 23.64, 9999.0, 22.27, 9999.0, 22.68, 22.5, 22.25, 22.25, 22.25
2026-08-23, 04:05:32, 22.25, 22.5, 22.77, 22.75, 9999.0, 9999.0, 9999.0, 23.61, 9999.0, 22.3, 9999.0, 22.68, 22.5, 22.25, 22.25, 22.25
2026-08-23, 04:05:36, 22.25, 22.5, 22.77, 22.75, 9999.0, 9999.0, 9999.0, 23.59, 9999.0, 22.32, 9999.0, 22.7, 22.5, 22.25, 22.25, 22.25
2026-08-23, 04:05:40, 22.25, 22.5, 22.77, 22.75, 9999.0, 9999.0, 9999.0, 23.57, 9999.0, 22.34, 9999.0, 22.73, 22.5, 22.25, 22.25, 22.25
2026-08-23, 04:05:44, 22.27, 22.5, 22.77, 22.75, 9999.0, 9999.0, 9999.0, 23.55, 9999.0, 22.36, 9999.0, 22.75, 22.5, 22.25, 22.25, 22.25
2026-08-23, 04:05:48, 22.27, 22.5, 22.77, 22.75, 9999.0, 9999.0, 9999.0, 23.59, 9999.0, 22.39, 9999.0, 22.77, 22.5, 22.25, 22.25, 22.25
2026-08-23, 04:05:52, 22.27, 22.5, 22.77, 22.75, 9999.0, 9999.0, 9999.0, 23.64, 9999.0, 22.41, 9999.0, 22.77, 22.5, 22.25, 22.25, 22.25
2026-08-23, 04:05:56, 22.27, 22.5, 22.8, 22.75, 9999.0, 9999.0, 9999.0, 23.7, 9999.0, 22.43, 9999.0, 22.77, 22.5, 22.25, 22.25, 22.25
2026-08-23, 04:06:00, 22.27, 22.5, 22.8, 22.75, 9999.0, 9999.0, 9999.0, 23.75, 9999.0, 22.45, 9999.0, 22.75, 22.5, 22.25, 22.25, 22.25
2026-08-23, 04:06:04, 22.27, 22.5, 22.8, 22.75, 9999.0, 9999.0, 9999.0, 23.8, 9999.0, 22.48, 9999.0, 22.75, 22.5, 22.25, 22.25, 22.25
2026-08-23, 04:06:08, 22.27, 22.48, 22.8, 22.75, 9999.0, 9999.0, 9999.0, 23.82, 9999.0, 22.5, 9999.0, 22.75, 22.5, 22.25, 22.25, 22.25
2026-08-23, 04:06:12, 22.3, 22.48, 22.8, 22.75, 9999.0, 9999.0, 9999.0, 23.84, 9999.0, 22.5, 9999.0, 22.75, 22.5, 22.25, 22.25, 22.25
2026-08-23, 04:06:16, 22.3, 22.48, 22.8, 22.75, 9999.0, 9999.0, 9999.0, 23.86, 9999.0, 22.48, 9999.0, 22.75, 22.5, 22.25, 22.25, 22.25
2026-08-23, 04:06:20, 22.3, 22.48, 22.8, 22.75, 9999.0, 9999.0, 9999.0, 23.89, 9999.0, 22.45, 9999.0, 22.73, 22.5, 22.25, 22.25, 22.25
2026-08-23, 04:06:24, 22.3, 22.48, 22.8, 22.75, 9999.0, 9999.0, 9999.0, 23.93, 9999.0, 22.43, 9999.0, 22.7, 22.5, 22.25, 22.25, 22.25
2026-08-23, 04:06:28, 22.27, 22.48, 22.8, 22.75, 9999.0, 9999.0, 9999.0, 23.95, 9999.0, 22.41, 9999.0, 22.7, 22.5, 22.25, 22.25, 22.25
2026-08-23, 04:06:32, 22.3, 22.48, 22.8, 22.75, 9999.0, 9999.0, 9999.0, 23.91, 9999.0, 22.39, 9999.0, 22.7, 22.5, 22.25, 22.25, 22.25
2026-08-23, 04:06:36, 22.3, 22.48, 22.8, 22.75, 9999.0, 9999.0, 9999.0, 23.86, 9999.0, 22.36, 9999.0, 22.7, 22.5, 22.25, 22.25, 22.25
2026-08-23, 04:06:41, 22.32, 22.48, 22.8, 22.75, 9999.0, 9999.0, 9999.0, 23.82, 9999.0, 22.34, 9999.0, 22.73, 22.5, 22.25, 22.25, 22.25
2026-08-23, 04:06:45, 22.32, 22.48, 22.8, 22.75, 9999.0, 9999.0, 9999.0, 23.8, 9999.0, 22.32, 9999.0, 22.73, 22.5, 22.25, 22.25, 22.25
2026-08-23, 04:06:49, 22.34, 22.48, 22.82, 22.75, 9999.0, 9999.0, 9999.0, 23.75, 9999.0, 22.32, 9999.0, 22.73, 22.5, 22.25, 22.25, 22.25
2026-08-23, 04:06:53, 22.36, 22.5, 22.8, 22.75, 9999.0, 9999.0, 9999.0, 23.73, 9999.0, 22.32, 9999.0, 22.73, 22.5, 22.25, 22.25, 22.25
2026-08-23, 04:06:57, 22.34, 22.5, 22.8, 22.75, 9999.0, 9999.0, 9999.0, 23.7, 9999.0, 22.32, 9999.0, 22.73, 22.5, 22.25, 22.25, 22.25
2026-08-23, 04:07:01, 22.34, 22.5, 22.8, 22.75, 9999.0, 9999.0, 9999.0, 23.68, 9999.0, 22.36, 9999.0, 22.73, 22.5, 22.25, 22.25, 22.25
2026-08-23, 04:07:05, 22.34, 22.5, 22.8, 22.75, 9999.0, 9999.0, 9999.0, 23.66, 9999.0, 22.41, 9999.0, 22.75, 22.5, 22.25, 22.25, 22.25
2026-08-23, 04:07:09, 22.34, 22.5, 22.8, 22.75, 9999.0, 9999.0, 9999.0, 23.68, 9999.0, 22.43, 9999.0, 22.77, 22.5, 22.25, 22.25, 22.25
2026-08-23, 04:07:13, 22.36, 22.48, 22.8, 22.75, 9999.0, 9999.0, 9999.0, 23.7, 9999.0, 22.45, 9999.0, 22.77, 22.5, 22.25, 22.25, 22.25
2026-08-23, 04:07:17, 22.36, 22.48, 22.8, 22.75, 9999.0, 9999.0, 9999.0, 23.73, 9999.0, 22.48, 9999.0, 22.75, 22.5, 22.25, 22.25, 22.25
2026-08-23, 04:07:21, 22.36, 22.48, 22.8, 22.75, 9999.0, 9999.0, 9999.0, 23.75, 9999.0, 22.5, 9999.0, 22.75, 22.5, 22.25, 22.25, 22.25
2026-08-23, 04:07:25, 22.34, 22.48, 22.77, 22.75, 9999.0, 9999.0, 9999.0, 23.77, 9999.0, 22.52, 9999.0, 22.73, 22.5, 22.25, 22.25, 22.25
2026-08-23, 04:07:29, 22.34, 22.48, 22.77, 22.75, 9999.0, 9999.0, 9999.0, 23.8, 9999.0, 22.55, 9999.0, 22.7, 22.5, 22.25, 22.25, 22.25
2026-08-23, 04:07:33, 22.32, 22.48, 22.77, 22.75, 9999.0, 9999.0, 9999.0, 23.84, 9999.0, 22.55, 9999.0, 22.7, 22.5, 22.25, 22.25, 22.25
2026-08-23, 04:07:37, 22.3, 22.48, 22.77, 22.75, 9999.0, 9999.0, 9999.0, 23.89, 9999.0, 22.55, 9999.0, 22.68, 22.5, 22.25, 22.25, 22.25
2026-08-23, 04:07:41, 22.3, 22.48, 22.77, 22.75, 9999.0, 9999.0, 9999.0, 23.93, 9999.0, 22.52, 9999.0, 22.66, 22.5, 22.25, 22.25, 22.25
2026-08-23, 04:07:45, 22.32, 22.48, 22.77, 22.75, 9999.0, 9999.0, 9999.0, 23.95, 9999.0, 22.48, 9999.0, 22.66, 22.5, 22.25, 22.25, 22.25
2026-08-23, 04:07:49, 22.32, 22.48, 22.77, 22.75, 9999.0, 9999.0, 9999.0, 23.98, 9999.0, 22.43, 9999.0, 22.66, 22.5, 22.25, 22.25, 22.25
2026-08-23, 04:07:53, 22.32, 22.48, 22.77, 22.75, 9999.0, 9999.0, 9999.0, 23.93, 9999.0, 22.43, 9999.0, 22.66, 22.5, 22.25, 22.25, 22.25
2026-08-23, 04:07:57, 22.3, 22.5, 22.77, 22.75, 9999.0, 9999.0, 9999.0, 23.91, 9999.0, 22.41, 9999.0, 22.68, 22.5, 22.25, 22.25, 22.25
2026-08-23, 04:08:01, 22.27, 22.5, 22.77, 22.75, 9999.0, 9999.0, 9999.0, 23.89, 9999.0, 22.39, 9999.0, 22.73, 22.5, 22.25, 22.25, 22.25
2026-08-23, 04:08:05, 22.27, 22.5, 22.77, 22.75, 9999.0, 9999.0, 9999.0, 23.86, 9999.0, 22.36, 9999.0, 22.73, 22.5, 22.25, 22.25, 22.25
2026-08-23, 04:08:09, 22.27, 22.5, 22.77, 22.75, 9999.0, 9999.0, 9999.0, 23.82, 9999.0, 22.36, 9999.0, 22.73, 22.5, 22.25, 22.25, 22.25
2026-08-23, 04:08:13, 22.27, 22.5, 22.77, 22.75, 9999.0, 9999.0, 9999.0, 23.77, 9999.0, 22.36, 9999.0, 22.75, 22.5, 22.25, 22.25, 22.25
2026-08-23, 04:08:17, 22.27, 22.5, 22.75, 22.75, 9999.0, 9999.0, 9999.0, 23.73, 9999.0, 22.36, 9999.0, 22.75, 22.5, 22.25, 22.25, 22.25
2026-08-23, 04:08:21, 22.27, 22.5, 22.75, 22.75, 9999.0, 9999.0, 9999.0, 23.68, 9999.0, 22.39, 9999.0, 22.77, 22.5, 22.25, 22.25, 22.25
2026-08-23, 04:08:25, 22.27, 22.5, 22.75, 22.75, 9999.0, 9999.0, 9999.0, 23.64, 9999.0, 22.41, 9999.0, 22.8, 22.5, 22.25, 22.25, 22.25
2026-08-23, 04:08:29, 22.27, 22.48, 22.75, 22.75, 9999.0, 9999.0, 9999.0, 23.68, 9999.0, 22.43, 9999.0, 22.8, 22.5, 22.25, 22.25, 22.25
2026-08-23, 04:08:33, 22.27, 22.48, 22.75, 22.75, 9999.0, 9999.0, 9999.0, 23.73, 9999.0, 22.45, 9999.0, 22.8, 22.5, 22.25, 22.25, 22.25
2026-08-23, 04:08:37, 22.27, 22.48, 22.75, 22.75, 9999.0, 9999.0, 9999.0, 23.77, 9999.0, 22.45, 9999.0, 22.8, 22.5, 22.25, 22.25, 22.25
2026-08-23, 04:08:41, 22.27, 22.48, 22.75, 22.75, 9999.0, 9999.0, 9999.0, 23.8, 9999.0, 22.48, 9999.0, 22.77, 22.5, 22.25, 22.25, 22.25
2026-08-23, 04:08:45, 22.3, 22.48, 22.75, 22.75, 9999.0, 9999.0, 9999.0, 23.84, 9999.0, 22.5, 9999.0, 22.75, 22.5, 22.25, 22.25, 22.25
2026-08-23, 04:08:49, 22.3, 22.48, 22.75, 22.75, 9999.0, 9999.0, 9999.0, 23.86, 9999.0, 22.52, 9999.0, 22.73, 22.5, 22.25, 22.25, 22.25
2026-08-23, 04:08:53, 22.3, 22.48, 22.75, 22.75, 9999.0, 9999.0, 9999.0, 23.91, 9999.0, 22.52, 9999.0, 22.7, 22.5, 22.23, 22.25, 22.25
2026-08-23, 04:08:57, 22.3, 22.48, 22.75, 22.75, 9999.0, 9999.0, 9999.0, 23.95, 9999.0, 22.52, 9999.0, 22.68, 22.5, 22.23, 22.25, 22.25
2026-08-23, 04:09:01, 22.32, 22.48, 22.75, 22.75, 9999.0, 9999.0, 9999.0, 24.0, 9999.0, 22.52, 9999.0, 22.66, 22.5, 22.23, 22.25, 22.25
2026-08-23, 04:09:05, 22.34, 22.48, 22.75, 22.75, 9999.0, 9999.0, 9999.0, 24.05, 9999.0, 22.5, 9999.0, 22.66, 22.5, 22.23, 22.25, 22.25
2026-08-23, 04:09:09, 22.36, 22.48, 22.75, 22.75, 9999.0, 9999.0, 9999.0, 24.09, 9999.0, 22.5, 9999.0, 22.66, 22.5, 22.23, 22.25, 22.25
2026-08-23, 04:09:13, 22.34, 22.5, 22.75, 22.75, 9999.0, 9999.0, 9999.0, 24.07, 9999.0, 22.48, 9999.0, 22.66, 22.5, 22.23, 22.25, 22.25
2026-08-23, 04:09:17, 22.36, 22.5, 22.75, 22.75, 9999.0, 9999.0, 9999.0, 24.02, 9999.0, 22.45, 9999.0, 22.66, 22.5, 22.23, 22.25, 22.25
2026-08-23, 04:09:21, 22.36, 22.5, 22.75, 22.75, 9999.0, 9999.0, 9999.0, 23.98, 9999.0, 22.43, 9999.0, 22.66, 22.5, 22.23, 22.25, 22.25
2026-08-23, 04:09:25, 22.36, 22.5, 22.75, 22.75, 9999.0, 9999.0, 9999.0, 23.95, 9999.0, 22.41, 9999.0, 22.66, 22.5, 22.23, 22.25, 22.25
2026-08-23, 04:09:29, 22.34, 22.5, 22.75, 22.75, 9999.0, 9999.0, 9999.0, 23.89, 9999.0, 22.41, 9999.0, 22.66, 22.5, 22.23, 22.25, 22.25
2026-08-23, 04:09:33, 22.34, 22.5, 22.75, 22.75, 9999.0, 9999.0, 9999.0, 23.86, 9999.0, 22.41, 9999.0, 22.68, 22.5, 22.23, 22.25, 22.25
2026-08-23, 04:09:37, 22.34, 22.5, 22.75, 22.75, 9999.0, 9999.0, 9999.0, 23.84, 9999.0, 22.43, 9999.0, 22.7, 22.5, 22.25, 22.25, 22.25
2026-08-23, 04:09:41, 22.34, 22.5, 22.75, 22.75, 9999.0, 9999.0, 9999.0, 23.8, 9999.0, 22.45, 9999.0, 22.73, 22.5, 22.25, 22.27, 22.25
2026-08-23, 04:09:45, 22.32, 22.5, 22.75, 22.77, 9999.0, 9999.0, 9999.0, 23.75, 9999.0, 22.48, 9999.0, 22.75, 22.5, 22.25, 22.27, 22.25
2026-08-23, 04:09:49, 22.3, 22.5, 22.75, 22.77, 9999.0, 9999.0, 9999.0, 23.77, 9999.0, 22.5, 9999.0, 22.75, 22.5, 22.25, 22.27, 22.25
2026-08-23, 04:09:53, 22.3, 22.5, 22.75, 22.77, 9999.0, 9999.0, 9999.0, 23.8, 9999.0, 22.52, 9999.0, 22.75, 22.5, 22.25, 22.27, 22.25
2026-08-23, 04:09:57, 22.3, 22.5, 22.75, 22.77, 9999.0, 9999.0, 9999.0, 23.82, 9999.0, 22.55, 9999.0, 22.75, 22.5, 22.25, 22.27, 22.25
2026-08-23, 04:10:01, 22.27, 22.5, 22.75, 22.77, 9999.0, 9999.0, 9999.0, 23.84, 9999.0, 22.57, 9999.0, 22.73, 22.5, 22.25, 22.27, 22.25
2026-08-23, 04:10:05, 22.27, 22.5, 22.75, 22.77, 9999.0, 9999.0, 9999.0, 23.86, 9999.0, 22.59, 9999.0, 22.7, 22.5, 22.25, 22.27, 22.25
2026-08-23, 04:10:09, 22.27, 22.5, 22.75, 22.77, 9999.0, 9999.0, 9999.0, 23.89, 9999.0, 22.61, 9999.0, 22.68, 22.5, 22.25, 22.27, 22.25
2026-08-23, 04:10:13, 22.27, 22.5, 22.75, 22.77, 9999.0, 9999.0, 9999.0, 23.93, 9999.0, 22.61, 9999.0, 22.66, 22.5, 22.25, 22.27, 22.25
2026-08-23, 04:10:17, 22.27, 22.5, 22.75, 22.77, 9999.0, 9999.0, 9999.0, 23.95, 9999.0, 22.61, 9999.0, 22.64, 22.5, 22.25, 22.27, 22.25
2026-08-23, 04:10:21, 22.27, 22.5, 22.75, 22.77, 9999.0, 9999.0, 9999.0, 23.98, 9999.0, 22.59, 9999.0, 22.61, 22.5, 22.25, 22.27, 22.25
2026-08-23, 04:10:25, 22.27, 22.5, 22.75, 22.77, 9999.0, 9999.0, 9999.0, 24.02, 9999.0, 22.57, 9999.0, 22.61, 22.5, 22.25, 22.25, 22.25
2026-08-23, 04:10:29, 22.27, 22.5, 22.75, 22.75, 9999.0, 9999.0, 9999.0, 24.05, 9999.0, 22.55, 9999.0, 22.61, 22.5, 22.25, 22.25, 22.25
2026-08-23, 04:10:34, 22.27, 22.5, 22.75, 22.75, 9999.0, 9999.0, 9999.0, 24.0, 9999.0, 22.52, 9999.0, 22.61, 22.5, 22.25, 22.25, 22.25
2026-08-23, 04:10:38, 22.25, 22.5, 22.75, 22.75, 9999.0, 9999.0, 9999.0, 23.95, 9999.0, 22.5, 9999.0, 22.64, 22.5, 22.25, 22.25, 22.25
2026-08-23, 04:10:42, 22.25, 22.5, 22.75, 22.75, 9999.0, 9999.0, 9999.0, 23.91, 9999.0, 22.5, 9999.0, 22.64, 22.5, 22.25, 22.25, 22.25
2026-08-23, 04:10:46, 22.25, 22.5, 22.75, 22.75, 9999.0, 9999.0, 9999.0, 23.89, 9999.0, 22.52, 9999.0, 22.66, 22.5, 22.25, 22.25, 22.25
2026-08-23, 04:10:50, 22.25, 22.5, 22.75, 22.75, 9999.0, 9999.0, 9999.0, 23.86, 9999.0, 22.55, 9999.0, 22.68, 22.5, 22.25, 22.25, 22.25
2026-08-23, 04:10:54, 22.25, 22.5, 22.75, 22.75, 9999.0, 9999.0, 9999.0, 23.82, 9999.0, 22.57, 9999.0, 22.7, 22.5, 22.25, 22.25, 22.25
2026-08-23, 04:10:58, 22.25, 22.5, 22.75, 22.75, 9999.0, 9999.0, 9999.0, 23.77, 9999.0, 22.59, 9999.0, 22.73, 22.5, 22.25, 22.25, 22.25
2026-08-23, 04:11:02, 22.25, 22.5, 22.75, 22.75, 9999.0, 9999.0, 9999.0, 23.73, 9999.0, 22.61, 9999.0, 22.75, 22.5, 22.25, 22.25, 22.25
2026-08-23, 04:11:06, 22.25, 22.5, 22.75, 22.75, 9999.0, 9999.0, 9999.0, 23.77, 9999.0, 22.64, 9999.0, 22.77, 22.5, 22.25, 22.25, 22.25
2026-08-23, 04:11:10, 22.25, 22.5, 22.75, 22.75, 9999.0, 9999.0, 9999.0, 23.8, 9999.0, 22.66, 9999.0, 22.77, 22.5, 22.25, 22.25, 22.25
2026-08-23, 04:11:14, 22.25, 22.5, 22.75, 22.75, 9999.0, 9999.0, 9999.0, 23.84, 9999.0, 22.68, 9999.0, 22.77, 22.5, 22.25, 22.25, 22.25
2026-08-23, 04:11:18, 22.25, 22.5, 22.75, 22.75, 9999.0, 9999.0, 9999.0, 23.89, 9999.0, 22.7, 9999.0, 22.77, 22.5, 22.25, 22.25, 22.25
2026-08-23, 04:11:22, 22.25, 22.5, 22.75, 22.75, 9999.0, 9999.0, 9999.0, 23.93, 9999.0, 22.73, 9999.0, 22.73, 22.5, 22.25, 22.25, 22.25
2026-08-23, 04:11:26, 22.25, 22.5, 22.75, 22.75, 9999.0, 9999.0, 9999.0, 23.95, 9999.0, 22.75, 9999.0, 22.7, 22.5, 22.25, 22.25, 22.25
2026-08-23, 04:11:30, 22.25, 22.5, 22.75, 22.75, 9999.0, 9999.0, 9999.0, 23.98, 9999.0, 22.75, 9999.0, 22.68, 22.5, 22.25, 22.25, 22.25
2026-08-23, 04:11:34, 22.25, 22.5, 22.75, 22.75, 9999.0, 9999.0, 9999.0, 24.0, 9999.0, 22.75, 9999.0, 22.66, 22.5, 22.25, 22.25, 22.25
2026-08-23, 04:11:38, 22.25, 22.5, 22.75, 22.75, 9999.0, 9999.0, 9999.0, 24.05, 9999.0, 22.73, 9999.0, 22.64, 22.5, 22.25, 22.25, 22.25
2026-08-23, 04:11:42, 22.25, 22.5, 22.75, 22.75, 9999.0, 9999.0, 9999.0, 24.11, 9999.0, 22.73, 9999.0, 22.61, 22.5, 22.25, 22.25, 22.25
2026-08-23, 04:11:46, 22.25, 22.5, 22.75, 22.75, 9999.0, 9999.0, 9999.0, 24.16, 9999.0, 22.73, 9999.0, 22.61, 22.5, 22.25, 22.25, 22.25
2026-08-23, 04:11:50, 22.25, 22.5, 22.75, 22.75, 9999.0, 9999.0, 9999.0, 24.11, 9999.0, 22.73, 9999.0, 22.61, 22.5, 22.25, 22.25, 22.25
2026-08-23, 04:11:54, 22.25, 22.5, 22.75, 22.75, 9999.0, 9999.0, 9999.0, 24.09, 9999.0, 22.73, 9999.0, 22.61, 22.5, 22.25, 22.25, 22.25
2026-08-23, 04:11:58, 22.25, 22.5, 22.75, 22.75, 9999.0, 9999.0, 9999.0, 24.07, 9999.0, 22.7, 9999.0, 22.64, 22.5, 22.25, 22.25, 22.25
2026-08-23, 04:12:02, 22.25, 22.5, 22.75, 22.75, 9999.0, 9999.0, 9999.0, 24.02, 9999.0, 22.68, 9999.0, 22.64, 22.5, 22.25, 22.25, 22.25
2026-08-23, 04:12:06, 22.27, 22.5, 22.75, 22.75, 9999.0, 9999.0, 9999.0, 23.98, 9999.0, 22.68, 9999.0, 22.66, 22.5, 22.25, 22.25, 22.25
2026-08-23, 04:12:10, 22.27, 22.5, 22.75, 22.75, 9999.0, 9999.0, 9999.0, 23.95, 9999.0, 22.68, 9999.0, 22.68, 22.5, 22.25, 22.25, 22.25
2026-08-23, 04:12:14, 22.27, 22.5, 22.75, 22.75, 9999.0, 9999.0, 9999.0, 23.93, 9999.0, 22.68, 9999.0, 22.7, 22.5, 22.25, 22.25, 22.25
2026-08-23, 04:12:18, 22.27, 22.5, 22.75, 22.75, 9999.0, 9999.0, 9999.0, 23.91, 9999.0, 22.7, 9999.0, 22.73, 22.5, 22.25, 22.25, 22.25
2026-08-23, 04:12:22, 22.27, 22.5, 22.75, 22.75, 9999.0, 9999.0, 9999.0, 23.89, 9999.0, 22.75, 9999.0, 22.75, 22.5, 22.25, 22.25, 22.25
2026-08-23, 04:12:26, 22.27, 22.5, 22.75, 22.75, 9999.0, 9999.0, 9999.0, 23.91, 9999.0, 22.75, 9999.0, 22.77, 22.5, 22.25, 22.25, 22.25
2026-08-23, 04:12:30, 22.27, 22.5, 22.75, 22.75, 9999.0, 9999.0, 9999.0, 23.93, 9999.0, 22.75, 9999.0, 22.77, 22.5, 22.25, 22.25, 22.25
2026-08-23, 04:12:34, 22.27, 22.5, 22.75, 22.75, 9999.0, 9999.0, 9999.0, 23.95, 9999.0, 22.75, 9999.0, 22.75, 22.5, 22.25, 22.25, 22.25
2026-08-23, 04:12:38, 22.27, 22.5, 22.75, 22.75, 9999.0, 9999.0, 9999.0, 23.98, 9999.0, 22.75, 9999.0, 22.75, 22.5, 22.25, 22.25, 22.25
2026-08-23, 04:12:42, 22.27, 22.5, 22.75, 22.75, 9999.0, 9999.0, 9999.0, 24.0, 9999.0, 22.77, 9999.0, 22.7, 22.5, 22.25, 22.25, 22.25
2026-08-23, 04:12:46, 22.27, 22.5, 22.75, 22.75, 9999.0, 9999.0, 9999.0, 24.05, 9999.0, 22.8, 9999.0, 22.68, 22.5, 22.25, 22.25, 22.25
2026-08-23, 04:12:50, 22.25, 22.5, 22.75, 22.75, 9999.0, 9999.0, 9999.0, 24.09, 9999.0, 22.8, 9999.0, 22.66, 22.5, 22.25, 22.25, 22.25
2026-08-23, 04:12:54, 22.25, 22.5, 22.75, 22.75, 9999.0, 9999.0, 9999.0, 24.11, 9999.0, 22.8, 9999.0, 22.64, 22.5, 22.25, 22.25, 22.25
2026-08-23, 04:12:58, 22.25, 22.5, 22.75, 22.75, 9999.0, 9999.0, 9999.0, 24.16, 9999.0, 22.8, 9999.0, 22.61, 22.5, 22.25, 22.25, 22.25
2026-08-23, 04:13:02, 22.25, 22.5, 22.75, 22.75, 9999.0, 9999.0, 9999.0, 24.2, 9999.0, 22.77, 9999.0, 22.61, 22.5, 22.25, 22.25, 22.25
2026-08-23, 04:13:06, 22.25, 22.5, 22.75, 22.75, 9999.0, 9999.0, 9999.0, 24.23, 9999.0, 22.75, 9999.0, 22.61, 22.5, 22.25, 22.25, 22.25
2026-08-23, 04:13:10, 22.25, 22.5, 22.75, 22.75, 9999.0, 9999.0, 9999.0, 24.18, 9999.0, 22.75, 9999.0, 22.61, 22.5, 22.25, 22.25, 22.25
2026-08-23, 04:13:14, 22.25, 22.5, 22.75, 22.75, 9999.0, 9999.0, 9999.0, 24.16, 9999.0, 22.75, 9999.0, 22.61, 22.5, 22.25, 22.25, 22.25
2026-08-23, 04:13:18, 22.25, 22.5, 22.75, 22.75, 9999.0, 9999.0, 9999.0, 24.11, 9999.0, 22.75, 9999.0, 22.64, 22.5, 22.25, 22.25, 22.25
2026-08-23, 04:13:22, 22.25, 22.5, 22.75, 22.75, 9999.0, 9999.0, 9999.0, 24.07, 9999.0, 22.75, 9999.0, 22.64, 22.48, 22.25, 22.25, 22.25
2026-08-23, 04:13:26, 22.25, 22.48, 22.75, 22.75, 9999.0, 9999.0, 9999.0, 24.02, 9999.0, 22.75, 9999.0, 22.66, 22.48, 22.25, 22.25, 22.25
2026-08-23, 04:13:30, 22.25, 22.48, 22.75, 22.75, 9999.0, 9999.0, 9999.0, 23.98, 9999.0, 22.75, 9999.0, 22.68, 22.48, 22.25, 22.25, 22.25
2026-08-23, 04:13:34, 22.25, 22.48, 22.75, 22.75, 9999.0, 9999.0, 9999.0, 23.93, 9999.0, 22.75, 9999.0, 22.7, 22.48, 22.25, 22.25, 22.25
2026-08-23, 04:13:38, 22.25, 22.48, 22.75, 22.75, 9999.0, 9999.0, 9999.0, 23.91, 9999.0, 22.77, 9999.0, 22.73, 22.48, 22.25, 22.25, 22.25
2026-08-23, 04:13:42, 22.25, 22.48, 22.75, 22.75, 9999.0, 9999.0, 9999.0, 23.84, 9999.0, 22.8, 9999.0, 22.75, 22.48, 22.25, 22.25, 22.25
2026-08-23, 04:13:46, 22.25, 22.48, 22.75, 22.75, 9999.0, 9999.0, 9999.0, 23.86, 9999.0, 22.8, 9999.0, 22.75, 22.48, 22.25, 22.25, 22.25
2026-08-23, 04:13:50, 22.25, 22.48, 22.75, 22.75, 9999.0, 9999.0, 9999.0, 23.89, 9999.0, 22.8, 9999.0, 22.75, 22.48, 22.25, 22.25, 22.25
2026-08-23, 04:13:54, 22.25, 22.48, 22.75, 22.75, 9999.0, 9999.0, 9999.0, 23.91, 9999.0, 22.8, 9999.0, 22.75, 22.48, 22.25, 22.25, 22.25
2026-08-23, 04:13:58, 22.25, 22.48, 22.75, 22.75, 9999.0, 9999.0, 9999.0, 23.93, 9999.0, 22.8, 9999.0, 22.73, 22.48, 22.25, 22.25, 22.25
2026-08-23, 04:14:02, 22.25, 22.48, 22.75, 22.75, 9999.0, 9999.0, 9999.0, 23.98, 9999.0, 22.8, 9999.0, 22.7, 22.48, 22.25, 22.25, 22.25
2026-08-23, 04:14:06, 22.25, 22.48, 22.75, 22.73, 9999.0, 9999.0, 9999.0, 24.02, 9999.0, 22.8, 9999.0, 22.68, 22.5, 22.25, 22.25, 22.25
2026-08-23, 04:14:10, 22.25, 22.5, 22.75, 22.73, 9999.0, 9999.0, 9999.0, 24.07, 9999.0, 22.8, 9999.0, 22.66, 22.5, 22.25, 22.25, 22.25
2026-08-23, 04:14:14, 22.25, 22.5, 22.75, 22.73, 9999.0, 9999.0, 9999.0, 24.11, 9999.0, 22.8, 9999.0, 22.64, 22.5, 22.25, 22.25, 22.25
2026-08-23, 04:14:18, 22.25, 22.5, 22.75, 22.73, 9999.0, 9999.0, 9999.0, 24.16, 9999.0, 22.8, 9999.0, 22.61, 22.5, 22.25, 22.25, 22.25
2026-08-23, 04:14:23, 22.25, 22.5, 22.75, 22.73, 9999.0, 9999.0, 9999.0, 24.18, 9999.0, 22.77, 9999.0, 22.61, 22.5, 22.25, 22.25, 22.25
2026-08-23, 04:14:27, 22.25, 22.5, 22.75, 22.73, 9999.0, 9999.0, 9999.0, 24.23, 9999.0, 22.75, 9999.0, 22.61, 22.5, 22.25, 22.25, 22.25
2026-08-23, 04:14:31, 22.25, 22.5, 22.75, 22.73, 9999.0, 9999.0, 9999.0, 24.18, 9999.0, 22.73, 9999.0, 22.61, 22.5, 22.25, 22.25, 22.25
2026-08-23, 04:14:35, 22.25, 22.5, 22.75, 22.73, 9999.0, 9999.0, 9999.0, 24.16, 9999.0, 22.7, 9999.0, 22.61, 22.5, 22.25, 22.25, 22.25
2026-08-23, 04:14:39, 22.25, 22.48, 22.75, 22.73, 9999.0, 9999.0, 9999.0, 24.11, 9999.0, 22.7, 9999.0, 22.61, 22.5, 22.25, 22.25, 22.25
2026-08-23, 04:14:43, 22.25, 22.48, 22.75, 22.73, 9999.0, 9999.0, 9999.0, 24.07, 9999.0, 22.7, 9999.0, 22.64, 22.5, 22.25, 22.25, 22.25
2026-08-23, 04:14:47, 22.25, 22.48, 22.75, 22.73, 9999.0, 9999.0, 9999.0, 24.02, 9999.0, 22.7, 9999.0, 22.66, 22.5, 22.25, 22.25, 22.25
2026-08-23, 04:14:51, 22.25, 22.48, 22.75, 22.75, 9999.0, 9999.0, 9999.0, 23.98, 9999.0, 22.7, 9999.0, 22.68, 22.5, 22.25, 22.25, 22.25
2026-08-23, 04:14:55, 22.25, 22.48, 22.75, 22.75, 9999.0, 9999.0, 9999.0, 23.93, 9999.0, 22.73, 9999.0, 22.7, 22.5, 22.25, 22.25, 22.25
2026-08-23, 04:14:59, 22.25, 22.48, 22.75, 22.75, 9999.0, 9999.0, 9999.0, 23.89, 9999.0, 22.73, 9999.0, 22.73, 22.5, 22.25, 22.25, 22.25
2026-08-23, 04:15:03, 22.25, 22.48, 22.75, 22.75, 9999.0, 9999.0, 9999.0, 23.91, 9999.0, 22.73, 9999.0, 22.75, 22.5, 22.25, 22.25, 22.25
2026-08-23, 04:15:07, 22.25, 22.48, 22.75, 22.75, 9999.0, 9999.0, 9999.0, 23.95, 9999.0, 22.73, 9999.0, 22.75, 22.5, 22.25, 22.25, 22.25
2026-08-23, 04:15:11, 22.25, 22.48, 22.75, 22.75, 9999.0, 9999.0, 9999.0, 23.98, 9999.0, 22.73, 9999.0, 22.73, 22.5, 22.25, 22.25, 22.25
2026-08-23, 04:15:15, 22.25, 22.48, 22.75, 22.75, 9999.0, 9999.0, 9999.0, 24.0, 9999.0, 22.75, 9999.0, 22.7, 22.5, 22.25, 22.25, 22.25
2026-08-23, 04:15:19, 22.25, 22.48, 22.75, 22.75, 9999.0, 9999.0, 9999.0, 24.02, 9999.0, 22.75, 9999.0, 22.68, 22.5, 22.25, 22.25, 22.25
2026-08-23, 04:15:23, 22.25, 22.48, 22.75, 22.75, 9999.0, 9999.0, 9999.0, 24.05, 9999.0, 22.73, 9999.0, 22.66, 22.5, 22.25, 22.25, 22.25
2026-08-23, 04:15:27, 22.25, 22.48, 22.75, 22.75, 9999.0, 9999.0, 9999.0, 24.07, 9999.0, 22.7, 9999.0, 22.64, 22.5, 22.25, 22.25, 22.25
2026-08-23, 04:15:31, 22.25, 22.48, 22.75, 22.75, 9999.0, 9999.0, 9999.0, 24.09, 9999.0, 22.68, 9999.0, 22.61, 22.5, 22.25, 22.25, 22.25
2026-08-23, 04:15:35, 22.25, 22.48, 22.75, 22.75, 9999.0, 9999.0, 9999.0, 24.11, 9999.0, 22.66, 9999.0, 22.59, 22.5, 22.25, 22.25, 22.25
2026-08-23, 04:15:39, 22.25, 22.48, 22.75, 22.75, 9999.0, 9999.0, 9999.0, 24.14, 9999.0, 22.61, 9999.0, 22.59, 22.5, 22.25, 22.25, 22.25
2026-08-23, 04:15:43, 22.25, 22.48, 22.75, 22.75, 9999.0, 9999.0, 9999.0, 24.16, 9999.0, 22.59, 9999.0, 22.59, 22.5, 22.25, 22.25, 22.25
2026-08-23, 04:15:47, 22.25, 22.48, 22.75, 22.75, 9999.0, 9999.0, 9999.0, 24.09, 9999.0, 22.57, 9999.0, 22.59, 22.5, 22.25, 22.25, 22.25
2026-08-23, 04:15:51, 22.25, 22.48, 22.75, 22.75, 9999.0, 9999.0, 9999.0, 24.02, 9999.0, 22.55, 9999.0, 22.59, 22.5, 22.25, 22.25, 22.25
2026-08-23, 04:15:55, 22.25, 22.48, 22.75, 22.75, 9999.0, 9999.0, 9999.0, 24.0, 9999.0, 22.52, 9999.0, 22.61, 22.5, 22.25, 22.25, 22.25
2026-08-23, 04:15:59, 22.27, 22.48, 22.75, 22.75, 9999.0, 9999.0, 9999.0, 23.95, 9999.0, 22.5, 9999.0, 22.64, 22.5, 22.25, 22.25, 22.25
2026-08-23, 04:16:03, 22.3, 22.48, 22.75, 22.75, 9999.0, 9999.0, 9999.0, 23.91, 9999.0, 22.5, 9999.0, 22.66, 22.5, 22.25, 22.25, 22.25
2026-08-23, 04:16:07, 22.3, 22.5, 22.75, 22.75, 9999.0, 9999.0, 9999.0, 23.89, 9999.0, 22.5, 9999.0, 22.68, 22.5, 22.25, 22.25, 22.25
2026-08-23, 04:16:11, 22.3, 22.5, 22.75, 22.75, 9999.0, 9999.0, 9999.0, 23.86, 9999.0, 22.52, 9999.0, 22.7, 22.5, 22.25, 22.25, 22.25
2026-08-23, 04:16:18, 22.3, 22.5, 22.75, 22.75, 9999.0, 9999.0, 9999.0, 23.82, 9999.0, 22.55, 9999.0, 22.73, 22.5, 22.25, 22.25, 22.23
2026-08-23, 04:16:22, 22.3, 22.5, 22.75, 22.75, 9999.0, 9999.0, 9999.0, 23.8, 9999.0, 22.57, 9999.0, 22.75, 22.5, 22.25, 22.25, 22.23
2026-08-23, 04:16:26, 22.3, 22.5, 22.75, 22.75, 9999.0, 9999.0, 9999.0, 23.84, 9999.0, 22.59, 9999.0, 22.75, 22.5, 22.25, 22.25, 22.23
2026-08-23, 04:16:30, 22.3, 22.5, 22.75, 22.75, 9999.0, 9999.0, 9999.0, 23.86, 9999.0, 22.61, 9999.0, 22.75, 22.5, 22.25, 22.25, 22.23
2026-08-23, 04:16:35, 22.3, 22.5, 22.75, 22.75, 9999.0, 9999.0, 9999.0, 23.91, 9999.0, 22.61, 9999.0, 22.75, 22.5, 22.25, 22.25, 22.23
2026-08-23, 04:16:39, 22.3, 22.5, 22.75, 22.75, 9999.0, 9999.0, 9999.0, 23.95, 9999.0, 22.61, 9999.0, 22.75, 22.5, 22.25, 22.25, 22.23
2026-08-23, 04:16:43, 22.3, 22.5, 22.75, 22.75, 9999.0, 9999.0, 9999.0, 23.98, 9999.0, 22.61, 9999.0, 22.73, 22.5, 22.25, 22.25, 22.23
2026-08-23, 04:16:47, 22.27, 22.5, 22.75, 22.75, 9999.0, 9999.0, 9999.0, 24.02, 9999.0, 22.61, 9999.0, 22.7, 22.5, 22.25, 22.25, 22.23
2026-08-23, 04:16:51, 22.25, 22.5, 22.75, 22.75, 9999.0, 9999.0, 9999.0, 24.05, 9999.0, 22.61, 9999.0, 22.68, 22.5, 22.25, 22.25, 22.23
2026-08-23, 04:16:55, 22.25, 22.5, 22.75, 22.75, 9999.0, 9999.0, 9999.0, 24.07, 9999.0, 22.61, 9999.0, 22.66, 22.48, 22.25, 22.25, 22.23
2026-08-23, 04:16:59, 22.27, 22.5, 22.75, 22.75, 9999.0, 9999.0, 9999.0, 24.09, 9999.0, 22.59, 9999.0, 22.64, 22.48, 22.25, 22.25, 22.2
2026-08-23, 04:17:03, 22.27, 22.5, 22.75, 22.75, 9999.0, 9999.0, 9999.0, 24.14, 9999.0, 22.57, 9999.0, 22.64, 22.45, 22.25, 22.25, 22.23
2026-08-23, 04:17:07, 22.27, 22.5, 22.75, 22.75, 9999.0, 9999.0, 9999.0, 24.16, 9999.0, 22.55, 9999.0, 22.64, 22.45, 22.25, 22.25, 22.23
2026-08-23, 04:17:11, 22.27, 22.5, 22.75, 22.75, 9999.0, 9999.0, 9999.0, 24.11, 9999.0, 22.52, 9999.0, 22.64, 22.45, 22.25, 22.25, 22.23
2026-08-23, 04:17:15, 22.27, 22.5, 22.75, 22.75, 9999.0, 9999.0, 9999.0, 24.09, 9999.0, 22.5, 9999.0, 22.64, 22.45, 22.25, 22.25, 22.23
2026-08-23, 04:17:19, 22.27, 22.5, 22.75, 22.75, 9999.0, 9999.0, 9999.0, 24.07, 9999.0, 22.5, 9999.0, 22.64, 22.45, 22.25, 22.25, 22.23
2026-08-23, 04:17:23, 22.27, 22.48, 22.75, 22.73, 9999.0, 9999.0, 9999.0, 24.02, 9999.0, 22.5, 9999.0, 22.64, 22.45, 22.25, 22.25, 22.23
2026-08-23, 04:17:27, 22.27, 22.48, 22.75, 22.73, 9999.0, 9999.0, 9999.0, 23.98, 9999.0, 22.5, 9999.0, 22.66, 22.45, 22.25, 22.25, 22.23
2026-08-23, 04:17:31, 22.3, 22.48, 22.75, 22.73, 9999.0, 9999.0, 9999.0, 23.93, 9999.0, 22.5, 9999.0, 22.68, 22.45, 22.25, 22.25, 22.23
2026-08-23, 04:17:35, 22.3, 22.48, 22.75, 22.73, 9999.0, 9999.0, 9999.0, 23.91, 9999.0, 22.52, 9999.0, 22.7, 22.45, 22.25, 22.25, 22.23
2026-08-23, 04:17:39, 22.3, 22.48, 22.75, 22.73, 9999.0, 9999.0, 9999.0, 23.89, 9999.0, 22.55, 9999.0, 22.73, 22.48, 22.25, 22.25, 22.23
2026-08-23, 04:17:43, 22.27, 22.48, 22.75, 22.73, 9999.0, 9999.0, 9999.0, 23.93, 9999.0, 22.57, 9999.0, 22.75, 22.48, 22.25, 22.25, 22.25
2026-08-23, 04:17:47, 22.27, 22.48, 22.75, 22.73, 9999.0, 9999.0, 9999.0, 23.95, 9999.0, 22.57, 9999.0, 22.75, 22.5, 22.25, 22.25, 22.25
2026-08-23, 04:17:51, 22.27, 22.48, 22.75, 22.73, 9999.0, 9999.0, 9999.0, 23.98, 9999.0, 22.57, 9999.0, 22.75, 22.5, 22.25, 22.25, 22.25
2026-08-23, 04:17:55, 22.27, 22.48, 22.75, 22.73, 9999.0, 9999.0, 9999.0, 24.0, 9999.0, 22.57, 9999.0, 22.75, 22.5, 22.25, 22.25, 22.25
2026-08-23, 04:17:59, 22.3, 22.48, 22.75, 22.73, 9999.0, 9999.0, 9999.0, 24.02, 9999.0, 22.57, 9999.0, 22.75, 22.5, 22.25, 22.25, 22.25
2026-08-23, 04:18:03, 22.3, 22.48, 22.75, 22.73, 9999.0, 9999.0, 9999.0, 24.02, 9999.0, 22.57, 9999.0, 22.73, 22.5, 22.25, 22.25, 22.25
2026-08-23, 04:18:07, 22.3, 22.5, 22.75, 22.75, 9999.0, 9999.0, 9999.0, 24.05, 9999.0, 22.55, 9999.0, 22.7, 22.5, 22.25, 22.25, 22.25
2026-08-23, 04:18:11, 22.3, 22.5, 22.75, 22.75, 9999.0, 9999.0, 9999.0, 24.07, 9999.0, 22.55, 9999.0, 22.68, 22.5, 22.25, 22.25, 22.25
2026-08-23, 04:18:15, 22.27, 22.5, 22.75, 22.75, 9999.0, 9999.0, 9999.0, 24.09, 9999.0, 22.52, 9999.0, 22.66, 22.5, 22.25, 22.25, 22.25
2026-08-23, 04:18:19, 22.27, 22.5, 22.75, 22.75, 9999.0, 9999.0, 9999.0, 24.11, 9999.0, 22.48, 9999.0, 22.66, 22.5, 22.25, 22.25, 22.25
2026-08-23, 04:18:24, 22.27, 22.48, 22.75, 22.75, 9999.0, 9999.0, 9999.0, 24.14, 9999.0, 22.43, 9999.0, 22.66, 22.5, 22.25, 22.25, 22.25
2026-08-23, 04:18:28, 22.27, 22.48, 22.75, 22.75, 9999.0, 9999.0, 9999.0, 24.09, 9999.0, 22.39, 9999.0, 22.66, 22.5, 22.25, 22.25, 22.25
2026-08-23, 04:18:32, 22.27, 22.48, 22.75, 22.75, 9999.0, 9999.0, 9999.0, 24.05, 9999.0, 22.36, 9999.0, 22.66, 22.5, 22.25, 22.25, 22.25
2026-08-23, 04:18:36, 22.27, 22.48, 22.75, 22.75, 9999.0, 9999.0, 9999.0, 24.0, 9999.0, 22.34, 9999.0, 22.66, 22.5, 22.25, 22.25, 22.25
2026-08-23, 04:18:40, 22.27, 22.48, 22.75, 22.75, 9999.0, 9999.0, 9999.0, 23.95, 9999.0, 22.32, 9999.0, 22.66, 22.5, 22.25, 22.25, 22.25
2026-08-23, 04:18:44, 22.25, 22.48, 22.75, 22.75, 9999.0, 9999.0, 9999.0, 23.91, 9999.0, 22.32, 9999.0, 22.66, 22.5, 22.25, 22.25, 22.25
2026-08-23, 04:18:48, 22.25, 22.48, 22.75, 22.75, 9999.0, 9999.0, 9999.0, 23.86, 9999.0, 22.3, 9999.0, 22.68, 22.5, 22.25, 22.25, 22.25
2026-08-23, 04:18:52, 22.25, 22.48, 22.75, 22.75, 9999.0, 9999.0, 9999.0, 23.82, 9999.0, 22.32, 9999.0, 22.7, 22.5, 22.25, 22.25, 22.25
2026-08-23, 04:18:56, 22.25, 22.48, 22.75, 22.75, 9999.0, 9999.0, 9999.0, 23.77, 9999.0, 22.32, 9999.0, 22.73, 22.5, 22.25, 22.25, 22.25
2026-08-23, 04:19:00, 22.25, 22.48, 22.75, 22.75, 9999.0, 9999.0, 9999.0, 23.73, 9999.0, 22.34, 9999.0, 22.75, 22.5, 22.25, 22.25, 22.25
2026-08-23, 04:19:04, 22.25, 22.48, 22.75, 22.75, 9999.0, 9999.0, 9999.0, 23.75, 9999.0, 22.36, 9999.0, 22.75, 22.5, 22.25, 22.25, 22.25
2026-08-23, 04:19:08, 22.25, 22.5, 22.75, 22.75, 9999.0, 9999.0, 9999.0, 23.77, 9999.0, 22.39, 9999.0, 22.75, 22.5, 22.25, 22.25, 22.25
2026-08-23, 04:19:12, 22.25, 22.5, 22.75, 22.75, 9999.0, 9999.0, 9999.0, 23.8, 9999.0, 22.39, 9999.0, 22.75, 22.5, 22.25, 22.25, 22.25
2026-08-23, 04:19:16, 22.25, 22.5, 22.75, 22.75, 9999.0, 9999.0, 9999.0, 23.84, 9999.0, 22.39, 9999.0, 22.75, 22.5, 22.25, 22.25, 22.25
2026-08-23, 04:19:20, 22.25, 22.5, 22.75, 22.75, 9999.0, 9999.0, 9999.0, 23.86, 9999.0, 22.39, 9999.0, 22.73, 22.5, 22.23, 22.25, 22.25
2026-08-23, 04:19:24, 22.25, 22.5, 22.75, 22.75, 9999.0, 9999.0, 9999.0, 23.89, 9999.0, 22.39, 9999.0, 22.7, 22.5, 22.23, 22.25, 22.25
2026-08-23, 04:19:28, 22.25, 22.5, 22.75, 22.75, 9999.0, 9999.0, 9999.0, 23.89, 9999.0, 22.36, 9999.0, 22.68, 22.5, 22.23, 22.25, 22.25
2026-08-23, 04:19:32, 22.25, 22.5, 22.75, 22.75, 9999.0, 9999.0, 9999.0, 23.93, 9999.0, 22.36, 9999.0, 22.66, 22.5, 22.23, 22.25, 22.25
2026-08-23, 04:19:36, 22.25, 22.5, 22.75, 22.75, 9999.0, 9999.0, 9999.0, 23.98, 9999.0, 22.34, 9999.0, 22.64, 22.5, 22.23, 22.25, 22.25
2026-08-23, 04:19:40, 22.25, 22.5, 22.75, 22.75, 9999.0, 9999.0, 9999.0, 24.02, 9999.0, 22.32, 9999.0, 22.64, 22.5, 22.23, 22.25, 22.25
2026-08-23, 04:19:44, 22.25, 22.5, 22.75, 22.75, 9999.0, 9999.0, 9999.0, 24.05, 9999.0, 22.3, 9999.0, 22.64, 22.48, 22.23, 22.25, 22.25
2026-08-23, 04:19:48, 22.25, 22.5, 22.75, 22.75, 9999.0, 9999.0, 9999.0, 24.0, 9999.0, 22.25, 9999.0, 22.64, 22.48, 22.23, 22.25, 22.25
2026-08-23, 04:19:52, 22.25, 22.5, 22.75, 22.75, 9999.0, 9999.0, 9999.0, 23.95, 9999.0, 22.23, 9999.0, 22.64, 22.48, 22.23, 22.25, 22.25
2026-08-23, 04:19:56, 22.25, 22.5, 22.75, 22.75, 9999.0, 9999.0, 9999.0, 23.89, 9999.0, 22.2, 9999.0, 22.64, 22.48, 22.23, 22.25, 22.25
2026-08-23, 04:20:00, 22.25, 22.5, 22.75, 22.75, 9999.0, 9999.0, 9999.0, 23.84, 9999.0, 22.2, 9999.0, 22.64, 22.48, 22.23, 22.25, 22.25
2026-08-23, 04:20:04, 22.25, 22.5, 22.75, 22.75, 9999.0, 9999.0, 9999.0, 23.8, 9999.0, 22.2, 9999.0, 22.66, 22.48, 22.25, 22.25, 22.25
2026-08-23, 04:20:08, 22.25, 22.5, 22.75, 22.75, 9999.0, 9999.0, 9999.0, 23.75, 9999.0, 22.2, 9999.0, 22.68, 22.48, 22.25, 22.25, 22.25
2026-08-23, 04:20:12, 22.25, 22.5, 22.75, 22.75, 9999.0, 9999.0, 9999.0, 23.73, 9999.0, 22.2, 9999.0, 22.7, 22.48, 22.25, 22.25, 22.25
2026-08-23, 04:20:16, 22.25, 22.5, 22.75, 22.75, 9999.0, 9999.0, 9999.0, 23.68, 9999.0, 22.2, 9999.0, 22.73, 22.48, 22.25, 22.25, 22.25
2026-08-23, 04:20:20, 22.25, 22.5, 22.75, 22.75, 9999.0, 9999.0, 9999.0, 23.7, 9999.0, 22.2, 9999.0, 22.75, 22.48, 22.25, 22.25, 22.25
2026-08-23, 04:20:24, 22.25, 22.5, 22.75, 22.75, 9999.0, 9999.0, 9999.0, 23.7, 9999.0, 22.2, 9999.0, 22.73, 22.48, 22.25, 22.25, 22.25
2026-08-23, 04:20:28, 22.25, 22.5, 22.75, 22.75, 9999.0, 9999.0, 9999.0, 23.73, 9999.0, 22.2, 9999.0, 22.7, 22.5, 22.25, 22.25, 22.25
2026-08-23, 04:20:32, 22.25, 22.5, 22.75, 22.75, 9999.0, 9999.0, 9999.0, 23.75, 9999.0, 22.23, 9999.0, 22.7, 22.5, 22.25, 22.25, 22.25
2026-08-23, 04:20:36, 22.25, 22.5, 22.75, 22.75, 9999.0, 9999.0, 9999.0, 23.77, 9999.0, 22.23, 9999.0, 22.68, 22.5, 22.25, 22.25, 22.25
2026-08-23, 04:20:40, 22.25, 22.5, 22.75, 22.75, 9999.0, 9999.0, 9999.0, 23.8, 9999.0, 22.23, 9999.0, 22.66, 22.5, 22.25, 22.25, 22.25
2026-08-23, 04:20:44, 22.25, 22.5, 22.75, 22.75, 9999.0, 9999.0, 9999.0, 23.8, 9999.0, 22.2, 9999.0, 22.64, 22.5, 22.25, 22.25, 22.25
2026-08-23, 04:20:48, 22.25, 22.5, 22.75, 22.75, 9999.0, 9999.0, 9999.0, 23.82, 9999.0, 22.18, 9999.0, 22.61, 22.5, 22.25, 22.25, 22.25
2026-08-23, 04:20:52, 22.25, 22.48, 22.75, 22.75, 9999.0, 9999.0, 9999.0, 23.84, 9999.0, 22.16, 9999.0, 22.59, 22.5, 22.25, 22.25, 22.25
2026-08-23, 04:20:56, 22.25, 22.48, 22.75, 22.75, 9999.0, 9999.0, 9999.0, 23.86, 9999.0, 22.14, 9999.0, 22.59, 22.5, 22.25, 22.25, 22.25
2026-08-23, 04:21:00, 22.25, 22.48, 22.75, 22.75, 9999.0, 9999.0, 9999.0, 23.89, 9999.0, 22.14, 9999.0, 22.59, 22.5, 22.25, 22.25, 22.25
2026-08-23, 04:21:04, 22.25, 22.48, 22.75, 22.75, 9999.0, 9999.0, 9999.0, 23.84, 9999.0, 22.14, 9999.0, 22.59, 22.5, 22.25, 22.25, 22.25
2026-08-23, 04:21:08, 22.25, 22.48, 22.75, 22.75, 9999.0, 9999.0, 9999.0, 23.82, 9999.0, 22.11, 9999.0, 22.64, 22.5, 22.25, 22.25, 22.25
2026-08-23, 04:21:12, 22.25, 22.45, 22.75, 22.75, 9999.0, 9999.0, 9999.0, 23.77, 9999.0, 22.09, 9999.0, 22.66, 22.5, 22.25, 22.25, 22.25
2026-08-23, 04:21:16, 22.25, 22.45, 22.75, 22.75, 9999.0, 9999.0, 9999.0, 23.73, 9999.0, 22.09, 9999.0, 22.66, 22.5, 22.25, 22.27, 22.25
2026-08-23, 04:21:20, 22.27, 22.45, 22.75, 22.75, 9999.0, 9999.0, 9999.0, 23.68, 9999.0, 22.09, 9999.0, 22.68, 22.5, 22.25, 22.27, 22.25
2026-08-23, 04:21:24, 22.27, 22.45, 22.75, 22.75, 9999.0, 9999.0, 9999.0, 23.66, 9999.0, 22.11, 9999.0, 22.7, 22.5, 22.25, 22.27, 22.25
2026-08-23, 04:21:28, 22.27, 22.45, 22.75, 22.75, 9999.0, 9999.0, 9999.0, 23.64, 9999.0, 22.16, 9999.0, 22.73, 22.5, 22.25, 22.27, 22.25
2026-08-23, 04:21:32, 22.27, 22.45, 22.75, 22.75, 9999.0, 9999.0, 9999.0, 23.59, 9999.0, 22.18, 9999.0, 22.75, 22.5, 22.23, 22.27, 22.25
2026-08-23, 04:21:36, 22.27, 22.48, 22.75, 22.75, 9999.0, 9999.0, 9999.0, 23.64, 9999.0, 22.2, 9999.0, 22.77, 22.5, 22.23, 22.27, 22.25
2026-08-23, 04:21:40, 22.27, 22.48, 22.75, 22.75, 9999.0, 9999.0, 9999.0, 23.68, 9999.0, 22.23, 9999.0, 22.77, 22.5, 22.23, 22.27, 22.25
2026-08-23, 04:21:44, 22.3, 22.48, 22.75, 22.75, 9999.0, 9999.0, 9999.0, 23.7, 9999.0, 22.2, 9999.0, 22.77, 22.5, 22.23, 22.27, 22.25
2026-08-23, 04:21:48, 22.3, 22.45, 22.75, 22.75, 9999.0, 9999.0, 9999.0, 23.7, 9999.0, 22.18, 9999.0, 22.77, 22.5, 22.23, 22.27, 22.25
2026-08-23, 04:21:52, 22.3, 22.45, 22.75, 22.75, 9999.0, 9999.0, 9999.0, 23.7, 9999.0, 22.18, 9999.0, 22.73, 22.5, 22.23, 22.27, 22.25
2026-08-23, 04:21:56, 22.3, 22.48, 22.75, 22.75, 9999.0, 9999.0, 9999.0, 23.73, 9999.0, 22.18, 9999.0, 22.7, 22.5, 22.2, 22.27, 22.25
2026-08-23, 04:22:00, 22.3, 22.48, 22.75, 22.75, 9999.0, 9999.0, 9999.0, 23.75, 9999.0, 22.16, 9999.0, 22.7, 22.5, 22.2, 22.25, 22.25
2026-08-23, 04:22:04, 22.27, 22.48, 22.75, 22.75, 9999.0, 9999.0, 9999.0, 23.75, 9999.0, 22.14, 9999.0, 22.68, 22.5, 22.2, 22.25, 22.25
2026-08-23, 04:22:09, 22.27, 22.48, 22.75, 22.75, 9999.0, 9999.0, 9999.0, 23.77, 9999.0, 22.11, 9999.0, 22.66, 22.5, 22.2, 22.25, 22.25
2026-08-23, 04:22:13, 22.27, 22.48, 22.75, 22.75, 9999.0, 9999.0, 9999.0, 23.8, 9999.0, 22.07, 9999.0, 22.64, 22.5, 22.2, 22.25, 22.25
2026-08-23, 04:22:17, 22.27, 22.48, 22.75, 22.75, 9999.0, 9999.0, 9999.0, 23.82, 9999.0, 22.05, 9999.0, 22.64, 22.5, 22.23, 22.25, 22.25
2026-08-23, 04:22:21, 22.27, 22.48, 22.75, 22.75, 9999.0, 9999.0, 9999.0, 23.75, 9999.0, 22.02, 9999.0, 22.64, 22.5, 22.23, 22.25, 22.25
2026-08-23, 04:22:25, 22.27, 22.48, 22.75, 22.75, 9999.0, 9999.0, 9999.0, 23.68, 9999.0, 22.0, 9999.0, 22.64, 22.5, 22.23, 22.25, 22.25
2026-08-23, 04:22:29, 22.25, 22.48, 22.75, 22.75, 9999.0, 9999.0, 9999.0, 23.64, 9999.0, 21.98, 9999.0, 22.64, 22.5, 22.23, 22.25, 22.25
2026-08-23, 04:22:33, 22.25, 22.5, 22.75, 22.75, 9999.0, 9999.0, 9999.0, 23.61, 9999.0, 21.95, 9999.0, 22.64, 22.5, 22.23, 22.25, 22.25
2026-08-23, 04:22:37, 22.25, 22.48, 22.75, 22.75, 9999.0, 9999.0, 9999.0, 23.59, 9999.0, 21.95, 9999.0, 22.66, 22.5, 22.23, 22.25, 22.25
2026-08-23, 04:22:41, 22.25, 22.48, 22.75, 22.75, 9999.0, 9999.0, 9999.0, 23.57, 9999.0, 21.95, 9999.0, 22.68, 22.5, 22.25, 22.25, 22.25
2026-08-23, 04:22:45, 22.27, 22.45, 22.75, 22.75, 9999.0, 9999.0, 9999.0, 23.52, 9999.0, 21.98, 9999.0, 22.68, 22.5, 22.25, 22.25, 22.25
2026-08-23, 04:22:49, 22.27, 22.45, 22.75, 22.75, 9999.0, 9999.0, 9999.0, 23.5, 9999.0, 22.0, 9999.0, 22.7, 22.5, 22.25, 22.25, 22.25
2026-08-23, 04:22:53, 22.27, 22.45, 22.75, 22.75, 9999.0, 9999.0, 9999.0, 23.45, 9999.0, 22.02, 9999.0, 22.73, 22.5, 22.25, 22.25, 22.25
2026-08-23, 04:22:57, 22.27, 22.43, 22.75, 22.75, 9999.0, 9999.0, 9999.0, 23.48, 9999.0, 22.05, 9999.0, 22.75, 22.5, 22.25, 22.25, 22.25
2026-08-23, 04:23:01, 22.27, 22.41, 22.75, 22.75, 9999.0, 9999.0, 9999.0, 23.5, 9999.0, 22.07, 9999.0, 22.75, 22.5, 22.25, 22.25, 22.25
2026-08-23, 04:23:05, 22.27, 22.41, 22.75, 22.75, 9999.0, 9999.0, 9999.0, 23.52, 9999.0, 22.09, 9999.0, 22.75, 22.5, 22.25, 22.25, 22.25
2026-08-23, 04:23:09, 22.27, 22.39, 22.75, 22.75, 9999.0, 9999.0, 9999.0, 23.57, 9999.0, 22.09, 9999.0, 22.75, 22.5, 22.25, 22.25, 22.25
2026-08-23, 04:23:13, 22.3, 22.36, 22.75, 22.75, 9999.0, 9999.0, 9999.0, 23.59, 9999.0, 22.11, 9999.0, 22.73, 22.5, 22.25, 22.25, 22.25
2026-08-23, 04:23:17, 22.3, 22.36, 22.75, 22.75, 9999.0, 9999.0, 9999.0, 23.61, 9999.0, 22.14, 9999.0, 22.7, 22.5, 22.25, 22.25, 22.25
2026-08-23, 04:23:21, 22.3, 22.39, 22.75, 22.75, 9999.0, 9999.0, 9999.0, 23.64, 9999.0, 22.14, 9999.0, 22.7, 22.5, 22.25, 22.25, 22.25
2026-08-23, 04:23:25, 22.3, 22.39, 22.75, 22.75, 9999.0, 9999.0, 9999.0, 23.66, 9999.0, 22.14, 9999.0, 22.68, 22.5, 22.25, 22.25, 22.25
2026-08-23, 04:23:29, 22.27, 22.41, 22.75, 22.75, 9999.0, 9999.0, 9999.0, 23.7, 9999.0, 22.11, 9999.0, 22.66, 22.5, 22.25, 22.25, 22.25
2026-08-23, 04:23:33, 22.27, 22.41, 22.75, 22.75, 9999.0, 9999.0, 9999.0, 23.75, 9999.0, 22.09, 9999.0, 22.66, 22.5, 22.25, 22.25, 22.25
2026-08-23, 04:23:37, 22.3, 22.41, 22.75, 22.75, 9999.0, 9999.0, 9999.0, 23.8, 9999.0, 22.07, 9999.0, 22.66, 22.5, 22.25, 22.25, 22.25
2026-08-23, 04:23:41, 22.3, 22.43, 22.75, 22.75, 9999.0, 9999.0, 9999.0, 23.75, 9999.0, 22.05, 9999.0, 22.66, 22.5, 22.25, 22.25, 22.25
2026-08-23, 04:23:45, 22.3, 22.45, 22.75, 22.75, 9999.0, 9999.0, 9999.0, 23.73, 9999.0, 22.02, 9999.0, 22.68, 22.5, 22.25, 22.25, 22.25
2026-08-23, 04:23:49, 22.3, 22.45, 22.75, 22.75, 9999.0, 9999.0, 9999.0, 23.7, 9999.0, 22.0, 9999.0, 22.68, 22.5, 22.25, 22.25, 22.25
2026-08-23, 04:23:53, 22.3, 22.48, 22.75, 22.75, 9999.0, 9999.0, 9999.0, 23.66, 9999.0, 22.02, 9999.0, 22.68, 22.5, 22.25, 22.25, 22.25
2026-08-23, 04:23:57, 22.27, 22.5, 22.75, 22.77, 9999.0, 9999.0, 9999.0, 23.64, 9999.0, 22.05, 9999.0, 22.7, 22.5, 22.25, 22.25, 22.25
2026-08-23, 04:24:01, 22.27, 22.5, 22.75, 22.77, 9999.0, 9999.0, 9999.0, 23.61, 9999.0, 22.07, 9999.0, 22.73, 22.5, 22.25, 22.25, 22.25
2026-08-23, 04:24:05, 22.27, 22.5, 22.75, 22.77, 9999.0, 9999.0, 9999.0, 23.59, 9999.0, 22.09, 9999.0, 22.73, 22.5, 22.25, 22.25, 22.25
2026-08-23, 04:24:09, 22.3, 22.5, 22.75, 22.77, 9999.0, 9999.0, 9999.0, 23.55, 9999.0, 22.11, 9999.0, 22.75, 22.5, 22.25, 22.25, 22.25
2026-08-23, 04:24:13, 22.3, 22.48, 22.75, 22.77, 9999.0, 9999.0, 9999.0, 23.5, 9999.0, 22.14, 9999.0, 22.77, 22.5, 22.25, 22.25, 22.27
2026-08-23, 04:24:17, 22.3, 22.48, 22.75, 22.77, 9999.0, 9999.0, 9999.0, 23.52, 9999.0, 22.16, 9999.0, 22.77, 22.5, 22.25, 22.25, 22.27
2026-08-23, 04:24:21, 22.3, 22.48, 22.75, 22.77, 9999.0, 9999.0, 9999.0, 23.52, 9999.0, 22.18, 9999.0, 22.77, 22.5, 22.25, 22.25, 22.27
2026-08-23, 04:24:25, 22.3, 22.48, 22.75, 22.77, 9999.0, 9999.0, 9999.0, 23.55, 9999.0, 22.18, 9999.0, 22.77, 22.5, 22.25, 22.25, 22.27
2026-08-23, 04:24:29, 22.3, 22.48, 22.75, 22.77, 9999.0, 9999.0, 9999.0, 23.59, 9999.0, 22.18, 9999.0, 22.75, 22.5, 22.25, 22.25, 22.27
2026-08-23, 04:24:33, 22.32, 22.48, 22.75, 22.77, 9999.0, 9999.0, 9999.0, 23.61, 9999.0, 22.18, 9999.0, 22.73, 22.5, 22.25, 22.25, 22.27
2026-08-23, 04:24:37, 22.32, 22.48, 22.75, 22.77, 9999.0, 9999.0, 9999.0, 23.64, 9999.0, 22.18, 9999.0, 22.7, 22.5, 22.25, 22.25, 22.27
2026-08-23, 04:24:41, 22.32, 22.48, 22.75, 22.75, 9999.0, 9999.0, 9999.0, 23.64, 9999.0, 22.16, 9999.0, 22.68, 22.5, 22.25, 22.25, 22.27
2026-08-23, 04:24:45, 22.32, 22.48, 22.75, 22.75, 9999.0, 9999.0, 9999.0, 23.66, 9999.0, 22.16, 9999.0, 22.66, 22.5, 22.25, 22.25, 22.27
2026-08-23, 04:24:49, 22.34, 22.48, 22.75, 22.75, 9999.0, 9999.0, 9999.0, 23.68, 9999.0, 22.14, 9999.0, 22.64, 22.5, 22.25, 22.25, 22.27
2026-08-23, 04:24:53, 22.34, 22.48, 22.75, 22.75, 9999.0, 9999.0, 9999.0, 23.7, 9999.0, 22.11, 9999.0, 22.64, 22.5, 22.25, 22.25, 22.27
2026-08-23, 04:24:57, 22.34, 22.5, 22.75, 22.75, 9999.0, 9999.0, 9999.0, 23.75, 9999.0, 22.09, 9999.0, 22.64, 22.5, 22.25, 22.25, 22.25
2026-08-23, 04:25:01, 22.36, 22.5, 22.75, 22.75, 9999.0, 9999.0, 9999.0, 23.7, 9999.0, 22.07, 9999.0, 22.64, 22.5, 22.25, 22.25, 22.25
2026-08-23, 04:25:05, 22.34, 22.5, 22.75, 22.75, 9999.0, 9999.0, 9999.0, 23.68, 9999.0, 22.05, 9999.0, 22.64, 22.5, 22.25, 22.25, 22.25
2026-08-23, 04:25:09, 22.34, 22.5, 22.75, 22.75, 9999.0, 9999.0, 9999.0, 23.66, 9999.0, 22.05, 9999.0, 22.64, 22.5, 22.25, 22.25, 22.25
2026-08-23, 04:25:13, 22.34, 22.5, 22.75, 22.75, 9999.0, 9999.0, 9999.0, 23.61, 9999.0, 22.07, 9999.0, 22.64, 22.5, 22.25, 22.25, 22.25
2026-08-23, 04:25:17, 22.32, 22.5, 22.75, 22.75, 9999.0, 9999.0, 9999.0, 23.59, 9999.0, 22.09, 9999.0, 22.66, 22.5, 22.25, 22.25, 22.25
2026-08-23, 04:25:21, 22.32, 22.5, 22.75, 22.75, 9999.0, 9999.0, 9999.0, 23.57, 9999.0, 22.09, 9999.0, 22.68, 22.5, 22.25, 22.25, 22.25
2026-08-23, 04:25:25, 22.32, 22.5, 22.75, 22.75, 9999.0, 9999.0, 9999.0, 23.55, 9999.0, 22.14, 9999.0, 22.7, 22.5, 22.25, 22.25, 22.25
2026-08-23, 04:25:29, 22.34, 22.5, 22.75, 22.75, 9999.0, 9999.0, 9999.0, 23.5, 9999.0, 22.14, 9999.0, 22.73, 22.5, 22.25, 22.25, 22.25
2026-08-23, 04:25:33, 22.32, 22.5, 22.75, 22.75, 9999.0, 9999.0, 9999.0, 23.52, 9999.0, 22.18, 9999.0, 22.75, 22.5, 22.25, 22.25, 22.25
2026-08-23, 04:25:37, 22.3, 22.5, 22.75, 22.75, 9999.0, 9999.0, 9999.0, 23.57, 9999.0, 22.2, 9999.0, 22.75, 22.5, 22.25, 22.25, 22.25
2026-08-23, 04:25:41, 22.3, 22.48, 22.75, 22.75, 9999.0, 9999.0, 9999.0, 23.61, 9999.0, 22.23, 9999.0, 22.75, 22.5, 22.25, 22.25, 22.25
2026-08-23, 04:25:45, 22.27, 22.48, 22.75, 22.75, 9999.0, 9999.0, 9999.0, 23.66, 9999.0, 22.25, 9999.0, 22.75, 22.5, 22.25, 22.25, 22.25
2026-08-23, 04:25:49, 22.27, 22.48, 22.75, 22.75, 9999.0, 9999.0, 9999.0, 23.7, 9999.0, 22.27, 9999.0, 22.75, 22.5, 22.25, 22.25, 22.25
2026-08-23, 04:25:53, 22.27, 22.45, 22.75, 22.75, 9999.0, 9999.0, 9999.0, 23.75, 9999.0, 22.3, 9999.0, 22.73, 22.5, 22.25, 22.25, 22.25
2026-08-23, 04:25:58, 22.3, 22.43, 22.77, 22.75, 9999.0, 9999.0, 9999.0, 23.77, 9999.0, 22.3, 9999.0, 22.73, 22.5, 22.25, 22.25, 22.25
2026-08-23, 04:26:02, 22.3, 22.43, 22.77, 22.75, 9999.0, 9999.0, 9999.0, 23.8, 9999.0, 22.3, 9999.0, 22.73, 22.5, 22.25, 22.25, 22.25
2026-08-23, 04:26:06, 22.3, 22.43, 22.77, 22.75, 9999.0, 9999.0, 9999.0, 23.82, 9999.0, 22.27, 9999.0, 22.73, 22.5, 22.25, 22.25, 22.25
2026-08-23, 04:26:10, 22.3, 22.43, 22.77, 22.75, 9999.0, 9999.0, 9999.0, 23.86, 9999.0, 22.23, 9999.0, 22.73, 22.5, 22.25, 22.25, 22.25
2026-08-23, 04:26:14, 22.27, 22.43, 22.77, 22.75, 9999.0, 9999.0, 9999.0, 23.93, 9999.0, 22.23, 9999.0, 22.73, 22.5, 22.25, 22.25, 22.25
2026-08-23, 04:26:18, 22.27, 22.43, 22.77, 22.75, 9999.0, 9999.0, 9999.0, 23.91, 9999.0, 22.2, 9999.0, 22.73, 22.5, 22.25, 22.25, 22.25
2026-08-23, 04:26:22, 22.27, 22.43, 22.77, 22.77, 9999.0, 9999.0, 9999.0, 23.89, 9999.0, 22.2, 9999.0, 22.73, 22.5, 22.25, 22.25, 22.25
2026-08-23, 04:26:26, 22.27, 22.43, 22.77, 22.77, 9999.0, 9999.0, 9999.0, 23.82, 9999.0, 22.2, 9999.0, 22.75, 22.5, 22.25, 22.25, 22.25
2026-08-23, 04:26:30, 22.27, 22.43, 22.77, 22.8, 9999.0, 9999.0, 9999.0, 23.77, 9999.0, 22.23, 9999.0, 22.75, 22.5, 22.25, 22.25, 22.25
2026-08-23, 04:26:34, 22.27, 22.43, 22.77, 22.82, 9999.0, 9999.0, 9999.0, 23.73, 9999.0, 22.23, 9999.0, 22.75, 22.5, 22.25, 22.25, 22.27
2026-08-23, 04:26:38, 22.27, 22.45, 22.77, 22.82, 9999.0, 9999.0, 9999.0, 23.68, 9999.0, 22.23, 9999.0, 22.77, 22.5, 22.25, 22.25, 22.27
2026-08-23, 04:26:42, 22.25, 22.48, 22.75, 22.82, 9999.0, 9999.0, 9999.0, 23.66, 9999.0, 22.25, 9999.0, 22.77, 22.5, 22.25, 22.25, 22.27
2026-08-23, 04:26:46, 22.25, 22.48, 22.75, 22.82, 9999.0, 9999.0, 9999.0, 23.61, 9999.0, 22.27, 9999.0, 22.77, 22.5, 22.25, 22.25, 22.27
2026-08-23, 04:26:50, 22.25, 22.48, 22.75, 22.82, 9999.0, 9999.0, 9999.0, 23.59, 9999.0, 22.32, 9999.0, 22.77, 22.5, 22.25, 22.25, 22.27
2026-08-23, 04:26:54, 22.25, 22.48, 22.75, 22.82, 9999.0, 9999.0, 9999.0, 23.64, 9999.0, 22.36, 9999.0, 22.77, 22.5, 22.25, 22.27, 22.27
2026-08-23, 04:26:58, 22.25, 22.48, 22.75, 22.82, 9999.0, 9999.0, 9999.0, 23.64, 9999.0, 22.39, 9999.0, 22.77, 22.5, 22.25, 22.27, 22.27
2026-08-23, 04:27:02, 22.25, 22.48, 22.75, 22.82, 9999.0, 9999.0, 9999.0, 23.66, 9999.0, 22.41, 9999.0, 22.77, 22.5, 22.25, 22.27, 22.27
2026-08-23, 04:27:06, 22.25, 22.48, 22.75, 22.8, 9999.0, 9999.0, 9999.0, 23.68, 9999.0, 22.43, 9999.0, 22.75, 22.5, 22.25, 22.27, 22.27
2026-08-23, 04:27:10, 22.27, 22.5, 22.77, 22.8, 9999.0, 9999.0, 9999.0, 23.73, 9999.0, 22.43, 9999.0, 22.7, 22.5, 22.25, 22.27, 22.27
2026-08-23, 04:27:14, 22.3, 22.5, 22.77, 22.77, 9999.0, 9999.0, 9999.0, 23.75, 9999.0, 22.41, 9999.0, 22.7, 22.5, 22.25, 22.27, 22.27
2026-08-23, 04:27:18, 22.3, 22.5, 22.77, 22.75, 9999.0, 9999.0, 9999.0, 23.77, 9999.0, 22.41, 9999.0, 22.68, 22.5, 22.25, 22.27, 22.25
2026-08-23, 04:27:22, 22.3, 22.5, 22.77, 22.75, 9999.0, 9999.0, 9999.0, 23.8, 9999.0, 22.41, 9999.0, 22.66, 22.5, 22.25, 22.27, 22.25
2026-08-23, 04:27:26, 22.3, 22.5, 22.77, 22.75, 9999.0, 9999.0, 9999.0, 23.82, 9999.0, 22.39, 9999.0, 22.66, 22.5, 22.25, 22.27, 22.25
2026-08-23, 04:27:30, 22.3, 22.5, 22.77, 22.75, 9999.0, 9999.0, 9999.0, 23.86, 9999.0, 22.36, 9999.0, 22.66, 22.5, 22.25, 22.27, 22.25
2026-08-23, 04:27:34, 22.3, 22.5, 22.77, 22.75, 9999.0, 9999.0, 9999.0, 23.89, 9999.0, 22.34, 9999.0, 22.66, 22.5, 22.25, 22.27, 22.25
2026-08-23, 04:27:38, 22.3, 22.5, 22.77, 22.77, 9999.0, 9999.0, 9999.0, 23.84, 9999.0, 22.32, 9999.0, 22.68, 22.5, 22.25, 22.25, 22.25
2026-08-23, 04:27:42, 22.32, 22.5, 22.77, 22.8, 9999.0, 9999.0, 9999.0, 23.82, 9999.0, 22.3, 9999.0, 22.7, 22.5, 22.25, 22.25, 22.25
2026-08-23, 04:27:46, 22.34, 22.5, 22.77, 22.8, 9999.0, 9999.0, 9999.0, 23.77, 9999.0, 22.27, 9999.0, 22.7, 22.5, 22.25, 22.25, 22.25
2026-08-23, 04:27:50, 22.36, 22.5, 22.77, 22.8, 9999.0, 9999.0, 9999.0, 23.73, 9999.0, 22.27, 9999.0, 22.73, 22.5, 22.25, 22.25, 22.25
2026-08-23, 04:27:54, 22.34, 22.5, 22.75, 22.8, 9999.0, 9999.0, 9999.0, 23.68, 9999.0, 22.3, 9999.0, 22.75, 22.5, 22.25, 22.25, 22.25
2026-08-23, 04:27:58, 22.34, 22.5, 22.75, 22.8, 9999.0, 9999.0, 9999.0, 23.66, 9999.0, 22.32, 9999.0, 22.75, 22.5, 22.25, 22.25, 22.25
2026-08-23, 04:28:02, 22.34, 22.5, 22.75, 22.8, 9999.0, 9999.0, 9999.0, 23.64, 9999.0, 22.34, 9999.0, 22.77, 22.5, 22.25, 22.25, 22.25
2026-08-23, 04:28:06, 22.34, 22.5, 22.75, 22.8, 9999.0, 9999.0, 9999.0, 23.61, 9999.0, 22.39, 9999.0, 22.8, 22.5, 22.25, 22.25, 22.25
2026-08-23, 04:28:10, 22.34, 22.5, 22.75, 22.8, 9999.0, 9999.0, 9999.0, 23.66, 9999.0, 22.41, 9999.0, 22.8, 22.5, 22.25, 22.25, 22.25
2026-08-23, 04:28:14, 22.36, 22.5, 22.75, 22.8, 9999.0, 9999.0, 9999.0, 23.7, 9999.0, 22.43, 9999.0, 22.8, 22.5, 22.25, 22.25, 22.25
2026-08-23, 04:28:18, 22.36, 22.5, 22.75, 22.82, 9999.0, 9999.0, 9999.0, 23.73, 9999.0, 22.45, 9999.0, 22.8, 22.5, 22.25, 22.25, 22.25
2026-08-23, 04:28:22, 22.39, 22.5, 22.75, 22.8, 9999.0, 9999.0, 9999.0, 23.75, 9999.0, 22.48, 9999.0, 22.77, 22.5, 22.25, 22.25, 22.25
2026-08-23, 04:28:26, 22.39, 22.5, 22.75, 22.77, 9999.0, 9999.0, 9999.0, 23.77, 9999.0, 22.5, 9999.0, 22.75, 22.5, 22.25, 22.25, 22.25
2026-08-23, 04:28:30, 22.36, 22.5, 22.75, 22.77, 9999.0, 9999.0, 9999.0, 23.82, 9999.0, 22.5, 9999.0, 22.75, 22.5, 22.25, 22.25, 22.25
2026-08-23, 04:28:34, 22.34, 22.5, 22.75, 22.77, 9999.0, 9999.0, 9999.0, 23.86, 9999.0, 22.48, 9999.0, 22.73, 22.5, 22.25, 22.25, 22.25
2026-08-23, 04:28:38, 22.34, 22.5, 22.75, 22.8, 9999.0, 9999.0, 9999.0, 23.89, 9999.0, 22.48, 9999.0, 22.7, 22.5, 22.25, 22.25, 22.25
2026-08-23, 04:28:42, 22.32, 22.5, 22.75, 22.8, 9999.0, 9999.0, 9999.0, 23.91, 9999.0, 22.48, 9999.0, 22.68, 22.5, 22.25, 22.25, 22.25
2026-08-23, 04:28:46, 22.34, 22.5, 22.75, 22.8, 9999.0, 9999.0, 9999.0, 23.93, 9999.0, 22.48, 9999.0, 22.68, 22.5, 22.25, 22.25, 22.25
2026-08-23, 04:28:50, 22.34, 22.5, 22.75, 22.8, 9999.0, 9999.0, 9999.0, 23.95, 9999.0, 22.45, 9999.0, 22.68, 22.5, 22.25, 22.25, 22.25
2026-08-23, 04:28:54, 22.34, 22.5, 22.75, 22.82, 9999.0, 9999.0, 9999.0, 23.91, 9999.0, 22.45, 9999.0, 22.68, 22.5, 22.25, 22.25, 22.25
2026-08-23, 04:28:58, 22.32, 22.5, 22.75, 22.82, 9999.0, 9999.0, 9999.0, 23.86, 9999.0, 22.43, 9999.0, 22.68, 22.5, 22.25, 22.25, 22.27
2026-08-23, 04:29:02, 22.32, 22.5, 22.75, 22.8, 9999.0, 9999.0, 9999.0, 23.84, 9999.0, 22.41, 9999.0, 22.7, 22.5, 22.25, 22.25, 22.27
2026-08-23, 04:29:06, 22.3, 22.5, 22.75, 22.8, 9999.0, 9999.0, 9999.0, 23.82, 9999.0, 22.41, 9999.0, 22.7, 22.5, 22.25, 22.25, 22.27
2026-08-23, 04:29:10, 22.27, 22.5, 22.75, 22.8, 9999.0, 9999.0, 9999.0, 23.77, 9999.0, 22.41, 9999.0, 22.7, 22.5, 22.25, 22.25, 22.27
2026-08-23, 04:29:14, 22.27, 22.5, 22.75, 22.8, 9999.0, 9999.0, 9999.0, 23.73, 9999.0, 22.43, 9999.0, 22.7, 22.5, 22.25, 22.25, 22.27
2026-08-23, 04:29:18, 22.27, 22.5, 22.75, 22.8, 9999.0, 9999.0, 9999.0, 23.68, 9999.0, 22.48, 9999.0, 22.73, 22.5, 22.25, 22.25, 22.27
2026-08-23, 04:29:22, 22.27, 22.5, 22.75, 22.8, 9999.0, 9999.0, 9999.0, 23.66, 9999.0, 22.5, 9999.0, 22.75, 22.5, 22.25, 22.25, 22.27
2026-08-23, 04:29:26, 22.27, 22.5, 22.75, 22.8, 9999.0, 9999.0, 9999.0, 23.64, 9999.0, 22.52, 9999.0, 22.77, 22.5, 22.25, 22.25, 22.27
2026-08-23, 04:29:30, 22.27, 22.5, 22.75, 22.8, 9999.0, 9999.0, 9999.0, 23.68, 9999.0, 22.55, 9999.0, 22.77, 22.5, 22.23, 22.25, 22.27
2026-08-23, 04:29:34, 22.3, 22.5, 22.75, 22.8, 9999.0, 9999.0, 9999.0, 23.73, 9999.0, 22.55, 9999.0, 22.77, 22.5, 22.23, 22.25, 22.27
2026-08-23, 04:29:38, 22.3, 22.5, 22.75, 22.77, 9999.0, 9999.0, 9999.0, 23.77, 9999.0, 22.55, 9999.0, 22.77, 22.5, 22.23, 22.25, 22.27
2026-08-23, 04:29:42, 22.3, 22.5, 22.75, 22.77, 9999.0, 9999.0, 9999.0, 23.8, 9999.0, 22.57, 9999.0, 22.77, 22.5, 22.23, 22.27, 22.25
2026-08-23, 04:29:46, 22.3, 22.5, 22.75, 22.77, 9999.0, 9999.0, 9999.0, 23.82, 9999.0, 22.59, 9999.0, 22.75, 22.5, 22.23, 22.27, 22.25
2026-08-23, 04:29:51, 22.3, 22.5, 22.75, 22.77, 9999.0, 9999.0, 9999.0, 23.84, 9999.0, 22.59, 9999.0, 22.73, 22.5, 22.23, 22.27, 22.25
2026-08-23, 04:29:55, 22.3, 22.5, 22.75, 22.77, 9999.0, 9999.0, 9999.0, 23.89, 9999.0, 22.59, 9999.0, 22.7, 22.5, 22.23, 22.27, 22.25
2026-08-23, 04:29:59, 22.32, 22.5, 22.75, 22.77, 9999.0, 9999.0, 9999.0, 23.93, 9999.0, 22.59, 9999.0, 22.68, 22.5, 22.23, 22.27, 22.25
2026-08-23, 04:30:03, 22.32, 22.5, 22.75, 22.77, 9999.0, 9999.0, 9999.0, 23.98, 9999.0, 22.57, 9999.0, 22.66, 22.5, 22.23, 22.27, 22.25
2026-08-23, 04:30:07, 22.32, 22.5, 22.75, 22.75, 9999.0, 9999.0, 9999.0, 24.0, 9999.0, 22.55, 9999.0, 22.66, 22.5, 22.23, 22.27, 22.25
2026-08-23, 04:30:11, 22.32, 22.5, 22.75, 22.75, 9999.0, 9999.0, 9999.0, 24.05, 9999.0, 22.52, 9999.0, 22.66, 22.5, 22.23, 22.27, 22.25
2026-08-23, 04:30:15, 22.32, 22.5, 22.75, 22.75, 9999.0, 9999.0, 9999.0, 24.0, 9999.0, 22.48, 9999.0, 22.68, 22.5, 22.25, 22.3, 22.25
2026-08-23, 04:30:19, 22.3, 22.5, 22.75, 22.75, 9999.0, 9999.0, 9999.0, 23.95, 9999.0, 22.48, 9999.0, 22.68, 22.5, 22.25, 22.3, 22.25
2026-08-23, 04:30:23, 22.3, 22.5, 22.75, 22.75, 9999.0, 9999.0, 9999.0, 23.91, 9999.0, 22.48, 9999.0, 22.68, 22.5, 22.25, 22.3, 22.25
2026-08-23, 04:30:27, 22.3, 22.5, 22.75, 22.75, 9999.0, 9999.0, 9999.0, 23.89, 9999.0, 22.5, 9999.0, 22.68, 22.5, 22.25, 22.27, 22.25
2026-08-23, 04:30:31, 22.3, 22.5, 22.75, 22.75, 9999.0, 9999.0, 9999.0, 23.86, 9999.0, 22.52, 9999.0, 22.68, 22.5, 22.25, 22.27, 22.25
2026-08-23, 04:30:35, 22.32, 22.5, 22.75, 22.75, 9999.0, 9999.0, 9999.0, 23.82, 9999.0, 22.55, 9999.0, 22.7, 22.5, 22.25, 22.27, 22.25
2026-08-23, 04:30:39, 22.32, 22.5, 22.75, 22.75, 9999.0, 9999.0, 9999.0, 23.77, 9999.0, 22.57, 9999.0, 22.73, 22.5, 22.25, 22.27, 22.25
2026-08-23, 04:30:43, 22.3, 22.5, 22.75, 22.75, 9999.0, 9999.0, 9999.0, 23.73, 9999.0, 22.59, 9999.0, 22.75, 22.5, 22.25, 22.27, 22.25
2026-08-23, 04:30:47, 22.32, 22.5, 22.75, 22.75, 9999.0, 9999.0, 9999.0, 23.77, 9999.0, 22.61, 9999.0, 22.77, 22.5, 22.25, 22.27, 22.25
2026-08-23, 04:30:51, 22.32, 22.5, 22.75, 22.75, 9999.0, 9999.0, 9999.0, 23.82, 9999.0, 22.64, 9999.0, 22.77, 22.5, 22.25, 22.27, 22.25
2026-08-23, 04:30:55, 22.32, 22.5, 22.75, 22.75, 9999.0, 9999.0, 9999.0, 23.84, 9999.0, 22.66, 9999.0, 22.77, 22.5, 22.25, 22.27, 22.25
2026-08-23, 04:30:59, 22.3, 22.5, 22.75, 22.75, 9999.0, 9999.0, 9999.0, 23.89, 9999.0, 22.7, 9999.0, 22.75, 22.5, 22.25, 22.25, 22.25
2026-08-23, 04:31:03, 22.3, 22.5, 22.75, 22.75, 9999.0, 9999.0, 9999.0, 23.93, 9999.0, 22.73, 9999.0, 22.73, 22.5, 22.25, 22.25, 22.25
2026-08-23, 04:31:07, 22.3, 22.5, 22.75, 22.75, 9999.0, 9999.0, 9999.0, 23.95, 9999.0, 22.75, 9999.0, 22.7, 22.5, 22.25, 22.25, 22.25
2026-08-23, 04:31:11, 22.3, 22.5, 22.75, 22.75, 9999.0, 9999.0, 9999.0, 23.98, 9999.0, 22.73, 9999.0, 22.68, 22.5, 22.25, 22.25, 22.25
2026-08-23, 04:31:15, 22.3, 22.5, 22.75, 22.75, 9999.0, 9999.0, 9999.0, 24.0, 9999.0, 22.73, 9999.0, 22.66, 22.5, 22.25, 22.25, 22.25
2026-08-23, 04:31:19, 22.27, 22.5, 22.75, 22.75, 9999.0, 9999.0, 9999.0, 24.05, 9999.0, 22.73, 9999.0, 22.64, 22.5, 22.25, 22.25, 22.25
2026-08-23, 04:31:23, 22.27, 22.5, 22.75, 22.75, 9999.0, 9999.0, 9999.0, 24.09, 9999.0, 22.7, 9999.0, 22.64, 22.5, 22.25, 22.25, 22.25
2026-08-23, 04:31:27, 22.27, 22.5, 22.75, 22.75, 9999.0, 9999.0, 9999.0, 24.14, 9999.0, 22.68, 9999.0, 22.64, 22.5, 22.25, 22.25, 22.25
2026-08-23, 04:31:31, 22.27, 22.5, 22.75, 22.75, 9999.0, 9999.0, 9999.0, 24.07, 9999.0, 22.66, 9999.0, 22.64, 22.5, 22.25, 22.25, 22.25
2026-08-23, 04:31:35, 22.27, 22.5, 22.75, 22.75, 9999.0, 9999.0, 9999.0, 24.02, 9999.0, 22.64, 9999.0, 22.64, 22.5, 22.25, 22.25, 22.25
2026-08-23, 04:31:39, 22.27, 22.5, 22.75, 22.75, 9999.0, 9999.0, 9999.0, 23.98, 9999.0, 22.61, 9999.0, 22.64, 22.5, 22.25, 22.25, 22.25
2026-08-23, 04:31:43, 22.3, 22.5, 22.75, 22.75, 9999.0, 9999.0, 9999.0, 23.93, 9999.0, 22.61, 9999.0, 22.64, 22.5, 22.25, 22.25, 22.25
2026-08-23, 04:31:47, 22.3, 22.5, 22.77, 22.75, 9999.0, 9999.0, 9999.0, 23.86, 9999.0, 22.61, 9999.0, 22.66, 22.5, 22.25, 22.25, 22.25
2026-08-23, 04:31:51, 22.3, 22.5, 22.77, 22.75, 9999.0, 9999.0, 9999.0, 23.82, 9999.0, 22.61, 9999.0, 22.68, 22.5, 22.25, 22.25, 22.25
2026-08-23, 04:31:55, 22.3, 22.5, 22.77, 22.75, 9999.0, 9999.0, 9999.0, 23.8, 9999.0, 22.64, 9999.0, 22.7, 22.5, 22.25, 22.25, 22.25
2026-08-23, 04:31:59, 22.3, 22.5, 22.77, 22.75, 9999.0, 9999.0, 9999.0, 23.75, 9999.0, 22.66, 9999.0, 22.73, 22.5, 22.25, 22.25, 22.25
2026-08-23, 04:32:03, 22.3, 22.5, 22.77, 22.75, 9999.0, 9999.0, 9999.0, 23.7, 9999.0, 22.66, 9999.0, 22.75, 22.5, 22.25, 22.25, 22.25
2026-08-23, 04:32:07, 22.32, 22.5, 22.77, 22.75, 9999.0, 9999.0, 9999.0, 23.75, 9999.0, 22.68, 9999.0, 22.75, 22.5, 22.25, 22.25, 22.25
2026-08-23, 04:32:11, 22.32, 22.5, 22.77, 22.75, 9999.0, 9999.0, 9999.0, 23.77, 9999.0, 22.7, 9999.0, 22.75, 22.5, 22.25, 22.25, 22.25
2026-08-23, 04:32:15, 22.32, 22.5, 22.77, 22.75, 9999.0, 9999.0, 9999.0, 23.82, 9999.0, 22.73, 9999.0, 22.75, 22.5, 22.25, 22.25, 22.25
2026-08-23, 04:32:19, 22.32, 22.5, 22.77, 22.75, 9999.0, 9999.0, 9999.0, 23.86, 9999.0, 22.75, 9999.0, 22.75, 22.5, 22.25, 22.25, 22.25
2026-08-23, 04:32:23, 22.32, 22.5, 22.77, 22.75, 9999.0, 9999.0, 9999.0, 23.91, 9999.0, 22.77, 9999.0, 22.73, 22.5, 22.25, 22.25, 22.25
2026-08-23, 04:32:27, 22.3, 22.5, 22.77, 22.75, 9999.0, 9999.0, 9999.0, 23.93, 9999.0, 22.77, 9999.0, 22.7, 22.5, 22.25, 22.25, 22.25
2026-08-23, 04:32:31, 22.32, 22.5, 22.75, 22.75, 9999.0, 9999.0, 9999.0, 23.98, 9999.0, 22.77, 9999.0, 22.68, 22.5, 22.25, 22.25, 22.25
2026-08-23, 04:32:35, 22.34, 22.5, 22.75, 22.75, 9999.0, 9999.0, 9999.0, 24.02, 9999.0, 22.77, 9999.0, 22.66, 22.5, 22.25, 22.25, 22.25
2026-08-23, 04:32:39, 22.34, 22.5, 22.75, 22.75, 9999.0, 9999.0, 9999.0, 24.05, 9999.0, 22.77, 9999.0, 22.64, 22.48, 22.25, 22.25, 22.25
2026-08-23, 04:32:43, 22.34, 22.5, 22.75, 22.75, 9999.0, 9999.0, 9999.0, 24.09, 9999.0, 22.75, 9999.0, 22.64, 22.48, 22.25, 22.25, 22.25
2026-08-23, 04:32:47, 22.34, 22.5, 22.75, 22.75, 9999.0, 9999.0, 9999.0, 24.14, 9999.0, 22.73, 9999.0, 22.64, 22.48, 22.25, 22.25, 22.25
2026-08-23, 04:32:51, 22.32, 22.5, 22.75, 22.75, 9999.0, 9999.0, 9999.0, 24.09, 9999.0, 22.7, 9999.0, 22.64, 22.48, 22.25, 22.25, 22.25
2026-08-23, 04:32:55, 22.32, 22.5, 22.75, 22.75, 9999.0, 9999.0, 9999.0, 24.07, 9999.0, 22.68, 9999.0, 22.64, 22.48, 22.25, 22.25, 22.25
2026-08-23, 04:32:59, 22.32, 22.5, 22.75, 22.75, 9999.0, 9999.0, 9999.0, 24.05, 9999.0, 22.66, 9999.0, 22.64, 22.48, 22.25, 22.25, 22.25
2026-08-23, 04:33:03, 22.34, 22.5, 22.75, 22.75, 9999.0, 9999.0, 9999.0, 24.0, 9999.0, 22.66, 9999.0, 22.64, 22.48, 22.25, 22.25, 22.25
2026-08-23, 04:33:07, 22.34, 22.5, 22.75, 22.75, 9999.0, 9999.0, 9999.0, 23.95, 9999.0, 22.66, 9999.0, 22.66, 22.48, 22.25, 22.25, 22.25
2026-08-23, 04:33:11, 22.36, 22.5, 22.75, 22.75, 9999.0, 9999.0, 9999.0, 23.93, 9999.0, 22.68, 9999.0, 22.68, 22.48, 22.25, 22.25, 22.25
2026-08-23, 04:33:15, 22.34, 22.5, 22.75, 22.75, 9999.0, 9999.0, 9999.0, 23.89, 9999.0, 22.7, 9999.0, 22.7, 22.48, 22.25, 22.25, 22.25
2026-08-23, 04:33:19, 22.32, 22.5, 22.75, 22.75, 9999.0, 9999.0, 9999.0, 23.86, 9999.0, 22.7, 9999.0, 22.73, 22.48, 22.25, 22.25, 22.25
2026-08-23, 04:33:23, 22.34, 22.5, 22.75, 22.75, 9999.0, 9999.0, 9999.0, 23.91, 9999.0, 22.7, 9999.0, 22.75, 22.5, 22.25, 22.25, 22.25
2026-08-23, 04:33:27, 22.36, 22.5, 22.75, 22.75, 9999.0, 9999.0, 9999.0, 23.93, 9999.0, 22.7, 9999.0, 22.73, 22.5, 22.25, 22.25, 22.25
2026-08-23, 04:33:31, 22.39, 22.5, 22.75, 22.75, 9999.0, 9999.0, 9999.0, 23.95, 9999.0, 22.73, 9999.0, 22.73, 22.5, 22.25, 22.25, 22.25
2026-08-23, 04:33:36, 22.39, 22.5, 22.75, 22.75, 9999.0, 9999.0, 9999.0, 23.98, 9999.0, 22.75, 9999.0, 22.73, 22.5, 22.25, 22.25, 22.25
2026-08-23, 04:33:40, 22.39, 22.5, 22.75, 22.75, 9999.0, 9999.0, 9999.0, 24.0, 9999.0, 22.77, 9999.0, 22.7, 22.5, 22.25, 22.25, 22.25
2026-08-23, 04:33:44, 22.36, 22.5, 22.75, 22.75, 9999.0, 9999.0, 9999.0, 24.02, 9999.0, 22.8, 9999.0, 22.68, 22.5, 22.25, 22.25, 22.25
2026-08-23, 04:33:48, 22.34, 22.5, 22.75, 22.75, 9999.0, 9999.0, 9999.0, 24.07, 9999.0, 22.8, 9999.0, 22.66, 22.5, 22.25, 22.25, 22.25
2026-08-23, 04:33:52, 22.34, 22.5, 22.75, 22.75, 9999.0, 9999.0, 9999.0, 24.11, 9999.0, 22.8, 9999.0, 22.64, 22.5, 22.25, 22.25, 22.25
2026-08-23, 04:33:56, 22.32, 22.5, 22.75, 22.75, 9999.0, 9999.0, 9999.0, 24.14, 9999.0, 22.77, 9999.0, 22.61, 22.5, 22.25, 22.25, 22.25
2026-08-23, 04:34:00, 22.32, 22.5, 22.75, 22.75, 9999.0, 9999.0, 9999.0, 24.18, 9999.0, 22.75, 9999.0, 22.61, 22.48, 22.25, 22.25, 22.25
2026-08-23, 04:34:04, 22.32, 22.5, 22.75, 22.75, 9999.0, 9999.0, 9999.0, 24.2, 9999.0, 22.75, 9999.0, 22.59, 22.48, 22.25, 22.25, 22.25
2026-08-23, 04:34:08, 22.3, 22.48, 22.75, 22.75, 9999.0, 9999.0, 9999.0, 24.16, 9999.0, 22.75, 9999.0, 22.59, 22.48, 22.25, 22.25, 22.25
2026-08-23, 04:34:12, 22.27, 22.48, 22.75, 22.75, 9999.0, 9999.0, 9999.0, 24.14, 9999.0, 22.75, 9999.0, 22.61, 22.48, 22.25, 22.25, 22.25
2026-08-23, 04:34:16, 22.25, 22.48, 22.75, 22.75, 9999.0, 9999.0, 9999.0, 24.11, 9999.0, 22.73, 9999.0, 22.61, 22.48, 22.25, 22.25, 22.25
2026-08-23, 04:34:20, 22.27, 22.48, 22.75, 22.75, 9999.0, 9999.0, 9999.0, 24.09, 9999.0, 22.73, 9999.0, 22.61, 22.48, 22.25, 22.25, 22.25
2026-08-23, 04:34:24, 22.27, 22.48, 22.75, 22.75, 9999.0, 9999.0, 9999.0, 24.05, 9999.0, 22.73, 9999.0, 22.64, 22.48, 22.25, 22.25, 22.25
2026-08-23, 04:34:28, 22.27, 22.48, 22.75, 22.75, 9999.0, 9999.0, 9999.0, 24.0, 9999.0, 22.73, 9999.0, 22.66, 22.48, 22.25, 22.25, 22.25
2026-08-23, 04:34:32, 22.27, 22.48, 22.75, 22.75, 9999.0, 9999.0, 9999.0, 23.95, 9999.0, 22.75, 9999.0, 22.68, 22.48, 22.25, 22.25, 22.25
2026-08-23, 04:34:36, 22.27, 22.48, 22.75, 22.75, 9999.0, 9999.0, 9999.0, 23.91, 9999.0, 22.77, 9999.0, 22.7, 22.48, 22.25, 22.25, 22.25
2026-08-23, 04:34:40, 22.27, 22.48, 22.75, 22.75, 9999.0, 9999.0, 9999.0, 23.95, 9999.0, 22.77, 9999.0, 22.73, 22.48, 22.25, 22.25, 22.25
2026-08-23, 04:34:44, 22.27, 22.48, 22.75, 22.75, 9999.0, 9999.0, 9999.0, 24.0, 9999.0, 22.77, 9999.0, 22.73, 22.5, 22.25, 22.25, 22.25
2026-08-23, 04:34:48, 22.27, 22.48, 22.75, 22.75, 9999.0, 9999.0, 9999.0, 24.02, 9999.0, 22.77, 9999.0, 22.73, 22.5, 22.25, 22.25, 22.25
2026-08-23, 04:34:52, 22.27, 22.5, 22.75, 22.75, 9999.0, 9999.0, 9999.0, 24.05, 9999.0, 22.77, 9999.0, 22.73, 22.5, 22.25, 22.25, 22.25
2026-08-23, 04:34:56, 22.27, 22.5, 22.75, 22.75, 9999.0, 9999.0, 9999.0, 24.07, 9999.0, 22.77, 9999.0, 22.7, 22.5, 22.25, 22.25, 22.25
2026-08-23, 04:35:00, 22.27, 22.5, 22.75, 22.75, 9999.0, 9999.0, 9999.0, 24.09, 9999.0, 22.8, 9999.0, 22.68, 22.5, 22.25, 22.25, 22.25
2026-08-23, 04:35:04, 22.27, 22.5, 22.75, 22.75, 9999.0, 9999.0, 9999.0, 24.11, 9999.0, 22.8, 9999.0, 22.66, 22.5, 22.25, 22.25, 22.25
2026-08-23, 04:35:08, 22.27, 22.5, 22.75, 22.75, 9999.0, 9999.0, 9999.0, 24.14, 9999.0, 22.8, 9999.0, 22.64, 22.5, 22.25, 22.25, 22.25
2026-08-23, 04:35:12, 22.27, 22.5, 22.75, 22.75, 9999.0, 9999.0, 9999.0, 24.18, 9999.0, 22.8, 9999.0, 22.61, 22.5, 22.25, 22.25, 22.25
2026-08-23, 04:35:16, 22.27, 22.5, 22.75, 22.75, 9999.0, 9999.0, 9999.0, 24.2, 9999.0, 22.77, 9999.0, 22.61, 22.5, 22.25, 22.25, 22.25
2026-08-23, 04:35:20, 22.27, 22.5, 22.75, 22.75, 9999.0, 9999.0, 9999.0, 24.23, 9999.0, 22.75, 9999.0, 22.61, 22.5, 22.25, 22.25, 22.25
2026-08-23, 04:35:24, 22.27, 22.5, 22.75, 22.75, 9999.0, 9999.0, 9999.0, 24.18, 9999.0, 22.75, 9999.0, 22.61, 22.5, 22.25, 22.25, 22.25
2026-08-23, 04:35:28, 22.27, 22.5, 22.75, 22.75, 9999.0, 9999.0, 9999.0, 24.14, 9999.0, 22.73, 9999.0, 22.61, 22.5, 22.25, 22.25, 22.25
2026-08-23, 04:35:32, 22.27, 22.5, 22.75, 22.75, 9999.0, 9999.0, 9999.0, 24.11, 9999.0, 22.7, 9999.0, 22.64, 22.5, 22.25, 22.25, 22.25
2026-08-23, 04:35:36, 22.27, 22.48, 22.75, 22.75, 9999.0, 9999.0, 9999.0, 24.09, 9999.0, 22.68, 9999.0, 22.64, 22.5, 22.25, 22.25, 22.25
2026-08-23, 04:35:40, 22.27, 22.48, 22.75, 22.75, 9999.0, 9999.0, 9999.0, 24.07, 9999.0, 22.68, 9999.0, 22.66, 22.5, 22.25, 22.25, 22.25
2026-08-23, 04:35:44, 22.27, 22.48, 22.75, 22.75, 9999.0, 9999.0, 9999.0, 24.02, 9999.0, 22.68, 9999.0, 22.68, 22.5, 22.25, 22.25, 22.25
2026-08-23, 04:35:48, 22.25, 22.48, 22.75, 22.75, 9999.0, 9999.0, 9999.0, 23.98, 9999.0, 22.7, 9999.0, 22.7, 22.5, 22.25, 22.25, 22.25
2026-08-23, 04:35:52, 22.25, 22.48, 22.75, 22.75, 9999.0, 9999.0, 9999.0, 23.95, 9999.0, 22.73, 9999.0, 22.73, 22.5, 22.25, 22.25, 22.25
2026-08-23, 04:35:56, 22.25, 22.48, 22.75, 22.75, 9999.0, 9999.0, 9999.0, 23.91, 9999.0, 22.75, 9999.0, 22.75, 22.5, 22.25, 22.25, 22.25
2026-08-23, 04:36:00, 22.25, 22.48, 22.75, 22.75, 9999.0, 9999.0, 9999.0, 23.95, 9999.0, 22.75, 9999.0, 22.75, 22.5, 22.25, 22.25, 22.25
2026-08-23, 04:36:04, 22.25, 22.48, 22.75, 22.75, 9999.0, 9999.0, 9999.0, 23.98, 9999.0, 22.75, 9999.0, 22.75, 22.5, 22.25, 22.25, 22.25
2026-08-23, 04:36:08, 22.25, 22.48, 22.75, 22.75, 9999.0, 9999.0, 9999.0, 24.0, 9999.0, 22.75, 9999.0, 22.73, 22.5, 22.25, 22.25, 22.25
2026-08-23, 04:36:12, 22.25, 22.48, 22.75, 22.75, 9999.0, 9999.0, 9999.0, 24.02, 9999.0, 22.77, 9999.0, 22.7, 22.5, 22.25, 22.25, 22.25
2026-08-23, 04:36:16, 22.25, 22.48, 22.75, 22.75, 9999.0, 9999.0, 9999.0, 24.05, 9999.0, 22.8, 9999.0, 22.68, 22.5, 22.25, 22.25, 22.25
2026-08-23, 04:36:20, 22.25, 22.5, 22.75, 22.75, 9999.0, 9999.0, 9999.0, 24.07, 9999.0, 22.82, 9999.0, 22.66, 22.5, 22.25, 22.25, 22.25
2026-08-23, 04:36:24, 22.25, 22.5, 22.75, 22.73, 9999.0, 9999.0, 9999.0, 24.07, 9999.0, 22.82, 9999.0, 22.64, 22.5, 22.25, 22.25, 22.25
2026-08-23, 04:36:28, 22.25, 22.5, 22.75, 22.73, 9999.0, 9999.0, 9999.0, 24.09, 9999.0, 22.82, 9999.0, 22.61, 22.5, 22.25, 22.25, 22.25
2026-08-23, 04:36:32, 22.25, 22.5, 22.75, 22.73, 9999.0, 9999.0, 9999.0, 24.11, 9999.0, 22.8, 9999.0, 22.59, 22.5, 22.25, 22.25, 22.25
2026-08-23, 04:36:36, 22.25, 22.5, 22.75, 22.73, 9999.0, 9999.0, 9999.0, 24.14, 9999.0, 22.75, 9999.0, 22.59, 22.5, 22.25, 22.25, 22.25
2026-08-23, 04:36:40, 22.25, 22.5, 22.75, 22.73, 9999.0, 9999.0, 9999.0, 24.16, 9999.0, 22.7, 9999.0, 22.57, 22.5, 22.25, 22.25, 22.25
2026-08-23, 04:36:44, 22.25, 22.5, 22.75, 22.73, 9999.0, 9999.0, 9999.0, 24.11, 9999.0, 22.68, 9999.0, 22.57, 22.5, 22.25, 22.25, 22.25
2026-08-23, 04:36:48, 22.25, 22.5, 22.75, 22.73, 9999.0, 9999.0, 9999.0, 24.07, 9999.0, 22.66, 9999.0, 22.57, 22.5, 22.25, 22.25, 22.25
2026-08-23, 04:36:52, 22.27, 22.5, 22.75, 22.73, 9999.0, 9999.0, 9999.0, 24.02, 9999.0, 22.64, 9999.0, 22.59, 22.5, 22.25, 22.25, 22.25
2026-08-23, 04:36:56, 22.27, 22.5, 22.75, 22.73, 9999.0, 9999.0, 9999.0, 24.0, 9999.0, 22.64, 9999.0, 22.61, 22.5, 22.25, 22.25, 22.25
2026-08-23, 04:37:00, 22.3, 22.5, 22.75, 22.73, 9999.0, 9999.0, 9999.0, 23.95, 9999.0, 22.64, 9999.0, 22.64, 22.5, 22.25, 22.25, 22.25
2026-08-23, 04:37:04, 22.3, 22.5, 22.75, 22.73, 9999.0, 9999.0, 9999.0, 23.91, 9999.0, 22.64, 9999.0, 22.66, 22.5, 22.25, 22.25, 22.25
2026-08-23, 04:37:08, 22.3, 22.5, 22.75, 22.75, 9999.0, 9999.0, 9999.0, 23.89, 9999.0, 22.64, 9999.0, 22.68, 22.5, 22.25, 22.25, 22.25
2026-08-23, 04:37:12, 22.3, 22.5, 22.75, 22.75, 9999.0, 9999.0, 9999.0, 23.84, 9999.0, 22.64, 9999.0, 22.7, 22.5, 22.25, 22.25, 22.25
2026-08-23, 04:37:16, 22.3, 22.5, 22.75, 22.75, 9999.0, 9999.0, 9999.0, 23.89, 9999.0, 22.64, 9999.0, 22.73, 22.5, 22.25, 22.25, 22.25
2026-08-23, 04:37:20, 22.3, 22.5, 22.75, 22.75, 9999.0, 9999.0, 9999.0, 23.93, 9999.0, 22.66, 9999.0, 22.7, 22.5, 22.25, 22.25, 22.25
2026-08-23, 04:37:25, 22.3, 22.5, 22.75, 22.75, 9999.0, 9999.0, 9999.0, 23.95, 9999.0, 22.68, 9999.0, 22.7, 22.5, 22.23, 22.25, 22.25
2026-08-23, 04:37:29, 22.3, 22.5, 22.75, 22.75, 9999.0, 9999.0, 9999.0, 23.98, 9999.0, 22.7, 9999.0, 22.68, 22.5, 22.23, 22.25, 22.25
2026-08-23, 04:37:33, 22.3, 22.5, 22.75, 22.75, 9999.0, 9999.0, 9999.0, 24.02, 9999.0, 22.7, 9999.0, 22.66, 22.5, 22.23, 22.25, 22.25
2026-08-23, 04:37:37, 22.27, 22.5, 22.75, 22.75, 9999.0, 9999.0, 9999.0, 24.07, 9999.0, 22.7, 9999.0, 22.64, 22.5, 22.23, 22.25, 22.25
2026-08-23, 04:37:41, 22.27, 22.5, 22.75, 22.75, 9999.0, 9999.0, 9999.0, 24.07, 9999.0, 22.68, 9999.0, 22.61, 22.5, 22.23, 22.25, 22.25
2026-08-23, 04:37:45, 22.25, 22.5, 22.75, 22.75, 9999.0, 9999.0, 9999.0, 24.09, 9999.0, 22.66, 9999.0, 22.59, 22.5, 22.23, 22.25, 22.25
2026-08-23, 04:37:49, 22.27, 22.5, 22.75, 22.75, 9999.0, 9999.0, 9999.0, 24.11, 9999.0, 22.66, 9999.0, 22.57, 22.5, 22.23, 22.25, 22.23
2026-08-23, 04:37:53, 22.3, 22.5, 22.75, 22.75, 9999.0, 9999.0, 9999.0, 24.14, 9999.0, 22.64, 9999.0, 22.57, 22.5, 22.23, 22.25, 22.23
2026-08-23, 04:37:57, 22.3, 22.5, 22.75, 22.75, 9999.0, 9999.0, 9999.0, 24.18, 9999.0, 22.61, 9999.0, 22.57, 22.48, 22.23, 22.25, 22.23
2026-08-23, 04:38:01, 22.3, 22.5, 22.75, 22.75, 9999.0, 9999.0, 9999.0, 24.14, 9999.0, 22.59, 9999.0, 22.57, 22.48, 22.23, 22.25, 22.23
2026-08-23, 04:38:05, 22.32, 22.5, 22.75, 22.75, 9999.0, 9999.0, 9999.0, 24.09, 9999.0, 22.57, 9999.0, 22.59, 22.48, 22.23, 22.25, 22.23
2026-08-23, 04:38:09, 22.32, 22.5, 22.75, 22.75, 9999.0, 9999.0, 9999.0, 24.05, 9999.0, 22.55, 9999.0, 22.61, 22.48, 22.25, 22.25, 22.23
2026-08-23, 04:38:13, 22.32, 22.5, 22.75, 22.75, 9999.0, 9999.0, 9999.0, 24.02, 9999.0, 22.55, 9999.0, 22.64, 22.48, 22.25, 22.25, 22.23
2026-08-23, 04:38:17, 22.32, 22.5, 22.75, 22.75, 9999.0, 9999.0, 9999.0, 23.98, 9999.0, 22.57, 9999.0, 22.66, 22.48, 22.25, 22.25, 22.23
2026-08-23, 04:38:21, 22.32, 22.5, 22.75, 22.75, 9999.0, 9999.0, 9999.0, 23.93, 9999.0, 22.59, 9999.0, 22.68, 22.48, 22.25, 22.25, 22.23
2026-08-23, 04:38:25, 22.32, 22.5, 22.75, 22.75, 9999.0, 9999.0, 9999.0, 23.89, 9999.0, 22.61, 9999.0, 22.7, 22.48, 22.25, 22.25, 22.23
2026-08-23, 04:38:29, 22.32, 22.5, 22.75, 22.75, 9999.0, 9999.0, 9999.0, 23.84, 9999.0, 22.64, 9999.0, 22.73, 22.48, 22.25, 22.25, 22.23
2026-08-23, 04:38:33, 22.3, 22.5, 22.75, 22.75, 9999.0, 9999.0, 9999.0, 23.89, 9999.0, 22.64, 9999.0, 22.75, 22.48, 22.25, 22.25, 22.25
2026-08-23, 04:38:37, 22.27, 22.5, 22.75, 22.75, 9999.0, 9999.0, 9999.0, 23.91, 9999.0, 22.64, 9999.0, 22.75, 22.48, 22.25, 22.25, 22.25
2026-08-23, 04:38:41, 22.27, 22.5, 22.75, 22.75, 9999.0, 9999.0, 9999.0, 23.93, 9999.0, 22.64, 9999.0, 22.75, 22.5, 22.25, 22.25, 22.25
2026-08-23, 04:38:45, 22.27, 22.5, 22.75, 22.75, 9999.0, 9999.0, 9999.0, 23.95, 9999.0, 22.64, 9999.0, 22.75, 22.5, 22.25, 22.25, 22.25
2026-08-23, 04:38:49, 22.25, 22.5, 22.75, 22.75, 9999.0, 9999.0, 9999.0, 23.98, 9999.0, 22.64, 9999.0, 22.73, 22.5, 22.25, 22.25, 22.25
2026-08-23, 04:38:53, 22.25, 22.5, 22.75, 22.75, 9999.0, 9999.0, 9999.0, 24.0, 9999.0, 22.64, 9999.0, 22.7, 22.5, 22.25, 22.25, 22.25
2026-08-23, 04:38:57, 22.25, 22.5, 22.75, 22.75, 9999.0, 9999.0, 9999.0, 24.0, 9999.0, 22.61, 9999.0, 22.68, 22.5, 22.25, 22.25, 22.25
2026-08-23, 04:39:01, 22.25, 22.5, 22.75, 22.75, 9999.0, 9999.0, 9999.0, 24.02, 9999.0, 22.59, 9999.0, 22.66, 22.5, 22.25, 22.25, 22.25
2026-08-23, 04:39:05, 22.25, 22.5, 22.75, 22.75, 9999.0, 9999.0, 9999.0, 24.05, 9999.0, 22.57, 9999.0, 22.64, 22.5, 22.25, 22.25, 22.25
2026-08-23, 04:39:09, 22.25, 22.5, 22.75, 22.75, 9999.0, 9999.0, 9999.0, 24.09, 9999.0, 22.55, 9999.0, 22.64, 22.5, 22.25, 22.25, 22.25
2026-08-23, 04:39:13, 22.25, 22.5, 22.75, 22.75, 9999.0, 9999.0, 9999.0, 24.14, 9999.0, 22.5, 9999.0, 22.64, 22.5, 22.25, 22.25, 22.25
2026-08-23, 04:39:17, 22.25, 22.5, 22.75, 22.75, 9999.0, 9999.0, 9999.0, 24.09, 9999.0, 22.45, 9999.0, 22.64, 22.5, 22.25, 22.25, 22.25
2026-08-23, 04:39:21, 22.25, 22.5, 22.75, 22.75, 9999.0, 9999.0, 9999.0, 24.07, 9999.0, 22.43, 9999.0, 22.64, 22.5, 22.25, 22.25, 22.25
2026-08-23, 04:39:25, 22.25, 22.5, 22.75, 22.75, 9999.0, 9999.0, 9999.0, 24.02, 9999.0, 22.41, 9999.0, 22.64, 22.5, 22.25, 22.25, 22.25
2026-08-23, 04:39:29, 22.25, 22.5, 22.75, 22.75, 9999.0, 9999.0, 9999.0, 23.98, 9999.0, 22.41, 9999.0, 22.64, 22.5, 22.25, 22.25, 22.25
2026-08-23, 04:39:33, 22.25, 22.5, 22.75, 22.75, 9999.0, 9999.0, 9999.0, 23.93, 9999.0, 22.41, 9999.0, 22.66, 22.5, 22.25, 22.25, 22.25
2026-08-23, 04:39:37, 22.25, 22.5, 22.75, 22.75, 9999.0, 9999.0, 9999.0, 23.91, 9999.0, 22.41, 9999.0, 22.68, 22.5, 22.25, 22.25, 22.25
2026-08-23, 04:39:41, 22.25, 22.5, 22.75, 22.75, 9999.0, 9999.0, 9999.0, 23.89, 9999.0, 22.41, 9999.0, 22.7, 22.5, 22.25, 22.25, 22.25
2026-08-23, 04:39:45, 22.25, 22.5, 22.75, 22.75, 9999.0, 9999.0, 9999.0, 23.84, 9999.0, 22.41, 9999.0, 22.73, 22.5, 22.25, 22.25, 22.25
2026-08-23, 04:39:49, 22.25, 22.5, 22.75, 22.75, 9999.0, 9999.0, 9999.0, 23.8, 9999.0, 22.41, 9999.0, 22.75, 22.5, 22.25, 22.25, 22.25
2026-08-23, 04:39:53, 22.25, 22.5, 22.75, 22.75, 9999.0, 9999.0, 9999.0, 23.82, 9999.0, 22.43, 9999.0, 22.75, 22.5, 22.25, 22.25, 22.25
2026-08-23, 04:39:57, 22.25, 22.5, 22.75, 22.75, 9999.0, 9999.0, 9999.0, 23.84, 9999.0, 22.45, 9999.0, 22.75, 22.5, 22.25, 22.25, 22.25
2026-08-23, 04:40:01, 22.25, 22.5, 22.75, 22.75, 9999.0, 9999.0, 9999.0, 23.86, 9999.0, 22.48, 9999.0, 22.73, 22.5, 22.25, 22.25, 22.25
2026-08-23, 04:40:05, 22.25, 22.5, 22.75, 22.75, 9999.0, 9999.0, 9999.0, 23.86, 9999.0, 22.48, 9999.0, 22.7, 22.48, 22.25, 22.25, 22.25
2026-08-23, 04:40:09, 22.25, 22.5, 22.75, 22.75, 9999.0, 9999.0, 9999.0, 23.89, 9999.0, 22.48, 9999.0, 22.68, 22.48, 22.25, 22.25, 22.25
2026-08-23, 04:40:13, 22.25, 22.5, 22.75, 22.75, 9999.0, 9999.0, 9999.0, 23.91, 9999.0, 22.45, 9999.0, 22.66, 22.48, 22.25, 22.25, 22.25
2026-08-23, 04:40:17, 22.25, 22.5, 22.75, 22.75, 9999.0, 9999.0, 9999.0, 23.93, 9999.0, 22.43, 9999.0, 22.64, 22.48, 22.25, 22.25, 22.25
2026-08-23, 04:40:21, 22.25, 22.5, 22.75, 22.75, 9999.0, 9999.0, 9999.0, 23.95, 9999.0, 22.41, 9999.0, 22.61, 22.45, 22.25, 22.25, 22.25
2026-08-23, 04:40:25, 22.25, 22.48, 22.75, 22.75, 9999.0, 9999.0, 9999.0, 23.95, 9999.0, 22.39, 9999.0, 22.59, 22.45, 22.25, 22.25, 22.25
2026-08-23, 04:40:29, 22.25, 22.48, 22.75, 22.75, 9999.0, 9999.0, 9999.0, 24.0, 9999.0, 22.36, 9999.0, 22.59, 22.45, 22.25, 22.25, 22.25
2026-08-23, 04:40:33, 22.25, 22.48, 22.75, 22.75, 9999.0, 9999.0, 9999.0, 24.02, 9999.0, 22.34, 9999.0, 22.59, 22.45, 22.25, 22.25, 22.25
2026-08-23, 04:40:37, 22.25, 22.48, 22.75, 22.75, 9999.0, 9999.0, 9999.0, 23.98, 9999.0, 22.3, 9999.0, 22.59, 22.45, 22.25, 22.25, 22.25
2026-08-23, 04:40:41, 22.25, 22.48, 22.75, 22.75, 9999.0, 9999.0, 9999.0, 23.91, 9999.0, 22.27, 9999.0, 22.59, 22.45, 22.25, 22.25, 22.25
2026-08-23, 04:40:45, 22.25, 22.48, 22.75, 22.75, 9999.0, 9999.0, 9999.0, 23.84, 9999.0, 22.25, 9999.0, 22.61, 22.45, 22.25, 22.25, 22.25
2026-08-23, 04:40:49, 22.25, 22.48, 22.75, 22.75, 9999.0, 9999.0, 9999.0, 23.8, 9999.0, 22.25, 9999.0, 22.64, 22.48, 22.25, 22.25, 22.25
2026-08-23, 04:40:53, 22.25, 22.48, 22.75, 22.75, 9999.0, 9999.0, 9999.0, 23.75, 9999.0, 22.25, 9999.0, 22.66, 22.48, 22.25, 22.25, 22.25
2026-08-23, 04:40:57, 22.25, 22.48, 22.75, 22.75, 9999.0, 9999.0, 9999.0, 23.7, 9999.0, 22.27, 9999.0, 22.68, 22.48, 22.25, 22.25, 22.25
2026-08-23, 04:41:01, 22.25, 22.48, 22.75, 22.75, 9999.0, 9999.0, 9999.0, 23.66, 9999.0, 22.3, 9999.0, 22.7, 22.48, 22.25, 22.25, 22.25
2026-08-23, 04:41:05, 22.25, 22.48, 22.75, 22.75, 9999.0, 9999.0, 9999.0, 23.61, 9999.0, 22.32, 9999.0, 22.73, 22.5, 22.25, 22.25, 22.25
2026-08-23, 04:41:10, 22.25, 22.5, 22.75, 22.75, 9999.0, 9999.0, 9999.0, 23.66, 9999.0, 22.32, 9999.0, 22.75, 22.5, 22.25, 22.25, 22.25
2026-08-23, 04:41:14, 22.25, 22.5, 22.75, 22.75, 9999.0, 9999.0, 9999.0, 23.68, 9999.0, 22.34, 9999.0, 22.75, 22.5, 22.25, 22.25, 22.25
2026-08-23, 04:41:18, 22.25, 22.5, 22.75, 22.75, 9999.0, 9999.0, 9999.0, 23.7, 9999.0, 22.36, 9999.0, 22.73, 22.5, 22.25, 22.25, 22.25
2026-08-23, 04:41:22, 22.25, 22.5, 22.75, 22.75, 9999.0, 9999.0, 9999.0, 23.73, 9999.0, 22.36, 9999.0, 22.7, 22.5, 22.25, 22.25, 22.25
2026-08-23, 04:41:26, 22.25, 22.5, 22.75, 22.75, 9999.0, 9999.0, 9999.0, 23.77, 9999.0, 22.36, 9999.0, 22.7, 22.5, 22.25, 22.25, 22.25
2026-08-23, 04:41:30, 22.25, 22.5, 22.75, 22.75, 9999.0, 9999.0, 9999.0, 23.8, 9999.0, 22.39, 9999.0, 22.68, 22.5, 22.25, 22.25, 22.25
2026-08-23, 04:41:34, 22.25, 22.5, 22.75, 22.75, 9999.0, 9999.0, 9999.0, 23.84, 9999.0, 22.39, 9999.0, 22.66, 22.5, 22.25, 22.25, 22.25
2026-08-23, 04:41:38, 22.25, 22.5, 22.75, 22.75, 9999.0, 9999.0, 9999.0, 23.89, 9999.0, 22.39, 9999.0, 22.64, 22.5, 22.25, 22.25, 22.25
2026-08-23, 04:41:42, 22.27, 22.5, 22.75, 22.75, 9999.0, 9999.0, 9999.0, 23.93, 9999.0, 22.36, 9999.0, 22.61, 22.5, 22.25, 22.25, 22.25
2026-08-23, 04:41:46, 22.27, 22.5, 22.75, 22.75, 9999.0, 9999.0, 9999.0, 23.95, 9999.0, 22.34, 9999.0, 22.61, 22.5, 22.25, 22.25, 22.25
2026-08-23, 04:41:50, 22.27, 22.5, 22.75, 22.75, 9999.0, 9999.0, 9999.0, 23.98, 9999.0, 22.32, 9999.0, 22.61, 22.5, 22.25, 22.25, 22.25
2026-08-23, 04:41:54, 22.27, 22.5, 22.75, 22.75, 9999.0, 9999.0, 9999.0, 23.93, 9999.0, 22.32, 9999.0, 22.61, 22.5, 22.25, 22.25, 22.25
2026-08-23, 04:41:58, 22.27, 22.5, 22.75, 22.75, 9999.0, 9999.0, 9999.0, 23.89, 9999.0, 22.3, 9999.0, 22.61, 22.5, 22.25, 22.25, 22.25
2026-08-23, 04:42:02, 22.27, 22.5, 22.75, 22.75, 9999.0, 9999.0, 9999.0, 23.84, 9999.0, 22.27, 9999.0, 22.64, 22.5, 22.25, 22.25, 22.25
2026-08-23, 04:42:06, 22.27, 22.5, 22.75, 22.75, 9999.0, 9999.0, 9999.0, 23.8, 9999.0, 22.3, 9999.0, 22.66, 22.5, 22.25, 22.25, 22.25
2026-08-23, 04:42:10, 22.27, 22.5, 22.75, 22.75, 9999.0, 9999.0, 9999.0, 23.75, 9999.0, 22.3, 9999.0, 22.66, 22.5, 22.25, 22.25, 22.25
2026-08-23, 04:42:14, 22.27, 22.5, 22.75, 22.75, 9999.0, 9999.0, 9999.0, 23.73, 9999.0, 22.27, 9999.0, 22.68, 22.5, 22.25, 22.25, 22.25
2026-08-23, 04:42:18, 22.27, 22.5, 22.75, 22.75, 9999.0, 9999.0, 9999.0, 23.68, 9999.0, 22.3, 9999.0, 22.7, 22.5, 22.25, 22.25, 22.25
2026-08-23, 04:42:22, 22.27, 22.5, 22.75, 22.75, 9999.0, 9999.0, 9999.0, 23.64, 9999.0, 22.32, 9999.0, 22.73, 22.5, 22.25, 22.25, 22.25
2026-08-23, 04:42:26, 22.25, 22.5, 22.75, 22.75, 9999.0, 9999.0, 9999.0, 23.66, 9999.0, 22.34, 9999.0, 22.75, 22.5, 22.25, 22.25, 22.25
2026-08-23, 04:42:30, 22.27, 22.5, 22.75, 22.75, 9999.0, 9999.0, 9999.0, 23.7, 9999.0, 22.34, 9999.0, 22.75, 22.5, 22.25, 22.25, 22.25
2026-08-23, 04:42:34, 22.27, 22.5, 22.75, 22.75, 9999.0, 9999.0, 9999.0, 23.73, 9999.0, 22.36, 9999.0, 22.75, 22.5, 22.25, 22.25, 22.25
2026-08-23, 04:42:38, 22.27, 22.5, 22.75, 22.75, 9999.0, 9999.0, 9999.0, 23.75, 9999.0, 22.36, 9999.0, 22.73, 22.5, 22.25, 22.25, 22.25
2026-08-23, 04:42:42, 22.27, 22.5, 22.75, 22.75, 9999.0, 9999.0, 9999.0, 23.77, 9999.0, 22.36, 9999.0, 22.7, 22.5, 22.25, 22.25, 22.25
2026-08-23, 04:42:46, 22.27, 22.5, 22.75, 22.75, 9999.0, 9999.0, 9999.0, 23.82, 9999.0, 22.36, 9999.0, 22.68, 22.5, 22.25, 22.25, 22.25
2026-08-23, 04:42:50, 22.27, 22.5, 22.75, 22.75, 9999.0, 9999.0, 9999.0, 23.84, 9999.0, 22.34, 9999.0, 22.66, 22.5, 22.25, 22.25, 22.25
2026-08-23, 04:42:54, 22.27, 22.5, 22.75, 22.75, 9999.0, 9999.0, 9999.0, 23.86, 9999.0, 22.34, 9999.0, 22.64, 22.5, 22.25, 22.25, 22.25
2026-08-23, 04:42:58, 22.27, 22.5, 22.75, 22.75, 9999.0, 9999.0, 9999.0, 23.89, 9999.0, 22.36, 9999.0, 22.61, 22.5, 22.25, 22.25, 22.25
2026-08-23, 04:43:02, 22.27, 22.5, 22.75, 22.75, 9999.0, 9999.0, 9999.0, 23.91, 9999.0, 22.36, 9999.0, 22.59, 22.5, 22.25, 22.25, 22.25
2026-08-23, 04:43:06, 22.3, 22.5, 22.75, 22.75, 9999.0, 9999.0, 9999.0, 23.93, 9999.0, 22.36, 9999.0, 22.59, 22.5, 22.25, 22.25, 22.25
2026-08-23, 04:43:10, 22.3, 22.5, 22.75, 22.75, 9999.0, 9999.0, 9999.0, 23.86, 9999.0, 22.34, 9999.0, 22.59, 22.5, 22.25, 22.25, 22.25
2026-08-23, 04:43:14, 22.27, 22.5, 22.75, 22.75, 9999.0, 9999.0, 9999.0, 23.8, 9999.0, 22.34, 9999.0, 22.59, 22.5, 22.25, 22.25, 22.25
2026-08-23, 04:43:18, 22.27, 22.5, 22.75, 22.75, 9999.0, 9999.0, 9999.0, 23.75, 9999.0, 22.32, 9999.0, 22.61, 22.5, 22.25, 22.25, 22.25
2026-08-23, 04:43:22, 22.27, 22.5, 22.75, 22.75, 9999.0, 9999.0, 9999.0, 23.7, 9999.0, 22.32, 9999.0, 22.64, 22.5, 22.25, 22.25, 22.25
2026-08-23, 04:43:26, 22.27, 22.5, 22.75, 22.75, 9999.0, 9999.0, 9999.0, 23.66, 9999.0, 22.34, 9999.0, 22.66, 22.5, 22.25, 22.25, 22.25
2026-08-23, 04:43:30, 22.27, 22.48, 22.75, 22.75, 9999.0, 9999.0, 9999.0, 23.61, 9999.0, 22.36, 9999.0, 22.68, 22.5, 22.25, 22.25, 22.25
2026-08-23, 04:43:34, 22.3, 22.45, 22.75, 22.75, 9999.0, 9999.0, 9999.0, 23.59, 9999.0, 22.39, 9999.0, 22.7, 22.5, 22.25, 22.25, 22.25
2026-08-23, 04:43:38, 22.3, 22.45, 22.75, 22.75, 9999.0, 9999.0, 9999.0, 23.55, 9999.0, 22.41, 9999.0, 22.73, 22.5, 22.25, 22.25, 22.25
2026-08-23, 04:43:42, 22.3, 22.45, 22.75, 22.75, 9999.0, 9999.0, 9999.0, 23.5, 9999.0, 22.41, 9999.0, 22.75, 22.5, 22.25, 22.25, 22.25
2026-08-23, 04:43:46, 22.3, 22.45, 22.75, 22.75, 9999.0, 9999.0, 9999.0, 23.55, 9999.0, 22.41, 9999.0, 22.77, 22.5, 22.25, 22.25, 22.25
2026-08-23, 04:43:50, 22.27, 22.45, 22.75, 22.75, 9999.0, 9999.0, 9999.0, 23.57, 9999.0, 22.41, 9999.0, 22.77, 22.5, 22.25, 22.25, 22.25
2026-08-23, 04:43:54, 22.27, 22.45, 22.75, 22.75, 9999.0, 9999.0, 9999.0, 23.61, 9999.0, 22.43, 9999.0, 22.75, 22.5, 22.25, 22.25, 22.25
2026-08-23, 04:43:58, 22.27, 22.45, 22.75, 22.75, 9999.0, 9999.0, 9999.0, 23.66, 9999.0, 22.45, 9999.0, 22.73, 22.5, 22.25, 22.25, 22.25
2026-08-23, 04:44:02, 22.27, 22.45, 22.75, 22.75, 9999.0, 9999.0, 9999.0, 23.7, 9999.0, 22.48, 9999.0, 22.68, 22.5, 22.25, 22.25, 22.25
2026-08-23, 04:44:06, 22.27, 22.45, 22.75, 22.75, 9999.0, 9999.0, 9999.0, 23.75, 9999.0, 22.5, 9999.0, 22.66, 22.5, 22.25, 22.25, 22.25
2026-08-23, 04:44:10, 22.3, 22.45, 22.75, 22.75, 9999.0, 9999.0, 9999.0, 23.77, 9999.0, 22.5, 9999.0, 22.64, 22.5, 22.25, 22.25, 22.25
2026-08-23, 04:44:14, 22.3, 22.48, 22.75, 22.75, 9999.0, 9999.0, 9999.0, 23.8, 9999.0, 22.5, 9999.0, 22.61, 22.5, 22.25, 22.25, 22.25
2026-08-23, 04:44:18, 22.27, 22.5, 22.75, 22.75, 9999.0, 9999.0, 9999.0, 23.82, 9999.0, 22.5, 9999.0, 22.59, 22.5, 22.25, 22.25, 22.25
2026-08-23, 04:44:22, 22.27, 22.5, 22.75, 22.75, 9999.0, 9999.0, 9999.0, 23.86, 9999.0, 22.5, 9999.0, 22.59, 22.5, 22.25, 22.25, 22.25
2026-08-23, 04:44:26, 22.27, 22.5, 22.75, 22.75, 9999.0, 9999.0, 9999.0, 23.91, 9999.0, 22.5, 9999.0, 22.59, 22.5, 22.25, 22.25, 22.25
2026-08-23, 04:44:30, 22.27, 22.5, 22.75, 22.75, 9999.0, 9999.0, 9999.0, 23.86, 9999.0, 22.48, 9999.0, 22.59, 22.5, 22.25, 22.25, 22.25
2026-08-23, 04:44:34, 22.27, 22.5, 22.75, 22.75, 9999.0, 9999.0, 9999.0, 23.84, 9999.0, 22.45, 9999.0, 22.61, 22.5, 22.25, 22.25, 22.25
2026-08-23, 04:44:38, 22.27, 22.5, 22.75, 22.75, 9999.0, 9999.0, 9999.0, 23.82, 9999.0, 22.43, 9999.0, 22.64, 22.5, 22.25, 22.25, 22.25
2026-08-23, 04:44:42, 22.3, 22.5, 22.75, 22.75, 9999.0, 9999.0, 9999.0, 23.77, 9999.0, 22.43, 9999.0, 22.66, 22.5, 22.25, 22.25, 22.25
2026-08-23, 04:44:46, 22.3, 22.5, 22.75, 22.75, 9999.0, 9999.0, 9999.0, 23.73, 9999.0, 22.43, 9999.0, 22.68, 22.5, 22.25, 22.25, 22.25
2026-08-23, 04:44:50, 22.3, 22.5, 22.75, 22.75, 9999.0, 9999.0, 9999.0, 23.68, 9999.0, 22.43, 9999.0, 22.7, 22.5, 22.25, 22.25, 22.25
2026-08-23, 04:44:54, 22.27, 22.5, 22.75, 22.75, 9999.0, 9999.0, 9999.0, 23.66, 9999.0, 22.45, 9999.0, 22.73, 22.5, 22.25, 22.25, 22.25
2026-08-23, 04:44:59, 22.3, 22.5, 22.75, 22.75, 9999.0, 9999.0, 9999.0, 23.64, 9999.0, 22.45, 9999.0, 22.75, 22.5, 22.25, 22.25, 22.25
2026-08-23, 04:45:03, 22.3, 22.5, 22.75, 22.75, 9999.0, 9999.0, 9999.0, 23.68, 9999.0, 22.45, 9999.0, 22.77, 22.5, 22.25, 22.25, 22.25
2026-08-23, 04:45:07, 22.3, 22.5, 22.75, 22.75, 9999.0, 9999.0, 9999.0, 23.7, 9999.0, 22.45, 9999.0, 22.77, 22.5, 22.25, 22.25, 22.25
2026-08-23, 04:45:11, 22.3, 22.5, 22.75, 22.75, 9999.0, 9999.0, 9999.0, 23.75, 9999.0, 22.45, 9999.0, 22.77, 22.5, 22.25, 22.25, 22.25
2026-08-23, 04:45:23, 22.3, 22.5, 22.77, 22.75, 9999.0, 9999.0, 9999.0, 23.77, 9999.0, 22.48, 9999.0, 22.77, 22.5, 22.25, 22.25, 22.25
2026-08-23, 04:45:27, 22.32, 22.5, 22.77, 22.75, 9999.0, 9999.0, 9999.0, 23.8, 9999.0, 22.5, 9999.0, 22.73, 22.5, 22.25, 22.25, 22.25
2026-08-23, 04:45:31, 22.34, 22.5, 22.77, 22.75, 9999.0, 9999.0, 9999.0, 23.82, 9999.0, 22.5, 9999.0, 22.7, 22.5, 22.25, 22.25, 22.25
2026-08-23, 04:45:35, 22.32, 22.5, 22.77, 22.75, 9999.0, 9999.0, 9999.0, 23.84, 9999.0, 22.48, 9999.0, 22.7, 22.5, 22.25, 22.25, 22.25
2026-08-23, 04:45:39, 22.32, 22.5, 22.77, 22.75, 9999.0, 9999.0, 9999.0, 23.86, 9999.0, 22.45, 9999.0, 22.68, 22.5, 22.25, 22.25, 22.25
2026-08-23, 04:45:43, 22.32, 22.5, 22.77, 22.75, 9999.0, 9999.0, 9999.0, 23.89, 9999.0, 22.43, 9999.0, 22.66, 22.5, 22.25, 22.25, 22.25
2026-08-23, 04:45:47, 22.32, 22.48, 22.77, 22.75, 9999.0, 9999.0, 9999.0, 23.91, 9999.0, 22.41, 9999.0, 22.66, 22.5, 22.25, 22.25, 22.25
2026-08-23, 04:45:51, 22.3, 22.48, 22.77, 22.75, 9999.0, 9999.0, 9999.0, 23.93, 9999.0, 22.39, 9999.0, 22.66, 22.5, 22.25, 22.25, 22.25
2026-08-23, 04:45:58, 22.3, 22.48, 22.77, 22.75, 9999.0, 9999.0, 9999.0, 23.89, 9999.0, 22.39, 9999.0, 22.66, 22.5, 22.25, 22.25, 22.25
2026-08-23, 04:46:02, 22.3, 22.48, 22.77, 22.75, 9999.0, 9999.0, 9999.0, 23.86, 9999.0, 22.36, 9999.0, 22.68, 22.5, 22.25, 22.25, 22.25
2026-08-23, 04:46:06, 22.3, 22.48, 22.77, 22.75, 9999.0, 9999.0, 9999.0, 23.82, 9999.0, 22.34, 9999.0, 22.68, 22.5, 22.25, 22.25, 22.25
2026-08-23, 04:46:10, 22.3, 22.48, 22.75, 22.75, 9999.0, 9999.0, 9999.0, 23.8, 9999.0, 22.34, 9999.0, 22.68, 22.5, 22.25, 22.25, 22.25
2026-08-23, 04:46:14, 22.3, 22.48, 22.75, 22.75, 9999.0, 9999.0, 9999.0, 23.75, 9999.0, 22.34, 9999.0, 22.7, 22.5, 22.25, 22.25, 22.25
2026-08-23, 04:46:18, 22.27, 22.48, 22.75, 22.75, 9999.0, 9999.0, 9999.0, 23.7, 9999.0, 22.36, 9999.0, 22.73, 22.5, 22.25, 22.25, 22.25
2026-08-23, 04:46:22, 22.3, 22.45, 22.75, 22.75, 9999.0, 9999.0, 9999.0, 23.66, 9999.0, 22.41, 9999.0, 22.73, 22.5, 22.25, 22.25, 22.25
2026-08-23, 04:46:26, 22.3, 22.43, 22.75, 22.75, 9999.0, 9999.0, 9999.0, 23.64, 9999.0, 22.45, 9999.0, 22.75, 22.5, 22.25, 22.25, 22.25
2026-08-23, 04:46:30, 22.3, 22.43, 22.75, 22.75, 9999.0, 9999.0, 9999.0, 23.68, 9999.0, 22.5, 9999.0, 22.77, 22.5, 22.25, 22.25, 22.25
2026-08-23, 04:46:34, 22.3, 22.45, 22.75, 22.75, 9999.0, 9999.0, 9999.0, 23.73, 9999.0, 22.5, 9999.0, 22.77, 22.5, 22.25, 22.25, 22.25
2026-08-23, 04:46:38, 22.3, 22.45, 22.75, 22.75, 9999.0, 9999.0, 9999.0, 23.77, 9999.0, 22.52, 9999.0, 22.77, 22.5, 22.25, 22.25, 22.25
2026-08-23, 04:46:42, 22.3, 22.45, 22.75, 22.75, 9999.0, 9999.0, 9999.0, 23.8, 9999.0, 22.52, 9999.0, 22.77, 22.5, 22.25, 22.25, 22.25
2026-08-23, 04:46:46, 22.3, 22.45, 22.75, 22.75, 9999.0, 9999.0, 9999.0, 23.82, 9999.0, 22.55, 9999.0, 22.75, 22.5, 22.25, 22.25, 22.25
2026-08-23, 04:46:50, 22.3, 22.45, 22.75, 22.75, 9999.0, 9999.0, 9999.0, 23.84, 9999.0, 22.57, 9999.0, 22.73, 22.5, 22.25, 22.25, 22.25
2026-08-23, 04:46:54, 22.3, 22.45, 22.75, 22.75, 9999.0, 9999.0, 9999.0, 23.84, 9999.0, 22.55, 9999.0, 22.73, 22.5, 22.25, 22.25, 22.25
2026-08-23, 04:46:58, 22.27, 22.45, 22.75, 22.75, 9999.0, 9999.0, 9999.0, 23.86, 9999.0, 22.52, 9999.0, 22.7, 22.5, 22.25, 22.25, 22.25
2026-08-23, 04:47:02, 22.3, 22.45, 22.75, 22.75, 9999.0, 9999.0, 9999.0, 23.91, 9999.0, 22.52, 9999.0, 22.68, 22.5, 22.25, 22.25, 22.25
2026-08-23, 04:47:06, 22.27, 22.48, 22.75, 22.75, 9999.0, 9999.0, 9999.0, 23.98, 9999.0, 22.5, 9999.0, 22.66, 22.5, 22.25, 22.25, 22.25
2026-08-23, 04:47:10, 22.27, 22.5, 22.75, 22.75, 9999.0, 9999.0, 9999.0, 24.0, 9999.0, 22.48, 9999.0, 22.66, 22.5, 22.25, 22.25, 22.25
2026-08-23, 04:47:14, 22.27, 22.5, 22.75, 22.75, 9999.0, 9999.0, 9999.0, 23.95, 9999.0, 22.43, 9999.0, 22.66, 22.5, 22.25, 22.25, 22.25
2026-08-23, 04:47:18, 22.27, 22.5, 22.75, 22.75, 9999.0, 9999.0, 9999.0, 23.91, 9999.0, 22.41, 9999.0, 22.66, 22.5, 22.25, 22.25, 22.25
2026-08-23, 04:47:22, 22.27, 22.5, 22.75, 22.75, 9999.0, 9999.0, 9999.0, 23.84, 9999.0, 22.39, 9999.0, 22.66, 22.5, 22.25, 22.25, 22.25
2026-08-23, 04:47:26, 22.27, 22.48, 22.75, 22.75, 9999.0, 9999.0, 9999.0, 23.8, 9999.0, 22.39, 9999.0, 22.68, 22.5, 22.25, 22.25, 22.25
2026-08-23, 04:47:30, 22.27, 22.48, 22.75, 22.75, 9999.0, 9999.0, 9999.0, 23.75, 9999.0, 22.39, 9999.0, 22.68, 22.5, 22.25, 22.25, 22.25
2026-08-23, 04:47:34, 22.27, 22.48, 22.75, 22.75, 9999.0, 9999.0, 9999.0, 23.7, 9999.0, 22.39, 9999.0, 22.7, 22.5, 22.25, 22.25, 22.25
2026-08-23, 04:47:38, 22.27, 22.48, 22.75, 22.75, 9999.0, 9999.0, 9999.0, 23.68, 9999.0, 22.43, 9999.0, 22.7, 22.5, 22.25, 22.27, 22.25
2026-08-23, 04:47:42, 22.27, 22.48, 22.75, 22.75, 9999.0, 9999.0, 9999.0, 23.66, 9999.0, 22.48, 9999.0, 22.73, 22.5, 22.25, 22.27, 22.25
2026-08-23, 04:47:46, 22.25, 22.48, 22.75, 22.75, 9999.0, 9999.0, 9999.0, 23.61, 9999.0, 22.5, 9999.0, 22.75, 22.5, 22.25, 22.27, 22.25
2026-08-23, 04:47:50, 22.25, 22.48, 22.75, 22.75, 9999.0, 9999.0, 9999.0, 23.64, 9999.0, 22.52, 9999.0, 22.77, 22.5, 22.25, 22.27, 22.25
2026-08-23, 04:47:54, 22.25, 22.48, 22.75, 22.75, 9999.0, 9999.0, 9999.0, 23.68, 9999.0, 22.52, 9999.0, 22.77, 22.5, 22.25, 22.27, 22.25
2026-08-23, 04:47:58, 22.25, 22.48, 22.75, 22.75, 9999.0, 9999.0, 9999.0, 23.7, 9999.0, 22.57, 9999.0, 22.75, 22.5, 22.25, 22.27, 22.25
2026-08-23, 04:48:02, 22.25, 22.48, 22.75, 22.75, 9999.0, 9999.0, 9999.0, 23.73, 9999.0, 22.59, 9999.0, 22.75, 22.5, 22.25, 22.27, 22.25
2026-08-23, 04:48:06, 22.25, 22.48, 22.75, 22.75, 9999.0, 9999.0, 9999.0, 23.77, 9999.0, 22.61, 9999.0, 22.73, 22.5, 22.25, 22.27, 22.25
2026-08-23, 04:48:10, 22.25, 22.5, 22.75, 22.75, 9999.0, 9999.0, 9999.0, 23.82, 9999.0, 22.61, 9999.0, 22.68, 22.5, 22.25, 22.27, 22.25
2026-08-23, 04:48:14, 22.25, 22.5, 22.75, 22.75, 9999.0, 9999.0, 9999.0, 23.86, 9999.0, 22.61, 9999.0, 22.68, 22.5, 22.25, 22.27, 22.25
2026-08-23, 04:48:18, 22.25, 22.5, 22.75, 22.75, 9999.0, 9999.0, 9999.0, 23.91, 9999.0, 22.61, 9999.0, 22.66, 22.5, 22.25, 22.27, 22.25
2026-08-23, 04:48:22, 22.27, 22.5, 22.75, 22.75, 9999.0, 9999.0, 9999.0, 23.93, 9999.0, 22.59, 9999.0, 22.64, 22.5, 22.25, 22.25, 22.25
2026-08-23, 04:48:26, 22.27, 22.5, 22.75, 22.75, 9999.0, 9999.0, 9999.0, 23.95, 9999.0, 22.57, 9999.0, 22.64, 22.5, 22.25, 22.25, 22.25
2026-08-23, 04:48:30, 22.27, 22.5, 22.75, 22.75, 9999.0, 9999.0, 9999.0, 23.98, 9999.0, 22.55, 9999.0, 22.64, 22.5, 22.25, 22.25, 22.25
2026-08-23, 04:48:34, 22.27, 22.5, 22.75, 22.75, 9999.0, 9999.0, 9999.0, 23.93, 9999.0, 22.55, 9999.0, 22.64, 22.5, 22.25, 22.25, 22.25
2026-08-23, 04:48:38, 22.27, 22.48, 22.75, 22.75, 9999.0, 9999.0, 9999.0, 23.89, 9999.0, 22.55, 9999.0, 22.66, 22.5, 22.25, 22.25, 22.25
2026-08-23, 04:48:42, 22.3, 22.48, 22.75, 22.75, 9999.0, 9999.0, 9999.0, 23.84, 9999.0, 22.52, 9999.0, 22.68, 22.5, 22.25, 22.25, 22.25
2026-08-23, 04:48:46, 22.3, 22.48, 22.75, 22.75, 9999.0, 9999.0, 9999.0, 23.8, 9999.0, 22.55, 9999.0, 22.68, 22.5, 22.25, 22.25, 22.25
2026-08-23, 04:48:50, 22.32, 22.48, 22.75, 22.75, 9999.0, 9999.0, 9999.0, 23.75, 9999.0, 22.57, 9999.0, 22.7, 22.5, 22.25, 22.25, 22.25
2026-08-23, 04:48:54, 22.32, 22.48, 22.75, 22.75, 9999.0, 9999.0, 9999.0, 23.7, 9999.0, 22.59, 9999.0, 22.73, 22.5, 22.25, 22.25, 22.25
2026-08-23, 04:48:58, 22.34, 22.48, 22.75, 22.75, 9999.0, 9999.0, 9999.0, 23.66, 9999.0, 22.64, 9999.0, 22.73, 22.5, 22.25, 22.25, 22.25
2026-08-23, 04:49:02, 22.34, 22.48, 22.75, 22.75, 9999.0, 9999.0, 9999.0, 23.61, 9999.0, 22.68, 9999.0, 22.75, 22.5, 22.25, 22.25, 22.25
2026-08-23, 04:49:06, 22.32, 22.48, 22.77, 22.75, 9999.0, 9999.0, 9999.0, 23.66, 9999.0, 22.7, 9999.0, 22.77, 22.5, 22.25, 22.25, 22.25
2026-08-23, 04:49:10, 22.32, 22.48, 22.77, 22.75, 9999.0, 9999.0, 9999.0, 23.7, 9999.0, 22.73, 9999.0, 22.77, 22.5, 22.25, 22.25, 22.25
2026-08-23, 04:49:14, 22.34, 22.48, 22.77, 22.75, 9999.0, 9999.0, 9999.0, 23.75, 9999.0, 22.75, 9999.0, 22.77, 22.5, 22.25, 22.25, 22.25
2026-08-23, 04:49:18, 22.36, 22.45, 22.77, 22.75, 9999.0, 9999.0, 9999.0, 23.77, 9999.0, 22.75, 9999.0, 22.77, 22.5, 22.25, 22.25, 22.25
2026-08-23, 04:49:22, 22.39, 22.48, 22.77, 22.75, 9999.0, 9999.0, 9999.0, 23.8, 9999.0, 22.77, 9999.0, 22.75, 22.5, 22.25, 22.25, 22.25
2026-08-23, 04:49:26, 22.39, 22.48, 22.77, 22.75, 9999.0, 9999.0, 9999.0, 23.84, 9999.0, 22.8, 9999.0, 22.75, 22.5, 22.25, 22.25, 22.25
2026-08-23, 04:49:30, 22.39, 22.48, 22.77, 22.75, 9999.0, 9999.0, 9999.0, 23.89, 9999.0, 22.8, 9999.0, 22.73, 22.5, 22.25, 22.25, 22.25
2026-08-23, 04:49:34, 22.36, 22.48, 22.77, 22.75, 9999.0, 9999.0, 9999.0, 23.93, 9999.0, 22.77, 9999.0, 22.7, 22.5, 22.25, 22.25, 22.25
2026-08-23, 04:49:39, 22.36, 22.48, 22.77, 22.75, 9999.0, 9999.0, 9999.0, 23.98, 9999.0, 22.75, 9999.0, 22.68, 22.5, 22.25, 22.25, 22.25
2026-08-23, 04:49:43, 22.34, 22.48, 22.77, 22.75, 9999.0, 9999.0, 9999.0, 24.02, 9999.0, 22.7, 9999.0, 22.68, 22.5, 22.25, 22.25, 22.25
2026-08-23, 04:49:47, 22.36, 22.48, 22.77, 22.75, 9999.0, 9999.0, 9999.0, 24.05, 9999.0, 22.66, 9999.0, 22.68, 22.5, 22.25, 22.25, 22.25
2026-08-23, 04:49:51, 22.36, 22.48, 22.75, 22.75, 9999.0, 9999.0, 9999.0, 24.0, 9999.0, 22.64, 9999.0, 22.68, 22.5, 22.25, 22.25, 22.25
2026-08-23, 04:49:55, 22.36, 22.48, 22.75, 22.75, 9999.0, 9999.0, 9999.0, 23.95, 9999.0, 22.61, 9999.0, 22.68, 22.5, 22.25, 22.25, 22.25
2026-08-23, 04:49:59, 22.34, 22.48, 22.75, 22.75, 9999.0, 9999.0, 9999.0, 23.91, 9999.0, 22.59, 9999.0, 22.68, 22.5, 22.25, 22.25, 22.25
2026-08-23, 04:50:03, 22.32, 22.48, 22.75, 22.75, 9999.0, 9999.0, 9999.0, 23.89, 9999.0, 22.59, 9999.0, 22.68, 22.5, 22.25, 22.25, 22.25
2026-08-23, 04:50:07, 22.3, 22.48, 22.75, 22.75, 9999.0, 9999.0, 9999.0, 23.86, 9999.0, 22.59, 9999.0, 22.68, 22.5, 22.25, 22.25, 22.25
2026-08-23, 04:50:11, 22.27, 22.48, 22.75, 22.75, 9999.0, 9999.0, 9999.0, 23.82, 9999.0, 22.59, 9999.0, 22.68, 22.5, 22.25, 22.25, 22.25
2026-08-23, 04:50:15, 22.27, 22.45, 22.75, 22.75, 9999.0, 9999.0, 9999.0, 23.77, 9999.0, 22.61, 9999.0, 22.7, 22.5, 22.25, 22.25, 22.25
2026-08-23, 04:50:19, 22.3, 22.45, 22.75, 22.75, 9999.0, 9999.0, 9999.0, 23.73, 9999.0, 22.66, 9999.0, 22.73, 22.5, 22.25, 22.25, 22.25
2026-08-23, 04:50:23, 22.3, 22.45, 22.75, 22.75, 9999.0, 9999.0, 9999.0, 23.75, 9999.0, 22.68, 9999.0, 22.75, 22.5, 22.25, 22.25, 22.25
2026-08-23, 04:50:27, 22.3, 22.45, 22.75, 22.75, 9999.0, 9999.0, 9999.0, 23.77, 9999.0, 22.7, 9999.0, 22.75, 22.5, 22.25, 22.25, 22.25
2026-08-23, 04:50:31, 22.27, 22.45, 22.75, 22.75, 9999.0, 9999.0, 9999.0, 23.82, 9999.0, 22.73, 9999.0, 22.75, 22.5, 22.25, 22.25, 22.25
2026-08-23, 04:50:35, 22.27, 22.45, 22.75, 22.75, 9999.0, 9999.0, 9999.0, 23.86, 9999.0, 22.75, 9999.0, 22.75, 22.5, 22.25, 22.25, 22.25
2026-08-23, 04:50:39, 22.27, 22.45, 22.75, 22.75, 9999.0, 9999.0, 9999.0, 23.89, 9999.0, 22.77, 9999.0, 22.73, 22.5, 22.25, 22.25, 22.25
2026-08-23, 04:50:43, 22.27, 22.45, 22.75, 22.75, 9999.0, 9999.0, 9999.0, 23.91, 9999.0, 22.8, 9999.0, 22.7, 22.5, 22.25, 22.25, 22.25
2026-08-23, 04:50:47, 22.27, 22.45, 22.75, 22.75, 9999.0, 9999.0, 9999.0, 23.93, 9999.0, 22.8, 9999.0, 22.68, 22.5, 22.25, 22.25, 22.25
2026-08-23, 04:50:51, 22.27, 22.45, 22.75, 22.75, 9999.0, 9999.0, 9999.0, 23.95, 9999.0, 22.77, 9999.0, 22.66, 22.5, 22.25, 22.25, 22.25
2026-08-23, 04:50:55, 22.27, 22.45, 22.75, 22.75, 9999.0, 9999.0, 9999.0, 24.0, 9999.0, 22.75, 9999.0, 22.64, 22.5, 22.25, 22.25, 22.25
2026-08-23, 04:50:59, 22.27, 22.48, 22.75, 22.75, 9999.0, 9999.0, 9999.0, 24.05, 9999.0, 22.73, 9999.0, 22.61, 22.5, 22.25, 22.25, 22.25
2026-08-23, 04:51:03, 22.25, 22.48, 22.75, 22.75, 9999.0, 9999.0, 9999.0, 24.09, 9999.0, 22.68, 9999.0, 22.61, 22.5, 22.25, 22.25, 22.25
2026-08-23, 04:51:07, 22.25, 22.48, 22.75, 22.75, 9999.0, 9999.0, 9999.0, 24.05, 9999.0, 22.66, 9999.0, 22.61, 22.5, 22.25, 22.25, 22.25
2026-08-23, 04:51:11, 22.25, 22.48, 22.75, 22.75, 9999.0, 9999.0, 9999.0, 24.0, 9999.0, 22.64, 9999.0, 22.64, 22.5, 22.25, 22.25, 22.25
2026-08-23, 04:51:15, 22.25, 22.48, 22.75, 22.75, 9999.0, 9999.0, 9999.0, 23.95, 9999.0, 22.61, 9999.0, 22.64, 22.5, 22.25, 22.25, 22.25
2026-08-23, 04:51:19, 22.25, 22.48, 22.75, 22.75, 9999.0, 9999.0, 9999.0, 23.91, 9999.0, 22.59, 9999.0, 22.64, 22.5, 22.25, 22.25, 22.25
2026-08-23, 04:51:23, 22.25, 22.45, 22.75, 22.75, 9999.0, 9999.0, 9999.0, 23.89, 9999.0, 22.59, 9999.0, 22.66, 22.5, 22.25, 22.25, 22.25
2026-08-23, 04:51:27, 22.25, 22.45, 22.75, 22.75, 9999.0, 9999.0, 9999.0, 23.86, 9999.0, 22.59, 9999.0, 22.68, 22.5, 22.25, 22.25, 22.25
2026-08-23, 04:51:31, 22.25, 22.48, 22.75, 22.75, 9999.0, 9999.0, 9999.0, 23.84, 9999.0, 22.61, 9999.0, 22.7, 22.5, 22.25, 22.25, 22.25
2026-08-23, 04:51:35, 22.25, 22.45, 22.75, 22.75, 9999.0, 9999.0, 9999.0, 23.8, 9999.0, 22.64, 9999.0, 22.73, 22.5, 22.25, 22.25, 22.25
2026-08-23, 04:51:39, 22.25, 22.45, 22.75, 22.75, 9999.0, 9999.0, 9999.0, 23.75, 9999.0, 22.66, 9999.0, 22.75, 22.5, 22.25, 22.25, 22.25
2026-08-23, 04:51:43, 22.25, 22.45, 22.75, 22.75, 9999.0, 9999.0, 9999.0, 23.8, 9999.0, 22.66, 9999.0, 22.77, 22.5, 22.25, 22.25, 22.25
2026-08-23, 04:51:47, 22.25, 22.43, 22.75, 22.75, 9999.0, 9999.0, 9999.0, 23.82, 9999.0, 22.68, 9999.0, 22.77, 22.5, 22.25, 22.25, 22.25
2026-08-23, 04:51:51, 22.27, 22.43, 22.75, 22.75, 9999.0, 9999.0, 9999.0, 23.86, 9999.0, 22.7, 9999.0, 22.75, 22.5, 22.25, 22.25, 22.25
2026-08-23, 04:51:55, 22.27, 22.43, 22.75, 22.75, 9999.0, 9999.0, 9999.0, 23.91, 9999.0, 22.73, 9999.0, 22.7, 22.5, 22.25, 22.25, 22.25
2026-08-23, 04:51:59, 22.27, 22.43, 22.75, 22.75, 9999.0, 9999.0, 9999.0, 23.93, 9999.0, 22.75, 9999.0, 22.68, 22.5, 22.25, 22.25, 22.25
2026-08-23, 04:52:03, 22.27, 22.43, 22.75, 22.75, 9999.0, 9999.0, 9999.0, 23.95, 9999.0, 22.77, 9999.0, 22.68, 22.5, 22.25, 22.25, 22.25
2026-08-23, 04:52:07, 22.27, 22.43, 22.75, 22.75, 9999.0, 9999.0, 9999.0, 23.98, 9999.0, 22.77, 9999.0, 22.66, 22.5, 22.25, 22.25, 22.25
2026-08-23, 04:52:11, 22.27, 22.41, 22.75, 22.73, 9999.0, 9999.0, 9999.0, 24.0, 9999.0, 22.77, 9999.0, 22.64, 22.5, 22.25, 22.25, 22.25
2026-08-23, 04:52:15, 22.27, 22.39, 22.75, 22.73, 9999.0, 9999.0, 9999.0, 24.02, 9999.0, 22.75, 9999.0, 22.61, 22.5, 22.25, 22.25, 22.25
2026-08-23, 04:52:19, 22.27, 22.41, 22.75, 22.73, 9999.0, 9999.0, 9999.0, 24.07, 9999.0, 22.75, 9999.0, 22.61, 22.48, 22.25, 22.25, 22.25
2026-08-23, 04:52:23, 22.27, 22.41, 22.75, 22.73, 9999.0, 9999.0, 9999.0, 24.11, 9999.0, 22.73, 9999.0, 22.61, 22.48, 22.25, 22.25, 22.25
2026-08-23, 04:52:27, 22.27, 22.39, 22.75, 22.73, 9999.0, 9999.0, 9999.0, 24.05, 9999.0, 22.73, 9999.0, 22.61, 22.48, 22.25, 22.25, 22.25
2026-08-23, 04:52:31, 22.27, 22.41, 22.75, 22.73, 9999.0, 9999.0, 9999.0, 24.0, 9999.0, 22.73, 9999.0, 22.61, 22.48, 22.25, 22.25, 22.25
2026-08-23, 04:52:35, 22.27, 22.39, 22.75, 22.73, 9999.0, 9999.0, 9999.0, 23.95, 9999.0, 22.73, 9999.0, 22.64, 22.48, 22.25, 22.25, 22.25
2026-08-23, 04:52:39, 22.27, 22.39, 22.75, 22.73, 9999.0, 9999.0, 9999.0, 23.91, 9999.0, 22.73, 9999.0, 22.66, 22.48, 22.25, 22.25, 22.25
2026-08-23, 04:52:43, 22.27, 22.39, 22.75, 22.73, 9999.0, 9999.0, 9999.0, 23.89, 9999.0, 22.73, 9999.0, 22.68, 22.48, 22.25, 22.25, 22.25
2026-08-23, 04:52:47, 22.27, 22.39, 22.75, 22.73, 9999.0, 9999.0, 9999.0, 23.86, 9999.0, 22.73, 9999.0, 22.68, 22.48, 22.25, 22.25, 22.25
2026-08-23, 04:52:51, 22.27, 22.39, 22.75, 22.73, 9999.0, 9999.0, 9999.0, 23.82, 9999.0, 22.75, 9999.0, 22.7, 22.48, 22.25, 22.25, 22.25
2026-08-23, 04:52:55, 22.27, 22.39, 22.75, 22.75, 9999.0, 9999.0, 9999.0, 23.8, 9999.0, 22.77, 9999.0, 22.73, 22.48, 22.25, 22.25, 22.25
2026-08-23, 04:52:59, 22.27, 22.39, 22.75, 22.75, 9999.0, 9999.0, 9999.0, 23.84, 9999.0, 22.8, 9999.0, 22.75, 22.48, 22.25, 22.25, 22.25
2026-08-23, 04:53:03, 22.27, 22.39, 22.75, 22.75, 9999.0, 9999.0, 9999.0, 23.89, 9999.0, 22.82, 9999.0, 22.75, 22.5, 22.25, 22.25, 22.25
2026-08-23, 04:53:07, 22.27, 22.39, 22.75, 22.75, 9999.0, 9999.0, 9999.0, 23.91, 9999.0, 22.86, 9999.0, 22.75, 22.5, 22.25, 22.25, 22.25
2026-08-23, 04:53:11, 22.27, 22.39, 22.75, 22.75, 9999.0, 9999.0, 9999.0, 23.95, 9999.0, 22.86, 9999.0, 22.73, 22.5, 22.25, 22.25, 22.25
2026-08-23, 04:53:15, 22.27, 22.39, 22.75, 22.75, 9999.0, 9999.0, 9999.0, 24.0, 9999.0, 22.86, 9999.0, 22.7, 22.5, 22.25, 22.25, 22.25
2026-08-23, 04:53:20, 22.25, 22.41, 22.75, 22.75, 9999.0, 9999.0, 9999.0, 24.02, 9999.0, 22.86, 9999.0, 22.7, 22.5, 22.25, 22.25, 22.25
2026-08-23, 04:53:24, 22.25, 22.39, 22.75, 22.75, 9999.0, 9999.0, 9999.0, 24.05, 9999.0, 22.86, 9999.0, 22.7, 22.5, 22.25, 22.25, 22.25
2026-08-23, 04:53:28, 22.25, 22.36, 22.75, 22.75, 9999.0, 9999.0, 9999.0, 24.07, 9999.0, 22.86, 9999.0, 22.68, 22.48, 22.25, 22.25, 22.25
2026-08-23, 04:53:32, 22.25, 22.34, 22.75, 22.75, 9999.0, 9999.0, 9999.0, 24.09, 9999.0, 22.86, 9999.0, 22.66, 22.45, 22.25, 22.25, 22.25
2026-08-23, 04:53:36, 22.25, 22.34, 22.75, 22.75, 9999.0, 9999.0, 9999.0, 24.14, 9999.0, 22.84, 9999.0, 22.66, 22.45, 22.25, 22.25, 22.25
2026-08-23, 04:53:40, 22.25, 22.36, 22.75, 22.75, 9999.0, 9999.0, 9999.0, 24.16, 9999.0, 22.82, 9999.0, 22.64, 22.43, 22.25, 22.25, 22.25
2026-08-23, 04:53:44, 22.25, 22.39, 22.75, 22.75, 9999.0, 9999.0, 9999.0, 24.11, 9999.0, 22.8, 9999.0, 22.64, 22.41, 22.25, 22.25, 22.25
2026-08-23, 04:53:48, 22.25, 22.39, 22.75, 22.75, 9999.0, 9999.0, 9999.0, 24.07, 9999.0, 22.77, 9999.0, 22.64, 22.41, 22.25, 22.25, 22.25
2026-08-23, 04:53:52, 22.25, 22.39, 22.75, 22.75, 9999.0, 9999.0, 9999.0, 24.05, 9999.0, 22.75, 9999.0, 22.64, 22.41, 22.25, 22.25, 22.25
2026-08-23, 04:53:56, 22.25, 22.41, 22.75, 22.75, 9999.0, 9999.0, 9999.0, 24.02, 9999.0, 22.75, 9999.0, 22.66, 22.41, 22.25, 22.25, 22.25
2026-08-23, 04:54:00, 22.25, 22.41, 22.75, 22.75, 9999.0, 9999.0, 9999.0, 23.98, 9999.0, 22.75, 9999.0, 22.68, 22.41, 22.25, 22.25, 22.25
2026-08-23, 04:54:04, 22.25, 22.41, 22.75, 22.75, 9999.0, 9999.0, 9999.0, 23.95, 9999.0, 22.75, 9999.0, 22.68, 22.41, 22.25, 22.25, 22.25
2026-08-23, 04:54:08, 22.25, 22.41, 22.75, 22.75, 9999.0, 9999.0, 9999.0, 23.93, 9999.0, 22.77, 9999.0, 22.68, 22.41, 22.25, 22.25, 22.25
2026-08-23, 04:54:12, 22.25, 22.41, 22.75, 22.75, 9999.0, 9999.0, 9999.0, 23.89, 9999.0, 22.8, 9999.0, 22.7, 22.43, 22.25, 22.25, 22.25
2026-08-23, 04:54:16, 22.25, 22.41, 22.75, 22.75, 9999.0, 9999.0, 9999.0, 23.84, 9999.0, 22.82, 9999.0, 22.73, 22.45, 22.25, 22.25, 22.25
2026-08-23, 04:54:20, 22.25, 22.43, 22.75, 22.75, 9999.0, 9999.0, 9999.0, 23.89, 9999.0, 22.82, 9999.0, 22.73, 22.45, 22.25, 22.25, 22.25
2026-08-23, 04:54:24, 22.25, 22.41, 22.75, 22.75, 9999.0, 9999.0, 9999.0, 23.93, 9999.0, 22.82, 9999.0, 22.73, 22.48, 22.25, 22.25, 22.25
2026-08-23, 04:54:28, 22.25, 22.39, 22.75, 22.75, 9999.0, 9999.0, 9999.0, 23.95, 9999.0, 22.82, 9999.0, 22.7, 22.5, 22.25, 22.25, 22.25
2026-08-23, 04:54:32, 22.25, 22.39, 22.75, 22.75, 9999.0, 9999.0, 9999.0, 23.98, 9999.0, 22.82, 9999.0, 22.68, 22.5, 22.25, 22.25, 22.23
2026-08-23, 04:54:36, 22.25, 22.39, 22.75, 22.75, 9999.0, 9999.0, 9999.0, 24.0, 9999.0, 22.82, 9999.0, 22.66, 22.5, 22.25, 22.25, 22.23
2026-08-23, 04:54:40, 22.25, 22.39, 22.75, 22.75, 9999.0, 9999.0, 9999.0, 24.02, 9999.0, 22.8, 9999.0, 22.64, 22.5, 22.25, 22.25, 22.23
2026-08-23, 04:54:44, 22.25, 22.39, 22.75, 22.75, 9999.0, 9999.0, 9999.0, 24.05, 9999.0, 22.77, 9999.0, 22.61, 22.5, 22.25, 22.25, 22.23
2026-08-23, 04:54:48, 22.25, 22.36, 22.75, 22.75, 9999.0, 9999.0, 9999.0, 24.09, 9999.0, 22.77, 9999.0, 22.59, 22.5, 22.25, 22.25, 22.23
2026-08-23, 04:54:52, 22.25, 22.39, 22.75, 22.75, 9999.0, 9999.0, 9999.0, 24.11, 9999.0, 22.73, 9999.0, 22.57, 22.48, 22.25, 22.25, 22.23
2026-08-23, 04:54:56, 22.25, 22.41, 22.75, 22.75, 9999.0, 9999.0, 9999.0, 24.16, 9999.0, 22.68, 9999.0, 22.57, 22.45, 22.25, 22.25, 22.23
2026-08-23, 04:55:00, 22.25, 22.43, 22.75, 22.75, 9999.0, 9999.0, 9999.0, 24.2, 9999.0, 22.64, 9999.0, 22.57, 22.45, 22.23, 22.25, 22.23
2026-08-23, 04:55:04, 22.25, 22.43, 22.75, 22.75, 9999.0, 9999.0, 9999.0, 24.16, 9999.0, 22.61, 9999.0, 22.57, 22.45, 22.23, 22.25, 22.23
2026-08-23, 04:55:08, 22.25, 22.45, 22.75, 22.75, 9999.0, 9999.0, 9999.0, 24.11, 9999.0, 22.59, 9999.0, 22.59, 22.45, 22.23, 22.25, 22.23
2026-08-23, 04:55:12, 22.25, 22.48, 22.75, 22.75, 9999.0, 9999.0, 9999.0, 24.09, 9999.0, 22.57, 9999.0, 22.61, 22.45, 22.23, 22.25, 22.23
2026-08-23, 04:55:16, 22.25, 22.48, 22.75, 22.75, 9999.0, 9999.0, 9999.0, 24.05, 9999.0, 22.57, 9999.0, 22.64, 22.45, 22.23, 22.25, 22.25
2026-08-23, 04:55:20, 22.25, 22.48, 22.75, 22.75, 9999.0, 9999.0, 9999.0, 24.0, 9999.0, 22.57, 9999.0, 22.66, 22.45, 22.23, 22.25, 22.25
2026-08-23, 04:55:24, 22.25, 22.48, 22.75, 22.73, 9999.0, 9999.0, 9999.0, 23.95, 9999.0, 22.59, 9999.0, 22.68, 22.45, 22.23, 22.25, 22.25
2026-08-23, 04:55:28, 22.25, 22.48, 22.75, 22.73, 9999.0, 9999.0, 9999.0, 23.93, 9999.0, 22.61, 9999.0, 22.7, 22.45, 22.23, 22.25, 22.25
2026-08-23, 04:55:32, 22.25, 22.5, 22.75, 22.73, 9999.0, 9999.0, 9999.0, 23.86, 9999.0, 22.61, 9999.0, 22.73, 22.45, 22.23, 22.25, 22.25
2026-08-23, 04:55:36, 22.25, 22.5, 22.75, 22.73, 9999.0, 9999.0, 9999.0, 23.91, 9999.0, 22.64, 9999.0, 22.75, 22.48, 22.23, 22.25, 22.25
2026-08-23, 04:55:40, 22.25, 22.5, 22.75, 22.7, 9999.0, 9999.0, 9999.0, 23.93, 9999.0, 22.66, 9999.0, 22.75, 22.5, 22.23, 22.25, 22.25
2026-08-23, 04:55:44, 22.25, 22.5, 22.75, 22.7, 9999.0, 9999.0, 9999.0, 23.95, 9999.0, 22.68, 9999.0, 22.73, 22.5, 22.23, 22.25, 22.25
2026-08-23, 04:55:48, 22.25, 22.5, 22.75, 22.68, 9999.0, 9999.0, 9999.0, 23.98, 9999.0, 22.7, 9999.0, 22.7, 22.5, 22.23, 22.25, 22.25
2026-08-23, 04:55:52, 22.25, 22.5, 22.75, 22.68, 9999.0, 9999.0, 9999.0, 24.0, 9999.0, 22.7, 9999.0, 22.68, 22.5, 22.23, 22.25, 22.23
2026-08-23, 04:55:56, 22.25, 22.5, 22.75, 22.68, 9999.0, 9999.0, 9999.0, 24.0, 9999.0, 22.7, 9999.0, 22.66, 22.5, 22.23, 22.25, 22.23
2026-08-23, 04:56:00, 22.25, 22.5, 22.75, 22.68, 9999.0, 9999.0, 9999.0, 24.02, 9999.0, 22.68, 9999.0, 22.64, 22.5, 22.2, 22.25, 22.23
2026-08-23, 04:56:04, 22.25, 22.48, 22.75, 22.68, 9999.0, 9999.0, 9999.0, 24.07, 9999.0, 22.66, 9999.0, 22.61, 22.48, 22.2, 22.25, 22.23
2026-08-23, 04:56:08, 22.25, 22.48, 22.75, 22.7, 9999.0, 9999.0, 9999.0, 24.09, 9999.0, 22.64, 9999.0, 22.59, 22.45, 22.2, 22.25, 22.2
2026-08-23, 04:56:12, 22.25, 22.48, 22.75, 22.7, 9999.0, 9999.0, 9999.0, 24.11, 9999.0, 22.61, 9999.0, 22.59, 22.45, 22.18, 22.25, 22.2
2026-08-23, 04:56:16, 22.25, 22.48, 22.75, 22.7, 9999.0, 9999.0, 9999.0, 24.16, 9999.0, 22.59, 9999.0, 22.59, 22.43, 22.16, 22.25, 22.2
2026-08-23, 04:56:20, 22.25, 22.48, 22.75, 22.7, 9999.0, 9999.0, 9999.0, 24.11, 9999.0, 22.57, 9999.0, 22.59, 22.41, 22.16, 22.25, 22.18
2026-08-23, 04:56:24, 22.25, 22.48, 22.75, 22.73, 9999.0, 9999.0, 9999.0, 24.09, 9999.0, 22.55, 9999.0, 22.59, 22.41, 22.16, 22.25, 22.18
2026-08-23, 04:56:28, 22.25, 22.48, 22.75, 22.73, 9999.0, 9999.0, 9999.0, 24.05, 9999.0, 22.52, 9999.0, 22.61, 22.41, 22.18, 22.25, 22.18
2026-08-23, 04:56:32, 22.25, 22.48, 22.75, 22.75, 9999.0, 9999.0, 9999.0, 24.0, 9999.0, 22.52, 9999.0, 22.64, 22.41, 22.18, 22.25, 22.18
2026-08-23, 04:56:36, 22.25, 22.48, 22.75, 22.75, 9999.0, 9999.0, 9999.0, 23.95, 9999.0, 22.55, 9999.0, 22.66, 22.41, 22.18, 22.25, 22.2
2026-08-23, 04:56:40, 22.25, 22.45, 22.75, 22.75, 9999.0, 9999.0, 9999.0, 23.93, 9999.0, 22.57, 9999.0, 22.68, 22.41, 22.18, 22.25, 22.2
2026-08-23, 04:56:44, 22.25, 22.45, 22.75, 22.75, 9999.0, 9999.0, 9999.0, 23.91, 9999.0, 22.59, 9999.0, 22.7, 22.41, 22.2, 22.25, 22.2
2026-08-23, 04:56:48, 22.25, 22.45, 22.75, 22.75, 9999.0, 9999.0, 9999.0, 23.86, 9999.0, 22.61, 9999.0, 22.73, 22.43, 22.2, 22.25, 22.2
2026-08-23, 04:56:52, 22.25, 22.45, 22.75, 22.75, 9999.0, 9999.0, 9999.0, 23.82, 9999.0, 22.64, 9999.0, 22.75, 22.45, 22.2, 22.25, 22.23
2026-08-23, 04:56:56, 22.25, 22.43, 22.75, 22.75, 9999.0, 9999.0, 9999.0, 23.86, 9999.0, 22.66, 9999.0, 22.73, 22.45, 22.23, 22.25, 22.23
2026-08-23, 04:57:00, 22.25, 22.43, 22.75, 22.75, 9999.0, 9999.0, 9999.0, 23.89, 9999.0, 22.68, 9999.0, 22.7, 22.48, 22.25, 22.25, 22.23
2026-08-23, 04:57:04, 22.25, 22.43, 22.75, 22.75, 9999.0, 9999.0, 9999.0, 23.91, 9999.0, 22.7, 9999.0, 22.68, 22.5, 22.25, 22.25, 22.25
2026-08-23, 04:57:09, 22.25, 22.43, 22.75, 22.75, 9999.0, 9999.0, 9999.0, 23.93, 9999.0, 22.73, 9999.0, 22.66, 22.48, 22.23, 22.25, 22.25
2026-08-23, 04:57:13, 22.25, 22.41, 22.75, 22.73, 9999.0, 9999.0, 9999.0, 23.95, 9999.0, 22.75, 9999.0, 22.64, 22.48, 22.23, 22.25, 22.23
2026-08-23, 04:57:17, 22.25, 22.41, 22.75, 22.73, 9999.0, 9999.0, 9999.0, 23.98, 9999.0, 22.73, 9999.0, 22.61, 22.48, 22.23, 22.25, 22.23
2026-08-23, 04:57:21, 22.25, 22.41, 22.75, 22.73, 9999.0, 9999.0, 9999.0, 24.0, 9999.0, 22.7, 9999.0, 22.59, 22.48, 22.23, 22.25, 22.23
2026-08-23, 04:57:25, 22.25, 22.43, 22.75, 22.73, 9999.0, 9999.0, 9999.0, 24.05, 9999.0, 22.68, 9999.0, 22.57, 22.48, 22.23, 22.25, 22.23
2026-08-23, 04:57:29, 22.25, 22.41, 22.75, 22.73, 9999.0, 9999.0, 9999.0, 24.07, 9999.0, 22.66, 9999.0, 22.55, 22.48, 22.23, 22.25, 22.23
2026-08-23, 04:57:33, 22.25, 22.43, 22.75, 22.73, 9999.0, 9999.0, 9999.0, 24.09, 9999.0, 22.64, 9999.0, 22.55, 22.48, 22.23, 22.25, 22.23
2026-08-23, 04:57:37, 22.25, 22.43, 22.75, 22.73, 9999.0, 9999.0, 9999.0, 24.14, 9999.0, 22.61, 9999.0, 22.52, 22.45, 22.23, 22.25, 22.2
2026-08-23, 04:57:41, 22.25, 22.45, 22.75, 22.73, 9999.0, 9999.0, 9999.0, 24.09, 9999.0, 22.59, 9999.0, 22.55, 22.45, 22.23, 22.25, 22.2
2026-08-23, 04:57:45, 22.25, 22.43, 22.75, 22.73, 9999.0, 9999.0, 9999.0, 24.05, 9999.0, 22.57, 9999.0, 22.57, 22.45, 22.23, 22.25, 22.2
2026-08-23, 04:57:49, 22.25, 22.43, 22.75, 22.73, 9999.0, 9999.0, 9999.0, 24.0, 9999.0, 22.55, 9999.0, 22.59, 22.45, 22.23, 22.25, 22.2
2026-08-23, 04:57:53, 22.25, 22.43, 22.75, 22.73, 9999.0, 9999.0, 9999.0, 23.95, 9999.0, 22.55, 9999.0, 22.61, 22.48, 22.25, 22.25, 22.2
2026-08-23, 04:57:57, 22.25, 22.45, 22.75, 22.75, 9999.0, 9999.0, 9999.0, 23.93, 9999.0, 22.55, 9999.0, 22.64, 22.45, 22.25, 22.25, 22.23
2026-08-23, 04:58:01, 22.25, 22.45, 22.75, 22.75, 9999.0, 9999.0, 9999.0, 23.91, 9999.0, 22.57, 9999.0, 22.66, 22.45, 22.25, 22.25, 22.23
2026-08-23, 04:58:05, 22.25, 22.43, 22.75, 22.75, 9999.0, 9999.0, 9999.0, 23.89, 9999.0, 22.59, 9999.0, 22.68, 22.45, 22.25, 22.25, 22.2
2026-08-23, 04:58:09, 22.25, 22.43, 22.75, 22.75, 9999.0, 9999.0, 9999.0, 23.84, 9999.0, 22.61, 9999.0, 22.7, 22.45, 22.25, 22.25, 22.18
2026-08-23, 04:58:13, 22.25, 22.45, 22.75, 22.73, 9999.0, 9999.0, 9999.0, 23.86, 9999.0, 22.64, 9999.0, 22.7, 22.45, 22.25, 22.25, 22.18
2026-08-23, 04:58:17, 22.25, 22.45, 22.75, 22.73, 9999.0, 9999.0, 9999.0, 23.89, 9999.0, 22.66, 9999.0, 22.7, 22.45, 22.25, 22.25, 22.16
2026-08-23, 04:58:21, 22.25, 22.45, 22.75, 22.73, 9999.0, 9999.0, 9999.0, 23.91, 9999.0, 22.68, 9999.0, 22.7, 22.48, 22.25, 22.25, 22.18
2026-08-23, 04:58:25, 22.25, 22.43, 22.75, 22.7, 9999.0, 9999.0, 9999.0, 23.93, 9999.0, 22.68, 9999.0, 22.68, 22.45, 22.25, 22.25, 22.18
2026-08-23, 04:58:29, 22.25, 22.43, 22.75, 22.7, 9999.0, 9999.0, 9999.0, 23.95, 9999.0, 22.68, 9999.0, 22.66, 22.45, 22.25, 22.25, 22.18
2026-08-23, 04:58:33, 22.25, 22.43, 22.75, 22.7, 9999.0, 9999.0, 9999.0, 23.98, 9999.0, 22.68, 9999.0, 22.64, 22.45, 22.25, 22.25, 22.16
2026-08-23, 04:58:37, 22.25, 22.41, 22.75, 22.7, 9999.0, 9999.0, 9999.0, 24.0, 9999.0, 22.66, 9999.0, 22.61, 22.45, 22.25, 22.25, 22.16
2026-08-23, 04:58:41, 22.25, 22.41, 22.75, 22.7, 9999.0, 9999.0, 9999.0, 24.02, 9999.0, 22.64, 9999.0, 22.59, 22.48, 22.25, 22.25, 22.16
2026-08-23, 04:58:45, 22.25, 22.41, 22.75, 22.7, 9999.0, 9999.0, 9999.0, 24.05, 9999.0, 22.61, 9999.0, 22.57, 22.48, 22.25, 22.25, 22.16
2026-08-23, 04:58:49, 22.25, 22.43, 22.75, 22.7, 9999.0, 9999.0, 9999.0, 24.07, 9999.0, 22.59, 9999.0, 22.57, 22.48, 22.23, 22.25, 22.18
2026-08-23, 04:58:53, 22.25, 22.43, 22.75, 22.68, 9999.0, 9999.0, 9999.0, 24.09, 9999.0, 22.57, 9999.0, 22.57, 22.48, 22.23, 22.25, 22.2
2026-08-23, 04:58:57, 22.25, 22.43, 22.75, 22.7, 9999.0, 9999.0, 9999.0, 24.05, 9999.0, 22.55, 9999.0, 22.59, 22.48, 22.23, 22.25, 22.2
2026-08-23, 04:59:01, 22.25, 22.41, 22.75, 22.7, 9999.0, 9999.0, 9999.0, 24.0, 9999.0, 22.5, 9999.0, 22.59, 22.48, 22.23, 22.25, 22.23
2026-08-23, 04:59:05, 22.25, 22.39, 22.75, 22.7, 9999.0, 9999.0, 9999.0, 23.95, 9999.0, 22.48, 9999.0, 22.61, 22.48, 22.23, 22.25, 22.23
2026-08-23, 04:59:09, 22.25, 22.41, 22.75, 22.73, 9999.0, 9999.0, 9999.0, 23.91, 9999.0, 22.5, 9999.0, 22.64, 22.48, 22.23, 22.25, 22.23
2026-08-23, 04:59:13, 22.25, 22.43, 22.75, 22.73, 9999.0, 9999.0, 9999.0, 23.89, 9999.0, 22.52, 9999.0, 22.66, 22.48, 22.23, 22.25, 22.23
2026-08-23, 04:59:17, 22.25, 22.43, 22.75, 22.73, 9999.0, 9999.0, 9999.0, 23.86, 9999.0, 22.52, 9999.0, 22.68, 22.48, 22.23, 22.25, 22.25
2026-08-23, 04:59:21, 22.25, 22.45, 22.75, 22.73, 9999.0, 9999.0, 9999.0, 23.84, 9999.0, 22.55, 9999.0, 22.7, 22.48, 22.23, 22.25, 22.23
2026-08-23, 04:59:25, 22.25, 22.45, 22.75, 22.73, 9999.0, 9999.0, 9999.0, 23.8, 9999.0, 22.57, 9999.0, 22.73, 22.48, 22.23, 22.25, 22.23
2026-08-23, 04:59:29, 22.25, 22.43, 22.75, 22.73, 9999.0, 9999.0, 9999.0, 23.84, 9999.0, 22.59, 9999.0, 22.73, 22.48, 22.23, 22.25, 22.23
2026-08-23, 04:59:33, 22.25, 22.43, 22.75, 22.73, 9999.0, 9999.0, 9999.0, 23.86, 9999.0, 22.59, 9999.0, 22.7, 22.48, 22.25, 22.25, 22.23
2026-08-23, 04:59:37, 22.25, 22.43, 22.75, 22.75, 9999.0, 9999.0, 9999.0, 23.89, 9999.0, 22.59, 9999.0, 22.68, 22.48, 22.25, 22.25, 22.23
2026-08-23, 04:59:41, 22.25, 22.43, 22.75, 22.75, 9999.0, 9999.0, 9999.0, 23.93, 9999.0, 22.59, 9999.0, 22.66, 22.48, 22.25, 22.25, 22.23
2026-08-23, 04:59:45, 22.25, 22.45, 22.75, 22.75, 9999.0, 9999.0, 9999.0, 23.98, 9999.0, 22.59, 9999.0, 22.64, 22.48, 22.25, 22.25, 22.23
2026-08-23, 04:59:49, 22.25, 22.45, 22.75, 22.73, 9999.0, 9999.0, 9999.0, 24.0, 9999.0, 22.59, 9999.0, 22.61, 22.48, 22.25, 22.25, 22.23
2026-08-23, 04:59:53, 22.25, 22.45, 22.75, 22.7, 9999.0, 9999.0, 9999.0, 24.02, 9999.0, 22.55, 9999.0, 22.59, 22.48, 22.25, 22.25, 22.23
2026-08-23, 04:59:57, 22.25, 22.45, 22.75, 22.7, 9999.0, 9999.0, 9999.0, 24.05, 9999.0, 22.5, 9999.0, 22.57, 22.48, 22.25, 22.25, 22.23
2026-08-23, 05:00:01, 22.25, 22.45, 22.75, 22.7, 9999.0, 9999.0, 9999.0, 24.07, 9999.0, 22.48, 9999.0, 22.55, 22.48, 22.25, 22.25, 22.23
2026-08-23, 05:00:05, 22.25, 22.45, 22.75, 22.7, 9999.0, 9999.0, 9999.0, 24.09, 9999.0, 22.43, 9999.0, 22.52, 22.45, 22.25, 22.25, 22.25
2026-08-23, 05:00:09, 22.25, 22.43, 22.75, 22.68, 9999.0, 9999.0, 9999.0, 24.11, 9999.0, 22.39, 9999.0, 22.52, 22.45, 22.25, 22.25, 22.25
2026-08-23, 05:00:13, 22.25, 22.45, 22.75, 22.68, 9999.0, 9999.0, 9999.0, 24.05, 9999.0, 22.34, 9999.0, 22.55, 22.45, 22.25, 22.25, 22.25
2026-08-23, 05:00:17, 22.25, 22.45, 22.75, 22.66, 9999.0, 9999.0, 9999.0, 24.0, 9999.0, 22.32, 9999.0, 22.57, 22.45, 22.23, 22.25, 22.25
2026-08-23, 05:00:21, 22.25, 22.43, 22.75, 22.66, 9999.0, 9999.0, 9999.0, 23.95, 9999.0, 22.27, 9999.0, 22.59, 22.45, 22.23, 22.25, 22.25
2026-08-23, 05:00:25, 22.25, 22.43, 22.75, 22.64, 9999.0, 9999.0, 9999.0, 23.91, 9999.0, 22.23, 9999.0, 22.61, 22.45, 22.23, 22.25, 22.25
2026-08-23, 05:00:29, 22.25, 22.41, 22.75, 22.64, 9999.0, 9999.0, 9999.0, 23.86, 9999.0, 22.23, 9999.0, 22.64, 22.45, 22.23, 22.25, 22.25
2026-08-23, 05:00:33, 22.25, 22.43, 22.75, 22.66, 9999.0, 9999.0, 9999.0, 23.82, 9999.0, 22.2, 9999.0, 22.66, 22.45, 22.23, 22.25, 22.25
2026-08-23, 05:00:37, 22.25, 22.43, 22.75, 22.68, 9999.0, 9999.0, 9999.0, 23.77, 9999.0, 22.23, 9999.0, 22.68, 22.48, 22.23, 22.25, 22.25
2026-08-23, 05:00:41, 22.25, 22.43, 22.75, 22.68, 9999.0, 9999.0, 9999.0, 23.73, 9999.0, 22.25, 9999.0, 22.7, 22.48, 22.23, 22.25, 22.25
2026-08-23, 05:00:45, 22.25, 22.41, 22.75, 22.68, 9999.0, 9999.0, 9999.0, 23.66, 9999.0, 22.25, 9999.0, 22.73, 22.48, 22.23, 22.25, 22.25
2026-08-23, 05:00:49, 22.25, 22.41, 22.75, 22.68, 9999.0, 9999.0, 9999.0, 23.68, 9999.0, 22.27, 9999.0, 22.73, 22.48, 22.23, 22.25, 22.25
2026-08-23, 05:00:54, 22.25, 22.43, 22.75, 22.7, 9999.0, 9999.0, 9999.0, 23.73, 9999.0, 22.27, 9999.0, 22.7, 22.48, 22.2, 22.25, 22.25
2026-08-23, 05:00:58, 22.25, 22.43, 22.75, 22.68, 9999.0, 9999.0, 9999.0, 23.77, 9999.0, 22.27, 9999.0, 22.68, 22.48, 22.2, 22.25, 22.25
2026-08-23, 05:01:02, 22.25, 22.41, 22.75, 22.7, 9999.0, 9999.0, 9999.0, 23.8, 9999.0, 22.27, 9999.0, 22.66, 22.48, 22.23, 22.25, 22.25
2026-08-23, 05:01:06, 22.25, 22.43, 22.75, 22.7, 9999.0, 9999.0, 9999.0, 23.82, 9999.0, 22.3, 9999.0, 22.64, 22.48, 22.23, 22.25, 22.25
2026-08-23, 05:01:10, 22.25, 22.43, 22.75, 22.73, 9999.0, 9999.0, 9999.0, 23.84, 9999.0, 22.32, 9999.0, 22.61, 22.48, 22.23, 22.25, 22.25
2026-08-23, 05:01:14, 22.25, 22.43, 22.75, 22.7, 9999.0, 9999.0, 9999.0, 23.84, 9999.0, 22.32, 9999.0, 22.59, 22.45, 22.23, 22.25, 22.25
2026-08-23, 05:01:18, 22.25, 22.43, 22.75, 22.68, 9999.0, 9999.0, 9999.0, 23.86, 9999.0, 22.3, 9999.0, 22.57, 22.43, 22.23, 22.25, 22.25
2026-08-23, 05:01:22, 22.25, 22.43, 22.75, 22.68, 9999.0, 9999.0, 9999.0, 23.89, 9999.0, 22.25, 9999.0, 22.55, 22.43, 22.23, 22.25, 22.25
2026-08-23, 05:01:26, 22.25, 22.41, 22.75, 22.68, 9999.0, 9999.0, 9999.0, 23.91, 9999.0, 22.2, 9999.0, 22.55, 22.41, 22.23, 22.25, 22.25
2026-08-23, 05:01:30, 22.25, 22.43, 22.75, 22.68, 9999.0, 9999.0, 9999.0, 23.95, 9999.0, 22.18, 9999.0, 22.55, 22.41, 22.23, 22.25, 22.25
2026-08-23, 05:01:34, 22.25, 22.43, 22.75, 22.66, 9999.0, 9999.0, 9999.0, 23.91, 9999.0, 22.14, 9999.0, 22.57, 22.43, 22.23, 22.25, 22.25
2026-08-23, 05:01:38, 22.25, 22.41, 22.75, 22.66, 9999.0, 9999.0, 9999.0, 23.84, 9999.0, 22.11, 9999.0, 22.59, 22.43, 22.25, 22.25, 22.25
2026-08-23, 05:01:42, 22.25, 22.41, 22.75, 22.68, 9999.0, 9999.0, 9999.0, 23.77, 9999.0, 22.09, 9999.0, 22.61, 22.43, 22.25, 22.25, 22.25
2026-08-23, 05:01:46, 22.25, 22.41, 22.75, 22.68, 9999.0, 9999.0, 9999.0, 23.73, 9999.0, 22.09, 9999.0, 22.64, 22.43, 22.23, 22.25, 22.25
2026-08-23, 05:01:50, 22.25, 22.39, 22.75, 22.68, 9999.0, 9999.0, 9999.0, 23.68, 9999.0, 22.09, 9999.0, 22.66, 22.43, 22.23, 22.25, 22.25
2026-08-23, 05:01:54, 22.25, 22.39, 22.75, 22.68, 9999.0, 9999.0, 9999.0, 23.64, 9999.0, 22.09, 9999.0, 22.68, 22.43, 22.23, 22.25, 22.25
2026-08-23, 05:01:58, 22.25, 22.41, 22.75, 22.7, 9999.0, 9999.0, 9999.0, 23.61, 9999.0, 22.11, 9999.0, 22.7, 22.45, 22.23, 22.25, 22.25
2026-08-23, 05:02:02, 22.25, 22.41, 22.75, 22.73, 9999.0, 9999.0, 9999.0, 23.59, 9999.0, 22.14, 9999.0, 22.73, 22.48, 22.23, 22.25, 22.25
2026-08-23, 05:02:06, 22.25, 22.41, 22.75, 22.73, 9999.0, 9999.0, 9999.0, 23.64, 9999.0, 22.16, 9999.0, 22.75, 22.48, 22.23, 22.25, 22.25
2026-08-23, 05:02:10, 22.25, 22.41, 22.75, 22.73, 9999.0, 9999.0, 9999.0, 23.66, 9999.0, 22.18, 9999.0, 22.75, 22.5, 22.2, 22.25, 22.25
2026-08-23, 05:02:14, 22.25, 22.39, 22.75, 22.73, 9999.0, 9999.0, 9999.0, 23.68, 9999.0, 22.2, 9999.0, 22.73, 22.5, 22.2, 22.25, 22.25
2026-08-23, 05:02:18, 22.25, 22.36, 22.75, 22.75, 9999.0, 9999.0, 9999.0, 23.7, 9999.0, 22.23, 9999.0, 22.7, 22.5, 22.2, 22.25, 22.25
2026-08-23, 05:02:22, 22.25, 22.36, 22.75, 22.75, 9999.0, 9999.0, 9999.0, 23.75, 9999.0, 22.23, 9999.0, 22.68, 22.5, 22.2, 22.25, 22.25
2026-08-23, 05:02:26, 22.25, 22.36, 22.75, 22.75, 9999.0, 9999.0, 9999.0, 23.8, 9999.0, 22.23, 9999.0, 22.66, 22.5, 22.2, 22.25, 22.25
2026-08-23, 05:02:30, 22.25, 22.36, 22.75, 22.75, 9999.0, 9999.0, 9999.0, 23.84, 9999.0, 22.2, 9999.0, 22.64, 22.5, 22.23, 22.25, 22.25
2026-08-23, 05:02:34, 22.25, 22.36, 22.75, 22.75, 9999.0, 9999.0, 9999.0, 23.86, 9999.0, 22.18, 9999.0, 22.61, 22.48, 22.23, 22.25, 22.25
2026-08-23, 05:02:38, 22.25, 22.36, 22.75, 22.75, 9999.0, 9999.0, 9999.0, 23.89, 9999.0, 22.16, 9999.0, 22.59, 22.48, 22.23, 22.25, 22.25
2026-08-23, 05:02:42, 22.25, 22.36, 22.75, 22.75, 9999.0, 9999.0, 9999.0, 23.89, 9999.0, 22.11, 9999.0, 22.59, 22.48, 22.23, 22.25, 22.25
2026-08-23, 05:02:46, 22.25, 22.34, 22.75, 22.75, 9999.0, 9999.0, 9999.0, 23.89, 9999.0, 22.09, 9999.0, 22.59, 22.48, 22.23, 22.25, 22.25
2026-08-23, 05:02:50, 22.25, 22.34, 22.75, 22.75, 9999.0, 9999.0, 9999.0, 23.82, 9999.0, 22.07, 9999.0, 22.59, 22.48, 22.23, 22.25, 22.25
2026-08-23, 05:02:54, 22.25, 22.34, 22.75, 22.75, 9999.0, 9999.0, 9999.0, 23.77, 9999.0, 22.05, 9999.0, 22.59, 22.48, 22.25, 22.25, 22.25
2026-08-23, 05:02:58, 22.25, 22.36, 22.75, 22.75, 9999.0, 9999.0, 9999.0, 23.73, 9999.0, 22.0, 9999.0, 22.61, 22.48, 22.25, 22.25, 22.25
2026-08-23, 05:03:02, 22.25, 22.39, 22.75, 22.75, 9999.0, 9999.0, 9999.0, 23.68, 9999.0, 21.95, 9999.0, 22.64, 22.48, 22.25, 22.25, 22.25
2026-08-23, 05:03:06, 22.25, 22.41, 22.75, 22.75, 9999.0, 9999.0, 9999.0, 23.64, 9999.0, 21.98, 9999.0, 22.66, 22.48, 22.25, 22.25, 22.25
2026-08-23, 05:03:10, 22.25, 22.41, 22.75, 22.75, 9999.0, 9999.0, 9999.0, 23.59, 9999.0, 21.98, 9999.0, 22.68, 22.48, 22.25, 22.25, 22.25
2026-08-23, 05:03:14, 22.25, 22.43, 22.75, 22.75, 9999.0, 9999.0, 9999.0, 23.55, 9999.0, 22.0, 9999.0, 22.7, 22.48, 22.25, 22.25, 22.25
2026-08-23, 05:03:18, 22.25, 22.45, 22.75, 22.75, 9999.0, 9999.0, 9999.0, 23.52, 9999.0, 22.02, 9999.0, 22.73, 22.5, 22.25, 22.25, 22.25
2026-08-23, 05:03:22, 22.25, 22.45, 22.75, 22.75, 9999.0, 9999.0, 9999.0, 23.5, 9999.0, 22.05, 9999.0, 22.75, 22.5, 22.23, 22.25, 22.25
2026-08-23, 05:03:26, 22.25, 22.43, 22.75, 22.75, 9999.0, 9999.0, 9999.0, 23.57, 9999.0, 22.07, 9999.0, 22.75, 22.5, 22.23, 22.25, 22.25
2026-08-23, 05:03:30, 22.25, 22.45, 22.75, 22.75, 9999.0, 9999.0, 9999.0, 23.64, 9999.0, 22.09, 9999.0, 22.75, 22.5, 22.23, 22.25, 22.25
2026-08-23, 05:03:34, 22.25, 22.45, 22.75, 22.75, 9999.0, 9999.0, 9999.0, 23.68, 9999.0, 22.09, 9999.0, 22.75, 22.5, 22.23, 22.25, 22.25
2026-08-23, 05:03:38, 22.25, 22.48, 22.75, 22.75, 9999.0, 9999.0, 9999.0, 23.73, 9999.0, 22.09, 9999.0, 22.73, 22.5, 22.23, 22.25, 22.25
2026-08-23, 05:03:42, 22.25, 22.48, 22.75, 22.75, 9999.0, 9999.0, 9999.0, 23.77, 9999.0, 22.11, 9999.0, 22.7, 22.5, 22.23, 22.25, 22.25
2026-08-23, 05:03:46, 22.25, 22.45, 22.75, 22.75, 9999.0, 9999.0, 9999.0, 23.8, 9999.0, 22.14, 9999.0, 22.68, 22.5, 22.23, 22.25, 22.25
2026-08-23, 05:03:50, 22.25, 22.45, 22.75, 22.75, 9999.0, 9999.0, 9999.0, 23.82, 9999.0, 22.11, 9999.0, 22.66, 22.5, 22.23, 22.25, 22.25
2026-08-23, 05:03:54, 22.25, 22.45, 22.75, 22.75, 9999.0, 9999.0, 9999.0, 23.84, 9999.0, 22.11, 9999.0, 22.64, 22.5, 22.23, 22.25, 22.25
2026-08-23, 05:03:58, 22.25, 22.45, 22.75, 22.75, 9999.0, 9999.0, 9999.0, 23.86, 9999.0, 22.09, 9999.0, 22.61, 22.48, 22.23, 22.25, 22.25
2026-08-23, 05:04:02, 22.25, 22.45, 22.75, 22.75, 9999.0, 9999.0, 9999.0, 23.89, 9999.0, 22.09, 9999.0, 22.61, 22.45, 22.23, 22.25, 22.25
2026-08-23, 05:04:06, 22.25, 22.43, 22.75, 22.75, 9999.0, 9999.0, 9999.0, 23.89, 9999.0, 22.07, 9999.0, 22.59, 22.43, 22.25, 22.25, 22.25
2026-08-23, 05:04:10, 22.25, 22.43, 22.75, 22.75, 9999.0, 9999.0, 9999.0, 23.82, 9999.0, 22.05, 9999.0, 22.59, 22.43, 22.25, 22.25, 22.25
2026-08-23, 05:04:14, 22.25, 22.41, 22.75, 22.75, 9999.0, 9999.0, 9999.0, 23.75, 9999.0, 22.02, 9999.0, 22.59, 22.43, 22.25, 22.25, 22.25
2026-08-23, 05:04:18, 22.25, 22.39, 22.75, 22.75, 9999.0, 9999.0, 9999.0, 23.7, 9999.0, 22.02, 9999.0, 22.59, 22.43, 22.25, 22.25, 22.25
2026-08-23, 05:04:22, 22.25, 22.39, 22.75, 22.75, 9999.0, 9999.0, 9999.0, 23.64, 9999.0, 22.05, 9999.0, 22.61, 22.43, 22.25, 22.25, 22.25
2026-08-23, 05:04:26, 22.25, 22.36, 22.75, 22.75, 9999.0, 9999.0, 9999.0, 23.59, 9999.0, 22.07, 9999.0, 22.64, 22.43, 22.25, 22.25, 22.25
2026-08-23, 05:04:30, 22.25, 22.36, 22.75, 22.75, 9999.0, 9999.0, 9999.0, 23.57, 9999.0, 22.09, 9999.0, 22.66, 22.43, 22.25, 22.25, 22.25
2026-08-23, 05:04:34, 22.25, 22.36, 22.75, 22.75, 9999.0, 9999.0, 9999.0, 23.52, 9999.0, 22.11, 9999.0, 22.68, 22.43, 22.25, 22.25, 22.25
2026-08-23, 05:04:38, 22.25, 22.36, 22.75, 22.75, 9999.0, 9999.0, 9999.0, 23.5, 9999.0, 22.14, 9999.0, 22.7, 22.43, 22.25, 22.25, 22.25
2026-08-23, 05:04:42, 22.25, 22.36, 22.75, 22.75, 9999.0, 9999.0, 9999.0, 23.55, 9999.0, 22.16, 9999.0, 22.73, 22.45, 22.25, 22.25, 22.25
2026-08-23, 05:04:47, 22.25, 22.34, 22.75, 22.75, 9999.0, 9999.0, 9999.0, 23.57, 9999.0, 22.16, 9999.0, 22.7, 22.48, 22.25, 22.25, 22.25
2026-08-23, 05:04:51, 22.25, 22.36, 22.75, 22.75, 9999.0, 9999.0, 9999.0, 23.61, 9999.0, 22.18, 9999.0, 22.73, 22.5, 22.23, 22.25, 22.25
2026-08-23, 05:04:55, 22.25, 22.39, 22.75, 22.75, 9999.0, 9999.0, 9999.0, 23.66, 9999.0, 22.18, 9999.0, 22.7, 22.5, 22.23, 22.25, 22.25
2026-08-23, 05:04:59, 22.25, 22.41, 22.75, 22.75, 9999.0, 9999.0, 9999.0, 23.68, 9999.0, 22.2, 9999.0, 22.7, 22.5, 22.23, 22.25, 22.25
2026-08-23, 05:05:03, 22.25, 22.41, 22.75, 22.75, 9999.0, 9999.0, 9999.0, 23.7, 9999.0, 22.2, 9999.0, 22.68, 22.5, 22.23, 22.25, 22.25
2026-08-23, 05:05:07, 22.25, 22.41, 22.75, 22.75, 9999.0, 9999.0, 9999.0, 23.75, 9999.0, 22.18, 9999.0, 22.66, 22.5, 22.23, 22.25, 22.25
2026-08-23, 05:05:11, 22.25, 22.43, 22.75, 22.75, 9999.0, 9999.0, 9999.0, 23.77, 9999.0, 22.16, 9999.0, 22.64, 22.5, 22.23, 22.25, 22.25
2026-08-23, 05:05:15, 22.25, 22.43, 22.75, 22.75, 9999.0, 9999.0, 9999.0, 23.82, 9999.0, 22.14, 9999.0, 22.61, 22.5, 22.23, 22.25, 22.25
2026-08-23, 05:05:19, 22.25, 22.41, 22.75, 22.75, 9999.0, 9999.0, 9999.0, 23.86, 9999.0, 22.14, 9999.0, 22.61, 22.5, 22.23, 22.25, 22.25
2026-08-23, 05:05:23, 22.25, 22.39, 22.75, 22.75, 9999.0, 9999.0, 9999.0, 23.89, 9999.0, 22.11, 9999.0, 22.61, 22.5, 22.23, 22.25, 22.25
2026-08-23, 05:05:27, 22.25, 22.39, 22.75, 22.75, 9999.0, 9999.0, 9999.0, 23.84, 9999.0, 22.09, 9999.0, 22.61, 22.5, 22.23, 22.25, 22.25
2026-08-23, 05:05:31, 22.27, 22.41, 22.75, 22.75, 9999.0, 9999.0, 9999.0, 23.8, 9999.0, 22.07, 9999.0, 22.66, 22.5, 22.23, 22.25, 22.25
2026-08-23, 05:05:35, 22.27, 22.39, 22.75, 22.75, 9999.0, 9999.0, 9999.0, 23.75, 9999.0, 22.05, 9999.0, 22.66, 22.5, 22.25, 22.25, 22.25
2026-08-23, 05:05:39, 22.27, 22.39, 22.75, 22.75, 9999.0, 9999.0, 9999.0, 23.7, 9999.0, 22.07, 9999.0, 22.68, 22.5, 22.25, 22.25, 22.25
2026-08-23, 05:05:43, 22.27, 22.39, 22.75, 22.75, 9999.0, 9999.0, 9999.0, 23.68, 9999.0, 22.07, 9999.0, 22.68, 22.5, 22.25, 22.25, 22.25
2026-08-23, 05:05:47, 22.3, 22.41, 22.75, 22.75, 9999.0, 9999.0, 9999.0, 23.66, 9999.0, 22.09, 9999.0, 22.7, 22.5, 22.25, 22.25, 22.25
2026-08-23, 05:05:51, 22.3, 22.41, 22.75, 22.75, 9999.0, 9999.0, 9999.0, 23.64, 9999.0, 22.11, 9999.0, 22.73, 22.5, 22.25, 22.25, 22.25
2026-08-23, 05:05:55, 22.3, 22.39, 22.75, 22.75, 9999.0, 9999.0, 9999.0, 23.59, 9999.0, 22.14, 9999.0, 22.75, 22.5, 22.25, 22.25, 22.25
2026-08-23, 05:05:59, 22.3, 22.39, 22.75, 22.75, 9999.0, 9999.0, 9999.0, 23.52, 9999.0, 22.16, 9999.0, 22.77, 22.5, 22.25, 22.25, 22.25
2026-08-23, 05:06:03, 22.3, 22.41, 22.75, 22.75, 9999.0, 9999.0, 9999.0, 23.55, 9999.0, 22.16, 9999.0, 22.77, 22.5, 22.25, 22.25, 22.25
2026-08-23, 05:06:07, 22.3, 22.43, 22.75, 22.75, 9999.0, 9999.0, 9999.0, 23.57, 9999.0, 22.18, 9999.0, 22.77, 22.5, 22.25, 22.25, 22.25
2026-08-23, 05:06:11, 22.3, 22.43, 22.75, 22.75, 9999.0, 9999.0, 9999.0, 23.59, 9999.0, 22.2, 9999.0, 22.77, 22.5, 22.25, 22.25, 22.25
2026-08-23, 05:06:15, 22.27, 22.41, 22.75, 22.75, 9999.0, 9999.0, 9999.0, 23.61, 9999.0, 22.23, 9999.0, 22.73, 22.5, 22.25, 22.25, 22.25
2026-08-23, 05:06:19, 22.27, 22.41, 22.75, 22.75, 9999.0, 9999.0, 9999.0, 23.64, 9999.0, 22.25, 9999.0, 22.7, 22.5, 22.25, 22.25, 22.25
2026-08-23, 05:06:23, 22.27, 22.39, 22.75, 22.75, 9999.0, 9999.0, 9999.0, 23.66, 9999.0, 22.23, 9999.0, 22.68, 22.5, 22.25, 22.25, 22.25
2026-08-23, 05:06:27, 22.27, 22.36, 22.75, 22.75, 9999.0, 9999.0, 9999.0, 23.68, 9999.0, 22.2, 9999.0, 22.66, 22.5, 22.25, 22.25, 22.25
2026-08-23, 05:06:31, 22.25, 22.36, 22.75, 22.75, 9999.0, 9999.0, 9999.0, 23.7, 9999.0, 22.18, 9999.0, 22.64, 22.5, 22.25, 22.25, 22.25
2026-08-23, 05:06:35, 22.25, 22.36, 22.75, 22.75, 9999.0, 9999.0, 9999.0, 23.73, 9999.0, 22.16, 9999.0, 22.61, 22.5, 22.25, 22.25, 22.25
2026-08-23, 05:06:39, 22.25, 22.36, 22.75, 22.75, 9999.0, 9999.0, 9999.0, 23.77, 9999.0, 22.14, 9999.0, 22.61, 22.5, 22.25, 22.25, 22.25
2026-08-23, 05:06:43, 22.25, 22.39, 22.75, 22.75, 9999.0, 9999.0, 9999.0, 23.8, 9999.0, 22.11, 9999.0, 22.61, 22.5, 22.25, 22.25, 22.25
2026-08-23, 05:06:47, 22.25, 22.39, 22.75, 22.75, 9999.0, 9999.0, 9999.0, 23.75, 9999.0, 22.09, 9999.0, 22.64, 22.5, 22.23, 22.25, 22.25
2026-08-23, 05:06:51, 22.25, 22.39, 22.75, 22.75, 9999.0, 9999.0, 9999.0, 23.7, 9999.0, 22.09, 9999.0, 22.64, 22.5, 22.23, 22.25, 22.25
2026-08-23, 05:06:55, 22.25, 22.36, 22.75, 22.75, 9999.0, 9999.0, 9999.0, 23.66, 9999.0, 22.07, 9999.0, 22.64, 22.5, 22.23, 22.25, 22.25
2026-08-23, 05:06:59, 22.25, 22.36, 22.75, 22.75, 9999.0, 9999.0, 9999.0, 23.64, 9999.0, 22.07, 9999.0, 22.66, 22.5, 22.23, 22.25, 22.25
2026-08-23, 05:07:03, 22.25, 22.36, 22.75, 22.75, 9999.0, 9999.0, 9999.0, 23.61, 9999.0, 22.07, 9999.0, 22.68, 22.5, 22.2, 22.25, 22.25
2026-08-23, 05:07:07, 22.25, 22.39, 22.75, 22.75, 9999.0, 9999.0, 9999.0, 23.57, 9999.0, 22.09, 9999.0, 22.7, 22.5, 22.2, 22.25, 22.25
2026-08-23, 05:07:11, 22.25, 22.41, 22.75, 22.75, 9999.0, 9999.0, 9999.0, 23.52, 9999.0, 22.14, 9999.0, 22.73, 22.5, 22.2, 22.25, 22.25
2026-08-23, 05:07:15, 22.25, 22.39, 22.75, 22.75, 9999.0, 9999.0, 9999.0, 23.5, 9999.0, 22.18, 9999.0, 22.75, 22.5, 22.2, 22.25, 22.25
2026-08-23, 05:07:19, 22.25, 22.39, 22.75, 22.75, 9999.0, 9999.0, 9999.0, 23.55, 9999.0, 22.2, 9999.0, 22.77, 22.5, 22.2, 22.25, 22.25
2026-08-23, 05:07:23, 22.25, 22.41, 22.75, 22.75, 9999.0, 9999.0, 9999.0, 23.59, 9999.0, 22.23, 9999.0, 22.77, 22.5, 22.2, 22.25, 22.25
2026-08-23, 05:07:27, 22.25, 22.41, 22.75, 22.75, 9999.0, 9999.0, 9999.0, 23.66, 9999.0, 22.25, 9999.0, 22.77, 22.5, 22.2, 22.25, 22.25
2026-08-23, 05:07:31, 22.25, 22.39, 22.75, 22.75, 9999.0, 9999.0, 9999.0, 23.7, 9999.0, 22.3, 9999.0, 22.73, 22.5, 22.23, 22.25, 22.25
2026-08-23, 05:07:35, 22.25, 22.39, 22.75, 22.75, 9999.0, 9999.0, 9999.0, 23.75, 9999.0, 22.3, 9999.0, 22.73, 22.5, 22.23, 22.25, 22.25
2026-08-23, 05:07:39, 22.25, 22.41, 22.75, 22.75, 9999.0, 9999.0, 9999.0, 23.77, 9999.0, 22.32, 9999.0, 22.7, 22.5, 22.23, 22.25, 22.25
2026-08-23, 05:07:43, 22.25, 22.43, 22.75, 22.75, 9999.0, 9999.0, 9999.0, 23.8, 9999.0, 22.32, 9999.0, 22.68, 22.5, 22.23, 22.25, 22.25
2026-08-23, 05:07:47, 22.25, 22.43, 22.75, 22.75, 9999.0, 9999.0, 9999.0, 23.82, 9999.0, 22.32, 9999.0, 22.66, 22.5, 22.25, 22.25, 22.25
2026-08-23, 05:07:51, 22.25, 22.41, 22.75, 22.75, 9999.0, 9999.0, 9999.0, 23.86, 9999.0, 22.32, 9999.0, 22.64, 22.5, 22.25, 22.25, 22.25
2026-08-23, 05:07:55, 22.25, 22.41, 22.75, 22.75, 9999.0, 9999.0, 9999.0, 23.91, 9999.0, 22.3, 9999.0, 22.64, 22.5, 22.25, 22.25, 22.25
2026-08-23, 05:07:59, 22.25, 22.41, 22.75, 22.75, 9999.0, 9999.0, 9999.0, 23.93, 9999.0, 22.27, 9999.0, 22.64, 22.5, 22.25, 22.25, 22.25
2026-08-23, 05:08:03, 22.25, 22.39, 22.75, 22.75, 9999.0, 9999.0, 9999.0, 23.89, 9999.0, 22.27, 9999.0, 22.64, 22.5, 22.25, 22.25, 22.25
2026-08-23, 05:08:07, 22.25, 22.39, 22.75, 22.75, 9999.0, 9999.0, 9999.0, 23.84, 9999.0, 22.25, 9999.0, 22.64, 22.5, 22.25, 22.25, 22.25
2026-08-23, 05:08:11, 22.27, 22.39, 22.75, 22.75, 9999.0, 9999.0, 9999.0, 23.8, 9999.0, 22.25, 9999.0, 22.64, 22.5, 22.25, 22.25, 22.25
2026-08-23, 05:08:15, 22.27, 22.41, 22.75, 22.75, 9999.0, 9999.0, 9999.0, 23.75, 9999.0, 22.23, 9999.0, 22.66, 22.5, 22.25, 22.25, 22.25
2026-08-23, 05:08:19, 22.27, 22.41, 22.75, 22.75, 9999.0, 9999.0, 9999.0, 23.7, 9999.0, 22.23, 9999.0, 22.66, 22.5, 22.25, 22.25, 22.25
2026-08-23, 05:08:23, 22.3, 22.41, 22.75, 22.75, 9999.0, 9999.0, 9999.0, 23.68, 9999.0, 22.23, 9999.0, 22.68, 22.5, 22.25, 22.25, 22.25
2026-08-23, 05:08:28, 22.3, 22.41, 22.75, 22.75, 9999.0, 9999.0, 9999.0, 23.64, 9999.0, 22.25, 9999.0, 22.7, 22.5, 22.25, 22.25, 22.25
2026-08-23, 05:08:32, 22.3, 22.43, 22.75, 22.75, 9999.0, 9999.0, 9999.0, 23.59, 9999.0, 22.27, 9999.0, 22.73, 22.5, 22.25, 22.25, 22.25
2026-08-23, 05:08:36, 22.3, 22.45, 22.75, 22.75, 9999.0, 9999.0, 9999.0, 23.64, 9999.0, 22.3, 9999.0, 22.75, 22.5, 22.25, 22.25, 22.25
2026-08-23, 05:08:40, 22.3, 22.45, 22.75, 22.75, 9999.0, 9999.0, 9999.0, 23.66, 9999.0, 22.32, 9999.0, 22.75, 22.5, 22.25, 22.25, 22.25
2026-08-23, 05:08:44, 22.3, 22.45, 22.75, 22.75, 9999.0, 9999.0, 9999.0, 23.68, 9999.0, 22.34, 9999.0, 22.75, 22.5, 22.25, 22.25, 22.25
2026-08-23, 05:08:48, 22.3, 22.48, 22.75, 22.75, 9999.0, 9999.0, 9999.0, 23.7, 9999.0, 22.34, 9999.0, 22.73, 22.5, 22.25, 22.25, 22.25
2026-08-23, 05:08:52, 22.3, 22.48, 22.75, 22.75, 9999.0, 9999.0, 9999.0, 23.73, 9999.0, 22.36, 9999.0, 22.7, 22.5, 22.25, 22.25, 22.25
2026-08-23, 05:08:56, 22.3, 22.45, 22.75, 22.75, 9999.0, 9999.0, 9999.0, 23.75, 9999.0, 22.36, 9999.0, 22.68, 22.5, 22.25, 22.25, 22.25
2026-08-23, 05:09:00, 22.3, 22.43, 22.75, 22.75, 9999.0, 9999.0, 9999.0, 23.8, 9999.0, 22.36, 9999.0, 22.68, 22.5, 22.25, 22.25, 22.25
2026-08-23, 05:09:04, 22.3, 22.43, 22.75, 22.75, 9999.0, 9999.0, 9999.0, 23.82, 9999.0, 22.36, 9999.0, 22.66, 22.5, 22.25, 22.25, 22.25
2026-08-23, 05:09:08, 22.27, 22.43, 22.75, 22.75, 9999.0, 9999.0, 9999.0, 23.84, 9999.0, 22.36, 9999.0, 22.64, 22.5, 22.25, 22.25, 22.25
2026-08-23, 05:09:12, 22.27, 22.43, 22.75, 22.75, 9999.0, 9999.0, 9999.0, 23.89, 9999.0, 22.34, 9999.0, 22.64, 22.5, 22.25, 22.25, 22.25
2026-08-23, 05:09:16, 22.27, 22.43, 22.75, 22.75, 9999.0, 9999.0, 9999.0, 23.93, 9999.0, 22.32, 9999.0, 22.64, 22.5, 22.25, 22.25, 22.25
2026-08-23, 05:09:20, 22.3, 22.43, 22.75, 22.75, 9999.0, 9999.0, 9999.0, 23.89, 9999.0, 22.3, 9999.0, 22.64, 22.5, 22.25, 22.25, 22.25
2026-08-23, 05:09:24, 22.3, 22.43, 22.75, 22.75, 9999.0, 9999.0, 9999.0, 23.84, 9999.0, 22.27, 9999.0, 22.64, 22.5, 22.25, 22.25, 22.25
2026-08-23, 05:09:28, 22.3, 22.45, 22.75, 22.75, 9999.0, 9999.0, 9999.0, 23.82, 9999.0, 22.25, 9999.0, 22.64, 22.5, 22.25, 22.25, 22.25
2026-08-23, 05:09:32, 22.3, 22.45, 22.75, 22.75, 9999.0, 9999.0, 9999.0, 23.77, 9999.0, 22.25, 9999.0, 22.66, 22.5, 22.25, 22.25, 22.25
2026-08-23, 05:09:36, 22.3, 22.45, 22.75, 22.75, 9999.0, 9999.0, 9999.0, 23.73, 9999.0, 22.27, 9999.0, 22.68, 22.5, 22.25, 22.25, 22.25
2026-08-23, 05:09:40, 22.27, 22.48, 22.75, 22.75, 9999.0, 9999.0, 9999.0, 23.68, 9999.0, 22.3, 9999.0, 22.7, 22.5, 22.25, 22.25, 22.25
2026-08-23, 05:09:44, 22.27, 22.5, 22.75, 22.75, 9999.0, 9999.0, 9999.0, 23.64, 9999.0, 22.32, 9999.0, 22.7, 22.5, 22.25, 22.25, 22.25
2026-08-23, 05:09:48, 22.27, 22.5, 22.75, 22.75, 9999.0, 9999.0, 9999.0, 23.61, 9999.0, 22.36, 9999.0, 22.73, 22.5, 22.25, 22.25, 22.25
2026-08-23, 05:09:52, 22.27, 22.48, 22.75, 22.75, 9999.0, 9999.0, 9999.0, 23.59, 9999.0, 22.41, 9999.0, 22.75, 22.5, 22.25, 22.25, 22.25
2026-08-23, 05:09:56, 22.27, 22.48, 22.75, 22.75, 9999.0, 9999.0, 9999.0, 23.64, 9999.0, 22.45, 9999.0, 22.75, 22.5, 22.25, 22.25, 22.25
2026-08-23, 05:10:00, 22.27, 22.48, 22.75, 22.75, 9999.0, 9999.0, 9999.0, 23.68, 9999.0, 22.48, 9999.0, 22.73, 22.5, 22.25, 22.25, 22.25
2026-08-23, 05:10:04, 22.25, 22.48, 22.75, 22.75, 9999.0, 9999.0, 9999.0, 23.7, 9999.0, 22.5, 9999.0, 22.73, 22.5, 22.25, 22.25, 22.25
2026-08-23, 05:10:08, 22.25, 22.48, 22.75, 22.75, 9999.0, 9999.0, 9999.0, 23.75, 9999.0, 22.52, 9999.0, 22.73, 22.5, 22.25, 22.25, 22.25
2026-08-23, 05:10:12, 22.25, 22.48, 22.75, 22.75, 9999.0, 9999.0, 9999.0, 23.77, 9999.0, 22.55, 9999.0, 22.7, 22.5, 22.25, 22.25, 22.25
2026-08-23, 05:10:16, 22.25, 22.48, 22.75, 22.75, 9999.0, 9999.0, 9999.0, 23.82, 9999.0, 22.57, 9999.0, 22.68, 22.5, 22.23, 22.25, 22.25
2026-08-23, 05:10:20, 22.25, 22.48, 22.75, 22.75, 9999.0, 9999.0, 9999.0, 23.84, 9999.0, 22.57, 9999.0, 22.66, 22.5, 22.23, 22.25, 22.25
2026-08-23, 05:10:24, 22.25, 22.48, 22.75, 22.75, 9999.0, 9999.0, 9999.0, 23.86, 9999.0, 22.57, 9999.0, 22.64, 22.5, 22.23, 22.25, 22.25
2026-08-23, 05:10:28, 22.25, 22.48, 22.75, 22.75, 9999.0, 9999.0, 9999.0, 23.91, 9999.0, 22.57, 9999.0, 22.61, 22.5, 22.23, 22.25, 22.25
2026-08-23, 05:10:32, 22.25, 22.48, 22.75, 22.75, 9999.0, 9999.0, 9999.0, 23.93, 9999.0, 22.52, 9999.0, 22.61, 22.5, 22.23, 22.25, 22.25
2026-08-23, 05:10:36, 22.25, 22.5, 22.75, 22.75, 9999.0, 9999.0, 9999.0, 23.95, 9999.0, 22.5, 9999.0, 22.61, 22.5, 22.23, 22.25, 22.25
2026-08-23, 05:10:40, 22.25, 22.5, 22.75, 22.75, 9999.0, 9999.0, 9999.0, 23.91, 9999.0, 22.48, 9999.0, 22.61, 22.5, 22.23, 22.25, 22.25
2026-08-23, 05:10:44, 22.25, 22.5, 22.75, 22.75, 9999.0, 9999.0, 9999.0, 23.86, 9999.0, 22.45, 9999.0, 22.64, 22.5, 22.23, 22.25, 22.25
2026-08-23, 05:10:48, 22.25, 22.5, 22.75, 22.75, 9999.0, 9999.0, 9999.0, 23.84, 9999.0, 22.43, 9999.0, 22.64, 22.5, 22.23, 22.25, 22.25
2026-08-23, 05:10:52, 22.25, 22.5, 22.75, 22.77, 9999.0, 9999.0, 9999.0, 23.8, 9999.0, 22.43, 9999.0, 22.64, 22.5, 22.23, 22.25, 22.25
2026-08-23, 05:10:56, 22.25, 22.5, 22.75, 22.77, 9999.0, 9999.0, 9999.0, 23.75, 9999.0, 22.43, 9999.0, 22.66, 22.5, 22.23, 22.25, 22.25
2026-08-23, 05:11:00, 22.25, 22.5, 22.75, 22.77, 9999.0, 9999.0, 9999.0, 23.7, 9999.0, 22.43, 9999.0, 22.68, 22.5, 22.25, 22.25, 22.25
2026-08-23, 05:11:04, 22.25, 22.5, 22.75, 22.77, 9999.0, 9999.0, 9999.0, 23.68, 9999.0, 22.45, 9999.0, 22.7, 22.5, 22.25, 22.25, 22.25
2026-08-23, 05:11:08, 22.25, 22.5, 22.75, 22.77, 9999.0, 9999.0, 9999.0, 23.66, 9999.0, 22.48, 9999.0, 22.73, 22.5, 22.25, 22.25, 22.27
2026-08-23, 05:11:12, 22.25, 22.5, 22.75, 22.77, 9999.0, 9999.0, 9999.0, 23.68, 9999.0, 22.5, 9999.0, 22.75, 22.5, 22.25, 22.25, 22.27
2026-08-23, 05:11:16, 22.25, 22.48, 22.75, 22.77, 9999.0, 9999.0, 9999.0, 23.73, 9999.0, 22.55, 9999.0, 22.75, 22.5, 22.25, 22.25, 22.27
2026-08-23, 05:11:20, 22.25, 22.48, 22.75, 22.77, 9999.0, 9999.0, 9999.0, 23.77, 9999.0, 22.57, 9999.0, 22.73, 22.5, 22.25, 22.25, 22.27
2026-08-23, 05:11:24, 22.25, 22.48, 22.75, 22.77, 9999.0, 9999.0, 9999.0, 23.82, 9999.0, 22.59, 9999.0, 22.7, 22.5, 22.25, 22.25, 22.27
2026-08-23, 05:11:28, 22.25, 22.48, 22.75, 22.77, 9999.0, 9999.0, 9999.0, 23.84, 9999.0, 22.61, 9999.0, 22.7, 22.5, 22.25, 22.25, 22.27
2026-08-23, 05:11:32, 22.25, 22.48, 22.75, 22.77, 9999.0, 9999.0, 9999.0, 23.86, 9999.0, 22.64, 9999.0, 22.7, 22.5, 22.25, 22.25, 22.27
2026-08-23, 05:11:36, 22.25, 22.48, 22.75, 22.75, 9999.0, 9999.0, 9999.0, 23.91, 9999.0, 22.64, 9999.0, 22.68, 22.5, 22.25, 22.25, 22.27
2026-08-23, 05:11:40, 22.25, 22.48, 22.75, 22.75, 9999.0, 9999.0, 9999.0, 23.95, 9999.0, 22.64, 9999.0, 22.66, 22.5, 22.25, 22.25, 22.27
2026-08-23, 05:11:44, 22.27, 22.48, 22.75, 22.75, 9999.0, 9999.0, 9999.0, 24.0, 9999.0, 22.64, 9999.0, 22.64, 22.5, 22.25, 22.25, 22.27
2026-08-23, 05:11:48, 22.27, 22.48, 22.75, 22.75, 9999.0, 9999.0, 9999.0, 24.05, 9999.0, 22.61, 9999.0, 22.64, 22.48, 22.25, 22.25, 22.27
2026-08-23, 05:11:52, 22.27, 22.48, 22.75, 22.75, 9999.0, 9999.0, 9999.0, 24.07, 9999.0, 22.59, 9999.0, 22.64, 22.48, 22.25, 22.25, 22.25
2026-08-23, 05:11:56, 22.27, 22.48, 22.77, 22.75, 9999.0, 9999.0, 9999.0, 24.02, 9999.0, 22.57, 9999.0, 22.64, 22.48, 22.23, 22.25, 22.25
2026-08-23, 05:12:01, 22.27, 22.5, 22.77, 22.75, 9999.0, 9999.0, 9999.0, 24.0, 9999.0, 22.55, 9999.0, 22.64, 22.48, 22.23, 22.25, 22.25
2026-08-23, 05:12:05, 22.27, 22.5, 22.77, 22.75, 9999.0, 9999.0, 9999.0, 23.95, 9999.0, 22.52, 9999.0, 22.66, 22.48, 22.23, 22.25, 22.25
2026-08-23, 05:12:09, 22.27, 22.48, 22.77, 22.75, 9999.0, 9999.0, 9999.0, 23.91, 9999.0, 22.52, 9999.0, 22.68, 22.48, 22.23, 22.25, 22.25
2026-08-23, 05:12:13, 22.27, 22.48, 22.8, 22.75, 9999.0, 9999.0, 9999.0, 23.89, 9999.0, 22.55, 9999.0, 22.7, 22.48, 22.23, 22.25, 22.25
2026-08-23, 05:12:17, 22.27, 22.48, 22.8, 22.75, 9999.0, 9999.0, 9999.0, 23.84, 9999.0, 22.57, 9999.0, 22.7, 22.48, 22.23, 22.25, 22.25
2026-08-23, 05:12:21, 22.27, 22.48, 22.8, 22.75, 9999.0, 9999.0, 9999.0, 23.8, 9999.0, 22.59, 9999.0, 22.73, 22.48, 22.23, 22.25, 22.25
2026-08-23, 05:12:25, 22.27, 22.48, 22.8, 22.75, 9999.0, 9999.0, 9999.0, 23.75, 9999.0, 22.61, 9999.0, 22.75, 22.48, 22.23, 22.25, 22.25
2026-08-23, 05:12:29, 22.25, 22.48, 22.8, 22.75, 9999.0, 9999.0, 9999.0, 23.7, 9999.0, 22.64, 9999.0, 22.77, 22.48, 22.23, 22.25, 22.25
2026-08-23, 05:12:33, 22.25, 22.48, 22.8, 22.75, 9999.0, 9999.0, 9999.0, 23.73, 9999.0, 22.66, 9999.0, 22.77, 22.5, 22.23, 22.25, 22.25
2026-08-23, 05:12:37, 22.25, 22.48, 22.8, 22.75, 9999.0, 9999.0, 9999.0, 23.77, 9999.0, 22.68, 9999.0, 22.77, 22.5, 22.23, 22.25, 22.25
2026-08-23, 05:12:41, 22.27, 22.48, 22.77, 22.75, 9999.0, 9999.0, 9999.0, 23.82, 9999.0, 22.7, 9999.0, 22.77, 22.5, 22.25, 22.25, 22.25
2026-08-23, 05:12:45, 22.27, 22.48, 22.77, 22.75, 9999.0, 9999.0, 9999.0, 23.84, 9999.0, 22.7, 9999.0, 22.75, 22.5, 22.25, 22.25, 22.25
2026-08-23, 05:12:49, 22.27, 22.48, 22.77, 22.75, 9999.0, 9999.0, 9999.0, 23.89, 9999.0, 22.73, 9999.0, 22.73, 22.5, 22.25, 22.25, 22.25
2026-08-23, 05:12:53, 22.27, 22.48, 22.77, 22.75, 9999.0, 9999.0, 9999.0, 23.91, 9999.0, 22.73, 9999.0, 22.7, 22.5, 22.25, 22.25, 22.25
2026-08-23, 05:12:57, 22.27, 22.48, 22.75, 22.75, 9999.0, 9999.0, 9999.0, 23.93, 9999.0, 22.7, 9999.0, 22.66, 22.5, 22.25, 22.25, 22.25
2026-08-23, 05:13:01, 22.27, 22.48, 22.75, 22.75, 9999.0, 9999.0, 9999.0, 24.0, 9999.0, 22.7, 9999.0, 22.64, 22.5, 22.25, 22.25, 22.25
2026-08-23, 05:13:05, 22.27, 22.48, 22.75, 22.75, 9999.0, 9999.0, 9999.0, 24.05, 9999.0, 22.7, 9999.0, 22.61, 22.5, 22.25, 22.25, 22.25
2026-08-23, 05:13:09, 22.27, 22.45, 22.75, 22.75, 9999.0, 9999.0, 9999.0, 24.09, 9999.0, 22.68, 9999.0, 22.61, 22.5, 22.25, 22.25, 22.25
2026-08-23, 05:13:13, 22.27, 22.45, 22.75, 22.75, 9999.0, 9999.0, 9999.0, 24.14, 9999.0, 22.66, 9999.0, 22.61, 22.5, 22.25, 22.25, 22.25
2026-08-23, 05:13:17, 22.27, 22.45, 22.75, 22.75, 9999.0, 9999.0, 9999.0, 24.11, 9999.0, 22.64, 9999.0, 22.61, 22.5, 22.25, 22.25, 22.25
2026-08-23, 05:13:21, 22.27, 22.45, 22.75, 22.75, 9999.0, 9999.0, 9999.0, 24.07, 9999.0, 22.61, 9999.0, 22.64, 22.5, 22.25, 22.25, 22.25
2026-08-23, 05:13:25, 22.25, 22.45, 22.75, 22.75, 9999.0, 9999.0, 9999.0, 24.02, 9999.0, 22.59, 9999.0, 22.64, 22.5, 22.25, 22.25, 22.25
2026-08-23, 05:13:29, 22.25, 22.45, 22.75, 22.75, 9999.0, 9999.0, 9999.0, 23.98, 9999.0, 22.61, 9999.0, 22.66, 22.5, 22.25, 22.25, 22.25
2026-08-23, 05:13:33, 22.25, 22.45, 22.75, 22.75, 9999.0, 9999.0, 9999.0, 23.93, 9999.0, 22.61, 9999.0, 22.68, 22.5, 22.25, 22.25, 22.25
2026-08-23, 05:13:37, 22.25, 22.48, 22.75, 22.75, 9999.0, 9999.0, 9999.0, 23.91, 9999.0, 22.61, 9999.0, 22.7, 22.5, 22.25, 22.25, 22.25
2026-08-23, 05:13:41, 22.25, 22.48, 22.75, 22.75, 9999.0, 9999.0, 9999.0, 23.89, 9999.0, 22.66, 9999.0, 22.73, 22.5, 22.25, 22.25, 22.25
2026-08-23, 05:13:45, 22.25, 22.48, 22.75, 22.75, 9999.0, 9999.0, 9999.0, 23.82, 9999.0, 22.66, 9999.0, 22.75, 22.5, 22.25, 22.25, 22.25
2026-08-23, 05:13:49, 22.25, 22.48, 22.75, 22.75, 9999.0, 9999.0, 9999.0, 23.84, 9999.0, 22.68, 9999.0, 22.77, 22.5, 22.25, 22.25, 22.25
2026-08-23, 05:13:53, 22.25, 22.5, 22.75, 22.75, 9999.0, 9999.0, 9999.0, 23.86, 9999.0, 22.7, 9999.0, 22.77, 22.5, 22.25, 22.25, 22.25
2026-08-23, 05:13:57, 22.25, 22.5, 22.75, 22.75, 9999.0, 9999.0, 9999.0, 23.89, 9999.0, 22.73, 9999.0, 22.75, 22.5, 22.25, 22.25, 22.25
2026-08-23, 05:14:01, 22.25, 22.5, 22.75, 22.75, 9999.0, 9999.0, 9999.0, 23.91, 9999.0, 22.75, 9999.0, 22.75, 22.5, 22.25, 22.25, 22.25
2026-08-23, 05:14:05, 22.25, 22.48, 22.75, 22.75, 9999.0, 9999.0, 9999.0, 23.95, 9999.0, 22.77, 9999.0, 22.7, 22.5, 22.25, 22.25, 22.25
2026-08-23, 05:14:09, 22.25, 22.48, 22.75, 22.75, 9999.0, 9999.0, 9999.0, 23.98, 9999.0, 22.8, 9999.0, 22.68, 22.5, 22.23, 22.25, 22.25
2026-08-23, 05:14:13, 22.25, 22.48, 22.75, 22.75, 9999.0, 9999.0, 9999.0, 24.02, 9999.0, 22.8, 9999.0, 22.66, 22.5, 22.23, 22.25, 22.25
2026-08-23, 05:14:17, 22.25, 22.48, 22.75, 22.75, 9999.0, 9999.0, 9999.0, 24.05, 9999.0, 22.8, 9999.0, 22.64, 22.5, 22.23, 22.25, 22.25
2026-08-23, 05:14:21, 22.25, 22.48, 22.75, 22.75, 9999.0, 9999.0, 9999.0, 24.07, 9999.0, 22.8, 9999.0, 22.61, 22.5, 22.23, 22.25, 22.25
2026-08-23, 05:14:25, 22.25, 22.48, 22.75, 22.75, 9999.0, 9999.0, 9999.0, 24.09, 9999.0, 22.77, 9999.0, 22.61, 22.48, 22.23, 22.25, 22.25
2026-08-23, 05:14:29, 22.25, 22.48, 22.75, 22.75, 9999.0, 9999.0, 9999.0, 24.14, 9999.0, 22.77, 9999.0, 22.61, 22.45, 22.23, 22.25, 22.25
2026-08-23, 05:14:33, 22.25, 22.48, 22.75, 22.75, 9999.0, 9999.0, 9999.0, 24.11, 9999.0, 22.75, 9999.0, 22.61, 22.45, 22.23, 22.25, 22.25
2026-08-23, 05:14:37, 22.25, 22.48, 22.75, 22.75, 9999.0, 9999.0, 9999.0, 24.09, 9999.0, 22.73, 9999.0, 22.61, 22.45, 22.23, 22.25, 22.25
2026-08-23, 05:14:41, 22.25, 22.48, 22.75, 22.75, 9999.0, 9999.0, 9999.0, 24.05, 9999.0, 22.7, 9999.0, 22.64, 22.45, 22.23, 22.25, 22.25
2026-08-23, 05:14:45, 22.25, 22.48, 22.75, 22.75, 9999.0, 9999.0, 9999.0, 24.0, 9999.0, 22.7, 9999.0, 22.64, 22.45, 22.23, 22.25, 22.25
2026-08-23, 05:14:49, 22.25, 22.5, 22.75, 22.75, 9999.0, 9999.0, 9999.0, 23.95, 9999.0, 22.7, 9999.0, 22.66, 22.45, 22.23, 22.25, 22.25
2026-08-23, 05:14:53, 22.25, 22.5, 22.75, 22.75, 9999.0, 9999.0, 9999.0, 23.93, 9999.0, 22.73, 9999.0, 22.68, 22.45, 22.25, 22.25, 22.25
2026-08-23, 05:14:57, 22.25, 22.5, 22.75, 22.75, 9999.0, 9999.0, 9999.0, 23.89, 9999.0, 22.75, 9999.0, 22.7, 22.45, 22.25, 22.25, 22.25
2026-08-23, 05:15:01, 22.25, 22.5, 22.75, 22.75, 9999.0, 9999.0, 9999.0, 23.84, 9999.0, 22.75, 9999.0, 22.73, 22.45, 22.25, 22.25, 22.25
2026-08-23, 05:15:05, 22.25, 22.5, 22.75, 22.75, 9999.0, 9999.0, 9999.0, 23.89, 9999.0, 22.75, 9999.0, 22.75, 22.45, 22.25, 22.25, 22.25
2026-08-23, 05:15:09, 22.25, 22.5, 22.75, 22.75, 9999.0, 9999.0, 9999.0, 23.93, 9999.0, 22.77, 9999.0, 22.73, 22.48, 22.25, 22.25, 22.25
2026-08-23, 05:15:13, 22.25, 22.5, 22.75, 22.75, 9999.0, 9999.0, 9999.0, 23.95, 9999.0, 22.77, 9999.0, 22.73, 22.5, 22.25, 22.25, 22.25
2026-08-23, 05:15:17, 22.25, 22.5, 22.75, 22.75, 9999.0, 9999.0, 9999.0, 23.98, 9999.0, 22.77, 9999.0, 22.7, 22.5, 22.25, 22.25, 22.25
2026-08-23, 05:15:21, 22.25, 22.5, 22.75, 22.75, 9999.0, 9999.0, 9999.0, 24.0, 9999.0, 22.8, 9999.0, 22.7, 22.5, 22.25, 22.25, 22.25
2026-08-23, 05:15:25, 22.25, 22.5, 22.75, 22.75, 9999.0, 9999.0, 9999.0, 24.02, 9999.0, 22.82, 9999.0, 22.68, 22.5, 22.25, 22.25, 22.25
2026-08-23, 05:15:29, 22.25, 22.5, 22.75, 22.75, 9999.0, 9999.0, 9999.0, 24.05, 9999.0, 22.82, 9999.0, 22.66, 22.5, 22.25, 22.25, 22.25
2026-08-23, 05:15:33, 22.25, 22.5, 22.75, 22.75, 9999.0, 9999.0, 9999.0, 24.07, 9999.0, 22.82, 9999.0, 22.64, 22.5, 22.23, 22.25, 22.25
2026-08-23, 05:15:37, 22.25, 22.5, 22.75, 22.75, 9999.0, 9999.0, 9999.0, 24.09, 9999.0, 22.8, 9999.0, 22.61, 22.48, 22.23, 22.25, 22.25
2026-08-23, 05:15:42, 22.25, 22.5, 22.75, 22.75, 9999.0, 9999.0, 9999.0, 24.11, 9999.0, 22.77, 9999.0, 22.61, 22.48, 22.23, 22.25, 22.25
2026-08-23, 05:15:46, 22.25, 22.5, 22.75, 22.75, 9999.0, 9999.0, 9999.0, 24.16, 9999.0, 22.77, 9999.0, 22.61, 22.48, 22.2, 22.25, 22.25
2026-08-23, 05:15:50, 22.25, 22.5, 22.75, 22.75, 9999.0, 9999.0, 9999.0, 24.11, 9999.0, 22.75, 9999.0, 22.61, 22.48, 22.2, 22.25, 22.25
2026-08-23, 05:15:54, 22.25, 22.5, 22.75, 22.75, 9999.0, 9999.0, 9999.0, 24.07, 9999.0, 22.7, 9999.0, 22.64, 22.48, 22.2, 22.25, 22.25
2026-08-23, 05:15:58, 22.25, 22.5, 22.75, 22.75, 9999.0, 9999.0, 9999.0, 24.02, 9999.0, 22.7, 9999.0, 22.64, 22.48, 22.2, 22.25, 22.25
2026-08-23, 05:16:02, 22.25, 22.48, 22.75, 22.75, 9999.0, 9999.0, 9999.0, 24.0, 9999.0, 22.7, 9999.0, 22.66, 22.48, 22.2, 22.25, 22.25
2026-08-23, 05:16:06, 22.25, 22.48, 22.75, 22.75, 9999.0, 9999.0, 9999.0, 23.95, 9999.0, 22.7, 9999.0, 22.66, 22.48, 22.2, 22.25, 22.25
2026-08-23, 05:16:10, 22.25, 22.48, 22.75, 22.75, 9999.0, 9999.0, 9999.0, 23.93, 9999.0, 22.7, 9999.0, 22.68, 22.48, 22.2, 22.25, 22.25
2026-08-23, 05:16:14, 22.25, 22.48, 22.75, 22.75, 9999.0, 9999.0, 9999.0, 23.89, 9999.0, 22.73, 9999.0, 22.7, 22.48, 22.2, 22.25, 22.25
2026-08-23, 05:16:18, 22.25, 22.48, 22.75, 22.75, 9999.0, 9999.0, 9999.0, 23.86, 9999.0, 22.75, 9999.0, 22.73, 22.48, 22.23, 22.25, 22.25
2026-08-23, 05:16:22, 22.27, 22.45, 22.75, 22.75, 9999.0, 9999.0, 9999.0, 23.91, 9999.0, 22.75, 9999.0, 22.75, 22.5, 22.23, 22.25, 22.25
2026-08-23, 05:16:26, 22.27, 22.45, 22.75, 22.75, 9999.0, 9999.0, 9999.0, 23.95, 9999.0, 22.75, 9999.0, 22.75, 22.5, 22.23, 22.25, 22.25
2026-08-23, 05:16:30, 22.27, 22.43, 22.75, 22.75, 9999.0, 9999.0, 9999.0, 23.98, 9999.0, 22.75, 9999.0, 22.73, 22.5, 22.25, 22.25, 22.25
2026-08-23, 05:16:34, 22.27, 22.43, 22.75, 22.75, 9999.0, 9999.0, 9999.0, 24.0, 9999.0, 22.77, 9999.0, 22.73, 22.5, 22.25, 22.25, 22.25
2026-08-23, 05:16:38, 22.27, 22.43, 22.75, 22.75, 9999.0, 9999.0, 9999.0, 24.02, 9999.0, 22.8, 9999.0, 22.7, 22.5, 22.25, 22.25, 22.25
2026-08-23, 05:16:42, 22.27, 22.43, 22.75, 22.75, 9999.0, 9999.0, 9999.0, 24.07, 9999.0, 22.8, 9999.0, 22.68, 22.5, 22.25, 22.25, 22.25
2026-08-23, 05:16:46, 22.27, 22.45, 22.75, 22.75, 9999.0, 9999.0, 9999.0, 24.09, 9999.0, 22.8, 9999.0, 22.66, 22.5, 22.25, 22.25, 22.25
2026-08-23, 05:16:50, 22.27, 22.45, 22.75, 22.75, 9999.0, 9999.0, 9999.0, 24.11, 9999.0, 22.8, 9999.0, 22.64, 22.5, 22.25, 22.25, 22.25
2026-08-23, 05:16:54, 22.27, 22.45, 22.75, 22.75, 9999.0, 9999.0, 9999.0, 24.16, 9999.0, 22.8, 9999.0, 22.61, 22.5, 22.25, 22.25, 22.25
2026-08-23, 05:16:58, 22.27, 22.45, 22.75, 22.75, 9999.0, 9999.0, 9999.0, 24.2, 9999.0, 22.77, 9999.0, 22.59, 22.5, 22.23, 22.25, 22.25
2026-08-23, 05:17:02, 22.27, 22.45, 22.75, 22.73, 9999.0, 9999.0, 9999.0, 24.23, 9999.0, 22.75, 9999.0, 22.59, 22.5, 22.23, 22.25, 22.25
2026-08-23, 05:17:06, 22.27, 22.48, 22.75, 22.73, 9999.0, 9999.0, 9999.0, 24.18, 9999.0, 22.73, 9999.0, 22.59, 22.48, 22.23, 22.25, 22.25
2026-08-23, 05:17:10, 22.27, 22.48, 22.75, 22.73, 9999.0, 9999.0, 9999.0, 24.14, 9999.0, 22.73, 9999.0, 22.59, 22.48, 22.23, 22.25, 22.25
2026-08-23, 05:17:14, 22.27, 22.5, 22.75, 22.73, 9999.0, 9999.0, 9999.0, 24.11, 9999.0, 22.7, 9999.0, 22.61, 22.48, 22.23, 22.25, 22.25
2026-08-23, 05:17:18, 22.27, 22.5, 22.75, 22.73, 9999.0, 9999.0, 9999.0, 24.09, 9999.0, 22.68, 9999.0, 22.61, 22.45, 22.23, 22.25, 22.25
2026-08-23, 05:17:22, 22.27, 22.5, 22.75, 22.73, 9999.0, 9999.0, 9999.0, 24.05, 9999.0, 22.68, 9999.0, 22.64, 22.45, 22.23, 22.25, 22.25
2026-08-23, 05:17:26, 22.27, 22.5, 22.75, 22.73, 9999.0, 9999.0, 9999.0, 24.0, 9999.0, 22.68, 9999.0, 22.66, 22.45, 22.23, 22.25, 22.25
2026-08-23, 05:17:30, 22.27, 22.5, 22.75, 22.73, 9999.0, 9999.0, 9999.0, 23.95, 9999.0, 22.7, 9999.0, 22.68, 22.45, 22.23, 22.25, 22.25
2026-08-23, 05:17:34, 22.27, 22.5, 22.75, 22.73, 9999.0, 9999.0, 9999.0, 23.93, 9999.0, 22.7, 9999.0, 22.7, 22.45, 22.23, 22.25, 22.25
2026-08-23, 05:17:38, 22.27, 22.5, 22.75, 22.73, 9999.0, 9999.0, 9999.0, 23.89, 9999.0, 22.7, 9999.0, 22.73, 22.45, 22.23, 22.25, 22.25
2026-08-23, 05:17:42, 22.27, 22.5, 22.75, 22.73, 9999.0, 9999.0, 9999.0, 23.93, 9999.0, 22.7, 9999.0, 22.73, 22.45, 22.25, 22.25, 22.25
2026-08-23, 05:17:46, 22.27, 22.5, 22.75, 22.75, 9999.0, 9999.0, 9999.0, 23.95, 9999.0, 22.7, 9999.0, 22.73, 22.45, 22.25, 22.25, 22.25
2026-08-23, 05:17:50, 22.25, 22.5, 22.75, 22.75, 9999.0, 9999.0, 9999.0, 23.98, 9999.0, 22.73, 9999.0, 22.7, 22.48, 22.25, 22.25, 22.25
2026-08-23, 05:17:54, 22.25, 22.5, 22.75, 22.75, 9999.0, 9999.0, 9999.0, 24.0, 9999.0, 22.73, 9999.0, 22.68, 22.48, 22.25, 22.25, 22.25
2026-08-23, 05:17:58, 22.25, 22.5, 22.75, 22.75, 9999.0, 9999.0, 9999.0, 24.02, 9999.0, 22.75, 9999.0, 22.66, 22.48, 22.25, 22.25, 22.23
2026-08-23, 05:18:02, 22.25, 22.5, 22.75, 22.73, 9999.0, 9999.0, 9999.0, 24.05, 9999.0, 22.77, 9999.0, 22.64, 22.5, 22.25, 22.25, 22.23
2026-08-23, 05:18:06, 22.25, 22.5, 22.75, 22.73, 9999.0, 9999.0, 9999.0, 24.07, 9999.0, 22.77, 9999.0, 22.61, 22.5, 22.25, 22.25, 22.23
2026-08-23, 05:18:10, 22.25, 22.5, 22.75, 22.73, 9999.0, 9999.0, 9999.0, 24.09, 9999.0, 22.75, 9999.0, 22.59, 22.5, 22.25, 22.25, 22.23
2026-08-23, 05:18:14, 22.25, 22.5, 22.75, 22.73, 9999.0, 9999.0, 9999.0, 24.14, 9999.0, 22.7, 9999.0, 22.57, 22.48, 22.25, 22.25, 22.23
2026-08-23, 05:18:18, 22.25, 22.5, 22.75, 22.7, 9999.0, 9999.0, 9999.0, 24.16, 9999.0, 22.7, 9999.0, 22.57, 22.48, 22.25, 22.25, 22.23
2026-08-23, 05:18:22, 22.25, 22.48, 22.75, 22.68, 9999.0, 9999.0, 9999.0, 24.18, 9999.0, 22.68, 9999.0, 22.57, 22.48, 22.25, 22.25, 22.23
2026-08-23, 05:18:26, 22.25, 22.48, 22.75, 22.68, 9999.0, 9999.0, 9999.0, 24.14, 9999.0, 22.66, 9999.0, 22.59, 22.45, 22.25, 22.25, 22.23
2026-08-23, 05:18:30, 22.25, 22.45, 22.75, 22.68, 9999.0, 9999.0, 9999.0, 24.11, 9999.0, 22.64, 9999.0, 22.59, 22.45, 22.25, 22.25, 22.23
2026-08-23, 05:18:34, 22.25, 22.45, 22.75, 22.68, 9999.0, 9999.0, 9999.0, 24.07, 9999.0, 22.61, 9999.0, 22.61, 22.45, 22.25, 22.25, 22.23
2026-08-23, 05:18:38, 22.25, 22.45, 22.75, 22.68, 9999.0, 9999.0, 9999.0, 24.02, 9999.0, 22.61, 9999.0, 22.64, 22.45, 22.25, 22.25, 22.23
2026-08-23, 05:18:42, 22.25, 22.45, 22.75, 22.68, 9999.0, 9999.0, 9999.0, 23.98, 9999.0, 22.61, 9999.0, 22.66, 22.45, 22.25, 22.25, 22.25
2026-08-23, 05:18:46, 22.25, 22.45, 22.75, 22.7, 9999.0, 9999.0, 9999.0, 23.93, 9999.0, 22.61, 9999.0, 22.68, 22.45, 22.25, 22.25, 22.23
2026-08-23, 05:18:50, 22.25, 22.45, 22.75, 22.7, 9999.0, 9999.0, 9999.0, 23.91, 9999.0, 22.61, 9999.0, 22.7, 22.45, 22.25, 22.25, 22.23
2026-08-23, 05:18:54, 22.25, 22.45, 22.75, 22.7, 9999.0, 9999.0, 9999.0, 23.89, 9999.0, 22.64, 9999.0, 22.73, 22.45, 22.25, 22.25, 22.23
2026-08-23, 05:18:58, 22.25, 22.45, 22.75, 22.7, 9999.0, 9999.0, 9999.0, 23.91, 9999.0, 22.66, 9999.0, 22.75, 22.48, 22.25, 22.25, 22.23
2026-08-23, 05:19:02, 22.25, 22.45, 22.75, 22.73, 9999.0, 9999.0, 9999.0, 23.93, 9999.0, 22.66, 9999.0, 22.75, 22.48, 22.25, 22.25, 22.23
2026-08-23, 05:19:06, 22.25, 22.48, 22.75, 22.75, 9999.0, 9999.0, 9999.0, 23.95, 9999.0, 22.68, 9999.0, 22.75, 22.48, 22.25, 22.25, 22.23
2026-08-23, 05:19:10, 22.25, 22.48, 22.75, 22.73, 9999.0, 9999.0, 9999.0, 23.98, 9999.0, 22.7, 9999.0, 22.73, 22.5, 22.25, 22.25, 22.23
2026-08-23, 05:19:14, 22.25, 22.5, 22.75, 22.73, 9999.0, 9999.0, 9999.0, 24.0, 9999.0, 22.7, 9999.0, 22.7, 22.5, 22.25, 22.25, 22.23
2026-08-23, 05:19:18, 22.25, 22.5, 22.75, 22.73, 9999.0, 9999.0, 9999.0, 24.05, 9999.0, 22.7, 9999.0, 22.68, 22.5, 22.25, 22.25, 22.23
2026-08-23, 05:19:22, 22.25, 22.5, 22.75, 22.73, 9999.0, 9999.0, 9999.0, 24.07, 9999.0, 22.68, 9999.0, 22.66, 22.5, 22.25, 22.25, 22.23
2026-08-23, 05:19:26, 22.25, 22.5, 22.75, 22.73, 9999.0, 9999.0, 9999.0, 24.09, 9999.0, 22.66, 9999.0, 22.64, 22.5, 22.25, 22.25, 22.23
2026-08-23, 05:19:31, 22.25, 22.5, 22.75, 22.73, 9999.0, 9999.0, 9999.0, 24.11, 9999.0, 22.64, 9999.0, 22.61, 22.5, 22.25, 22.25, 22.25
2026-08-23, 05:19:35, 22.25, 22.5, 22.75, 22.73, 9999.0, 9999.0, 9999.0, 24.14, 9999.0, 22.61, 9999.0, 22.61, 22.5, 22.25, 22.25, 22.25
2026-08-23, 05:19:39, 22.25, 22.5, 22.75, 22.73, 9999.0, 9999.0, 9999.0, 24.16, 9999.0, 22.59, 9999.0, 22.61, 22.5, 22.25, 22.25, 22.25
2026-08-23, 05:19:43, 22.25, 22.5, 22.75, 22.73, 9999.0, 9999.0, 9999.0, 24.11, 9999.0, 22.57, 9999.0, 22.61, 22.5, 22.25, 22.25, 22.23
2026-08-23, 05:19:47, 22.25, 22.5, 22.75, 22.73, 9999.0, 9999.0, 9999.0, 24.09, 9999.0, 22.55, 9999.0, 22.61, 22.5, 22.25, 22.25, 22.23
2026-08-23, 05:19:51, 22.25, 22.5, 22.75, 22.73, 9999.0, 9999.0, 9999.0, 24.05, 9999.0, 22.52, 9999.0, 22.61, 22.5, 22.25, 22.25, 22.23
2026-08-23, 05:19:55, 22.25, 22.48, 22.75, 22.75, 9999.0, 9999.0, 9999.0, 24.0, 9999.0, 22.5, 9999.0, 22.64, 22.5, 22.25, 22.25, 22.23
2026-08-23, 05:19:59, 22.25, 22.48, 22.75, 22.75, 9999.0, 9999.0, 9999.0, 23.95, 9999.0, 22.5, 9999.0, 22.66, 22.5, 22.25, 22.25, 22.23
2026-08-23, 05:20:03, 22.25, 22.48, 22.75, 22.75, 9999.0, 9999.0, 9999.0, 23.91, 9999.0, 22.5, 9999.0, 22.68, 22.5, 22.25, 22.25, 22.23
2026-08-23, 05:20:07, 22.25, 22.45, 22.75, 22.75, 9999.0, 9999.0, 9999.0, 23.86, 9999.0, 22.52, 9999.0, 22.7, 22.5, 22.25, 22.25, 22.23
2026-08-23, 05:20:11, 22.25, 22.45, 22.75, 22.75, 9999.0, 9999.0, 9999.0, 23.82, 9999.0, 22.55, 9999.0, 22.73, 22.5, 22.25, 22.25, 22.23
2026-08-23, 05:20:15, 22.25, 22.45, 22.75, 22.75, 9999.0, 9999.0, 9999.0, 23.77, 9999.0, 22.55, 9999.0, 22.75, 22.5, 22.25, 22.25, 22.23
2026-08-23, 05:20:19, 22.25, 22.45, 22.75, 22.75, 9999.0, 9999.0, 9999.0, 23.8, 9999.0, 22.55, 9999.0, 22.75, 22.5, 22.25, 22.25, 22.23
2026-08-23, 05:20:23, 22.25, 22.45, 22.75, 22.75, 9999.0, 9999.0, 9999.0, 23.82, 9999.0, 22.55, 9999.0, 22.75, 22.5, 22.25, 22.25, 22.23
2026-08-23, 05:20:27, 22.25, 22.45, 22.75, 22.75, 9999.0, 9999.0, 9999.0, 23.84, 9999.0, 22.55, 9999.0, 22.75, 22.5, 22.25, 22.25, 22.25
2026-08-23, 05:20:31, 22.25, 22.45, 22.75, 22.75, 9999.0, 9999.0, 9999.0, 23.84, 9999.0, 22.55, 9999.0, 22.73, 22.5, 22.25, 22.25, 22.25
2026-08-23, 05:20:35, 22.25, 22.45, 22.75, 22.75, 9999.0, 9999.0, 9999.0, 23.86, 9999.0, 22.55, 9999.0, 22.7, 22.5, 22.25, 22.25, 22.25
2026-08-23, 05:20:39, 22.25, 22.45, 22.75, 22.75, 9999.0, 9999.0, 9999.0, 23.89, 9999.0, 22.55, 9999.0, 22.68, 22.5, 22.25, 22.25, 22.25
2026-08-23, 05:20:43, 22.25, 22.45, 22.75, 22.75, 9999.0, 9999.0, 9999.0, 23.89, 9999.0, 22.52, 9999.0, 22.66, 22.5, 22.25, 22.25, 22.25
2026-08-23, 05:20:47, 22.25, 22.45, 22.75, 22.75, 9999.0, 9999.0, 9999.0, 23.91, 9999.0, 22.52, 9999.0, 22.64, 22.5, 22.25, 22.25, 22.25
2026-08-23, 05:20:51, 22.25, 22.48, 22.75, 22.75, 9999.0, 9999.0, 9999.0, 23.93, 9999.0, 22.5, 9999.0, 22.61, 22.5, 22.25, 22.25, 22.25
2026-08-23, 05:20:55, 22.25, 22.48, 22.75, 22.75, 9999.0, 9999.0, 9999.0, 23.95, 9999.0, 22.48, 9999.0, 22.61, 22.5, 22.25, 22.25, 22.25
2026-08-23, 05:20:59, 22.25, 22.48, 22.75, 22.75, 9999.0, 9999.0, 9999.0, 23.98, 9999.0, 22.48, 9999.0, 22.61, 22.48, 22.25, 22.25, 22.25
2026-08-23, 05:21:03, 22.25, 22.48, 22.75, 22.75, 9999.0, 9999.0, 9999.0, 23.93, 9999.0, 22.45, 9999.0, 22.61, 22.48, 22.25, 22.25, 22.25
2026-08-23, 05:21:07, 22.25, 22.48, 22.75, 22.75, 9999.0, 9999.0, 9999.0, 23.89, 9999.0, 22.43, 9999.0, 22.61, 22.48, 22.25, 22.25, 22.25
2026-08-23, 05:21:11, 22.25, 22.48, 22.75, 22.75, 9999.0, 9999.0, 9999.0, 23.84, 9999.0, 22.43, 9999.0, 22.61, 22.48, 22.25, 22.25, 22.25
2026-08-23, 05:21:15, 22.25, 22.48, 22.75, 22.75, 9999.0, 9999.0, 9999.0, 23.8, 9999.0, 22.43, 9999.0, 22.64, 22.48, 22.25, 22.25, 22.25
2026-08-23, 05:21:19, 22.25, 22.48, 22.75, 22.75, 9999.0, 9999.0, 9999.0, 23.77, 9999.0, 22.43, 9999.0, 22.66, 22.48, 22.25, 22.25, 22.25
2026-08-23, 05:21:23, 22.25, 22.5, 22.75, 22.75, 9999.0, 9999.0, 9999.0, 23.73, 9999.0, 22.43, 9999.0, 22.68, 22.48, 22.25, 22.25, 22.25
2026-08-23, 05:21:27, 22.25, 22.5, 22.75, 22.75, 9999.0, 9999.0, 9999.0, 23.7, 9999.0, 22.45, 9999.0, 22.7, 22.48, 22.25, 22.25, 22.25
2026-08-23, 05:21:31, 22.25, 22.5, 22.75, 22.75, 9999.0, 9999.0, 9999.0, 23.66, 9999.0, 22.45, 9999.0, 22.73, 22.48, 22.25, 22.25, 22.25
2026-08-23, 05:21:35, 22.25, 22.5, 22.75, 22.75, 9999.0, 9999.0, 9999.0, 23.7, 9999.0, 22.45, 9999.0, 22.75, 22.48, 22.25, 22.25, 22.25
2026-08-23, 05:21:39, 22.25, 22.5, 22.75, 22.75, 9999.0, 9999.0, 9999.0, 23.75, 9999.0, 22.45, 9999.0, 22.73, 22.48, 22.25, 22.25, 22.25
2026-08-23, 05:21:43, 22.25, 22.5, 22.75, 22.75, 9999.0, 9999.0, 9999.0, 23.8, 9999.0, 22.45, 9999.0, 22.73, 22.5, 22.25, 22.25, 22.25
2026-08-23, 05:21:47, 22.25, 22.5, 22.75, 22.75, 9999.0, 9999.0, 9999.0, 23.82, 9999.0, 22.48, 9999.0, 22.7, 22.5, 22.25, 22.25, 22.25
2026-08-23, 05:21:51, 22.25, 22.5, 22.75, 22.75, 9999.0, 9999.0, 9999.0, 23.84, 9999.0, 22.5, 9999.0, 22.7, 22.5, 22.25, 22.25, 22.25
2026-08-23, 05:21:55, 22.25, 22.5, 22.75, 22.75, 9999.0, 9999.0, 9999.0, 23.86, 9999.0, 22.5, 9999.0, 22.68, 22.5, 22.25, 22.25, 22.25
2026-08-23, 05:21:59, 22.25, 22.5, 22.75, 22.75, 9999.0, 9999.0, 9999.0, 23.91, 9999.0, 22.5, 9999.0, 22.66, 22.5, 22.25, 22.25, 22.25
2026-08-23, 05:22:03, 22.25, 22.5, 22.75, 22.75, 9999.0, 9999.0, 9999.0, 23.93, 9999.0, 22.48, 9999.0, 22.64, 22.5, 22.25, 22.25, 22.25
2026-08-23, 05:22:07, 22.25, 22.5, 22.75, 22.75, 9999.0, 9999.0, 9999.0, 23.98, 9999.0, 22.48, 9999.0, 22.61, 22.5, 22.25, 22.25, 22.25
2026-08-23, 05:22:11, 22.25, 22.5, 22.75, 22.75, 9999.0, 9999.0, 9999.0, 24.02, 9999.0, 22.45, 9999.0, 22.61, 22.5, 22.25, 22.25, 22.25
2026-08-23, 05:22:15, 22.25, 22.5, 22.75, 22.75, 9999.0, 9999.0, 9999.0, 24.05, 9999.0, 22.43, 9999.0, 22.61, 22.48, 22.25, 22.25, 22.25
2026-08-23, 05:22:19, 22.25, 22.5, 22.75, 22.75, 9999.0, 9999.0, 9999.0, 24.0, 9999.0, 22.41, 9999.0, 22.61, 22.48, 22.25, 22.25, 22.25
2026-08-23, 05:22:23, 22.25, 22.5, 22.75, 22.75, 9999.0, 9999.0, 9999.0, 23.93, 9999.0, 22.39, 9999.0, 22.64, 22.48, 22.25, 22.25, 22.25
2026-08-23, 05:22:27, 22.25, 22.5, 22.75, 22.75, 9999.0, 9999.0, 9999.0, 23.86, 9999.0, 22.36, 9999.0, 22.64, 22.48, 22.25, 22.25, 22.25
2026-08-23, 05:22:31, 22.25, 22.5, 22.75, 22.75, 9999.0, 9999.0, 9999.0, 23.82, 9999.0, 22.36, 9999.0, 22.66, 22.48, 22.25, 22.25, 22.25
2026-08-23, 05:22:35, 22.25, 22.5, 22.75, 22.75, 9999.0, 9999.0, 9999.0, 23.77, 9999.0, 22.36, 9999.0, 22.66, 22.48, 22.25, 22.25, 22.25
2026-08-23, 05:22:39, 22.25, 22.5, 22.75, 22.75, 9999.0, 9999.0, 9999.0, 23.73, 9999.0, 22.36, 9999.0, 22.68, 22.48, 22.25, 22.25, 22.23
2026-08-23, 05:22:43, 22.27, 22.5, 22.75, 22.75, 9999.0, 9999.0, 9999.0, 23.68, 9999.0, 22.36, 9999.0, 22.7, 22.48, 22.25, 22.25, 22.23
2026-08-23, 05:22:47, 22.27, 22.5, 22.75, 22.75, 9999.0, 9999.0, 9999.0, 23.61, 9999.0, 22.39, 9999.0, 22.73, 22.48, 22.25, 22.25, 22.23
2026-08-23, 05:22:51, 22.27, 22.5, 22.75, 22.75, 9999.0, 9999.0, 9999.0, 23.55, 9999.0, 22.39, 9999.0, 22.75, 22.48, 22.25, 22.25, 22.23
2026-08-23, 05:22:55, 22.27, 22.5, 22.75, 22.75, 9999.0, 9999.0, 9999.0, 23.57, 9999.0, 22.41, 9999.0, 22.75, 22.48, 22.25, 22.25, 22.23
2026-08-23, 05:22:59, 22.27, 22.5, 22.75, 22.75, 9999.0, 9999.0, 9999.0, 23.59, 9999.0, 22.43, 9999.0, 22.73, 22.5, 22.25, 22.25, 22.23
2026-08-23, 05:23:03, 22.27, 22.48, 22.75, 22.75, 9999.0, 9999.0, 9999.0, 23.61, 9999.0, 22.43, 9999.0, 22.73, 22.5, 22.25, 22.25, 22.23
2026-08-23, 05:23:08, 22.27, 22.48, 22.75, 22.75, 9999.0, 9999.0, 9999.0, 23.66, 9999.0, 22.43, 9999.0, 22.7, 22.5, 22.25, 22.25, 22.23
2026-08-23, 05:23:12, 22.27, 22.48, 22.75, 22.75, 9999.0, 9999.0, 9999.0, 23.68, 9999.0, 22.43, 9999.0, 22.68, 22.5, 22.25, 22.25, 22.23
2026-08-23, 05:23:16, 22.3, 22.48, 22.75, 22.75, 9999.0, 9999.0, 9999.0, 23.7, 9999.0, 22.41, 9999.0, 22.66, 22.5, 22.25, 22.25, 22.23
2026-08-23, 05:23:20, 22.3, 22.48, 22.75, 22.75, 9999.0, 9999.0, 9999.0, 23.73, 9999.0, 22.39, 9999.0, 22.64, 22.5, 22.25, 22.25, 22.23
2026-08-23, 05:23:24, 22.3, 22.48, 22.75, 22.75, 9999.0, 9999.0, 9999.0, 23.75, 9999.0, 22.36, 9999.0, 22.61, 22.5, 22.25, 22.25, 22.25
2026-08-23, 05:23:28, 22.27, 22.48, 22.75, 22.75, 9999.0, 9999.0, 9999.0, 23.8, 9999.0, 22.34, 9999.0, 22.59, 22.5, 22.25, 22.25, 22.25
2026-08-23, 05:23:32, 22.27, 22.48, 22.75, 22.75, 9999.0, 9999.0, 9999.0, 23.84, 9999.0, 22.32, 9999.0, 22.59, 22.5, 22.25, 22.25, 22.25
2026-08-23, 05:23:36, 22.27, 22.45, 22.75, 22.75, 9999.0, 9999.0, 9999.0, 23.89, 9999.0, 22.3, 9999.0, 22.59, 22.5, 22.25, 22.25, 22.25
2026-08-23, 05:23:40, 22.27, 22.43, 22.75, 22.75, 9999.0, 9999.0, 9999.0, 23.84, 9999.0, 22.27, 9999.0, 22.59, 22.5, 22.25, 22.25, 22.25
2026-08-23, 05:23:44, 22.27, 22.43, 22.75, 22.75, 9999.0, 9999.0, 9999.0, 23.8, 9999.0, 22.25, 9999.0, 22.64, 22.5, 22.25, 22.25, 22.25
2026-08-23, 05:23:48, 22.27, 22.45, 22.75, 22.75, 9999.0, 9999.0, 9999.0, 23.75, 9999.0, 22.25, 9999.0, 22.64, 22.5, 22.25, 22.25, 22.25
2026-08-23, 05:23:52, 22.27, 22.45, 22.75, 22.75, 9999.0, 9999.0, 9999.0, 23.7, 9999.0, 22.27, 9999.0, 22.66, 22.5, 22.25, 22.25, 22.25
2026-08-23, 05:23:56, 22.27, 22.45, 22.75, 22.75, 9999.0, 9999.0, 9999.0, 23.68, 9999.0, 22.27, 9999.0, 22.68, 22.5, 22.25, 22.25, 22.25
2026-08-23, 05:24:00, 22.25, 22.45, 22.75, 22.75, 9999.0, 9999.0, 9999.0, 23.66, 9999.0, 22.3, 9999.0, 22.7, 22.5, 22.25, 22.25, 22.25
2026-08-23, 05:24:04, 22.25, 22.45, 22.75, 22.75, 9999.0, 9999.0, 9999.0, 23.64, 9999.0, 22.32, 9999.0, 22.73, 22.5, 22.25, 22.25, 22.25
2026-08-23, 05:24:08, 22.25, 22.45, 22.75, 22.75, 9999.0, 9999.0, 9999.0, 23.61, 9999.0, 22.34, 9999.0, 22.75, 22.5, 22.25, 22.25, 22.25
2026-08-23, 05:24:12, 22.25, 22.45, 22.75, 22.75, 9999.0, 9999.0, 9999.0, 23.64, 9999.0, 22.36, 9999.0, 22.77, 22.5, 22.25, 22.25, 22.25
2026-08-23, 05:24:16, 22.25, 22.43, 22.75, 22.75, 9999.0, 9999.0, 9999.0, 23.66, 9999.0, 22.39, 9999.0, 22.77, 22.5, 22.25, 22.25, 22.25
2026-08-23, 05:24:20, 22.25, 22.45, 22.75, 22.75, 9999.0, 9999.0, 9999.0, 23.68, 9999.0, 22.39, 9999.0, 22.75, 22.5, 22.25, 22.25, 22.25
2026-08-23, 05:24:24, 22.25, 22.48, 22.75, 22.75, 9999.0, 9999.0, 9999.0, 23.68, 9999.0, 22.41, 9999.0, 22.75, 22.5, 22.25, 22.25, 22.25
2026-08-23, 05:24:28, 22.25, 22.48, 22.75, 22.75, 9999.0, 9999.0, 9999.0, 23.7, 9999.0, 22.41, 9999.0, 22.7, 22.5, 22.25, 22.25, 22.25
2026-08-23, 05:24:32, 22.25, 22.48, 22.75, 22.75, 9999.0, 9999.0, 9999.0, 23.73, 9999.0, 22.41, 9999.0, 22.7, 22.5, 22.25, 22.25, 22.25
2026-08-23, 05:24:36, 22.25, 22.48, 22.75, 22.75, 9999.0, 9999.0, 9999.0, 23.75, 9999.0, 22.39, 9999.0, 22.68, 22.5, 22.25, 22.25, 22.25
2026-08-23, 05:24:40, 22.25, 22.48, 22.75, 22.75, 9999.0, 9999.0, 9999.0, 23.77, 9999.0, 22.39, 9999.0, 22.66, 22.5, 22.25, 22.25, 22.25
2026-08-23, 05:24:44, 22.25, 22.48, 22.75, 22.75, 9999.0, 9999.0, 9999.0, 23.8, 9999.0, 22.36, 9999.0, 22.64, 22.5, 22.25, 22.25, 22.25
2026-08-23, 05:24:48, 22.25, 22.48, 22.75, 22.75, 9999.0, 9999.0, 9999.0, 23.82, 9999.0, 22.34, 9999.0, 22.64, 22.5, 22.25, 22.25, 22.25
2026-08-23, 05:24:52, 22.25, 22.48, 22.75, 22.75, 9999.0, 9999.0, 9999.0, 23.84, 9999.0, 22.32, 9999.0, 22.64, 22.5, 22.25, 22.25, 22.25
2026-08-23, 05:24:56, 22.27, 22.48, 22.75, 22.75, 9999.0, 9999.0, 9999.0, 23.77, 9999.0, 22.3, 9999.0, 22.64, 22.5, 22.25, 22.25, 22.25
2026-08-23, 05:25:00, 22.27, 22.5, 22.75, 22.75, 9999.0, 9999.0, 9999.0, 23.75, 9999.0, 22.27, 9999.0, 22.66, 22.5, 22.25, 22.25, 22.25
2026-08-23, 05:25:04, 22.27, 22.48, 22.75, 22.75, 9999.0, 9999.0, 9999.0, 23.7, 9999.0, 22.27, 9999.0, 22.68, 22.5, 22.25, 22.25, 22.25
2026-08-23, 05:25:08, 22.27, 22.48, 22.75, 22.75, 9999.0, 9999.0, 9999.0, 23.7, 9999.0, 22.27, 9999.0, 22.68, 22.5, 22.25, 22.25, 22.25
2026-08-23, 05:25:12, 22.27, 22.48, 22.75, 22.75, 9999.0, 9999.0, 9999.0, 23.68, 9999.0, 22.3, 9999.0, 22.7, 22.5, 22.25, 22.25, 22.25
2026-08-23, 05:25:16, 22.27, 22.48, 22.75, 22.75, 9999.0, 9999.0, 9999.0, 23.66, 9999.0, 22.3, 9999.0, 22.7, 22.5, 22.25, 22.25, 22.25
2026-08-23, 05:25:20, 22.3, 22.48, 22.75, 22.75, 9999.0, 9999.0, 9999.0, 23.64, 9999.0, 22.34, 9999.0, 22.73, 22.5, 22.25, 22.25, 22.25
2026-08-23, 05:25:24, 22.32, 22.48, 22.75, 22.75, 9999.0, 9999.0, 9999.0, 23.61, 9999.0, 22.36, 9999.0, 22.75, 22.5, 22.25, 22.25, 22.25
2026-08-23, 05:25:28, 22.32, 22.48, 22.75, 22.75, 9999.0, 9999.0, 9999.0, 23.59, 9999.0, 22.41, 9999.0, 22.77, 22.5, 22.25, 22.25, 22.25
2026-08-23, 05:25:32, 22.32, 22.48, 22.75, 22.75, 9999.0, 9999.0, 9999.0, 23.64, 9999.0, 22.43, 9999.0, 22.77, 22.5, 22.25, 22.25, 22.25
2026-08-23, 05:25:36, 22.32, 22.48, 22.75, 22.75, 9999.0, 9999.0, 9999.0, 23.68, 9999.0, 22.45, 9999.0, 22.77, 22.5, 22.25, 22.25, 22.25
2026-08-23, 05:25:40, 22.3, 22.48, 22.75, 22.75, 9999.0, 9999.0, 9999.0, 23.73, 9999.0, 22.48, 9999.0, 22.75, 22.5, 22.25, 22.25, 22.25
2026-08-23, 05:25:44, 22.3, 22.48, 22.75, 22.75, 9999.0, 9999.0, 9999.0, 23.75, 9999.0, 22.5, 9999.0, 22.7, 22.5, 22.25, 22.25, 22.25
2026-08-23, 05:25:48, 22.32, 22.5, 22.75, 22.75, 9999.0, 9999.0, 9999.0, 23.8, 9999.0, 22.52, 9999.0, 22.7, 22.5, 22.25, 22.25, 22.25
2026-08-23, 05:25:52, 22.32, 22.48, 22.75, 22.75, 9999.0, 9999.0, 9999.0, 23.8, 9999.0, 22.5, 9999.0, 22.68, 22.5, 22.25, 22.25, 22.25
2026-08-23, 05:25:56, 22.34, 22.48, 22.75, 22.75, 9999.0, 9999.0, 9999.0, 23.84, 9999.0, 22.5, 9999.0, 22.66, 22.5, 22.25, 22.25, 22.25
2026-08-23, 05:26:00, 22.34, 22.48, 22.75, 22.75, 9999.0, 9999.0, 9999.0, 23.89, 9999.0, 22.5, 9999.0, 22.64, 22.5, 22.25, 22.25, 22.25
2026-08-23, 05:26:04, 22.32, 22.48, 22.75, 22.75, 9999.0, 9999.0, 9999.0, 23.93, 9999.0, 22.48, 9999.0, 22.61, 22.5, 22.25, 22.25, 22.25
2026-08-23, 05:26:08, 22.3, 22.48, 22.75, 22.75, 9999.0, 9999.0, 9999.0, 23.95, 9999.0, 22.45, 9999.0, 22.61, 22.5, 22.25, 22.25, 22.25
2026-08-23, 05:26:12, 22.32, 22.48, 22.75, 22.75, 9999.0, 9999.0, 9999.0, 23.98, 9999.0, 22.41, 9999.0, 22.61, 22.5, 22.25, 22.25, 22.25
2026-08-23, 05:26:16, 22.32, 22.48, 22.75, 22.75, 9999.0, 9999.0, 9999.0, 23.93, 9999.0, 22.39, 9999.0, 22.61, 22.5, 22.25, 22.25, 22.25
2026-08-23, 05:26:20, 22.32, 22.48, 22.75, 22.75, 9999.0, 9999.0, 9999.0, 23.86, 9999.0, 22.36, 9999.0, 22.61, 22.5, 22.25, 22.25, 22.25
2026-08-23, 05:26:24, 22.34, 22.48, 22.75, 22.75, 9999.0, 9999.0, 9999.0, 23.82, 9999.0, 22.34, 9999.0, 22.64, 22.5, 22.25, 22.25, 22.25
2026-08-23, 05:26:28, 22.34, 22.48, 22.75, 22.75, 9999.0, 9999.0, 9999.0, 23.77, 9999.0, 22.34, 9999.0, 22.66, 22.5, 22.25, 22.25, 22.25
2026-08-23, 05:26:32, 22.32, 22.48, 22.75, 22.75, 9999.0, 9999.0, 9999.0, 23.73, 9999.0, 22.34, 9999.0, 22.66, 22.5, 22.25, 22.25, 22.25
2026-08-23, 05:26:36, 22.32, 22.5, 22.75, 22.75, 9999.0, 9999.0, 9999.0, 23.7, 9999.0, 22.36, 9999.0, 22.68, 22.5, 22.25, 22.25, 22.25
2026-08-23, 05:26:40, 22.3, 22.5, 22.75, 22.75, 9999.0, 9999.0, 9999.0, 23.66, 9999.0, 22.39, 9999.0, 22.7, 22.5, 22.25, 22.25, 22.25
2026-08-23, 05:26:45, 22.3, 22.5, 22.75, 22.75, 9999.0, 9999.0, 9999.0, 23.61, 9999.0, 22.43, 9999.0, 22.73, 22.5, 22.25, 22.25, 22.25
2026-08-23, 05:26:49, 22.3, 22.5, 22.75, 22.75, 9999.0, 9999.0, 9999.0, 23.64, 9999.0, 22.43, 9999.0, 22.75, 22.5, 22.25, 22.25, 22.25
2026-08-23, 05:26:53, 22.3, 22.5, 22.75, 22.75, 9999.0, 9999.0, 9999.0, 23.68, 9999.0, 22.45, 9999.0, 22.75, 22.5, 22.25, 22.25, 22.25
2026-08-23, 05:26:57, 22.27, 22.5, 22.75, 22.75, 9999.0, 9999.0, 9999.0, 23.73, 9999.0, 22.48, 9999.0, 22.75, 22.5, 22.25, 22.25, 22.25
2026-08-23, 05:27:01, 22.27, 22.5, 22.77, 22.75, 9999.0, 9999.0, 9999.0, 23.75, 9999.0, 22.5, 9999.0, 22.75, 22.5, 22.25, 22.25, 22.25
2026-08-23, 05:27:05, 22.27, 22.5, 22.77, 22.75, 9999.0, 9999.0, 9999.0, 23.8, 9999.0, 22.52, 9999.0, 22.75, 22.5, 22.25, 22.25, 22.25
2026-08-23, 05:27:09, 22.25, 22.5, 22.77, 22.75, 9999.0, 9999.0, 9999.0, 23.84, 9999.0, 22.55, 9999.0, 22.73, 22.5, 22.25, 22.25, 22.25
2026-08-23, 05:27:13, 22.27, 22.5, 22.77, 22.75, 9999.0, 9999.0, 9999.0, 23.89, 9999.0, 22.55, 9999.0, 22.73, 22.5, 22.25, 22.25, 22.25
2026-08-23, 05:27:17, 22.27, 22.5, 22.77, 22.75, 9999.0, 9999.0, 9999.0, 23.91, 9999.0, 22.55, 9999.0, 22.7, 22.48, 22.25, 22.25, 22.25
2026-08-23, 05:27:21, 22.3, 22.5, 22.77, 22.75, 9999.0, 9999.0, 9999.0, 23.95, 9999.0, 22.55, 9999.0, 22.68, 22.48, 22.25, 22.25, 22.25
2026-08-23, 05:27:25, 22.3, 22.5, 22.77, 22.75, 9999.0, 9999.0, 9999.0, 24.0, 9999.0, 22.52, 9999.0, 22.66, 22.48, 22.25, 22.25, 22.25
2026-08-23, 05:27:29, 22.3, 22.5, 22.77, 22.75, 9999.0, 9999.0, 9999.0, 24.02, 9999.0, 22.5, 9999.0, 22.66, 22.48, 22.25, 22.25, 22.25
2026-08-23, 05:27:33, 22.3, 22.5, 22.77, 22.75, 9999.0, 9999.0, 9999.0, 23.98, 9999.0, 22.5, 9999.0, 22.66, 22.48, 22.25, 22.25, 22.25
2026-08-23, 05:27:37, 22.3, 22.5, 22.77, 22.75, 9999.0, 9999.0, 9999.0, 23.93, 9999.0, 22.48, 9999.0, 22.68, 22.48, 22.25, 22.25, 22.25
2026-08-23, 05:27:41, 22.3, 22.5, 22.77, 22.75, 9999.0, 9999.0, 9999.0, 23.89, 9999.0, 22.45, 9999.0, 22.68, 22.48, 22.25, 22.25, 22.25
2026-08-23, 05:27:45, 22.3, 22.5, 22.75, 22.75, 9999.0, 9999.0, 9999.0, 23.86, 9999.0, 22.43, 9999.0, 22.68, 22.48, 22.25, 22.25, 22.25
2026-08-23, 05:27:49, 22.32, 22.5, 22.77, 22.75, 9999.0, 9999.0, 9999.0, 23.84, 9999.0, 22.43, 9999.0, 22.68, 22.48, 22.25, 22.25, 22.25
2026-08-23, 05:27:53, 22.34, 22.5, 22.77, 22.75, 9999.0, 9999.0, 9999.0, 23.82, 9999.0, 22.45, 9999.0, 22.7, 22.48, 22.25, 22.25, 22.25
2026-08-23, 05:27:57, 22.32, 22.5, 22.77, 22.75, 9999.0, 9999.0, 9999.0, 23.77, 9999.0, 22.48, 9999.0, 22.7, 22.48, 22.25, 22.25, 22.25
2026-08-23, 05:28:01, 22.32, 22.5, 22.77, 22.75, 9999.0, 9999.0, 9999.0, 23.75, 9999.0, 22.5, 9999.0, 22.73, 22.5, 22.25, 22.25, 22.25
2026-08-23, 05:28:05, 22.32, 22.5, 22.77, 22.75, 9999.0, 9999.0, 9999.0, 23.7, 9999.0, 22.52, 9999.0, 22.75, 22.5, 22.25, 22.25, 22.25
2026-08-23, 05:28:09, 22.32, 22.5, 22.77, 22.75, 9999.0, 9999.0, 9999.0, 23.73, 9999.0, 22.55, 9999.0, 22.77, 22.5, 22.25, 22.25, 22.25
2026-08-23, 05:28:13, 22.32, 22.5, 22.77, 22.77, 9999.0, 9999.0, 9999.0, 23.77, 9999.0, 22.57, 9999.0, 22.77, 22.5, 22.25, 22.25, 22.25
2026-08-23, 05:28:17, 22.32, 22.5, 22.77, 22.77, 9999.0, 9999.0, 9999.0, 23.82, 9999.0, 22.59, 9999.0, 22.77, 22.5, 22.25, 22.25, 22.25
2026-08-23, 05:28:21, 22.32, 22.5, 22.77, 22.77, 9999.0, 9999.0, 9999.0, 23.86, 9999.0, 22.64, 9999.0, 22.75, 22.5, 22.25, 22.25, 22.25
2026-08-23, 05:28:25, 22.32, 22.48, 22.77, 22.77, 9999.0, 9999.0, 9999.0, 23.89, 9999.0, 22.68, 9999.0, 22.73, 22.5, 22.25, 22.25, 22.25
2026-08-23, 05:28:29, 22.32, 22.48, 22.77, 22.77, 9999.0, 9999.0, 9999.0, 23.91, 9999.0, 22.73, 9999.0, 22.7, 22.5, 22.25, 22.25, 22.25
2026-08-23, 05:28:33, 22.3, 22.48, 22.75, 22.77, 9999.0, 9999.0, 9999.0, 23.93, 9999.0, 22.73, 9999.0, 22.68, 22.5, 22.25, 22.25, 22.25
2026-08-23, 05:28:37, 22.27, 22.45, 22.75, 22.77, 9999.0, 9999.0, 9999.0, 23.93, 9999.0, 22.73, 9999.0, 22.66, 22.5, 22.25, 22.25, 22.25
2026-08-23, 05:28:41, 22.27, 22.45, 22.75, 22.77, 9999.0, 9999.0, 9999.0, 23.98, 9999.0, 22.73, 9999.0, 22.64, 22.5, 22.25, 22.25, 22.25
2026-08-23, 05:28:45, 22.3, 22.45, 22.75, 22.77, 9999.0, 9999.0, 9999.0, 24.02, 9999.0, 22.7, 9999.0, 22.64, 22.5, 22.25, 22.25, 22.25
2026-08-23, 05:28:49, 22.27, 22.45, 22.75, 22.77, 9999.0, 9999.0, 9999.0, 24.05, 9999.0, 22.68, 9999.0, 22.64, 22.5, 22.25, 22.25, 22.25
2026-08-23, 05:28:53, 22.27, 22.45, 22.75, 22.77, 9999.0, 9999.0, 9999.0, 24.0, 9999.0, 22.66, 9999.0, 22.64, 22.5, 22.25, 22.25, 22.25
2026-08-23, 05:28:57, 22.27, 22.45, 22.75, 22.75, 9999.0, 9999.0, 9999.0, 23.95, 9999.0, 22.64, 9999.0, 22.66, 22.5, 22.25, 22.25, 22.25
2026-08-23, 05:29:01, 22.27, 22.45, 22.77, 22.75, 9999.0, 9999.0, 9999.0, 23.91, 9999.0, 22.61, 9999.0, 22.68, 22.5, 22.25, 22.25, 22.25
2026-08-23, 05:29:05, 22.27, 22.45, 22.77, 22.75, 9999.0, 9999.0, 9999.0, 23.86, 9999.0, 22.61, 9999.0, 22.68, 22.5, 22.25, 22.25, 22.25
2026-08-23, 05:29:09, 22.27, 22.48, 22.77, 22.75, 9999.0, 9999.0, 9999.0, 23.84, 9999.0, 22.61, 9999.0, 22.7, 22.5, 22.25, 22.25, 22.25
2026-08-23, 05:29:13, 22.27, 22.48, 22.77, 22.75, 9999.0, 9999.0, 9999.0, 23.8, 9999.0, 22.61, 9999.0, 22.73, 22.5, 22.25, 22.25, 22.25
2026-08-23, 05:29:17, 22.27, 22.48, 22.77, 22.75, 9999.0, 9999.0, 9999.0, 23.77, 9999.0, 22.64, 9999.0, 22.75, 22.5, 22.25, 22.25, 22.25
2026-08-23, 05:29:21, 22.27, 22.5, 22.77, 22.75, 9999.0, 9999.0, 9999.0, 23.75, 9999.0, 22.66, 9999.0, 22.77, 22.5, 22.25, 22.25, 22.25
2026-08-23, 05:29:25, 22.27, 22.5, 22.77, 22.75, 9999.0, 9999.0, 9999.0, 23.77, 9999.0, 22.66, 9999.0, 22.8, 22.5, 22.25, 22.25, 22.25
2026-08-23, 05:29:29, 22.25, 22.5, 22.77, 22.75, 9999.0, 9999.0, 9999.0, 23.8, 9999.0, 22.68, 9999.0, 22.8, 22.5, 22.25, 22.25, 22.25
2026-08-23, 05:29:33, 22.25, 22.5, 22.77, 22.75, 9999.0, 9999.0, 9999.0, 23.84, 9999.0, 22.7, 9999.0, 22.8, 22.5, 22.25, 22.25, 22.25
2026-08-23, 05:29:37, 22.25, 22.5, 22.77, 22.75, 9999.0, 9999.0, 9999.0, 23.86, 9999.0, 22.75, 9999.0, 22.8, 22.5, 22.25, 22.25, 22.25
2026-08-23, 05:29:41, 22.25, 22.5, 22.77, 22.75, 9999.0, 9999.0, 9999.0, 23.89, 9999.0, 22.77, 9999.0, 22.75, 22.5, 22.25, 22.25, 22.25
2026-08-23, 05:29:45, 22.25, 22.5, 22.75, 22.75, 9999.0, 9999.0, 9999.0, 23.91, 9999.0, 22.8, 9999.0, 22.7, 22.5, 22.25, 22.25, 22.25
2026-08-23, 05:29:49, 22.25, 22.5, 22.75, 22.75, 9999.0, 9999.0, 9999.0, 23.93, 9999.0, 22.8, 9999.0, 22.7, 22.5, 22.25, 22.25, 22.25
2026-08-23, 05:29:53, 22.25, 22.5, 22.75, 22.75, 9999.0, 9999.0, 9999.0, 23.93, 9999.0, 22.8, 9999.0, 22.68, 22.5, 22.25, 22.25, 22.25
2026-08-23, 05:29:57, 22.27, 22.5, 22.75, 22.75, 9999.0, 9999.0, 9999.0, 23.98, 9999.0, 22.77, 9999.0, 22.66, 22.5, 22.25, 22.25, 22.25
2026-08-23, 05:30:01, 22.27, 22.5, 22.75, 22.75, 9999.0, 9999.0, 9999.0, 24.0, 9999.0, 22.77, 9999.0, 22.66, 22.5, 22.25, 22.25, 22.25
2026-08-23, 05:30:05, 22.27, 22.5, 22.75, 22.75, 9999.0, 9999.0, 9999.0, 24.05, 9999.0, 22.73, 9999.0, 22.66, 22.5, 22.25, 22.25, 22.25
2026-08-23, 05:30:09, 22.27, 22.5, 22.75, 22.75, 9999.0, 9999.0, 9999.0, 24.0, 9999.0, 22.73, 9999.0, 22.66, 22.5, 22.25, 22.25, 22.25
2026-08-23, 05:30:13, 22.27, 22.5, 22.75, 22.75, 9999.0, 9999.0, 9999.0, 23.98, 9999.0, 22.7, 9999.0, 22.66, 22.5, 22.25, 22.25, 22.25
2026-08-23, 05:30:17, 22.27, 22.5, 22.75, 22.75, 9999.0, 9999.0, 9999.0, 23.93, 9999.0, 22.68, 9999.0, 22.66, 22.5, 22.25, 22.25, 22.25
2026-08-23, 05:30:21, 22.27, 22.5, 22.75, 22.75, 9999.0, 9999.0, 9999.0, 23.91, 9999.0, 22.64, 9999.0, 22.66, 22.5, 22.25, 22.25, 22.25
2026-08-23, 05:30:25, 22.27, 22.48, 22.75, 22.75, 9999.0, 9999.0, 9999.0, 23.89, 9999.0, 22.64, 9999.0, 22.68, 22.5, 22.25, 22.25, 22.25
2026-08-23, 05:30:29, 22.27, 22.48, 22.75, 22.75, 9999.0, 9999.0, 9999.0, 23.86, 9999.0, 22.64, 9999.0, 22.7, 22.5, 22.25, 22.25, 22.25
2026-08-23, 05:30:34, 22.27, 22.48, 22.75, 22.75, 9999.0, 9999.0, 9999.0, 23.82, 9999.0, 22.64, 9999.0, 22.7, 22.5, 22.25, 22.25, 22.25
2026-08-23, 05:30:38, 22.27, 22.48, 22.75, 22.75, 9999.0, 9999.0, 9999.0, 23.8, 9999.0, 22.64, 9999.0, 22.73, 22.5, 22.25, 22.25, 22.25
2026-08-23, 05:30:42, 22.25, 22.48, 22.75, 22.75, 9999.0, 9999.0, 9999.0, 23.75, 9999.0, 22.66, 9999.0, 22.75, 22.5, 22.25, 22.25, 22.25
2026-08-23, 05:30:46, 22.25, 22.45, 22.75, 22.75, 9999.0, 9999.0, 9999.0, 23.77, 9999.0, 22.66, 9999.0, 22.75, 22.5, 22.25, 22.25, 22.25
2026-08-23, 05:30:50, 22.25, 22.45, 22.75, 22.75, 9999.0, 9999.0, 9999.0, 23.8, 9999.0, 22.68, 9999.0, 22.75, 22.5, 22.25, 22.25, 22.25
2026-08-23, 05:30:54, 22.25, 22.45, 22.75, 22.75, 9999.0, 9999.0, 9999.0, 23.84, 9999.0, 22.68, 9999.0, 22.75, 22.5, 22.25, 22.25, 22.25
2026-08-23, 05:30:58, 22.27, 22.45, 22.75, 22.75, 9999.0, 9999.0, 9999.0, 23.86, 9999.0, 22.7, 9999.0, 22.73, 22.5, 22.25, 22.25, 22.25
2026-08-23, 05:31:02, 22.27, 22.45, 22.75, 22.75, 9999.0, 9999.0, 9999.0, 23.91, 9999.0, 22.73, 9999.0, 22.7, 22.5, 22.25, 22.25, 22.25
2026-08-23, 05:31:06, 22.27, 22.45, 22.75, 22.75, 9999.0, 9999.0, 9999.0, 23.95, 9999.0, 22.75, 9999.0, 22.68, 22.5, 22.25, 22.25, 22.25
2026-08-23, 05:31:10, 22.27, 22.48, 22.75, 22.75, 9999.0, 9999.0, 9999.0, 23.98, 9999.0, 22.75, 9999.0, 22.66, 22.48, 22.25, 22.25, 22.25
2026-08-23, 05:31:14, 22.27, 22.48, 22.75, 22.75, 9999.0, 9999.0, 9999.0, 24.0, 9999.0, 22.75, 9999.0, 22.64, 22.48, 22.25, 22.25, 22.25
2026-08-23, 05:31:18, 22.27, 22.48, 22.75, 22.75, 9999.0, 9999.0, 9999.0, 24.05, 9999.0, 22.75, 9999.0, 22.61, 22.48, 22.25, 22.25, 22.25
2026-08-23, 05:31:22, 22.27, 22.48, 22.75, 22.75, 9999.0, 9999.0, 9999.0, 24.09, 9999.0, 22.75, 9999.0, 22.61, 22.48, 22.25, 22.25, 22.25
2026-08-23, 05:31:26, 22.27, 22.48, 22.75, 22.75, 9999.0, 9999.0, 9999.0, 24.14, 9999.0, 22.75, 9999.0, 22.61, 22.48, 22.25, 22.25, 22.25
2026-08-23, 05:31:30, 22.27, 22.5, 22.75, 22.75, 9999.0, 9999.0, 9999.0, 24.11, 9999.0, 22.73, 9999.0, 22.61, 22.48, 22.25, 22.25, 22.25
2026-08-23, 05:31:34, 22.27, 22.5, 22.75, 22.75, 9999.0, 9999.0, 9999.0, 24.09, 9999.0, 22.7, 9999.0, 22.61, 22.48, 22.25, 22.25, 22.25
2026-08-23, 05:31:38, 22.27, 22.5, 22.75, 22.75, 9999.0, 9999.0, 9999.0, 24.05, 9999.0, 22.68, 9999.0, 22.61, 22.48, 22.25, 22.25, 22.25
2026-08-23, 05:31:42, 22.25, 22.5, 22.75, 22.75, 9999.0, 9999.0, 9999.0, 24.0, 9999.0, 22.68, 9999.0, 22.64, 22.48, 22.25, 22.25, 22.25
2026-08-23, 05:31:46, 22.25, 22.5, 22.75, 22.75, 9999.0, 9999.0, 9999.0, 23.95, 9999.0, 22.68, 9999.0, 22.66, 22.48, 22.25, 22.25, 22.25
2026-08-23, 05:31:50, 22.25, 22.5, 22.75, 22.75, 9999.0, 9999.0, 9999.0, 23.91, 9999.0, 22.68, 9999.0, 22.68, 22.48, 22.25, 22.25, 22.25
2026-08-23, 05:31:54, 22.25, 22.5, 22.75, 22.75, 9999.0, 9999.0, 9999.0, 23.89, 9999.0, 22.7, 9999.0, 22.7, 22.5, 22.25, 22.25, 22.25
2026-08-23, 05:31:58, 22.25, 22.5, 22.75, 22.75, 9999.0, 9999.0, 9999.0, 23.84, 9999.0, 22.73, 9999.0, 22.73, 22.5, 22.25, 22.25, 22.25
2026-08-23, 05:32:02, 22.25, 22.5, 22.75, 22.75, 9999.0, 9999.0, 9999.0, 23.86, 9999.0, 22.73, 9999.0, 22.75, 22.5, 22.25, 22.25, 22.25
2026-08-23, 05:32:06, 22.25, 22.5, 22.75, 22.75, 9999.0, 9999.0, 9999.0, 23.91, 9999.0, 22.73, 9999.0, 22.75, 22.5, 22.25, 22.25, 22.25
2026-08-23, 05:32:10, 22.25, 22.5, 22.75, 22.75, 9999.0, 9999.0, 9999.0, 23.93, 9999.0, 22.73, 9999.0, 22.75, 22.5, 22.25, 22.25, 22.25
2026-08-23, 05:32:14, 22.25, 22.5, 22.75, 22.75, 9999.0, 9999.0, 9999.0, 23.95, 9999.0, 22.75, 9999.0, 22.73, 22.5, 22.25, 22.25, 22.25
2026-08-23, 05:32:18, 22.25, 22.5, 22.75, 22.75, 9999.0, 9999.0, 9999.0, 23.98, 9999.0, 22.77, 9999.0, 22.7, 22.5, 22.25, 22.25, 22.25
2026-08-23, 05:32:22, 22.25, 22.5, 22.75, 22.75, 9999.0, 9999.0, 9999.0, 24.0, 9999.0, 22.8, 9999.0, 22.68, 22.5, 22.25, 22.25, 22.25
2026-08-23, 05:32:26, 22.25, 22.5, 22.75, 22.75, 9999.0, 9999.0, 9999.0, 24.02, 9999.0, 22.8, 9999.0, 22.66, 22.5, 22.25, 22.25, 22.25
2026-08-23, 05:32:30, 22.25, 22.5, 22.75, 22.75, 9999.0, 9999.0, 9999.0, 24.05, 9999.0, 22.8, 9999.0, 22.64, 22.5, 22.25, 22.23, 22.25
2026-08-23, 05:32:34, 22.25, 22.48, 22.75, 22.73, 9999.0, 9999.0, 9999.0, 24.07, 9999.0, 22.8, 9999.0, 22.61, 22.5, 22.25, 22.23, 22.25
2026-08-23, 05:32:38, 22.25, 22.48, 22.75, 22.73, 9999.0, 9999.0, 9999.0, 24.09, 9999.0, 22.77, 9999.0, 22.61, 22.5, 22.25, 22.23, 22.23
2026-08-23, 05:32:42, 22.25, 22.48, 22.75, 22.7, 9999.0, 9999.0, 9999.0, 24.14, 9999.0, 22.75, 9999.0, 22.61, 22.5, 22.25, 22.23, 22.23
2026-08-23, 05:32:46, 22.25, 22.48, 22.75, 22.7, 9999.0, 9999.0, 9999.0, 24.11, 9999.0, 22.75, 9999.0, 22.61, 22.5, 22.23, 22.23, 22.23
2026-08-23, 05:32:50, 22.25, 22.48, 22.75, 22.7, 9999.0, 9999.0, 9999.0, 24.07, 9999.0, 22.75, 9999.0, 22.61, 22.5, 22.23, 22.23, 22.23
2026-08-23, 05:32:54, 22.25, 22.48, 22.75, 22.7, 9999.0, 9999.0, 9999.0, 24.02, 9999.0, 22.73, 9999.0, 22.61, 22.5, 22.23, 22.23, 22.23
2026-08-23, 05:32:58, 22.25, 22.48, 22.75, 22.7, 9999.0, 9999.0, 9999.0, 23.98, 9999.0, 22.73, 9999.0, 22.64, 22.5, 22.23, 22.23, 22.23
2026-08-23, 05:33:02, 22.25, 22.48, 22.75, 22.7, 9999.0, 9999.0, 9999.0, 23.93, 9999.0, 22.73, 9999.0, 22.66, 22.5, 22.23, 22.23, 22.23
2026-08-23, 05:33:06, 22.25, 22.48, 22.75, 22.7, 9999.0, 9999.0, 9999.0, 23.91, 9999.0, 22.73, 9999.0, 22.68, 22.5, 22.23, 22.23, 22.23
2026-08-23, 05:33:10, 22.25, 22.48, 22.75, 22.7, 9999.0, 9999.0, 9999.0, 23.89, 9999.0, 22.75, 9999.0, 22.7, 22.5, 22.23, 22.23, 22.23
2026-08-23, 05:33:14, 22.25, 22.48, 22.75, 22.7, 9999.0, 9999.0, 9999.0, 23.86, 9999.0, 22.77, 9999.0, 22.73, 22.5, 22.23, 22.25, 22.23
2026-08-23, 05:33:18, 22.25, 22.5, 22.75, 22.73, 9999.0, 9999.0, 9999.0, 23.84, 9999.0, 22.8, 9999.0, 22.75, 22.5, 22.23, 22.25, 22.23
2026-08-23, 05:33:22, 22.25, 22.5, 22.75, 22.73, 9999.0, 9999.0, 9999.0, 23.89, 9999.0, 22.82, 9999.0, 22.73, 22.5, 22.23, 22.25, 22.23
2026-08-23, 05:33:26, 22.25, 22.5, 22.75, 22.75, 9999.0, 9999.0, 9999.0, 23.93, 9999.0, 22.84, 9999.0, 22.7, 22.5, 22.23, 22.25, 22.23
2026-08-23, 05:33:30, 22.25, 22.5, 22.75, 22.75, 9999.0, 9999.0, 9999.0, 23.95, 9999.0, 22.84, 9999.0, 22.68, 22.5, 22.25, 22.25, 22.23
2026-08-23, 05:33:34, 22.25, 22.5, 22.75, 22.75, 9999.0, 9999.0, 9999.0, 23.98, 9999.0, 22.84, 9999.0, 22.66, 22.5, 22.25, 22.25, 22.23
2026-08-23, 05:33:38, 22.25, 22.5, 22.75, 22.75, 9999.0, 9999.0, 9999.0, 24.02, 9999.0, 22.86, 9999.0, 22.64, 22.5, 22.25, 22.25, 22.23
2026-08-23, 05:33:42, 22.25, 22.5, 22.75, 22.75, 9999.0, 9999.0, 9999.0, 24.07, 9999.0, 22.86, 9999.0, 22.61, 22.5, 22.25, 22.25, 22.23
2026-08-23, 05:33:46, 22.25, 22.5, 22.75, 22.75, 9999.0, 9999.0, 9999.0, 24.09, 9999.0, 22.86, 9999.0, 22.59, 22.5, 22.25, 22.25, 22.23
2026-08-23, 05:33:50, 22.25, 22.5, 22.75, 22.75, 9999.0, 9999.0, 9999.0, 24.11, 9999.0, 22.86, 9999.0, 22.57, 22.5, 22.25, 22.25, 22.23
2026-08-23, 05:33:54, 22.25, 22.5, 22.75, 22.75, 9999.0, 9999.0, 9999.0, 24.16, 9999.0, 22.84, 9999.0, 22.55, 22.5, 22.25, 22.25, 22.23
2026-08-23, 05:33:58, 22.25, 22.5, 22.75, 22.75, 9999.0, 9999.0, 9999.0, 24.18, 9999.0, 22.82, 9999.0, 22.55, 22.5, 22.25, 22.25, 22.23
2026-08-23, 05:34:02, 22.27, 22.48, 22.75, 22.75, 9999.0, 9999.0, 9999.0, 24.2, 9999.0, 22.8, 9999.0, 22.55, 22.5, 22.25, 22.25, 22.23
2026-08-23, 05:34:06, 22.27, 22.48, 22.75, 22.75, 9999.0, 9999.0, 9999.0, 24.16, 9999.0, 22.77, 9999.0, 22.57, 22.5, 22.25, 22.25, 22.25
2026-08-23, 05:34:10, 22.27, 22.48, 22.75, 22.75, 9999.0, 9999.0, 9999.0, 24.09, 9999.0, 22.75, 9999.0, 22.59, 22.5, 22.25, 22.25, 22.25
2026-08-23, 05:34:14, 22.27, 22.48, 22.75, 22.75, 9999.0, 9999.0, 9999.0, 24.05, 9999.0, 22.75, 9999.0, 22.61, 22.5, 22.25, 22.25, 22.25
2026-08-23, 05:34:19, 22.27, 22.48, 22.75, 22.75, 9999.0, 9999.0, 9999.0, 24.0, 9999.0, 22.75, 9999.0, 22.64, 22.5, 22.25, 22.25, 22.25
2026-08-23, 05:34:23, 22.27, 22.48, 22.75, 22.75, 9999.0, 9999.0, 9999.0, 23.95, 9999.0, 22.75, 9999.0, 22.66, 22.5, 22.25, 22.25, 22.25
2026-08-23, 05:34:27, 22.27, 22.48, 22.75, 22.75, 9999.0, 9999.0, 9999.0, 23.91, 9999.0, 22.77, 9999.0, 22.68, 22.5, 22.25, 22.25, 22.25
2026-08-23, 05:34:31, 22.27, 22.48, 22.75, 22.75, 9999.0, 9999.0, 9999.0, 23.89, 9999.0, 22.8, 9999.0, 22.7, 22.5, 22.25, 22.25, 22.25
2026-08-23, 05:34:35, 22.27, 22.48, 22.75, 22.75, 9999.0, 9999.0, 9999.0, 23.86, 9999.0, 22.82, 9999.0, 22.73, 22.5, 22.25, 22.25, 22.25
2026-08-23, 05:34:39, 22.27, 22.48, 22.75, 22.75, 9999.0, 9999.0, 9999.0, 23.89, 9999.0, 22.84, 9999.0, 22.75, 22.5, 22.25, 22.25, 22.25
2026-08-23, 05:34:43, 22.27, 22.48, 22.75, 22.75, 9999.0, 9999.0, 9999.0, 23.93, 9999.0, 22.84, 9999.0, 22.73, 22.5, 22.25, 22.25, 22.25
2026-08-23, 05:34:47, 22.25, 22.5, 22.75, 22.75, 9999.0, 9999.0, 9999.0, 23.95, 9999.0, 22.84, 9999.0, 22.7, 22.5, 22.25, 22.25, 22.25
2026-08-23, 05:34:51, 22.25, 22.5, 22.75, 22.75, 9999.0, 9999.0, 9999.0, 23.98, 9999.0, 22.84, 9999.0, 22.68, 22.5, 22.25, 22.25, 22.25
2026-08-23, 05:34:55, 22.25, 22.5, 22.75, 22.75, 9999.0, 9999.0, 9999.0, 24.02, 9999.0, 22.84, 9999.0, 22.66, 22.5, 22.25, 22.25, 22.23
2026-08-23, 05:34:59, 22.25, 22.5, 22.75, 22.75, 9999.0, 9999.0, 9999.0, 24.07, 9999.0, 22.84, 9999.0, 22.64, 22.5, 22.25, 22.25, 22.23
2026-08-23, 05:35:03, 22.25, 22.5, 22.75, 22.75, 9999.0, 9999.0, 9999.0, 24.11, 9999.0, 22.84, 9999.0, 22.61, 22.5, 22.25, 22.25, 22.23
2026-08-23, 05:35:07, 22.25, 22.5, 22.75, 22.75, 9999.0, 9999.0, 9999.0, 24.14, 9999.0, 22.84, 9999.0, 22.59, 22.5, 22.25, 22.25, 22.23
2026-08-23, 05:35:11, 22.25, 22.5, 22.75, 22.75, 9999.0, 9999.0, 9999.0, 24.16, 9999.0, 22.82, 9999.0, 22.57, 22.5, 22.25, 22.25, 22.2
2026-08-23, 05:35:15, 22.25, 22.5, 22.75, 22.75, 9999.0, 9999.0, 9999.0, 24.18, 9999.0, 22.8, 9999.0, 22.57, 22.48, 22.25, 22.25, 22.2
2026-08-23, 05:35:19, 22.25, 22.5, 22.75, 22.73, 9999.0, 9999.0, 9999.0, 24.2, 9999.0, 22.75, 9999.0, 22.57, 22.45, 22.25, 22.23, 22.2
2026-08-23, 05:35:23, 22.25, 22.48, 22.75, 22.73, 9999.0, 9999.0, 9999.0, 24.16, 9999.0, 22.73, 9999.0, 22.57, 22.43, 22.25, 22.23, 22.2
2026-08-23, 05:35:27, 22.25, 22.45, 22.75, 22.73, 9999.0, 9999.0, 9999.0, 24.11, 9999.0, 22.73, 9999.0, 22.61, 22.43, 22.25, 22.23, 22.2
2026-08-23, 05:35:31, 22.25, 22.45, 22.75, 22.73, 9999.0, 9999.0, 9999.0, 24.07, 9999.0, 22.7, 9999.0, 22.64, 22.43, 22.25, 22.23, 22.2
2026-08-23, 05:35:35, 22.25, 22.45, 22.73, 22.73, 9999.0, 9999.0, 9999.0, 24.05, 9999.0, 22.7, 9999.0, 22.66, 22.43, 22.25, 22.23, 22.2
2026-08-23, 05:35:39, 22.25, 22.45, 22.73, 22.73, 9999.0, 9999.0, 9999.0, 24.0, 9999.0, 22.7, 9999.0, 22.68, 22.41, 22.25, 22.23, 22.23
2026-08-23, 05:35:43, 22.25, 22.45, 22.73, 22.73, 9999.0, 9999.0, 9999.0, 23.95, 9999.0, 22.7, 9999.0, 22.7, 22.41, 22.25, 22.23, 22.23
2026-08-23, 05:35:47, 22.25, 22.45, 22.73, 22.73, 9999.0, 9999.0, 9999.0, 23.91, 9999.0, 22.73, 9999.0, 22.73, 22.41, 22.25, 22.23, 22.23
2026-08-23, 05:35:51, 22.25, 22.43, 22.73, 22.73, 9999.0, 9999.0, 9999.0, 23.89, 9999.0, 22.73, 9999.0, 22.75, 22.41, 22.25, 22.23, 22.23
2026-08-23, 05:35:55, 22.25, 22.43, 22.73, 22.73, 9999.0, 9999.0, 9999.0, 23.93, 9999.0, 22.73, 9999.0, 22.75, 22.41, 22.25, 22.23, 22.25
2026-08-23, 05:35:59, 22.25, 22.43, 22.73, 22.73, 9999.0, 9999.0, 9999.0, 23.98, 9999.0, 22.73, 9999.0, 22.75, 22.43, 22.25, 22.23, 22.25
2026-08-23, 05:36:03, 22.25, 22.43, 22.73, 22.75, 9999.0, 9999.0, 9999.0, 24.02, 9999.0, 22.75, 9999.0, 22.75, 22.45, 22.25, 22.25, 22.23
2026-08-23, 05:36:07, 22.25, 22.45, 22.73, 22.75, 9999.0, 9999.0, 9999.0, 24.05, 9999.0, 22.75, 9999.0, 22.73, 22.48, 22.25, 22.25, 22.2
2026-08-23, 05:36:11, 22.25, 22.48, 22.73, 22.75, 9999.0, 9999.0, 9999.0, 24.07, 9999.0, 22.73, 9999.0, 22.68, 22.48, 22.25, 22.25, 22.2
2026-08-23, 05:36:15, 22.25, 22.48, 22.73, 22.73, 9999.0, 9999.0, 9999.0, 24.11, 9999.0, 22.73, 9999.0, 22.66, 22.48, 22.25, 22.25, 22.2
2026-08-23, 05:36:19, 22.25, 22.45, 22.75, 22.73, 9999.0, 9999.0, 9999.0, 24.14, 9999.0, 22.7, 9999.0, 22.64, 22.45, 22.25, 22.25, 22.2
2026-08-23, 05:36:23, 22.27, 22.45, 22.75, 22.7, 9999.0, 9999.0, 9999.0, 24.16, 9999.0, 22.68, 9999.0, 22.61, 22.48, 22.25, 22.25, 22.2
2026-08-23, 05:36:27, 22.27, 22.45, 22.75, 22.7, 9999.0, 9999.0, 9999.0, 24.18, 9999.0, 22.66, 9999.0, 22.59, 22.48, 22.25, 22.25, 22.2
2026-08-23, 05:36:31, 22.27, 22.45, 22.75, 22.68, 9999.0, 9999.0, 9999.0, 24.23, 9999.0, 22.61, 9999.0, 22.57, 22.48, 22.25, 22.25, 22.2
2026-08-23, 05:36:35, 22.27, 22.45, 22.75, 22.68, 9999.0, 9999.0, 9999.0, 24.25, 9999.0, 22.59, 9999.0, 22.57, 22.48, 22.25, 22.25, 22.2
2026-08-23, 05:36:39, 22.27, 22.43, 22.75, 22.68, 9999.0, 9999.0, 9999.0, 24.2, 9999.0, 22.57, 9999.0, 22.59, 22.48, 22.23, 22.25, 22.2
2026-08-23, 05:36:43, 22.27, 22.43, 22.75, 22.66, 9999.0, 9999.0, 9999.0, 24.14, 9999.0, 22.55, 9999.0, 22.59, 22.48, 22.23, 22.25, 22.2
2026-08-23, 05:36:47, 22.27, 22.43, 22.75, 22.66, 9999.0, 9999.0, 9999.0, 24.07, 9999.0, 22.52, 9999.0, 22.59, 22.48, 22.23, 22.25, 22.23
2026-08-23, 05:36:51, 22.27, 22.43, 22.75, 22.66, 9999.0, 9999.0, 9999.0, 24.02, 9999.0, 22.5, 9999.0, 22.61, 22.48, 22.23, 22.25, 22.25
2026-08-23, 05:36:55, 22.27, 22.43, 22.75, 22.66, 9999.0, 9999.0, 9999.0, 23.98, 9999.0, 22.5, 9999.0, 22.64, 22.48, 22.23, 22.25, 22.25
2026-08-23, 05:36:59, 22.27, 22.43, 22.75, 22.68, 9999.0, 9999.0, 9999.0, 23.93, 9999.0, 22.5, 9999.0, 22.66, 22.48, 22.23, 22.25, 22.25
2026-08-23, 05:37:03, 22.27, 22.45, 22.75, 22.66, 9999.0, 9999.0, 9999.0, 23.89, 9999.0, 22.52, 9999.0, 22.68, 22.5, 22.23, 22.25, 22.25
2026-08-23, 05:37:07, 22.25, 22.45, 22.75, 22.68, 9999.0, 9999.0, 9999.0, 23.86, 9999.0, 22.55, 9999.0, 22.7, 22.5, 22.23, 22.25, 22.25
2026-08-23, 05:37:11, 22.25, 22.45, 22.75, 22.68, 9999.0, 9999.0, 9999.0, 23.82, 9999.0, 22.57, 9999.0, 22.7, 22.5, 22.23, 22.25, 22.25
2026-08-23, 05:37:15, 22.25, 22.45, 22.75, 22.7, 9999.0, 9999.0, 9999.0, 23.82, 9999.0, 22.59, 9999.0, 22.73, 22.5, 22.23, 22.25, 22.25
2026-08-23, 05:37:19, 22.25, 22.48, 22.75, 22.68, 9999.0, 9999.0, 9999.0, 23.84, 9999.0, 22.61, 9999.0, 22.73, 22.5, 22.2, 22.25, 22.25
2026-08-23, 05:37:23, 22.25, 22.48, 22.75, 22.66, 9999.0, 9999.0, 9999.0, 23.84, 9999.0, 22.61, 9999.0, 22.7, 22.5, 22.23, 22.25, 22.23
2026-08-23, 05:37:27, 22.25, 22.48, 22.75, 22.68, 9999.0, 9999.0, 9999.0, 23.89, 9999.0, 22.61, 9999.0, 22.68, 22.5, 22.23, 22.25, 22.23
2026-08-23, 05:37:31, 22.25, 22.48, 22.75, 22.68, 9999.0, 9999.0, 9999.0, 23.93, 9999.0, 22.61, 9999.0, 22.66, 22.5, 22.23, 22.25, 22.2
2026-08-23, 05:37:35, 22.25, 22.48, 22.75, 22.68, 9999.0, 9999.0, 9999.0, 23.95, 9999.0, 22.61, 9999.0, 22.64, 22.48, 22.23, 22.25, 22.2
2026-08-23, 05:37:39, 22.25, 22.48, 22.75, 22.66, 9999.0, 9999.0, 9999.0, 23.98, 9999.0, 22.61, 9999.0, 22.61, 22.45, 22.23, 22.25, 22.2
2026-08-23, 05:37:43, 22.25, 22.48, 22.75, 22.66, 9999.0, 9999.0, 9999.0, 24.0, 9999.0, 22.61, 9999.0, 22.59, 22.45, 22.23, 22.25, 22.18
2026-08-23, 05:37:47, 22.25, 22.48, 22.75, 22.68, 9999.0, 9999.0, 9999.0, 24.02, 9999.0, 22.59, 9999.0, 22.57, 22.43, 22.23, 22.25, 22.18
2026-08-23, 05:37:51, 22.25, 22.45, 22.75, 22.68, 9999.0, 9999.0, 9999.0, 24.05, 9999.0, 22.57, 9999.0, 22.57, 22.41, 22.23, 22.25, 22.18
2026-08-23, 05:37:55, 22.25, 22.45, 22.75, 22.68, 9999.0, 9999.0, 9999.0, 24.09, 9999.0, 22.55, 9999.0, 22.59, 22.39, 22.23, 22.25, 22.18
2026-08-23, 05:37:59, 22.25, 22.43, 22.75, 22.68, 9999.0, 9999.0, 9999.0, 24.07, 9999.0, 22.52, 9999.0, 22.59, 22.39, 22.23, 22.25, 22.16
2026-08-23, 05:38:04, 22.25, 22.43, 22.75, 22.7, 9999.0, 9999.0, 9999.0, 24.02, 9999.0, 22.5, 9999.0, 22.59, 22.39, 22.25, 22.25, 22.16
2026-08-23, 05:38:08, 22.25, 22.45, 22.75, 22.73, 9999.0, 9999.0, 9999.0, 24.0, 9999.0, 22.5, 9999.0, 22.61, 22.39, 22.25, 22.25, 22.18
2026-08-23, 05:38:12, 22.25, 22.45, 22.75, 22.73, 9999.0, 9999.0, 9999.0, 23.95, 9999.0, 22.52, 9999.0, 22.64, 22.39, 22.25, 22.25, 22.16
2026-08-23, 05:38:16, 22.25, 22.45, 22.75, 22.73, 9999.0, 9999.0, 9999.0, 23.91, 9999.0, 22.55, 9999.0, 22.66, 22.39, 22.23, 22.25, 22.18
2026-08-23, 05:38:20, 22.25, 22.45, 22.75, 22.73, 9999.0, 9999.0, 9999.0, 23.89, 9999.0, 22.57, 9999.0, 22.68, 22.41, 22.2, 22.25, 22.16
2026-08-23, 05:38:24, 22.25, 22.43, 22.75, 22.75, 9999.0, 9999.0, 9999.0, 23.86, 9999.0, 22.59, 9999.0, 22.7, 22.43, 22.2, 22.25, 22.16
2026-08-23, 05:38:28, 22.25, 22.41, 22.73, 22.73, 9999.0, 9999.0, 9999.0, 23.82, 9999.0, 22.61, 9999.0, 22.73, 22.43, 22.2, 22.25, 22.16
2026-08-23, 05:38:32, 22.25, 22.41, 22.73, 22.73, 9999.0, 9999.0, 9999.0, 23.86, 9999.0, 22.64, 9999.0, 22.73, 22.45, 22.2, 22.25, 22.16
2026-08-23, 05:38:36, 22.25, 22.43, 22.73, 22.73, 9999.0, 9999.0, 9999.0, 23.89, 9999.0, 22.66, 9999.0, 22.7, 22.48, 22.2, 22.25, 22.16
2026-08-23, 05:38:40, 22.25, 22.43, 22.73, 22.73, 9999.0, 9999.0, 9999.0, 23.91, 9999.0, 22.68, 9999.0, 22.7, 22.5, 22.2, 22.25, 22.14
2026-08-23, 05:38:44, 22.25, 22.45, 22.73, 22.73, 9999.0, 9999.0, 9999.0, 23.93, 9999.0, 22.68, 9999.0, 22.68, 22.48, 22.2, 22.25, 22.16
2026-08-23, 05:38:48, 22.25, 22.45, 22.73, 22.7, 9999.0, 9999.0, 9999.0, 23.98, 9999.0, 22.68, 9999.0, 22.68, 22.45, 22.2, 22.25, 22.14
2026-08-23, 05:38:52, 22.25, 22.45, 22.73, 22.7, 9999.0, 9999.0, 9999.0, 24.0, 9999.0, 22.68, 9999.0, 22.66, 22.45, 22.2, 22.25, 22.11
2026-08-23, 05:38:56, 22.25, 22.45, 22.73, 22.7, 9999.0, 9999.0, 9999.0, 24.02, 9999.0, 22.66, 9999.0, 22.64, 22.45, 22.2, 22.25, 22.14
2026-08-23, 05:39:00, 22.25, 22.43, 22.73, 22.7, 9999.0, 9999.0, 9999.0, 24.05, 9999.0, 22.61, 9999.0, 22.61, 22.43, 22.23, 22.25, 22.14
2026-08-23, 05:39:04, 22.25, 22.41, 22.73, 22.7, 9999.0, 9999.0, 9999.0, 24.07, 9999.0, 22.59, 9999.0, 22.59, 22.41, 22.25, 22.25, 22.16
2026-08-23, 05:39:08, 22.25, 22.43, 22.73, 22.68, 9999.0, 9999.0, 9999.0, 24.07, 9999.0, 22.55, 9999.0, 22.59, 22.41, 22.23, 22.25, 22.16
2026-08-23, 05:39:12, 22.25, 22.45, 22.75, 22.7, 9999.0, 9999.0, 9999.0, 24.11, 9999.0, 22.5, 9999.0, 22.59, 22.41, 22.23, 22.25, 22.18
2026-08-23, 05:39:16, 22.25, 22.43, 22.75, 22.7, 9999.0, 9999.0, 9999.0, 24.05, 9999.0, 22.45, 9999.0, 22.61, 22.39, 22.23, 22.25, 22.18
2026-08-23, 05:39:20, 22.25, 22.41, 22.75, 22.68, 9999.0, 9999.0, 9999.0, 24.0, 9999.0, 22.41, 9999.0, 22.64, 22.39, 22.23, 22.25, 22.18
2026-08-23, 05:39:24, 22.25, 22.41, 22.75, 22.66, 9999.0, 9999.0, 9999.0, 23.95, 9999.0, 22.36, 9999.0, 22.64, 22.39, 22.2, 22.25, 22.2
2026-08-23, 05:39:28, 22.25, 22.41, 22.75, 22.64, 9999.0, 9999.0, 9999.0, 23.91, 9999.0, 22.36, 9999.0, 22.66, 22.41, 22.2, 22.25, 22.18
2026-08-23, 05:39:32, 22.25, 22.41, 22.75, 22.66, 9999.0, 9999.0, 9999.0, 23.86, 9999.0, 22.36, 9999.0, 22.66, 22.43, 22.2, 22.25, 22.18
2026-08-23, 05:39:36, 22.25, 22.41, 22.75, 22.64, 9999.0, 9999.0, 9999.0, 23.84, 9999.0, 22.36, 9999.0, 22.68, 22.43, 22.2, 22.25, 22.18
2026-08-23, 05:39:40, 22.25, 22.39, 22.75, 22.64, 9999.0, 9999.0, 9999.0, 23.8, 9999.0, 22.39, 9999.0, 22.7, 22.43, 22.2, 22.25, 22.18
2026-08-23, 05:39:44, 22.25, 22.41, 22.75, 22.61, 9999.0, 9999.0, 9999.0, 23.75, 9999.0, 22.43, 9999.0, 22.73, 22.45, 22.18, 22.25, 22.18
2026-08-23, 05:39:48, 22.25, 22.43, 22.75, 22.61, 9999.0, 9999.0, 9999.0, 23.77, 9999.0, 22.43, 9999.0, 22.75, 22.48, 22.18, 22.25, 22.18
2026-08-23, 05:39:52, 22.25, 22.43, 22.75, 22.64, 9999.0, 9999.0, 9999.0, 23.82, 9999.0, 22.45, 9999.0, 22.75, 22.48, 22.2, 22.25, 22.18
2026-08-23, 05:39:56, 22.25, 22.41, 22.75, 22.64, 9999.0, 9999.0, 9999.0, 23.84, 9999.0, 22.48, 9999.0, 22.73, 22.48, 22.2, 22.25, 22.18
2026-08-23, 05:40:00, 22.25, 22.41, 22.75, 22.64, 9999.0, 9999.0, 9999.0, 23.89, 9999.0, 22.5, 9999.0, 22.7, 22.5, 22.18, 22.25, 22.18
2026-08-23, 05:40:04, 22.25, 22.41, 22.75, 22.66, 9999.0, 9999.0, 9999.0, 23.93, 9999.0, 22.52, 9999.0, 22.68, 22.5, 22.18, 22.25, 22.18
2026-08-23, 05:40:08, 22.25, 22.41, 22.75, 22.66, 9999.0, 9999.0, 9999.0, 23.95, 9999.0, 22.55, 9999.0, 22.66, 22.48, 22.2, 22.25, 22.18
2026-08-23, 05:40:12, 22.25, 22.39, 22.75, 22.66, 9999.0, 9999.0, 9999.0, 23.98, 9999.0, 22.55, 9999.0, 22.64, 22.45, 22.2, 22.25, 22.18
2026-08-23, 05:40:16, 22.25, 22.39, 22.75, 22.66, 9999.0, 9999.0, 9999.0, 24.0, 9999.0, 22.52, 9999.0, 22.61, 22.45, 22.18, 22.25, 22.2
2026-08-23, 05:40:20, 22.25, 22.36, 22.75, 22.68, 9999.0, 9999.0, 9999.0, 24.02, 9999.0, 22.5, 9999.0, 22.59, 22.43, 22.18, 22.25, 22.23
2026-08-23, 05:40:24, 22.25, 22.36, 22.75, 22.66, 9999.0, 9999.0, 9999.0, 24.05, 9999.0, 22.48, 9999.0, 22.57, 22.41, 22.18, 22.25, 22.2
2026-08-23, 05:40:28, 22.25, 22.36, 22.75, 22.68, 9999.0, 9999.0, 9999.0, 24.09, 9999.0, 22.43, 9999.0, 22.57, 22.41, 22.2, 22.25, 22.2
2026-08-23, 05:40:32, 22.25, 22.34, 22.75, 22.66, 9999.0, 9999.0, 9999.0, 24.05, 9999.0, 22.43, 9999.0, 22.55, 22.39, 22.2, 22.25, 22.2
2026-08-23, 05:40:36, 22.25, 22.32, 22.75, 22.66, 9999.0, 9999.0, 9999.0, 24.0, 9999.0, 22.41, 9999.0, 22.55, 22.39, 22.2, 22.25, 22.2
2026-08-23, 05:40:40, 22.25, 22.34, 22.75, 22.66, 9999.0, 9999.0, 9999.0, 23.95, 9999.0, 22.39, 9999.0, 22.57, 22.39, 22.2, 22.25, 22.2
2026-08-23, 05:40:44, 22.25, 22.36, 22.75, 22.66, 9999.0, 9999.0, 9999.0, 23.91, 9999.0, 22.36, 9999.0, 22.59, 22.39, 22.23, 22.25, 22.2
2026-08-23, 05:40:48, 22.25, 22.39, 22.75, 22.66, 9999.0, 9999.0, 9999.0, 23.86, 9999.0, 22.36, 9999.0, 22.61, 22.39, 22.23, 22.25, 22.2
2026-08-23, 05:40:52, 22.25, 22.39, 22.75, 22.68, 9999.0, 9999.0, 9999.0, 23.84, 9999.0, 22.36, 9999.0, 22.64, 22.41, 22.23, 22.25, 22.18
2026-08-23, 05:40:56, 22.25, 22.39, 22.75, 22.7, 9999.0, 9999.0, 9999.0, 23.8, 9999.0, 22.36, 9999.0, 22.66, 22.43, 22.2, 22.25, 22.2
2026-08-23, 05:41:00, 22.25, 22.39, 22.75, 22.7, 9999.0, 9999.0, 9999.0, 23.75, 9999.0, 22.41, 9999.0, 22.68, 22.43, 22.23, 22.25, 22.2
2026-08-23, 05:41:04, 22.25, 22.41, 22.75, 22.7, 9999.0, 9999.0, 9999.0, 23.7, 9999.0, 22.45, 9999.0, 22.7, 22.45, 22.23, 22.25, 22.2
2026-08-23, 05:41:08, 22.25, 22.41, 22.75, 22.73, 9999.0, 9999.0, 9999.0, 23.75, 9999.0, 22.45, 9999.0, 22.73, 22.48, 22.23, 22.25, 22.23
2026-08-23, 05:41:12, 22.25, 22.41, 22.75, 22.73, 9999.0, 9999.0, 9999.0, 23.75, 9999.0, 22.48, 9999.0, 22.7, 22.48, 22.23, 22.25, 22.23
2026-08-23, 05:41:16, 22.25, 22.43, 22.75, 22.75, 9999.0, 9999.0, 9999.0, 23.77, 9999.0, 22.48, 9999.0, 22.7, 22.5, 22.23, 22.25, 22.2
2026-08-23, 05:41:20, 22.25, 22.45, 22.75, 22.73, 9999.0, 9999.0, 9999.0, 23.8, 9999.0, 22.5, 9999.0, 22.68, 22.5, 22.23, 22.25, 22.2
2026-08-23, 05:41:24, 22.25, 22.43, 22.75, 22.73, 9999.0, 9999.0, 9999.0, 23.82, 9999.0, 22.52, 9999.0, 22.66, 22.5, 22.23, 22.25, 22.2
2026-08-23, 05:41:28, 22.25, 22.43, 22.75, 22.73, 9999.0, 9999.0, 9999.0, 23.84, 9999.0, 22.55, 9999.0, 22.64, 22.5, 22.23, 22.25, 22.2
2026-08-23, 05:41:32, 22.25, 22.43, 22.75, 22.73, 9999.0, 9999.0, 9999.0, 23.86, 9999.0, 22.52, 9999.0, 22.61, 22.48, 22.23, 22.25, 22.2
2026-08-23, 05:41:36, 22.25, 22.41, 22.75, 22.7, 9999.0, 9999.0, 9999.0, 23.86, 9999.0, 22.5, 9999.0, 22.59, 22.45, 22.23, 22.25, 22.23
2026-08-23, 05:41:40, 22.25, 22.41, 22.75, 22.7, 9999.0, 9999.0, 9999.0, 23.91, 9999.0, 22.48, 9999.0, 22.57, 22.45, 22.25, 22.25, 22.23
2026-08-23, 05:41:44, 22.25, 22.41, 22.75, 22.7, 9999.0, 9999.0, 9999.0, 23.95, 9999.0, 22.43, 9999.0, 22.57, 22.45, 22.25, 22.25, 22.23
2026-08-23, 05:41:48, 22.25, 22.41, 22.75, 22.7, 9999.0, 9999.0, 9999.0, 24.0, 9999.0, 22.39, 9999.0, 22.55, 22.45, 22.25, 22.23, 22.23
2026-08-23, 05:41:53, 22.25, 22.41, 22.75, 22.7, 9999.0, 9999.0, 9999.0, 23.95, 9999.0, 22.36, 9999.0, 22.55, 22.43, 22.25, 22.23, 22.23
2026-08-23, 05:41:57, 22.25, 22.39, 22.75, 22.7, 9999.0, 9999.0, 9999.0, 23.93, 9999.0, 22.34, 9999.0, 22.57, 22.41, 22.25, 22.23, 22.23
2026-08-23, 05:42:01, 22.25, 22.39, 22.75, 22.7, 9999.0, 9999.0, 9999.0, 23.91, 9999.0, 22.32, 9999.0, 22.59, 22.39, 22.25, 22.23, 22.23
2026-08-23, 05:42:05, 22.25, 22.39, 22.75, 22.73, 9999.0, 9999.0, 9999.0, 23.89, 9999.0, 22.32, 9999.0, 22.61, 22.39, 22.25, 22.23, 22.23
2026-08-23, 05:42:09, 22.25, 22.41, 22.75, 22.73, 9999.0, 9999.0, 9999.0, 23.84, 9999.0, 22.32, 9999.0, 22.64, 22.36, 22.25, 22.23, 22.2
2026-08-23, 05:42:13, 22.25, 22.41, 22.75, 22.73, 9999.0, 9999.0, 9999.0, 23.8, 9999.0, 22.32, 9999.0, 22.66, 22.36, 22.25, 22.23, 22.2
2026-08-23, 05:42:17, 22.25, 22.39, 22.75, 22.73, 9999.0, 9999.0, 9999.0, 23.75, 9999.0, 22.36, 9999.0, 22.68, 22.39, 22.25, 22.23, 22.2
2026-08-23, 05:42:21, 22.25, 22.41, 22.75, 22.73, 9999.0, 9999.0, 9999.0, 23.73, 9999.0, 22.41, 9999.0, 22.68, 22.41, 22.25, 22.23, 22.2
2026-08-23, 05:42:25, 22.25, 22.43, 22.75, 22.73, 9999.0, 9999.0, 9999.0, 23.75, 9999.0, 22.43, 9999.0, 22.7, 22.41, 22.25, 22.23, 22.2
2026-08-23, 05:42:29, 22.25, 22.43, 22.75, 22.7, 9999.0, 9999.0, 9999.0, 23.77, 9999.0, 22.45, 9999.0, 22.7, 22.41, 22.25, 22.23, 22.2
2026-08-23, 05:42:33, 22.25, 22.41, 22.73, 22.7, 9999.0, 9999.0, 9999.0, 23.8, 9999.0, 22.48, 9999.0, 22.7, 22.41, 22.25, 22.25, 22.2
2026-08-23, 05:42:37, 22.25, 22.41, 22.73, 22.7, 9999.0, 9999.0, 9999.0, 23.82, 9999.0, 22.48, 9999.0, 22.7, 22.43, 22.25, 22.25, 22.2
2026-08-23, 05:42:41, 22.25, 22.43, 22.73, 22.7, 9999.0, 9999.0, 9999.0, 23.84, 9999.0, 22.48, 9999.0, 22.68, 22.45, 22.25, 22.25, 22.2
2026-08-23, 05:42:45, 22.25, 22.43, 22.73, 22.7, 9999.0, 9999.0, 9999.0, 23.84, 9999.0, 22.48, 9999.0, 22.66, 22.48, 22.25, 22.25, 22.23
2026-08-23, 05:42:49, 22.25, 22.41, 22.73, 22.7, 9999.0, 9999.0, 9999.0, 23.86, 9999.0, 22.45, 9999.0, 22.64, 22.48, 22.25, 22.25, 22.23
2026-08-23, 05:42:53, 22.25, 22.39, 22.73, 22.7, 9999.0, 9999.0, 9999.0, 23.89, 9999.0, 22.43, 9999.0, 22.61, 22.5, 22.25, 22.23, 22.25
2026-08-23, 05:42:57, 22.25, 22.39, 22.73, 22.7, 9999.0, 9999.0, 9999.0, 23.91, 9999.0, 22.41, 9999.0, 22.59, 22.48, 22.25, 22.23, 22.25
2026-08-23, 05:43:01, 22.25, 22.41, 22.73, 22.7, 9999.0, 9999.0, 9999.0, 23.93, 9999.0, 22.36, 9999.0, 22.59, 22.48, 22.25, 22.23, 22.25
2026-08-23, 05:43:05, 22.25, 22.41, 22.73, 22.73, 9999.0, 9999.0, 9999.0, 23.95, 9999.0, 22.32, 9999.0, 22.61, 22.45, 22.25, 22.23, 22.25
2026-08-23, 05:43:09, 22.25, 22.39, 22.73, 22.73, 9999.0, 9999.0, 9999.0, 23.91, 9999.0, 22.3, 9999.0, 22.61, 22.45, 22.25, 22.23, 22.25
2026-08-23, 05:43:13, 22.25, 22.39, 22.73, 22.75, 9999.0, 9999.0, 9999.0, 23.86, 9999.0, 22.25, 9999.0, 22.61, 22.43, 22.25, 22.23, 22.25
2026-08-23, 05:43:17, 22.25, 22.39, 22.75, 22.75, 9999.0, 9999.0, 9999.0, 23.8, 9999.0, 22.23, 9999.0, 22.64, 22.43, 22.25, 22.2, 22.25
2026-08-23, 05:43:21, 22.25, 22.39, 22.75, 22.75, 9999.0, 9999.0, 9999.0, 23.75, 9999.0, 22.25, 9999.0, 22.64, 22.43, 22.25, 22.2, 22.25
2026-08-23, 05:43:25, 22.25, 22.39, 22.75, 22.75, 9999.0, 9999.0, 9999.0, 23.73, 9999.0, 22.27, 9999.0, 22.66, 22.41, 22.25, 22.2, 22.25
2026-08-23, 05:43:29, 22.25, 22.36, 22.75, 22.75, 9999.0, 9999.0, 9999.0, 23.7, 9999.0, 22.3, 9999.0, 22.68, 22.41, 22.25, 22.2, 22.25
2026-08-23, 05:43:33, 22.25, 22.39, 22.75, 22.75, 9999.0, 9999.0, 9999.0, 23.66, 9999.0, 22.34, 9999.0, 22.7, 22.41, 22.25, 22.2, 22.25
2026-08-23, 05:43:37, 22.25, 22.41, 22.75, 22.75, 9999.0, 9999.0, 9999.0, 23.64, 9999.0, 22.36, 9999.0, 22.73, 22.41, 22.25, 22.23, 22.25
2026-08-23, 05:43:41, 22.25, 22.39, 22.75, 22.75, 9999.0, 9999.0, 9999.0, 23.68, 9999.0, 22.39, 9999.0, 22.75, 22.43, 22.25, 22.23, 22.25
2026-08-23, 05:43:45, 22.25, 22.39, 22.75, 22.75, 9999.0, 9999.0, 9999.0, 23.73, 9999.0, 22.41, 9999.0, 22.73, 22.43, 22.25, 22.23, 22.25
2026-08-23, 05:43:49, 22.25, 22.39, 22.75, 22.75, 9999.0, 9999.0, 9999.0, 23.75, 9999.0, 22.43, 9999.0, 22.7, 22.45, 22.25, 22.23, 22.25
2026-08-23, 05:43:53, 22.25, 22.39, 22.75, 22.75, 9999.0, 9999.0, 9999.0, 23.77, 9999.0, 22.43, 9999.0, 22.7, 22.45, 22.25, 22.23, 22.25
2026-08-23, 05:43:57, 22.25, 22.36, 22.75, 22.75, 9999.0, 9999.0, 9999.0, 23.8, 9999.0, 22.45, 9999.0, 22.68, 22.48, 22.25, 22.23, 22.25
2026-08-23, 05:44:01, 22.25, 22.36, 22.75, 22.75, 9999.0, 9999.0, 9999.0, 23.84, 9999.0, 22.45, 9999.0, 22.66, 22.45, 22.25, 22.25, 22.25
2026-08-23, 05:44:05, 22.25, 22.39, 22.75, 22.75, 9999.0, 9999.0, 9999.0, 23.86, 9999.0, 22.43, 9999.0, 22.64, 22.45, 22.25, 22.25, 22.25
2026-08-23, 05:44:09, 22.25, 22.36, 22.75, 22.75, 9999.0, 9999.0, 9999.0, 23.86, 9999.0, 22.41, 9999.0, 22.61, 22.48, 22.25, 22.25, 22.25
2026-08-23, 05:44:13, 22.25, 22.39, 22.75, 22.75, 9999.0, 9999.0, 9999.0, 23.89, 9999.0, 22.39, 9999.0, 22.59, 22.48, 22.25, 22.25, 22.25
2026-08-23, 05:44:17, 22.25, 22.39, 22.75, 22.75, 9999.0, 9999.0, 9999.0, 23.91, 9999.0, 22.32, 9999.0, 22.59, 22.48, 22.25, 22.25, 22.25
2026-08-23, 05:44:21, 22.25, 22.39, 22.75, 22.75, 9999.0, 9999.0, 9999.0, 23.93, 9999.0, 22.3, 9999.0, 22.59, 22.48, 22.25, 22.25, 22.25
2026-08-23, 05:44:25, 22.25, 22.39, 22.75, 22.75, 9999.0, 9999.0, 9999.0, 23.89, 9999.0, 22.25, 9999.0, 22.59, 22.45, 22.25, 22.25, 22.25
2026-08-23, 05:44:29, 22.25, 22.36, 22.75, 22.75, 9999.0, 9999.0, 9999.0, 23.84, 9999.0, 22.2, 9999.0, 22.61, 22.45, 22.25, 22.25, 22.25
2026-08-23, 05:44:33, 22.25, 22.36, 22.75, 22.75, 9999.0, 9999.0, 9999.0, 23.82, 9999.0, 22.16, 9999.0, 22.64, 22.45, 22.25, 22.25, 22.25
2026-08-23, 05:44:37, 22.25, 22.39, 22.75, 22.75, 9999.0, 9999.0, 9999.0, 23.77, 9999.0, 22.16, 9999.0, 22.64, 22.45, 22.25, 22.25, 22.25
2026-08-23, 05:44:41, 22.25, 22.41, 22.75, 22.75, 9999.0, 9999.0, 9999.0, 23.75, 9999.0, 22.16, 9999.0, 22.66, 22.45, 22.25, 22.25, 22.25
2026-08-23, 05:44:45, 22.25, 22.43, 22.75, 22.75, 9999.0, 9999.0, 9999.0, 23.7, 9999.0, 22.16, 9999.0, 22.68, 22.48, 22.25, 22.25, 22.25
2026-08-23, 05:44:49, 22.25, 22.43, 22.75, 22.75, 9999.0, 9999.0, 9999.0, 23.68, 9999.0, 22.16, 9999.0, 22.7, 22.48, 22.25, 22.25, 22.25
2026-08-23, 05:44:53, 22.25, 22.43, 22.75, 22.75, 9999.0, 9999.0, 9999.0, 23.66, 9999.0, 22.18, 9999.0, 22.73, 22.48, 22.25, 22.25, 22.25
2026-08-23, 05:44:57, 22.25, 22.43, 22.75, 22.75, 9999.0, 9999.0, 9999.0, 23.64, 9999.0, 22.2, 9999.0, 22.75, 22.48, 22.25, 22.25, 22.25
2026-08-23, 05:45:01, 22.25, 22.43, 22.75, 22.75, 9999.0, 9999.0, 9999.0, 23.68, 9999.0, 22.23, 9999.0, 22.75, 22.48, 22.25, 22.25, 22.25
2026-08-23, 05:45:05, 22.25, 22.43, 22.75, 22.75, 9999.0, 9999.0, 9999.0, 23.7, 9999.0, 22.23, 9999.0, 22.75, 22.48, 22.25, 22.25, 22.25
2026-08-23, 05:45:09, 22.25, 22.43, 22.75, 22.75, 9999.0, 9999.0, 9999.0, 23.73, 9999.0, 22.25, 9999.0, 22.73, 22.5, 22.25, 22.25, 22.25
2026-08-23, 05:45:13, 22.25, 22.45, 22.75, 22.75, 9999.0, 9999.0, 9999.0, 23.75, 9999.0, 22.27, 9999.0, 22.7, 22.5, 22.25, 22.25, 22.25
2026-08-23, 05:45:17, 22.25, 22.43, 22.75, 22.75, 9999.0, 9999.0, 9999.0, 23.77, 9999.0, 22.3, 9999.0, 22.68, 22.5, 22.25, 22.25, 22.25
2026-08-23, 05:45:21, 22.25, 22.43, 22.75, 22.75, 9999.0, 9999.0, 9999.0, 23.8, 9999.0, 22.3, 9999.0, 22.66, 22.5, 22.25, 22.25, 22.25
2026-08-23, 05:45:25, 22.25, 22.41, 22.75, 22.75, 9999.0, 9999.0, 9999.0, 23.8, 9999.0, 22.3, 9999.0, 22.64, 22.5, 22.25, 22.25, 22.25
2026-08-23, 05:45:29, 22.25, 22.41, 22.75, 22.75, 9999.0, 9999.0, 9999.0, 23.82, 9999.0, 22.3, 9999.0, 22.61, 22.5, 22.25, 22.25, 22.25
2026-08-23, 05:45:33, 22.25, 22.41, 22.75, 22.75, 9999.0, 9999.0, 9999.0, 23.84, 9999.0, 22.3, 9999.0, 22.59, 22.5, 22.25, 22.25, 22.25
2026-08-23, 05:45:37, 22.25, 22.43, 22.75, 22.75, 9999.0, 9999.0, 9999.0, 23.86, 9999.0, 22.27, 9999.0, 22.59, 22.5, 22.25, 22.25, 22.25
2026-08-23, 05:45:42, 22.25, 22.43, 22.75, 22.75, 9999.0, 9999.0, 9999.0, 23.89, 9999.0, 22.23, 9999.0, 22.59, 22.5, 22.25, 22.25, 22.25
2026-08-23, 05:45:46, 22.25, 22.43, 22.75, 22.75, 9999.0, 9999.0, 9999.0, 23.84, 9999.0, 22.2, 9999.0, 22.61, 22.5, 22.25, 22.25, 22.25
2026-08-23, 05:45:50, 22.25, 22.41, 22.75, 22.75, 9999.0, 9999.0, 9999.0, 23.8, 9999.0, 22.18, 9999.0, 22.61, 22.5, 22.25, 22.25, 22.25
2026-08-23, 05:45:54, 22.25, 22.43, 22.75, 22.75, 9999.0, 9999.0, 9999.0, 23.75, 9999.0, 22.16, 9999.0, 22.64, 22.5, 22.25, 22.25, 22.25
2026-08-23, 05:45:58, 22.25, 22.43, 22.75, 22.75, 9999.0, 9999.0, 9999.0, 23.7, 9999.0, 22.16, 9999.0, 22.66, 22.5, 22.25, 22.25, 22.25
2026-08-23, 05:46:02, 22.27, 22.45, 22.75, 22.75, 9999.0, 9999.0, 9999.0, 23.66, 9999.0, 22.16, 9999.0, 22.68, 22.5, 22.25, 22.25, 22.25
2026-08-23, 05:46:06, 22.27, 22.43, 22.75, 22.75, 9999.0, 9999.0, 9999.0, 23.64, 9999.0, 22.18, 9999.0, 22.7, 22.5, 22.25, 22.25, 22.25
2026-08-23, 05:46:10, 22.27, 22.45, 22.75, 22.75, 9999.0, 9999.0, 9999.0, 23.61, 9999.0, 22.2, 9999.0, 22.73, 22.5, 22.25, 22.25, 22.25
2026-08-23, 05:46:14, 22.27, 22.43, 22.75, 22.75, 9999.0, 9999.0, 9999.0, 23.59, 9999.0, 22.23, 9999.0, 22.75, 22.5, 22.25, 22.25, 22.25
2026-08-23, 05:46:18, 22.27, 22.43, 22.75, 22.75, 9999.0, 9999.0, 9999.0, 23.64, 9999.0, 22.25, 9999.0, 22.75, 22.5, 22.25, 22.25, 22.25
2026-08-23, 05:46:22, 22.27, 22.43, 22.75, 22.75, 9999.0, 9999.0, 9999.0, 23.66, 9999.0, 22.25, 9999.0, 22.75, 22.5, 22.25, 22.25, 22.25
2026-08-23, 05:46:26, 22.27, 22.43, 22.75, 22.75, 9999.0, 9999.0, 9999.0, 23.68, 9999.0, 22.27, 9999.0, 22.75, 22.5, 22.25, 22.25, 22.25
2026-08-23, 05:46:30, 22.3, 22.41, 22.75, 22.75, 9999.0, 9999.0, 9999.0, 23.7, 9999.0, 22.3, 9999.0, 22.7, 22.5, 22.25, 22.25, 22.25
2026-08-23, 05:46:34, 22.3, 22.43, 22.75, 22.75, 9999.0, 9999.0, 9999.0, 23.73, 9999.0, 22.32, 9999.0, 22.7, 22.5, 22.25, 22.25, 22.25
2026-08-23, 05:46:38, 22.3, 22.43, 22.75, 22.75, 9999.0, 9999.0, 9999.0, 23.77, 9999.0, 22.34, 9999.0, 22.68, 22.5, 22.25, 22.25, 22.25
2026-08-23, 05:46:42, 22.3, 22.43, 22.75, 22.75, 9999.0, 9999.0, 9999.0, 23.8, 9999.0, 22.34, 9999.0, 22.66, 22.5, 22.25, 22.25, 22.25
2026-08-23, 05:46:46, 22.27, 22.43, 22.75, 22.75, 9999.0, 9999.0, 9999.0, 23.82, 9999.0, 22.32, 9999.0, 22.64, 22.48, 22.25, 22.25, 22.25
2026-08-23, 05:46:50, 22.27, 22.45, 22.75, 22.75, 9999.0, 9999.0, 9999.0, 23.84, 9999.0, 22.27, 9999.0, 22.61, 22.48, 22.23, 22.25, 22.25
2026-08-23, 05:46:54, 22.27, 22.43, 22.75, 22.75, 9999.0, 9999.0, 9999.0, 23.86, 9999.0, 22.23, 9999.0, 22.61, 22.48, 22.23, 22.25, 22.25
2026-08-23, 05:46:58, 22.27, 22.45, 22.75, 22.75, 9999.0, 9999.0, 9999.0, 23.89, 9999.0, 22.18, 9999.0, 22.61, 22.48, 22.2, 22.25, 22.25
2026-08-23, 05:47:02, 22.27, 22.45, 22.75, 22.75, 9999.0, 9999.0, 9999.0, 23.84, 9999.0, 22.14, 9999.0, 22.64, 22.48, 22.2, 22.25, 22.25
2026-08-23, 05:47:06, 22.27, 22.45, 22.75, 22.75, 9999.0, 9999.0, 9999.0, 23.8, 9999.0, 22.11, 9999.0, 22.64, 22.48, 22.2, 22.25, 22.25
2026-08-23, 05:47:10, 22.27, 22.43, 22.75, 22.75, 9999.0, 9999.0, 9999.0, 23.75, 9999.0, 22.09, 9999.0, 22.64, 22.48, 22.2, 22.25, 22.25
2026-08-23, 05:47:14, 22.25, 22.45, 22.75, 22.75, 9999.0, 9999.0, 9999.0, 23.7, 9999.0, 22.09, 9999.0, 22.66, 22.48, 22.2, 22.25, 22.25
2026-08-23, 05:47:18, 22.25, 22.45, 22.75, 22.75, 9999.0, 9999.0, 9999.0, 23.68, 9999.0, 22.09, 9999.0, 22.66, 22.48, 22.2, 22.25, 22.25
2026-08-23, 05:47:22, 22.25, 22.45, 22.75, 22.75, 9999.0, 9999.0, 9999.0, 23.64, 9999.0, 22.09, 9999.0, 22.68, 22.48, 22.2, 22.25, 22.25
2026-08-23, 05:47:26, 22.25, 22.45, 22.75, 22.75, 9999.0, 9999.0, 9999.0, 23.61, 9999.0, 22.09, 9999.0, 22.7, 22.48, 22.2, 22.25, 22.25
2026-08-23, 05:47:30, 22.27, 22.45, 22.75, 22.75, 9999.0, 9999.0, 9999.0, 23.59, 9999.0, 22.11, 9999.0, 22.73, 22.5, 22.2, 22.25, 22.25
2026-08-23, 05:47:34, 22.3, 22.45, 22.75, 22.75, 9999.0, 9999.0, 9999.0, 23.64, 9999.0, 22.14, 9999.0, 22.75, 22.5, 22.23, 22.25, 22.25
2026-08-23, 05:47:38, 22.3, 22.48, 22.75, 22.75, 9999.0, 9999.0, 9999.0, 23.68, 9999.0, 22.14, 9999.0, 22.75, 22.5, 22.23, 22.25, 22.25
2026-08-23, 05:47:42, 22.3, 22.48, 22.75, 22.75, 9999.0, 9999.0, 9999.0, 23.7, 9999.0, 22.16, 9999.0, 22.75, 22.5, 22.25, 22.25, 22.25
2026-08-23, 05:47:46, 22.3, 22.48, 22.75, 22.75, 9999.0, 9999.0, 9999.0, 23.73, 9999.0, 22.16, 9999.0, 22.75, 22.5, 22.25, 22.25, 22.25
2026-08-23, 05:47:50, 22.3, 22.48, 22.75, 22.75, 9999.0, 9999.0, 9999.0, 23.75, 9999.0, 22.16, 9999.0, 22.73, 22.5, 22.25, 22.25, 22.25
2026-08-23, 05:47:54, 22.3, 22.48, 22.75, 22.75, 9999.0, 9999.0, 9999.0, 23.77, 9999.0, 22.18, 9999.0, 22.7, 22.5, 22.25, 22.25, 22.25
2026-08-23, 05:47:58, 22.32, 22.48, 22.75, 22.75, 9999.0, 9999.0, 9999.0, 23.8, 9999.0, 22.16, 9999.0, 22.68, 22.5, 22.25, 22.25, 22.25
2026-08-23, 05:48:02, 22.32, 22.48, 22.75, 22.75, 9999.0, 9999.0, 9999.0, 23.82, 9999.0, 22.14, 9999.0, 22.66, 22.5, 22.25, 22.25, 22.25
2026-08-23, 05:48:06, 22.32, 22.48, 22.75, 22.75, 9999.0, 9999.0, 9999.0, 23.84, 9999.0, 22.11, 9999.0, 22.64, 22.5, 22.25, 22.25, 22.25
2026-08-23, 05:48:10, 22.32, 22.48, 22.75, 22.75, 9999.0, 9999.0, 9999.0, 23.86, 9999.0, 22.09, 9999.0, 22.64, 22.5, 22.25, 22.25, 22.25
2026-08-23, 05:48:14, 22.3, 22.48, 22.75, 22.75, 9999.0, 9999.0, 9999.0, 23.86, 9999.0, 22.07, 9999.0, 22.64, 22.5, 22.25, 22.25, 22.25
2026-08-23, 05:48:18, 22.27, 22.45, 22.75, 22.75, 9999.0, 9999.0, 9999.0, 23.8, 9999.0, 22.05, 9999.0, 22.64, 22.5, 22.25, 22.25, 22.25
2026-08-23, 05:48:22, 22.27, 22.45, 22.75, 22.75, 9999.0, 9999.0, 9999.0, 23.73, 9999.0, 22.02, 9999.0, 22.66, 22.5, 22.25, 22.25, 22.25
2026-08-23, 05:48:26, 22.27, 22.45, 22.75, 22.75, 9999.0, 9999.0, 9999.0, 23.68, 9999.0, 21.98, 9999.0, 22.66, 22.5, 22.25, 22.25, 22.25
2026-08-23, 05:48:30, 22.27, 22.45, 22.75, 22.75, 9999.0, 9999.0, 9999.0, 23.64, 9999.0, 22.0, 9999.0, 22.66, 22.5, 22.25, 22.25, 22.25
2026-08-23, 05:48:34, 22.27, 22.45, 22.75, 22.75, 9999.0, 9999.0, 9999.0, 23.59, 9999.0, 22.02, 9999.0, 22.68, 22.5, 22.25, 22.25, 22.25
2026-08-23, 05:48:38, 22.27, 22.48, 22.75, 22.75, 9999.0, 9999.0, 9999.0, 23.55, 9999.0, 22.02, 9999.0, 22.7, 22.5, 22.25, 22.25, 22.25
2026-08-23, 05:48:42, 22.25, 22.48, 22.75, 22.75, 9999.0, 9999.0, 9999.0, 23.5, 9999.0, 22.05, 9999.0, 22.73, 22.5, 22.25, 22.25, 22.25
2026-08-23, 05:48:46, 22.27, 22.48, 22.75, 22.75, 9999.0, 9999.0, 9999.0, 23.45, 9999.0, 22.07, 9999.0, 22.75, 22.5, 22.25, 22.25, 22.25
2026-08-23, 05:48:50, 22.3, 22.48, 22.75, 22.75, 9999.0, 9999.0, 9999.0, 23.48, 9999.0, 22.09, 9999.0, 22.77, 22.5, 22.25, 22.25, 22.25
2026-08-23, 05:48:54, 22.32, 22.45, 22.75, 22.75, 9999.0, 9999.0, 9999.0, 23.5, 9999.0, 22.11, 9999.0, 22.77, 22.5, 22.25, 22.25, 22.25
2026-08-23, 05:48:58, 22.32, 22.45, 22.75, 22.75, 9999.0, 9999.0, 9999.0, 23.55, 9999.0, 22.11, 9999.0, 22.77, 22.5, 22.25, 22.25, 22.25
2026-08-23, 05:49:02, 22.32, 22.48, 22.75, 22.75, 9999.0, 9999.0, 9999.0, 23.59, 9999.0, 22.11, 9999.0, 22.77, 22.5, 22.25, 22.25, 22.25
2026-08-23, 05:49:06, 22.34, 22.48, 22.75, 22.75, 9999.0, 9999.0, 9999.0, 23.61, 9999.0, 22.14, 9999.0, 22.75, 22.5, 22.25, 22.25, 22.25
2026-08-23, 05:49:10, 22.34, 22.45, 22.75, 22.75, 9999.0, 9999.0, 9999.0, 23.64, 9999.0, 22.16, 9999.0, 22.73, 22.5, 22.25, 22.25, 22.25
2026-08-23, 05:49:14, 22.34, 22.45, 22.75, 22.75, 9999.0, 9999.0, 9999.0, 23.66, 9999.0, 22.14, 9999.0, 22.7, 22.5, 22.25, 22.25, 22.25
2026-08-23, 05:49:18, 22.34, 22.45, 22.75, 22.75, 9999.0, 9999.0, 9999.0, 23.7, 9999.0, 22.11, 9999.0, 22.68, 22.5, 22.25, 22.25, 22.25
2026-08-23, 05:49:22, 22.34, 22.45, 22.75, 22.75, 9999.0, 9999.0, 9999.0, 23.75, 9999.0, 22.09, 9999.0, 22.66, 22.5, 22.25, 22.25, 22.25
2026-08-23, 05:49:26, 22.34, 22.45, 22.75, 22.75, 9999.0, 9999.0, 9999.0, 23.8, 9999.0, 22.07, 9999.0, 22.64, 22.5, 22.25, 22.25, 22.25
2026-08-23, 05:49:30, 22.32, 22.43, 22.75, 22.75, 9999.0, 9999.0, 9999.0, 23.84, 9999.0, 22.05, 9999.0, 22.64, 22.5, 22.25, 22.25, 22.25
2026-08-23, 05:49:35, 22.3, 22.43, 22.75, 22.75, 9999.0, 9999.0, 9999.0, 23.8, 9999.0, 22.02, 9999.0, 22.64, 22.48, 22.25, 22.25, 22.25
2026-08-23, 05:49:39, 22.27, 22.45, 22.75, 22.75, 9999.0, 9999.0, 9999.0, 23.75, 9999.0, 22.0, 9999.0, 22.66, 22.48, 22.25, 22.25, 22.25
2026-08-23, 05:49:43, 22.27, 22.45, 22.75, 22.75, 9999.0, 9999.0, 9999.0, 23.7, 9999.0, 22.0, 9999.0, 22.68, 22.48, 22.25, 22.25, 22.25
2026-08-23, 05:49:47, 22.27, 22.45, 22.75, 22.75, 9999.0, 9999.0, 9999.0, 23.66, 9999.0, 22.0, 9999.0, 22.68, 22.48, 22.25, 22.25, 22.25
2026-08-23, 05:49:51, 22.25, 22.45, 22.75, 22.75, 9999.0, 9999.0, 9999.0, 23.64, 9999.0, 22.02, 9999.0, 22.68, 22.48, 22.25, 22.25, 22.25
2026-08-23, 05:49:55, 22.27, 22.48, 22.75, 22.75, 9999.0, 9999.0, 9999.0, 23.61, 9999.0, 22.05, 9999.0, 22.7, 22.48, 22.25, 22.25, 22.25
2026-08-23, 05:49:59, 22.3, 22.48, 22.75, 22.75, 9999.0, 9999.0, 9999.0, 23.57, 9999.0, 22.07, 9999.0, 22.73, 22.48, 22.25, 22.25, 22.25
2026-08-23, 05:50:03, 22.3, 22.48, 22.75, 22.75, 9999.0, 9999.0, 9999.0, 23.52, 9999.0, 22.11, 9999.0, 22.75, 22.48, 22.25, 22.25, 22.25
2026-08-23, 05:50:07, 22.3, 22.48, 22.75, 22.75, 9999.0, 9999.0, 9999.0, 23.48, 9999.0, 22.16, 9999.0, 22.77, 22.48, 22.25, 22.25, 22.25
2026-08-23, 05:50:11, 22.3, 22.48, 22.75, 22.75, 9999.0, 9999.0, 9999.0, 23.5, 9999.0, 22.18, 9999.0, 22.8, 22.48, 22.25, 22.25, 22.25
2026-08-23, 05:50:15, 22.3, 22.5, 22.75, 22.75, 9999.0, 9999.0, 9999.0, 23.52, 9999.0, 22.2, 9999.0, 22.8, 22.48, 22.25, 22.25, 22.25
2026-08-23, 05:50:19, 22.3, 22.5, 22.75, 22.75, 9999.0, 9999.0, 9999.0, 23.57, 9999.0, 22.2, 9999.0, 22.8, 22.5, 22.25, 22.25, 22.25
2026-08-23, 05:50:23, 22.3, 22.5, 22.75, 22.75, 9999.0, 9999.0, 9999.0, 23.61, 9999.0, 22.23, 9999.0, 22.77, 22.5, 22.25, 22.25, 22.25
2026-08-23, 05:50:27, 22.3, 22.5, 22.75, 22.75, 9999.0, 9999.0, 9999.0, 23.64, 9999.0, 22.23, 9999.0, 22.75, 22.5, 22.25, 22.25, 22.25
2026-08-23, 05:50:31, 22.3, 22.5, 22.75, 22.75, 9999.0, 9999.0, 9999.0, 23.68, 9999.0, 22.25, 9999.0, 22.75, 22.5, 22.25, 22.25, 22.25
2026-08-23, 05:50:35, 22.3, 22.48, 22.75, 22.75, 9999.0, 9999.0, 9999.0, 23.7, 9999.0, 22.23, 9999.0, 22.73, 22.5, 22.25, 22.25, 22.25
2026-08-23, 05:50:39, 22.27, 22.45, 22.75, 22.75, 9999.0, 9999.0, 9999.0, 23.73, 9999.0, 22.2, 9999.0, 22.7, 22.5, 22.25, 22.25, 22.25
2026-08-23, 05:50:43, 22.25, 22.45, 22.75, 22.75, 9999.0, 9999.0, 9999.0, 23.77, 9999.0, 22.2, 9999.0, 22.68, 22.5, 22.25, 22.25, 22.25
2026-08-23, 05:50:47, 22.25, 22.45, 22.75, 22.75, 9999.0, 9999.0, 9999.0, 23.82, 9999.0, 22.16, 9999.0, 22.68, 22.5, 22.25, 22.25, 22.25
2026-08-23, 05:50:51, 22.25, 22.45, 22.75, 22.75, 9999.0, 9999.0, 9999.0, 23.84, 9999.0, 22.11, 9999.0, 22.68, 22.48, 22.25, 22.25, 22.27
2026-08-23, 05:50:55, 22.25, 22.45, 22.75, 22.75, 9999.0, 9999.0, 9999.0, 23.8, 9999.0, 22.09, 9999.0, 22.68, 22.48, 22.25, 22.25, 22.27
2026-08-23, 05:50:59, 22.25, 22.43, 22.75, 22.75, 9999.0, 9999.0, 9999.0, 23.75, 9999.0, 22.07, 9999.0, 22.7, 22.48, 22.25, 22.25, 22.27
2026-08-23, 05:51:03, 22.27, 22.43, 22.75, 22.75, 9999.0, 9999.0, 9999.0, 23.7, 9999.0, 22.07, 9999.0, 22.7, 22.48, 22.25, 22.25, 22.27
2026-08-23, 05:51:07, 22.3, 22.43, 22.75, 22.75, 9999.0, 9999.0, 9999.0, 23.66, 9999.0, 22.07, 9999.0, 22.7, 22.48, 22.25, 22.25, 22.27
2026-08-23, 05:51:11, 22.3, 22.43, 22.75, 22.75, 9999.0, 9999.0, 9999.0, 23.61, 9999.0, 22.09, 9999.0, 22.7, 22.48, 22.25, 22.25, 22.27
2026-08-23, 05:51:15, 22.3, 22.43, 22.75, 22.75, 9999.0, 9999.0, 9999.0, 23.57, 9999.0, 22.09, 9999.0, 22.7, 22.48, 22.25, 22.25, 22.27
2026-08-23, 05:51:19, 22.3, 22.43, 22.75, 22.75, 9999.0, 9999.0, 9999.0, 23.52, 9999.0, 22.14, 9999.0, 22.73, 22.48, 22.25, 22.25, 22.27
2026-08-23, 05:51:23, 22.3, 22.45, 22.75, 22.77, 9999.0, 9999.0, 9999.0, 23.48, 9999.0, 22.16, 9999.0, 22.75, 22.48, 22.25, 22.25, 22.27
2026-08-23, 05:51:27, 22.3, 22.45, 22.75, 22.77, 9999.0, 9999.0, 9999.0, 23.5, 9999.0, 22.18, 9999.0, 22.77, 22.48, 22.25, 22.25, 22.27
2026-08-23, 05:51:31, 22.3, 22.45, 22.75, 22.77, 9999.0, 9999.0, 9999.0, 23.52, 9999.0, 22.23, 9999.0, 22.77, 22.48, 22.25, 22.25, 22.27
2026-08-23, 05:51:35, 22.32, 22.45, 22.75, 22.77, 9999.0, 9999.0, 9999.0, 23.57, 9999.0, 22.25, 9999.0, 22.77, 22.5, 22.25, 22.25, 22.25
2026-08-23, 05:51:39, 22.32, 22.45, 22.75, 22.77, 9999.0, 9999.0, 9999.0, 23.61, 9999.0, 22.27, 9999.0, 22.77, 22.5, 22.25, 22.25, 22.25
2026-08-23, 05:51:43, 22.32, 22.48, 22.75, 22.77, 9999.0, 9999.0, 9999.0, 23.66, 9999.0, 22.3, 9999.0, 22.73, 22.5, 22.25, 22.25, 22.25
2026-08-23, 05:51:47, 22.3, 22.48, 22.75, 22.77, 9999.0, 9999.0, 9999.0, 23.68, 9999.0, 22.32, 9999.0, 22.7, 22.5, 22.25, 22.25, 22.25
2026-08-23, 05:51:51, 22.27, 22.48, 22.77, 22.77, 9999.0, 9999.0, 9999.0, 23.7, 9999.0, 22.32, 9999.0, 22.68, 22.5, 22.25, 22.25, 22.25
2026-08-23, 05:51:55, 22.27, 22.48, 22.77, 22.77, 9999.0, 9999.0, 9999.0, 23.75, 9999.0, 22.32, 9999.0, 22.66, 22.5, 22.25, 22.25, 22.25
2026-08-23, 05:51:59, 22.27, 22.48, 22.77, 22.77, 9999.0, 9999.0, 9999.0, 23.8, 9999.0, 22.32, 9999.0, 22.64, 22.5, 22.25, 22.25, 22.25
2026-08-23, 05:52:03, 22.27, 22.5, 22.77, 22.77, 9999.0, 9999.0, 9999.0, 23.84, 9999.0, 22.3, 9999.0, 22.64, 22.5, 22.25, 22.25, 22.25
2026-08-23, 05:52:07, 22.27, 22.5, 22.77, 22.75, 9999.0, 9999.0, 9999.0, 23.86, 9999.0, 22.27, 9999.0, 22.64, 22.5, 22.25, 22.25, 22.25
2026-08-23, 05:52:11, 22.27, 22.5, 22.77, 22.75, 9999.0, 9999.0, 9999.0, 23.84, 9999.0, 22.23, 9999.0, 22.64, 22.5, 22.25, 22.25, 22.25
2026-08-23, 05:52:15, 22.27, 22.5, 22.77, 22.75, 9999.0, 9999.0, 9999.0, 23.8, 9999.0, 22.2, 9999.0, 22.66, 22.5, 22.25, 22.25, 22.25
2026-08-23, 05:52:19, 22.27, 22.5, 22.77, 22.77, 9999.0, 9999.0, 9999.0, 23.75, 9999.0, 22.18, 9999.0, 22.68, 22.5, 22.25, 22.25, 22.25
2026-08-23, 05:52:23, 22.27, 22.5, 22.77, 22.77, 9999.0, 9999.0, 9999.0, 23.7, 9999.0, 22.18, 9999.0, 22.68, 22.5, 22.25, 22.25, 22.25
2026-08-23, 05:52:27, 22.27, 22.5, 22.8, 22.77, 9999.0, 9999.0, 9999.0, 23.66, 9999.0, 22.18, 9999.0, 22.7, 22.5, 22.25, 22.25, 22.25
2026-08-23, 05:52:31, 22.27, 22.5, 22.8, 22.77, 9999.0, 9999.0, 9999.0, 23.64, 9999.0, 22.18, 9999.0, 22.73, 22.5, 22.25, 22.25, 22.25
2026-08-23, 05:52:35, 22.27, 22.5, 22.77, 22.77, 9999.0, 9999.0, 9999.0, 23.61, 9999.0, 22.2, 9999.0, 22.75, 22.52, 22.25, 22.25, 22.25
2026-08-23, 05:52:39, 22.27, 22.5, 22.77, 22.77, 9999.0, 9999.0, 9999.0, 23.57, 9999.0, 22.23, 9999.0, 22.77, 22.52, 22.25, 22.25, 22.25
2026-08-23, 05:52:43, 22.3, 22.5, 22.77, 22.77, 9999.0, 9999.0, 9999.0, 23.5, 9999.0, 22.25, 9999.0, 22.8, 22.52, 22.25, 22.25, 22.25
2026-08-23, 05:52:47, 22.3, 22.5, 22.77, 22.77, 9999.0, 9999.0, 9999.0, 23.55, 9999.0, 22.27, 9999.0, 22.8, 22.52, 22.25, 22.25, 22.25
2026-08-23, 05:52:51, 22.32, 22.5, 22.77, 22.77, 9999.0, 9999.0, 9999.0, 23.59, 9999.0, 22.32, 9999.0, 22.8, 22.52, 22.25, 22.27, 22.25
2026-08-23, 05:52:55, 22.32, 22.5, 22.77, 22.77, 9999.0, 9999.0, 9999.0, 23.61, 9999.0, 22.34, 9999.0, 22.8, 22.52, 22.25, 22.27, 22.25
2026-08-23, 05:52:59, 22.32, 22.5, 22.77, 22.77, 9999.0, 9999.0, 9999.0, 23.66, 9999.0, 22.34, 9999.0, 22.75, 22.52, 22.25, 22.27, 22.25
2026-08-23, 05:53:04, 22.3, 22.5, 22.77, 22.75, 9999.0, 9999.0, 9999.0, 23.7, 9999.0, 22.36, 9999.0, 22.7, 22.52, 22.25, 22.27, 22.25
2026-08-23, 05:53:08, 22.32, 22.5, 22.77, 22.75, 9999.0, 9999.0, 9999.0, 23.73, 9999.0, 22.36, 9999.0, 22.7, 22.52, 22.25, 22.27, 22.25
2026-08-23, 05:53:12, 22.32, 22.5, 22.75, 22.75, 9999.0, 9999.0, 9999.0, 23.75, 9999.0, 22.36, 9999.0, 22.7, 22.52, 22.25, 22.27, 22.25
2026-08-23, 05:53:16, 22.32, 22.5, 22.75, 22.75, 9999.0, 9999.0, 9999.0, 23.77, 9999.0, 22.36, 9999.0, 22.68, 22.52, 22.25, 22.27, 22.25
2026-08-23, 05:53:20, 22.32, 22.5, 22.75, 22.75, 9999.0, 9999.0, 9999.0, 23.8, 9999.0, 22.34, 9999.0, 22.66, 22.5, 22.25, 22.27, 22.25
2026-08-23, 05:53:24, 22.32, 22.5, 22.75, 22.77, 9999.0, 9999.0, 9999.0, 23.84, 9999.0, 22.32, 9999.0, 22.66, 22.5, 22.25, 22.27, 22.25
2026-08-23, 05:53:28, 22.3, 22.5, 22.75, 22.77, 9999.0, 9999.0, 9999.0, 23.89, 9999.0, 22.3, 9999.0, 22.66, 22.5, 22.25, 22.27, 22.25
2026-08-23, 05:53:32, 22.3, 22.5, 22.75, 22.77, 9999.0, 9999.0, 9999.0, 23.84, 9999.0, 22.25, 9999.0, 22.68, 22.5, 22.25, 22.27, 22.25
2026-08-23, 05:53:36, 22.27, 22.5, 22.75, 22.77, 9999.0, 9999.0, 9999.0, 23.8, 9999.0, 22.2, 9999.0, 22.68, 22.5, 22.25, 22.25, 22.25
2026-08-23, 05:53:40, 22.27, 22.5, 22.77, 22.77, 9999.0, 9999.0, 9999.0, 23.75, 9999.0, 22.18, 9999.0, 22.68, 22.5, 22.25, 22.25, 22.25
2026-08-23, 05:53:44, 22.27, 22.5, 22.77, 22.77, 9999.0, 9999.0, 9999.0, 23.7, 9999.0, 22.18, 9999.0, 22.7, 22.5, 22.25, 22.25, 22.25
2026-08-23, 05:53:48, 22.27, 22.5, 22.77, 22.77, 9999.0, 9999.0, 9999.0, 23.66, 9999.0, 22.18, 9999.0, 22.73, 22.5, 22.25, 22.25, 22.25
2026-08-23, 05:53:52, 22.25, 22.5, 22.77, 22.77, 9999.0, 9999.0, 9999.0, 23.64, 9999.0, 22.2, 9999.0, 22.73, 22.5, 22.25, 22.25, 22.25
2026-08-23, 05:53:56, 22.25, 22.5, 22.77, 22.77, 9999.0, 9999.0, 9999.0, 23.61, 9999.0, 22.23, 9999.0, 22.73, 22.5, 22.25, 22.25, 22.25
2026-08-23, 05:54:00, 22.25, 22.5, 22.77, 22.77, 9999.0, 9999.0, 9999.0, 23.59, 9999.0, 22.25, 9999.0, 22.75, 22.5, 22.25, 22.25, 22.25
2026-08-23, 05:54:04, 22.25, 22.5, 22.77, 22.77, 9999.0, 9999.0, 9999.0, 23.64, 9999.0, 22.27, 9999.0, 22.77, 22.5, 22.25, 22.25, 22.25
2026-08-23, 05:54:08, 22.27, 22.5, 22.77, 22.75, 9999.0, 9999.0, 9999.0, 23.66, 9999.0, 22.3, 9999.0, 22.77, 22.5, 22.25, 22.25, 22.25
2026-08-23, 05:54:12, 22.27, 22.5, 22.77, 22.75, 9999.0, 9999.0, 9999.0, 23.68, 9999.0, 22.3, 9999.0, 22.75, 22.5, 22.25, 22.25, 22.25
2026-08-23, 05:54:16, 22.3, 22.5, 22.77, 22.75, 9999.0, 9999.0, 9999.0, 23.7, 9999.0, 22.32, 9999.0, 22.7, 22.5, 22.25, 22.25, 22.25
2026-08-23, 05:54:20, 22.3, 22.5, 22.77, 22.77, 9999.0, 9999.0, 9999.0, 23.75, 9999.0, 22.34, 9999.0, 22.7, 22.5, 22.25, 22.25, 22.25
2026-08-23, 05:54:24, 22.3, 22.5, 22.75, 22.77, 9999.0, 9999.0, 9999.0, 23.8, 9999.0, 22.36, 9999.0, 22.68, 22.5, 22.25, 22.25, 22.25
2026-08-23, 05:54:28, 22.3, 22.5, 22.75, 22.77, 9999.0, 9999.0, 9999.0, 23.84, 9999.0, 22.36, 9999.0, 22.68, 22.5, 22.25, 22.25, 22.25
2026-08-23, 05:54:32, 22.3, 22.5, 22.75, 22.77, 9999.0, 9999.0, 9999.0, 23.86, 9999.0, 22.36, 9999.0, 22.66, 22.5, 22.25, 22.25, 22.25
2026-08-23, 05:54:36, 22.3, 22.5, 22.75, 22.77, 9999.0, 9999.0, 9999.0, 23.91, 9999.0, 22.34, 9999.0, 22.64, 22.5, 22.25, 22.25, 22.25
2026-08-23, 05:54:40, 22.3, 22.5, 22.75, 22.77, 9999.0, 9999.0, 9999.0, 23.95, 9999.0, 22.34, 9999.0, 22.64, 22.5, 22.25, 22.25, 22.25
2026-08-23, 05:54:44, 22.3, 22.5, 22.75, 22.77, 9999.0, 9999.0, 9999.0, 23.98, 9999.0, 22.32, 9999.0, 22.64, 22.5, 22.25, 22.25, 22.25
2026-08-23, 05:54:48, 22.3, 22.5, 22.75, 22.77, 9999.0, 9999.0, 9999.0, 23.93, 9999.0, 22.3, 9999.0, 22.64, 22.5, 22.25, 22.25, 22.25
2026-08-23, 05:54:52, 22.27, 22.5, 22.75, 22.77, 9999.0, 9999.0, 9999.0, 23.91, 9999.0, 22.27, 9999.0, 22.66, 22.5, 22.25, 22.25, 22.25
2026-08-23, 05:54:56, 22.27, 22.5, 22.75, 22.77, 9999.0, 9999.0, 9999.0, 23.89, 9999.0, 22.27, 9999.0, 22.68, 22.5, 22.25, 22.25, 22.25
2026-08-23, 05:55:00, 22.25, 22.5, 22.75, 22.77, 9999.0, 9999.0, 9999.0, 23.86, 9999.0, 22.3, 9999.0, 22.7, 22.5, 22.25, 22.25, 22.25
2026-08-23, 05:55:04, 22.27, 22.5, 22.75, 22.75, 9999.0, 9999.0, 9999.0, 23.82, 9999.0, 22.32, 9999.0, 22.7, 22.5, 22.25, 22.25, 22.25
2026-08-23, 05:55:08, 22.27, 22.5, 22.75, 22.75, 9999.0, 9999.0, 9999.0, 23.77, 9999.0, 22.34, 9999.0, 22.73, 22.5, 22.25, 22.25, 22.25
2026-08-23, 05:55:12, 22.27, 22.5, 22.75, 22.75, 9999.0, 9999.0, 9999.0, 23.73, 9999.0, 22.39, 9999.0, 22.73, 22.5, 22.25, 22.25, 22.25
2026-08-23, 05:55:16, 22.3, 22.5, 22.75, 22.75, 9999.0, 9999.0, 9999.0, 23.7, 9999.0, 22.43, 9999.0, 22.75, 22.5, 22.25, 22.25, 22.27
2026-08-23, 05:55:20, 22.3, 22.5, 22.75, 22.75, 9999.0, 9999.0, 9999.0, 23.73, 9999.0, 22.45, 9999.0, 22.77, 22.5, 22.25, 22.25, 22.27
2026-08-23, 05:55:24, 22.3, 22.5, 22.75, 22.75, 9999.0, 9999.0, 9999.0, 23.75, 9999.0, 22.45, 9999.0, 22.77, 22.5, 22.25, 22.27, 22.27
2026-08-23, 05:55:28, 22.3, 22.5, 22.75, 22.75, 9999.0, 9999.0, 9999.0, 23.8, 9999.0, 22.48, 9999.0, 22.77, 22.5, 22.25, 22.27, 22.27
2026-08-23, 05:55:32, 22.32, 22.5, 22.75, 22.75, 9999.0, 9999.0, 9999.0, 23.82, 9999.0, 22.5, 9999.0, 22.77, 22.5, 22.25, 22.27, 22.27
2026-08-23, 05:55:36, 22.32, 22.5, 22.75, 22.75, 9999.0, 9999.0, 9999.0, 23.86, 9999.0, 22.52, 9999.0, 22.75, 22.5, 22.25, 22.27, 22.27
2026-08-23, 05:55:40, 22.34, 22.5, 22.75, 22.75, 9999.0, 9999.0, 9999.0, 23.89, 9999.0, 22.55, 9999.0, 22.75, 22.5, 22.25, 22.27, 22.27
2026-08-23, 05:55:44, 22.34, 22.5, 22.75, 22.75, 9999.0, 9999.0, 9999.0, 23.91, 9999.0, 22.55, 9999.0, 22.75, 22.5, 22.25, 22.27, 22.27
2026-08-23, 05:55:48, 22.32, 22.5, 22.75, 22.75, 9999.0, 9999.0, 9999.0, 23.95, 9999.0, 22.52, 9999.0, 22.73, 22.5, 22.25, 22.27, 22.27
2026-08-23, 05:55:52, 22.32, 22.5, 22.75, 22.75, 9999.0, 9999.0, 9999.0, 24.0, 9999.0, 22.5, 9999.0, 22.7, 22.5, 22.25, 22.27, 22.27
2026-08-23, 05:55:56, 22.32, 22.5, 22.75, 22.75, 9999.0, 9999.0, 9999.0, 24.05, 9999.0, 22.45, 9999.0, 22.68, 22.5, 22.25, 22.27, 22.27
2026-08-23, 05:56:00, 22.3, 22.5, 22.75, 22.75, 9999.0, 9999.0, 9999.0, 24.07, 9999.0, 22.41, 9999.0, 22.68, 22.48, 22.25, 22.27, 22.25
2026-08-23, 05:56:04, 22.32, 22.5, 22.75, 22.75, 9999.0, 9999.0, 9999.0, 24.02, 9999.0, 22.39, 9999.0, 22.68, 22.48, 22.25, 22.27, 22.25
2026-08-23, 05:56:08, 22.34, 22.5, 22.75, 22.75, 9999.0, 9999.0, 9999.0, 23.98, 9999.0, 22.36, 9999.0, 22.68, 22.48, 22.25, 22.25, 22.25
2026-08-23, 05:56:12, 22.34, 22.5, 22.75, 22.75, 9999.0, 9999.0, 9999.0, 23.91, 9999.0, 22.34, 9999.0, 22.68, 22.48, 22.25, 22.25, 22.25
2026-08-23, 05:56:16, 22.32, 22.5, 22.75, 22.75, 9999.0, 9999.0, 9999.0, 23.86, 9999.0, 22.32, 9999.0, 22.68, 22.48, 22.25, 22.25, 22.25
2026-08-23, 05:56:20, 22.32, 22.5, 22.75, 22.75, 9999.0, 9999.0, 9999.0, 23.8, 9999.0, 22.32, 9999.0, 22.7, 22.48, 22.25, 22.25, 22.25
2026-08-23, 05:56:24, 22.3, 22.5, 22.75, 22.75, 9999.0, 9999.0, 9999.0, 23.75, 9999.0, 22.32, 9999.0, 22.7, 22.48, 22.25, 22.25, 22.25
2026-08-23, 05:56:28, 22.32, 22.5, 22.75, 22.75, 9999.0, 9999.0, 9999.0, 23.7, 9999.0, 22.34, 9999.0, 22.7, 22.48, 22.25, 22.25, 22.25
2026-08-23, 05:56:32, 22.32, 22.5, 22.75, 22.75, 9999.0, 9999.0, 9999.0, 23.66, 9999.0, 22.39, 9999.0, 22.73, 22.48, 22.25, 22.25, 22.25
2026-08-23, 05:56:36, 22.34, 22.5, 22.75, 22.75, 9999.0, 9999.0, 9999.0, 23.61, 9999.0, 22.41, 9999.0, 22.75, 22.48, 22.25, 22.25, 22.25
2026-08-23, 05:56:40, 22.34, 22.5, 22.75, 22.75, 9999.0, 9999.0, 9999.0, 23.64, 9999.0, 22.43, 9999.0, 22.77, 22.48, 22.25, 22.25, 22.25
2026-08-23, 05:56:45, 22.34, 22.5, 22.75, 22.75, 9999.0, 9999.0, 9999.0, 23.68, 9999.0, 22.45, 9999.0, 22.77, 22.5, 22.25, 22.25, 22.25
2026-08-23, 05:56:49, 22.32, 22.5, 22.75, 22.75, 9999.0, 9999.0, 9999.0, 23.73, 9999.0, 22.48, 9999.0, 22.77, 22.5, 22.25, 22.25, 22.25
2026-08-23, 05:56:53, 22.3, 22.5, 22.75, 22.75, 9999.0, 9999.0, 9999.0, 23.77, 9999.0, 22.5, 9999.0, 22.77, 22.5, 22.25, 22.25, 22.25
2026-08-23, 05:56:57, 22.3, 22.5, 22.75, 22.75, 9999.0, 9999.0, 9999.0, 23.82, 9999.0, 22.52, 9999.0, 22.77, 22.5, 22.25, 22.25, 22.25
2026-08-23, 05:57:01, 22.3, 22.5, 22.75, 22.75, 9999.0, 9999.0, 9999.0, 23.86, 9999.0, 22.55, 9999.0, 22.75, 22.5, 22.25, 22.25, 22.25
2026-08-23, 05:57:05, 22.3, 22.5, 22.75, 22.75, 9999.0, 9999.0, 9999.0, 23.91, 9999.0, 22.52, 9999.0, 22.7, 22.5, 22.25, 22.25, 22.25
2026-08-23, 05:57:09, 22.3, 22.5, 22.75, 22.75, 9999.0, 9999.0, 9999.0, 23.93, 9999.0, 22.52, 9999.0, 22.7, 22.5, 22.25, 22.25, 22.25
2026-08-23, 05:57:13, 22.27, 22.5, 22.75, 22.75, 9999.0, 9999.0, 9999.0, 23.98, 9999.0, 22.48, 9999.0, 22.7, 22.5, 22.25, 22.25, 22.25
2026-08-23, 05:57:17, 22.27, 22.5, 22.75, 22.75, 9999.0, 9999.0, 9999.0, 24.0, 9999.0, 22.45, 9999.0, 22.7, 22.5, 22.25, 22.25, 22.25
2026-08-23, 05:57:21, 22.25, 22.5, 22.75, 22.75, 9999.0, 9999.0, 9999.0, 24.02, 9999.0, 22.45, 9999.0, 22.7, 22.5, 22.25, 22.25, 22.25
2026-08-23, 05:57:25, 22.25, 22.5, 22.75, 22.75, 9999.0, 9999.0, 9999.0, 23.98, 9999.0, 22.43, 9999.0, 22.7, 22.5, 22.25, 22.25, 22.25
2026-08-23, 05:57:29, 22.25, 22.5, 22.75, 22.75, 9999.0, 9999.0, 9999.0, 23.93, 9999.0, 22.43, 9999.0, 22.73, 22.5, 22.25, 22.25, 22.25
2026-08-23, 05:57:33, 22.25, 22.5, 22.75, 22.75, 9999.0, 9999.0, 9999.0, 23.89, 9999.0, 22.41, 9999.0, 22.73, 22.5, 22.25, 22.25, 22.25
2026-08-23, 05:57:37, 22.25, 22.5, 22.77, 22.75, 9999.0, 9999.0, 9999.0, 23.84, 9999.0, 22.41, 9999.0, 22.73, 22.5, 22.25, 22.25, 22.25
2026-08-23, 05:57:41, 22.27, 22.5, 22.77, 22.75, 9999.0, 9999.0, 9999.0, 23.82, 9999.0, 22.41, 9999.0, 22.73, 22.5, 22.25, 22.25, 22.25
2026-08-23, 05:57:45, 22.27, 22.5, 22.77, 22.75, 9999.0, 9999.0, 9999.0, 23.77, 9999.0, 22.41, 9999.0, 22.75, 22.5, 22.25, 22.25, 22.25
2026-08-23, 05:57:49, 22.3, 22.5, 22.77, 22.75, 9999.0, 9999.0, 9999.0, 23.73, 9999.0, 22.45, 9999.0, 22.77, 22.5, 22.25, 22.25, 22.25
2026-08-23, 05:57:53, 22.3, 22.5, 22.77, 22.75, 9999.0, 9999.0, 9999.0, 23.7, 9999.0, 22.48, 9999.0, 22.77, 22.5, 22.25, 22.25, 22.25
2026-08-23, 05:57:57, 22.3, 22.5, 22.77, 22.75, 9999.0, 9999.0, 9999.0, 23.73, 9999.0, 22.52, 9999.0, 22.77, 22.5, 22.25, 22.25, 22.25
2026-08-23, 05:58:01, 22.3, 22.5, 22.77, 22.75, 9999.0, 9999.0, 9999.0, 23.77, 9999.0, 22.55, 9999.0, 22.77, 22.5, 22.25, 22.25, 22.25
2026-08-23, 05:58:05, 22.3, 22.5, 22.77, 22.75, 9999.0, 9999.0, 9999.0, 23.82, 9999.0, 22.57, 9999.0, 22.77, 22.5, 22.25, 22.25, 22.25
2026-08-23, 05:58:09, 22.3, 22.5, 22.77, 22.75, 9999.0, 9999.0, 9999.0, 23.84, 9999.0, 22.59, 9999.0, 22.77, 22.5, 22.25, 22.25, 22.25
2026-08-23, 05:58:13, 22.3, 22.5, 22.77, 22.77, 9999.0, 9999.0, 9999.0, 23.86, 9999.0, 22.59, 9999.0, 22.75, 22.5, 22.25, 22.25, 22.25
2026-08-23, 05:58:17, 22.3, 22.5, 22.77, 22.77, 9999.0, 9999.0, 9999.0, 23.89, 9999.0, 22.61, 9999.0, 22.73, 22.5, 22.25, 22.25, 22.25
2026-08-23, 05:58:21, 22.3, 22.5, 22.75, 22.77, 9999.0, 9999.0, 9999.0, 23.91, 9999.0, 22.61, 9999.0, 22.7, 22.5, 22.25, 22.25, 22.25
2026-08-23, 05:58:25, 22.27, 22.5, 22.75, 22.77, 9999.0, 9999.0, 9999.0, 23.91, 9999.0, 22.61, 9999.0, 22.68, 22.5, 22.25, 22.25, 22.25
2026-08-23, 05:58:29, 22.27, 22.5, 22.75, 22.77, 9999.0, 9999.0, 9999.0, 23.95, 9999.0, 22.61, 9999.0, 22.66, 22.5, 22.25, 22.25, 22.25
2026-08-23, 05:58:33, 22.25, 22.5, 22.75, 22.77, 9999.0, 9999.0, 9999.0, 24.0, 9999.0, 22.59, 9999.0, 22.64, 22.5, 22.25, 22.25, 22.25
2026-08-23, 05:58:37, 22.25, 22.5, 22.75, 22.77, 9999.0, 9999.0, 9999.0, 24.02, 9999.0, 22.57, 9999.0, 22.64, 22.5, 22.25, 22.25, 22.25
2026-08-23, 05:58:41, 22.25, 22.5, 22.75, 22.77, 9999.0, 9999.0, 9999.0, 23.98, 9999.0, 22.55, 9999.0, 22.64, 22.5, 22.25, 22.25, 22.25
2026-08-23, 05:58:45, 22.25, 22.5, 22.75, 22.77, 9999.0, 9999.0, 9999.0, 23.93, 9999.0, 22.52, 9999.0, 22.64, 22.5, 22.25, 22.25, 22.25
2026-08-23, 05:58:49, 22.25, 22.5, 22.75, 22.77, 9999.0, 9999.0, 9999.0, 23.89, 9999.0, 22.5, 9999.0, 22.64, 22.5, 22.25, 22.25, 22.25
2026-08-23, 05:58:53, 22.25, 22.5, 22.75, 22.77, 9999.0, 9999.0, 9999.0, 23.86, 9999.0, 22.5, 9999.0, 22.64, 22.5, 22.25, 22.25, 22.25
2026-08-23, 05:58:57, 22.27, 22.5, 22.75, 22.75, 9999.0, 9999.0, 9999.0, 23.84, 9999.0, 22.52, 9999.0, 22.64, 22.5, 22.25, 22.25, 22.25
2026-08-23, 05:59:01, 22.27, 22.5, 22.75, 22.75, 9999.0, 9999.0, 9999.0, 23.82, 9999.0, 22.55, 9999.0, 22.66, 22.5, 22.25, 22.25, 22.25
2026-08-23, 05:59:05, 22.27, 22.5, 22.75, 22.75, 9999.0, 9999.0, 9999.0, 23.77, 9999.0, 22.57, 9999.0, 22.68, 22.5, 22.25, 22.25, 22.25
2026-08-23, 05:59:09, 22.27, 22.5, 22.75, 22.75, 9999.0, 9999.0, 9999.0, 23.75, 9999.0, 22.59, 9999.0, 22.7, 22.5, 22.25, 22.25, 22.25
2026-08-23, 05:59:13, 22.27, 22.5, 22.75, 22.75, 9999.0, 9999.0, 9999.0, 23.7, 9999.0, 22.61, 9999.0, 22.73, 22.5, 22.25, 22.25, 22.25
2026-08-23, 05:59:17, 22.27, 22.5, 22.75, 22.75, 9999.0, 9999.0, 9999.0, 23.73, 9999.0, 22.64, 9999.0, 22.75, 22.5, 22.25, 22.25, 22.25
2026-08-23, 05:59:21, 22.27, 22.5, 22.75, 22.75, 9999.0, 9999.0, 9999.0, 23.77, 9999.0, 22.66, 9999.0, 22.75, 22.5, 22.25, 22.25, 22.25
2026-08-23, 05:59:25, 22.27, 22.5, 22.75, 22.75, 9999.0, 9999.0, 9999.0, 23.82, 9999.0, 22.68, 9999.0, 22.75, 22.5, 22.25, 22.25, 22.25
2026-08-23, 05:59:29, 22.27, 22.5, 22.75, 22.75, 9999.0, 9999.0, 9999.0, 23.86, 9999.0, 22.7, 9999.0, 22.75, 22.5, 22.25, 22.25, 22.25
2026-08-23, 05:59:33, 22.27, 22.5, 22.75, 22.75, 9999.0, 9999.0, 9999.0, 23.89, 9999.0, 22.73, 9999.0, 22.75, 22.5, 22.25, 22.25, 22.25
2026-08-23, 05:59:37, 22.27, 22.5, 22.75, 22.75, 9999.0, 9999.0, 9999.0, 23.91, 9999.0, 22.75, 9999.0, 22.73, 22.5, 22.25, 22.25, 22.25
2026-08-23, 05:59:41, 22.25, 22.5, 22.75, 22.75, 9999.0, 9999.0, 9999.0, 23.93, 9999.0, 22.73, 9999.0, 22.7, 22.5, 22.25, 22.25, 22.25
2026-08-23, 05:59:45, 22.25, 22.5, 22.75, 22.75, 9999.0, 9999.0, 9999.0, 23.95, 9999.0, 22.7, 9999.0, 22.68, 22.5, 22.25, 22.25, 22.25
2026-08-23, 05:59:49, 22.25, 22.5, 22.75, 22.75, 9999.0, 9999.0, 9999.0, 24.0, 9999.0, 22.68, 9999.0, 22.66, 22.5, 22.25, 22.25, 22.25
2026-08-23, 05:59:53, 22.25, 22.5, 22.75, 22.75, 9999.0, 9999.0, 9999.0, 24.05, 9999.0, 22.66, 9999.0, 22.66, 22.5, 22.25, 22.25, 22.25
2026-08-23, 05:59:57, 22.25, 22.5, 22.75, 22.75, 9999.0, 9999.0, 9999.0, 24.09, 9999.0, 22.64, 9999.0, 22.66, 22.5, 22.25, 22.25, 22.25
2026-08-23, 06:00:01, 22.25, 22.5, 22.75, 22.75, 9999.0, 9999.0, 9999.0, 24.05, 9999.0, 22.61, 9999.0, 22.66, 22.5, 22.25, 22.25, 22.25
2026-08-23, 06:00:05, 22.25, 22.5, 22.75, 22.75, 9999.0, 9999.0, 9999.0, 24.0, 9999.0, 22.59, 9999.0, 22.68, 22.5, 22.25, 22.25, 22.25
2026-08-23, 06:00:09, 22.25, 22.5, 22.75, 22.75, 9999.0, 9999.0, 9999.0, 23.95, 9999.0, 22.57, 9999.0, 22.68, 22.5, 22.25, 22.25, 22.25
2026-08-23, 06:00:13, 22.25, 22.5, 22.75, 22.75, 9999.0, 9999.0, 9999.0, 23.91, 9999.0, 22.57, 9999.0, 22.68, 22.5, 22.25, 22.25, 22.25
2026-08-23, 06:00:17, 22.25, 22.5, 22.75, 22.75, 9999.0, 9999.0, 9999.0, 23.89, 9999.0, 22.57, 9999.0, 22.68, 22.5, 22.25, 22.25, 22.25
2026-08-23, 06:00:22, 22.25, 22.5, 22.75, 22.75, 9999.0, 9999.0, 9999.0, 23.86, 9999.0, 22.57, 9999.0, 22.7, 22.5, 22.25, 22.25, 22.25
2026-08-23, 06:00:26, 22.25, 22.5, 22.75, 22.75, 9999.0, 9999.0, 9999.0, 23.84, 9999.0, 22.59, 9999.0, 22.73, 22.5, 22.25, 22.25, 22.25
2026-08-23, 06:00:30, 22.25, 22.5, 22.75, 22.75, 9999.0, 9999.0, 9999.0, 23.8, 9999.0, 22.61, 9999.0, 22.75, 22.5, 22.25, 22.25, 22.25
2026-08-23, 06:00:34, 22.25, 22.5, 22.75, 22.75, 9999.0, 9999.0, 9999.0, 23.84, 9999.0, 22.64, 9999.0, 22.77, 22.5, 22.25, 22.25, 22.25
2026-08-23, 06:00:38, 22.25, 22.5, 22.75, 22.75, 9999.0, 9999.0, 9999.0, 23.86, 9999.0, 22.66, 9999.0, 22.77, 22.5, 22.25, 22.25, 22.25
2026-08-23, 06:00:42, 22.25, 22.5, 22.75, 22.75, 9999.0, 9999.0, 9999.0, 23.91, 9999.0, 22.68, 9999.0, 22.77, 22.5, 22.25, 22.25, 22.25
2026-08-23, 06:00:46, 22.25, 22.5, 22.75, 22.75, 9999.0, 9999.0, 9999.0, 23.95, 9999.0, 22.7, 9999.0, 22.77, 22.5, 22.25, 22.25, 22.25
2026-08-23, 06:00:50, 22.25, 22.5, 22.75, 22.75, 9999.0, 9999.0, 9999.0, 24.0, 9999.0, 22.73, 9999.0, 22.73, 22.5, 22.25, 22.25, 22.25
2026-08-23, 06:00:54, 22.25, 22.5, 22.75, 22.75, 9999.0, 9999.0, 9999.0, 24.02, 9999.0, 22.75, 9999.0, 22.7, 22.5, 22.25, 22.25, 22.25
2026-08-23, 06:00:58, 22.25, 22.5, 22.75, 22.75, 9999.0, 9999.0, 9999.0, 24.05, 9999.0, 22.73, 9999.0, 22.68, 22.5, 22.25, 22.25, 22.25
2026-08-23, 06:01:02, 22.25, 22.5, 22.75, 22.75, 9999.0, 9999.0, 9999.0, 24.07, 9999.0, 22.73, 9999.0, 22.66, 22.5, 22.25, 22.25, 22.25
2026-08-23, 06:01:06, 22.25, 22.5, 22.75, 22.75, 9999.0, 9999.0, 9999.0, 24.09, 9999.0, 22.73, 9999.0, 22.64, 22.5, 22.25, 22.25, 22.25
2026-08-23, 06:01:10, 22.25, 22.5, 22.75, 22.75, 9999.0, 9999.0, 9999.0, 24.11, 9999.0, 22.7, 9999.0, 22.64, 22.5, 22.25, 22.25, 22.25
2026-08-23, 06:01:14, 22.25, 22.48, 22.75, 22.75, 9999.0, 9999.0, 9999.0, 24.16, 9999.0, 22.68, 9999.0, 22.64, 22.5, 22.25, 22.25, 22.25
2026-08-23, 06:01:18, 22.25, 22.48, 22.75, 22.75, 9999.0, 9999.0, 9999.0, 24.11, 9999.0, 22.66, 9999.0, 22.64, 22.5, 22.25, 22.25, 22.25
2026-08-23, 06:01:22, 22.25, 22.48, 22.75, 22.75, 9999.0, 9999.0, 9999.0, 24.09, 9999.0, 22.64, 9999.0, 22.64, 22.5, 22.25, 22.25, 22.25
2026-08-23, 06:01:26, 22.25, 22.48, 22.75, 22.75, 9999.0, 9999.0, 9999.0, 24.02, 9999.0, 22.61, 9999.0, 22.64, 22.5, 22.25, 22.25, 22.25
2026-08-23, 06:01:30, 22.27, 22.48, 22.75, 22.75, 9999.0, 9999.0, 9999.0, 23.98, 9999.0, 22.59, 9999.0, 22.64, 22.5, 22.25, 22.25, 22.25
2026-08-23, 06:01:34, 22.27, 22.48, 22.75, 22.75, 9999.0, 9999.0, 9999.0, 23.93, 9999.0, 22.59, 9999.0, 22.66, 22.5, 22.25, 22.25, 22.25
2026-08-23, 06:01:38, 22.27, 22.48, 22.75, 22.75, 9999.0, 9999.0, 9999.0, 23.91, 9999.0, 22.59, 9999.0, 22.68, 22.5, 22.25, 22.25, 22.25
2026-08-23, 06:01:42, 22.27, 22.48, 22.75, 22.75, 9999.0, 9999.0, 9999.0, 23.89, 9999.0, 22.64, 9999.0, 22.7, 22.5, 22.25, 22.25, 22.25
2026-08-23, 06:01:46, 22.27, 22.48, 22.75, 22.75, 9999.0, 9999.0, 9999.0, 23.84, 9999.0, 22.64, 9999.0, 22.73, 22.5, 22.25, 22.25, 22.25
2026-08-23, 06:01:50, 22.27, 22.48, 22.75, 22.75, 9999.0, 9999.0, 9999.0, 23.8, 9999.0, 22.66, 9999.0, 22.75, 22.5, 22.25, 22.25, 22.25
2026-08-23, 06:01:54, 22.27, 22.48, 22.75, 22.75, 9999.0, 9999.0, 9999.0, 23.84, 9999.0, 22.68, 9999.0, 22.75, 22.5, 22.25, 22.25, 22.25
2026-08-23, 06:01:58, 22.27, 22.5, 22.75, 22.75, 9999.0, 9999.0, 9999.0, 23.89, 9999.0, 22.7, 9999.0, 22.75, 22.5, 22.25, 22.25, 22.25
2026-08-23, 06:02:02, 22.27, 22.5, 22.75, 22.75, 9999.0, 9999.0, 9999.0, 23.91, 9999.0, 22.73, 9999.0, 22.75, 22.5, 22.25, 22.25, 22.25
2026-08-23, 06:02:06, 22.27, 22.5, 22.75, 22.75, 9999.0, 9999.0, 9999.0, 23.93, 9999.0, 22.75, 9999.0, 22.75, 22.5, 22.25, 22.25, 22.25
2026-08-23, 06:02:10, 22.27, 22.5, 22.75, 22.75, 9999.0, 9999.0, 9999.0, 23.98, 9999.0, 22.77, 9999.0, 22.73, 22.5, 22.25, 22.25, 22.23
2026-08-23, 06:02:14, 22.25, 22.5, 22.75, 22.75, 9999.0, 9999.0, 9999.0, 24.02, 9999.0, 22.8, 9999.0, 22.7, 22.5, 22.25, 22.25, 22.23
2026-08-23, 06:02:18, 22.25, 22.5, 22.75, 22.75, 9999.0, 9999.0, 9999.0, 24.05, 9999.0, 22.77, 9999.0, 22.68, 22.5, 22.25, 22.25, 22.23
2026-08-23, 06:02:22, 22.25, 22.5, 22.75, 22.75, 9999.0, 9999.0, 9999.0, 24.09, 9999.0, 22.77, 9999.0, 22.66, 22.5, 22.25, 22.25, 22.23
2026-08-23, 06:02:26, 22.27, 22.5, 22.75, 22.75, 9999.0, 9999.0, 9999.0, 24.11, 9999.0, 22.73, 9999.0, 22.64, 22.5, 22.25, 22.25, 22.23
2026-08-23, 06:02:30, 22.3, 22.5, 22.75, 22.75, 9999.0, 9999.0, 9999.0, 24.16, 9999.0, 22.7, 9999.0, 22.64, 22.5, 22.25, 22.25, 22.23
2026-08-23, 06:02:34, 22.3, 22.5, 22.75, 22.75, 9999.0, 9999.0, 9999.0, 24.2, 9999.0, 22.66, 9999.0, 22.64, 22.5, 22.25, 22.25, 22.23
2026-08-23, 06:02:38, 22.3, 22.5, 22.75, 22.75, 9999.0, 9999.0, 9999.0, 24.16, 9999.0, 22.64, 9999.0, 22.64, 22.5, 22.25, 22.25, 22.23
2026-08-23, 06:02:42, 22.3, 22.5, 22.75, 22.75, 9999.0, 9999.0, 9999.0, 24.11, 9999.0, 22.61, 9999.0, 22.64, 22.5, 22.25, 22.25, 22.23
2026-08-23, 06:02:46, 22.3, 22.5, 22.75, 22.75, 9999.0, 9999.0, 9999.0, 24.07, 9999.0, 22.59, 9999.0, 22.66, 22.5, 22.25, 22.25, 22.23
2026-08-23, 06:02:50, 22.3, 22.5, 22.75, 22.75, 9999.0, 9999.0, 9999.0, 24.02, 9999.0, 22.59, 9999.0, 22.66, 22.5, 22.25, 22.25, 22.23
2026-08-23, 06:02:54, 22.3, 22.5, 22.75, 22.75, 9999.0, 9999.0, 9999.0, 23.98, 9999.0, 22.59, 9999.0, 22.68, 22.5, 22.25, 22.25, 22.25
2026-08-23, 06:02:58, 22.3, 22.5, 22.75, 22.75, 9999.0, 9999.0, 9999.0, 23.93, 9999.0, 22.59, 9999.0, 22.7, 22.5, 22.25, 22.25, 22.25
2026-08-23, 06:03:02, 22.32, 22.5, 22.75, 22.75, 9999.0, 9999.0, 9999.0, 23.89, 9999.0, 22.61, 9999.0, 22.73, 22.5, 22.25, 22.25, 22.25
2026-08-23, 06:03:06, 22.32, 22.5, 22.75, 22.75, 9999.0, 9999.0, 9999.0, 23.84, 9999.0, 22.61, 9999.0, 22.75, 22.5, 22.25, 22.25, 22.25
2026-08-23, 06:03:10, 22.3, 22.5, 22.75, 22.75, 9999.0, 9999.0, 9999.0, 23.89, 9999.0, 22.64, 9999.0, 22.77, 22.5, 22.25, 22.27, 22.25
2026-08-23, 06:03:14, 22.27, 22.5, 22.75, 22.75, 9999.0, 9999.0, 9999.0, 23.93, 9999.0, 22.66, 9999.0, 22.75, 22.5, 22.25, 22.27, 22.25
2026-08-23, 06:03:18, 22.27, 22.5, 22.75, 22.75, 9999.0, 9999.0, 9999.0, 23.95, 9999.0, 22.68, 9999.0, 22.73, 22.5, 22.25, 22.27, 22.25
2026-08-23, 06:03:22, 22.27, 22.5, 22.75, 22.75, 9999.0, 9999.0, 9999.0, 23.98, 9999.0, 22.7, 9999.0, 22.73, 22.5, 22.25, 22.27, 22.25
2026-08-23, 06:03:26, 22.27, 22.5, 22.75, 22.75, 9999.0, 9999.0, 9999.0, 24.0, 9999.0, 22.73, 9999.0, 22.7, 22.5, 22.25, 22.27, 22.25
2026-08-23, 06:03:30, 22.27, 22.5, 22.75, 22.75, 9999.0, 9999.0, 9999.0, 24.05, 9999.0, 22.75, 9999.0, 22.66, 22.5, 22.25, 22.27, 22.25
2026-08-23, 06:03:34, 22.27, 22.5, 22.75, 22.75, 9999.0, 9999.0, 9999.0, 24.07, 9999.0, 22.73, 9999.0, 22.64, 22.5, 22.25, 22.27, 22.25
2026-08-23, 06:03:38, 22.27, 22.5, 22.75, 22.75, 9999.0, 9999.0, 9999.0, 24.09, 9999.0, 22.7, 9999.0, 22.61, 22.5, 22.25, 22.27, 22.25
2026-08-23, 06:03:42, 22.27, 22.5, 22.75, 22.75, 9999.0, 9999.0, 9999.0, 24.14, 9999.0, 22.68, 9999.0, 22.59, 22.5, 22.25, 22.27, 22.25
2026-08-23, 06:03:46, 22.27, 22.5, 22.75, 22.75, 9999.0, 9999.0, 9999.0, 24.18, 9999.0, 22.66, 9999.0, 22.59, 22.5, 22.25, 22.27, 22.25
2026-08-23, 06:03:50, 22.27, 22.5, 22.75, 22.75, 9999.0, 9999.0, 9999.0, 24.2, 9999.0, 22.66, 9999.0, 22.59, 22.5, 22.25, 22.27, 22.25
2026-08-23, 06:03:54, 22.27, 22.5, 22.75, 22.75, 9999.0, 9999.0, 9999.0, 24.16, 9999.0, 22.64, 9999.0, 22.59, 22.5, 22.25, 22.25, 22.25
2026-08-23, 06:03:59, 22.3, 22.5, 22.75, 22.75, 9999.0, 9999.0, 9999.0, 24.11, 9999.0, 22.61, 9999.0, 22.61, 22.5, 22.25, 22.25, 22.25
2026-08-23, 06:04:03, 22.3, 22.5, 22.75, 22.75, 9999.0, 9999.0, 9999.0, 24.09, 9999.0, 22.59, 9999.0, 22.64, 22.5, 22.25, 22.25, 22.25
2026-08-23, 06:04:07, 22.32, 22.5, 22.75, 22.75, 9999.0, 9999.0, 9999.0, 24.05, 9999.0, 22.59, 9999.0, 22.64, 22.5, 22.25, 22.25, 22.25
2026-08-23, 06:04:11, 22.32, 22.5, 22.75, 22.75, 9999.0, 9999.0, 9999.0, 24.0, 9999.0, 22.59, 9999.0, 22.66, 22.5, 22.25, 22.25, 22.25
2026-08-23, 06:04:15, 22.32, 22.5, 22.75, 22.75, 9999.0, 9999.0, 9999.0, 23.95, 9999.0, 22.59, 9999.0, 22.68, 22.5, 22.25, 22.25, 22.25
2026-08-23, 06:04:19, 22.32, 22.5, 22.75, 22.75, 9999.0, 9999.0, 9999.0, 23.93, 9999.0, 22.64, 9999.0, 22.7, 22.5, 22.25, 22.25, 22.23
2026-08-23, 06:04:23, 22.34, 22.5, 22.75, 22.75, 9999.0, 9999.0, 9999.0, 23.91, 9999.0, 22.68, 9999.0, 22.73, 22.5, 22.25, 22.25, 22.23
2026-08-23, 06:04:27, 22.34, 22.5, 22.75, 22.75, 9999.0, 9999.0, 9999.0, 23.93, 9999.0, 22.73, 9999.0, 22.75, 22.5, 22.25, 22.25, 22.23
2026-08-23, 06:04:31, 22.32, 22.5, 22.75, 22.75, 9999.0, 9999.0, 9999.0, 23.95, 9999.0, 22.75, 9999.0, 22.75, 22.5, 22.25, 22.25, 22.23
2026-08-23, 06:04:35, 22.32, 22.5, 22.75, 22.75, 9999.0, 9999.0, 9999.0, 23.98, 9999.0, 22.75, 9999.0, 22.73, 22.5, 22.25, 22.25, 22.23
2026-08-23, 06:04:39, 22.32, 22.5, 22.75, 22.75, 9999.0, 9999.0, 9999.0, 24.0, 9999.0, 22.77, 9999.0, 22.7, 22.5, 22.25, 22.25, 22.23
2026-08-23, 06:04:43, 22.3, 22.5, 22.75, 22.75, 9999.0, 9999.0, 9999.0, 24.02, 9999.0, 22.8, 9999.0, 22.68, 22.5, 22.23, 22.25, 22.23
2026-08-23, 06:04:47, 22.3, 22.5, 22.75, 22.75, 9999.0, 9999.0, 9999.0, 24.02, 9999.0, 22.82, 9999.0, 22.68, 22.5, 22.23, 22.25, 22.23
2026-08-23, 06:04:51, 22.27, 22.5, 22.75, 22.75, 9999.0, 9999.0, 9999.0, 24.05, 9999.0, 22.82, 9999.0, 22.66, 22.48, 22.23, 22.25, 22.23
2026-08-23, 06:04:55, 22.27, 22.5, 22.75, 22.75, 9999.0, 9999.0, 9999.0, 24.07, 9999.0, 22.82, 9999.0, 22.64, 22.48, 22.23, 22.25, 22.23
2026-08-23, 06:04:59, 22.27, 22.5, 22.75, 22.75, 9999.0, 9999.0, 9999.0, 24.11, 9999.0, 22.82, 9999.0, 22.61, 22.48, 22.23, 22.25, 22.23
2026-08-23, 06:05:03, 22.27, 22.5, 22.75, 22.75, 9999.0, 9999.0, 9999.0, 24.14, 9999.0, 22.8, 9999.0, 22.59, 22.48, 22.23, 22.25, 22.25
2026-08-23, 06:05:07, 22.25, 22.48, 22.75, 22.75, 9999.0, 9999.0, 9999.0, 24.16, 9999.0, 22.77, 9999.0, 22.59, 22.48, 22.23, 22.25, 22.25
2026-08-23, 06:05:11, 22.25, 22.48, 22.75, 22.75, 9999.0, 9999.0, 9999.0, 24.11, 9999.0, 22.73, 9999.0, 22.59, 22.48, 22.23, 22.25, 22.25
2026-08-23, 06:05:15, 22.25, 22.45, 22.75, 22.75, 9999.0, 9999.0, 9999.0, 24.09, 9999.0, 22.73, 9999.0, 22.59, 22.48, 22.23, 22.25, 22.25
2026-08-23, 06:05:19, 22.25, 22.45, 22.75, 22.75, 9999.0, 9999.0, 9999.0, 24.05, 9999.0, 22.73, 9999.0, 22.61, 22.48, 22.23, 22.25, 22.25
2026-08-23, 06:05:23, 22.25, 22.45, 22.75, 22.75, 9999.0, 9999.0, 9999.0, 24.0, 9999.0, 22.7, 9999.0, 22.64, 22.45, 22.23, 22.25, 22.25
2026-08-23, 06:05:27, 22.25, 22.45, 22.75, 22.75, 9999.0, 9999.0, 9999.0, 23.95, 9999.0, 22.7, 9999.0, 22.66, 22.45, 22.25, 22.25, 22.25
2026-08-23, 06:05:31, 22.25, 22.45, 22.75, 22.75, 9999.0, 9999.0, 9999.0, 23.93, 9999.0, 22.7, 9999.0, 22.66, 22.45, 22.25, 22.25, 22.25
2026-08-23, 06:05:35, 22.25, 22.45, 22.75, 22.75, 9999.0, 9999.0, 9999.0, 23.91, 9999.0, 22.7, 9999.0, 22.68, 22.48, 22.25, 22.25, 22.25
2026-08-23, 06:05:39, 22.25, 22.45, 22.75, 22.75, 9999.0, 9999.0, 9999.0, 23.89, 9999.0, 22.7, 9999.0, 22.7, 22.48, 22.25, 22.25, 22.25
2026-08-23, 06:05:43, 22.25, 22.45, 22.75, 22.75, 9999.0, 9999.0, 9999.0, 23.82, 9999.0, 22.7, 9999.0, 22.73, 22.48, 22.25, 22.25, 22.25
2026-08-23, 06:05:47, 22.25, 22.45, 22.75, 22.75, 9999.0, 9999.0, 9999.0, 23.84, 9999.0, 22.7, 9999.0, 22.75, 22.48, 22.25, 22.25, 22.25
2026-08-23, 06:05:51, 22.25, 22.48, 22.75, 22.75, 9999.0, 9999.0, 9999.0, 23.86, 9999.0, 22.7, 9999.0, 22.75, 22.48, 22.25, 22.25, 22.25
2026-08-23, 06:05:55, 22.25, 22.48, 22.75, 22.75, 9999.0, 9999.0, 9999.0, 23.89, 9999.0, 22.73, 9999.0, 22.75, 22.48, 22.23, 22.25, 22.25
2026-08-23, 06:05:59, 22.25, 22.5, 22.75, 22.75, 9999.0, 9999.0, 9999.0, 23.91, 9999.0, 22.73, 9999.0, 22.73, 22.48, 22.23, 22.25, 22.25
2026-08-23, 06:06:03, 22.25, 22.5, 22.75, 22.75, 9999.0, 9999.0, 9999.0, 23.93, 9999.0, 22.7, 9999.0, 22.7, 22.48, 22.23, 22.25, 22.25
2026-08-23, 06:06:07, 22.25, 22.5, 22.75, 22.75, 9999.0, 9999.0, 9999.0, 23.95, 9999.0, 22.73, 9999.0, 22.68, 22.5, 22.23, 22.25, 22.25
2026-08-23, 06:06:11, 22.25, 22.5, 22.75, 22.75, 9999.0, 9999.0, 9999.0, 23.98, 9999.0, 22.7, 9999.0, 22.66, 22.5, 22.23, 22.25, 22.25
2026-08-23, 06:06:15, 22.25, 22.48, 22.75, 22.75, 9999.0, 9999.0, 9999.0, 24.0, 9999.0, 22.7, 9999.0, 22.64, 22.5, 22.23, 22.25, 22.25
2026-08-23, 06:06:19, 22.25, 22.48, 22.75, 22.75, 9999.0, 9999.0, 9999.0, 24.02, 9999.0, 22.7, 9999.0, 22.61, 22.5, 22.23, 22.25, 22.25
2026-08-23, 06:06:23, 22.25, 22.48, 22.75, 22.75, 9999.0, 9999.0, 9999.0, 24.05, 9999.0, 22.68, 9999.0, 22.61, 22.5, 22.23, 22.25, 22.25
2026-08-23, 06:06:27, 22.25, 22.48, 22.75, 22.75, 9999.0, 9999.0, 9999.0, 24.07, 9999.0, 22.66, 9999.0, 22.61, 22.5, 22.23, 22.25, 22.25
2026-08-23, 06:06:31, 22.25, 22.48, 22.75, 22.75, 9999.0, 9999.0, 9999.0, 24.05, 9999.0, 22.64, 9999.0, 22.61, 22.5, 22.23, 22.25, 22.25
2026-08-23, 06:06:35, 22.25, 22.48, 22.75, 22.75, 9999.0, 9999.0, 9999.0, 24.02, 9999.0, 22.61, 9999.0, 22.61, 22.5, 22.23, 22.25, 22.25
2026-08-23, 06:06:39, 22.25, 22.48, 22.75, 22.75, 9999.0, 9999.0, 9999.0, 23.98, 9999.0, 22.57, 9999.0, 22.61, 22.5, 22.25, 22.25, 22.25
2026-08-23, 06:06:43, 22.25, 22.45, 22.75, 22.75, 9999.0, 9999.0, 9999.0, 23.93, 9999.0, 22.55, 9999.0, 22.64, 22.5, 22.25, 22.25, 22.25
2026-08-23, 06:06:47, 22.25, 22.45, 22.75, 22.75, 9999.0, 9999.0, 9999.0, 23.91, 9999.0, 22.57, 9999.0, 22.66, 22.5, 22.25, 22.25, 22.25
2026-08-23, 06:06:51, 22.25, 22.45, 22.75, 22.75, 9999.0, 9999.0, 9999.0, 23.89, 9999.0, 22.57, 9999.0, 22.68, 22.5, 22.25, 22.25, 22.25
2026-08-23, 06:06:55, 22.25, 22.45, 22.75, 22.75, 9999.0, 9999.0, 9999.0, 23.86, 9999.0, 22.59, 9999.0, 22.7, 22.5, 22.23, 22.25, 22.25
2026-08-23, 06:06:59, 22.25, 22.48, 22.75, 22.75, 9999.0, 9999.0, 9999.0, 23.84, 9999.0, 22.59, 9999.0, 22.73, 22.5, 22.23, 22.25, 22.25
2026-08-23, 06:07:03, 22.25, 22.45, 22.75, 22.75, 9999.0, 9999.0, 9999.0, 23.89, 9999.0, 22.59, 9999.0, 22.75, 22.5, 22.23, 22.25, 22.25
2026-08-23, 06:07:07, 22.25, 22.45, 22.75, 22.75, 9999.0, 9999.0, 9999.0, 23.91, 9999.0, 22.61, 9999.0, 22.75, 22.5, 22.23, 22.25, 22.25
2026-08-23, 06:07:11, 22.25, 22.45, 22.75, 22.75, 9999.0, 9999.0, 9999.0, 23.95, 9999.0, 22.64, 9999.0, 22.73, 22.5, 22.23, 22.25, 22.25
2026-08-23, 06:07:15, 22.25, 22.45, 22.75, 22.75, 9999.0, 9999.0, 9999.0, 23.98, 9999.0, 22.66, 9999.0, 22.7, 22.5, 22.23, 22.25, 22.25
2026-08-23, 06:07:19, 22.25, 22.45, 22.75, 22.75, 9999.0, 9999.0, 9999.0, 24.0, 9999.0, 22.68, 9999.0, 22.68, 22.5, 22.23, 22.25, 22.25
2026-08-23, 06:07:23, 22.25, 22.45, 22.75, 22.75, 9999.0, 9999.0, 9999.0, 24.02, 9999.0, 22.7, 9999.0, 22.66, 22.5, 22.23, 22.25, 22.25
2026-08-23, 06:07:27, 22.25, 22.48, 22.75, 22.75, 9999.0, 9999.0, 9999.0, 24.05, 9999.0, 22.7, 9999.0, 22.64, 22.5, 22.23, 22.25, 22.25
2026-08-23, 06:07:31, 22.25, 22.48, 22.75, 22.75, 9999.0, 9999.0, 9999.0, 24.07, 9999.0, 22.68, 9999.0, 22.61, 22.5, 22.23, 22.25, 22.25
2026-08-23, 06:07:35, 22.27, 22.48, 22.75, 22.75, 9999.0, 9999.0, 9999.0, 24.09, 9999.0, 22.66, 9999.0, 22.59, 22.5, 22.23, 22.25, 22.25
2026-08-23, 06:07:39, 22.27, 22.48, 22.75, 22.75, 9999.0, 9999.0, 9999.0, 24.11, 9999.0, 22.64, 9999.0, 22.59, 22.5, 22.25, 22.25, 22.25
2026-08-23, 06:07:43, 22.27, 22.48, 22.75, 22.75, 9999.0, 9999.0, 9999.0, 24.14, 9999.0, 22.61, 9999.0, 22.59, 22.5, 22.25, 22.25, 22.25
2026-08-23, 06:07:48, 22.27, 22.5, 22.75, 22.75, 9999.0, 9999.0, 9999.0, 24.07, 9999.0, 22.59, 9999.0, 22.59, 22.5, 22.25, 22.25, 22.25
2026-08-23, 06:07:52, 22.27, 22.5, 22.75, 22.75, 9999.0, 9999.0, 9999.0, 24.02, 9999.0, 22.57, 9999.0, 22.59, 22.5, 22.25, 22.25, 22.25
2026-08-23, 06:07:56, 22.27, 22.5, 22.75, 22.75, 9999.0, 9999.0, 9999.0, 23.98, 9999.0, 22.55, 9999.0, 22.61, 22.5, 22.25, 22.25, 22.25
2026-08-23, 06:08:00, 22.27, 22.5, 22.75, 22.75, 9999.0, 9999.0, 9999.0, 23.93, 9999.0, 22.55, 9999.0, 22.64, 22.5, 22.25, 22.25, 22.25
2026-08-23, 06:08:04, 22.27, 22.5, 22.75, 22.75, 9999.0, 9999.0, 9999.0, 23.89, 9999.0, 22.55, 9999.0, 22.66, 22.5, 22.25, 22.25, 22.25
2026-08-23, 06:08:08, 22.27, 22.5, 22.75, 22.75, 9999.0, 9999.0, 9999.0, 23.84, 9999.0, 22.57, 9999.0, 22.68, 22.5, 22.25, 22.25, 22.25
2026-08-23, 06:08:12, 22.27, 22.5, 22.75, 22.75, 9999.0, 9999.0, 9999.0, 23.8, 9999.0, 22.59, 9999.0, 22.7, 22.5, 22.25, 22.25, 22.25
2026-08-23, 06:08:16, 22.27, 22.5, 22.75, 22.75, 9999.0, 9999.0, 9999.0, 23.75, 9999.0, 22.61, 9999.0, 22.73, 22.5, 22.25, 22.25, 22.25
2026-08-23, 06:08:20, 22.25, 22.5, 22.75, 22.75, 9999.0, 9999.0, 9999.0, 23.77, 9999.0, 22.64, 9999.0, 22.75, 22.5, 22.25, 22.25, 22.25
2026-08-23, 06:08:24, 22.25, 22.5, 22.75, 22.75, 9999.0, 9999.0, 9999.0, 23.8, 9999.0, 22.66, 9999.0, 22.75, 22.5, 22.25, 22.25, 22.25
2026-08-23, 06:08:28, 22.25, 22.5, 22.75, 22.75, 9999.0, 9999.0, 9999.0, 23.82, 9999.0, 22.66, 9999.0, 22.73, 22.5, 22.25, 22.25, 22.25
2026-08-23, 06:08:32, 22.25, 22.5, 22.75, 22.75, 9999.0, 9999.0, 9999.0, 23.86, 9999.0, 22.66, 9999.0, 22.7, 22.5, 22.25, 22.25, 22.25
2026-08-23, 06:08:36, 22.25, 22.5, 22.75, 22.75, 9999.0, 9999.0, 9999.0, 23.91, 9999.0, 22.66, 9999.0, 22.68, 22.5, 22.25, 22.25, 22.25
2026-08-23, 06:08:40, 22.25, 22.5, 22.75, 22.75, 9999.0, 9999.0, 9999.0, 23.93, 9999.0, 22.66, 9999.0, 22.66, 22.5, 22.25, 22.25, 22.25
2026-08-23, 06:08:44, 22.25, 22.5, 22.75, 22.75, 9999.0, 9999.0, 9999.0, 23.95, 9999.0, 22.64, 9999.0, 22.64, 22.5, 22.25, 22.25, 22.25
2026-08-23, 06:08:48, 22.25, 22.5, 22.75, 22.75, 9999.0, 9999.0, 9999.0, 23.98, 9999.0, 22.61, 9999.0, 22.61, 22.48, 22.25, 22.25, 22.25
2026-08-23, 06:08:52, 22.25, 22.5, 22.75, 22.75, 9999.0, 9999.0, 9999.0, 24.02, 9999.0, 22.59, 9999.0, 22.59, 22.48, 22.25, 22.25, 22.25
2026-08-23, 06:08:56, 22.25, 22.5, 22.75, 22.75, 9999.0, 9999.0, 9999.0, 24.07, 9999.0, 22.57, 9999.0, 22.59, 22.48, 22.25, 22.25, 22.25
2026-08-23, 06:09:00, 22.25, 22.5, 22.75, 22.75, 9999.0, 9999.0, 9999.0, 24.11, 9999.0, 22.55, 9999.0, 22.59, 22.48, 22.25, 22.25, 22.25
2026-08-23, 06:09:04, 22.25, 22.5, 22.75, 22.75, 9999.0, 9999.0, 9999.0, 24.07, 9999.0, 22.52, 9999.0, 22.59, 22.48, 22.25, 22.25, 22.25
2026-08-23, 06:09:08, 22.25, 22.5, 22.75, 22.75, 9999.0, 9999.0, 9999.0, 24.02, 9999.0, 22.5, 9999.0, 22.59, 22.48, 22.25, 22.25, 22.25
2026-08-23, 06:09:12, 22.25, 22.5, 22.75, 22.75, 9999.0, 9999.0, 9999.0, 23.98, 9999.0, 22.5, 9999.0, 22.61, 22.48, 22.25, 22.25, 22.25
2026-08-23, 06:09:16, 22.25, 22.5, 22.75, 22.75, 9999.0, 9999.0, 9999.0, 23.93, 9999.0, 22.48, 9999.0, 22.64, 22.48, 22.25, 22.25, 22.25
2026-08-23, 06:09:20, 22.25, 22.5, 22.75, 22.75, 9999.0, 9999.0, 9999.0, 23.89, 9999.0, 22.48, 9999.0, 22.66, 22.48, 22.25, 22.25, 22.25
2026-08-23, 06:09:24, 22.25, 22.5, 22.75, 22.75, 9999.0, 9999.0, 9999.0, 23.86, 9999.0, 22.48, 9999.0, 22.68, 22.48, 22.25, 22.25, 22.25
2026-08-23, 06:09:28, 22.25, 22.5, 22.75, 22.75, 9999.0, 9999.0, 9999.0, 23.84, 9999.0, 22.5, 9999.0, 22.7, 22.48, 22.25, 22.25, 22.25
2026-08-23, 06:09:32, 22.25, 22.5, 22.75, 22.75, 9999.0, 9999.0, 9999.0, 23.8, 9999.0, 22.52, 9999.0, 22.73, 22.5, 22.25, 22.25, 22.25
2026-08-23, 06:09:36, 22.25, 22.5, 22.75, 22.75, 9999.0, 9999.0, 9999.0, 23.75, 9999.0, 22.52, 9999.0, 22.75, 22.5, 22.25, 22.25, 22.25
2026-08-23, 06:09:40, 22.25, 22.5, 22.75, 22.75, 9999.0, 9999.0, 9999.0, 23.77, 9999.0, 22.55, 9999.0, 22.75, 22.5, 22.25, 22.25, 22.25
2026-08-23, 06:09:44, 22.25, 22.5, 22.75, 22.75, 9999.0, 9999.0, 9999.0, 23.8, 9999.0, 22.55, 9999.0, 22.75, 22.5, 22.25, 22.25, 22.25
2026-08-23, 06:09:48, 22.25, 22.5, 22.75, 22.75, 9999.0, 9999.0, 9999.0, 23.84, 9999.0, 22.55, 9999.0, 22.75, 22.5, 22.25, 22.25, 22.25
2026-08-23, 06:09:52, 22.25, 22.5, 22.75, 22.75, 9999.0, 9999.0, 9999.0, 23.89, 9999.0, 22.55, 9999.0, 22.73, 22.5, 22.25, 22.25, 22.25
2026-08-23, 06:09:56, 22.25, 22.5, 22.75, 22.75, 9999.0, 9999.0, 9999.0, 23.91, 9999.0, 22.55, 9999.0, 22.7, 22.5, 22.25, 22.25, 22.25
2026-08-23, 06:10:00, 22.25, 22.5, 22.75, 22.75, 9999.0, 9999.0, 9999.0, 23.93, 9999.0, 22.57, 9999.0, 22.68, 22.48, 22.25, 22.25, 22.25
2026-08-23, 06:10:04, 22.25, 22.5, 22.75, 22.75, 9999.0, 9999.0, 9999.0, 23.95, 9999.0, 22.55, 9999.0, 22.66, 22.48, 22.25, 22.25, 22.25
2026-08-23, 06:10:08, 22.25, 22.48, 22.75, 22.75, 9999.0, 9999.0, 9999.0, 23.98, 9999.0, 22.55, 9999.0, 22.64, 22.48, 22.25, 22.25, 22.25
2026-08-23, 06:10:12, 22.25, 22.48, 22.75, 22.75, 9999.0, 9999.0, 9999.0, 24.0, 9999.0, 22.5, 9999.0, 22.61, 22.48, 22.25, 22.25, 22.25
2026-08-23, 06:10:16, 22.25, 22.48, 22.75, 22.75, 9999.0, 9999.0, 9999.0, 24.02, 9999.0, 22.48, 9999.0, 22.61, 22.45, 22.25, 22.25, 22.25
2026-08-23, 06:10:20, 22.25, 22.45, 22.75, 22.75, 9999.0, 9999.0, 9999.0, 24.05, 9999.0, 22.48, 9999.0, 22.61, 22.45, 22.25, 22.25, 22.25
2026-08-23, 06:10:24, 22.25, 22.45, 22.75, 22.75, 9999.0, 9999.0, 9999.0, 24.02, 9999.0, 22.43, 9999.0, 22.61, 22.45, 22.25, 22.25, 22.25
2026-08-23, 06:10:28, 22.25, 22.45, 22.75, 22.75, 9999.0, 9999.0, 9999.0, 23.98, 9999.0, 22.41, 9999.0, 22.61, 22.45, 22.25, 22.25, 22.25
2026-08-23, 06:10:32, 22.25, 22.45, 22.75, 22.75, 9999.0, 9999.0, 9999.0, 23.93, 9999.0, 22.39, 9999.0, 22.61, 22.45, 22.25, 22.25, 22.25
2026-08-23, 06:10:36, 22.25, 22.45, 22.75, 22.75, 9999.0, 9999.0, 9999.0, 23.89, 9999.0, 22.39, 9999.0, 22.64, 22.45, 22.25, 22.25, 22.25
2026-08-23, 06:10:40, 22.25, 22.45, 22.75, 22.75, 9999.0, 9999.0, 9999.0, 23.84, 9999.0, 22.39, 9999.0, 22.66, 22.45, 22.25, 22.25, 22.25
2026-08-23, 06:10:44, 22.25, 22.45, 22.75, 22.75, 9999.0, 9999.0, 9999.0, 23.8, 9999.0, 22.41, 9999.0, 22.68, 22.48, 22.25, 22.25, 22.25
2026-08-23, 06:10:48, 22.25, 22.45, 22.75, 22.75, 9999.0, 9999.0, 9999.0, 23.75, 9999.0, 22.45, 9999.0, 22.7, 22.48, 22.25, 22.25, 22.25
2026-08-23, 06:10:52, 22.25, 22.45, 22.75, 22.75, 9999.0, 9999.0, 9999.0, 23.7, 9999.0, 22.45, 9999.0, 22.73, 22.48, 22.25, 22.25, 22.25
2026-08-23, 06:10:56, 22.25, 22.45, 22.75, 22.75, 9999.0, 9999.0, 9999.0, 23.73, 9999.0, 22.48, 9999.0, 22.73, 22.48, 22.25, 22.25, 22.25
2026-08-23, 06:11:00, 22.25, 22.45, 22.75, 22.75, 9999.0, 9999.0, 9999.0, 23.77, 9999.0, 22.48, 9999.0, 22.7, 22.5, 22.25, 22.25, 22.25
2026-08-23, 06:11:04, 22.25, 22.45, 22.75, 22.75, 9999.0, 9999.0, 9999.0, 23.82, 9999.0, 22.48, 9999.0, 22.7, 22.5, 22.25, 22.25, 22.25
2026-08-23, 06:11:08, 22.25, 22.45, 22.75, 22.75, 9999.0, 9999.0, 9999.0, 23.82, 9999.0, 22.5, 9999.0, 22.68, 22.5, 22.25, 22.25, 22.25
2026-08-23, 06:11:12, 22.25, 22.45, 22.75, 22.75, 9999.0, 9999.0, 9999.0, 23.84, 9999.0, 22.52, 9999.0, 22.68, 22.5, 22.25, 22.25, 22.25
2026-08-23, 06:11:16, 22.25, 22.45, 22.75, 22.75, 9999.0, 9999.0, 9999.0, 23.86, 9999.0, 22.55, 9999.0, 22.68, 22.5, 22.25, 22.25, 22.25
2026-08-23, 06:11:20, 22.25, 22.45, 22.75, 22.75, 9999.0, 9999.0, 9999.0, 23.89, 9999.0, 22.55, 9999.0, 22.66, 22.5, 22.25, 22.25, 22.25
2026-08-23, 06:11:24, 22.25, 22.45, 22.75, 22.75, 9999.0, 9999.0, 9999.0, 23.91, 9999.0, 22.55, 9999.0, 22.64, 22.5, 22.25, 22.25, 22.25
2026-08-23, 06:11:28, 22.25, 22.45, 22.75, 22.75, 9999.0, 9999.0, 9999.0, 23.95, 9999.0, 22.5, 9999.0, 22.61, 22.48, 22.25, 22.25, 22.25
2026-08-23, 06:11:32, 22.25, 22.45, 22.75, 22.75, 9999.0, 9999.0, 9999.0, 23.98, 9999.0, 22.45, 9999.0, 22.61, 22.48, 22.25, 22.25, 22.25
2026-08-23, 06:11:36, 22.25, 22.48, 22.75, 22.75, 9999.0, 9999.0, 9999.0, 24.0, 9999.0, 22.43, 9999.0, 22.61, 22.48, 22.25, 22.25, 22.25
2026-08-23, 06:11:41, 22.25, 22.45, 22.75, 22.75, 9999.0, 9999.0, 9999.0, 23.95, 9999.0, 22.41, 9999.0, 22.64, 22.48, 22.25, 22.25, 22.25
2026-08-23, 06:11:45, 22.25, 22.45, 22.75, 22.75, 9999.0, 9999.0, 9999.0, 23.89, 9999.0, 22.39, 9999.0, 22.68, 22.48, 22.25, 22.25, 22.25
2026-08-23, 06:11:49, 22.25, 22.48, 22.75, 22.75, 9999.0, 9999.0, 9999.0, 23.82, 9999.0, 22.36, 9999.0, 22.68, 22.48, 22.25, 22.25, 22.25
2026-08-23, 06:11:53, 22.27, 22.48, 22.75, 22.75, 9999.0, 9999.0, 9999.0, 23.77, 9999.0, 22.36, 9999.0, 22.7, 22.48, 22.25, 22.25, 22.25
2026-08-23, 06:11:57, 22.27, 22.48, 22.75, 22.75, 9999.0, 9999.0, 9999.0, 23.73, 9999.0, 22.34, 9999.0, 22.7, 22.48, 22.25, 22.25, 22.25
2026-08-23, 06:12:01, 22.27, 22.48, 22.75, 22.75, 9999.0, 9999.0, 9999.0, 23.68, 9999.0, 22.32, 9999.0, 22.7, 22.48, 22.25, 22.25, 22.25
2026-08-23, 06:12:05, 22.27, 22.48, 22.75, 22.75, 9999.0, 9999.0, 9999.0, 23.64, 9999.0, 22.32, 9999.0, 22.73, 22.48, 22.25, 22.25, 22.25
2026-08-23, 06:12:09, 22.27, 22.48, 22.75, 22.75, 9999.0, 9999.0, 9999.0, 23.61, 9999.0, 22.32, 9999.0, 22.75, 22.48, 22.25, 22.25, 22.25
2026-08-23, 06:12:13, 22.27, 22.45, 22.75, 22.75, 9999.0, 9999.0, 9999.0, 23.64, 9999.0, 22.34, 9999.0, 22.77, 22.5, 22.25, 22.25, 22.25
2026-08-23, 06:12:17, 22.27, 22.45, 22.75, 22.75, 9999.0, 9999.0, 9999.0, 23.66, 9999.0, 22.36, 9999.0, 22.77, 22.5, 22.25, 22.25, 22.25
2026-08-23, 06:12:21, 22.27, 22.45, 22.75, 22.75, 9999.0, 9999.0, 9999.0, 23.7, 9999.0, 22.39, 9999.0, 22.77, 22.5, 22.25, 22.25, 22.25
2026-08-23, 06:12:25, 22.27, 22.48, 22.75, 22.75, 9999.0, 9999.0, 9999.0, 23.73, 9999.0, 22.41, 9999.0, 22.75, 22.5, 22.25, 22.25, 22.25
2026-08-23, 06:12:29, 22.27, 22.48, 22.75, 22.75, 9999.0, 9999.0, 9999.0, 23.77, 9999.0, 22.41, 9999.0, 22.73, 22.5, 22.25, 22.25, 22.25
2026-08-23, 06:12:33, 22.27, 22.48, 22.75, 22.75, 9999.0, 9999.0, 9999.0, 23.82, 9999.0, 22.43, 9999.0, 22.7, 22.5, 22.25, 22.25, 22.25
2026-08-23, 06:12:37, 22.25, 22.45, 22.75, 22.75, 9999.0, 9999.0, 9999.0, 23.86, 9999.0, 22.43, 9999.0, 22.68, 22.5, 22.25, 22.25, 22.25
2026-08-23, 06:12:41, 22.25, 22.45, 22.75, 22.75, 9999.0, 9999.0, 9999.0, 23.89, 9999.0, 22.45, 9999.0, 22.66, 22.48, 22.25, 22.25, 22.25
2026-08-23, 06:12:45, 22.25, 22.45, 22.75, 22.75, 9999.0, 9999.0, 9999.0, 23.93, 9999.0, 22.45, 9999.0, 22.64, 22.48, 22.25, 22.25, 22.25
2026-08-23, 06:12:49, 22.25, 22.45, 22.75, 22.75, 9999.0, 9999.0, 9999.0, 23.98, 9999.0, 22.43, 9999.0, 22.64, 22.48, 22.25, 22.25, 22.25
2026-08-23, 06:12:53, 22.25, 22.45, 22.75, 22.75, 9999.0, 9999.0, 9999.0, 24.02, 9999.0, 22.41, 9999.0, 22.64, 22.48, 22.25, 22.25, 22.25
2026-08-23, 06:12:57, 22.25, 22.48, 22.75, 22.75, 9999.0, 9999.0, 9999.0, 23.98, 9999.0, 22.39, 9999.0, 22.64, 22.45, 22.25, 22.25, 22.25
2026-08-23, 06:13:01, 22.25, 22.48, 22.75, 22.75, 9999.0, 9999.0, 9999.0, 23.95, 9999.0, 22.36, 9999.0, 22.64, 22.45, 22.25, 22.25, 22.25
2026-08-23, 06:13:05, 22.25, 22.48, 22.75, 22.75, 9999.0, 9999.0, 9999.0, 23.91, 9999.0, 22.34, 9999.0, 22.64, 22.45, 22.25, 22.25, 22.25
2026-08-23, 06:13:09, 22.25, 22.48, 22.75, 22.75, 9999.0, 9999.0, 9999.0, 23.89, 9999.0, 22.3, 9999.0, 22.66, 22.45, 22.25, 22.25, 22.25
2026-08-23, 06:13:13, 22.25, 22.48, 22.75, 22.75, 9999.0, 9999.0, 9999.0, 23.84, 9999.0, 22.32, 9999.0, 22.66, 22.45, 22.25, 22.25, 22.25
2026-08-23, 06:13:17, 22.25, 22.48, 22.75, 22.75, 9999.0, 9999.0, 9999.0, 23.8, 9999.0, 22.3, 9999.0, 22.68, 22.45, 22.25, 22.25, 22.25
2026-08-23, 06:13:21, 22.25, 22.5, 22.75, 22.75, 9999.0, 9999.0, 9999.0, 23.73, 9999.0, 22.3, 9999.0, 22.7, 22.45, 22.25, 22.25, 22.25
2026-08-23, 06:13:25, 22.25, 22.5, 22.75, 22.75, 9999.0, 9999.0, 9999.0, 23.68, 9999.0, 22.3, 9999.0, 22.73, 22.48, 22.25, 22.25, 22.25
2026-08-23, 06:13:29, 22.25, 22.5, 22.75, 22.75, 9999.0, 9999.0, 9999.0, 23.61, 9999.0, 22.32, 9999.0, 22.75, 22.48, 22.25, 22.25, 22.25
2026-08-23, 06:13:33, 22.25, 22.5, 22.75, 22.75, 9999.0, 9999.0, 9999.0, 23.64, 9999.0, 22.34, 9999.0, 22.75, 22.48, 22.25, 22.25, 22.25
2026-08-23, 06:13:37, 22.25, 22.5, 22.75, 22.75, 9999.0, 9999.0, 9999.0, 23.64, 9999.0, 22.34, 9999.0, 22.75, 22.48, 22.25, 22.25, 22.25
2026-08-23, 06:13:41, 22.25, 22.5, 22.75, 22.75, 9999.0, 9999.0, 9999.0, 23.66, 9999.0, 22.34, 9999.0, 22.75, 22.5, 22.25, 22.25, 22.25
2026-08-23, 06:13:45, 22.25, 22.48, 22.75, 22.75, 9999.0, 9999.0, 9999.0, 23.68, 9999.0, 22.34, 9999.0, 22.73, 22.5, 22.25, 22.25, 22.25
2026-08-23, 06:13:49, 22.25, 22.48, 22.75, 22.75, 9999.0, 9999.0, 9999.0, 23.7, 9999.0, 22.34, 9999.0, 22.7, 22.5, 22.25, 22.25, 22.25
2026-08-23, 06:13:53, 22.25, 22.48, 22.75, 22.75, 9999.0, 9999.0, 9999.0, 23.73, 9999.0, 22.36, 9999.0, 22.68, 22.5, 22.25, 22.25, 22.25
2026-08-23, 06:13:57, 22.25, 22.48, 22.75, 22.75, 9999.0, 9999.0, 9999.0, 23.75, 9999.0, 22.34, 9999.0, 22.66, 22.5, 22.25, 22.25, 22.25
2026-08-23, 06:14:01, 22.25, 22.48, 22.75, 22.75, 9999.0, 9999.0, 9999.0, 23.77, 9999.0, 22.34, 9999.0, 22.64, 22.5, 22.25, 22.25, 22.25
2026-08-23, 06:14:05, 22.25, 22.48, 22.75, 22.75, 9999.0, 9999.0, 9999.0, 23.82, 9999.0, 22.32, 9999.0, 22.61, 22.5, 22.25, 22.25, 22.25
2026-08-23, 06:14:09, 22.25, 22.48, 22.75, 22.75, 9999.0, 9999.0, 9999.0, 23.86, 9999.0, 22.3, 9999.0, 22.61, 22.5, 22.25, 22.25, 22.25
2026-08-23, 06:14:13, 22.25, 22.48, 22.75, 22.75, 9999.0, 9999.0, 9999.0, 23.91, 9999.0, 22.27, 9999.0, 22.61, 22.5, 22.23, 22.25, 22.25
2026-08-23, 06:14:17, 22.27, 22.48, 22.75, 22.75, 9999.0, 9999.0, 9999.0, 23.86, 9999.0, 22.25, 9999.0, 22.61, 22.5, 22.23, 22.25, 22.25
2026-08-23, 06:14:21, 22.27, 22.48, 22.75, 22.75, 9999.0, 9999.0, 9999.0, 23.82, 9999.0, 22.25, 9999.0, 22.64, 22.5, 22.23, 22.25, 22.25
2026-08-23, 06:14:25, 22.27, 22.48, 22.75, 22.75, 9999.0, 9999.0, 9999.0, 23.77, 9999.0, 22.25, 9999.0, 22.64, 22.5, 22.23, 22.25, 22.25
2026-08-23, 06:14:29, 22.3, 22.5, 22.75, 22.75, 9999.0, 9999.0, 9999.0, 23.73, 9999.0, 22.27, 9999.0, 22.66, 22.5, 22.23, 22.25, 22.25
2026-08-23, 06:14:33, 22.32, 22.5, 22.75, 22.75, 9999.0, 9999.0, 9999.0, 23.68, 9999.0, 22.3, 9999.0, 22.68, 22.5, 22.23, 22.25, 22.25
2026-08-23, 06:14:37, 22.32, 22.5, 22.75, 22.75, 9999.0, 9999.0, 9999.0, 23.61, 9999.0, 22.32, 9999.0, 22.7, 22.5, 22.23, 22.25, 22.25
2026-08-23, 06:14:41, 22.32, 22.5, 22.75, 22.75, 9999.0, 9999.0, 9999.0, 23.57, 9999.0, 22.34, 9999.0, 22.73, 22.5, 22.23, 22.25, 22.25
2026-08-23, 06:14:45, 22.32, 22.5, 22.75, 22.75, 9999.0, 9999.0, 9999.0, 23.52, 9999.0, 22.36, 9999.0, 22.75, 22.5, 22.23, 22.25, 22.25
2026-08-23, 06:14:49, 22.32, 22.5, 22.75, 22.75, 9999.0, 9999.0, 9999.0, 23.55, 9999.0, 22.39, 9999.0, 22.77, 22.5, 22.23, 22.25, 22.25
2026-08-23, 06:14:53, 22.32, 22.5, 22.75, 22.75, 9999.0, 9999.0, 9999.0, 23.57, 9999.0, 22.41, 9999.0, 22.77, 22.5, 22.23, 22.25, 22.25
2026-08-23, 06:14:57, 22.32, 22.5, 22.75, 22.75, 9999.0, 9999.0, 9999.0, 23.59, 9999.0, 22.43, 9999.0, 22.77, 22.5, 22.25, 22.25, 22.25
2026-08-23, 06:15:01, 22.3, 22.5, 22.75, 22.75, 9999.0, 9999.0, 9999.0, 23.61, 9999.0, 22.43, 9999.0, 22.77, 22.5, 22.25, 22.25, 22.25
2026-08-23, 06:15:05, 22.3, 22.5, 22.75, 22.75, 9999.0, 9999.0, 9999.0, 23.64, 9999.0, 22.43, 9999.0, 22.73, 22.5, 22.25, 22.25, 22.25
2026-08-23, 06:15:09, 22.3, 22.5, 22.75, 22.75, 9999.0, 9999.0, 9999.0, 23.66, 9999.0, 22.43, 9999.0, 22.73, 22.5, 22.25, 22.25, 22.25
2026-08-23, 06:15:13, 22.27, 22.5, 22.75, 22.75, 9999.0, 9999.0, 9999.0, 23.68, 9999.0, 22.41, 9999.0, 22.73, 22.5, 22.25, 22.25, 22.25
2026-08-23, 06:15:17, 22.25, 22.5, 22.75, 22.75, 9999.0, 9999.0, 9999.0, 23.7, 9999.0, 22.39, 9999.0, 22.7, 22.5, 22.25, 22.25, 22.25
2026-08-23, 06:15:22, 22.25, 22.5, 22.75, 22.75, 9999.0, 9999.0, 9999.0, 23.75, 9999.0, 22.36, 9999.0, 22.7, 22.5, 22.25, 22.25, 22.25
2026-08-23, 06:15:26, 22.25, 22.5, 22.75, 22.75, 9999.0, 9999.0, 9999.0, 23.8, 9999.0, 22.34, 9999.0, 22.7, 22.5, 22.25, 22.25, 22.25
2026-08-23, 06:15:30, 22.25, 22.48, 22.75, 22.75, 9999.0, 9999.0, 9999.0, 23.84, 9999.0, 22.32, 9999.0, 22.7, 22.5, 22.25, 22.25, 22.25
2026-08-23, 06:15:34, 22.25, 22.48, 22.75, 22.75, 9999.0, 9999.0, 9999.0, 23.82, 9999.0, 22.3, 9999.0, 22.7, 22.5, 22.25, 22.25, 22.25
2026-08-23, 06:15:38, 22.25, 22.48, 22.75, 22.75, 9999.0, 9999.0, 9999.0, 23.8, 9999.0, 22.25, 9999.0, 22.7, 22.5, 22.25, 22.25, 22.25
2026-08-23, 06:15:42, 22.25, 22.48, 22.75, 22.75, 9999.0, 9999.0, 9999.0, 23.75, 9999.0, 22.2, 9999.0, 22.7, 22.5, 22.25, 22.25, 22.25
2026-08-23, 06:15:46, 22.25, 22.48, 22.75, 22.75, 9999.0, 9999.0, 9999.0, 23.7, 9999.0, 22.2, 9999.0, 22.7, 22.5, 22.25, 22.25, 22.25
2026-08-23, 06:15:50, 22.25, 22.45, 22.75, 22.75, 9999.0, 9999.0, 9999.0, 23.68, 9999.0, 22.2, 9999.0, 22.73, 22.5, 22.25, 22.25, 22.25
2026-08-23, 06:15:54, 22.25, 22.45, 22.75, 22.75, 9999.0, 9999.0, 9999.0, 23.66, 9999.0, 22.23, 9999.0, 22.73, 22.5, 22.25, 22.25, 22.25
2026-08-23, 06:15:58, 22.27, 22.45, 22.75, 22.75, 9999.0, 9999.0, 9999.0, 23.64, 9999.0, 22.25, 9999.0, 22.73, 22.5, 22.25, 22.25, 22.25
2026-08-23, 06:16:02, 22.27, 22.45, 22.77, 22.75, 9999.0, 9999.0, 9999.0, 23.59, 9999.0, 22.27, 9999.0, 22.75, 22.5, 22.25, 22.25, 22.25
2026-08-23, 06:16:06, 22.27, 22.45, 22.77, 22.75, 9999.0, 9999.0, 9999.0, 23.64, 9999.0, 22.3, 9999.0, 22.75, 22.5, 22.25, 22.25, 22.25
2026-08-23, 06:16:10, 22.27, 22.45, 22.77, 22.75, 9999.0, 9999.0, 9999.0, 23.68, 9999.0, 22.32, 9999.0, 22.75, 22.5, 22.25, 22.25, 22.25
2026-08-23, 06:16:14, 22.27, 22.48, 22.77, 22.75, 9999.0, 9999.0, 9999.0, 23.7, 9999.0, 22.32, 9999.0, 22.75, 22.5, 22.25, 22.25, 22.25
2026-08-23, 06:16:18, 22.27, 22.48, 22.77, 22.75, 9999.0, 9999.0, 9999.0, 23.73, 9999.0, 22.32, 9999.0, 22.75, 22.5, 22.25, 22.25, 22.25
2026-08-23, 06:16:22, 22.3, 22.48, 22.77, 22.75, 9999.0, 9999.0, 9999.0, 23.75, 9999.0, 22.34, 9999.0, 22.75, 22.5, 22.25, 22.25, 22.25
2026-08-23, 06:16:26, 22.3, 22.48, 22.77, 22.75, 9999.0, 9999.0, 9999.0, 23.77, 9999.0, 22.36, 9999.0, 22.75, 22.5, 22.25, 22.25, 22.25
2026-08-23, 06:16:30, 22.3, 22.48, 22.77, 22.75, 9999.0, 9999.0, 9999.0, 23.8, 9999.0, 22.36, 9999.0, 22.73, 22.5, 22.25, 22.25, 22.25
2026-08-23, 06:16:34, 22.3, 22.5, 22.77, 22.75, 9999.0, 9999.0, 9999.0, 23.82, 9999.0, 22.36, 9999.0, 22.7, 22.5, 22.25, 22.25, 22.25
2026-08-23, 06:16:38, 22.3, 22.5, 22.77, 22.75, 9999.0, 9999.0, 9999.0, 23.84, 9999.0, 22.32, 9999.0, 22.68, 22.5, 22.25, 22.25, 22.25
2026-08-23, 06:16:42, 22.27, 22.5, 22.77, 22.75, 9999.0, 9999.0, 9999.0, 23.86, 9999.0, 22.3, 9999.0, 22.68, 22.5, 22.25, 22.25, 22.25
2026-08-23, 06:16:46, 22.27, 22.5, 22.75, 22.75, 9999.0, 9999.0, 9999.0, 23.91, 9999.0, 22.25, 9999.0, 22.68, 22.5, 22.25, 22.25, 22.25
2026-08-23, 06:16:50, 22.27, 22.5, 22.75, 22.75, 9999.0, 9999.0, 9999.0, 23.86, 9999.0, 22.23, 9999.0, 22.68, 22.5, 22.25, 22.25, 22.25
2026-08-23, 06:16:54, 22.27, 22.5, 22.75, 22.75, 9999.0, 9999.0, 9999.0, 23.8, 9999.0, 22.2, 9999.0, 22.7, 22.5, 22.25, 22.25, 22.25
2026-08-23, 06:16:58, 22.27, 22.5, 22.77, 22.75, 9999.0, 9999.0, 9999.0, 23.75, 9999.0, 22.2, 9999.0, 22.73, 22.5, 22.25, 22.25, 22.25
2026-08-23, 06:17:02, 22.27, 22.5, 22.77, 22.75, 9999.0, 9999.0, 9999.0, 23.7, 9999.0, 22.23, 9999.0, 22.73, 22.5, 22.25, 22.25, 22.25
2026-08-23, 06:17:06, 22.25, 22.5, 22.77, 22.75, 9999.0, 9999.0, 9999.0, 23.66, 9999.0, 22.25, 9999.0, 22.73, 22.5, 22.25, 22.25, 22.25
2026-08-23, 06:17:10, 22.25, 22.5, 22.77, 22.75, 9999.0, 9999.0, 9999.0, 23.64, 9999.0, 22.25, 9999.0, 22.73, 22.5, 22.25, 22.25, 22.25
2026-08-23, 06:17:14, 22.25, 22.5, 22.77, 22.75, 9999.0, 9999.0, 9999.0, 23.59, 9999.0, 22.27, 9999.0, 22.75, 22.5, 22.25, 22.25, 22.25
2026-08-23, 06:17:18, 22.25, 22.5, 22.77, 22.75, 9999.0, 9999.0, 9999.0, 23.55, 9999.0, 22.3, 9999.0, 22.77, 22.5, 22.25, 22.27, 22.25
2026-08-23, 06:17:22, 22.25, 22.5, 22.77, 22.75, 9999.0, 9999.0, 9999.0, 23.5, 9999.0, 22.34, 9999.0, 22.8, 22.5, 22.25, 22.27, 22.25
2026-08-23, 06:17:26, 22.25, 22.5, 22.77, 22.75, 9999.0, 9999.0, 9999.0, 23.52, 9999.0, 22.36, 9999.0, 22.8, 22.5, 22.25, 22.27, 22.25
2026-08-23, 06:17:30, 22.25, 22.5, 22.77, 22.75, 9999.0, 9999.0, 9999.0, 23.55, 9999.0, 22.39, 9999.0, 22.8, 22.5, 22.25, 22.27, 22.25
2026-08-23, 06:17:34, 22.25, 22.5, 22.77, 22.75, 9999.0, 9999.0, 9999.0, 23.57, 9999.0, 22.39, 9999.0, 22.8, 22.5, 22.25, 22.27, 22.25
2026-08-23, 06:17:38, 22.25, 22.5, 22.77, 22.75, 9999.0, 9999.0, 9999.0, 23.61, 9999.0, 22.39, 9999.0, 22.77, 22.5, 22.25, 22.27, 22.25
2026-08-23, 06:17:42, 22.27, 22.5, 22.75, 22.75, 9999.0, 9999.0, 9999.0, 23.64, 9999.0, 22.39, 9999.0, 22.75, 22.5, 22.25, 22.27, 22.25
2026-08-23, 06:17:46, 22.27, 22.5, 22.75, 22.75, 9999.0, 9999.0, 9999.0, 23.66, 9999.0, 22.39, 9999.0, 22.73, 22.5, 22.25, 22.27, 22.25
2026-08-23, 06:17:50, 22.27, 22.5, 22.75, 22.75, 9999.0, 9999.0, 9999.0, 23.68, 9999.0, 22.36, 9999.0, 22.7, 22.5, 22.25, 22.27, 22.25
2026-08-23, 06:17:54, 22.27, 22.5, 22.75, 22.75, 9999.0, 9999.0, 9999.0, 23.7, 9999.0, 22.36, 9999.0, 22.68, 22.5, 22.25, 22.27, 22.25
2026-08-23, 06:17:58, 22.27, 22.5, 22.75, 22.75, 9999.0, 9999.0, 9999.0, 23.75, 9999.0, 22.34, 9999.0, 22.66, 22.5, 22.25, 22.27, 22.25
2026-08-23, 06:18:02, 22.27, 22.5, 22.75, 22.75, 9999.0, 9999.0, 9999.0, 23.8, 9999.0, 22.32, 9999.0, 22.66, 22.5, 22.25, 22.25, 22.25
2026-08-23, 06:18:06, 22.27, 22.5, 22.75, 22.75, 9999.0, 9999.0, 9999.0, 23.82, 9999.0, 22.3, 9999.0, 22.66, 22.5, 22.25, 22.25, 22.25
2026-08-23, 06:18:10, 22.27, 22.5, 22.75, 22.75, 9999.0, 9999.0, 9999.0, 23.77, 9999.0, 22.27, 9999.0, 22.66, 22.5, 22.25, 22.25, 22.25
2026-08-23, 06:18:14, 22.27, 22.5, 22.75, 22.75, 9999.0, 9999.0, 9999.0, 23.73, 9999.0, 22.27, 9999.0, 22.68, 22.5, 22.25, 22.27, 22.25
2026-08-23, 06:18:18, 22.27, 22.5, 22.75, 22.75, 9999.0, 9999.0, 9999.0, 23.68, 9999.0, 22.27, 9999.0, 22.68, 22.5, 22.25, 22.27, 22.25
2026-08-23, 06:18:22, 22.3, 22.5, 22.75, 22.75, 9999.0, 9999.0, 9999.0, 23.64, 9999.0, 22.3, 9999.0, 22.68, 22.5, 22.25, 22.27, 22.25
2026-08-23, 06:18:26, 22.3, 22.5, 22.75, 22.77, 9999.0, 9999.0, 9999.0, 23.61, 9999.0, 22.3, 9999.0, 22.68, 22.5, 22.25, 22.27, 22.25
2026-08-23, 06:18:30, 22.3, 22.5, 22.75, 22.8, 9999.0, 9999.0, 9999.0, 23.59, 9999.0, 22.3, 9999.0, 22.7, 22.5, 22.25, 22.27, 22.25
2026-08-23, 06:18:34, 22.3, 22.5, 22.75, 22.8, 9999.0, 9999.0, 9999.0, 23.57, 9999.0, 22.32, 9999.0, 22.73, 22.5, 22.25, 22.27, 22.25
2026-08-23, 06:18:38, 22.3, 22.5, 22.75, 22.8, 9999.0, 9999.0, 9999.0, 23.52, 9999.0, 22.34, 9999.0, 22.75, 22.5, 22.25, 22.27, 22.25
2026-08-23, 06:18:42, 22.3, 22.5, 22.75, 22.8, 9999.0, 9999.0, 9999.0, 23.55, 9999.0, 22.36, 9999.0, 22.77, 22.5, 22.25, 22.27, 22.25
2026-08-23, 06:18:46, 22.3, 22.5, 22.75, 22.8, 9999.0, 9999.0, 9999.0, 23.57, 9999.0, 22.39, 9999.0, 22.77, 22.5, 22.25, 22.27, 22.25
2026-08-23, 06:18:50, 22.3, 22.5, 22.75, 22.8, 9999.0, 9999.0, 9999.0, 23.61, 9999.0, 22.39, 9999.0, 22.77, 22.5, 22.25, 22.27, 22.25
2026-08-23, 06:18:54, 22.32, 22.5, 22.75, 22.8, 9999.0, 9999.0, 9999.0, 23.66, 9999.0, 22.39, 9999.0, 22.77, 22.5, 22.25, 22.27, 22.25
2026-08-23, 06:18:58, 22.32, 22.5, 22.75, 22.8, 9999.0, 9999.0, 9999.0, 23.7, 9999.0, 22.39, 9999.0, 22.75, 22.5, 22.25, 22.25, 22.25
2026-08-23, 06:19:02, 22.32, 22.5, 22.75, 22.8, 9999.0, 9999.0, 9999.0, 23.73, 9999.0, 22.39, 9999.0, 22.75, 22.5, 22.25, 22.25, 22.25
2026-08-23, 06:19:06, 22.3, 22.5, 22.75, 22.8, 9999.0, 9999.0, 9999.0, 23.75, 9999.0, 22.36, 9999.0, 22.73, 22.5, 22.25, 22.25, 22.25
2026-08-23, 06:19:10, 22.27, 22.5, 22.75, 22.77, 9999.0, 9999.0, 9999.0, 23.75, 9999.0, 22.36, 9999.0, 22.7, 22.5, 22.25, 22.25, 22.25
2026-08-23, 06:19:15, 22.3, 22.5, 22.77, 22.75, 9999.0, 9999.0, 9999.0, 23.77, 9999.0, 22.36, 9999.0, 22.68, 22.5, 22.25, 22.25, 22.25
2026-08-23, 06:19:19, 22.3, 22.5, 22.8, 22.75, 9999.0, 9999.0, 9999.0, 23.8, 9999.0, 22.36, 9999.0, 22.68, 22.5, 22.25, 22.25, 22.25
2026-08-23, 06:19:23, 22.3, 22.5, 22.8, 22.75, 9999.0, 9999.0, 9999.0, 23.84, 9999.0, 22.36, 9999.0, 22.68, 22.5, 22.25, 22.25, 22.25
2026-08-23, 06:19:27, 22.3, 22.5, 22.8, 22.75, 9999.0, 9999.0, 9999.0, 23.82, 9999.0, 22.34, 9999.0, 22.68, 22.5, 22.25, 22.25, 22.25
2026-08-23, 06:19:31, 22.3, 22.5, 22.8, 22.75, 9999.0, 9999.0, 9999.0, 23.8, 9999.0, 22.32, 9999.0, 22.7, 22.5, 22.25, 22.25, 22.25
2026-08-23, 06:19:35, 22.32, 22.5, 22.8, 22.77, 9999.0, 9999.0, 9999.0, 23.77, 9999.0, 22.32, 9999.0, 22.73, 22.5, 22.25, 22.25, 22.25
2026-08-23, 06:19:39, 22.32, 22.5, 22.8, 22.77, 9999.0, 9999.0, 9999.0, 23.75, 9999.0, 22.34, 9999.0, 22.73, 22.5, 22.25, 22.25, 22.25
2026-08-23, 06:19:43, 22.34, 22.5, 22.8, 22.77, 9999.0, 9999.0, 9999.0, 23.7, 9999.0, 22.36, 9999.0, 22.73, 22.5, 22.25, 22.25, 22.25
2026-08-23, 06:19:47, 22.34, 22.5, 22.82, 22.8, 9999.0, 9999.0, 9999.0, 23.68, 9999.0, 22.36, 9999.0, 22.73, 22.5, 22.25, 22.25, 22.25
2026-08-23, 06:19:51, 22.34, 22.5, 22.84, 22.8, 9999.0, 9999.0, 9999.0, 23.66, 9999.0, 22.41, 9999.0, 22.75, 22.5, 22.25, 22.25, 22.25
2026-08-23, 06:19:55, 22.34, 22.5, 22.84, 22.8, 9999.0, 9999.0, 9999.0, 23.66, 9999.0, 22.43, 9999.0, 22.77, 22.5, 22.25, 22.25, 22.25
2026-08-23, 06:19:59, 22.32, 22.5, 22.82, 22.8, 9999.0, 9999.0, 9999.0, 23.7, 9999.0, 22.43, 9999.0, 22.8, 22.5, 22.25, 22.25, 22.25
2026-08-23, 06:20:03, 22.32, 22.5, 22.8, 22.8, 9999.0, 9999.0, 9999.0, 23.75, 9999.0, 22.43, 9999.0, 22.8, 22.5, 22.25, 22.25, 22.25
2026-08-23, 06:20:07, 22.32, 22.5, 22.8, 22.8, 9999.0, 9999.0, 9999.0, 23.8, 9999.0, 22.43, 9999.0, 22.8, 22.5, 22.25, 22.25, 22.25
2026-08-23, 06:20:11, 22.32, 22.5, 22.82, 22.8, 9999.0, 9999.0, 9999.0, 23.82, 9999.0, 22.45, 9999.0, 22.8, 22.5, 22.25, 22.25, 22.25
2026-08-23, 06:20:15, 22.32, 22.5, 22.84, 22.8, 9999.0, 9999.0, 9999.0, 23.84, 9999.0, 22.48, 9999.0, 22.77, 22.5, 22.25, 22.25, 22.25
2026-08-23, 06:20:19, 22.3, 22.5, 22.86, 22.77, 9999.0, 9999.0, 9999.0, 23.86, 9999.0, 22.5, 9999.0, 22.73, 22.5, 22.25, 22.25, 22.25
2026-08-23, 06:20:23, 22.27, 22.5, 22.89, 22.8, 9999.0, 9999.0, 9999.0, 23.86, 9999.0, 22.5, 9999.0, 22.7, 22.5, 22.25, 22.25, 22.25
2026-08-23, 06:20:27, 22.25, 22.5, 22.89, 22.8, 9999.0, 9999.0, 9999.0, 23.91, 9999.0, 22.5, 9999.0, 22.68, 22.5, 22.25, 22.25, 22.25
2026-08-23, 06:20:31, 22.25, 22.5, 22.89, 22.77, 9999.0, 9999.0, 9999.0, 23.95, 9999.0, 22.52, 9999.0, 22.68, 22.5, 22.25, 22.25, 22.25
2026-08-23, 06:20:35, 22.25, 22.48, 22.89, 22.77, 9999.0, 9999.0, 9999.0, 24.0, 9999.0, 22.5, 9999.0, 22.68, 22.5, 22.25, 22.25, 22.25
2026-08-23, 06:20:39, 22.25, 22.48, 22.89, 22.77, 9999.0, 9999.0, 9999.0, 24.02, 9999.0, 22.5, 9999.0, 22.68, 22.48, 22.25, 22.25, 22.25
2026-08-23, 06:20:43, 22.27, 22.48, 22.91, 22.77, 9999.0, 9999.0, 9999.0, 23.98, 9999.0, 22.5, 9999.0, 22.68, 22.48, 22.25, 22.25, 22.25
2026-08-23, 06:20:47, 22.27, 22.48, 22.91, 22.77, 9999.0, 9999.0, 9999.0, 23.93, 9999.0, 22.5, 9999.0, 22.68, 22.48, 22.25, 22.25, 22.25
2026-08-23, 06:20:51, 22.27, 22.48, 22.91, 22.77, 9999.0, 9999.0, 9999.0, 23.89, 9999.0, 22.5, 9999.0, 22.68, 22.48, 22.25, 22.25, 22.25
2026-08-23, 06:20:55, 22.3, 22.48, 22.89, 22.77, 9999.0, 9999.0, 9999.0, 23.86, 9999.0, 22.5, 9999.0, 22.68, 22.48, 22.25, 22.25, 22.25
2026-08-23, 06:20:59, 22.3, 22.48, 22.86, 22.77, 9999.0, 9999.0, 9999.0, 23.84, 9999.0, 22.52, 9999.0, 22.68, 22.48, 22.25, 22.25, 22.25
2026-08-23, 06:21:03, 22.3, 22.48, 22.84, 22.77, 9999.0, 9999.0, 9999.0, 23.8, 9999.0, 22.55, 9999.0, 22.7, 22.48, 22.25, 22.25, 22.25
2026-08-23, 06:21:07, 22.32, 22.48, 22.82, 22.75, 9999.0, 9999.0, 9999.0, 23.8, 9999.0, 22.57, 9999.0, 22.73, 22.48, 22.25, 22.25, 22.25
2026-08-23, 06:21:11, 22.32, 22.48, 22.82, 22.75, 9999.0, 9999.0, 9999.0, 23.75, 9999.0, 22.59, 9999.0, 22.75, 22.48, 22.25, 22.25, 22.25
2026-08-23, 06:21:15, 22.32, 22.48, 22.8, 22.75, 9999.0, 9999.0, 9999.0, 23.7, 9999.0, 22.61, 9999.0, 22.75, 22.48, 22.25, 22.25, 22.25
2026-08-23, 06:21:19, 22.32, 22.5, 22.77, 22.75, 9999.0, 9999.0, 9999.0, 23.73, 9999.0, 22.64, 9999.0, 22.73, 22.48, 22.25, 22.25, 22.25
2026-08-23, 06:21:23, 22.32, 22.5, 22.77, 22.75, 9999.0, 9999.0, 9999.0, 23.77, 9999.0, 22.66, 9999.0, 22.73, 22.5, 22.25, 22.25, 22.25
2026-08-23, 06:21:27, 22.32, 22.5, 22.75, 22.75, 9999.0, 9999.0, 9999.0, 23.8, 9999.0, 22.68, 9999.0, 22.73, 22.5, 22.25, 22.25, 22.25
2026-08-23, 06:21:31, 22.32, 22.5, 22.77, 22.75, 9999.0, 9999.0, 9999.0, 23.82, 9999.0, 22.68, 9999.0, 22.73, 22.5, 22.25, 22.25, 22.25
2026-08-23, 06:21:35, 22.32, 22.5, 22.77, 22.75, 9999.0, 9999.0, 9999.0, 23.84, 9999.0, 22.68, 9999.0, 22.73, 22.5, 22.25, 22.25, 22.25
2026-08-23, 06:21:39, 22.3, 22.5, 22.77, 22.75, 9999.0, 9999.0, 9999.0, 23.86, 9999.0, 22.68, 9999.0, 22.7, 22.5, 22.25, 22.25, 22.25
2026-08-23, 06:21:43, 22.3, 22.5, 22.77, 22.75, 9999.0, 9999.0, 9999.0, 23.89, 9999.0, 22.66, 9999.0, 22.68, 22.5, 22.25, 22.25, 22.25
2026-08-23, 06:21:47, 22.3, 22.5, 22.77, 22.75, 9999.0, 9999.0, 9999.0, 23.93, 9999.0, 22.64, 9999.0, 22.66, 22.5, 22.25, 22.25, 22.25
2026-08-23, 06:21:51, 22.3, 22.5, 22.77, 22.75, 9999.0, 9999.0, 9999.0, 23.95, 9999.0, 22.61, 9999.0, 22.64, 22.5, 22.25, 22.25, 22.25
2026-08-23, 06:21:55, 22.3, 22.5, 22.77, 22.75, 9999.0, 9999.0, 9999.0, 23.98, 9999.0, 22.59, 9999.0, 22.64, 22.5, 22.25, 22.25, 22.25
2026-08-23, 06:21:59, 22.3, 22.5, 22.8, 22.75, 9999.0, 9999.0, 9999.0, 24.0, 9999.0, 22.57, 9999.0, 22.64, 22.5, 22.25, 22.25, 22.25
2026-08-23, 06:22:03, 22.32, 22.5, 22.82, 22.75, 9999.0, 9999.0, 9999.0, 23.95, 9999.0, 22.55, 9999.0, 22.66, 22.5, 22.25, 22.25, 22.25
2026-08-23, 06:22:07, 22.32, 22.5, 22.82, 22.75, 9999.0, 9999.0, 9999.0, 23.91, 9999.0, 22.52, 9999.0, 22.68, 22.5, 22.25, 22.25, 22.25
2026-08-23, 06:22:11, 22.3, 22.5, 22.82, 22.75, 9999.0, 9999.0, 9999.0, 23.89, 9999.0, 22.5, 9999.0, 22.68, 22.5, 22.25, 22.25, 22.25
2026-08-23, 06:22:15, 22.3, 22.5, 22.8, 22.75, 9999.0, 9999.0, 9999.0, 23.86, 9999.0, 22.52, 9999.0, 22.68, 22.5, 22.25, 22.25, 22.25
2026-08-23, 06:22:19, 22.3, 22.5, 22.8, 22.75, 9999.0, 9999.0, 9999.0, 23.84, 9999.0, 22.52, 9999.0, 22.68, 22.5, 22.25, 22.25, 22.25
2026-08-23, 06:22:23, 22.3, 22.48, 22.8, 22.75, 9999.0, 9999.0, 9999.0, 23.82, 9999.0, 22.55, 9999.0, 22.7, 22.5, 22.25, 22.25, 22.25
2026-08-23, 06:22:27, 22.3, 22.48, 22.8, 22.75, 9999.0, 9999.0, 9999.0, 23.77, 9999.0, 22.57, 9999.0, 22.73, 22.5, 22.25, 22.25, 22.25
2026-08-23, 06:22:31, 22.3, 22.48, 22.8, 22.75, 9999.0, 9999.0, 9999.0, 23.73, 9999.0, 22.59, 9999.0, 22.75, 22.5, 22.25, 22.25, 22.25
2026-08-23, 06:22:35, 22.27, 22.48, 22.82, 22.75, 9999.0, 9999.0, 9999.0, 23.75, 9999.0, 22.61, 9999.0, 22.77, 22.5, 22.25, 22.25, 22.25
2026-08-23, 06:22:39, 22.27, 22.48, 22.84, 22.75, 9999.0, 9999.0, 9999.0, 23.8, 9999.0, 22.64, 9999.0, 22.77, 22.5, 22.25, 22.25, 22.25
2026-08-23, 06:22:43, 22.27, 22.48, 22.82, 22.75, 9999.0, 9999.0, 9999.0, 23.84, 9999.0, 22.66, 9999.0, 22.75, 22.5, 22.25, 22.25, 22.25
2026-08-23, 06:22:47, 22.25, 22.48, 22.8, 22.75, 9999.0, 9999.0, 9999.0, 23.89, 9999.0, 22.66, 9999.0, 22.73, 22.5, 22.25, 22.25, 22.25
2026-08-23, 06:22:51, 22.25, 22.48, 22.8, 22.75, 9999.0, 9999.0, 9999.0, 23.91, 9999.0, 22.66, 9999.0, 22.7, 22.5, 22.25, 22.25, 22.25
2026-08-23, 06:22:55, 22.27, 22.48, 22.8, 22.75, 9999.0, 9999.0, 9999.0, 23.93, 9999.0, 22.66, 9999.0, 22.68, 22.5, 22.25, 22.25, 22.25
2026-08-23, 06:23:00, 22.27, 22.48, 22.8, 22.75, 9999.0, 9999.0, 9999.0, 23.95, 9999.0, 22.64, 9999.0, 22.66, 22.5, 22.25, 22.25, 22.25
2026-08-23, 06:23:04, 22.27, 22.48, 22.8, 22.75, 9999.0, 9999.0, 9999.0, 23.98, 9999.0, 22.64, 9999.0, 22.66, 22.5, 22.25, 22.25, 22.25
2026-08-23, 06:23:08, 22.27, 22.5, 22.8, 22.75, 9999.0, 9999.0, 9999.0, 24.0, 9999.0, 22.64, 9999.0, 22.64, 22.5, 22.25, 22.25, 22.25
2026-08-23, 06:23:12, 22.27, 22.48, 22.8, 22.75, 9999.0, 9999.0, 9999.0, 24.05, 9999.0, 22.61, 9999.0, 22.64, 22.5, 22.25, 22.25, 22.25
2026-08-23, 06:23:16, 22.27, 22.48, 22.82, 22.75, 9999.0, 9999.0, 9999.0, 24.09, 9999.0, 22.59, 9999.0, 22.64, 22.5, 22.25, 22.25, 22.25
2026-08-23, 06:23:20, 22.27, 22.48, 22.8, 22.75, 9999.0, 9999.0, 9999.0, 24.07, 9999.0, 22.57, 9999.0, 22.64, 22.5, 22.25, 22.25, 22.25
2026-08-23, 06:23:24, 22.3, 22.45, 22.77, 22.75, 9999.0, 9999.0, 9999.0, 24.02, 9999.0, 22.55, 9999.0, 22.66, 22.5, 22.25, 22.25, 22.25
2026-08-23, 06:23:28, 22.3, 22.45, 22.8, 22.75, 9999.0, 9999.0, 9999.0, 23.98, 9999.0, 22.52, 9999.0, 22.68, 22.5, 22.25, 22.25, 22.25
2026-08-23, 06:23:32, 22.3, 22.45, 22.8, 22.75, 9999.0, 9999.0, 9999.0, 23.93, 9999.0, 22.55, 9999.0, 22.7, 22.5, 22.25, 22.25, 22.25
2026-08-23, 06:23:36, 22.3, 22.45, 22.8, 22.75, 9999.0, 9999.0, 9999.0, 23.91, 9999.0, 22.57, 9999.0, 22.7, 22.5, 22.25, 22.25, 22.25
2026-08-23, 06:23:40, 22.3, 22.45, 22.8, 22.75, 9999.0, 9999.0, 9999.0, 23.89, 9999.0, 22.59, 9999.0, 22.73, 22.5, 22.25, 22.25, 22.25
2026-08-23, 06:23:44, 22.3, 22.45, 22.8, 22.75, 9999.0, 9999.0, 9999.0, 23.86, 9999.0, 22.61, 9999.0, 22.75, 22.5, 22.25, 22.27, 22.25
2026-08-23, 06:23:48, 22.3, 22.45, 22.8, 22.75, 9999.0, 9999.0, 9999.0, 23.82, 9999.0, 22.64, 9999.0, 22.75, 22.5, 22.25, 22.27, 22.25
2026-08-23, 06:23:52, 22.3, 22.45, 22.8, 22.75, 9999.0, 9999.0, 9999.0, 23.86, 9999.0, 22.64, 9999.0, 22.77, 22.5, 22.25, 22.27, 22.25
2026-08-23, 06:23:56, 22.3, 22.48, 22.8, 22.75, 9999.0, 9999.0, 9999.0, 23.89, 9999.0, 22.66, 9999.0, 22.75, 22.5, 22.25, 22.27, 22.25
2026-08-23, 06:24:00, 22.3, 22.48, 22.77, 22.75, 9999.0, 9999.0, 9999.0, 23.91, 9999.0, 22.68, 9999.0, 22.73, 22.5, 22.25, 22.27, 22.25
2026-08-23, 06:24:04, 22.3, 22.48, 22.77, 22.75, 9999.0, 9999.0, 9999.0, 23.93, 9999.0, 22.7, 9999.0, 22.73, 22.5, 22.25, 22.27, 22.25
2026-08-23, 06:24:08, 22.27, 22.5, 22.77, 22.75, 9999.0, 9999.0, 9999.0, 23.98, 9999.0, 22.73, 9999.0, 22.7, 22.5, 22.25, 22.27, 22.25
2026-08-23, 06:24:12, 22.3, 22.5, 22.75, 22.75, 9999.0, 9999.0, 9999.0, 24.02, 9999.0, 22.73, 9999.0, 22.7, 22.5, 22.25, 22.27, 22.25
2026-08-23, 06:24:16, 22.3, 22.5, 22.77, 22.75, 9999.0, 9999.0, 9999.0, 24.05, 9999.0, 22.73, 9999.0, 22.68, 22.5, 22.25, 22.27, 22.25
2026-08-23, 06:24:20, 22.3, 22.5, 22.77, 22.75, 9999.0, 9999.0, 9999.0, 24.07, 9999.0, 22.7, 9999.0, 22.66, 22.5, 22.25, 22.27, 22.25
2026-08-23, 06:24:24, 22.27, 22.5, 22.77, 22.75, 9999.0, 9999.0, 9999.0, 24.09, 9999.0, 22.68, 9999.0, 22.64, 22.5, 22.25, 22.27, 22.25
2026-08-23, 06:24:28, 22.27, 22.5, 22.77, 22.75, 9999.0, 9999.0, 9999.0, 24.11, 9999.0, 22.66, 9999.0, 22.61, 22.5, 22.25, 22.25, 22.25
2026-08-23, 06:24:32, 22.27, 22.5, 22.8, 22.75, 9999.0, 9999.0, 9999.0, 24.16, 9999.0, 22.66, 9999.0, 22.61, 22.5, 22.25, 22.25, 22.25
2026-08-23, 06:24:36, 22.27, 22.5, 22.8, 22.75, 9999.0, 9999.0, 9999.0, 24.11, 9999.0, 22.64, 9999.0, 22.61, 22.5, 22.25, 22.25, 22.25
2026-08-23, 06:24:40, 22.3, 22.5, 22.8, 22.75, 9999.0, 9999.0, 9999.0, 24.09, 9999.0, 22.61, 9999.0, 22.64, 22.5, 22.25, 22.25, 22.25
2026-08-23, 06:24:44, 22.3, 22.5, 22.8, 22.75, 9999.0, 9999.0, 9999.0, 24.05, 9999.0, 22.59, 9999.0, 22.66, 22.5, 22.25, 22.25, 22.25
2026-08-23, 06:24:48, 22.3, 22.5, 22.8, 22.75, 9999.0, 9999.0, 9999.0, 24.0, 9999.0, 22.57, 9999.0, 22.66, 22.5, 22.25, 22.25, 22.25
2026-08-23, 06:24:52, 22.3, 22.5, 22.8, 22.75, 9999.0, 9999.0, 9999.0, 23.95, 9999.0, 22.57, 9999.0, 22.66, 22.5, 22.25, 22.25, 22.25
2026-08-23, 06:24:56, 22.3, 22.5, 22.8, 22.77, 9999.0, 9999.0, 9999.0, 23.91, 9999.0, 22.59, 9999.0, 22.66, 22.5, 22.25, 22.25, 22.25
2026-08-23, 06:25:00, 22.3, 22.5, 22.77, 22.77, 9999.0, 9999.0, 9999.0, 23.86, 9999.0, 22.59, 9999.0, 22.68, 22.5, 22.25, 22.25, 22.25
2026-08-23, 06:25:04, 22.3, 22.5, 22.77, 22.77, 9999.0, 9999.0, 9999.0, 23.84, 9999.0, 22.61, 9999.0, 22.7, 22.5, 22.25, 22.25, 22.25
2026-08-23, 06:25:08, 22.3, 22.5, 22.77, 22.77, 9999.0, 9999.0, 9999.0, 23.8, 9999.0, 22.66, 9999.0, 22.73, 22.5, 22.23, 22.25, 22.25
2026-08-23, 06:25:12, 22.3, 22.5, 22.77, 22.77, 9999.0, 9999.0, 9999.0, 23.82, 9999.0, 22.68, 9999.0, 22.75, 22.5, 22.23, 22.25, 22.25
2026-08-23, 06:25:16, 22.3, 22.5, 22.75, 22.77, 9999.0, 9999.0, 9999.0, 23.84, 9999.0, 22.68, 9999.0, 22.75, 22.5, 22.23, 22.25, 22.25
2026-08-23, 06:25:20, 22.3, 22.5, 22.75, 22.77, 9999.0, 9999.0, 9999.0, 23.86, 9999.0, 22.7, 9999.0, 22.75, 22.5, 22.23, 22.25, 22.25
2026-08-23, 06:25:24, 22.27, 22.5, 22.75, 22.77, 9999.0, 9999.0, 9999.0, 23.89, 9999.0, 22.73, 9999.0, 22.75, 22.5, 22.23, 22.25, 22.25
2026-08-23, 06:25:28, 22.27, 22.48, 22.75, 22.77, 9999.0, 9999.0, 9999.0, 23.93, 9999.0, 22.75, 9999.0, 22.73, 22.5, 22.23, 22.25, 22.25
2026-08-23, 06:25:32, 22.27, 22.48, 22.75, 22.77, 9999.0, 9999.0, 9999.0, 23.95, 9999.0, 22.77, 9999.0, 22.7, 22.48, 22.23, 22.25, 22.25
2026-08-23, 06:25:36, 22.27, 22.48, 22.75, 22.77, 9999.0, 9999.0, 9999.0, 23.98, 9999.0, 22.77, 9999.0, 22.68, 22.48, 22.23, 22.25, 22.25
2026-08-23, 06:25:40, 22.25, 22.48, 22.75, 22.75, 9999.0, 9999.0, 9999.0, 24.0, 9999.0, 22.75, 9999.0, 22.66, 22.48, 22.23, 22.25, 22.25
2026-08-23, 06:25:44, 22.25, 22.48, 22.75, 22.75, 9999.0, 9999.0, 9999.0, 24.05, 9999.0, 22.73, 9999.0, 22.64, 22.48, 22.23, 22.25, 22.25
2026-08-23, 06:25:48, 22.25, 22.45, 22.75, 22.75, 9999.0, 9999.0, 9999.0, 24.07, 9999.0, 22.7, 9999.0, 22.64, 22.48, 22.23, 22.25, 22.25
2026-08-23, 06:25:52, 22.25, 22.45, 22.75, 22.75, 9999.0, 9999.0, 9999.0, 24.11, 9999.0, 22.68, 9999.0, 22.64, 22.48, 22.25, 22.25, 22.25
2026-08-23, 06:25:56, 22.25, 22.45, 22.75, 22.75, 9999.0, 9999.0, 9999.0, 24.09, 9999.0, 22.66, 9999.0, 22.64, 22.48, 22.25, 22.25, 22.25
2026-08-23, 06:26:00, 22.25, 22.45, 22.75, 22.75, 9999.0, 9999.0, 9999.0, 24.05, 9999.0, 22.64, 9999.0, 22.64, 22.48, 22.25, 22.25, 22.25
2026-08-23, 06:26:04, 22.25, 22.45, 22.75, 22.75, 9999.0, 9999.0, 9999.0, 24.0, 9999.0, 22.61, 9999.0, 22.64, 22.48, 22.25, 22.25, 22.25
2026-08-23, 06:26:08, 22.25, 22.45, 22.75, 22.75, 9999.0, 9999.0, 9999.0, 23.95, 9999.0, 22.61, 9999.0, 22.64, 22.48, 22.25, 22.25, 22.25
2026-08-23, 06:26:12, 22.25, 22.48, 22.75, 22.75, 9999.0, 9999.0, 9999.0, 23.91, 9999.0, 22.61, 9999.0, 22.66, 22.48, 22.25, 22.25, 22.25
2026-08-23, 06:26:16, 22.25, 22.48, 22.75, 22.75, 9999.0, 9999.0, 9999.0, 23.89, 9999.0, 22.61, 9999.0, 22.68, 22.5, 22.25, 22.25, 22.25
2026-08-23, 06:26:20, 22.25, 22.48, 22.75, 22.75, 9999.0, 9999.0, 9999.0, 23.84, 9999.0, 22.64, 9999.0, 22.7, 22.5, 22.25, 22.25, 22.25
2026-08-23, 06:26:24, 22.25, 22.48, 22.75, 22.75, 9999.0, 9999.0, 9999.0, 23.8, 9999.0, 22.68, 9999.0, 22.73, 22.5, 22.25, 22.25, 22.25
2026-08-23, 06:26:28, 22.25, 22.48, 22.75, 22.75, 9999.0, 9999.0, 9999.0, 23.84, 9999.0, 22.73, 9999.0, 22.73, 22.5, 22.25, 22.25, 22.25
2026-08-23, 06:26:32, 22.25, 22.48, 22.75, 22.75, 9999.0, 9999.0, 9999.0, 23.89, 9999.0, 22.75, 9999.0, 22.73, 22.5, 22.25, 22.25, 22.25
2026-08-23, 06:26:36, 22.25, 22.48, 22.75, 22.75, 9999.0, 9999.0, 9999.0, 23.91, 9999.0, 22.75, 9999.0, 22.7, 22.5, 22.25, 22.25, 22.25
2026-08-23, 06:26:40, 22.25, 22.48, 22.75, 22.75, 9999.0, 9999.0, 9999.0, 23.93, 9999.0, 22.77, 9999.0, 22.68, 22.5, 22.25, 22.25, 22.25
2026-08-23, 06:26:44, 22.25, 22.48, 22.75, 22.75, 9999.0, 9999.0, 9999.0, 23.98, 9999.0, 22.8, 9999.0, 22.66, 22.5, 22.25, 22.25, 22.25
2026-08-23, 06:26:48, 22.25, 22.45, 22.75, 22.75, 9999.0, 9999.0, 9999.0, 24.0, 9999.0, 22.82, 9999.0, 22.66, 22.5, 22.25, 22.25, 22.25
2026-08-23, 06:26:53, 22.25, 22.45, 22.75, 22.75, 9999.0, 9999.0, 9999.0, 24.02, 9999.0, 22.82, 9999.0, 22.64, 22.5, 22.25, 22.25, 22.25
2026-08-23, 06:26:57, 22.25, 22.45, 22.75, 22.75, 9999.0, 9999.0, 9999.0, 24.05, 9999.0, 22.82, 9999.0, 22.61, 22.5, 22.25, 22.25, 22.25
2026-08-23, 06:27:01, 22.25, 22.45, 22.75, 22.75, 9999.0, 9999.0, 9999.0, 24.07, 9999.0, 22.82, 9999.0, 22.59, 22.5, 22.25, 22.25, 22.25
2026-08-23, 06:27:05, 22.25, 22.45, 22.75, 22.75, 9999.0, 9999.0, 9999.0, 24.11, 9999.0, 22.8, 9999.0, 22.59, 22.5, 22.25, 22.25, 22.25
2026-08-23, 06:27:09, 22.25, 22.45, 22.75, 22.75, 9999.0, 9999.0, 9999.0, 24.16, 9999.0, 22.77, 9999.0, 22.57, 22.5, 22.25, 22.25, 22.25
2026-08-23, 06:27:13, 22.25, 22.45, 22.75, 22.75, 9999.0, 9999.0, 9999.0, 24.11, 9999.0, 22.73, 9999.0, 22.59, 22.5, 22.25, 22.25, 22.25
2026-08-23, 06:27:17, 22.25, 22.48, 22.75, 22.75, 9999.0, 9999.0, 9999.0, 24.07, 9999.0, 22.7, 9999.0, 22.59, 22.5, 22.25, 22.25, 22.25
2026-08-23, 06:27:21, 22.25, 22.48, 22.75, 22.75, 9999.0, 9999.0, 9999.0, 24.05, 9999.0, 22.68, 9999.0, 22.61, 22.5, 22.25, 22.25, 22.25
2026-08-23, 06:27:25, 22.25, 22.48, 22.75, 22.75, 9999.0, 9999.0, 9999.0, 24.0, 9999.0, 22.68, 9999.0, 22.64, 22.5, 22.25, 22.25, 22.25
2026-08-23, 06:27:29, 22.25, 22.48, 22.75, 22.75, 9999.0, 9999.0, 9999.0, 23.95, 9999.0, 22.68, 9999.0, 22.66, 22.5, 22.25, 22.25, 22.25
2026-08-23, 06:27:33, 22.25, 22.5, 22.75, 22.75, 9999.0, 9999.0, 9999.0, 23.93, 9999.0, 22.68, 9999.0, 22.66, 22.5, 22.25, 22.25, 22.25
2026-08-23, 06:27:37, 22.25, 22.5, 22.75, 22.75, 9999.0, 9999.0, 9999.0, 23.91, 9999.0, 22.7, 9999.0, 22.68, 22.5, 22.25, 22.25, 22.25
2026-08-23, 06:27:41, 22.25, 22.48, 22.75, 22.75, 9999.0, 9999.0, 9999.0, 23.89, 9999.0, 22.73, 9999.0, 22.7, 22.5, 22.25, 22.25, 22.25
2026-08-23, 06:27:45, 22.25, 22.48, 22.75, 22.73, 9999.0, 9999.0, 9999.0, 23.86, 9999.0, 22.75, 9999.0, 22.7, 22.5, 22.25, 22.25, 22.25
2026-08-23, 06:27:49, 22.25, 22.45, 22.75, 22.73, 9999.0, 9999.0, 9999.0, 23.91, 9999.0, 22.75, 9999.0, 22.7, 22.5, 22.25, 22.25, 22.25
2026-08-23, 06:27:53, 22.25, 22.45, 22.75, 22.73, 9999.0, 9999.0, 9999.0, 23.93, 9999.0, 22.75, 9999.0, 22.7, 22.5, 22.25, 22.25, 22.25
2026-08-23, 06:27:57, 22.25, 22.45, 22.75, 22.73, 9999.0, 9999.0, 9999.0, 23.95, 9999.0, 22.77, 9999.0, 22.7, 22.5, 22.23, 22.25, 22.25
2026-08-23, 06:28:01, 22.25, 22.45, 22.75, 22.73, 9999.0, 9999.0, 9999.0, 23.98, 9999.0, 22.8, 9999.0, 22.68, 22.5, 22.23, 22.25, 22.25
2026-08-23, 06:28:05, 22.25, 22.45, 22.75, 22.73, 9999.0, 9999.0, 9999.0, 24.0, 9999.0, 22.82, 9999.0, 22.66, 22.5, 22.23, 22.25, 22.23
2026-08-23, 06:28:09, 22.25, 22.43, 22.75, 22.73, 9999.0, 9999.0, 9999.0, 24.02, 9999.0, 22.8, 9999.0, 22.64, 22.5, 22.23, 22.25, 22.23
2026-08-23, 06:28:13, 22.25, 22.43, 22.75, 22.73, 9999.0, 9999.0, 9999.0, 24.05, 9999.0, 22.77, 9999.0, 22.61, 22.5, 22.23, 22.25, 22.23
2026-08-23, 06:28:17, 22.25, 22.43, 22.75, 22.73, 9999.0, 9999.0, 9999.0, 24.09, 9999.0, 22.75, 9999.0, 22.59, 22.5, 22.23, 22.25, 22.2
2026-08-23, 06:28:21, 22.25, 22.43, 22.75, 22.73, 9999.0, 9999.0, 9999.0, 24.11, 9999.0, 22.7, 9999.0, 22.57, 22.5, 22.23, 22.25, 22.2
2026-08-23, 06:28:25, 22.25, 22.45, 22.75, 22.73, 9999.0, 9999.0, 9999.0, 24.14, 9999.0, 22.66, 9999.0, 22.57, 22.5, 22.23, 22.25, 22.2
2026-08-23, 06:28:29, 22.27, 22.45, 22.75, 22.75, 9999.0, 9999.0, 9999.0, 24.16, 9999.0, 22.61, 9999.0, 22.59, 22.5, 22.23, 22.25, 22.2
2026-08-23, 06:28:33, 22.27, 22.48, 22.75, 22.75, 9999.0, 9999.0, 9999.0, 24.11, 9999.0, 22.59, 9999.0, 22.59, 22.5, 22.23, 22.25, 22.2
2026-08-23, 06:28:37, 22.27, 22.48, 22.75, 22.75, 9999.0, 9999.0, 9999.0, 24.07, 9999.0, 22.57, 9999.0, 22.61, 22.5, 22.23, 22.25, 22.18
2026-08-23, 06:28:41, 22.27, 22.48, 22.75, 22.75, 9999.0, 9999.0, 9999.0, 24.02, 9999.0, 22.55, 9999.0, 22.61, 22.5, 22.25, 22.25, 22.18
2026-08-23, 06:28:45, 22.27, 22.48, 22.75, 22.75, 9999.0, 9999.0, 9999.0, 23.98, 9999.0, 22.55, 9999.0, 22.64, 22.5, 22.25, 22.25, 22.18
2026-08-23, 06:28:49, 22.27, 22.48, 22.75, 22.75, 9999.0, 9999.0, 9999.0, 23.93, 9999.0, 22.52, 9999.0, 22.66, 22.5, 22.25, 22.25, 22.2
2026-08-23, 06:28:53, 22.27, 22.5, 22.75, 22.75, 9999.0, 9999.0, 9999.0, 23.91, 9999.0, 22.55, 9999.0, 22.68, 22.5, 22.25, 22.25, 22.2
2026-08-23, 06:28:57, 22.27, 22.5, 22.75, 22.75, 9999.0, 9999.0, 9999.0, 23.89, 9999.0, 22.57, 9999.0, 22.7, 22.5, 22.25, 22.25, 22.2
2026-08-23, 06:29:01, 22.27, 22.5, 22.75, 22.75, 9999.0, 9999.0, 9999.0, 23.82, 9999.0, 22.59, 9999.0, 22.73, 22.5, 22.25, 22.25, 22.23
2026-08-23, 06:29:05, 22.27, 22.5, 22.75, 22.75, 9999.0, 9999.0, 9999.0, 23.86, 9999.0, 22.61, 9999.0, 22.75, 22.5, 22.25, 22.25, 22.23
2026-08-23, 06:29:09, 22.27, 22.5, 22.75, 22.75, 9999.0, 9999.0, 9999.0, 23.89, 9999.0, 22.64, 9999.0, 22.75, 22.5, 22.25, 22.25, 22.23
2026-08-23, 06:29:13, 22.25, 22.5, 22.75, 22.73, 9999.0, 9999.0, 9999.0, 23.91, 9999.0, 22.66, 9999.0, 22.73, 22.5, 22.25, 22.25, 22.23
2026-08-23, 06:29:17, 22.25, 22.5, 22.75, 22.73, 9999.0, 9999.0, 9999.0, 23.93, 9999.0, 22.66, 9999.0, 22.7, 22.5, 22.25, 22.25, 22.23
2026-08-23, 06:29:21, 22.25, 22.5, 22.75, 22.73, 9999.0, 9999.0, 9999.0, 23.98, 9999.0, 22.68, 9999.0, 22.68, 22.5, 22.25, 22.25, 22.25
2026-08-23, 06:29:25, 22.25, 22.5, 22.75, 22.73, 9999.0, 9999.0, 9999.0, 24.0, 9999.0, 22.7, 9999.0, 22.66, 22.48, 22.25, 22.25, 22.25
2026-08-23, 06:29:29, 22.25, 22.5, 22.75, 22.73, 9999.0, 9999.0, 9999.0, 24.02, 9999.0, 22.68, 9999.0, 22.64, 22.48, 22.23, 22.25, 22.25
2026-08-23, 06:29:33, 22.25, 22.5, 22.75, 22.73, 9999.0, 9999.0, 9999.0, 24.05, 9999.0, 22.68, 9999.0, 22.61, 22.48, 22.23, 22.25, 22.25
2026-08-23, 06:29:37, 22.25, 22.5, 22.75, 22.73, 9999.0, 9999.0, 9999.0, 24.07, 9999.0, 22.66, 9999.0, 22.59, 22.48, 22.23, 22.25, 22.25
2026-08-23, 06:29:41, 22.25, 22.5, 22.75, 22.73, 9999.0, 9999.0, 9999.0, 24.09, 9999.0, 22.64, 9999.0, 22.59, 22.48, 22.23, 22.25, 22.25
2026-08-23, 06:29:45, 22.25, 22.5, 22.75, 22.7, 9999.0, 9999.0, 9999.0, 24.14, 9999.0, 22.61, 9999.0, 22.59, 22.48, 22.23, 22.25, 22.25
2026-08-23, 06:29:49, 22.25, 22.5, 22.75, 22.7, 9999.0, 9999.0, 9999.0, 24.09, 9999.0, 22.59, 9999.0, 22.59, 22.48, 22.23, 22.25, 22.25
2026-08-23, 06:29:53, 22.25, 22.5, 22.75, 22.7, 9999.0, 9999.0, 9999.0, 24.07, 9999.0, 22.57, 9999.0, 22.59, 22.48, 22.23, 22.25, 22.25
2026-08-23, 06:29:57, 22.25, 22.5, 22.75, 22.73, 9999.0, 9999.0, 9999.0, 24.02, 9999.0, 22.55, 9999.0, 22.61, 22.48, 22.23, 22.25, 22.25
2026-08-23, 06:30:01, 22.25, 22.5, 22.75, 22.73, 9999.0, 9999.0, 9999.0, 23.98, 9999.0, 22.57, 9999.0, 22.64, 22.48, 22.23, 22.25, 22.23
2026-08-23, 06:30:05, 22.25, 22.5, 22.75, 22.73, 9999.0, 9999.0, 9999.0, 23.93, 9999.0, 22.55, 9999.0, 22.66, 22.48, 22.2, 22.25, 22.23
2026-08-23, 06:30:09, 22.25, 22.5, 22.75, 22.73, 9999.0, 9999.0, 9999.0, 23.91, 9999.0, 22.52, 9999.0, 22.68, 22.5, 22.2, 22.25, 22.23
2026-08-23, 06:30:13, 22.25, 22.5, 22.75, 22.73, 9999.0, 9999.0, 9999.0, 23.89, 9999.0, 22.55, 9999.0, 22.7, 22.5, 22.23, 22.25, 22.23
2026-08-23, 06:30:17, 22.25, 22.5, 22.75, 22.73, 9999.0, 9999.0, 9999.0, 23.84, 9999.0, 22.57, 9999.0, 22.73, 22.5, 22.2, 22.25, 22.23
2026-08-23, 06:30:21, 22.25, 22.5, 22.75, 22.73, 9999.0, 9999.0, 9999.0, 23.89, 9999.0, 22.59, 9999.0, 22.73, 22.5, 22.2, 22.25, 22.23
2026-08-23, 06:30:25, 22.25, 22.5, 22.75, 22.73, 9999.0, 9999.0, 9999.0, 23.91, 9999.0, 22.61, 9999.0, 22.7, 22.5, 22.2, 22.25, 22.23
2026-08-23, 06:30:29, 22.25, 22.5, 22.75, 22.75, 9999.0, 9999.0, 9999.0, 23.93, 9999.0, 22.64, 9999.0, 22.7, 22.5, 22.2, 22.25, 22.23
2026-08-23, 06:30:33, 22.25, 22.5, 22.75, 22.73, 9999.0, 9999.0, 9999.0, 23.95, 9999.0, 22.66, 9999.0, 22.68, 22.5, 22.18, 22.25, 22.23
2026-08-23, 06:30:38, 22.25, 22.48, 22.75, 22.73, 9999.0, 9999.0, 9999.0, 23.98, 9999.0, 22.66, 9999.0, 22.66, 22.5, 22.18, 22.25, 22.23
2026-08-23, 06:30:42, 22.25, 22.48, 22.75, 22.73, 9999.0, 9999.0, 9999.0, 24.02, 9999.0, 22.66, 9999.0, 22.64, 22.5, 22.18, 22.25, 22.23
2026-08-23, 06:30:46, 22.25, 22.48, 22.75, 22.7, 9999.0, 9999.0, 9999.0, 24.05, 9999.0, 22.64, 9999.0, 22.61, 22.5, 22.18, 22.25, 22.25
2026-08-23, 06:30:50, 22.25, 22.48, 22.75, 22.7, 9999.0, 9999.0, 9999.0, 24.07, 9999.0, 22.61, 9999.0, 22.59, 22.5, 22.2, 22.25, 22.25
2026-08-23, 06:30:54, 22.25, 22.48, 22.75, 22.7, 9999.0, 9999.0, 9999.0, 24.09, 9999.0, 22.61, 9999.0, 22.57, 22.5, 22.2, 22.25, 22.25
2026-08-23, 06:30:58, 22.25, 22.48, 22.75, 22.68, 9999.0, 9999.0, 9999.0, 24.11, 9999.0, 22.59, 9999.0, 22.55, 22.5, 22.2, 22.25, 22.25
2026-08-23, 06:31:02, 22.25, 22.48, 22.75, 22.68, 9999.0, 9999.0, 9999.0, 24.16, 9999.0, 22.57, 9999.0, 22.55, 22.5, 22.23, 22.25, 22.25
2026-08-23, 06:31:06, 22.25, 22.48, 22.75, 22.68, 9999.0, 9999.0, 9999.0, 24.11, 9999.0, 22.55, 9999.0, 22.57, 22.48, 22.23, 22.25, 22.25
2026-08-23, 06:31:10, 22.25, 22.48, 22.75, 22.68, 9999.0, 9999.0, 9999.0, 24.07, 9999.0, 22.52, 9999.0, 22.59, 22.45, 22.23, 22.25, 22.25
2026-08-23, 06:31:14, 22.25, 22.48, 22.75, 22.68, 9999.0, 9999.0, 9999.0, 24.02, 9999.0, 22.5, 9999.0, 22.59, 22.45, 22.23, 22.25, 22.25
2026-08-23, 06:31:18, 22.25, 22.48, 22.75, 22.7, 9999.0, 9999.0, 9999.0, 23.98, 9999.0, 22.48, 9999.0, 22.61, 22.45, 22.25, 22.25, 22.25
2026-08-23, 06:31:22, 22.25, 22.5, 22.75, 22.7, 9999.0, 9999.0, 9999.0, 23.93, 9999.0, 22.5, 9999.0, 22.64, 22.45, 22.25, 22.25, 22.25
2026-08-23, 06:31:26, 22.25, 22.5, 22.75, 22.7, 9999.0, 9999.0, 9999.0, 23.89, 9999.0, 22.5, 9999.0, 22.66, 22.45, 22.25, 22.25, 22.25
2026-08-23, 06:31:30, 22.25, 22.5, 22.75, 22.73, 9999.0, 9999.0, 9999.0, 23.84, 9999.0, 22.52, 9999.0, 22.68, 22.45, 22.25, 22.25, 22.25
2026-08-23, 06:31:34, 22.25, 22.5, 22.75, 22.73, 9999.0, 9999.0, 9999.0, 23.8, 9999.0, 22.57, 9999.0, 22.7, 22.45, 22.25, 22.25, 22.25
2026-08-23, 06:31:38, 22.25, 22.5, 22.75, 22.73, 9999.0, 9999.0, 9999.0, 23.75, 9999.0, 22.59, 9999.0, 22.7, 22.45, 22.25, 22.25, 22.25
2026-08-23, 06:31:42, 22.25, 22.5, 22.75, 22.75, 9999.0, 9999.0, 9999.0, 23.77, 9999.0, 22.59, 9999.0, 22.7, 22.45, 22.25, 22.25, 22.25
2026-08-23, 06:31:46, 22.25, 22.5, 22.75, 22.75, 9999.0, 9999.0, 9999.0, 23.8, 9999.0, 22.59, 9999.0, 22.7, 22.45, 22.25, 22.25, 22.25
2026-08-23, 06:31:50, 22.25, 22.5, 22.75, 22.75, 9999.0, 9999.0, 9999.0, 23.82, 9999.0, 22.59, 9999.0, 22.68, 22.48, 22.25, 22.25, 22.25
2026-08-23, 06:31:54, 22.25, 22.5, 22.75, 22.73, 9999.0, 9999.0, 9999.0, 23.86, 9999.0, 22.59, 9999.0, 22.66, 22.5, 22.25, 22.25, 22.25
2026-08-23, 06:31:58, 22.25, 22.5, 22.75, 22.73, 9999.0, 9999.0, 9999.0, 23.91, 9999.0, 22.59, 9999.0, 22.64, 22.5, 22.25, 22.25, 22.25
2026-08-23, 06:32:02, 22.25, 22.5, 22.75, 22.73, 9999.0, 9999.0, 9999.0, 23.93, 9999.0, 22.59, 9999.0, 22.61, 22.5, 22.25, 22.25, 22.25
2026-08-23, 06:32:06, 22.25, 22.5, 22.75, 22.73, 9999.0, 9999.0, 9999.0, 23.95, 9999.0, 22.57, 9999.0, 22.59, 22.5, 22.25, 22.25, 22.25
2026-08-23, 06:32:10, 22.25, 22.5, 22.75, 22.73, 9999.0, 9999.0, 9999.0, 23.98, 9999.0, 22.57, 9999.0, 22.57, 22.5, 22.25, 22.25, 22.25
2026-08-23, 06:32:14, 22.25, 22.5, 22.75, 22.73, 9999.0, 9999.0, 9999.0, 24.02, 9999.0, 22.55, 9999.0, 22.55, 22.48, 22.25, 22.25, 22.25
2026-08-23, 06:32:18, 22.25, 22.5, 22.75, 22.73, 9999.0, 9999.0, 9999.0, 24.07, 9999.0, 22.52, 9999.0, 22.55, 22.48, 22.25, 22.25, 22.25
2026-08-23, 06:32:22, 22.25, 22.48, 22.75, 22.73, 9999.0, 9999.0, 9999.0, 24.11, 9999.0, 22.48, 9999.0, 22.57, 22.48, 22.25, 22.25, 22.25
2026-08-23, 06:32:26, 22.25, 22.48, 22.75, 22.73, 9999.0, 9999.0, 9999.0, 24.07, 9999.0, 22.45, 9999.0, 22.59, 22.48, 22.25, 22.25, 22.25
2026-08-23, 06:32:30, 22.25, 22.48, 22.75, 22.73, 9999.0, 9999.0, 9999.0, 24.02, 9999.0, 22.43, 9999.0, 22.59, 22.48, 22.25, 22.25, 22.25
2026-08-23, 06:32:34, 22.25, 22.48, 22.75, 22.73, 9999.0, 9999.0, 9999.0, 23.98, 9999.0, 22.41, 9999.0, 22.61, 22.45, 22.25, 22.25, 22.25
2026-08-23, 06:32:38, 22.25, 22.45, 22.75, 22.75, 9999.0, 9999.0, 9999.0, 23.93, 9999.0, 22.41, 9999.0, 22.64, 22.45, 22.25, 22.25, 22.25
2026-08-23, 06:32:42, 22.25, 22.45, 22.75, 22.75, 9999.0, 9999.0, 9999.0, 23.89, 9999.0, 22.41, 9999.0, 22.66, 22.45, 22.25, 22.25, 22.25
2026-08-23, 06:32:46, 22.25, 22.45, 22.75, 22.75, 9999.0, 9999.0, 9999.0, 23.84, 9999.0, 22.41, 9999.0, 22.68, 22.45, 22.25, 22.25, 22.25
2026-08-23, 06:32:50, 22.25, 22.45, 22.75, 22.75, 9999.0, 9999.0, 9999.0, 23.8, 9999.0, 22.43, 9999.0, 22.7, 22.45, 22.25, 22.25, 22.25
2026-08-23, 06:32:54, 22.25, 22.43, 22.75, 22.73, 9999.0, 9999.0, 9999.0, 23.77, 9999.0, 22.45, 9999.0, 22.7, 22.45, 22.25, 22.25, 22.25
2026-08-23, 06:32:58, 22.25, 22.43, 22.75, 22.73, 9999.0, 9999.0, 9999.0, 23.8, 9999.0, 22.45, 9999.0, 22.73, 22.48, 22.25, 22.25, 22.25
2026-08-23, 06:33:02, 22.25, 22.43, 22.75, 22.7, 9999.0, 9999.0, 9999.0, 23.82, 9999.0, 22.45, 9999.0, 22.7, 22.48, 22.25, 22.25, 22.25
2026-08-23, 06:33:06, 22.25, 22.45, 22.75, 22.7, 9999.0, 9999.0, 9999.0, 23.84, 9999.0, 22.48, 9999.0, 22.68, 22.48, 22.25, 22.25, 22.25
2026-08-23, 06:33:10, 22.25, 22.45, 22.75, 22.7, 9999.0, 9999.0, 9999.0, 23.89, 9999.0, 22.5, 9999.0, 22.66, 22.48, 22.25, 22.25, 22.25
2026-08-23, 06:33:14, 22.25, 22.45, 22.75, 22.7, 9999.0, 9999.0, 9999.0, 23.93, 9999.0, 22.52, 9999.0, 22.64, 22.48, 22.25, 22.25, 22.25
2026-08-23, 06:33:18, 22.25, 22.45, 22.75, 22.7, 9999.0, 9999.0, 9999.0, 23.95, 9999.0, 22.55, 9999.0, 22.61, 22.5, 22.25, 22.25, 22.25
2026-08-23, 06:33:22, 22.25, 22.48, 22.75, 22.7, 9999.0, 9999.0, 9999.0, 23.98, 9999.0, 22.55, 9999.0, 22.59, 22.48, 22.25, 22.25, 22.25
2026-08-23, 06:33:26, 22.25, 22.48, 22.75, 22.7, 9999.0, 9999.0, 9999.0, 24.0, 9999.0, 22.52, 9999.0, 22.57, 22.48, 22.23, 22.25, 22.25
2026-08-23, 06:33:30, 22.25, 22.48, 22.75, 22.7, 9999.0, 9999.0, 9999.0, 24.05, 9999.0, 22.5, 9999.0, 22.55, 22.48, 22.23, 22.25, 22.25
2026-08-23, 06:33:34, 22.25, 22.48, 22.75, 22.7, 9999.0, 9999.0, 9999.0, 24.09, 9999.0, 22.48, 9999.0, 22.55, 22.48, 22.23, 22.25, 22.25
2026-08-23, 06:33:38, 22.25, 22.48, 22.75, 22.7, 9999.0, 9999.0, 9999.0, 24.09, 9999.0, 22.43, 9999.0, 22.57, 22.48, 22.23, 22.25, 22.25
2026-08-23, 06:33:42, 22.25, 22.45, 22.75, 22.68, 9999.0, 9999.0, 9999.0, 24.05, 9999.0, 22.41, 9999.0, 22.57, 22.48, 22.23, 22.25, 22.25
2026-08-23, 06:33:46, 22.25, 22.45, 22.75, 22.7, 9999.0, 9999.0, 9999.0, 24.0, 9999.0, 22.39, 9999.0, 22.59, 22.48, 22.23, 22.25, 22.25
2026-08-23, 06:33:50, 22.25, 22.45, 22.75, 22.7, 9999.0, 9999.0, 9999.0, 23.95, 9999.0, 22.36, 9999.0, 22.61, 22.48, 22.23, 22.25, 22.25
2026-08-23, 06:33:54, 22.25, 22.45, 22.75, 22.7, 9999.0, 9999.0, 9999.0, 23.91, 9999.0, 22.36, 9999.0, 22.64, 22.45, 22.23, 22.25, 22.25
2026-08-23, 06:33:58, 22.25, 22.45, 22.75, 22.7, 9999.0, 9999.0, 9999.0, 23.86, 9999.0, 22.36, 9999.0, 22.66, 22.45, 22.23, 22.25, 22.25
2026-08-23, 06:34:02, 22.25, 22.43, 22.75, 22.7, 9999.0, 9999.0, 9999.0, 23.82, 9999.0, 22.36, 9999.0, 22.68, 22.45, 22.23, 22.25, 22.25
2026-08-23, 06:34:06, 22.25, 22.43, 22.75, 22.7, 9999.0, 9999.0, 9999.0, 23.77, 9999.0, 22.36, 9999.0, 22.7, 22.48, 22.23, 22.25, 22.25
2026-08-23, 06:34:10, 22.25, 22.43, 22.75, 22.7, 9999.0, 9999.0, 9999.0, 23.73, 9999.0, 22.39, 9999.0, 22.73, 22.48, 22.25, 22.25, 22.25
2026-08-23, 06:34:14, 22.25, 22.43, 22.75, 22.7, 9999.0, 9999.0, 9999.0, 23.75, 9999.0, 22.41, 9999.0, 22.73, 22.48, 22.25, 22.25, 22.25
2026-08-23, 06:34:18, 22.25, 22.43, 22.75, 22.7, 9999.0, 9999.0, 9999.0, 23.77, 9999.0, 22.41, 9999.0, 22.7, 22.48, 22.25, 22.25, 22.25
2026-08-23, 06:34:23, 22.25, 22.45, 22.75, 22.73, 9999.0, 9999.0, 9999.0, 23.82, 9999.0, 22.43, 9999.0, 22.68, 22.48, 22.25, 22.25, 22.25
2026-08-23, 06:34:27, 22.25, 22.48, 22.75, 22.75, 9999.0, 9999.0, 9999.0, 23.84, 9999.0, 22.45, 9999.0, 22.66, 22.48, 22.25, 22.25, 22.25
2026-08-23, 06:34:31, 22.25, 22.48, 22.75, 22.75, 9999.0, 9999.0, 9999.0, 23.86, 9999.0, 22.45, 9999.0, 22.64, 22.48, 22.25, 22.25, 22.25
2026-08-23, 06:34:35, 22.25, 22.45, 22.75, 22.75, 9999.0, 9999.0, 9999.0, 23.89, 9999.0, 22.45, 9999.0, 22.61, 22.48, 22.25, 22.25, 22.25
2026-08-23, 06:34:39, 22.25, 22.45, 22.75, 22.73, 9999.0, 9999.0, 9999.0, 23.91, 9999.0, 22.43, 9999.0, 22.59, 22.5, 22.25, 22.25, 22.25
2026-08-23, 06:34:43, 22.25, 22.43, 22.75, 22.73, 9999.0, 9999.0, 9999.0, 23.91, 9999.0, 22.41, 9999.0, 22.57, 22.5, 22.25, 22.25, 22.25
2026-08-23, 06:34:47, 22.25, 22.45, 22.75, 22.73, 9999.0, 9999.0, 9999.0, 23.93, 9999.0, 22.39, 9999.0, 22.55, 22.5, 22.25, 22.25, 22.25
2026-08-23, 06:34:51, 22.25, 22.45, 22.75, 22.7, 9999.0, 9999.0, 9999.0, 23.95, 9999.0, 22.36, 9999.0, 22.52, 22.48, 22.25, 22.25, 22.25
2026-08-23, 06:34:55, 22.25, 22.43, 22.75, 22.7, 9999.0, 9999.0, 9999.0, 23.98, 9999.0, 22.34, 9999.0, 22.52, 22.45, 22.25, 22.25, 22.25
2026-08-23, 06:34:59, 22.25, 22.43, 22.75, 22.7, 9999.0, 9999.0, 9999.0, 23.93, 9999.0, 22.32, 9999.0, 22.55, 22.43, 22.25, 22.25, 22.25
2026-08-23, 06:35:03, 22.25, 22.43, 22.75, 22.7, 9999.0, 9999.0, 9999.0, 23.89, 9999.0, 22.3, 9999.0, 22.57, 22.43, 22.25, 22.25, 22.25
2026-08-23, 06:35:07, 22.25, 22.41, 22.75, 22.7, 9999.0, 9999.0, 9999.0, 23.84, 9999.0, 22.27, 9999.0, 22.59, 22.43, 22.25, 22.25, 22.25
2026-08-23, 06:35:11, 22.25, 22.41, 22.75, 22.7, 9999.0, 9999.0, 9999.0, 23.82, 9999.0, 22.23, 9999.0, 22.61, 22.43, 22.25, 22.25, 22.25
2026-08-23, 06:35:15, 22.25, 22.41, 22.75, 22.7, 9999.0, 9999.0, 9999.0, 23.8, 9999.0, 22.25, 9999.0, 22.64, 22.43, 22.25, 22.25, 22.25
2026-08-23, 06:35:19, 22.25, 22.43, 22.75, 22.7, 9999.0, 9999.0, 9999.0, 23.75, 9999.0, 22.25, 9999.0, 22.66, 22.41, 22.25, 22.25, 22.25
2026-08-23, 06:35:23, 22.25, 22.43, 22.75, 22.73, 9999.0, 9999.0, 9999.0, 23.7, 9999.0, 22.27, 9999.0, 22.68, 22.41, 22.25, 22.25, 22.25
2026-08-23, 06:35:27, 22.25, 22.43, 22.75, 22.73, 9999.0, 9999.0, 9999.0, 23.68, 9999.0, 22.3, 9999.0, 22.7, 22.41, 22.25, 22.25, 22.23
2026-08-23, 06:35:31, 22.25, 22.43, 22.75, 22.73, 9999.0, 9999.0, 9999.0, 23.66, 9999.0, 22.32, 9999.0, 22.73, 22.41, 22.25, 22.25, 22.23
2026-08-23, 06:35:35, 22.25, 22.43, 22.75, 22.75, 9999.0, 9999.0, 9999.0, 23.7, 9999.0, 22.34, 9999.0, 22.75, 22.43, 22.25, 22.25, 22.23
2026-08-23, 06:35:39, 22.25, 22.43, 22.75, 22.75, 9999.0, 9999.0, 9999.0, 23.73, 9999.0, 22.36, 9999.0, 22.73, 22.45, 22.25, 22.25, 22.23
2026-08-23, 06:35:43, 22.25, 22.41, 22.75, 22.75, 9999.0, 9999.0, 9999.0, 23.75, 9999.0, 22.39, 9999.0, 22.73, 22.48, 22.25, 22.25, 22.23
2026-08-23, 06:35:47, 22.25, 22.41, 22.75, 22.75, 9999.0, 9999.0, 9999.0, 23.77, 9999.0, 22.41, 9999.0, 22.7, 22.48, 22.25, 22.25, 22.23
2026-08-23, 06:35:51, 22.25, 22.43, 22.75, 22.75, 9999.0, 9999.0, 9999.0, 23.8, 9999.0, 22.43, 9999.0, 22.7, 22.48, 22.25, 22.25, 22.23
2026-08-23, 06:35:55, 22.25, 22.43, 22.75, 22.75, 9999.0, 9999.0, 9999.0, 23.82, 9999.0, 22.48, 9999.0, 22.68, 22.48, 22.25, 22.25, 22.23
2026-08-23, 06:35:59, 22.25, 22.43, 22.75, 22.75, 9999.0, 9999.0, 9999.0, 23.82, 9999.0, 22.45, 9999.0, 22.66, 22.48, 22.25, 22.25, 22.23
2026-08-23, 06:36:03, 22.25, 22.41, 22.75, 22.75, 9999.0, 9999.0, 9999.0, 23.84, 9999.0, 22.48, 9999.0, 22.64, 22.5, 22.25, 22.25, 22.23
2026-08-23, 06:36:07, 22.25, 22.39, 22.75, 22.75, 9999.0, 9999.0, 9999.0, 23.86, 9999.0, 22.45, 9999.0, 22.61, 22.48, 22.25, 22.25, 22.23
2026-08-23, 06:36:11, 22.25, 22.41, 22.75, 22.75, 9999.0, 9999.0, 9999.0, 23.89, 9999.0, 22.43, 9999.0, 22.61, 22.48, 22.25, 22.25, 22.25
2026-08-23, 06:36:15, 22.25, 22.41, 22.75, 22.75, 9999.0, 9999.0, 9999.0, 23.91, 9999.0, 22.41, 9999.0, 22.61, 22.48, 22.25, 22.25, 22.25
2026-08-23, 06:36:19, 22.25, 22.39, 22.75, 22.75, 9999.0, 9999.0, 9999.0, 23.86, 9999.0, 22.39, 9999.0, 22.61, 22.45, 22.25, 22.25, 22.25
2026-08-23, 06:36:23, 22.25, 22.41, 22.75, 22.75, 9999.0, 9999.0, 9999.0, 23.82, 9999.0, 22.36, 9999.0, 22.64, 22.45, 22.25, 22.25, 22.25
2026-08-23, 06:36:27, 22.25, 22.41, 22.75, 22.75, 9999.0, 9999.0, 9999.0, 23.77, 9999.0, 22.34, 9999.0, 22.64, 22.45, 22.25, 22.25, 22.25
2026-08-23, 06:36:31, 22.25, 22.39, 22.75, 22.75, 9999.0, 9999.0, 9999.0, 23.73, 9999.0, 22.34, 9999.0, 22.66, 22.45, 22.25, 22.25, 22.25
2026-08-23, 06:36:35, 22.25, 22.39, 22.75, 22.75, 9999.0, 9999.0, 9999.0, 23.68, 9999.0, 22.34, 9999.0, 22.66, 22.45, 22.25, 22.25, 22.25
2026-08-23, 06:36:39, 22.25, 22.39, 22.75, 22.73, 9999.0, 9999.0, 9999.0, 23.64, 9999.0, 22.32, 9999.0, 22.68, 22.45, 22.25, 22.25, 22.25
2026-08-23, 06:36:43, 22.25, 22.36, 22.75, 22.73, 9999.0, 9999.0, 9999.0, 23.61, 9999.0, 22.34, 9999.0, 22.68, 22.45, 22.25, 22.25, 22.25
2026-08-23, 06:36:47, 22.25, 22.39, 22.75, 22.73, 9999.0, 9999.0, 9999.0, 23.59, 9999.0, 22.34, 9999.0, 22.7, 22.45, 22.25, 22.25, 22.25
2026-08-23, 06:36:51, 22.25, 22.41, 22.75, 22.73, 9999.0, 9999.0, 9999.0, 23.64, 9999.0, 22.36, 9999.0, 22.73, 22.48, 22.25, 22.25, 22.25
2026-08-23, 06:36:55, 22.25, 22.41, 22.75, 22.73, 9999.0, 9999.0, 9999.0, 23.68, 9999.0, 22.39, 9999.0, 22.73, 22.48, 22.25, 22.25, 22.25
2026-08-23, 06:36:59, 22.25, 22.41, 22.75, 22.73, 9999.0, 9999.0, 9999.0, 23.73, 9999.0, 22.41, 9999.0, 22.73, 22.48, 22.25, 22.25, 22.25
2026-08-23, 06:37:03, 22.25, 22.43, 22.75, 22.73, 9999.0, 9999.0, 9999.0, 23.77, 9999.0, 22.41, 9999.0, 22.7, 22.5, 22.25, 22.25, 22.25
2026-08-23, 06:37:07, 22.25, 22.43, 22.75, 22.73, 9999.0, 9999.0, 9999.0, 23.82, 9999.0, 22.41, 9999.0, 22.68, 22.5, 22.25, 22.25, 22.25
2026-08-23, 06:37:11, 22.25, 22.43, 22.75, 22.73, 9999.0, 9999.0, 9999.0, 23.86, 9999.0, 22.41, 9999.0, 22.66, 22.48, 22.25, 22.25, 22.25
2026-08-23, 06:37:15, 22.25, 22.43, 22.75, 22.73, 9999.0, 9999.0, 9999.0, 23.91, 9999.0, 22.39, 9999.0, 22.64, 22.48, 22.25, 22.25, 22.25
2026-08-23, 06:37:19, 22.25, 22.43, 22.75, 22.73, 9999.0, 9999.0, 9999.0, 23.93, 9999.0, 22.36, 9999.0, 22.61, 22.48, 22.25, 22.25, 22.25
2026-08-23, 06:37:23, 22.25, 22.43, 22.75, 22.75, 9999.0, 9999.0, 9999.0, 23.95, 9999.0, 22.36, 9999.0, 22.59, 22.48, 22.25, 22.25, 22.25
2026-08-23, 06:37:27, 22.25, 22.45, 22.75, 22.75, 9999.0, 9999.0, 9999.0, 24.0, 9999.0, 22.32, 9999.0, 22.59, 22.48, 22.25, 22.25, 22.25
2026-08-23, 06:37:31, 22.25, 22.45, 22.75, 22.75, 9999.0, 9999.0, 9999.0, 24.02, 9999.0, 22.3, 9999.0, 22.59, 22.48, 22.25, 22.25, 22.25
2026-08-23, 06:37:35, 22.25, 22.45, 22.75, 22.75, 9999.0, 9999.0, 9999.0, 23.98, 9999.0, 22.25, 9999.0, 22.59, 22.48, 22.25, 22.25, 22.25
2026-08-23, 06:37:39, 22.25, 22.45, 22.75, 22.75, 9999.0, 9999.0, 9999.0, 23.93, 9999.0, 22.2, 9999.0, 22.59, 22.48, 22.25, 22.25, 22.25
2026-08-23, 06:37:43, 22.25, 22.43, 22.75, 22.75, 9999.0, 9999.0, 9999.0, 23.89, 9999.0, 22.16, 9999.0, 22.59, 22.48, 22.25, 22.25, 22.25
2026-08-23, 06:37:47, 22.25, 22.41, 22.75, 22.75, 9999.0, 9999.0, 9999.0, 23.84, 9999.0, 22.14, 9999.0, 22.61, 22.48, 22.25, 22.25, 22.25
2026-08-23, 06:37:51, 22.25, 22.41, 22.75, 22.75, 9999.0, 9999.0, 9999.0, 23.8, 9999.0, 22.14, 9999.0, 22.64, 22.48, 22.25, 22.25, 22.25
2026-08-23, 06:37:55, 22.25, 22.43, 22.75, 22.75, 9999.0, 9999.0, 9999.0, 23.75, 9999.0, 22.16, 9999.0, 22.66, 22.5, 22.25, 22.25, 22.25
2026-08-23, 06:37:59, 22.25, 22.45, 22.75, 22.75, 9999.0, 9999.0, 9999.0, 23.7, 9999.0, 22.16, 9999.0, 22.68, 22.5, 22.25, 22.25, 22.25
2026-08-23, 06:38:03, 22.25, 22.45, 22.75, 22.75, 9999.0, 9999.0, 9999.0, 23.68, 9999.0, 22.18, 9999.0, 22.7, 22.5, 22.25, 22.25, 22.25
2026-08-23, 06:38:07, 22.25, 22.43, 22.75, 22.75, 9999.0, 9999.0, 9999.0, 23.66, 9999.0, 22.2, 9999.0, 22.7, 22.5, 22.25, 22.25, 22.25
2026-08-23, 06:38:12, 22.25, 22.43, 22.75, 22.75, 9999.0, 9999.0, 9999.0, 23.68, 9999.0, 22.25, 9999.0, 22.73, 22.5, 22.25, 22.25, 22.25
2026-08-23, 06:38:16, 22.25, 22.43, 22.75, 22.75, 9999.0, 9999.0, 9999.0, 23.73, 9999.0, 22.27, 9999.0, 22.73, 22.5, 22.25, 22.25, 22.25
2026-08-23, 06:38:20, 22.25, 22.41, 22.75, 22.75, 9999.0, 9999.0, 9999.0, 23.75, 9999.0, 22.32, 9999.0, 22.7, 22.5, 22.25, 22.25, 22.25
2026-08-23, 06:38:24, 22.25, 22.41, 22.75, 22.75, 9999.0, 9999.0, 9999.0, 23.77, 9999.0, 22.34, 9999.0, 22.68, 22.48, 22.25, 22.25, 22.25
2026-08-23, 06:38:28, 22.25, 22.43, 22.75, 22.75, 9999.0, 9999.0, 9999.0, 23.8, 9999.0, 22.39, 9999.0, 22.66, 22.48, 22.25, 22.25, 22.25
2026-08-23, 06:38:32, 22.25, 22.43, 22.75, 22.75, 9999.0, 9999.0, 9999.0, 23.82, 9999.0, 22.41, 9999.0, 22.64, 22.48, 22.25, 22.25, 22.25
2026-08-23, 06:38:36, 22.25, 22.41, 22.75, 22.75, 9999.0, 9999.0, 9999.0, 23.84, 9999.0, 22.41, 9999.0, 22.61, 22.45, 22.25, 22.25, 22.25
2026-08-23, 06:38:40, 22.25, 22.41, 22.75, 22.75, 9999.0, 9999.0, 9999.0, 23.86, 9999.0, 22.39, 9999.0, 22.59, 22.45, 22.25, 22.25, 22.25
2026-08-23, 06:38:44, 22.25, 22.41, 22.75, 22.75, 9999.0, 9999.0, 9999.0, 23.89, 9999.0, 22.39, 9999.0, 22.57, 22.43, 22.25, 22.25, 22.25
2026-08-23, 06:38:48, 22.25, 22.41, 22.75, 22.75, 9999.0, 9999.0, 9999.0, 23.91, 9999.0, 22.36, 9999.0, 22.57, 22.43, 22.25, 22.25, 22.25
2026-08-23, 06:38:52, 22.25, 22.43, 22.75, 22.75, 9999.0, 9999.0, 9999.0, 23.93, 9999.0, 22.32, 9999.0, 22.59, 22.41, 22.25, 22.25, 22.25
2026-08-23, 06:38:56, 22.25, 22.41, 22.75, 22.75, 9999.0, 9999.0, 9999.0, 23.89, 9999.0, 22.27, 9999.0, 22.59, 22.41, 22.25, 22.25, 22.25
2026-08-23, 06:39:00, 22.25, 22.39, 22.75, 22.75, 9999.0, 9999.0, 9999.0, 23.82, 9999.0, 22.23, 9999.0, 22.59, 22.41, 22.25, 22.25, 22.25
2026-08-23, 06:39:04, 22.25, 22.41, 22.75, 22.75, 9999.0, 9999.0, 9999.0, 23.77, 9999.0, 22.18, 9999.0, 22.61, 22.41, 22.25, 22.25, 22.25
2026-08-23, 06:39:08, 22.25, 22.39, 22.75, 22.75, 9999.0, 9999.0, 9999.0, 23.73, 9999.0, 22.18, 9999.0, 22.64, 22.43, 22.25, 22.25, 22.25
2026-08-23, 06:39:12, 22.25, 22.39, 22.75, 22.75, 9999.0, 9999.0, 9999.0, 23.68, 9999.0, 22.16, 9999.0, 22.66, 22.43, 22.25, 22.25, 22.25
2026-08-23, 06:39:16, 22.25, 22.41, 22.75, 22.75, 9999.0, 9999.0, 9999.0, 23.64, 9999.0, 22.16, 9999.0, 22.68, 22.43, 22.25, 22.25, 22.25
2026-08-23, 06:39:20, 22.27, 22.41, 22.75, 22.75, 9999.0, 9999.0, 9999.0, 23.59, 9999.0, 22.16, 9999.0, 22.7, 22.45, 22.25, 22.25, 22.25
2026-08-23, 06:39:24, 22.27, 22.41, 22.75, 22.75, 9999.0, 9999.0, 9999.0, 23.55, 9999.0, 22.16, 9999.0, 22.73, 22.45, 22.25, 22.25, 22.25
2026-08-23, 06:39:28, 22.27, 22.39, 22.75, 22.75, 9999.0, 9999.0, 9999.0, 23.59, 9999.0, 22.16, 9999.0, 22.75, 22.48, 22.25, 22.25, 22.25
2026-08-23, 06:39:32, 22.27, 22.39, 22.75, 22.75, 9999.0, 9999.0, 9999.0, 23.64, 9999.0, 22.16, 9999.0, 22.75, 22.48, 22.25, 22.25, 22.25
2026-08-23, 06:39:36, 22.27, 22.39, 22.75, 22.75, 9999.0, 9999.0, 9999.0, 23.66, 9999.0, 22.18, 9999.0, 22.75, 22.5, 22.25, 22.25, 22.25
2026-08-23, 06:39:40, 22.27, 22.39, 22.75, 22.75, 9999.0, 9999.0, 9999.0, 23.68, 9999.0, 22.2, 9999.0, 22.75, 22.5, 22.25, 22.25, 22.25
2026-08-23, 06:39:44, 22.27, 22.39, 22.75, 22.75, 9999.0, 9999.0, 9999.0, 23.73, 9999.0, 22.2, 9999.0, 22.73, 22.5, 22.25, 22.25, 22.25
2026-08-23, 06:39:48, 22.27, 22.39, 22.75, 22.75, 9999.0, 9999.0, 9999.0, 23.75, 9999.0, 22.2, 9999.0, 22.7, 22.5, 22.25, 22.25, 22.25
2026-08-23, 06:39:52, 22.27, 22.41, 22.75, 22.75, 9999.0, 9999.0, 9999.0, 23.77, 9999.0, 22.18, 9999.0, 22.68, 22.5, 22.25, 22.25, 22.25
2026-08-23, 06:39:56, 22.27, 22.39, 22.75, 22.75, 9999.0, 9999.0, 9999.0, 23.8, 9999.0, 22.18, 9999.0, 22.66, 22.5, 22.25, 22.25, 22.25
2026-08-23, 06:40:00, 22.27, 22.39, 22.75, 22.75, 9999.0, 9999.0, 9999.0, 23.82, 9999.0, 22.18, 9999.0, 22.64, 22.5, 22.25, 22.25, 22.25
2026-08-23, 06:40:04, 22.25, 22.39, 22.75, 22.75, 9999.0, 9999.0, 9999.0, 23.84, 9999.0, 22.18, 9999.0, 22.61, 22.5, 22.25, 22.25, 22.25
2026-08-23, 06:40:08, 22.25, 22.36, 22.75, 22.75, 9999.0, 9999.0, 9999.0, 23.86, 9999.0, 22.18, 9999.0, 22.61, 22.5, 22.25, 22.25, 22.25
2026-08-23, 06:40:12, 22.25, 22.36, 22.75, 22.75, 9999.0, 9999.0, 9999.0, 23.82, 9999.0, 22.18, 9999.0, 22.61, 22.5, 22.25, 22.25, 22.25
2026-08-23, 06:40:16, 22.25, 22.36, 22.75, 22.75, 9999.0, 9999.0, 9999.0, 23.75, 9999.0, 22.18, 9999.0, 22.61, 22.5, 22.25, 22.25, 22.25
2026-08-23, 06:40:20, 22.25, 22.36, 22.75, 22.75, 9999.0, 9999.0, 9999.0, 23.7, 9999.0, 22.16, 9999.0, 22.64, 22.5, 22.25, 22.25, 22.25
2026-08-23, 06:40:24, 22.25, 22.39, 22.75, 22.75, 9999.0, 9999.0, 9999.0, 23.66, 9999.0, 22.14, 9999.0, 22.66, 22.5, 22.25, 22.25, 22.25
2026-08-23, 06:40:28, 22.25, 22.41, 22.75, 22.75, 9999.0, 9999.0, 9999.0, 23.61, 9999.0, 22.16, 9999.0, 22.68, 22.5, 22.25, 22.25, 22.25
2026-08-23, 06:40:32, 22.25, 22.39, 22.75, 22.75, 9999.0, 9999.0, 9999.0, 23.57, 9999.0, 22.18, 9999.0, 22.7, 22.5, 22.25, 22.25, 22.25
2026-08-23, 06:40:36, 22.25, 22.36, 22.75, 22.75, 9999.0, 9999.0, 9999.0, 23.55, 9999.0, 22.23, 9999.0, 22.73, 22.5, 22.25, 22.25, 22.25
2026-08-23, 06:40:40, 22.25, 22.36, 22.75, 22.75, 9999.0, 9999.0, 9999.0, 23.5, 9999.0, 22.25, 9999.0, 22.75, 22.5, 22.25, 22.25, 22.25
2026-08-23, 06:40:44, 22.25, 22.34, 22.75, 22.75, 9999.0, 9999.0, 9999.0, 23.45, 9999.0, 22.27, 9999.0, 22.77, 22.5, 22.25, 22.25, 22.25
2026-08-23, 06:40:48, 22.25, 22.36, 22.75, 22.75, 9999.0, 9999.0, 9999.0, 23.52, 9999.0, 22.27, 9999.0, 22.8, 22.5, 22.25, 22.25, 22.25
2026-08-23, 06:40:52, 22.25, 22.39, 22.75, 22.75, 9999.0, 9999.0, 9999.0, 23.57, 9999.0, 22.3, 9999.0, 22.8, 22.5, 22.25, 22.25, 22.25
2026-08-23, 06:40:56, 22.25, 22.41, 22.75, 22.75, 9999.0, 9999.0, 9999.0, 23.59, 9999.0, 22.32, 9999.0, 22.77, 22.5, 22.25, 22.25, 22.25
2026-08-23, 06:41:00, 22.25, 22.39, 22.75, 22.75, 9999.0, 9999.0, 9999.0, 23.61, 9999.0, 22.34, 9999.0, 22.75, 22.5, 22.23, 22.25, 22.25
2026-08-23, 06:41:04, 22.25, 22.39, 22.75, 22.75, 9999.0, 9999.0, 9999.0, 23.64, 9999.0, 22.36, 9999.0, 22.7, 22.5, 22.23, 22.25, 22.25
2026-08-23, 06:41:08, 22.25, 22.39, 22.75, 22.75, 9999.0, 9999.0, 9999.0, 23.68, 9999.0, 22.39, 9999.0, 22.66, 22.5, 22.23, 22.25, 22.25
2026-08-23, 06:41:12, 22.25, 22.39, 22.75, 22.75, 9999.0, 9999.0, 9999.0, 23.7, 9999.0, 22.39, 9999.0, 22.64, 22.5, 22.23, 22.25, 22.25
2026-08-23, 06:41:16, 22.25, 22.41, 22.75, 22.75, 9999.0, 9999.0, 9999.0, 23.75, 9999.0, 22.39, 9999.0, 22.61, 22.5, 22.23, 22.25, 22.25
2026-08-23, 06:41:20, 22.25, 22.41, 22.75, 22.75, 9999.0, 9999.0, 9999.0, 23.77, 9999.0, 22.36, 9999.0, 22.59, 22.5, 22.23, 22.25, 22.25
2026-08-23, 06:41:24, 22.25, 22.41, 22.75, 22.75, 9999.0, 9999.0, 9999.0, 23.82, 9999.0, 22.34, 9999.0, 22.59, 22.5, 22.23, 22.25, 22.25
2026-08-23, 06:41:28, 22.25, 22.43, 22.75, 22.75, 9999.0, 9999.0, 9999.0, 23.86, 9999.0, 22.32, 9999.0, 22.59, 22.5, 22.23, 22.25, 22.25
2026-08-23, 06:41:32, 22.25, 22.43, 22.75, 22.75, 9999.0, 9999.0, 9999.0, 23.82, 9999.0, 22.3, 9999.0, 22.59, 22.5, 22.23, 22.25, 22.25
2026-08-23, 06:41:36, 22.25, 22.43, 22.75, 22.75, 9999.0, 9999.0, 9999.0, 23.8, 9999.0, 22.27, 9999.0, 22.59, 22.5, 22.23, 22.25, 22.25
2026-08-23, 06:41:40, 22.25, 22.43, 22.75, 22.75, 9999.0, 9999.0, 9999.0, 23.75, 9999.0, 22.23, 9999.0, 22.61, 22.5, 22.23, 22.25, 22.25
2026-08-23, 06:41:44, 22.25, 22.45, 22.75, 22.75, 9999.0, 9999.0, 9999.0, 23.73, 9999.0, 22.2, 9999.0, 22.64, 22.5, 22.25, 22.25, 22.25
2026-08-23, 06:41:48, 22.25, 22.45, 22.75, 22.75, 9999.0, 9999.0, 9999.0, 23.7, 9999.0, 22.2, 9999.0, 22.66, 22.5, 22.25, 22.25, 22.25
2026-08-23, 06:41:52, 22.25, 22.45, 22.75, 22.75, 9999.0, 9999.0, 9999.0, 23.66, 9999.0, 22.2, 9999.0, 22.68, 22.5, 22.25, 22.25, 22.25
2026-08-23, 06:41:57, 22.25, 22.45, 22.75, 22.75, 9999.0, 9999.0, 9999.0, 23.61, 9999.0, 22.2, 9999.0, 22.7, 22.5, 22.25, 22.25, 22.25
2026-08-23, 06:42:01, 22.25, 22.45, 22.75, 22.75, 9999.0, 9999.0, 9999.0, 23.57, 9999.0, 22.2, 9999.0, 22.73, 22.5, 22.25, 22.25, 22.25
2026-08-23, 06:42:05, 22.25, 22.48, 22.75, 22.75, 9999.0, 9999.0, 9999.0, 23.61, 9999.0, 22.2, 9999.0, 22.73, 22.5, 22.25, 22.25, 22.25
2026-08-23, 06:42:09, 22.25, 22.5, 22.75, 22.77, 9999.0, 9999.0, 9999.0, 23.64, 9999.0, 22.2, 9999.0, 22.73, 22.5, 22.25, 22.25, 22.25
2026-08-23, 06:42:13, 22.25, 22.5, 22.75, 22.77, 9999.0, 9999.0, 9999.0, 23.66, 9999.0, 22.2, 9999.0, 22.73, 22.5, 22.25, 22.25, 22.25
2026-08-23, 06:42:17, 22.25, 22.5, 22.75, 22.77, 9999.0, 9999.0, 9999.0, 23.68, 9999.0, 22.23, 9999.0, 22.73, 22.5, 22.23, 22.25, 22.25
2026-08-23, 06:42:21, 22.27, 22.5, 22.75, 22.77, 9999.0, 9999.0, 9999.0, 23.7, 9999.0, 22.23, 9999.0, 22.73, 22.5, 22.23, 22.25, 22.25
2026-08-23, 06:42:25, 22.27, 22.5, 22.75, 22.77, 9999.0, 9999.0, 9999.0, 23.73, 9999.0, 22.25, 9999.0, 22.7, 22.5, 22.23, 22.25, 22.25
2026-08-23, 06:42:29, 22.27, 22.5, 22.75, 22.77, 9999.0, 9999.0, 9999.0, 23.75, 9999.0, 22.25, 9999.0, 22.68, 22.5, 22.23, 22.25, 22.25
2026-08-23, 06:42:33, 22.27, 22.5, 22.75, 22.77, 9999.0, 9999.0, 9999.0, 23.77, 9999.0, 22.25, 9999.0, 22.66, 22.5, 22.23, 22.25, 22.25
2026-08-23, 06:42:37, 22.27, 22.5, 22.75, 22.77, 9999.0, 9999.0, 9999.0, 23.82, 9999.0, 22.23, 9999.0, 22.64, 22.5, 22.23, 22.25, 22.25
2026-08-23, 06:42:41, 22.27, 22.48, 22.75, 22.77, 9999.0, 9999.0, 9999.0, 23.86, 9999.0, 22.2, 9999.0, 22.64, 22.48, 22.23, 22.25, 22.25
2026-08-23, 06:42:45, 22.27, 22.48, 22.75, 22.77, 9999.0, 9999.0, 9999.0, 23.91, 9999.0, 22.18, 9999.0, 22.64, 22.48, 22.23, 22.25, 22.25
2026-08-23, 06:42:49, 22.27, 22.48, 22.75, 22.77, 9999.0, 9999.0, 9999.0, 23.86, 9999.0, 22.16, 9999.0, 22.66, 22.48, 22.23, 22.25, 22.25
2026-08-23, 06:42:53, 22.27, 22.48, 22.75, 22.75, 9999.0, 9999.0, 9999.0, 23.84, 9999.0, 22.14, 9999.0, 22.66, 22.48, 22.23, 22.25, 22.25
2026-08-23, 06:42:57, 22.27, 22.48, 22.75, 22.75, 9999.0, 9999.0, 9999.0, 23.8, 9999.0, 22.11, 9999.0, 22.66, 22.48, 22.23, 22.25, 22.25
2026-08-23, 06:43:01, 22.27, 22.48, 22.75, 22.75, 9999.0, 9999.0, 9999.0, 23.75, 9999.0, 22.09, 9999.0, 22.66, 22.48, 22.25, 22.25, 22.25
2026-08-23, 06:43:05, 22.25, 22.48, 22.75, 22.75, 9999.0, 9999.0, 9999.0, 23.7, 9999.0, 22.09, 9999.0, 22.66, 22.48, 22.25, 22.25, 22.25
2026-08-23, 06:43:09, 22.25, 22.48, 22.75, 22.75, 9999.0, 9999.0, 9999.0, 23.68, 9999.0, 22.09, 9999.0, 22.68, 22.48, 22.25, 22.25, 22.25
2026-08-23, 06:43:13, 22.25, 22.48, 22.75, 22.75, 9999.0, 9999.0, 9999.0, 23.64, 9999.0, 22.11, 9999.0, 22.7, 22.48, 22.25, 22.25, 22.25
2026-08-23, 06:43:17, 22.25, 22.48, 22.75, 22.75, 9999.0, 9999.0, 9999.0, 23.59, 9999.0, 22.11, 9999.0, 22.73, 22.48, 22.25, 22.25, 22.25
2026-08-23, 06:43:21, 22.25, 22.48, 22.77, 22.75, 9999.0, 9999.0, 9999.0, 23.52, 9999.0, 22.14, 9999.0, 22.75, 22.48, 22.25, 22.25, 22.25
2026-08-23, 06:43:25, 22.25, 22.48, 22.77, 22.75, 9999.0, 9999.0, 9999.0, 23.55, 9999.0, 22.16, 9999.0, 22.75, 22.5, 22.25, 22.25, 22.25
2026-08-23, 06:43:29, 22.25, 22.48, 22.77, 22.75, 9999.0, 9999.0, 9999.0, 23.57, 9999.0, 22.18, 9999.0, 22.75, 22.5, 22.25, 22.25, 22.25
2026-08-23, 06:43:33, 22.25, 22.48, 22.8, 22.75, 9999.0, 9999.0, 9999.0, 23.59, 9999.0, 22.2, 9999.0, 22.75, 22.5, 22.25, 22.25, 22.25
2026-08-23, 06:43:37, 22.25, 22.48, 22.8, 22.75, 9999.0, 9999.0, 9999.0, 23.61, 9999.0, 22.23, 9999.0, 22.75, 22.5, 22.25, 22.25, 22.25
2026-08-23, 06:43:41, 22.25, 22.48, 22.8, 22.75, 9999.0, 9999.0, 9999.0, 23.64, 9999.0, 22.25, 9999.0, 22.73, 22.5, 22.25, 22.25, 22.25
2026-08-23, 06:43:45, 22.25, 22.45, 22.8, 22.75, 9999.0, 9999.0, 9999.0, 23.66, 9999.0, 22.27, 9999.0, 22.7, 22.5, 22.25, 22.25, 22.25
2026-08-23, 06:43:49, 22.25, 22.45, 22.8, 22.75, 9999.0, 9999.0, 9999.0, 23.68, 9999.0, 22.27, 9999.0, 22.68, 22.5, 22.25, 22.25, 22.25
2026-08-23, 06:43:53, 22.25, 22.45, 22.8, 22.75, 9999.0, 9999.0, 9999.0, 23.7, 9999.0, 22.27, 9999.0, 22.66, 22.5, 22.25, 22.25, 22.25
2026-08-23, 06:43:57, 22.25, 22.45, 22.8, 22.75, 9999.0, 9999.0, 9999.0, 23.75, 9999.0, 22.25, 9999.0, 22.64, 22.5, 22.25, 22.25, 22.25
2026-08-23, 06:44:01, 22.25, 22.45, 22.8, 22.75, 9999.0, 9999.0, 9999.0, 23.8, 9999.0, 22.25, 9999.0, 22.64, 22.5, 22.25, 22.25, 22.25
2026-08-23, 06:44:05, 22.25, 22.43, 22.77, 22.75, 9999.0, 9999.0, 9999.0, 23.84, 9999.0, 22.25, 9999.0, 22.64, 22.5, 22.25, 22.25, 22.25
2026-08-23, 06:44:09, 22.25, 22.45, 22.77, 22.75, 9999.0, 9999.0, 9999.0, 23.82, 9999.0, 22.25, 9999.0, 22.64, 22.5, 22.25, 22.25, 22.25
2026-08-23, 06:44:13, 22.25, 22.45, 22.77, 22.75, 9999.0, 9999.0, 9999.0, 23.77, 9999.0, 22.25, 9999.0, 22.66, 22.5, 22.25, 22.25, 22.25
2026-08-23, 06:44:17, 22.25, 22.45, 22.75, 22.75, 9999.0, 9999.0, 9999.0, 23.73, 9999.0, 22.25, 9999.0, 22.66, 22.5, 22.25, 22.25, 22.25
2026-08-23, 06:44:21, 22.25, 22.45, 22.75, 22.75, 9999.0, 9999.0, 9999.0, 23.68, 9999.0, 22.27, 9999.0, 22.66, 22.5, 22.25, 22.25, 22.25
2026-08-23, 06:44:25, 22.27, 22.45, 22.75, 22.75, 9999.0, 9999.0, 9999.0, 23.66, 9999.0, 22.27, 9999.0, 22.68, 22.5, 22.25, 22.25, 22.25
2026-08-23, 06:44:29, 22.27, 22.48, 22.75, 22.75, 9999.0, 9999.0, 9999.0, 23.64, 9999.0, 22.3, 9999.0, 22.7, 22.5, 22.25, 22.25, 22.25
2026-08-23, 06:44:33, 22.27, 22.48, 22.75, 22.75, 9999.0, 9999.0, 9999.0, 23.59, 9999.0, 22.32, 9999.0, 22.73, 22.5, 22.25, 22.25, 22.25
2026-08-23, 06:44:37, 22.27, 22.48, 22.75, 22.75, 9999.0, 9999.0, 9999.0, 23.57, 9999.0, 22.34, 9999.0, 22.75, 22.5, 22.25, 22.25, 22.25
2026-08-23, 06:44:41, 22.27, 22.48, 22.75, 22.75, 9999.0, 9999.0, 9999.0, 23.61, 9999.0, 22.36, 9999.0, 22.77, 22.5, 22.25, 22.25, 22.25
2026-08-23, 06:44:45, 22.27, 22.48, 22.75, 22.75, 9999.0, 9999.0, 9999.0, 23.64, 9999.0, 22.39, 9999.0, 22.77, 22.5, 22.25, 22.25, 22.25
2026-08-23, 06:44:49, 22.27, 22.5, 22.75, 22.75, 9999.0, 9999.0, 9999.0, 23.66, 9999.0, 22.39, 9999.0, 22.75, 22.5, 22.25, 22.25, 22.25
2026-08-23, 06:44:53, 22.27, 22.5, 22.75, 22.75, 9999.0, 9999.0, 9999.0, 23.68, 9999.0, 22.39, 9999.0, 22.75, 22.5, 22.25, 22.25, 22.25
2026-08-23, 06:44:57, 22.27, 22.5, 22.75, 22.75, 9999.0, 9999.0, 9999.0, 23.73, 9999.0, 22.39, 9999.0, 22.7, 22.5, 22.25, 22.25, 22.25
2026-08-23, 06:45:01, 22.27, 22.5, 22.75, 22.75, 9999.0, 9999.0, 9999.0, 23.77, 9999.0, 22.39, 9999.0, 22.68, 22.5, 22.25, 22.25, 22.25
2026-08-23, 06:45:05, 22.27, 22.5, 22.75, 22.75, 9999.0, 9999.0, 9999.0, 23.8, 9999.0, 22.36, 9999.0, 22.66, 22.5, 22.25, 22.25, 22.25
2026-08-23, 06:45:09, 22.25, 22.5, 22.75, 22.75, 9999.0, 9999.0, 9999.0, 23.82, 9999.0, 22.36, 9999.0, 22.64, 22.5, 22.25, 22.25, 22.25
2026-08-23, 06:45:13, 22.25, 22.5, 22.75, 22.75, 9999.0, 9999.0, 9999.0, 23.86, 9999.0, 22.34, 9999.0, 22.61, 22.5, 22.25, 22.25, 22.25
2026-08-23, 06:45:17, 22.25, 22.5, 22.75, 22.75, 9999.0, 9999.0, 9999.0, 23.91, 9999.0, 22.32, 9999.0, 22.61, 22.5, 22.25, 22.25, 22.25
2026-08-23, 06:45:21, 22.25, 22.5, 22.75, 22.75, 9999.0, 9999.0, 9999.0, 23.93, 9999.0, 22.3, 9999.0, 22.61, 22.48, 22.25, 22.25, 22.25
2026-08-23, 06:45:25, 22.25, 22.5, 22.75, 22.75, 9999.0, 9999.0, 9999.0, 23.89, 9999.0, 22.27, 9999.0, 22.61, 22.48, 22.25, 22.25, 22.25
2026-08-23, 06:45:29, 22.25, 22.5, 22.75, 22.75, 9999.0, 9999.0, 9999.0, 23.86, 9999.0, 22.25, 9999.0, 22.64, 22.48, 22.25, 22.25, 22.25
2026-08-23, 06:45:33, 22.25, 22.5, 22.75, 22.75, 9999.0, 9999.0, 9999.0, 23.82, 9999.0, 22.25, 9999.0, 22.66, 22.48, 22.25, 22.25, 22.25
2026-08-23, 06:45:37, 22.25, 22.5, 22.75, 22.75, 9999.0, 9999.0, 9999.0, 23.8, 9999.0, 22.27, 9999.0, 22.66, 22.48, 22.25, 22.25, 22.25
2026-08-23, 06:45:42, 22.25, 22.5, 22.75, 22.75, 9999.0, 9999.0, 9999.0, 23.75, 9999.0, 22.27, 9999.0, 22.68, 22.48, 22.25, 22.25, 22.25
2026-08-23, 06:45:46, 22.25, 22.5, 22.75, 22.75, 9999.0, 9999.0, 9999.0, 23.7, 9999.0, 22.3, 9999.0, 22.7, 22.48, 22.25, 22.25, 22.25
2026-08-23, 06:45:50, 22.25, 22.5, 22.75, 22.75, 9999.0, 9999.0, 9999.0, 23.68, 9999.0, 22.32, 9999.0, 22.73, 22.48, 22.25, 22.25, 22.25
2026-08-23, 06:45:54, 22.25, 22.5, 22.75, 22.75, 9999.0, 9999.0, 9999.0, 23.66, 9999.0, 22.34, 9999.0, 22.75, 22.48, 22.25, 22.25, 22.25
2026-08-23, 06:45:58, 22.25, 22.5, 22.75, 22.75, 9999.0, 9999.0, 9999.0, 23.68, 9999.0, 22.36, 9999.0, 22.77, 22.48, 22.25, 22.25, 22.25
2026-08-23, 06:46:02, 22.25, 22.5, 22.75, 22.75, 9999.0, 9999.0, 9999.0, 23.73, 9999.0, 22.39, 9999.0, 22.77, 22.48, 22.25, 22.25, 22.25
2026-08-23, 06:46:06, 22.25, 22.5, 22.75, 22.75, 9999.0, 9999.0, 9999.0, 23.75, 9999.0, 22.41, 9999.0, 22.77, 22.5, 22.25, 22.25, 22.25
2026-08-23, 06:46:10, 22.25, 22.5, 22.75, 22.75, 9999.0, 9999.0, 9999.0, 23.77, 9999.0, 22.43, 9999.0, 22.75, 22.5, 22.25, 22.25, 22.25
2026-08-23, 06:46:14, 22.25, 22.5, 22.75, 22.75, 9999.0, 9999.0, 9999.0, 23.8, 9999.0, 22.45, 9999.0, 22.7, 22.5, 22.25, 22.25, 22.25
2026-08-23, 06:46:18, 22.25, 22.5, 22.75, 22.75, 9999.0, 9999.0, 9999.0, 23.84, 9999.0, 22.48, 9999.0, 22.7, 22.5, 22.25, 22.25, 22.25
2026-08-23, 06:46:22, 22.25, 22.5, 22.75, 22.75, 9999.0, 9999.0, 9999.0, 23.84, 9999.0, 22.48, 9999.0, 22.68, 22.5, 22.25, 22.25, 22.25
2026-08-23, 06:46:26, 22.25, 22.5, 22.75, 22.75, 9999.0, 9999.0, 9999.0, 23.86, 9999.0, 22.48, 9999.0, 22.66, 22.5, 22.25, 22.25, 22.25
2026-08-23, 06:46:30, 22.25, 22.48, 22.75, 22.75, 9999.0, 9999.0, 9999.0, 23.91, 9999.0, 22.45, 9999.0, 22.64, 22.5, 22.25, 22.25, 22.25
2026-08-23, 06:46:34, 22.25, 22.48, 22.75, 22.75, 9999.0, 9999.0, 9999.0, 23.93, 9999.0, 22.43, 9999.0, 22.64, 22.5, 22.25, 22.25, 22.25
2026-08-23, 06:46:38, 22.25, 22.48, 22.75, 22.75, 9999.0, 9999.0, 9999.0, 23.95, 9999.0, 22.41, 9999.0, 22.64, 22.5, 22.25, 22.25, 22.25
2026-08-23, 06:46:42, 22.25, 22.45, 22.75, 22.75, 9999.0, 9999.0, 9999.0, 23.91, 9999.0, 22.39, 9999.0, 22.64, 22.48, 22.25, 22.25, 22.25
2026-08-23, 06:46:46, 22.25, 22.43, 22.75, 22.75, 9999.0, 9999.0, 9999.0, 23.86, 9999.0, 22.36, 9999.0, 22.66, 22.48, 22.25, 22.25, 22.25
2026-08-23, 06:46:50, 22.25, 22.43, 22.75, 22.75, 9999.0, 9999.0, 9999.0, 23.84, 9999.0, 22.34, 9999.0, 22.66, 22.48, 22.25, 22.25, 22.25
2026-08-23, 06:46:54, 22.25, 22.43, 22.75, 22.75, 9999.0, 9999.0, 9999.0, 23.82, 9999.0, 22.32, 9999.0, 22.68, 22.48, 22.25, 22.25, 22.25
2026-08-23, 06:46:58, 22.25, 22.43, 22.75, 22.75, 9999.0, 9999.0, 9999.0, 23.8, 9999.0, 22.32, 9999.0, 22.7, 22.48, 22.25, 22.25, 22.25
2026-08-23, 06:47:02, 22.25, 22.43, 22.75, 22.75, 9999.0, 9999.0, 9999.0, 23.75, 9999.0, 22.32, 9999.0, 22.7, 22.48, 22.25, 22.25, 22.25
2026-08-23, 06:47:06, 22.25, 22.43, 22.75, 22.75, 9999.0, 9999.0, 9999.0, 23.73, 9999.0, 22.34, 9999.0, 22.73, 22.48, 22.25, 22.25, 22.25
2026-08-23, 06:47:10, 22.25, 22.43, 22.75, 22.75, 9999.0, 9999.0, 9999.0, 23.7, 9999.0, 22.39, 9999.0, 22.75, 22.48, 22.25, 22.25, 22.25
2026-08-23, 06:47:14, 22.25, 22.45, 22.75, 22.75, 9999.0, 9999.0, 9999.0, 23.66, 9999.0, 22.41, 9999.0, 22.77, 22.48, 22.25, 22.25, 22.25
2026-08-23, 06:47:18, 22.25, 22.45, 22.75, 22.75, 9999.0, 9999.0, 9999.0, 23.7, 9999.0, 22.43, 9999.0, 22.77, 22.48, 22.25, 22.25, 22.25
2026-08-23, 06:47:22, 22.25, 22.43, 22.75, 22.75, 9999.0, 9999.0, 9999.0, 23.75, 9999.0, 22.45, 9999.0, 22.77, 22.48, 22.25, 22.25, 22.25
2026-08-23, 06:47:26, 22.25, 22.45, 22.75, 22.75, 9999.0, 9999.0, 9999.0, 23.8, 9999.0, 22.48, 9999.0, 22.77, 22.5, 22.25, 22.25, 22.25
2026-08-23, 06:47:30, 22.25, 22.48, 22.75, 22.75, 9999.0, 9999.0, 9999.0, 23.82, 9999.0, 22.5, 9999.0, 22.73, 22.5, 22.25, 22.25, 22.25
2026-08-23, 06:47:34, 22.25, 22.48, 22.75, 22.75, 9999.0, 9999.0, 9999.0, 23.84, 9999.0, 22.52, 9999.0, 22.7, 22.48, 22.25, 22.25, 22.25
2026-08-23, 06:47:38, 22.25, 22.45, 22.75, 22.75, 9999.0, 9999.0, 9999.0, 23.86, 9999.0, 22.55, 9999.0, 22.68, 22.48, 22.25, 22.25, 22.25
2026-08-23, 06:47:42, 22.25, 22.45, 22.75, 22.75, 9999.0, 9999.0, 9999.0, 23.89, 9999.0, 22.55, 9999.0, 22.66, 22.48, 22.25, 22.25, 22.25
2026-08-23, 06:47:46, 22.25, 22.45, 22.75, 22.75, 9999.0, 9999.0, 9999.0, 23.93, 9999.0, 22.55, 9999.0, 22.64, 22.48, 22.25, 22.25, 22.25
2026-08-23, 06:47:50, 22.25, 22.45, 22.75, 22.75, 9999.0, 9999.0, 9999.0, 23.95, 9999.0, 22.52, 9999.0, 22.61, 22.48, 22.25, 22.25, 22.25
2026-08-23, 06:47:54, 22.25, 22.45, 22.75, 22.75, 9999.0, 9999.0, 9999.0, 23.98, 9999.0, 22.5, 9999.0, 22.61, 22.48, 22.25, 22.25, 22.25
2026-08-23, 06:47:58, 22.25, 22.45, 22.75, 22.75, 9999.0, 9999.0, 9999.0, 24.0, 9999.0, 22.5, 9999.0, 22.61, 22.48, 22.25, 22.25, 22.25
2026-08-23, 06:48:02, 22.25, 22.45, 22.75, 22.75, 9999.0, 9999.0, 9999.0, 23.95, 9999.0, 22.48, 9999.0, 22.61, 22.48, 22.25, 22.25, 22.25
2026-08-23, 06:48:06, 22.25, 22.48, 22.75, 22.75, 9999.0, 9999.0, 9999.0, 23.91, 9999.0, 22.48, 9999.0, 22.61, 22.48, 22.25, 22.25, 22.25
2026-08-23, 06:48:10, 22.25, 22.48, 22.75, 22.75, 9999.0, 9999.0, 9999.0, 23.84, 9999.0, 22.45, 9999.0, 22.61, 22.48, 22.25, 22.25, 22.25
2026-08-23, 06:48:14, 22.25, 22.48, 22.75, 22.75, 9999.0, 9999.0, 9999.0, 23.8, 9999.0, 22.48, 9999.0, 22.64, 22.48, 22.25, 22.25, 22.25
2026-08-23, 06:48:18, 22.25, 22.48, 22.75, 22.75, 9999.0, 9999.0, 9999.0, 23.75, 9999.0, 22.5, 9999.0, 22.66, 22.5, 22.25, 22.25, 22.25
2026-08-23, 06:48:22, 22.25, 22.5, 22.75, 22.75, 9999.0, 9999.0, 9999.0, 23.7, 9999.0, 22.52, 9999.0, 22.68, 22.5, 22.25, 22.25, 22.25
2026-08-23, 06:48:26, 22.25, 22.48, 22.75, 22.75, 9999.0, 9999.0, 9999.0, 23.66, 9999.0, 22.55, 9999.0, 22.7, 22.5, 22.25, 22.25, 22.25
2026-08-23, 06:48:30, 22.25, 22.45, 22.75, 22.75, 9999.0, 9999.0, 9999.0, 23.61, 9999.0, 22.57, 9999.0, 22.73, 22.5, 22.25, 22.25, 22.25
2026-08-23, 06:48:34, 22.25, 22.43, 22.75, 22.75, 9999.0, 9999.0, 9999.0, 23.66, 9999.0, 22.59, 9999.0, 22.75, 22.5, 22.25, 22.25, 22.25
2026-08-23, 06:48:38, 22.25, 22.43, 22.75, 22.75, 9999.0, 9999.0, 9999.0, 23.7, 9999.0, 22.61, 9999.0, 22.73, 22.5, 22.25, 22.25, 22.25
2026-08-23, 06:48:42, 22.25, 22.43, 22.75, 22.75, 9999.0, 9999.0, 9999.0, 23.75, 9999.0, 22.61, 9999.0, 22.73, 22.5, 22.25, 22.25, 22.25
2026-08-23, 06:48:46, 22.25, 22.43, 22.75, 22.75, 9999.0, 9999.0, 9999.0, 23.77, 9999.0, 22.64, 9999.0, 22.73, 22.5, 22.23, 22.25, 22.25
2026-08-23, 06:48:50, 22.25, 22.43, 22.75, 22.75, 9999.0, 9999.0, 9999.0, 23.8, 9999.0, 22.64, 9999.0, 22.73, 22.5, 22.23, 22.25, 22.25
2026-08-23, 06:48:54, 22.25, 22.43, 22.75, 22.75, 9999.0, 9999.0, 9999.0, 23.84, 9999.0, 22.66, 9999.0, 22.7, 22.5, 22.23, 22.25, 22.25
2026-08-23, 06:48:58, 22.25, 22.43, 22.75, 22.75, 9999.0, 9999.0, 9999.0, 23.89, 9999.0, 22.64, 9999.0, 22.68, 22.5, 22.23, 22.25, 22.25
2026-08-23, 06:49:02, 22.25, 22.43, 22.75, 22.75, 9999.0, 9999.0, 9999.0, 23.93, 9999.0, 22.61, 9999.0, 22.66, 22.5, 22.23, 22.25, 22.25
2026-08-23, 06:49:06, 22.25, 22.43, 22.75, 22.75, 9999.0, 9999.0, 9999.0, 23.98, 9999.0, 22.59, 9999.0, 22.64, 22.5, 22.23, 22.25, 22.25
2026-08-23, 06:49:10, 22.25, 22.45, 22.75, 22.75, 9999.0, 9999.0, 9999.0, 24.02, 9999.0, 22.57, 9999.0, 22.64, 22.5, 22.23, 22.25, 22.25
2026-08-23, 06:49:14, 22.25, 22.48, 22.75, 22.75, 9999.0, 9999.0, 9999.0, 24.05, 9999.0, 22.55, 9999.0, 22.64, 22.5, 22.23, 22.25, 22.25
2026-08-23, 06:49:18, 22.25, 22.5, 22.75, 22.75, 9999.0, 9999.0, 9999.0, 24.0, 9999.0, 22.52, 9999.0, 22.64, 22.5, 22.23, 22.25, 22.25
2026-08-23, 06:49:22, 22.25, 22.5, 22.75, 22.75, 9999.0, 9999.0, 9999.0, 23.95, 9999.0, 22.5, 9999.0, 22.68, 22.5, 22.23, 22.25, 22.25
2026-08-23, 06:49:27, 22.25, 22.48, 22.77, 22.75, 9999.0, 9999.0, 9999.0, 23.91, 9999.0, 22.5, 9999.0, 22.68, 22.5, 22.23, 22.25, 22.25
2026-08-23, 06:49:31, 22.27, 22.48, 22.77, 22.75, 9999.0, 9999.0, 9999.0, 23.89, 9999.0, 22.52, 9999.0, 22.68, 22.5, 22.25, 22.25, 22.25
2026-08-23, 06:49:35, 22.27, 22.48, 22.77, 22.75, 9999.0, 9999.0, 9999.0, 23.86, 9999.0, 22.55, 9999.0, 22.68, 22.5, 22.25, 22.25, 22.25
2026-08-23, 06:49:39, 22.27, 22.48, 22.77, 22.75, 9999.0, 9999.0, 9999.0, 23.84, 9999.0, 22.57, 9999.0, 22.7, 22.5, 22.25, 22.25, 22.25
2026-08-23, 06:49:43, 22.27, 22.48, 22.77, 22.73, 9999.0, 9999.0, 9999.0, 23.8, 9999.0, 22.59, 9999.0, 22.73, 22.5, 22.25, 22.25, 22.25
2026-08-23, 06:49:47, 22.27, 22.48, 22.77, 22.73, 9999.0, 9999.0, 9999.0, 23.75, 9999.0, 22.61, 9999.0, 22.75, 22.5, 22.25, 22.25, 22.25
2026-08-23, 06:49:51, 22.27, 22.48, 22.77, 22.73, 9999.0, 9999.0, 9999.0, 23.8, 9999.0, 22.64, 9999.0, 22.77, 22.5, 22.25, 22.25, 22.25
2026-08-23, 06:49:55, 22.27, 22.48, 22.77, 22.73, 9999.0, 9999.0, 9999.0, 23.82, 9999.0, 22.66, 9999.0, 22.77, 22.5, 22.25, 22.25, 22.25
2026-08-23, 06:49:59, 22.27, 22.48, 22.77, 22.73, 9999.0, 9999.0, 9999.0, 23.86, 9999.0, 22.68, 9999.0, 22.75, 22.5, 22.25, 22.25, 22.25
2026-08-23, 06:50:03, 22.27, 22.48, 22.77, 22.73, 9999.0, 9999.0, 9999.0, 23.91, 9999.0, 22.7, 9999.0, 22.73, 22.5, 22.23, 22.25, 22.25
2026-08-23, 06:50:07, 22.27, 22.45, 22.77, 22.73, 9999.0, 9999.0, 9999.0, 23.95, 9999.0, 22.7, 9999.0, 22.68, 22.5, 22.23, 22.25, 22.25
2026-08-23, 06:50:11, 22.27, 22.48, 22.75, 22.73, 9999.0, 9999.0, 9999.0, 23.98, 9999.0, 22.73, 9999.0, 22.66, 22.5, 22.23, 22.25, 22.25
2026-08-23, 06:50:15, 22.25, 22.45, 22.75, 22.73, 9999.0, 9999.0, 9999.0, 24.0, 9999.0, 22.7, 9999.0, 22.64, 22.5, 22.23, 22.25, 22.25
2026-08-23, 06:50:19, 22.25, 22.43, 22.75, 22.73, 9999.0, 9999.0, 9999.0, 24.02, 9999.0, 22.68, 9999.0, 22.61, 22.48, 22.23, 22.25, 22.25
2026-08-23, 06:50:23, 22.25, 22.43, 22.75, 22.73, 9999.0, 9999.0, 9999.0, 24.05, 9999.0, 22.68, 9999.0, 22.59, 22.48, 22.23, 22.25, 22.25
2026-08-23, 06:50:27, 22.25, 22.43, 22.75, 22.75, 9999.0, 9999.0, 9999.0, 24.09, 9999.0, 22.66, 9999.0, 22.59, 22.48, 22.23, 22.25, 22.25
2026-08-23, 06:50:31, 22.25, 22.43, 22.75, 22.75, 9999.0, 9999.0, 9999.0, 24.14, 9999.0, 22.64, 9999.0, 22.59, 22.45, 22.23, 22.25, 22.25
2026-08-23, 06:50:35, 22.25, 22.43, 22.75, 22.75, 9999.0, 9999.0, 9999.0, 24.09, 9999.0, 22.61, 9999.0, 22.59, 22.45, 22.23, 22.25, 22.25
2026-08-23, 06:50:39, 22.25, 22.43, 22.75, 22.75, 9999.0, 9999.0, 9999.0, 24.05, 9999.0, 22.59, 9999.0, 22.59, 22.45, 22.23, 22.25, 22.25
2026-08-23, 06:50:43, 22.25, 22.41, 22.75, 22.75, 9999.0, 9999.0, 9999.0, 24.0, 9999.0, 22.57, 9999.0, 22.61, 22.45, 22.23, 22.25, 22.25
2026-08-23, 06:50:47, 22.25, 22.41, 22.75, 22.75, 9999.0, 9999.0, 9999.0, 23.95, 9999.0, 22.55, 9999.0, 22.64, 22.45, 22.25, 22.25, 22.25
2026-08-23, 06:50:51, 22.25, 22.43, 22.75, 22.75, 9999.0, 9999.0, 9999.0, 23.91, 9999.0, 22.57, 9999.0, 22.66, 22.45, 22.25, 22.25, 22.25
2026-08-23, 06:50:55, 22.25, 22.43, 22.75, 22.75, 9999.0, 9999.0, 9999.0, 23.89, 9999.0, 22.57, 9999.0, 22.68, 22.45, 22.23, 22.25, 22.25
2026-08-23, 06:50:59, 22.25, 22.45, 22.75, 22.75, 9999.0, 9999.0, 9999.0, 23.84, 9999.0, 22.59, 9999.0, 22.7, 22.45, 22.23, 22.25, 22.25
2026-08-23, 06:51:03, 22.25, 22.48, 22.75, 22.75, 9999.0, 9999.0, 9999.0, 23.8, 9999.0, 22.61, 9999.0, 22.73, 22.48, 22.2, 22.25, 22.25
2026-08-23, 06:51:07, 22.25, 22.48, 22.75, 22.75, 9999.0, 9999.0, 9999.0, 23.75, 9999.0, 22.61, 9999.0, 22.75, 22.48, 22.2, 22.25, 22.25
2026-08-23, 06:51:11, 22.25, 22.48, 22.75, 22.75, 9999.0, 9999.0, 9999.0, 23.77, 9999.0, 22.64, 9999.0, 22.75, 22.48, 22.2, 22.25, 22.25
2026-08-23, 06:51:15, 22.25, 22.48, 22.73, 22.75, 9999.0, 9999.0, 9999.0, 23.8, 9999.0, 22.66, 9999.0, 22.75, 22.5, 22.2, 22.25, 22.25
2026-08-23, 06:51:19, 22.25, 22.48, 22.73, 22.75, 9999.0, 9999.0, 9999.0, 23.82, 9999.0, 22.68, 9999.0, 22.73, 22.5, 22.2, 22.25, 22.25
2026-08-23, 06:51:23, 22.25, 22.48, 22.73, 22.75, 9999.0, 9999.0, 9999.0, 23.84, 9999.0, 22.7, 9999.0, 22.7, 22.5, 22.2, 22.25, 22.25
2026-08-23, 06:51:27, 22.25, 22.5, 22.73, 22.75, 9999.0, 9999.0, 9999.0, 23.86, 9999.0, 22.73, 9999.0, 22.68, 22.5, 22.2, 22.25, 22.25
2026-08-23, 06:51:31, 22.25, 22.5, 22.73, 22.75, 9999.0, 9999.0, 9999.0, 23.89, 9999.0, 22.73, 9999.0, 22.66, 22.5, 22.2, 22.25, 22.25
2026-08-23, 06:51:35, 22.25, 22.5, 22.73, 22.75, 9999.0, 9999.0, 9999.0, 23.91, 9999.0, 22.73, 9999.0, 22.64, 22.5, 22.2, 22.25, 22.25
2026-08-23, 06:51:39, 22.25, 22.5, 22.73, 22.75, 9999.0, 9999.0, 9999.0, 23.93, 9999.0, 22.73, 9999.0, 22.61, 22.5, 22.23, 22.25, 22.25
2026-08-23, 06:51:43, 22.25, 22.48, 22.73, 22.75, 9999.0, 9999.0, 9999.0, 23.98, 9999.0, 22.73, 9999.0, 22.59, 22.5, 22.23, 22.25, 22.23
2026-08-23, 06:51:47, 22.25, 22.48, 22.73, 22.75, 9999.0, 9999.0, 9999.0, 24.02, 9999.0, 22.7, 9999.0, 22.59, 22.5, 22.25, 22.25, 22.23
2026-08-23, 06:51:51, 22.25, 22.48, 22.73, 22.75, 9999.0, 9999.0, 9999.0, 24.05, 9999.0, 22.68, 9999.0, 22.59, 22.5, 22.25, 22.25, 22.23
2026-08-23, 06:51:55, 22.25, 22.48, 22.73, 22.75, 9999.0, 9999.0, 9999.0, 24.0, 9999.0, 22.66, 9999.0, 22.59, 22.5, 22.25, 22.25, 22.23
2026-08-23, 06:51:59, 22.25, 22.48, 22.75, 22.75, 9999.0, 9999.0, 9999.0, 23.95, 9999.0, 22.64, 9999.0, 22.59, 22.5, 22.25, 22.25, 22.23
2026-08-23, 06:52:03, 22.25, 22.48, 22.75, 22.75, 9999.0, 9999.0, 9999.0, 23.91, 9999.0, 22.61, 9999.0, 22.61, 22.5, 22.25, 22.25, 22.23
2026-08-23, 06:52:07, 22.25, 22.48, 22.75, 22.75, 9999.0, 9999.0, 9999.0, 23.89, 9999.0, 22.61, 9999.0, 22.64, 22.5, 22.25, 22.25, 22.23
2026-08-23, 06:52:11, 22.25, 22.48, 22.75, 22.75, 9999.0, 9999.0, 9999.0, 23.86, 9999.0, 22.59, 9999.0, 22.66, 22.48, 22.25, 22.25, 22.23
2026-08-23, 06:52:15, 22.25, 22.45, 22.75, 22.75, 9999.0, 9999.0, 9999.0, 23.84, 9999.0, 22.61, 9999.0, 22.68, 22.48, 22.25, 22.25, 22.23
2026-08-23, 06:52:19, 22.25, 22.45, 22.75, 22.75, 9999.0, 9999.0, 9999.0, 23.82, 9999.0, 22.61, 9999.0, 22.7, 22.48, 22.25, 22.25, 22.23
2026-08-23, 06:52:23, 22.25, 22.45, 22.75, 22.75, 9999.0, 9999.0, 9999.0, 23.77, 9999.0, 22.61, 9999.0, 22.73, 22.48, 22.25, 22.25, 22.23
2026-08-23, 06:52:27, 22.25, 22.48, 22.75, 22.75, 9999.0, 9999.0, 9999.0, 23.82, 9999.0, 22.61, 9999.0, 22.75, 22.48, 22.25, 22.25, 22.25
2026-08-23, 06:52:31, 22.25, 22.48, 22.75, 22.75, 9999.0, 9999.0, 9999.0, 23.84, 9999.0, 22.64, 9999.0, 22.75, 22.48, 22.25, 22.25, 22.25
2026-08-23, 06:52:35, 22.25, 22.48, 22.75, 22.75, 9999.0, 9999.0, 9999.0, 23.89, 9999.0, 22.66, 9999.0, 22.73, 22.48, 22.25, 22.25, 22.25
2026-08-23, 06:52:39, 22.25, 22.48, 22.75, 22.75, 9999.0, 9999.0, 9999.0, 23.93, 9999.0, 22.68, 9999.0, 22.7, 22.48, 22.25, 22.25, 22.25
2026-08-23, 06:52:43, 22.25, 22.48, 22.75, 22.75, 9999.0, 9999.0, 9999.0, 23.98, 9999.0, 22.7, 9999.0, 22.68, 22.48, 22.25, 22.25, 22.25
2026-08-23, 06:52:47, 22.25, 22.48, 22.75, 22.75, 9999.0, 9999.0, 9999.0, 24.0, 9999.0, 22.73, 9999.0, 22.66, 22.48, 22.25, 22.25, 22.25
2026-08-23, 06:52:51, 22.25, 22.48, 22.75, 22.73, 9999.0, 9999.0, 9999.0, 24.02, 9999.0, 22.73, 9999.0, 22.64, 22.48, 22.25, 22.25, 22.25
2026-08-23, 06:52:55, 22.25, 22.48, 22.75, 22.73, 9999.0, 9999.0, 9999.0, 24.05, 9999.0, 22.75, 9999.0, 22.61, 22.5, 22.23, 22.25, 22.25
2026-08-23, 06:52:59, 22.25, 22.5, 22.75, 22.73, 9999.0, 9999.0, 9999.0, 24.07, 9999.0, 22.75, 9999.0, 22.59, 22.5, 22.23, 22.25, 22.25
2026-08-23, 06:53:03, 22.25, 22.5, 22.75, 22.73, 9999.0, 9999.0, 9999.0, 24.09, 9999.0, 22.75, 9999.0, 22.59, 22.5, 22.23, 22.25, 22.25
2026-08-23, 06:53:07, 22.25, 22.5, 22.75, 22.73, 9999.0, 9999.0, 9999.0, 24.14, 9999.0, 22.75, 9999.0, 22.59, 22.5, 22.23, 22.25, 22.25
2026-08-23, 06:53:11, 22.25, 22.5, 22.73, 22.73, 9999.0, 9999.0, 9999.0, 24.07, 9999.0, 22.73, 9999.0, 22.59, 22.5, 22.23, 22.25, 22.25
2026-08-23, 06:53:15, 22.25, 22.48, 22.73, 22.73, 9999.0, 9999.0, 9999.0, 24.02, 9999.0, 22.7, 9999.0, 22.59, 22.5, 22.23, 22.25, 22.25
2026-08-23, 06:53:20, 22.25, 22.45, 22.73, 22.73, 9999.0, 9999.0, 9999.0, 23.98, 9999.0, 22.7, 9999.0, 22.61, 22.5, 22.23, 22.25, 22.25
2026-08-23, 06:53:24, 22.25, 22.45, 22.73, 22.73, 9999.0, 9999.0, 9999.0, 23.93, 9999.0, 22.7, 9999.0, 22.64, 22.5, 22.23, 22.25, 22.25
2026-08-23, 06:53:28, 22.25, 22.45, 22.73, 22.73, 9999.0, 9999.0, 9999.0, 23.89, 9999.0, 22.7, 9999.0, 22.66, 22.5, 22.23, 22.25, 22.25
2026-08-23, 06:53:32, 22.25, 22.45, 22.73, 22.73, 9999.0, 9999.0, 9999.0, 23.86, 9999.0, 22.7, 9999.0, 22.68, 22.5, 22.23, 22.25, 22.25
2026-08-23, 06:53:36, 22.25, 22.45, 22.73, 22.75, 9999.0, 9999.0, 9999.0, 23.84, 9999.0, 22.73, 9999.0, 22.7, 22.5, 22.23, 22.25, 22.25
2026-08-23, 06:53:40, 22.25, 22.45, 22.73, 22.73, 9999.0, 9999.0, 9999.0, 23.8, 9999.0, 22.73, 9999.0, 22.73, 22.5, 22.25, 22.25, 22.25
2026-08-23, 06:53:44, 22.25, 22.45, 22.73, 22.73, 9999.0, 9999.0, 9999.0, 23.82, 9999.0, 22.73, 9999.0, 22.75, 22.5, 22.25, 22.25, 22.25
2026-08-23, 06:53:48, 22.25, 22.45, 22.73, 22.73, 9999.0, 9999.0, 9999.0, 23.84, 9999.0, 22.73, 9999.0, 22.75, 22.5, 22.23, 22.25, 22.25
2026-08-23, 06:53:52, 22.25, 22.45, 22.73, 22.73, 9999.0, 9999.0, 9999.0, 23.86, 9999.0, 22.73, 9999.0, 22.75, 22.5, 22.23, 22.25, 22.25
2026-08-23, 06:53:56, 22.25, 22.43, 22.75, 22.73, 9999.0, 9999.0, 9999.0, 23.91, 9999.0, 22.75, 9999.0, 22.73, 22.5, 22.23, 22.25, 22.25
2026-08-23, 06:54:00, 22.25, 22.45, 22.75, 22.73, 9999.0, 9999.0, 9999.0, 23.95, 9999.0, 22.75, 9999.0, 22.7, 22.5, 22.23, 22.25, 22.25
2026-08-23, 06:54:04, 22.25, 22.48, 22.75, 22.73, 9999.0, 9999.0, 9999.0, 23.98, 9999.0, 22.73, 9999.0, 22.68, 22.5, 22.23, 22.25, 22.25
2026-08-23, 06:54:08, 22.25, 22.48, 22.75, 22.73, 9999.0, 9999.0, 9999.0, 24.0, 9999.0, 22.7, 9999.0, 22.66, 22.5, 22.23, 22.25, 22.25
2026-08-23, 06:54:12, 22.25, 22.48, 22.75, 22.73, 9999.0, 9999.0, 9999.0, 24.02, 9999.0, 22.68, 9999.0, 22.64, 22.5, 22.23, 22.25, 22.25
2026-08-23, 06:54:16, 22.25, 22.48, 22.75, 22.73, 9999.0, 9999.0, 9999.0, 24.05, 9999.0, 22.68, 9999.0, 22.61, 22.5, 22.23, 22.25, 22.25
2026-08-23, 06:54:20, 22.25, 22.45, 22.75, 22.73, 9999.0, 9999.0, 9999.0, 24.07, 9999.0, 22.66, 9999.0, 22.59, 22.5, 22.23, 22.25, 22.25
2026-08-23, 06:54:24, 22.25, 22.45, 22.75, 22.75, 9999.0, 9999.0, 9999.0, 24.09, 9999.0, 22.64, 9999.0, 22.59, 22.5, 22.23, 22.25, 22.25
2026-08-23, 06:54:28, 22.25, 22.45, 22.73, 22.75, 9999.0, 9999.0, 9999.0, 24.07, 9999.0, 22.61, 9999.0, 22.59, 22.5, 22.23, 22.25, 22.25
2026-08-23, 06:54:32, 22.25, 22.45, 22.73, 22.75, 9999.0, 9999.0, 9999.0, 24.02, 9999.0, 22.59, 9999.0, 22.59, 22.5, 22.25, 22.25, 22.25
2026-08-23, 06:54:36, 22.25, 22.45, 22.73, 22.75, 9999.0, 9999.0, 9999.0, 23.98, 9999.0, 22.57, 9999.0, 22.59, 22.5, 22.25, 22.25, 22.25
2026-08-23, 06:54:40, 22.25, 22.48, 22.73, 22.75, 9999.0, 9999.0, 9999.0, 23.93, 9999.0, 22.55, 9999.0, 22.61, 22.5, 22.25, 22.25, 22.25
2026-08-23, 06:54:44, 22.25, 22.48, 22.73, 22.75, 9999.0, 9999.0, 9999.0, 23.89, 9999.0, 22.57, 9999.0, 22.64, 22.5, 22.25, 22.25, 22.25
2026-08-23, 06:54:48, 22.25, 22.45, 22.73, 22.75, 9999.0, 9999.0, 9999.0, 23.86, 9999.0, 22.59, 9999.0, 22.64, 22.5, 22.25, 22.25, 22.25
2026-08-23, 06:54:52, 22.25, 22.45, 22.73, 22.75, 9999.0, 9999.0, 9999.0, 23.82, 9999.0, 22.61, 9999.0, 22.66, 22.5, 22.25, 22.25, 22.25
2026-08-23, 06:54:56, 22.25, 22.45, 22.73, 22.75, 9999.0, 9999.0, 9999.0, 23.77, 9999.0, 22.64, 9999.0, 22.68, 22.5, 22.25, 22.25, 22.25
2026-08-23, 06:55:00, 22.25, 22.45, 22.73, 22.75, 9999.0, 9999.0, 9999.0, 23.73, 9999.0, 22.64, 9999.0, 22.7, 22.5, 22.25, 22.25, 22.25
2026-08-23, 06:55:04, 22.25, 22.48, 22.73, 22.75, 9999.0, 9999.0, 9999.0, 23.75, 9999.0, 22.64, 9999.0, 22.73, 22.5, 22.25, 22.25, 22.25
2026-08-23, 06:55:08, 22.25, 22.45, 22.73, 22.75, 9999.0, 9999.0, 9999.0, 23.8, 9999.0, 22.66, 9999.0, 22.7, 22.5, 22.25, 22.25, 22.25
2026-08-23, 06:55:12, 22.25, 22.45, 22.75, 22.75, 9999.0, 9999.0, 9999.0, 23.82, 9999.0, 22.68, 9999.0, 22.68, 22.5, 22.25, 22.25, 22.25
2026-08-23, 06:55:16, 22.25, 22.43, 22.75, 22.75, 9999.0, 9999.0, 9999.0, 23.86, 9999.0, 22.7, 9999.0, 22.66, 22.5, 22.25, 22.25, 22.25
2026-08-23, 06:55:20, 22.25, 22.41, 22.75, 22.75, 9999.0, 9999.0, 9999.0, 23.91, 9999.0, 22.7, 9999.0, 22.64, 22.5, 22.25, 22.25, 22.25
2026-08-23, 06:55:24, 22.25, 22.41, 22.75, 22.75, 9999.0, 9999.0, 9999.0, 23.93, 9999.0, 22.73, 9999.0, 22.61, 22.5, 22.25, 22.25, 22.25
2026-08-23, 06:55:28, 22.25, 22.41, 22.75, 22.75, 9999.0, 9999.0, 9999.0, 23.95, 9999.0, 22.7, 9999.0, 22.59, 22.5, 22.25, 22.25, 22.25
2026-08-23, 06:55:32, 22.25, 22.41, 22.75, 22.75, 9999.0, 9999.0, 9999.0, 23.98, 9999.0, 22.68, 9999.0, 22.59, 22.5, 22.25, 22.25, 22.25
2026-08-23, 06:55:36, 22.25, 22.41, 22.75, 22.75, 9999.0, 9999.0, 9999.0, 24.02, 9999.0, 22.66, 9999.0, 22.57, 22.5, 22.25, 22.25, 22.25
2026-08-23, 06:55:40, 22.25, 22.41, 22.75, 22.75, 9999.0, 9999.0, 9999.0, 24.07, 9999.0, 22.64, 9999.0, 22.57, 22.48, 22.25, 22.25, 22.25
2026-08-23, 06:55:44, 22.25, 22.39, 22.75, 22.75, 9999.0, 9999.0, 9999.0, 24.11, 9999.0, 22.61, 9999.0, 22.55, 22.45, 22.25, 22.25, 22.25
2026-08-23, 06:55:48, 22.25, 22.39, 22.75, 22.75, 9999.0, 9999.0, 9999.0, 24.07, 9999.0, 22.59, 9999.0, 22.55, 22.45, 22.25, 22.25, 22.23
2026-08-23, 06:55:52, 22.25, 22.41, 22.75, 22.75, 9999.0, 9999.0, 9999.0, 24.02, 9999.0, 22.57, 9999.0, 22.57, 22.45, 22.25, 22.25, 22.23
2026-08-23, 06:55:56, 22.25, 22.41, 22.75, 22.75, 9999.0, 9999.0, 9999.0, 23.98, 9999.0, 22.55, 9999.0, 22.59, 22.45, 22.25, 22.25, 22.23
2026-08-23, 06:56:00, 22.25, 22.41, 22.75, 22.75, 9999.0, 9999.0, 9999.0, 23.93, 9999.0, 22.55, 9999.0, 22.61, 22.45, 22.25, 22.25, 22.23
2026-08-23, 06:56:04, 22.25, 22.43, 22.75, 22.75, 9999.0, 9999.0, 9999.0, 23.89, 9999.0, 22.57, 9999.0, 22.64, 22.45, 22.25, 22.25, 22.23
2026-08-23, 06:56:08, 22.25, 22.43, 22.75, 22.75, 9999.0, 9999.0, 9999.0, 23.86, 9999.0, 22.57, 9999.0, 22.66, 22.45, 22.25, 22.25, 22.23
2026-08-23, 06:56:12, 22.25, 22.43, 22.75, 22.75, 9999.0, 9999.0, 9999.0, 23.82, 9999.0, 22.59, 9999.0, 22.68, 22.45, 22.25, 22.25, 22.23
2026-08-23, 06:56:16, 22.25, 22.45, 22.75, 22.75, 9999.0, 9999.0, 9999.0, 23.77, 9999.0, 22.61, 9999.0, 22.7, 22.45, 22.25, 22.25, 22.23
2026-08-23, 06:56:20, 22.25, 22.43, 22.75, 22.75, 9999.0, 9999.0, 9999.0, 23.82, 9999.0, 22.64, 9999.0, 22.73, 22.45, 22.25, 22.25, 22.23
2026-08-23, 06:56:24, 22.25, 22.41, 22.75, 22.75, 9999.0, 9999.0, 9999.0, 23.84, 9999.0, 22.66, 9999.0, 22.7, 22.48, 22.25, 22.25, 22.23
2026-08-23, 06:56:28, 22.25, 22.41, 22.75, 22.75, 9999.0, 9999.0, 9999.0, 23.86, 9999.0, 22.68, 9999.0, 22.7, 22.5, 22.25, 22.25, 22.23
2026-08-23, 06:56:32, 22.25, 22.41, 22.75, 22.75, 9999.0, 9999.0, 9999.0, 23.91, 9999.0, 22.7, 9999.0, 22.68, 22.5, 22.23, 22.25, 22.25
2026-08-23, 06:56:36, 22.25, 22.41, 22.75, 22.75, 9999.0, 9999.0, 9999.0, 23.93, 9999.0, 22.7, 9999.0, 22.66, 22.5, 22.23, 22.25, 22.25
2026-08-23, 06:56:40, 22.25, 22.41, 22.75, 22.75, 9999.0, 9999.0, 9999.0, 23.95, 9999.0, 22.7, 9999.0, 22.64, 22.5, 22.23, 22.25, 22.25
2026-08-23, 06:56:44, 22.25, 22.43, 22.75, 22.75, 9999.0, 9999.0, 9999.0, 23.98, 9999.0, 22.68, 9999.0, 22.61, 22.5, 22.23, 22.25, 22.25
2026-08-23, 06:56:48, 22.25, 22.43, 22.73, 22.75, 9999.0, 9999.0, 9999.0, 24.0, 9999.0, 22.66, 9999.0, 22.59, 22.5, 22.23, 22.25, 22.25
2026-08-23, 06:56:52, 22.25, 22.43, 22.73, 22.75, 9999.0, 9999.0, 9999.0, 24.02, 9999.0, 22.64, 9999.0, 22.57, 22.48, 22.23, 22.25, 22.25
2026-08-23, 06:56:56, 22.25, 22.41, 22.73, 22.75, 9999.0, 9999.0, 9999.0, 24.07, 9999.0, 22.61, 9999.0, 22.57, 22.45, 22.23, 22.25, 22.25
2026-08-23, 06:57:00, 22.25, 22.39, 22.73, 22.75, 9999.0, 9999.0, 9999.0, 24.09, 9999.0, 22.59, 9999.0, 22.57, 22.43, 22.23, 22.25, 22.25
2026-08-23, 06:57:04, 22.25, 22.41, 22.73, 22.75, 9999.0, 9999.0, 9999.0, 24.02, 9999.0, 22.57, 9999.0, 22.57, 22.43, 22.23, 22.25, 22.25
2026-08-23, 06:57:08, 22.25, 22.43, 22.73, 22.75, 9999.0, 9999.0, 9999.0, 23.98, 9999.0, 22.55, 9999.0, 22.59, 22.43, 22.23, 22.25, 22.25
2026-08-23, 06:57:13, 22.25, 22.45, 22.73, 22.75, 9999.0, 9999.0, 9999.0, 23.93, 9999.0, 22.52, 9999.0, 22.61, 22.43, 22.23, 22.25, 22.25
2026-08-23, 06:57:17, 22.25, 22.45, 22.73, 22.75, 9999.0, 9999.0, 9999.0, 23.89, 9999.0, 22.52, 9999.0, 22.64, 22.43, 22.23, 22.25, 22.25
2026-08-23, 06:57:21, 22.25, 22.43, 22.73, 22.75, 9999.0, 9999.0, 9999.0, 23.86, 9999.0, 22.52, 9999.0, 22.66, 22.43, 22.23, 22.25, 22.25
2026-08-23, 06:57:25, 22.25, 22.43, 22.73, 22.75, 9999.0, 9999.0, 9999.0, 23.82, 9999.0, 22.52, 9999.0, 22.68, 22.43, 22.23, 22.25, 22.25
2026-08-23, 06:57:29, 22.25, 22.41, 22.73, 22.75, 9999.0, 9999.0, 9999.0, 23.8, 9999.0, 22.55, 9999.0, 22.7, 22.43, 22.23, 22.25, 22.25
2026-08-23, 06:57:33, 22.25, 22.41, 22.75, 22.75, 9999.0, 9999.0, 9999.0, 23.75, 9999.0, 22.57, 9999.0, 22.73, 22.43, 22.23, 22.25, 22.25
2026-08-23, 06:57:37, 22.25, 22.41, 22.75, 22.75, 9999.0, 9999.0, 9999.0, 23.7, 9999.0, 22.59, 9999.0, 22.73, 22.45, 22.23, 22.25, 22.25
2026-08-23, 06:57:41, 22.25, 22.43, 22.75, 22.75, 9999.0, 9999.0, 9999.0, 23.73, 9999.0, 22.59, 9999.0, 22.73, 22.48, 22.23, 22.25, 22.25
2026-08-23, 06:57:45, 22.25, 22.45, 22.75, 22.73, 9999.0, 9999.0, 9999.0, 23.75, 9999.0, 22.59, 9999.0, 22.7, 22.5, 22.23, 22.25, 22.25
2026-08-23, 06:57:49, 22.25, 22.45, 22.75, 22.73, 9999.0, 9999.0, 9999.0, 23.8, 9999.0, 22.59, 9999.0, 22.68, 22.5, 22.23, 22.25, 22.25
2026-08-23, 06:57:53, 22.25, 22.45, 22.75, 22.7, 9999.0, 9999.0, 9999.0, 23.82, 9999.0, 22.59, 9999.0, 22.66, 22.5, 22.23, 22.25, 22.25
2026-08-23, 06:57:57, 22.25, 22.43, 22.75, 22.7, 9999.0, 9999.0, 9999.0, 23.84, 9999.0, 22.59, 9999.0, 22.64, 22.5, 22.23, 22.25, 22.23
2026-08-23, 06:58:01, 22.25, 22.43, 22.75, 22.7, 9999.0, 9999.0, 9999.0, 23.86, 9999.0, 22.57, 9999.0, 22.61, 22.5, 22.25, 22.25, 22.23
2026-08-23, 06:58:05, 22.25, 22.43, 22.75, 22.7, 9999.0, 9999.0, 9999.0, 23.89, 9999.0, 22.57, 9999.0, 22.59, 22.48, 22.25, 22.25, 22.23
2026-08-23, 06:58:09, 22.25, 22.43, 22.75, 22.7, 9999.0, 9999.0, 9999.0, 23.93, 9999.0, 22.57, 9999.0, 22.57, 22.48, 22.25, 22.25, 22.23
2026-08-23, 06:58:13, 22.25, 22.45, 22.75, 22.7, 9999.0, 9999.0, 9999.0, 23.95, 9999.0, 22.55, 9999.0, 22.55, 22.48, 22.23, 22.25, 22.23
2026-08-23, 06:58:17, 22.25, 22.45, 22.75, 22.7, 9999.0, 9999.0, 9999.0, 24.0, 9999.0, 22.5, 9999.0, 22.55, 22.48, 22.23, 22.25, 22.23
2026-08-23, 06:58:21, 22.25, 22.45, 22.75, 22.7, 9999.0, 9999.0, 9999.0, 24.05, 9999.0, 22.45, 9999.0, 22.55, 22.45, 22.23, 22.25, 22.23
2026-08-23, 06:58:25, 22.25, 22.43, 22.75, 22.68, 9999.0, 9999.0, 9999.0, 24.0, 9999.0, 22.43, 9999.0, 22.55, 22.45, 22.23, 22.25, 22.23
2026-08-23, 06:58:29, 22.25, 22.41, 22.75, 22.7, 9999.0, 9999.0, 9999.0, 23.98, 9999.0, 22.41, 9999.0, 22.57, 22.45, 22.23, 22.25, 22.23
2026-08-23, 06:58:33, 22.25, 22.39, 22.75, 22.7, 9999.0, 9999.0, 9999.0, 23.93, 9999.0, 22.39, 9999.0, 22.59, 22.45, 22.23, 22.25, 22.2
2026-08-23, 06:58:37, 22.25, 22.39, 22.75, 22.73, 9999.0, 9999.0, 9999.0, 23.91, 9999.0, 22.39, 9999.0, 22.61, 22.43, 22.23, 22.25, 22.2
2026-08-23, 06:58:41, 22.25, 22.41, 22.75, 22.73, 9999.0, 9999.0, 9999.0, 23.86, 9999.0, 22.39, 9999.0, 22.64, 22.43, 22.23, 22.25, 22.23
2026-08-23, 06:58:45, 22.25, 22.41, 22.75, 22.73, 9999.0, 9999.0, 9999.0, 23.82, 9999.0, 22.39, 9999.0, 22.66, 22.43, 22.23, 22.25, 22.23
2026-08-23, 06:58:49, 22.25, 22.43, 22.75, 22.73, 9999.0, 9999.0, 9999.0, 23.77, 9999.0, 22.41, 9999.0, 22.68, 22.45, 22.2, 22.25, 22.23
2026-08-23, 06:58:53, 22.25, 22.43, 22.75, 22.73, 9999.0, 9999.0, 9999.0, 23.73, 9999.0, 22.43, 9999.0, 22.7, 22.45, 22.2, 22.25, 22.23
2026-08-23, 06:58:57, 22.25, 22.43, 22.75, 22.73, 9999.0, 9999.0, 9999.0, 23.75, 9999.0, 22.43, 9999.0, 22.7, 22.45, 22.23, 22.25, 22.23
2026-08-23, 06:59:01, 22.25, 22.43, 22.75, 22.73, 9999.0, 9999.0, 9999.0, 23.77, 9999.0, 22.45, 9999.0, 22.7, 22.45, 22.23, 22.25, 22.23
2026-08-23, 06:59:05, 22.25, 22.43, 22.75, 22.73, 9999.0, 9999.0, 9999.0, 23.8, 9999.0, 22.48, 9999.0, 22.73, 22.48, 22.23, 22.25, 22.23
2026-08-23, 06:59:09, 22.25, 22.45, 22.75, 22.75, 9999.0, 9999.0, 9999.0, 23.82, 9999.0, 22.5, 9999.0, 22.7, 22.48, 22.23, 22.25, 22.23
2026-08-23, 06:59:13, 22.25, 22.45, 22.75, 22.75, 9999.0, 9999.0, 9999.0, 23.84, 9999.0, 22.52, 9999.0, 22.68, 22.48, 22.23, 22.25, 22.23
2026-08-23, 06:59:17, 22.25, 22.48, 22.75, 22.75, 9999.0, 9999.0, 9999.0, 23.86, 9999.0, 22.55, 9999.0, 22.66, 22.48, 22.23, 22.25, 22.25
2026-08-23, 06:59:21, 22.25, 22.45, 22.75, 22.75, 9999.0, 9999.0, 9999.0, 23.86, 9999.0, 22.52, 9999.0, 22.64, 22.5, 22.23, 22.25, 22.25
2026-08-23, 06:59:25, 22.25, 22.43, 22.75, 22.75, 9999.0, 9999.0, 9999.0, 23.91, 9999.0, 22.5, 9999.0, 22.61, 22.48, 22.23, 22.25, 22.25
2026-08-23, 06:59:29, 22.25, 22.43, 22.75, 22.75, 9999.0, 9999.0, 9999.0, 23.95, 9999.0, 22.48, 9999.0, 22.59, 22.48, 22.23, 22.25, 22.25
2026-08-23, 06:59:33, 22.25, 22.41, 22.75, 22.75, 9999.0, 9999.0, 9999.0, 23.98, 9999.0, 22.45, 9999.0, 22.59, 22.45, 22.25, 22.25, 22.25
2026-08-23, 06:59:37, 22.25, 22.39, 22.75, 22.75, 9999.0, 9999.0, 9999.0, 24.0, 9999.0, 22.41, 9999.0, 22.59, 22.45, 22.25, 22.25, 22.23
2026-08-23, 06:59:41, 22.25, 22.39, 22.75, 22.75, 9999.0, 9999.0, 9999.0, 23.95, 9999.0, 22.39, 9999.0, 22.61, 22.45, 22.25, 22.25, 22.23
2026-08-23, 06:59:45, 22.25, 22.39, 22.75, 22.75, 9999.0, 9999.0, 9999.0, 23.91, 9999.0, 22.36, 9999.0, 22.61, 22.45, 22.25, 22.25, 22.23
2026-08-23, 06:59:49, 22.25, 22.36, 22.75, 22.75, 9999.0, 9999.0, 9999.0, 23.86, 9999.0, 22.34, 9999.0, 22.61, 22.45, 22.25, 22.23, 22.23
2026-08-23, 06:59:53, 22.25, 22.36, 22.75, 22.75, 9999.0, 9999.0, 9999.0, 23.84, 9999.0, 22.34, 9999.0, 22.64, 22.45, 22.25, 22.23, 22.23
2026-08-23, 06:59:57, 22.25, 22.36, 22.75, 22.75, 9999.0, 9999.0, 9999.0, 23.82, 9999.0, 22.34, 9999.0, 22.66, 22.45, 22.25, 22.23, 22.2
2026-08-23, 07:00:01, 22.25, 22.34, 22.75, 22.75, 9999.0, 9999.0, 9999.0, 23.77, 9999.0, 22.34, 9999.0, 22.68, 22.45, 22.25, 22.23, 22.2
