2026-08-11, 00:00:01, 22.48, 22.5, 23.0, 22.91, 9999.0, 9999.0, 9999.0, 23.93, 9999.0, 22.41, 9999.0, 22.77, 22.5, 22.25, 22.25, 22.25
2026-08-11, 00:00:05, 22.48, 22.5, 23.0, 22.93, 9999.0, 9999.0, 9999.0, 23.91, 9999.0, 22.41, 9999.0, 22.8, 22.5, 22.25, 22.25, 22.25
2026-08-11, 00:00:09, 22.48, 22.5, 23.0, 22.93, 9999.0, 9999.0, 9999.0, 23.86, 9999.0, 22.41, 9999.0, 22.8, 22.5, 22.25, 22.25, 22.25
2026-08-11, 00:00:13, 22.48, 22.5, 22.98, 22.93, 9999.0, 9999.0, 9999.0, 23.82, 9999.0, 22.41, 9999.0, 22.8, 22.5, 22.27, 22.25, 22.25
2026-08-11, 00:00:17, 22.48, 22.5, 22.95, 22.93, 9999.0, 9999.0, 9999.0, 23.77, 9999.0, 22.43, 9999.0, 22.8, 22.52, 22.27, 22.25, 22.27
2026-08-11, 00:00:21, 22.48, 22.5, 22.93, 22.95, 9999.0, 9999.0, 9999.0, 23.73, 9999.0, 22.48, 9999.0, 22.8, 22.52, 22.27, 22.25, 22.27
2026-08-11, 00:00:25, 22.48, 22.5, 22.93, 22.95, 9999.0, 9999.0, 9999.0, 23.75, 9999.0, 22.5, 9999.0, 22.82, 22.52, 22.3, 22.25, 22.27
2026-08-11, 00:00:29, 22.48, 22.5, 22.93, 22.98, 9999.0, 9999.0, 9999.0, 23.77, 9999.0, 22.52, 9999.0, 22.82, 22.52, 22.3, 22.25, 22.3
2026-08-11, 00:00:33, 22.48, 22.5, 22.93, 23.0, 9999.0, 9999.0, 9999.0, 23.8, 9999.0, 22.55, 9999.0, 22.82, 22.52, 22.3, 22.25, 22.3
2026-08-11, 00:00:37, 22.48, 22.5, 22.93, 22.98, 9999.0, 9999.0, 9999.0, 23.84, 9999.0, 22.57, 9999.0, 22.82, 22.52, 22.3, 22.25, 22.3
2026-08-11, 00:00:41, 22.48, 22.5, 22.91, 22.98, 9999.0, 9999.0, 9999.0, 23.86, 9999.0, 22.59, 9999.0, 22.8, 22.52, 22.3, 22.25, 22.3
2026-08-11, 00:00:45, 22.48, 22.5, 22.91, 22.98, 9999.0, 9999.0, 9999.0, 23.89, 9999.0, 22.59, 9999.0, 22.77, 22.52, 22.3, 22.25, 22.3
2026-08-11, 00:00:49, 22.48, 22.5, 22.91, 22.98, 9999.0, 9999.0, 9999.0, 23.91, 9999.0, 22.59, 9999.0, 22.75, 22.52, 22.3, 22.25, 22.3
2026-08-11, 00:00:53, 22.48, 22.5, 22.91, 22.98, 9999.0, 9999.0, 9999.0, 23.93, 9999.0, 22.57, 9999.0, 22.75, 22.52, 22.3, 22.25, 22.3
2026-08-11, 00:00:57, 22.48, 22.5, 22.93, 22.98, 9999.0, 9999.0, 9999.0, 23.98, 9999.0, 22.55, 9999.0, 22.75, 22.52, 22.27, 22.25, 22.3
2026-08-11, 00:01:01, 22.48, 22.5, 22.95, 22.98, 9999.0, 9999.0, 9999.0, 24.02, 9999.0, 22.52, 9999.0, 22.73, 22.5, 22.27, 22.25, 22.27
2026-08-11, 00:01:05, 22.5, 22.5, 22.95, 22.95, 9999.0, 9999.0, 9999.0, 24.05, 9999.0, 22.48, 9999.0, 22.73, 22.5, 22.3, 22.25, 22.27
2026-08-11, 00:01:09, 22.5, 22.5, 22.95, 22.95, 9999.0, 9999.0, 9999.0, 24.0, 9999.0, 22.45, 9999.0, 22.73, 22.5, 22.27, 22.25, 22.27
2026-08-11, 00:01:13, 22.5, 22.5, 22.95, 22.93, 9999.0, 9999.0, 9999.0, 23.95, 9999.0, 22.43, 9999.0, 22.75, 22.5, 22.27, 22.27, 22.25
2026-08-11, 00:01:17, 22.5, 22.5, 22.95, 22.93, 9999.0, 9999.0, 9999.0, 23.91, 9999.0, 22.41, 9999.0, 22.77, 22.5, 22.27, 22.27, 22.25
2026-08-11, 00:01:21, 22.5, 22.5, 22.95, 22.95, 9999.0, 9999.0, 9999.0, 23.86, 9999.0, 22.39, 9999.0, 22.8, 22.5, 22.27, 22.27, 22.27
2026-08-11, 00:01:25, 22.5, 22.5, 22.98, 22.95, 9999.0, 9999.0, 9999.0, 23.84, 9999.0, 22.39, 9999.0, 22.8, 22.5, 22.27, 22.27, 22.27
2026-08-11, 00:01:29, 22.5, 22.5, 22.98, 22.95, 9999.0, 9999.0, 9999.0, 23.82, 9999.0, 22.39, 9999.0, 22.8, 22.5, 22.27, 22.27, 22.27
2026-08-11, 00:01:33, 22.5, 22.5, 22.98, 22.95, 9999.0, 9999.0, 9999.0, 23.8, 9999.0, 22.39, 9999.0, 22.8, 22.52, 22.27, 22.27, 22.27
2026-08-11, 00:01:37, 22.5, 22.5, 22.98, 22.95, 9999.0, 9999.0, 9999.0, 23.77, 9999.0, 22.41, 9999.0, 22.8, 22.55, 22.3, 22.27, 22.27
2026-08-11, 00:01:41, 22.48, 22.5, 22.98, 22.95, 9999.0, 9999.0, 9999.0, 23.73, 9999.0, 22.43, 9999.0, 22.8, 22.55, 22.3, 22.27, 22.27
2026-08-11, 00:01:45, 22.48, 22.5, 22.98, 22.95, 9999.0, 9999.0, 9999.0, 23.77, 9999.0, 22.43, 9999.0, 22.82, 22.57, 22.3, 22.27, 22.27
2026-08-11, 00:01:49, 22.48, 22.5, 23.0, 22.98, 9999.0, 9999.0, 9999.0, 23.82, 9999.0, 22.45, 9999.0, 22.82, 22.57, 22.27, 22.27, 22.27
2026-08-11, 00:01:53, 22.48, 22.5, 23.0, 22.98, 9999.0, 9999.0, 9999.0, 23.86, 9999.0, 22.43, 9999.0, 22.82, 22.57, 22.27, 22.27, 22.27
2026-08-11, 00:01:57, 22.48, 22.52, 23.0, 23.0, 9999.0, 9999.0, 9999.0, 23.91, 9999.0, 22.41, 9999.0, 22.8, 22.57, 22.27, 22.25, 22.27
2026-08-11, 00:02:01, 22.48, 22.52, 23.0, 23.0, 9999.0, 9999.0, 9999.0, 23.95, 9999.0, 22.41, 9999.0, 22.77, 22.57, 22.27, 22.25, 22.27
2026-08-11, 00:02:05, 22.48, 22.52, 23.0, 23.0, 9999.0, 9999.0, 9999.0, 23.98, 9999.0, 22.41, 9999.0, 22.75, 22.57, 22.27, 22.25, 22.25
2026-08-11, 00:02:09, 22.48, 22.52, 23.0, 23.0, 9999.0, 9999.0, 9999.0, 24.0, 9999.0, 22.39, 9999.0, 22.75, 22.57, 22.27, 22.25, 22.25
2026-08-11, 00:02:13, 22.48, 22.52, 23.0, 23.0, 9999.0, 9999.0, 9999.0, 24.0, 9999.0, 22.36, 9999.0, 22.75, 22.57, 22.27, 22.25, 22.25
2026-08-11, 00:02:17, 22.48, 22.52, 23.0, 23.0, 9999.0, 9999.0, 9999.0, 24.0, 9999.0, 22.34, 9999.0, 22.75, 22.55, 22.27, 22.25, 22.27
2026-08-11, 00:02:21, 22.48, 22.52, 23.0, 23.0, 9999.0, 9999.0, 9999.0, 24.05, 9999.0, 22.32, 9999.0, 22.75, 22.52, 22.25, 22.25, 22.27
2026-08-11, 00:02:25, 22.5, 22.52, 23.0, 22.98, 9999.0, 9999.0, 9999.0, 24.07, 9999.0, 22.3, 9999.0, 22.75, 22.52, 22.25, 22.25, 22.27
2026-08-11, 00:02:29, 22.5, 22.52, 23.0, 22.98, 9999.0, 9999.0, 9999.0, 24.0, 9999.0, 22.27, 9999.0, 22.75, 22.5, 22.25, 22.25, 22.27
2026-08-11, 00:02:33, 22.48, 22.52, 23.0, 22.98, 9999.0, 9999.0, 9999.0, 23.93, 9999.0, 22.25, 9999.0, 22.77, 22.5, 22.25, 22.25, 22.3
2026-08-11, 00:02:37, 22.48, 22.52, 23.0, 22.95, 9999.0, 9999.0, 9999.0, 23.89, 9999.0, 22.25, 9999.0, 22.8, 22.5, 22.25, 22.25, 22.3
2026-08-11, 00:02:41, 22.48, 22.5, 23.0, 22.93, 9999.0, 9999.0, 9999.0, 23.84, 9999.0, 22.23, 9999.0, 22.82, 22.5, 22.25, 22.25, 22.3
2026-08-11, 00:02:45, 22.48, 22.5, 23.0, 22.93, 9999.0, 9999.0, 9999.0, 23.77, 9999.0, 22.23, 9999.0, 22.82, 22.5, 22.25, 22.25, 22.3
2026-08-11, 00:02:49, 22.48, 22.5, 23.0, 22.93, 9999.0, 9999.0, 9999.0, 23.73, 9999.0, 22.23, 9999.0, 22.82, 22.5, 22.25, 22.25, 22.3
2026-08-11, 00:02:53, 22.48, 22.5, 23.0, 22.93, 9999.0, 9999.0, 9999.0, 23.68, 9999.0, 22.25, 9999.0, 22.84, 22.5, 22.25, 22.25, 22.3
2026-08-11, 00:02:57, 22.48, 22.5, 22.98, 22.93, 9999.0, 9999.0, 9999.0, 23.66, 9999.0, 22.27, 9999.0, 22.84, 22.5, 22.25, 22.25, 22.3
2026-08-11, 00:03:02, 22.48, 22.5, 22.98, 22.93, 9999.0, 9999.0, 9999.0, 23.61, 9999.0, 22.3, 9999.0, 22.84, 22.52, 22.25, 22.27, 22.27
2026-08-11, 00:03:06, 22.48, 22.5, 22.98, 22.93, 9999.0, 9999.0, 9999.0, 23.64, 9999.0, 22.32, 9999.0, 22.84, 22.55, 22.25, 22.27, 22.3
2026-08-11, 00:03:10, 22.48, 22.5, 22.98, 22.95, 9999.0, 9999.0, 9999.0, 23.66, 9999.0, 22.34, 9999.0, 22.84, 22.55, 22.25, 22.3, 22.3
2026-08-11, 00:03:14, 22.48, 22.5, 22.98, 22.95, 9999.0, 9999.0, 9999.0, 23.68, 9999.0, 22.34, 9999.0, 22.84, 22.57, 22.25, 22.3, 22.32
2026-08-11, 00:03:18, 22.5, 22.5, 22.98, 22.95, 9999.0, 9999.0, 9999.0, 23.73, 9999.0, 22.34, 9999.0, 22.82, 22.59, 22.25, 22.3, 22.3
2026-08-11, 00:03:22, 22.5, 22.52, 22.98, 22.95, 9999.0, 9999.0, 9999.0, 23.75, 9999.0, 22.34, 9999.0, 22.8, 22.59, 22.25, 22.3, 22.3
2026-08-11, 00:03:26, 22.5, 22.52, 22.98, 22.95, 9999.0, 9999.0, 9999.0, 23.77, 9999.0, 22.36, 9999.0, 22.77, 22.59, 22.25, 22.3, 22.3
2026-08-11, 00:03:30, 22.5, 22.52, 22.98, 22.95, 9999.0, 9999.0, 9999.0, 23.8, 9999.0, 22.36, 9999.0, 22.77, 22.59, 22.25, 22.3, 22.3
2026-08-11, 00:03:34, 22.5, 22.52, 22.98, 22.95, 9999.0, 9999.0, 9999.0, 23.82, 9999.0, 22.36, 9999.0, 22.77, 22.59, 22.25, 22.32, 22.3
2026-08-11, 00:03:38, 22.5, 22.52, 22.98, 22.95, 9999.0, 9999.0, 9999.0, 23.84, 9999.0, 22.34, 9999.0, 22.75, 22.59, 22.25, 22.32, 22.3
2026-08-11, 00:03:42, 22.5, 22.52, 23.0, 22.95, 9999.0, 9999.0, 9999.0, 23.86, 9999.0, 22.32, 9999.0, 22.75, 22.59, 22.25, 22.32, 22.3
2026-08-11, 00:03:46, 22.5, 22.55, 23.0, 22.95, 9999.0, 9999.0, 9999.0, 23.91, 9999.0, 22.27, 9999.0, 22.75, 22.57, 22.25, 22.3, 22.3
2026-08-11, 00:03:50, 22.5, 22.55, 23.0, 22.93, 9999.0, 9999.0, 9999.0, 23.86, 9999.0, 22.25, 9999.0, 22.75, 22.55, 22.25, 22.3, 22.3
2026-08-11, 00:03:54, 22.5, 22.55, 23.0, 22.93, 9999.0, 9999.0, 9999.0, 23.84, 9999.0, 22.2, 9999.0, 22.77, 22.55, 22.25, 22.3, 22.3
2026-08-11, 00:03:58, 22.5, 22.57, 23.0, 22.93, 9999.0, 9999.0, 9999.0, 23.82, 9999.0, 22.18, 9999.0, 22.8, 22.52, 22.25, 22.3, 22.27
2026-08-11, 00:04:02, 22.5, 22.57, 23.0, 22.93, 9999.0, 9999.0, 9999.0, 23.77, 9999.0, 22.16, 9999.0, 22.82, 22.5, 22.25, 22.32, 22.3
2026-08-11, 00:04:06, 22.5, 22.55, 23.0, 22.95, 9999.0, 9999.0, 9999.0, 23.73, 9999.0, 22.16, 9999.0, 22.84, 22.5, 22.25, 22.34, 22.3
2026-08-11, 00:04:10, 22.5, 22.55, 23.0, 22.98, 9999.0, 9999.0, 9999.0, 23.68, 9999.0, 22.16, 9999.0, 22.84, 22.5, 22.27, 22.34, 22.3
2026-08-11, 00:04:14, 22.5, 22.55, 23.0, 22.98, 9999.0, 9999.0, 9999.0, 23.66, 9999.0, 22.18, 9999.0, 22.84, 22.52, 22.27, 22.34, 22.3
2026-08-11, 00:04:18, 22.5, 22.55, 23.0, 22.98, 9999.0, 9999.0, 9999.0, 23.64, 9999.0, 22.2, 9999.0, 22.86, 22.52, 22.27, 22.34, 22.3
2026-08-11, 00:04:22, 22.5, 22.55, 23.0, 22.98, 9999.0, 9999.0, 9999.0, 23.61, 9999.0, 22.23, 9999.0, 22.86, 22.52, 22.27, 22.34, 22.3
2026-08-11, 00:04:26, 22.5, 22.55, 23.0, 22.98, 9999.0, 9999.0, 9999.0, 23.66, 9999.0, 22.25, 9999.0, 22.86, 22.52, 22.27, 22.34, 22.3
2026-08-11, 00:04:30, 22.5, 22.52, 23.0, 22.98, 9999.0, 9999.0, 9999.0, 23.7, 9999.0, 22.3, 9999.0, 22.86, 22.55, 22.27, 22.34, 22.3
2026-08-11, 00:04:34, 22.5, 22.52, 23.0, 23.0, 9999.0, 9999.0, 9999.0, 23.73, 9999.0, 22.3, 9999.0, 22.86, 22.55, 22.27, 22.34, 22.3
2026-08-11, 00:04:38, 22.5, 22.52, 23.0, 23.0, 9999.0, 9999.0, 9999.0, 23.75, 9999.0, 22.34, 9999.0, 22.84, 22.55, 22.27, 22.34, 22.3
2026-08-11, 00:04:42, 22.5, 22.5, 23.0, 23.0, 9999.0, 9999.0, 9999.0, 23.77, 9999.0, 22.36, 9999.0, 22.82, 22.55, 22.3, 22.36, 22.3
2026-08-11, 00:04:46, 22.5, 22.5, 23.0, 23.0, 9999.0, 9999.0, 9999.0, 23.8, 9999.0, 22.39, 9999.0, 22.8, 22.55, 22.3, 22.36, 22.3
2026-08-11, 00:04:50, 22.5, 22.5, 23.0, 23.0, 9999.0, 9999.0, 9999.0, 23.82, 9999.0, 22.39, 9999.0, 22.77, 22.55, 22.3, 22.34, 22.32
2026-08-11, 00:04:54, 22.5, 22.5, 22.98, 23.0, 9999.0, 9999.0, 9999.0, 23.84, 9999.0, 22.39, 9999.0, 22.77, 22.55, 22.27, 22.34, 22.34
2026-08-11, 00:04:58, 22.5, 22.5, 22.98, 23.0, 9999.0, 9999.0, 9999.0, 23.86, 9999.0, 22.36, 9999.0, 22.77, 22.52, 22.27, 22.34, 22.34
2026-08-11, 00:05:02, 22.48, 22.5, 22.98, 23.0, 9999.0, 9999.0, 9999.0, 23.89, 9999.0, 22.32, 9999.0, 22.75, 22.52, 22.27, 22.32, 22.34
2026-08-11, 00:05:06, 22.48, 22.5, 22.98, 23.0, 9999.0, 9999.0, 9999.0, 23.91, 9999.0, 22.27, 9999.0, 22.75, 22.52, 22.27, 22.34, 22.34
2026-08-11, 00:05:10, 22.48, 22.5, 22.98, 23.0, 9999.0, 9999.0, 9999.0, 23.86, 9999.0, 22.23, 9999.0, 22.77, 22.52, 22.27, 22.36, 22.34
2026-08-11, 00:05:14, 22.48, 22.5, 22.98, 23.0, 9999.0, 9999.0, 9999.0, 23.8, 9999.0, 22.18, 9999.0, 22.8, 22.5, 22.27, 22.39, 22.34
2026-08-11, 00:05:18, 22.48, 22.5, 22.98, 23.0, 9999.0, 9999.0, 9999.0, 23.75, 9999.0, 22.16, 9999.0, 22.82, 22.5, 22.27, 22.39, 22.34
2026-08-11, 00:05:22, 22.48, 22.5, 22.98, 23.0, 9999.0, 9999.0, 9999.0, 23.7, 9999.0, 22.14, 9999.0, 22.84, 22.52, 22.27, 22.36, 22.36
2026-08-11, 00:05:26, 22.48, 22.5, 22.98, 23.0, 9999.0, 9999.0, 9999.0, 23.66, 9999.0, 22.14, 9999.0, 22.84, 22.52, 22.27, 22.34, 22.36
2026-08-11, 00:05:30, 22.45, 22.5, 22.98, 23.0, 9999.0, 9999.0, 9999.0, 23.64, 9999.0, 22.14, 9999.0, 22.84, 22.55, 22.27, 22.32, 22.34
2026-08-11, 00:05:34, 22.43, 22.5, 22.98, 23.0, 9999.0, 9999.0, 9999.0, 23.61, 9999.0, 22.14, 9999.0, 22.84, 22.57, 22.27, 22.34, 22.34
2026-08-11, 00:05:38, 22.43, 22.5, 23.0, 23.0, 9999.0, 9999.0, 9999.0, 23.59, 9999.0, 22.14, 9999.0, 22.84, 22.59, 22.3, 22.34, 22.34
2026-08-11, 00:05:42, 22.43, 22.5, 23.0, 23.0, 9999.0, 9999.0, 9999.0, 23.64, 9999.0, 22.14, 9999.0, 22.84, 22.59, 22.3, 22.34, 22.34
2026-08-11, 00:05:46, 22.45, 22.5, 23.0, 23.0, 9999.0, 9999.0, 9999.0, 23.68, 9999.0, 22.16, 9999.0, 22.84, 22.61, 22.3, 22.36, 22.34
2026-08-11, 00:05:50, 22.45, 22.5, 23.0, 23.0, 9999.0, 9999.0, 9999.0, 23.7, 9999.0, 22.16, 9999.0, 22.84, 22.64, 22.3, 22.36, 22.36
2026-08-11, 00:05:54, 22.43, 22.5, 23.0, 23.0, 9999.0, 9999.0, 9999.0, 23.73, 9999.0, 22.18, 9999.0, 22.82, 22.64, 22.3, 22.34, 22.39
2026-08-11, 00:05:58, 22.43, 22.5, 23.0, 23.0, 9999.0, 9999.0, 9999.0, 23.77, 9999.0, 22.2, 9999.0, 22.8, 22.64, 22.3, 22.32, 22.39
2026-08-11, 00:06:02, 22.43, 22.5, 23.0, 23.0, 9999.0, 9999.0, 9999.0, 23.8, 9999.0, 22.23, 9999.0, 22.77, 22.64, 22.3, 22.32, 22.36
2026-08-11, 00:06:06, 22.43, 22.5, 23.0, 23.0, 9999.0, 9999.0, 9999.0, 23.82, 9999.0, 22.23, 9999.0, 22.75, 22.61, 22.3, 22.32, 22.36
2026-08-11, 00:06:10, 22.43, 22.5, 23.0, 23.0, 9999.0, 9999.0, 9999.0, 23.84, 9999.0, 22.2, 9999.0, 22.75, 22.61, 22.27, 22.32, 22.39
2026-08-11, 00:06:14, 22.45, 22.52, 22.98, 23.0, 9999.0, 9999.0, 9999.0, 23.86, 9999.0, 22.18, 9999.0, 22.75, 22.59, 22.27, 22.32, 22.41
2026-08-11, 00:06:18, 22.48, 22.52, 22.98, 23.0, 9999.0, 9999.0, 9999.0, 23.89, 9999.0, 22.16, 9999.0, 22.75, 22.57, 22.27, 22.3, 22.41
2026-08-11, 00:06:22, 22.48, 22.55, 22.98, 23.0, 9999.0, 9999.0, 9999.0, 23.91, 9999.0, 22.14, 9999.0, 22.75, 22.55, 22.25, 22.3, 22.41
2026-08-11, 00:06:26, 22.48, 22.55, 22.98, 23.0, 9999.0, 9999.0, 9999.0, 23.84, 9999.0, 22.11, 9999.0, 22.75, 22.55, 22.25, 22.32, 22.43
2026-08-11, 00:06:30, 22.48, 22.55, 22.98, 23.0, 9999.0, 9999.0, 9999.0, 23.8, 9999.0, 22.09, 9999.0, 22.77, 22.52, 22.25, 22.3, 22.45
2026-08-11, 00:06:34, 22.48, 22.55, 22.98, 23.0, 9999.0, 9999.0, 9999.0, 23.75, 9999.0, 22.09, 9999.0, 22.8, 22.5, 22.25, 22.3, 22.43
2026-08-11, 00:06:39, 22.5, 22.55, 22.98, 23.0, 9999.0, 9999.0, 9999.0, 23.7, 9999.0, 22.07, 9999.0, 22.82, 22.5, 22.25, 22.3, 22.41
2026-08-11, 00:06:43, 22.5, 22.55, 22.98, 23.0, 9999.0, 9999.0, 9999.0, 23.66, 9999.0, 22.07, 9999.0, 22.84, 22.5, 22.25, 22.3, 22.41
2026-08-11, 00:06:47, 22.5, 22.55, 22.98, 23.0, 9999.0, 9999.0, 9999.0, 23.64, 9999.0, 22.07, 9999.0, 22.84, 22.5, 22.25, 22.32, 22.43
2026-08-11, 00:06:51, 22.5, 22.55, 22.98, 23.0, 9999.0, 9999.0, 9999.0, 23.61, 9999.0, 22.07, 9999.0, 22.84, 22.52, 22.25, 22.34, 22.41
2026-08-11, 00:06:55, 22.5, 22.55, 22.98, 23.0, 9999.0, 9999.0, 9999.0, 23.59, 9999.0, 22.09, 9999.0, 22.84, 22.55, 22.25, 22.36, 22.41
2026-08-11, 00:06:59, 22.5, 22.55, 23.0, 23.0, 9999.0, 9999.0, 9999.0, 23.57, 9999.0, 22.11, 9999.0, 22.84, 22.55, 22.25, 22.39, 22.41
2026-08-11, 00:07:03, 22.5, 22.55, 23.0, 23.0, 9999.0, 9999.0, 9999.0, 23.59, 9999.0, 22.14, 9999.0, 22.84, 22.55, 22.25, 22.41, 22.41
2026-08-11, 00:07:07, 22.5, 22.52, 23.0, 23.0, 9999.0, 9999.0, 9999.0, 23.61, 9999.0, 22.16, 9999.0, 22.84, 22.55, 22.25, 22.41, 22.41
2026-08-11, 00:07:11, 22.5, 22.52, 23.0, 23.0, 9999.0, 9999.0, 9999.0, 23.66, 9999.0, 22.18, 9999.0, 22.84, 22.55, 22.25, 22.41, 22.41
2026-08-11, 00:07:15, 22.5, 22.52, 23.0, 23.0, 9999.0, 9999.0, 9999.0, 23.68, 9999.0, 22.18, 9999.0, 22.82, 22.55, 22.25, 22.41, 22.39
2026-08-11, 00:07:19, 22.5, 22.52, 23.0, 23.0, 9999.0, 9999.0, 9999.0, 23.7, 9999.0, 22.18, 9999.0, 22.8, 22.55, 22.25, 22.39, 22.41
2026-08-11, 00:07:23, 22.48, 22.52, 23.0, 23.0, 9999.0, 9999.0, 9999.0, 23.73, 9999.0, 22.18, 9999.0, 22.77, 22.55, 22.25, 22.39, 22.43
2026-08-11, 00:07:27, 22.48, 22.52, 23.0, 23.0, 9999.0, 9999.0, 9999.0, 23.75, 9999.0, 22.16, 9999.0, 22.75, 22.55, 22.25, 22.39, 22.45
2026-08-11, 00:07:31, 22.48, 22.52, 23.0, 23.0, 9999.0, 9999.0, 9999.0, 23.77, 9999.0, 22.14, 9999.0, 22.75, 22.55, 22.25, 22.36, 22.43
2026-08-11, 00:07:35, 22.48, 22.55, 23.0, 23.0, 9999.0, 9999.0, 9999.0, 23.8, 9999.0, 22.11, 9999.0, 22.75, 22.52, 22.25, 22.34, 22.43
2026-08-11, 00:07:39, 22.48, 22.55, 23.0, 23.0, 9999.0, 9999.0, 9999.0, 23.8, 9999.0, 22.09, 9999.0, 22.75, 22.5, 22.25, 22.34, 22.41
2026-08-11, 00:07:43, 22.48, 22.52, 23.0, 23.0, 9999.0, 9999.0, 9999.0, 23.82, 9999.0, 22.07, 9999.0, 22.75, 22.5, 22.25, 22.32, 22.41
2026-08-11, 00:07:47, 22.48, 22.52, 23.0, 23.0, 9999.0, 9999.0, 9999.0, 23.77, 9999.0, 22.05, 9999.0, 22.75, 22.5, 22.27, 22.3, 22.39
2026-08-11, 00:07:51, 22.48, 22.52, 23.0, 23.0, 9999.0, 9999.0, 9999.0, 23.73, 9999.0, 22.02, 9999.0, 22.77, 22.5, 22.3, 22.3, 22.36
2026-08-11, 00:07:55, 22.48, 22.52, 23.0, 23.0, 9999.0, 9999.0, 9999.0, 23.68, 9999.0, 22.0, 9999.0, 22.8, 22.5, 22.3, 22.27, 22.36
2026-08-11, 00:07:59, 22.48, 22.52, 23.0, 23.0, 9999.0, 9999.0, 9999.0, 23.64, 9999.0, 22.02, 9999.0, 22.82, 22.5, 22.3, 22.3, 22.36
2026-08-11, 00:08:03, 22.48, 22.52, 23.0, 23.0, 9999.0, 9999.0, 9999.0, 23.61, 9999.0, 22.05, 9999.0, 22.84, 22.5, 22.3, 22.3, 22.36
2026-08-11, 00:08:07, 22.5, 22.52, 23.0, 23.0, 9999.0, 9999.0, 9999.0, 23.59, 9999.0, 22.07, 9999.0, 22.86, 22.52, 22.3, 22.3, 22.36
2026-08-11, 00:08:11, 22.5, 22.52, 23.0, 23.0, 9999.0, 9999.0, 9999.0, 23.57, 9999.0, 22.09, 9999.0, 22.86, 22.55, 22.3, 22.32, 22.36
2026-08-11, 00:08:15, 22.5, 22.52, 23.0, 23.0, 9999.0, 9999.0, 9999.0, 23.52, 9999.0, 22.11, 9999.0, 22.86, 22.57, 22.3, 22.34, 22.36
2026-08-11, 00:08:19, 22.5, 22.5, 23.0, 23.0, 9999.0, 9999.0, 9999.0, 23.48, 9999.0, 22.14, 9999.0, 22.86, 22.59, 22.3, 22.36, 22.39
2026-08-11, 00:08:23, 22.5, 22.5, 23.0, 23.0, 9999.0, 9999.0, 9999.0, 23.52, 9999.0, 22.16, 9999.0, 22.86, 22.59, 22.3, 22.34, 22.39
2026-08-11, 00:08:27, 22.5, 22.5, 23.0, 23.0, 9999.0, 9999.0, 9999.0, 23.55, 9999.0, 22.18, 9999.0, 22.86, 22.59, 22.3, 22.34, 22.39
2026-08-11, 00:08:31, 22.5, 22.5, 23.0, 23.0, 9999.0, 9999.0, 9999.0, 23.59, 9999.0, 22.2, 9999.0, 22.86, 22.59, 22.27, 22.34, 22.41
2026-08-11, 00:08:35, 22.5, 22.5, 23.0, 23.0, 9999.0, 9999.0, 9999.0, 23.64, 9999.0, 22.23, 9999.0, 22.84, 22.59, 22.25, 22.34, 22.41
2026-08-11, 00:08:39, 22.5, 22.5, 23.0, 23.0, 9999.0, 9999.0, 9999.0, 23.66, 9999.0, 22.25, 9999.0, 22.82, 22.59, 22.25, 22.34, 22.41
2026-08-11, 00:08:43, 22.5, 22.5, 23.0, 23.0, 9999.0, 9999.0, 9999.0, 23.68, 9999.0, 22.23, 9999.0, 22.8, 22.59, 22.27, 22.32, 22.43
2026-08-11, 00:08:47, 22.5, 22.5, 23.0, 23.0, 9999.0, 9999.0, 9999.0, 23.7, 9999.0, 22.2, 9999.0, 22.77, 22.59, 22.27, 22.32, 22.41
2026-08-11, 00:08:51, 22.5, 22.5, 23.0, 23.0, 9999.0, 9999.0, 9999.0, 23.73, 9999.0, 22.18, 9999.0, 22.75, 22.57, 22.27, 22.34, 22.41
2026-08-11, 00:08:55, 22.5, 22.5, 23.0, 23.0, 9999.0, 9999.0, 9999.0, 23.75, 9999.0, 22.16, 9999.0, 22.75, 22.55, 22.27, 22.34, 22.41
2026-08-11, 00:08:59, 22.5, 22.5, 23.0, 23.0, 9999.0, 9999.0, 9999.0, 23.8, 9999.0, 22.14, 9999.0, 22.75, 22.52, 22.27, 22.34, 22.43
2026-08-11, 00:09:03, 22.5, 22.5, 23.0, 23.0, 9999.0, 9999.0, 9999.0, 23.82, 9999.0, 22.11, 9999.0, 22.75, 22.5, 22.27, 22.32, 22.43
2026-08-11, 00:09:07, 22.5, 22.5, 23.0, 23.0, 9999.0, 9999.0, 9999.0, 23.77, 9999.0, 22.09, 9999.0, 22.77, 22.5, 22.27, 22.32, 22.45
2026-08-11, 00:09:11, 22.5, 22.5, 23.0, 23.0, 9999.0, 9999.0, 9999.0, 23.73, 9999.0, 22.07, 9999.0, 22.8, 22.52, 22.27, 22.34, 22.45
2026-08-11, 00:09:15, 22.5, 22.5, 23.0, 23.0, 9999.0, 9999.0, 9999.0, 23.68, 9999.0, 22.05, 9999.0, 22.82, 22.52, 22.3, 22.34, 22.43
2026-08-11, 00:09:19, 22.5, 22.5, 23.0, 23.0, 9999.0, 9999.0, 9999.0, 23.64, 9999.0, 22.05, 9999.0, 22.84, 22.52, 22.32, 22.36, 22.45
2026-08-11, 00:09:23, 22.5, 22.52, 23.0, 23.0, 9999.0, 9999.0, 9999.0, 23.59, 9999.0, 22.05, 9999.0, 22.86, 22.52, 22.34, 22.36, 22.43
2026-08-11, 00:09:27, 22.5, 22.52, 23.0, 23.0, 9999.0, 9999.0, 9999.0, 23.55, 9999.0, 22.07, 9999.0, 22.86, 22.55, 22.32, 22.36, 22.41
2026-08-11, 00:09:31, 22.5, 22.52, 23.0, 23.0, 9999.0, 9999.0, 9999.0, 23.5, 9999.0, 22.11, 9999.0, 22.89, 22.55, 22.32, 22.36, 22.41
2026-08-11, 00:09:35, 22.5, 22.52, 23.0, 23.0, 9999.0, 9999.0, 9999.0, 23.45, 9999.0, 22.16, 9999.0, 22.89, 22.55, 22.32, 22.36, 22.39
2026-08-11, 00:09:39, 22.5, 22.52, 23.0, 23.0, 9999.0, 9999.0, 9999.0, 23.5, 9999.0, 22.2, 9999.0, 22.89, 22.55, 22.32, 22.36, 22.36
2026-08-11, 00:09:43, 22.5, 22.52, 23.0, 23.0, 9999.0, 9999.0, 9999.0, 23.52, 9999.0, 22.23, 9999.0, 22.89, 22.55, 22.32, 22.34, 22.36
2026-08-11, 00:09:47, 22.5, 22.52, 23.0, 23.0, 9999.0, 9999.0, 9999.0, 23.57, 9999.0, 22.25, 9999.0, 22.89, 22.55, 22.32, 22.36, 22.34
2026-08-11, 00:09:51, 22.5, 22.52, 23.0, 23.0, 9999.0, 9999.0, 9999.0, 23.61, 9999.0, 22.27, 9999.0, 22.86, 22.55, 22.32, 22.39, 22.34
2026-08-11, 00:09:55, 22.5, 22.52, 23.0, 23.0, 9999.0, 9999.0, 9999.0, 23.64, 9999.0, 22.3, 9999.0, 22.84, 22.52, 22.34, 22.39, 22.32
2026-08-11, 00:09:59, 22.5, 22.52, 23.0, 23.0, 9999.0, 9999.0, 9999.0, 23.66, 9999.0, 22.32, 9999.0, 22.82, 22.52, 22.34, 22.41, 22.34
2026-08-11, 00:10:03, 22.5, 22.52, 23.0, 23.0, 9999.0, 9999.0, 9999.0, 23.68, 9999.0, 22.32, 9999.0, 22.8, 22.52, 22.32, 22.39, 22.32
2026-08-11, 00:10:07, 22.5, 22.5, 23.0, 23.0, 9999.0, 9999.0, 9999.0, 23.73, 9999.0, 22.32, 9999.0, 22.77, 22.52, 22.32, 22.39, 22.34
2026-08-11, 00:10:11, 22.5, 22.5, 23.0, 23.0, 9999.0, 9999.0, 9999.0, 23.77, 9999.0, 22.32, 9999.0, 22.77, 22.5, 22.34, 22.41, 22.34
2026-08-11, 00:10:15, 22.5, 22.5, 23.0, 23.0, 9999.0, 9999.0, 9999.0, 23.82, 9999.0, 22.3, 9999.0, 22.75, 22.5, 22.34, 22.43, 22.34
2026-08-11, 00:10:19, 22.5, 22.52, 23.0, 23.0, 9999.0, 9999.0, 9999.0, 23.86, 9999.0, 22.27, 9999.0, 22.77, 22.5, 22.34, 22.41, 22.34
2026-08-11, 00:10:23, 22.5, 22.52, 23.0, 23.0, 9999.0, 9999.0, 9999.0, 23.82, 9999.0, 22.25, 9999.0, 22.77, 22.5, 22.34, 22.41, 22.36
2026-08-11, 00:10:28, 22.5, 22.52, 23.0, 23.0, 9999.0, 9999.0, 9999.0, 23.8, 9999.0, 22.25, 9999.0, 22.8, 22.52, 22.34, 22.41, 22.34
2026-08-11, 00:10:32, 22.5, 22.52, 23.0, 23.0, 9999.0, 9999.0, 9999.0, 23.75, 9999.0, 22.25, 9999.0, 22.82, 22.55, 22.34, 22.41, 22.36
2026-08-11, 00:10:36, 22.5, 22.52, 23.0, 23.0, 9999.0, 9999.0, 9999.0, 23.7, 9999.0, 22.23, 9999.0, 22.84, 22.55, 22.34, 22.39, 22.36
2026-08-11, 00:10:40, 22.5, 22.52, 23.0, 23.0, 9999.0, 9999.0, 9999.0, 23.68, 9999.0, 22.23, 9999.0, 22.86, 22.55, 22.34, 22.39, 22.36
2026-08-11, 00:10:44, 22.5, 22.52, 23.0, 23.0, 9999.0, 9999.0, 9999.0, 23.66, 9999.0, 22.25, 9999.0, 22.89, 22.55, 22.32, 22.39, 22.36
2026-08-11, 00:10:48, 22.5, 22.52, 23.0, 23.0, 9999.0, 9999.0, 9999.0, 23.64, 9999.0, 22.27, 9999.0, 22.89, 22.55, 22.34, 22.39, 22.39
2026-08-11, 00:10:52, 22.5, 22.52, 23.0, 23.0, 9999.0, 9999.0, 9999.0, 23.59, 9999.0, 22.3, 9999.0, 22.89, 22.55, 22.32, 22.39, 22.36
2026-08-11, 00:10:56, 22.5, 22.52, 23.0, 23.0, 9999.0, 9999.0, 9999.0, 23.55, 9999.0, 22.32, 9999.0, 22.89, 22.55, 22.3, 22.39, 22.39
2026-08-11, 00:11:00, 22.5, 22.52, 23.0, 23.0, 9999.0, 9999.0, 9999.0, 23.59, 9999.0, 22.34, 9999.0, 22.89, 22.55, 22.3, 22.36, 22.39
2026-08-11, 00:11:04, 22.5, 22.5, 23.0, 23.0, 9999.0, 9999.0, 9999.0, 23.61, 9999.0, 22.34, 9999.0, 22.86, 22.57, 22.3, 22.36, 22.41
2026-08-11, 00:11:08, 22.5, 22.5, 23.0, 23.0, 9999.0, 9999.0, 9999.0, 23.64, 9999.0, 22.36, 9999.0, 22.86, 22.57, 22.3, 22.36, 22.41
2026-08-11, 00:11:12, 22.5, 22.5, 23.0, 23.0, 9999.0, 9999.0, 9999.0, 23.66, 9999.0, 22.39, 9999.0, 22.84, 22.55, 22.3, 22.39, 22.41
2026-08-11, 00:11:16, 22.5, 22.5, 23.0, 23.0, 9999.0, 9999.0, 9999.0, 23.7, 9999.0, 22.41, 9999.0, 22.82, 22.52, 22.3, 22.36, 22.39
2026-08-11, 00:11:20, 22.5, 22.5, 23.0, 23.0, 9999.0, 9999.0, 9999.0, 23.73, 9999.0, 22.45, 9999.0, 22.8, 22.52, 22.3, 22.36, 22.39
2026-08-11, 00:11:24, 22.5, 22.5, 23.0, 23.0, 9999.0, 9999.0, 9999.0, 23.75, 9999.0, 22.45, 9999.0, 22.77, 22.52, 22.27, 22.34, 22.41
2026-08-11, 00:11:28, 22.5, 22.5, 23.0, 23.0, 9999.0, 9999.0, 9999.0, 23.77, 9999.0, 22.43, 9999.0, 22.75, 22.52, 22.27, 22.32, 22.41
2026-08-11, 00:11:32, 22.5, 22.5, 23.0, 23.0, 9999.0, 9999.0, 9999.0, 23.8, 9999.0, 22.41, 9999.0, 22.75, 22.52, 22.27, 22.34, 22.41
2026-08-11, 00:11:36, 22.5, 22.5, 23.0, 23.0, 9999.0, 9999.0, 9999.0, 23.84, 9999.0, 22.39, 9999.0, 22.77, 22.52, 22.27, 22.34, 22.41
2026-08-11, 00:11:40, 22.5, 22.5, 23.0, 23.0, 9999.0, 9999.0, 9999.0, 23.89, 9999.0, 22.36, 9999.0, 22.77, 22.52, 22.27, 22.32, 22.41
2026-08-11, 00:11:44, 22.5, 22.5, 23.0, 23.0, 9999.0, 9999.0, 9999.0, 23.84, 9999.0, 22.34, 9999.0, 22.77, 22.52, 22.3, 22.32, 22.43
2026-08-11, 00:11:48, 22.5, 22.5, 23.0, 23.0, 9999.0, 9999.0, 9999.0, 23.8, 9999.0, 22.34, 9999.0, 22.8, 22.52, 22.32, 22.32, 22.43
2026-08-11, 00:11:52, 22.5, 22.5, 23.0, 23.0, 9999.0, 9999.0, 9999.0, 23.75, 9999.0, 22.32, 9999.0, 22.82, 22.52, 22.32, 22.32, 22.41
2026-08-11, 00:11:56, 22.5, 22.5, 23.0, 23.0, 9999.0, 9999.0, 9999.0, 23.7, 9999.0, 22.32, 9999.0, 22.84, 22.52, 22.32, 22.32, 22.43
2026-08-11, 00:12:00, 22.5, 22.5, 23.0, 23.02, 9999.0, 9999.0, 9999.0, 23.66, 9999.0, 22.32, 9999.0, 22.84, 22.52, 22.32, 22.32, 22.45
2026-08-11, 00:12:04, 22.5, 22.5, 23.0, 23.02, 9999.0, 9999.0, 9999.0, 23.64, 9999.0, 22.32, 9999.0, 22.84, 22.52, 22.32, 22.32, 22.43
2026-08-11, 00:12:08, 22.5, 22.52, 23.0, 23.02, 9999.0, 9999.0, 9999.0, 23.61, 9999.0, 22.36, 9999.0, 22.86, 22.55, 22.32, 22.32, 22.43
2026-08-11, 00:12:12, 22.5, 22.52, 23.0, 23.02, 9999.0, 9999.0, 9999.0, 23.59, 9999.0, 22.39, 9999.0, 22.86, 22.55, 22.32, 22.34, 22.43
2026-08-11, 00:12:16, 22.5, 22.52, 23.0, 23.02, 9999.0, 9999.0, 9999.0, 23.57, 9999.0, 22.41, 9999.0, 22.86, 22.55, 22.3, 22.32, 22.43
2026-08-11, 00:12:20, 22.5, 22.52, 23.0, 23.05, 9999.0, 9999.0, 9999.0, 23.61, 9999.0, 22.43, 9999.0, 22.84, 22.55, 22.3, 22.32, 22.45
2026-08-11, 00:12:24, 22.5, 22.52, 23.0, 23.05, 9999.0, 9999.0, 9999.0, 23.66, 9999.0, 22.45, 9999.0, 22.84, 22.55, 22.3, 22.34, 22.45
2026-08-11, 00:12:28, 22.5, 22.52, 23.0, 23.05, 9999.0, 9999.0, 9999.0, 23.68, 9999.0, 22.48, 9999.0, 22.84, 22.55, 22.27, 22.34, 22.43
2026-08-11, 00:12:32, 22.5, 22.52, 23.0, 23.05, 9999.0, 9999.0, 9999.0, 23.73, 9999.0, 22.5, 9999.0, 22.82, 22.52, 22.25, 22.36, 22.43
2026-08-11, 00:12:36, 22.5, 22.52, 23.0, 23.05, 9999.0, 9999.0, 9999.0, 23.77, 9999.0, 22.52, 9999.0, 22.8, 22.52, 22.25, 22.34, 22.45
2026-08-11, 00:12:40, 22.5, 22.55, 23.0, 23.05, 9999.0, 9999.0, 9999.0, 23.82, 9999.0, 22.52, 9999.0, 22.77, 22.52, 22.25, 22.34, 22.45
2026-08-11, 00:12:44, 22.5, 22.55, 23.0, 23.02, 9999.0, 9999.0, 9999.0, 23.84, 9999.0, 22.52, 9999.0, 22.77, 22.52, 22.25, 22.36, 22.45
2026-08-11, 00:12:48, 22.5, 22.55, 23.0, 23.02, 9999.0, 9999.0, 9999.0, 23.89, 9999.0, 22.52, 9999.0, 22.77, 22.55, 22.25, 22.36, 22.48
2026-08-11, 00:12:52, 22.5, 22.52, 23.0, 23.02, 9999.0, 9999.0, 9999.0, 23.93, 9999.0, 22.48, 9999.0, 22.75, 22.52, 22.25, 22.36, 22.48
2026-08-11, 00:12:56, 22.5, 22.52, 23.0, 23.02, 9999.0, 9999.0, 9999.0, 23.95, 9999.0, 22.48, 9999.0, 22.75, 22.52, 22.25, 22.34, 22.45
2026-08-11, 00:13:00, 22.5, 22.52, 23.0, 23.02, 9999.0, 9999.0, 9999.0, 23.98, 9999.0, 22.45, 9999.0, 22.75, 22.52, 22.25, 22.34, 22.45
2026-08-11, 00:13:04, 22.5, 22.52, 23.0, 23.0, 9999.0, 9999.0, 9999.0, 23.95, 9999.0, 22.43, 9999.0, 22.77, 22.52, 22.25, 22.36, 22.45
2026-08-11, 00:13:08, 22.5, 22.55, 23.0, 23.0, 9999.0, 9999.0, 9999.0, 23.91, 9999.0, 22.43, 9999.0, 22.8, 22.52, 22.25, 22.36, 22.45
2026-08-11, 00:13:12, 22.5, 22.55, 23.0, 23.0, 9999.0, 9999.0, 9999.0, 23.89, 9999.0, 22.43, 9999.0, 22.82, 22.52, 22.25, 22.36, 22.45
2026-08-11, 00:13:16, 22.5, 22.55, 23.0, 23.0, 9999.0, 9999.0, 9999.0, 23.86, 9999.0, 22.43, 9999.0, 22.84, 22.52, 22.25, 22.36, 22.43
2026-08-11, 00:13:20, 22.5, 22.55, 23.0, 23.0, 9999.0, 9999.0, 9999.0, 23.82, 9999.0, 22.43, 9999.0, 22.86, 22.52, 22.25, 22.36, 22.43
2026-08-11, 00:13:24, 22.5, 22.55, 23.0, 23.0, 9999.0, 9999.0, 9999.0, 23.8, 9999.0, 22.45, 9999.0, 22.89, 22.55, 22.25, 22.36, 22.41
2026-08-11, 00:13:28, 22.5, 22.57, 23.0, 23.0, 9999.0, 9999.0, 9999.0, 23.77, 9999.0, 22.48, 9999.0, 22.91, 22.55, 22.27, 22.34, 22.41
2026-08-11, 00:13:32, 22.5, 22.57, 23.0, 23.0, 9999.0, 9999.0, 9999.0, 23.73, 9999.0, 22.5, 9999.0, 22.91, 22.52, 22.27, 22.36, 22.39
2026-08-11, 00:13:36, 22.5, 22.57, 23.0, 23.0, 9999.0, 9999.0, 9999.0, 23.77, 9999.0, 22.55, 9999.0, 22.91, 22.55, 22.27, 22.36, 22.39
2026-08-11, 00:13:40, 22.5, 22.57, 23.0, 23.0, 9999.0, 9999.0, 9999.0, 23.82, 9999.0, 22.55, 9999.0, 22.91, 22.55, 22.27, 22.36, 22.39
2026-08-11, 00:13:44, 22.5, 22.57, 23.0, 23.0, 9999.0, 9999.0, 9999.0, 23.86, 9999.0, 22.57, 9999.0, 22.91, 22.57, 22.3, 22.36, 22.39
2026-08-11, 00:13:48, 22.5, 22.57, 23.0, 23.0, 9999.0, 9999.0, 9999.0, 23.86, 9999.0, 22.59, 9999.0, 22.89, 22.57, 22.3, 22.34, 22.39
2026-08-11, 00:13:52, 22.5, 22.57, 23.0, 23.0, 9999.0, 9999.0, 9999.0, 23.89, 9999.0, 22.59, 9999.0, 22.86, 22.57, 22.3, 22.32, 22.36
2026-08-11, 00:13:56, 22.5, 22.57, 23.0, 23.0, 9999.0, 9999.0, 9999.0, 23.91, 9999.0, 22.59, 9999.0, 22.84, 22.59, 22.3, 22.32, 22.39
2026-08-11, 00:14:00, 22.5, 22.59, 23.0, 23.0, 9999.0, 9999.0, 9999.0, 23.93, 9999.0, 22.59, 9999.0, 22.82, 22.59, 22.3, 22.3, 22.39
2026-08-11, 00:14:04, 22.5, 22.59, 23.0, 23.0, 9999.0, 9999.0, 9999.0, 23.98, 9999.0, 22.57, 9999.0, 22.8, 22.59, 22.3, 22.3, 22.39
2026-08-11, 00:14:08, 22.5, 22.59, 23.0, 23.0, 9999.0, 9999.0, 9999.0, 24.0, 9999.0, 22.55, 9999.0, 22.77, 22.57, 22.3, 22.3, 22.41
2026-08-11, 00:14:12, 22.5, 22.57, 23.0, 23.0, 9999.0, 9999.0, 9999.0, 24.05, 9999.0, 22.52, 9999.0, 22.75, 22.57, 22.27, 22.3, 22.41
2026-08-11, 00:14:17, 22.5, 22.57, 23.0, 23.0, 9999.0, 9999.0, 9999.0, 24.09, 9999.0, 22.5, 9999.0, 22.75, 22.57, 22.27, 22.27, 22.43
2026-08-11, 00:14:21, 22.5, 22.59, 23.0, 23.0, 9999.0, 9999.0, 9999.0, 24.02, 9999.0, 22.48, 9999.0, 22.75, 22.55, 22.27, 22.27, 22.43
2026-08-11, 00:14:25, 22.5, 22.59, 23.0, 23.0, 9999.0, 9999.0, 9999.0, 23.98, 9999.0, 22.48, 9999.0, 22.77, 22.57, 22.3, 22.27, 22.45
2026-08-11, 00:14:29, 22.5, 22.61, 23.0, 23.0, 9999.0, 9999.0, 9999.0, 23.93, 9999.0, 22.48, 9999.0, 22.8, 22.55, 22.27, 22.3, 22.43
2026-08-11, 00:14:33, 22.5, 22.64, 23.0, 23.0, 9999.0, 9999.0, 9999.0, 23.91, 9999.0, 22.45, 9999.0, 22.82, 22.57, 22.27, 22.32, 22.41
2026-08-11, 00:14:37, 22.5, 22.61, 23.0, 23.0, 9999.0, 9999.0, 9999.0, 23.89, 9999.0, 22.45, 9999.0, 22.84, 22.57, 22.27, 22.34, 22.43
2026-08-11, 00:14:41, 22.5, 22.61, 23.0, 23.0, 9999.0, 9999.0, 9999.0, 23.86, 9999.0, 22.45, 9999.0, 22.86, 22.55, 22.3, 22.34, 22.43
2026-08-11, 00:14:45, 22.5, 22.59, 23.0, 23.0, 9999.0, 9999.0, 9999.0, 23.82, 9999.0, 22.48, 9999.0, 22.86, 22.55, 22.3, 22.36, 22.43
2026-08-11, 00:14:49, 22.5, 22.61, 23.0, 23.0, 9999.0, 9999.0, 9999.0, 23.77, 9999.0, 22.52, 9999.0, 22.89, 22.55, 22.3, 22.36, 22.41
2026-08-11, 00:14:53, 22.5, 22.61, 23.0, 23.0, 9999.0, 9999.0, 9999.0, 23.73, 9999.0, 22.55, 9999.0, 22.89, 22.55, 22.3, 22.34, 22.39
2026-08-11, 00:14:57, 22.5, 22.64, 23.0, 23.0, 9999.0, 9999.0, 9999.0, 23.75, 9999.0, 22.57, 9999.0, 22.89, 22.55, 22.3, 22.34, 22.39
2026-08-11, 00:15:01, 22.5, 22.64, 23.0, 23.0, 9999.0, 9999.0, 9999.0, 23.77, 9999.0, 22.59, 9999.0, 22.89, 22.57, 22.3, 22.36, 22.36
2026-08-11, 00:15:05, 22.5, 22.64, 23.0, 23.0, 9999.0, 9999.0, 9999.0, 23.82, 9999.0, 22.61, 9999.0, 22.89, 22.59, 22.3, 22.36, 22.36
2026-08-11, 00:15:09, 22.5, 22.64, 23.0, 23.0, 9999.0, 9999.0, 9999.0, 23.86, 9999.0, 22.61, 9999.0, 22.86, 22.59, 22.27, 22.36, 22.36
2026-08-11, 00:15:13, 22.5, 22.61, 23.0, 23.0, 9999.0, 9999.0, 9999.0, 23.91, 9999.0, 22.61, 9999.0, 22.84, 22.59, 22.27, 22.34, 22.39
2026-08-11, 00:15:17, 22.5, 22.59, 23.0, 23.0, 9999.0, 9999.0, 9999.0, 23.95, 9999.0, 22.64, 9999.0, 22.82, 22.57, 22.27, 22.32, 22.39
2026-08-11, 00:15:21, 22.5, 22.59, 23.0, 23.0, 9999.0, 9999.0, 9999.0, 23.98, 9999.0, 22.64, 9999.0, 22.8, 22.57, 22.27, 22.3, 22.36
2026-08-11, 00:15:25, 22.5, 22.59, 23.0, 23.0, 9999.0, 9999.0, 9999.0, 24.0, 9999.0, 22.66, 9999.0, 22.77, 22.57, 22.25, 22.3, 22.36
2026-08-11, 00:15:29, 22.5, 22.59, 23.0, 23.0, 9999.0, 9999.0, 9999.0, 24.05, 9999.0, 22.64, 9999.0, 22.77, 22.57, 22.25, 22.27, 22.36
2026-08-11, 00:15:33, 22.5, 22.57, 23.0, 23.0, 9999.0, 9999.0, 9999.0, 24.09, 9999.0, 22.61, 9999.0, 22.75, 22.57, 22.25, 22.27, 22.36
2026-08-11, 00:15:37, 22.5, 22.55, 23.0, 23.0, 9999.0, 9999.0, 9999.0, 24.14, 9999.0, 22.59, 9999.0, 22.75, 22.57, 22.25, 22.3, 22.36
2026-08-11, 00:15:41, 22.5, 22.55, 23.0, 23.0, 9999.0, 9999.0, 9999.0, 24.11, 9999.0, 22.57, 9999.0, 22.75, 22.57, 22.27, 22.3, 22.36
2026-08-11, 00:15:45, 22.5, 22.55, 23.0, 23.0, 9999.0, 9999.0, 9999.0, 24.09, 9999.0, 22.55, 9999.0, 22.77, 22.55, 22.3, 22.3, 22.39
2026-08-11, 00:15:49, 22.5, 22.52, 23.0, 23.0, 9999.0, 9999.0, 9999.0, 24.07, 9999.0, 22.52, 9999.0, 22.8, 22.52, 22.3, 22.32, 22.39
2026-08-11, 00:15:53, 22.5, 22.55, 23.0, 23.0, 9999.0, 9999.0, 9999.0, 24.02, 9999.0, 22.52, 9999.0, 22.82, 22.5, 22.3, 22.34, 22.39
2026-08-11, 00:15:57, 22.5, 22.55, 23.0, 23.0, 9999.0, 9999.0, 9999.0, 23.98, 9999.0, 22.55, 9999.0, 22.84, 22.5, 22.32, 22.34, 22.36
2026-08-11, 00:16:01, 22.5, 22.55, 23.0, 23.0, 9999.0, 9999.0, 9999.0, 23.93, 9999.0, 22.57, 9999.0, 22.86, 22.5, 22.32, 22.34, 22.36
2026-08-11, 00:16:05, 22.5, 22.55, 23.0, 23.0, 9999.0, 9999.0, 9999.0, 23.91, 9999.0, 22.59, 9999.0, 22.86, 22.52, 22.32, 22.36, 22.39
2026-08-11, 00:16:09, 22.5, 22.55, 23.0, 23.0, 9999.0, 9999.0, 9999.0, 23.89, 9999.0, 22.59, 9999.0, 22.86, 22.55, 22.32, 22.39, 22.36
2026-08-11, 00:16:13, 22.5, 22.55, 23.0, 23.0, 9999.0, 9999.0, 9999.0, 23.84, 9999.0, 22.61, 9999.0, 22.86, 22.57, 22.32, 22.39, 22.36
2026-08-11, 00:16:17, 22.5, 22.55, 23.0, 23.0, 9999.0, 9999.0, 9999.0, 23.89, 9999.0, 22.64, 9999.0, 22.86, 22.59, 22.32, 22.41, 22.36
2026-08-11, 00:16:21, 22.5, 22.55, 23.0, 23.0, 9999.0, 9999.0, 9999.0, 23.91, 9999.0, 22.66, 9999.0, 22.86, 22.59, 22.32, 22.41, 22.36
2026-08-11, 00:16:25, 22.5, 22.52, 23.0, 23.0, 9999.0, 9999.0, 9999.0, 23.93, 9999.0, 22.68, 9999.0, 22.86, 22.59, 22.3, 22.43, 22.36
2026-08-11, 00:16:29, 22.5, 22.52, 23.0, 23.0, 9999.0, 9999.0, 9999.0, 23.95, 9999.0, 22.7, 9999.0, 22.84, 22.59, 22.27, 22.43, 22.36
2026-08-11, 00:16:33, 22.5, 22.52, 23.0, 23.0, 9999.0, 9999.0, 9999.0, 23.98, 9999.0, 22.73, 9999.0, 22.82, 22.59, 22.27, 22.41, 22.34
2026-08-11, 00:16:37, 22.5, 22.5, 23.0, 23.0, 9999.0, 9999.0, 9999.0, 24.0, 9999.0, 22.75, 9999.0, 22.8, 22.59, 22.27, 22.39, 22.34
2026-08-11, 00:16:41, 22.5, 22.5, 23.0, 23.0, 9999.0, 9999.0, 9999.0, 24.02, 9999.0, 22.75, 9999.0, 22.77, 22.61, 22.25, 22.41, 22.34
2026-08-11, 00:16:45, 22.5, 22.5, 23.0, 23.0, 9999.0, 9999.0, 9999.0, 24.05, 9999.0, 22.75, 9999.0, 22.75, 22.61, 22.27, 22.41, 22.34
2026-08-11, 00:16:49, 22.5, 22.5, 23.0, 23.0, 9999.0, 9999.0, 9999.0, 24.09, 9999.0, 22.75, 9999.0, 22.75, 22.59, 22.27, 22.39, 22.34
2026-08-11, 00:16:53, 22.5, 22.5, 23.0, 23.0, 9999.0, 9999.0, 9999.0, 24.11, 9999.0, 22.75, 9999.0, 22.75, 22.57, 22.27, 22.36, 22.34
2026-08-11, 00:16:57, 22.5, 22.5, 23.0, 23.0, 9999.0, 9999.0, 9999.0, 24.16, 9999.0, 22.75, 9999.0, 22.75, 22.55, 22.27, 22.36, 22.36
2026-08-11, 00:17:01, 22.5, 22.5, 23.0, 23.0, 9999.0, 9999.0, 9999.0, 24.11, 9999.0, 22.73, 9999.0, 22.75, 22.52, 22.27, 22.36, 22.36
2026-08-11, 00:17:05, 22.5, 22.5, 23.0, 23.0, 9999.0, 9999.0, 9999.0, 24.09, 9999.0, 22.7, 9999.0, 22.77, 22.55, 22.27, 22.34, 22.39
2026-08-11, 00:17:09, 22.5, 22.5, 23.0, 23.0, 9999.0, 9999.0, 9999.0, 24.07, 9999.0, 22.68, 9999.0, 22.8, 22.55, 22.3, 22.32, 22.36
2026-08-11, 00:17:13, 22.5, 22.5, 23.0, 23.0, 9999.0, 9999.0, 9999.0, 24.02, 9999.0, 22.66, 9999.0, 22.82, 22.55, 22.3, 22.3, 22.36
2026-08-11, 00:17:17, 22.5, 22.5, 23.0, 23.0, 9999.0, 9999.0, 9999.0, 23.98, 9999.0, 22.66, 9999.0, 22.82, 22.55, 22.3, 22.3, 22.36
2026-08-11, 00:17:21, 22.5, 22.52, 23.0, 23.0, 9999.0, 9999.0, 9999.0, 23.95, 9999.0, 22.66, 9999.0, 22.84, 22.55, 22.3, 22.32, 22.34
2026-08-11, 00:17:25, 22.5, 22.52, 23.0, 23.0, 9999.0, 9999.0, 9999.0, 23.93, 9999.0, 22.68, 9999.0, 22.84, 22.52, 22.3, 22.32, 22.34
2026-08-11, 00:17:29, 22.5, 22.52, 23.0, 23.0, 9999.0, 9999.0, 9999.0, 23.91, 9999.0, 22.68, 9999.0, 22.84, 22.52, 22.27, 22.34, 22.36
2026-08-11, 00:17:33, 22.5, 22.52, 23.0, 23.0, 9999.0, 9999.0, 9999.0, 23.84, 9999.0, 22.68, 9999.0, 22.84, 22.52, 22.27, 22.34, 22.34
2026-08-11, 00:17:37, 22.5, 22.55, 23.0, 23.0, 9999.0, 9999.0, 9999.0, 23.89, 9999.0, 22.68, 9999.0, 22.84, 22.55, 22.27, 22.36, 22.34
2026-08-11, 00:17:41, 22.5, 22.57, 23.0, 23.0, 9999.0, 9999.0, 9999.0, 23.93, 9999.0, 22.68, 9999.0, 22.84, 22.55, 22.27, 22.39, 22.32
2026-08-11, 00:17:45, 22.5, 22.57, 23.0, 23.0, 9999.0, 9999.0, 9999.0, 23.98, 9999.0, 22.7, 9999.0, 22.84, 22.57, 22.27, 22.39, 22.34
2026-08-11, 00:17:49, 22.5, 22.57, 23.0, 23.0, 9999.0, 9999.0, 9999.0, 24.0, 9999.0, 22.73, 9999.0, 22.82, 22.55, 22.27, 22.39, 22.32
2026-08-11, 00:17:53, 22.5, 22.57, 23.0, 23.0, 9999.0, 9999.0, 9999.0, 24.02, 9999.0, 22.75, 9999.0, 22.8, 22.55, 22.25, 22.39, 22.32
2026-08-11, 00:17:57, 22.5, 22.59, 23.0, 22.98, 9999.0, 9999.0, 9999.0, 24.07, 9999.0, 22.77, 9999.0, 22.77, 22.55, 22.27, 22.39, 22.3
2026-08-11, 00:18:01, 22.5, 22.59, 23.0, 22.98, 9999.0, 9999.0, 9999.0, 24.11, 9999.0, 22.77, 9999.0, 22.77, 22.55, 22.27, 22.39, 22.3
2026-08-11, 00:18:05, 22.5, 22.57, 23.0, 22.98, 9999.0, 9999.0, 9999.0, 24.16, 9999.0, 22.77, 9999.0, 22.75, 22.55, 22.3, 22.36, 22.32
2026-08-11, 00:18:10, 22.5, 22.57, 23.0, 22.98, 9999.0, 9999.0, 9999.0, 24.2, 9999.0, 22.75, 9999.0, 22.73, 22.55, 22.3, 22.34, 22.32
2026-08-11, 00:18:14, 22.5, 22.57, 23.0, 22.98, 9999.0, 9999.0, 9999.0, 24.23, 9999.0, 22.75, 9999.0, 22.73, 22.55, 22.3, 22.32, 22.3
2026-08-11, 00:18:18, 22.5, 22.57, 23.0, 22.98, 9999.0, 9999.0, 9999.0, 24.27, 9999.0, 22.75, 9999.0, 22.73, 22.55, 22.3, 22.32, 22.3
2026-08-11, 00:18:22, 22.5, 22.55, 23.0, 22.98, 9999.0, 9999.0, 9999.0, 24.23, 9999.0, 22.75, 9999.0, 22.75, 22.52, 22.3, 22.32, 22.32
2026-08-11, 00:18:26, 22.5, 22.52, 23.0, 22.98, 9999.0, 9999.0, 9999.0, 24.18, 9999.0, 22.75, 9999.0, 22.77, 22.55, 22.3, 22.3, 22.32
2026-08-11, 00:18:30, 22.5, 22.52, 23.0, 22.98, 9999.0, 9999.0, 9999.0, 24.14, 9999.0, 22.75, 9999.0, 22.77, 22.52, 22.3, 22.3, 22.32
2026-08-11, 00:18:34, 22.5, 22.55, 23.0, 22.98, 9999.0, 9999.0, 9999.0, 24.11, 9999.0, 22.77, 9999.0, 22.8, 22.52, 22.32, 22.32, 22.32
2026-08-11, 00:18:38, 22.5, 22.55, 23.0, 22.98, 9999.0, 9999.0, 9999.0, 24.07, 9999.0, 22.77, 9999.0, 22.8, 22.52, 22.32, 22.32, 22.32
2026-08-11, 00:18:42, 22.5, 22.52, 23.0, 23.0, 9999.0, 9999.0, 9999.0, 24.02, 9999.0, 22.77, 9999.0, 22.8, 22.52, 22.3, 22.32, 22.32
2026-08-11, 00:18:46, 22.5, 22.55, 23.0, 23.0, 9999.0, 9999.0, 9999.0, 23.98, 9999.0, 22.8, 9999.0, 22.8, 22.52, 22.3, 22.32, 22.32
2026-08-11, 00:18:50, 22.5, 22.55, 23.0, 23.0, 9999.0, 9999.0, 9999.0, 23.93, 9999.0, 22.82, 9999.0, 22.82, 22.52, 22.27, 22.34, 22.3
2026-08-11, 00:18:54, 22.5, 22.55, 23.0, 23.0, 9999.0, 9999.0, 9999.0, 23.89, 9999.0, 22.84, 9999.0, 22.84, 22.52, 22.27, 22.36, 22.3
2026-08-11, 00:18:58, 22.5, 22.55, 23.0, 23.0, 9999.0, 9999.0, 9999.0, 23.93, 9999.0, 22.86, 9999.0, 22.84, 22.52, 22.27, 22.36, 22.3
2026-08-11, 00:19:02, 22.5, 22.55, 23.0, 23.0, 9999.0, 9999.0, 9999.0, 23.95, 9999.0, 22.86, 9999.0, 22.84, 22.52, 22.27, 22.36, 22.3
2026-08-11, 00:19:06, 22.5, 22.55, 23.0, 22.98, 9999.0, 9999.0, 9999.0, 23.98, 9999.0, 22.86, 9999.0, 22.82, 22.52, 22.27, 22.36, 22.27
2026-08-11, 00:19:10, 22.5, 22.55, 23.0, 22.98, 9999.0, 9999.0, 9999.0, 24.0, 9999.0, 22.86, 9999.0, 22.8, 22.5, 22.27, 22.36, 22.3
2026-08-11, 00:19:14, 22.5, 22.55, 23.0, 22.98, 9999.0, 9999.0, 9999.0, 24.02, 9999.0, 22.86, 9999.0, 22.8, 22.5, 22.27, 22.34, 22.3
2026-08-11, 00:19:18, 22.5, 22.52, 22.98, 22.95, 9999.0, 9999.0, 9999.0, 24.05, 9999.0, 22.84, 9999.0, 22.77, 22.5, 22.25, 22.34, 22.3
2026-08-11, 00:19:22, 22.5, 22.52, 22.98, 22.95, 9999.0, 9999.0, 9999.0, 24.07, 9999.0, 22.84, 9999.0, 22.77, 22.5, 22.25, 22.34, 22.32
2026-08-11, 00:19:26, 22.5, 22.52, 22.98, 22.95, 9999.0, 9999.0, 9999.0, 24.11, 9999.0, 22.84, 9999.0, 22.77, 22.5, 22.25, 22.34, 22.32
2026-08-11, 00:19:30, 22.5, 22.5, 22.98, 22.95, 9999.0, 9999.0, 9999.0, 24.14, 9999.0, 22.82, 9999.0, 22.77, 22.5, 22.25, 22.34, 22.32
2026-08-11, 00:19:34, 22.5, 22.5, 22.98, 22.93, 9999.0, 9999.0, 9999.0, 24.16, 9999.0, 22.8, 9999.0, 22.75, 22.5, 22.25, 22.32, 22.32
2026-08-11, 00:19:38, 22.5, 22.5, 22.98, 22.93, 9999.0, 9999.0, 9999.0, 24.18, 9999.0, 22.77, 9999.0, 22.75, 22.5, 22.25, 22.3, 22.32
2026-08-11, 00:19:42, 22.5, 22.5, 22.98, 22.93, 9999.0, 9999.0, 9999.0, 24.14, 9999.0, 22.75, 9999.0, 22.77, 22.5, 22.25, 22.32, 22.32
2026-08-11, 00:19:46, 22.5, 22.5, 22.98, 22.91, 9999.0, 9999.0, 9999.0, 24.11, 9999.0, 22.75, 9999.0, 22.8, 22.5, 22.25, 22.34, 22.32
2026-08-11, 00:19:50, 22.5, 22.5, 22.98, 22.91, 9999.0, 9999.0, 9999.0, 24.09, 9999.0, 22.75, 9999.0, 22.82, 22.5, 22.27, 22.32, 22.32
2026-08-11, 00:19:54, 22.5, 22.5, 22.98, 22.91, 9999.0, 9999.0, 9999.0, 24.05, 9999.0, 22.77, 9999.0, 22.84, 22.5, 22.3, 22.32, 22.3
2026-08-11, 00:19:58, 22.5, 22.5, 22.98, 22.89, 9999.0, 9999.0, 9999.0, 24.0, 9999.0, 22.77, 9999.0, 22.84, 22.5, 22.3, 22.34, 22.27
2026-08-11, 00:20:02, 22.5, 22.5, 23.0, 22.91, 9999.0, 9999.0, 9999.0, 23.95, 9999.0, 22.8, 9999.0, 22.86, 22.5, 22.3, 22.34, 22.27
2026-08-11, 00:20:06, 22.5, 22.5, 23.0, 22.91, 9999.0, 9999.0, 9999.0, 23.93, 9999.0, 22.82, 9999.0, 22.86, 22.5, 22.3, 22.34, 22.25
2026-08-11, 00:20:10, 22.5, 22.5, 23.0, 22.91, 9999.0, 9999.0, 9999.0, 23.89, 9999.0, 22.84, 9999.0, 22.86, 22.5, 22.3, 22.36, 22.25
2026-08-11, 00:20:14, 22.5, 22.5, 23.0, 22.91, 9999.0, 9999.0, 9999.0, 23.93, 9999.0, 22.86, 9999.0, 22.86, 22.5, 22.3, 22.36, 22.27
2026-08-11, 00:20:18, 22.5, 22.5, 23.0, 22.93, 9999.0, 9999.0, 9999.0, 23.98, 9999.0, 22.86, 9999.0, 22.86, 22.5, 22.3, 22.36, 22.3
2026-08-11, 00:20:22, 22.5, 22.5, 23.0, 22.93, 9999.0, 9999.0, 9999.0, 24.0, 9999.0, 22.86, 9999.0, 22.86, 22.5, 22.3, 22.36, 22.3
2026-08-11, 00:20:26, 22.5, 22.5, 22.98, 22.93, 9999.0, 9999.0, 9999.0, 24.02, 9999.0, 22.86, 9999.0, 22.84, 22.5, 22.3, 22.34, 22.3
2026-08-11, 00:20:30, 22.5, 22.5, 22.98, 22.95, 9999.0, 9999.0, 9999.0, 24.05, 9999.0, 22.86, 9999.0, 22.82, 22.5, 22.3, 22.34, 22.3
2026-08-11, 00:20:34, 22.5, 22.5, 22.98, 22.98, 9999.0, 9999.0, 9999.0, 24.05, 9999.0, 22.86, 9999.0, 22.8, 22.5, 22.27, 22.36, 22.3
2026-08-11, 00:20:38, 22.5, 22.5, 22.98, 22.98, 9999.0, 9999.0, 9999.0, 24.07, 9999.0, 22.84, 9999.0, 22.77, 22.5, 22.25, 22.36, 22.3
2026-08-11, 00:20:42, 22.5, 22.5, 22.98, 22.98, 9999.0, 9999.0, 9999.0, 24.09, 9999.0, 22.84, 9999.0, 22.77, 22.5, 22.25, 22.34, 22.3
2026-08-11, 00:20:46, 22.5, 22.5, 22.98, 22.98, 9999.0, 9999.0, 9999.0, 24.14, 9999.0, 22.82, 9999.0, 22.75, 22.5, 22.25, 22.32, 22.3
2026-08-11, 00:20:50, 22.48, 22.5, 22.98, 22.98, 9999.0, 9999.0, 9999.0, 24.16, 9999.0, 22.8, 9999.0, 22.75, 22.5, 22.25, 22.32, 22.32
2026-08-11, 00:20:54, 22.48, 22.5, 22.98, 22.95, 9999.0, 9999.0, 9999.0, 24.18, 9999.0, 22.77, 9999.0, 22.75, 22.5, 22.25, 22.3, 22.32
2026-08-11, 00:20:58, 22.48, 22.5, 22.98, 22.93, 9999.0, 9999.0, 9999.0, 24.14, 9999.0, 22.73, 9999.0, 22.75, 22.5, 22.25, 22.3, 22.3
2026-08-11, 00:21:02, 22.48, 22.5, 22.98, 22.93, 9999.0, 9999.0, 9999.0, 24.09, 9999.0, 22.73, 9999.0, 22.77, 22.5, 22.25, 22.32, 22.27
2026-08-11, 00:21:06, 22.48, 22.5, 22.98, 22.91, 9999.0, 9999.0, 9999.0, 24.07, 9999.0, 22.7, 9999.0, 22.8, 22.5, 22.25, 22.32, 22.27
2026-08-11, 00:21:10, 22.48, 22.5, 23.0, 22.91, 9999.0, 9999.0, 9999.0, 24.05, 9999.0, 22.68, 9999.0, 22.8, 22.5, 22.25, 22.32, 22.27
2026-08-11, 00:21:14, 22.48, 22.5, 23.0, 22.89, 9999.0, 9999.0, 9999.0, 24.02, 9999.0, 22.68, 9999.0, 22.8, 22.5, 22.25, 22.3, 22.27
2026-08-11, 00:21:18, 22.48, 22.5, 23.0, 22.89, 9999.0, 9999.0, 9999.0, 24.0, 9999.0, 22.68, 9999.0, 22.8, 22.5, 22.25, 22.27, 22.27
2026-08-11, 00:21:22, 22.48, 22.5, 23.0, 22.86, 9999.0, 9999.0, 9999.0, 24.0, 9999.0, 22.68, 9999.0, 22.8, 22.5, 22.25, 22.27, 22.27
2026-08-11, 00:21:26, 22.45, 22.5, 23.0, 22.89, 9999.0, 9999.0, 9999.0, 23.98, 9999.0, 22.7, 9999.0, 22.8, 22.5, 22.25, 22.27, 22.27
2026-08-11, 00:21:30, 22.45, 22.5, 22.98, 22.89, 9999.0, 9999.0, 9999.0, 23.93, 9999.0, 22.73, 9999.0, 22.8, 22.5, 22.25, 22.27, 22.27
2026-08-11, 00:21:34, 22.48, 22.5, 22.98, 22.89, 9999.0, 9999.0, 9999.0, 23.98, 9999.0, 22.75, 9999.0, 22.8, 22.5, 22.25, 22.27, 22.25
2026-08-11, 00:21:38, 22.48, 22.5, 22.98, 22.91, 9999.0, 9999.0, 9999.0, 24.02, 9999.0, 22.75, 9999.0, 22.8, 22.5, 22.25, 22.27, 22.25
2026-08-11, 00:21:42, 22.48, 22.5, 22.95, 22.93, 9999.0, 9999.0, 9999.0, 24.05, 9999.0, 22.77, 9999.0, 22.8, 22.5, 22.25, 22.27, 22.25
2026-08-11, 00:21:46, 22.48, 22.5, 22.95, 22.93, 9999.0, 9999.0, 9999.0, 24.07, 9999.0, 22.77, 9999.0, 22.77, 22.5, 22.25, 22.25, 22.25
2026-08-11, 00:21:50, 22.48, 22.5, 22.95, 22.95, 9999.0, 9999.0, 9999.0, 24.09, 9999.0, 22.8, 9999.0, 22.73, 22.5, 22.25, 22.25, 22.25
2026-08-11, 00:21:54, 22.48, 22.5, 22.95, 22.95, 9999.0, 9999.0, 9999.0, 24.11, 9999.0, 22.82, 9999.0, 22.73, 22.5, 22.25, 22.25, 22.25
2026-08-11, 00:21:59, 22.48, 22.5, 22.95, 22.98, 9999.0, 9999.0, 9999.0, 24.14, 9999.0, 22.82, 9999.0, 22.7, 22.5, 22.25, 22.25, 22.25
2026-08-11, 00:22:03, 22.48, 22.5, 22.95, 22.95, 9999.0, 9999.0, 9999.0, 24.18, 9999.0, 22.82, 9999.0, 22.7, 22.5, 22.25, 22.25, 22.25
2026-08-11, 00:22:07, 22.48, 22.5, 22.95, 22.98, 9999.0, 9999.0, 9999.0, 24.2, 9999.0, 22.82, 9999.0, 22.68, 22.5, 22.25, 22.25, 22.25
2026-08-11, 00:22:11, 22.5, 22.5, 22.93, 22.98, 9999.0, 9999.0, 9999.0, 24.23, 9999.0, 22.8, 9999.0, 22.68, 22.5, 22.25, 22.25, 22.25
2026-08-11, 00:22:15, 22.5, 22.52, 22.95, 22.98, 9999.0, 9999.0, 9999.0, 24.25, 9999.0, 22.77, 9999.0, 22.68, 22.5, 22.25, 22.25, 22.25
2026-08-11, 00:22:19, 22.5, 22.52, 22.95, 22.98, 9999.0, 9999.0, 9999.0, 24.2, 9999.0, 22.73, 9999.0, 22.68, 22.5, 22.25, 22.25, 22.25
2026-08-11, 00:22:23, 22.5, 22.52, 22.93, 22.98, 9999.0, 9999.0, 9999.0, 24.16, 9999.0, 22.73, 9999.0, 22.7, 22.5, 22.25, 22.25, 22.25
2026-08-11, 00:22:27, 22.5, 22.52, 22.93, 22.98, 9999.0, 9999.0, 9999.0, 24.14, 9999.0, 22.7, 9999.0, 22.73, 22.5, 22.25, 22.25, 22.25
2026-08-11, 00:22:31, 22.5, 22.52, 22.93, 22.95, 9999.0, 9999.0, 9999.0, 24.09, 9999.0, 22.7, 9999.0, 22.73, 22.5, 22.25, 22.25, 22.25
2026-08-11, 00:22:35, 22.5, 22.52, 22.91, 22.95, 9999.0, 9999.0, 9999.0, 24.05, 9999.0, 22.7, 9999.0, 22.75, 22.5, 22.25, 22.25, 22.25
2026-08-11, 00:22:39, 22.5, 22.52, 22.91, 22.93, 9999.0, 9999.0, 9999.0, 24.0, 9999.0, 22.7, 9999.0, 22.75, 22.5, 22.25, 22.25, 22.25
2026-08-11, 00:22:43, 22.5, 22.52, 22.91, 22.93, 9999.0, 9999.0, 9999.0, 23.95, 9999.0, 22.7, 9999.0, 22.77, 22.5, 22.25, 22.27, 22.25
2026-08-11, 00:22:47, 22.5, 22.52, 22.91, 22.95, 9999.0, 9999.0, 9999.0, 23.89, 9999.0, 22.7, 9999.0, 22.77, 22.5, 22.25, 22.27, 22.27
2026-08-11, 00:22:51, 22.5, 22.52, 22.91, 22.95, 9999.0, 9999.0, 9999.0, 23.84, 9999.0, 22.7, 9999.0, 22.8, 22.5, 22.25, 22.27, 22.27
2026-08-11, 00:22:55, 22.5, 22.52, 22.93, 22.95, 9999.0, 9999.0, 9999.0, 23.86, 9999.0, 22.7, 9999.0, 22.8, 22.5, 22.25, 22.27, 22.27
2026-08-11, 00:22:59, 22.48, 22.5, 22.91, 22.95, 9999.0, 9999.0, 9999.0, 23.89, 9999.0, 22.7, 9999.0, 22.8, 22.5, 22.25, 22.27, 22.27
2026-08-11, 00:23:03, 22.48, 22.5, 22.91, 22.95, 9999.0, 9999.0, 9999.0, 23.91, 9999.0, 22.73, 9999.0, 22.8, 22.5, 22.25, 22.27, 22.27
2026-08-11, 00:23:07, 22.45, 22.5, 22.91, 22.93, 9999.0, 9999.0, 9999.0, 23.93, 9999.0, 22.73, 9999.0, 22.77, 22.5, 22.25, 22.27, 22.27
2026-08-11, 00:23:11, 22.45, 22.5, 22.93, 22.93, 9999.0, 9999.0, 9999.0, 23.93, 9999.0, 22.75, 9999.0, 22.75, 22.5, 22.25, 22.27, 22.27
2026-08-11, 00:23:15, 22.45, 22.5, 22.93, 22.93, 9999.0, 9999.0, 9999.0, 23.95, 9999.0, 22.75, 9999.0, 22.75, 22.5, 22.25, 22.27, 22.27
2026-08-11, 00:23:19, 22.45, 22.5, 22.95, 22.93, 9999.0, 9999.0, 9999.0, 23.98, 9999.0, 22.75, 9999.0, 22.75, 22.5, 22.25, 22.27, 22.27
2026-08-11, 00:23:23, 22.45, 22.5, 22.95, 22.95, 9999.0, 9999.0, 9999.0, 24.02, 9999.0, 22.73, 9999.0, 22.75, 22.5, 22.25, 22.27, 22.27
2026-08-11, 00:23:27, 22.45, 22.5, 22.95, 22.95, 9999.0, 9999.0, 9999.0, 24.05, 9999.0, 22.73, 9999.0, 22.75, 22.5, 22.25, 22.25, 22.27
2026-08-11, 00:23:31, 22.45, 22.5, 22.95, 22.93, 9999.0, 9999.0, 9999.0, 24.09, 9999.0, 22.73, 9999.0, 22.75, 22.5, 22.25, 22.25, 22.25
2026-08-11, 00:23:35, 22.45, 22.5, 22.95, 22.91, 9999.0, 9999.0, 9999.0, 24.11, 9999.0, 22.7, 9999.0, 22.75, 22.5, 22.25, 22.25, 22.25
2026-08-11, 00:23:39, 22.45, 22.5, 22.95, 22.91, 9999.0, 9999.0, 9999.0, 24.09, 9999.0, 22.68, 9999.0, 22.75, 22.5, 22.25, 22.25, 22.25
2026-08-11, 00:23:43, 22.48, 22.5, 22.98, 22.91, 9999.0, 9999.0, 9999.0, 24.07, 9999.0, 22.66, 9999.0, 22.77, 22.5, 22.27, 22.25, 22.25
2026-08-11, 00:23:47, 22.48, 22.5, 22.98, 22.89, 9999.0, 9999.0, 9999.0, 24.05, 9999.0, 22.64, 9999.0, 22.77, 22.5, 22.27, 22.27, 22.25
2026-08-11, 00:23:51, 22.48, 22.5, 22.98, 22.91, 9999.0, 9999.0, 9999.0, 24.0, 9999.0, 22.64, 9999.0, 22.8, 22.5, 22.27, 22.27, 22.25
2026-08-11, 00:23:55, 22.48, 22.5, 22.98, 22.91, 9999.0, 9999.0, 9999.0, 23.98, 9999.0, 22.64, 9999.0, 22.8, 22.5, 22.27, 22.27, 22.25
2026-08-11, 00:23:59, 22.48, 22.5, 22.98, 22.93, 9999.0, 9999.0, 9999.0, 23.95, 9999.0, 22.64, 9999.0, 22.8, 22.52, 22.27, 22.27, 22.25
2026-08-11, 00:24:03, 22.48, 22.5, 22.98, 22.91, 9999.0, 9999.0, 9999.0, 23.91, 9999.0, 22.64, 9999.0, 22.8, 22.55, 22.27, 22.27, 22.25
2026-08-11, 00:24:07, 22.48, 22.5, 22.98, 22.91, 9999.0, 9999.0, 9999.0, 23.84, 9999.0, 22.66, 9999.0, 22.8, 22.55, 22.27, 22.27, 22.25
2026-08-11, 00:24:11, 22.48, 22.5, 22.98, 22.89, 9999.0, 9999.0, 9999.0, 23.89, 9999.0, 22.66, 9999.0, 22.8, 22.55, 22.27, 22.27, 22.25
2026-08-11, 00:24:15, 22.48, 22.5, 22.98, 22.89, 9999.0, 9999.0, 9999.0, 23.93, 9999.0, 22.66, 9999.0, 22.8, 22.55, 22.27, 22.27, 22.25
2026-08-11, 00:24:19, 22.48, 22.5, 22.98, 22.89, 9999.0, 9999.0, 9999.0, 23.95, 9999.0, 22.68, 9999.0, 22.8, 22.55, 22.27, 22.27, 22.25
2026-08-11, 00:24:23, 22.48, 22.5, 22.98, 22.89, 9999.0, 9999.0, 9999.0, 23.98, 9999.0, 22.7, 9999.0, 22.8, 22.55, 22.27, 22.27, 22.25
2026-08-11, 00:24:27, 22.48, 22.5, 22.98, 22.89, 9999.0, 9999.0, 9999.0, 24.0, 9999.0, 22.73, 9999.0, 22.77, 22.55, 22.25, 22.27, 22.25
2026-08-11, 00:24:31, 22.48, 22.5, 22.98, 22.91, 9999.0, 9999.0, 9999.0, 24.0, 9999.0, 22.73, 9999.0, 22.77, 22.55, 22.25, 22.25, 22.25
2026-08-11, 00:24:35, 22.5, 22.5, 23.0, 22.91, 9999.0, 9999.0, 9999.0, 24.02, 9999.0, 22.7, 9999.0, 22.75, 22.55, 22.25, 22.25, 22.25
2026-08-11, 00:24:39, 22.5, 22.5, 23.0, 22.89, 9999.0, 9999.0, 9999.0, 24.05, 9999.0, 22.68, 9999.0, 22.75, 22.55, 22.25, 22.25, 22.25
2026-08-11, 00:24:43, 22.5, 22.5, 22.98, 22.86, 9999.0, 9999.0, 9999.0, 24.07, 9999.0, 22.66, 9999.0, 22.73, 22.52, 22.25, 22.25, 22.25
2026-08-11, 00:24:47, 22.5, 22.5, 22.98, 22.89, 9999.0, 9999.0, 9999.0, 24.11, 9999.0, 22.64, 9999.0, 22.73, 22.5, 22.25, 22.25, 22.25
2026-08-11, 00:24:51, 22.5, 22.5, 22.98, 22.86, 9999.0, 9999.0, 9999.0, 24.16, 9999.0, 22.61, 9999.0, 22.73, 22.5, 22.25, 22.25, 22.25
2026-08-11, 00:24:55, 22.5, 22.5, 22.98, 22.89, 9999.0, 9999.0, 9999.0, 24.11, 9999.0, 22.59, 9999.0, 22.73, 22.5, 22.25, 22.25, 22.25
2026-08-11, 00:24:59, 22.5, 22.5, 22.98, 22.91, 9999.0, 9999.0, 9999.0, 24.07, 9999.0, 22.57, 9999.0, 22.75, 22.5, 22.25, 22.25, 22.25
2026-08-11, 00:25:03, 22.5, 22.5, 22.98, 22.93, 9999.0, 9999.0, 9999.0, 24.02, 9999.0, 22.55, 9999.0, 22.77, 22.5, 22.25, 22.27, 22.25
2026-08-11, 00:25:07, 22.5, 22.5, 22.98, 22.93, 9999.0, 9999.0, 9999.0, 23.98, 9999.0, 22.52, 9999.0, 22.77, 22.5, 22.25, 22.27, 22.25
2026-08-11, 00:25:11, 22.5, 22.5, 22.98, 22.93, 9999.0, 9999.0, 9999.0, 23.93, 9999.0, 22.52, 9999.0, 22.77, 22.5, 22.25, 22.3, 22.25
2026-08-11, 00:25:15, 22.5, 22.5, 22.98, 22.93, 9999.0, 9999.0, 9999.0, 23.91, 9999.0, 22.55, 9999.0, 22.77, 22.5, 22.25, 22.3, 22.25
2026-08-11, 00:25:19, 22.5, 22.5, 22.98, 22.93, 9999.0, 9999.0, 9999.0, 23.89, 9999.0, 22.57, 9999.0, 22.77, 22.5, 22.25, 22.3, 22.25
2026-08-11, 00:25:23, 22.5, 22.5, 22.95, 22.95, 9999.0, 9999.0, 9999.0, 23.86, 9999.0, 22.59, 9999.0, 22.77, 22.5, 22.25, 22.3, 22.25
2026-08-11, 00:25:27, 22.5, 22.5, 22.98, 22.98, 9999.0, 9999.0, 9999.0, 23.84, 9999.0, 22.61, 9999.0, 22.8, 22.5, 22.25, 22.3, 22.25
2026-08-11, 00:25:31, 22.5, 22.5, 22.95, 22.98, 9999.0, 9999.0, 9999.0, 23.89, 9999.0, 22.64, 9999.0, 22.8, 22.5, 22.25, 22.3, 22.25
2026-08-11, 00:25:35, 22.5, 22.5, 22.95, 23.0, 9999.0, 9999.0, 9999.0, 23.91, 9999.0, 22.66, 9999.0, 22.8, 22.5, 22.25, 22.3, 22.25
2026-08-11, 00:25:39, 22.5, 22.5, 22.93, 23.0, 9999.0, 9999.0, 9999.0, 23.93, 9999.0, 22.68, 9999.0, 22.8, 22.5, 22.25, 22.3, 22.25
2026-08-11, 00:25:44, 22.5, 22.5, 22.93, 23.0, 9999.0, 9999.0, 9999.0, 23.95, 9999.0, 22.7, 9999.0, 22.77, 22.5, 22.25, 22.3, 22.25
2026-08-11, 00:25:48, 22.5, 22.5, 22.91, 23.0, 9999.0, 9999.0, 9999.0, 23.98, 9999.0, 22.73, 9999.0, 22.75, 22.5, 22.25, 22.27, 22.25
2026-08-11, 00:25:52, 22.5, 22.5, 22.91, 23.0, 9999.0, 9999.0, 9999.0, 24.0, 9999.0, 22.73, 9999.0, 22.75, 22.5, 22.25, 22.27, 22.25
2026-08-11, 00:25:56, 22.5, 22.5, 22.91, 23.0, 9999.0, 9999.0, 9999.0, 24.02, 9999.0, 22.7, 9999.0, 22.75, 22.5, 22.25, 22.25, 22.25
2026-08-11, 00:26:00, 22.5, 22.5, 22.91, 22.98, 9999.0, 9999.0, 9999.0, 24.05, 9999.0, 22.68, 9999.0, 22.75, 22.5, 22.25, 22.25, 22.25
2026-08-11, 00:26:04, 22.48, 22.5, 22.91, 22.95, 9999.0, 9999.0, 9999.0, 24.07, 9999.0, 22.66, 9999.0, 22.75, 22.5, 22.25, 22.25, 22.25
2026-08-11, 00:26:08, 22.48, 22.5, 22.93, 22.93, 9999.0, 9999.0, 9999.0, 24.09, 9999.0, 22.64, 9999.0, 22.75, 22.5, 22.25, 22.25, 22.25
2026-08-11, 00:26:12, 22.48, 22.5, 22.93, 22.93, 9999.0, 9999.0, 9999.0, 24.11, 9999.0, 22.61, 9999.0, 22.75, 22.5, 22.25, 22.25, 22.25
2026-08-11, 00:26:16, 22.48, 22.5, 22.95, 22.91, 9999.0, 9999.0, 9999.0, 24.07, 9999.0, 22.59, 9999.0, 22.75, 22.5, 22.25, 22.25, 22.25
2026-08-11, 00:26:20, 22.48, 22.5, 22.95, 22.91, 9999.0, 9999.0, 9999.0, 24.02, 9999.0, 22.57, 9999.0, 22.77, 22.5, 22.25, 22.25, 22.25
2026-08-11, 00:26:24, 22.48, 22.5, 22.98, 22.89, 9999.0, 9999.0, 9999.0, 23.98, 9999.0, 22.55, 9999.0, 22.8, 22.5, 22.25, 22.25, 22.25
2026-08-11, 00:26:28, 22.48, 22.5, 22.98, 22.89, 9999.0, 9999.0, 9999.0, 23.93, 9999.0, 22.55, 9999.0, 22.8, 22.5, 22.25, 22.25, 22.25
2026-08-11, 00:26:32, 22.48, 22.52, 23.0, 22.89, 9999.0, 9999.0, 9999.0, 23.91, 9999.0, 22.55, 9999.0, 22.8, 22.5, 22.25, 22.25, 22.25
2026-08-11, 00:26:36, 22.48, 22.52, 23.0, 22.86, 9999.0, 9999.0, 9999.0, 23.89, 9999.0, 22.57, 9999.0, 22.8, 22.5, 22.25, 22.25, 22.25
2026-08-11, 00:26:40, 22.48, 22.52, 23.0, 22.86, 9999.0, 9999.0, 9999.0, 23.86, 9999.0, 22.59, 9999.0, 22.8, 22.5, 22.25, 22.25, 22.25
2026-08-11, 00:26:44, 22.48, 22.52, 23.0, 22.89, 9999.0, 9999.0, 9999.0, 23.84, 9999.0, 22.61, 9999.0, 22.8, 22.5, 22.25, 22.27, 22.25
2026-08-11, 00:26:48, 22.5, 22.52, 23.0, 22.89, 9999.0, 9999.0, 9999.0, 23.82, 9999.0, 22.64, 9999.0, 22.8, 22.5, 22.25, 22.3, 22.25
2026-08-11, 00:26:52, 22.5, 22.52, 23.0, 22.91, 9999.0, 9999.0, 9999.0, 23.86, 9999.0, 22.66, 9999.0, 22.8, 22.5, 22.25, 22.3, 22.25
2026-08-11, 00:26:56, 22.5, 22.52, 23.0, 22.91, 9999.0, 9999.0, 9999.0, 23.91, 9999.0, 22.68, 9999.0, 22.8, 22.5, 22.25, 22.32, 22.25
2026-08-11, 00:27:00, 22.5, 22.52, 23.0, 22.91, 9999.0, 9999.0, 9999.0, 23.93, 9999.0, 22.68, 9999.0, 22.8, 22.5, 22.25, 22.32, 22.25
2026-08-11, 00:27:04, 22.5, 22.52, 23.0, 22.91, 9999.0, 9999.0, 9999.0, 23.98, 9999.0, 22.68, 9999.0, 22.77, 22.5, 22.25, 22.32, 22.25
2026-08-11, 00:27:08, 22.5, 22.52, 23.0, 22.93, 9999.0, 9999.0, 9999.0, 24.0, 9999.0, 22.68, 9999.0, 22.75, 22.5, 22.25, 22.32, 22.25
2026-08-11, 00:27:12, 22.5, 22.52, 23.0, 22.93, 9999.0, 9999.0, 9999.0, 24.02, 9999.0, 22.66, 9999.0, 22.75, 22.5, 22.25, 22.32, 22.25
2026-08-11, 00:27:16, 22.5, 22.5, 23.0, 22.93, 9999.0, 9999.0, 9999.0, 24.05, 9999.0, 22.64, 9999.0, 22.75, 22.5, 22.25, 22.32, 22.25
2026-08-11, 00:27:20, 22.5, 22.5, 23.0, 22.95, 9999.0, 9999.0, 9999.0, 24.07, 9999.0, 22.61, 9999.0, 22.75, 22.5, 22.25, 22.34, 22.25
2026-08-11, 00:27:24, 22.5, 22.5, 23.0, 22.95, 9999.0, 9999.0, 9999.0, 24.09, 9999.0, 22.59, 9999.0, 22.75, 22.5, 22.25, 22.34, 22.25
2026-08-11, 00:27:28, 22.5, 22.5, 22.98, 22.95, 9999.0, 9999.0, 9999.0, 24.11, 9999.0, 22.57, 9999.0, 22.75, 22.5, 22.25, 22.32, 22.25
2026-08-11, 00:27:32, 22.5, 22.52, 22.98, 22.98, 9999.0, 9999.0, 9999.0, 24.14, 9999.0, 22.55, 9999.0, 22.75, 22.5, 22.25, 22.3, 22.25
2026-08-11, 00:27:36, 22.5, 22.52, 22.98, 22.98, 9999.0, 9999.0, 9999.0, 24.07, 9999.0, 22.52, 9999.0, 22.75, 22.5, 22.25, 22.3, 22.25
2026-08-11, 00:27:40, 22.5, 22.52, 22.98, 22.95, 9999.0, 9999.0, 9999.0, 24.0, 9999.0, 22.48, 9999.0, 22.77, 22.5, 22.25, 22.3, 22.25
2026-08-11, 00:27:44, 22.5, 22.52, 22.98, 22.98, 9999.0, 9999.0, 9999.0, 23.95, 9999.0, 22.45, 9999.0, 22.8, 22.5, 22.25, 22.3, 22.25
2026-08-11, 00:27:48, 22.5, 22.52, 22.98, 22.98, 9999.0, 9999.0, 9999.0, 23.91, 9999.0, 22.45, 9999.0, 22.82, 22.5, 22.25, 22.32, 22.25
2026-08-11, 00:27:52, 22.5, 22.52, 22.98, 22.98, 9999.0, 9999.0, 9999.0, 23.89, 9999.0, 22.45, 9999.0, 22.82, 22.5, 22.25, 22.32, 22.25
2026-08-11, 00:27:56, 22.5, 22.52, 22.98, 22.98, 9999.0, 9999.0, 9999.0, 23.84, 9999.0, 22.45, 9999.0, 22.82, 22.5, 22.25, 22.32, 22.25
2026-08-11, 00:28:00, 22.5, 22.52, 22.98, 22.98, 9999.0, 9999.0, 9999.0, 23.8, 9999.0, 22.48, 9999.0, 22.82, 22.52, 22.25, 22.32, 22.25
2026-08-11, 00:28:04, 22.5, 22.52, 22.98, 22.98, 9999.0, 9999.0, 9999.0, 23.75, 9999.0, 22.5, 9999.0, 22.82, 22.52, 22.25, 22.3, 22.25
2026-08-11, 00:28:08, 22.5, 22.52, 22.98, 22.98, 9999.0, 9999.0, 9999.0, 23.77, 9999.0, 22.52, 9999.0, 22.82, 22.52, 22.25, 22.3, 22.25
2026-08-11, 00:28:12, 22.5, 22.52, 23.0, 22.98, 9999.0, 9999.0, 9999.0, 23.8, 9999.0, 22.55, 9999.0, 22.82, 22.52, 22.25, 22.3, 22.25
2026-08-11, 00:28:16, 22.5, 22.5, 23.0, 22.98, 9999.0, 9999.0, 9999.0, 23.82, 9999.0, 22.57, 9999.0, 22.82, 22.52, 22.25, 22.3, 22.25
2026-08-11, 00:28:20, 22.5, 22.5, 23.0, 22.98, 9999.0, 9999.0, 9999.0, 23.86, 9999.0, 22.57, 9999.0, 22.82, 22.52, 22.25, 22.3, 22.25
2026-08-11, 00:28:24, 22.5, 22.5, 23.0, 23.0, 9999.0, 9999.0, 9999.0, 23.91, 9999.0, 22.59, 9999.0, 22.8, 22.52, 22.25, 22.27, 22.25
2026-08-11, 00:28:28, 22.5, 22.5, 23.0, 23.0, 9999.0, 9999.0, 9999.0, 23.93, 9999.0, 22.61, 9999.0, 22.77, 22.52, 22.25, 22.27, 22.25
2026-08-11, 00:28:32, 22.5, 22.5, 23.0, 23.0, 9999.0, 9999.0, 9999.0, 23.95, 9999.0, 22.59, 9999.0, 22.75, 22.52, 22.25, 22.25, 22.25
2026-08-11, 00:28:36, 22.5, 22.5, 23.0, 22.98, 9999.0, 9999.0, 9999.0, 23.98, 9999.0, 22.59, 9999.0, 22.75, 22.52, 22.25, 22.25, 22.25
2026-08-11, 00:28:40, 22.5, 22.5, 23.0, 22.95, 9999.0, 9999.0, 9999.0, 24.02, 9999.0, 22.59, 9999.0, 22.75, 22.52, 22.25, 22.25, 22.25
2026-08-11, 00:28:44, 22.48, 22.5, 22.98, 22.95, 9999.0, 9999.0, 9999.0, 24.07, 9999.0, 22.57, 9999.0, 22.73, 22.5, 22.25, 22.25, 22.25
2026-08-11, 00:28:48, 22.48, 22.5, 22.98, 22.95, 9999.0, 9999.0, 9999.0, 24.11, 9999.0, 22.52, 9999.0, 22.73, 22.5, 22.25, 22.25, 22.25
2026-08-11, 00:28:52, 22.48, 22.5, 22.98, 22.95, 9999.0, 9999.0, 9999.0, 24.09, 9999.0, 22.48, 9999.0, 22.73, 22.5, 22.25, 22.25, 22.25
2026-08-11, 00:28:56, 22.48, 22.5, 22.98, 22.95, 9999.0, 9999.0, 9999.0, 24.05, 9999.0, 22.45, 9999.0, 22.73, 22.5, 22.25, 22.27, 22.25
2026-08-11, 00:29:00, 22.45, 22.5, 22.98, 22.95, 9999.0, 9999.0, 9999.0, 24.0, 9999.0, 22.41, 9999.0, 22.75, 22.5, 22.25, 22.3, 22.25
2026-08-11, 00:29:04, 22.45, 22.5, 22.98, 22.95, 9999.0, 9999.0, 9999.0, 23.95, 9999.0, 22.39, 9999.0, 22.77, 22.5, 22.25, 22.3, 22.25
2026-08-11, 00:29:08, 22.45, 22.5, 22.98, 22.95, 9999.0, 9999.0, 9999.0, 23.91, 9999.0, 22.39, 9999.0, 22.8, 22.5, 22.25, 22.3, 22.25
2026-08-11, 00:29:12, 22.45, 22.5, 22.98, 22.95, 9999.0, 9999.0, 9999.0, 23.89, 9999.0, 22.39, 9999.0, 22.8, 22.5, 22.25, 22.3, 22.25
2026-08-11, 00:29:16, 22.45, 22.5, 22.98, 22.95, 9999.0, 9999.0, 9999.0, 23.84, 9999.0, 22.41, 9999.0, 22.8, 22.5, 22.25, 22.3, 22.25
2026-08-11, 00:29:20, 22.45, 22.5, 22.98, 22.98, 9999.0, 9999.0, 9999.0, 23.8, 9999.0, 22.43, 9999.0, 22.8, 22.5, 22.25, 22.3, 22.25
2026-08-11, 00:29:24, 22.45, 22.5, 22.98, 23.0, 9999.0, 9999.0, 9999.0, 23.75, 9999.0, 22.43, 9999.0, 22.8, 22.5, 22.25, 22.3, 22.25
2026-08-11, 00:29:29, 22.48, 22.5, 23.0, 23.0, 9999.0, 9999.0, 9999.0, 23.77, 9999.0, 22.43, 9999.0, 22.82, 22.5, 22.25, 22.3, 22.25
2026-08-11, 00:29:33, 22.48, 22.5, 23.0, 23.0, 9999.0, 9999.0, 9999.0, 23.8, 9999.0, 22.45, 9999.0, 22.82, 22.5, 22.25, 22.3, 22.27
2026-08-11, 00:29:37, 22.48, 22.5, 22.98, 23.0, 9999.0, 9999.0, 9999.0, 23.8, 9999.0, 22.48, 9999.0, 22.82, 22.5, 22.25, 22.3, 22.27
2026-08-11, 00:29:41, 22.48, 22.5, 22.98, 23.0, 9999.0, 9999.0, 9999.0, 23.82, 9999.0, 22.48, 9999.0, 22.82, 22.5, 22.25, 22.27, 22.27
2026-08-11, 00:29:45, 22.5, 22.5, 22.98, 23.0, 9999.0, 9999.0, 9999.0, 23.84, 9999.0, 22.5, 9999.0, 22.8, 22.5, 22.27, 22.27, 22.27
2026-08-11, 00:29:49, 22.5, 22.5, 22.98, 23.0, 9999.0, 9999.0, 9999.0, 23.86, 9999.0, 22.52, 9999.0, 22.77, 22.5, 22.3, 22.27, 22.27
2026-08-11, 00:29:53, 22.5, 22.5, 22.98, 23.0, 9999.0, 9999.0, 9999.0, 23.89, 9999.0, 22.52, 9999.0, 22.75, 22.5, 22.3, 22.27, 22.27
2026-08-11, 00:29:57, 22.5, 22.5, 22.98, 23.0, 9999.0, 9999.0, 9999.0, 23.91, 9999.0, 22.52, 9999.0, 22.75, 22.5, 22.3, 22.27, 22.27
2026-08-11, 00:30:01, 22.5, 22.5, 22.98, 23.0, 9999.0, 9999.0, 9999.0, 23.95, 9999.0, 22.5, 9999.0, 22.75, 22.5, 22.3, 22.27, 22.27
2026-08-11, 00:30:05, 22.5, 22.5, 22.98, 23.0, 9999.0, 9999.0, 9999.0, 23.98, 9999.0, 22.48, 9999.0, 22.75, 22.5, 22.3, 22.27, 22.27
2026-08-11, 00:30:09, 22.5, 22.52, 22.95, 23.0, 9999.0, 9999.0, 9999.0, 24.0, 9999.0, 22.45, 9999.0, 22.75, 22.5, 22.3, 22.3, 22.27
2026-08-11, 00:30:13, 22.48, 22.52, 22.95, 23.0, 9999.0, 9999.0, 9999.0, 23.95, 9999.0, 22.45, 9999.0, 22.75, 22.5, 22.3, 22.3, 22.27
2026-08-11, 00:30:17, 22.48, 22.52, 22.95, 23.0, 9999.0, 9999.0, 9999.0, 23.91, 9999.0, 22.43, 9999.0, 22.77, 22.5, 22.3, 22.3, 22.25
2026-08-11, 00:30:21, 22.48, 22.52, 22.98, 23.0, 9999.0, 9999.0, 9999.0, 23.89, 9999.0, 22.41, 9999.0, 22.8, 22.5, 22.3, 22.3, 22.25
2026-08-11, 00:30:25, 22.48, 22.52, 22.98, 23.0, 9999.0, 9999.0, 9999.0, 23.86, 9999.0, 22.39, 9999.0, 22.8, 22.5, 22.3, 22.3, 22.25
2026-08-11, 00:30:29, 22.48, 22.52, 22.98, 23.0, 9999.0, 9999.0, 9999.0, 23.84, 9999.0, 22.39, 9999.0, 22.82, 22.5, 22.27, 22.27, 22.25
2026-08-11, 00:30:33, 22.48, 22.52, 22.98, 23.0, 9999.0, 9999.0, 9999.0, 23.8, 9999.0, 22.39, 9999.0, 22.82, 22.5, 22.25, 22.3, 22.25
2026-08-11, 00:30:37, 22.48, 22.52, 22.98, 23.0, 9999.0, 9999.0, 9999.0, 23.75, 9999.0, 22.39, 9999.0, 22.82, 22.5, 22.25, 22.3, 22.27
2026-08-11, 00:30:41, 22.48, 22.52, 22.98, 23.0, 9999.0, 9999.0, 9999.0, 23.7, 9999.0, 22.39, 9999.0, 22.82, 22.5, 22.25, 22.3, 22.27
2026-08-11, 00:30:45, 22.48, 22.52, 22.98, 23.0, 9999.0, 9999.0, 9999.0, 23.66, 9999.0, 22.41, 9999.0, 22.82, 22.5, 22.25, 22.3, 22.27
2026-08-11, 00:30:49, 22.48, 22.52, 22.98, 23.0, 9999.0, 9999.0, 9999.0, 23.7, 9999.0, 22.41, 9999.0, 22.82, 22.5, 22.25, 22.3, 22.27
2026-08-11, 00:30:53, 22.48, 22.5, 23.0, 23.0, 9999.0, 9999.0, 9999.0, 23.75, 9999.0, 22.43, 9999.0, 22.82, 22.5, 22.25, 22.27, 22.27
2026-08-11, 00:30:57, 22.5, 22.5, 23.0, 23.0, 9999.0, 9999.0, 9999.0, 23.77, 9999.0, 22.41, 9999.0, 22.82, 22.5, 22.25, 22.27, 22.27
2026-08-11, 00:31:01, 22.5, 22.5, 23.0, 23.0, 9999.0, 9999.0, 9999.0, 23.8, 9999.0, 22.43, 9999.0, 22.8, 22.5, 22.25, 22.27, 22.27
2026-08-11, 00:31:05, 22.5, 22.5, 23.0, 23.0, 9999.0, 9999.0, 9999.0, 23.82, 9999.0, 22.43, 9999.0, 22.77, 22.5, 22.25, 22.27, 22.27
2026-08-11, 00:31:09, 22.5, 22.5, 23.0, 23.0, 9999.0, 9999.0, 9999.0, 23.84, 9999.0, 22.43, 9999.0, 22.75, 22.5, 22.25, 22.27, 22.27
2026-08-11, 00:31:13, 22.5, 22.5, 23.0, 23.0, 9999.0, 9999.0, 9999.0, 23.84, 9999.0, 22.43, 9999.0, 22.73, 22.5, 22.25, 22.27, 22.27
2026-08-11, 00:31:17, 22.5, 22.5, 23.0, 23.0, 9999.0, 9999.0, 9999.0, 23.86, 9999.0, 22.43, 9999.0, 22.73, 22.5, 22.25, 22.25, 22.27
2026-08-11, 00:31:21, 22.5, 22.5, 23.0, 23.0, 9999.0, 9999.0, 9999.0, 23.91, 9999.0, 22.43, 9999.0, 22.73, 22.5, 22.25, 22.25, 22.25
2026-08-11, 00:31:25, 22.5, 22.5, 23.0, 23.0, 9999.0, 9999.0, 9999.0, 23.95, 9999.0, 22.43, 9999.0, 22.73, 22.5, 22.25, 22.25, 22.25
2026-08-11, 00:31:29, 22.5, 22.5, 23.0, 23.0, 9999.0, 9999.0, 9999.0, 23.98, 9999.0, 22.43, 9999.0, 22.73, 22.5, 22.25, 22.25, 22.25
2026-08-11, 00:31:33, 22.5, 22.5, 23.0, 22.98, 9999.0, 9999.0, 9999.0, 23.93, 9999.0, 22.41, 9999.0, 22.73, 22.5, 22.25, 22.25, 22.25
2026-08-11, 00:31:37, 22.5, 22.5, 23.0, 22.98, 9999.0, 9999.0, 9999.0, 23.89, 9999.0, 22.39, 9999.0, 22.75, 22.5, 22.25, 22.25, 22.27
2026-08-11, 00:31:41, 22.5, 22.5, 23.0, 22.98, 9999.0, 9999.0, 9999.0, 23.86, 9999.0, 22.39, 9999.0, 22.77, 22.5, 22.25, 22.25, 22.27
2026-08-11, 00:31:45, 22.5, 22.5, 23.0, 22.98, 9999.0, 9999.0, 9999.0, 23.84, 9999.0, 22.36, 9999.0, 22.8, 22.5, 22.25, 22.25, 22.27
2026-08-11, 00:31:49, 22.5, 22.5, 23.0, 22.98, 9999.0, 9999.0, 9999.0, 23.8, 9999.0, 22.39, 9999.0, 22.82, 22.5, 22.25, 22.25, 22.27
2026-08-11, 00:31:53, 22.5, 22.52, 23.0, 22.98, 9999.0, 9999.0, 9999.0, 23.77, 9999.0, 22.41, 9999.0, 22.84, 22.5, 22.25, 22.25, 22.27
2026-08-11, 00:31:57, 22.5, 22.52, 23.0, 22.98, 9999.0, 9999.0, 9999.0, 23.75, 9999.0, 22.41, 9999.0, 22.84, 22.5, 22.27, 22.27, 22.27
2026-08-11, 00:32:01, 22.5, 22.52, 23.0, 22.98, 9999.0, 9999.0, 9999.0, 23.73, 9999.0, 22.43, 9999.0, 22.84, 22.52, 22.27, 22.3, 22.27
2026-08-11, 00:32:05, 22.5, 22.52, 23.0, 22.98, 9999.0, 9999.0, 9999.0, 23.68, 9999.0, 22.43, 9999.0, 22.84, 22.52, 22.27, 22.3, 22.3
2026-08-11, 00:32:09, 22.5, 22.52, 23.0, 22.98, 9999.0, 9999.0, 9999.0, 23.7, 9999.0, 22.43, 9999.0, 22.84, 22.52, 22.27, 22.3, 22.3
2026-08-11, 00:32:13, 22.5, 22.52, 23.0, 22.98, 9999.0, 9999.0, 9999.0, 23.75, 9999.0, 22.43, 9999.0, 22.84, 22.52, 22.27, 22.3, 22.32
2026-08-11, 00:32:17, 22.5, 22.52, 23.0, 23.0, 9999.0, 9999.0, 9999.0, 23.77, 9999.0, 22.43, 9999.0, 22.84, 22.52, 22.27, 22.3, 22.34
2026-08-11, 00:32:21, 22.5, 22.52, 23.0, 23.0, 9999.0, 9999.0, 9999.0, 23.8, 9999.0, 22.43, 9999.0, 22.82, 22.52, 22.27, 22.3, 22.32
2026-08-11, 00:32:25, 22.5, 22.52, 23.0, 23.0, 9999.0, 9999.0, 9999.0, 23.82, 9999.0, 22.43, 9999.0, 22.8, 22.52, 22.27, 22.32, 22.32
2026-08-11, 00:32:29, 22.5, 22.52, 23.0, 23.0, 9999.0, 9999.0, 9999.0, 23.84, 9999.0, 22.43, 9999.0, 22.77, 22.52, 22.27, 22.32, 22.32
2026-08-11, 00:32:33, 22.5, 22.55, 23.0, 23.0, 9999.0, 9999.0, 9999.0, 23.89, 9999.0, 22.41, 9999.0, 22.75, 22.52, 22.27, 22.32, 22.32
2026-08-11, 00:32:37, 22.5, 22.52, 23.0, 23.0, 9999.0, 9999.0, 9999.0, 23.91, 9999.0, 22.39, 9999.0, 22.75, 22.52, 22.27, 22.32, 22.32
2026-08-11, 00:32:41, 22.5, 22.52, 23.0, 23.0, 9999.0, 9999.0, 9999.0, 23.95, 9999.0, 22.36, 9999.0, 22.75, 22.52, 22.25, 22.3, 22.32
2026-08-11, 00:32:45, 22.5, 22.52, 23.0, 23.0, 9999.0, 9999.0, 9999.0, 23.98, 9999.0, 22.32, 9999.0, 22.75, 22.5, 22.25, 22.27, 22.32
2026-08-11, 00:32:49, 22.5, 22.55, 23.0, 23.0, 9999.0, 9999.0, 9999.0, 24.0, 9999.0, 22.3, 9999.0, 22.75, 22.5, 22.25, 22.27, 22.3
2026-08-11, 00:32:53, 22.5, 22.57, 23.0, 23.0, 9999.0, 9999.0, 9999.0, 23.95, 9999.0, 22.27, 9999.0, 22.75, 22.5, 22.25, 22.27, 22.3
2026-08-11, 00:32:57, 22.5, 22.57, 23.0, 23.0, 9999.0, 9999.0, 9999.0, 23.91, 9999.0, 22.25, 9999.0, 22.77, 22.52, 22.25, 22.3, 22.27
2026-08-11, 00:33:01, 22.5, 22.59, 23.0, 23.0, 9999.0, 9999.0, 9999.0, 23.89, 9999.0, 22.23, 9999.0, 22.8, 22.52, 22.25, 22.32, 22.27
2026-08-11, 00:33:05, 22.5, 22.61, 23.0, 23.0, 9999.0, 9999.0, 9999.0, 23.86, 9999.0, 22.2, 9999.0, 22.8, 22.52, 22.25, 22.32, 22.3
2026-08-11, 00:33:10, 22.5, 22.61, 23.0, 23.0, 9999.0, 9999.0, 9999.0, 23.84, 9999.0, 22.2, 9999.0, 22.8, 22.52, 22.25, 22.3, 22.3
2026-08-11, 00:33:14, 22.5, 22.61, 23.0, 23.0, 9999.0, 9999.0, 9999.0, 23.8, 9999.0, 22.2, 9999.0, 22.8, 22.52, 22.25, 22.3, 22.3
2026-08-11, 00:33:18, 22.5, 22.59, 23.0, 23.0, 9999.0, 9999.0, 9999.0, 23.75, 9999.0, 22.23, 9999.0, 22.8, 22.55, 22.25, 22.3, 22.3
2026-08-11, 00:33:22, 22.5, 22.59, 23.0, 23.0, 9999.0, 9999.0, 9999.0, 23.7, 9999.0, 22.25, 9999.0, 22.8, 22.55, 22.25, 22.3, 22.3
2026-08-11, 00:33:26, 22.5, 22.59, 23.0, 23.0, 9999.0, 9999.0, 9999.0, 23.66, 9999.0, 22.27, 9999.0, 22.8, 22.57, 22.25, 22.3, 22.32
2026-08-11, 00:33:30, 22.5, 22.59, 23.0, 23.0, 9999.0, 9999.0, 9999.0, 23.7, 9999.0, 22.27, 9999.0, 22.8, 22.57, 22.25, 22.3, 22.32
2026-08-11, 00:33:34, 22.5, 22.57, 23.0, 23.0, 9999.0, 9999.0, 9999.0, 23.75, 9999.0, 22.3, 9999.0, 22.8, 22.57, 22.25, 22.3, 22.34
2026-08-11, 00:33:38, 22.5, 22.55, 23.0, 23.0, 9999.0, 9999.0, 9999.0, 23.8, 9999.0, 22.32, 9999.0, 22.8, 22.57, 22.25, 22.3, 22.34
2026-08-11, 00:33:42, 22.5, 22.55, 23.0, 23.0, 9999.0, 9999.0, 9999.0, 23.84, 9999.0, 22.32, 9999.0, 22.77, 22.55, 22.25, 22.27, 22.34
2026-08-11, 00:33:46, 22.5, 22.55, 23.0, 23.0, 9999.0, 9999.0, 9999.0, 23.86, 9999.0, 22.34, 9999.0, 22.75, 22.55, 22.25, 22.25, 22.32
2026-08-11, 00:33:50, 22.5, 22.52, 23.0, 23.0, 9999.0, 9999.0, 9999.0, 23.89, 9999.0, 22.36, 9999.0, 22.75, 22.55, 22.25, 22.25, 22.3
2026-08-11, 00:33:54, 22.5, 22.52, 23.0, 23.0, 9999.0, 9999.0, 9999.0, 23.89, 9999.0, 22.36, 9999.0, 22.75, 22.55, 22.25, 22.25, 22.3
2026-08-11, 00:33:58, 22.5, 22.55, 23.0, 23.0, 9999.0, 9999.0, 9999.0, 23.91, 9999.0, 22.36, 9999.0, 22.75, 22.55, 22.25, 22.25, 22.3
2026-08-11, 00:34:02, 22.5, 22.55, 23.0, 23.0, 9999.0, 9999.0, 9999.0, 23.95, 9999.0, 22.34, 9999.0, 22.73, 22.52, 22.25, 22.25, 22.3
2026-08-11, 00:34:06, 22.5, 22.55, 23.0, 23.0, 9999.0, 9999.0, 9999.0, 23.98, 9999.0, 22.32, 9999.0, 22.73, 22.52, 22.25, 22.27, 22.3
2026-08-11, 00:34:10, 22.5, 22.55, 23.0, 23.0, 9999.0, 9999.0, 9999.0, 24.0, 9999.0, 22.3, 9999.0, 22.73, 22.5, 22.25, 22.27, 22.27
2026-08-11, 00:34:14, 22.5, 22.55, 23.0, 23.0, 9999.0, 9999.0, 9999.0, 23.93, 9999.0, 22.3, 9999.0, 22.75, 22.5, 22.25, 22.3, 22.27
2026-08-11, 00:34:18, 22.5, 22.55, 23.0, 23.0, 9999.0, 9999.0, 9999.0, 23.86, 9999.0, 22.27, 9999.0, 22.77, 22.5, 22.27, 22.32, 22.25
2026-08-11, 00:34:22, 22.5, 22.55, 23.0, 23.0, 9999.0, 9999.0, 9999.0, 23.8, 9999.0, 22.25, 9999.0, 22.8, 22.5, 22.3, 22.34, 22.25
2026-08-11, 00:34:26, 22.5, 22.55, 23.0, 23.0, 9999.0, 9999.0, 9999.0, 23.73, 9999.0, 22.27, 9999.0, 22.82, 22.5, 22.3, 22.34, 22.25
2026-08-11, 00:34:30, 22.5, 22.52, 23.0, 23.0, 9999.0, 9999.0, 9999.0, 23.68, 9999.0, 22.3, 9999.0, 22.84, 22.5, 22.3, 22.34, 22.25
2026-08-11, 00:34:34, 22.5, 22.52, 23.0, 23.0, 9999.0, 9999.0, 9999.0, 23.61, 9999.0, 22.32, 9999.0, 22.84, 22.5, 22.32, 22.36, 22.25
2026-08-11, 00:34:38, 22.5, 22.52, 23.0, 23.0, 9999.0, 9999.0, 9999.0, 23.57, 9999.0, 22.34, 9999.0, 22.84, 22.5, 22.34, 22.36, 22.25
2026-08-11, 00:34:42, 22.5, 22.5, 23.0, 23.0, 9999.0, 9999.0, 9999.0, 23.55, 9999.0, 22.36, 9999.0, 22.84, 22.5, 22.36, 22.36, 22.25
2026-08-11, 00:34:46, 22.5, 22.5, 23.0, 23.0, 9999.0, 9999.0, 9999.0, 23.55, 9999.0, 22.39, 9999.0, 22.86, 22.52, 22.36, 22.39, 22.25
2026-08-11, 00:34:50, 22.5, 22.52, 23.0, 23.0, 9999.0, 9999.0, 9999.0, 23.57, 9999.0, 22.41, 9999.0, 22.86, 22.52, 22.36, 22.39, 22.27
2026-08-11, 00:34:54, 22.5, 22.52, 23.0, 23.0, 9999.0, 9999.0, 9999.0, 23.59, 9999.0, 22.43, 9999.0, 22.86, 22.55, 22.36, 22.39, 22.27
2026-08-11, 00:34:58, 22.5, 22.55, 23.0, 23.0, 9999.0, 9999.0, 9999.0, 23.64, 9999.0, 22.45, 9999.0, 22.84, 22.55, 22.36, 22.39, 22.3
2026-08-11, 00:35:02, 22.5, 22.55, 23.0, 23.0, 9999.0, 9999.0, 9999.0, 23.68, 9999.0, 22.45, 9999.0, 22.82, 22.55, 22.34, 22.39, 22.32
2026-08-11, 00:35:06, 22.5, 22.55, 23.0, 23.02, 9999.0, 9999.0, 9999.0, 23.7, 9999.0, 22.48, 9999.0, 22.8, 22.55, 22.32, 22.39, 22.32
2026-08-11, 00:35:10, 22.5, 22.55, 23.0, 23.02, 9999.0, 9999.0, 9999.0, 23.75, 9999.0, 22.45, 9999.0, 22.77, 22.55, 22.32, 22.41, 22.32
2026-08-11, 00:35:14, 22.5, 22.55, 23.0, 23.02, 9999.0, 9999.0, 9999.0, 23.77, 9999.0, 22.43, 9999.0, 22.73, 22.55, 22.32, 22.41, 22.32
2026-08-11, 00:35:18, 22.5, 22.55, 23.0, 23.02, 9999.0, 9999.0, 9999.0, 23.82, 9999.0, 22.43, 9999.0, 22.73, 22.55, 22.3, 22.39, 22.32
2026-08-11, 00:35:22, 22.5, 22.55, 23.0, 23.02, 9999.0, 9999.0, 9999.0, 23.86, 9999.0, 22.41, 9999.0, 22.73, 22.55, 22.27, 22.39, 22.34
2026-08-11, 00:35:26, 22.5, 22.55, 23.0, 23.02, 9999.0, 9999.0, 9999.0, 23.89, 9999.0, 22.39, 9999.0, 22.73, 22.55, 22.25, 22.39, 22.34
2026-08-11, 00:35:30, 22.5, 22.55, 23.0, 23.02, 9999.0, 9999.0, 9999.0, 23.86, 9999.0, 22.36, 9999.0, 22.73, 22.52, 22.25, 22.36, 22.36
2026-08-11, 00:35:34, 22.5, 22.52, 23.0, 23.02, 9999.0, 9999.0, 9999.0, 23.84, 9999.0, 22.34, 9999.0, 22.75, 22.52, 22.25, 22.34, 22.34
2026-08-11, 00:35:38, 22.5, 22.52, 23.0, 23.02, 9999.0, 9999.0, 9999.0, 23.8, 9999.0, 22.32, 9999.0, 22.77, 22.5, 22.25, 22.36, 22.34
2026-08-11, 00:35:42, 22.5, 22.5, 23.0, 23.02, 9999.0, 9999.0, 9999.0, 23.75, 9999.0, 22.3, 9999.0, 22.8, 22.5, 22.25, 22.34, 22.32
2026-08-11, 00:35:46, 22.5, 22.5, 23.0, 23.02, 9999.0, 9999.0, 9999.0, 23.7, 9999.0, 22.32, 9999.0, 22.82, 22.5, 22.25, 22.32, 22.3
2026-08-11, 00:35:50, 22.5, 22.5, 23.0, 23.0, 9999.0, 9999.0, 9999.0, 23.68, 9999.0, 22.32, 9999.0, 22.82, 22.52, 22.25, 22.3, 22.3
2026-08-11, 00:35:54, 22.5, 22.5, 23.0, 23.0, 9999.0, 9999.0, 9999.0, 23.64, 9999.0, 22.34, 9999.0, 22.84, 22.52, 22.27, 22.3, 22.3
2026-08-11, 00:35:58, 22.5, 22.5, 23.0, 23.0, 9999.0, 9999.0, 9999.0, 23.61, 9999.0, 22.39, 9999.0, 22.89, 22.55, 22.27, 22.3, 22.3
2026-08-11, 00:36:02, 22.5, 22.5, 23.0, 23.0, 9999.0, 9999.0, 9999.0, 23.59, 9999.0, 22.41, 9999.0, 22.89, 22.55, 22.27, 22.3, 22.32
2026-08-11, 00:36:06, 22.5, 22.5, 23.0, 23.02, 9999.0, 9999.0, 9999.0, 23.64, 9999.0, 22.45, 9999.0, 22.89, 22.55, 22.27, 22.32, 22.32
2026-08-11, 00:36:10, 22.5, 22.5, 23.0, 23.02, 9999.0, 9999.0, 9999.0, 23.68, 9999.0, 22.48, 9999.0, 22.89, 22.55, 22.27, 22.32, 22.34
2026-08-11, 00:36:14, 22.5, 22.5, 23.0, 23.02, 9999.0, 9999.0, 9999.0, 23.73, 9999.0, 22.5, 9999.0, 22.89, 22.55, 22.27, 22.32, 22.32
2026-08-11, 00:36:18, 22.5, 22.5, 23.0, 23.02, 9999.0, 9999.0, 9999.0, 23.75, 9999.0, 22.52, 9999.0, 22.86, 22.55, 22.27, 22.32, 22.32
2026-08-11, 00:36:22, 22.5, 22.5, 23.0, 23.02, 9999.0, 9999.0, 9999.0, 23.8, 9999.0, 22.55, 9999.0, 22.84, 22.55, 22.27, 22.3, 22.32
2026-08-11, 00:36:26, 22.5, 22.5, 23.0, 23.02, 9999.0, 9999.0, 9999.0, 23.84, 9999.0, 22.57, 9999.0, 22.82, 22.55, 22.27, 22.3, 22.32
2026-08-11, 00:36:30, 22.5, 22.5, 23.0, 23.02, 9999.0, 9999.0, 9999.0, 23.89, 9999.0, 22.57, 9999.0, 22.8, 22.55, 22.27, 22.32, 22.34
2026-08-11, 00:36:34, 22.5, 22.5, 23.0, 23.02, 9999.0, 9999.0, 9999.0, 23.91, 9999.0, 22.57, 9999.0, 22.8, 22.52, 22.27, 22.34, 22.34
2026-08-11, 00:36:38, 22.5, 22.5, 23.0, 23.02, 9999.0, 9999.0, 9999.0, 23.95, 9999.0, 22.57, 9999.0, 22.77, 22.52, 22.25, 22.32, 22.36
2026-08-11, 00:36:42, 22.5, 22.5, 23.0, 23.02, 9999.0, 9999.0, 9999.0, 23.98, 9999.0, 22.55, 9999.0, 22.75, 22.5, 22.25, 22.32, 22.36
2026-08-11, 00:36:46, 22.5, 22.5, 23.0, 23.02, 9999.0, 9999.0, 9999.0, 24.0, 9999.0, 22.52, 9999.0, 22.75, 22.5, 22.27, 22.32, 22.34
2026-08-11, 00:36:50, 22.5, 22.5, 23.0, 23.0, 9999.0, 9999.0, 9999.0, 23.95, 9999.0, 22.5, 9999.0, 22.75, 22.5, 22.27, 22.3, 22.34
2026-08-11, 00:36:54, 22.5, 22.5, 23.0, 23.0, 9999.0, 9999.0, 9999.0, 23.91, 9999.0, 22.48, 9999.0, 22.77, 22.5, 22.27, 22.3, 22.32
2026-08-11, 00:37:02, 22.5, 22.5, 23.0, 23.0, 9999.0, 9999.0, 9999.0, 23.86, 9999.0, 22.45, 9999.0, 22.8, 22.5, 22.27, 22.3, 22.32
2026-08-11, 00:37:06, 22.5, 22.5, 23.0, 23.0, 9999.0, 9999.0, 9999.0, 23.82, 9999.0, 22.43, 9999.0, 22.82, 22.5, 22.27, 22.3, 22.32
2026-08-11, 00:37:10, 22.5, 22.5, 23.0, 23.0, 9999.0, 9999.0, 9999.0, 23.77, 9999.0, 22.43, 9999.0, 22.82, 22.52, 22.27, 22.32, 22.32
2026-08-11, 00:37:14, 22.5, 22.5, 23.0, 23.0, 9999.0, 9999.0, 9999.0, 23.73, 9999.0, 22.43, 9999.0, 22.82, 22.52, 22.27, 22.32, 22.32
2026-08-11, 00:37:20, 22.5, 22.52, 23.0, 23.0, 9999.0, 9999.0, 9999.0, 23.68, 9999.0, 22.45, 9999.0, 22.84, 22.52, 22.3, 22.3, 22.3
2026-08-11, 00:37:24, 22.5, 22.52, 23.0, 23.0, 9999.0, 9999.0, 9999.0, 23.66, 9999.0, 22.48, 9999.0, 22.84, 22.55, 22.32, 22.27, 22.32
2026-08-11, 00:37:28, 22.5, 22.52, 23.0, 23.0, 9999.0, 9999.0, 9999.0, 23.61, 9999.0, 22.5, 9999.0, 22.84, 22.57, 22.32, 22.3, 22.3
2026-08-11, 00:37:32, 22.5, 22.52, 23.0, 23.0, 9999.0, 9999.0, 9999.0, 23.66, 9999.0, 22.52, 9999.0, 22.84, 22.59, 22.32, 22.3, 22.3
2026-08-11, 00:37:36, 22.5, 22.52, 23.0, 23.0, 9999.0, 9999.0, 9999.0, 23.7, 9999.0, 22.52, 9999.0, 22.84, 22.59, 22.3, 22.3, 22.3
2026-08-11, 00:37:40, 22.5, 22.55, 23.0, 23.0, 9999.0, 9999.0, 9999.0, 23.75, 9999.0, 22.52, 9999.0, 22.84, 22.59, 22.3, 22.3, 22.27
2026-08-11, 00:37:44, 22.5, 22.57, 23.0, 23.0, 9999.0, 9999.0, 9999.0, 23.77, 9999.0, 22.55, 9999.0, 22.82, 22.59, 22.32, 22.32, 22.27
2026-08-11, 00:37:48, 22.5, 22.59, 23.0, 23.0, 9999.0, 9999.0, 9999.0, 23.8, 9999.0, 22.57, 9999.0, 22.8, 22.59, 22.32, 22.32, 22.27
2026-08-11, 00:37:52, 22.5, 22.59, 23.0, 23.0, 9999.0, 9999.0, 9999.0, 23.84, 9999.0, 22.59, 9999.0, 22.77, 22.59, 22.32, 22.32, 22.3
2026-08-11, 00:37:56, 22.5, 22.59, 23.0, 23.0, 9999.0, 9999.0, 9999.0, 23.86, 9999.0, 22.59, 9999.0, 22.77, 22.57, 22.32, 22.3, 22.3
2026-08-11, 00:38:00, 22.5, 22.59, 23.0, 23.0, 9999.0, 9999.0, 9999.0, 23.89, 9999.0, 22.59, 9999.0, 22.77, 22.57, 22.32, 22.3, 22.3
2026-08-11, 00:38:04, 22.5, 22.57, 23.0, 23.0, 9999.0, 9999.0, 9999.0, 23.93, 9999.0, 22.57, 9999.0, 22.75, 22.57, 22.3, 22.3, 22.3
2026-08-11, 00:38:08, 22.5, 22.57, 23.0, 23.0, 9999.0, 9999.0, 9999.0, 23.98, 9999.0, 22.55, 9999.0, 22.75, 22.55, 22.27, 22.3, 22.27
2026-08-11, 00:38:12, 22.5, 22.57, 23.0, 23.0, 9999.0, 9999.0, 9999.0, 24.02, 9999.0, 22.52, 9999.0, 22.75, 22.52, 22.27, 22.27, 22.27
2026-08-11, 00:38:16, 22.5, 22.57, 23.0, 23.0, 9999.0, 9999.0, 9999.0, 23.98, 9999.0, 22.5, 9999.0, 22.75, 22.5, 22.27, 22.27, 22.27
2026-08-11, 00:38:21, 22.5, 22.57, 23.0, 23.0, 9999.0, 9999.0, 9999.0, 23.93, 9999.0, 22.5, 9999.0, 22.77, 22.5, 22.27, 22.3, 22.27
2026-08-11, 00:38:25, 22.5, 22.55, 23.0, 23.0, 9999.0, 9999.0, 9999.0, 23.89, 9999.0, 22.48, 9999.0, 22.8, 22.5, 22.27, 22.3, 22.27
2026-08-11, 00:38:29, 22.5, 22.52, 23.0, 23.0, 9999.0, 9999.0, 9999.0, 23.84, 9999.0, 22.48, 9999.0, 22.82, 22.5, 22.25, 22.27, 22.3
2026-08-11, 00:38:33, 22.5, 22.5, 23.0, 23.0, 9999.0, 9999.0, 9999.0, 23.82, 9999.0, 22.5, 9999.0, 22.84, 22.5, 22.25, 22.27, 22.3
2026-08-11, 00:38:37, 22.5, 22.5, 23.0, 23.0, 9999.0, 9999.0, 9999.0, 23.77, 9999.0, 22.5, 9999.0, 22.84, 22.5, 22.25, 22.3, 22.27
2026-08-11, 00:38:41, 22.5, 22.52, 23.0, 23.0, 9999.0, 9999.0, 9999.0, 23.75, 9999.0, 22.52, 9999.0, 22.86, 22.5, 22.25, 22.3, 22.27
2026-08-11, 00:38:52, 22.5, 22.52, 23.0, 23.0, 9999.0, 9999.0, 9999.0, 23.75, 9999.0, 22.55, 9999.0, 22.86, 22.5, 22.25, 22.3, 22.27
2026-08-11, 00:38:56, 22.5, 22.52, 23.0, 23.0, 9999.0, 9999.0, 9999.0, 23.7, 9999.0, 22.57, 9999.0, 22.86, 22.5, 22.27, 22.3, 22.27
2026-08-11, 00:39:00, 22.5, 22.52, 23.0, 23.0, 9999.0, 9999.0, 9999.0, 23.75, 9999.0, 22.59, 9999.0, 22.86, 22.5, 22.27, 22.32, 22.27
2026-08-11, 00:39:08, 22.5, 22.52, 23.0, 23.0, 9999.0, 9999.0, 9999.0, 23.77, 9999.0, 22.61, 9999.0, 22.86, 22.5, 22.27, 22.32, 22.3
2026-08-11, 00:39:12, 22.5, 22.52, 23.0, 23.0, 9999.0, 9999.0, 9999.0, 23.82, 9999.0, 22.61, 9999.0, 22.86, 22.5, 22.27, 22.32, 22.3
2026-08-11, 00:39:16, 22.5, 22.52, 23.0, 23.0, 9999.0, 9999.0, 9999.0, 23.86, 9999.0, 22.61, 9999.0, 22.84, 22.5, 22.27, 22.3, 22.3
2026-08-11, 00:39:20, 22.5, 22.52, 23.0, 23.0, 9999.0, 9999.0, 9999.0, 23.91, 9999.0, 22.64, 9999.0, 22.82, 22.5, 22.3, 22.3, 22.3
2026-08-11, 00:39:24, 22.5, 22.52, 23.0, 23.0, 9999.0, 9999.0, 9999.0, 23.95, 9999.0, 22.64, 9999.0, 22.8, 22.5, 22.3, 22.3, 22.27
2026-08-11, 00:39:28, 22.5, 22.52, 23.0, 23.0, 9999.0, 9999.0, 9999.0, 23.98, 9999.0, 22.61, 9999.0, 22.77, 22.5, 22.3, 22.3, 22.27
2026-08-11, 00:39:32, 22.5, 22.52, 23.0, 23.0, 9999.0, 9999.0, 9999.0, 24.02, 9999.0, 22.61, 9999.0, 22.77, 22.5, 22.3, 22.27, 22.27
2026-08-11, 00:39:36, 22.5, 22.5, 23.0, 23.0, 9999.0, 9999.0, 9999.0, 24.07, 9999.0, 22.59, 9999.0, 22.75, 22.5, 22.3, 22.3, 22.27
2026-08-11, 00:39:40, 22.5, 22.5, 23.0, 23.0, 9999.0, 9999.0, 9999.0, 24.07, 9999.0, 22.57, 9999.0, 22.77, 22.5, 22.3, 22.3, 22.27
2026-08-11, 00:39:44, 22.5, 22.5, 23.0, 23.0, 9999.0, 9999.0, 9999.0, 24.09, 9999.0, 22.55, 9999.0, 22.8, 22.5, 22.27, 22.3, 22.27
2026-08-11, 00:39:48, 22.5, 22.5, 23.0, 23.0, 9999.0, 9999.0, 9999.0, 24.02, 9999.0, 22.52, 9999.0, 22.82, 22.5, 22.27, 22.27, 22.3
2026-08-11, 00:39:52, 22.5, 22.52, 23.0, 23.0, 9999.0, 9999.0, 9999.0, 23.98, 9999.0, 22.5, 9999.0, 22.84, 22.5, 22.27, 22.27, 22.27
2026-08-11, 00:39:56, 22.5, 22.52, 23.0, 23.0, 9999.0, 9999.0, 9999.0, 23.93, 9999.0, 22.5, 9999.0, 22.86, 22.5, 22.27, 22.27, 22.3
2026-08-11, 00:40:00, 22.5, 22.52, 23.0, 23.0, 9999.0, 9999.0, 9999.0, 23.89, 9999.0, 22.5, 9999.0, 22.89, 22.5, 22.27, 22.27, 22.3
2026-08-11, 00:40:05, 22.5, 22.52, 23.0, 23.0, 9999.0, 9999.0, 9999.0, 23.84, 9999.0, 22.5, 9999.0, 22.91, 22.5, 22.25, 22.3, 22.3
2026-08-11, 00:40:09, 22.5, 22.55, 23.0, 23.0, 9999.0, 9999.0, 9999.0, 23.82, 9999.0, 22.52, 9999.0, 22.91, 22.5, 22.25, 22.3, 22.32
2026-08-11, 00:40:13, 22.5, 22.57, 23.0, 23.0, 9999.0, 9999.0, 9999.0, 23.77, 9999.0, 22.55, 9999.0, 22.91, 22.5, 22.25, 22.32, 22.32
2026-08-11, 00:40:17, 22.5, 22.57, 23.0, 23.0, 9999.0, 9999.0, 9999.0, 23.73, 9999.0, 22.57, 9999.0, 22.91, 22.52, 22.25, 22.34, 22.32
2026-08-11, 00:40:21, 22.5, 22.57, 23.0, 23.0, 9999.0, 9999.0, 9999.0, 23.75, 9999.0, 22.59, 9999.0, 22.91, 22.52, 22.25, 22.32, 22.32
2026-08-11, 00:40:25, 22.5, 22.57, 23.0, 23.0, 9999.0, 9999.0, 9999.0, 23.8, 9999.0, 22.61, 9999.0, 22.89, 22.52, 22.25, 22.34, 22.32
2026-08-11, 00:40:29, 22.5, 22.57, 23.0, 23.0, 9999.0, 9999.0, 9999.0, 23.84, 9999.0, 22.64, 9999.0, 22.86, 22.52, 22.25, 22.36, 22.34
2026-08-11, 00:40:33, 22.5, 22.57, 23.0, 23.0, 9999.0, 9999.0, 9999.0, 23.89, 9999.0, 22.66, 9999.0, 22.84, 22.52, 22.25, 22.36, 22.32
2026-08-11, 00:40:37, 22.5, 22.55, 23.0, 23.0, 9999.0, 9999.0, 9999.0, 23.93, 9999.0, 22.68, 9999.0, 22.82, 22.52, 22.25, 22.36, 22.32
2026-08-11, 00:40:41, 22.5, 22.55, 23.0, 23.0, 9999.0, 9999.0, 9999.0, 23.95, 9999.0, 22.68, 9999.0, 22.8, 22.52, 22.25, 22.36, 22.3
2026-08-11, 00:40:45, 22.5, 22.57, 23.0, 23.0, 9999.0, 9999.0, 9999.0, 23.98, 9999.0, 22.68, 9999.0, 22.77, 22.52, 22.25, 22.36, 22.3
2026-08-11, 00:40:49, 22.5, 22.57, 23.0, 23.0, 9999.0, 9999.0, 9999.0, 24.02, 9999.0, 22.68, 9999.0, 22.75, 22.52, 22.25, 22.36, 22.3
2026-08-11, 00:40:53, 22.5, 22.55, 23.0, 23.0, 9999.0, 9999.0, 9999.0, 24.05, 9999.0, 22.66, 9999.0, 22.75, 22.52, 22.25, 22.36, 22.27
2026-08-11, 00:40:57, 22.5, 22.55, 23.0, 23.0, 9999.0, 9999.0, 9999.0, 24.09, 9999.0, 22.64, 9999.0, 22.75, 22.52, 22.25, 22.36, 22.27
2026-08-11, 00:41:01, 22.5, 22.55, 23.0, 23.0, 9999.0, 9999.0, 9999.0, 24.14, 9999.0, 22.61, 9999.0, 22.75, 22.52, 22.25, 22.34, 22.27
2026-08-11, 00:41:05, 22.5, 22.55, 23.0, 23.0, 9999.0, 9999.0, 9999.0, 24.11, 9999.0, 22.59, 9999.0, 22.75, 22.52, 22.25, 22.34, 22.27
2026-08-11, 00:41:09, 22.5, 22.55, 23.0, 23.0, 9999.0, 9999.0, 9999.0, 24.07, 9999.0, 22.57, 9999.0, 22.77, 22.55, 22.25, 22.32, 22.3
2026-08-11, 00:41:13, 22.5, 22.55, 23.0, 23.0, 9999.0, 9999.0, 9999.0, 24.02, 9999.0, 22.55, 9999.0, 22.8, 22.55, 22.25, 22.3, 22.27
2026-08-11, 00:41:17, 22.5, 22.55, 23.0, 23.0, 9999.0, 9999.0, 9999.0, 23.98, 9999.0, 22.52, 9999.0, 22.82, 22.55, 22.25, 22.3, 22.3
2026-08-11, 00:41:21, 22.5, 22.55, 23.0, 23.0, 9999.0, 9999.0, 9999.0, 23.93, 9999.0, 22.52, 9999.0, 22.82, 22.55, 22.25, 22.3, 22.3
2026-08-11, 00:41:25, 22.5, 22.55, 23.0, 23.0, 9999.0, 9999.0, 9999.0, 23.91, 9999.0, 22.55, 9999.0, 22.82, 22.55, 22.25, 22.32, 22.3
2026-08-11, 00:41:29, 22.5, 22.52, 23.0, 23.0, 9999.0, 9999.0, 9999.0, 23.86, 9999.0, 22.57, 9999.0, 22.82, 22.57, 22.25, 22.32, 22.3
2026-08-11, 00:41:33, 22.5, 22.52, 23.0, 23.0, 9999.0, 9999.0, 9999.0, 23.82, 9999.0, 22.59, 9999.0, 22.82, 22.57, 22.25, 22.3, 22.3
2026-08-11, 00:41:37, 22.5, 22.52, 23.0, 23.0, 9999.0, 9999.0, 9999.0, 23.77, 9999.0, 22.61, 9999.0, 22.82, 22.59, 22.25, 22.3, 22.32
2026-08-11, 00:41:41, 22.5, 22.5, 23.0, 23.0, 9999.0, 9999.0, 9999.0, 23.8, 9999.0, 22.64, 9999.0, 22.82, 22.59, 22.25, 22.27, 22.32
2026-08-11, 00:41:45, 22.5, 22.5, 23.0, 23.0, 9999.0, 9999.0, 9999.0, 23.84, 9999.0, 22.66, 9999.0, 22.82, 22.57, 22.25, 22.27, 22.32
2026-08-11, 00:41:49, 22.5, 22.5, 23.0, 23.0, 9999.0, 9999.0, 9999.0, 23.86, 9999.0, 22.66, 9999.0, 22.82, 22.57, 22.25, 22.27, 22.32
2026-08-11, 00:41:53, 22.5, 22.5, 23.0, 23.0, 9999.0, 9999.0, 9999.0, 23.91, 9999.0, 22.68, 9999.0, 22.8, 22.55, 22.25, 22.27, 22.3
2026-08-11, 00:41:57, 22.5, 22.5, 23.0, 23.0, 9999.0, 9999.0, 9999.0, 23.95, 9999.0, 22.7, 9999.0, 22.77, 22.55, 22.25, 22.27, 22.3
2026-08-11, 00:42:01, 22.5, 22.5, 23.0, 23.0, 9999.0, 9999.0, 9999.0, 24.0, 9999.0, 22.73, 9999.0, 22.75, 22.55, 22.25, 22.3, 22.27
2026-08-11, 00:42:05, 22.5, 22.5, 23.0, 23.0, 9999.0, 9999.0, 9999.0, 24.02, 9999.0, 22.73, 9999.0, 22.75, 22.55, 22.25, 22.32, 22.27
2026-08-11, 00:42:09, 22.5, 22.5, 23.0, 23.0, 9999.0, 9999.0, 9999.0, 24.05, 9999.0, 22.73, 9999.0, 22.75, 22.55, 22.25, 22.3, 22.27
2026-08-11, 00:42:13, 22.5, 22.5, 23.0, 23.0, 9999.0, 9999.0, 9999.0, 24.09, 9999.0, 22.73, 9999.0, 22.75, 22.52, 22.25, 22.3, 22.3
2026-08-11, 00:42:17, 22.5, 22.5, 23.0, 23.0, 9999.0, 9999.0, 9999.0, 24.11, 9999.0, 22.7, 9999.0, 22.75, 22.52, 22.25, 22.3, 22.3
2026-08-11, 00:42:21, 22.5, 22.5, 23.0, 23.0, 9999.0, 9999.0, 9999.0, 24.16, 9999.0, 22.68, 9999.0, 22.75, 22.5, 22.25, 22.3, 22.27
2026-08-11, 00:42:25, 22.5, 22.52, 23.0, 23.0, 9999.0, 9999.0, 9999.0, 24.14, 9999.0, 22.66, 9999.0, 22.77, 22.5, 22.25, 22.3, 22.27
2026-08-11, 00:42:29, 22.5, 22.52, 23.0, 23.0, 9999.0, 9999.0, 9999.0, 24.09, 9999.0, 22.64, 9999.0, 22.8, 22.5, 22.25, 22.3, 22.27
2026-08-11, 00:42:33, 22.5, 22.52, 23.0, 23.0, 9999.0, 9999.0, 9999.0, 24.07, 9999.0, 22.64, 9999.0, 22.82, 22.5, 22.25, 22.3, 22.27
2026-08-11, 00:42:37, 22.5, 22.52, 23.0, 23.0, 9999.0, 9999.0, 9999.0, 24.02, 9999.0, 22.64, 9999.0, 22.82, 22.5, 22.25, 22.3, 22.27
2026-08-11, 00:42:41, 22.5, 22.55, 23.0, 23.0, 9999.0, 9999.0, 9999.0, 23.98, 9999.0, 22.64, 9999.0, 22.82, 22.5, 22.25, 22.3, 22.27
2026-08-11, 00:42:45, 22.5, 22.55, 23.0, 23.0, 9999.0, 9999.0, 9999.0, 23.93, 9999.0, 22.64, 9999.0, 22.82, 22.5, 22.25, 22.27, 22.27
2026-08-11, 00:42:49, 22.5, 22.55, 23.0, 23.0, 9999.0, 9999.0, 9999.0, 23.91, 9999.0, 22.66, 9999.0, 22.82, 22.5, 22.25, 22.25, 22.27
2026-08-11, 00:42:53, 22.5, 22.55, 23.0, 23.0, 9999.0, 9999.0, 9999.0, 23.89, 9999.0, 22.68, 9999.0, 22.82, 22.5, 22.25, 22.25, 22.27
2026-08-11, 00:42:57, 22.5, 22.55, 23.0, 23.0, 9999.0, 9999.0, 9999.0, 23.93, 9999.0, 22.68, 9999.0, 22.82, 22.5, 22.25, 22.27, 22.25
2026-08-11, 00:43:01, 22.5, 22.55, 23.0, 23.0, 9999.0, 9999.0, 9999.0, 23.98, 9999.0, 22.7, 9999.0, 22.82, 22.52, 22.25, 22.27, 22.25
2026-08-11, 00:43:05, 22.5, 22.55, 23.0, 23.0, 9999.0, 9999.0, 9999.0, 24.0, 9999.0, 22.73, 9999.0, 22.82, 22.55, 22.25, 22.27, 22.25
2026-08-11, 00:43:09, 22.5, 22.52, 23.0, 23.0, 9999.0, 9999.0, 9999.0, 24.02, 9999.0, 22.75, 9999.0, 22.8, 22.55, 22.25, 22.27, 22.25
2026-08-11, 00:43:13, 22.5, 22.52, 23.0, 23.0, 9999.0, 9999.0, 9999.0, 24.05, 9999.0, 22.77, 9999.0, 22.77, 22.55, 22.25, 22.27, 22.25
2026-08-11, 00:43:17, 22.5, 22.52, 23.0, 23.0, 9999.0, 9999.0, 9999.0, 24.07, 9999.0, 22.8, 9999.0, 22.75, 22.55, 22.25, 22.27, 22.25
2026-08-11, 00:43:21, 22.5, 22.52, 23.0, 23.0, 9999.0, 9999.0, 9999.0, 24.09, 9999.0, 22.8, 9999.0, 22.75, 22.55, 22.25, 22.27, 22.27
2026-08-11, 00:43:25, 22.5, 22.52, 23.0, 23.0, 9999.0, 9999.0, 9999.0, 24.11, 9999.0, 22.8, 9999.0, 22.75, 22.55, 22.25, 22.27, 22.3
2026-08-11, 00:43:29, 22.5, 22.52, 23.0, 23.0, 9999.0, 9999.0, 9999.0, 24.14, 9999.0, 22.8, 9999.0, 22.75, 22.55, 22.25, 22.27, 22.3
2026-08-11, 00:43:33, 22.5, 22.52, 23.0, 23.0, 9999.0, 9999.0, 9999.0, 24.16, 9999.0, 22.77, 9999.0, 22.75, 22.55, 22.25, 22.27, 22.3
2026-08-11, 00:43:37, 22.5, 22.52, 23.0, 23.0, 9999.0, 9999.0, 9999.0, 24.18, 9999.0, 22.75, 9999.0, 22.75, 22.55, 22.25, 22.27, 22.3
2026-08-11, 00:43:41, 22.5, 22.52, 23.0, 23.0, 9999.0, 9999.0, 9999.0, 24.14, 9999.0, 22.75, 9999.0, 22.75, 22.55, 22.25, 22.25, 22.3
2026-08-11, 00:43:45, 22.5, 22.52, 23.0, 22.98, 9999.0, 9999.0, 9999.0, 24.09, 9999.0, 22.75, 9999.0, 22.77, 22.52, 22.25, 22.25, 22.3
2026-08-11, 00:43:50, 22.5, 22.52, 23.0, 22.95, 9999.0, 9999.0, 9999.0, 24.07, 9999.0, 22.73, 9999.0, 22.8, 22.5, 22.25, 22.27, 22.3
2026-08-11, 00:43:54, 22.5, 22.52, 23.0, 22.95, 9999.0, 9999.0, 9999.0, 24.05, 9999.0, 22.73, 9999.0, 22.82, 22.5, 22.25, 22.27, 22.3
2026-08-11, 00:43:58, 22.5, 22.52, 23.0, 22.95, 9999.0, 9999.0, 9999.0, 24.02, 9999.0, 22.73, 9999.0, 22.84, 22.5, 22.25, 22.27, 22.3
2026-08-11, 00:44:02, 22.5, 22.52, 23.0, 22.95, 9999.0, 9999.0, 9999.0, 23.98, 9999.0, 22.73, 9999.0, 22.84, 22.5, 22.25, 22.27, 22.3
2026-08-11, 00:44:06, 22.5, 22.55, 23.0, 22.95, 9999.0, 9999.0, 9999.0, 23.95, 9999.0, 22.75, 9999.0, 22.84, 22.5, 22.25, 22.27, 22.27
2026-08-11, 00:44:10, 22.5, 22.52, 23.0, 22.95, 9999.0, 9999.0, 9999.0, 23.93, 9999.0, 22.77, 9999.0, 22.84, 22.5, 22.25, 22.27, 22.25
2026-08-11, 00:44:14, 22.5, 22.52, 23.0, 22.95, 9999.0, 9999.0, 9999.0, 23.98, 9999.0, 22.8, 9999.0, 22.84, 22.52, 22.25, 22.27, 22.25
2026-08-11, 00:44:18, 22.5, 22.52, 23.0, 22.95, 9999.0, 9999.0, 9999.0, 24.02, 9999.0, 22.82, 9999.0, 22.84, 22.52, 22.25, 22.3, 22.27
2026-08-11, 00:44:22, 22.5, 22.52, 23.0, 22.95, 9999.0, 9999.0, 9999.0, 24.05, 9999.0, 22.82, 9999.0, 22.84, 22.55, 22.25, 22.3, 22.27
2026-08-11, 00:44:26, 22.5, 22.52, 23.0, 22.95, 9999.0, 9999.0, 9999.0, 24.07, 9999.0, 22.82, 9999.0, 22.84, 22.55, 22.25, 22.3, 22.27
2026-08-11, 00:44:30, 22.5, 22.52, 23.0, 22.98, 9999.0, 9999.0, 9999.0, 24.09, 9999.0, 22.82, 9999.0, 22.82, 22.57, 22.25, 22.3, 22.27
2026-08-11, 00:44:34, 22.5, 22.55, 23.0, 23.0, 9999.0, 9999.0, 9999.0, 24.11, 9999.0, 22.84, 9999.0, 22.8, 22.57, 22.25, 22.27, 22.27
2026-08-11, 00:44:38, 22.5, 22.55, 23.0, 23.0, 9999.0, 9999.0, 9999.0, 24.14, 9999.0, 22.84, 9999.0, 22.77, 22.57, 22.25, 22.27, 22.27
2026-08-11, 00:44:42, 22.5, 22.55, 23.0, 23.0, 9999.0, 9999.0, 9999.0, 24.14, 9999.0, 22.84, 9999.0, 22.73, 22.57, 22.25, 22.27, 22.27
2026-08-11, 00:44:46, 22.5, 22.55, 23.0, 23.0, 9999.0, 9999.0, 9999.0, 24.16, 9999.0, 22.84, 9999.0, 22.73, 22.57, 22.25, 22.27, 22.27
2026-08-11, 00:44:50, 22.5, 22.52, 23.0, 23.0, 9999.0, 9999.0, 9999.0, 24.2, 9999.0, 22.82, 9999.0, 22.73, 22.57, 22.25, 22.27, 22.27
2026-08-11, 00:44:54, 22.5, 22.55, 23.0, 23.0, 9999.0, 9999.0, 9999.0, 24.23, 9999.0, 22.8, 9999.0, 22.73, 22.57, 22.25, 22.3, 22.27
2026-08-11, 00:44:58, 22.5, 22.55, 23.0, 23.0, 9999.0, 9999.0, 9999.0, 24.18, 9999.0, 22.77, 9999.0, 22.73, 22.55, 22.25, 22.3, 22.27
2026-08-11, 00:45:02, 22.5, 22.55, 23.0, 23.0, 9999.0, 9999.0, 9999.0, 24.14, 9999.0, 22.75, 9999.0, 22.75, 22.55, 22.25, 22.27, 22.25
2026-08-11, 00:45:06, 22.5, 22.57, 23.0, 23.0, 9999.0, 9999.0, 9999.0, 24.11, 9999.0, 22.75, 9999.0, 22.77, 22.55, 22.25, 22.27, 22.27
2026-08-11, 00:45:10, 22.5, 22.57, 23.0, 23.0, 9999.0, 9999.0, 9999.0, 24.07, 9999.0, 22.75, 9999.0, 22.8, 22.55, 22.27, 22.3, 22.3
2026-08-11, 00:45:14, 22.5, 22.57, 23.0, 23.0, 9999.0, 9999.0, 9999.0, 24.02, 9999.0, 22.75, 9999.0, 22.8, 22.52, 22.27, 22.3, 22.3
2026-08-11, 00:45:18, 22.5, 22.57, 23.0, 23.0, 9999.0, 9999.0, 9999.0, 23.98, 9999.0, 22.75, 9999.0, 22.8, 22.52, 22.27, 22.3, 22.3
2026-08-11, 00:45:22, 22.5, 22.57, 23.0, 23.0, 9999.0, 9999.0, 9999.0, 23.93, 9999.0, 22.75, 9999.0, 22.8, 22.55, 22.27, 22.3, 22.3
2026-08-11, 00:45:26, 22.5, 22.59, 23.0, 23.0, 9999.0, 9999.0, 9999.0, 23.91, 9999.0, 22.77, 9999.0, 22.82, 22.55, 22.27, 22.3, 22.32
2026-08-11, 00:45:30, 22.5, 22.59, 23.0, 23.0, 9999.0, 9999.0, 9999.0, 23.89, 9999.0, 22.8, 9999.0, 22.82, 22.57, 22.27, 22.3, 22.32
2026-08-11, 00:45:34, 22.5, 22.59, 23.0, 23.0, 9999.0, 9999.0, 9999.0, 23.91, 9999.0, 22.82, 9999.0, 22.82, 22.57, 22.27, 22.32, 22.32
2026-08-11, 00:45:38, 22.5, 22.57, 23.0, 22.98, 9999.0, 9999.0, 9999.0, 23.95, 9999.0, 22.82, 9999.0, 22.82, 22.57, 22.27, 22.3, 22.32
2026-08-11, 00:45:42, 22.5, 22.57, 23.0, 22.95, 9999.0, 9999.0, 9999.0, 24.0, 9999.0, 22.82, 9999.0, 22.82, 22.57, 22.27, 22.3, 22.32
2026-08-11, 00:45:46, 22.5, 22.57, 23.0, 22.95, 9999.0, 9999.0, 9999.0, 24.05, 9999.0, 22.82, 9999.0, 22.8, 22.57, 22.27, 22.3, 22.32
2026-08-11, 00:45:50, 22.5, 22.55, 22.98, 22.93, 9999.0, 9999.0, 9999.0, 24.07, 9999.0, 22.82, 9999.0, 22.77, 22.55, 22.27, 22.3, 22.3
2026-08-11, 00:45:54, 22.5, 22.55, 22.98, 22.93, 9999.0, 9999.0, 9999.0, 24.11, 9999.0, 22.82, 9999.0, 22.75, 22.55, 22.25, 22.27, 22.27
2026-08-11, 00:45:58, 22.5, 22.55, 22.98, 22.93, 9999.0, 9999.0, 9999.0, 24.16, 9999.0, 22.82, 9999.0, 22.73, 22.55, 22.25, 22.3, 22.3
2026-08-11, 00:46:02, 22.5, 22.52, 22.95, 22.93, 9999.0, 9999.0, 9999.0, 24.2, 9999.0, 22.82, 9999.0, 22.7, 22.55, 22.25, 22.3, 22.3
2026-08-11, 00:46:06, 22.5, 22.52, 22.95, 22.93, 9999.0, 9999.0, 9999.0, 24.25, 9999.0, 22.82, 9999.0, 22.7, 22.52, 22.25, 22.32, 22.3
2026-08-11, 00:46:10, 22.5, 22.5, 22.93, 22.93, 9999.0, 9999.0, 9999.0, 24.27, 9999.0, 22.8, 9999.0, 22.7, 22.52, 22.25, 22.34, 22.27
2026-08-11, 00:46:14, 22.5, 22.5, 22.93, 22.91, 9999.0, 9999.0, 9999.0, 24.3, 9999.0, 22.77, 9999.0, 22.7, 22.5, 22.25, 22.34, 22.27
2026-08-11, 00:46:18, 22.5, 22.5, 22.93, 22.91, 9999.0, 9999.0, 9999.0, 24.25, 9999.0, 22.75, 9999.0, 22.7, 22.5, 22.25, 22.32, 22.27
2026-08-11, 00:46:22, 22.5, 22.5, 22.93, 22.93, 9999.0, 9999.0, 9999.0, 24.2, 9999.0, 22.75, 9999.0, 22.73, 22.5, 22.25, 22.32, 22.27
2026-08-11, 00:46:26, 22.5, 22.5, 22.93, 22.95, 9999.0, 9999.0, 9999.0, 24.16, 9999.0, 22.75, 9999.0, 22.75, 22.5, 22.25, 22.34, 22.27
2026-08-11, 00:46:30, 22.5, 22.5, 22.93, 22.95, 9999.0, 9999.0, 9999.0, 24.11, 9999.0, 22.77, 9999.0, 22.77, 22.5, 22.25, 22.34, 22.27
2026-08-11, 00:46:34, 22.5, 22.5, 22.95, 22.98, 9999.0, 9999.0, 9999.0, 24.07, 9999.0, 22.77, 9999.0, 22.77, 22.5, 22.25, 22.34, 22.27
2026-08-11, 00:46:38, 22.5, 22.5, 22.95, 22.95, 9999.0, 9999.0, 9999.0, 24.02, 9999.0, 22.8, 9999.0, 22.77, 22.5, 22.25, 22.34, 22.27
2026-08-11, 00:46:42, 22.5, 22.5, 22.95, 22.95, 9999.0, 9999.0, 9999.0, 23.98, 9999.0, 22.82, 9999.0, 22.8, 22.5, 22.25, 22.32, 22.25
2026-08-11, 00:46:46, 22.5, 22.5, 22.98, 22.93, 9999.0, 9999.0, 9999.0, 23.93, 9999.0, 22.84, 9999.0, 22.82, 22.5, 22.25, 22.32, 22.25
2026-08-11, 00:46:50, 22.5, 22.5, 22.98, 22.93, 9999.0, 9999.0, 9999.0, 23.95, 9999.0, 22.86, 9999.0, 22.82, 22.5, 22.25, 22.32, 22.25
2026-08-11, 00:46:54, 22.5, 22.5, 23.0, 22.93, 9999.0, 9999.0, 9999.0, 24.0, 9999.0, 22.89, 9999.0, 22.82, 22.5, 22.25, 22.3, 22.25
2026-08-11, 00:46:58, 22.5, 22.52, 23.0, 22.95, 9999.0, 9999.0, 9999.0, 24.05, 9999.0, 22.89, 9999.0, 22.82, 22.52, 22.25, 22.3, 22.25
2026-08-11, 00:47:02, 22.5, 22.52, 22.98, 22.93, 9999.0, 9999.0, 9999.0, 24.07, 9999.0, 22.89, 9999.0, 22.82, 22.52, 22.25, 22.3, 22.25
2026-08-11, 00:47:06, 22.5, 22.52, 22.98, 22.93, 9999.0, 9999.0, 9999.0, 24.09, 9999.0, 22.89, 9999.0, 22.8, 22.52, 22.25, 22.3, 22.25
2026-08-11, 00:47:10, 22.5, 22.52, 22.98, 22.91, 9999.0, 9999.0, 9999.0, 24.11, 9999.0, 22.89, 9999.0, 22.77, 22.52, 22.25, 22.27, 22.25
2026-08-11, 00:47:14, 22.5, 22.52, 22.98, 22.91, 9999.0, 9999.0, 9999.0, 24.14, 9999.0, 22.86, 9999.0, 22.75, 22.52, 22.25, 22.27, 22.25
2026-08-11, 00:47:18, 22.5, 22.52, 22.98, 22.89, 9999.0, 9999.0, 9999.0, 24.18, 9999.0, 22.86, 9999.0, 22.75, 22.52, 22.25, 22.27, 22.25
2026-08-11, 00:47:22, 22.5, 22.52, 22.98, 22.91, 9999.0, 9999.0, 9999.0, 24.23, 9999.0, 22.84, 9999.0, 22.75, 22.52, 22.25, 22.3, 22.25
2026-08-11, 00:47:26, 22.5, 22.52, 22.98, 22.89, 9999.0, 9999.0, 9999.0, 24.25, 9999.0, 22.82, 9999.0, 22.73, 22.52, 22.25, 22.3, 22.25
2026-08-11, 00:47:30, 22.5, 22.52, 22.98, 22.89, 9999.0, 9999.0, 9999.0, 24.27, 9999.0, 22.8, 9999.0, 22.73, 22.52, 22.25, 22.3, 22.25
2026-08-11, 00:47:34, 22.5, 22.52, 22.98, 22.89, 9999.0, 9999.0, 9999.0, 24.23, 9999.0, 22.75, 9999.0, 22.73, 22.52, 22.25, 22.3, 22.25
2026-08-11, 00:47:39, 22.5, 22.52, 22.95, 22.89, 9999.0, 9999.0, 9999.0, 24.18, 9999.0, 22.7, 9999.0, 22.75, 22.52, 22.25, 22.32, 22.25
2026-08-11, 00:47:43, 22.5, 22.5, 22.95, 22.86, 9999.0, 9999.0, 9999.0, 24.14, 9999.0, 22.7, 9999.0, 22.75, 22.5, 22.25, 22.32, 22.25
2026-08-11, 00:47:47, 22.5, 22.52, 22.98, 22.89, 9999.0, 9999.0, 9999.0, 24.11, 9999.0, 22.7, 9999.0, 22.75, 22.5, 22.25, 22.32, 22.25
2026-08-11, 00:47:51, 22.5, 22.52, 22.98, 22.89, 9999.0, 9999.0, 9999.0, 24.09, 9999.0, 22.73, 9999.0, 22.75, 22.5, 22.25, 22.32, 22.25
2026-08-11, 00:47:55, 22.5, 22.52, 22.98, 22.91, 9999.0, 9999.0, 9999.0, 24.05, 9999.0, 22.73, 9999.0, 22.75, 22.5, 22.25, 22.34, 22.25
2026-08-11, 00:47:59, 22.5, 22.55, 22.98, 22.91, 9999.0, 9999.0, 9999.0, 24.0, 9999.0, 22.75, 9999.0, 22.75, 22.5, 22.25, 22.36, 22.25
2026-08-11, 00:48:03, 22.5, 22.55, 22.98, 22.93, 9999.0, 9999.0, 9999.0, 23.95, 9999.0, 22.77, 9999.0, 22.75, 22.52, 22.25, 22.36, 22.25
2026-08-11, 00:48:07, 22.5, 22.55, 22.98, 22.93, 9999.0, 9999.0, 9999.0, 23.91, 9999.0, 22.77, 9999.0, 22.75, 22.55, 22.25, 22.34, 22.25
2026-08-11, 00:48:11, 22.5, 22.55, 22.95, 22.93, 9999.0, 9999.0, 9999.0, 23.95, 9999.0, 22.77, 9999.0, 22.77, 22.55, 22.25, 22.34, 22.25
2026-08-11, 00:48:15, 22.5, 22.55, 22.95, 22.95, 9999.0, 9999.0, 9999.0, 24.0, 9999.0, 22.77, 9999.0, 22.77, 22.55, 22.25, 22.34, 22.25
2026-08-11, 00:48:19, 22.5, 22.57, 22.95, 22.95, 9999.0, 9999.0, 9999.0, 24.05, 9999.0, 22.8, 9999.0, 22.77, 22.55, 22.25, 22.32, 22.25
2026-08-11, 00:48:23, 22.5, 22.59, 22.98, 22.93, 9999.0, 9999.0, 9999.0, 24.09, 9999.0, 22.8, 9999.0, 22.75, 22.55, 22.25, 22.3, 22.25
2026-08-11, 00:48:27, 22.5, 22.59, 22.95, 22.93, 9999.0, 9999.0, 9999.0, 24.11, 9999.0, 22.77, 9999.0, 22.75, 22.55, 22.25, 22.3, 22.27
2026-08-11, 00:48:31, 22.5, 22.57, 22.93, 22.91, 9999.0, 9999.0, 9999.0, 24.14, 9999.0, 22.77, 9999.0, 22.75, 22.55, 22.25, 22.3, 22.27
2026-08-11, 00:48:35, 22.5, 22.57, 22.93, 22.89, 9999.0, 9999.0, 9999.0, 24.14, 9999.0, 22.73, 9999.0, 22.73, 22.55, 22.25, 22.3, 22.27
2026-08-11, 00:48:39, 22.5, 22.57, 22.93, 22.89, 9999.0, 9999.0, 9999.0, 24.16, 9999.0, 22.7, 9999.0, 22.73, 22.55, 22.25, 22.27, 22.27
2026-08-11, 00:48:43, 22.5, 22.55, 22.93, 22.86, 9999.0, 9999.0, 9999.0, 24.18, 9999.0, 22.66, 9999.0, 22.73, 22.55, 22.25, 22.25, 22.27
2026-08-11, 00:48:47, 22.5, 22.55, 22.93, 22.84, 9999.0, 9999.0, 9999.0, 24.2, 9999.0, 22.61, 9999.0, 22.73, 22.52, 22.25, 22.25, 22.27
2026-08-11, 00:48:51, 22.5, 22.55, 22.93, 22.82, 9999.0, 9999.0, 9999.0, 24.23, 9999.0, 22.59, 9999.0, 22.73, 22.5, 22.25, 22.25, 22.27
2026-08-11, 00:48:55, 22.5, 22.55, 22.93, 22.82, 9999.0, 9999.0, 9999.0, 24.18, 9999.0, 22.57, 9999.0, 22.73, 22.5, 22.25, 22.25, 22.27
2026-08-11, 00:48:59, 22.5, 22.55, 22.93, 22.82, 9999.0, 9999.0, 9999.0, 24.14, 9999.0, 22.55, 9999.0, 22.75, 22.5, 22.25, 22.25, 22.27
2026-08-11, 00:49:03, 22.5, 22.52, 22.93, 22.82, 9999.0, 9999.0, 9999.0, 24.07, 9999.0, 22.52, 9999.0, 22.77, 22.5, 22.25, 22.25, 22.27
2026-08-11, 00:49:07, 22.5, 22.5, 22.93, 22.82, 9999.0, 9999.0, 9999.0, 24.0, 9999.0, 22.55, 9999.0, 22.8, 22.5, 22.25, 22.25, 22.27
2026-08-11, 00:49:11, 22.5, 22.5, 22.93, 22.82, 9999.0, 9999.0, 9999.0, 23.95, 9999.0, 22.57, 9999.0, 22.8, 22.5, 22.25, 22.27, 22.25
2026-08-11, 00:49:15, 22.48, 22.5, 22.95, 22.84, 9999.0, 9999.0, 9999.0, 23.91, 9999.0, 22.57, 9999.0, 22.8, 22.52, 22.25, 22.27, 22.25
2026-08-11, 00:49:19, 22.48, 22.52, 22.95, 22.84, 9999.0, 9999.0, 9999.0, 23.89, 9999.0, 22.61, 9999.0, 22.82, 22.55, 22.25, 22.27, 22.25
2026-08-11, 00:49:23, 22.48, 22.55, 22.95, 22.82, 9999.0, 9999.0, 9999.0, 23.86, 9999.0, 22.64, 9999.0, 22.82, 22.55, 22.25, 22.27, 22.25
2026-08-11, 00:49:27, 22.48, 22.55, 22.95, 22.82, 9999.0, 9999.0, 9999.0, 23.82, 9999.0, 22.66, 9999.0, 22.82, 22.55, 22.25, 22.27, 22.25
2026-08-11, 00:49:31, 22.48, 22.55, 22.95, 22.84, 9999.0, 9999.0, 9999.0, 23.84, 9999.0, 22.68, 9999.0, 22.82, 22.55, 22.25, 22.27, 22.25
2026-08-11, 00:49:35, 22.48, 22.55, 22.95, 22.86, 9999.0, 9999.0, 9999.0, 23.86, 9999.0, 22.7, 9999.0, 22.82, 22.55, 22.25, 22.27, 22.25
2026-08-11, 00:49:39, 22.48, 22.55, 22.98, 22.89, 9999.0, 9999.0, 9999.0, 23.86, 9999.0, 22.73, 9999.0, 22.82, 22.55, 22.25, 22.27, 22.25
2026-08-11, 00:49:43, 22.48, 22.55, 22.98, 22.86, 9999.0, 9999.0, 9999.0, 23.86, 9999.0, 22.75, 9999.0, 22.8, 22.55, 22.25, 22.27, 22.25
2026-08-11, 00:49:47, 22.48, 22.55, 22.98, 22.86, 9999.0, 9999.0, 9999.0, 23.89, 9999.0, 22.75, 9999.0, 22.77, 22.55, 22.25, 22.27, 22.25
2026-08-11, 00:49:51, 22.48, 22.55, 22.98, 22.89, 9999.0, 9999.0, 9999.0, 23.91, 9999.0, 22.73, 9999.0, 22.75, 22.55, 22.25, 22.27, 22.25
2026-08-11, 00:49:55, 22.48, 22.55, 23.0, 22.89, 9999.0, 9999.0, 9999.0, 23.93, 9999.0, 22.7, 9999.0, 22.75, 22.55, 22.25, 22.25, 22.25
2026-08-11, 00:49:59, 22.5, 22.55, 23.0, 22.86, 9999.0, 9999.0, 9999.0, 23.98, 9999.0, 22.68, 9999.0, 22.75, 22.52, 22.25, 22.25, 22.25
2026-08-11, 00:50:03, 22.5, 22.52, 23.0, 22.89, 9999.0, 9999.0, 9999.0, 24.0, 9999.0, 22.64, 9999.0, 22.75, 22.5, 22.25, 22.25, 22.25
2026-08-11, 00:50:07, 22.5, 22.5, 23.0, 22.91, 9999.0, 9999.0, 9999.0, 24.02, 9999.0, 22.61, 9999.0, 22.75, 22.5, 22.25, 22.25, 22.25
2026-08-11, 00:50:11, 22.5, 22.5, 23.0, 22.91, 9999.0, 9999.0, 9999.0, 24.07, 9999.0, 22.59, 9999.0, 22.75, 22.5, 22.27, 22.25, 22.25
2026-08-11, 00:50:15, 22.5, 22.5, 23.0, 22.89, 9999.0, 9999.0, 9999.0, 24.05, 9999.0, 22.57, 9999.0, 22.77, 22.5, 22.27, 22.25, 22.25
2026-08-11, 00:50:19, 22.5, 22.5, 23.0, 22.86, 9999.0, 9999.0, 9999.0, 24.0, 9999.0, 22.52, 9999.0, 22.8, 22.5, 22.27, 22.25, 22.27
2026-08-11, 00:50:23, 22.5, 22.5, 23.0, 22.84, 9999.0, 9999.0, 9999.0, 23.98, 9999.0, 22.48, 9999.0, 22.82, 22.5, 22.27, 22.25, 22.27
2026-08-11, 00:50:27, 22.5, 22.5, 23.0, 22.84, 9999.0, 9999.0, 9999.0, 23.95, 9999.0, 22.48, 9999.0, 22.82, 22.5, 22.27, 22.25, 22.27
2026-08-11, 00:50:31, 22.5, 22.5, 22.98, 22.84, 9999.0, 9999.0, 9999.0, 23.93, 9999.0, 22.48, 9999.0, 22.82, 22.5, 22.3, 22.25, 22.27
2026-08-11, 00:50:35, 22.5, 22.5, 22.98, 22.84, 9999.0, 9999.0, 9999.0, 23.91, 9999.0, 22.5, 9999.0, 22.82, 22.52, 22.3, 22.25, 22.27
2026-08-11, 00:50:39, 22.5, 22.52, 22.98, 22.84, 9999.0, 9999.0, 9999.0, 23.86, 9999.0, 22.52, 9999.0, 22.82, 22.52, 22.3, 22.25, 22.27
2026-08-11, 00:50:43, 22.5, 22.52, 22.98, 22.84, 9999.0, 9999.0, 9999.0, 23.8, 9999.0, 22.55, 9999.0, 22.82, 22.52, 22.3, 22.25, 22.27
2026-08-11, 00:50:47, 22.5, 22.52, 22.95, 22.84, 9999.0, 9999.0, 9999.0, 23.82, 9999.0, 22.57, 9999.0, 22.82, 22.52, 22.3, 22.25, 22.27
2026-08-11, 00:50:51, 22.5, 22.52, 22.95, 22.84, 9999.0, 9999.0, 9999.0, 23.84, 9999.0, 22.57, 9999.0, 22.82, 22.52, 22.3, 22.27, 22.27
2026-08-11, 00:50:55, 22.5, 22.52, 22.95, 22.86, 9999.0, 9999.0, 9999.0, 23.86, 9999.0, 22.57, 9999.0, 22.82, 22.52, 22.27, 22.27, 22.3
2026-08-11, 00:50:59, 22.5, 22.52, 22.95, 22.89, 9999.0, 9999.0, 9999.0, 23.89, 9999.0, 22.57, 9999.0, 22.8, 22.52, 22.27, 22.27, 22.3
2026-08-11, 00:51:03, 22.5, 22.52, 22.95, 22.91, 9999.0, 9999.0, 9999.0, 23.93, 9999.0, 22.59, 9999.0, 22.77, 22.52, 22.27, 22.27, 22.27
2026-08-11, 00:51:07, 22.5, 22.52, 22.95, 22.93, 9999.0, 9999.0, 9999.0, 23.98, 9999.0, 22.61, 9999.0, 22.75, 22.52, 22.27, 22.27, 22.27
2026-08-11, 00:51:11, 22.5, 22.52, 22.95, 22.95, 9999.0, 9999.0, 9999.0, 24.0, 9999.0, 22.59, 9999.0, 22.75, 22.52, 22.27, 22.27, 22.27
2026-08-11, 00:51:16, 22.5, 22.52, 22.98, 22.95, 9999.0, 9999.0, 9999.0, 24.02, 9999.0, 22.59, 9999.0, 22.75, 22.52, 22.25, 22.27, 22.27
2026-08-11, 00:51:20, 22.5, 22.52, 22.95, 22.95, 9999.0, 9999.0, 9999.0, 24.05, 9999.0, 22.57, 9999.0, 22.75, 22.5, 22.25, 22.27, 22.3
2026-08-11, 00:51:24, 22.5, 22.5, 22.95, 22.98, 9999.0, 9999.0, 9999.0, 24.09, 9999.0, 22.55, 9999.0, 22.75, 22.5, 22.25, 22.27, 22.3
2026-08-11, 00:51:28, 22.5, 22.5, 22.93, 23.0, 9999.0, 9999.0, 9999.0, 24.14, 9999.0, 22.52, 9999.0, 22.75, 22.5, 22.25, 22.27, 22.3
2026-08-11, 00:51:32, 22.5, 22.5, 22.95, 23.0, 9999.0, 9999.0, 9999.0, 24.09, 9999.0, 22.5, 9999.0, 22.75, 22.5, 22.25, 22.27, 22.3
2026-08-11, 00:51:36, 22.5, 22.5, 22.95, 23.0, 9999.0, 9999.0, 9999.0, 24.05, 9999.0, 22.48, 9999.0, 22.77, 22.52, 22.25, 22.27, 22.3
2026-08-11, 00:51:40, 22.5, 22.5, 22.95, 23.0, 9999.0, 9999.0, 9999.0, 24.0, 9999.0, 22.45, 9999.0, 22.77, 22.52, 22.25, 22.3, 22.27
2026-08-11, 00:51:44, 22.5, 22.52, 22.93, 23.0, 9999.0, 9999.0, 9999.0, 23.95, 9999.0, 22.43, 9999.0, 22.77, 22.52, 22.25, 22.3, 22.27
2026-08-11, 00:51:48, 22.5, 22.55, 22.93, 23.0, 9999.0, 9999.0, 9999.0, 23.91, 9999.0, 22.43, 9999.0, 22.77, 22.52, 22.25, 22.3, 22.27
2026-08-11, 00:51:52, 22.5, 22.55, 22.93, 23.0, 9999.0, 9999.0, 9999.0, 23.86, 9999.0, 22.43, 9999.0, 22.77, 22.52, 22.25, 22.32, 22.27
2026-08-11, 00:51:56, 22.5, 22.55, 22.93, 23.0, 9999.0, 9999.0, 9999.0, 23.82, 9999.0, 22.45, 9999.0, 22.77, 22.52, 22.25, 22.32, 22.27
2026-08-11, 00:52:00, 22.5, 22.55, 22.93, 23.0, 9999.0, 9999.0, 9999.0, 23.8, 9999.0, 22.48, 9999.0, 22.77, 22.52, 22.25, 22.32, 22.27
2026-08-11, 00:52:04, 22.5, 22.55, 22.95, 23.0, 9999.0, 9999.0, 9999.0, 23.75, 9999.0, 22.5, 9999.0, 22.77, 22.55, 22.25, 22.32, 22.25
2026-08-11, 00:52:08, 22.5, 22.55, 22.95, 22.98, 9999.0, 9999.0, 9999.0, 23.8, 9999.0, 22.5, 9999.0, 22.77, 22.57, 22.25, 22.32, 22.25
2026-08-11, 00:52:12, 22.5, 22.55, 22.98, 22.95, 9999.0, 9999.0, 9999.0, 23.82, 9999.0, 22.5, 9999.0, 22.77, 22.57, 22.27, 22.32, 22.25
2026-08-11, 00:52:16, 22.5, 22.55, 22.98, 22.95, 9999.0, 9999.0, 9999.0, 23.86, 9999.0, 22.5, 9999.0, 22.77, 22.57, 22.27, 22.34, 22.25
2026-08-11, 00:52:20, 22.5, 22.55, 22.98, 22.95, 9999.0, 9999.0, 9999.0, 23.91, 9999.0, 22.52, 9999.0, 22.75, 22.55, 22.27, 22.32, 22.25
2026-08-11, 00:52:24, 22.5, 22.55, 22.98, 22.95, 9999.0, 9999.0, 9999.0, 23.93, 9999.0, 22.55, 9999.0, 22.75, 22.55, 22.27, 22.3, 22.25
2026-08-11, 00:52:28, 22.5, 22.52, 23.0, 22.95, 9999.0, 9999.0, 9999.0, 23.95, 9999.0, 22.55, 9999.0, 22.75, 22.55, 22.27, 22.3, 22.25
2026-08-11, 00:52:32, 22.5, 22.5, 23.0, 22.95, 9999.0, 9999.0, 9999.0, 23.98, 9999.0, 22.55, 9999.0, 22.75, 22.55, 22.27, 22.3, 22.25
2026-08-11, 00:52:36, 22.5, 22.5, 23.0, 22.95, 9999.0, 9999.0, 9999.0, 24.0, 9999.0, 22.55, 9999.0, 22.75, 22.55, 22.27, 22.27, 22.25
2026-08-11, 00:52:40, 22.5, 22.5, 23.0, 22.95, 9999.0, 9999.0, 9999.0, 24.05, 9999.0, 22.5, 9999.0, 22.75, 22.55, 22.27, 22.27, 22.27
2026-08-11, 00:52:44, 22.5, 22.5, 22.98, 22.95, 9999.0, 9999.0, 9999.0, 24.07, 9999.0, 22.45, 9999.0, 22.75, 22.55, 22.27, 22.27, 22.27
2026-08-11, 00:52:48, 22.5, 22.5, 22.98, 22.95, 9999.0, 9999.0, 9999.0, 24.11, 9999.0, 22.41, 9999.0, 22.75, 22.52, 22.27, 22.27, 22.27
2026-08-11, 00:52:52, 22.5, 22.5, 22.98, 22.98, 9999.0, 9999.0, 9999.0, 24.05, 9999.0, 22.39, 9999.0, 22.75, 22.5, 22.27, 22.27, 22.27
2026-08-11, 00:52:56, 22.5, 22.5, 22.98, 23.0, 9999.0, 9999.0, 9999.0, 24.0, 9999.0, 22.36, 9999.0, 22.77, 22.5, 22.25, 22.3, 22.27
2026-08-11, 00:53:00, 22.5, 22.5, 22.98, 23.0, 9999.0, 9999.0, 9999.0, 23.95, 9999.0, 22.34, 9999.0, 22.8, 22.5, 22.25, 22.27, 22.27
2026-08-11, 00:53:04, 22.5, 22.5, 22.98, 23.0, 9999.0, 9999.0, 9999.0, 23.89, 9999.0, 22.34, 9999.0, 22.82, 22.5, 22.25, 22.27, 22.27
2026-08-11, 00:53:08, 22.5, 22.5, 22.98, 23.0, 9999.0, 9999.0, 9999.0, 23.84, 9999.0, 22.34, 9999.0, 22.82, 22.5, 22.25, 22.27, 22.27
2026-08-11, 00:53:12, 22.5, 22.5, 22.98, 23.0, 9999.0, 9999.0, 9999.0, 23.8, 9999.0, 22.36, 9999.0, 22.82, 22.5, 22.25, 22.27, 22.27
2026-08-11, 00:53:16, 22.5, 22.5, 22.98, 23.0, 9999.0, 9999.0, 9999.0, 23.75, 9999.0, 22.36, 9999.0, 22.82, 22.5, 22.25, 22.27, 22.27
2026-08-11, 00:53:20, 22.5, 22.5, 22.98, 22.98, 9999.0, 9999.0, 9999.0, 23.7, 9999.0, 22.36, 9999.0, 22.82, 22.5, 22.25, 22.27, 22.27
2026-08-11, 00:53:24, 22.5, 22.5, 22.98, 22.98, 9999.0, 9999.0, 9999.0, 23.73, 9999.0, 22.39, 9999.0, 22.82, 22.5, 22.25, 22.3, 22.25
2026-08-11, 00:53:28, 22.5, 22.5, 23.0, 22.98, 9999.0, 9999.0, 9999.0, 23.75, 9999.0, 22.41, 9999.0, 22.82, 22.52, 22.25, 22.3, 22.25
2026-08-11, 00:53:32, 22.5, 22.5, 23.0, 22.98, 9999.0, 9999.0, 9999.0, 23.77, 9999.0, 22.43, 9999.0, 22.82, 22.52, 22.25, 22.3, 22.25
2026-08-11, 00:53:36, 22.5, 22.5, 23.0, 22.98, 9999.0, 9999.0, 9999.0, 23.8, 9999.0, 22.45, 9999.0, 22.82, 22.52, 22.25, 22.3, 22.25
2026-08-11, 00:53:40, 22.5, 22.5, 23.0, 22.98, 9999.0, 9999.0, 9999.0, 23.82, 9999.0, 22.48, 9999.0, 22.8, 22.52, 22.27, 22.27, 22.25
2026-08-11, 00:53:44, 22.5, 22.5, 23.0, 22.98, 9999.0, 9999.0, 9999.0, 23.84, 9999.0, 22.5, 9999.0, 22.77, 22.52, 22.27, 22.27, 22.25
2026-08-11, 00:53:48, 22.5, 22.5, 23.0, 22.98, 9999.0, 9999.0, 9999.0, 23.89, 9999.0, 22.48, 9999.0, 22.75, 22.52, 22.27, 22.27, 22.25
2026-08-11, 00:53:52, 22.5, 22.5, 23.0, 22.98, 9999.0, 9999.0, 9999.0, 23.91, 9999.0, 22.45, 9999.0, 22.75, 22.52, 22.27, 22.27, 22.25
2026-08-11, 00:53:56, 22.5, 22.5, 23.0, 22.98, 9999.0, 9999.0, 9999.0, 23.95, 9999.0, 22.43, 9999.0, 22.73, 22.52, 22.27, 22.27, 22.25
2026-08-11, 00:54:00, 22.5, 22.5, 23.0, 22.98, 9999.0, 9999.0, 9999.0, 23.98, 9999.0, 22.41, 9999.0, 22.73, 22.52, 22.27, 22.27, 22.25
2026-08-11, 00:54:04, 22.5, 22.5, 23.0, 23.0, 9999.0, 9999.0, 9999.0, 24.0, 9999.0, 22.39, 9999.0, 22.73, 22.52, 22.27, 22.27, 22.25
2026-08-11, 00:54:08, 22.5, 22.52, 23.0, 23.0, 9999.0, 9999.0, 9999.0, 23.95, 9999.0, 22.36, 9999.0, 22.73, 22.52, 22.27, 22.25, 22.25
2026-08-11, 00:54:12, 22.5, 22.52, 23.0, 23.0, 9999.0, 9999.0, 9999.0, 23.91, 9999.0, 22.34, 9999.0, 22.75, 22.5, 22.3, 22.25, 22.25
2026-08-11, 00:54:16, 22.5, 22.52, 23.0, 23.0, 9999.0, 9999.0, 9999.0, 23.86, 9999.0, 22.32, 9999.0, 22.77, 22.5, 22.3, 22.25, 22.27
2026-08-11, 00:54:20, 22.5, 22.52, 23.0, 23.0, 9999.0, 9999.0, 9999.0, 23.84, 9999.0, 22.27, 9999.0, 22.8, 22.5, 22.3, 22.25, 22.27
2026-08-11, 00:54:24, 22.5, 22.52, 23.0, 23.0, 9999.0, 9999.0, 9999.0, 23.8, 9999.0, 22.25, 9999.0, 22.82, 22.5, 22.27, 22.25, 22.27
2026-08-11, 00:54:28, 22.5, 22.52, 23.0, 23.0, 9999.0, 9999.0, 9999.0, 23.75, 9999.0, 22.23, 9999.0, 22.82, 22.5, 22.27, 22.25, 22.27
2026-08-11, 00:54:32, 22.5, 22.52, 23.0, 23.0, 9999.0, 9999.0, 9999.0, 23.7, 9999.0, 22.25, 9999.0, 22.82, 22.5, 22.27, 22.25, 22.27
2026-08-11, 00:54:36, 22.5, 22.52, 23.0, 23.0, 9999.0, 9999.0, 9999.0, 23.68, 9999.0, 22.27, 9999.0, 22.82, 22.5, 22.27, 22.27, 22.27
2026-08-11, 00:54:40, 22.5, 22.52, 23.0, 23.0, 9999.0, 9999.0, 9999.0, 23.64, 9999.0, 22.3, 9999.0, 22.84, 22.52, 22.27, 22.27, 22.27
2026-08-11, 00:54:44, 22.5, 22.52, 23.0, 23.0, 9999.0, 9999.0, 9999.0, 23.68, 9999.0, 22.32, 9999.0, 22.84, 22.52, 22.27, 22.3, 22.27
2026-08-11, 00:54:48, 22.5, 22.52, 23.0, 23.0, 9999.0, 9999.0, 9999.0, 23.7, 9999.0, 22.34, 9999.0, 22.84, 22.52, 22.27, 22.3, 22.27
2026-08-11, 00:54:52, 22.5, 22.5, 23.0, 23.0, 9999.0, 9999.0, 9999.0, 23.73, 9999.0, 22.36, 9999.0, 22.84, 22.52, 22.27, 22.3, 22.3
2026-08-11, 00:54:56, 22.5, 22.5, 23.0, 23.0, 9999.0, 9999.0, 9999.0, 23.75, 9999.0, 22.36, 9999.0, 22.82, 22.52, 22.27, 22.3, 22.3
2026-08-11, 00:55:00, 22.5, 22.5, 23.0, 23.0, 9999.0, 9999.0, 9999.0, 23.77, 9999.0, 22.36, 9999.0, 22.8, 22.52, 22.27, 22.3, 22.27
2026-08-11, 00:55:05, 22.5, 22.5, 23.0, 23.0, 9999.0, 9999.0, 9999.0, 23.8, 9999.0, 22.39, 9999.0, 22.77, 22.52, 22.27, 22.32, 22.27
2026-08-11, 00:55:09, 22.5, 22.5, 23.0, 23.0, 9999.0, 9999.0, 9999.0, 23.84, 9999.0, 22.39, 9999.0, 22.75, 22.52, 22.27, 22.32, 22.27
2026-08-11, 00:55:13, 22.5, 22.5, 23.0, 23.0, 9999.0, 9999.0, 9999.0, 23.86, 9999.0, 22.36, 9999.0, 22.75, 22.52, 22.27, 22.32, 22.27
2026-08-11, 00:55:17, 22.5, 22.5, 23.0, 23.0, 9999.0, 9999.0, 9999.0, 23.89, 9999.0, 22.34, 9999.0, 22.75, 22.52, 22.27, 22.32, 22.27
2026-08-11, 00:55:21, 22.5, 22.5, 23.0, 23.0, 9999.0, 9999.0, 9999.0, 23.91, 9999.0, 22.3, 9999.0, 22.75, 22.52, 22.3, 22.3, 22.27
2026-08-11, 00:55:25, 22.5, 22.5, 23.0, 23.0, 9999.0, 9999.0, 9999.0, 23.93, 9999.0, 22.25, 9999.0, 22.75, 22.5, 22.3, 22.3, 22.3
2026-08-11, 00:55:29, 22.5, 22.5, 23.0, 23.0, 9999.0, 9999.0, 9999.0, 23.89, 9999.0, 22.2, 9999.0, 22.75, 22.5, 22.3, 22.27, 22.3
2026-08-11, 00:55:33, 22.48, 22.5, 23.0, 23.0, 9999.0, 9999.0, 9999.0, 23.86, 9999.0, 22.16, 9999.0, 22.77, 22.5, 22.3, 22.3, 22.32
2026-08-11, 00:55:37, 22.48, 22.5, 23.0, 23.0, 9999.0, 9999.0, 9999.0, 23.84, 9999.0, 22.11, 9999.0, 22.8, 22.5, 22.3, 22.3, 22.3
2026-08-11, 00:55:41, 22.48, 22.5, 23.0, 23.0, 9999.0, 9999.0, 9999.0, 23.8, 9999.0, 22.09, 9999.0, 22.82, 22.52, 22.27, 22.32, 22.3
2026-08-11, 00:55:45, 22.48, 22.52, 23.0, 23.0, 9999.0, 9999.0, 9999.0, 23.75, 9999.0, 22.09, 9999.0, 22.82, 22.52, 22.27, 22.34, 22.3
2026-08-11, 00:55:49, 22.48, 22.52, 23.0, 23.0, 9999.0, 9999.0, 9999.0, 23.7, 9999.0, 22.09, 9999.0, 22.82, 22.52, 22.27, 22.32, 22.3
2026-08-11, 00:55:53, 22.48, 22.55, 23.0, 23.0, 9999.0, 9999.0, 9999.0, 23.66, 9999.0, 22.11, 9999.0, 22.84, 22.52, 22.27, 22.32, 22.3
2026-08-11, 00:55:57, 22.48, 22.55, 23.0, 23.0, 9999.0, 9999.0, 9999.0, 23.64, 9999.0, 22.16, 9999.0, 22.84, 22.55, 22.27, 22.32, 22.3
2026-08-11, 00:56:01, 22.48, 22.55, 23.0, 23.0, 9999.0, 9999.0, 9999.0, 23.59, 9999.0, 22.18, 9999.0, 22.84, 22.55, 22.27, 22.32, 22.3
2026-08-11, 00:56:05, 22.48, 22.55, 23.0, 23.0, 9999.0, 9999.0, 9999.0, 23.64, 9999.0, 22.2, 9999.0, 22.84, 22.55, 22.25, 22.32, 22.3
2026-08-11, 00:56:09, 22.48, 22.57, 23.0, 23.0, 9999.0, 9999.0, 9999.0, 23.68, 9999.0, 22.23, 9999.0, 22.84, 22.55, 22.25, 22.34, 22.27
2026-08-11, 00:56:13, 22.48, 22.57, 23.0, 23.0, 9999.0, 9999.0, 9999.0, 23.73, 9999.0, 22.25, 9999.0, 22.84, 22.55, 22.25, 22.34, 22.3
2026-08-11, 00:56:17, 22.5, 22.57, 23.0, 23.0, 9999.0, 9999.0, 9999.0, 23.75, 9999.0, 22.27, 9999.0, 22.82, 22.55, 22.25, 22.32, 22.27
2026-08-11, 00:56:21, 22.5, 22.57, 23.0, 23.0, 9999.0, 9999.0, 9999.0, 23.77, 9999.0, 22.3, 9999.0, 22.8, 22.55, 22.25, 22.32, 22.3
2026-08-11, 00:56:25, 22.5, 22.57, 23.0, 23.0, 9999.0, 9999.0, 9999.0, 23.82, 9999.0, 22.32, 9999.0, 22.77, 22.52, 22.25, 22.3, 22.32
2026-08-11, 00:56:29, 22.48, 22.57, 23.0, 23.0, 9999.0, 9999.0, 9999.0, 23.86, 9999.0, 22.3, 9999.0, 22.77, 22.52, 22.25, 22.27, 22.32
2026-08-11, 00:56:33, 22.48, 22.57, 23.0, 23.0, 9999.0, 9999.0, 9999.0, 23.89, 9999.0, 22.3, 9999.0, 22.77, 22.52, 22.25, 22.27, 22.34
2026-08-11, 00:56:37, 22.48, 22.55, 23.0, 23.0, 9999.0, 9999.0, 9999.0, 23.93, 9999.0, 22.25, 9999.0, 22.75, 22.52, 22.25, 22.27, 22.34
2026-08-11, 00:56:41, 22.48, 22.55, 23.0, 23.0, 9999.0, 9999.0, 9999.0, 23.98, 9999.0, 22.23, 9999.0, 22.75, 22.5, 22.25, 22.27, 22.34
2026-08-11, 00:56:45, 22.48, 22.55, 23.0, 23.0, 9999.0, 9999.0, 9999.0, 24.02, 9999.0, 22.18, 9999.0, 22.75, 22.5, 22.25, 22.3, 22.34
2026-08-11, 00:56:49, 22.48, 22.55, 22.98, 23.0, 9999.0, 9999.0, 9999.0, 23.98, 9999.0, 22.16, 9999.0, 22.75, 22.5, 22.25, 22.3, 22.34
2026-08-11, 00:56:53, 22.48, 22.52, 22.98, 23.0, 9999.0, 9999.0, 9999.0, 23.93, 9999.0, 22.14, 9999.0, 22.77, 22.5, 22.25, 22.3, 22.36
2026-08-11, 00:56:57, 22.48, 22.52, 22.98, 23.0, 9999.0, 9999.0, 9999.0, 23.89, 9999.0, 22.11, 9999.0, 22.8, 22.5, 22.25, 22.3, 22.34
2026-08-11, 00:57:01, 22.48, 22.52, 22.98, 23.0, 9999.0, 9999.0, 9999.0, 23.86, 9999.0, 22.09, 9999.0, 22.82, 22.5, 22.27, 22.32, 22.34
2026-08-11, 00:57:05, 22.48, 22.52, 22.98, 23.0, 9999.0, 9999.0, 9999.0, 23.82, 9999.0, 22.09, 9999.0, 22.84, 22.5, 22.27, 22.32, 22.32
2026-08-11, 00:57:09, 22.48, 22.52, 22.98, 23.0, 9999.0, 9999.0, 9999.0, 23.77, 9999.0, 22.09, 9999.0, 22.84, 22.5, 22.27, 22.32, 22.3
2026-08-11, 00:57:13, 22.5, 22.5, 22.98, 23.0, 9999.0, 9999.0, 9999.0, 23.73, 9999.0, 22.11, 9999.0, 22.86, 22.52, 22.27, 22.32, 22.32
2026-08-11, 00:57:17, 22.5, 22.52, 22.98, 23.0, 9999.0, 9999.0, 9999.0, 23.7, 9999.0, 22.14, 9999.0, 22.86, 22.52, 22.27, 22.32, 22.3
2026-08-11, 00:57:21, 22.5, 22.52, 22.98, 23.0, 9999.0, 9999.0, 9999.0, 23.66, 9999.0, 22.16, 9999.0, 22.86, 22.52, 22.27, 22.32, 22.32
2026-08-11, 00:57:25, 22.5, 22.52, 22.98, 23.0, 9999.0, 9999.0, 9999.0, 23.68, 9999.0, 22.16, 9999.0, 22.86, 22.52, 22.27, 22.32, 22.32
2026-08-11, 00:57:29, 22.5, 22.52, 22.98, 23.0, 9999.0, 9999.0, 9999.0, 23.7, 9999.0, 22.18, 9999.0, 22.86, 22.52, 22.27, 22.3, 22.32
2026-08-11, 00:57:33, 22.5, 22.52, 23.0, 23.0, 9999.0, 9999.0, 9999.0, 23.75, 9999.0, 22.2, 9999.0, 22.86, 22.52, 22.27, 22.3, 22.32
2026-08-11, 00:57:37, 22.5, 22.52, 23.0, 23.0, 9999.0, 9999.0, 9999.0, 23.77, 9999.0, 22.23, 9999.0, 22.84, 22.52, 22.27, 22.27, 22.32
2026-08-11, 00:57:41, 22.5, 22.52, 23.0, 23.0, 9999.0, 9999.0, 9999.0, 23.77, 9999.0, 22.25, 9999.0, 22.82, 22.52, 22.27, 22.27, 22.34
2026-08-11, 00:57:45, 22.5, 22.52, 23.0, 23.0, 9999.0, 9999.0, 9999.0, 23.77, 9999.0, 22.25, 9999.0, 22.8, 22.52, 22.25, 22.25, 22.36
2026-08-11, 00:57:49, 22.5, 22.52, 23.0, 23.0, 9999.0, 9999.0, 9999.0, 23.8, 9999.0, 22.23, 9999.0, 22.77, 22.52, 22.25, 22.25, 22.39
2026-08-11, 00:57:53, 22.5, 22.52, 23.0, 23.0, 9999.0, 9999.0, 9999.0, 23.82, 9999.0, 22.23, 9999.0, 22.77, 22.52, 22.25, 22.27, 22.39
2026-08-11, 00:57:57, 22.5, 22.55, 23.0, 23.0, 9999.0, 9999.0, 9999.0, 23.84, 9999.0, 22.23, 9999.0, 22.75, 22.5, 22.25, 22.27, 22.36
2026-08-11, 00:58:01, 22.5, 22.52, 23.0, 23.0, 9999.0, 9999.0, 9999.0, 23.86, 9999.0, 22.18, 9999.0, 22.75, 22.5, 22.25, 22.27, 22.39
2026-08-11, 00:58:05, 22.5, 22.55, 23.0, 23.0, 9999.0, 9999.0, 9999.0, 23.89, 9999.0, 22.16, 9999.0, 22.75, 22.5, 22.25, 22.3, 22.36
2026-08-11, 00:58:09, 22.5, 22.55, 23.0, 23.0, 9999.0, 9999.0, 9999.0, 23.84, 9999.0, 22.14, 9999.0, 22.75, 22.5, 22.25, 22.3, 22.36
2026-08-11, 00:58:13, 22.5, 22.55, 23.0, 23.0, 9999.0, 9999.0, 9999.0, 23.8, 9999.0, 22.11, 9999.0, 22.77, 22.5, 22.25, 22.32, 22.39
2026-08-11, 00:58:17, 22.5, 22.55, 23.0, 23.0, 9999.0, 9999.0, 9999.0, 23.73, 9999.0, 22.09, 9999.0, 22.8, 22.5, 22.25, 22.34, 22.41
2026-08-11, 00:58:21, 22.5, 22.55, 23.0, 23.0, 9999.0, 9999.0, 9999.0, 23.68, 9999.0, 22.07, 9999.0, 22.82, 22.5, 22.27, 22.34, 22.41
2026-08-11, 00:58:25, 22.5, 22.55, 23.0, 23.0, 9999.0, 9999.0, 9999.0, 23.66, 9999.0, 22.07, 9999.0, 22.84, 22.5, 22.27, 22.34, 22.41
2026-08-11, 00:58:29, 22.5, 22.55, 23.0, 23.0, 9999.0, 9999.0, 9999.0, 23.64, 9999.0, 22.09, 9999.0, 22.84, 22.5, 22.27, 22.34, 22.39
2026-08-11, 00:58:33, 22.5, 22.55, 23.0, 23.0, 9999.0, 9999.0, 9999.0, 23.61, 9999.0, 22.11, 9999.0, 22.86, 22.5, 22.27, 22.34, 22.36
2026-08-11, 00:58:37, 22.5, 22.55, 23.0, 23.0, 9999.0, 9999.0, 9999.0, 23.57, 9999.0, 22.11, 9999.0, 22.86, 22.5, 22.27, 22.32, 22.39
2026-08-11, 00:58:41, 22.5, 22.52, 23.0, 23.0, 9999.0, 9999.0, 9999.0, 23.55, 9999.0, 22.11, 9999.0, 22.86, 22.5, 22.27, 22.32, 22.41
2026-08-11, 00:58:46, 22.5, 22.52, 23.0, 23.0, 9999.0, 9999.0, 9999.0, 23.57, 9999.0, 22.14, 9999.0, 22.86, 22.5, 22.27, 22.34, 22.41
2026-08-11, 00:58:50, 22.5, 22.5, 23.0, 23.0, 9999.0, 9999.0, 9999.0, 23.59, 9999.0, 22.16, 9999.0, 22.86, 22.52, 22.27, 22.32, 22.43
2026-08-11, 00:58:54, 22.5, 22.5, 23.0, 23.0, 9999.0, 9999.0, 9999.0, 23.61, 9999.0, 22.18, 9999.0, 22.86, 22.52, 22.27, 22.34, 22.43
2026-08-11, 00:58:58, 22.5, 22.5, 23.0, 23.0, 9999.0, 9999.0, 9999.0, 23.66, 9999.0, 22.2, 9999.0, 22.84, 22.52, 22.27, 22.32, 22.43
2026-08-11, 00:59:02, 22.5, 22.5, 23.0, 23.0, 9999.0, 9999.0, 9999.0, 23.7, 9999.0, 22.23, 9999.0, 22.82, 22.52, 22.27, 22.3, 22.43
2026-08-11, 00:59:06, 22.5, 22.5, 23.0, 23.0, 9999.0, 9999.0, 9999.0, 23.75, 9999.0, 22.25, 9999.0, 22.8, 22.52, 22.25, 22.32, 22.41
2026-08-11, 00:59:10, 22.5, 22.5, 23.0, 23.0, 9999.0, 9999.0, 9999.0, 23.77, 9999.0, 22.23, 9999.0, 22.77, 22.52, 22.25, 22.32, 22.41
2026-08-11, 00:59:14, 22.5, 22.5, 23.0, 23.0, 9999.0, 9999.0, 9999.0, 23.8, 9999.0, 22.2, 9999.0, 22.77, 22.52, 22.25, 22.34, 22.43
2026-08-11, 00:59:18, 22.5, 22.5, 23.0, 23.0, 9999.0, 9999.0, 9999.0, 23.82, 9999.0, 22.18, 9999.0, 22.75, 22.52, 22.25, 22.34, 22.45
2026-08-11, 00:59:22, 22.5, 22.52, 23.0, 23.0, 9999.0, 9999.0, 9999.0, 23.86, 9999.0, 22.18, 9999.0, 22.75, 22.52, 22.25, 22.34, 22.45
2026-08-11, 00:59:26, 22.5, 22.52, 23.0, 23.0, 9999.0, 9999.0, 9999.0, 23.89, 9999.0, 22.16, 9999.0, 22.75, 22.52, 22.25, 22.34, 22.43
2026-08-11, 00:59:30, 22.5, 22.52, 23.0, 23.0, 9999.0, 9999.0, 9999.0, 23.84, 9999.0, 22.14, 9999.0, 22.75, 22.52, 22.25, 22.34, 22.43
2026-08-11, 00:59:34, 22.5, 22.52, 23.0, 23.0, 9999.0, 9999.0, 9999.0, 23.82, 9999.0, 22.11, 9999.0, 22.77, 22.5, 22.25, 22.34, 22.43
2026-08-11, 00:59:38, 22.5, 22.52, 23.0, 23.0, 9999.0, 9999.0, 9999.0, 23.77, 9999.0, 22.09, 9999.0, 22.8, 22.5, 22.25, 22.32, 22.45
2026-08-11, 00:59:42, 22.5, 22.52, 23.0, 23.0, 9999.0, 9999.0, 9999.0, 23.73, 9999.0, 22.07, 9999.0, 22.82, 22.5, 22.27, 22.32, 22.45
2026-08-11, 00:59:46, 22.5, 22.52, 23.0, 23.0, 9999.0, 9999.0, 9999.0, 23.68, 9999.0, 22.07, 9999.0, 22.84, 22.5, 22.27, 22.34, 22.45
2026-08-11, 00:59:50, 22.48, 22.52, 23.0, 23.0, 9999.0, 9999.0, 9999.0, 23.64, 9999.0, 22.07, 9999.0, 22.84, 22.5, 22.27, 22.32, 22.48
2026-08-11, 00:59:54, 22.48, 22.55, 23.0, 23.0, 9999.0, 9999.0, 9999.0, 23.61, 9999.0, 22.11, 9999.0, 22.86, 22.5, 22.27, 22.34, 22.45
2026-08-11, 00:59:58, 22.48, 22.55, 23.0, 23.0, 9999.0, 9999.0, 9999.0, 23.57, 9999.0, 22.16, 9999.0, 22.86, 22.5, 22.27, 22.34, 22.43
2026-08-11, 01:00:02, 22.48, 22.55, 23.0, 23.02, 9999.0, 9999.0, 9999.0, 23.52, 9999.0, 22.2, 9999.0, 22.86, 22.5, 22.3, 22.36, 22.43
2026-08-11, 01:00:06, 22.48, 22.52, 23.0, 23.02, 9999.0, 9999.0, 9999.0, 23.55, 9999.0, 22.23, 9999.0, 22.86, 22.52, 22.3, 22.39, 22.43
2026-08-11, 01:00:10, 22.48, 22.52, 23.0, 23.02, 9999.0, 9999.0, 9999.0, 23.57, 9999.0, 22.27, 9999.0, 22.86, 22.55, 22.3, 22.39, 22.45
2026-08-11, 01:00:14, 22.48, 22.55, 23.0, 23.02, 9999.0, 9999.0, 9999.0, 23.61, 9999.0, 22.3, 9999.0, 22.86, 22.55, 22.3, 22.39, 22.45
2026-08-11, 01:00:18, 22.48, 22.57, 23.0, 23.02, 9999.0, 9999.0, 9999.0, 23.64, 9999.0, 22.32, 9999.0, 22.84, 22.55, 22.3, 22.39, 22.43
2026-08-11, 01:00:22, 22.48, 22.59, 23.0, 23.02, 9999.0, 9999.0, 9999.0, 23.66, 9999.0, 22.34, 9999.0, 22.82, 22.55, 22.3, 22.41, 22.41
2026-08-11, 01:00:26, 22.48, 22.59, 23.0, 23.02, 9999.0, 9999.0, 9999.0, 23.68, 9999.0, 22.36, 9999.0, 22.8, 22.55, 22.27, 22.41, 22.39
2026-08-11, 01:00:30, 22.48, 22.61, 23.0, 23.02, 9999.0, 9999.0, 9999.0, 23.68, 9999.0, 22.36, 9999.0, 22.77, 22.55, 22.27, 22.41, 22.39
2026-08-11, 01:00:34, 22.5, 22.61, 23.0, 23.02, 9999.0, 9999.0, 9999.0, 23.68, 9999.0, 22.36, 9999.0, 22.77, 22.55, 22.27, 22.41, 22.36
2026-08-11, 01:00:38, 22.5, 22.59, 23.0, 23.02, 9999.0, 9999.0, 9999.0, 23.7, 9999.0, 22.32, 9999.0, 22.75, 22.55, 22.27, 22.39, 22.39
2026-08-11, 01:00:42, 22.5, 22.61, 23.0, 23.02, 9999.0, 9999.0, 9999.0, 23.75, 9999.0, 22.27, 9999.0, 22.75, 22.55, 22.27, 22.39, 22.41
2026-08-11, 01:00:46, 22.5, 22.61, 23.0, 23.0, 9999.0, 9999.0, 9999.0, 23.8, 9999.0, 22.23, 9999.0, 22.75, 22.55, 22.25, 22.39, 22.41
2026-08-11, 01:00:50, 22.5, 22.64, 23.0, 23.0, 9999.0, 9999.0, 9999.0, 23.77, 9999.0, 22.2, 9999.0, 22.75, 22.52, 22.25, 22.36, 22.41
2026-08-11, 01:00:54, 22.5, 22.64, 23.0, 23.0, 9999.0, 9999.0, 9999.0, 23.73, 9999.0, 22.16, 9999.0, 22.77, 22.5, 22.27, 22.36, 22.41
2026-08-11, 01:00:58, 22.5, 22.61, 23.0, 23.0, 9999.0, 9999.0, 9999.0, 23.68, 9999.0, 22.14, 9999.0, 22.8, 22.5, 22.27, 22.36, 22.41
2026-08-11, 01:01:02, 22.5, 22.59, 23.0, 23.0, 9999.0, 9999.0, 9999.0, 23.64, 9999.0, 22.14, 9999.0, 22.82, 22.5, 22.27, 22.39, 22.43
2026-08-11, 01:01:06, 22.5, 22.59, 23.0, 23.0, 9999.0, 9999.0, 9999.0, 23.61, 9999.0, 22.14, 9999.0, 22.82, 22.5, 22.27, 22.39, 22.45
2026-08-11, 01:01:10, 22.5, 22.59, 23.0, 23.0, 9999.0, 9999.0, 9999.0, 23.59, 9999.0, 22.14, 9999.0, 22.82, 22.5, 22.27, 22.41, 22.45
2026-08-11, 01:01:14, 22.5, 22.57, 23.0, 23.0, 9999.0, 9999.0, 9999.0, 23.59, 9999.0, 22.16, 9999.0, 22.82, 22.52, 22.27, 22.41, 22.45
2026-08-11, 01:01:18, 22.5, 22.59, 23.0, 23.0, 9999.0, 9999.0, 9999.0, 23.59, 9999.0, 22.18, 9999.0, 22.82, 22.55, 22.27, 22.43, 22.48
2026-08-11, 01:01:22, 22.5, 22.59, 23.0, 23.0, 9999.0, 9999.0, 9999.0, 23.55, 9999.0, 22.23, 9999.0, 22.82, 22.55, 22.27, 22.43, 22.48
2026-08-11, 01:01:26, 22.5, 22.59, 23.0, 23.0, 9999.0, 9999.0, 9999.0, 23.57, 9999.0, 22.25, 9999.0, 22.82, 22.55, 22.27, 22.41, 22.48
2026-08-11, 01:01:30, 22.5, 22.59, 23.0, 23.0, 9999.0, 9999.0, 9999.0, 23.59, 9999.0, 22.27, 9999.0, 22.82, 22.57, 22.27, 22.41, 22.48
2026-08-11, 01:01:34, 22.5, 22.59, 23.0, 23.02, 9999.0, 9999.0, 9999.0, 23.61, 9999.0, 22.27, 9999.0, 22.82, 22.59, 22.27, 22.43, 22.48
2026-08-11, 01:01:38, 22.5, 22.59, 23.0, 23.02, 9999.0, 9999.0, 9999.0, 23.66, 9999.0, 22.3, 9999.0, 22.8, 22.59, 22.27, 22.43, 22.48
2026-08-11, 01:01:42, 22.5, 22.61, 23.0, 23.02, 9999.0, 9999.0, 9999.0, 23.68, 9999.0, 22.32, 9999.0, 22.77, 22.61, 22.3, 22.41, 22.48
2026-08-11, 01:01:46, 22.5, 22.61, 23.0, 23.02, 9999.0, 9999.0, 9999.0, 23.7, 9999.0, 22.32, 9999.0, 22.75, 22.61, 22.3, 22.41, 22.45
2026-08-11, 01:01:50, 22.5, 22.61, 23.0, 23.05, 9999.0, 9999.0, 9999.0, 23.73, 9999.0, 22.32, 9999.0, 22.75, 22.64, 22.3, 22.39, 22.45
2026-08-11, 01:01:54, 22.5, 22.61, 23.0, 23.05, 9999.0, 9999.0, 9999.0, 23.77, 9999.0, 22.32, 9999.0, 22.75, 22.64, 22.3, 22.39, 22.45
2026-08-11, 01:01:58, 22.5, 22.61, 23.0, 23.05, 9999.0, 9999.0, 9999.0, 23.8, 9999.0, 22.3, 9999.0, 22.75, 22.61, 22.3, 22.36, 22.43
2026-08-11, 01:02:02, 22.5, 22.61, 23.0, 23.05, 9999.0, 9999.0, 9999.0, 23.82, 9999.0, 22.27, 9999.0, 22.75, 22.59, 22.3, 22.36, 22.43
2026-08-11, 01:02:06, 22.5, 22.61, 23.0, 23.07, 9999.0, 9999.0, 9999.0, 23.86, 9999.0, 22.23, 9999.0, 22.75, 22.59, 22.3, 22.36, 22.43
2026-08-11, 01:02:10, 22.5, 22.59, 23.0, 23.07, 9999.0, 9999.0, 9999.0, 23.84, 9999.0, 22.2, 9999.0, 22.77, 22.59, 22.3, 22.39, 22.41
2026-08-11, 01:02:14, 22.5, 22.59, 23.0, 23.09, 9999.0, 9999.0, 9999.0, 23.82, 9999.0, 22.18, 9999.0, 22.8, 22.57, 22.3, 22.39, 22.41
2026-08-11, 01:02:18, 22.5, 22.57, 23.0, 23.07, 9999.0, 9999.0, 9999.0, 23.77, 9999.0, 22.18, 9999.0, 22.82, 22.55, 22.3, 22.39, 22.39
2026-08-11, 01:02:23, 22.5, 22.57, 23.0, 23.07, 9999.0, 9999.0, 9999.0, 23.73, 9999.0, 22.18, 9999.0, 22.84, 22.55, 22.27, 22.41, 22.36
2026-08-11, 01:02:27, 22.5, 22.55, 23.0, 23.07, 9999.0, 9999.0, 9999.0, 23.7, 9999.0, 22.18, 9999.0, 22.84, 22.55, 22.25, 22.43, 22.36
2026-08-11, 01:02:31, 22.5, 22.55, 23.0, 23.09, 9999.0, 9999.0, 9999.0, 23.68, 9999.0, 22.18, 9999.0, 22.84, 22.57, 22.25, 22.43, 22.39
2026-08-11, 01:02:35, 22.5, 22.52, 23.0, 23.07, 9999.0, 9999.0, 9999.0, 23.66, 9999.0, 22.2, 9999.0, 22.84, 22.57, 22.27, 22.43, 22.39
2026-08-11, 01:02:39, 22.5, 22.52, 23.0, 23.07, 9999.0, 9999.0, 9999.0, 23.61, 9999.0, 22.23, 9999.0, 22.84, 22.59, 22.27, 22.41, 22.41
2026-08-11, 01:02:43, 22.5, 22.55, 23.0, 23.07, 9999.0, 9999.0, 9999.0, 23.59, 9999.0, 22.25, 9999.0, 22.84, 22.59, 22.27, 22.43, 22.43
2026-08-11, 01:02:47, 22.5, 22.52, 23.0, 23.07, 9999.0, 9999.0, 9999.0, 23.64, 9999.0, 22.27, 9999.0, 22.84, 22.61, 22.27, 22.41, 22.43
2026-08-11, 01:02:51, 22.5, 22.55, 23.0, 23.05, 9999.0, 9999.0, 9999.0, 23.68, 9999.0, 22.32, 9999.0, 22.84, 22.61, 22.27, 22.43, 22.43
2026-08-11, 01:02:55, 22.5, 22.57, 23.0, 23.05, 9999.0, 9999.0, 9999.0, 23.7, 9999.0, 22.34, 9999.0, 22.82, 22.64, 22.27, 22.41, 22.45
2026-08-11, 01:02:59, 22.5, 22.59, 23.0, 23.02, 9999.0, 9999.0, 9999.0, 23.73, 9999.0, 22.36, 9999.0, 22.8, 22.64, 22.3, 22.39, 22.45
2026-08-11, 01:03:03, 22.5, 22.61, 23.0, 23.02, 9999.0, 9999.0, 9999.0, 23.75, 9999.0, 22.36, 9999.0, 22.77, 22.64, 22.32, 22.36, 22.48
2026-08-11, 01:03:07, 22.5, 22.64, 23.0, 23.02, 9999.0, 9999.0, 9999.0, 23.8, 9999.0, 22.36, 9999.0, 22.75, 22.64, 22.32, 22.34, 22.5
2026-08-11, 01:03:11, 22.5, 22.64, 23.0, 23.02, 9999.0, 9999.0, 9999.0, 23.82, 9999.0, 22.36, 9999.0, 22.75, 22.61, 22.32, 22.32, 22.5
2026-08-11, 01:03:15, 22.5, 22.64, 23.0, 23.0, 9999.0, 9999.0, 9999.0, 23.84, 9999.0, 22.36, 9999.0, 22.75, 22.59, 22.32, 22.32, 22.5
2026-08-11, 01:03:19, 22.5, 22.64, 23.0, 23.0, 9999.0, 9999.0, 9999.0, 23.86, 9999.0, 22.34, 9999.0, 22.75, 22.57, 22.3, 22.32, 22.5
2026-08-11, 01:03:23, 22.5, 22.66, 23.0, 23.0, 9999.0, 9999.0, 9999.0, 23.89, 9999.0, 22.32, 9999.0, 22.75, 22.55, 22.3, 22.32, 22.5
2026-08-11, 01:03:27, 22.5, 22.64, 23.0, 23.0, 9999.0, 9999.0, 9999.0, 23.91, 9999.0, 22.3, 9999.0, 22.75, 22.55, 22.3, 22.3, 22.48
2026-08-11, 01:03:31, 22.5, 22.64, 23.0, 23.0, 9999.0, 9999.0, 9999.0, 23.86, 9999.0, 22.27, 9999.0, 22.75, 22.52, 22.3, 22.32, 22.45
2026-08-11, 01:03:35, 22.5, 22.61, 23.0, 23.0, 9999.0, 9999.0, 9999.0, 23.8, 9999.0, 22.25, 9999.0, 22.77, 22.52, 22.3, 22.3, 22.43
2026-08-11, 01:03:39, 22.5, 22.61, 23.0, 23.0, 9999.0, 9999.0, 9999.0, 23.75, 9999.0, 22.25, 9999.0, 22.8, 22.5, 22.3, 22.32, 22.43
2026-08-11, 01:03:43, 22.5, 22.61, 23.0, 23.0, 9999.0, 9999.0, 9999.0, 23.7, 9999.0, 22.27, 9999.0, 22.82, 22.52, 22.27, 22.34, 22.43
2026-08-11, 01:03:47, 22.5, 22.59, 23.0, 23.0, 9999.0, 9999.0, 9999.0, 23.68, 9999.0, 22.3, 9999.0, 22.84, 22.52, 22.25, 22.36, 22.43
2026-08-11, 01:03:51, 22.5, 22.57, 23.0, 23.0, 9999.0, 9999.0, 9999.0, 23.64, 9999.0, 22.32, 9999.0, 22.84, 22.52, 22.25, 22.39, 22.43
2026-08-11, 01:03:55, 22.5, 22.57, 23.0, 23.0, 9999.0, 9999.0, 9999.0, 23.61, 9999.0, 22.36, 9999.0, 22.84, 22.55, 22.25, 22.41, 22.43
2026-08-11, 01:03:59, 22.5, 22.57, 23.0, 23.0, 9999.0, 9999.0, 9999.0, 23.59, 9999.0, 22.39, 9999.0, 22.84, 22.55, 22.25, 22.41, 22.43
2026-08-11, 01:04:03, 22.5, 22.57, 23.0, 23.0, 9999.0, 9999.0, 9999.0, 23.64, 9999.0, 22.41, 9999.0, 22.84, 22.57, 22.25, 22.41, 22.41
2026-08-11, 01:04:07, 22.5, 22.55, 23.0, 23.0, 9999.0, 9999.0, 9999.0, 23.68, 9999.0, 22.43, 9999.0, 22.84, 22.57, 22.25, 22.41, 22.39
2026-08-11, 01:04:11, 22.5, 22.57, 23.0, 23.0, 9999.0, 9999.0, 9999.0, 23.7, 9999.0, 22.45, 9999.0, 22.84, 22.57, 22.25, 22.43, 22.41
2026-08-11, 01:04:15, 22.5, 22.57, 23.0, 23.0, 9999.0, 9999.0, 9999.0, 23.73, 9999.0, 22.48, 9999.0, 22.84, 22.59, 22.25, 22.41, 22.43
2026-08-11, 01:04:19, 22.5, 22.57, 23.0, 23.0, 9999.0, 9999.0, 9999.0, 23.77, 9999.0, 22.48, 9999.0, 22.82, 22.59, 22.25, 22.41, 22.45
2026-08-11, 01:04:23, 22.5, 22.55, 23.0, 23.0, 9999.0, 9999.0, 9999.0, 23.8, 9999.0, 22.5, 9999.0, 22.8, 22.59, 22.25, 22.41, 22.45
2026-08-11, 01:04:27, 22.5, 22.52, 23.0, 23.0, 9999.0, 9999.0, 9999.0, 23.84, 9999.0, 22.5, 9999.0, 22.77, 22.57, 22.25, 22.41, 22.43
2026-08-11, 01:04:31, 22.5, 22.52, 23.0, 23.0, 9999.0, 9999.0, 9999.0, 23.86, 9999.0, 22.5, 9999.0, 22.75, 22.57, 22.27, 22.39, 22.43
2026-08-11, 01:04:35, 22.5, 22.52, 23.0, 23.0, 9999.0, 9999.0, 9999.0, 23.89, 9999.0, 22.48, 9999.0, 22.75, 22.57, 22.27, 22.36, 22.43
2026-08-11, 01:04:39, 22.5, 22.52, 23.0, 23.0, 9999.0, 9999.0, 9999.0, 23.93, 9999.0, 22.43, 9999.0, 22.75, 22.55, 22.27, 22.34, 22.41
2026-08-11, 01:04:43, 22.5, 22.52, 23.0, 23.02, 9999.0, 9999.0, 9999.0, 23.95, 9999.0, 22.41, 9999.0, 22.75, 22.55, 22.27, 22.32, 22.41
2026-08-11, 01:04:47, 22.5, 22.55, 23.0, 23.05, 9999.0, 9999.0, 9999.0, 23.91, 9999.0, 22.39, 9999.0, 22.75, 22.52, 22.3, 22.32, 22.43
2026-08-11, 01:04:51, 22.5, 22.55, 23.0, 23.05, 9999.0, 9999.0, 9999.0, 23.86, 9999.0, 22.36, 9999.0, 22.77, 22.52, 22.3, 22.34, 22.45
2026-08-11, 01:04:55, 22.5, 22.52, 23.0, 23.05, 9999.0, 9999.0, 9999.0, 23.84, 9999.0, 22.34, 9999.0, 22.8, 22.52, 22.3, 22.32, 22.43
2026-08-11, 01:04:59, 22.5, 22.55, 23.0, 23.05, 9999.0, 9999.0, 9999.0, 23.82, 9999.0, 22.32, 9999.0, 22.82, 22.5, 22.3, 22.34, 22.43
2026-08-11, 01:05:03, 22.5, 22.55, 23.0, 23.05, 9999.0, 9999.0, 9999.0, 23.8, 9999.0, 22.34, 9999.0, 22.84, 22.5, 22.3, 22.34, 22.43
2026-08-11, 01:05:07, 22.5, 22.55, 23.0, 23.07, 9999.0, 9999.0, 9999.0, 23.77, 9999.0, 22.34, 9999.0, 22.84, 22.5, 22.3, 22.34, 22.43
2026-08-11, 01:05:11, 22.5, 22.55, 23.0, 23.07, 9999.0, 9999.0, 9999.0, 23.73, 9999.0, 22.34, 9999.0, 22.86, 22.52, 22.3, 22.32, 22.43
2026-08-11, 01:05:15, 22.5, 22.57, 23.0, 23.07, 9999.0, 9999.0, 9999.0, 23.7, 9999.0, 22.34, 9999.0, 22.86, 22.55, 22.27, 22.32, 22.43
2026-08-11, 01:05:19, 22.5, 22.59, 23.0, 23.07, 9999.0, 9999.0, 9999.0, 23.68, 9999.0, 22.36, 9999.0, 22.86, 22.55, 22.27, 22.34, 22.43
2026-08-11, 01:05:23, 22.5, 22.59, 23.0, 23.07, 9999.0, 9999.0, 9999.0, 23.7, 9999.0, 22.39, 9999.0, 22.89, 22.57, 22.3, 22.36, 22.45
2026-08-11, 01:05:27, 22.5, 22.59, 23.0, 23.05, 9999.0, 9999.0, 9999.0, 23.75, 9999.0, 22.41, 9999.0, 22.89, 22.57, 22.3, 22.36, 22.45
2026-08-11, 01:05:31, 22.5, 22.57, 23.0, 23.02, 9999.0, 9999.0, 9999.0, 23.77, 9999.0, 22.43, 9999.0, 22.89, 22.57, 22.27, 22.36, 22.45
2026-08-11, 01:05:35, 22.5, 22.57, 23.0, 23.05, 9999.0, 9999.0, 9999.0, 23.8, 9999.0, 22.45, 9999.0, 22.86, 22.57, 22.27, 22.36, 22.45
2026-08-11, 01:05:39, 22.5, 22.59, 23.0, 23.05, 9999.0, 9999.0, 9999.0, 23.84, 9999.0, 22.48, 9999.0, 22.84, 22.57, 22.27, 22.36, 22.45
2026-08-11, 01:05:43, 22.5, 22.57, 23.0, 23.05, 9999.0, 9999.0, 9999.0, 23.86, 9999.0, 22.5, 9999.0, 22.82, 22.57, 22.27, 22.34, 22.45
2026-08-11, 01:05:47, 22.5, 22.57, 23.0, 23.05, 9999.0, 9999.0, 9999.0, 23.86, 9999.0, 22.48, 9999.0, 22.8, 22.57, 22.27, 22.36, 22.43
2026-08-11, 01:05:51, 22.5, 22.59, 23.0, 23.02, 9999.0, 9999.0, 9999.0, 23.91, 9999.0, 22.48, 9999.0, 22.8, 22.57, 22.27, 22.36, 22.43
2026-08-11, 01:05:55, 22.5, 22.59, 23.0, 23.02, 9999.0, 9999.0, 9999.0, 23.95, 9999.0, 22.45, 9999.0, 22.77, 22.55, 22.27, 22.36, 22.43
2026-08-11, 01:06:00, 22.5, 22.59, 23.0, 23.02, 9999.0, 9999.0, 9999.0, 24.0, 9999.0, 22.45, 9999.0, 22.77, 22.52, 22.27, 22.36, 22.43
2026-08-11, 01:06:04, 22.5, 22.57, 23.0, 23.02, 9999.0, 9999.0, 9999.0, 24.02, 9999.0, 22.45, 9999.0, 22.77, 22.52, 22.27, 22.36, 22.43
2026-08-11, 01:06:08, 22.5, 22.57, 23.0, 23.02, 9999.0, 9999.0, 9999.0, 23.98, 9999.0, 22.45, 9999.0, 22.75, 22.5, 22.25, 22.36, 22.43
2026-08-11, 01:06:12, 22.5, 22.59, 23.0, 23.02, 9999.0, 9999.0, 9999.0, 23.93, 9999.0, 22.43, 9999.0, 22.77, 22.52, 22.25, 22.36, 22.43
2026-08-11, 01:06:16, 22.5, 22.59, 23.0, 23.02, 9999.0, 9999.0, 9999.0, 23.91, 9999.0, 22.41, 9999.0, 22.8, 22.52, 22.27, 22.36, 22.43
2026-08-11, 01:06:20, 22.5, 22.59, 23.0, 23.02, 9999.0, 9999.0, 9999.0, 23.89, 9999.0, 22.41, 9999.0, 22.82, 22.52, 22.3, 22.36, 22.43
2026-08-11, 01:06:24, 22.5, 22.59, 23.0, 23.02, 9999.0, 9999.0, 9999.0, 23.82, 9999.0, 22.41, 9999.0, 22.84, 22.55, 22.3, 22.39, 22.45
2026-08-11, 01:06:28, 22.5, 22.59, 23.0, 23.02, 9999.0, 9999.0, 9999.0, 23.77, 9999.0, 22.41, 9999.0, 22.84, 22.55, 22.3, 22.39, 22.45
2026-08-11, 01:06:32, 22.5, 22.59, 23.0, 23.02, 9999.0, 9999.0, 9999.0, 23.75, 9999.0, 22.45, 9999.0, 22.84, 22.55, 22.3, 22.36, 22.48
2026-08-11, 01:06:36, 22.5, 22.59, 23.0, 23.02, 9999.0, 9999.0, 9999.0, 23.7, 9999.0, 22.48, 9999.0, 22.84, 22.57, 22.3, 22.34, 22.48
2026-08-11, 01:06:40, 22.5, 22.61, 23.0, 23.02, 9999.0, 9999.0, 9999.0, 23.73, 9999.0, 22.5, 9999.0, 22.84, 22.57, 22.3, 22.34, 22.5
2026-08-11, 01:06:44, 22.5, 22.59, 23.0, 23.02, 9999.0, 9999.0, 9999.0, 23.75, 9999.0, 22.5, 9999.0, 22.84, 22.57, 22.3, 22.36, 22.5
2026-08-11, 01:06:48, 22.5, 22.61, 23.0, 23.02, 9999.0, 9999.0, 9999.0, 23.8, 9999.0, 22.5, 9999.0, 22.84, 22.59, 22.3, 22.34, 22.5
2026-08-11, 01:06:52, 22.5, 22.61, 23.0, 23.02, 9999.0, 9999.0, 9999.0, 23.84, 9999.0, 22.5, 9999.0, 22.84, 22.59, 22.3, 22.34, 22.48
2026-08-11, 01:06:56, 22.5, 22.59, 23.0, 23.02, 9999.0, 9999.0, 9999.0, 23.86, 9999.0, 22.52, 9999.0, 22.82, 22.57, 22.3, 22.34, 22.45
2026-08-11, 01:07:00, 22.5, 22.59, 23.0, 23.02, 9999.0, 9999.0, 9999.0, 23.89, 9999.0, 22.55, 9999.0, 22.8, 22.57, 22.27, 22.34, 22.45
2026-08-11, 01:07:04, 22.5, 22.59, 23.0, 23.0, 9999.0, 9999.0, 9999.0, 23.89, 9999.0, 22.55, 9999.0, 22.77, 22.57, 22.27, 22.32, 22.45
2026-08-11, 01:07:08, 22.5, 22.57, 23.0, 23.0, 9999.0, 9999.0, 9999.0, 23.91, 9999.0, 22.55, 9999.0, 22.75, 22.57, 22.27, 22.3, 22.43
2026-08-11, 01:07:12, 22.5, 22.57, 23.0, 23.02, 9999.0, 9999.0, 9999.0, 23.95, 9999.0, 22.55, 9999.0, 22.75, 22.57, 22.27, 22.32, 22.41
2026-08-11, 01:07:16, 22.5, 22.57, 23.0, 23.05, 9999.0, 9999.0, 9999.0, 23.98, 9999.0, 22.52, 9999.0, 22.75, 22.57, 22.27, 22.32, 22.39
2026-08-11, 01:07:20, 22.5, 22.57, 23.0, 23.05, 9999.0, 9999.0, 9999.0, 24.02, 9999.0, 22.5, 9999.0, 22.75, 22.55, 22.27, 22.34, 22.36
2026-08-11, 01:07:24, 22.5, 22.57, 23.0, 23.05, 9999.0, 9999.0, 9999.0, 23.98, 9999.0, 22.5, 9999.0, 22.75, 22.55, 22.27, 22.34, 22.34
2026-08-11, 01:07:28, 22.5, 22.57, 23.02, 23.05, 9999.0, 9999.0, 9999.0, 23.93, 9999.0, 22.5, 9999.0, 22.8, 22.57, 22.27, 22.34, 22.34
2026-08-11, 01:07:32, 22.5, 22.55, 23.02, 23.05, 9999.0, 9999.0, 9999.0, 23.89, 9999.0, 22.5, 9999.0, 22.82, 22.55, 22.27, 22.34, 22.32
2026-08-11, 01:07:36, 22.5, 22.55, 23.02, 23.05, 9999.0, 9999.0, 9999.0, 23.84, 9999.0, 22.52, 9999.0, 22.84, 22.57, 22.27, 22.34, 22.34
2026-08-11, 01:07:40, 22.5, 22.55, 23.02, 23.05, 9999.0, 9999.0, 9999.0, 23.82, 9999.0, 22.55, 9999.0, 22.86, 22.59, 22.27, 22.36, 22.34
2026-08-11, 01:07:44, 22.5, 22.55, 23.02, 23.07, 9999.0, 9999.0, 9999.0, 23.77, 9999.0, 22.57, 9999.0, 22.86, 22.59, 22.27, 22.36, 22.34
2026-08-11, 01:07:48, 22.5, 22.55, 23.02, 23.07, 9999.0, 9999.0, 9999.0, 23.75, 9999.0, 22.59, 9999.0, 22.86, 22.59, 22.25, 22.36, 22.34
2026-08-11, 01:07:52, 22.5, 22.55, 23.02, 23.07, 9999.0, 9999.0, 9999.0, 23.73, 9999.0, 22.61, 9999.0, 22.86, 22.57, 22.25, 22.39, 22.36
2026-08-11, 01:07:56, 22.5, 22.55, 23.02, 23.05, 9999.0, 9999.0, 9999.0, 23.68, 9999.0, 22.64, 9999.0, 22.86, 22.57, 22.25, 22.39, 22.36
2026-08-11, 01:08:00, 22.5, 22.57, 23.02, 23.02, 9999.0, 9999.0, 9999.0, 23.73, 9999.0, 22.66, 9999.0, 22.86, 22.57, 22.25, 22.39, 22.39
2026-08-11, 01:08:04, 22.5, 22.55, 23.02, 23.02, 9999.0, 9999.0, 9999.0, 23.75, 9999.0, 22.68, 9999.0, 22.86, 22.57, 22.25, 22.36, 22.41
2026-08-11, 01:08:08, 22.5, 22.52, 23.02, 23.02, 9999.0, 9999.0, 9999.0, 23.8, 9999.0, 22.7, 9999.0, 22.86, 22.57, 22.25, 22.36, 22.43
2026-08-11, 01:08:12, 22.5, 22.52, 23.0, 23.02, 9999.0, 9999.0, 9999.0, 23.82, 9999.0, 22.73, 9999.0, 22.82, 22.55, 22.25, 22.36, 22.41
2026-08-11, 01:08:16, 22.5, 22.52, 23.0, 23.02, 9999.0, 9999.0, 9999.0, 23.84, 9999.0, 22.75, 9999.0, 22.8, 22.55, 22.27, 22.36, 22.43
2026-08-11, 01:08:20, 22.5, 22.52, 23.0, 23.02, 9999.0, 9999.0, 9999.0, 23.86, 9999.0, 22.73, 9999.0, 22.77, 22.52, 22.27, 22.34, 22.43
2026-08-11, 01:08:24, 22.5, 22.52, 23.0, 23.02, 9999.0, 9999.0, 9999.0, 23.89, 9999.0, 22.7, 9999.0, 22.75, 22.5, 22.27, 22.32, 22.43
2026-08-11, 01:08:28, 22.5, 22.52, 23.0, 23.0, 9999.0, 9999.0, 9999.0, 23.93, 9999.0, 22.7, 9999.0, 22.75, 22.5, 22.27, 22.32, 22.41
2026-08-11, 01:08:32, 22.5, 22.55, 23.0, 23.0, 9999.0, 9999.0, 9999.0, 23.98, 9999.0, 22.68, 9999.0, 22.75, 22.5, 22.27, 22.32, 22.39
2026-08-11, 01:08:36, 22.5, 22.55, 23.0, 23.0, 9999.0, 9999.0, 9999.0, 24.02, 9999.0, 22.66, 9999.0, 22.75, 22.5, 22.27, 22.32, 22.36
2026-08-11, 01:08:40, 22.5, 22.55, 23.0, 23.0, 9999.0, 9999.0, 9999.0, 24.07, 9999.0, 22.64, 9999.0, 22.75, 22.5, 22.27, 22.3, 22.39
2026-08-11, 01:08:44, 22.5, 22.55, 23.0, 23.0, 9999.0, 9999.0, 9999.0, 24.05, 9999.0, 22.61, 9999.0, 22.77, 22.5, 22.27, 22.3, 22.39
2026-08-11, 01:08:48, 22.5, 22.55, 23.0, 23.0, 9999.0, 9999.0, 9999.0, 24.0, 9999.0, 22.59, 9999.0, 22.8, 22.5, 22.27, 22.3, 22.39
2026-08-11, 01:08:52, 22.5, 22.55, 23.0, 23.0, 9999.0, 9999.0, 9999.0, 23.95, 9999.0, 22.57, 9999.0, 22.82, 22.5, 22.27, 22.3, 22.36
2026-08-11, 01:08:56, 22.5, 22.55, 23.0, 23.0, 9999.0, 9999.0, 9999.0, 23.93, 9999.0, 22.57, 9999.0, 22.84, 22.5, 22.27, 22.3, 22.39
2026-08-11, 01:09:00, 22.5, 22.55, 23.0, 23.0, 9999.0, 9999.0, 9999.0, 23.91, 9999.0, 22.57, 9999.0, 22.84, 22.5, 22.25, 22.3, 22.39
2026-08-11, 01:09:04, 22.5, 22.55, 23.0, 23.0, 9999.0, 9999.0, 9999.0, 23.86, 9999.0, 22.59, 9999.0, 22.84, 22.52, 22.25, 22.32, 22.39
2026-08-11, 01:09:08, 22.5, 22.57, 23.0, 23.0, 9999.0, 9999.0, 9999.0, 23.82, 9999.0, 22.61, 9999.0, 22.84, 22.52, 22.25, 22.32, 22.39
2026-08-11, 01:09:12, 22.5, 22.57, 23.0, 23.0, 9999.0, 9999.0, 9999.0, 23.77, 9999.0, 22.61, 9999.0, 22.84, 22.52, 22.25, 22.32, 22.39
2026-08-11, 01:09:16, 22.5, 22.55, 23.0, 23.0, 9999.0, 9999.0, 9999.0, 23.8, 9999.0, 22.64, 9999.0, 22.84, 22.52, 22.25, 22.32, 22.41
2026-08-11, 01:09:20, 22.5, 22.57, 23.0, 23.0, 9999.0, 9999.0, 9999.0, 23.82, 9999.0, 22.66, 9999.0, 22.84, 22.55, 22.27, 22.3, 22.41
2026-08-11, 01:09:24, 22.5, 22.57, 23.0, 23.0, 9999.0, 9999.0, 9999.0, 23.84, 9999.0, 22.68, 9999.0, 22.84, 22.55, 22.27, 22.3, 22.41
2026-08-11, 01:09:28, 22.5, 22.55, 23.0, 23.0, 9999.0, 9999.0, 9999.0, 23.86, 9999.0, 22.7, 9999.0, 22.82, 22.55, 22.27, 22.3, 22.41
2026-08-11, 01:09:32, 22.5, 22.55, 23.0, 23.0, 9999.0, 9999.0, 9999.0, 23.89, 9999.0, 22.73, 9999.0, 22.8, 22.55, 22.27, 22.3, 22.41
2026-08-11, 01:09:37, 22.5, 22.55, 23.0, 23.0, 9999.0, 9999.0, 9999.0, 23.91, 9999.0, 22.75, 9999.0, 22.77, 22.55, 22.27, 22.3, 22.41
2026-08-11, 01:09:41, 22.5, 22.57, 23.0, 23.0, 9999.0, 9999.0, 9999.0, 23.93, 9999.0, 22.73, 9999.0, 22.75, 22.57, 22.27, 22.27, 22.41
2026-08-11, 01:09:45, 22.5, 22.57, 23.0, 23.0, 9999.0, 9999.0, 9999.0, 23.95, 9999.0, 22.7, 9999.0, 22.75, 22.57, 22.27, 22.27, 22.41
2026-08-11, 01:09:49, 22.5, 22.57, 23.0, 23.0, 9999.0, 9999.0, 9999.0, 24.02, 9999.0, 22.68, 9999.0, 22.75, 22.55, 22.27, 22.27, 22.41
2026-08-11, 01:09:53, 22.5, 22.55, 23.0, 23.0, 9999.0, 9999.0, 9999.0, 24.07, 9999.0, 22.66, 9999.0, 22.75, 22.55, 22.27, 22.27, 22.41
2026-08-11, 01:09:57, 22.5, 22.55, 23.0, 23.0, 9999.0, 9999.0, 9999.0, 24.11, 9999.0, 22.64, 9999.0, 22.75, 22.55, 22.27, 22.27, 22.41
2026-08-11, 01:10:01, 22.5, 22.55, 23.0, 23.0, 9999.0, 9999.0, 9999.0, 24.09, 9999.0, 22.61, 9999.0, 22.75, 22.55, 22.27, 22.27, 22.41
2026-08-11, 01:10:05, 22.5, 22.52, 23.0, 23.0, 9999.0, 9999.0, 9999.0, 24.07, 9999.0, 22.59, 9999.0, 22.77, 22.52, 22.25, 22.3, 22.43
2026-08-11, 01:10:09, 22.5, 22.52, 23.0, 23.0, 9999.0, 9999.0, 9999.0, 24.02, 9999.0, 22.57, 9999.0, 22.8, 22.52, 22.25, 22.3, 22.41
2026-08-11, 01:10:13, 22.5, 22.52, 23.0, 23.0, 9999.0, 9999.0, 9999.0, 23.98, 9999.0, 22.57, 9999.0, 22.82, 22.52, 22.27, 22.32, 22.39
2026-08-11, 01:10:17, 22.5, 22.52, 23.0, 23.0, 9999.0, 9999.0, 9999.0, 23.95, 9999.0, 22.57, 9999.0, 22.82, 22.55, 22.27, 22.34, 22.36
2026-08-11, 01:10:21, 22.5, 22.55, 23.0, 23.0, 9999.0, 9999.0, 9999.0, 23.93, 9999.0, 22.57, 9999.0, 22.82, 22.55, 22.27, 22.34, 22.39
2026-08-11, 01:10:25, 22.5, 22.52, 23.0, 23.0, 9999.0, 9999.0, 9999.0, 23.89, 9999.0, 22.59, 9999.0, 22.84, 22.52, 22.27, 22.36, 22.39
2026-08-11, 01:10:29, 22.5, 22.52, 23.0, 23.0, 9999.0, 9999.0, 9999.0, 23.86, 9999.0, 22.64, 9999.0, 22.84, 22.55, 22.27, 22.36, 22.36
2026-08-11, 01:10:33, 22.5, 22.52, 23.0, 23.0, 9999.0, 9999.0, 9999.0, 23.89, 9999.0, 22.68, 9999.0, 22.84, 22.55, 22.27, 22.34, 22.34
2026-08-11, 01:10:37, 22.5, 22.52, 23.0, 23.0, 9999.0, 9999.0, 9999.0, 23.93, 9999.0, 22.7, 9999.0, 22.84, 22.55, 22.27, 22.34, 22.34
2026-08-11, 01:10:41, 22.5, 22.52, 23.0, 23.0, 9999.0, 9999.0, 9999.0, 23.95, 9999.0, 22.73, 9999.0, 22.84, 22.57, 22.27, 22.36, 22.36
2026-08-11, 01:10:45, 22.5, 22.52, 23.0, 23.0, 9999.0, 9999.0, 9999.0, 23.98, 9999.0, 22.75, 9999.0, 22.84, 22.57, 22.27, 22.36, 22.34
2026-08-11, 01:10:49, 22.5, 22.52, 23.0, 23.0, 9999.0, 9999.0, 9999.0, 24.0, 9999.0, 22.77, 9999.0, 22.82, 22.57, 22.3, 22.34, 22.32
2026-08-11, 01:10:53, 22.5, 22.55, 23.0, 23.0, 9999.0, 9999.0, 9999.0, 24.02, 9999.0, 22.8, 9999.0, 22.8, 22.57, 22.3, 22.34, 22.32
2026-08-11, 01:10:57, 22.5, 22.55, 23.0, 23.0, 9999.0, 9999.0, 9999.0, 24.05, 9999.0, 22.8, 9999.0, 22.77, 22.57, 22.27, 22.32, 22.32
2026-08-11, 01:11:01, 22.5, 22.55, 23.0, 23.0, 9999.0, 9999.0, 9999.0, 24.07, 9999.0, 22.77, 9999.0, 22.77, 22.55, 22.27, 22.3, 22.32
2026-08-11, 01:11:05, 22.5, 22.52, 23.0, 23.0, 9999.0, 9999.0, 9999.0, 24.09, 9999.0, 22.77, 9999.0, 22.77, 22.55, 22.27, 22.3, 22.3
2026-08-11, 01:11:09, 22.5, 22.52, 23.0, 23.0, 9999.0, 9999.0, 9999.0, 24.14, 9999.0, 22.77, 9999.0, 22.73, 22.55, 22.27, 22.27, 22.27
2026-08-11, 01:11:13, 22.5, 22.52, 23.0, 23.0, 9999.0, 9999.0, 9999.0, 24.16, 9999.0, 22.73, 9999.0, 22.73, 22.52, 22.27, 22.27, 22.27
2026-08-11, 01:11:17, 22.5, 22.52, 23.0, 23.0, 9999.0, 9999.0, 9999.0, 24.11, 9999.0, 22.7, 9999.0, 22.73, 22.52, 22.27, 22.27, 22.3
2026-08-11, 01:11:21, 22.5, 22.52, 23.0, 23.0, 9999.0, 9999.0, 9999.0, 24.07, 9999.0, 22.68, 9999.0, 22.73, 22.52, 22.27, 22.27, 22.32
2026-08-11, 01:11:25, 22.5, 22.52, 23.0, 23.0, 9999.0, 9999.0, 9999.0, 24.05, 9999.0, 22.68, 9999.0, 22.75, 22.5, 22.27, 22.25, 22.3
2026-08-11, 01:11:29, 22.5, 22.52, 23.0, 23.0, 9999.0, 9999.0, 9999.0, 24.02, 9999.0, 22.68, 9999.0, 22.77, 22.5, 22.27, 22.27, 22.3
2026-08-11, 01:11:33, 22.5, 22.52, 23.0, 23.0, 9999.0, 9999.0, 9999.0, 23.98, 9999.0, 22.68, 9999.0, 22.77, 22.5, 22.25, 22.3, 22.3
2026-08-11, 01:11:37, 22.5, 22.52, 23.0, 23.0, 9999.0, 9999.0, 9999.0, 23.95, 9999.0, 22.68, 9999.0, 22.77, 22.5, 22.25, 22.3, 22.3
2026-08-11, 01:11:41, 22.5, 22.52, 23.0, 23.0, 9999.0, 9999.0, 9999.0, 23.93, 9999.0, 22.7, 9999.0, 22.77, 22.5, 22.25, 22.3, 22.3
2026-08-11, 01:11:45, 22.5, 22.52, 23.0, 23.0, 9999.0, 9999.0, 9999.0, 23.91, 9999.0, 22.75, 9999.0, 22.77, 22.52, 22.25, 22.32, 22.3
2026-08-11, 01:11:49, 22.5, 22.52, 23.0, 23.0, 9999.0, 9999.0, 9999.0, 23.89, 9999.0, 22.77, 9999.0, 22.77, 22.52, 22.25, 22.34, 22.3
2026-08-11, 01:11:53, 22.5, 22.55, 23.0, 23.0, 9999.0, 9999.0, 9999.0, 23.93, 9999.0, 22.8, 9999.0, 22.8, 22.52, 22.27, 22.34, 22.32
2026-08-11, 01:11:57, 22.5, 22.55, 23.0, 23.0, 9999.0, 9999.0, 9999.0, 23.98, 9999.0, 22.82, 9999.0, 22.8, 22.52, 22.27, 22.34, 22.32
2026-08-11, 01:12:01, 22.5, 22.57, 23.0, 23.0, 9999.0, 9999.0, 9999.0, 24.02, 9999.0, 22.82, 9999.0, 22.8, 22.55, 22.27, 22.34, 22.3
2026-08-11, 01:12:05, 22.5, 22.57, 23.0, 23.0, 9999.0, 9999.0, 9999.0, 24.05, 9999.0, 22.84, 9999.0, 22.8, 22.55, 22.27, 22.36, 22.27
2026-08-11, 01:12:09, 22.5, 22.57, 23.0, 23.0, 9999.0, 9999.0, 9999.0, 24.07, 9999.0, 22.84, 9999.0, 22.77, 22.57, 22.27, 22.39, 22.3
2026-08-11, 01:12:13, 22.5, 22.57, 23.0, 23.0, 9999.0, 9999.0, 9999.0, 24.09, 9999.0, 22.84, 9999.0, 22.75, 22.57, 22.27, 22.36, 22.3
2026-08-11, 01:12:17, 22.5, 22.57, 23.0, 23.0, 9999.0, 9999.0, 9999.0, 24.11, 9999.0, 22.84, 9999.0, 22.75, 22.57, 22.27, 22.34, 22.32
2026-08-11, 01:12:21, 22.5, 22.57, 23.0, 23.0, 9999.0, 9999.0, 9999.0, 24.14, 9999.0, 22.84, 9999.0, 22.75, 22.57, 22.27, 22.34, 22.32
2026-08-11, 01:12:25, 22.5, 22.57, 23.0, 23.0, 9999.0, 9999.0, 9999.0, 24.18, 9999.0, 22.82, 9999.0, 22.75, 22.57, 22.27, 22.34, 22.32
2026-08-11, 01:12:29, 22.5, 22.57, 23.0, 23.0, 9999.0, 9999.0, 9999.0, 24.2, 9999.0, 22.8, 9999.0, 22.77, 22.55, 22.27, 22.32, 22.34
2026-08-11, 01:12:33, 22.5, 22.57, 23.0, 23.0, 9999.0, 9999.0, 9999.0, 24.23, 9999.0, 22.77, 9999.0, 22.77, 22.55, 22.27, 22.3, 22.34
2026-08-11, 01:12:37, 22.5, 22.55, 23.0, 23.0, 9999.0, 9999.0, 9999.0, 24.18, 9999.0, 22.75, 9999.0, 22.77, 22.55, 22.25, 22.3, 22.34
2026-08-11, 01:12:41, 22.5, 22.55, 23.0, 23.0, 9999.0, 9999.0, 9999.0, 24.14, 9999.0, 22.75, 9999.0, 22.8, 22.55, 22.25, 22.3, 22.34
2026-08-11, 01:12:45, 22.5, 22.52, 23.0, 23.0, 9999.0, 9999.0, 9999.0, 24.09, 9999.0, 22.75, 9999.0, 22.82, 22.52, 22.25, 22.3, 22.36
2026-08-11, 01:12:49, 22.5, 22.52, 23.0, 22.98, 9999.0, 9999.0, 9999.0, 24.05, 9999.0, 22.77, 9999.0, 22.84, 22.52, 22.25, 22.3, 22.39
2026-08-11, 01:12:53, 22.5, 22.52, 23.0, 22.98, 9999.0, 9999.0, 9999.0, 24.0, 9999.0, 22.77, 9999.0, 22.84, 22.5, 22.25, 22.27, 22.39
2026-08-11, 01:12:57, 22.5, 22.52, 23.0, 22.98, 9999.0, 9999.0, 9999.0, 23.95, 9999.0, 22.8, 9999.0, 22.84, 22.52, 22.25, 22.3, 22.41
2026-08-11, 01:13:01, 22.5, 22.52, 23.0, 22.98, 9999.0, 9999.0, 9999.0, 23.93, 9999.0, 22.82, 9999.0, 22.84, 22.55, 22.25, 22.3, 22.39
2026-08-11, 01:13:05, 22.5, 22.52, 23.0, 22.98, 9999.0, 9999.0, 9999.0, 23.91, 9999.0, 22.84, 9999.0, 22.84, 22.55, 22.25, 22.3, 22.39
2026-08-11, 01:13:09, 22.5, 22.52, 23.0, 22.98, 9999.0, 9999.0, 9999.0, 23.93, 9999.0, 22.86, 9999.0, 22.84, 22.57, 22.25, 22.3, 22.39
2026-08-11, 01:13:14, 22.5, 22.52, 23.0, 22.98, 9999.0, 9999.0, 9999.0, 23.98, 9999.0, 22.86, 9999.0, 22.82, 22.57, 22.25, 22.3, 22.36
2026-08-11, 01:13:18, 22.5, 22.52, 23.0, 22.98, 9999.0, 9999.0, 9999.0, 24.02, 9999.0, 22.89, 9999.0, 22.82, 22.57, 22.25, 22.3, 22.36
2026-08-11, 01:13:22, 22.5, 22.52, 23.0, 22.98, 9999.0, 9999.0, 9999.0, 24.05, 9999.0, 22.91, 9999.0, 22.82, 22.59, 22.25, 22.3, 22.34
2026-08-11, 01:13:26, 22.5, 22.55, 23.0, 22.98, 9999.0, 9999.0, 9999.0, 24.07, 9999.0, 22.91, 9999.0, 22.8, 22.59, 22.25, 22.3, 22.34
2026-08-11, 01:13:30, 22.5, 22.55, 23.0, 22.98, 9999.0, 9999.0, 9999.0, 24.09, 9999.0, 22.91, 9999.0, 22.77, 22.59, 22.27, 22.32, 22.32
2026-08-11, 01:13:34, 22.5, 22.55, 23.0, 23.0, 9999.0, 9999.0, 9999.0, 24.14, 9999.0, 22.89, 9999.0, 22.73, 22.59, 22.27, 22.3, 22.32
2026-08-11, 01:13:38, 22.5, 22.55, 23.0, 23.0, 9999.0, 9999.0, 9999.0, 24.18, 9999.0, 22.89, 9999.0, 22.7, 22.59, 22.27, 22.32, 22.3
2026-08-11, 01:13:42, 22.5, 22.55, 23.0, 23.0, 9999.0, 9999.0, 9999.0, 24.23, 9999.0, 22.86, 9999.0, 22.7, 22.57, 22.27, 22.3, 22.27
2026-08-11, 01:13:46, 22.5, 22.55, 23.0, 23.0, 9999.0, 9999.0, 9999.0, 24.27, 9999.0, 22.84, 9999.0, 22.7, 22.55, 22.27, 22.3, 22.27
2026-08-11, 01:13:50, 22.5, 22.52, 23.0, 23.0, 9999.0, 9999.0, 9999.0, 24.3, 9999.0, 22.82, 9999.0, 22.7, 22.55, 22.27, 22.3, 22.27
2026-08-11, 01:13:54, 22.5, 22.55, 23.0, 23.0, 9999.0, 9999.0, 9999.0, 24.25, 9999.0, 22.8, 9999.0, 22.7, 22.52, 22.27, 22.32, 22.27
2026-08-11, 01:13:58, 22.5, 22.55, 23.0, 23.0, 9999.0, 9999.0, 9999.0, 24.2, 9999.0, 22.8, 9999.0, 22.73, 22.52, 22.3, 22.32, 22.27
2026-08-11, 01:14:02, 22.5, 22.55, 23.0, 23.0, 9999.0, 9999.0, 9999.0, 24.16, 9999.0, 22.77, 9999.0, 22.75, 22.52, 22.3, 22.32, 22.27
2026-08-11, 01:14:06, 22.5, 22.55, 23.0, 22.98, 9999.0, 9999.0, 9999.0, 24.11, 9999.0, 22.77, 9999.0, 22.77, 22.5, 22.3, 22.32, 22.27
2026-08-11, 01:14:10, 22.5, 22.52, 23.0, 22.98, 9999.0, 9999.0, 9999.0, 24.07, 9999.0, 22.77, 9999.0, 22.77, 22.5, 22.3, 22.34, 22.3
2026-08-11, 01:14:14, 22.5, 22.52, 23.0, 22.98, 9999.0, 9999.0, 9999.0, 24.02, 9999.0, 22.77, 9999.0, 22.77, 22.52, 22.27, 22.32, 22.32
2026-08-11, 01:14:18, 22.5, 22.55, 23.0, 22.98, 9999.0, 9999.0, 9999.0, 23.98, 9999.0, 22.8, 9999.0, 22.8, 22.55, 22.27, 22.32, 22.3
2026-08-11, 01:14:22, 22.5, 22.55, 23.0, 22.95, 9999.0, 9999.0, 9999.0, 23.93, 9999.0, 22.82, 9999.0, 22.82, 22.55, 22.27, 22.3, 22.32
2026-08-11, 01:14:26, 22.5, 22.55, 23.0, 22.95, 9999.0, 9999.0, 9999.0, 23.89, 9999.0, 22.82, 9999.0, 22.82, 22.55, 22.27, 22.3, 22.32
2026-08-11, 01:14:30, 22.5, 22.55, 23.0, 22.93, 9999.0, 9999.0, 9999.0, 23.89, 9999.0, 22.84, 9999.0, 22.82, 22.55, 22.27, 22.3, 22.32
2026-08-11, 01:14:34, 22.5, 22.55, 23.0, 22.93, 9999.0, 9999.0, 9999.0, 23.91, 9999.0, 22.84, 9999.0, 22.82, 22.55, 22.27, 22.3, 22.32
2026-08-11, 01:14:38, 22.5, 22.55, 23.0, 22.93, 9999.0, 9999.0, 9999.0, 23.93, 9999.0, 22.84, 9999.0, 22.82, 22.55, 22.27, 22.27, 22.32
2026-08-11, 01:14:42, 22.5, 22.57, 23.0, 22.91, 9999.0, 9999.0, 9999.0, 23.95, 9999.0, 22.84, 9999.0, 22.8, 22.55, 22.25, 22.3, 22.32
2026-08-11, 01:14:46, 22.5, 22.57, 23.0, 22.89, 9999.0, 9999.0, 9999.0, 23.95, 9999.0, 22.84, 9999.0, 22.77, 22.55, 22.25, 22.3, 22.32
2026-08-11, 01:14:50, 22.5, 22.57, 23.0, 22.91, 9999.0, 9999.0, 9999.0, 23.98, 9999.0, 22.82, 9999.0, 22.75, 22.55, 22.25, 22.3, 22.32
2026-08-11, 01:14:54, 22.5, 22.57, 23.0, 22.89, 9999.0, 9999.0, 9999.0, 24.02, 9999.0, 22.8, 9999.0, 22.73, 22.55, 22.25, 22.27, 22.3
2026-08-11, 01:14:58, 22.5, 22.57, 23.0, 22.86, 9999.0, 9999.0, 9999.0, 24.05, 9999.0, 22.8, 9999.0, 22.73, 22.52, 22.25, 22.27, 22.27
2026-08-11, 01:15:02, 22.5, 22.55, 23.0, 22.84, 9999.0, 9999.0, 9999.0, 24.07, 9999.0, 22.75, 9999.0, 22.73, 22.5, 22.25, 22.27, 22.27
2026-08-11, 01:15:06, 22.5, 22.55, 23.0, 22.86, 9999.0, 9999.0, 9999.0, 24.09, 9999.0, 22.73, 9999.0, 22.73, 22.5, 22.25, 22.27, 22.25
2026-08-11, 01:15:10, 22.5, 22.55, 23.0, 22.86, 9999.0, 9999.0, 9999.0, 24.11, 9999.0, 22.73, 9999.0, 22.73, 22.5, 22.25, 22.27, 22.25
2026-08-11, 01:15:14, 22.5, 22.55, 23.0, 22.89, 9999.0, 9999.0, 9999.0, 24.09, 9999.0, 22.68, 9999.0, 22.75, 22.5, 22.25, 22.27, 22.25
2026-08-11, 01:15:18, 22.5, 22.55, 23.0, 22.86, 9999.0, 9999.0, 9999.0, 24.07, 9999.0, 22.66, 9999.0, 22.77, 22.5, 22.25, 22.27, 22.25
2026-08-11, 01:15:22, 22.5, 22.52, 23.0, 22.84, 9999.0, 9999.0, 9999.0, 24.02, 9999.0, 22.64, 9999.0, 22.8, 22.5, 22.25, 22.27, 22.25
2026-08-11, 01:15:26, 22.5, 22.5, 23.0, 22.84, 9999.0, 9999.0, 9999.0, 23.98, 9999.0, 22.64, 9999.0, 22.8, 22.5, 22.25, 22.25, 22.25
2026-08-11, 01:15:30, 22.5, 22.5, 23.0, 22.84, 9999.0, 9999.0, 9999.0, 23.95, 9999.0, 22.64, 9999.0, 22.8, 22.5, 22.25, 22.27, 22.25
2026-08-11, 01:15:34, 22.5, 22.5, 23.0, 22.82, 9999.0, 9999.0, 9999.0, 23.93, 9999.0, 22.64, 9999.0, 22.8, 22.52, 22.25, 22.3, 22.25
2026-08-11, 01:15:38, 22.5, 22.52, 23.0, 22.84, 9999.0, 9999.0, 9999.0, 23.86, 9999.0, 22.68, 9999.0, 22.82, 22.52, 22.25, 22.3, 22.25
2026-08-11, 01:15:42, 22.5, 22.52, 22.98, 22.86, 9999.0, 9999.0, 9999.0, 23.82, 9999.0, 22.7, 9999.0, 22.82, 22.52, 22.25, 22.3, 22.25
2026-08-11, 01:15:46, 22.5, 22.52, 22.98, 22.89, 9999.0, 9999.0, 9999.0, 23.86, 9999.0, 22.73, 9999.0, 22.82, 22.52, 22.25, 22.32, 22.25
2026-08-11, 01:15:50, 22.5, 22.52, 22.98, 22.89, 9999.0, 9999.0, 9999.0, 23.91, 9999.0, 22.73, 9999.0, 22.82, 22.52, 22.25, 22.32, 22.25
2026-08-11, 01:15:54, 22.5, 22.52, 22.98, 22.86, 9999.0, 9999.0, 9999.0, 23.93, 9999.0, 22.73, 9999.0, 22.82, 22.52, 22.25, 22.34, 22.27
2026-08-11, 01:15:58, 22.5, 22.52, 22.98, 22.86, 9999.0, 9999.0, 9999.0, 23.95, 9999.0, 22.75, 9999.0, 22.8, 22.52, 22.25, 22.34, 22.27
2026-08-11, 01:16:02, 22.5, 22.52, 22.98, 22.89, 9999.0, 9999.0, 9999.0, 23.98, 9999.0, 22.77, 9999.0, 22.77, 22.55, 22.25, 22.34, 22.3
2026-08-11, 01:16:06, 22.5, 22.52, 22.98, 22.91, 9999.0, 9999.0, 9999.0, 24.02, 9999.0, 22.77, 9999.0, 22.75, 22.55, 22.25, 22.34, 22.3
2026-08-11, 01:16:10, 22.5, 22.52, 22.95, 22.91, 9999.0, 9999.0, 9999.0, 24.05, 9999.0, 22.77, 9999.0, 22.75, 22.55, 22.25, 22.34, 22.32
2026-08-11, 01:16:14, 22.48, 22.52, 22.95, 22.91, 9999.0, 9999.0, 9999.0, 24.07, 9999.0, 22.77, 9999.0, 22.75, 22.55, 22.25, 22.32, 22.32
2026-08-11, 01:16:18, 22.48, 22.52, 22.95, 22.93, 9999.0, 9999.0, 9999.0, 24.09, 9999.0, 22.75, 9999.0, 22.73, 22.52, 22.25, 22.3, 22.32
2026-08-11, 01:16:22, 22.48, 22.5, 22.93, 22.91, 9999.0, 9999.0, 9999.0, 24.14, 9999.0, 22.73, 9999.0, 22.73, 22.52, 22.25, 22.3, 22.32
2026-08-11, 01:16:26, 22.48, 22.5, 22.95, 22.91, 9999.0, 9999.0, 9999.0, 24.18, 9999.0, 22.68, 9999.0, 22.73, 22.52, 22.25, 22.3, 22.32
2026-08-11, 01:16:30, 22.48, 22.5, 22.95, 22.89, 9999.0, 9999.0, 9999.0, 24.14, 9999.0, 22.68, 9999.0, 22.73, 22.52, 22.25, 22.27, 22.32
2026-08-11, 01:16:34, 22.48, 22.5, 22.95, 22.89, 9999.0, 9999.0, 9999.0, 24.09, 9999.0, 22.66, 9999.0, 22.75, 22.52, 22.25, 22.27, 22.32
2026-08-11, 01:16:38, 22.48, 22.5, 22.95, 22.91, 9999.0, 9999.0, 9999.0, 24.05, 9999.0, 22.64, 9999.0, 22.77, 22.52, 22.25, 22.27, 22.3
2026-08-11, 01:16:42, 22.45, 22.5, 22.95, 22.89, 9999.0, 9999.0, 9999.0, 24.0, 9999.0, 22.64, 9999.0, 22.8, 22.52, 22.25, 22.3, 22.3
2026-08-11, 01:16:46, 22.45, 22.5, 22.95, 22.89, 9999.0, 9999.0, 9999.0, 23.95, 9999.0, 22.64, 9999.0, 22.8, 22.5, 22.25, 22.3, 22.27
2026-08-11, 01:16:50, 22.45, 22.52, 22.95, 22.86, 9999.0, 9999.0, 9999.0, 23.91, 9999.0, 22.66, 9999.0, 22.8, 22.5, 22.25, 22.3, 22.27
2026-08-11, 01:16:55, 22.45, 22.52, 22.98, 22.89, 9999.0, 9999.0, 9999.0, 23.89, 9999.0, 22.68, 9999.0, 22.82, 22.5, 22.25, 22.32, 22.25
2026-08-11, 01:16:59, 22.48, 22.52, 22.98, 22.91, 9999.0, 9999.0, 9999.0, 23.86, 9999.0, 22.7, 9999.0, 22.82, 22.5, 22.25, 22.32, 22.25
2026-08-11, 01:17:03, 22.48, 22.52, 22.98, 22.89, 9999.0, 9999.0, 9999.0, 23.82, 9999.0, 22.75, 9999.0, 22.84, 22.5, 22.25, 22.32, 22.25
2026-08-11, 01:17:07, 22.48, 22.52, 23.0, 22.89, 9999.0, 9999.0, 9999.0, 23.84, 9999.0, 22.75, 9999.0, 22.84, 22.5, 22.25, 22.32, 22.25
2026-08-11, 01:17:11, 22.48, 22.52, 23.0, 22.89, 9999.0, 9999.0, 9999.0, 23.86, 9999.0, 22.77, 9999.0, 22.84, 22.5, 22.25, 22.32, 22.25
2026-08-11, 01:17:15, 22.48, 22.55, 22.98, 22.91, 9999.0, 9999.0, 9999.0, 23.89, 9999.0, 22.77, 9999.0, 22.84, 22.5, 22.25, 22.32, 22.25
2026-08-11, 01:17:19, 22.48, 22.55, 22.98, 22.91, 9999.0, 9999.0, 9999.0, 23.91, 9999.0, 22.8, 9999.0, 22.82, 22.5, 22.25, 22.32, 22.25
2026-08-11, 01:17:23, 22.48, 22.55, 22.98, 22.91, 9999.0, 9999.0, 9999.0, 23.95, 9999.0, 22.82, 9999.0, 22.8, 22.5, 22.25, 22.3, 22.25
2026-08-11, 01:17:27, 22.5, 22.55, 22.98, 22.93, 9999.0, 9999.0, 9999.0, 23.98, 9999.0, 22.82, 9999.0, 22.77, 22.5, 22.25, 22.3, 22.25
2026-08-11, 01:17:31, 22.5, 22.55, 22.95, 22.93, 9999.0, 9999.0, 9999.0, 24.0, 9999.0, 22.82, 9999.0, 22.77, 22.5, 22.25, 22.3, 22.25
2026-08-11, 01:17:35, 22.48, 22.52, 22.95, 22.95, 9999.0, 9999.0, 9999.0, 24.02, 9999.0, 22.82, 9999.0, 22.75, 22.5, 22.25, 22.3, 22.25
2026-08-11, 01:17:39, 22.48, 22.52, 22.95, 22.95, 9999.0, 9999.0, 9999.0, 24.07, 9999.0, 22.77, 9999.0, 22.7, 22.5, 22.25, 22.27, 22.25
2026-08-11, 01:17:43, 22.48, 22.55, 22.95, 22.93, 9999.0, 9999.0, 9999.0, 24.09, 9999.0, 22.73, 9999.0, 22.7, 22.5, 22.25, 22.27, 22.25
2026-08-11, 01:17:47, 22.48, 22.55, 22.93, 22.95, 9999.0, 9999.0, 9999.0, 24.14, 9999.0, 22.68, 9999.0, 22.7, 22.5, 22.25, 22.27, 22.25
2026-08-11, 01:17:51, 22.48, 22.57, 22.91, 22.95, 9999.0, 9999.0, 9999.0, 24.09, 9999.0, 22.66, 9999.0, 22.7, 22.5, 22.25, 22.27, 22.25
2026-08-11, 01:17:55, 22.48, 22.57, 22.91, 22.93, 9999.0, 9999.0, 9999.0, 24.07, 9999.0, 22.64, 9999.0, 22.73, 22.5, 22.25, 22.3, 22.25
2026-08-11, 01:17:59, 22.45, 22.55, 22.93, 22.93, 9999.0, 9999.0, 9999.0, 24.02, 9999.0, 22.61, 9999.0, 22.75, 22.5, 22.25, 22.3, 22.25
2026-08-11, 01:18:03, 22.45, 22.55, 22.93, 22.91, 9999.0, 9999.0, 9999.0, 23.98, 9999.0, 22.61, 9999.0, 22.75, 22.5, 22.25, 22.32, 22.25
2026-08-11, 01:18:07, 22.45, 22.55, 22.93, 22.91, 9999.0, 9999.0, 9999.0, 23.93, 9999.0, 22.59, 9999.0, 22.75, 22.5, 22.25, 22.32, 22.25
2026-08-11, 01:18:11, 22.45, 22.55, 22.93, 22.91, 9999.0, 9999.0, 9999.0, 23.91, 9999.0, 22.59, 9999.0, 22.75, 22.52, 22.25, 22.3, 22.25
2026-08-11, 01:18:15, 22.45, 22.55, 22.95, 22.91, 9999.0, 9999.0, 9999.0, 23.89, 9999.0, 22.59, 9999.0, 22.75, 22.55, 22.25, 22.3, 22.25
2026-08-11, 01:18:19, 22.48, 22.57, 22.95, 22.91, 9999.0, 9999.0, 9999.0, 23.84, 9999.0, 22.59, 9999.0, 22.77, 22.55, 22.25, 22.3, 22.25
2026-08-11, 01:18:23, 22.48, 22.59, 22.95, 22.91, 9999.0, 9999.0, 9999.0, 23.86, 9999.0, 22.61, 9999.0, 22.8, 22.55, 22.25, 22.3, 22.25
2026-08-11, 01:18:27, 22.48, 22.57, 22.95, 22.91, 9999.0, 9999.0, 9999.0, 23.89, 9999.0, 22.64, 9999.0, 22.8, 22.55, 22.25, 22.3, 22.25
2026-08-11, 01:18:31, 22.48, 22.57, 22.98, 22.91, 9999.0, 9999.0, 9999.0, 23.91, 9999.0, 22.66, 9999.0, 22.8, 22.55, 22.25, 22.3, 22.25
2026-08-11, 01:18:35, 22.48, 22.55, 23.0, 22.93, 9999.0, 9999.0, 9999.0, 23.95, 9999.0, 22.66, 9999.0, 22.8, 22.55, 22.25, 22.3, 22.25
2026-08-11, 01:18:39, 22.48, 22.55, 23.0, 22.95, 9999.0, 9999.0, 9999.0, 23.98, 9999.0, 22.66, 9999.0, 22.77, 22.55, 22.25, 22.3, 22.25
2026-08-11, 01:18:43, 22.5, 22.57, 23.0, 22.95, 9999.0, 9999.0, 9999.0, 24.02, 9999.0, 22.66, 9999.0, 22.75, 22.55, 22.25, 22.3, 22.25
2026-08-11, 01:18:47, 22.5, 22.57, 23.0, 22.98, 9999.0, 9999.0, 9999.0, 24.05, 9999.0, 22.64, 9999.0, 22.75, 22.55, 22.25, 22.27, 22.25
2026-08-11, 01:18:51, 22.5, 22.57, 22.98, 22.98, 9999.0, 9999.0, 9999.0, 24.07, 9999.0, 22.64, 9999.0, 22.75, 22.55, 22.25, 22.27, 22.25
2026-08-11, 01:18:55, 22.48, 22.57, 22.98, 22.98, 9999.0, 9999.0, 9999.0, 24.09, 9999.0, 22.61, 9999.0, 22.73, 22.52, 22.25, 22.27, 22.25
2026-08-11, 01:18:59, 22.48, 22.57, 22.98, 22.98, 9999.0, 9999.0, 9999.0, 24.11, 9999.0, 22.59, 9999.0, 22.73, 22.5, 22.25, 22.27, 22.25
2026-08-11, 01:19:03, 22.48, 22.57, 22.98, 22.98, 9999.0, 9999.0, 9999.0, 24.16, 9999.0, 22.57, 9999.0, 22.73, 22.5, 22.25, 22.27, 22.25
2026-08-11, 01:19:07, 22.48, 22.55, 22.98, 22.98, 9999.0, 9999.0, 9999.0, 24.09, 9999.0, 22.55, 9999.0, 22.73, 22.5, 22.25, 22.27, 22.25
2026-08-11, 01:19:11, 22.48, 22.55, 22.98, 23.0, 9999.0, 9999.0, 9999.0, 24.05, 9999.0, 22.52, 9999.0, 22.75, 22.5, 22.25, 22.3, 22.25
2026-08-11, 01:19:15, 22.48, 22.55, 22.98, 22.98, 9999.0, 9999.0, 9999.0, 24.0, 9999.0, 22.5, 9999.0, 22.77, 22.52, 22.25, 22.32, 22.25
2026-08-11, 01:19:19, 22.48, 22.57, 22.98, 22.98, 9999.0, 9999.0, 9999.0, 23.95, 9999.0, 22.5, 9999.0, 22.77, 22.52, 22.25, 22.34, 22.27
2026-08-11, 01:19:23, 22.48, 22.57, 22.98, 22.98, 9999.0, 9999.0, 9999.0, 23.91, 9999.0, 22.52, 9999.0, 22.77, 22.52, 22.25, 22.32, 22.27
2026-08-11, 01:19:27, 22.45, 22.55, 22.98, 22.98, 9999.0, 9999.0, 9999.0, 23.86, 9999.0, 22.55, 9999.0, 22.77, 22.52, 22.25, 22.32, 22.27
2026-08-11, 01:19:31, 22.45, 22.55, 22.98, 22.95, 9999.0, 9999.0, 9999.0, 23.84, 9999.0, 22.57, 9999.0, 22.8, 22.52, 22.25, 22.32, 22.27
2026-08-11, 01:19:35, 22.45, 22.55, 23.0, 22.95, 9999.0, 9999.0, 9999.0, 23.8, 9999.0, 22.59, 9999.0, 22.8, 22.52, 22.25, 22.32, 22.27
2026-08-11, 01:19:39, 22.48, 22.55, 23.0, 22.95, 9999.0, 9999.0, 9999.0, 23.75, 9999.0, 22.61, 9999.0, 22.82, 22.52, 22.25, 22.32, 22.27
2026-08-11, 01:19:43, 22.48, 22.55, 22.98, 22.95, 9999.0, 9999.0, 9999.0, 23.8, 9999.0, 22.64, 9999.0, 22.82, 22.52, 22.25, 22.32, 22.27
2026-08-11, 01:19:47, 22.48, 22.55, 22.98, 22.95, 9999.0, 9999.0, 9999.0, 23.82, 9999.0, 22.66, 9999.0, 22.82, 22.52, 22.25, 22.32, 22.27
2026-08-11, 01:19:51, 22.45, 22.55, 22.98, 22.95, 9999.0, 9999.0, 9999.0, 23.86, 9999.0, 22.68, 9999.0, 22.82, 22.52, 22.25, 22.32, 22.3
2026-08-11, 01:19:55, 22.45, 22.55, 22.98, 22.95, 9999.0, 9999.0, 9999.0, 23.91, 9999.0, 22.7, 9999.0, 22.8, 22.52, 22.25, 22.3, 22.3
2026-08-11, 01:19:59, 22.45, 22.55, 22.98, 22.98, 9999.0, 9999.0, 9999.0, 23.93, 9999.0, 22.7, 9999.0, 22.77, 22.5, 22.25, 22.27, 22.3
2026-08-11, 01:20:03, 22.45, 22.52, 22.98, 22.98, 9999.0, 9999.0, 9999.0, 23.95, 9999.0, 22.7, 9999.0, 22.77, 22.5, 22.25, 22.25, 22.27
2026-08-11, 01:20:07, 22.45, 22.52, 22.98, 22.98, 9999.0, 9999.0, 9999.0, 23.98, 9999.0, 22.68, 9999.0, 22.77, 22.5, 22.25, 22.25, 22.27
2026-08-11, 01:20:11, 22.45, 22.52, 22.98, 22.98, 9999.0, 9999.0, 9999.0, 24.0, 9999.0, 22.66, 9999.0, 22.77, 22.5, 22.25, 22.27, 22.3
2026-08-11, 01:20:15, 22.45, 22.52, 22.98, 23.0, 9999.0, 9999.0, 9999.0, 24.02, 9999.0, 22.64, 9999.0, 22.75, 22.5, 22.25, 22.27, 22.32
2026-08-11, 01:20:19, 22.45, 22.52, 22.98, 23.0, 9999.0, 9999.0, 9999.0, 24.07, 9999.0, 22.61, 9999.0, 22.75, 22.5, 22.25, 22.27, 22.32
2026-08-11, 01:20:23, 22.45, 22.52, 22.98, 23.0, 9999.0, 9999.0, 9999.0, 24.09, 9999.0, 22.59, 9999.0, 22.75, 22.5, 22.25, 22.27, 22.32
2026-08-11, 01:20:27, 22.45, 22.55, 23.0, 23.0, 9999.0, 9999.0, 9999.0, 24.02, 9999.0, 22.57, 9999.0, 22.75, 22.5, 22.27, 22.27, 22.32
2026-08-11, 01:20:31, 22.45, 22.52, 23.0, 22.98, 9999.0, 9999.0, 9999.0, 23.98, 9999.0, 22.55, 9999.0, 22.77, 22.52, 22.27, 22.3, 22.32
2026-08-11, 01:20:35, 22.48, 22.55, 22.98, 22.98, 9999.0, 9999.0, 9999.0, 23.93, 9999.0, 22.5, 9999.0, 22.77, 22.52, 22.27, 22.32, 22.3
2026-08-11, 01:20:39, 22.48, 22.57, 22.98, 22.98, 9999.0, 9999.0, 9999.0, 23.89, 9999.0, 22.48, 9999.0, 22.8, 22.52, 22.27, 22.34, 22.3
2026-08-11, 01:20:44, 22.48, 22.57, 22.98, 22.98, 9999.0, 9999.0, 9999.0, 23.86, 9999.0, 22.48, 9999.0, 22.8, 22.52, 22.27, 22.34, 22.3
2026-08-11, 01:20:48, 22.48, 22.57, 22.98, 22.98, 9999.0, 9999.0, 9999.0, 23.82, 9999.0, 22.5, 9999.0, 22.8, 22.55, 22.27, 22.34, 22.3
2026-08-11, 01:20:52, 22.48, 22.57, 22.98, 22.98, 9999.0, 9999.0, 9999.0, 23.77, 9999.0, 22.52, 9999.0, 22.8, 22.55, 22.27, 22.34, 22.3
2026-08-11, 01:20:56, 22.5, 22.59, 22.98, 22.98, 9999.0, 9999.0, 9999.0, 23.73, 9999.0, 22.55, 9999.0, 22.8, 22.57, 22.27, 22.32, 22.27
2026-08-11, 01:21:00, 22.5, 22.59, 22.98, 22.98, 9999.0, 9999.0, 9999.0, 23.77, 9999.0, 22.57, 9999.0, 22.8, 22.57, 22.27, 22.32, 22.25
2026-08-11, 01:21:04, 22.5, 22.59, 22.98, 22.98, 9999.0, 9999.0, 9999.0, 23.8, 9999.0, 22.57, 9999.0, 22.8, 22.57, 22.27, 22.32, 22.25
2026-08-11, 01:21:08, 22.5, 22.61, 22.98, 22.95, 9999.0, 9999.0, 9999.0, 23.84, 9999.0, 22.59, 9999.0, 22.8, 22.57, 22.27, 22.32, 22.25
2026-08-11, 01:21:12, 22.5, 22.59, 22.98, 22.95, 9999.0, 9999.0, 9999.0, 23.89, 9999.0, 22.59, 9999.0, 22.8, 22.57, 22.25, 22.34, 22.27
2026-08-11, 01:21:16, 22.48, 22.59, 22.98, 22.98, 9999.0, 9999.0, 9999.0, 23.93, 9999.0, 22.59, 9999.0, 22.77, 22.55, 22.25, 22.32, 22.27
2026-08-11, 01:21:20, 22.48, 22.59, 23.0, 22.95, 9999.0, 9999.0, 9999.0, 23.98, 9999.0, 22.61, 9999.0, 22.77, 22.55, 22.25, 22.3, 22.27
2026-08-11, 01:21:24, 22.48, 22.59, 23.0, 22.95, 9999.0, 9999.0, 9999.0, 24.0, 9999.0, 22.61, 9999.0, 22.75, 22.55, 22.25, 22.27, 22.27
2026-08-11, 01:21:28, 22.48, 22.61, 23.0, 22.95, 9999.0, 9999.0, 9999.0, 24.02, 9999.0, 22.61, 9999.0, 22.75, 22.55, 22.25, 22.27, 22.27
2026-08-11, 01:21:32, 22.48, 22.61, 23.0, 22.95, 9999.0, 9999.0, 9999.0, 24.07, 9999.0, 22.59, 9999.0, 22.75, 22.52, 22.25, 22.27, 22.27
2026-08-11, 01:21:36, 22.48, 22.61, 23.0, 22.95, 9999.0, 9999.0, 9999.0, 24.11, 9999.0, 22.57, 9999.0, 22.75, 22.52, 22.25, 22.27, 22.27
2026-08-11, 01:21:40, 22.48, 22.59, 23.0, 22.95, 9999.0, 9999.0, 9999.0, 24.16, 9999.0, 22.52, 9999.0, 22.75, 22.5, 22.25, 22.27, 22.27
2026-08-11, 01:21:44, 22.48, 22.59, 23.0, 22.95, 9999.0, 9999.0, 9999.0, 24.11, 9999.0, 22.48, 9999.0, 22.75, 22.5, 22.27, 22.27, 22.27
2026-08-11, 01:21:48, 22.48, 22.59, 23.0, 22.95, 9999.0, 9999.0, 9999.0, 24.09, 9999.0, 22.45, 9999.0, 22.77, 22.5, 22.27, 22.27, 22.27
2026-08-11, 01:21:52, 22.48, 22.57, 23.0, 22.98, 9999.0, 9999.0, 9999.0, 24.05, 9999.0, 22.41, 9999.0, 22.8, 22.5, 22.27, 22.27, 22.27
2026-08-11, 01:21:56, 22.48, 22.57, 23.0, 22.98, 9999.0, 9999.0, 9999.0, 24.0, 9999.0, 22.41, 9999.0, 22.82, 22.5, 22.27, 22.25, 22.25
2026-08-11, 01:22:00, 22.5, 22.57, 23.0, 22.98, 9999.0, 9999.0, 9999.0, 23.95, 9999.0, 22.41, 9999.0, 22.82, 22.5, 22.3, 22.25, 22.25
2026-08-11, 01:22:04, 22.5, 22.55, 23.0, 22.98, 9999.0, 9999.0, 9999.0, 23.91, 9999.0, 22.41, 9999.0, 22.82, 22.5, 22.3, 22.27, 22.25
2026-08-11, 01:22:08, 22.5, 22.52, 23.0, 22.98, 9999.0, 9999.0, 9999.0, 23.89, 9999.0, 22.43, 9999.0, 22.84, 22.5, 22.3, 22.27, 22.25
2026-08-11, 01:22:12, 22.5, 22.5, 23.0, 22.95, 9999.0, 9999.0, 9999.0, 23.86, 9999.0, 22.45, 9999.0, 22.84, 22.5, 22.3, 22.3, 22.25
2026-08-11, 01:22:16, 22.5, 22.5, 23.0, 22.95, 9999.0, 9999.0, 9999.0, 23.82, 9999.0, 22.48, 9999.0, 22.84, 22.5, 22.3, 22.3, 22.25
2026-08-11, 01:22:20, 22.5, 22.5, 23.0, 22.95, 9999.0, 9999.0, 9999.0, 23.84, 9999.0, 22.5, 9999.0, 22.84, 22.5, 22.3, 22.32, 22.25
2026-08-11, 01:22:24, 22.5, 22.5, 23.0, 22.95, 9999.0, 9999.0, 9999.0, 23.86, 9999.0, 22.52, 9999.0, 22.84, 22.5, 22.3, 22.32, 22.25
2026-08-11, 01:22:28, 22.5, 22.5, 23.0, 22.95, 9999.0, 9999.0, 9999.0, 23.86, 9999.0, 22.55, 9999.0, 22.84, 22.5, 22.27, 22.32, 22.25
2026-08-11, 01:22:32, 22.5, 22.5, 23.0, 22.95, 9999.0, 9999.0, 9999.0, 23.86, 9999.0, 22.57, 9999.0, 22.82, 22.5, 22.27, 22.32, 22.25
2026-08-11, 01:22:36, 22.5, 22.5, 23.0, 22.95, 9999.0, 9999.0, 9999.0, 23.89, 9999.0, 22.59, 9999.0, 22.8, 22.5, 22.27, 22.32, 22.25
2026-08-11, 01:22:40, 22.5, 22.5, 23.0, 22.95, 9999.0, 9999.0, 9999.0, 23.91, 9999.0, 22.59, 9999.0, 22.77, 22.5, 22.27, 22.32, 22.25
2026-08-11, 01:22:44, 22.48, 22.5, 23.0, 22.95, 9999.0, 9999.0, 9999.0, 23.91, 9999.0, 22.59, 9999.0, 22.77, 22.5, 22.25, 22.32, 22.25
2026-08-11, 01:22:48, 22.48, 22.5, 23.0, 22.98, 9999.0, 9999.0, 9999.0, 23.93, 9999.0, 22.59, 9999.0, 22.77, 22.5, 22.25, 22.3, 22.27
2026-08-11, 01:22:52, 22.48, 22.5, 23.0, 22.98, 9999.0, 9999.0, 9999.0, 23.95, 9999.0, 22.57, 9999.0, 22.75, 22.5, 22.25, 22.3, 22.27
2026-08-11, 01:22:56, 22.48, 22.52, 23.0, 23.0, 9999.0, 9999.0, 9999.0, 23.95, 9999.0, 22.55, 9999.0, 22.75, 22.5, 22.25, 22.27, 22.3
2026-08-11, 01:23:00, 22.48, 22.52, 23.0, 23.0, 9999.0, 9999.0, 9999.0, 23.98, 9999.0, 22.5, 9999.0, 22.75, 22.5, 22.25, 22.27, 22.32
2026-08-11, 01:23:04, 22.48, 22.52, 23.0, 23.0, 9999.0, 9999.0, 9999.0, 23.93, 9999.0, 22.45, 9999.0, 22.77, 22.5, 22.25, 22.25, 22.32
2026-08-11, 01:23:08, 22.48, 22.52, 23.0, 23.0, 9999.0, 9999.0, 9999.0, 23.89, 9999.0, 22.43, 9999.0, 22.8, 22.5, 22.25, 22.27, 22.32
2026-08-11, 01:23:12, 22.48, 22.52, 23.0, 23.0, 9999.0, 9999.0, 9999.0, 23.86, 9999.0, 22.41, 9999.0, 22.82, 22.5, 22.25, 22.27, 22.32
2026-08-11, 01:23:16, 22.45, 22.52, 23.0, 22.98, 9999.0, 9999.0, 9999.0, 23.84, 9999.0, 22.41, 9999.0, 22.84, 22.5, 22.25, 22.27, 22.32
2026-08-11, 01:23:20, 22.45, 22.52, 23.0, 22.98, 9999.0, 9999.0, 9999.0, 23.82, 9999.0, 22.41, 9999.0, 22.84, 22.5, 22.25, 22.27, 22.32
2026-08-11, 01:23:24, 22.45, 22.55, 23.0, 22.95, 9999.0, 9999.0, 9999.0, 23.8, 9999.0, 22.41, 9999.0, 22.86, 22.5, 22.25, 22.27, 22.32
2026-08-11, 01:23:28, 22.48, 22.55, 23.0, 22.95, 9999.0, 9999.0, 9999.0, 23.77, 9999.0, 22.41, 9999.0, 22.86, 22.5, 22.25, 22.27, 22.32
2026-08-11, 01:23:32, 22.48, 22.55, 23.0, 22.95, 9999.0, 9999.0, 9999.0, 23.73, 9999.0, 22.41, 9999.0, 22.86, 22.52, 22.25, 22.27, 22.32
2026-08-11, 01:23:36, 22.48, 22.55, 23.0, 22.95, 9999.0, 9999.0, 9999.0, 23.75, 9999.0, 22.41, 9999.0, 22.86, 22.52, 22.25, 22.3, 22.34
2026-08-11, 01:23:40, 22.48, 22.52, 23.0, 22.95, 9999.0, 9999.0, 9999.0, 23.8, 9999.0, 22.41, 9999.0, 22.86, 22.55, 22.25, 22.3, 22.32
2026-08-11, 01:23:44, 22.48, 22.55, 23.0, 22.95, 9999.0, 9999.0, 9999.0, 23.84, 9999.0, 22.43, 9999.0, 22.86, 22.55, 22.25, 22.32, 22.3
2026-08-11, 01:23:48, 22.48, 22.55, 23.0, 22.95, 9999.0, 9999.0, 9999.0, 23.86, 9999.0, 22.45, 9999.0, 22.84, 22.55, 22.25, 22.34, 22.3
2026-08-11, 01:23:52, 22.48, 22.55, 23.0, 22.95, 9999.0, 9999.0, 9999.0, 23.89, 9999.0, 22.48, 9999.0, 22.82, 22.55, 22.25, 22.34, 22.3
2026-08-11, 01:23:56, 22.48, 22.55, 23.0, 22.95, 9999.0, 9999.0, 9999.0, 23.91, 9999.0, 22.48, 9999.0, 22.8, 22.55, 22.25, 22.34, 22.3
2026-08-11, 01:24:00, 22.5, 22.57, 23.0, 22.98, 9999.0, 9999.0, 9999.0, 23.93, 9999.0, 22.48, 9999.0, 22.77, 22.55, 22.27, 22.34, 22.3
2026-08-11, 01:24:04, 22.5, 22.59, 23.0, 22.98, 9999.0, 9999.0, 9999.0, 23.95, 9999.0, 22.48, 9999.0, 22.77, 22.55, 22.27, 22.34, 22.32
2026-08-11, 01:24:08, 22.5, 22.57, 23.0, 23.0, 9999.0, 9999.0, 9999.0, 23.98, 9999.0, 22.48, 9999.0, 22.75, 22.55, 22.27, 22.34, 22.32
2026-08-11, 01:24:12, 22.5, 22.57, 23.0, 23.0, 9999.0, 9999.0, 9999.0, 24.02, 9999.0, 22.45, 9999.0, 22.75, 22.55, 22.27, 22.34, 22.32
2026-08-11, 01:24:16, 22.5, 22.59, 23.0, 23.0, 9999.0, 9999.0, 9999.0, 24.05, 9999.0, 22.43, 9999.0, 22.75, 22.52, 22.27, 22.34, 22.32
2026-08-11, 01:24:20, 22.5, 22.59, 23.0, 23.0, 9999.0, 9999.0, 9999.0, 24.0, 9999.0, 22.41, 9999.0, 22.75, 22.52, 22.27, 22.32, 22.3
2026-08-11, 01:24:24, 22.5, 22.61, 23.0, 23.0, 9999.0, 9999.0, 9999.0, 23.95, 9999.0, 22.39, 9999.0, 22.77, 22.5, 22.27, 22.34, 22.32
2026-08-11, 01:24:28, 22.5, 22.59, 23.0, 23.0, 9999.0, 9999.0, 9999.0, 23.91, 9999.0, 22.36, 9999.0, 22.8, 22.5, 22.27, 22.34, 22.32
2026-08-11, 01:24:32, 22.5, 22.59, 23.0, 23.0, 9999.0, 9999.0, 9999.0, 23.89, 9999.0, 22.36, 9999.0, 22.82, 22.5, 22.27, 22.34, 22.32
2026-08-11, 01:24:37, 22.5, 22.59, 23.0, 23.0, 9999.0, 9999.0, 9999.0, 23.84, 9999.0, 22.36, 9999.0, 22.84, 22.5, 22.27, 22.32, 22.34
2026-08-11, 01:24:41, 22.5, 22.61, 23.0, 23.0, 9999.0, 9999.0, 9999.0, 23.8, 9999.0, 22.39, 9999.0, 22.84, 22.5, 22.27, 22.32, 22.36
2026-08-11, 01:24:45, 22.48, 22.59, 23.0, 23.0, 9999.0, 9999.0, 9999.0, 23.75, 9999.0, 22.41, 9999.0, 22.84, 22.5, 22.27, 22.32, 22.36
2026-08-11, 01:24:49, 22.48, 22.59, 23.0, 22.98, 9999.0, 9999.0, 9999.0, 23.7, 9999.0, 22.43, 9999.0, 22.84, 22.52, 22.27, 22.32, 22.34
2026-08-11, 01:24:53, 22.48, 22.59, 23.0, 22.98, 9999.0, 9999.0, 9999.0, 23.66, 9999.0, 22.45, 9999.0, 22.84, 22.52, 22.27, 22.32, 22.36
2026-08-11, 01:24:57, 22.48, 22.59, 23.0, 22.98, 9999.0, 9999.0, 9999.0, 23.68, 9999.0, 22.5, 9999.0, 22.84, 22.55, 22.27, 22.32, 22.39
2026-08-11, 01:25:01, 22.48, 22.59, 23.0, 22.95, 9999.0, 9999.0, 9999.0, 23.7, 9999.0, 22.52, 9999.0, 22.84, 22.57, 22.27, 22.32, 22.39
2026-08-11, 01:25:05, 22.48, 22.59, 23.0, 22.95, 9999.0, 9999.0, 9999.0, 23.73, 9999.0, 22.55, 9999.0, 22.84, 22.57, 22.27, 22.32, 22.39
2026-08-11, 01:25:09, 22.48, 22.57, 23.0, 22.95, 9999.0, 9999.0, 9999.0, 23.75, 9999.0, 22.57, 9999.0, 22.82, 22.57, 22.27, 22.32, 22.36
2026-08-11, 01:25:13, 22.48, 22.59, 23.0, 22.95, 9999.0, 9999.0, 9999.0, 23.77, 9999.0, 22.59, 9999.0, 22.8, 22.57, 22.27, 22.3, 22.36
2026-08-11, 01:25:17, 22.48, 22.59, 23.0, 22.95, 9999.0, 9999.0, 9999.0, 23.8, 9999.0, 22.59, 9999.0, 22.77, 22.57, 22.27, 22.27, 22.36
2026-08-11, 01:25:21, 22.48, 22.59, 23.0, 22.95, 9999.0, 9999.0, 9999.0, 23.84, 9999.0, 22.57, 9999.0, 22.75, 22.57, 22.27, 22.3, 22.34
2026-08-11, 01:25:25, 22.48, 22.57, 23.0, 22.95, 9999.0, 9999.0, 9999.0, 23.89, 9999.0, 22.55, 9999.0, 22.75, 22.57, 22.27, 22.32, 22.32
2026-08-11, 01:25:29, 22.5, 22.57, 23.0, 22.95, 9999.0, 9999.0, 9999.0, 23.93, 9999.0, 22.5, 9999.0, 22.75, 22.57, 22.25, 22.32, 22.32
2026-08-11, 01:25:33, 22.5, 22.55, 23.0, 22.95, 9999.0, 9999.0, 9999.0, 23.95, 9999.0, 22.45, 9999.0, 22.75, 22.55, 22.25, 22.32, 22.34
2026-08-11, 01:25:37, 22.5, 22.55, 23.0, 22.95, 9999.0, 9999.0, 9999.0, 23.98, 9999.0, 22.41, 9999.0, 22.75, 22.55, 22.25, 22.32, 22.34
2026-08-11, 01:25:41, 22.5, 22.55, 23.0, 22.95, 9999.0, 9999.0, 9999.0, 23.93, 9999.0, 22.36, 9999.0, 22.77, 22.52, 22.25, 22.34, 22.34
2026-08-11, 01:25:45, 22.5, 22.52, 23.0, 22.98, 9999.0, 9999.0, 9999.0, 23.91, 9999.0, 22.34, 9999.0, 22.8, 22.52, 22.25, 22.34, 22.34
2026-08-11, 01:25:49, 22.5, 22.52, 23.0, 22.98, 9999.0, 9999.0, 9999.0, 23.89, 9999.0, 22.32, 9999.0, 22.82, 22.52, 22.25, 22.34, 22.36
2026-08-11, 01:25:53, 22.5, 22.52, 23.0, 22.98, 9999.0, 9999.0, 9999.0, 23.84, 9999.0, 22.32, 9999.0, 22.84, 22.52, 22.25, 22.32, 22.36
2026-08-11, 01:25:57, 22.5, 22.52, 23.0, 22.98, 9999.0, 9999.0, 9999.0, 23.8, 9999.0, 22.32, 9999.0, 22.86, 22.52, 22.25, 22.34, 22.36
2026-08-11, 01:26:01, 22.5, 22.52, 23.0, 22.98, 9999.0, 9999.0, 9999.0, 23.75, 9999.0, 22.32, 9999.0, 22.89, 22.55, 22.25, 22.34, 22.36
2026-08-11, 01:26:05, 22.5, 22.52, 23.0, 22.98, 9999.0, 9999.0, 9999.0, 23.7, 9999.0, 22.36, 9999.0, 22.89, 22.57, 22.25, 22.32, 22.39
2026-08-11, 01:26:09, 22.5, 22.52, 23.0, 22.98, 9999.0, 9999.0, 9999.0, 23.64, 9999.0, 22.39, 9999.0, 22.89, 22.59, 22.25, 22.3, 22.39
2026-08-11, 01:26:13, 22.5, 22.55, 23.0, 22.98, 9999.0, 9999.0, 9999.0, 23.66, 9999.0, 22.41, 9999.0, 22.89, 22.61, 22.27, 22.3, 22.39
2026-08-11, 01:26:17, 22.5, 22.55, 23.0, 23.0, 9999.0, 9999.0, 9999.0, 23.68, 9999.0, 22.43, 9999.0, 22.89, 22.61, 22.27, 22.3, 22.39
2026-08-11, 01:26:21, 22.5, 22.55, 23.0, 23.0, 9999.0, 9999.0, 9999.0, 23.7, 9999.0, 22.45, 9999.0, 22.89, 22.64, 22.27, 22.3, 22.36
2026-08-11, 01:26:25, 22.5, 22.57, 23.0, 23.0, 9999.0, 9999.0, 9999.0, 23.73, 9999.0, 22.48, 9999.0, 22.86, 22.64, 22.27, 22.3, 22.34
2026-08-11, 01:26:29, 22.5, 22.57, 23.0, 23.0, 9999.0, 9999.0, 9999.0, 23.75, 9999.0, 22.48, 9999.0, 22.84, 22.61, 22.27, 22.3, 22.32
2026-08-11, 01:26:33, 22.48, 22.57, 23.0, 23.0, 9999.0, 9999.0, 9999.0, 23.77, 9999.0, 22.48, 9999.0, 22.82, 22.61, 22.27, 22.3, 22.32
2026-08-11, 01:26:37, 22.45, 22.57, 23.0, 23.0, 9999.0, 9999.0, 9999.0, 23.8, 9999.0, 22.45, 9999.0, 22.8, 22.61, 22.3, 22.3, 22.32
2026-08-11, 01:26:41, 22.45, 22.55, 23.0, 23.0, 9999.0, 9999.0, 9999.0, 23.82, 9999.0, 22.43, 9999.0, 22.75, 22.61, 22.32, 22.27, 22.32
2026-08-11, 01:26:45, 22.45, 22.55, 23.0, 23.0, 9999.0, 9999.0, 9999.0, 23.84, 9999.0, 22.41, 9999.0, 22.73, 22.59, 22.32, 22.27, 22.32
2026-08-11, 01:26:49, 22.45, 22.55, 23.0, 23.0, 9999.0, 9999.0, 9999.0, 23.86, 9999.0, 22.36, 9999.0, 22.7, 22.57, 22.32, 22.27, 22.32
2026-08-11, 01:26:53, 22.45, 22.55, 23.0, 23.0, 9999.0, 9999.0, 9999.0, 23.91, 9999.0, 22.34, 9999.0, 22.7, 22.55, 22.32, 22.27, 22.32
2026-08-11, 01:26:57, 22.45, 22.52, 23.0, 23.0, 9999.0, 9999.0, 9999.0, 23.86, 9999.0, 22.32, 9999.0, 22.7, 22.52, 22.3, 22.27, 22.34
2026-08-11, 01:27:01, 22.45, 22.52, 23.0, 23.0, 9999.0, 9999.0, 9999.0, 23.84, 9999.0, 22.3, 9999.0, 22.73, 22.52, 22.3, 22.27, 22.32
2026-08-11, 01:27:05, 22.45, 22.52, 23.0, 23.0, 9999.0, 9999.0, 9999.0, 23.82, 9999.0, 22.27, 9999.0, 22.75, 22.5, 22.3, 22.27, 22.32
2026-08-11, 01:27:09, 22.45, 22.5, 23.0, 23.0, 9999.0, 9999.0, 9999.0, 23.77, 9999.0, 22.23, 9999.0, 22.77, 22.5, 22.32, 22.25, 22.32
2026-08-11, 01:27:13, 22.45, 22.5, 23.0, 23.0, 9999.0, 9999.0, 9999.0, 23.73, 9999.0, 22.23, 9999.0, 22.8, 22.5, 22.32, 22.25, 22.32
2026-08-11, 01:27:17, 22.48, 22.52, 23.0, 23.0, 9999.0, 9999.0, 9999.0, 23.68, 9999.0, 22.23, 9999.0, 22.8, 22.5, 22.32, 22.25, 22.32
2026-08-11, 01:27:21, 22.5, 22.55, 23.0, 23.0, 9999.0, 9999.0, 9999.0, 23.66, 9999.0, 22.25, 9999.0, 22.82, 22.5, 22.3, 22.27, 22.32
2026-08-11, 01:27:25, 22.5, 22.55, 23.0, 23.0, 9999.0, 9999.0, 9999.0, 23.64, 9999.0, 22.27, 9999.0, 22.84, 22.5, 22.27, 22.27, 22.32
2026-08-11, 01:27:29, 22.5, 22.55, 23.0, 23.0, 9999.0, 9999.0, 9999.0, 23.59, 9999.0, 22.3, 9999.0, 22.84, 22.52, 22.27, 22.27, 22.32
2026-08-11, 01:27:33, 22.5, 22.55, 23.0, 23.0, 9999.0, 9999.0, 9999.0, 23.64, 9999.0, 22.32, 9999.0, 22.86, 22.52, 22.27, 22.27, 22.3
2026-08-11, 01:27:37, 22.5, 22.55, 23.0, 23.0, 9999.0, 9999.0, 9999.0, 23.68, 9999.0, 22.34, 9999.0, 22.86, 22.55, 22.27, 22.3, 22.32
2026-08-11, 01:27:41, 22.5, 22.57, 23.0, 23.0, 9999.0, 9999.0, 9999.0, 23.73, 9999.0, 22.36, 9999.0, 22.86, 22.57, 22.27, 22.3, 22.3
2026-08-11, 01:27:45, 22.5, 22.57, 23.0, 23.0, 9999.0, 9999.0, 9999.0, 23.75, 9999.0, 22.39, 9999.0, 22.84, 22.59, 22.27, 22.3, 22.3
2026-08-11, 01:27:49, 22.5, 22.59, 23.0, 23.0, 9999.0, 9999.0, 9999.0, 23.77, 9999.0, 22.39, 9999.0, 22.82, 22.59, 22.3, 22.3, 22.3
2026-08-11, 01:27:53, 22.5, 22.61, 23.0, 23.0, 9999.0, 9999.0, 9999.0, 23.82, 9999.0, 22.41, 9999.0, 22.8, 22.59, 22.27, 22.32, 22.32
2026-08-11, 01:27:57, 22.5, 22.61, 23.0, 23.0, 9999.0, 9999.0, 9999.0, 23.86, 9999.0, 22.41, 9999.0, 22.77, 22.59, 22.27, 22.32, 22.32
2026-08-11, 01:28:01, 22.5, 22.59, 23.0, 23.0, 9999.0, 9999.0, 9999.0, 23.91, 9999.0, 22.41, 9999.0, 22.77, 22.59, 22.27, 22.34, 22.3
2026-08-11, 01:28:05, 22.5, 22.59, 23.0, 23.0, 9999.0, 9999.0, 9999.0, 23.95, 9999.0, 22.39, 9999.0, 22.75, 22.59, 22.27, 22.32, 22.3
2026-08-11, 01:28:09, 22.5, 22.59, 23.0, 23.0, 9999.0, 9999.0, 9999.0, 23.98, 9999.0, 22.36, 9999.0, 22.77, 22.59, 22.27, 22.32, 22.3
2026-08-11, 01:28:13, 22.5, 22.59, 23.0, 23.0, 9999.0, 9999.0, 9999.0, 24.02, 9999.0, 22.34, 9999.0, 22.77, 22.57, 22.27, 22.34, 22.3
2026-08-11, 01:28:17, 22.5, 22.59, 23.0, 23.0, 9999.0, 9999.0, 9999.0, 23.98, 9999.0, 22.32, 9999.0, 22.77, 22.57, 22.27, 22.36, 22.32
2026-08-11, 01:28:21, 22.5, 22.59, 23.0, 23.0, 9999.0, 9999.0, 9999.0, 23.91, 9999.0, 22.3, 9999.0, 22.8, 22.55, 22.3, 22.34, 22.3
2026-08-11, 01:28:25, 22.5, 22.57, 23.0, 23.0, 9999.0, 9999.0, 9999.0, 23.86, 9999.0, 22.27, 9999.0, 22.82, 22.52, 22.3, 22.36, 22.3
2026-08-11, 01:28:30, 22.5, 22.57, 23.0, 23.0, 9999.0, 9999.0, 9999.0, 23.82, 9999.0, 22.25, 9999.0, 22.84, 22.52, 22.3, 22.36, 22.3
2026-08-11, 01:28:34, 22.5, 22.57, 23.0, 23.0, 9999.0, 9999.0, 9999.0, 23.77, 9999.0, 22.27, 9999.0, 22.84, 22.52, 22.27, 22.39, 22.3
2026-08-11, 01:28:38, 22.5, 22.55, 23.0, 23.0, 9999.0, 9999.0, 9999.0, 23.73, 9999.0, 22.3, 9999.0, 22.84, 22.52, 22.27, 22.36, 22.27
2026-08-11, 01:28:42, 22.5, 22.55, 23.0, 23.0, 9999.0, 9999.0, 9999.0, 23.68, 9999.0, 22.32, 9999.0, 22.84, 22.55, 22.27, 22.36, 22.27
2026-08-11, 01:28:46, 22.5, 22.55, 23.0, 23.0, 9999.0, 9999.0, 9999.0, 23.64, 9999.0, 22.34, 9999.0, 22.84, 22.55, 22.27, 22.36, 22.27
2026-08-11, 01:28:50, 22.5, 22.52, 23.0, 23.0, 9999.0, 9999.0, 9999.0, 23.57, 9999.0, 22.36, 9999.0, 22.84, 22.55, 22.27, 22.36, 22.27
2026-08-11, 01:28:54, 22.5, 22.52, 23.0, 23.0, 9999.0, 9999.0, 9999.0, 23.61, 9999.0, 22.39, 9999.0, 22.82, 22.55, 22.27, 22.36, 22.27
2026-08-11, 01:28:58, 22.5, 22.52, 23.0, 23.0, 9999.0, 9999.0, 9999.0, 23.66, 9999.0, 22.41, 9999.0, 22.82, 22.55, 22.27, 22.36, 22.27
2026-08-11, 01:29:02, 22.5, 22.52, 23.0, 23.0, 9999.0, 9999.0, 9999.0, 23.68, 9999.0, 22.43, 9999.0, 22.82, 22.55, 22.27, 22.34, 22.27
2026-08-11, 01:29:06, 22.5, 22.52, 23.0, 23.0, 9999.0, 9999.0, 9999.0, 23.73, 9999.0, 22.45, 9999.0, 22.8, 22.55, 22.25, 22.34, 22.3
2026-08-11, 01:29:10, 22.5, 22.52, 23.0, 23.0, 9999.0, 9999.0, 9999.0, 23.75, 9999.0, 22.48, 9999.0, 22.77, 22.55, 22.25, 22.32, 22.32
2026-08-11, 01:29:14, 22.5, 22.52, 23.0, 23.0, 9999.0, 9999.0, 9999.0, 23.8, 9999.0, 22.48, 9999.0, 22.75, 22.52, 22.27, 22.32, 22.34
2026-08-11, 01:29:18, 22.5, 22.5, 23.02, 23.0, 9999.0, 9999.0, 9999.0, 23.82, 9999.0, 22.48, 9999.0, 22.75, 22.52, 22.27, 22.3, 22.34
2026-08-11, 01:29:22, 22.5, 22.5, 23.02, 23.0, 9999.0, 9999.0, 9999.0, 23.84, 9999.0, 22.48, 9999.0, 22.75, 22.52, 22.27, 22.3, 22.34
2026-08-11, 01:29:26, 22.5, 22.5, 23.02, 23.0, 9999.0, 9999.0, 9999.0, 23.86, 9999.0, 22.45, 9999.0, 22.75, 22.5, 22.27, 22.3, 22.36
2026-08-11, 01:29:30, 22.5, 22.5, 23.02, 23.0, 9999.0, 9999.0, 9999.0, 23.89, 9999.0, 22.43, 9999.0, 22.75, 22.5, 22.27, 22.27, 22.36
2026-08-11, 01:29:34, 22.5, 22.52, 23.02, 23.0, 9999.0, 9999.0, 9999.0, 23.93, 9999.0, 22.41, 9999.0, 22.75, 22.5, 22.27, 22.27, 22.36
2026-08-11, 01:29:38, 22.5, 22.55, 23.02, 23.0, 9999.0, 9999.0, 9999.0, 23.89, 9999.0, 22.39, 9999.0, 22.75, 22.5, 22.27, 22.3, 22.39
2026-08-11, 01:29:42, 22.5, 22.55, 23.02, 23.0, 9999.0, 9999.0, 9999.0, 23.82, 9999.0, 22.36, 9999.0, 22.77, 22.5, 22.27, 22.27, 22.41
2026-08-11, 01:29:46, 22.5, 22.55, 23.02, 23.0, 9999.0, 9999.0, 9999.0, 23.77, 9999.0, 22.34, 9999.0, 22.8, 22.5, 22.27, 22.27, 22.41
2026-08-11, 01:29:50, 22.5, 22.55, 23.02, 23.0, 9999.0, 9999.0, 9999.0, 23.73, 9999.0, 22.32, 9999.0, 22.82, 22.5, 22.27, 22.27, 22.41
2026-08-11, 01:29:54, 22.5, 22.55, 23.02, 23.0, 9999.0, 9999.0, 9999.0, 23.68, 9999.0, 22.32, 9999.0, 22.82, 22.5, 22.27, 22.27, 22.39
2026-08-11, 01:29:58, 22.5, 22.55, 23.02, 23.0, 9999.0, 9999.0, 9999.0, 23.66, 9999.0, 22.34, 9999.0, 22.82, 22.5, 22.25, 22.3, 22.36
2026-08-11, 01:30:02, 22.5, 22.55, 23.0, 23.0, 9999.0, 9999.0, 9999.0, 23.64, 9999.0, 22.36, 9999.0, 22.82, 22.52, 22.27, 22.3, 22.36
