2026-06-18, 00:00:00, 8.16e-13, 1.94e-11
2026-06-18, 00:00:04, 8.5e-13, 1.91e-11
2026-06-18, 00:00:07, 8.46e-13, 1.92e-11
2026-06-18, 00:00:10, 8.37e-13, 1.92e-11
2026-06-18, 00:00:13, 8.53e-13, 1.92e-11
2026-06-18, 00:00:17, 8.52e-13, 1.93e-11
2026-06-18, 00:00:20, 8.5e-13, 1.91e-11
2026-06-18, 00:00:23, 8.85e-13, 1.92e-11
2026-06-18, 00:00:26, 8.88e-13, 1.92e-11
2026-06-18, 00:00:29, 8.17e-13, 1.92e-11
2026-06-18, 00:00:33, 6.3e-13, 1.91e-11
2026-06-18, 00:00:36, 8.65e-13, 1.91e-11
2026-06-18, 00:00:39, 8.13e-13, 1.91e-11
2026-06-18, 00:00:42, 8.43e-13, 1.92e-11
2026-06-18, 00:00:45, 8.66e-13, 1.93e-11
2026-06-18, 00:00:49, 8.26e-13, 1.91e-11
2026-06-18, 00:00:52, 8.33e-13, 1.92e-11
2026-06-18, 00:00:55, 8.4e-13, 1.92e-11
2026-06-18, 00:00:58, 8.29e-13, 1.91e-11
2026-06-18, 00:01:02, 8.26e-13, 1.92e-11
2026-06-18, 00:01:05, 7.71e-13, 1.92e-11
2026-06-18, 00:01:08, 7.6e-13, 1.91e-11
2026-06-18, 00:01:11, 8.59e-13, 1.9e-11
2026-06-18, 00:01:15, 8.73e-13, 1.91e-11
2026-06-18, 00:01:18, 8.03e-13, 1.91e-11
2026-06-18, 00:01:21, 7.89e-13, 1.92e-11
2026-06-18, 00:01:24, 8.33e-13, 1.92e-11
2026-06-18, 00:01:27, 8.85e-13, 1.93e-11
2026-06-18, 00:01:31, 8.19e-13, 1.92e-11
2026-06-18, 00:01:34, 8.32e-13, 1.92e-11
2026-06-18, 00:01:37, 7.6e-13, 1.91e-11
2026-06-18, 00:01:40, 8.35e-13, 1.91e-11
2026-06-18, 00:01:43, 9.06e-13, 1.91e-11
2026-06-18, 00:01:47, 8.55e-13, 1.91e-11
2026-06-18, 00:01:50, 8.08e-13, 1.91e-11
2026-06-18, 00:01:53, 7.79e-13, 1.91e-11
2026-06-18, 00:01:56, 8.16e-13, 1.92e-11
2026-06-18, 00:02:00, 8.41e-13, 1.92e-11
2026-06-18, 00:02:03, 8.41e-13, 1.92e-11
2026-06-18, 00:02:06, 8.23e-13, 1.92e-11
2026-06-18, 00:02:09, 8.1e-13, 1.92e-11
2026-06-18, 00:02:12, 8.44e-13, 1.92e-11
2026-06-18, 00:02:16, 8.15e-13, 1.9e-11
2026-06-18, 00:02:19, 8.12e-13, 1.92e-11
2026-06-18, 00:02:22, 8.3e-13, 1.92e-11
2026-06-18, 00:02:25, 8.69e-13, 1.91e-11
2026-06-18, 00:02:29, 8.39e-13, 1.91e-11
2026-06-18, 00:02:32, 8.17e-13, 1.9e-11
2026-06-18, 00:02:35, 7.75e-13, 1.9e-11
2026-06-18, 00:02:38, 7.85e-13, 1.91e-11
2026-06-18, 00:02:41, 8.04e-13, 1.92e-11
2026-06-18, 00:02:45, 8.04e-13, 1.91e-11
2026-06-18, 00:02:48, 7.62e-13, 1.91e-11
2026-06-18, 00:02:51, 8.24e-13, 1.91e-11
2026-06-18, 00:02:54, 8.54e-13, 1.91e-11
2026-06-18, 00:02:58, 7.54e-13, 1.91e-11
2026-06-18, 00:03:01, 7.98e-13, 1.91e-11
2026-06-18, 00:03:04, 8.23e-13, 1.9e-11
2026-06-18, 00:03:07, 7.85e-13, 1.92e-11
2026-06-18, 00:03:10, 7.44e-13, 1.9e-11
2026-06-18, 00:03:14, 8.17e-13, 1.91e-11
2026-06-18, 00:03:17, 8.59e-13, 1.91e-11
2026-06-18, 00:03:20, 8.14e-13, 1.91e-11
2026-06-18, 00:03:23, 8.29e-13, 1.9e-11
2026-06-18, 00:03:27, 8.79e-13, 1.91e-11
2026-06-18, 00:03:30, 8.37e-13, 1.91e-11
2026-06-18, 00:03:33, 8.62e-13, 1.9e-11
2026-06-18, 00:03:36, 8.53e-13, 1.9e-11
2026-06-18, 00:03:39, 7.72e-13, 1.91e-11
2026-06-18, 00:03:43, 8.16e-13, 1.91e-11
2026-06-18, 00:03:46, 7.45e-13, 1.92e-11
2026-06-18, 00:03:49, 8.46e-13, 1.91e-11
2026-06-18, 00:03:52, 8.42e-13, 1.92e-11
2026-06-18, 00:03:56, 8.86e-13, 1.92e-11
2026-06-18, 00:03:59, 8.81e-13, 1.91e-11
2026-06-18, 00:04:02, 7.74e-13, 1.91e-11
2026-06-18, 00:04:05, 8.93e-13, 1.91e-11
2026-06-18, 00:04:08, 7.91e-13, 1.9e-11
2026-06-18, 00:04:12, 9.35e-13, 1.92e-11
2026-06-18, 00:04:15, 8.28e-13, 1.92e-11
2026-06-18, 00:04:18, 8.9e-13, 1.91e-11
2026-06-18, 00:04:21, 8.3e-13, 1.91e-11
2026-06-18, 00:04:24, 9.2e-13, 1.91e-11
2026-06-18, 00:04:28, 8.33e-13, 1.93e-11
2026-06-18, 00:04:31, 8.46e-13, 1.92e-11
2026-06-18, 00:04:34, 7.81e-13, 1.93e-11
2026-06-18, 00:04:37, 7.83e-13, 1.92e-11
2026-06-18, 00:04:41, 8.57e-13, 1.93e-11
2026-06-18, 00:04:44, 8.12e-13, 1.92e-11
2026-06-18, 00:04:47, 8.24e-13, 1.91e-11
2026-06-18, 00:04:50, 8.84e-13, 1.92e-11
2026-06-18, 00:04:53, 8.16e-13, 1.9e-11
2026-06-18, 00:04:57, 8.48e-13, 1.91e-11
2026-06-18, 00:05:00, 8.19e-13, 1.91e-11
2026-06-18, 00:05:03, 8.15e-13, 1.91e-11
2026-06-18, 00:05:06, 8.41e-13, 1.91e-11
2026-06-18, 00:05:10, 8.07e-13, 1.91e-11
2026-06-18, 00:05:13, 9.04e-13, 1.91e-11
2026-06-18, 00:05:16, 8.36e-13, 1.91e-11
2026-06-18, 00:05:19, 8.16e-13, 1.91e-11
2026-06-18, 00:05:22, 8.62e-13, 1.91e-11
2026-06-18, 00:05:26, 8.11e-13, 1.91e-11
2026-06-18, 00:05:29, 8.53e-13, 1.91e-11
2026-06-18, 00:05:32, 7.56e-13, 1.9e-11
2026-06-18, 00:05:35, 8.09e-13, 1.9e-11
2026-06-18, 00:05:39, 8.24e-13, 1.91e-11
2026-06-18, 00:05:42, 8.88e-13, 1.91e-11
2026-06-18, 00:05:45, 8.55e-13, 1.9e-11
2026-06-18, 00:05:48, 8.29e-13, 1.88e-11
2026-06-18, 00:05:51, 8.43e-13, 1.87e-11
2026-06-18, 00:05:55, 9.09e-13, 1.89e-11
2026-06-18, 00:05:58, 8.3e-13, 1.92e-11
2026-06-18, 00:06:01, 8.49e-13, 1.92e-11
2026-06-18, 00:06:04, 8.5e-13, 1.91e-11
2026-06-18, 00:06:08, 8.79e-13, 1.91e-11
2026-06-18, 00:06:11, 7.96e-13, 1.87e-11
2026-06-18, 00:06:14, 8.14e-13, 1.88e-11
2026-06-18, 00:06:17, 8.25e-13, 1.87e-11
2026-06-18, 00:06:20, 7.85e-13, 1.88e-11
2026-06-18, 00:06:24, 7.67e-13, 1.88e-11
2026-06-18, 00:06:27, 8.11e-13, 1.91e-11
2026-06-18, 00:06:30, 8.33e-13, 1.91e-11
2026-06-18, 00:06:33, 7.54e-13, 1.91e-11
2026-06-18, 00:06:37, 8.74e-13, 1.91e-11
2026-06-18, 00:06:40, 6.67e-13, 1.91e-11
2026-06-18, 00:06:43, 8.11e-13, 1.91e-11
2026-06-18, 00:06:46, 7.51e-13, 1.9e-11
2026-06-18, 00:06:49, 7.83e-13, 1.92e-11
2026-06-18, 00:06:53, 8.28e-13, 1.92e-11
2026-06-18, 00:06:56, 8.42e-13, 1.92e-11
2026-06-18, 00:06:59, 8.29e-13, 1.92e-11
2026-06-18, 00:07:02, 8.6e-13, 1.93e-11
2026-06-18, 00:07:06, 7.89e-13, 1.92e-11
2026-06-18, 00:07:09, 8.28e-13, 1.91e-11
2026-06-18, 00:07:12, 8.46e-13, 2.07e-11
2026-06-18, 00:07:15, 8.42e-13, 1.96e-11
2026-06-18, 00:07:18, 8.82e-13, 1.91e-11
2026-06-18, 00:07:22, 7.6e-13, 1.91e-11
2026-06-18, 00:07:25, 8.1e-13, 1.91e-11
2026-06-18, 00:07:28, 8.8e-13, 1.92e-11
2026-06-18, 00:07:31, 7.15e-13, 1.91e-11
2026-06-18, 00:07:35, 7.72e-13, 1.91e-11
2026-06-18, 00:07:38, 8.34e-13, 1.91e-11
2026-06-18, 00:07:41, 9.47e-13, 1.91e-11
2026-06-18, 00:07:44, 9.14e-13, 1.92e-11
2026-06-18, 00:07:47, 8.62e-13, 1.9e-11
2026-06-18, 00:07:51, 8.26e-13, 1.91e-11
2026-06-18, 00:07:54, 8.75e-13, 1.9e-11
2026-06-18, 00:07:57, 8.9e-13, 1.91e-11
2026-06-18, 00:08:00, 7.85e-13, 1.91e-11
2026-06-18, 00:08:03, 9.15e-13, 1.91e-11
2026-06-18, 00:08:07, 8.01e-13, 1.88e-11
2026-06-18, 00:08:10, 9.24e-13, 1.87e-11
2026-06-18, 00:08:13, 7.98e-13, 1.87e-11
2026-06-18, 00:08:16, 8.43e-13, 1.88e-11
2026-06-18, 00:08:20, 8.44e-13, 1.89e-11
2026-06-18, 00:08:23, 8.1e-13, 1.9e-11
2026-06-18, 00:08:26, 8.05e-13, 1.92e-11
2026-06-18, 00:08:29, 8e-13, 1.92e-11
2026-06-18, 00:08:32, 8.99e-13, 1.91e-11
2026-06-18, 00:08:36, 8.28e-13, 1.92e-11
2026-06-18, 00:08:39, 8.17e-13, 1.93e-11
2026-06-18, 00:08:42, 8.3e-13, 1.92e-11
2026-06-18, 00:08:45, 7.84e-13, 1.91e-11
2026-06-18, 00:08:49, 8.19e-13, 1.92e-11
2026-06-18, 00:08:52, 7.78e-13, 1.92e-11
2026-06-18, 00:08:55, 8.6e-13, 1.93e-11
2026-06-18, 00:08:58, 8.25e-13, 1.93e-11
2026-06-18, 00:09:01, 8.35e-13, 1.93e-11
2026-06-18, 00:09:05, 8.55e-13, 1.91e-11
2026-06-18, 00:09:08, 7.89e-13, 1.92e-11
2026-06-18, 00:09:11, 8.43e-13, 1.91e-11
2026-06-18, 00:09:14, 9.51e-13, 1.92e-11
2026-06-18, 00:09:18, 8.43e-13, 1.91e-11
2026-06-18, 00:09:21, 8.77e-13, 1.92e-11
2026-06-18, 00:09:24, 8.29e-13, 1.87e-11
2026-06-18, 00:09:27, 8e-13, 1.88e-11
2026-06-18, 00:09:30, 8.63e-13, 1.89e-11
2026-06-18, 00:09:34, 6.77e-13, 1.87e-11
2026-06-18, 00:09:37, 8.1e-13, 1.89e-11
2026-06-18, 00:09:40, 8.09e-13, 1.88e-11
2026-06-18, 00:09:43, 8.72e-13, 1.88e-11
2026-06-18, 00:09:47, 7.21e-13, 1.89e-11
2026-06-18, 00:09:50, 8.41e-13, 1.88e-11
2026-06-18, 00:09:53, 7.6e-13, 1.88e-11
2026-06-18, 00:09:56, 8.19e-13, 1.89e-11
2026-06-18, 00:09:59, 8.25e-13, 1.88e-11
2026-06-18, 00:10:03, 8.25e-13, 1.89e-11
2026-06-18, 00:10:06, 7.22e-13, 1.9e-11
2026-06-18, 00:10:09, 8.88e-13, 1.93e-11
2026-06-18, 00:10:12, 7.7e-13, 1.89e-11
2026-06-18, 00:10:16, 8.32e-13, 1.88e-11
2026-06-18, 00:10:19, 6.36e-13, 1.88e-11
2026-06-18, 00:10:22, 8.99e-13, 1.88e-11
2026-06-18, 00:10:25, 8.48e-13, 1.91e-11
2026-06-18, 00:10:28, 8.35e-13, 1.92e-11
2026-06-18, 00:10:32, 8.25e-13, 1.92e-11
2026-06-18, 00:10:35, 8.91e-13, 1.9e-11
2026-06-18, 00:10:38, 8.48e-13, 1.91e-11
2026-06-18, 00:10:41, 8.39e-13, 1.92e-11
2026-06-18, 00:10:45, 9.18e-13, 2.21e-11
2026-06-18, 00:10:48, 8.2e-13, 2.22e-11
2026-06-18, 00:10:51, 8.08e-13, 2.21e-11
2026-06-18, 00:10:54, 8.52e-13, 2.21e-11
2026-06-18, 00:10:57, 8.32e-13, 2.21e-11
2026-06-18, 00:11:01, 7.8e-13, 2.2e-11
2026-06-18, 00:11:04, 8.2e-13, 2.2e-11
2026-06-18, 00:11:07, 8.31e-13, 2.2e-11
2026-06-18, 00:11:10, 8.47e-13, 2.2e-11
2026-06-18, 00:11:13, 8.05e-13, 2.22e-11
2026-06-18, 00:11:17, 8.63e-13, 2.21e-11
2026-06-18, 00:11:20, 8.85e-13, 2.2e-11
2026-06-18, 00:11:23, 8.02e-13, 2.21e-11
2026-06-18, 00:11:26, 8.55e-13, 2.22e-11
2026-06-18, 00:11:30, 9.55e-13, 2.21e-11
2026-06-18, 00:11:33, 7.61e-13, 2.07e-11
2026-06-18, 00:11:36, 7.77e-13, 1.92e-11
2026-06-18, 00:11:39, 8.41e-13, 1.92e-11
2026-06-18, 00:11:42, 7.89e-13, 1.92e-11
2026-06-18, 00:11:46, 7.65e-13, 1.92e-11
2026-06-18, 00:11:49, 8.8e-13, 1.92e-11
2026-06-18, 00:11:52, 8.29e-13, 1.92e-11
2026-06-18, 00:11:55, 8.26e-13, 1.91e-11
2026-06-18, 00:11:59, 8.42e-13, 1.92e-11
2026-06-18, 00:12:02, 8.09e-13, 1.91e-11
2026-06-18, 00:12:05, 8.56e-13, 1.92e-11
2026-06-18, 00:12:08, 8.06e-13, 1.91e-11
2026-06-18, 00:12:11, 9.5e-13, 1.92e-11
2026-06-18, 00:12:15, 8.27e-13, 1.92e-11
2026-06-18, 00:12:18, 8.2e-13, 1.92e-11
2026-06-18, 00:12:21, 8.16e-13, 1.92e-11
2026-06-18, 00:12:24, 8.22e-13, 1.92e-11
2026-06-18, 00:12:28, 8.68e-13, 1.91e-11
2026-06-18, 00:12:31, 6.68e-13, 1.91e-11
2026-06-18, 00:12:34, 8.29e-13, 1.91e-11
2026-06-18, 00:12:37, 7.81e-13, 1.9e-11
2026-06-18, 00:12:40, 8.56e-13, 1.92e-11
2026-06-18, 00:12:44, 8.33e-13, 1.92e-11
2026-06-18, 00:12:47, 8.26e-13, 1.92e-11
2026-06-18, 00:12:50, 8.34e-13, 1.91e-11
2026-06-18, 00:12:53, 9.01e-13, 1.92e-11
2026-06-18, 00:12:57, 8.52e-13, 1.92e-11
2026-06-18, 00:13:00, 7.98e-13, 1.88e-11
2026-06-18, 00:13:03, 8.32e-13, 1.89e-11
2026-06-18, 00:13:06, 8.14e-13, 1.88e-11
2026-06-18, 00:13:09, 8.3e-13, 1.88e-11
2026-06-18, 00:13:13, 7.91e-13, 1.91e-11
2026-06-18, 00:13:16, 7.77e-13, 1.91e-11
2026-06-18, 00:13:19, 8.2e-13, 1.91e-11
2026-06-18, 00:13:22, 8.2e-13, 1.92e-11
2026-06-18, 00:13:26, 8.33e-13, 1.91e-11
2026-06-18, 00:13:29, 8e-13, 1.9e-11
2026-06-18, 00:13:32, 8.21e-13, 1.91e-11
2026-06-18, 00:13:35, 8.41e-13, 1.91e-11
2026-06-18, 00:13:38, 8.44e-13, 1.91e-11
2026-06-18, 00:13:42, 8.24e-13, 1.92e-11
2026-06-18, 00:13:45, 9.06e-13, 1.91e-11
2026-06-18, 00:13:48, 8.04e-13, 1.91e-11
2026-06-18, 00:13:51, 8.44e-13, 1.91e-11
2026-06-18, 00:13:55, 8.49e-13, 1.91e-11
2026-06-18, 00:13:58, 1.01e-12, 1.92e-11
2026-06-18, 00:14:01, 9.6e-13, 1.93e-11
2026-06-18, 00:14:04, 8.19e-13, 1.92e-11
2026-06-18, 00:14:07, 7.43e-13, 1.92e-11
2026-06-18, 00:14:11, 8.34e-13, 1.91e-11
2026-06-18, 00:14:14, 8.22e-13, 1.92e-11
2026-06-18, 00:14:17, 8.37e-13, 1.92e-11
2026-06-18, 00:14:20, 8.48e-13, 1.9e-11
2026-06-18, 00:14:23, 8.21e-13, 1.91e-11
2026-06-18, 00:14:27, 7.57e-13, 1.91e-11
2026-06-18, 00:14:30, 7.94e-13, 1.91e-11
2026-06-18, 00:14:33, 8.11e-13, 1.91e-11
2026-06-18, 00:14:36, 9.01e-13, 1.92e-11
2026-06-18, 00:14:40, 8.22e-13, 1.92e-11
2026-06-18, 00:14:43, 8.52e-13, 1.9e-11
2026-06-18, 00:14:46, 7.93e-13, 1.91e-11
2026-06-18, 00:14:49, 7.69e-13, 1.92e-11
2026-06-18, 00:14:52, 9.21e-13, 1.92e-11
2026-06-18, 00:14:56, 8.56e-13, 1.91e-11
2026-06-18, 00:14:59, 8.67e-13, 1.92e-11
2026-06-18, 00:15:02, 7.85e-13, 1.91e-11
2026-06-18, 00:15:05, 8.39e-13, 1.91e-11
2026-06-18, 00:15:09, 8.34e-13, 1.91e-11
2026-06-18, 00:15:12, 7.51e-13, 1.93e-11
2026-06-18, 00:15:15, 8.6e-13, 1.91e-11
2026-06-18, 00:15:18, 8.3e-13, 1.91e-11
2026-06-18, 00:15:21, 8.66e-13, 1.91e-11
2026-06-18, 00:15:25, 8.03e-13, 1.92e-11
2026-06-18, 00:15:28, 7.9e-13, 1.92e-11
2026-06-18, 00:15:31, 8.83e-13, 1.92e-11
2026-06-18, 00:15:34, 8.09e-13, 1.91e-11
2026-06-18, 00:15:38, 8.4e-13, 1.91e-11
2026-06-18, 00:15:41, 8.27e-13, 1.93e-11
2026-06-18, 00:15:44, 8.79e-13, 1.93e-11
2026-06-18, 00:15:47, 8.52e-13, 1.93e-11
2026-06-18, 00:15:50, 8.11e-13, 1.92e-11
2026-06-18, 00:15:54, 8.43e-13, 1.93e-11
2026-06-18, 00:15:57, 9.36e-13, 1.91e-11
2026-06-18, 00:16:00, 7.44e-13, 1.91e-11
2026-06-18, 00:16:03, 7.87e-13, 1.92e-11
2026-06-18, 00:16:07, 8.3e-13, 1.88e-11
2026-06-18, 00:16:10, 7.9e-13, 1.88e-11
2026-06-18, 00:16:13, 7.51e-13, 1.88e-11
2026-06-18, 00:16:16, 8.15e-13, 1.88e-11
2026-06-18, 00:16:19, 8.39e-13, 1.87e-11
2026-06-18, 00:16:23, 7.65e-13, 1.91e-11
2026-06-18, 00:16:26, 9.14e-13, 1.91e-11
2026-06-18, 00:16:29, 8.28e-13, 1.91e-11
2026-06-18, 00:16:32, 8.21e-13, 1.92e-11
2026-06-18, 00:16:36, 8.21e-13, 1.92e-11
2026-06-18, 00:16:39, 8.31e-13, 1.92e-11
2026-06-18, 00:16:42, 8.78e-13, 1.91e-11
2026-06-18, 00:16:45, 8.41e-13, 1.92e-11
2026-06-18, 00:16:48, 8.31e-13, 1.92e-11
2026-06-18, 00:16:52, 8.23e-13, 1.92e-11
2026-06-18, 00:16:55, 8.69e-13, 1.93e-11
2026-06-18, 00:16:58, 8.76e-13, 1.93e-11
2026-06-18, 00:17:01, 8.19e-13, 1.91e-11
2026-06-18, 00:17:05, 8.31e-13, 1.92e-11
2026-06-18, 00:17:08, 7.96e-13, 1.92e-11
2026-06-18, 00:17:11, 8.51e-13, 1.92e-11
2026-06-18, 00:17:14, 8.46e-13, 1.93e-11
2026-06-18, 00:17:17, 8.33e-13, 1.94e-11
2026-06-18, 00:17:21, 7.96e-13, 1.92e-11
2026-06-18, 00:17:24, 8.74e-13, 1.88e-11
2026-06-18, 00:17:27, 9.84e-13, 1.92e-11
2026-06-18, 00:17:30, 7.95e-13, 1.92e-11
2026-06-18, 00:17:34, 8.29e-13, 1.92e-11
2026-06-18, 00:17:37, 8.89e-13, 1.92e-11
2026-06-18, 00:17:40, 7.62e-13, 1.92e-11
2026-06-18, 00:17:43, 8.84e-13, 1.92e-11
2026-06-18, 00:17:46, 7.8e-13, 1.92e-11
2026-06-18, 00:17:50, 8.62e-13, 1.91e-11
2026-06-18, 00:17:53, 8.28e-13, 1.92e-11
2026-06-18, 00:17:56, 9.57e-13, 1.92e-11
2026-06-18, 00:17:59, 8.14e-13, 1.92e-11
2026-06-18, 00:18:03, 8.6e-13, 1.92e-11
2026-06-18, 00:18:06, 8.3e-13, 1.93e-11
2026-06-18, 00:18:09, 8e-13, 1.92e-11
2026-06-18, 00:18:12, 8.01e-13, 1.93e-11
2026-06-18, 00:18:15, 8.64e-13, 1.93e-11
2026-06-18, 00:18:19, 8.09e-13, 1.93e-11
2026-06-18, 00:18:22, 9.3e-13, 1.93e-11
2026-06-18, 00:18:25, 8.14e-13, 1.93e-11
2026-06-18, 00:18:28, 7.76e-13, 1.93e-11
2026-06-18, 00:18:31, 8.69e-13, 1.93e-11
2026-06-18, 00:18:35, 9.06e-13, 1.93e-11
2026-06-18, 00:18:38, 8.21e-13, 1.93e-11
2026-06-18, 00:18:41, 8.52e-13, 1.93e-11
2026-06-18, 00:18:44, 8.37e-13, 1.92e-11
2026-06-18, 00:18:48, 6.84e-13, 1.92e-11
2026-06-18, 00:18:51, 8.17e-13, 1.92e-11
2026-06-18, 00:18:54, 7.6e-13, 1.92e-11
2026-06-18, 00:18:57, 8.78e-13, 1.91e-11
2026-06-18, 00:19:00, 7.89e-13, 1.92e-11
2026-06-18, 00:19:04, 8.81e-13, 1.92e-11
2026-06-18, 00:19:07, 8.24e-13, 1.93e-11
2026-06-18, 00:19:10, 8.01e-13, 1.93e-11
2026-06-18, 00:19:13, 8.11e-13, 1.94e-11
2026-06-18, 00:19:17, 8.47e-13, 1.93e-11
2026-06-18, 00:19:20, 8.16e-13, 1.93e-11
2026-06-18, 00:19:23, 9e-13, 1.94e-11
2026-06-18, 00:19:26, 8.48e-13, 1.93e-11
2026-06-18, 00:19:29, 8.3e-13, 1.89e-11
2026-06-18, 00:19:33, 9.02e-13, 1.89e-11
2026-06-18, 00:19:36, 8.57e-13, 1.9e-11
2026-06-18, 00:19:39, 9.53e-13, 1.93e-11
2026-06-18, 00:19:42, 8.44e-13, 1.93e-11
2026-06-18, 00:19:46, 8.22e-13, 1.93e-11
2026-06-18, 00:19:49, 8.13e-13, 1.93e-11
2026-06-18, 00:19:52, 7.86e-13, 1.93e-11
2026-06-18, 00:19:55, 8.34e-13, 1.93e-11
2026-06-18, 00:19:58, 8.59e-13, 1.92e-11
2026-06-18, 00:20:02, 8.42e-13, 1.92e-11
2026-06-18, 00:20:05, 8.07e-13, 1.92e-11
2026-06-18, 00:20:08, 8.53e-13, 1.91e-11
2026-06-18, 00:20:11, 8.1e-13, 1.92e-11
2026-06-18, 00:20:15, 7.98e-13, 1.92e-11
2026-06-18, 00:20:18, 7.2e-13, 1.92e-11
2026-06-18, 00:20:21, 8.46e-13, 1.91e-11
2026-06-18, 00:20:24, 9.48e-13, 1.92e-11
2026-06-18, 00:20:27, 7.74e-13, 1.92e-11
2026-06-18, 00:20:31, 8.8e-13, 1.9e-11
2026-06-18, 00:20:34, 9.07e-13, 1.88e-11
2026-06-18, 00:20:37, 8.24e-13, 1.89e-11
2026-06-18, 00:20:40, 8.6e-13, 1.88e-11
2026-06-18, 00:20:44, 7.7e-13, 1.87e-11
2026-06-18, 00:20:47, 8.23e-13, 1.89e-11
2026-06-18, 00:20:50, 8.59e-13, 1.89e-11
2026-06-18, 00:20:53, 7.58e-13, 1.89e-11
2026-06-18, 00:20:56, 7.94e-13, 1.9e-11
2026-06-18, 00:21:00, 7.8e-13, 1.89e-11
2026-06-18, 00:21:03, 8.58e-13, 1.92e-11
2026-06-18, 00:21:06, 8.05e-13, 1.93e-11
2026-06-18, 00:21:09, 7.8e-13, 1.93e-11
2026-06-18, 00:21:13, 7.82e-13, 1.93e-11
2026-06-18, 00:21:16, 8.57e-13, 1.92e-11
2026-06-18, 00:21:19, 8.38e-13, 1.93e-11
2026-06-18, 00:21:22, 8.61e-13, 1.93e-11
2026-06-18, 00:21:25, 7.9e-13, 1.94e-11
2026-06-18, 00:21:29, 8.31e-13, 1.93e-11
2026-06-18, 00:21:32, 8.52e-13, 1.91e-11
2026-06-18, 00:21:35, 8.87e-13, 1.92e-11
2026-06-18, 00:21:38, 8.28e-13, 1.92e-11
2026-06-18, 00:21:41, 8.37e-13, 1.92e-11
2026-06-18, 00:21:45, 8.74e-13, 1.92e-11
2026-06-18, 00:21:48, 8.27e-13, 1.93e-11
2026-06-18, 00:21:51, 7.19e-13, 1.96e-11
2026-06-18, 00:21:54, 8.02e-13, 1.94e-11
2026-06-18, 00:21:58, 8.36e-13, 1.93e-11
2026-06-18, 00:22:01, 7.91e-13, 1.94e-11
2026-06-18, 00:22:04, 8.54e-13, 1.94e-11
2026-06-18, 00:22:07, 8.24e-13, 1.93e-11
2026-06-18, 00:22:10, 9.7e-13, 1.93e-11
2026-06-18, 00:22:14, 8.11e-13, 1.94e-11
2026-06-18, 00:22:17, 8.21e-13, 1.93e-11
2026-06-18, 00:22:20, 8.65e-13, 1.94e-11
2026-06-18, 00:22:23, 7.44e-13, 1.93e-11
2026-06-18, 00:22:27, 8.28e-13, 1.93e-11
2026-06-18, 00:22:30, 8.31e-13, 1.93e-11
2026-06-18, 00:22:33, 8.56e-13, 1.93e-11
2026-06-18, 00:22:36, 9.08e-13, 1.93e-11
2026-06-18, 00:22:39, 8.02e-13, 1.92e-11
2026-06-18, 00:22:43, 8.04e-13, 1.93e-11
2026-06-18, 00:22:46, 7.93e-13, 1.91e-11
2026-06-18, 00:22:49, 8.62e-13, 1.92e-11
2026-06-18, 00:22:52, 8.49e-13, 1.91e-11
2026-06-18, 00:22:56, 8.02e-13, 1.92e-11
2026-06-18, 00:22:59, 8.18e-13, 1.92e-11
2026-06-18, 00:23:02, 7.76e-13, 1.93e-11
2026-06-18, 00:23:05, 8.54e-13, 1.93e-11
2026-06-18, 00:23:08, 7.72e-13, 1.92e-11
2026-06-18, 00:23:12, 8.45e-13, 1.92e-11
2026-06-18, 00:23:15, 8.71e-13, 1.92e-11
2026-06-18, 00:23:18, 7.17e-13, 1.93e-11
2026-06-18, 00:23:21, 8.29e-13, 1.93e-11
2026-06-18, 00:23:25, 8.69e-13, 1.94e-11
2026-06-18, 00:23:28, 7.8e-13, 1.92e-11
2026-06-18, 00:23:31, 8.37e-13, 1.93e-11
2026-06-18, 00:23:34, 8.63e-13, 1.93e-11
2026-06-18, 00:23:37, 7.63e-13, 1.92e-11
2026-06-18, 00:23:41, 8.23e-13, 1.94e-11
2026-06-18, 00:23:44, 8.67e-13, 1.93e-11
2026-06-18, 00:23:47, 8.55e-13, 1.94e-11
2026-06-18, 00:23:50, 8.15e-13, 1.94e-11
2026-06-18, 00:23:54, 8.66e-13, 1.94e-11
2026-06-18, 00:23:57, 8.5e-13, 1.93e-11
2026-06-18, 00:24:00, 8.55e-13, 1.93e-11
2026-06-18, 00:24:03, 7.97e-13, 1.94e-11
2026-06-18, 00:24:06, 8.33e-13, 1.91e-11
2026-06-18, 00:24:10, 8.51e-13, 1.93e-11
2026-06-18, 00:24:13, 8.51e-13, 1.91e-11
2026-06-18, 00:24:16, 7.8e-13, 1.92e-11
2026-06-18, 00:24:19, 7.85e-13, 1.92e-11
2026-06-18, 00:24:23, 7.98e-13, 1.93e-11
2026-06-18, 00:24:26, 8.22e-13, 1.94e-11
2026-06-18, 00:24:29, 7.9e-13, 1.93e-11
2026-06-18, 00:24:32, 7.77e-13, 1.92e-11
2026-06-18, 00:24:35, 8.65e-13, 1.93e-11
2026-06-18, 00:24:39, 8.23e-13, 1.94e-11
2026-06-18, 00:24:42, 8.29e-13, 1.94e-11
2026-06-18, 00:24:45, 8.21e-13, 1.93e-11
2026-06-18, 00:24:48, 7.62e-13, 1.93e-11
2026-06-18, 00:24:52, 8.53e-13, 1.93e-11
2026-06-18, 00:24:55, 8.11e-13, 1.93e-11
2026-06-18, 00:24:58, 8.36e-13, 1.94e-11
2026-06-18, 00:25:01, 8.35e-13, 1.95e-11
2026-06-18, 00:25:04, 7.5e-13, 1.91e-11
2026-06-18, 00:25:08, 8.79e-13, 1.91e-11
2026-06-18, 00:25:11, 8.12e-13, 1.91e-11
2026-06-18, 00:25:14, 8.17e-13, 1.94e-11
2026-06-18, 00:25:17, 8.94e-13, 1.93e-11
2026-06-18, 00:25:21, 8e-13, 1.93e-11
2026-06-18, 00:25:24, 8.59e-13, 1.94e-11
2026-06-18, 00:25:27, 8.28e-13, 1.93e-11
2026-06-18, 00:25:30, 8.57e-13, 1.93e-11
2026-06-18, 00:25:33, 8.52e-13, 1.93e-11
2026-06-18, 00:25:37, 8.39e-13, 1.92e-11
2026-06-18, 00:25:40, 8.41e-13, 1.93e-11
2026-06-18, 00:25:43, 8.29e-13, 1.92e-11
2026-06-18, 00:25:46, 7.91e-13, 1.93e-11
2026-06-18, 00:25:49, 8.23e-13, 1.93e-11
2026-06-18, 00:25:53, 8.98e-13, 1.93e-11
2026-06-18, 00:25:56, 8.27e-13, 1.94e-11
2026-06-18, 00:25:59, 8.55e-13, 1.94e-11
2026-06-18, 00:26:02, 7.89e-13, 1.94e-11
2026-06-18, 00:26:06, 8.2e-13, 1.94e-11
2026-06-18, 00:26:09, 9.11e-13, 1.94e-11
2026-06-18, 00:26:12, 8.84e-13, 1.93e-11
2026-06-18, 00:26:15, 8.05e-13, 1.93e-11
2026-06-18, 00:26:18, 7.44e-13, 1.93e-11
2026-06-18, 00:26:22, 8.41e-13, 1.94e-11
2026-06-18, 00:26:25, 8.57e-13, 1.93e-11
2026-06-18, 00:26:28, 7.99e-13, 1.94e-11
2026-06-18, 00:26:31, 7.3e-13, 1.94e-11
2026-06-18, 00:26:35, 8.2e-13, 1.94e-11
2026-06-18, 00:26:38, 8.26e-13, 1.93e-11
2026-06-18, 00:26:41, 7.03e-13, 1.94e-11
2026-06-18, 00:26:44, 8.66e-13, 1.95e-11
2026-06-18, 00:26:47, 8.04e-13, 1.94e-11
2026-06-18, 00:26:51, 8.22e-13, 1.94e-11
2026-06-18, 00:26:54, 9.51e-13, 1.94e-11
2026-06-18, 00:26:57, 8.2e-13, 1.93e-11
2026-06-18, 00:27:00, 8.03e-13, 1.94e-11
2026-06-18, 00:27:04, 8.44e-13, 1.94e-11
2026-06-18, 00:27:07, 8.49e-13, 1.93e-11
2026-06-18, 00:27:10, 8.24e-13, 1.94e-11
2026-06-18, 00:27:13, 8.07e-13, 1.94e-11
2026-06-18, 00:27:16, 8.53e-13, 1.93e-11
2026-06-18, 00:27:20, 8.11e-13, 1.93e-11
2026-06-18, 00:27:23, 7.87e-13, 1.92e-11
2026-06-18, 00:27:26, 8.4e-13, 1.93e-11
2026-06-18, 00:27:29, 8.62e-13, 1.93e-11
2026-06-18, 00:27:33, 8.48e-13, 1.94e-11
2026-06-18, 00:27:36, 8.87e-13, 1.93e-11
2026-06-18, 00:27:39, 8.44e-13, 1.93e-11
2026-06-18, 00:27:42, 8.14e-13, 1.94e-11
2026-06-18, 00:27:45, 8.76e-13, 1.94e-11
2026-06-18, 00:27:49, 9.03e-13, 1.94e-11
2026-06-18, 00:27:52, 8.17e-13, 1.94e-11
2026-06-18, 00:27:55, 8.36e-13, 1.94e-11
2026-06-18, 00:27:58, 7.88e-13, 1.93e-11
2026-06-18, 00:28:02, 8.03e-13, 1.88e-11
2026-06-18, 00:28:05, 8.63e-13, 1.91e-11
2026-06-18, 00:28:08, 8.42e-13, 1.94e-11
2026-06-18, 00:28:11, 7.53e-13, 1.93e-11
2026-06-18, 00:28:14, 8.29e-13, 1.93e-11
2026-06-18, 00:28:18, 8.22e-13, 1.89e-11
2026-06-18, 00:28:21, 9.81e-13, 1.9e-11
2026-06-18, 00:28:24, 8.07e-13, 1.9e-11
2026-06-18, 00:28:27, 9.3e-13, 1.92e-11
2026-06-18, 00:28:31, 8.08e-13, 1.93e-11
2026-06-18, 00:28:34, 8.94e-13, 1.93e-11
2026-06-18, 00:28:37, 7.8e-13, 1.93e-11
2026-06-18, 00:28:40, 8.49e-13, 1.93e-11
2026-06-18, 00:28:43, 8.95e-13, 1.94e-11
2026-06-18, 00:28:47, 9.18e-13, 1.93e-11
2026-06-18, 00:28:50, 9.15e-13, 1.93e-11
2026-06-18, 00:28:53, 8.81e-13, 1.92e-11
2026-06-18, 00:28:56, 8.23e-13, 1.92e-11
2026-06-18, 00:29:00, 8e-13, 1.93e-11
2026-06-18, 00:29:03, 8.66e-13, 1.94e-11
2026-06-18, 00:29:06, 6.89e-13, 1.93e-11
2026-06-18, 00:29:09, 8.2e-13, 1.92e-11
2026-06-18, 00:29:12, 8.13e-13, 1.92e-11
2026-06-18, 00:29:16, 7.72e-13, 1.93e-11
2026-06-18, 00:29:19, 8.2e-13, 1.94e-11
2026-06-18, 00:29:22, 8.53e-13, 1.93e-11
2026-06-18, 00:29:25, 8.02e-13, 1.93e-11
2026-06-18, 00:29:28, 8.53e-13, 1.94e-11
2026-06-18, 00:29:32, 8.26e-13, 1.94e-11
2026-06-18, 00:29:35, 8.26e-13, 1.94e-11
2026-06-18, 00:29:38, 8.19e-13, 1.93e-11
2026-06-18, 00:29:41, 8.29e-13, 1.96e-11
2026-06-18, 00:29:45, 8.38e-13, 1.93e-11
2026-06-18, 00:29:48, 8.41e-13, 1.94e-11
2026-06-18, 00:29:51, 8.63e-13, 1.93e-11
2026-06-18, 00:29:54, 8.45e-13, 1.93e-11
2026-06-18, 00:29:57, 8e-13, 1.94e-11
2026-06-18, 00:30:01, 8.62e-13, 1.94e-11
2026-06-18, 00:30:04, 8.75e-13, 1.94e-11
2026-06-18, 00:30:07, 9.09e-13, 1.93e-11
2026-06-18, 00:30:10, 7.82e-13, 1.94e-11
2026-06-18, 00:30:14, 8.54e-13, 1.93e-11
2026-06-18, 00:30:17, 6.88e-13, 1.93e-11
2026-06-18, 00:30:20, 7.98e-13, 1.93e-11
2026-06-18, 00:30:23, 8.09e-13, 1.93e-11
2026-06-18, 00:30:26, 7.96e-13, 1.93e-11
2026-06-18, 00:30:30, 7.78e-13, 1.93e-11
2026-06-18, 00:30:33, 8.79e-13, 1.94e-11
2026-06-18, 00:30:36, 7.63e-13, 1.94e-11
2026-06-18, 00:30:39, 9.09e-13, 1.94e-11
2026-06-18, 00:30:43, 6.85e-13, 1.95e-11
2026-06-18, 00:30:46, 8.23e-13, 1.95e-11
2026-06-18, 00:30:49, 7.72e-13, 1.95e-11
2026-06-18, 00:30:52, 8.5e-13, 1.94e-11
2026-06-18, 00:30:55, 7.82e-13, 1.94e-11
2026-06-18, 00:30:59, 7.56e-13, 1.93e-11
2026-06-18, 00:31:02, 8.04e-13, 1.93e-11
2026-06-18, 00:31:05, 8.25e-13, 1.93e-11
2026-06-18, 00:31:08, 8.47e-13, 1.94e-11
2026-06-18, 00:31:12, 8e-13, 1.94e-11
2026-06-18, 00:31:15, 8.59e-13, 1.93e-11
2026-06-18, 00:31:18, 7.39e-13, 1.92e-11
2026-06-18, 00:31:21, 7.85e-13, 1.93e-11
2026-06-18, 00:31:24, 8.24e-13, 1.94e-11
2026-06-18, 00:31:28, 8.37e-13, 1.94e-11
2026-06-18, 00:31:31, 8.29e-13, 1.94e-11
2026-06-18, 00:31:34, 8.34e-13, 1.93e-11
2026-06-18, 00:31:37, 8.39e-13, 1.94e-11
2026-06-18, 00:31:41, 7.98e-13, 1.94e-11
2026-06-18, 00:31:44, 6.37e-13, 1.93e-11
2026-06-18, 00:31:47, 7.98e-13, 1.94e-11
2026-06-18, 00:31:50, 8.38e-13, 1.94e-11
2026-06-18, 00:31:53, 8.43e-13, 1.93e-11
2026-06-18, 00:31:57, 8.34e-13, 1.94e-11
2026-06-18, 00:32:00, 7.36e-13, 1.95e-11
2026-06-18, 00:32:03, 8.5e-13, 1.94e-11
2026-06-18, 00:32:06, 8.11e-13, 1.94e-11
2026-06-18, 00:32:10, 8.25e-13, 1.94e-11
2026-06-18, 00:32:13, 8.07e-13, 1.94e-11
2026-06-18, 00:32:16, 8.12e-13, 1.94e-11
2026-06-18, 00:32:19, 7.78e-13, 1.94e-11
2026-06-18, 00:32:22, 9.13e-13, 1.94e-11
2026-06-18, 00:32:26, 8.42e-13, 1.94e-11
2026-06-18, 00:32:29, 8.38e-13, 1.93e-11
2026-06-18, 00:32:32, 8.47e-13, 1.93e-11
2026-06-18, 00:32:35, 8.11e-13, 1.93e-11
2026-06-18, 00:32:38, 8.31e-13, 1.94e-11
2026-06-18, 00:32:42, 8.33e-13, 1.94e-11
2026-06-18, 00:32:45, 7.61e-13, 1.94e-11
2026-06-18, 00:32:48, 8.68e-13, 1.94e-11
2026-06-18, 00:32:51, 8.25e-13, 1.94e-11
2026-06-18, 00:32:55, 8.54e-13, 1.94e-11
2026-06-18, 00:32:58, 8.28e-13, 1.93e-11
2026-06-18, 00:33:01, 7.76e-13, 1.94e-11
2026-06-18, 00:33:04, 9.13e-13, 1.94e-11
2026-06-18, 00:33:07, 7.93e-13, 1.93e-11
2026-06-18, 00:33:11, 8.31e-13, 1.94e-11
2026-06-18, 00:33:14, 8.83e-13, 1.94e-11
2026-06-18, 00:33:17, 8.2e-13, 1.94e-11
2026-06-18, 00:33:20, 8.29e-13, 1.93e-11
2026-06-18, 00:33:24, 7.93e-13, 1.93e-11
2026-06-18, 00:33:27, 8.05e-13, 1.94e-11
2026-06-18, 00:33:30, 8.65e-13, 1.95e-11
2026-06-18, 00:33:33, 8.45e-13, 1.93e-11
2026-06-18, 00:33:36, 7.2e-13, 1.93e-11
2026-06-18, 00:33:40, 8.41e-13, 1.93e-11
2026-06-18, 00:33:43, 8.18e-13, 1.93e-11
2026-06-18, 00:33:46, 8.29e-13, 1.93e-11
2026-06-18, 00:33:49, 8e-13, 1.93e-11
2026-06-18, 00:33:53, 8.22e-13, 1.94e-11
2026-06-18, 00:33:56, 7.81e-13, 1.94e-11
2026-06-18, 00:33:59, 8.2e-13, 1.94e-11
2026-06-18, 00:34:02, 8.13e-13, 1.93e-11
2026-06-18, 00:34:05, 8.82e-13, 1.94e-11
2026-06-18, 00:34:09, 8.05e-13, 1.94e-11
2026-06-18, 00:34:12, 8.77e-13, 1.94e-11
2026-06-18, 00:34:15, 8.22e-13, 1.94e-11
2026-06-18, 00:34:18, 8.05e-13, 1.95e-11
2026-06-18, 00:34:22, 8.04e-13, 1.94e-11
2026-06-18, 00:34:25, 8.45e-13, 1.94e-11
2026-06-18, 00:34:28, 8.38e-13, 1.94e-11
2026-06-18, 00:34:31, 9.27e-13, 1.94e-11
2026-06-18, 00:34:34, 6.84e-13, 1.95e-11
2026-06-18, 00:34:38, 8.04e-13, 1.94e-11
2026-06-18, 00:34:41, 8.7e-13, 1.94e-11
2026-06-18, 00:34:44, 7.51e-13, 1.94e-11
2026-06-18, 00:34:47, 8.11e-13, 1.94e-11
2026-06-18, 00:34:51, 8.15e-13, 1.95e-11
2026-06-18, 00:34:54, 8.14e-13, 1.95e-11
2026-06-18, 00:34:57, 8.4e-13, 1.94e-11
2026-06-18, 00:35:00, 7.47e-13, 1.93e-11
2026-06-18, 00:35:03, 8.88e-13, 1.93e-11
2026-06-18, 00:35:07, 9.07e-13, 1.92e-11
2026-06-18, 00:35:10, 9.29e-13, 1.93e-11
2026-06-18, 00:35:13, 9.63e-13, 1.95e-11
2026-06-18, 00:35:16, 8.99e-13, 1.93e-11
2026-06-18, 00:35:19, 8.53e-13, 1.94e-11
2026-06-18, 00:35:23, 9.05e-13, 1.94e-11
2026-06-18, 00:35:26, 8.62e-13, 1.94e-11
2026-06-18, 00:35:29, 8.02e-13, 1.95e-11
2026-06-18, 00:35:32, 8.61e-13, 1.93e-11
2026-06-18, 00:35:36, 8.47e-13, 1.95e-11
2026-06-18, 00:35:39, 8.22e-13, 1.94e-11
2026-06-18, 00:35:42, 8.45e-13, 1.98e-11
2026-06-18, 00:35:45, 7.95e-13, 1.97e-11
2026-06-18, 00:35:48, 9.49e-13, 1.94e-11
2026-06-18, 00:35:52, 8.76e-13, 1.94e-11
2026-06-18, 00:35:55, 8.32e-13, 1.95e-11
2026-06-18, 00:35:58, 8.96e-13, 1.93e-11
2026-06-18, 00:36:01, 8.42e-13, 1.93e-11
2026-06-18, 00:36:05, 8.12e-13, 1.94e-11
2026-06-18, 00:36:08, 8.17e-13, 1.94e-11
2026-06-18, 00:36:11, 7.72e-13, 1.94e-11
2026-06-18, 00:36:14, 8.04e-13, 1.93e-11
2026-06-18, 00:36:17, 8.01e-13, 1.92e-11
2026-06-18, 00:36:21, 8.61e-13, 1.93e-11
2026-06-18, 00:36:24, 8.41e-13, 1.94e-11
2026-06-18, 00:36:27, 8.47e-13, 1.94e-11
2026-06-18, 00:36:30, 8.17e-13, 1.94e-11
2026-06-18, 00:36:34, 8.74e-13, 1.94e-11
2026-06-18, 00:36:37, 8.26e-13, 1.94e-11
2026-06-18, 00:36:40, 7.71e-13, 1.94e-11
2026-06-18, 00:36:43, 8.57e-13, 1.94e-11
2026-06-18, 00:36:46, 8.04e-13, 1.94e-11
2026-06-18, 00:36:50, 7.61e-13, 1.93e-11
2026-06-18, 00:36:53, 9.35e-13, 1.92e-11
2026-06-18, 00:36:56, 8.17e-13, 1.93e-11
2026-06-18, 00:36:59, 8.9e-13, 1.94e-11
2026-06-18, 00:37:03, 7.85e-13, 1.93e-11
2026-06-18, 00:37:06, 7.7e-13, 1.93e-11
2026-06-18, 00:37:09, 8.9e-13, 1.93e-11
2026-06-18, 00:37:12, 8.45e-13, 1.95e-11
2026-06-18, 00:37:15, 9.13e-13, 1.93e-11
2026-06-18, 00:37:19, 7.77e-13, 1.93e-11
2026-06-18, 00:37:22, 6.9e-13, 1.93e-11
2026-06-18, 00:37:25, 8.45e-13, 1.94e-11
2026-06-18, 00:37:28, 8.44e-13, 1.95e-11
2026-06-18, 00:37:32, 8.55e-13, 1.94e-11
2026-06-18, 00:37:35, 8.13e-13, 1.94e-11
2026-06-18, 00:37:38, 8.63e-13, 1.94e-11
2026-06-18, 00:37:41, 8.2e-13, 1.94e-11
2026-06-18, 00:37:44, 8.3e-13, 1.93e-11
2026-06-18, 00:37:48, 7.21e-13, 1.93e-11
2026-06-18, 00:37:51, 8.2e-13, 1.92e-11
2026-06-18, 00:37:54, 8.83e-13, 1.92e-11
2026-06-18, 00:37:57, 8.2e-13, 1.92e-11
2026-06-18, 00:38:01, 8.04e-13, 1.93e-11
2026-06-18, 00:38:04, 9.79e-13, 1.93e-11
2026-06-18, 00:38:07, 8.68e-13, 1.92e-11
2026-06-18, 00:38:10, 8.11e-13, 1.92e-11
2026-06-18, 00:38:13, 1.01e-12, 1.94e-11
2026-06-18, 00:38:17, 8.76e-13, 1.93e-11
2026-06-18, 00:38:20, 8.22e-13, 1.93e-11
2026-06-18, 00:38:23, 7.81e-13, 1.94e-11
2026-06-18, 00:38:26, 8.69e-13, 1.94e-11
2026-06-18, 00:38:30, 7.54e-13, 1.9e-11
2026-06-18, 00:38:33, 7.99e-13, 1.9e-11
2026-06-18, 00:38:36, 8.39e-13, 1.9e-11
2026-06-18, 00:38:39, 7.27e-13, 1.95e-11
2026-06-18, 00:38:42, 8.23e-13, 1.94e-11
2026-06-18, 00:38:46, 8.49e-13, 1.94e-11
2026-06-18, 00:38:49, 8.05e-13, 1.94e-11
2026-06-18, 00:38:52, 8.02e-13, 1.94e-11
2026-06-18, 00:38:55, 8.78e-13, 1.94e-11
2026-06-18, 00:38:59, 8.44e-13, 1.94e-11
2026-06-18, 00:39:02, 7.82e-13, 1.94e-11
2026-06-18, 00:39:05, 8.13e-13, 1.94e-11
2026-06-18, 00:39:08, 8.32e-13, 1.93e-11
2026-06-18, 00:39:11, 8.84e-13, 1.96e-11
2026-06-18, 00:39:15, 7.79e-13, 1.94e-11
2026-06-18, 00:39:18, 8.4e-13, 1.94e-11
2026-06-18, 00:39:21, 8.39e-13, 1.93e-11
2026-06-18, 00:39:24, 8.18e-13, 1.92e-11
2026-06-18, 00:39:27, 8.3e-13, 1.92e-11
2026-06-18, 00:39:31, 7.92e-13, 1.92e-11
2026-06-18, 00:39:34, 8.67e-13, 1.94e-11
2026-06-18, 00:39:37, 8.76e-13, 1.93e-11
2026-06-18, 00:39:40, 7.9e-13, 1.94e-11
2026-06-18, 00:39:44, 8.68e-13, 1.92e-11
2026-06-18, 00:39:47, 8.13e-13, 1.93e-11
2026-06-18, 00:39:50, 8.52e-13, 1.95e-11
2026-06-18, 00:39:53, 8.83e-13, 1.93e-11
2026-06-18, 00:39:56, 7.35e-13, 1.93e-11
2026-06-18, 00:40:00, 8.42e-13, 1.93e-11
2026-06-18, 00:40:03, 8.54e-13, 1.94e-11
2026-06-18, 00:40:06, 7.8e-13, 1.94e-11
2026-06-18, 00:40:09, 8.76e-13, 1.93e-11
2026-06-18, 00:40:13, 7.99e-13, 1.94e-11
2026-06-18, 00:40:16, 7.93e-13, 1.94e-11
2026-06-18, 00:40:19, 8.17e-13, 1.94e-11
2026-06-18, 00:40:22, 7.78e-13, 1.93e-11
2026-06-18, 00:40:25, 8.69e-13, 1.93e-11
2026-06-18, 00:40:29, 9.28e-13, 1.94e-11
2026-06-18, 00:40:32, 7.98e-13, 1.93e-11
2026-06-18, 00:40:35, 8.55e-13, 1.93e-11
2026-06-18, 00:40:38, 8.42e-13, 1.93e-11
2026-06-18, 00:40:42, 8.22e-13, 1.94e-11
2026-06-18, 00:40:45, 7.63e-13, 1.93e-11
2026-06-18, 00:40:48, 7.93e-13, 1.93e-11
2026-06-18, 00:40:51, 7.87e-13, 1.93e-11
2026-06-18, 00:40:54, 8.1e-13, 1.91e-11
2026-06-18, 00:40:58, 8.27e-13, 1.91e-11
2026-06-18, 00:41:01, 8.95e-13, 1.91e-11
2026-06-18, 00:41:04, 8.31e-13, 1.92e-11
2026-06-18, 00:41:07, 8.15e-13, 1.89e-11
2026-06-18, 00:41:11, 8.68e-13, 1.93e-11
2026-06-18, 00:41:14, 7.55e-13, 1.94e-11
2026-06-18, 00:41:17, 9.82e-13, 1.92e-11
2026-06-18, 00:41:20, 8.01e-13, 1.93e-11
2026-06-18, 00:41:23, 7.42e-13, 1.91e-11
2026-06-18, 00:41:27, 8e-13, 1.91e-11
2026-06-18, 00:41:30, 7.79e-13, 1.92e-11
2026-06-18, 00:41:33, 9.07e-13, 1.93e-11
2026-06-18, 00:41:36, 8.82e-13, 1.9e-11
2026-06-18, 00:41:40, 7.8e-13, 1.93e-11
2026-06-18, 00:41:43, 8.39e-13, 1.93e-11
2026-06-18, 00:41:46, 6.72e-13, 1.93e-11
2026-06-18, 00:41:49, 8.59e-13, 1.93e-11
2026-06-18, 00:41:52, 7.92e-13, 1.93e-11
2026-06-18, 00:41:56, 8.18e-13, 1.92e-11
2026-06-18, 00:41:59, 8.84e-13, 1.89e-11
2026-06-18, 00:42:02, 8.06e-13, 1.89e-11
2026-06-18, 00:42:05, 8.13e-13, 1.88e-11
2026-06-18, 00:42:09, 8.71e-13, 1.89e-11
2026-06-18, 00:42:12, 7.93e-13, 1.89e-11
2026-06-18, 00:42:15, 8.32e-13, 1.87e-11
2026-06-18, 00:42:18, 8.19e-13, 1.88e-11
2026-06-18, 00:42:21, 8.47e-13, 1.88e-11
2026-06-18, 00:42:25, 8.11e-13, 1.87e-11
2026-06-18, 00:42:28, 7.77e-13, 1.92e-11
2026-06-18, 00:42:31, 8.16e-13, 1.92e-11
2026-06-18, 00:42:34, 9.17e-13, 1.91e-11
2026-06-18, 00:42:38, 8.01e-13, 1.92e-11
2026-06-18, 00:42:41, 8.18e-13, 1.91e-11
2026-06-18, 00:42:44, 8.39e-13, 1.92e-11
2026-06-18, 00:42:47, 8.47e-13, 1.92e-11
2026-06-18, 00:42:50, 9.65e-13, 1.92e-11
2026-06-18, 00:42:54, 7.47e-13, 1.92e-11
2026-06-18, 00:42:57, 8.54e-13, 1.92e-11
2026-06-18, 00:43:00, 7.86e-13, 1.93e-11
2026-06-18, 00:43:03, 8.54e-13, 1.93e-11
2026-06-18, 00:43:06, 7.79e-13, 1.92e-11
2026-06-18, 00:43:10, 7.55e-13, 1.93e-11
2026-06-18, 00:43:13, 8.44e-13, 1.91e-11
2026-06-18, 00:43:16, 9.3e-13, 1.92e-11
2026-06-18, 00:43:19, 6.87e-13, 1.92e-11
2026-06-18, 00:43:23, 7.92e-13, 1.92e-11
2026-06-18, 00:43:26, 7.55e-13, 1.92e-11
2026-06-18, 00:43:29, 8.35e-13, 1.92e-11
2026-06-18, 00:43:32, 8.29e-13, 1.92e-11
2026-06-18, 00:43:35, 8.39e-13, 1.93e-11
2026-06-18, 00:43:39, 8.01e-13, 1.93e-11
2026-06-18, 00:43:42, 8.91e-13, 1.92e-11
2026-06-18, 00:43:45, 8.19e-13, 1.93e-11
2026-06-18, 00:43:48, 8.51e-13, 1.94e-11
2026-06-18, 00:43:52, 8.36e-13, 1.93e-11
2026-06-18, 00:43:55, 8.24e-13, 1.93e-11
2026-06-18, 00:43:58, 8.26e-13, 1.91e-11
2026-06-18, 00:44:01, 8.11e-13, 1.93e-11
2026-06-18, 00:44:04, 9.65e-13, 1.93e-11
2026-06-18, 00:44:08, 8.4e-13, 1.93e-11
2026-06-18, 00:44:11, 8.33e-13, 1.93e-11
2026-06-18, 00:44:14, 7.84e-13, 1.93e-11
2026-06-18, 00:44:17, 8.38e-13, 1.93e-11
2026-06-18, 00:44:21, 8.18e-13, 1.94e-11
2026-06-18, 00:44:24, 7.58e-13, 1.94e-11
2026-06-18, 00:44:27, 8.69e-13, 1.93e-11
2026-06-18, 00:44:30, 7.17e-13, 1.93e-11
2026-06-18, 00:44:33, 7.75e-13, 1.92e-11
2026-06-18, 00:44:37, 7.24e-13, 1.92e-11
2026-06-18, 00:44:40, 7.47e-13, 1.92e-11
2026-06-18, 00:44:43, 8.85e-13, 1.92e-11
2026-06-18, 00:44:46, 8.16e-13, 1.92e-11
2026-06-18, 00:44:50, 8.21e-13, 1.92e-11
2026-06-18, 00:44:53, 8.39e-13, 1.92e-11
2026-06-18, 00:44:56, 8.55e-13, 1.92e-11
2026-06-18, 00:44:59, 7.64e-13, 1.92e-11
2026-06-18, 00:45:02, 8.46e-13, 1.93e-11
2026-06-18, 00:45:06, 8.7e-13, 1.93e-11
2026-06-18, 00:45:09, 8.33e-13, 1.92e-11
2026-06-18, 00:45:12, 7.99e-13, 1.92e-11
2026-06-18, 00:45:15, 7.72e-13, 1.92e-11
2026-06-18, 00:45:19, 8.74e-13, 1.93e-11
2026-06-18, 00:45:22, 8.39e-13, 1.92e-11
2026-06-18, 00:45:25, 7.76e-13, 1.92e-11
2026-06-18, 00:45:28, 8.46e-13, 1.92e-11
2026-06-18, 00:45:31, 8.15e-13, 1.88e-11
2026-06-18, 00:45:35, 8.53e-13, 1.92e-11
2026-06-18, 00:45:38, 8.17e-13, 1.89e-11
2026-06-18, 00:45:41, 8.31e-13, 1.89e-11
2026-06-18, 00:45:44, 8.76e-13, 1.93e-11
2026-06-18, 00:45:48, 8.42e-13, 1.92e-11
2026-06-18, 00:45:51, 8.23e-13, 1.93e-11
2026-06-18, 00:45:54, 8.18e-13, 1.92e-11
2026-06-18, 00:45:57, 8.48e-13, 1.89e-11
2026-06-18, 00:46:00, 8.18e-13, 1.89e-11
2026-06-18, 00:46:04, 7.2e-13, 1.88e-11
2026-06-18, 00:46:07, 8.58e-13, 1.88e-11
2026-06-18, 00:46:10, 8.2e-13, 1.88e-11
2026-06-18, 00:46:13, 9.68e-13, 1.9e-11
2026-06-18, 00:46:17, 8.39e-13, 1.91e-11
2026-06-18, 00:46:20, 8.09e-13, 1.92e-11
2026-06-18, 00:46:23, 8.72e-13, 1.92e-11
2026-06-18, 00:46:26, 7.89e-13, 1.93e-11
2026-06-18, 00:46:29, 8.64e-13, 1.91e-11
2026-06-18, 00:46:33, 8.28e-13, 1.92e-11
2026-06-18, 00:46:36, 8.63e-13, 1.92e-11
2026-06-18, 00:46:39, 8.08e-13, 1.91e-11
2026-06-18, 00:46:42, 8.35e-13, 1.92e-11
2026-06-18, 00:46:45, 7.75e-13, 1.92e-11
2026-06-18, 00:46:49, 8.46e-13, 1.92e-11
2026-06-18, 00:46:52, 8.19e-13, 1.92e-11
2026-06-18, 00:46:55, 7.64e-13, 1.92e-11
2026-06-18, 00:46:58, 8.36e-13, 1.92e-11
2026-06-18, 00:47:02, 8.96e-13, 1.92e-11
2026-06-18, 00:47:05, 8.19e-13, 1.92e-11
2026-06-18, 00:47:08, 8.57e-13, 1.92e-11
2026-06-18, 00:47:11, 7.97e-13, 1.92e-11
2026-06-18, 00:47:14, 8.23e-13, 1.92e-11
2026-06-18, 00:47:18, 7.86e-13, 1.92e-11
2026-06-18, 00:47:21, 8.52e-13, 1.91e-11
2026-06-18, 00:47:24, 8.12e-13, 1.91e-11
2026-06-18, 00:47:27, 8.25e-13, 1.92e-11
2026-06-18, 00:47:31, 7.95e-13, 1.92e-11
2026-06-18, 00:47:34, 6.87e-13, 1.92e-11
2026-06-18, 00:47:37, 8.87e-13, 1.91e-11
2026-06-18, 00:47:40, 8.59e-13, 1.92e-11
2026-06-18, 00:47:43, 8.78e-13, 1.91e-11
2026-06-18, 00:47:47, 7.95e-13, 1.92e-11
2026-06-18, 00:47:50, 7.94e-13, 1.92e-11
2026-06-18, 00:47:53, 8.49e-13, 1.92e-11
2026-06-18, 00:47:56, 8.03e-13, 1.93e-11
2026-06-18, 00:48:00, 8.89e-13, 1.92e-11
2026-06-18, 00:48:03, 8.43e-13, 1.92e-11
2026-06-18, 00:48:06, 8.46e-13, 1.93e-11
2026-06-18, 00:48:09, 8.1e-13, 1.92e-11
2026-06-18, 00:48:12, 8.22e-13, 1.92e-11
2026-06-18, 00:48:16, 7.85e-13, 1.93e-11
2026-06-18, 00:48:19, 7.99e-13, 1.92e-11
2026-06-18, 00:48:22, 8.65e-13, 1.93e-11
2026-06-18, 00:48:25, 7.26e-13, 1.93e-11
2026-06-18, 00:48:29, 1.01e-12, 1.91e-11
2026-06-18, 00:48:32, 8.67e-13, 1.91e-11
2026-06-18, 00:48:35, 7.98e-13, 1.92e-11
2026-06-18, 00:48:38, 8.68e-13, 1.92e-11
2026-06-18, 00:48:41, 8.42e-13, 1.92e-11
2026-06-18, 00:48:45, 8.06e-13, 1.87e-11
2026-06-18, 00:48:48, 7.4e-13, 1.88e-11
2026-06-18, 00:48:51, 8.52e-13, 1.94e-11
2026-06-18, 00:48:54, 8.47e-13, 1.9e-11
2026-06-18, 00:48:58, 7.72e-13, 1.93e-11
2026-06-18, 00:49:01, 8.38e-13, 1.93e-11
2026-06-18, 00:49:04, 8.73e-13, 1.93e-11
2026-06-18, 00:49:07, 8.13e-13, 1.93e-11
2026-06-18, 00:49:10, 7.84e-13, 1.93e-11
2026-06-18, 00:49:14, 8.51e-13, 1.91e-11
2026-06-18, 00:49:17, 8.61e-13, 1.92e-11
2026-06-18, 00:49:20, 1.03e-12, 1.93e-11
2026-06-18, 00:49:23, 8.33e-13, 1.93e-11
2026-06-18, 00:49:27, 8.67e-13, 1.92e-11
2026-06-18, 00:49:30, 8.73e-13, 1.92e-11
2026-06-18, 00:49:33, 8.07e-13, 1.92e-11
2026-06-18, 00:49:36, 8.18e-13, 1.93e-11
2026-06-18, 00:49:39, 8.34e-13, 1.93e-11
2026-06-18, 00:49:43, 8.19e-13, 1.93e-11
2026-06-18, 00:49:46, 8.2e-13, 1.93e-11
2026-06-18, 00:49:49, 7.61e-13, 1.92e-11
2026-06-18, 00:49:52, 8.78e-13, 1.92e-11
2026-06-18, 00:49:56, 7.11e-13, 1.92e-11
2026-06-18, 00:49:59, 8.46e-13, 1.92e-11
2026-06-18, 00:50:02, 8.73e-13, 1.92e-11
2026-06-18, 00:50:05, 8.18e-13, 1.92e-11
2026-06-18, 00:50:08, 8.02e-13, 1.91e-11
2026-06-18, 00:50:12, 8.01e-13, 1.91e-11
2026-06-18, 00:50:15, 8.1e-13, 1.92e-11
2026-06-18, 00:50:18, 8.49e-13, 1.93e-11
2026-06-18, 00:50:21, 7.97e-13, 1.91e-11
2026-06-18, 00:50:25, 8.56e-13, 1.92e-11
2026-06-18, 00:50:28, 9.01e-13, 1.91e-11
2026-06-18, 00:50:31, 8.3e-13, 1.93e-11
2026-06-18, 00:50:34, 8.4e-13, 1.93e-11
2026-06-18, 00:50:37, 8.32e-13, 1.93e-11
2026-06-18, 00:50:41, 8.2e-13, 1.92e-11
2026-06-18, 00:50:44, 8.43e-13, 1.92e-11
2026-06-18, 00:50:47, 8.03e-13, 1.92e-11
2026-06-18, 00:50:50, 8.49e-13, 1.92e-11
2026-06-18, 00:50:53, 8.96e-13, 1.91e-11
2026-06-18, 00:50:57, 8.38e-13, 1.92e-11
2026-06-18, 00:51:00, 8.6e-13, 1.93e-11
2026-06-18, 00:51:03, 8.56e-13, 1.93e-11
2026-06-18, 00:51:06, 8.23e-13, 1.93e-11
2026-06-18, 00:51:10, 7.81e-13, 1.93e-11
2026-06-18, 00:51:13, 8.43e-13, 1.92e-11
2026-06-18, 00:51:16, 7.87e-13, 1.93e-11
2026-06-18, 00:51:19, 7.84e-13, 1.92e-11
2026-06-18, 00:51:22, 8.1e-13, 1.91e-11
2026-06-18, 00:51:26, 8.58e-13, 1.92e-11
2026-06-18, 00:51:29, 8.3e-13, 1.91e-11
2026-06-18, 00:51:32, 8.33e-13, 1.92e-11
2026-06-18, 00:51:35, 8.42e-13, 1.91e-11
2026-06-18, 00:51:39, 8.04e-13, 1.91e-11
2026-06-18, 00:51:42, 8.36e-13, 1.91e-11
2026-06-18, 00:51:45, 8.03e-13, 1.91e-11
2026-06-18, 00:51:48, 8.15e-13, 1.91e-11
2026-06-18, 00:51:51, 8.48e-13, 1.91e-11
2026-06-18, 00:51:55, 7.86e-13, 1.92e-11
2026-06-18, 00:51:58, 6.97e-13, 1.93e-11
2026-06-18, 00:52:01, 8.82e-13, 1.93e-11
2026-06-18, 00:52:04, 8.67e-13, 1.93e-11
2026-06-18, 00:52:08, 7.67e-13, 1.93e-11
2026-06-18, 00:52:11, 8.51e-13, 1.94e-11
2026-06-18, 00:52:14, 8.49e-13, 1.93e-11
2026-06-18, 00:52:17, 8.2e-13, 1.92e-11
2026-06-18, 00:52:20, 7.23e-13, 1.92e-11
2026-06-18, 00:52:24, 8.51e-13, 1.9e-11
2026-06-18, 00:52:27, 8.82e-13, 1.92e-11
2026-06-18, 00:52:30, 7.23e-13, 1.93e-11
2026-06-18, 00:52:33, 8.24e-13, 1.92e-11
2026-06-18, 00:52:37, 8.6e-13, 1.92e-11
2026-06-18, 00:52:40, 7.89e-13, 1.92e-11
2026-06-18, 00:52:43, 8.19e-13, 1.92e-11
2026-06-18, 00:52:46, 8.21e-13, 1.92e-11
2026-06-18, 00:52:49, 8.14e-13, 1.93e-11
2026-06-18, 00:52:53, 7.92e-13, 1.92e-11
2026-06-18, 00:52:56, 9.35e-13, 1.93e-11
2026-06-18, 00:52:59, 7.76e-13, 1.92e-11
2026-06-18, 00:53:02, 8.36e-13, 1.92e-11
2026-06-18, 00:53:06, 8e-13, 1.93e-11
2026-06-18, 00:53:09, 8e-13, 1.92e-11
2026-06-18, 00:53:12, 8.01e-13, 1.92e-11
2026-06-18, 00:53:15, 8.42e-13, 1.93e-11
2026-06-18, 00:53:18, 8.35e-13, 1.93e-11
2026-06-18, 00:53:22, 8.12e-13, 1.93e-11
2026-06-18, 00:53:25, 8.13e-13, 1.92e-11
2026-06-18, 00:53:28, 7.1e-13, 1.91e-11
2026-06-18, 00:53:31, 8.55e-13, 1.91e-11
2026-06-18, 00:53:34, 7.96e-13, 1.92e-11
2026-06-18, 00:53:38, 7.59e-13, 1.91e-11
2026-06-18, 00:53:41, 8.51e-13, 1.91e-11
2026-06-18, 00:53:44, 7.88e-13, 1.92e-11
2026-06-18, 00:53:47, 7.43e-13, 1.91e-11
2026-06-18, 00:53:51, 7.98e-13, 1.87e-11
2026-06-18, 00:53:54, 8.68e-13, 1.88e-11
2026-06-18, 00:53:57, 8.14e-13, 1.87e-11
2026-06-18, 00:54:00, 7.93e-13, 1.92e-11
2026-06-18, 00:54:04, 7.92e-13, 1.91e-11
2026-06-18, 00:54:07, 9.48e-13, 1.91e-11
2026-06-18, 00:54:10, 7.63e-13, 1.91e-11
2026-06-18, 00:54:13, 8.11e-13, 1.91e-11
2026-06-18, 00:54:16, 8.14e-13, 1.91e-11
2026-06-18, 00:54:20, 8.68e-13, 1.92e-11
2026-06-18, 00:54:23, 8.44e-13, 1.91e-11
2026-06-18, 00:54:26, 7.75e-13, 1.91e-11
2026-06-18, 00:54:29, 8.11e-13, 1.92e-11
2026-06-18, 00:54:32, 8.11e-13, 1.92e-11
2026-06-18, 00:54:36, 8.82e-13, 1.92e-11
2026-06-18, 00:54:39, 8.73e-13, 1.92e-11
2026-06-18, 00:54:42, 8.73e-13, 1.91e-11
2026-06-18, 00:54:45, 9.58e-13, 1.91e-11
2026-06-18, 00:54:49, 8.32e-13, 1.87e-11
2026-06-18, 00:54:52, 8.58e-13, 1.91e-11
2026-06-18, 00:54:55, 7.68e-13, 1.92e-11
2026-06-18, 00:54:58, 8.02e-13, 1.92e-11
2026-06-18, 00:55:01, 8.06e-13, 1.93e-11
2026-06-18, 00:55:05, 8.72e-13, 1.92e-11
2026-06-18, 00:55:08, 8.52e-13, 1.93e-11
2026-06-18, 00:55:11, 8.43e-13, 1.92e-11
2026-06-18, 00:55:14, 8.09e-13, 1.92e-11
2026-06-18, 00:55:18, 8.61e-13, 1.92e-11
2026-06-18, 00:55:21, 8.57e-13, 1.91e-11
2026-06-18, 00:55:24, 7.6e-13, 1.92e-11
2026-06-18, 00:55:27, 8.05e-13, 1.92e-11
2026-06-18, 00:55:30, 8.53e-13, 1.93e-11
2026-06-18, 00:55:34, 7.91e-13, 1.92e-11
2026-06-18, 00:55:37, 8.22e-13, 1.91e-11
2026-06-18, 00:55:40, 8.11e-13, 1.92e-11
2026-06-18, 00:55:43, 8.46e-13, 1.92e-11
2026-06-18, 00:55:47, 7.22e-13, 1.92e-11
2026-06-18, 00:55:50, 8.35e-13, 1.92e-11
2026-06-18, 00:55:53, 7.91e-13, 1.97e-11
2026-06-18, 00:55:56, 8.53e-13, 1.92e-11
2026-06-18, 00:55:59, 7.87e-13, 1.92e-11
2026-06-18, 00:56:03, 7.75e-13, 1.92e-11
2026-06-18, 00:56:06, 7.76e-13, 1.92e-11
2026-06-18, 00:56:09, 7.85e-13, 1.92e-11
2026-06-18, 00:56:12, 8e-13, 1.92e-11
2026-06-18, 00:56:16, 7.25e-13, 1.92e-11
2026-06-18, 00:56:19, 7.39e-13, 1.89e-11
2026-06-18, 00:56:22, 9.19e-13, 1.93e-11
2026-06-18, 00:56:25, 8.39e-13, 1.93e-11
2026-06-18, 00:56:28, 7.74e-13, 1.93e-11
2026-06-18, 00:56:32, 8.65e-13, 1.93e-11
2026-06-18, 00:56:35, 8.51e-13, 1.92e-11
2026-06-18, 00:56:38, 9.05e-13, 1.92e-11
2026-06-18, 00:56:41, 8.52e-13, 1.92e-11
2026-06-18, 00:56:45, 8.69e-13, 1.92e-11
2026-06-18, 00:56:48, 8.08e-13, 1.92e-11
2026-06-18, 00:56:51, 8.85e-13, 1.92e-11
2026-06-18, 00:56:54, 8.16e-13, 1.92e-11
2026-06-18, 00:56:57, 8.34e-13, 1.92e-11
2026-06-18, 00:57:01, 8.09e-13, 1.92e-11
2026-06-18, 00:57:04, 8.19e-13, 1.92e-11
2026-06-18, 00:57:07, 8.25e-13, 1.91e-11
2026-06-18, 00:57:10, 8.48e-13, 1.92e-11
2026-06-18, 00:57:14, 8.11e-13, 1.91e-11
2026-06-18, 00:57:17, 8.39e-13, 1.92e-11
2026-06-18, 00:57:20, 9.9e-13, 1.91e-11
2026-06-18, 00:57:23, 9.02e-13, 1.92e-11
2026-06-18, 00:57:26, 8.87e-13, 1.92e-11
2026-06-18, 00:57:30, 7.42e-13, 1.92e-11
2026-06-18, 00:57:33, 8.14e-13, 1.93e-11
2026-06-18, 00:57:36, 7.95e-13, 1.92e-11
2026-06-18, 00:57:39, 8.42e-13, 1.92e-11
2026-06-18, 00:57:43, 7.94e-13, 1.93e-11
2026-06-18, 00:57:46, 7.29e-13, 1.92e-11
2026-06-18, 00:57:49, 7.66e-13, 1.92e-11
2026-06-18, 00:57:52, 7.6e-13, 1.93e-11
2026-06-18, 00:57:55, 9.57e-13, 1.92e-11
2026-06-18, 00:57:59, 7.88e-13, 1.92e-11
2026-06-18, 00:58:02, 8.38e-13, 1.92e-11
2026-06-18, 00:58:05, 7.21e-13, 1.92e-11
2026-06-18, 00:58:08, 8.14e-13, 1.92e-11
2026-06-18, 00:58:11, 7.81e-13, 1.93e-11
2026-06-18, 00:58:15, 8.37e-13, 1.92e-11
2026-06-18, 00:58:18, 8.68e-13, 1.93e-11
2026-06-18, 00:58:21, 8.59e-13, 1.92e-11
2026-06-18, 00:58:24, 7.61e-13, 1.92e-11
2026-06-18, 00:58:28, 7.72e-13, 1.93e-11
2026-06-18, 00:58:31, 9.04e-13, 1.93e-11
2026-06-18, 00:58:34, 8.54e-13, 1.93e-11
2026-06-18, 00:58:37, 7.86e-13, 1.93e-11
2026-06-18, 00:58:40, 8.52e-13, 1.93e-11
2026-06-18, 00:58:44, 8.9e-13, 1.93e-11
2026-06-18, 00:58:47, 9.44e-13, 1.93e-11
2026-06-18, 00:58:50, 8.1e-13, 1.93e-11
2026-06-18, 00:58:53, 8.39e-13, 1.92e-11
2026-06-18, 00:58:57, 8.07e-13, 1.92e-11
2026-06-18, 00:59:00, 8.44e-13, 1.93e-11
2026-06-18, 00:59:03, 8.13e-13, 1.92e-11
2026-06-18, 00:59:06, 8.28e-13, 1.92e-11
2026-06-18, 00:59:09, 7.97e-13, 1.92e-11
2026-06-18, 00:59:13, 8.3e-13, 1.92e-11
2026-06-18, 00:59:16, 8.35e-13, 1.92e-11
2026-06-18, 00:59:19, 8.19e-13, 1.92e-11
2026-06-18, 00:59:22, 8.09e-13, 1.92e-11
2026-06-18, 00:59:26, 7.86e-13, 1.92e-11
2026-06-18, 00:59:29, 7.67e-13, 1.92e-11
2026-06-18, 00:59:32, 8.24e-13, 1.91e-11
2026-06-18, 00:59:35, 8.74e-13, 1.92e-11
2026-06-18, 00:59:38, 7.96e-13, 1.93e-11
2026-06-18, 00:59:42, 8.03e-13, 1.92e-11
2026-06-18, 00:59:45, 8.97e-13, 1.91e-11
2026-06-18, 00:59:48, 8.37e-13, 1.91e-11
2026-06-18, 00:59:51, 8.03e-13, 1.92e-11
2026-06-18, 00:59:55, 8.5e-13, 1.92e-11
2026-06-18, 00:59:58, 8.06e-13, 1.93e-11
2026-06-18, 01:00:01, 7.97e-13, 1.92e-11
2026-06-18, 01:00:04, 8.19e-13, 1.92e-11
2026-06-18, 01:00:07, 8.33e-13, 1.92e-11
2026-06-18, 01:00:11, 7.93e-13, 1.93e-11
2026-06-18, 01:00:14, 8.36e-13, 1.93e-11
2026-06-18, 01:00:17, 8.46e-13, 1.94e-11
2026-06-18, 01:00:20, 8.76e-13, 1.94e-11
2026-06-18, 01:00:24, 8.04e-13, 1.93e-11
2026-06-18, 01:00:27, 7.87e-13, 1.93e-11
2026-06-18, 01:00:30, 9.5e-13, 1.93e-11
2026-06-18, 01:00:33, 8.34e-13, 1.93e-11
2026-06-18, 01:00:36, 7.92e-13, 1.93e-11
2026-06-18, 01:00:40, 8.02e-13, 1.93e-11
2026-06-18, 01:00:43, 9.41e-13, 1.94e-11
2026-06-18, 01:00:46, 8.25e-13, 1.93e-11
2026-06-18, 01:00:49, 8.45e-13, 1.93e-11
2026-06-18, 01:00:52, 8.42e-13, 1.92e-11
2026-06-18, 01:00:56, 8.31e-13, 1.93e-11
2026-06-18, 01:00:59, 7.93e-13, 1.92e-11
2026-06-18, 01:01:02, 8.98e-13, 1.92e-11
2026-06-18, 01:01:05, 8.61e-13, 1.92e-11
2026-06-18, 01:01:09, 7.61e-13, 1.92e-11
2026-06-18, 01:01:12, 8.22e-13, 1.92e-11
2026-06-18, 01:01:15, 8.59e-13, 1.87e-11
2026-06-18, 01:01:18, 8.5e-13, 1.91e-11
2026-06-18, 01:01:21, 8.31e-13, 1.92e-11
2026-06-18, 01:01:25, 8.63e-13, 1.92e-11
2026-06-18, 01:01:28, 8.32e-13, 1.91e-11
2026-06-18, 01:01:31, 8.64e-13, 1.94e-11
2026-06-18, 01:01:34, 8.54e-13, 1.92e-11
2026-06-18, 01:01:38, 8.55e-13, 1.92e-11
2026-06-18, 01:01:41, 8.16e-13, 1.92e-11
2026-06-18, 01:01:44, 8.43e-13, 1.93e-11
2026-06-18, 01:01:47, 9.62e-13, 1.94e-11
2026-06-18, 01:01:50, 8.38e-13, 1.93e-11
2026-06-18, 01:01:54, 7.99e-13, 1.93e-11
2026-06-18, 01:01:57, 8.56e-13, 1.92e-11
2026-06-18, 01:02:00, 9.9e-13, 1.92e-11
2026-06-18, 01:02:03, 8.4e-13, 1.93e-11
2026-06-18, 01:02:07, 8.41e-13, 1.93e-11
2026-06-18, 01:02:10, 8.36e-13, 1.93e-11
2026-06-18, 01:02:13, 7.97e-13, 1.93e-11
2026-06-18, 01:02:16, 7.22e-13, 1.92e-11
2026-06-18, 01:02:19, 8.07e-13, 1.93e-11
2026-06-18, 01:02:23, 8.52e-13, 1.93e-11
2026-06-18, 01:02:26, 9.19e-13, 1.98e-11
2026-06-18, 01:02:29, 8.16e-13, 1.93e-11
2026-06-18, 01:02:32, 8.67e-13, 1.93e-11
2026-06-18, 01:02:36, 9.35e-13, 1.94e-11
2026-06-18, 01:02:39, 9.14e-13, 1.93e-11
2026-06-18, 01:02:42, 8.13e-13, 1.92e-11
2026-06-18, 01:02:45, 8.24e-13, 1.93e-11
2026-06-18, 01:02:48, 7.68e-13, 1.93e-11
2026-06-18, 01:02:52, 8.79e-13, 1.94e-11
2026-06-18, 01:02:55, 7.55e-13, 1.93e-11
2026-06-18, 01:02:58, 8.44e-13, 1.94e-11
2026-06-18, 01:03:01, 8.19e-13, 1.93e-11
2026-06-18, 01:03:05, 7.97e-13, 1.92e-11
2026-06-18, 01:03:08, 8.15e-13, 1.93e-11
2026-06-18, 01:03:11, 8.34e-13, 1.93e-11
2026-06-18, 01:03:14, 8.03e-13, 1.93e-11
2026-06-18, 01:03:17, 8.64e-13, 1.93e-11
2026-06-18, 01:03:21, 8.32e-13, 1.92e-11
2026-06-18, 01:03:24, 8.32e-13, 1.89e-11
2026-06-18, 01:03:27, 8.26e-13, 1.93e-11
2026-06-18, 01:03:30, 8.13e-13, 1.93e-11
2026-06-18, 01:03:34, 8.23e-13, 1.94e-11
2026-06-18, 01:03:37, 8.64e-13, 1.93e-11
2026-06-18, 01:03:40, 8.24e-13, 1.88e-11
2026-06-18, 01:03:43, 8.51e-13, 1.92e-11
2026-06-18, 01:03:46, 8.38e-13, 1.93e-11
2026-06-18, 01:03:50, 8.51e-13, 1.92e-11
2026-06-18, 01:03:53, 8.21e-13, 1.93e-11
2026-06-18, 01:03:56, 8.15e-13, 1.93e-11
2026-06-18, 01:03:59, 8.14e-13, 1.93e-11
2026-06-18, 01:04:03, 9.32e-13, 1.93e-11
2026-06-18, 01:04:06, 8.32e-13, 1.92e-11
2026-06-18, 01:04:09, 7.69e-13, 1.93e-11
2026-06-18, 01:04:12, 7.74e-13, 1.92e-11
2026-06-18, 01:04:15, 7.17e-13, 1.91e-11
2026-06-18, 01:04:19, 7.97e-13, 1.92e-11
2026-06-18, 01:04:22, 8.03e-13, 1.93e-11
2026-06-18, 01:04:25, 8.83e-13, 1.92e-11
2026-06-18, 01:04:28, 8.79e-13, 1.92e-11
2026-06-18, 01:04:32, 9.12e-13, 1.93e-11
2026-06-18, 01:04:35, 8.11e-13, 1.93e-11
2026-06-18, 01:04:38, 7.64e-13, 1.89e-11
2026-06-18, 01:04:41, 8.76e-13, 1.88e-11
2026-06-18, 01:04:44, 8.29e-13, 1.88e-11
2026-06-18, 01:04:48, 8.93e-13, 1.89e-11
2026-06-18, 01:04:51, 8.89e-13, 1.95e-11
2026-06-18, 01:04:54, 8.19e-13, 1.89e-11
2026-06-18, 01:04:57, 8.59e-13, 1.9e-11
2026-06-18, 01:05:00, 8.32e-13, 1.9e-11
2026-06-18, 01:05:04, 8.53e-13, 1.9e-11
2026-06-18, 01:05:07, 9.64e-13, 1.9e-11
2026-06-18, 01:05:10, 8.17e-13, 1.9e-11
2026-06-18, 01:05:13, 7.99e-13, 1.93e-11
2026-06-18, 01:05:17, 7.86e-13, 1.92e-11
2026-06-18, 01:05:20, 8.42e-13, 1.93e-11
2026-06-18, 01:05:23, 7.88e-13, 1.93e-11
2026-06-18, 01:05:26, 8.36e-13, 1.93e-11
2026-06-18, 01:05:29, 1e-12, 1.93e-11
2026-06-18, 01:05:33, 8.08e-13, 1.94e-11
2026-06-18, 01:05:36, 7.91e-13, 1.93e-11
2026-06-18, 01:05:39, 9.57e-13, 1.93e-11
2026-06-18, 01:05:42, 9.21e-13, 1.93e-11
2026-06-18, 01:05:46, 7.95e-13, 1.93e-11
2026-06-18, 01:05:49, 8.05e-13, 1.93e-11
2026-06-18, 01:05:52, 7.98e-13, 1.92e-11
2026-06-18, 01:05:55, 8.28e-13, 1.92e-11
2026-06-18, 01:05:58, 8.45e-13, 1.92e-11
2026-06-18, 01:06:02, 9.73e-13, 1.92e-11
2026-06-18, 01:06:05, 8.2e-13, 1.92e-11
2026-06-18, 01:06:08, 8.72e-13, 1.92e-11
2026-06-18, 01:06:11, 8.24e-13, 1.92e-11
2026-06-18, 01:06:15, 8.95e-13, 1.92e-11
2026-06-18, 01:06:18, 8.39e-13, 1.92e-11
2026-06-18, 01:06:21, 9.36e-13, 1.92e-11
2026-06-18, 01:06:24, 7.79e-13, 1.93e-11
2026-06-18, 01:06:27, 1.01e-12, 1.93e-11
2026-06-18, 01:06:31, 8.84e-13, 1.93e-11
2026-06-18, 01:06:34, 8.47e-13, 1.93e-11
2026-06-18, 01:06:37, 8.64e-13, 1.93e-11
2026-06-18, 01:06:40, 8.06e-13, 1.93e-11
2026-06-18, 01:06:44, 8.19e-13, 1.93e-11
2026-06-18, 01:06:47, 7.84e-13, 1.93e-11
2026-06-18, 01:06:50, 8.23e-13, 1.92e-11
2026-06-18, 01:06:53, 8.55e-13, 1.93e-11
2026-06-18, 01:06:56, 8.38e-13, 1.94e-11
2026-06-18, 01:07:00, 8.3e-13, 1.94e-11
2026-06-18, 01:07:03, 8.42e-13, 1.93e-11
2026-06-18, 01:07:06, 8.2e-13, 1.94e-11
2026-06-18, 01:07:09, 7.74e-13, 1.9e-11
2026-06-18, 01:07:13, 8.38e-13, 1.89e-11
2026-06-18, 01:07:16, 7.45e-13, 1.9e-11
2026-06-18, 01:07:19, 7.8e-13, 1.89e-11
2026-06-18, 01:07:22, 8.31e-13, 1.9e-11
2026-06-18, 01:07:25, 8.23e-13, 1.89e-11
2026-06-18, 01:07:29, 7.82e-13, 1.94e-11
2026-06-18, 01:07:32, 8.62e-13, 1.94e-11
2026-06-18, 01:07:35, 8.45e-13, 1.93e-11
2026-06-18, 01:07:38, 8.64e-13, 1.94e-11
2026-06-18, 01:07:41, 8.08e-13, 1.93e-11
2026-06-18, 01:07:45, 8.7e-13, 1.94e-11
2026-06-18, 01:07:48, 7.84e-13, 1.93e-11
2026-06-18, 01:07:51, 8.5e-13, 1.93e-11
2026-06-18, 01:07:54, 8.27e-13, 1.94e-11
2026-06-18, 01:07:58, 9.03e-13, 1.91e-11
2026-06-18, 01:08:01, 7.53e-13, 1.93e-11
2026-06-18, 01:08:04, 7.85e-13, 1.93e-11
2026-06-18, 01:08:07, 8.46e-13, 1.94e-11
2026-06-18, 01:08:10, 8.42e-13, 1.93e-11
2026-06-18, 01:08:14, 8.33e-13, 1.94e-11
2026-06-18, 01:08:17, 8.2e-13, 1.93e-11
2026-06-18, 01:08:20, 8.71e-13, 1.92e-11
2026-06-18, 01:08:23, 7.91e-13, 1.93e-11
2026-06-18, 01:08:27, 8.07e-13, 1.94e-11
2026-06-18, 01:08:30, 8.37e-13, 1.94e-11
2026-06-18, 01:08:33, 8.52e-13, 1.94e-11
2026-06-18, 01:08:36, 8.16e-13, 1.94e-11
2026-06-18, 01:08:39, 7.4e-13, 1.94e-11
2026-06-18, 01:08:43, 7.23e-13, 1.93e-11
2026-06-18, 01:08:46, 8.58e-13, 1.94e-11
2026-06-18, 01:08:49, 8.58e-13, 1.93e-11
2026-06-18, 01:08:52, 8.27e-13, 1.93e-11
2026-06-18, 01:08:56, 8.6e-13, 1.93e-11
2026-06-18, 01:08:59, 8.12e-13, 1.92e-11
2026-06-18, 01:09:02, 8.47e-13, 1.93e-11
2026-06-18, 01:09:05, 7.99e-13, 1.93e-11
2026-06-18, 01:09:08, 8.92e-13, 1.96e-11
2026-06-18, 01:09:12, 8.17e-13, 1.94e-11
2026-06-18, 01:09:15, 8.57e-13, 1.93e-11
2026-06-18, 01:09:18, 8.72e-13, 1.93e-11
2026-06-18, 01:09:21, 8.66e-13, 1.93e-11
2026-06-18, 01:09:25, 8.18e-13, 1.93e-11
2026-06-18, 01:09:28, 8.14e-13, 1.92e-11
2026-06-18, 01:09:31, 8.52e-13, 1.95e-11
2026-06-18, 01:09:34, 7.07e-13, 1.92e-11
2026-06-18, 01:09:37, 8.7e-13, 1.92e-11
2026-06-18, 01:09:41, 8.11e-13, 1.89e-11
2026-06-18, 01:09:44, 8.31e-13, 1.89e-11
2026-06-18, 01:09:47, 8.68e-13, 1.89e-11
2026-06-18, 01:09:50, 8.51e-13, 1.93e-11
2026-06-18, 01:09:54, 7.08e-13, 1.93e-11
2026-06-18, 01:09:57, 8.57e-13, 1.92e-11
2026-06-18, 01:10:00, 9e-13, 1.93e-11
2026-06-18, 01:10:03, 8.41e-13, 1.93e-11
2026-06-18, 01:10:06, 8.68e-13, 1.92e-11
2026-06-18, 01:10:10, 7.92e-13, 1.92e-11
2026-06-18, 01:10:13, 8.29e-13, 1.93e-11
2026-06-18, 01:10:16, 7.29e-13, 1.93e-11
2026-06-18, 01:10:19, 9.48e-13, 1.93e-11
2026-06-18, 01:10:23, 8.06e-13, 1.94e-11
2026-06-18, 01:10:26, 8.82e-13, 1.94e-11
2026-06-18, 01:10:29, 6.47e-13, 1.93e-11
2026-06-18, 01:10:32, 8.34e-13, 1.94e-11
2026-06-18, 01:10:35, 8.7e-13, 1.94e-11
2026-06-18, 01:10:39, 8.65e-13, 1.94e-11
2026-06-18, 01:10:42, 8.32e-13, 1.98e-11
2026-06-18, 01:10:45, 8.18e-13, 1.93e-11
2026-06-18, 01:10:48, 8.09e-13, 1.94e-11
2026-06-18, 01:10:52, 8.56e-13, 1.93e-11
2026-06-18, 01:10:55, 8.22e-13, 1.93e-11
2026-06-18, 01:10:58, 8.64e-13, 1.93e-11
2026-06-18, 01:11:01, 8.94e-13, 1.93e-11
2026-06-18, 01:11:04, 8.06e-13, 1.93e-11
2026-06-18, 01:11:08, 8.19e-13, 1.93e-11
2026-06-18, 01:11:11, 8.62e-13, 1.93e-11
2026-06-18, 01:11:14, 8.21e-13, 1.92e-11
2026-06-18, 01:11:17, 7.92e-13, 1.92e-11
2026-06-18, 01:11:20, 7.43e-13, 1.92e-11
2026-06-18, 01:11:24, 9.13e-13, 1.92e-11
2026-06-18, 01:11:27, 8.64e-13, 1.92e-11
2026-06-18, 01:11:30, 8.74e-13, 1.93e-11
2026-06-18, 01:11:33, 8.56e-13, 1.93e-11
2026-06-18, 01:11:37, 8.04e-13, 1.93e-11
2026-06-18, 01:11:40, 9.51e-13, 1.92e-11
2026-06-18, 01:11:43, 7.92e-13, 1.9e-11
2026-06-18, 01:11:46, 9.15e-13, 1.89e-11
2026-06-18, 01:11:49, 8.45e-13, 1.89e-11
2026-06-18, 01:11:53, 8.2e-13, 1.89e-11
2026-06-18, 01:11:56, 7.93e-13, 1.89e-11
2026-06-18, 01:11:59, 8.73e-13, 1.89e-11
2026-06-18, 01:12:02, 8.57e-13, 1.89e-11
2026-06-18, 01:12:06, 8.75e-13, 1.93e-11
2026-06-18, 01:12:09, 8.46e-13, 1.93e-11
2026-06-18, 01:12:12, 7.13e-13, 1.93e-11
2026-06-18, 01:12:15, 8.72e-13, 1.93e-11
2026-06-18, 01:12:18, 8.55e-13, 1.94e-11
2026-06-18, 01:12:22, 8.61e-13, 1.93e-11
2026-06-18, 01:12:25, 8.1e-13, 1.93e-11
2026-06-18, 01:12:28, 8.19e-13, 1.93e-11
2026-06-18, 01:12:31, 8.66e-13, 1.94e-11
2026-06-18, 01:12:35, 8.05e-13, 1.94e-11
2026-06-18, 01:12:38, 7.63e-13, 1.94e-11
2026-06-18, 01:12:41, 8.39e-13, 1.93e-11
2026-06-18, 01:12:44, 8.34e-13, 1.93e-11
2026-06-18, 01:12:47, 8.17e-13, 1.93e-11
2026-06-18, 01:12:51, 9.68e-13, 1.92e-11
2026-06-18, 01:12:54, 7.89e-13, 1.94e-11
2026-06-18, 01:12:57, 8.06e-13, 1.92e-11
2026-06-18, 01:13:00, 8.11e-13, 1.96e-11
2026-06-18, 01:13:04, 8.14e-13, 1.93e-11
2026-06-18, 01:13:07, 8.12e-13, 1.92e-11
2026-06-18, 01:13:10, 8.25e-13, 1.92e-11
2026-06-18, 01:13:13, 8.14e-13, 1.92e-11
2026-06-18, 01:13:16, 8.49e-13, 1.93e-11
2026-06-18, 01:13:20, 8.66e-13, 1.93e-11
2026-06-18, 01:13:23, 8.26e-13, 1.93e-11
2026-06-18, 01:13:26, 8.15e-13, 1.93e-11
2026-06-18, 01:13:29, 8.16e-13, 1.93e-11
2026-06-18, 01:13:33, 7.87e-13, 1.94e-11
2026-06-18, 01:13:36, 7.46e-13, 1.95e-11
2026-06-18, 01:13:39, 9.78e-13, 1.94e-11
2026-06-18, 01:13:42, 8.02e-13, 1.92e-11
2026-06-18, 01:13:45, 8.74e-13, 1.94e-11
2026-06-18, 01:13:49, 8.41e-13, 1.94e-11
2026-06-18, 01:13:52, 8.55e-13, 1.92e-11
2026-06-18, 01:13:55, 8.15e-13, 1.93e-11
2026-06-18, 01:13:58, 7.97e-13, 1.92e-11
2026-06-18, 01:14:02, 8.05e-13, 1.93e-11
2026-06-18, 01:14:05, 7.94e-13, 1.93e-11
2026-06-18, 01:14:08, 7.94e-13, 1.93e-11
2026-06-18, 01:14:11, 8.3e-13, 1.93e-11
2026-06-18, 01:14:14, 8.97e-13, 1.94e-11
2026-06-18, 01:14:18, 7.94e-13, 1.94e-11
2026-06-18, 01:14:21, 6.76e-13, 1.93e-11
2026-06-18, 01:14:24, 8.32e-13, 1.94e-11
2026-06-18, 01:14:27, 8.19e-13, 1.93e-11
2026-06-18, 01:14:30, 7.93e-13, 1.94e-11
2026-06-18, 01:14:34, 7.88e-13, 1.9e-11
2026-06-18, 01:14:37, 7.89e-13, 1.92e-11
2026-06-18, 01:14:40, 8.14e-13, 1.96e-11
2026-06-18, 01:14:43, 7.89e-13, 1.92e-11
2026-06-18, 01:14:47, 8.23e-13, 1.93e-11
2026-06-18, 01:14:50, 8.8e-13, 1.93e-11
2026-06-18, 01:14:53, 8.63e-13, 1.93e-11
2026-06-18, 01:14:56, 8.25e-13, 1.93e-11
2026-06-18, 01:14:59, 8.77e-13, 1.94e-11
2026-06-18, 01:15:03, 8.56e-13, 1.94e-11
2026-06-18, 01:15:06, 7.94e-13, 1.93e-11
2026-06-18, 01:15:09, 8.56e-13, 1.95e-11
2026-06-18, 01:15:12, 9.79e-13, 1.95e-11
2026-06-18, 01:15:16, 8.53e-13, 1.94e-11
2026-06-18, 01:15:19, 7.58e-13, 1.94e-11
2026-06-18, 01:15:22, 8.17e-13, 1.94e-11
2026-06-18, 01:15:25, 8.33e-13, 1.94e-11
2026-06-18, 01:15:28, 9.22e-13, 1.94e-11
2026-06-18, 01:15:32, 7.62e-13, 1.93e-11
2026-06-18, 01:15:35, 7.98e-13, 1.95e-11
2026-06-18, 01:15:38, 7.82e-13, 1.94e-11
2026-06-18, 01:15:41, 8.93e-13, 1.93e-11
2026-06-18, 01:15:45, 8.11e-13, 1.95e-11
2026-06-18, 01:15:48, 8.33e-13, 1.94e-11
2026-06-18, 01:15:51, 8.26e-13, 1.94e-11
2026-06-18, 01:15:54, 8.51e-13, 1.94e-11
2026-06-18, 01:15:57, 8.53e-13, 1.94e-11
2026-06-18, 01:16:01, 8.13e-13, 1.95e-11
2026-06-18, 01:16:04, 7.92e-13, 1.95e-11
2026-06-18, 01:16:07, 7.82e-13, 1.95e-11
2026-06-18, 01:16:10, 7.8e-13, 1.95e-11
2026-06-18, 01:16:14, 7.81e-13, 1.95e-11
2026-06-18, 01:16:17, 7.97e-13, 1.95e-11
2026-06-18, 01:16:20, 8.54e-13, 1.95e-11
2026-06-18, 01:16:23, 7.83e-13, 1.95e-11
2026-06-18, 01:16:26, 8.21e-13, 1.95e-11
2026-06-18, 01:16:30, 8.05e-13, 1.95e-11
2026-06-18, 01:16:33, 7.59e-13, 1.96e-11
2026-06-18, 01:16:36, 8.6e-13, 1.95e-11
2026-06-18, 01:16:39, 9.02e-13, 1.95e-11
2026-06-18, 01:16:43, 8.22e-13, 1.94e-11
2026-06-18, 01:16:46, 7.67e-13, 1.95e-11
2026-06-18, 01:16:49, 8.38e-13, 1.96e-11
2026-06-18, 01:16:52, 8.35e-13, 1.95e-11
2026-06-18, 01:16:55, 8.45e-13, 1.94e-11
2026-06-18, 01:16:59, 8.94e-13, 1.95e-11
2026-06-18, 01:17:02, 8.38e-13, 1.95e-11
2026-06-18, 01:17:05, 8.45e-13, 1.94e-11
2026-06-18, 01:17:08, 8.6e-13, 1.95e-11
2026-06-18, 01:17:12, 7.63e-13, 1.95e-11
2026-06-18, 01:17:15, 8.22e-13, 1.95e-11
2026-06-18, 01:17:18, 7.93e-13, 1.95e-11
2026-06-18, 01:17:21, 8.96e-13, 1.95e-11
2026-06-18, 01:17:24, 9.08e-13, 1.94e-11
2026-06-18, 01:17:28, 8.51e-13, 1.94e-11
2026-06-18, 01:17:31, 8.29e-13, 1.95e-11
2026-06-18, 01:17:34, 8.02e-13, 1.94e-11
2026-06-18, 01:17:37, 8.24e-13, 1.94e-11
2026-06-18, 01:17:41, 1.03e-12, 1.94e-11
2026-06-18, 01:17:44, 8.08e-13, 1.94e-11
2026-06-18, 01:17:47, 8.97e-13, 1.95e-11
2026-06-18, 01:17:50, 9.76e-13, 1.93e-11
2026-06-18, 01:17:53, 7.83e-13, 1.95e-11
2026-06-18, 01:17:57, 8.36e-13, 1.94e-11
2026-06-18, 01:18:00, 8.61e-13, 1.94e-11
2026-06-18, 01:18:03, 8.62e-13, 1.94e-11
2026-06-18, 01:18:06, 8.08e-13, 1.94e-11
2026-06-18, 01:18:09, 8.43e-13, 1.94e-11
2026-06-18, 01:18:13, 8.82e-13, 1.95e-11
2026-06-18, 01:18:16, 8.98e-13, 1.94e-11
2026-06-18, 01:18:19, 9.47e-13, 1.94e-11
2026-06-18, 01:18:22, 7.96e-13, 1.94e-11
2026-06-18, 01:18:26, 7.87e-13, 1.95e-11
2026-06-18, 01:18:29, 8.2e-13, 1.94e-11
2026-06-18, 01:18:32, 8.68e-13, 1.94e-11
2026-06-18, 01:18:35, 8.65e-13, 1.94e-11
2026-06-18, 01:18:38, 8.4e-13, 1.94e-11
2026-06-18, 01:18:42, 7.92e-13, 1.93e-11
2026-06-18, 01:18:45, 7.79e-13, 1.94e-11
2026-06-18, 01:18:48, 9.13e-13, 1.94e-11
2026-06-18, 01:18:51, 8.04e-13, 1.94e-11
2026-06-18, 01:18:55, 8.22e-13, 1.94e-11
2026-06-18, 01:18:58, 7.83e-13, 1.94e-11
2026-06-18, 01:19:01, 8.64e-13, 1.94e-11
2026-06-18, 01:19:04, 8.52e-13, 1.94e-11
2026-06-18, 01:19:07, 8.14e-13, 1.95e-11
2026-06-18, 01:19:11, 8.08e-13, 1.94e-11
2026-06-18, 01:19:14, 7.78e-13, 1.95e-11
2026-06-18, 01:19:17, 8.37e-13, 1.96e-11
2026-06-18, 01:19:20, 8.13e-13, 1.95e-11
2026-06-18, 01:19:24, 8.26e-13, 2e-11
2026-06-18, 01:19:27, 8.53e-13, 1.95e-11
2026-06-18, 01:19:30, 8.41e-13, 1.94e-11
2026-06-18, 01:19:33, 6.64e-13, 1.95e-11
2026-06-18, 01:19:36, 8.03e-13, 1.95e-11
2026-06-18, 01:19:40, 8.18e-13, 1.94e-11
2026-06-18, 01:19:43, 8.33e-13, 1.93e-11
2026-06-18, 01:19:46, 8.12e-13, 1.94e-11
2026-06-18, 01:19:49, 8.65e-13, 1.94e-11
2026-06-18, 01:19:53, 8.25e-13, 1.93e-11
2026-06-18, 01:19:56, 8.05e-13, 1.93e-11
2026-06-18, 01:19:59, 8.72e-13, 1.93e-11
2026-06-18, 01:20:02, 8.54e-13, 1.94e-11
2026-06-18, 01:20:05, 8.16e-13, 1.96e-11
2026-06-18, 01:20:09, 7.96e-13, 1.94e-11
2026-06-18, 01:20:12, 8.8e-13, 1.94e-11
2026-06-18, 01:20:15, 8.87e-13, 1.93e-11
2026-06-18, 01:20:18, 8.5e-13, 1.94e-11
2026-06-18, 01:20:22, 7.71e-13, 1.93e-11
2026-06-18, 01:20:25, 7.66e-13, 1.94e-11
2026-06-18, 01:20:28, 8.3e-13, 1.94e-11
2026-06-18, 01:20:31, 8.5e-13, 1.94e-11
2026-06-18, 01:20:34, 8.51e-13, 1.94e-11
2026-06-18, 01:20:38, 8.3e-13, 1.94e-11
2026-06-18, 01:20:41, 8.42e-13, 1.95e-11
2026-06-18, 01:20:44, 8.27e-13, 1.95e-11
2026-06-18, 01:20:47, 8.01e-13, 1.94e-11
2026-06-18, 01:20:50, 8.28e-13, 1.95e-11
2026-06-18, 01:20:54, 8.35e-13, 1.93e-11
2026-06-18, 01:20:57, 8.22e-13, 1.94e-11
2026-06-18, 01:21:00, 8.66e-13, 1.94e-11
2026-06-18, 01:21:03, 8.26e-13, 1.93e-11
2026-06-18, 01:21:07, 8.35e-13, 1.94e-11
2026-06-18, 01:21:10, 8.01e-13, 1.94e-11
2026-06-18, 01:21:13, 8.23e-13, 1.96e-11
2026-06-18, 01:21:16, 8.21e-13, 1.95e-11
2026-06-18, 01:21:19, 8.41e-13, 1.95e-11
2026-06-18, 01:21:23, 8.6e-13, 1.95e-11
2026-06-18, 01:21:26, 8.2e-13, 1.95e-11
2026-06-18, 01:21:29, 9.6e-13, 1.94e-11
2026-06-18, 01:21:32, 8.85e-13, 1.94e-11
2026-06-18, 01:21:36, 8.25e-13, 1.94e-11
2026-06-18, 01:21:39, 6.91e-13, 1.94e-11
2026-06-18, 01:21:42, 8.33e-13, 1.95e-11
2026-06-18, 01:21:45, 8.5e-13, 1.95e-11
2026-06-18, 01:21:48, 7.34e-13, 1.93e-11
2026-06-18, 01:21:52, 7.57e-13, 1.95e-11
2026-06-18, 01:21:55, 8.17e-13, 1.95e-11
2026-06-18, 01:21:58, 7.68e-13, 1.95e-11
2026-06-18, 01:22:01, 8.07e-13, 1.94e-11
2026-06-18, 01:22:05, 9.48e-13, 1.95e-11
2026-06-18, 01:22:08, 8.63e-13, 1.93e-11
2026-06-18, 01:22:11, 8.77e-13, 1.93e-11
2026-06-18, 01:22:14, 7.46e-13, 1.95e-11
2026-06-18, 01:22:17, 8.2e-13, 1.94e-11
2026-06-18, 01:22:21, 7.17e-13, 1.94e-11
2026-06-18, 01:22:24, 7.93e-13, 1.91e-11
2026-06-18, 01:22:27, 8.42e-13, 1.91e-11
2026-06-18, 01:22:30, 8.12e-13, 1.91e-11
2026-06-18, 01:22:34, 8.08e-13, 1.91e-11
2026-06-18, 01:22:37, 8.33e-13, 1.91e-11
2026-06-18, 01:22:40, 8.79e-13, 1.91e-11
2026-06-18, 01:22:43, 8.35e-13, 1.91e-11
2026-06-18, 01:22:46, 7.46e-13, 1.91e-11
2026-06-18, 01:22:50, 8.41e-13, 1.91e-11
2026-06-18, 01:22:53, 8.04e-13, 1.9e-11
2026-06-18, 01:22:56, 7.81e-13, 1.91e-11
2026-06-18, 01:22:59, 7.97e-13, 1.91e-11
2026-06-18, 01:23:03, 8.1e-13, 1.91e-11
2026-06-18, 01:23:06, 8.32e-13, 1.91e-11
2026-06-18, 01:23:09, 8.02e-13, 1.95e-11
2026-06-18, 01:23:12, 8.82e-13, 1.94e-11
2026-06-18, 01:23:15, 7.42e-13, 1.94e-11
2026-06-18, 01:23:19, 8.22e-13, 1.95e-11
2026-06-18, 01:23:22, 8.41e-13, 1.94e-11
2026-06-18, 01:23:25, 8.31e-13, 1.95e-11
2026-06-18, 01:23:28, 8.45e-13, 1.95e-11
2026-06-18, 01:23:32, 8.74e-13, 1.94e-11
2026-06-18, 01:23:35, 8.2e-13, 1.95e-11
2026-06-18, 01:23:38, 8.18e-13, 1.95e-11
2026-06-18, 01:23:41, 9.03e-13, 1.92e-11
2026-06-18, 01:23:44, 8.03e-13, 1.95e-11
2026-06-18, 01:23:48, 8.52e-13, 1.94e-11
2026-06-18, 01:23:51, 8.34e-13, 1.93e-11
2026-06-18, 01:23:54, 8.25e-13, 1.94e-11
2026-06-18, 01:23:57, 8.06e-13, 1.94e-11
2026-06-18, 01:24:01, 8.6e-13, 1.94e-11
2026-06-18, 01:24:04, 8.51e-13, 1.94e-11
2026-06-18, 01:24:07, 8.64e-13, 1.95e-11
2026-06-18, 01:24:10, 8.54e-13, 1.95e-11
2026-06-18, 01:24:13, 8.02e-13, 1.94e-11
2026-06-18, 01:24:17, 9.76e-13, 1.95e-11
2026-06-18, 01:24:20, 7.98e-13, 1.94e-11
2026-06-18, 01:24:23, 8.56e-13, 1.94e-11
2026-06-18, 01:24:26, 8.57e-13, 1.95e-11
2026-06-18, 01:24:29, 8.53e-13, 1.95e-11
2026-06-18, 01:24:33, 7.88e-13, 1.95e-11
2026-06-18, 01:24:36, 8.33e-13, 1.95e-11
2026-06-18, 01:24:39, 8.42e-13, 1.94e-11
2026-06-18, 01:24:42, 8.11e-13, 1.95e-11
2026-06-18, 01:24:46, 8e-13, 1.95e-11
2026-06-18, 01:24:49, 7.79e-13, 1.95e-11
2026-06-18, 01:24:52, 8.84e-13, 1.95e-11
2026-06-18, 01:24:55, 8.27e-13, 1.95e-11
2026-06-18, 01:24:58, 8.46e-13, 1.94e-11
2026-06-18, 01:25:02, 7.82e-13, 1.94e-11
2026-06-18, 01:25:05, 7.98e-13, 1.94e-11
2026-06-18, 01:25:08, 8.29e-13, 1.94e-11
2026-06-18, 01:25:11, 7.46e-13, 1.95e-11
2026-06-18, 01:25:15, 8.11e-13, 1.95e-11
2026-06-18, 01:25:18, 7.98e-13, 1.95e-11
2026-06-18, 01:25:21, 9.05e-13, 1.95e-11
2026-06-18, 01:25:24, 8.42e-13, 1.95e-11
2026-06-18, 01:25:27, 8.17e-13, 1.95e-11
2026-06-18, 01:25:31, 8.48e-13, 1.93e-11
2026-06-18, 01:25:34, 8.17e-13, 1.95e-11
2026-06-18, 01:25:37, 7.98e-13, 1.95e-11
2026-06-18, 01:25:40, 7.84e-13, 1.9e-11
2026-06-18, 01:25:44, 8.54e-13, 1.91e-11
2026-06-18, 01:25:47, 8.33e-13, 1.92e-11
2026-06-18, 01:25:50, 7.63e-13, 1.95e-11
2026-06-18, 01:25:53, 8.59e-13, 1.95e-11
2026-06-18, 01:25:56, 8.53e-13, 1.95e-11
2026-06-18, 01:26:00, 8.56e-13, 1.96e-11
2026-06-18, 01:26:03, 8.81e-13, 1.94e-11
2026-06-18, 01:26:06, 8.47e-13, 1.94e-11
2026-06-18, 01:26:09, 8.6e-13, 1.94e-11
2026-06-18, 01:26:13, 7.87e-13, 1.94e-11
2026-06-18, 01:26:16, 8.19e-13, 1.94e-11
2026-06-18, 01:26:19, 8.38e-13, 1.94e-11
2026-06-18, 01:26:22, 8.55e-13, 1.94e-11
2026-06-18, 01:26:25, 7.74e-13, 1.94e-11
2026-06-18, 01:26:29, 8.33e-13, 1.93e-11
2026-06-18, 01:26:32, 9.42e-13, 1.94e-11
2026-06-18, 01:26:35, 8.41e-13, 1.95e-11
2026-06-18, 01:26:38, 7.96e-13, 1.95e-11
2026-06-18, 01:26:42, 8.18e-13, 1.95e-11
2026-06-18, 01:26:45, 7.96e-13, 1.95e-11
2026-06-18, 01:26:48, 8.22e-13, 1.94e-11
2026-06-18, 01:26:51, 7.75e-13, 1.95e-11
2026-06-18, 01:26:54, 8.12e-13, 1.93e-11
2026-06-18, 01:26:58, 8.71e-13, 1.94e-11
2026-06-18, 01:27:01, 7.93e-13, 1.95e-11
2026-06-18, 01:27:04, 7.97e-13, 1.94e-11
2026-06-18, 01:27:07, 8.54e-13, 1.94e-11
2026-06-18, 01:27:10, 9.18e-13, 1.94e-11
2026-06-18, 01:27:14, 8.36e-13, 1.93e-11
2026-06-18, 01:27:17, 8.69e-13, 1.94e-11
2026-06-18, 01:27:20, 8.13e-13, 1.95e-11
2026-06-18, 01:27:23, 8.06e-13, 1.94e-11
2026-06-18, 01:27:27, 8.4e-13, 1.94e-11
2026-06-18, 01:27:30, 8.37e-13, 1.93e-11
2026-06-18, 01:27:33, 8.88e-13, 1.95e-11
2026-06-18, 01:27:36, 8.4e-13, 1.94e-11
2026-06-18, 01:27:40, 8.05e-13, 1.94e-11
2026-06-18, 01:27:43, 8.75e-13, 1.94e-11
2026-06-18, 01:27:46, 8.6e-13, 1.93e-11
2026-06-18, 01:27:49, 7.55e-13, 1.93e-11
2026-06-18, 01:27:52, 7.59e-13, 1.94e-11
2026-06-18, 01:27:56, 7.07e-13, 1.93e-11
2026-06-18, 01:27:59, 7.76e-13, 1.94e-11
2026-06-18, 01:28:02, 8.61e-13, 1.93e-11
2026-06-18, 01:28:05, 8.27e-13, 1.94e-11
2026-06-18, 01:28:08, 7.67e-13, 1.94e-11
2026-06-18, 01:28:12, 8.39e-13, 1.95e-11
2026-06-18, 01:28:15, 8.09e-13, 1.95e-11
2026-06-18, 01:28:18, 8.22e-13, 1.95e-11
2026-06-18, 01:28:21, 8.31e-13, 1.96e-11
2026-06-18, 01:28:25, 8.44e-13, 1.95e-11
2026-06-18, 01:28:28, 8.59e-13, 1.95e-11
2026-06-18, 01:28:31, 8.02e-13, 1.95e-11
2026-06-18, 01:28:34, 8.54e-13, 1.94e-11
2026-06-18, 01:28:37, 8.43e-13, 1.95e-11
2026-06-18, 01:28:41, 7.99e-13, 1.95e-11
2026-06-18, 01:28:44, 7.68e-13, 1.95e-11
2026-06-18, 01:28:47, 7.4e-13, 1.95e-11
2026-06-18, 01:28:50, 8.59e-13, 1.95e-11
2026-06-18, 01:28:54, 8.1e-13, 1.95e-11
2026-06-18, 01:28:57, 8.04e-13, 1.95e-11
2026-06-18, 01:29:00, 8.13e-13, 1.94e-11
2026-06-18, 01:29:03, 9.63e-13, 1.95e-11
2026-06-18, 01:29:06, 8.56e-13, 1.94e-11
2026-06-18, 01:29:10, 9.91e-13, 1.94e-11
2026-06-18, 01:29:13, 8.17e-13, 1.94e-11
2026-06-18, 01:29:16, 8.04e-13, 1.94e-11
2026-06-18, 01:29:19, 8.48e-13, 1.94e-11
2026-06-18, 01:29:23, 8.28e-13, 1.93e-11
2026-06-18, 01:29:26, 8.59e-13, 1.94e-11
2026-06-18, 01:29:29, 8.12e-13, 1.94e-11
2026-06-18, 01:29:32, 8.35e-13, 1.94e-11
2026-06-18, 01:29:35, 8.46e-13, 1.93e-11
2026-06-18, 01:29:39, 7.74e-13, 1.95e-11
2026-06-18, 01:29:42, 7.95e-13, 1.95e-11
2026-06-18, 01:29:45, 8.97e-13, 1.95e-11
2026-06-18, 01:29:48, 8.28e-13, 1.95e-11
2026-06-18, 01:29:52, 8.71e-13, 1.95e-11
2026-06-18, 01:29:55, 7.74e-13, 1.95e-11
2026-06-18, 01:29:58, 8.07e-13, 1.95e-11
2026-06-18, 01:30:01, 7.94e-13, 1.95e-11
2026-06-18, 01:30:04, 8.1e-13, 1.94e-11
2026-06-18, 01:30:08, 8.74e-13, 1.94e-11
2026-06-18, 01:30:11, 8.13e-13, 1.94e-11
2026-06-18, 01:30:14, 8.26e-13, 1.94e-11
2026-06-18, 01:30:17, 7.92e-13, 1.94e-11
2026-06-18, 01:30:21, 8.42e-13, 1.94e-11
2026-06-18, 01:30:24, 8.62e-13, 1.94e-11
2026-06-18, 01:30:27, 8.12e-13, 1.95e-11
2026-06-18, 01:30:30, 7.62e-13, 1.94e-11
2026-06-18, 01:30:33, 8.27e-13, 1.94e-11
2026-06-18, 01:30:37, 8.34e-13, 1.95e-11
2026-06-18, 01:30:40, 8.58e-13, 1.95e-11
2026-06-18, 01:30:43, 8.39e-13, 1.95e-11
2026-06-18, 01:30:46, 7.97e-13, 1.95e-11
2026-06-18, 01:30:50, 9.11e-13, 1.95e-11
2026-06-18, 01:30:53, 7.64e-13, 1.9e-11
2026-06-18, 01:30:56, 8.36e-13, 1.91e-11
2026-06-18, 01:30:59, 8.31e-13, 1.9e-11
2026-06-18, 01:31:02, 7.83e-13, 1.9e-11
2026-06-18, 01:31:06, 8.47e-13, 1.89e-11
2026-06-18, 01:31:09, 8.62e-13, 1.93e-11
2026-06-18, 01:31:12, 7.85e-13, 1.94e-11
2026-06-18, 01:31:15, 8.38e-13, 1.94e-11
2026-06-18, 01:31:19, 8.12e-13, 1.94e-11
2026-06-18, 01:31:22, 8.3e-13, 1.95e-11
2026-06-18, 01:31:25, 8.54e-13, 1.95e-11
2026-06-18, 01:31:28, 8.26e-13, 1.95e-11
2026-06-18, 01:31:31, 7.98e-13, 1.95e-11
2026-06-18, 01:31:35, 8.03e-13, 1.93e-11
2026-06-18, 01:31:38, 8.81e-13, 1.94e-11
2026-06-18, 01:31:41, 8.1e-13, 1.94e-11
2026-06-18, 01:31:44, 7.93e-13, 1.94e-11
2026-06-18, 01:31:47, 8.37e-13, 1.94e-11
2026-06-18, 01:31:51, 8.1e-13, 1.95e-11
2026-06-18, 01:31:54, 8.17e-13, 1.94e-11
2026-06-18, 01:31:57, 9.2e-13, 1.95e-11
2026-06-18, 01:32:00, 8.49e-13, 1.95e-11
2026-06-18, 01:32:04, 8.15e-13, 1.95e-11
2026-06-18, 01:32:07, 8.53e-13, 1.95e-11
2026-06-18, 01:32:10, 7.99e-13, 1.94e-11
2026-06-18, 01:32:13, 8.5e-13, 1.95e-11
2026-06-18, 01:32:16, 8.71e-13, 1.94e-11
2026-06-18, 01:32:20, 9.01e-13, 1.94e-11
2026-06-18, 01:32:23, 8.47e-13, 1.94e-11
2026-06-18, 01:32:26, 8.91e-13, 1.94e-11
2026-06-18, 01:32:29, 7.64e-13, 1.94e-11
2026-06-18, 01:32:33, 8.48e-13, 1.93e-11
2026-06-18, 01:32:36, 7.96e-13, 1.94e-11
2026-06-18, 01:32:39, 8.62e-13, 1.93e-11
2026-06-18, 01:32:42, 8e-13, 1.93e-11
2026-06-18, 01:32:45, 7.99e-13, 1.93e-11
2026-06-18, 01:32:49, 7.97e-13, 1.93e-11
2026-06-18, 01:32:52, 7.88e-13, 1.89e-11
2026-06-18, 01:32:55, 8.24e-13, 1.88e-11
2026-06-18, 01:32:58, 7.48e-13, 1.9e-11
2026-06-18, 01:33:02, 8.74e-13, 1.9e-11
2026-06-18, 01:33:05, 8.7e-13, 1.92e-11
2026-06-18, 01:33:08, 8.41e-13, 1.92e-11
2026-06-18, 01:33:11, 8.46e-13, 1.89e-11
2026-06-18, 01:33:14, 8.01e-13, 1.94e-11
2026-06-18, 01:33:18, 7.88e-13, 1.92e-11
2026-06-18, 01:33:21, 8.14e-13, 1.88e-11
2026-06-18, 01:33:24, 8.81e-13, 1.89e-11
2026-06-18, 01:33:27, 7.88e-13, 1.88e-11
2026-06-18, 01:33:31, 7.9e-13, 1.89e-11
2026-06-18, 01:33:34, 8.47e-13, 1.89e-11
2026-06-18, 01:33:37, 8.36e-13, 1.93e-11
2026-06-18, 01:33:40, 8.22e-13, 1.94e-11
2026-06-18, 01:33:43, 8.72e-13, 1.94e-11
2026-06-18, 01:33:47, 8.49e-13, 1.94e-11
2026-06-18, 01:33:50, 8.16e-13, 1.94e-11
2026-06-18, 01:33:53, 8.32e-13, 1.95e-11
2026-06-18, 01:33:56, 8.3e-13, 1.95e-11
2026-06-18, 01:34:00, 7.74e-13, 1.94e-11
2026-06-18, 01:34:03, 7.88e-13, 1.95e-11
2026-06-18, 01:34:06, 8.77e-13, 1.94e-11
2026-06-18, 01:34:09, 7.77e-13, 1.94e-11
2026-06-18, 01:34:12, 8.42e-13, 1.93e-11
2026-06-18, 01:34:16, 9.4e-13, 1.93e-11
2026-06-18, 01:34:19, 8.45e-13, 1.94e-11
2026-06-18, 01:34:22, 8.52e-13, 1.94e-11
2026-06-18, 01:34:25, 8.18e-13, 1.95e-11
2026-06-18, 01:34:29, 8.77e-13, 1.94e-11
2026-06-18, 01:34:32, 8.6e-13, 1.94e-11
2026-06-18, 01:34:35, 7.91e-13, 1.95e-11
2026-06-18, 01:34:38, 8.09e-13, 1.95e-11
2026-06-18, 01:34:41, 8.42e-13, 1.94e-11
2026-06-18, 01:34:45, 8.24e-13, 1.94e-11
2026-06-18, 01:34:48, 8.68e-13, 1.94e-11
2026-06-18, 01:34:51, 8.4e-13, 1.9e-11
2026-06-18, 01:34:54, 9.34e-13, 1.89e-11
2026-06-18, 01:34:58, 8.04e-13, 1.89e-11
2026-06-18, 01:35:01, 9.1e-13, 1.9e-11
2026-06-18, 01:35:04, 8.45e-13, 1.94e-11
2026-06-18, 01:35:07, 9.27e-13, 1.94e-11
2026-06-18, 01:35:10, 8.49e-13, 1.94e-11
2026-06-18, 01:35:14, 9.19e-13, 1.93e-11
2026-06-18, 01:35:17, 7.94e-13, 1.94e-11
2026-06-18, 01:35:20, 9.57e-13, 1.94e-11
2026-06-18, 01:35:23, 8.06e-13, 1.93e-11
2026-06-18, 01:35:27, 7.96e-13, 1.93e-11
2026-06-18, 01:35:30, 8.32e-13, 1.93e-11
2026-06-18, 01:35:33, 8.34e-13, 1.94e-11
2026-06-18, 01:35:36, 8.17e-13, 1.95e-11
2026-06-18, 01:35:39, 9.41e-13, 1.94e-11
2026-06-18, 01:35:43, 9.1e-13, 1.94e-11
2026-06-18, 01:35:46, 8.09e-13, 1.95e-11
2026-06-18, 01:35:49, 7.78e-13, 1.94e-11
2026-06-18, 01:35:52, 8.93e-13, 1.92e-11
2026-06-18, 01:35:55, 8.43e-13, 1.9e-11
2026-06-18, 01:35:59, 8.77e-13, 1.89e-11
2026-06-18, 01:36:02, 8.52e-13, 1.9e-11
2026-06-18, 01:36:05, 7.9e-13, 1.89e-11
2026-06-18, 01:36:08, 7.89e-13, 1.89e-11
2026-06-18, 01:36:12, 8.6e-13, 1.91e-11
2026-06-18, 01:36:15, 8.47e-13, 1.88e-11
2026-06-18, 01:36:18, 9.82e-13, 1.9e-11
2026-06-18, 01:36:21, 8.31e-13, 1.89e-11
2026-06-18, 01:36:25, 9.01e-13, 1.89e-11
2026-06-18, 01:36:28, 8.48e-13, 1.94e-11
2026-06-18, 01:36:31, 8.53e-13, 1.94e-11
2026-06-18, 01:36:34, 8.41e-13, 1.93e-11
2026-06-18, 01:36:37, 8.59e-13, 1.93e-11
2026-06-18, 01:36:41, 8.14e-13, 1.93e-11
2026-06-18, 01:36:44, 8.13e-13, 1.94e-11
2026-06-18, 01:36:47, 8.03e-13, 1.94e-11
2026-06-18, 01:36:50, 9.12e-13, 1.93e-11
2026-06-18, 01:36:53, 8.48e-13, 1.9e-11
2026-06-18, 01:36:57, 8.91e-13, 1.91e-11
2026-06-18, 01:37:00, 7.65e-13, 1.93e-11
2026-06-18, 01:37:03, 8.34e-13, 1.93e-11
2026-06-18, 01:37:06, 9.14e-13, 1.94e-11
2026-06-18, 01:37:10, 8.25e-13, 1.93e-11
2026-06-18, 01:37:13, 8.37e-13, 1.94e-11
2026-06-18, 01:37:16, 7.69e-13, 1.93e-11
2026-06-18, 01:37:19, 8.5e-13, 1.94e-11
2026-06-18, 01:37:22, 8.59e-13, 1.94e-11
2026-06-18, 01:37:26, 8.24e-13, 1.93e-11
2026-06-18, 01:37:29, 8.58e-13, 1.93e-11
2026-06-18, 01:37:32, 7.67e-13, 1.93e-11
2026-06-18, 01:37:35, 8.22e-13, 1.93e-11
2026-06-18, 01:37:39, 7.91e-13, 1.95e-11
2026-06-18, 01:37:42, 8.15e-13, 1.94e-11
2026-06-18, 01:37:45, 8.5e-13, 1.94e-11
2026-06-18, 01:37:48, 7.56e-13, 1.94e-11
2026-06-18, 01:37:51, 9.45e-13, 1.94e-11
2026-06-18, 01:37:55, 8.54e-13, 1.94e-11
2026-06-18, 01:37:58, 9.2e-13, 1.94e-11
2026-06-18, 01:38:01, 8.38e-13, 1.94e-11
2026-06-18, 01:38:04, 8.44e-13, 1.93e-11
2026-06-18, 01:38:08, 8.18e-13, 1.93e-11
2026-06-18, 01:38:11, 8.48e-13, 1.92e-11
2026-06-18, 01:38:14, 7.85e-13, 1.93e-11
2026-06-18, 01:38:17, 8.6e-13, 1.94e-11
2026-06-18, 01:38:20, 8.81e-13, 1.9e-11
2026-06-18, 01:38:24, 7.72e-13, 1.9e-11
2026-06-18, 01:38:27, 8.75e-13, 1.9e-11
2026-06-18, 01:38:30, 8.56e-13, 1.89e-11
2026-06-18, 01:38:33, 8.05e-13, 1.89e-11
2026-06-18, 01:38:37, 7.88e-13, 1.89e-11
2026-06-18, 01:38:40, 7.86e-13, 1.89e-11
2026-06-18, 01:38:43, 7.78e-13, 1.89e-11
2026-06-18, 01:38:46, 8.42e-13, 1.89e-11
2026-06-18, 01:38:49, 8.02e-13, 1.9e-11
2026-06-18, 01:38:53, 7.99e-13, 1.9e-11
2026-06-18, 01:38:56, 8.97e-13, 1.89e-11
2026-06-18, 01:38:59, 8.87e-13, 1.9e-11
2026-06-18, 01:39:02, 8.46e-13, 1.93e-11
2026-06-18, 01:39:06, 8.73e-13, 1.93e-11
2026-06-18, 01:39:09, 8.32e-13, 1.93e-11
2026-06-18, 01:39:12, 8.35e-13, 1.92e-11
2026-06-18, 01:39:15, 8.9e-13, 1.92e-11
2026-06-18, 01:39:18, 8.18e-13, 1.93e-11
2026-06-18, 01:39:22, 8.64e-13, 1.92e-11
2026-06-18, 01:39:25, 8.09e-13, 1.93e-11
2026-06-18, 01:39:28, 7.9e-13, 1.94e-11
2026-06-18, 01:39:31, 7.9e-13, 1.93e-11
2026-06-18, 01:39:34, 8.22e-13, 1.93e-11
2026-06-18, 01:39:38, 8.06e-13, 1.92e-11
2026-06-18, 01:39:41, 8.48e-13, 1.92e-11
2026-06-18, 01:39:44, 8.21e-13, 1.93e-11
2026-06-18, 01:39:47, 9.02e-13, 1.92e-11
2026-06-18, 01:39:51, 8.74e-13, 1.93e-11
2026-06-18, 01:39:54, 6.36e-13, 1.94e-11
2026-06-18, 01:39:57, 7.89e-13, 1.94e-11
2026-06-18, 01:40:00, 8.16e-13, 1.94e-11
2026-06-18, 01:40:03, 8.23e-13, 1.94e-11
2026-06-18, 01:40:07, 8.26e-13, 1.93e-11
2026-06-18, 01:40:10, 8.38e-13, 1.94e-11
2026-06-18, 01:40:13, 8.81e-13, 1.94e-11
2026-06-18, 01:40:16, 8.52e-13, 1.94e-11
2026-06-18, 01:40:20, 8.24e-13, 1.9e-11
2026-06-18, 01:40:23, 7.94e-13, 1.89e-11
2026-06-18, 01:40:26, 8.65e-13, 1.89e-11
2026-06-18, 01:40:29, 8.2e-13, 1.93e-11
2026-06-18, 01:40:32, 8.34e-13, 1.94e-11
2026-06-18, 01:40:36, 7.96e-13, 1.93e-11
2026-06-18, 01:40:39, 9.74e-13, 1.94e-11
2026-06-18, 01:40:42, 8.4e-13, 1.94e-11
2026-06-18, 01:40:45, 8.38e-13, 1.95e-11
2026-06-18, 01:40:49, 8.29e-13, 1.93e-11
2026-06-18, 01:40:52, 8.68e-13, 1.94e-11
2026-06-18, 01:40:55, 8.01e-13, 1.93e-11
2026-06-18, 01:40:58, 8.47e-13, 1.93e-11
2026-06-18, 01:41:01, 7.85e-13, 1.93e-11
2026-06-18, 01:41:05, 8.2e-13, 1.94e-11
2026-06-18, 01:41:08, 8.73e-13, 1.92e-11
2026-06-18, 01:41:11, 8.29e-13, 1.93e-11
2026-06-18, 01:41:14, 8.8e-13, 1.93e-11
2026-06-18, 01:41:18, 8.8e-13, 1.92e-11
2026-06-18, 01:41:21, 8.26e-13, 1.92e-11
2026-06-18, 01:41:24, 7.95e-13, 1.91e-11
2026-06-18, 01:41:27, 8.96e-13, 1.92e-11
2026-06-18, 01:41:30, 8.38e-13, 1.92e-11
2026-06-18, 01:41:34, 7.95e-13, 1.92e-11
2026-06-18, 01:41:37, 8.41e-13, 1.92e-11
2026-06-18, 01:41:40, 8.25e-13, 1.91e-11
2026-06-18, 01:41:43, 7.84e-13, 1.92e-11
2026-06-18, 01:41:47, 8.33e-13, 1.92e-11
2026-06-18, 01:41:50, 8.66e-13, 1.88e-11
2026-06-18, 01:41:53, 8.17e-13, 1.88e-11
2026-06-18, 01:41:56, 8.17e-13, 1.9e-11
2026-06-18, 01:41:59, 7.67e-13, 1.88e-11
2026-06-18, 01:42:03, 7.74e-13, 1.88e-11
2026-06-18, 01:42:06, 8.34e-13, 1.89e-11
2026-06-18, 01:42:09, 8.58e-13, 1.88e-11
2026-06-18, 01:42:12, 8.5e-13, 1.89e-11
2026-06-18, 01:42:16, 8.76e-13, 1.93e-11
2026-06-18, 01:42:19, 7.93e-13, 1.94e-11
2026-06-18, 01:42:22, 8.47e-13, 1.93e-11
2026-06-18, 01:42:25, 7.04e-13, 1.92e-11
2026-06-18, 01:42:28, 8.47e-13, 1.92e-11
2026-06-18, 01:42:32, 7.68e-13, 1.93e-11
2026-06-18, 01:42:35, 8.53e-13, 1.93e-11
2026-06-18, 01:42:38, 7.71e-13, 1.92e-11
2026-06-18, 01:42:41, 8.06e-13, 1.92e-11
2026-06-18, 01:42:45, 8.68e-13, 1.93e-11
2026-06-18, 01:42:48, 7.84e-13, 1.92e-11
2026-06-18, 01:42:51, 8.44e-13, 1.92e-11
2026-06-18, 01:42:54, 8.48e-13, 1.92e-11
2026-06-18, 01:42:57, 8.91e-13, 1.92e-11
2026-06-18, 01:43:01, 8.14e-13, 1.92e-11
2026-06-18, 01:43:04, 7.99e-13, 1.88e-11
2026-06-18, 01:43:07, 7.83e-13, 1.89e-11
2026-06-18, 01:43:10, 8.71e-13, 1.88e-11
2026-06-18, 01:43:14, 8.22e-13, 1.89e-11
2026-06-18, 01:43:17, 8.75e-13, 1.88e-11
2026-06-18, 01:43:20, 8.1e-13, 1.87e-11
2026-06-18, 01:43:23, 7.77e-13, 1.89e-11
2026-06-18, 01:43:26, 8.32e-13, 1.91e-11
2026-06-18, 01:43:30, 8.56e-13, 1.92e-11
2026-06-18, 01:43:33, 1.02e-12, 1.92e-11
2026-06-18, 01:43:36, 9.09e-13, 1.92e-11
2026-06-18, 01:43:39, 9e-13, 1.93e-11
2026-06-18, 01:43:42, 8.01e-13, 1.92e-11
2026-06-18, 01:43:46, 8.37e-13, 1.92e-11
2026-06-18, 01:43:49, 8.51e-13, 1.86e-11
2026-06-18, 01:43:52, 8.59e-13, 1.92e-11
2026-06-18, 01:43:55, 7.72e-13, 1.93e-11
2026-06-18, 01:43:59, 8.3e-13, 1.92e-11
2026-06-18, 01:44:02, 8.42e-13, 1.92e-11
2026-06-18, 01:44:05, 8.55e-13, 1.92e-11
2026-06-18, 01:44:08, 8.56e-13, 1.93e-11
2026-06-18, 01:44:11, 8.22e-13, 1.92e-11
2026-06-18, 01:44:15, 7.79e-13, 1.91e-11
2026-06-18, 01:44:18, 8.09e-13, 1.92e-11
2026-06-18, 01:44:21, 8.3e-13, 1.92e-11
2026-06-18, 01:44:24, 8.48e-13, 1.92e-11
2026-06-18, 01:44:28, 8.21e-13, 1.9e-11
2026-06-18, 01:44:31, 8.47e-13, 1.88e-11
2026-06-18, 01:44:34, 8.16e-13, 1.93e-11
2026-06-18, 01:44:37, 9.44e-13, 1.92e-11
2026-06-18, 01:44:40, 8.6e-13, 1.92e-11
2026-06-18, 01:44:44, 8.28e-13, 1.92e-11
2026-06-18, 01:44:47, 8.68e-13, 1.92e-11
2026-06-18, 01:44:50, 8.51e-13, 1.92e-11
2026-06-18, 01:44:53, 8.94e-13, 1.91e-11
2026-06-18, 01:44:57, 8.02e-13, 1.91e-11
2026-06-18, 01:45:00, 8.07e-13, 1.92e-11
2026-06-18, 01:45:03, 9e-13, 1.92e-11
2026-06-18, 01:45:06, 7.84e-13, 1.92e-11
2026-06-18, 01:45:09, 8.05e-13, 1.92e-11
2026-06-18, 01:45:13, 7.91e-13, 1.92e-11
2026-06-18, 01:45:16, 7.83e-13, 1.92e-11
2026-06-18, 01:45:19, 8.75e-13, 1.92e-11
2026-06-18, 01:45:22, 8.26e-13, 1.92e-11
2026-06-18, 01:45:26, 8.06e-13, 1.92e-11
2026-06-18, 01:45:29, 7.4e-13, 1.92e-11
2026-06-18, 01:45:32, 8.63e-13, 1.92e-11
2026-06-18, 01:45:35, 8.75e-13, 1.92e-11
2026-06-18, 01:45:38, 8.38e-13, 1.93e-11
2026-06-18, 01:45:42, 8.52e-13, 1.92e-11
2026-06-18, 01:45:45, 7.35e-13, 1.92e-11
2026-06-18, 01:45:48, 8.46e-13, 1.92e-11
2026-06-18, 01:45:51, 7.86e-13, 1.92e-11
2026-06-18, 01:45:55, 7.77e-13, 1.91e-11
2026-06-18, 01:45:58, 8.17e-13, 1.92e-11
2026-06-18, 01:46:01, 9.65e-13, 1.92e-11
2026-06-18, 01:46:04, 8.37e-13, 1.92e-11
2026-06-18, 01:46:07, 8.56e-13, 1.92e-11
2026-06-18, 01:46:11, 8.13e-13, 1.92e-11
2026-06-18, 01:46:14, 8.76e-13, 1.92e-11
2026-06-18, 01:46:17, 8.68e-13, 1.92e-11
2026-06-18, 01:46:20, 8.69e-13, 1.93e-11
2026-06-18, 01:46:24, 8.31e-13, 1.92e-11
2026-06-18, 01:46:27, 7.77e-13, 1.93e-11
2026-06-18, 01:46:30, 8.74e-13, 1.92e-11
2026-06-18, 01:46:33, 7.98e-13, 1.92e-11
2026-06-18, 01:46:36, 7.98e-13, 1.92e-11
2026-06-18, 01:46:40, 8.31e-13, 1.91e-11
2026-06-18, 01:46:43, 7.98e-13, 1.91e-11
2026-06-18, 01:46:46, 8.73e-13, 1.93e-11
2026-06-18, 01:46:49, 8.27e-13, 1.92e-11
2026-06-18, 01:46:52, 7.53e-13, 1.92e-11
2026-06-18, 01:46:56, 8.23e-13, 1.92e-11
2026-06-18, 01:46:59, 8.3e-13, 1.93e-11
2026-06-18, 01:47:02, 8.17e-13, 1.92e-11
2026-06-18, 01:47:05, 8.68e-13, 1.93e-11
2026-06-18, 01:47:09, 9.25e-13, 1.92e-11
2026-06-18, 01:47:12, 8.05e-13, 1.93e-11
2026-06-18, 01:47:15, 8.62e-13, 1.93e-11
2026-06-18, 01:47:18, 7.9e-13, 1.92e-11
2026-06-18, 01:47:21, 8.89e-13, 1.93e-11
2026-06-18, 01:47:25, 8.76e-13, 1.91e-11
2026-06-18, 01:47:28, 8.34e-13, 1.92e-11
2026-06-18, 01:47:31, 7.78e-13, 1.91e-11
2026-06-18, 01:47:34, 8.68e-13, 1.91e-11
2026-06-18, 01:47:38, 7.7e-13, 1.9e-11
2026-06-18, 01:47:41, 9.12e-13, 1.88e-11
2026-06-18, 01:47:44, 8.26e-13, 1.87e-11
2026-06-18, 01:47:47, 8.48e-13, 1.88e-11
2026-06-18, 01:47:50, 8.66e-13, 1.88e-11
2026-06-18, 01:47:54, 8.5e-13, 1.88e-11
2026-06-18, 01:47:57, 8.17e-13, 1.92e-11
2026-06-18, 01:48:00, 7.76e-13, 1.92e-11
2026-06-18, 01:48:03, 8.25e-13, 1.92e-11
2026-06-18, 01:48:07, 8.32e-13, 1.93e-11
2026-06-18, 01:48:10, 8.2e-13, 1.93e-11
2026-06-18, 01:48:13, 8.71e-13, 1.93e-11
2026-06-18, 01:48:16, 8.56e-13, 1.94e-11
2026-06-18, 01:48:19, 8.39e-13, 1.93e-11
2026-06-18, 01:48:23, 8.3e-13, 1.93e-11
2026-06-18, 01:48:26, 8.41e-13, 1.92e-11
2026-06-18, 01:48:29, 8.4e-13, 1.89e-11
2026-06-18, 01:48:32, 8.92e-13, 1.91e-11
2026-06-18, 01:48:36, 8.22e-13, 1.92e-11
2026-06-18, 01:48:39, 7.97e-13, 1.91e-11
2026-06-18, 01:48:42, 8.49e-13, 1.91e-11
2026-06-18, 01:48:45, 8.25e-13, 1.91e-11
2026-06-18, 01:48:48, 8.41e-13, 1.91e-11
2026-06-18, 01:48:52, 8.16e-13, 1.92e-11
2026-06-18, 01:48:55, 7.82e-13, 1.92e-11
2026-06-18, 01:48:58, 8.1e-13, 1.92e-11
2026-06-18, 01:49:01, 8.32e-13, 1.91e-11
2026-06-18, 01:49:05, 6.35e-13, 1.91e-11
2026-06-18, 01:49:08, 8.03e-13, 1.93e-11
2026-06-18, 01:49:11, 8.64e-13, 1.92e-11
2026-06-18, 01:49:14, 8.49e-13, 1.93e-11
2026-06-18, 01:49:17, 8.43e-13, 1.93e-11
2026-06-18, 01:49:21, 8.22e-13, 1.92e-11
2026-06-18, 01:49:24, 7.79e-13, 1.92e-11
2026-06-18, 01:49:27, 8.64e-13, 1.92e-11
2026-06-18, 01:49:30, 8.35e-13, 1.92e-11
2026-06-18, 01:49:34, 8.97e-13, 1.92e-11
2026-06-18, 01:49:37, 9.05e-13, 1.93e-11
2026-06-18, 01:49:40, 7.11e-13, 1.92e-11
2026-06-18, 01:49:43, 8e-13, 1.91e-11
2026-06-18, 01:49:46, 7.74e-13, 1.92e-11
2026-06-18, 01:49:50, 8.4e-13, 1.93e-11
2026-06-18, 01:49:53, 8.87e-13, 1.92e-11
2026-06-18, 01:49:56, 8.29e-13, 1.92e-11
2026-06-18, 01:49:59, 8.82e-13, 1.94e-11
2026-06-18, 01:50:02, 8.24e-13, 1.91e-11
2026-06-18, 01:50:06, 7.97e-13, 1.91e-11
2026-06-18, 01:50:09, 8.57e-13, 1.91e-11
2026-06-18, 01:50:12, 8.38e-13, 1.92e-11
2026-06-18, 01:50:15, 8.1e-13, 1.91e-11
2026-06-18, 01:50:19, 8.77e-13, 1.92e-11
2026-06-18, 01:50:22, 7.99e-13, 1.91e-11
2026-06-18, 01:50:25, 8.51e-13, 1.91e-11
2026-06-18, 01:50:28, 7.96e-13, 1.91e-11
2026-06-18, 01:50:31, 8.18e-13, 1.91e-11
2026-06-18, 01:50:35, 8.66e-13, 1.92e-11
2026-06-18, 01:50:38, 8.69e-13, 1.91e-11
2026-06-18, 01:50:41, 8.42e-13, 1.9e-11
2026-06-18, 01:50:44, 8.39e-13, 1.9e-11
2026-06-18, 01:50:48, 8.15e-13, 1.91e-11
2026-06-18, 01:50:51, 8.36e-13, 1.91e-11
2026-06-18, 01:50:54, 7.94e-13, 1.91e-11
2026-06-18, 01:50:57, 8.47e-13, 1.93e-11
2026-06-18, 01:51:00, 7.93e-13, 1.91e-11
2026-06-18, 01:51:04, 8.56e-13, 1.92e-11
2026-06-18, 01:51:07, 8.28e-13, 1.92e-11
2026-06-18, 01:51:10, 7.48e-13, 1.92e-11
2026-06-18, 01:51:13, 8.44e-13, 1.92e-11
2026-06-18, 01:51:17, 8.36e-13, 1.93e-11
2026-06-18, 01:51:20, 8.24e-13, 1.92e-11
2026-06-18, 01:51:23, 8.53e-13, 1.92e-11
2026-06-18, 01:51:26, 8.52e-13, 1.93e-11
2026-06-18, 01:51:29, 8.82e-13, 1.92e-11
2026-06-18, 01:51:33, 9.39e-13, 1.92e-11
2026-06-18, 01:51:36, 8.99e-13, 1.92e-11
2026-06-18, 01:51:39, 8.85e-13, 1.92e-11
2026-06-18, 01:51:42, 7.78e-13, 1.91e-11
2026-06-18, 01:51:46, 8.36e-13, 1.92e-11
2026-06-18, 01:51:49, 7.63e-13, 1.92e-11
2026-06-18, 01:51:52, 7.69e-13, 1.92e-11
2026-06-18, 01:51:55, 8.52e-13, 1.92e-11
2026-06-18, 01:51:58, 8.17e-13, 1.92e-11
2026-06-18, 01:52:02, 8.77e-13, 1.92e-11
2026-06-18, 01:52:05, 8.05e-13, 1.92e-11
2026-06-18, 01:52:08, 7.78e-13, 1.92e-11
2026-06-18, 01:52:11, 8.94e-13, 1.93e-11
2026-06-18, 01:52:15, 6.62e-13, 1.92e-11
2026-06-18, 01:52:18, 8.59e-13, 1.93e-11
2026-06-18, 01:52:21, 8.44e-13, 1.92e-11
2026-06-18, 01:52:24, 8.11e-13, 1.92e-11
2026-06-18, 01:52:27, 8.26e-13, 1.92e-11
2026-06-18, 01:52:31, 8.05e-13, 1.92e-11
2026-06-18, 01:52:34, 8.6e-13, 1.92e-11
2026-06-18, 01:52:37, 8.5e-13, 1.93e-11
2026-06-18, 01:52:40, 9.18e-13, 1.93e-11
2026-06-18, 01:52:44, 7.88e-13, 1.93e-11
2026-06-18, 01:52:47, 8.28e-13, 1.94e-11
2026-06-18, 01:52:50, 7.96e-13, 1.92e-11
2026-06-18, 01:52:53, 8.43e-13, 1.93e-11
2026-06-18, 01:52:56, 8.19e-13, 1.92e-11
2026-06-18, 01:53:00, 9e-13, 1.92e-11
2026-06-18, 01:53:03, 8.9e-13, 1.92e-11
2026-06-18, 01:53:06, 7.71e-13, 1.92e-11
2026-06-18, 01:53:09, 8.02e-13, 1.93e-11
2026-06-18, 01:53:12, 8.16e-13, 1.93e-11
2026-06-18, 01:53:16, 8.19e-13, 1.93e-11
2026-06-18, 01:53:19, 8.27e-13, 1.94e-11
2026-06-18, 01:53:22, 8.47e-13, 1.93e-11
2026-06-18, 01:53:25, 8.03e-13, 1.94e-11
2026-06-18, 01:53:29, 8.07e-13, 1.88e-11
2026-06-18, 01:53:32, 8.23e-13, 1.88e-11
2026-06-18, 01:53:35, 9.11e-13, 1.9e-11
2026-06-18, 01:53:38, 8.46e-13, 1.91e-11
2026-06-18, 01:53:42, 8.21e-13, 1.92e-11
2026-06-18, 01:53:45, 9.09e-13, 1.91e-11
2026-06-18, 01:53:48, 8.46e-13, 1.91e-11
2026-06-18, 01:53:51, 8.67e-13, 1.91e-11
2026-06-18, 01:53:54, 8.26e-13, 1.91e-11
2026-06-18, 01:53:58, 7.04e-13, 1.91e-11
2026-06-18, 01:54:01, 8.46e-13, 1.91e-11
2026-06-18, 01:54:04, 8.51e-13, 1.91e-11
2026-06-18, 01:54:07, 8.51e-13, 1.91e-11
2026-06-18, 01:54:10, 8.25e-13, 1.91e-11
2026-06-18, 01:54:14, 8.09e-13, 1.92e-11
2026-06-18, 01:54:17, 8.25e-13, 1.92e-11
2026-06-18, 01:54:20, 8.66e-13, 1.91e-11
2026-06-18, 01:54:23, 7.79e-13, 1.91e-11
2026-06-18, 01:54:27, 9.15e-13, 1.92e-11
2026-06-18, 01:54:30, 8.59e-13, 1.91e-11
2026-06-18, 01:54:33, 7.76e-13, 1.92e-11
2026-06-18, 01:54:36, 8.54e-13, 1.92e-11
2026-06-18, 01:54:39, 8.66e-13, 1.91e-11
2026-06-18, 01:54:43, 8.48e-13, 1.91e-11
2026-06-18, 01:54:46, 8.13e-13, 1.92e-11
2026-06-18, 01:54:49, 9.26e-13, 1.92e-11
2026-06-18, 01:54:52, 8.68e-13, 1.92e-11
2026-06-18, 01:54:56, 8.2e-13, 1.92e-11
2026-06-18, 01:54:59, 7.91e-13, 1.92e-11
2026-06-18, 01:55:02, 8.56e-13, 1.92e-11
2026-06-18, 01:55:05, 7.63e-13, 1.92e-11
2026-06-18, 01:55:08, 8.01e-13, 1.91e-11
2026-06-18, 01:55:12, 8.17e-13, 1.91e-11
2026-06-18, 01:55:15, 8.66e-13, 1.93e-11
2026-06-18, 01:55:18, 8.57e-13, 1.92e-11
2026-06-18, 01:55:21, 8.21e-13, 1.92e-11
2026-06-18, 01:55:25, 8.35e-13, 1.91e-11
2026-06-18, 01:55:28, 7.62e-13, 1.92e-11
2026-06-18, 01:55:31, 8.67e-13, 1.92e-11
2026-06-18, 01:55:34, 8.3e-13, 1.93e-11
2026-06-18, 01:55:37, 8.4e-13, 1.92e-11
2026-06-18, 01:55:41, 7.69e-13, 1.92e-11
2026-06-18, 01:55:44, 8.11e-13, 1.92e-11
2026-06-18, 01:55:47, 8.24e-13, 1.92e-11
2026-06-18, 01:55:50, 8.42e-13, 1.92e-11
2026-06-18, 01:55:54, 8.13e-13, 1.92e-11
2026-06-18, 01:55:57, 8.45e-13, 1.92e-11
2026-06-18, 01:56:00, 8.25e-13, 1.91e-11
2026-06-18, 01:56:03, 7.94e-13, 1.91e-11
2026-06-18, 01:56:06, 9.2e-13, 1.88e-11
2026-06-18, 01:56:10, 8.1e-13, 1.87e-11
2026-06-18, 01:56:13, 8.26e-13, 1.9e-11
2026-06-18, 01:56:16, 8.31e-13, 1.92e-11
2026-06-18, 01:56:19, 7.47e-13, 1.91e-11
2026-06-18, 01:56:23, 8.45e-13, 1.92e-11
2026-06-18, 01:56:26, 7.88e-13, 1.92e-11
2026-06-18, 01:56:29, 8.64e-13, 1.92e-11
2026-06-18, 01:56:32, 8.18e-13, 1.92e-11
2026-06-18, 01:56:35, 8.57e-13, 1.93e-11
2026-06-18, 01:56:39, 8.53e-13, 1.93e-11
2026-06-18, 01:56:42, 7.87e-13, 1.92e-11
2026-06-18, 01:56:45, 8.07e-13, 1.91e-11
2026-06-18, 01:56:48, 8.23e-13, 1.91e-11
2026-06-18, 01:56:52, 8.55e-13, 1.92e-11
2026-06-18, 01:56:55, 8.19e-13, 1.92e-11
2026-06-18, 01:56:58, 9.32e-13, 1.91e-11
2026-06-18, 01:57:01, 7.84e-13, 1.91e-11
2026-06-18, 01:57:04, 8.3e-13, 1.92e-11
2026-06-18, 01:57:08, 8.25e-13, 1.91e-11
2026-06-18, 01:57:11, 7.9e-13, 1.92e-11
2026-06-18, 01:57:14, 8.06e-13, 1.92e-11
2026-06-18, 01:57:17, 7.88e-13, 1.92e-11
2026-06-18, 01:57:21, 7.56e-13, 1.92e-11
2026-06-18, 01:57:24, 1.03e-12, 1.92e-11
2026-06-18, 01:57:27, 8.24e-13, 1.91e-11
2026-06-18, 01:57:30, 9.1e-13, 1.92e-11
2026-06-18, 01:57:33, 8.38e-13, 1.92e-11
2026-06-18, 01:57:37, 8.17e-13, 1.92e-11
2026-06-18, 01:57:40, 8.5e-13, 1.92e-11
2026-06-18, 01:57:43, 7.73e-13, 1.91e-11
2026-06-18, 01:57:46, 8.42e-13, 1.91e-11
2026-06-18, 01:57:49, 8.29e-13, 1.91e-11
2026-06-18, 01:57:53, 8.13e-13, 1.92e-11
2026-06-18, 01:57:56, 8.24e-13, 1.92e-11
2026-06-18, 01:57:59, 8.4e-13, 1.93e-11
2026-06-18, 01:58:02, 8.49e-13, 1.93e-11
2026-06-18, 01:58:06, 9.55e-13, 1.92e-11
2026-06-18, 01:58:09, 8.07e-13, 1.91e-11
2026-06-18, 01:58:12, 7.85e-13, 1.92e-11
2026-06-18, 01:58:15, 9.21e-13, 1.92e-11
2026-06-18, 01:58:18, 9.29e-13, 1.91e-11
2026-06-18, 01:58:22, 8.22e-13, 1.91e-11
2026-06-18, 01:58:25, 7.81e-13, 1.91e-11
2026-06-18, 01:58:28, 8.53e-13, 1.92e-11
2026-06-18, 01:58:31, 7.9e-13, 1.92e-11
2026-06-18, 01:58:35, 8.45e-13, 1.92e-11
2026-06-18, 01:58:38, 8.96e-13, 1.92e-11
2026-06-18, 01:58:41, 7.16e-13, 1.92e-11
2026-06-18, 01:58:44, 8.26e-13, 1.93e-11
2026-06-18, 01:58:47, 8.67e-13, 1.92e-11
2026-06-18, 01:58:51, 8.11e-13, 1.92e-11
2026-06-18, 01:58:54, 8.31e-13, 1.91e-11
2026-06-18, 01:58:57, 8.16e-13, 1.93e-11
2026-06-18, 01:59:00, 7.99e-13, 1.93e-11
2026-06-18, 01:59:04, 7.86e-13, 1.93e-11
2026-06-18, 01:59:07, 7.89e-13, 1.92e-11
2026-06-18, 01:59:10, 7.87e-13, 1.89e-11
2026-06-18, 01:59:13, 8.07e-13, 1.89e-11
2026-06-18, 01:59:16, 8.34e-13, 1.93e-11
2026-06-18, 01:59:20, 8.22e-13, 1.93e-11
2026-06-18, 01:59:23, 8.43e-13, 1.93e-11
2026-06-18, 01:59:26, 8.18e-13, 1.93e-11
2026-06-18, 01:59:29, 8.83e-13, 1.92e-11
2026-06-18, 01:59:33, 7.56e-13, 1.93e-11
2026-06-18, 01:59:36, 8.01e-13, 1.92e-11
2026-06-18, 01:59:39, 7.95e-13, 1.92e-11
2026-06-18, 01:59:42, 7.67e-13, 1.92e-11
2026-06-18, 01:59:45, 8.83e-13, 1.93e-11
2026-06-18, 01:59:49, 7.9e-13, 1.92e-11
2026-06-18, 01:59:52, 7.91e-13, 1.92e-11
2026-06-18, 01:59:55, 7.65e-13, 1.93e-11
2026-06-18, 01:59:58, 8e-13, 1.92e-11
2026-06-18, 02:00:02, 7.5e-13, 1.93e-11
2026-06-18, 02:00:05, 7.86e-13, 1.93e-11
2026-06-18, 02:00:08, 7.93e-13, 1.93e-11
2026-06-18, 02:00:11, 8.21e-13, 1.93e-11
2026-06-18, 02:00:14, 8.24e-13, 1.92e-11
2026-06-18, 02:00:18, 7.56e-13, 1.91e-11
2026-06-18, 02:00:21, 9.84e-13, 1.91e-11
2026-06-18, 02:00:24, 7.74e-13, 1.92e-11
2026-06-18, 02:00:27, 8e-13, 1.9e-11
2026-06-18, 02:00:30, 8.51e-13, 1.92e-11
2026-06-18, 02:00:34, 8.52e-13, 1.92e-11
2026-06-18, 02:00:37, 8.74e-13, 1.91e-11
2026-06-18, 02:00:40, 8.31e-13, 1.92e-11
2026-06-18, 02:00:43, 9.65e-13, 1.92e-11
2026-06-18, 02:00:47, 8.49e-13, 1.92e-11
2026-06-18, 02:00:50, 8.65e-13, 1.91e-11
2026-06-18, 02:00:53, 7.76e-13, 1.92e-11
2026-06-18, 02:00:56, 7.93e-13, 1.92e-11
2026-06-18, 02:00:59, 8.89e-13, 1.92e-11
2026-06-18, 02:01:03, 9.16e-13, 1.91e-11
2026-06-18, 02:01:06, 7.76e-13, 1.92e-11
2026-06-18, 02:01:09, 8.13e-13, 1.92e-11
2026-06-18, 02:01:12, 7.64e-13, 1.92e-11
2026-06-18, 02:01:16, 7.94e-13, 1.93e-11
2026-06-18, 02:01:19, 8.31e-13, 1.91e-11
2026-06-18, 02:01:22, 9.73e-13, 1.92e-11
2026-06-18, 02:01:25, 8.68e-13, 1.92e-11
2026-06-18, 02:01:28, 8.69e-13, 1.92e-11
2026-06-18, 02:01:32, 8.29e-13, 1.92e-11
2026-06-18, 02:01:35, 8.39e-13, 1.91e-11
2026-06-18, 02:01:38, 8.25e-13, 1.91e-11
2026-06-18, 02:01:41, 7.64e-13, 1.91e-11
2026-06-18, 02:01:45, 7.58e-13, 1.92e-11
2026-06-18, 02:01:48, 8.15e-13, 1.91e-11
2026-06-18, 02:01:51, 8.32e-13, 1.92e-11
2026-06-18, 02:01:54, 7.88e-13, 1.91e-11
2026-06-18, 02:01:57, 8.09e-13, 1.91e-11
2026-06-18, 02:02:01, 8.09e-13, 1.93e-11
2026-06-18, 02:02:04, 8.05e-13, 1.92e-11
2026-06-18, 02:02:07, 8.11e-13, 1.92e-11
2026-06-18, 02:02:10, 8.32e-13, 1.91e-11
2026-06-18, 02:02:14, 8.01e-13, 1.92e-11
2026-06-18, 02:02:17, 7.8e-13, 1.91e-11
2026-06-18, 02:02:20, 8.1e-13, 1.91e-11
2026-06-18, 02:02:23, 8.53e-13, 1.91e-11
2026-06-18, 02:02:26, 8.29e-13, 1.92e-11
2026-06-18, 02:02:30, 8.42e-13, 1.91e-11
2026-06-18, 02:02:33, 8.6e-13, 1.9e-11
2026-06-18, 02:02:36, 7.97e-13, 1.91e-11
2026-06-18, 02:02:39, 7.98e-13, 1.91e-11
2026-06-18, 02:02:43, 8.32e-13, 1.92e-11
2026-06-18, 02:02:46, 8.66e-13, 1.91e-11
2026-06-18, 02:02:49, 8.19e-13, 1.91e-11
2026-06-18, 02:02:52, 9.45e-13, 1.91e-11
2026-06-18, 02:02:55, 8.89e-13, 1.92e-11
2026-06-18, 02:02:59, 8.39e-13, 1.92e-11
2026-06-18, 02:03:02, 8.31e-13, 1.91e-11
2026-06-18, 02:03:05, 8.08e-13, 1.91e-11
2026-06-18, 02:03:08, 7.29e-13, 1.91e-11
2026-06-18, 02:03:11, 7.65e-13, 1.91e-11
2026-06-18, 02:03:15, 8.16e-13, 1.92e-11
2026-06-18, 02:03:18, 8.38e-13, 1.93e-11
2026-06-18, 02:03:21, 7.91e-13, 1.92e-11
2026-06-18, 02:03:24, 8.23e-13, 1.9e-11
2026-06-18, 02:03:28, 8.53e-13, 1.92e-11
2026-06-18, 02:03:31, 7.6e-13, 1.92e-11
2026-06-18, 02:03:34, 8.32e-13, 1.91e-11
2026-06-18, 02:03:37, 7.56e-13, 1.92e-11
2026-06-18, 02:03:40, 8.51e-13, 1.91e-11
2026-06-18, 02:03:44, 8.83e-13, 1.9e-11
2026-06-18, 02:03:47, 8.39e-13, 1.88e-11
2026-06-18, 02:03:50, 8.16e-13, 1.89e-11
2026-06-18, 02:03:53, 8.56e-13, 1.92e-11
2026-06-18, 02:03:57, 7.27e-13, 1.9e-11
2026-06-18, 02:04:00, 8.37e-13, 1.92e-11
2026-06-18, 02:04:03, 8.16e-13, 1.91e-11
2026-06-18, 02:04:06, 8.2e-13, 1.91e-11
2026-06-18, 02:04:09, 8.3e-13, 1.91e-11
2026-06-18, 02:04:13, 8.45e-13, 1.91e-11
2026-06-18, 02:04:16, 6.9e-13, 1.91e-11
2026-06-18, 02:04:19, 8.42e-13, 1.92e-11
2026-06-18, 02:04:22, 9.08e-13, 1.92e-11
2026-06-18, 02:04:26, 8.85e-13, 1.93e-11
2026-06-18, 02:04:29, 8.48e-13, 1.92e-11
2026-06-18, 02:04:32, 8.4e-13, 1.92e-11
2026-06-18, 02:04:35, 7.21e-13, 1.92e-11
2026-06-18, 02:04:38, 9.27e-13, 1.92e-11
2026-06-18, 02:04:42, 8.03e-13, 1.92e-11
2026-06-18, 02:04:45, 8.12e-13, 1.91e-11
2026-06-18, 02:04:48, 8.44e-13, 1.91e-11
2026-06-18, 02:04:51, 8.08e-13, 1.92e-11
2026-06-18, 02:04:55, 8.32e-13, 1.93e-11
2026-06-18, 02:04:58, 7.96e-13, 1.92e-11
2026-06-18, 02:05:01, 8.29e-13, 1.93e-11
2026-06-18, 02:05:04, 8.29e-13, 1.94e-11
2026-06-18, 02:05:07, 8.11e-13, 1.93e-11
2026-06-18, 02:05:11, 8.65e-13, 1.92e-11
2026-06-18, 02:05:14, 8.84e-13, 1.93e-11
2026-06-18, 02:05:17, 9.23e-13, 1.93e-11
2026-06-18, 02:05:20, 8.37e-13, 1.93e-11
2026-06-18, 02:05:24, 7.53e-13, 1.92e-11
2026-06-18, 02:05:27, 8.1e-13, 1.93e-11
2026-06-18, 02:05:30, 7.62e-13, 1.92e-11
2026-06-18, 02:05:33, 9.35e-13, 1.92e-11
2026-06-18, 02:05:36, 8.56e-13, 1.93e-11
2026-06-18, 02:05:40, 8.24e-13, 1.92e-11
2026-06-18, 02:05:43, 8.4e-13, 1.91e-11
2026-06-18, 02:05:46, 8.66e-13, 1.92e-11
2026-06-18, 02:05:49, 8.04e-13, 1.92e-11
2026-06-18, 02:05:53, 8.06e-13, 1.92e-11
2026-06-18, 02:05:56, 8.28e-13, 1.93e-11
2026-06-18, 02:05:59, 7.72e-13, 1.92e-11
2026-06-18, 02:06:02, 9.49e-13, 1.87e-11
2026-06-18, 02:06:05, 8.09e-13, 1.88e-11
2026-06-18, 02:06:09, 8.7e-13, 1.88e-11
2026-06-18, 02:06:12, 7.38e-13, 1.92e-11
2026-06-18, 02:06:15, 7.68e-13, 1.92e-11
2026-06-18, 02:06:18, 8.79e-13, 1.89e-11
2026-06-18, 02:06:21, 8.15e-13, 1.88e-11
2026-06-18, 02:06:25, 8.71e-13, 1.88e-11
2026-06-18, 02:06:28, 7.85e-13, 1.93e-11
2026-06-18, 02:06:31, 8.51e-13, 1.93e-11
2026-06-18, 02:06:34, 7.92e-13, 1.93e-11
2026-06-18, 02:06:38, 8.5e-13, 1.93e-11
2026-06-18, 02:06:41, 8.7e-13, 1.94e-11
2026-06-18, 02:06:44, 9.65e-13, 1.93e-11
2026-06-18, 02:06:47, 7.93e-13, 1.93e-11
2026-06-18, 02:06:51, 7.73e-13, 1.93e-11
2026-06-18, 02:06:54, 8.11e-13, 1.93e-11
2026-06-18, 02:06:57, 8.25e-13, 1.93e-11
2026-06-18, 02:07:00, 7.91e-13, 1.93e-11
2026-06-18, 02:07:03, 8.77e-13, 1.92e-11
2026-06-18, 02:07:07, 9.42e-13, 1.92e-11
2026-06-18, 02:07:10, 8.28e-13, 1.88e-11
2026-06-18, 02:07:13, 9.18e-13, 1.87e-11
2026-06-18, 02:07:16, 7.84e-13, 1.87e-11
2026-06-18, 02:07:19, 8.6e-13, 1.87e-11
2026-06-18, 02:07:23, 8.7e-13, 1.88e-11
2026-06-18, 02:07:26, 9.57e-13, 1.87e-11
2026-06-18, 02:07:29, 7.96e-13, 1.87e-11
2026-06-18, 02:07:32, 8.37e-13, 1.88e-11
2026-06-18, 02:07:36, 8.41e-13, 1.88e-11
2026-06-18, 02:07:39, 7.52e-13, 1.88e-11
2026-06-18, 02:07:42, 8.06e-13, 1.92e-11
2026-06-18, 02:07:45, 8.76e-13, 1.91e-11
2026-06-18, 02:07:48, 7.64e-13, 1.91e-11
2026-06-18, 02:07:52, 7.94e-13, 1.91e-11
2026-06-18, 02:07:55, 8.16e-13, 1.91e-11
2026-06-18, 02:07:58, 7.98e-13, 1.91e-11
2026-06-18, 02:08:01, 8.12e-13, 1.91e-11
2026-06-18, 02:08:05, 8.17e-13, 1.92e-11
2026-06-18, 02:08:08, 8.18e-13, 1.92e-11
2026-06-18, 02:08:11, 7.81e-13, 1.92e-11
2026-06-18, 02:08:14, 8.47e-13, 1.92e-11
2026-06-18, 02:08:17, 8.24e-13, 1.92e-11
2026-06-18, 02:08:21, 8.46e-13, 1.91e-11
2026-06-18, 02:08:24, 7.63e-13, 1.93e-11
2026-06-18, 02:08:27, 8.57e-13, 1.93e-11
2026-06-18, 02:08:30, 8.89e-13, 1.92e-11
2026-06-18, 02:08:34, 8.03e-13, 1.93e-11
2026-06-18, 02:08:37, 8.5e-13, 1.93e-11
2026-06-18, 02:08:40, 8.63e-13, 1.92e-11
2026-06-18, 02:08:43, 8.19e-13, 1.92e-11
2026-06-18, 02:08:46, 7.71e-13, 1.91e-11
2026-06-18, 02:08:50, 8.25e-13, 1.92e-11
2026-06-18, 02:08:53, 7.56e-13, 1.92e-11
2026-06-18, 02:08:56, 8.09e-13, 1.92e-11
2026-06-18, 02:08:59, 8.27e-13, 1.91e-11
2026-06-18, 02:09:03, 8.19e-13, 1.92e-11
2026-06-18, 02:09:06, 8.61e-13, 1.92e-11
2026-06-18, 02:09:09, 8.19e-13, 1.92e-11
2026-06-18, 02:09:12, 8.86e-13, 1.91e-11
2026-06-18, 02:09:15, 8.52e-13, 1.91e-11
2026-06-18, 02:09:19, 8.81e-13, 1.91e-11
2026-06-18, 02:09:22, 8.36e-13, 1.91e-11
2026-06-18, 02:09:25, 8.43e-13, 1.91e-11
2026-06-18, 02:09:28, 8.45e-13, 1.91e-11
2026-06-18, 02:09:32, 8.3e-13, 1.91e-11
2026-06-18, 02:09:35, 8.1e-13, 1.91e-11
2026-06-18, 02:09:38, 8.44e-13, 1.91e-11
2026-06-18, 02:09:41, 9.27e-13, 1.91e-11
2026-06-18, 02:09:44, 8.71e-13, 1.91e-11
2026-06-18, 02:09:48, 7.93e-13, 1.91e-11
2026-06-18, 02:09:51, 9.46e-13, 1.92e-11
2026-06-18, 02:09:54, 7.96e-13, 1.91e-11
2026-06-18, 02:09:57, 7.51e-13, 1.92e-11
2026-06-18, 02:10:01, 9.11e-13, 1.92e-11
2026-06-18, 02:10:04, 8.09e-13, 1.9e-11
2026-06-18, 02:10:07, 7.71e-13, 1.91e-11
2026-06-18, 02:10:10, 8.68e-13, 1.91e-11
2026-06-18, 02:10:13, 8.17e-13, 1.91e-11
2026-06-18, 02:10:17, 8.42e-13, 1.91e-11
2026-06-18, 02:10:20, 7.63e-13, 1.92e-11
2026-06-18, 02:10:23, 8.21e-13, 1.92e-11
2026-06-18, 02:10:26, 7.86e-13, 1.92e-11
2026-06-18, 02:10:30, 9.28e-13, 1.92e-11
2026-06-18, 02:10:33, 8.22e-13, 1.92e-11
2026-06-18, 02:10:36, 9.37e-13, 1.93e-11
2026-06-18, 02:10:39, 8.54e-13, 1.92e-11
2026-06-18, 02:10:42, 7.84e-13, 1.91e-11
2026-06-18, 02:10:46, 8.14e-13, 1.92e-11
2026-06-18, 02:10:49, 8.94e-13, 1.92e-11
2026-06-18, 02:10:52, 7.98e-13, 1.91e-11
2026-06-18, 02:10:55, 8.82e-13, 1.92e-11
2026-06-18, 02:10:59, 8.13e-13, 1.92e-11
2026-06-18, 02:11:02, 8.7e-13, 1.92e-11
2026-06-18, 02:11:05, 8.43e-13, 1.92e-11
2026-06-18, 02:11:08, 8.34e-13, 1.91e-11
2026-06-18, 02:11:11, 8.11e-13, 1.91e-11
2026-06-18, 02:11:15, 8.42e-13, 1.91e-11
2026-06-18, 02:11:18, 8.23e-13, 1.93e-11
2026-06-18, 02:11:21, 7.87e-13, 1.93e-11
2026-06-18, 02:11:24, 8.01e-13, 1.92e-11
2026-06-18, 02:11:27, 8.62e-13, 1.92e-11
2026-06-18, 02:11:31, 8.18e-13, 1.93e-11
2026-06-18, 02:11:34, 8.36e-13, 1.92e-11
2026-06-18, 02:11:37, 8.56e-13, 1.93e-11
2026-06-18, 02:11:40, 8.03e-13, 1.93e-11
2026-06-18, 02:11:44, 7.95e-13, 1.92e-11
2026-06-18, 02:11:47, 8.01e-13, 1.89e-11
2026-06-18, 02:11:50, 8.4e-13, 1.88e-11
2026-06-18, 02:11:53, 8.26e-13, 1.89e-11
2026-06-18, 02:11:56, 8.29e-13, 1.89e-11
2026-06-18, 02:12:00, 8.75e-13, 1.9e-11
2026-06-18, 02:12:03, 8.42e-13, 1.89e-11
2026-06-18, 02:12:06, 8.65e-13, 1.89e-11
2026-06-18, 02:12:09, 7.63e-13, 1.89e-11
2026-06-18, 02:12:13, 7.99e-13, 1.89e-11
2026-06-18, 02:12:16, 8.39e-13, 1.89e-11
2026-06-18, 02:12:19, 7.69e-13, 1.89e-11
2026-06-18, 02:12:22, 7.41e-13, 1.88e-11
2026-06-18, 02:12:25, 9.09e-13, 1.93e-11
2026-06-18, 02:12:29, 7.72e-13, 1.92e-11
2026-06-18, 02:12:32, 8.69e-13, 1.93e-11
2026-06-18, 02:12:35, 8.18e-13, 1.94e-11
2026-06-18, 02:12:38, 8.81e-13, 1.93e-11
2026-06-18, 02:12:42, 8.97e-13, 1.92e-11
2026-06-18, 02:12:45, 8.32e-13, 1.92e-11
2026-06-18, 02:12:48, 8.06e-13, 1.92e-11
2026-06-18, 02:12:51, 8.48e-13, 1.91e-11
2026-06-18, 02:12:54, 9.23e-13, 1.93e-11
2026-06-18, 02:12:58, 8.13e-13, 1.93e-11
2026-06-18, 02:13:01, 7.81e-13, 1.92e-11
2026-06-18, 02:13:04, 8.58e-13, 1.92e-11
2026-06-18, 02:13:07, 8.15e-13, 1.92e-11
2026-06-18, 02:13:11, 7.51e-13, 1.93e-11
2026-06-18, 02:13:14, 8.3e-13, 1.92e-11
2026-06-18, 02:13:17, 8.25e-13, 1.93e-11
2026-06-18, 02:13:20, 8.1e-13, 1.93e-11
2026-06-18, 02:13:23, 8.5e-13, 1.94e-11
2026-06-18, 02:13:27, 8.7e-13, 1.94e-11
2026-06-18, 02:13:30, 9.84e-13, 1.94e-11
2026-06-18, 02:13:33, 8.25e-13, 1.94e-11
2026-06-18, 02:13:36, 8.45e-13, 1.93e-11
2026-06-18, 02:13:40, 8.52e-13, 1.94e-11
2026-06-18, 02:13:43, 8.15e-13, 1.94e-11
2026-06-18, 02:13:46, 7.91e-13, 1.94e-11
2026-06-18, 02:13:49, 8.59e-13, 1.93e-11
2026-06-18, 02:13:52, 8e-13, 1.93e-11
2026-06-18, 02:13:56, 8.22e-13, 1.93e-11
2026-06-18, 02:13:59, 8.65e-13, 1.93e-11
2026-06-18, 02:14:02, 9.32e-13, 1.93e-11
2026-06-18, 02:14:05, 8.3e-13, 1.93e-11
2026-06-18, 02:14:09, 7.82e-13, 1.93e-11
2026-06-18, 02:14:12, 7.97e-13, 1.93e-11
2026-06-18, 02:14:15, 8.58e-13, 1.92e-11
2026-06-18, 02:14:18, 8.68e-13, 1.93e-11
2026-06-18, 02:14:21, 9.02e-13, 1.93e-11
2026-06-18, 02:14:25, 7.9e-13, 1.93e-11
2026-06-18, 02:14:28, 8.09e-13, 1.93e-11
2026-06-18, 02:14:31, 8.75e-13, 1.92e-11
2026-06-18, 02:14:34, 8.52e-13, 1.93e-11
2026-06-18, 02:14:37, 7.95e-13, 1.93e-11
2026-06-18, 02:14:41, 8.12e-13, 1.93e-11
2026-06-18, 02:14:44, 8.38e-13, 1.93e-11
2026-06-18, 02:14:47, 8.4e-13, 1.93e-11
2026-06-18, 02:14:50, 9.43e-13, 1.93e-11
2026-06-18, 02:14:54, 8.3e-13, 1.94e-11
2026-06-18, 02:14:57, 8.35e-13, 1.94e-11
2026-06-18, 02:15:00, 7.93e-13, 1.94e-11
2026-06-18, 02:15:03, 7.99e-13, 1.94e-11
