2026-10-06, 00:00:01, 1.48e-12, 1.08e-09
2026-10-06, 00:00:04, 1.6e-12, 1.08e-09
2026-10-06, 00:00:07, 1.48e-12, 1.08e-09
2026-10-06, 00:00:10, 1.6e-12, 1.08e-09
2026-10-06, 00:00:14, 1.53e-12, 1.08e-09
2026-10-06, 00:00:17, 1.49e-12, 1.08e-09
2026-10-06, 00:00:20, 1.48e-12, 1.08e-09
2026-10-06, 00:00:23, 1.51e-12, 1.08e-09
2026-10-06, 00:00:26, 1.52e-12, 1.08e-09
2026-10-06, 00:00:30, 1.52e-12, 1.08e-09
2026-10-06, 00:00:33, 1.55e-12, 1.08e-09
2026-10-06, 00:00:36, 1.61e-12, 1.08e-09
2026-10-06, 00:00:39, 1.52e-12, 1.08e-09
2026-10-06, 00:00:43, 1.53e-12, 1.08e-09
2026-10-06, 00:00:46, 1.58e-12, 1.05e-09
2026-10-06, 00:00:49, 1.5e-12, 1.05e-09
2026-10-06, 00:00:52, 1.54e-12, 1.05e-09
2026-10-06, 00:00:55, 1.61e-12, 1.05e-09
2026-10-06, 00:00:59, 1.51e-12, 1.05e-09
2026-10-06, 00:01:02, 1.52e-12, 1.05e-09
2026-10-06, 00:01:05, 1.52e-12, 1.05e-09
2026-10-06, 00:01:08, 1.56e-12, 1.05e-09
2026-10-06, 00:01:12, 1.52e-12, 1.05e-09
2026-10-06, 00:01:15, 1.56e-12, 1.06e-09
2026-10-06, 00:01:18, 1.52e-12, 1.05e-09
2026-10-06, 00:01:21, 1.56e-12, 1.06e-09
2026-10-06, 00:01:24, 1.58e-12, 1.05e-09
2026-10-06, 00:01:28, 1.49e-12, 1.04e-09
2026-10-06, 00:01:31, 1.46e-12, 1.05e-09
2026-10-06, 00:01:34, 1.53e-12, 1.05e-09
2026-10-06, 00:01:37, 1.52e-12, 1.05e-09
2026-10-06, 00:01:41, 1.5e-12, 1.05e-09
2026-10-06, 00:01:44, 1.6e-12, 1.05e-09
2026-10-06, 00:01:47, 1.54e-12, 1.05e-09
2026-10-06, 00:01:50, 1.51e-12, 1.06e-09
2026-10-06, 00:01:53, 1.53e-12, 1.05e-09
2026-10-06, 00:01:57, 1.52e-12, 1.05e-09
2026-10-06, 00:02:00, 1.49e-12, 1.05e-09
2026-10-06, 00:02:03, 1.51e-12, 1.05e-09
2026-10-06, 00:02:06, 1.59e-12, 1.05e-09
2026-10-06, 00:02:10, 1.59e-12, 1.05e-09
2026-10-06, 00:02:13, 1.53e-12, 1.05e-09
2026-10-06, 00:02:16, 1.54e-12, 1.05e-09
2026-10-06, 00:02:19, 1.55e-12, 1.05e-09
2026-10-06, 00:02:22, 1.6e-12, 1.06e-09
2026-10-06, 00:02:26, 1.45e-12, 1.05e-09
2026-10-06, 00:02:29, 1.57e-12, 1.05e-09
2026-10-06, 00:02:32, 1.58e-12, 1.05e-09
2026-10-06, 00:02:35, 1.52e-12, 1.05e-09
2026-10-06, 00:02:39, 1.56e-12, 1.05e-09
2026-10-06, 00:02:42, 1.62e-12, 1.05e-09
2026-10-06, 00:02:45, 1.58e-12, 1.05e-09
2026-10-06, 00:02:48, 1.56e-12, 1.05e-09
2026-10-06, 00:02:51, 1.57e-12, 1.05e-09
2026-10-06, 00:02:55, 1.58e-12, 1.05e-09
2026-10-06, 00:02:58, 1.52e-12, 1.05e-09
2026-10-06, 00:03:01, 1.56e-12, 1.05e-09
2026-10-06, 00:03:04, 1.52e-12, 1.05e-09
2026-10-06, 00:03:07, 1.58e-12, 1.06e-09
2026-10-06, 00:03:11, 1.59e-12, 1.06e-09
2026-10-06, 00:03:14, 1.57e-12, 1.05e-09
2026-10-06, 00:03:17, 1.49e-12, 1.05e-09
2026-10-06, 00:03:20, 1.58e-12, 1.05e-09
2026-10-06, 00:03:24, 1.52e-12, 1.05e-09
2026-10-06, 00:03:27, 1.53e-12, 1.05e-09
2026-10-06, 00:03:30, 1.55e-12, 1.05e-09
2026-10-06, 00:03:33, 1.55e-12, 1.05e-09
2026-10-06, 00:03:36, 1.49e-12, 1.05e-09
2026-10-06, 00:03:40, 1.5e-12, 1.05e-09
2026-10-06, 00:03:43, 1.53e-12, 1.05e-09
2026-10-06, 00:03:46, 1.56e-12, 1.05e-09
2026-10-06, 00:03:49, 1.48e-12, 1.05e-09
2026-10-06, 00:03:53, 1.57e-12, 1.05e-09
2026-10-06, 00:03:56, 1.54e-12, 1.05e-09
2026-10-06, 00:03:59, 1.52e-12, 1.05e-09
2026-10-06, 00:04:02, 1.53e-12, 1.05e-09
2026-10-06, 00:04:05, 1.51e-12, 1.05e-09
2026-10-06, 00:04:09, 1.55e-12, 1.06e-09
2026-10-06, 00:04:12, 1.53e-12, 1.05e-09
2026-10-06, 00:04:15, 1.68e-12, 1.06e-09
2026-10-06, 00:04:18, 1.58e-12, 1.06e-09
2026-10-06, 00:04:22, 1.56e-12, 1.06e-09
2026-10-06, 00:04:25, 1.52e-12, 1.05e-09
2026-10-06, 00:04:28, 1.63e-12, 1.05e-09
2026-10-06, 00:04:31, 1.56e-12, 1.05e-09
2026-10-06, 00:04:34, 1.54e-12, 1.05e-09
2026-10-06, 00:04:38, 1.49e-12, 1.05e-09
2026-10-06, 00:04:41, 1.55e-12, 1.05e-09
2026-10-06, 00:04:44, 1.58e-12, 1.05e-09
2026-10-06, 00:04:47, 1.48e-12, 1.06e-09
2026-10-06, 00:04:51, 1.59e-12, 1.05e-09
2026-10-06, 00:04:54, 1.5e-12, 1.04e-09
2026-10-06, 00:04:57, 1.56e-12, 1.04e-09
2026-10-06, 00:05:00, 1.56e-12, 1.05e-09
2026-10-06, 00:05:03, 1.56e-12, 1.05e-09
2026-10-06, 00:05:07, 1.6e-12, 1.04e-09
2026-10-06, 00:05:10, 1.42e-12, 1.05e-09
2026-10-06, 00:05:13, 1.61e-12, 1.04e-09
2026-10-06, 00:05:16, 1.55e-12, 1.04e-09
2026-10-06, 00:05:20, 1.55e-12, 1.05e-09
2026-10-06, 00:05:23, 1.52e-12, 1.05e-09
2026-10-06, 00:05:26, 1.58e-12, 1.05e-09
2026-10-06, 00:05:29, 1.57e-12, 1.05e-09
2026-10-06, 00:05:32, 1.47e-12, 1.04e-09
2026-10-06, 00:05:36, 1.55e-12, 1.05e-09
2026-10-06, 00:05:39, 1.55e-12, 1.05e-09
2026-10-06, 00:05:42, 1.52e-12, 1.05e-09
2026-10-06, 00:05:45, 1.57e-12, 1.05e-09
2026-10-06, 00:05:48, 1.61e-12, 1.05e-09
2026-10-06, 00:05:52, 1.59e-12, 1.05e-09
2026-10-06, 00:05:55, 1.55e-12, 1.05e-09
2026-10-06, 00:05:58, 1.52e-12, 1.06e-09
2026-10-06, 00:06:01, 1.52e-12, 1.05e-09
2026-10-06, 00:06:05, 1.51e-12, 1.06e-09
2026-10-06, 00:06:08, 1.54e-12, 1.06e-09
2026-10-06, 00:06:11, 1.44e-12, 1.05e-09
2026-10-06, 00:06:14, 1.54e-12, 1.06e-09
2026-10-06, 00:06:17, 1.55e-12, 1.05e-09
2026-10-06, 00:06:21, 1.67e-12, 1.05e-09
2026-10-06, 00:06:24, 1.53e-12, 1.05e-09
2026-10-06, 00:06:27, 1.58e-12, 1.05e-09
2026-10-06, 00:06:30, 1.48e-12, 1.05e-09
2026-10-06, 00:06:34, 1.52e-12, 1.05e-09
2026-10-06, 00:06:37, 1.55e-12, 1.06e-09
2026-10-06, 00:06:40, 1.51e-12, 1.06e-09
2026-10-06, 00:06:43, 1.55e-12, 1.06e-09
2026-10-06, 00:06:46, 1.59e-12, 1.05e-09
2026-10-06, 00:06:50, 1.5e-12, 1.05e-09
2026-10-06, 00:06:53, 1.6e-12, 1.05e-09
2026-10-06, 00:06:56, 1.51e-12, 1.05e-09
2026-10-06, 00:06:59, 1.51e-12, 1.05e-09
2026-10-06, 00:07:03, 1.56e-12, 1.05e-09
2026-10-06, 00:07:06, 1.48e-12, 1.04e-09
2026-10-06, 00:07:09, 1.52e-12, 1.06e-09
2026-10-06, 00:07:12, 1.6e-12, 1.06e-09
2026-10-06, 00:07:15, 1.62e-12, 1.06e-09
2026-10-06, 00:07:19, 1.51e-12, 1.06e-09
2026-10-06, 00:07:22, 1.68e-12, 1.05e-09
2026-10-06, 00:07:25, 1.51e-12, 1.05e-09
2026-10-06, 00:07:28, 1.55e-12, 1.05e-09
2026-10-06, 00:07:32, 1.56e-12, 1.05e-09
2026-10-06, 00:07:35, 1.51e-12, 1.05e-09
2026-10-06, 00:07:38, 1.52e-12, 1.04e-09
2026-10-06, 00:07:41, 1.58e-12, 1.05e-09
2026-10-06, 00:07:44, 1.53e-12, 1.05e-09
2026-10-06, 00:07:48, 1.59e-12, 1.05e-09
2026-10-06, 00:07:51, 1.55e-12, 1.05e-09
2026-10-06, 00:07:54, 1.66e-12, 1.05e-09
2026-10-06, 00:07:57, 1.49e-12, 1.05e-09
2026-10-06, 00:08:01, 1.51e-12, 1.05e-09
2026-10-06, 00:08:04, 1.62e-12, 1.05e-09
2026-10-06, 00:08:07, 1.56e-12, 1.05e-09
2026-10-06, 00:08:10, 1.55e-12, 1.05e-09
2026-10-06, 00:08:13, 1.52e-12, 1.05e-09
2026-10-06, 00:08:17, 1.54e-12, 1.05e-09
2026-10-06, 00:08:20, 1.57e-12, 1.05e-09
2026-10-06, 00:08:23, 1.56e-12, 1.06e-09
2026-10-06, 00:08:26, 1.56e-12, 1.05e-09
2026-10-06, 00:08:30, 1.54e-12, 1.05e-09
2026-10-06, 00:08:33, 1.51e-12, 1.05e-09
2026-10-06, 00:08:36, 1.52e-12, 1.05e-09
2026-10-06, 00:08:39, 1.56e-12, 1.05e-09
2026-10-06, 00:08:42, 1.63e-12, 1.05e-09
2026-10-06, 00:08:46, 1.53e-12, 1.05e-09
2026-10-06, 00:08:49, 1.6e-12, 1.05e-09
2026-10-06, 00:08:52, 1.55e-12, 1.05e-09
2026-10-06, 00:08:55, 1.53e-12, 1.05e-09
2026-10-06, 00:08:58, 1.57e-12, 1.05e-09
2026-10-06, 00:09:02, 1.68e-12, 1.06e-09
2026-10-06, 00:09:05, 1.51e-12, 1.06e-09
2026-10-06, 00:09:08, 1.56e-12, 1.06e-09
2026-10-06, 00:09:11, 1.52e-12, 1.06e-09
2026-10-06, 00:09:15, 1.54e-12, 1.06e-09
2026-10-06, 00:09:18, 1.5e-12, 1.05e-09
2026-10-06, 00:09:21, 1.58e-12, 1.05e-09
2026-10-06, 00:09:24, 1.47e-12, 1.05e-09
2026-10-06, 00:09:27, 1.51e-12, 1.05e-09
2026-10-06, 00:09:31, 1.46e-12, 1.05e-09
2026-10-06, 00:09:34, 1.53e-12, 1.05e-09
2026-10-06, 00:09:37, 1.56e-12, 1.05e-09
2026-10-06, 00:09:40, 1.52e-12, 1.05e-09
2026-10-06, 00:09:44, 1.47e-12, 1.05e-09
2026-10-06, 00:09:47, 1.63e-12, 1.05e-09
2026-10-06, 00:09:50, 1.54e-12, 1.06e-09
2026-10-06, 00:09:53, 1.45e-12, 1.05e-09
2026-10-06, 00:09:56, 1.55e-12, 1.05e-09
2026-10-06, 00:10:00, 1.55e-12, 1.05e-09
2026-10-06, 00:10:03, 1.48e-12, 1.06e-09
2026-10-06, 00:10:06, 1.47e-12, 1.05e-09
2026-10-06, 00:10:09, 1.51e-12, 1.05e-09
2026-10-06, 00:10:13, 1.56e-12, 1.05e-09
2026-10-06, 00:10:16, 1.52e-12, 1.05e-09
2026-10-06, 00:10:19, 1.57e-12, 1.05e-09
2026-10-06, 00:10:22, 1.58e-12, 1.06e-09
2026-10-06, 00:10:25, 1.59e-12, 1.06e-09
2026-10-06, 00:10:29, 1.55e-12, 1.06e-09
2026-10-06, 00:10:32, 1.49e-12, 1.06e-09
2026-10-06, 00:10:35, 1.62e-12, 1.06e-09
2026-10-06, 00:10:38, 1.52e-12, 1.06e-09
2026-10-06, 00:10:42, 1.59e-12, 1.06e-09
2026-10-06, 00:10:45, 1.58e-12, 1.05e-09
2026-10-06, 00:10:48, 1.54e-12, 1.05e-09
2026-10-06, 00:10:51, 1.53e-12, 1.05e-09
2026-10-06, 00:10:54, 1.58e-12, 1.05e-09
2026-10-06, 00:10:58, 1.55e-12, 1.05e-09
2026-10-06, 00:11:01, 1.55e-12, 1.05e-09
2026-10-06, 00:11:04, 1.52e-12, 1.05e-09
2026-10-06, 00:11:07, 1.64e-12, 1.06e-09
2026-10-06, 00:11:11, 1.55e-12, 1.06e-09
2026-10-06, 00:11:14, 1.58e-12, 1.05e-09
2026-10-06, 00:11:17, 1.53e-12, 1.05e-09
2026-10-06, 00:11:20, 1.56e-12, 1.05e-09
2026-10-06, 00:11:23, 1.54e-12, 1.05e-09
2026-10-06, 00:11:27, 1.57e-12, 1.05e-09
2026-10-06, 00:11:30, 1.56e-12, 1.07e-09
2026-10-06, 00:11:33, 1.57e-12, 1.07e-09
2026-10-06, 00:11:36, 1.63e-12, 1.06e-09
2026-10-06, 00:11:39, 1.56e-12, 1.07e-09
2026-10-06, 00:11:43, 1.54e-12, 1.06e-09
2026-10-06, 00:11:46, 1.57e-12, 1.06e-09
2026-10-06, 00:11:49, 1.55e-12, 1.05e-09
2026-10-06, 00:11:52, 1.56e-12, 1.05e-09
2026-10-06, 00:11:56, 1.53e-12, 1.05e-09
2026-10-06, 00:11:59, 1.53e-12, 1.05e-09
2026-10-06, 00:12:02, 1.54e-12, 1.09e-09
2026-10-06, 00:12:05, 1.62e-12, 1.06e-09
2026-10-06, 00:12:08, 1.68e-12, 1.06e-09
2026-10-06, 00:12:12, 1.61e-12, 1.06e-09
2026-10-06, 00:12:15, 1.53e-12, 1.06e-09
2026-10-06, 00:12:18, 1.52e-12, 1.06e-09
2026-10-06, 00:12:21, 1.49e-12, 1.06e-09
2026-10-06, 00:12:25, 1.53e-12, 1.06e-09
2026-10-06, 00:12:28, 1.55e-12, 1.06e-09
2026-10-06, 00:12:31, 1.52e-12, 1.06e-09
2026-10-06, 00:12:34, 1.56e-12, 1.06e-09
2026-10-06, 00:12:37, 1.54e-12, 1.06e-09
2026-10-06, 00:12:41, 1.65e-12, 1.06e-09
2026-10-06, 00:12:44, 1.52e-12, 1.06e-09
2026-10-06, 00:12:47, 1.54e-12, 1.06e-09
2026-10-06, 00:12:50, 1.52e-12, 1.06e-09
2026-10-06, 00:12:54, 1.54e-12, 1.06e-09
2026-10-06, 00:12:57, 1.59e-12, 1.06e-09
2026-10-06, 00:13:00, 1.57e-12, 1.06e-09
2026-10-06, 00:13:03, 1.57e-12, 1.06e-09
2026-10-06, 00:13:06, 1.54e-12, 1.06e-09
2026-10-06, 00:13:10, 1.56e-12, 1.06e-09
2026-10-06, 00:13:13, 1.47e-12, 1.06e-09
2026-10-06, 00:13:16, 1.52e-12, 1.06e-09
2026-10-06, 00:13:19, 1.54e-12, 1.06e-09
2026-10-06, 00:13:23, 1.52e-12, 1.06e-09
2026-10-06, 00:13:26, 1.57e-12, 1.06e-09
2026-10-06, 00:13:29, 1.59e-12, 1.06e-09
2026-10-06, 00:13:32, 1.55e-12, 1.06e-09
2026-10-06, 00:13:35, 1.61e-12, 1.06e-09
2026-10-06, 00:13:39, 1.63e-12, 1.06e-09
2026-10-06, 00:13:42, 1.6e-12, 1.06e-09
2026-10-06, 00:13:45, 1.58e-12, 1.06e-09
2026-10-06, 00:13:48, 1.52e-12, 1.07e-09
2026-10-06, 00:13:52, 1.52e-12, 1.07e-09
2026-10-06, 00:13:55, 1.6e-12, 1.07e-09
2026-10-06, 00:13:58, 1.55e-12, 1.07e-09
2026-10-06, 00:14:01, 1.59e-12, 1.07e-09
2026-10-06, 00:14:04, 1.53e-12, 1.06e-09
2026-10-06, 00:14:08, 1.55e-12, 1.06e-09
2026-10-06, 00:14:11, 1.55e-12, 1.06e-09
2026-10-06, 00:14:14, 1.59e-12, 1.06e-09
2026-10-06, 00:14:17, 1.57e-12, 1.06e-09
2026-10-06, 00:14:21, 1.6e-12, 1.06e-09
2026-10-06, 00:14:24, 1.53e-12, 1.06e-09
2026-10-06, 00:14:27, 1.59e-12, 1.06e-09
2026-10-06, 00:14:30, 1.63e-12, 1.06e-09
2026-10-06, 00:14:33, 1.53e-12, 1.06e-09
2026-10-06, 00:14:37, 1.61e-12, 1.07e-09
2026-10-06, 00:14:40, 1.59e-12, 1.07e-09
2026-10-06, 00:14:43, 1.53e-12, 1.06e-09
2026-10-06, 00:14:46, 1.54e-12, 1.06e-09
2026-10-06, 00:14:50, 1.53e-12, 1.06e-09
2026-10-06, 00:14:53, 1.53e-12, 1.06e-09
2026-10-06, 00:14:56, 1.59e-12, 1.06e-09
2026-10-06, 00:14:59, 1.56e-12, 1.06e-09
2026-10-06, 00:15:02, 1.62e-12, 1.06e-09
2026-10-06, 00:15:06, 1.57e-12, 1.06e-09
2026-10-06, 00:15:09, 1.52e-12, 1.06e-09
2026-10-06, 00:15:12, 1.58e-12, 1.06e-09
2026-10-06, 00:15:15, 1.52e-12, 1.06e-09
2026-10-06, 00:15:19, 1.47e-12, 1.06e-09
2026-10-06, 00:15:22, 1.55e-12, 1.06e-09
2026-10-06, 00:15:25, 1.48e-12, 1.06e-09
2026-10-06, 00:15:28, 1.59e-12, 1.06e-09
2026-10-06, 00:15:31, 1.56e-12, 1.06e-09
2026-10-06, 00:15:35, 1.52e-12, 1.06e-09
2026-10-06, 00:15:38, 1.57e-12, 1.06e-09
2026-10-06, 00:15:41, 1.51e-12, 1.06e-09
2026-10-06, 00:15:44, 1.55e-12, 1.06e-09
2026-10-06, 00:15:47, 1.57e-12, 1.06e-09
2026-10-06, 00:15:51, 1.57e-12, 1.07e-09
2026-10-06, 00:15:54, 1.73e-12, 1.07e-09
2026-10-06, 00:15:57, 1.58e-12, 1.07e-09
2026-10-06, 00:16:00, 1.55e-12, 1.07e-09
2026-10-06, 00:16:04, 1.62e-12, 1.07e-09
2026-10-06, 00:16:07, 1.55e-12, 1.07e-09
2026-10-06, 00:16:10, 1.51e-12, 1.06e-09
2026-10-06, 00:16:13, 1.54e-12, 1.06e-09
2026-10-06, 00:16:16, 1.52e-12, 1.07e-09
2026-10-06, 00:16:20, 1.52e-12, 1.06e-09
2026-10-06, 00:16:23, 1.54e-12, 1.06e-09
2026-10-06, 00:16:26, 1.58e-12, 1.07e-09
2026-10-06, 00:16:29, 1.49e-12, 1.07e-09
2026-10-06, 00:16:33, 1.56e-12, 1.07e-09
2026-10-06, 00:16:36, 1.49e-12, 1.06e-09
2026-10-06, 00:16:39, 1.58e-12, 1.06e-09
2026-10-06, 00:16:42, 1.55e-12, 1.06e-09
2026-10-06, 00:16:45, 1.57e-12, 1.06e-09
2026-10-06, 00:16:49, 1.63e-12, 1.06e-09
2026-10-06, 00:16:52, 1.41e-12, 1.06e-09
2026-10-06, 00:16:55, 1.53e-12, 1.07e-09
2026-10-06, 00:16:58, 1.49e-12, 1.06e-09
2026-10-06, 00:17:02, 1.49e-12, 1.06e-09
2026-10-06, 00:17:05, 1.57e-12, 1.06e-09
2026-10-06, 00:17:08, 1.56e-12, 1.07e-09
2026-10-06, 00:17:11, 1.61e-12, 1.06e-09
2026-10-06, 00:17:14, 1.48e-12, 1.07e-09
2026-10-06, 00:17:18, 1.57e-12, 1.06e-09
2026-10-06, 00:17:21, 1.6e-12, 1.06e-09
2026-10-06, 00:17:24, 1.63e-12, 1.06e-09
2026-10-06, 00:17:27, 1.53e-12, 1.06e-09
2026-10-06, 00:17:31, 1.54e-12, 1.06e-09
2026-10-06, 00:17:34, 1.56e-12, 1.06e-09
2026-10-06, 00:17:37, 1.53e-12, 1.06e-09
2026-10-06, 00:17:40, 1.52e-12, 1.06e-09
2026-10-06, 00:17:43, 1.56e-12, 1.07e-09
2026-10-06, 00:17:47, 1.59e-12, 1.06e-09
2026-10-06, 00:17:50, 1.56e-12, 1.06e-09
2026-10-06, 00:17:53, 1.69e-12, 1.06e-09
2026-10-06, 00:17:56, 1.55e-12, 1.06e-09
2026-10-06, 00:18:00, 1.58e-12, 1.06e-09
2026-10-06, 00:18:03, 1.49e-12, 1.06e-09
2026-10-06, 00:18:06, 1.57e-12, 1.06e-09
2026-10-06, 00:18:09, 1.51e-12, 1.06e-09
2026-10-06, 00:18:12, 1.56e-12, 1.06e-09
2026-10-06, 00:18:16, 1.55e-12, 1.06e-09
2026-10-06, 00:18:19, 1.59e-12, 1.06e-09
2026-10-06, 00:18:22, 1.56e-12, 1.06e-09
2026-10-06, 00:18:25, 1.51e-12, 1.05e-09
2026-10-06, 00:18:28, 1.56e-12, 1.05e-09
2026-10-06, 00:18:32, 1.54e-12, 1.06e-09
2026-10-06, 00:18:35, 1.6e-12, 1.05e-09
2026-10-06, 00:18:38, 1.62e-12, 1.05e-09
2026-10-06, 00:18:41, 1.52e-12, 1.05e-09
2026-10-06, 00:18:45, 1.54e-12, 1.05e-09
2026-10-06, 00:18:48, 1.59e-12, 1.05e-09
2026-10-06, 00:18:51, 1.53e-12, 1.05e-09
2026-10-06, 00:18:54, 1.53e-12, 1.05e-09
2026-10-06, 00:18:57, 1.52e-12, 1.05e-09
2026-10-06, 00:19:01, 1.59e-12, 1.05e-09
2026-10-06, 00:19:04, 1.57e-12, 1.05e-09
2026-10-06, 00:19:07, 1.48e-12, 1.05e-09
2026-10-06, 00:19:10, 1.49e-12, 1.05e-09
2026-10-06, 00:19:14, 1.47e-12, 1.05e-09
2026-10-06, 00:19:17, 1.51e-12, 1.05e-09
2026-10-06, 00:19:20, 1.56e-12, 1.05e-09
2026-10-06, 00:19:23, 1.48e-12, 1.06e-09
2026-10-06, 00:19:26, 1.62e-12, 1.06e-09
2026-10-06, 00:19:30, 1.55e-12, 1.05e-09
2026-10-06, 00:19:33, 1.63e-12, 1.04e-09
2026-10-06, 00:19:36, 1.53e-12, 1.05e-09
2026-10-06, 00:19:39, 1.57e-12, 1.05e-09
2026-10-06, 00:19:43, 1.56e-12, 1.05e-09
2026-10-06, 00:19:46, 1.54e-12, 1.05e-09
2026-10-06, 00:19:49, 1.55e-12, 1.05e-09
2026-10-06, 00:19:52, 1.5e-12, 1.05e-09
2026-10-06, 00:19:55, 1.55e-12, 1.05e-09
2026-10-06, 00:19:59, 1.62e-12, 1.05e-09
2026-10-06, 00:20:02, 1.54e-12, 1.06e-09
2026-10-06, 00:20:05, 1.67e-12, 1.05e-09
2026-10-06, 00:20:08, 1.54e-12, 1.06e-09
2026-10-06, 00:20:12, 1.55e-12, 1.05e-09
2026-10-06, 00:20:15, 1.57e-12, 1.06e-09
2026-10-06, 00:20:18, 1.54e-12, 1.05e-09
2026-10-06, 00:20:21, 1.41e-12, 1.06e-09
2026-10-06, 00:20:24, 1.52e-12, 1.05e-09
2026-10-06, 00:20:28, 1.58e-12, 1.05e-09
2026-10-06, 00:20:31, 1.54e-12, 1.05e-09
2026-10-06, 00:20:34, 1.51e-12, 1.05e-09
2026-10-06, 00:20:37, 1.58e-12, 1.05e-09
2026-10-06, 00:20:41, 1.53e-12, 1.05e-09
2026-10-06, 00:20:44, 1.56e-12, 1.05e-09
2026-10-06, 00:20:47, 1.55e-12, 1.05e-09
2026-10-06, 00:20:50, 1.55e-12, 1.06e-09
2026-10-06, 00:20:53, 1.6e-12, 1.05e-09
2026-10-06, 00:20:57, 1.56e-12, 1.05e-09
2026-10-06, 00:21:00, 1.44e-12, 1.06e-09
2026-10-06, 00:21:03, 1.54e-12, 1.05e-09
2026-10-06, 00:21:06, 1.62e-12, 1.06e-09
2026-10-06, 00:21:09, 1.52e-12, 1.06e-09
2026-10-06, 00:21:13, 1.53e-12, 1.05e-09
2026-10-06, 00:21:16, 1.54e-12, 1.06e-09
2026-10-06, 00:21:19, 1.6e-12, 1.06e-09
2026-10-06, 00:21:22, 1.54e-12, 1.06e-09
2026-10-06, 00:21:26, 1.56e-12, 1.05e-09
2026-10-06, 00:21:29, 1.41e-12, 1.06e-09
2026-10-06, 00:21:32, 1.54e-12, 1.06e-09
2026-10-06, 00:21:35, 1.59e-12, 1.05e-09
2026-10-06, 00:21:38, 1.52e-12, 1.05e-09
2026-10-06, 00:21:42, 1.69e-12, 1.05e-09
2026-10-06, 00:21:45, 1.52e-12, 1.05e-09
2026-10-06, 00:21:48, 1.56e-12, 1.05e-09
2026-10-06, 00:21:51, 1.56e-12, 1.05e-09
2026-10-06, 00:21:55, 1.62e-12, 1.05e-09
2026-10-06, 00:21:58, 1.53e-12, 1.06e-09
2026-10-06, 00:22:01, 1.54e-12, 1.06e-09
2026-10-06, 00:22:04, 1.59e-12, 1.06e-09
2026-10-06, 00:22:07, 1.51e-12, 1.06e-09
2026-10-06, 00:22:11, 1.5e-12, 1.06e-09
2026-10-06, 00:22:14, 1.52e-12, 1.06e-09
2026-10-06, 00:22:17, 1.39e-12, 1.06e-09
2026-10-06, 00:22:20, 1.48e-12, 1.06e-09
2026-10-06, 00:22:24, 1.57e-12, 1.06e-09
2026-10-06, 00:22:27, 1.59e-12, 1.06e-09
2026-10-06, 00:22:30, 1.57e-12, 1.05e-09
2026-10-06, 00:22:33, 1.56e-12, 1.05e-09
2026-10-06, 00:22:36, 1.57e-12, 1.05e-09
2026-10-06, 00:22:40, 1.58e-12, 1.05e-09
2026-10-06, 00:22:43, 1.52e-12, 1.05e-09
2026-10-06, 00:22:46, 1.5e-12, 1.05e-09
2026-10-06, 00:22:49, 1.51e-12, 1.05e-09
2026-10-06, 00:22:53, 1.5e-12, 1.06e-09
2026-10-06, 00:22:56, 1.55e-12, 1.05e-09
2026-10-06, 00:22:59, 1.55e-12, 1.05e-09
2026-10-06, 00:23:02, 1.5e-12, 1.05e-09
2026-10-06, 00:23:05, 1.55e-12, 1.05e-09
2026-10-06, 00:23:09, 1.57e-12, 1.05e-09
2026-10-06, 00:23:12, 1.53e-12, 1.05e-09
2026-10-06, 00:23:15, 1.52e-12, 1.05e-09
2026-10-06, 00:23:18, 1.58e-12, 1.05e-09
2026-10-06, 00:23:22, 1.53e-12, 1.05e-09
2026-10-06, 00:23:25, 1.37e-12, 1.05e-09
2026-10-06, 00:23:28, 1.57e-12, 1.05e-09
2026-10-06, 00:23:31, 1.58e-12, 1.05e-09
2026-10-06, 00:23:34, 1.54e-12, 1.05e-09
2026-10-06, 00:23:38, 1.57e-12, 1.05e-09
2026-10-06, 00:23:41, 1.63e-12, 1.05e-09
2026-10-06, 00:23:44, 1.59e-12, 1.05e-09
2026-10-06, 00:23:47, 1.59e-12, 1.05e-09
2026-10-06, 00:23:51, 1.55e-12, 1.05e-09
2026-10-06, 00:23:54, 1.54e-12, 1.05e-09
2026-10-06, 00:23:57, 1.48e-12, 1.05e-09
2026-10-06, 00:24:00, 1.63e-12, 1.05e-09
2026-10-06, 00:24:03, 1.58e-12, 1.05e-09
2026-10-06, 00:24:07, 1.55e-12, 1.05e-09
2026-10-06, 00:24:10, 1.52e-12, 1.05e-09
2026-10-06, 00:24:13, 1.62e-12, 1.04e-09
2026-10-06, 00:24:16, 1.5e-12, 1.04e-09
2026-10-06, 00:24:19, 1.54e-12, 1.04e-09
2026-10-06, 00:24:23, 1.59e-12, 1.04e-09
2026-10-06, 00:24:26, 1.52e-12, 1.05e-09
2026-10-06, 00:24:29, 1.54e-12, 1.04e-09
2026-10-06, 00:24:32, 1.53e-12, 1.04e-09
2026-10-06, 00:24:36, 1.66e-12, 1.05e-09
2026-10-06, 00:24:39, 1.49e-12, 1.05e-09
2026-10-06, 00:24:42, 1.6e-12, 1.05e-09
2026-10-06, 00:24:45, 1.42e-12, 1.06e-09
2026-10-06, 00:24:48, 1.54e-12, 1.05e-09
2026-10-06, 00:24:52, 1.62e-12, 1.05e-09
2026-10-06, 00:24:55, 1.65e-12, 1.04e-09
2026-10-06, 00:24:58, 1.51e-12, 1.04e-09
2026-10-06, 00:25:01, 1.55e-12, 1.04e-09
2026-10-06, 00:25:05, 1.49e-12, 1.04e-09
2026-10-06, 00:25:08, 1.55e-12, 1.04e-09
2026-10-06, 00:25:11, 1.45e-12, 1.04e-09
2026-10-06, 00:25:14, 1.56e-12, 1.05e-09
2026-10-06, 00:25:17, 1.54e-12, 1.05e-09
2026-10-06, 00:25:21, 1.58e-12, 1.06e-09
2026-10-06, 00:25:24, 1.49e-12, 1.05e-09
2026-10-06, 00:25:27, 1.56e-12, 1.05e-09
2026-10-06, 00:25:30, 1.56e-12, 1.05e-09
2026-10-06, 00:25:34, 1.5e-12, 1.05e-09
2026-10-06, 00:25:37, 1.54e-12, 1.05e-09
2026-10-06, 00:25:40, 1.59e-12, 1.05e-09
2026-10-06, 00:25:43, 1.56e-12, 1.05e-09
2026-10-06, 00:25:46, 1.56e-12, 1.05e-09
2026-10-06, 00:25:50, 1.54e-12, 1.05e-09
2026-10-06, 00:25:53, 1.44e-12, 1.05e-09
2026-10-06, 00:25:56, 1.59e-12, 1.05e-09
2026-10-06, 00:25:59, 1.54e-12, 1.04e-09
2026-10-06, 00:26:03, 1.58e-12, 1.04e-09
2026-10-06, 00:26:06, 1.53e-12, 1.05e-09
2026-10-06, 00:26:09, 1.57e-12, 1.04e-09
2026-10-06, 00:26:12, 1.47e-12, 1.04e-09
2026-10-06, 00:26:15, 1.5e-12, 1.04e-09
2026-10-06, 00:26:19, 1.45e-12, 1.05e-09
2026-10-06, 00:26:22, 1.51e-12, 1.04e-09
2026-10-06, 00:26:25, 1.51e-12, 1.04e-09
2026-10-06, 00:26:28, 1.53e-12, 1.04e-09
2026-10-06, 00:26:32, 1.38e-12, 1.03e-09
2026-10-06, 00:26:35, 1.5e-12, 1.05e-09
2026-10-06, 00:26:38, 1.49e-12, 1.05e-09
2026-10-06, 00:26:41, 1.55e-12, 1.05e-09
2026-10-06, 00:26:44, 1.57e-12, 1.05e-09
2026-10-06, 00:26:48, 1.48e-12, 1.04e-09
2026-10-06, 00:26:51, 1.49e-12, 1.04e-09
2026-10-06, 00:26:54, 1.39e-12, 1.05e-09
2026-10-06, 00:26:57, 1.39e-12, 1.05e-09
2026-10-06, 00:27:01, 1.51e-12, 1.05e-09
2026-10-06, 00:27:04, 1.53e-12, 1.05e-09
2026-10-06, 00:27:07, 1.58e-12, 1.05e-09
2026-10-06, 00:27:10, 1.56e-12, 1.05e-09
2026-10-06, 00:27:13, 1.52e-12, 1.04e-09
2026-10-06, 00:27:17, 1.48e-12, 1.04e-09
2026-10-06, 00:27:20, 1.6e-12, 1.04e-09
2026-10-06, 00:27:23, 1.57e-12, 1.04e-09
2026-10-06, 00:27:26, 1.5e-12, 1.04e-09
2026-10-06, 00:27:29, 1.49e-12, 1.04e-09
2026-10-06, 00:27:33, 1.58e-12, 1.04e-09
2026-10-06, 00:27:36, 1.5e-12, 1.04e-09
2026-10-06, 00:27:39, 1.46e-12, 1.04e-09
2026-10-06, 00:27:42, 1.53e-12, 1.04e-09
2026-10-06, 00:27:46, 1.5e-12, 1.04e-09
2026-10-06, 00:27:49, 1.56e-12, 1.04e-09
2026-10-06, 00:27:52, 1.55e-12, 1.04e-09
2026-10-06, 00:27:55, 1.54e-12, 1.04e-09
2026-10-06, 00:27:58, 1.57e-12, 1.04e-09
2026-10-06, 00:28:02, 1.55e-12, 1.04e-09
2026-10-06, 00:28:05, 1.54e-12, 1.04e-09
2026-10-06, 00:28:08, 1.56e-12, 1.04e-09
2026-10-06, 00:28:11, 1.54e-12, 1.05e-09
2026-10-06, 00:28:15, 1.58e-12, 1.05e-09
2026-10-06, 00:28:18, 1.57e-12, 1.05e-09
2026-10-06, 00:28:21, 1.53e-12, 1.05e-09
2026-10-06, 00:28:24, 1.51e-12, 1.05e-09
2026-10-06, 00:28:27, 1.52e-12, 1.05e-09
2026-10-06, 00:28:31, 1.6e-12, 1.04e-09
2026-10-06, 00:28:34, 1.54e-12, 1.05e-09
2026-10-06, 00:28:37, 1.52e-12, 1.05e-09
2026-10-06, 00:28:40, 1.51e-12, 1.04e-09
2026-10-06, 00:28:44, 1.54e-12, 1.04e-09
2026-10-06, 00:28:47, 1.58e-12, 1.04e-09
2026-10-06, 00:28:50, 1.58e-12, 1.04e-09
2026-10-06, 00:28:53, 1.53e-12, 1.04e-09
2026-10-06, 00:28:56, 1.38e-12, 1.04e-09
2026-10-06, 00:29:00, 1.54e-12, 1.04e-09
2026-10-06, 00:29:03, 1.55e-12, 1.04e-09
2026-10-06, 00:29:06, 1.57e-12, 1.04e-09
2026-10-06, 00:29:09, 1.53e-12, 1.05e-09
2026-10-06, 00:29:13, 1.53e-12, 1.05e-09
2026-10-06, 00:29:16, 1.55e-12, 1.04e-09
2026-10-06, 00:29:19, 1.57e-12, 1.05e-09
2026-10-06, 00:29:22, 1.41e-12, 1.05e-09
2026-10-06, 00:29:25, 1.54e-12, 1.04e-09
2026-10-06, 00:29:29, 1.51e-12, 1.04e-09
2026-10-06, 00:29:32, 1.45e-12, 1.05e-09
2026-10-06, 00:29:35, 1.53e-12, 1.05e-09
2026-10-06, 00:29:38, 1.56e-12, 1.05e-09
2026-10-06, 00:29:42, 1.56e-12, 1.04e-09
2026-10-06, 00:29:45, 1.5e-12, 1.05e-09
2026-10-06, 00:29:48, 1.58e-12, 1.06e-09
2026-10-06, 00:29:51, 1.53e-12, 1.04e-09
2026-10-06, 00:29:54, 1.59e-12, 1.04e-09
2026-10-06, 00:29:58, 1.51e-12, 1.04e-09
2026-10-06, 00:30:01, 1.55e-12, 1.04e-09
2026-10-06, 00:30:04, 1.52e-12, 1.04e-09
2026-10-06, 00:30:07, 1.5e-12, 1.04e-09
2026-10-06, 00:30:11, 1.58e-12, 1.04e-09
2026-10-06, 00:30:14, 1.56e-12, 1.05e-09
2026-10-06, 00:30:17, 1.55e-12, 1.05e-09
2026-10-06, 00:30:20, 1.58e-12, 1.04e-09
2026-10-06, 00:30:23, 1.51e-12, 1.04e-09
2026-10-06, 00:30:27, 1.47e-12, 1.05e-09
2026-10-06, 00:30:30, 1.59e-12, 1.05e-09
2026-10-06, 00:30:33, 1.48e-12, 1.04e-09
2026-10-06, 00:30:36, 1.53e-12, 1.05e-09
2026-10-06, 00:30:39, 1.52e-12, 1.04e-09
2026-10-06, 00:30:43, 1.56e-12, 1.05e-09
2026-10-06, 00:30:46, 1.52e-12, 1.04e-09
2026-10-06, 00:30:49, 1.55e-12, 1.04e-09
2026-10-06, 00:30:52, 1.58e-12, 1.04e-09
2026-10-06, 00:30:56, 1.56e-12, 1.04e-09
2026-10-06, 00:30:59, 1.51e-12, 1.04e-09
2026-10-06, 00:31:02, 1.59e-12, 1.04e-09
2026-10-06, 00:31:05, 1.52e-12, 1.04e-09
2026-10-06, 00:31:08, 1.56e-12, 1.04e-09
2026-10-06, 00:31:12, 1.54e-12, 1.04e-09
2026-10-06, 00:31:15, 1.54e-12, 1.04e-09
2026-10-06, 00:31:18, 1.45e-12, 1.04e-09
2026-10-06, 00:31:21, 1.5e-12, 1.04e-09
2026-10-06, 00:31:25, 1.51e-12, 1.04e-09
2026-10-06, 00:31:28, 1.54e-12, 1.04e-09
2026-10-06, 00:31:31, 1.52e-12, 1.05e-09
2026-10-06, 00:31:34, 1.51e-12, 1.04e-09
2026-10-06, 00:31:37, 1.48e-12, 1.05e-09
2026-10-06, 00:31:41, 1.52e-12, 1.05e-09
2026-10-06, 00:31:44, 1.58e-12, 1.05e-09
2026-10-06, 00:31:47, 1.55e-12, 1.04e-09
2026-10-06, 00:31:50, 1.54e-12, 1.05e-09
2026-10-06, 00:31:54, 1.52e-12, 1.04e-09
2026-10-06, 00:31:57, 1.58e-12, 1.05e-09
2026-10-06, 00:32:00, 1.53e-12, 1.05e-09
2026-10-06, 00:32:03, 1.52e-12, 1.05e-09
2026-10-06, 00:32:06, 1.56e-12, 1.05e-09
2026-10-06, 00:32:10, 1.53e-12, 1.05e-09
2026-10-06, 00:32:13, 1.56e-12, 1.05e-09
2026-10-06, 00:32:16, 1.5e-12, 1.05e-09
2026-10-06, 00:32:19, 1.55e-12, 1.04e-09
2026-10-06, 00:32:23, 1.51e-12, 1.05e-09
2026-10-06, 00:32:26, 1.51e-12, 1.05e-09
2026-10-06, 00:32:29, 1.54e-12, 1.05e-09
2026-10-06, 00:32:32, 1.55e-12, 1.04e-09
2026-10-06, 00:32:35, 1.54e-12, 1.04e-09
2026-10-06, 00:32:39, 1.57e-12, 1.05e-09
2026-10-06, 00:32:42, 1.52e-12, 1.04e-09
2026-10-06, 00:32:45, 1.56e-12, 1.05e-09
2026-10-06, 00:32:48, 1.56e-12, 1.05e-09
2026-10-06, 00:32:52, 1.52e-12, 1.04e-09
2026-10-06, 00:32:55, 1.51e-12, 1.05e-09
2026-10-06, 00:32:58, 1.58e-12, 1.05e-09
2026-10-06, 00:33:01, 1.57e-12, 1.05e-09
2026-10-06, 00:33:04, 1.52e-12, 1.04e-09
2026-10-06, 00:33:08, 1.51e-12, 1.05e-09
2026-10-06, 00:33:11, 1.53e-12, 1.04e-09
2026-10-06, 00:33:14, 1.53e-12, 1.05e-09
2026-10-06, 00:33:17, 1.62e-12, 1.04e-09
2026-10-06, 00:33:21, 1.59e-12, 1.04e-09
2026-10-06, 00:33:24, 1.51e-12, 1.04e-09
2026-10-06, 00:33:27, 1.63e-12, 1.05e-09
2026-10-06, 00:33:30, 1.57e-12, 1.04e-09
2026-10-06, 00:33:33, 1.33e-12, 1.05e-09
2026-10-06, 00:33:37, 1.53e-12, 1.04e-09
2026-10-06, 00:33:40, 1.55e-12, 1.03e-09
2026-10-06, 00:33:43, 1.5e-12, 1.05e-09
2026-10-06, 00:33:46, 1.51e-12, 1.05e-09
2026-10-06, 00:33:50, 1.59e-12, 1.03e-09
2026-10-06, 00:33:53, 1.55e-12, 1.04e-09
2026-10-06, 00:33:56, 1.51e-12, 1.05e-09
2026-10-06, 00:33:59, 1.47e-12, 1.05e-09
2026-10-06, 00:34:02, 1.49e-12, 1.05e-09
2026-10-06, 00:34:06, 1.58e-12, 1.04e-09
2026-10-06, 00:34:09, 1.52e-12, 1.04e-09
2026-10-06, 00:34:12, 1.58e-12, 1.05e-09
2026-10-06, 00:34:15, 1.52e-12, 1.04e-09
2026-10-06, 00:34:18, 1.42e-12, 1.04e-09
2026-10-06, 00:34:22, 1.52e-12, 1.05e-09
2026-10-06, 00:34:25, 1.37e-12, 1.05e-09
2026-10-06, 00:34:28, 1.55e-12, 1.04e-09
2026-10-06, 00:34:31, 1.49e-12, 1.04e-09
2026-10-06, 00:34:35, 1.58e-12, 1.05e-09
2026-10-06, 00:34:38, 1.56e-12, 1.05e-09
2026-10-06, 00:34:41, 1.57e-12, 1.04e-09
2026-10-06, 00:34:44, 1.59e-12, 1.04e-09
2026-10-06, 00:34:47, 1.54e-12, 1.05e-09
2026-10-06, 00:34:51, 1.56e-12, 1.05e-09
2026-10-06, 00:34:54, 1.62e-12, 1.04e-09
2026-10-06, 00:34:57, 1.5e-12, 1.04e-09
2026-10-06, 00:35:00, 1.52e-12, 1.05e-09
2026-10-06, 00:35:04, 1.5e-12, 1.04e-09
2026-10-06, 00:35:07, 1.48e-12, 1.05e-09
2026-10-06, 00:35:10, 1.4e-12, 1.04e-09
2026-10-06, 00:35:13, 1.52e-12, 1.05e-09
2026-10-06, 00:35:16, 1.63e-12, 1.04e-09
2026-10-06, 00:35:20, 1.58e-12, 1.05e-09
2026-10-06, 00:35:23, 1.61e-12, 1.05e-09
2026-10-06, 00:35:26, 1.59e-12, 1.04e-09
2026-10-06, 00:35:29, 1.47e-12, 1.05e-09
2026-10-06, 00:35:33, 1.51e-12, 1.05e-09
2026-10-06, 00:35:36, 1.53e-12, 1.04e-09
2026-10-06, 00:35:39, 1.54e-12, 1.04e-09
2026-10-06, 00:35:42, 1.61e-12, 1.04e-09
2026-10-06, 00:35:45, 1.49e-12, 1.04e-09
2026-10-06, 00:35:49, 1.55e-12, 1.05e-09
2026-10-06, 00:35:52, 1.57e-12, 1.04e-09
2026-10-06, 00:35:55, 1.65e-12, 1.04e-09
2026-10-06, 00:35:58, 1.51e-12, 1.04e-09
2026-10-06, 00:36:02, 1.56e-12, 1.05e-09
2026-10-06, 00:36:05, 1.53e-12, 1.05e-09
2026-10-06, 00:36:08, 1.55e-12, 1.05e-09
2026-10-06, 00:36:11, 1.56e-12, 1.05e-09
2026-10-06, 00:36:14, 1.51e-12, 1.05e-09
2026-10-06, 00:36:18, 1.55e-12, 1.04e-09
2026-10-06, 00:36:21, 1.53e-12, 1.04e-09
2026-10-06, 00:36:24, 1.56e-12, 1.04e-09
2026-10-06, 00:36:27, 1.45e-12, 1.05e-09
2026-10-06, 00:36:31, 1.41e-12, 1.04e-09
2026-10-06, 00:36:34, 1.53e-12, 1.05e-09
2026-10-06, 00:36:37, 1.5e-12, 1.04e-09
2026-10-06, 00:36:40, 1.55e-12, 1.03e-09
2026-10-06, 00:36:43, 1.49e-12, 1.04e-09
2026-10-06, 00:36:47, 1.54e-12, 1.06e-09
2026-10-06, 00:36:50, 1.56e-12, 1.05e-09
2026-10-06, 00:36:53, 1.56e-12, 1.05e-09
2026-10-06, 00:36:56, 1.55e-12, 1.05e-09
2026-10-06, 00:36:59, 1.57e-12, 1.05e-09
2026-10-06, 00:37:03, 1.6e-12, 1.05e-09
2026-10-06, 00:37:06, 1.55e-12, 1.05e-09
2026-10-06, 00:37:09, 1.5e-12, 1.06e-09
2026-10-06, 00:37:12, 1.55e-12, 1.06e-09
2026-10-06, 00:37:16, 1.53e-12, 1.06e-09
2026-10-06, 00:37:19, 1.59e-12, 1.06e-09
2026-10-06, 00:37:22, 1.56e-12, 1.06e-09
2026-10-06, 00:37:25, 1.53e-12, 1.07e-09
2026-10-06, 00:37:28, 1.6e-12, 1.06e-09
2026-10-06, 00:37:32, 1.54e-12, 1.07e-09
2026-10-06, 00:37:35, 1.53e-12, 1.07e-09
2026-10-06, 00:37:38, 1.56e-12, 1.07e-09
2026-10-06, 00:37:41, 1.67e-12, 1.07e-09
2026-10-06, 00:37:45, 1.58e-12, 1.06e-09
2026-10-06, 00:37:48, 1.56e-12, 1.07e-09
2026-10-06, 00:37:51, 1.52e-12, 1.07e-09
2026-10-06, 00:37:54, 1.52e-12, 1.07e-09
2026-10-06, 00:37:57, 1.58e-12, 1.07e-09
2026-10-06, 00:38:01, 1.57e-12, 1.06e-09
2026-10-06, 00:38:04, 1.55e-12, 1.06e-09
2026-10-06, 00:38:07, 1.56e-12, 1.06e-09
2026-10-06, 00:38:10, 1.47e-12, 1.06e-09
2026-10-06, 00:38:14, 1.59e-12, 1.06e-09
2026-10-06, 00:38:17, 1.54e-12, 1.06e-09
2026-10-06, 00:38:20, 1.55e-12, 1.06e-09
2026-10-06, 00:38:23, 1.61e-12, 1.06e-09
2026-10-06, 00:38:26, 1.42e-12, 1.07e-09
2026-10-06, 00:38:30, 1.55e-12, 1.07e-09
2026-10-06, 00:38:33, 1.51e-12, 1.07e-09
2026-10-06, 00:38:36, 1.62e-12, 1.07e-09
2026-10-06, 00:38:39, 1.56e-12, 1.07e-09
2026-10-06, 00:38:43, 1.59e-12, 1.07e-09
2026-10-06, 00:38:46, 1.52e-12, 1.07e-09
2026-10-06, 00:38:49, 1.58e-12, 1.07e-09
2026-10-06, 00:38:52, 1.54e-12, 1.07e-09
2026-10-06, 00:38:55, 1.61e-12, 1.07e-09
2026-10-06, 00:38:59, 1.56e-12, 1.07e-09
2026-10-06, 00:39:02, 1.55e-12, 1.07e-09
2026-10-06, 00:39:05, 1.69e-12, 1.07e-09
2026-10-06, 00:39:08, 1.5e-12, 1.07e-09
2026-10-06, 00:39:12, 1.56e-12, 1.07e-09
2026-10-06, 00:39:15, 1.57e-12, 1.09e-09
2026-10-06, 00:39:18, 1.54e-12, 1.08e-09
2026-10-06, 00:39:21, 1.53e-12, 1.07e-09
2026-10-06, 00:39:24, 1.51e-12, 1.07e-09
2026-10-06, 00:39:28, 1.55e-12, 1.07e-09
2026-10-06, 00:39:31, 1.57e-12, 1.08e-09
2026-10-06, 00:39:34, 1.47e-12, 1.07e-09
2026-10-06, 00:39:37, 1.54e-12, 1.07e-09
2026-10-06, 00:39:40, 1.56e-12, 1.07e-09
2026-10-06, 00:39:44, 1.49e-12, 1.07e-09
2026-10-06, 00:39:47, 1.57e-12, 1.07e-09
2026-10-06, 00:39:50, 1.63e-12, 1.07e-09
2026-10-06, 00:39:53, 1.59e-12, 1.07e-09
2026-10-06, 00:39:57, 1.59e-12, 1.08e-09
2026-10-06, 00:40:00, 1.56e-12, 1.08e-09
2026-10-06, 00:40:03, 1.61e-12, 1.08e-09
2026-10-06, 00:40:06, 1.59e-12, 1.08e-09
2026-10-06, 00:40:09, 1.65e-12, 1.08e-09
2026-10-06, 00:40:13, 1.67e-12, 1.07e-09
2026-10-06, 00:40:16, 1.51e-12, 1.07e-09
2026-10-06, 00:40:19, 1.62e-12, 1.07e-09
2026-10-06, 00:40:22, 1.56e-12, 1.07e-09
2026-10-06, 00:40:26, 1.59e-12, 1.07e-09
2026-10-06, 00:40:29, 1.52e-12, 1.07e-09
2026-10-06, 00:40:32, 1.52e-12, 1.07e-09
2026-10-06, 00:40:35, 1.53e-12, 1.07e-09
2026-10-06, 00:40:38, 1.48e-12, 1.07e-09
2026-10-06, 00:40:42, 1.56e-12, 1.07e-09
2026-10-06, 00:40:45, 1.52e-12, 1.07e-09
2026-10-06, 00:40:48, 1.52e-12, 1.07e-09
2026-10-06, 00:40:51, 1.52e-12, 1.07e-09
2026-10-06, 00:40:55, 1.55e-12, 1.07e-09
2026-10-06, 00:40:58, 1.52e-12, 1.07e-09
2026-10-06, 00:41:01, 1.58e-12, 1.07e-09
2026-10-06, 00:41:04, 1.57e-12, 1.07e-09
2026-10-06, 00:41:07, 1.53e-12, 1.07e-09
2026-10-06, 00:41:11, 1.55e-12, 1.07e-09
2026-10-06, 00:41:14, 1.54e-12, 1.07e-09
2026-10-06, 00:41:17, 1.62e-12, 1.07e-09
2026-10-06, 00:41:20, 1.56e-12, 1.07e-09
2026-10-06, 00:41:24, 1.57e-12, 1.07e-09
2026-10-06, 00:41:27, 1.58e-12, 1.07e-09
2026-10-06, 00:41:30, 1.6e-12, 1.09e-09
2026-10-06, 00:41:33, 1.54e-12, 1.07e-09
2026-10-06, 00:41:36, 1.55e-12, 1.07e-09
2026-10-06, 00:41:40, 1.56e-12, 1.07e-09
2026-10-06, 00:41:43, 1.51e-12, 1.07e-09
2026-10-06, 00:41:46, 1.52e-12, 1.07e-09
2026-10-06, 00:41:49, 1.5e-12, 1.07e-09
2026-10-06, 00:41:53, 1.55e-12, 1.07e-09
2026-10-06, 00:41:56, 1.54e-12, 1.07e-09
2026-10-06, 00:41:59, 1.6e-12, 1.07e-09
2026-10-06, 00:42:02, 1.68e-12, 1.07e-09
2026-10-06, 00:42:05, 1.57e-12, 1.07e-09
2026-10-06, 00:42:09, 1.56e-12, 1.07e-09
2026-10-06, 00:42:12, 1.57e-12, 1.07e-09
2026-10-06, 00:42:15, 1.54e-12, 1.07e-09
2026-10-06, 00:42:18, 1.56e-12, 1.07e-09
2026-10-06, 00:42:22, 1.58e-12, 1.07e-09
2026-10-06, 00:42:25, 1.69e-12, 1.07e-09
2026-10-06, 00:42:28, 1.51e-12, 1.07e-09
2026-10-06, 00:42:31, 1.48e-12, 1.07e-09
2026-10-06, 00:42:34, 1.57e-12, 1.07e-09
2026-10-06, 00:42:38, 1.57e-12, 1.06e-09
2026-10-06, 00:42:41, 1.56e-12, 1.07e-09
2026-10-06, 00:42:44, 1.51e-12, 1.07e-09
2026-10-06, 00:42:47, 1.54e-12, 1.08e-09
2026-10-06, 00:42:51, 1.52e-12, 1.07e-09
2026-10-06, 00:42:54, 1.48e-12, 1.07e-09
2026-10-06, 00:42:57, 1.51e-12, 1.07e-09
2026-10-06, 00:43:00, 1.56e-12, 1.07e-09
2026-10-06, 00:43:03, 1.49e-12, 1.07e-09
2026-10-06, 00:43:07, 1.54e-12, 1.07e-09
2026-10-06, 00:43:10, 1.54e-12, 1.07e-09
2026-10-06, 00:43:13, 1.62e-12, 1.07e-09
2026-10-06, 00:43:16, 1.54e-12, 1.07e-09
2026-10-06, 00:43:19, 1.56e-12, 1.08e-09
2026-10-06, 00:43:23, 1.53e-12, 1.07e-09
2026-10-06, 00:43:26, 1.58e-12, 1.07e-09
2026-10-06, 00:43:29, 1.58e-12, 1.06e-09
2026-10-06, 00:43:32, 1.55e-12, 1.06e-09
2026-10-06, 00:43:36, 1.57e-12, 1.06e-09
2026-10-06, 00:43:39, 1.58e-12, 1.06e-09
2026-10-06, 00:43:42, 1.54e-12, 1.06e-09
2026-10-06, 00:43:45, 1.5e-12, 1.07e-09
2026-10-06, 00:43:48, 1.5e-12, 1.07e-09
2026-10-06, 00:43:52, 1.5e-12, 1.06e-09
2026-10-06, 00:43:55, 1.49e-12, 1.07e-09
2026-10-06, 00:43:58, 1.48e-12, 1.06e-09
2026-10-06, 00:44:01, 1.52e-12, 1.07e-09
2026-10-06, 00:44:05, 1.52e-12, 1.06e-09
2026-10-06, 00:44:08, 1.59e-12, 1.06e-09
2026-10-06, 00:44:11, 1.6e-12, 1.07e-09
2026-10-06, 00:44:14, 1.55e-12, 1.06e-09
2026-10-06, 00:44:17, 1.59e-12, 1.06e-09
2026-10-06, 00:44:21, 1.51e-12, 1.06e-09
2026-10-06, 00:44:24, 1.58e-12, 1.06e-09
2026-10-06, 00:44:27, 1.53e-12, 1.06e-09
2026-10-06, 00:44:30, 1.52e-12, 1.07e-09
2026-10-06, 00:44:34, 1.54e-12, 1.08e-09
2026-10-06, 00:44:37, 1.56e-12, 1.07e-09
2026-10-06, 00:44:40, 1.46e-12, 1.07e-09
2026-10-06, 00:44:43, 1.57e-12, 1.07e-09
2026-10-06, 00:44:46, 1.57e-12, 1.07e-09
2026-10-06, 00:44:50, 1.53e-12, 1.07e-09
2026-10-06, 00:44:53, 1.71e-12, 1.07e-09
2026-10-06, 00:44:56, 1.5e-12, 1.07e-09
2026-10-06, 00:44:59, 1.51e-12, 1.07e-09
2026-10-06, 00:45:03, 1.51e-12, 1.07e-09
2026-10-06, 00:45:06, 1.47e-12, 1.07e-09
2026-10-06, 00:45:09, 1.56e-12, 1.06e-09
2026-10-06, 00:45:12, 1.54e-12, 1.07e-09
2026-10-06, 00:45:15, 1.58e-12, 1.07e-09
2026-10-06, 00:45:19, 1.58e-12, 1.07e-09
2026-10-06, 00:45:22, 1.54e-12, 1.06e-09
2026-10-06, 00:45:25, 1.48e-12, 1.07e-09
2026-10-06, 00:45:28, 1.48e-12, 1.07e-09
2026-10-06, 00:45:32, 1.56e-12, 1.07e-09
2026-10-06, 00:45:35, 1.52e-12, 1.06e-09
2026-10-06, 00:45:38, 1.71e-12, 1.07e-09
2026-10-06, 00:45:41, 1.59e-12, 1.08e-09
2026-10-06, 00:45:44, 1.55e-12, 1.07e-09
2026-10-06, 00:45:48, 1.51e-12, 1.07e-09
2026-10-06, 00:45:51, 1.52e-12, 1.07e-09
2026-10-06, 00:45:54, 1.51e-12, 1.07e-09
2026-10-06, 00:45:57, 1.51e-12, 1.07e-09
2026-10-06, 00:46:01, 1.39e-12, 1.07e-09
2026-10-06, 00:46:04, 1.47e-12, 1.07e-09
2026-10-06, 00:46:07, 1.53e-12, 1.07e-09
2026-10-06, 00:46:10, 1.55e-12, 1.08e-09
2026-10-06, 00:46:13, 1.5e-12, 1.07e-09
2026-10-06, 00:46:17, 1.53e-12, 1.07e-09
2026-10-06, 00:46:20, 1.52e-12, 1.07e-09
2026-10-06, 00:46:23, 1.52e-12, 1.07e-09
2026-10-06, 00:46:26, 1.57e-12, 1.07e-09
2026-10-06, 00:46:30, 1.52e-12, 1.07e-09
2026-10-06, 00:46:33, 1.56e-12, 1.07e-09
2026-10-06, 00:46:36, 1.41e-12, 1.08e-09
2026-10-06, 00:46:39, 1.55e-12, 1.06e-09
2026-10-06, 00:46:42, 1.54e-12, 1.07e-09
2026-10-06, 00:46:46, 1.46e-12, 1.06e-09
2026-10-06, 00:46:49, 1.55e-12, 1.07e-09
2026-10-06, 00:46:52, 1.43e-12, 1.06e-09
2026-10-06, 00:46:55, 1.55e-12, 1.06e-09
2026-10-06, 00:46:58, 1.56e-12, 1.07e-09
2026-10-06, 00:47:02, 1.48e-12, 1.06e-09
2026-10-06, 00:47:05, 1.59e-12, 1.06e-09
2026-10-06, 00:47:08, 1.55e-12, 1.06e-09
2026-10-06, 00:47:11, 1.54e-12, 1.06e-09
2026-10-06, 00:47:15, 1.54e-12, 1.06e-09
2026-10-06, 00:47:18, 1.56e-12, 1.06e-09
2026-10-06, 00:47:21, 1.5e-12, 1.06e-09
2026-10-06, 00:47:24, 1.47e-12, 1.06e-09
2026-10-06, 00:47:27, 1.54e-12, 1.06e-09
2026-10-06, 00:47:31, 1.57e-12, 1.06e-09
2026-10-06, 00:47:34, 1.51e-12, 1.06e-09
2026-10-06, 00:47:37, 1.52e-12, 1.07e-09
2026-10-06, 00:47:40, 1.57e-12, 1.07e-09
2026-10-06, 00:47:44, 1.52e-12, 1.07e-09
2026-10-06, 00:47:47, 1.61e-12, 1.07e-09
2026-10-06, 00:47:50, 1.6e-12, 1.07e-09
2026-10-06, 00:47:53, 1.59e-12, 1.07e-09
2026-10-06, 00:47:56, 1.53e-12, 1.07e-09
2026-10-06, 00:48:00, 1.56e-12, 1.07e-09
2026-10-06, 00:48:03, 1.57e-12, 1.07e-09
2026-10-06, 00:48:06, 1.57e-12, 1.07e-09
2026-10-06, 00:48:09, 1.49e-12, 1.07e-09
2026-10-06, 00:48:13, 1.57e-12, 1.07e-09
2026-10-06, 00:48:16, 1.51e-12, 1.07e-09
2026-10-06, 00:48:19, 1.6e-12, 1.07e-09
2026-10-06, 00:48:22, 1.54e-12, 1.07e-09
2026-10-06, 00:48:25, 1.56e-12, 1.07e-09
2026-10-06, 00:48:29, 1.54e-12, 1.07e-09
2026-10-06, 00:48:32, 1.61e-12, 1.07e-09
2026-10-06, 00:48:35, 1.55e-12, 1.07e-09
2026-10-06, 00:48:38, 1.54e-12, 1.07e-09
2026-10-06, 00:48:42, 1.53e-12, 1.07e-09
2026-10-06, 00:48:45, 1.59e-12, 1.06e-09
2026-10-06, 00:48:48, 1.52e-12, 1.06e-09
2026-10-06, 00:48:51, 1.56e-12, 1.06e-09
2026-10-06, 00:48:54, 1.7e-12, 1.06e-09
2026-10-06, 00:48:58, 1.57e-12, 1.06e-09
2026-10-06, 00:49:01, 1.5e-12, 1.06e-09
2026-10-06, 00:49:04, 1.54e-12, 1.06e-09
2026-10-06, 00:49:07, 1.6e-12, 1.06e-09
2026-10-06, 00:49:11, 1.56e-12, 1.06e-09
2026-10-06, 00:49:14, 1.55e-12, 1.06e-09
2026-10-06, 00:49:17, 1.57e-12, 1.06e-09
2026-10-06, 00:49:20, 1.51e-12, 1.06e-09
2026-10-06, 00:49:23, 1.51e-12, 1.06e-09
2026-10-06, 00:49:27, 1.54e-12, 1.06e-09
2026-10-06, 00:49:30, 1.59e-12, 1.06e-09
2026-10-06, 00:49:33, 1.54e-12, 1.06e-09
2026-10-06, 00:49:36, 1.53e-12, 1.06e-09
2026-10-06, 00:49:40, 1.53e-12, 1.06e-09
2026-10-06, 00:49:43, 1.51e-12, 1.06e-09
2026-10-06, 00:49:46, 1.57e-12, 1.06e-09
2026-10-06, 00:49:49, 1.48e-12, 1.06e-09
2026-10-06, 00:49:52, 1.59e-12, 1.06e-09
2026-10-06, 00:49:56, 1.52e-12, 1.06e-09
2026-10-06, 00:49:59, 1.46e-12, 1.06e-09
2026-10-06, 00:50:02, 1.57e-12, 1.06e-09
2026-10-06, 00:50:05, 1.59e-12, 1.06e-09
2026-10-06, 00:50:08, 1.72e-12, 1.06e-09
2026-10-06, 00:50:12, 1.52e-12, 1.06e-09
2026-10-06, 00:50:15, 1.54e-12, 1.06e-09
2026-10-06, 00:50:18, 1.66e-12, 1.06e-09
2026-10-06, 00:50:21, 1.55e-12, 1.05e-09
2026-10-06, 00:50:25, 1.57e-12, 1.05e-09
2026-10-06, 00:50:28, 1.63e-12, 1.06e-09
2026-10-06, 00:50:31, 1.48e-12, 1.06e-09
2026-10-06, 00:50:34, 1.58e-12, 1.06e-09
2026-10-06, 00:50:37, 1.55e-12, 1.06e-09
2026-10-06, 00:50:41, 1.54e-12, 1.06e-09
2026-10-06, 00:50:44, 1.5e-12, 1.06e-09
2026-10-06, 00:50:47, 1.51e-12, 1.06e-09
2026-10-06, 00:50:50, 1.55e-12, 1.05e-09
2026-10-06, 00:50:54, 1.62e-12, 1.06e-09
2026-10-06, 00:50:57, 1.47e-12, 1.05e-09
2026-10-06, 00:51:00, 1.52e-12, 1.06e-09
2026-10-06, 00:51:03, 1.44e-12, 1.06e-09
2026-10-06, 00:51:06, 1.48e-12, 1.06e-09
2026-10-06, 00:51:10, 1.58e-12, 1.06e-09
2026-10-06, 00:51:13, 1.51e-12, 1.06e-09
2026-10-06, 00:51:16, 1.43e-12, 1.05e-09
2026-10-06, 00:51:19, 1.53e-12, 1.05e-09
2026-10-06, 00:51:23, 1.51e-12, 1.06e-09
2026-10-06, 00:51:26, 1.54e-12, 1.05e-09
2026-10-06, 00:51:29, 1.48e-12, 1.05e-09
2026-10-06, 00:51:32, 1.42e-12, 1.05e-09
2026-10-06, 00:51:35, 1.7e-12, 1.06e-09
2026-10-06, 00:51:39, 1.57e-12, 1.05e-09
2026-10-06, 00:51:42, 1.5e-12, 1.06e-09
2026-10-06, 00:51:45, 1.58e-12, 1.05e-09
2026-10-06, 00:51:48, 1.61e-12, 1.06e-09
2026-10-06, 00:51:52, 1.47e-12, 1.06e-09
2026-10-06, 00:51:55, 1.57e-12, 1.06e-09
2026-10-06, 00:51:58, 1.56e-12, 1.05e-09
2026-10-06, 00:52:01, 1.55e-12, 1.06e-09
2026-10-06, 00:52:04, 1.52e-12, 1.06e-09
2026-10-06, 00:52:08, 1.59e-12, 1.05e-09
2026-10-06, 00:52:11, 1.45e-12, 1.05e-09
2026-10-06, 00:52:14, 1.55e-12, 1.06e-09
2026-10-06, 00:52:17, 1.56e-12, 1.06e-09
2026-10-06, 00:52:21, 1.6e-12, 1.06e-09
2026-10-06, 00:52:24, 1.5e-12, 1.06e-09
2026-10-06, 00:52:27, 1.5e-12, 1.06e-09
2026-10-06, 00:52:30, 1.52e-12, 1.06e-09
2026-10-06, 00:52:33, 1.51e-12, 1.06e-09
2026-10-06, 00:52:37, 1.56e-12, 1.06e-09
2026-10-06, 00:52:40, 1.48e-12, 1.06e-09
2026-10-06, 00:52:43, 1.52e-12, 1.06e-09
2026-10-06, 00:52:46, 1.46e-12, 1.07e-09
2026-10-06, 00:52:49, 1.61e-12, 1.06e-09
2026-10-06, 00:52:53, 1.5e-12, 1.06e-09
2026-10-06, 00:52:56, 1.43e-12, 1.06e-09
2026-10-06, 00:52:59, 1.55e-12, 1.06e-09
2026-10-06, 00:53:02, 1.57e-12, 1.06e-09
2026-10-06, 00:53:06, 1.51e-12, 1.06e-09
2026-10-06, 00:53:09, 1.57e-12, 1.06e-09
2026-10-06, 00:53:12, 1.53e-12, 1.06e-09
2026-10-06, 00:53:15, 1.49e-12, 1.06e-09
2026-10-06, 00:53:18, 1.48e-12, 1.06e-09
2026-10-06, 00:53:22, 1.52e-12, 1.06e-09
2026-10-06, 00:53:25, 1.53e-12, 1.06e-09
2026-10-06, 00:53:28, 1.5e-12, 1.06e-09
2026-10-06, 00:53:31, 1.5e-12, 1.06e-09
2026-10-06, 00:53:35, 1.59e-12, 1.06e-09
2026-10-06, 00:53:38, 1.64e-12, 1.06e-09
2026-10-06, 00:53:41, 1.52e-12, 1.06e-09
2026-10-06, 00:53:44, 1.54e-12, 1.06e-09
2026-10-06, 00:53:47, 1.57e-12, 1.06e-09
2026-10-06, 00:53:51, 1.57e-12, 1.06e-09
2026-10-06, 00:53:54, 1.51e-12, 1.07e-09
2026-10-06, 00:53:57, 1.55e-12, 1.06e-09
2026-10-06, 00:54:00, 1.51e-12, 1.06e-09
2026-10-06, 00:54:04, 1.56e-12, 1.05e-09
2026-10-06, 00:54:07, 1.52e-12, 1.06e-09
2026-10-06, 00:54:10, 1.52e-12, 1.07e-09
2026-10-06, 00:54:13, 1.52e-12, 1.06e-09
2026-10-06, 00:54:16, 1.54e-12, 1.06e-09
2026-10-06, 00:54:20, 1.56e-12, 1.06e-09
2026-10-06, 00:54:23, 1.56e-12, 1.06e-09
2026-10-06, 00:54:26, 1.56e-12, 1.05e-09
2026-10-06, 00:54:29, 1.5e-12, 1.06e-09
2026-10-06, 00:54:33, 1.56e-12, 1.06e-09
2026-10-06, 00:54:36, 1.49e-12, 1.06e-09
2026-10-06, 00:54:39, 1.56e-12, 1.06e-09
2026-10-06, 00:54:42, 1.5e-12, 1.06e-09
2026-10-06, 00:54:45, 1.53e-12, 1.06e-09
2026-10-06, 00:54:49, 1.61e-12, 1.06e-09
2026-10-06, 00:54:52, 1.5e-12, 1.06e-09
2026-10-06, 00:54:55, 1.42e-12, 1.06e-09
2026-10-06, 00:54:58, 1.48e-12, 1.06e-09
2026-10-06, 00:55:02, 1.56e-12, 1.06e-09
2026-10-06, 00:55:05, 1.54e-12, 1.06e-09
2026-10-06, 00:55:08, 1.53e-12, 1.06e-09
2026-10-06, 00:55:11, 1.59e-12, 1.06e-09
2026-10-06, 00:55:14, 1.51e-12, 1.06e-09
2026-10-06, 00:55:18, 1.54e-12, 1.06e-09
2026-10-06, 00:55:21, 1.55e-12, 1.06e-09
2026-10-06, 00:55:24, 1.51e-12, 1.06e-09
2026-10-06, 00:55:27, 1.55e-12, 1.06e-09
2026-10-06, 00:55:31, 1.58e-12, 1.06e-09
2026-10-06, 00:55:34, 1.54e-12, 1.06e-09
2026-10-06, 00:55:37, 1.55e-12, 1.06e-09
2026-10-06, 00:55:40, 1.53e-12, 1.06e-09
2026-10-06, 00:55:43, 1.59e-12, 1.06e-09
2026-10-06, 00:55:47, 1.58e-12, 1.06e-09
2026-10-06, 00:55:50, 1.52e-12, 1.06e-09
2026-10-06, 00:55:53, 1.49e-12, 1.05e-09
2026-10-06, 00:55:56, 1.62e-12, 1.05e-09
2026-10-06, 00:55:59, 1.55e-12, 1.09e-09
2026-10-06, 00:56:03, 1.53e-12, 1.09e-09
2026-10-06, 00:56:06, 1.56e-12, 1.09e-09
2026-10-06, 00:56:09, 1.54e-12, 1.1e-09
2026-10-06, 00:56:12, 1.52e-12, 1.09e-09
2026-10-06, 00:56:16, 1.5e-12, 1.09e-09
2026-10-06, 00:56:19, 1.54e-12, 1.1e-09
2026-10-06, 00:56:22, 1.59e-12, 1.1e-09
2026-10-06, 00:56:25, 1.45e-12, 1.09e-09
2026-10-06, 00:56:28, 1.47e-12, 1.09e-09
2026-10-06, 00:56:32, 1.55e-12, 1.1e-09
2026-10-06, 00:56:35, 1.5e-12, 1.1e-09
2026-10-06, 00:56:38, 1.52e-12, 1.1e-09
2026-10-06, 00:56:41, 1.53e-12, 1.09e-09
2026-10-06, 00:56:45, 1.56e-12, 1.09e-09
2026-10-06, 00:56:48, 1.56e-12, 1.1e-09
2026-10-06, 00:56:51, 1.49e-12, 1.1e-09
2026-10-06, 00:56:54, 1.54e-12, 1.1e-09
2026-10-06, 00:56:57, 1.54e-12, 1.1e-09
2026-10-06, 00:57:01, 1.6e-12, 1.1e-09
2026-10-06, 00:57:04, 1.55e-12, 1.1e-09
2026-10-06, 00:57:07, 1.58e-12, 1.09e-09
2026-10-06, 00:57:10, 1.54e-12, 1.09e-09
2026-10-06, 00:57:14, 1.49e-12, 1.09e-09
2026-10-06, 00:57:17, 1.54e-12, 1.09e-09
2026-10-06, 00:57:20, 1.6e-12, 1.1e-09
2026-10-06, 00:57:23, 1.54e-12, 1.1e-09
2026-10-06, 00:57:26, 1.52e-12, 1.1e-09
2026-10-06, 00:57:30, 1.46e-12, 1.1e-09
2026-10-06, 00:57:33, 1.51e-12, 1.1e-09
2026-10-06, 00:57:36, 1.58e-12, 1.1e-09
2026-10-06, 00:57:39, 1.54e-12, 1.1e-09
2026-10-06, 00:57:43, 1.61e-12, 1.1e-09
2026-10-06, 00:57:46, 1.55e-12, 1.09e-09
2026-10-06, 00:57:49, 1.47e-12, 1.09e-09
2026-10-06, 00:57:52, 1.61e-12, 1.09e-09
2026-10-06, 00:57:55, 1.64e-12, 1.09e-09
2026-10-06, 00:57:59, 1.57e-12, 1.09e-09
2026-10-06, 00:58:02, 1.55e-12, 1.09e-09
2026-10-06, 00:58:05, 1.54e-12, 1.09e-09
2026-10-06, 00:58:08, 1.49e-12, 1.09e-09
2026-10-06, 00:58:12, 1.52e-12, 1.08e-09
2026-10-06, 00:58:15, 1.51e-12, 1.07e-09
2026-10-06, 00:58:18, 1.71e-12, 1.08e-09
2026-10-06, 00:58:21, 1.56e-12, 1.09e-09
2026-10-06, 00:58:24, 1.52e-12, 1.08e-09
2026-10-06, 00:58:28, 1.48e-12, 1.08e-09
2026-10-06, 00:58:31, 1.54e-12, 1.08e-09
2026-10-06, 00:58:34, 1.53e-12, 1.08e-09
2026-10-06, 00:58:37, 1.56e-12, 1.08e-09
2026-10-06, 00:58:41, 1.54e-12, 1.08e-09
2026-10-06, 00:58:44, 1.54e-12, 1.09e-09
2026-10-06, 00:58:47, 1.62e-12, 1.09e-09
2026-10-06, 00:58:50, 1.56e-12, 1.09e-09
2026-10-06, 00:58:53, 1.51e-12, 1.08e-09
2026-10-06, 00:58:57, 1.58e-12, 1.08e-09
2026-10-06, 00:59:00, 1.53e-12, 1.09e-09
2026-10-06, 00:59:03, 1.52e-12, 1.09e-09
2026-10-06, 00:59:06, 1.53e-12, 1.09e-09
2026-10-06, 00:59:09, 1.52e-12, 1.09e-09
2026-10-06, 00:59:13, 1.54e-12, 1.09e-09
2026-10-06, 00:59:16, 1.56e-12, 1.09e-09
2026-10-06, 00:59:19, 1.58e-12, 1.09e-09
2026-10-06, 00:59:22, 1.56e-12, 1.09e-09
2026-10-06, 00:59:26, 1.58e-12, 1.09e-09
2026-10-06, 00:59:29, 1.55e-12, 1.09e-09
2026-10-06, 00:59:32, 1.56e-12, 1.09e-09
2026-10-06, 00:59:35, 1.59e-12, 1.09e-09
2026-10-06, 00:59:38, 1.62e-12, 1.08e-09
2026-10-06, 00:59:42, 1.54e-12, 1.08e-09
2026-10-06, 00:59:45, 1.58e-12, 1.09e-09
2026-10-06, 00:59:48, 1.5e-12, 1.09e-09
2026-10-06, 00:59:51, 1.52e-12, 1.09e-09
2026-10-06, 00:59:55, 1.6e-12, 1.09e-09
2026-10-06, 00:59:58, 1.51e-12, 1.09e-09
2026-10-06, 01:00:01, 1.55e-12, 1.09e-09
2026-10-06, 01:00:04, 1.53e-12, 1.08e-09
2026-10-06, 01:00:07, 1.43e-12, 1.09e-09
2026-10-06, 01:00:11, 1.53e-12, 1.09e-09
2026-10-06, 01:00:14, 1.51e-12, 1.09e-09
2026-10-06, 01:00:17, 1.53e-12, 1.09e-09
2026-10-06, 01:00:20, 1.69e-12, 1.09e-09
2026-10-06, 01:00:24, 1.52e-12, 1.08e-09
2026-10-06, 01:00:27, 1.54e-12, 1.09e-09
2026-10-06, 01:00:30, 1.49e-12, 1.09e-09
2026-10-06, 01:00:33, 1.48e-12, 1.09e-09
2026-10-06, 01:00:36, 1.53e-12, 1.09e-09
2026-10-06, 01:00:40, 1.52e-12, 1.09e-09
2026-10-06, 01:00:43, 1.41e-12, 1.09e-09
2026-10-06, 01:00:46, 1.51e-12, 1.09e-09
2026-10-06, 01:00:49, 1.58e-12, 1.09e-09
2026-10-06, 01:00:53, 1.48e-12, 1.09e-09
2026-10-06, 01:00:56, 1.52e-12, 1.09e-09
2026-10-06, 01:00:59, 1.51e-12, 1.09e-09
2026-10-06, 01:01:02, 1.6e-12, 1.09e-09
2026-10-06, 01:01:05, 1.53e-12, 1.09e-09
2026-10-06, 01:01:09, 1.52e-12, 1.09e-09
2026-10-06, 01:01:12, 1.67e-12, 1.09e-09
2026-10-06, 01:01:15, 1.59e-12, 1.09e-09
2026-10-06, 01:01:18, 1.54e-12, 1.09e-09
2026-10-06, 01:01:22, 1.47e-12, 1.09e-09
2026-10-06, 01:01:25, 1.49e-12, 1.08e-09
2026-10-06, 01:01:28, 1.53e-12, 1.08e-09
2026-10-06, 01:01:31, 1.53e-12, 1.08e-09
2026-10-06, 01:01:34, 1.55e-12, 1.08e-09
2026-10-06, 01:01:38, 1.49e-12, 1.08e-09
2026-10-06, 01:01:41, 1.55e-12, 1.08e-09
2026-10-06, 01:01:44, 1.51e-12, 1.08e-09
2026-10-06, 01:01:47, 1.55e-12, 1.08e-09
2026-10-06, 01:01:51, 1.56e-12, 1.09e-09
2026-10-06, 01:01:54, 1.62e-12, 1.09e-09
2026-10-06, 01:01:57, 1.5e-12, 1.09e-09
2026-10-06, 01:02:00, 1.53e-12, 1.09e-09
2026-10-06, 01:02:03, 1.58e-12, 1.09e-09
2026-10-06, 01:02:07, 1.6e-12, 1.09e-09
2026-10-06, 01:02:10, 1.56e-12, 1.09e-09
2026-10-06, 01:02:13, 1.57e-12, 1.09e-09
2026-10-06, 01:02:16, 1.56e-12, 1.09e-09
2026-10-06, 01:02:19, 1.51e-12, 1.09e-09
2026-10-06, 01:02:23, 1.54e-12, 1.09e-09
2026-10-06, 01:02:26, 1.5e-12, 1.09e-09
2026-10-06, 01:02:29, 1.56e-12, 1.09e-09
2026-10-06, 01:02:32, 1.5e-12, 1.09e-09
2026-10-06, 01:02:36, 1.59e-12, 1.09e-09
2026-10-06, 01:02:39, 1.42e-12, 1.09e-09
2026-10-06, 01:02:42, 1.59e-12, 1.08e-09
2026-10-06, 01:02:45, 1.47e-12, 1.09e-09
2026-10-06, 01:02:48, 1.47e-12, 1.09e-09
2026-10-06, 01:02:52, 1.54e-12, 1.09e-09
2026-10-06, 01:02:55, 1.52e-12, 1.09e-09
2026-10-06, 01:02:58, 1.52e-12, 1.1e-09
2026-10-06, 01:03:01, 1.56e-12, 1.09e-09
2026-10-06, 01:03:05, 1.54e-12, 1.09e-09
2026-10-06, 01:03:08, 1.54e-12, 1.09e-09
2026-10-06, 01:03:11, 1.5e-12, 1.09e-09
2026-10-06, 01:03:14, 1.62e-12, 1.09e-09
2026-10-06, 01:03:17, 1.56e-12, 1.09e-09
2026-10-06, 01:03:21, 1.6e-12, 1.09e-09
2026-10-06, 01:03:24, 1.49e-12, 1.09e-09
2026-10-06, 01:03:27, 1.52e-12, 1.09e-09
2026-10-06, 01:03:30, 1.53e-12, 1.1e-09
2026-10-06, 01:03:34, 1.56e-12, 1.09e-09
2026-10-06, 01:03:37, 1.56e-12, 1.09e-09
2026-10-06, 01:03:40, 1.57e-12, 1.08e-09
2026-10-06, 01:03:43, 1.64e-12, 1.09e-09
2026-10-06, 01:03:46, 1.55e-12, 1.09e-09
2026-10-06, 01:03:50, 1.58e-12, 1.09e-09
2026-10-06, 01:03:53, 1.56e-12, 1.09e-09
2026-10-06, 01:03:56, 1.56e-12, 1.09e-09
2026-10-06, 01:03:59, 1.49e-12, 1.09e-09
2026-10-06, 01:04:03, 1.48e-12, 1.09e-09
2026-10-06, 01:04:06, 1.53e-12, 1.09e-09
2026-10-06, 01:04:09, 1.54e-12, 1.1e-09
2026-10-06, 01:04:12, 1.49e-12, 1.08e-09
2026-10-06, 01:04:15, 1.65e-12, 1.09e-09
2026-10-06, 01:04:19, 1.56e-12, 1.09e-09
2026-10-06, 01:04:22, 1.47e-12, 1.09e-09
2026-10-06, 01:04:25, 1.57e-12, 1.09e-09
2026-10-06, 01:04:28, 1.55e-12, 1.09e-09
2026-10-06, 01:04:32, 1.63e-12, 1.09e-09
2026-10-06, 01:04:35, 1.55e-12, 1.09e-09
2026-10-06, 01:04:38, 1.55e-12, 1.1e-09
2026-10-06, 01:04:41, 1.37e-12, 1.1e-09
2026-10-06, 01:04:44, 1.56e-12, 1.1e-09
2026-10-06, 01:04:48, 1.51e-12, 1.1e-09
2026-10-06, 01:04:51, 1.53e-12, 1.1e-09
2026-10-06, 01:04:54, 1.51e-12, 1.1e-09
2026-10-06, 01:04:57, 1.49e-12, 1.1e-09
2026-10-06, 01:05:00, 1.61e-12, 1.1e-09
2026-10-06, 01:05:04, 1.51e-12, 1.09e-09
2026-10-06, 01:05:07, 1.52e-12, 1.1e-09
2026-10-06, 01:05:10, 1.56e-12, 1.1e-09
2026-10-06, 01:05:13, 1.59e-12, 1.1e-09
2026-10-06, 01:05:17, 1.71e-12, 1.1e-09
2026-10-06, 01:05:20, 1.53e-12, 1.09e-09
2026-10-06, 01:05:23, 1.54e-12, 1.1e-09
2026-10-06, 01:05:26, 1.54e-12, 1.09e-09
2026-10-06, 01:05:29, 1.46e-12, 1.09e-09
2026-10-06, 01:05:33, 1.61e-12, 1.09e-09
2026-10-06, 01:05:36, 1.46e-12, 1.09e-09
2026-10-06, 01:05:39, 1.53e-12, 1.09e-09
2026-10-06, 01:05:42, 1.56e-12, 1.1e-09
2026-10-06, 01:05:46, 1.66e-12, 1.1e-09
2026-10-06, 01:05:49, 1.57e-12, 1.1e-09
2026-10-06, 01:05:52, 1.55e-12, 1.09e-09
2026-10-06, 01:05:55, 1.48e-12, 1.1e-09
2026-10-06, 01:05:58, 1.54e-12, 1.1e-09
2026-10-06, 01:06:02, 1.53e-12, 1.1e-09
2026-10-06, 01:06:05, 1.55e-12, 1.1e-09
2026-10-06, 01:06:08, 1.52e-12, 1.1e-09
2026-10-06, 01:06:11, 1.57e-12, 1.1e-09
2026-10-06, 01:06:15, 1.49e-12, 1.1e-09
2026-10-06, 01:06:18, 1.53e-12, 1.1e-09
2026-10-06, 01:06:21, 1.47e-12, 1.1e-09
2026-10-06, 01:06:24, 1.49e-12, 1.09e-09
2026-10-06, 01:06:27, 1.55e-12, 1.09e-09
2026-10-06, 01:06:31, 1.6e-12, 1.09e-09
2026-10-06, 01:06:34, 1.49e-12, 1.09e-09
2026-10-06, 01:06:37, 1.55e-12, 1.1e-09
2026-10-06, 01:06:40, 1.54e-12, 1.09e-09
2026-10-06, 01:06:44, 1.52e-12, 1.1e-09
2026-10-06, 01:06:47, 1.55e-12, 1.09e-09
2026-10-06, 01:06:50, 1.5e-12, 1.09e-09
2026-10-06, 01:06:53, 1.44e-12, 1.09e-09
2026-10-06, 01:06:56, 1.49e-12, 1.1e-09
2026-10-06, 01:07:00, 1.57e-12, 1.1e-09
2026-10-06, 01:07:03, 1.58e-12, 1.1e-09
2026-10-06, 01:07:06, 1.56e-12, 1.1e-09
2026-10-06, 01:07:09, 1.5e-12, 1.1e-09
2026-10-06, 01:07:13, 1.72e-12, 1.1e-09
2026-10-06, 01:07:16, 1.53e-12, 1.1e-09
2026-10-06, 01:07:19, 1.55e-12, 1.1e-09
2026-10-06, 01:07:22, 1.55e-12, 1.1e-09
2026-10-06, 01:07:25, 1.4e-12, 1.1e-09
2026-10-06, 01:07:29, 1.54e-12, 1.09e-09
2026-10-06, 01:07:32, 1.54e-12, 1.09e-09
2026-10-06, 01:07:35, 1.51e-12, 1.1e-09
2026-10-06, 01:07:38, 1.56e-12, 1.1e-09
2026-10-06, 01:07:42, 1.53e-12, 1.13e-09
2026-10-06, 01:07:45, 1.55e-12, 1.14e-09
2026-10-06, 01:07:48, 1.56e-12, 1.14e-09
2026-10-06, 01:07:51, 1.45e-12, 1.14e-09
2026-10-06, 01:07:54, 1.53e-12, 1.14e-09
2026-10-06, 01:07:58, 1.52e-12, 1.14e-09
2026-10-06, 01:08:01, 1.55e-12, 1.14e-09
2026-10-06, 01:08:04, 1.63e-12, 1.14e-09
2026-10-06, 01:08:07, 1.52e-12, 1.14e-09
2026-10-06, 01:08:10, 1.73e-12, 1.15e-09
2026-10-06, 01:08:14, 1.54e-12, 1.15e-09
2026-10-06, 01:08:17, 1.49e-12, 1.16e-09
2026-10-06, 01:08:20, 1.56e-12, 1.15e-09
2026-10-06, 01:08:23, 1.57e-12, 1.16e-09
2026-10-06, 01:08:27, 1.56e-12, 1.15e-09
2026-10-06, 01:08:30, 1.54e-12, 1.16e-09
2026-10-06, 01:08:33, 1.52e-12, 1.15e-09
2026-10-06, 01:08:36, 1.52e-12, 1.15e-09
2026-10-06, 01:08:39, 1.55e-12, 1.15e-09
2026-10-06, 01:08:43, 1.53e-12, 1.15e-09
2026-10-06, 01:08:46, 1.5e-12, 1.16e-09
2026-10-06, 01:08:49, 1.54e-12, 1.14e-09
2026-10-06, 01:08:52, 1.53e-12, 1.15e-09
2026-10-06, 01:08:56, 1.58e-12, 1.15e-09
2026-10-06, 01:08:59, 1.53e-12, 1.14e-09
2026-10-06, 01:09:02, 1.53e-12, 1.15e-09
2026-10-06, 01:09:05, 1.55e-12, 1.14e-09
2026-10-06, 01:09:08, 1.48e-12, 1.14e-09
2026-10-06, 01:09:12, 1.57e-12, 1.14e-09
2026-10-06, 01:09:15, 1.5e-12, 1.14e-09
2026-10-06, 01:09:18, 1.56e-12, 1.14e-09
2026-10-06, 01:09:21, 1.46e-12, 1.14e-09
2026-10-06, 01:09:25, 1.52e-12, 1.14e-09
2026-10-06, 01:09:28, 1.59e-12, 1.14e-09
2026-10-06, 01:09:31, 1.54e-12, 1.14e-09
2026-10-06, 01:09:34, 1.58e-12, 1.14e-09
2026-10-06, 01:09:37, 1.55e-12, 1.14e-09
2026-10-06, 01:09:41, 1.47e-12, 1.14e-09
2026-10-06, 01:09:44, 1.47e-12, 1.14e-09
2026-10-06, 01:09:47, 1.71e-12, 1.14e-09
2026-10-06, 01:09:50, 1.56e-12, 1.14e-09
2026-10-06, 01:09:54, 1.54e-12, 1.14e-09
2026-10-06, 01:09:57, 1.54e-12, 1.14e-09
2026-10-06, 01:10:00, 1.57e-12, 1.13e-09
2026-10-06, 01:10:03, 1.5e-12, 1.13e-09
2026-10-06, 01:10:06, 1.54e-12, 1.13e-09
2026-10-06, 01:10:10, 1.44e-12, 1.14e-09
2026-10-06, 01:10:13, 1.63e-12, 1.14e-09
2026-10-06, 01:10:16, 1.51e-12, 1.14e-09
2026-10-06, 01:10:19, 1.43e-12, 1.14e-09
2026-10-06, 01:10:23, 1.51e-12, 1.14e-09
2026-10-06, 01:10:26, 1.52e-12, 1.14e-09
2026-10-06, 01:10:29, 1.5e-12, 1.14e-09
2026-10-06, 01:10:32, 1.71e-12, 1.13e-09
2026-10-06, 01:10:35, 1.53e-12, 1.14e-09
2026-10-06, 01:10:39, 1.5e-12, 1.14e-09
2026-10-06, 01:10:42, 1.45e-12, 1.14e-09
2026-10-06, 01:10:45, 1.54e-12, 1.14e-09
2026-10-06, 01:10:48, 1.63e-12, 1.14e-09
2026-10-06, 01:10:52, 1.58e-12, 1.14e-09
2026-10-06, 01:10:55, 1.58e-12, 1.14e-09
2026-10-06, 01:10:58, 1.51e-12, 1.14e-09
2026-10-06, 01:11:01, 1.51e-12, 1.14e-09
2026-10-06, 01:11:04, 1.56e-12, 1.14e-09
2026-10-06, 01:11:08, 1.58e-12, 1.14e-09
2026-10-06, 01:11:11, 1.51e-12, 1.14e-09
2026-10-06, 01:11:14, 1.51e-12, 1.14e-09
2026-10-06, 01:11:17, 1.6e-12, 1.14e-09
2026-10-06, 01:11:20, 1.49e-12, 1.14e-09
2026-10-06, 01:11:24, 1.45e-12, 1.14e-09
2026-10-06, 01:11:27, 1.47e-12, 1.14e-09
2026-10-06, 01:11:30, 1.51e-12, 1.14e-09
2026-10-06, 01:11:33, 1.46e-12, 1.14e-09
2026-10-06, 01:11:37, 1.53e-12, 1.13e-09
2026-10-06, 01:11:40, 1.53e-12, 1.1e-09
2026-10-06, 01:11:43, 1.55e-12, 1.1e-09
2026-10-06, 01:11:46, 1.51e-12, 1.12e-09
2026-10-06, 01:11:49, 1.53e-12, 1.15e-09
2026-10-06, 01:11:53, 1.64e-12, 1.15e-09
2026-10-06, 01:11:56, 1.54e-12, 1.15e-09
2026-10-06, 01:11:59, 1.47e-12, 1.15e-09
2026-10-06, 01:12:02, 1.5e-12, 1.15e-09
2026-10-06, 01:12:06, 1.57e-12, 1.16e-09
2026-10-06, 01:12:09, 1.5e-12, 1.16e-09
2026-10-06, 01:12:12, 1.48e-12, 1.16e-09
2026-10-06, 01:12:15, 1.5e-12, 1.15e-09
2026-10-06, 01:12:18, 1.6e-12, 1.16e-09
2026-10-06, 01:12:22, 1.5e-12, 1.16e-09
2026-10-06, 01:12:25, 1.56e-12, 1.16e-09
2026-10-06, 01:12:28, 1.5e-12, 1.15e-09
2026-10-06, 01:12:31, 1.5e-12, 1.15e-09
2026-10-06, 01:12:35, 1.56e-12, 1.15e-09
2026-10-06, 01:12:38, 1.58e-12, 1.15e-09
2026-10-06, 01:12:41, 1.52e-12, 1.15e-09
2026-10-06, 01:12:44, 1.52e-12, 1.15e-09
2026-10-06, 01:12:47, 1.54e-12, 1.15e-09
2026-10-06, 01:12:51, 1.54e-12, 1.15e-09
2026-10-06, 01:12:54, 1.57e-12, 1.15e-09
2026-10-06, 01:12:57, 1.48e-12, 1.15e-09
2026-10-06, 01:13:00, 1.51e-12, 1.15e-09
2026-10-06, 01:13:04, 1.56e-12, 1.15e-09
2026-10-06, 01:13:07, 1.55e-12, 1.15e-09
2026-10-06, 01:13:10, 1.53e-12, 1.15e-09
2026-10-06, 01:13:13, 1.56e-12, 1.15e-09
2026-10-06, 01:13:16, 1.52e-12, 1.15e-09
2026-10-06, 01:13:20, 1.61e-12, 1.15e-09
2026-10-06, 01:13:23, 1.59e-12, 1.15e-09
2026-10-06, 01:13:26, 1.51e-12, 1.15e-09
2026-10-06, 01:13:29, 1.55e-12, 1.15e-09
2026-10-06, 01:13:33, 1.49e-12, 1.15e-09
2026-10-06, 01:13:36, 1.47e-12, 1.15e-09
2026-10-06, 01:13:39, 1.52e-12, 1.15e-09
2026-10-06, 01:13:42, 1.51e-12, 1.15e-09
2026-10-06, 01:13:45, 1.43e-12, 1.15e-09
2026-10-06, 01:13:49, 1.52e-12, 1.15e-09
2026-10-06, 01:13:52, 1.52e-12, 1.15e-09
2026-10-06, 01:13:55, 1.57e-12, 1.15e-09
2026-10-06, 01:13:58, 1.58e-12, 1.15e-09
2026-10-06, 01:14:02, 1.53e-12, 1.15e-09
2026-10-06, 01:14:05, 1.48e-12, 1.15e-09
2026-10-06, 01:14:08, 1.53e-12, 1.15e-09
2026-10-06, 01:14:11, 1.55e-12, 1.15e-09
2026-10-06, 01:14:14, 1.53e-12, 1.15e-09
2026-10-06, 01:14:18, 1.56e-12, 1.15e-09
2026-10-06, 01:14:21, 1.49e-12, 1.15e-09
2026-10-06, 01:14:24, 1.58e-12, 1.16e-09
2026-10-06, 01:14:27, 1.49e-12, 1.15e-09
2026-10-06, 01:14:31, 1.48e-12, 1.15e-09
2026-10-06, 01:14:34, 1.56e-12, 1.15e-09
2026-10-06, 01:14:37, 1.5e-12, 1.15e-09
2026-10-06, 01:14:40, 1.53e-12, 1.15e-09
2026-10-06, 01:14:43, 1.63e-12, 1.15e-09
2026-10-06, 01:14:47, 1.5e-12, 1.15e-09
2026-10-06, 01:14:50, 1.48e-12, 1.15e-09
2026-10-06, 01:14:53, 1.63e-12, 1.16e-09
2026-10-06, 01:14:56, 1.55e-12, 1.15e-09
2026-10-06, 01:14:59, 1.56e-12, 1.15e-09
2026-10-06, 01:15:03, 1.55e-12, 1.15e-09
2026-10-06, 01:15:06, 1.59e-12, 1.15e-09
2026-10-06, 01:15:09, 1.64e-12, 1.15e-09
2026-10-06, 01:15:12, 1.48e-12, 1.15e-09
2026-10-06, 01:15:16, 1.49e-12, 1.15e-09
2026-10-06, 01:15:19, 1.73e-12, 1.15e-09
2026-10-06, 01:15:22, 1.55e-12, 1.15e-09
2026-10-06, 01:15:25, 1.57e-12, 1.15e-09
2026-10-06, 01:15:28, 1.56e-12, 1.14e-09
2026-10-06, 01:15:32, 1.41e-12, 1.13e-09
2026-10-06, 01:15:35, 1.58e-12, 1.14e-09
2026-10-06, 01:15:38, 1.48e-12, 1.12e-09
2026-10-06, 01:15:41, 1.45e-12, 1.12e-09
2026-10-06, 01:15:45, 1.53e-12, 1.12e-09
2026-10-06, 01:15:48, 1.55e-12, 1.12e-09
2026-10-06, 01:15:51, 1.55e-12, 1.12e-09
2026-10-06, 01:15:54, 1.54e-12, 1.12e-09
2026-10-06, 01:15:57, 1.5e-12, 1.13e-09
2026-10-06, 01:16:01, 1.57e-12, 1.13e-09
2026-10-06, 01:16:04, 1.56e-12, 1.13e-09
2026-10-06, 01:16:07, 1.51e-12, 1.13e-09
2026-10-06, 01:16:10, 1.52e-12, 1.13e-09
2026-10-06, 01:16:14, 1.5e-12, 1.13e-09
2026-10-06, 01:16:17, 1.5e-12, 1.13e-09
2026-10-06, 01:16:20, 1.48e-12, 1.12e-09
2026-10-06, 01:16:23, 1.53e-12, 1.12e-09
2026-10-06, 01:16:26, 1.49e-12, 1.13e-09
2026-10-06, 01:16:30, 1.51e-12, 1.25e-09
2026-10-06, 01:16:33, 1.49e-12, 1.26e-09
2026-10-06, 01:16:36, 1.51e-12, 1.26e-09
2026-10-06, 01:16:39, 1.54e-12, 1.26e-09
2026-10-06, 01:16:43, 1.55e-12, 1.25e-09
2026-10-06, 01:16:46, 1.61e-12, 1.25e-09
2026-10-06, 01:16:49, 1.53e-12, 1.25e-09
2026-10-06, 01:16:52, 1.56e-12, 1.25e-09
2026-10-06, 01:16:55, 1.54e-12, 1.26e-09
2026-10-06, 01:16:59, 1.48e-12, 1.25e-09
2026-10-06, 01:17:02, 1.57e-12, 1.25e-09
2026-10-06, 01:17:05, 1.48e-12, 1.26e-09
2026-10-06, 01:17:08, 1.46e-12, 1.25e-09
2026-10-06, 01:17:12, 1.52e-12, 1.26e-09
2026-10-06, 01:17:15, 1.54e-12, 1.26e-09
2026-10-06, 01:17:18, 1.68e-12, 1.25e-09
2026-10-06, 01:17:21, 1.45e-12, 1.25e-09
2026-10-06, 01:17:24, 1.53e-12, 1.26e-09
2026-10-06, 01:17:28, 1.54e-12, 1.26e-09
2026-10-06, 01:17:31, 1.52e-12, 1.26e-09
2026-10-06, 01:17:34, 1.48e-12, 1.26e-09
2026-10-06, 01:17:37, 1.54e-12, 1.26e-09
2026-10-06, 01:17:41, 1.5e-12, 1.26e-09
2026-10-06, 01:17:44, 1.54e-12, 1.26e-09
2026-10-06, 01:17:47, 1.44e-12, 1.26e-09
2026-10-06, 01:17:50, 1.57e-12, 1.26e-09
2026-10-06, 01:17:53, 1.49e-12, 1.26e-09
2026-10-06, 01:17:57, 1.51e-12, 1.26e-09
2026-10-06, 01:18:00, 1.56e-12, 1.26e-09
2026-10-06, 01:18:03, 1.54e-12, 1.25e-09
2026-10-06, 01:18:06, 1.47e-12, 1.25e-09
2026-10-06, 01:18:09, 1.57e-12, 1.25e-09
2026-10-06, 01:18:13, 1.47e-12, 1.25e-09
2026-10-06, 01:18:16, 1.44e-12, 1.25e-09
2026-10-06, 01:18:19, 1.54e-12, 1.25e-09
2026-10-06, 01:18:22, 1.56e-12, 1.25e-09
2026-10-06, 01:18:26, 1.6e-12, 1.25e-09
2026-10-06, 01:18:29, 1.55e-12, 1.26e-09
2026-10-06, 01:18:32, 1.52e-12, 1.25e-09
2026-10-06, 01:18:35, 1.56e-12, 1.25e-09
2026-10-06, 01:18:38, 1.58e-12, 1.26e-09
2026-10-06, 01:18:42, 1.49e-12, 1.26e-09
2026-10-06, 01:18:45, 1.46e-12, 1.25e-09
2026-10-06, 01:18:48, 1.56e-12, 1.26e-09
2026-10-06, 01:18:51, 1.53e-12, 1.25e-09
2026-10-06, 01:18:55, 1.53e-12, 1.26e-09
2026-10-06, 01:18:58, 1.66e-12, 1.25e-09
2026-10-06, 01:19:01, 1.47e-12, 1.25e-09
2026-10-06, 01:19:04, 1.5e-12, 1.26e-09
2026-10-06, 01:19:07, 1.46e-12, 1.26e-09
2026-10-06, 01:19:11, 1.55e-12, 1.25e-09
2026-10-06, 01:19:14, 1.54e-12, 1.26e-09
2026-10-06, 01:19:17, 1.57e-12, 1.26e-09
2026-10-06, 01:19:20, 1.51e-12, 1.26e-09
2026-10-06, 01:19:24, 1.6e-12, 1.25e-09
2026-10-06, 01:19:27, 1.54e-12, 1.14e-09
2026-10-06, 01:19:30, 1.61e-12, 1.14e-09
2026-10-06, 01:19:33, 1.55e-12, 1.14e-09
2026-10-06, 01:19:36, 1.52e-12, 1.14e-09
2026-10-06, 01:19:40, 1.49e-12, 1.14e-09
2026-10-06, 01:19:43, 1.49e-12, 1.14e-09
2026-10-06, 01:19:46, 1.57e-12, 1.14e-09
2026-10-06, 01:19:49, 1.49e-12, 1.14e-09
2026-10-06, 01:19:53, 1.45e-12, 1.14e-09
2026-10-06, 01:19:56, 1.52e-12, 1.14e-09
2026-10-06, 01:19:59, 1.53e-12, 1.14e-09
2026-10-06, 01:20:02, 1.54e-12, 1.14e-09
2026-10-06, 01:20:05, 1.56e-12, 1.14e-09
2026-10-06, 01:20:09, 1.54e-12, 1.14e-09
2026-10-06, 01:20:12, 1.45e-12, 1.15e-09
2026-10-06, 01:20:15, 1.49e-12, 1.14e-09
2026-10-06, 01:20:18, 1.51e-12, 1.14e-09
2026-10-06, 01:20:22, 1.48e-12, 1.15e-09
2026-10-06, 01:20:25, 1.56e-12, 1.14e-09
2026-10-06, 01:20:28, 1.56e-12, 1.14e-09
2026-10-06, 01:20:31, 1.59e-12, 1.15e-09
2026-10-06, 01:20:34, 1.57e-12, 1.14e-09
2026-10-06, 01:20:38, 1.52e-12, 1.14e-09
2026-10-06, 01:20:41, 1.52e-12, 1.14e-09
2026-10-06, 01:20:44, 1.56e-12, 1.14e-09
2026-10-06, 01:20:47, 1.45e-12, 1.14e-09
2026-10-06, 01:20:50, 1.57e-12, 1.14e-09
2026-10-06, 01:20:54, 1.51e-12, 1.14e-09
2026-10-06, 01:20:57, 1.65e-12, 1.14e-09
2026-10-06, 01:21:00, 1.57e-12, 1.14e-09
2026-10-06, 01:21:03, 1.58e-12, 1.14e-09
2026-10-06, 01:21:07, 1.56e-12, 1.14e-09
2026-10-06, 01:21:10, 1.59e-12, 1.15e-09
2026-10-06, 01:21:13, 1.54e-12, 1.14e-09
2026-10-06, 01:21:16, 1.53e-12, 1.14e-09
2026-10-06, 01:21:19, 1.53e-12, 1.14e-09
2026-10-06, 01:21:23, 1.56e-12, 1.14e-09
2026-10-06, 01:21:26, 1.58e-12, 1.15e-09
2026-10-06, 01:21:29, 1.57e-12, 1.15e-09
2026-10-06, 01:21:32, 1.61e-12, 1.14e-09
2026-10-06, 01:21:36, 1.52e-12, 1.14e-09
2026-10-06, 01:21:39, 1.5e-12, 1.14e-09
2026-10-06, 01:21:42, 1.49e-12, 1.15e-09
2026-10-06, 01:21:45, 1.64e-12, 1.15e-09
2026-10-06, 01:21:48, 1.58e-12, 1.14e-09
2026-10-06, 01:21:52, 1.55e-12, 1.14e-09
2026-10-06, 01:21:55, 1.68e-12, 1.15e-09
2026-10-06, 01:21:58, 1.51e-12, 1.14e-09
2026-10-06, 01:22:01, 1.43e-12, 1.14e-09
2026-10-06, 01:22:05, 1.61e-12, 1.14e-09
2026-10-06, 01:22:08, 1.65e-12, 1.14e-09
2026-10-06, 01:22:11, 1.56e-12, 1.15e-09
2026-10-06, 01:22:14, 1.52e-12, 1.14e-09
2026-10-06, 01:22:17, 1.5e-12, 1.14e-09
2026-10-06, 01:22:21, 1.53e-12, 1.15e-09
2026-10-06, 01:22:24, 1.54e-12, 1.14e-09
2026-10-06, 01:22:27, 1.55e-12, 1.14e-09
2026-10-06, 01:22:30, 1.46e-12, 1.14e-09
2026-10-06, 01:22:34, 1.55e-12, 1.14e-09
2026-10-06, 01:22:37, 1.56e-12, 1.14e-09
2026-10-06, 01:22:40, 1.58e-12, 1.13e-09
2026-10-06, 01:22:43, 1.57e-12, 1.14e-09
2026-10-06, 01:22:46, 1.45e-12, 1.13e-09
2026-10-06, 01:22:50, 1.51e-12, 1.14e-09
2026-10-06, 01:22:53, 1.54e-12, 1.14e-09
2026-10-06, 01:22:56, 1.45e-12, 1.13e-09
2026-10-06, 01:22:59, 1.57e-12, 1.14e-09
2026-10-06, 01:23:03, 1.59e-12, 1.14e-09
2026-10-06, 01:23:06, 1.45e-12, 1.13e-09
2026-10-06, 01:23:09, 1.45e-12, 1.14e-09
2026-10-06, 01:23:12, 1.52e-12, 1.14e-09
2026-10-06, 01:23:15, 1.5e-12, 1.14e-09
2026-10-06, 01:23:19, 1.56e-12, 1.14e-09
2026-10-06, 01:23:22, 1.51e-12, 1.13e-09
2026-10-06, 01:23:25, 1.53e-12, 1.13e-09
2026-10-06, 01:23:28, 1.56e-12, 1.13e-09
2026-10-06, 01:23:32, 1.46e-12, 1.13e-09
2026-10-06, 01:23:35, 1.57e-12, 1.13e-09
2026-10-06, 01:23:38, 1.35e-12, 1.13e-09
2026-10-06, 01:23:41, 1.55e-12, 1.13e-09
2026-10-06, 01:23:44, 1.47e-12, 1.13e-09
2026-10-06, 01:23:48, 1.53e-12, 1.13e-09
2026-10-06, 01:23:51, 1.53e-12, 1.13e-09
2026-10-06, 01:23:54, 1.57e-12, 1.13e-09
2026-10-06, 01:23:57, 1.52e-12, 1.12e-09
2026-10-06, 01:24:00, 1.5e-12, 1.13e-09
2026-10-06, 01:24:04, 1.51e-12, 1.13e-09
2026-10-06, 01:24:07, 1.53e-12, 1.13e-09
2026-10-06, 01:24:10, 1.57e-12, 1.13e-09
2026-10-06, 01:24:13, 1.56e-12, 1.13e-09
2026-10-06, 01:24:17, 1.47e-12, 1.13e-09
2026-10-06, 01:24:20, 1.46e-12, 1.13e-09
2026-10-06, 01:24:23, 1.55e-12, 1.13e-09
2026-10-06, 01:24:26, 1.53e-12, 1.12e-09
2026-10-06, 01:24:29, 1.68e-12, 1.13e-09
2026-10-06, 01:24:33, 1.52e-12, 1.12e-09
2026-10-06, 01:24:36, 1.56e-12, 1.12e-09
2026-10-06, 01:24:39, 1.58e-12, 1.12e-09
2026-10-06, 01:24:42, 1.57e-12, 1.12e-09
2026-10-06, 01:24:46, 1.55e-12, 1.12e-09
2026-10-06, 01:24:49, 1.56e-12, 1.12e-09
2026-10-06, 01:24:52, 1.52e-12, 1.12e-09
2026-10-06, 01:24:55, 1.49e-12, 1.12e-09
2026-10-06, 01:24:58, 1.54e-12, 1.12e-09
2026-10-06, 01:25:02, 1.52e-12, 1.12e-09
2026-10-06, 01:25:05, 1.49e-12, 1.12e-09
2026-10-06, 01:25:08, 1.56e-12, 1.12e-09
2026-10-06, 01:25:11, 1.5e-12, 1.12e-09
2026-10-06, 01:25:15, 1.58e-12, 1.12e-09
2026-10-06, 01:25:18, 1.55e-12, 1.12e-09
2026-10-06, 01:25:21, 1.49e-12, 1.12e-09
2026-10-06, 01:25:24, 1.5e-12, 1.12e-09
2026-10-06, 01:25:27, 1.62e-12, 1.12e-09
2026-10-06, 01:25:31, 1.53e-12, 1.12e-09
2026-10-06, 01:25:34, 1.48e-12, 1.12e-09
2026-10-06, 01:25:37, 1.55e-12, 1.12e-09
2026-10-06, 01:25:40, 1.58e-12, 1.12e-09
2026-10-06, 01:25:44, 1.63e-12, 1.12e-09
2026-10-06, 01:25:47, 1.52e-12, 1.12e-09
2026-10-06, 01:25:50, 1.48e-12, 1.12e-09
2026-10-06, 01:25:53, 1.52e-12, 1.12e-09
2026-10-06, 01:25:56, 1.51e-12, 1.12e-09
2026-10-06, 01:26:00, 1.46e-12, 1.12e-09
2026-10-06, 01:26:03, 1.51e-12, 1.12e-09
2026-10-06, 01:26:06, 1.57e-12, 1.12e-09
2026-10-06, 01:26:09, 1.51e-12, 1.12e-09
2026-10-06, 01:26:13, 1.53e-12, 1.12e-09
2026-10-06, 01:26:16, 1.52e-12, 1.12e-09
2026-10-06, 01:26:19, 1.58e-12, 1.12e-09
2026-10-06, 01:26:22, 1.48e-12, 1.14e-09
2026-10-06, 01:26:25, 1.54e-12, 1.12e-09
2026-10-06, 01:26:29, 1.55e-12, 1.12e-09
2026-10-06, 01:26:32, 1.51e-12, 1.12e-09
2026-10-06, 01:26:35, 1.54e-12, 1.12e-09
2026-10-06, 01:26:38, 1.69e-12, 1.15e-09
2026-10-06, 01:26:41, 1.43e-12, 1.16e-09
2026-10-06, 01:26:45, 1.51e-12, 1.16e-09
2026-10-06, 01:26:48, 1.56e-12, 1.16e-09
2026-10-06, 01:26:51, 1.52e-12, 1.16e-09
2026-10-06, 01:26:54, 1.47e-12, 1.16e-09
2026-10-06, 01:26:58, 1.52e-12, 1.16e-09
2026-10-06, 01:27:01, 1.73e-12, 1.16e-09
2026-10-06, 01:27:04, 1.5e-12, 1.16e-09
2026-10-06, 01:27:07, 1.56e-12, 1.16e-09
2026-10-06, 01:27:10, 1.51e-12, 1.17e-09
2026-10-06, 01:27:14, 1.43e-12, 1.17e-09
2026-10-06, 01:27:17, 1.55e-12, 1.17e-09
2026-10-06, 01:27:20, 1.45e-12, 1.16e-09
2026-10-06, 01:27:23, 1.56e-12, 1.17e-09
2026-10-06, 01:27:27, 1.53e-12, 1.17e-09
2026-10-06, 01:27:30, 1.52e-12, 1.17e-09
2026-10-06, 01:27:33, 1.59e-12, 1.17e-09
2026-10-06, 01:27:36, 1.54e-12, 1.17e-09
2026-10-06, 01:27:39, 1.69e-12, 1.18e-09
2026-10-06, 01:27:43, 1.54e-12, 1.17e-09
2026-10-06, 01:27:46, 1.52e-12, 1.18e-09
2026-10-06, 01:27:49, 1.59e-12, 1.18e-09
2026-10-06, 01:27:52, 1.54e-12, 1.17e-09
2026-10-06, 01:27:56, 1.47e-12, 1.17e-09
2026-10-06, 01:27:59, 1.51e-12, 1.17e-09
2026-10-06, 01:28:02, 1.53e-12, 1.18e-09
2026-10-06, 01:28:05, 1.54e-12, 1.17e-09
2026-10-06, 01:28:08, 1.5e-12, 1.17e-09
2026-10-06, 01:28:12, 1.74e-12, 1.18e-09
2026-10-06, 01:28:15, 1.56e-12, 1.18e-09
2026-10-06, 01:28:18, 1.53e-12, 1.18e-09
2026-10-06, 01:28:21, 1.42e-12, 1.18e-09
2026-10-06, 01:28:25, 1.59e-12, 1.17e-09
2026-10-06, 01:28:28, 1.43e-12, 1.17e-09
2026-10-06, 01:28:31, 1.51e-12, 1.18e-09
2026-10-06, 01:28:34, 1.54e-12, 1.18e-09
2026-10-06, 01:28:37, 1.51e-12, 1.18e-09
2026-10-06, 01:28:41, 1.54e-12, 1.17e-09
2026-10-06, 01:28:44, 1.55e-12, 1.17e-09
2026-10-06, 01:28:47, 1.58e-12, 1.17e-09
2026-10-06, 01:28:50, 1.6e-12, 1.17e-09
2026-10-06, 01:28:54, 1.55e-12, 1.17e-09
2026-10-06, 01:28:57, 1.62e-12, 1.17e-09
2026-10-06, 01:29:00, 1.48e-12, 1.17e-09
2026-10-06, 01:29:03, 1.47e-12, 1.17e-09
2026-10-06, 01:29:06, 1.53e-12, 1.17e-09
2026-10-06, 01:29:10, 1.43e-12, 1.17e-09
2026-10-06, 01:29:13, 1.59e-12, 1.17e-09
2026-10-06, 01:29:16, 1.58e-12, 1.17e-09
2026-10-06, 01:29:19, 1.57e-12, 1.17e-09
2026-10-06, 01:29:23, 1.51e-12, 1.17e-09
2026-10-06, 01:29:26, 1.56e-12, 1.17e-09
2026-10-06, 01:29:29, 1.54e-12, 1.17e-09
2026-10-06, 01:29:32, 1.53e-12, 1.17e-09
2026-10-06, 01:29:35, 1.57e-12, 1.17e-09
2026-10-06, 01:29:39, 1.53e-12, 1.17e-09
2026-10-06, 01:29:42, 1.53e-12, 1.17e-09
2026-10-06, 01:29:45, 1.52e-12, 1.17e-09
2026-10-06, 01:29:48, 1.54e-12, 1.17e-09
2026-10-06, 01:29:52, 1.54e-12, 1.17e-09
2026-10-06, 01:29:55, 1.52e-12, 1.17e-09
2026-10-06, 01:29:58, 1.52e-12, 1.17e-09
2026-10-06, 01:30:01, 1.55e-12, 1.17e-09
2026-10-06, 01:30:04, 1.63e-12, 1.17e-09
2026-10-06, 01:30:08, 1.55e-12, 1.16e-09
2026-10-06, 01:30:11, 1.53e-12, 1.17e-09
2026-10-06, 01:30:14, 1.53e-12, 1.17e-09
2026-10-06, 01:30:17, 1.5e-12, 1.17e-09
2026-10-06, 01:30:20, 1.52e-12, 1.17e-09
2026-10-06, 01:30:24, 1.55e-12, 1.17e-09
2026-10-06, 01:30:27, 1.61e-12, 1.17e-09
2026-10-06, 01:30:30, 1.55e-12, 1.17e-09
2026-10-06, 01:30:33, 1.57e-12, 1.17e-09
2026-10-06, 01:30:37, 1.53e-12, 1.17e-09
2026-10-06, 01:30:40, 1.54e-12, 1.17e-09
2026-10-06, 01:30:43, 1.47e-12, 1.17e-09
2026-10-06, 01:30:46, 1.39e-12, 1.17e-09
2026-10-06, 01:30:49, 1.5e-12, 1.17e-09
2026-10-06, 01:30:53, 1.56e-12, 1.17e-09
2026-10-06, 01:30:56, 1.52e-12, 1.17e-09
2026-10-06, 01:30:59, 1.6e-12, 1.17e-09
2026-10-06, 01:31:02, 1.5e-12, 1.17e-09
2026-10-06, 01:31:06, 1.67e-12, 1.17e-09
2026-10-06, 01:31:09, 1.55e-12, 1.17e-09
2026-10-06, 01:31:12, 1.44e-12, 1.17e-09
2026-10-06, 01:31:15, 1.56e-12, 1.12e-09
2026-10-06, 01:31:18, 1.57e-12, 1.13e-09
2026-10-06, 01:31:22, 1.51e-12, 1.12e-09
2026-10-06, 01:31:25, 1.51e-12, 1.13e-09
2026-10-06, 01:31:28, 1.61e-12, 1.13e-09
2026-10-06, 01:31:31, 1.56e-12, 1.12e-09
2026-10-06, 01:31:35, 1.62e-12, 1.11e-09
2026-10-06, 01:31:38, 1.5e-12, 1.11e-09
2026-10-06, 01:31:41, 1.53e-12, 1.11e-09
2026-10-06, 01:31:44, 1.53e-12, 1.11e-09
2026-10-06, 01:31:47, 1.51e-12, 1.11e-09
2026-10-06, 01:31:51, 1.56e-12, 1.11e-09
2026-10-06, 01:31:54, 1.6e-12, 1.13e-09
2026-10-06, 01:31:57, 1.5e-12, 1.13e-09
2026-10-06, 01:32:00, 1.51e-12, 1.13e-09
2026-10-06, 01:32:04, 1.57e-12, 1.13e-09
2026-10-06, 01:32:07, 1.55e-12, 1.13e-09
2026-10-06, 01:32:10, 1.67e-12, 1.13e-09
2026-10-06, 01:32:13, 1.57e-12, 1.13e-09
2026-10-06, 01:32:16, 1.52e-12, 1.13e-09
2026-10-06, 01:32:20, 1.5e-12, 1.11e-09
2026-10-06, 01:32:23, 1.51e-12, 1.11e-09
2026-10-06, 01:32:26, 1.57e-12, 1.11e-09
2026-10-06, 01:32:29, 1.49e-12, 1.11e-09
2026-10-06, 01:32:33, 1.55e-12, 1.11e-09
2026-10-06, 01:32:36, 1.53e-12, 1.11e-09
2026-10-06, 01:32:39, 1.61e-12, 1.11e-09
2026-10-06, 01:32:42, 1.58e-12, 1.12e-09
2026-10-06, 01:32:45, 1.51e-12, 1.11e-09
2026-10-06, 01:32:49, 1.53e-12, 1.11e-09
2026-10-06, 01:32:52, 1.57e-12, 1.11e-09
2026-10-06, 01:32:55, 1.5e-12, 1.11e-09
2026-10-06, 01:32:58, 1.48e-12, 1.11e-09
2026-10-06, 01:33:02, 1.58e-12, 1.1e-09
2026-10-06, 01:33:05, 1.54e-12, 1.1e-09
2026-10-06, 01:33:08, 1.57e-12, 1.1e-09
2026-10-06, 01:33:11, 1.5e-12, 1.11e-09
2026-10-06, 01:33:14, 1.53e-12, 1.1e-09
2026-10-06, 01:33:18, 1.5e-12, 1.1e-09
2026-10-06, 01:33:21, 1.5e-12, 1.1e-09
2026-10-06, 01:33:24, 1.66e-12, 1.11e-09
2026-10-06, 01:33:27, 1.49e-12, 1.11e-09
2026-10-06, 01:33:30, 1.47e-12, 1.11e-09
2026-10-06, 01:33:34, 1.53e-12, 1.12e-09
2026-10-06, 01:33:37, 1.47e-12, 1.11e-09
2026-10-06, 01:33:40, 1.52e-12, 1.12e-09
2026-10-06, 01:33:43, 1.58e-12, 1.12e-09
2026-10-06, 01:33:47, 1.5e-12, 1.1e-09
2026-10-06, 01:33:50, 1.5e-12, 1.1e-09
2026-10-06, 01:33:53, 1.49e-12, 1.11e-09
2026-10-06, 01:33:56, 1.58e-12, 1.11e-09
2026-10-06, 01:33:59, 1.58e-12, 1.11e-09
2026-10-06, 01:34:03, 1.57e-12, 1.11e-09
2026-10-06, 01:34:06, 1.72e-12, 1.11e-09
2026-10-06, 01:34:09, 1.51e-12, 1.11e-09
2026-10-06, 01:34:12, 1.54e-12, 1.12e-09
2026-10-06, 01:34:16, 1.55e-12, 1.13e-09
2026-10-06, 01:34:19, 1.51e-12, 1.13e-09
2026-10-06, 01:34:22, 1.55e-12, 1.13e-09
2026-10-06, 01:34:25, 1.51e-12, 1.13e-09
2026-10-06, 01:34:28, 1.64e-12, 1.13e-09
2026-10-06, 01:34:32, 1.45e-12, 1.13e-09
2026-10-06, 01:34:35, 1.52e-12, 1.13e-09
2026-10-06, 01:34:38, 1.57e-12, 1.13e-09
2026-10-06, 01:34:41, 1.54e-12, 1.12e-09
2026-10-06, 01:34:45, 1.52e-12, 1.11e-09
2026-10-06, 01:34:48, 1.51e-12, 1.11e-09
2026-10-06, 01:34:51, 1.59e-12, 1.11e-09
2026-10-06, 01:34:54, 1.52e-12, 1.1e-09
2026-10-06, 01:34:57, 1.51e-12, 1.09e-09
2026-10-06, 01:35:01, 1.52e-12, 1.11e-09
2026-10-06, 01:35:04, 1.53e-12, 1.11e-09
2026-10-06, 01:35:07, 1.53e-12, 1.1e-09
2026-10-06, 01:35:10, 1.46e-12, 1.11e-09
2026-10-06, 01:35:14, 1.48e-12, 1.1e-09
2026-10-06, 01:35:17, 1.53e-12, 1.11e-09
2026-10-06, 01:35:20, 1.54e-12, 1.1e-09
2026-10-06, 01:35:23, 1.59e-12, 1.1e-09
2026-10-06, 01:35:26, 1.51e-12, 1.1e-09
2026-10-06, 01:35:30, 1.57e-12, 1.1e-09
2026-10-06, 01:35:33, 1.59e-12, 1.1e-09
2026-10-06, 01:35:36, 1.52e-12, 1.1e-09
2026-10-06, 01:35:39, 1.56e-12, 1.1e-09
2026-10-06, 01:35:43, 1.55e-12, 1.11e-09
2026-10-06, 01:35:46, 1.56e-12, 1.11e-09
2026-10-06, 01:35:49, 1.53e-12, 1.11e-09
2026-10-06, 01:35:52, 1.61e-12, 1.11e-09
2026-10-06, 01:35:55, 1.52e-12, 1.1e-09
2026-10-06, 01:35:59, 1.62e-12, 1.1e-09
2026-10-06, 01:36:02, 1.5e-12, 1.1e-09
2026-10-06, 01:36:05, 1.56e-12, 1.1e-09
2026-10-06, 01:36:08, 1.51e-12, 1.1e-09
2026-10-06, 01:36:12, 1.51e-12, 1.11e-09
2026-10-06, 01:36:15, 1.57e-12, 1.11e-09
2026-10-06, 01:36:18, 1.58e-12, 1.1e-09
2026-10-06, 01:36:21, 1.53e-12, 1.1e-09
2026-10-06, 01:36:24, 1.56e-12, 1.1e-09
2026-10-06, 01:36:28, 1.53e-12, 1.11e-09
2026-10-06, 01:36:31, 1.56e-12, 1.1e-09
2026-10-06, 01:36:34, 1.52e-12, 1.1e-09
2026-10-06, 01:36:37, 1.54e-12, 1.11e-09
2026-10-06, 01:36:41, 1.55e-12, 1.11e-09
2026-10-06, 01:36:44, 1.55e-12, 1.1e-09
2026-10-06, 01:36:47, 1.53e-12, 1.11e-09
2026-10-06, 01:36:50, 1.47e-12, 1.1e-09
2026-10-06, 01:36:53, 1.48e-12, 1.1e-09
2026-10-06, 01:36:57, 1.52e-12, 1.1e-09
2026-10-06, 01:37:00, 1.53e-12, 1.11e-09
2026-10-06, 01:37:03, 1.47e-12, 1.11e-09
2026-10-06, 01:37:06, 1.4e-12, 1.11e-09
2026-10-06, 01:37:09, 1.52e-12, 1.1e-09
2026-10-06, 01:37:13, 1.49e-12, 1.11e-09
2026-10-06, 01:37:16, 1.56e-12, 1.11e-09
2026-10-06, 01:37:19, 1.45e-12, 1.11e-09
2026-10-06, 01:37:22, 1.48e-12, 1.1e-09
2026-10-06, 01:37:26, 1.49e-12, 1.11e-09
2026-10-06, 01:37:29, 1.54e-12, 1.15e-09
2026-10-06, 01:37:32, 1.56e-12, 1.15e-09
2026-10-06, 01:37:35, 1.54e-12, 1.15e-09
2026-10-06, 01:37:38, 1.51e-12, 1.15e-09
2026-10-06, 01:37:42, 1.56e-12, 1.14e-09
2026-10-06, 01:37:45, 1.57e-12, 1.15e-09
2026-10-06, 01:37:48, 1.44e-12, 1.11e-09
2026-10-06, 01:37:51, 1.53e-12, 1.11e-09
2026-10-06, 01:37:55, 1.48e-12, 1.12e-09
2026-10-06, 01:37:58, 1.59e-12, 1.11e-09
2026-10-06, 01:38:01, 1.64e-12, 1.11e-09
2026-10-06, 01:38:04, 1.59e-12, 1.12e-09
2026-10-06, 01:38:07, 1.71e-12, 1.11e-09
2026-10-06, 01:38:11, 1.6e-12, 1.11e-09
2026-10-06, 01:38:14, 1.55e-12, 1.12e-09
2026-10-06, 01:38:17, 1.52e-12, 1.12e-09
2026-10-06, 01:38:20, 1.52e-12, 1.11e-09
2026-10-06, 01:38:24, 1.52e-12, 1.11e-09
2026-10-06, 01:38:27, 1.55e-12, 1.1e-09
2026-10-06, 01:38:30, 1.5e-12, 1.11e-09
2026-10-06, 01:38:33, 1.55e-12, 1.1e-09
2026-10-06, 01:38:36, 1.56e-12, 1.1e-09
2026-10-06, 01:38:40, 1.56e-12, 1.12e-09
2026-10-06, 01:38:43, 1.64e-12, 1.12e-09
2026-10-06, 01:38:46, 1.51e-12, 1.12e-09
2026-10-06, 01:38:49, 1.54e-12, 1.12e-09
2026-10-06, 01:38:53, 1.54e-12, 1.12e-09
2026-10-06, 01:38:56, 1.52e-12, 1.12e-09
2026-10-06, 01:38:59, 1.55e-12, 1.12e-09
2026-10-06, 01:39:02, 1.4e-12, 1.11e-09
2026-10-06, 01:39:06, 1.59e-12, 1.12e-09
2026-10-06, 01:39:09, 1.51e-12, 1.12e-09
2026-10-06, 01:39:12, 1.53e-12, 1.12e-09
2026-10-06, 01:39:15, 1.52e-12, 1.12e-09
2026-10-06, 01:39:18, 1.53e-12, 1.12e-09
2026-10-06, 01:39:22, 1.47e-12, 1.12e-09
2026-10-06, 01:39:25, 1.55e-12, 1.12e-09
2026-10-06, 01:39:28, 1.55e-12, 1.11e-09
2026-10-06, 01:39:31, 1.59e-12, 1.12e-09
2026-10-06, 01:39:34, 1.54e-12, 1.12e-09
2026-10-06, 01:39:38, 1.53e-12, 1.12e-09
2026-10-06, 01:39:41, 1.53e-12, 1.12e-09
2026-10-06, 01:39:44, 1.49e-12, 1.12e-09
2026-10-06, 01:39:47, 1.53e-12, 1.12e-09
2026-10-06, 01:39:51, 1.53e-12, 1.11e-09
2026-10-06, 01:39:54, 1.56e-12, 1.13e-09
2026-10-06, 01:39:57, 1.44e-12, 1.13e-09
2026-10-06, 01:40:00, 1.5e-12, 1.13e-09
2026-10-06, 01:40:03, 1.53e-12, 1.13e-09
2026-10-06, 01:40:07, 1.59e-12, 1.12e-09
2026-10-06, 01:40:10, 1.49e-12, 1.12e-09
2026-10-06, 01:40:13, 1.53e-12, 1.13e-09
2026-10-06, 01:40:16, 1.57e-12, 1.13e-09
2026-10-06, 01:40:20, 1.53e-12, 1.11e-09
2026-10-06, 01:40:23, 1.52e-12, 1.12e-09
2026-10-06, 01:40:26, 1.5e-12, 1.12e-09
2026-10-06, 01:40:29, 1.6e-12, 1.12e-09
2026-10-06, 01:40:32, 1.52e-12, 1.12e-09
2026-10-06, 01:40:36, 1.57e-12, 1.11e-09
2026-10-06, 01:40:39, 1.53e-12, 1.12e-09
2026-10-06, 01:40:42, 1.56e-12, 1.12e-09
2026-10-06, 01:40:45, 1.47e-12, 1.12e-09
2026-10-06, 01:40:49, 1.63e-12, 1.12e-09
2026-10-06, 01:40:52, 1.6e-12, 1.12e-09
2026-10-06, 01:40:55, 1.52e-12, 1.12e-09
2026-10-06, 01:40:58, 1.55e-12, 1.12e-09
2026-10-06, 01:41:01, 1.51e-12, 1.12e-09
2026-10-06, 01:41:05, 1.54e-12, 1.12e-09
2026-10-06, 01:41:08, 1.51e-12, 1.12e-09
2026-10-06, 01:41:11, 1.53e-12, 1.12e-09
2026-10-06, 01:41:14, 1.56e-12, 1.11e-09
2026-10-06, 01:41:18, 1.56e-12, 1.11e-09
2026-10-06, 01:41:21, 1.51e-12, 1.11e-09
2026-10-06, 01:41:24, 1.53e-12, 1.11e-09
2026-10-06, 01:41:27, 1.52e-12, 1.12e-09
2026-10-06, 01:41:30, 1.52e-12, 1.12e-09
2026-10-06, 01:41:34, 1.51e-12, 1.12e-09
2026-10-06, 01:41:37, 1.58e-12, 1.12e-09
2026-10-06, 01:41:40, 1.56e-12, 1.12e-09
2026-10-06, 01:41:43, 1.52e-12, 1.12e-09
2026-10-06, 01:41:47, 1.55e-12, 1.12e-09
2026-10-06, 01:41:50, 1.58e-12, 1.12e-09
2026-10-06, 01:41:53, 1.53e-12, 1.12e-09
2026-10-06, 01:41:56, 1.56e-12, 1.12e-09
2026-10-06, 01:41:59, 1.55e-12, 1.12e-09
2026-10-06, 01:42:03, 1.54e-12, 1.12e-09
2026-10-06, 01:42:06, 1.6e-12, 1.12e-09
2026-10-06, 01:42:09, 1.53e-12, 1.12e-09
2026-10-06, 01:42:12, 1.6e-12, 1.12e-09
2026-10-06, 01:42:16, 1.57e-12, 1.12e-09
2026-10-06, 01:42:19, 1.55e-12, 1.12e-09
2026-10-06, 01:42:22, 1.5e-12, 1.12e-09
2026-10-06, 01:42:25, 1.56e-12, 1.12e-09
2026-10-06, 01:42:28, 1.57e-12, 1.12e-09
2026-10-06, 01:42:32, 1.6e-12, 1.12e-09
2026-10-06, 01:42:35, 1.48e-12, 1.12e-09
2026-10-06, 01:42:38, 1.57e-12, 1.12e-09
2026-10-06, 01:42:41, 1.57e-12, 1.12e-09
2026-10-06, 01:42:45, 1.5e-12, 1.11e-09
2026-10-06, 01:42:48, 1.53e-12, 1.12e-09
2026-10-06, 01:42:51, 1.62e-12, 1.12e-09
2026-10-06, 01:42:54, 1.54e-12, 1.12e-09
2026-10-06, 01:42:57, 1.46e-12, 1.12e-09
2026-10-06, 01:43:01, 1.56e-12, 1.12e-09
2026-10-06, 01:43:04, 1.6e-12, 1.12e-09
2026-10-06, 01:43:07, 1.54e-12, 1.12e-09
2026-10-06, 01:43:10, 1.59e-12, 1.15e-09
2026-10-06, 01:43:14, 1.53e-12, 1.14e-09
2026-10-06, 01:43:17, 1.53e-12, 1.14e-09
2026-10-06, 01:43:20, 1.5e-12, 1.14e-09
2026-10-06, 01:43:23, 1.57e-12, 1.14e-09
2026-10-06, 01:43:26, 1.57e-12, 1.14e-09
2026-10-06, 01:43:30, 1.54e-12, 1.15e-09
2026-10-06, 01:43:33, 1.57e-12, 1.14e-09
2026-10-06, 01:43:36, 1.54e-12, 1.14e-09
2026-10-06, 01:43:39, 1.51e-12, 1.15e-09
2026-10-06, 01:43:43, 1.67e-12, 1.14e-09
2026-10-06, 01:43:46, 1.53e-12, 1.15e-09
2026-10-06, 01:43:49, 1.52e-12, 1.14e-09
2026-10-06, 01:43:52, 1.5e-12, 1.14e-09
2026-10-06, 01:43:55, 1.55e-12, 1.14e-09
2026-10-06, 01:43:59, 1.58e-12, 1.14e-09
2026-10-06, 01:44:02, 1.59e-12, 1.15e-09
2026-10-06, 01:44:05, 1.54e-12, 1.14e-09
2026-10-06, 01:44:08, 1.7e-12, 1.14e-09
2026-10-06, 01:44:12, 1.53e-12, 1.14e-09
2026-10-06, 01:44:15, 1.6e-12, 1.14e-09
2026-10-06, 01:44:18, 1.52e-12, 1.14e-09
2026-10-06, 01:44:21, 1.51e-12, 1.14e-09
2026-10-06, 01:44:24, 1.5e-12, 1.14e-09
2026-10-06, 01:44:28, 1.49e-12, 1.14e-09
2026-10-06, 01:44:31, 1.58e-12, 1.14e-09
2026-10-06, 01:44:34, 1.39e-12, 1.14e-09
2026-10-06, 01:44:37, 1.65e-12, 1.14e-09
2026-10-06, 01:44:40, 1.52e-12, 1.14e-09
2026-10-06, 01:44:44, 1.54e-12, 1.15e-09
2026-10-06, 01:44:47, 1.56e-12, 1.15e-09
2026-10-06, 01:44:50, 1.58e-12, 1.15e-09
2026-10-06, 01:44:53, 1.5e-12, 1.15e-09
2026-10-06, 01:44:57, 1.5e-12, 1.14e-09
2026-10-06, 01:45:00, 1.51e-12, 1.15e-09
2026-10-06, 01:45:03, 1.52e-12, 1.14e-09
2026-10-06, 01:45:06, 1.51e-12, 1.15e-09
2026-10-06, 01:45:09, 1.61e-12, 1.12e-09
2026-10-06, 01:45:13, 1.47e-12, 1.12e-09
2026-10-06, 01:45:16, 1.56e-12, 1.12e-09
2026-10-06, 01:45:19, 1.54e-12, 1.12e-09
2026-10-06, 01:45:22, 1.55e-12, 1.12e-09
2026-10-06, 01:45:26, 1.51e-12, 1.12e-09
2026-10-06, 01:45:30, 1.48e-12, 1.12e-09
2026-10-06, 01:45:33, 1.57e-12, 1.12e-09
2026-10-06, 01:45:36, 1.66e-12, 1.12e-09
2026-10-06, 01:45:39, 1.5e-12, 1.12e-09
2026-10-06, 01:45:43, 1.54e-12, 1.12e-09
2026-10-06, 01:45:46, 1.58e-12, 1.12e-09
2026-10-06, 01:45:49, 1.61e-12, 1.15e-09
2026-10-06, 01:45:52, 1.51e-12, 1.15e-09
2026-10-06, 01:45:55, 1.56e-12, 1.15e-09
2026-10-06, 01:45:59, 1.52e-12, 1.14e-09
2026-10-06, 01:46:02, 1.48e-12, 1.15e-09
2026-10-06, 01:46:05, 1.57e-12, 1.15e-09
2026-10-06, 01:46:08, 1.53e-12, 1.14e-09
2026-10-06, 01:46:12, 1.49e-12, 1.15e-09
2026-10-06, 01:46:15, 1.56e-12, 1.15e-09
2026-10-06, 01:46:18, 1.63e-12, 1.15e-09
2026-10-06, 01:46:21, 1.53e-12, 1.15e-09
2026-10-06, 01:46:24, 1.51e-12, 1.14e-09
2026-10-06, 01:46:28, 1.64e-12, 1.15e-09
2026-10-06, 01:46:31, 1.51e-12, 1.14e-09
2026-10-06, 01:46:34, 1.6e-12, 1.15e-09
2026-10-06, 01:46:37, 1.54e-12, 1.15e-09
2026-10-06, 01:46:41, 1.52e-12, 1.15e-09
2026-10-06, 01:46:44, 1.52e-12, 1.15e-09
2026-10-06, 01:46:47, 1.51e-12, 1.15e-09
2026-10-06, 01:46:50, 1.53e-12, 1.15e-09
2026-10-06, 01:46:53, 1.57e-12, 1.15e-09
2026-10-06, 01:46:57, 1.5e-12, 1.15e-09
2026-10-06, 01:47:00, 1.61e-12, 1.15e-09
2026-10-06, 01:47:03, 1.48e-12, 1.15e-09
2026-10-06, 01:47:06, 1.64e-12, 1.15e-09
2026-10-06, 01:47:09, 1.55e-12, 1.15e-09
2026-10-06, 01:47:13, 1.56e-12, 1.17e-09
2026-10-06, 01:47:16, 1.66e-12, 1.17e-09
2026-10-06, 01:47:19, 1.48e-12, 1.17e-09
2026-10-06, 01:47:22, 1.49e-12, 1.17e-09
2026-10-06, 01:47:26, 1.54e-12, 1.17e-09
2026-10-06, 01:47:29, 1.55e-12, 1.17e-09
2026-10-06, 01:47:32, 1.47e-12, 1.17e-09
2026-10-06, 01:47:35, 1.56e-12, 1.18e-09
2026-10-06, 01:47:38, 1.59e-12, 1.18e-09
2026-10-06, 01:47:42, 1.42e-12, 1.18e-09
2026-10-06, 01:47:45, 1.62e-12, 1.18e-09
2026-10-06, 01:47:48, 1.55e-12, 1.18e-09
2026-10-06, 01:47:51, 1.56e-12, 1.17e-09
2026-10-06, 01:47:55, 1.55e-12, 1.17e-09
2026-10-06, 01:47:58, 1.49e-12, 1.17e-09
2026-10-06, 01:48:01, 1.56e-12, 1.16e-09
2026-10-06, 01:48:04, 1.55e-12, 1.17e-09
2026-10-06, 01:48:07, 1.53e-12, 1.17e-09
2026-10-06, 01:48:11, 1.5e-12, 1.16e-09
2026-10-06, 01:48:14, 1.57e-12, 1.16e-09
2026-10-06, 01:48:17, 1.62e-12, 1.16e-09
2026-10-06, 01:48:20, 1.55e-12, 1.17e-09
2026-10-06, 01:48:24, 1.65e-12, 1.17e-09
2026-10-06, 01:48:27, 1.55e-12, 1.17e-09
2026-10-06, 01:48:30, 1.55e-12, 1.16e-09
2026-10-06, 01:48:33, 1.47e-12, 1.17e-09
2026-10-06, 01:48:36, 1.53e-12, 1.17e-09
2026-10-06, 01:48:40, 1.55e-12, 1.17e-09
2026-10-06, 01:48:43, 1.56e-12, 1.16e-09
2026-10-06, 01:48:46, 1.46e-12, 1.16e-09
2026-10-06, 01:48:49, 1.64e-12, 1.17e-09
2026-10-06, 01:48:53, 1.59e-12, 1.16e-09
2026-10-06, 01:48:56, 1.61e-12, 1.21e-09
2026-10-06, 01:48:59, 1.45e-12, 1.5e-09
2026-10-06, 01:49:02, 1.49e-12, 1.5e-09
2026-10-06, 01:49:05, 1.56e-12, 1.5e-09
2026-10-06, 01:49:09, 1.53e-12, 1.5e-09
2026-10-06, 01:49:12, 1.58e-12, 1.5e-09
2026-10-06, 01:49:15, 1.56e-12, 1.5e-09
2026-10-06, 01:49:18, 1.53e-12, 1.5e-09
2026-10-06, 01:49:22, 1.57e-12, 1.49e-09
2026-10-06, 01:49:25, 1.54e-12, 1.5e-09
2026-10-06, 01:49:28, 1.52e-12, 1.5e-09
2026-10-06, 01:49:31, 1.53e-12, 1.5e-09
2026-10-06, 01:49:34, 1.55e-12, 1.5e-09
2026-10-06, 01:49:38, 1.51e-12, 1.5e-09
2026-10-06, 01:49:41, 1.58e-12, 1.49e-09
2026-10-06, 01:49:44, 1.56e-12, 1.49e-09
2026-10-06, 01:49:47, 1.54e-12, 1.5e-09
2026-10-06, 01:49:50, 1.53e-12, 1.5e-09
2026-10-06, 01:49:54, 1.5e-12, 1.5e-09
2026-10-06, 01:49:57, 1.6e-12, 1.5e-09
2026-10-06, 01:50:00, 1.52e-12, 1.51e-09
2026-10-06, 01:50:03, 1.56e-12, 1.51e-09
2026-10-06, 01:50:07, 1.55e-12, 1.51e-09
2026-10-06, 01:50:10, 1.52e-12, 1.51e-09
2026-10-06, 01:50:13, 1.6e-12, 1.51e-09
2026-10-06, 01:50:16, 1.49e-12, 1.51e-09
2026-10-06, 01:50:19, 1.51e-12, 1.51e-09
2026-10-06, 01:50:23, 1.54e-12, 1.51e-09
2026-10-06, 01:50:26, 1.54e-12, 1.51e-09
2026-10-06, 01:50:29, 1.57e-12, 1.51e-09
2026-10-06, 01:50:32, 1.49e-12, 1.51e-09
2026-10-06, 01:50:36, 1.55e-12, 1.51e-09
2026-10-06, 01:50:39, 1.51e-12, 1.51e-09
2026-10-06, 01:50:42, 1.5e-12, 1.51e-09
2026-10-06, 01:50:45, 1.54e-12, 1.15e-09
2026-10-06, 01:50:48, 1.53e-12, 1.14e-09
2026-10-06, 01:50:52, 1.57e-12, 1.15e-09
2026-10-06, 01:50:55, 1.66e-12, 1.15e-09
2026-10-06, 01:50:58, 1.48e-12, 1.15e-09
2026-10-06, 01:51:01, 1.49e-12, 1.15e-09
2026-10-06, 01:51:05, 1.61e-12, 1.15e-09
2026-10-06, 01:51:08, 1.52e-12, 1.15e-09
2026-10-06, 01:51:11, 1.5e-12, 1.15e-09
2026-10-06, 01:51:14, 1.56e-12, 1.15e-09
2026-10-06, 01:51:17, 1.43e-12, 1.14e-09
2026-10-06, 01:51:21, 1.58e-12, 1.15e-09
2026-10-06, 01:51:24, 1.51e-12, 1.14e-09
2026-10-06, 01:51:27, 1.51e-12, 1.14e-09
2026-10-06, 01:51:30, 1.65e-12, 1.15e-09
2026-10-06, 01:51:34, 1.53e-12, 1.15e-09
2026-10-06, 01:51:37, 1.45e-12, 1.14e-09
2026-10-06, 01:51:40, 1.52e-12, 1.14e-09
2026-10-06, 01:51:43, 1.55e-12, 1.15e-09
2026-10-06, 01:51:46, 1.54e-12, 1.15e-09
2026-10-06, 01:51:50, 1.57e-12, 1.14e-09
2026-10-06, 01:51:53, 1.5e-12, 1.14e-09
2026-10-06, 01:51:56, 1.41e-12, 1.14e-09
2026-10-06, 01:51:59, 1.53e-12, 1.14e-09
2026-10-06, 01:52:03, 1.58e-12, 1.14e-09
2026-10-06, 01:52:06, 1.53e-12, 1.14e-09
2026-10-06, 01:52:09, 1.61e-12, 1.15e-09
2026-10-06, 01:52:12, 1.43e-12, 1.14e-09
2026-10-06, 01:52:15, 1.42e-12, 1.14e-09
2026-10-06, 01:52:19, 1.63e-12, 1.14e-09
2026-10-06, 01:52:22, 1.56e-12, 1.14e-09
2026-10-06, 01:52:25, 1.49e-12, 1.14e-09
2026-10-06, 01:52:28, 1.59e-12, 1.14e-09
2026-10-06, 01:52:31, 1.48e-12, 1.14e-09
2026-10-06, 01:52:35, 1.55e-12, 1.14e-09
2026-10-06, 01:52:38, 1.44e-12, 1.14e-09
2026-10-06, 01:52:41, 1.47e-12, 1.14e-09
2026-10-06, 01:52:44, 1.59e-12, 1.14e-09
2026-10-06, 01:52:48, 1.51e-12, 1.14e-09
2026-10-06, 01:52:51, 1.57e-12, 1.14e-09
2026-10-06, 01:52:54, 1.51e-12, 1.14e-09
2026-10-06, 01:52:57, 1.58e-12, 1.14e-09
2026-10-06, 01:53:00, 1.51e-12, 1.14e-09
2026-10-06, 01:53:04, 1.53e-12, 1.14e-09
2026-10-06, 01:53:07, 1.58e-12, 1.14e-09
2026-10-06, 01:53:10, 1.56e-12, 1.14e-09
2026-10-06, 01:53:13, 1.55e-12, 1.14e-09
2026-10-06, 01:53:17, 1.55e-12, 1.14e-09
2026-10-06, 01:53:20, 1.54e-12, 1.14e-09
2026-10-06, 01:53:23, 1.45e-12, 1.14e-09
2026-10-06, 01:53:26, 1.53e-12, 1.14e-09
2026-10-06, 01:53:29, 1.55e-12, 1.14e-09
2026-10-06, 01:53:33, 1.57e-12, 1.14e-09
2026-10-06, 01:53:36, 1.45e-12, 1.14e-09
2026-10-06, 01:53:39, 1.56e-12, 1.14e-09
2026-10-06, 01:53:42, 1.55e-12, 1.14e-09
2026-10-06, 01:53:46, 1.57e-12, 1.14e-09
2026-10-06, 01:53:49, 1.56e-12, 1.14e-09
2026-10-06, 01:53:52, 1.57e-12, 1.14e-09
2026-10-06, 01:53:55, 1.55e-12, 1.14e-09
2026-10-06, 01:53:58, 1.59e-12, 1.14e-09
2026-10-06, 01:54:02, 1.57e-12, 1.14e-09
2026-10-06, 01:54:05, 1.6e-12, 1.14e-09
2026-10-06, 01:54:08, 1.6e-12, 1.14e-09
2026-10-06, 01:54:11, 1.51e-12, 1.14e-09
2026-10-06, 01:54:15, 1.51e-12, 1.14e-09
2026-10-06, 01:54:18, 1.52e-12, 1.14e-09
2026-10-06, 01:54:21, 1.54e-12, 1.14e-09
2026-10-06, 01:54:24, 1.57e-12, 1.14e-09
2026-10-06, 01:54:27, 1.57e-12, 1.14e-09
2026-10-06, 01:54:31, 1.54e-12, 1.14e-09
2026-10-06, 01:54:34, 1.65e-12, 1.14e-09
2026-10-06, 01:54:37, 1.5e-12, 1.14e-09
2026-10-06, 01:54:40, 1.57e-12, 1.14e-09
2026-10-06, 01:54:44, 1.49e-12, 1.14e-09
2026-10-06, 01:54:47, 1.53e-12, 1.13e-09
2026-10-06, 01:54:50, 1.52e-12, 1.14e-09
2026-10-06, 01:54:53, 1.53e-12, 1.14e-09
2026-10-06, 01:54:56, 1.49e-12, 1.14e-09
2026-10-06, 01:55:00, 1.56e-12, 1.14e-09
2026-10-06, 01:55:03, 1.53e-12, 1.14e-09
2026-10-06, 01:55:06, 1.55e-12, 1.14e-09
2026-10-06, 01:55:09, 1.56e-12, 1.14e-09
2026-10-06, 01:55:12, 1.56e-12, 1.14e-09
2026-10-06, 01:55:16, 1.55e-12, 1.14e-09
2026-10-06, 01:55:19, 1.52e-12, 1.14e-09
2026-10-06, 01:55:22, 1.57e-12, 1.14e-09
2026-10-06, 01:55:25, 1.6e-12, 1.13e-09
2026-10-06, 01:55:29, 1.5e-12, 1.13e-09
2026-10-06, 01:55:32, 1.53e-12, 1.13e-09
2026-10-06, 01:55:35, 1.56e-12, 1.13e-09
2026-10-06, 01:55:38, 1.61e-12, 1.13e-09
2026-10-06, 01:55:41, 1.53e-12, 1.13e-09
2026-10-06, 01:55:45, 1.54e-12, 1.13e-09
2026-10-06, 01:55:48, 1.63e-12, 1.13e-09
2026-10-06, 01:55:51, 1.58e-12, 1.14e-09
2026-10-06, 01:55:54, 1.58e-12, 1.14e-09
2026-10-06, 01:55:58, 1.54e-12, 1.14e-09
2026-10-06, 01:56:01, 1.57e-12, 1.14e-09
2026-10-06, 01:56:04, 1.52e-12, 1.13e-09
2026-10-06, 01:56:07, 1.62e-12, 1.13e-09
2026-10-06, 01:56:10, 1.54e-12, 1.14e-09
2026-10-06, 01:56:14, 1.49e-12, 1.14e-09
2026-10-06, 01:56:17, 1.67e-12, 1.13e-09
2026-10-06, 01:56:20, 1.52e-12, 1.14e-09
2026-10-06, 01:56:23, 1.5e-12, 1.13e-09
2026-10-06, 01:56:27, 1.54e-12, 1.14e-09
2026-10-06, 01:56:30, 1.55e-12, 1.13e-09
2026-10-06, 01:56:33, 1.55e-12, 1.13e-09
2026-10-06, 01:56:36, 1.56e-12, 1.14e-09
2026-10-06, 01:56:39, 1.56e-12, 1.13e-09
2026-10-06, 01:56:43, 1.59e-12, 1.13e-09
2026-10-06, 01:56:46, 1.54e-12, 1.13e-09
2026-10-06, 01:56:49, 1.47e-12, 1.13e-09
2026-10-06, 01:56:52, 1.66e-12, 1.13e-09
2026-10-06, 01:56:56, 1.49e-12, 1.12e-09
2026-10-06, 01:56:59, 1.52e-12, 1.13e-09
2026-10-06, 01:57:02, 1.49e-12, 1.14e-09
2026-10-06, 01:57:05, 1.51e-12, 1.14e-09
2026-10-06, 01:57:08, 1.53e-12, 1.13e-09
2026-10-06, 01:57:12, 1.61e-12, 1.14e-09
2026-10-06, 01:57:15, 1.52e-12, 1.13e-09
2026-10-06, 01:57:18, 1.63e-12, 1.13e-09
2026-10-06, 01:57:21, 1.49e-12, 1.13e-09
2026-10-06, 01:57:25, 1.59e-12, 1.13e-09
2026-10-06, 01:57:28, 1.59e-12, 1.13e-09
2026-10-06, 01:57:31, 1.56e-12, 1.14e-09
2026-10-06, 01:57:34, 1.67e-12, 1.13e-09
2026-10-06, 01:57:37, 1.55e-12, 1.13e-09
2026-10-06, 01:57:41, 1.39e-12, 1.13e-09
2026-10-06, 01:57:44, 1.52e-12, 1.13e-09
2026-10-06, 01:57:47, 1.47e-12, 1.14e-09
2026-10-06, 01:57:50, 1.49e-12, 1.13e-09
2026-10-06, 01:57:54, 1.57e-12, 1.14e-09
2026-10-06, 01:57:57, 1.6e-12, 1.13e-09
2026-10-06, 01:58:00, 1.55e-12, 1.13e-09
2026-10-06, 01:58:03, 1.59e-12, 1.13e-09
2026-10-06, 01:58:06, 1.52e-12, 1.13e-09
2026-10-06, 01:58:10, 1.6e-12, 1.13e-09
2026-10-06, 01:58:13, 1.51e-12, 1.13e-09
2026-10-06, 01:58:16, 1.5e-12, 1.13e-09
2026-10-06, 01:58:19, 1.71e-12, 1.13e-09
2026-10-06, 01:58:22, 1.56e-12, 1.13e-09
2026-10-06, 01:58:26, 1.5e-12, 1.13e-09
2026-10-06, 01:58:29, 1.59e-12, 1.13e-09
2026-10-06, 01:58:32, 1.54e-12, 1.13e-09
2026-10-06, 01:58:35, 1.51e-12, 1.14e-09
2026-10-06, 01:58:39, 1.45e-12, 1.13e-09
2026-10-06, 01:58:42, 1.63e-12, 1.13e-09
2026-10-06, 01:58:45, 1.47e-12, 1.13e-09
2026-10-06, 01:58:48, 1.46e-12, 1.13e-09
2026-10-06, 01:58:51, 1.46e-12, 1.13e-09
2026-10-06, 01:58:55, 1.52e-12, 1.14e-09
2026-10-06, 01:58:58, 1.57e-12, 1.14e-09
2026-10-06, 01:59:01, 1.49e-12, 1.13e-09
2026-10-06, 01:59:04, 1.47e-12, 1.13e-09
2026-10-06, 01:59:08, 1.52e-12, 1.13e-09
2026-10-06, 01:59:11, 1.54e-12, 1.13e-09
2026-10-06, 01:59:14, 1.72e-12, 1.12e-09
2026-10-06, 01:59:17, 1.52e-12, 1.13e-09
2026-10-06, 01:59:20, 1.49e-12, 1.13e-09
2026-10-06, 01:59:24, 1.67e-12, 1.12e-09
2026-10-06, 01:59:27, 1.54e-12, 1.13e-09
2026-10-06, 01:59:30, 1.53e-12, 1.13e-09
2026-10-06, 01:59:33, 1.58e-12, 1.13e-09
2026-10-06, 01:59:37, 1.54e-12, 1.12e-09
2026-10-06, 01:59:40, 1.52e-12, 1.13e-09
2026-10-06, 01:59:43, 1.52e-12, 1.12e-09
2026-10-06, 01:59:46, 1.56e-12, 1.13e-09
2026-10-06, 01:59:49, 1.55e-12, 1.12e-09
2026-10-06, 01:59:53, 1.49e-12, 1.12e-09
2026-10-06, 01:59:56, 1.48e-12, 1.12e-09
2026-10-06, 01:59:59, 1.57e-12, 1.13e-09
2026-10-06, 02:00:02, 1.58e-12, 1.13e-09
2026-10-06, 02:00:06, 1.51e-12, 1.12e-09
2026-10-06, 02:00:09, 1.55e-12, 1.12e-09
2026-10-06, 02:00:12, 1.58e-12, 1.12e-09
2026-10-06, 02:00:15, 1.56e-12, 1.12e-09
2026-10-06, 02:00:18, 1.53e-12, 1.12e-09
2026-10-06, 02:00:22, 1.56e-12, 1.12e-09
2026-10-06, 02:00:25, 1.5e-12, 1.12e-09
2026-10-06, 02:00:28, 1.59e-12, 1.12e-09
2026-10-06, 02:00:31, 1.52e-12, 1.12e-09
2026-10-06, 02:00:35, 1.57e-12, 1.12e-09
2026-10-06, 02:00:38, 1.59e-12, 1.12e-09
2026-10-06, 02:00:41, 1.52e-12, 1.12e-09
2026-10-06, 02:00:44, 1.59e-12, 1.12e-09
2026-10-06, 02:00:47, 1.55e-12, 1.12e-09
2026-10-06, 02:00:51, 1.65e-12, 1.12e-09
2026-10-06, 02:00:54, 1.54e-12, 1.12e-09
2026-10-06, 02:00:57, 1.48e-12, 1.13e-09
2026-10-06, 02:01:00, 1.55e-12, 1.13e-09
2026-10-06, 02:01:03, 1.56e-12, 1.13e-09
2026-10-06, 02:01:07, 1.64e-12, 1.13e-09
2026-10-06, 02:01:10, 1.53e-12, 1.13e-09
2026-10-06, 02:01:13, 1.55e-12, 1.13e-09
2026-10-06, 02:01:16, 1.49e-12, 1.13e-09
2026-10-06, 02:01:20, 1.53e-12, 1.13e-09
2026-10-06, 02:01:23, 1.53e-12, 1.13e-09
2026-10-06, 02:01:26, 1.47e-12, 1.13e-09
2026-10-06, 02:01:29, 1.62e-12, 1.13e-09
2026-10-06, 02:01:32, 1.5e-12, 1.13e-09
2026-10-06, 02:01:36, 1.57e-12, 1.12e-09
2026-10-06, 02:01:39, 1.55e-12, 1.12e-09
2026-10-06, 02:01:42, 1.53e-12, 1.13e-09
2026-10-06, 02:01:45, 1.53e-12, 1.13e-09
2026-10-06, 02:01:49, 1.52e-12, 1.13e-09
2026-10-06, 02:01:52, 1.57e-12, 1.13e-09
2026-10-06, 02:01:55, 1.55e-12, 1.12e-09
2026-10-06, 02:01:58, 1.56e-12, 1.13e-09
2026-10-06, 02:02:01, 1.45e-12, 1.13e-09
2026-10-06, 02:02:05, 1.51e-12, 1.13e-09
2026-10-06, 02:02:08, 1.51e-12, 1.12e-09
2026-10-06, 02:02:11, 1.61e-12, 1.13e-09
2026-10-06, 02:02:14, 1.52e-12, 1.13e-09
2026-10-06, 02:02:18, 1.52e-12, 1.13e-09
2026-10-06, 02:02:21, 1.46e-12, 1.13e-09
2026-10-06, 02:02:24, 1.49e-12, 1.13e-09
2026-10-06, 02:02:27, 1.54e-12, 1.13e-09
2026-10-06, 02:02:30, 1.48e-12, 1.13e-09
2026-10-06, 02:02:34, 1.55e-12, 1.13e-09
2026-10-06, 02:02:37, 1.38e-12, 1.13e-09
2026-10-06, 02:02:40, 1.66e-12, 1.13e-09
2026-10-06, 02:02:43, 1.48e-12, 1.13e-09
2026-10-06, 02:02:47, 1.7e-12, 1.13e-09
2026-10-06, 02:02:50, 1.59e-12, 1.12e-09
2026-10-06, 02:02:53, 1.59e-12, 1.13e-09
2026-10-06, 02:02:56, 1.5e-12, 1.13e-09
2026-10-06, 02:02:59, 1.55e-12, 1.13e-09
2026-10-06, 02:03:03, 1.51e-12, 1.13e-09
2026-10-06, 02:03:06, 1.53e-12, 1.13e-09
2026-10-06, 02:03:09, 1.52e-12, 1.13e-09
2026-10-06, 02:03:12, 1.48e-12, 1.12e-09
2026-10-06, 02:03:16, 1.53e-12, 1.13e-09
2026-10-06, 02:03:19, 1.5e-12, 1.13e-09
2026-10-06, 02:03:22, 1.5e-12, 1.13e-09
2026-10-06, 02:03:25, 1.61e-12, 1.12e-09
2026-10-06, 02:03:28, 1.53e-12, 1.13e-09
2026-10-06, 02:03:32, 1.56e-12, 1.13e-09
2026-10-06, 02:03:35, 1.52e-12, 1.13e-09
2026-10-06, 02:03:38, 1.51e-12, 1.14e-09
2026-10-06, 02:03:41, 1.44e-12, 1.12e-09
2026-10-06, 02:03:45, 1.58e-12, 1.13e-09
2026-10-06, 02:03:48, 1.49e-12, 1.13e-09
2026-10-06, 02:03:51, 1.48e-12, 1.13e-09
2026-10-06, 02:03:54, 1.53e-12, 1.13e-09
2026-10-06, 02:03:57, 1.5e-12, 1.13e-09
2026-10-06, 02:04:01, 1.49e-12, 1.13e-09
2026-10-06, 02:04:04, 1.48e-12, 1.13e-09
2026-10-06, 02:04:07, 1.53e-12, 1.13e-09
2026-10-06, 02:04:10, 1.47e-12, 1.13e-09
2026-10-06, 02:04:13, 1.48e-12, 1.13e-09
2026-10-06, 02:04:17, 1.41e-12, 1.13e-09
2026-10-06, 02:04:20, 1.58e-12, 1.13e-09
2026-10-06, 02:04:23, 1.37e-12, 1.13e-09
2026-10-06, 02:04:26, 1.37e-12, 1.13e-09
2026-10-06, 02:04:30, 1.59e-12, 1.13e-09
2026-10-06, 02:04:33, 1.57e-12, 1.13e-09
2026-10-06, 02:04:36, 1.58e-12, 1.13e-09
2026-10-06, 02:04:39, 1.55e-12, 1.13e-09
2026-10-06, 02:04:42, 1.51e-12, 1.13e-09
2026-10-06, 02:04:46, 1.53e-12, 1.13e-09
2026-10-06, 02:04:49, 1.57e-12, 1.13e-09
2026-10-06, 02:04:52, 1.42e-12, 1.13e-09
2026-10-06, 02:04:55, 1.55e-12, 1.13e-09
2026-10-06, 02:04:59, 1.51e-12, 1.13e-09
2026-10-06, 02:05:02, 1.6e-12, 1.13e-09
2026-10-06, 02:05:05, 1.49e-12, 1.13e-09
2026-10-06, 02:05:08, 1.51e-12, 1.13e-09
2026-10-06, 02:05:11, 1.5e-12, 1.13e-09
2026-10-06, 02:05:15, 1.57e-12, 1.12e-09
2026-10-06, 02:05:18, 1.45e-12, 1.13e-09
2026-10-06, 02:05:21, 1.53e-12, 1.13e-09
2026-10-06, 02:05:24, 1.51e-12, 1.13e-09
2026-10-06, 02:05:28, 1.44e-12, 1.13e-09
2026-10-06, 02:05:31, 1.48e-12, 1.13e-09
2026-10-06, 02:05:34, 1.5e-12, 1.12e-09
2026-10-06, 02:05:37, 1.55e-12, 1.13e-09
2026-10-06, 02:05:40, 1.46e-12, 1.13e-09
2026-10-06, 02:05:44, 1.53e-12, 1.13e-09
2026-10-06, 02:05:47, 1.49e-12, 1.12e-09
2026-10-06, 02:05:50, 1.59e-12, 1.12e-09
2026-10-06, 02:05:53, 1.52e-12, 1.13e-09
2026-10-06, 02:05:57, 1.55e-12, 1.12e-09
2026-10-06, 02:06:00, 1.58e-12, 1.13e-09
2026-10-06, 02:06:03, 1.51e-12, 1.13e-09
2026-10-06, 02:06:06, 1.53e-12, 1.14e-09
2026-10-06, 02:06:09, 1.5e-12, 1.16e-09
2026-10-06, 02:06:13, 1.49e-12, 1.17e-09
2026-10-06, 02:06:16, 1.52e-12, 1.16e-09
2026-10-06, 02:06:19, 1.46e-12, 1.14e-09
2026-10-06, 02:06:22, 1.52e-12, 1.13e-09
2026-10-06, 02:06:26, 1.52e-12, 1.14e-09
2026-10-06, 02:06:29, 1.57e-12, 1.14e-09
2026-10-06, 02:06:32, 1.53e-12, 1.16e-09
2026-10-06, 02:06:35, 1.65e-12, 1.16e-09
2026-10-06, 02:06:38, 1.53e-12, 1.14e-09
2026-10-06, 02:06:42, 1.53e-12, 1.16e-09
2026-10-06, 02:06:45, 1.49e-12, 1.15e-09
2026-10-06, 02:06:48, 1.55e-12, 1.14e-09
2026-10-06, 02:06:51, 1.56e-12, 1.14e-09
2026-10-06, 02:06:55, 1.49e-12, 1.14e-09
2026-10-06, 02:06:58, 1.55e-12, 1.14e-09
2026-10-06, 02:07:01, 1.69e-12, 1.14e-09
2026-10-06, 02:07:04, 1.5e-12, 1.14e-09
2026-10-06, 02:07:07, 1.5e-12, 1.14e-09
2026-10-06, 02:07:11, 1.51e-12, 1.15e-09
2026-10-06, 02:07:14, 1.52e-12, 1.19e-09
2026-10-06, 02:07:17, 1.55e-12, 1.16e-09
2026-10-06, 02:07:20, 1.52e-12, 1.16e-09
2026-10-06, 02:07:23, 1.47e-12, 1.16e-09
2026-10-06, 02:07:27, 1.56e-12, 1.16e-09
2026-10-06, 02:07:30, 1.53e-12, 1.16e-09
2026-10-06, 02:07:33, 1.57e-12, 1.16e-09
2026-10-06, 02:07:36, 1.58e-12, 1.16e-09
2026-10-06, 02:07:40, 1.45e-12, 1.15e-09
2026-10-06, 02:07:43, 1.58e-12, 1.19e-09
2026-10-06, 02:07:46, 1.6e-12, 1.19e-09
2026-10-06, 02:07:49, 1.47e-12, 1.19e-09
2026-10-06, 02:07:52, 1.53e-12, 1.19e-09
2026-10-06, 02:07:56, 1.52e-12, 1.17e-09
2026-10-06, 02:07:59, 1.51e-12, 1.15e-09
2026-10-06, 02:08:02, 1.57e-12, 1.15e-09
2026-10-06, 02:08:05, 1.57e-12, 1.15e-09
2026-10-06, 02:08:09, 1.57e-12, 1.14e-09
2026-10-06, 02:08:12, 1.59e-12, 1.15e-09
2026-10-06, 02:08:15, 1.54e-12, 1.15e-09
2026-10-06, 02:08:18, 1.49e-12, 1.14e-09
2026-10-06, 02:08:21, 1.59e-12, 1.15e-09
2026-10-06, 02:08:25, 1.45e-12, 1.15e-09
2026-10-06, 02:08:28, 1.53e-12, 1.17e-09
2026-10-06, 02:08:31, 1.55e-12, 1.18e-09
2026-10-06, 02:08:34, 1.48e-12, 1.15e-09
2026-10-06, 02:08:38, 1.58e-12, 1.15e-09
2026-10-06, 02:08:41, 1.51e-12, 1.15e-09
2026-10-06, 02:08:44, 1.61e-12, 1.15e-09
2026-10-06, 02:08:47, 1.56e-12, 1.14e-09
2026-10-06, 02:08:50, 1.57e-12, 1.15e-09
2026-10-06, 02:08:54, 1.57e-12, 1.15e-09
2026-10-06, 02:08:57, 1.57e-12, 1.15e-09
2026-10-06, 02:09:00, 1.52e-12, 1.15e-09
2026-10-06, 02:09:03, 1.56e-12, 1.15e-09
2026-10-06, 02:09:07, 1.52e-12, 1.15e-09
2026-10-06, 02:09:10, 1.61e-12, 1.15e-09
2026-10-06, 02:09:13, 1.51e-12, 1.15e-09
2026-10-06, 02:09:16, 1.53e-12, 1.15e-09
2026-10-06, 02:09:19, 1.5e-12, 1.15e-09
2026-10-06, 02:09:23, 1.47e-12, 1.14e-09
2026-10-06, 02:09:26, 1.55e-12, 1.14e-09
2026-10-06, 02:09:29, 1.73e-12, 1.14e-09
2026-10-06, 02:09:32, 1.52e-12, 1.14e-09
2026-10-06, 02:09:36, 1.54e-12, 1.14e-09
2026-10-06, 02:09:39, 1.53e-12, 1.14e-09
2026-10-06, 02:09:42, 1.53e-12, 1.14e-09
2026-10-06, 02:09:45, 1.57e-12, 1.14e-09
2026-10-06, 02:09:48, 1.51e-12, 1.14e-09
2026-10-06, 02:09:52, 1.56e-12, 1.14e-09
2026-10-06, 02:09:55, 1.5e-12, 1.14e-09
2026-10-06, 02:09:58, 1.55e-12, 1.13e-09
2026-10-06, 02:10:01, 1.59e-12, 1.13e-09
2026-10-06, 02:10:05, 1.53e-12, 1.13e-09
2026-10-06, 02:10:08, 1.46e-12, 1.14e-09
2026-10-06, 02:10:11, 1.53e-12, 1.14e-09
2026-10-06, 02:10:14, 1.55e-12, 1.14e-09
2026-10-06, 02:10:17, 1.48e-12, 1.14e-09
2026-10-06, 02:10:21, 1.59e-12, 1.14e-09
2026-10-06, 02:10:24, 1.58e-12, 1.14e-09
2026-10-06, 02:10:27, 1.52e-12, 1.14e-09
2026-10-06, 02:10:30, 1.55e-12, 1.14e-09
2026-10-06, 02:10:34, 1.55e-12, 1.13e-09
2026-10-06, 02:10:37, 1.54e-12, 1.14e-09
2026-10-06, 02:10:40, 1.58e-12, 1.14e-09
2026-10-06, 02:10:43, 1.59e-12, 1.14e-09
2026-10-06, 02:10:46, 1.55e-12, 1.14e-09
2026-10-06, 02:10:50, 1.53e-12, 1.14e-09
2026-10-06, 02:10:53, 1.56e-12, 1.14e-09
2026-10-06, 02:10:56, 1.56e-12, 1.14e-09
2026-10-06, 02:10:59, 1.48e-12, 1.14e-09
2026-10-06, 02:11:02, 1.52e-12, 1.14e-09
2026-10-06, 02:11:06, 1.56e-12, 1.14e-09
2026-10-06, 02:11:09, 1.55e-12, 1.14e-09
2026-10-06, 02:11:12, 1.53e-12, 1.14e-09
2026-10-06, 02:11:15, 1.53e-12, 1.14e-09
2026-10-06, 02:11:19, 1.48e-12, 1.14e-09
2026-10-06, 02:11:22, 1.54e-12, 1.14e-09
2026-10-06, 02:11:25, 1.53e-12, 1.14e-09
2026-10-06, 02:11:28, 1.52e-12, 1.14e-09
2026-10-06, 02:11:31, 1.55e-12, 1.14e-09
2026-10-06, 02:11:35, 1.46e-12, 1.14e-09
2026-10-06, 02:11:38, 1.55e-12, 1.14e-09
2026-10-06, 02:11:41, 1.68e-12, 1.14e-09
2026-10-06, 02:11:44, 1.56e-12, 1.14e-09
2026-10-06, 02:11:48, 1.56e-12, 1.14e-09
2026-10-06, 02:11:51, 1.54e-12, 1.14e-09
2026-10-06, 02:11:54, 1.53e-12, 1.14e-09
2026-10-06, 02:11:57, 1.5e-12, 1.14e-09
2026-10-06, 02:12:00, 1.55e-12, 1.14e-09
2026-10-06, 02:12:04, 1.46e-12, 1.14e-09
2026-10-06, 02:12:07, 1.53e-12, 1.14e-09
2026-10-06, 02:12:10, 1.65e-12, 1.14e-09
2026-10-06, 02:12:13, 1.57e-12, 1.14e-09
2026-10-06, 02:12:17, 1.59e-12, 1.14e-09
2026-10-06, 02:12:20, 1.52e-12, 1.14e-09
2026-10-06, 02:12:23, 1.49e-12, 1.14e-09
2026-10-06, 02:12:26, 1.52e-12, 1.14e-09
2026-10-06, 02:12:29, 1.53e-12, 1.14e-09
2026-10-06, 02:12:33, 1.58e-12, 1.14e-09
2026-10-06, 02:12:36, 1.47e-12, 1.14e-09
2026-10-06, 02:12:39, 1.61e-12, 1.14e-09
2026-10-06, 02:12:42, 1.61e-12, 1.14e-09
2026-10-06, 02:12:46, 1.48e-12, 1.14e-09
2026-10-06, 02:12:49, 1.53e-12, 1.14e-09
2026-10-06, 02:12:52, 1.55e-12, 1.14e-09
2026-10-06, 02:12:55, 1.51e-12, 1.14e-09
2026-10-06, 02:12:58, 1.55e-12, 1.13e-09
2026-10-06, 02:13:02, 1.5e-12, 1.14e-09
2026-10-06, 02:13:05, 1.52e-12, 1.14e-09
2026-10-06, 02:13:08, 1.57e-12, 1.14e-09
2026-10-06, 02:13:12, 1.45e-12, 1.14e-09
2026-10-06, 02:13:15, 1.53e-12, 1.14e-09
2026-10-06, 02:13:18, 1.55e-12, 1.14e-09
2026-10-06, 02:13:21, 1.6e-12, 1.14e-09
2026-10-06, 02:13:25, 1.49e-12, 1.14e-09
2026-10-06, 02:13:28, 1.49e-12, 1.14e-09
2026-10-06, 02:13:31, 1.57e-12, 1.14e-09
2026-10-06, 02:13:34, 1.66e-12, 1.14e-09
2026-10-06, 02:13:37, 1.6e-12, 1.14e-09
2026-10-06, 02:13:41, 1.53e-12, 1.15e-09
2026-10-06, 02:13:44, 1.47e-12, 1.17e-09
2026-10-06, 02:13:47, 1.49e-12, 1.17e-09
2026-10-06, 02:13:50, 1.58e-12, 1.17e-09
2026-10-06, 02:13:53, 1.59e-12, 1.17e-09
2026-10-06, 02:13:57, 1.53e-12, 1.17e-09
2026-10-06, 02:14:00, 1.58e-12, 1.17e-09
2026-10-06, 02:14:03, 1.61e-12, 1.17e-09
2026-10-06, 02:14:06, 1.53e-12, 1.14e-09
2026-10-06, 02:14:10, 1.51e-12, 1.15e-09
2026-10-06, 02:14:13, 1.54e-12, 1.17e-09
2026-10-06, 02:14:16, 1.47e-12, 1.16e-09
2026-10-06, 02:14:19, 1.61e-12, 1.17e-09
2026-10-06, 02:14:22, 1.48e-12, 1.14e-09
2026-10-06, 02:14:26, 1.47e-12, 1.14e-09
2026-10-06, 02:14:29, 1.52e-12, 1.14e-09
2026-10-06, 02:14:32, 1.54e-12, 1.16e-09
2026-10-06, 02:14:35, 1.52e-12, 1.14e-09
2026-10-06, 02:14:39, 1.51e-12, 1.14e-09
2026-10-06, 02:14:42, 1.5e-12, 1.13e-09
2026-10-06, 02:14:45, 1.61e-12, 1.17e-09
2026-10-06, 02:14:48, 1.57e-12, 1.16e-09
2026-10-06, 02:14:51, 1.54e-12, 1.16e-09
2026-10-06, 02:14:55, 1.51e-12, 1.17e-09
2026-10-06, 02:14:58, 1.58e-12, 1.14e-09
2026-10-06, 02:15:01, 1.61e-12, 1.14e-09
2026-10-06, 02:15:04, 1.5e-12, 1.14e-09
2026-10-06, 02:15:08, 1.54e-12, 1.13e-09
2026-10-06, 02:15:11, 1.56e-12, 1.14e-09
2026-10-06, 02:15:14, 1.54e-12, 1.17e-09
2026-10-06, 02:15:17, 1.51e-12, 1.14e-09
2026-10-06, 02:15:20, 1.54e-12, 1.14e-09
2026-10-06, 02:15:24, 1.52e-12, 1.14e-09
2026-10-06, 02:15:27, 1.54e-12, 1.14e-09
2026-10-06, 02:15:30, 1.58e-12, 1.31e-09
2026-10-06, 02:15:33, 1.51e-12, 1.18e-09
2026-10-06, 02:15:37, 1.51e-12, 1.18e-09
2026-10-06, 02:15:40, 1.5e-12, 1.18e-09
2026-10-06, 02:15:43, 1.49e-12, 1.16e-09
2026-10-06, 02:15:46, 1.56e-12, 1.17e-09
2026-10-06, 02:15:49, 1.5e-12, 1.17e-09
2026-10-06, 02:15:53, 1.62e-12, 1.17e-09
2026-10-06, 02:15:56, 1.47e-12, 1.17e-09
2026-10-06, 02:15:59, 1.53e-12, 1.15e-09
2026-10-06, 02:16:02, 1.53e-12, 1.15e-09
2026-10-06, 02:16:06, 1.56e-12, 1.15e-09
2026-10-06, 02:16:09, 1.46e-12, 1.15e-09
2026-10-06, 02:16:12, 1.54e-12, 1.15e-09
2026-10-06, 02:16:15, 1.55e-12, 1.15e-09
2026-10-06, 02:16:18, 1.49e-12, 1.15e-09
2026-10-06, 02:16:22, 1.53e-12, 1.15e-09
2026-10-06, 02:16:25, 1.57e-12, 1.15e-09
2026-10-06, 02:16:28, 1.52e-12, 1.15e-09
2026-10-06, 02:16:31, 1.49e-12, 1.15e-09
2026-10-06, 02:16:34, 1.48e-12, 1.14e-09
2026-10-06, 02:16:38, 1.54e-12, 1.14e-09
2026-10-06, 02:16:41, 1.57e-12, 1.14e-09
2026-10-06, 02:16:44, 1.51e-12, 1.14e-09
2026-10-06, 02:16:47, 1.56e-12, 1.14e-09
2026-10-06, 02:16:51, 1.52e-12, 1.14e-09
2026-10-06, 02:16:54, 1.49e-12, 1.14e-09
2026-10-06, 02:16:57, 1.42e-12, 1.14e-09
2026-10-06, 02:17:00, 1.59e-12, 1.14e-09
2026-10-06, 02:17:04, 1.49e-12, 1.14e-09
2026-10-06, 02:17:07, 1.52e-12, 1.14e-09
2026-10-06, 02:17:10, 1.56e-12, 1.14e-09
2026-10-06, 02:17:13, 1.54e-12, 1.14e-09
2026-10-06, 02:17:16, 1.49e-12, 1.14e-09
2026-10-06, 02:17:20, 1.55e-12, 1.14e-09
2026-10-06, 02:17:23, 1.57e-12, 1.14e-09
2026-10-06, 02:17:26, 1.55e-12, 1.14e-09
2026-10-06, 02:17:29, 1.5e-12, 1.14e-09
2026-10-06, 02:17:32, 1.41e-12, 1.14e-09
2026-10-06, 02:17:36, 1.53e-12, 1.14e-09
2026-10-06, 02:17:39, 1.55e-12, 1.14e-09
2026-10-06, 02:17:42, 1.64e-12, 1.14e-09
2026-10-06, 02:17:45, 1.52e-12, 1.14e-09
2026-10-06, 02:17:49, 1.41e-12, 1.14e-09
2026-10-06, 02:17:52, 1.55e-12, 1.14e-09
2026-10-06, 02:17:55, 1.47e-12, 1.14e-09
2026-10-06, 02:17:58, 1.49e-12, 1.14e-09
2026-10-06, 02:18:01, 1.61e-12, 1.14e-09
2026-10-06, 02:18:05, 1.59e-12, 1.14e-09
2026-10-06, 02:18:08, 1.39e-12, 1.14e-09
2026-10-06, 02:18:11, 1.56e-12, 1.14e-09
2026-10-06, 02:18:14, 1.51e-12, 1.14e-09
2026-10-06, 02:18:18, 1.58e-12, 1.14e-09
2026-10-06, 02:18:21, 1.57e-12, 1.14e-09
2026-10-06, 02:18:24, 1.5e-12, 1.14e-09
2026-10-06, 02:18:27, 1.54e-12, 1.15e-09
2026-10-06, 02:18:30, 1.54e-12, 1.11e-09
2026-10-06, 02:18:34, 1.5e-12, 1.11e-09
2026-10-06, 02:18:37, 1.59e-12, 1.11e-09
2026-10-06, 02:18:40, 1.45e-12, 1.1e-09
2026-10-06, 02:18:43, 1.6e-12, 1.15e-09
2026-10-06, 02:18:47, 1.44e-12, 1.16e-09
2026-10-06, 02:18:50, 1.52e-12, 1.16e-09
2026-10-06, 02:18:53, 1.55e-12, 1.16e-09
2026-10-06, 02:18:56, 1.46e-12, 1.16e-09
2026-10-06, 02:18:59, 1.55e-12, 1.16e-09
2026-10-06, 02:19:03, 1.55e-12, 1.16e-09
2026-10-06, 02:19:06, 1.6e-12, 1.16e-09
2026-10-06, 02:19:09, 1.51e-12, 1.16e-09
2026-10-06, 02:19:12, 1.53e-12, 1.16e-09
2026-10-06, 02:19:16, 1.58e-12, 1.16e-09
2026-10-06, 02:19:19, 1.56e-12, 1.16e-09
2026-10-06, 02:19:22, 1.6e-12, 1.16e-09
2026-10-06, 02:19:25, 1.55e-12, 1.16e-09
2026-10-06, 02:19:28, 1.52e-12, 1.16e-09
2026-10-06, 02:19:32, 1.51e-12, 1.16e-09
2026-10-06, 02:19:35, 1.5e-12, 1.17e-09
2026-10-06, 02:19:38, 1.52e-12, 1.17e-09
2026-10-06, 02:19:41, 1.53e-12, 1.14e-09
2026-10-06, 02:19:45, 1.62e-12, 1.16e-09
2026-10-06, 02:19:48, 1.52e-12, 1.16e-09
2026-10-06, 02:19:51, 1.47e-12, 1.16e-09
2026-10-06, 02:19:54, 1.54e-12, 1.16e-09
2026-10-06, 02:19:57, 1.59e-12, 1.16e-09
2026-10-06, 02:20:01, 1.57e-12, 1.16e-09
2026-10-06, 02:20:04, 1.51e-12, 1.16e-09
2026-10-06, 02:20:07, 1.58e-12, 1.16e-09
2026-10-06, 02:20:10, 1.49e-12, 1.16e-09
2026-10-06, 02:20:13, 1.51e-12, 1.16e-09
2026-10-06, 02:20:17, 1.54e-12, 1.16e-09
2026-10-06, 02:20:20, 1.48e-12, 1.16e-09
2026-10-06, 02:20:23, 1.6e-12, 1.16e-09
2026-10-06, 02:20:26, 1.5e-12, 1.16e-09
2026-10-06, 02:20:30, 1.49e-12, 1.16e-09
2026-10-06, 02:20:33, 1.61e-12, 1.15e-09
2026-10-06, 02:20:36, 1.63e-12, 1.16e-09
2026-10-06, 02:20:39, 1.49e-12, 1.15e-09
2026-10-06, 02:20:42, 1.5e-12, 1.16e-09
2026-10-06, 02:20:46, 1.49e-12, 1.18e-09
2026-10-06, 02:20:49, 1.49e-12, 1.17e-09
2026-10-06, 02:20:52, 1.6e-12, 1.17e-09
2026-10-06, 02:20:55, 1.59e-12, 1.17e-09
2026-10-06, 02:20:59, 1.51e-12, 1.17e-09
2026-10-06, 02:21:02, 1.49e-12, 1.17e-09
2026-10-06, 02:21:05, 1.49e-12, 1.17e-09
2026-10-06, 02:21:08, 1.51e-12, 1.17e-09
2026-10-06, 02:21:11, 1.54e-12, 1.17e-09
2026-10-06, 02:21:15, 1.55e-12, 1.17e-09
2026-10-06, 02:21:18, 1.52e-12, 1.17e-09
2026-10-06, 02:21:21, 1.55e-12, 1.17e-09
2026-10-06, 02:21:24, 1.49e-12, 1.17e-09
2026-10-06, 02:21:28, 1.53e-12, 1.17e-09
2026-10-06, 02:21:31, 1.45e-12, 1.17e-09
2026-10-06, 02:21:34, 1.53e-12, 1.17e-09
2026-10-06, 02:21:37, 1.53e-12, 1.17e-09
2026-10-06, 02:21:40, 1.62e-12, 1.18e-09
2026-10-06, 02:21:44, 1.47e-12, 1.18e-09
2026-10-06, 02:21:47, 1.56e-12, 1.18e-09
2026-10-06, 02:21:50, 1.55e-12, 1.17e-09
2026-10-06, 02:21:53, 1.53e-12, 1.17e-09
2026-10-06, 02:21:57, 1.5e-12, 1.17e-09
2026-10-06, 02:22:00, 1.47e-12, 1.18e-09
2026-10-06, 02:22:03, 1.57e-12, 1.18e-09
2026-10-06, 02:22:06, 1.57e-12, 1.18e-09
2026-10-06, 02:22:09, 1.55e-12, 1.19e-09
2026-10-06, 02:22:13, 1.5e-12, 1.19e-09
2026-10-06, 02:22:16, 1.6e-12, 1.19e-09
2026-10-06, 02:22:19, 1.59e-12, 1.18e-09
2026-10-06, 02:22:22, 1.56e-12, 1.18e-09
2026-10-06, 02:22:26, 1.56e-12, 1.19e-09
2026-10-06, 02:22:29, 1.55e-12, 1.18e-09
2026-10-06, 02:22:32, 1.57e-12, 1.19e-09
2026-10-06, 02:22:35, 1.54e-12, 1.19e-09
2026-10-06, 02:22:38, 1.51e-12, 1.18e-09
2026-10-06, 02:22:42, 1.58e-12, 1.18e-09
2026-10-06, 02:22:45, 1.61e-12, 1.18e-09
2026-10-06, 02:22:48, 1.56e-12, 1.18e-09
2026-10-06, 02:22:51, 1.54e-12, 1.18e-09
2026-10-06, 02:22:54, 1.57e-12, 1.18e-09
2026-10-06, 02:22:58, 1.57e-12, 1.17e-09
2026-10-06, 02:23:01, 1.65e-12, 1.17e-09
2026-10-06, 02:23:04, 1.59e-12, 1.18e-09
2026-10-06, 02:23:07, 1.54e-12, 1.18e-09
2026-10-06, 02:23:11, 1.49e-12, 1.19e-09
2026-10-06, 02:23:14, 1.53e-12, 1.19e-09
2026-10-06, 02:23:17, 1.55e-12, 1.19e-09
2026-10-06, 02:23:20, 1.55e-12, 1.19e-09
2026-10-06, 02:23:23, 1.53e-12, 1.19e-09
2026-10-06, 02:23:27, 1.54e-12, 1.19e-09
2026-10-06, 02:23:30, 1.55e-12, 1.19e-09
2026-10-06, 02:23:33, 1.51e-12, 1.19e-09
2026-10-06, 02:23:36, 1.49e-12, 1.19e-09
2026-10-06, 02:23:40, 1.54e-12, 1.19e-09
2026-10-06, 02:23:43, 1.5e-12, 1.19e-09
2026-10-06, 02:23:46, 1.53e-12, 1.19e-09
2026-10-06, 02:23:49, 1.5e-12, 1.19e-09
2026-10-06, 02:23:52, 1.56e-12, 1.19e-09
2026-10-06, 02:23:56, 1.61e-12, 1.19e-09
2026-10-06, 02:23:59, 1.5e-12, 1.19e-09
2026-10-06, 02:24:02, 1.53e-12, 1.19e-09
2026-10-06, 02:24:05, 1.48e-12, 1.19e-09
2026-10-06, 02:24:09, 1.52e-12, 1.19e-09
2026-10-06, 02:24:12, 1.51e-12, 1.19e-09
2026-10-06, 02:24:15, 1.52e-12, 1.19e-09
2026-10-06, 02:24:18, 1.52e-12, 1.19e-09
2026-10-06, 02:24:21, 1.56e-12, 1.18e-09
2026-10-06, 02:24:25, 1.59e-12, 1.18e-09
2026-10-06, 02:24:28, 1.46e-12, 1.18e-09
2026-10-06, 02:24:31, 1.55e-12, 1.18e-09
2026-10-06, 02:24:34, 1.51e-12, 1.18e-09
2026-10-06, 02:24:38, 1.53e-12, 1.18e-09
2026-10-06, 02:24:41, 1.48e-12, 1.18e-09
2026-10-06, 02:24:44, 1.54e-12, 1.18e-09
2026-10-06, 02:24:47, 1.54e-12, 1.18e-09
2026-10-06, 02:24:50, 1.74e-12, 1.18e-09
2026-10-06, 02:24:54, 1.49e-12, 1.18e-09
2026-10-06, 02:24:57, 1.65e-12, 1.18e-09
2026-10-06, 02:25:00, 1.57e-12, 1.19e-09
2026-10-06, 02:25:03, 1.55e-12, 1.18e-09
2026-10-06, 02:25:07, 1.53e-12, 1.19e-09
2026-10-06, 02:25:10, 1.55e-12, 1.2e-09
2026-10-06, 02:25:13, 1.55e-12, 1.2e-09
2026-10-06, 02:25:16, 1.48e-12, 1.2e-09
2026-10-06, 02:25:19, 1.5e-12, 1.2e-09
2026-10-06, 02:25:23, 1.48e-12, 1.2e-09
2026-10-06, 02:25:26, 1.59e-12, 1.2e-09
2026-10-06, 02:25:29, 1.53e-12, 1.2e-09
2026-10-06, 02:25:32, 1.58e-12, 1.2e-09
2026-10-06, 02:25:36, 1.59e-12, 1.2e-09
2026-10-06, 02:25:39, 1.51e-12, 1.2e-09
2026-10-06, 02:25:42, 1.54e-12, 1.2e-09
2026-10-06, 02:25:45, 1.54e-12, 1.2e-09
2026-10-06, 02:25:48, 1.53e-12, 1.2e-09
2026-10-06, 02:25:52, 1.5e-12, 1.2e-09
2026-10-06, 02:25:55, 1.51e-12, 1.2e-09
2026-10-06, 02:25:58, 1.57e-12, 1.2e-09
2026-10-06, 02:26:01, 1.53e-12, 1.2e-09
2026-10-06, 02:26:05, 1.46e-12, 1.2e-09
2026-10-06, 02:26:08, 1.54e-12, 1.2e-09
2026-10-06, 02:26:11, 1.55e-12, 1.2e-09
2026-10-06, 02:26:14, 1.48e-12, 1.2e-09
2026-10-06, 02:26:17, 1.53e-12, 1.2e-09
2026-10-06, 02:26:21, 1.55e-12, 1.2e-09
2026-10-06, 02:26:24, 1.56e-12, 1.2e-09
2026-10-06, 02:26:27, 1.5e-12, 1.2e-09
2026-10-06, 02:26:30, 1.58e-12, 1.2e-09
2026-10-06, 02:26:33, 1.54e-12, 1.2e-09
2026-10-06, 02:26:37, 1.52e-12, 1.19e-09
2026-10-06, 02:26:40, 1.54e-12, 1.2e-09
2026-10-06, 02:26:43, 1.71e-12, 1.2e-09
2026-10-06, 02:26:46, 1.58e-12, 1.2e-09
2026-10-06, 02:26:50, 1.56e-12, 1.2e-09
2026-10-06, 02:26:53, 1.58e-12, 1.2e-09
2026-10-06, 02:26:56, 1.55e-12, 1.2e-09
2026-10-06, 02:26:59, 1.58e-12, 1.19e-09
2026-10-06, 02:27:02, 1.47e-12, 1.18e-09
2026-10-06, 02:27:06, 1.52e-12, 1.18e-09
2026-10-06, 02:27:09, 1.53e-12, 1.18e-09
2026-10-06, 02:27:12, 1.49e-12, 1.18e-09
2026-10-06, 02:27:15, 1.44e-12, 1.19e-09
2026-10-06, 02:27:19, 1.53e-12, 1.19e-09
2026-10-06, 02:27:22, 1.58e-12, 1.19e-09
2026-10-06, 02:27:25, 1.44e-12, 1.18e-09
2026-10-06, 02:27:28, 1.52e-12, 1.18e-09
2026-10-06, 02:27:31, 1.56e-12, 1.18e-09
2026-10-06, 02:27:35, 1.62e-12, 1.19e-09
2026-10-06, 02:27:38, 1.54e-12, 1.18e-09
2026-10-06, 02:27:41, 1.54e-12, 1.18e-09
2026-10-06, 02:27:44, 1.5e-12, 1.18e-09
2026-10-06, 02:27:48, 1.49e-12, 1.18e-09
2026-10-06, 02:27:51, 1.55e-12, 1.18e-09
2026-10-06, 02:27:54, 1.6e-12, 1.19e-09
2026-10-06, 02:27:57, 1.56e-12, 1.18e-09
2026-10-06, 02:28:00, 1.5e-12, 1.19e-09
2026-10-06, 02:28:04, 1.56e-12, 1.19e-09
2026-10-06, 02:28:07, 1.54e-12, 1.18e-09
2026-10-06, 02:28:10, 1.53e-12, 1.15e-09
2026-10-06, 02:28:13, 1.54e-12, 1.15e-09
2026-10-06, 02:28:17, 1.54e-12, 1.15e-09
2026-10-06, 02:28:20, 1.49e-12, 1.15e-09
2026-10-06, 02:28:23, 1.51e-12, 1.15e-09
2026-10-06, 02:28:26, 1.49e-12, 1.15e-09
2026-10-06, 02:28:29, 1.53e-12, 1.15e-09
2026-10-06, 02:28:33, 1.57e-12, 1.15e-09
2026-10-06, 02:28:36, 1.49e-12, 1.15e-09
2026-10-06, 02:28:39, 1.61e-12, 1.15e-09
2026-10-06, 02:28:42, 1.56e-12, 1.15e-09
2026-10-06, 02:28:46, 1.51e-12, 1.19e-09
2026-10-06, 02:28:49, 1.53e-12, 1.2e-09
2026-10-06, 02:28:52, 1.71e-12, 1.2e-09
2026-10-06, 02:28:55, 1.55e-12, 1.18e-09
2026-10-06, 02:28:58, 1.54e-12, 1.2e-09
2026-10-06, 02:29:02, 1.54e-12, 1.2e-09
2026-10-06, 02:29:05, 1.55e-12, 1.2e-09
2026-10-06, 02:29:08, 1.56e-12, 1.2e-09
2026-10-06, 02:29:11, 1.56e-12, 1.2e-09
2026-10-06, 02:29:15, 1.58e-12, 1.2e-09
2026-10-06, 02:29:18, 1.6e-12, 1.2e-09
2026-10-06, 02:29:21, 1.51e-12, 1.2e-09
2026-10-06, 02:29:24, 1.54e-12, 1.2e-09
2026-10-06, 02:29:27, 1.54e-12, 1.2e-09
2026-10-06, 02:29:31, 1.54e-12, 1.2e-09
2026-10-06, 02:29:34, 1.43e-12, 1.2e-09
2026-10-06, 02:29:37, 1.59e-12, 1.2e-09
2026-10-06, 02:29:40, 1.52e-12, 1.2e-09
2026-10-06, 02:29:43, 1.39e-12, 1.2e-09
2026-10-06, 02:29:47, 1.57e-12, 1.2e-09
2026-10-06, 02:29:50, 1.58e-12, 1.2e-09
2026-10-06, 02:29:53, 1.49e-12, 1.2e-09
2026-10-06, 02:29:56, 1.55e-12, 1.2e-09
2026-10-06, 02:30:00, 1.56e-12, 1.2e-09
2026-10-06, 02:30:03, 1.38e-12, 1.2e-09
