2026-10-08, 00:00:03, 22.25, 22.5, 22.75, 22.62, 9999.0, 22.75, 22.38, 22.5, 9999.0, 22.5, 9999.0, 22.75, 22.5, 22.25, 22.38, 22.25
2026-10-08, 00:00:07, 22.25, 22.5, 22.75, 22.62, 9999.0, 22.75, 22.5, 22.5, 9999.0, 22.5, 9999.0, 22.75, 22.5, 22.25, 22.38, 22.25
2026-10-08, 00:00:11, 22.25, 22.5, 22.75, 22.5, 9999.0, 22.62, 22.38, 22.5, 9999.0, 22.5, 9999.0, 22.75, 22.5, 22.25, 22.25, 22.25
2026-10-08, 00:00:15, 22.25, 22.5, 22.75, 22.62, 9999.0, 22.62, 22.38, 22.5, 9999.0, 22.5, 9999.0, 22.75, 22.5, 22.25, 22.25, 22.25
2026-10-08, 00:00:19, 22.38, 22.5, 22.75, 22.62, 9999.0, 22.62, 22.38, 22.5, 9999.0, 22.38, 9999.0, 22.62, 22.5, 22.25, 22.38, 22.25
2026-10-08, 00:00:23, 22.5, 22.5, 22.75, 22.62, 9999.0, 22.5, 22.38, 22.38, 9999.0, 22.25, 9999.0, 22.5, 22.5, 22.25, 22.38, 22.25
2026-10-08, 00:00:27, 22.38, 22.5, 22.75, 22.62, 9999.0, 22.5, 22.38, 22.38, 9999.0, 22.25, 9999.0, 22.5, 22.5, 22.25, 22.25, 22.25
2026-10-08, 00:00:31, 22.25, 22.5, 22.75, 22.62, 9999.0, 22.62, 22.25, 22.5, 9999.0, 22.38, 9999.0, 22.5, 22.5, 22.25, 22.25, 22.25
2026-10-08, 00:00:35, 22.38, 22.5, 22.75, 22.75, 9999.0, 22.75, 22.25, 22.5, 9999.0, 22.38, 9999.0, 22.5, 22.5, 22.25, 22.25, 22.25
2026-10-08, 00:00:39, 22.38, 22.5, 22.75, 22.62, 9999.0, 22.75, 22.38, 22.5, 9999.0, 22.25, 9999.0, 22.5, 22.5, 22.25, 22.25, 22.25
2026-10-08, 00:00:43, 22.25, 22.5, 22.75, 22.62, 9999.0, 22.75, 22.5, 22.5, 9999.0, 22.25, 9999.0, 22.62, 22.38, 22.25, 22.25, 22.25
2026-10-08, 00:00:47, 22.25, 22.5, 22.75, 22.75, 9999.0, 22.75, 22.5, 22.5, 9999.0, 22.12, 9999.0, 22.75, 22.38, 22.25, 22.25, 22.25
2026-10-08, 00:00:51, 22.25, 22.5, 22.75, 22.62, 9999.0, 22.75, 22.5, 22.5, 9999.0, 22.12, 9999.0, 22.75, 22.5, 22.25, 22.25, 22.25
2026-10-08, 00:00:55, 22.25, 22.5, 22.75, 22.62, 9999.0, 22.75, 22.5, 22.5, 9999.0, 22.25, 9999.0, 22.75, 22.5, 22.25, 22.38, 22.25
2026-10-08, 00:00:59, 22.38, 22.38, 22.75, 22.75, 9999.0, 22.75, 22.5, 22.5, 9999.0, 22.25, 9999.0, 22.75, 22.5, 22.25, 22.5, 22.25
2026-10-08, 00:01:03, 22.38, 22.38, 22.75, 22.75, 9999.0, 22.75, 22.5, 22.5, 9999.0, 22.25, 9999.0, 22.75, 22.5, 22.25, 22.38, 22.25
2026-10-08, 00:01:07, 22.25, 22.5, 22.75, 22.75, 9999.0, 22.75, 22.5, 22.5, 9999.0, 22.25, 9999.0, 22.75, 22.5, 22.25, 22.25, 22.25
2026-10-08, 00:01:11, 22.38, 22.5, 22.75, 22.75, 9999.0, 22.75, 22.5, 22.38, 9999.0, 22.38, 9999.0, 22.75, 22.5, 22.25, 22.25, 22.25
2026-10-08, 00:01:15, 22.38, 22.5, 22.75, 22.75, 9999.0, 22.75, 22.5, 22.38, 9999.0, 22.5, 9999.0, 22.75, 22.5, 22.25, 22.25, 22.25
2026-10-08, 00:01:19, 22.25, 22.38, 22.75, 22.75, 9999.0, 22.62, 22.38, 22.5, 9999.0, 22.5, 9999.0, 22.75, 22.5, 22.25, 22.38, 22.25
2026-10-08, 00:01:23, 22.25, 22.38, 22.75, 22.62, 9999.0, 22.62, 22.25, 22.5, 9999.0, 22.5, 9999.0, 22.75, 22.5, 22.25, 22.38, 22.25
2026-10-08, 00:01:27, 22.25, 22.5, 22.75, 22.62, 9999.0, 22.75, 22.38, 22.5, 9999.0, 22.5, 9999.0, 22.75, 22.5, 22.25, 22.38, 22.25
2026-10-08, 00:01:31, 22.25, 22.5, 22.75, 22.75, 9999.0, 22.62, 22.38, 22.38, 9999.0, 22.5, 9999.0, 22.62, 22.5, 22.25, 22.38, 22.25
2026-10-08, 00:01:35, 22.25, 22.5, 22.75, 22.75, 9999.0, 22.62, 22.25, 22.38, 9999.0, 22.5, 9999.0, 22.5, 22.5, 22.25, 22.25, 22.25
2026-10-08, 00:01:39, 22.25, 22.5, 22.75, 22.62, 9999.0, 22.62, 22.38, 22.38, 9999.0, 22.5, 9999.0, 22.5, 22.5, 22.25, 22.25, 22.25
2026-10-08, 00:01:43, 22.25, 22.5, 22.75, 22.62, 9999.0, 22.62, 22.5, 22.25, 9999.0, 22.38, 9999.0, 22.5, 22.5, 22.25, 22.25, 22.25
2026-10-08, 00:01:47, 22.25, 22.5, 22.75, 22.75, 9999.0, 22.75, 22.38, 22.38, 9999.0, 22.25, 9999.0, 22.62, 22.5, 22.25, 22.25, 22.25
2026-10-08, 00:01:51, 22.38, 22.5, 22.75, 22.75, 9999.0, 22.75, 22.38, 22.5, 9999.0, 22.25, 9999.0, 22.62, 22.5, 22.25, 22.25, 22.25
2026-10-08, 00:01:55, 22.38, 22.5, 22.75, 22.62, 9999.0, 22.75, 22.5, 22.5, 9999.0, 22.25, 9999.0, 22.5, 22.5, 22.25, 22.25, 22.25
2026-10-08, 00:01:59, 22.25, 22.5, 22.75, 22.62, 9999.0, 22.75, 22.5, 22.5, 9999.0, 22.25, 9999.0, 22.62, 22.5, 22.25, 22.25, 22.25
2026-10-08, 00:02:03, 22.25, 22.5, 22.75, 22.75, 9999.0, 22.75, 22.5, 22.5, 9999.0, 22.25, 9999.0, 22.75, 22.5, 22.25, 22.25, 22.25
2026-10-08, 00:02:07, 22.25, 22.5, 22.75, 22.75, 9999.0, 22.75, 22.5, 22.5, 9999.0, 22.25, 9999.0, 22.75, 22.5, 22.25, 22.25, 22.25
2026-10-08, 00:02:11, 22.25, 22.5, 22.75, 22.75, 9999.0, 22.75, 22.5, 22.38, 9999.0, 22.25, 9999.0, 22.75, 22.5, 22.25, 22.38, 22.25
2026-10-08, 00:02:16, 22.25, 22.38, 22.75, 22.75, 9999.0, 22.75, 22.5, 22.38, 9999.0, 22.38, 9999.0, 22.75, 22.5, 22.25, 22.38, 22.25
2026-10-08, 00:02:20, 22.25, 22.38, 22.75, 22.75, 9999.0, 22.75, 22.5, 22.38, 9999.0, 22.5, 9999.0, 22.75, 22.5, 22.25, 22.25, 22.25
2026-10-08, 00:02:24, 22.38, 22.5, 22.75, 22.62, 9999.0, 22.75, 22.38, 22.25, 9999.0, 22.5, 9999.0, 22.75, 22.5, 22.25, 22.25, 22.25
2026-10-08, 00:02:28, 22.5, 22.5, 22.75, 22.62, 9999.0, 22.75, 22.25, 22.38, 9999.0, 22.5, 9999.0, 22.75, 22.5, 22.25, 22.25, 22.25
2026-10-08, 00:02:32, 22.38, 22.5, 22.75, 22.75, 9999.0, 22.75, 22.38, 22.38, 9999.0, 22.5, 9999.0, 22.75, 22.5, 22.25, 22.38, 22.25
2026-10-08, 00:02:36, 22.25, 22.5, 22.75, 22.75, 9999.0, 22.62, 22.5, 22.38, 9999.0, 22.5, 9999.0, 22.75, 22.5, 22.25, 22.38, 22.25
2026-10-08, 00:02:40, 22.25, 22.5, 22.75, 22.62, 9999.0, 22.5, 22.5, 22.38, 9999.0, 22.5, 9999.0, 22.75, 22.5, 22.25, 22.38, 22.25
2026-10-08, 00:02:44, 22.25, 22.5, 22.75, 22.62, 9999.0, 22.5, 22.5, 22.38, 9999.0, 22.5, 9999.0, 22.75, 22.5, 22.25, 22.38, 22.25
2026-10-08, 00:02:48, 22.38, 22.5, 22.75, 22.75, 9999.0, 22.5, 22.38, 22.5, 9999.0, 22.5, 9999.0, 22.62, 22.5, 22.25, 22.25, 22.25
2026-10-08, 00:02:52, 22.38, 22.38, 22.75, 22.62, 9999.0, 22.5, 22.25, 22.38, 9999.0, 22.5, 9999.0, 22.5, 22.5, 22.25, 22.25, 22.25
2026-10-08, 00:02:56, 22.25, 22.38, 22.75, 22.62, 9999.0, 22.62, 22.25, 22.38, 9999.0, 22.5, 9999.0, 22.5, 22.5, 22.25, 22.25, 22.25
2026-10-08, 00:03:00, 22.25, 22.5, 22.75, 22.75, 9999.0, 22.75, 22.25, 22.38, 9999.0, 22.5, 9999.0, 22.62, 22.38, 22.25, 22.25, 22.25
2026-10-08, 00:03:04, 22.38, 22.5, 22.75, 22.62, 9999.0, 22.75, 22.25, 22.38, 9999.0, 22.5, 9999.0, 22.62, 22.38, 22.25, 22.25, 22.25
2026-10-08, 00:03:08, 22.5, 22.5, 22.75, 22.62, 9999.0, 22.75, 22.38, 22.5, 9999.0, 22.38, 9999.0, 22.5, 22.38, 22.25, 22.25, 22.25
2026-10-08, 00:03:12, 22.38, 22.5, 22.75, 22.75, 9999.0, 22.75, 22.5, 22.5, 9999.0, 22.38, 9999.0, 22.62, 22.25, 22.25, 22.25, 22.25
2026-10-08, 00:03:16, 22.25, 22.5, 22.75, 22.62, 9999.0, 22.75, 22.5, 22.5, 9999.0, 22.38, 9999.0, 22.75, 22.38, 22.25, 22.38, 22.25
2026-10-08, 00:03:20, 22.25, 22.38, 22.75, 22.62, 9999.0, 22.75, 22.5, 22.5, 9999.0, 22.25, 9999.0, 22.75, 22.5, 22.25, 22.38, 22.25
2026-10-08, 00:03:24, 22.25, 22.38, 22.75, 22.62, 9999.0, 22.75, 22.5, 22.5, 9999.0, 22.25, 9999.0, 22.75, 22.5, 22.25, 22.25, 22.25
2026-10-08, 00:03:28, 22.38, 22.5, 22.75, 22.62, 9999.0, 22.75, 22.5, 22.38, 9999.0, 22.25, 9999.0, 22.75, 22.5, 22.25, 22.25, 22.25
2026-10-08, 00:03:32, 22.38, 22.5, 22.75, 22.75, 9999.0, 22.75, 22.5, 22.38, 9999.0, 22.38, 9999.0, 22.75, 22.5, 22.25, 22.25, 22.25
2026-10-08, 00:03:36, 22.25, 22.5, 22.75, 22.62, 9999.0, 22.75, 22.5, 22.5, 9999.0, 22.5, 9999.0, 22.75, 22.5, 22.25, 22.25, 22.25
2026-10-08, 00:03:40, 22.25, 22.5, 22.75, 22.5, 9999.0, 22.75, 22.5, 22.5, 9999.0, 22.5, 9999.0, 22.75, 22.5, 22.25, 22.25, 22.25
2026-10-08, 00:03:44, 22.25, 22.5, 22.75, 22.62, 9999.0, 22.75, 22.5, 22.5, 9999.0, 22.5, 9999.0, 22.75, 22.5, 22.25, 22.25, 22.25
2026-10-08, 00:03:48, 22.38, 22.5, 22.75, 22.62, 9999.0, 22.75, 22.38, 22.5, 9999.0, 22.5, 9999.0, 22.75, 22.5, 22.25, 22.25, 22.25
2026-10-08, 00:03:52, 22.38, 22.5, 22.75, 22.5, 9999.0, 22.62, 22.38, 22.5, 9999.0, 22.5, 9999.0, 22.62, 22.5, 22.25, 22.38, 22.25
2026-10-08, 00:03:56, 22.25, 22.5, 22.75, 22.62, 9999.0, 22.5, 22.5, 22.5, 9999.0, 22.5, 9999.0, 22.5, 22.38, 22.25, 22.38, 22.25
2026-10-08, 00:04:00, 22.25, 22.5, 22.75, 22.62, 9999.0, 22.5, 22.38, 22.5, 9999.0, 22.5, 9999.0, 22.5, 22.38, 22.25, 22.25, 22.25
2026-10-08, 00:04:04, 22.25, 22.5, 22.75, 22.62, 9999.0, 22.5, 22.38, 22.38, 9999.0, 22.5, 9999.0, 22.5, 22.5, 22.25, 22.25, 22.25
2026-10-08, 00:04:08, 22.25, 22.5, 22.75, 22.62, 9999.0, 22.62, 22.38, 22.38, 9999.0, 22.5, 9999.0, 22.5, 22.5, 22.25, 22.25, 22.25
2026-10-08, 00:04:12, 22.38, 22.5, 22.75, 22.5, 9999.0, 22.75, 22.25, 22.5, 9999.0, 22.38, 9999.0, 22.5, 22.5, 22.25, 22.25, 22.25
2026-10-08, 00:04:16, 22.38, 22.5, 22.75, 22.62, 9999.0, 22.75, 22.25, 22.5, 9999.0, 22.38, 9999.0, 22.5, 22.5, 22.25, 22.25, 22.25
2026-10-08, 00:04:20, 22.25, 22.5, 22.75, 22.62, 9999.0, 22.75, 22.38, 22.5, 9999.0, 22.5, 9999.0, 22.5, 22.5, 22.25, 22.38, 22.25
2026-10-08, 00:04:24, 22.25, 22.5, 22.75, 22.5, 9999.0, 22.75, 22.38, 22.5, 9999.0, 22.5, 9999.0, 22.62, 22.5, 22.25, 22.38, 22.25
2026-10-08, 00:04:28, 22.25, 22.5, 22.75, 22.5, 9999.0, 22.75, 22.25, 22.5, 9999.0, 22.5, 9999.0, 22.75, 22.5, 22.25, 22.25, 22.25
2026-10-08, 00:04:32, 22.38, 22.5, 22.75, 22.62, 9999.0, 22.75, 22.25, 22.38, 9999.0, 22.5, 9999.0, 22.75, 22.5, 22.25, 22.25, 22.25
2026-10-08, 00:04:36, 22.38, 22.5, 22.75, 22.62, 9999.0, 22.75, 22.38, 22.25, 9999.0, 22.38, 9999.0, 22.75, 22.5, 22.25, 22.25, 22.25
2026-10-08, 00:04:40, 22.25, 22.5, 22.75, 22.62, 9999.0, 22.75, 22.5, 22.25, 9999.0, 22.25, 9999.0, 22.75, 22.5, 22.25, 22.25, 22.25
2026-10-08, 00:04:44, 22.25, 22.5, 22.75, 22.75, 9999.0, 22.75, 22.5, 22.38, 9999.0, 22.38, 9999.0, 22.75, 22.5, 22.25, 22.25, 22.25
2026-10-08, 00:04:48, 22.25, 22.38, 22.75, 22.62, 9999.0, 22.75, 22.5, 22.5, 9999.0, 22.5, 9999.0, 22.75, 22.5, 22.25, 22.25, 22.25
2026-10-08, 00:04:52, 22.25, 22.25, 22.75, 22.62, 9999.0, 22.75, 22.5, 22.38, 9999.0, 22.5, 9999.0, 22.75, 22.5, 22.25, 22.25, 22.25
2026-10-08, 00:04:56, 22.25, 22.38, 22.75, 22.62, 9999.0, 22.75, 22.5, 22.25, 9999.0, 22.62, 9999.0, 22.75, 22.5, 22.25, 22.25, 22.25
2026-10-08, 00:05:00, 22.38, 22.5, 22.75, 22.5, 9999.0, 22.62, 22.38, 22.25, 9999.0, 22.75, 9999.0, 22.75, 22.5, 22.25, 22.25, 22.25
2026-10-08, 00:05:04, 22.38, 22.5, 22.75, 22.62, 9999.0, 22.5, 22.25, 22.38, 9999.0, 22.62, 9999.0, 22.75, 22.5, 22.25, 22.25, 22.25
2026-10-08, 00:05:08, 22.38, 22.5, 22.75, 22.62, 9999.0, 22.5, 22.25, 22.5, 9999.0, 22.5, 9999.0, 22.62, 22.5, 22.25, 22.25, 22.25
2026-10-08, 00:05:12, 22.38, 22.5, 22.75, 22.5, 9999.0, 22.5, 22.25, 22.38, 9999.0, 22.5, 9999.0, 22.5, 22.38, 22.25, 22.25, 22.25
2026-10-08, 00:05:16, 22.25, 22.5, 22.75, 22.62, 9999.0, 22.5, 22.25, 22.25, 9999.0, 22.5, 9999.0, 22.5, 22.38, 22.25, 22.25, 22.25
2026-10-08, 00:05:20, 22.25, 22.5, 22.75, 22.62, 9999.0, 22.5, 22.25, 22.25, 9999.0, 22.5, 9999.0, 22.5, 22.5, 22.25, 22.25, 22.25
2026-10-08, 00:05:24, 22.25, 22.5, 22.75, 22.5, 9999.0, 22.62, 22.25, 22.25, 9999.0, 22.5, 9999.0, 22.5, 22.5, 22.25, 22.25, 22.25
2026-10-08, 00:05:28, 22.25, 22.38, 22.75, 22.5, 9999.0, 22.75, 22.38, 22.25, 9999.0, 22.5, 9999.0, 22.5, 22.38, 22.25, 22.25, 22.25
2026-10-08, 00:05:32, 22.25, 22.38, 22.75, 22.62, 9999.0, 22.75, 22.5, 22.25, 9999.0, 22.5, 9999.0, 22.5, 22.38, 22.25, 22.25, 22.25
2026-10-08, 00:05:36, 22.25, 22.5, 22.75, 22.62, 9999.0, 22.75, 22.38, 22.38, 9999.0, 22.5, 9999.0, 22.62, 22.5, 22.25, 22.25, 22.25
2026-10-08, 00:05:40, 22.25, 22.5, 22.75, 22.5, 9999.0, 22.75, 22.38, 22.38, 9999.0, 22.5, 9999.0, 22.75, 22.5, 22.25, 22.25, 22.25
2026-10-08, 00:05:44, 22.38, 22.5, 22.75, 22.5, 9999.0, 22.75, 22.5, 22.25, 9999.0, 22.5, 9999.0, 22.75, 22.5, 22.25, 22.25, 22.25
2026-10-08, 00:05:48, 22.38, 22.5, 22.75, 22.5, 9999.0, 22.75, 22.5, 22.38, 9999.0, 22.5, 9999.0, 22.75, 22.5, 22.25, 22.25, 22.25
2026-10-08, 00:05:53, 22.25, 22.5, 22.75, 22.62, 9999.0, 22.75, 22.5, 22.38, 9999.0, 22.38, 9999.0, 22.75, 22.5, 22.25, 22.25, 22.25
2026-10-08, 00:05:57, 22.38, 22.5, 22.75, 22.62, 9999.0, 22.75, 22.38, 22.25, 9999.0, 22.38, 9999.0, 22.75, 22.5, 22.25, 22.38, 22.25
2026-10-08, 00:06:01, 22.38, 22.5, 22.75, 22.5, 9999.0, 22.75, 22.25, 22.25, 9999.0, 22.5, 9999.0, 22.75, 22.5, 22.25, 22.38, 22.25
2026-10-08, 00:06:05, 22.25, 22.38, 22.75, 22.5, 9999.0, 22.75, 22.38, 22.38, 9999.0, 22.62, 9999.0, 22.75, 22.5, 22.25, 22.25, 22.25
2026-10-08, 00:06:09, 22.25, 22.38, 22.75, 22.5, 9999.0, 22.75, 22.5, 22.5, 9999.0, 22.75, 9999.0, 22.75, 22.5, 22.25, 22.38, 22.25
2026-10-08, 00:06:13, 22.38, 22.5, 22.75, 22.5, 9999.0, 22.75, 22.38, 22.38, 9999.0, 22.75, 9999.0, 22.75, 22.5, 22.25, 22.38, 22.25
2026-10-08, 00:06:17, 22.38, 22.5, 22.75, 22.5, 9999.0, 22.62, 22.38, 22.25, 9999.0, 22.75, 9999.0, 22.75, 22.5, 22.25, 22.38, 22.25
2026-10-08, 00:06:21, 22.25, 22.5, 22.75, 22.62, 9999.0, 22.5, 22.5, 22.25, 9999.0, 22.75, 9999.0, 22.62, 22.5, 22.25, 22.38, 22.25
2026-10-08, 00:06:25, 22.25, 22.5, 22.75, 22.62, 9999.0, 22.5, 22.38, 22.38, 9999.0, 22.62, 9999.0, 22.5, 22.5, 22.25, 22.25, 22.25
2026-10-08, 00:06:29, 22.25, 22.38, 22.75, 22.5, 9999.0, 22.5, 22.25, 22.38, 9999.0, 22.5, 9999.0, 22.5, 22.5, 22.25, 22.25, 22.25
2026-10-08, 00:06:33, 22.25, 22.25, 22.75, 22.5, 9999.0, 22.5, 22.25, 22.38, 9999.0, 22.5, 9999.0, 22.5, 22.5, 22.25, 22.25, 22.25
2026-10-08, 00:06:37, 22.25, 22.25, 22.75, 22.5, 9999.0, 22.62, 22.25, 22.38, 9999.0, 22.5, 9999.0, 22.5, 22.5, 22.25, 22.25, 22.25
2026-10-08, 00:06:41, 22.25, 22.38, 22.75, 22.5, 9999.0, 22.75, 22.25, 22.25, 9999.0, 22.5, 9999.0, 22.5, 22.5, 22.25, 22.25, 22.25
2026-10-08, 00:06:45, 22.25, 22.5, 22.75, 22.5, 9999.0, 22.75, 22.38, 22.38, 9999.0, 22.5, 9999.0, 22.5, 22.38, 22.25, 22.25, 22.25
2026-10-08, 00:06:49, 22.25, 22.5, 22.75, 22.62, 9999.0, 22.75, 22.5, 22.5, 9999.0, 22.5, 9999.0, 22.5, 22.38, 22.25, 22.25, 22.25
2026-10-08, 00:06:53, 22.25, 22.5, 22.75, 22.75, 9999.0, 22.75, 22.5, 22.38, 9999.0, 22.5, 9999.0, 22.62, 22.38, 22.25, 22.25, 22.25
2026-10-08, 00:06:57, 22.25, 22.5, 22.75, 22.62, 9999.0, 22.75, 22.38, 22.38, 9999.0, 22.5, 9999.0, 22.75, 22.38, 22.25, 22.25, 22.25
2026-10-08, 00:07:01, 22.25, 22.5, 22.75, 22.5, 9999.0, 22.75, 22.38, 22.38, 9999.0, 22.5, 9999.0, 22.75, 22.5, 22.25, 22.25, 22.25
2026-10-08, 00:07:05, 22.25, 22.5, 22.75, 22.62, 9999.0, 22.75, 22.5, 22.38, 9999.0, 22.5, 9999.0, 22.75, 22.5, 22.25, 22.38, 22.25
2026-10-08, 00:07:09, 22.25, 22.5, 22.75, 22.62, 9999.0, 22.75, 22.38, 22.38, 9999.0, 22.62, 9999.0, 22.75, 22.5, 22.25, 22.38, 22.25
2026-10-08, 00:07:13, 22.25, 22.5, 22.75, 22.5, 9999.0, 22.75, 22.38, 22.25, 9999.0, 22.75, 9999.0, 22.75, 22.38, 22.25, 22.25, 22.25
2026-10-08, 00:07:17, 22.25, 22.5, 22.75, 22.5, 9999.0, 22.75, 22.5, 22.25, 9999.0, 22.75, 9999.0, 22.75, 22.38, 22.25, 22.38, 22.25
2026-10-08, 00:07:21, 22.25, 22.5, 22.75, 22.5, 9999.0, 22.75, 22.38, 22.38, 9999.0, 22.75, 9999.0, 22.75, 22.5, 22.25, 22.38, 22.25
2026-10-08, 00:07:25, 22.25, 22.5, 22.75, 22.5, 9999.0, 22.75, 22.38, 22.38, 9999.0, 22.75, 9999.0, 22.75, 22.5, 22.25, 22.25, 22.25
2026-10-08, 00:07:29, 22.25, 22.5, 22.75, 22.5, 9999.0, 22.62, 22.5, 22.25, 9999.0, 22.75, 9999.0, 22.62, 22.5, 22.25, 22.25, 22.25
2026-10-08, 00:07:33, 22.25, 22.5, 22.75, 22.62, 9999.0, 22.5, 22.38, 22.25, 9999.0, 22.75, 9999.0, 22.62, 22.38, 22.25, 22.25, 22.25
2026-10-08, 00:07:37, 22.25, 22.5, 22.75, 22.62, 9999.0, 22.5, 22.25, 22.25, 9999.0, 22.62, 9999.0, 22.62, 22.38, 22.25, 22.25, 22.25
2026-10-08, 00:07:41, 22.25, 22.5, 22.75, 22.5, 9999.0, 22.5, 22.25, 22.25, 9999.0, 22.5, 9999.0, 22.5, 22.5, 22.25, 22.25, 22.25
2026-10-08, 00:07:45, 22.25, 22.5, 22.62, 22.5, 9999.0, 22.5, 22.38, 22.25, 9999.0, 22.62, 9999.0, 22.5, 22.5, 22.25, 22.25, 22.25
2026-10-08, 00:07:49, 22.25, 22.38, 22.62, 22.62, 9999.0, 22.62, 22.38, 22.25, 9999.0, 22.62, 9999.0, 22.5, 22.5, 22.25, 22.25, 22.25
2026-10-08, 00:07:53, 22.25, 22.25, 22.75, 22.62, 9999.0, 22.75, 22.25, 22.25, 9999.0, 22.5, 9999.0, 22.5, 22.5, 22.25, 22.25, 22.25
2026-10-08, 00:07:57, 22.38, 22.25, 22.75, 22.62, 9999.0, 22.75, 22.38, 22.25, 9999.0, 22.5, 9999.0, 22.5, 22.5, 22.25, 22.25, 22.25
2026-10-08, 00:08:01, 22.38, 22.38, 22.75, 22.62, 9999.0, 22.75, 22.5, 22.38, 9999.0, 22.5, 9999.0, 22.5, 22.5, 22.25, 22.25, 22.25
2026-10-08, 00:08:05, 22.25, 22.5, 22.75, 22.5, 9999.0, 22.75, 22.38, 22.5, 9999.0, 22.5, 9999.0, 22.62, 22.5, 22.25, 22.25, 22.25
2026-10-08, 00:08:09, 22.25, 22.5, 22.75, 22.5, 9999.0, 22.75, 22.25, 22.5, 9999.0, 22.5, 9999.0, 22.62, 22.5, 22.25, 22.25, 22.25
2026-10-08, 00:08:13, 22.25, 22.5, 22.75, 22.5, 9999.0, 22.75, 22.25, 22.38, 9999.0, 22.5, 9999.0, 22.62, 22.5, 22.25, 22.25, 22.25
2026-10-08, 00:08:17, 22.25, 22.5, 22.75, 22.5, 9999.0, 22.75, 22.38, 22.38, 9999.0, 22.5, 9999.0, 22.75, 22.5, 22.25, 22.25, 22.25
2026-10-08, 00:08:21, 22.25, 22.5, 22.75, 22.5, 9999.0, 22.75, 22.5, 22.38, 9999.0, 22.5, 9999.0, 22.75, 22.5, 22.25, 22.25, 22.25
2026-10-08, 00:08:25, 22.25, 22.5, 22.62, 22.5, 9999.0, 22.75, 22.5, 22.25, 9999.0, 22.62, 9999.0, 22.75, 22.5, 22.25, 22.25, 22.25
2026-10-08, 00:08:29, 22.25, 22.5, 22.62, 22.5, 9999.0, 22.75, 22.5, 22.25, 9999.0, 22.62, 9999.0, 22.75, 22.5, 22.25, 22.25, 22.25
2026-10-08, 00:08:33, 22.25, 22.38, 22.75, 22.5, 9999.0, 22.62, 22.5, 22.25, 9999.0, 22.62, 9999.0, 22.75, 22.5, 22.25, 22.25, 22.25
2026-10-08, 00:08:37, 22.25, 22.38, 22.75, 22.5, 9999.0, 22.5, 22.38, 22.25, 9999.0, 22.75, 9999.0, 22.62, 22.5, 22.25, 22.25, 22.25
2026-10-08, 00:08:41, 22.25, 22.5, 22.75, 22.5, 9999.0, 22.5, 22.38, 22.25, 9999.0, 22.75, 9999.0, 22.62, 22.5, 22.25, 22.25, 22.25
2026-10-08, 00:08:45, 22.25, 22.5, 22.75, 22.5, 9999.0, 22.5, 22.38, 22.38, 9999.0, 22.75, 9999.0, 22.62, 22.5, 22.25, 22.25, 22.25
2026-10-08, 00:08:49, 22.25, 22.5, 22.62, 22.5, 9999.0, 22.5, 22.25, 22.38, 9999.0, 22.75, 9999.0, 22.5, 22.5, 22.25, 22.25, 22.25
2026-10-08, 00:08:53, 22.25, 22.5, 22.62, 22.5, 9999.0, 22.5, 22.25, 22.25, 9999.0, 22.75, 9999.0, 22.5, 22.5, 22.25, 22.25, 22.25
2026-10-08, 00:08:57, 22.25, 22.38, 22.75, 22.5, 9999.0, 22.5, 22.25, 22.25, 9999.0, 22.75, 9999.0, 22.5, 22.5, 22.25, 22.25, 22.25
2026-10-08, 00:09:01, 22.25, 22.38, 22.62, 22.5, 9999.0, 22.62, 22.25, 22.25, 9999.0, 22.75, 9999.0, 22.5, 22.5, 22.25, 22.25, 22.12
2026-10-08, 00:09:05, 22.25, 22.5, 22.5, 22.5, 9999.0, 22.75, 22.25, 22.25, 9999.0, 22.75, 9999.0, 22.5, 22.38, 22.25, 22.25, 22.12
2026-10-08, 00:09:09, 22.25, 22.38, 22.62, 22.5, 9999.0, 22.75, 22.25, 22.25, 9999.0, 22.75, 9999.0, 22.5, 22.38, 22.25, 22.25, 22.25
2026-10-08, 00:09:13, 22.25, 22.38, 22.75, 22.5, 9999.0, 22.75, 22.38, 22.25, 9999.0, 22.62, 9999.0, 22.5, 22.38, 22.25, 22.25, 22.25
2026-10-08, 00:09:17, 22.25, 22.5, 22.75, 22.5, 9999.0, 22.75, 22.5, 22.25, 9999.0, 22.62, 9999.0, 22.62, 22.25, 22.25, 22.25, 22.12
2026-10-08, 00:09:21, 22.25, 22.5, 22.75, 22.5, 9999.0, 22.75, 22.38, 22.25, 9999.0, 22.62, 9999.0, 22.75, 22.38, 22.25, 22.25, 22.12
2026-10-08, 00:09:25, 22.25, 22.5, 22.75, 22.5, 9999.0, 22.75, 22.25, 22.25, 9999.0, 22.5, 9999.0, 22.75, 22.5, 22.25, 22.25, 22.25
2026-10-08, 00:09:29, 22.25, 22.5, 22.62, 22.5, 9999.0, 22.75, 22.38, 22.38, 9999.0, 22.5, 9999.0, 22.75, 22.5, 22.25, 22.25, 22.25
2026-10-08, 00:09:33, 22.25, 22.38, 22.62, 22.5, 9999.0, 22.75, 22.38, 22.38, 9999.0, 22.5, 9999.0, 22.75, 22.5, 22.25, 22.25, 22.12
2026-10-08, 00:09:37, 22.25, 22.38, 22.62, 22.5, 9999.0, 22.75, 22.38, 22.25, 9999.0, 22.5, 9999.0, 22.75, 22.5, 22.25, 22.25, 22.12
2026-10-08, 00:09:41, 22.25, 22.5, 22.5, 22.5, 9999.0, 22.75, 22.5, 22.25, 9999.0, 22.62, 9999.0, 22.75, 22.5, 22.25, 22.25, 22.25
2026-10-08, 00:09:45, 22.25, 22.5, 22.5, 22.5, 9999.0, 22.62, 22.5, 22.25, 9999.0, 22.75, 9999.0, 22.75, 22.5, 22.25, 22.25, 22.12
2026-10-08, 00:09:50, 22.25, 22.5, 22.5, 22.5, 9999.0, 22.5, 22.5, 22.25, 9999.0, 22.75, 9999.0, 22.75, 22.5, 22.25, 22.25, 22.12
2026-10-08, 00:09:54, 22.25, 22.38, 22.5, 22.5, 9999.0, 22.5, 22.38, 22.25, 9999.0, 22.75, 9999.0, 22.62, 22.5, 22.25, 22.25, 22.25
2026-10-08, 00:09:58, 22.25, 22.38, 22.5, 22.5, 9999.0, 22.5, 22.25, 22.25, 9999.0, 22.75, 9999.0, 22.5, 22.5, 22.25, 22.25, 22.25
2026-10-08, 00:10:02, 22.25, 22.5, 22.5, 22.5, 9999.0, 22.5, 22.25, 22.25, 9999.0, 22.75, 9999.0, 22.5, 22.38, 22.25, 22.25, 22.12
2026-10-08, 00:10:06, 22.25, 22.5, 22.5, 22.5, 9999.0, 22.5, 22.25, 22.25, 9999.0, 22.75, 9999.0, 22.5, 22.25, 22.25, 22.25, 22.12
2026-10-08, 00:10:10, 22.25, 22.5, 22.5, 22.5, 9999.0, 22.5, 22.25, 22.25, 9999.0, 22.75, 9999.0, 22.5, 22.38, 22.25, 22.25, 22.25
2026-10-08, 00:10:14, 22.25, 22.5, 22.62, 22.5, 9999.0, 22.5, 22.25, 22.25, 9999.0, 22.62, 9999.0, 22.5, 22.5, 22.25, 22.25, 22.25
2026-10-08, 00:10:18, 22.25, 22.5, 22.62, 22.5, 9999.0, 22.62, 22.25, 22.25, 9999.0, 22.62, 9999.0, 22.5, 22.5, 22.25, 22.25, 22.25
2026-10-08, 00:10:22, 22.38, 22.38, 22.5, 22.5, 9999.0, 22.75, 22.25, 22.25, 9999.0, 22.62, 9999.0, 22.5, 22.38, 22.25, 22.25, 22.12
2026-10-08, 00:10:26, 22.38, 22.25, 22.5, 22.5, 9999.0, 22.75, 22.38, 22.25, 9999.0, 22.62, 9999.0, 22.5, 22.25, 22.25, 22.25, 22.12
2026-10-08, 00:10:30, 22.25, 22.25, 22.62, 22.5, 9999.0, 22.75, 22.38, 22.25, 9999.0, 22.62, 9999.0, 22.5, 22.38, 22.25, 22.25, 22.25
2026-10-08, 00:10:34, 22.25, 22.38, 22.62, 22.5, 9999.0, 22.75, 22.25, 22.25, 9999.0, 22.62, 9999.0, 22.5, 22.38, 22.25, 22.25, 22.12
2026-10-08, 00:10:38, 22.25, 22.5, 22.62, 22.5, 9999.0, 22.75, 22.25, 22.25, 9999.0, 22.62, 9999.0, 22.5, 22.25, 22.25, 22.25, 22.12
2026-10-08, 00:10:42, 22.25, 22.5, 22.75, 22.5, 9999.0, 22.75, 22.38, 22.25, 9999.0, 22.62, 9999.0, 22.62, 22.38, 22.25, 22.25, 22.12
2026-10-08, 00:10:46, 22.25, 22.38, 22.62, 22.5, 9999.0, 22.75, 22.38, 22.25, 9999.0, 22.62, 9999.0, 22.75, 22.5, 22.25, 22.25, 22.0
2026-10-08, 00:10:50, 22.25, 22.25, 22.5, 22.5, 9999.0, 22.75, 22.38, 22.25, 9999.0, 22.62, 9999.0, 22.75, 22.38, 22.25, 22.25, 22.12
2026-10-08, 00:10:54, 22.25, 22.38, 22.5, 22.5, 9999.0, 22.75, 22.38, 22.25, 9999.0, 22.75, 9999.0, 22.75, 22.38, 22.25, 22.25, 22.25
2026-10-08, 00:10:58, 22.25, 22.5, 22.5, 22.5, 9999.0, 22.75, 22.25, 22.25, 9999.0, 22.75, 9999.0, 22.75, 22.5, 22.25, 22.25, 22.12
2026-10-08, 00:11:02, 22.25, 22.5, 22.5, 22.5, 9999.0, 22.75, 22.25, 22.25, 9999.0, 22.75, 9999.0, 22.75, 22.5, 22.25, 22.25, 22.0
2026-10-08, 00:11:06, 22.25, 22.5, 22.62, 22.5, 9999.0, 22.62, 22.25, 22.25, 9999.0, 22.75, 9999.0, 22.62, 22.5, 22.25, 22.25, 22.0
2026-10-08, 00:11:10, 22.25, 22.5, 22.62, 22.5, 9999.0, 22.5, 22.25, 22.25, 9999.0, 22.75, 9999.0, 22.5, 22.5, 22.25, 22.25, 22.12
2026-10-08, 00:11:14, 22.25, 22.5, 22.5, 22.5, 9999.0, 22.5, 22.25, 22.25, 9999.0, 22.75, 9999.0, 22.5, 22.38, 22.25, 22.25, 22.12
2026-10-08, 00:11:18, 22.25, 22.38, 22.5, 22.5, 9999.0, 22.5, 22.25, 22.25, 9999.0, 22.75, 9999.0, 22.5, 22.25, 22.25, 22.25, 22.0
2026-10-08, 00:11:22, 22.25, 22.38, 22.5, 22.5, 9999.0, 22.5, 22.25, 22.25, 9999.0, 22.75, 9999.0, 22.5, 22.25, 22.25, 22.25, 22.0
2026-10-08, 00:11:26, 22.25, 22.5, 22.62, 22.5, 9999.0, 22.5, 22.25, 22.25, 9999.0, 22.75, 9999.0, 22.5, 22.38, 22.25, 22.25, 22.0
2026-10-08, 00:11:30, 22.25, 22.5, 22.62, 22.5, 9999.0, 22.62, 22.25, 22.25, 9999.0, 22.75, 9999.0, 22.5, 22.38, 22.25, 22.25, 22.12
2026-10-08, 00:11:34, 22.25, 22.38, 22.5, 22.5, 9999.0, 22.75, 22.25, 22.25, 9999.0, 22.75, 9999.0, 22.5, 22.25, 22.25, 22.25, 22.25
2026-10-08, 00:11:38, 22.25, 22.25, 22.5, 22.5, 9999.0, 22.75, 22.25, 22.25, 9999.0, 22.75, 9999.0, 22.5, 22.25, 22.25, 22.25, 22.25
2026-10-08, 00:11:42, 22.25, 22.25, 22.5, 22.5, 9999.0, 22.75, 22.38, 22.38, 9999.0, 22.75, 9999.0, 22.5, 22.25, 22.25, 22.25, 22.25
2026-10-08, 00:11:46, 22.25, 22.38, 22.5, 22.5, 9999.0, 22.75, 22.38, 22.38, 9999.0, 22.75, 9999.0, 22.62, 22.25, 22.25, 22.25, 22.12
2026-10-08, 00:11:50, 22.25, 22.5, 22.5, 22.5, 9999.0, 22.75, 22.38, 22.25, 9999.0, 22.75, 9999.0, 22.62, 22.38, 22.25, 22.25, 22.0
2026-10-08, 00:11:54, 22.25, 22.38, 22.5, 22.5, 9999.0, 22.75, 22.5, 22.25, 9999.0, 22.62, 9999.0, 22.62, 22.5, 22.25, 22.25, 22.0
2026-10-08, 00:11:58, 22.25, 22.38, 22.62, 22.5, 9999.0, 22.75, 22.38, 22.25, 9999.0, 22.5, 9999.0, 22.75, 22.5, 22.25, 22.25, 22.0
2026-10-08, 00:12:02, 22.25, 22.38, 22.62, 22.5, 9999.0, 22.75, 22.25, 22.25, 9999.0, 22.5, 9999.0, 22.75, 22.5, 22.25, 22.25, 22.0
2026-10-08, 00:12:06, 22.25, 22.38, 22.5, 22.5, 9999.0, 22.75, 22.25, 22.25, 9999.0, 22.62, 9999.0, 22.62, 22.5, 22.25, 22.38, 22.0
2026-10-08, 00:12:10, 22.25, 22.5, 22.5, 22.5, 9999.0, 22.62, 22.25, 22.25, 9999.0, 22.75, 9999.0, 22.62, 22.5, 22.25, 22.38, 22.0
2026-10-08, 00:12:14, 22.25, 22.5, 22.5, 22.5, 9999.0, 22.62, 22.38, 22.25, 9999.0, 22.75, 9999.0, 22.75, 22.5, 22.25, 22.25, 22.0
2026-10-08, 00:12:18, 22.25, 22.38, 22.5, 22.5, 9999.0, 22.75, 22.38, 22.25, 9999.0, 22.75, 9999.0, 22.62, 22.5, 22.25, 22.25, 22.0
2026-10-08, 00:12:22, 22.25, 22.38, 22.62, 22.5, 9999.0, 22.62, 22.25, 22.25, 9999.0, 22.75, 9999.0, 22.5, 22.5, 22.25, 22.25, 22.0
2026-10-08, 00:12:26, 22.25, 22.5, 22.62, 22.5, 9999.0, 22.5, 22.25, 22.25, 9999.0, 22.75, 9999.0, 22.62, 22.5, 22.25, 22.25, 22.0
2026-10-08, 00:12:30, 22.25, 22.5, 22.62, 22.5, 9999.0, 22.5, 22.25, 22.25, 9999.0, 22.75, 9999.0, 22.62, 22.5, 22.25, 22.25, 22.0
2026-10-08, 00:12:34, 22.25, 22.5, 22.62, 22.5, 9999.0, 22.5, 22.25, 22.25, 9999.0, 22.75, 9999.0, 22.5, 22.5, 22.25, 22.25, 22.0
2026-10-08, 00:12:38, 22.25, 22.5, 22.5, 22.5, 9999.0, 22.5, 22.25, 22.25, 9999.0, 22.75, 9999.0, 22.5, 22.38, 22.25, 22.25, 22.12
2026-10-08, 00:12:42, 22.25, 22.5, 22.5, 22.5, 9999.0, 22.62, 22.25, 22.25, 9999.0, 22.75, 9999.0, 22.5, 22.38, 22.25, 22.25, 22.12
2026-10-08, 00:12:46, 22.25, 22.38, 22.5, 22.5, 9999.0, 22.75, 22.25, 22.25, 9999.0, 22.62, 9999.0, 22.5, 22.38, 22.25, 22.25, 22.0
2026-10-08, 00:12:50, 22.25, 22.25, 22.5, 22.5, 9999.0, 22.75, 22.25, 22.25, 9999.0, 22.5, 9999.0, 22.5, 22.38, 22.25, 22.25, 22.0
2026-10-08, 00:12:54, 22.25, 22.38, 22.5, 22.5, 9999.0, 22.75, 22.25, 22.25, 9999.0, 22.5, 9999.0, 22.5, 22.5, 22.25, 22.25, 22.0
2026-10-08, 00:12:58, 22.25, 22.5, 22.5, 22.5, 9999.0, 22.75, 22.38, 22.25, 9999.0, 22.5, 9999.0, 22.5, 22.5, 22.25, 22.25, 22.0
2026-10-08, 00:13:02, 22.25, 22.5, 22.5, 22.5, 9999.0, 22.75, 22.38, 22.25, 9999.0, 22.5, 9999.0, 22.5, 22.5, 22.25, 22.25, 22.0
2026-10-08, 00:13:06, 22.25, 22.5, 22.5, 22.5, 9999.0, 22.75, 22.38, 22.25, 9999.0, 22.5, 9999.0, 22.62, 22.5, 22.25, 22.25, 22.0
2026-10-08, 00:13:10, 22.25, 22.38, 22.62, 22.5, 9999.0, 22.75, 22.5, 22.25, 9999.0, 22.5, 9999.0, 22.75, 22.5, 22.25, 22.25, 22.12
2026-10-08, 00:13:14, 22.25, 22.25, 22.62, 22.5, 9999.0, 22.75, 22.5, 22.25, 9999.0, 22.5, 9999.0, 22.75, 22.38, 22.25, 22.25, 22.12
2026-10-08, 00:13:18, 22.25, 22.38, 22.5, 22.5, 9999.0, 22.75, 22.5, 22.25, 9999.0, 22.62, 9999.0, 22.75, 22.38, 22.12, 22.25, 22.12
2026-10-08, 00:13:22, 22.25, 22.38, 22.5, 22.5, 9999.0, 22.75, 22.5, 22.25, 9999.0, 22.62, 9999.0, 22.62, 22.5, 22.12, 22.25, 22.12
2026-10-08, 00:13:26, 22.25, 22.38, 22.5, 22.5, 9999.0, 22.62, 22.38, 22.25, 9999.0, 22.62, 9999.0, 22.62, 22.5, 22.25, 22.25, 22.12
2026-10-08, 00:13:30, 22.25, 22.38, 22.62, 22.5, 9999.0, 22.5, 22.25, 22.25, 9999.0, 22.75, 9999.0, 22.62, 22.5, 22.25, 22.25, 22.25
2026-10-08, 00:13:34, 22.25, 22.25, 22.62, 22.5, 9999.0, 22.62, 22.38, 22.25, 9999.0, 22.75, 9999.0, 22.5, 22.5, 22.25, 22.25, 22.12
2026-10-08, 00:13:38, 22.25, 22.38, 22.62, 22.5, 9999.0, 22.62, 22.38, 22.25, 9999.0, 22.75, 9999.0, 22.5, 22.5, 22.25, 22.25, 22.0
2026-10-08, 00:13:43, 22.25, 22.38, 22.62, 22.5, 9999.0, 22.5, 22.25, 22.25, 9999.0, 22.75, 9999.0, 22.5, 22.5, 22.25, 22.25, 22.12
2026-10-08, 00:13:47, 22.25, 22.38, 22.5, 22.5, 9999.0, 22.5, 22.25, 22.25, 9999.0, 22.75, 9999.0, 22.5, 22.5, 22.25, 22.25, 22.25
2026-10-08, 00:13:51, 22.25, 22.38, 22.5, 22.5, 9999.0, 22.5, 22.25, 22.25, 9999.0, 22.75, 9999.0, 22.5, 22.38, 22.25, 22.25, 22.12
2026-10-08, 00:13:55, 22.25, 22.25, 22.62, 22.5, 9999.0, 22.62, 22.25, 22.25, 9999.0, 22.75, 9999.0, 22.5, 22.38, 22.25, 22.25, 22.12
2026-10-08, 00:13:59, 22.25, 22.38, 22.75, 22.5, 9999.0, 22.75, 22.25, 22.25, 9999.0, 22.62, 9999.0, 22.5, 22.38, 22.25, 22.25, 22.25
2026-10-08, 00:14:03, 22.25, 22.5, 22.75, 22.5, 9999.0, 22.75, 22.25, 22.25, 9999.0, 22.5, 9999.0, 22.5, 22.38, 22.25, 22.25, 22.25
2026-10-08, 00:14:07, 22.25, 22.38, 22.62, 22.5, 9999.0, 22.75, 22.25, 22.25, 9999.0, 22.5, 9999.0, 22.5, 22.38, 22.25, 22.25, 22.12
2026-10-08, 00:14:11, 22.25, 22.38, 22.5, 22.5, 9999.0, 22.75, 22.38, 22.25, 9999.0, 22.5, 9999.0, 22.62, 22.25, 22.25, 22.25, 22.0
2026-10-08, 00:14:15, 22.25, 22.5, 22.5, 22.5, 9999.0, 22.75, 22.38, 22.25, 9999.0, 22.5, 9999.0, 22.62, 22.38, 22.25, 22.25, 22.0
2026-10-08, 00:14:19, 22.25, 22.38, 22.62, 22.5, 9999.0, 22.75, 22.38, 22.25, 9999.0, 22.5, 9999.0, 22.62, 22.38, 22.25, 22.25, 22.0
2026-10-08, 00:14:23, 22.25, 22.25, 22.62, 22.5, 9999.0, 22.75, 22.38, 22.25, 9999.0, 22.5, 9999.0, 22.75, 22.38, 22.25, 22.25, 22.12
2026-10-08, 00:14:27, 22.25, 22.25, 22.5, 22.5, 9999.0, 22.75, 22.38, 22.25, 9999.0, 22.5, 9999.0, 22.75, 22.5, 22.25, 22.25, 22.25
2026-10-08, 00:14:31, 22.25, 22.38, 22.5, 22.5, 9999.0, 22.75, 22.5, 22.25, 9999.0, 22.5, 9999.0, 22.75, 22.5, 22.25, 22.25, 22.12
2026-10-08, 00:14:35, 22.25, 22.5, 22.5, 22.5, 9999.0, 22.75, 22.5, 22.25, 9999.0, 22.5, 9999.0, 22.75, 22.5, 22.25, 22.25, 22.12
2026-10-08, 00:14:39, 22.25, 22.5, 22.62, 22.5, 9999.0, 22.62, 22.5, 22.25, 9999.0, 22.62, 9999.0, 22.75, 22.5, 22.25, 22.25, 22.12
2026-10-08, 00:14:43, 22.25, 22.38, 22.62, 22.5, 9999.0, 22.5, 22.38, 22.25, 9999.0, 22.75, 9999.0, 22.75, 22.38, 22.25, 22.25, 22.12
2026-10-08, 00:14:47, 22.25, 22.38, 22.5, 22.5, 9999.0, 22.62, 22.25, 22.25, 9999.0, 22.62, 9999.0, 22.62, 22.38, 22.25, 22.25, 22.12
2026-10-08, 00:14:51, 22.25, 22.38, 22.5, 22.5, 9999.0, 22.62, 22.25, 22.25, 9999.0, 22.5, 9999.0, 22.5, 22.38, 22.25, 22.25, 22.0
2026-10-08, 00:14:55, 22.25, 22.38, 22.62, 22.5, 9999.0, 22.5, 22.25, 22.25, 9999.0, 22.5, 9999.0, 22.5, 22.38, 22.25, 22.25, 22.12
2026-10-08, 00:14:59, 22.25, 22.5, 22.62, 22.5, 9999.0, 22.5, 22.25, 22.25, 9999.0, 22.5, 9999.0, 22.5, 22.38, 22.25, 22.25, 22.12
2026-10-08, 00:15:03, 22.25, 22.38, 22.5, 22.5, 9999.0, 22.5, 22.25, 22.25, 9999.0, 22.5, 9999.0, 22.5, 22.38, 22.25, 22.25, 22.0
2026-10-08, 00:15:07, 22.25, 22.38, 22.5, 22.5, 9999.0, 22.62, 22.25, 22.25, 9999.0, 22.5, 9999.0, 22.5, 22.5, 22.25, 22.25, 22.12
2026-10-08, 00:15:11, 22.25, 22.5, 22.5, 22.5, 9999.0, 22.75, 22.25, 22.25, 9999.0, 22.38, 9999.0, 22.5, 22.5, 22.25, 22.25, 22.12
2026-10-08, 00:15:15, 22.25, 22.5, 22.5, 22.5, 9999.0, 22.75, 22.25, 22.25, 9999.0, 22.38, 9999.0, 22.5, 22.5, 22.25, 22.25, 22.0
2026-10-08, 00:15:19, 22.25, 22.38, 22.5, 22.5, 9999.0, 22.75, 22.38, 22.25, 9999.0, 22.5, 9999.0, 22.5, 22.5, 22.25, 22.25, 22.0
2026-10-08, 00:15:23, 22.25, 22.38, 22.62, 22.5, 9999.0, 22.75, 22.38, 22.25, 9999.0, 22.38, 9999.0, 22.62, 22.5, 22.25, 22.25, 22.12
2026-10-08, 00:15:27, 22.25, 22.5, 22.62, 22.5, 9999.0, 22.75, 22.25, 22.25, 9999.0, 22.25, 9999.0, 22.62, 22.38, 22.25, 22.25, 22.12
2026-10-08, 00:15:31, 22.25, 22.5, 22.5, 22.5, 9999.0, 22.75, 22.38, 22.25, 9999.0, 22.25, 9999.0, 22.62, 22.38, 22.25, 22.25, 22.12
2026-10-08, 00:15:35, 22.25, 22.5, 22.5, 22.5, 9999.0, 22.75, 22.5, 22.25, 9999.0, 22.25, 9999.0, 22.75, 22.5, 22.25, 22.25, 22.25
2026-10-08, 00:15:39, 22.25, 22.38, 22.5, 22.5, 9999.0, 22.75, 22.5, 22.25, 9999.0, 22.25, 9999.0, 22.75, 22.38, 22.25, 22.25, 22.25
2026-10-08, 00:15:43, 22.25, 22.25, 22.5, 22.5, 9999.0, 22.75, 22.5, 22.25, 9999.0, 22.38, 9999.0, 22.75, 22.38, 22.25, 22.25, 22.25
2026-10-08, 00:15:47, 22.25, 22.25, 22.5, 22.5, 9999.0, 22.62, 22.5, 22.25, 9999.0, 22.5, 9999.0, 22.75, 22.5, 22.25, 22.25, 22.25
2026-10-08, 00:15:51, 22.25, 22.38, 22.5, 22.5, 9999.0, 22.62, 22.38, 22.25, 9999.0, 22.62, 9999.0, 22.75, 22.5, 22.25, 22.25, 22.25
2026-10-08, 00:15:55, 22.25, 22.5, 22.5, 22.5, 9999.0, 22.62, 22.38, 22.25, 9999.0, 22.62, 9999.0, 22.75, 22.5, 22.25, 22.25, 22.25
2026-10-08, 00:15:59, 22.25, 22.38, 22.5, 22.5, 9999.0, 22.5, 22.38, 22.25, 9999.0, 22.5, 9999.0, 22.75, 22.5, 22.25, 22.25, 22.12
2026-10-08, 00:16:03, 22.25, 22.38, 22.5, 22.5, 9999.0, 22.5, 22.25, 22.25, 9999.0, 22.5, 9999.0, 22.62, 22.5, 22.25, 22.25, 22.0
2026-10-08, 00:16:07, 22.25, 22.5, 22.62, 22.5, 9999.0, 22.5, 22.25, 22.25, 9999.0, 22.5, 9999.0, 22.5, 22.5, 22.12, 22.25, 22.0
2026-10-08, 00:16:11, 22.25, 22.5, 22.62, 22.5, 9999.0, 22.5, 22.25, 22.25, 9999.0, 22.5, 9999.0, 22.5, 22.38, 22.12, 22.25, 22.12
2026-10-08, 00:16:15, 22.25, 22.38, 22.5, 22.5, 9999.0, 22.5, 22.25, 22.25, 9999.0, 22.5, 9999.0, 22.5, 22.38, 22.25, 22.25, 22.12
2026-10-08, 00:16:19, 22.25, 22.25, 22.5, 22.5, 9999.0, 22.62, 22.25, 22.25, 9999.0, 22.5, 9999.0, 22.5, 22.38, 22.25, 22.25, 22.0
2026-10-08, 00:16:23, 22.25, 22.25, 22.5, 22.5, 9999.0, 22.75, 22.25, 22.25, 9999.0, 22.38, 9999.0, 22.5, 22.38, 22.25, 22.25, 22.0
2026-10-08, 00:16:27, 22.25, 22.25, 22.5, 22.5, 9999.0, 22.75, 22.25, 22.25, 9999.0, 22.25, 9999.0, 22.5, 22.5, 22.25, 22.25, 22.0
2026-10-08, 00:16:31, 22.25, 22.25, 22.5, 22.5, 9999.0, 22.75, 22.38, 22.25, 9999.0, 22.25, 9999.0, 22.5, 22.5, 22.25, 22.25, 22.12
2026-10-08, 00:16:35, 22.25, 22.38, 22.5, 22.5, 9999.0, 22.75, 22.5, 22.25, 9999.0, 22.25, 9999.0, 22.5, 22.38, 22.25, 22.25, 22.12
2026-10-08, 00:16:39, 22.25, 22.38, 22.62, 22.5, 9999.0, 22.75, 22.5, 22.25, 9999.0, 22.25, 9999.0, 22.5, 22.25, 22.25, 22.25, 22.0
2026-10-08, 00:16:43, 22.25, 22.38, 22.62, 22.5, 9999.0, 22.75, 22.5, 22.25, 9999.0, 22.25, 9999.0, 22.62, 22.38, 22.25, 22.25, 22.0
2026-10-08, 00:16:47, 22.25, 22.38, 22.5, 22.5, 9999.0, 22.75, 22.5, 22.25, 9999.0, 22.25, 9999.0, 22.75, 22.5, 22.25, 22.25, 22.12
2026-10-08, 00:16:51, 22.25, 22.38, 22.5, 22.5, 9999.0, 22.75, 22.5, 22.25, 9999.0, 22.25, 9999.0, 22.75, 22.5, 22.25, 22.25, 22.25
2026-10-08, 00:16:55, 22.25, 22.38, 22.5, 22.5, 9999.0, 22.75, 22.5, 22.25, 9999.0, 22.38, 9999.0, 22.75, 22.5, 22.25, 22.25, 22.12
2026-10-08, 00:16:59, 22.25, 22.25, 22.62, 22.5, 9999.0, 22.62, 22.38, 22.25, 9999.0, 22.38, 9999.0, 22.75, 22.5, 22.25, 22.25, 22.0
2026-10-08, 00:17:03, 22.25, 22.38, 22.62, 22.5, 9999.0, 22.5, 22.25, 22.25, 9999.0, 22.38, 9999.0, 22.62, 22.5, 22.25, 22.25, 22.0
2026-10-08, 00:17:07, 22.25, 22.38, 22.62, 22.5, 9999.0, 22.62, 22.25, 22.25, 9999.0, 22.5, 9999.0, 22.62, 22.5, 22.25, 22.25, 22.12
2026-10-08, 00:17:11, 22.25, 22.25, 22.75, 22.5, 9999.0, 22.62, 22.25, 22.25, 9999.0, 22.5, 9999.0, 22.75, 22.5, 22.25, 22.25, 22.25
2026-10-08, 00:17:15, 22.25, 22.25, 22.62, 22.5, 9999.0, 22.5, 22.25, 22.25, 9999.0, 22.5, 9999.0, 22.62, 22.5, 22.25, 22.25, 22.12
2026-10-08, 00:17:19, 22.25, 22.25, 22.62, 22.5, 9999.0, 22.5, 22.25, 22.25, 9999.0, 22.5, 9999.0, 22.5, 22.5, 22.25, 22.25, 22.12
2026-10-08, 00:17:23, 22.25, 22.25, 22.62, 22.5, 9999.0, 22.5, 22.38, 22.25, 9999.0, 22.38, 9999.0, 22.5, 22.5, 22.25, 22.25, 22.25
2026-10-08, 00:17:27, 22.25, 22.25, 22.5, 22.5, 9999.0, 22.5, 22.38, 22.25, 9999.0, 22.25, 9999.0, 22.5, 22.5, 22.25, 22.25, 22.25
2026-10-08, 00:17:31, 22.25, 22.38, 22.62, 22.5, 9999.0, 22.62, 22.25, 22.25, 9999.0, 22.25, 9999.0, 22.5, 22.38, 22.25, 22.25, 22.25
2026-10-08, 00:17:36, 22.25, 22.5, 22.75, 22.5, 9999.0, 22.75, 22.25, 22.25, 9999.0, 22.25, 9999.0, 22.5, 22.38, 22.25, 22.25, 22.25
2026-10-08, 00:17:40, 22.25, 22.5, 22.75, 22.5, 9999.0, 22.75, 22.25, 22.25, 9999.0, 22.25, 9999.0, 22.5, 22.38, 22.25, 22.25, 22.12
2026-10-08, 00:17:44, 22.25, 22.5, 22.62, 22.5, 9999.0, 22.75, 22.38, 22.25, 9999.0, 22.25, 9999.0, 22.5, 22.25, 22.25, 22.25, 22.0
2026-10-08, 00:17:48, 22.25, 22.38, 22.5, 22.5, 9999.0, 22.75, 22.5, 22.25, 9999.0, 22.12, 9999.0, 22.5, 22.38, 22.25, 22.25, 22.12
2026-10-08, 00:17:52, 22.25, 22.38, 22.5, 22.5, 9999.0, 22.75, 22.5, 22.25, 9999.0, 22.12, 9999.0, 22.5, 22.38, 22.12, 22.25, 22.25
2026-10-08, 00:17:56, 22.25, 22.5, 22.62, 22.5, 9999.0, 22.75, 22.5, 22.25, 9999.0, 22.12, 9999.0, 22.62, 22.25, 22.12, 22.25, 22.25
2026-10-08, 00:18:00, 22.25, 22.38, 22.75, 22.5, 9999.0, 22.75, 22.38, 22.25, 9999.0, 22.12, 9999.0, 22.75, 22.38, 22.25, 22.25, 22.25
2026-10-08, 00:18:04, 22.25, 22.38, 22.75, 22.5, 9999.0, 22.75, 22.38, 22.25, 9999.0, 22.38, 9999.0, 22.75, 22.5, 22.25, 22.25, 22.25
2026-10-08, 00:18:08, 22.25, 22.5, 22.75, 22.5, 9999.0, 22.75, 22.5, 22.25, 9999.0, 22.38, 9999.0, 22.75, 22.5, 22.25, 22.25, 22.25
2026-10-08, 00:18:12, 22.25, 22.38, 22.75, 22.5, 9999.0, 22.75, 22.5, 22.25, 9999.0, 22.25, 9999.0, 22.75, 22.5, 22.25, 22.25, 22.25
2026-10-08, 00:18:16, 22.25, 22.25, 22.75, 22.5, 9999.0, 22.62, 22.5, 22.25, 9999.0, 22.38, 9999.0, 22.75, 22.5, 22.25, 22.25, 22.25
2026-10-08, 00:18:20, 22.25, 22.25, 22.75, 22.5, 9999.0, 22.62, 22.38, 22.25, 9999.0, 22.5, 9999.0, 22.75, 22.5, 22.25, 22.25, 22.25
2026-10-08, 00:18:24, 22.25, 22.38, 22.75, 22.5, 9999.0, 22.62, 22.25, 22.25, 9999.0, 22.5, 9999.0, 22.75, 22.5, 22.25, 22.25, 22.12
2026-10-08, 00:18:28, 22.25, 22.5, 22.75, 22.5, 9999.0, 22.5, 22.25, 22.25, 9999.0, 22.38, 9999.0, 22.62, 22.5, 22.25, 22.25, 22.12
2026-10-08, 00:18:32, 22.25, 22.38, 22.62, 22.5, 9999.0, 22.5, 22.38, 22.25, 9999.0, 22.25, 9999.0, 22.5, 22.5, 22.25, 22.25, 22.25
2026-10-08, 00:18:36, 22.25, 22.25, 22.5, 22.5, 9999.0, 22.5, 22.38, 22.25, 9999.0, 22.25, 9999.0, 22.5, 22.5, 22.25, 22.25, 22.25
2026-10-08, 00:18:40, 22.25, 22.38, 22.62, 22.5, 9999.0, 22.5, 22.25, 22.25, 9999.0, 22.25, 9999.0, 22.5, 22.5, 22.25, 22.25, 22.25
2026-10-08, 00:18:44, 22.25, 22.5, 22.75, 22.5, 9999.0, 22.62, 22.25, 22.25, 9999.0, 22.25, 9999.0, 22.5, 22.5, 22.25, 22.25, 22.25
2026-10-08, 00:18:48, 22.25, 22.5, 22.75, 22.5, 9999.0, 22.75, 22.25, 22.25, 9999.0, 22.25, 9999.0, 22.5, 22.38, 22.25, 22.25, 22.25
2026-10-08, 00:18:52, 22.25, 22.38, 22.75, 22.5, 9999.0, 22.75, 22.25, 22.38, 9999.0, 22.25, 9999.0, 22.5, 22.38, 22.25, 22.25, 22.12
2026-10-08, 00:18:56, 22.25, 22.38, 22.75, 22.5, 9999.0, 22.75, 22.38, 22.5, 9999.0, 22.25, 9999.0, 22.5, 22.5, 22.25, 22.25, 22.12
2026-10-08, 00:19:00, 22.25, 22.38, 22.62, 22.5, 9999.0, 22.75, 22.38, 22.38, 9999.0, 22.25, 9999.0, 22.62, 22.5, 22.25, 22.25, 22.12
2026-10-08, 00:19:04, 22.25, 22.25, 22.62, 22.5, 9999.0, 22.75, 22.25, 22.25, 9999.0, 22.25, 9999.0, 22.75, 22.5, 22.25, 22.25, 22.12
2026-10-08, 00:19:08, 22.25, 22.38, 22.75, 22.5, 9999.0, 22.75, 22.38, 22.25, 9999.0, 22.12, 9999.0, 22.75, 22.5, 22.25, 22.25, 22.12
2026-10-08, 00:19:12, 22.25, 22.5, 22.75, 22.5, 9999.0, 22.75, 22.38, 22.38, 9999.0, 22.0, 9999.0, 22.75, 22.5, 22.25, 22.25, 22.12
2026-10-08, 00:19:16, 22.25, 22.5, 22.75, 22.5, 9999.0, 22.75, 22.38, 22.38, 9999.0, 22.12, 9999.0, 22.75, 22.5, 22.25, 22.25, 22.25
2026-10-08, 00:19:20, 22.25, 22.38, 22.75, 22.5, 9999.0, 22.75, 22.5, 22.38, 9999.0, 22.25, 9999.0, 22.75, 22.5, 22.25, 22.25, 22.25
2026-10-08, 00:19:24, 22.25, 22.38, 22.75, 22.62, 9999.0, 22.75, 22.5, 22.5, 9999.0, 22.25, 9999.0, 22.75, 22.5, 22.25, 22.25, 22.25
2026-10-08, 00:19:28, 22.25, 22.5, 22.75, 22.75, 9999.0, 22.75, 22.5, 22.38, 9999.0, 22.38, 9999.0, 22.75, 22.5, 22.25, 22.25, 22.25
2026-10-08, 00:19:32, 22.25, 22.5, 22.75, 22.62, 9999.0, 22.62, 22.38, 22.25, 9999.0, 22.5, 9999.0, 22.75, 22.5, 22.25, 22.25, 22.25
2026-10-08, 00:19:36, 22.25, 22.5, 22.75, 22.5, 9999.0, 22.62, 22.38, 22.25, 9999.0, 22.38, 9999.0, 22.75, 22.5, 22.25, 22.25, 22.25
2026-10-08, 00:19:40, 22.25, 22.5, 22.75, 22.5, 9999.0, 22.62, 22.5, 22.25, 9999.0, 22.25, 9999.0, 22.75, 22.5, 22.25, 22.25, 22.25
2026-10-08, 00:19:44, 22.25, 22.5, 22.75, 22.5, 9999.0, 22.5, 22.38, 22.25, 9999.0, 22.25, 9999.0, 22.62, 22.5, 22.25, 22.25, 22.12
2026-10-08, 00:19:48, 22.25, 22.38, 22.75, 22.5, 9999.0, 22.5, 22.25, 22.25, 9999.0, 22.25, 9999.0, 22.5, 22.38, 22.25, 22.25, 22.12
2026-10-08, 00:19:52, 22.25, 22.38, 22.75, 22.5, 9999.0, 22.5, 22.25, 22.25, 9999.0, 22.25, 9999.0, 22.5, 22.38, 22.25, 22.25, 22.25
2026-10-08, 00:19:56, 22.25, 22.5, 22.75, 22.5, 9999.0, 22.62, 22.25, 22.38, 9999.0, 22.25, 9999.0, 22.5, 22.5, 22.25, 22.25, 22.25
2026-10-08, 00:20:00, 22.25, 22.5, 22.75, 22.5, 9999.0, 22.75, 22.25, 22.38, 9999.0, 22.25, 9999.0, 22.5, 22.5, 22.25, 22.25, 22.25
2026-10-08, 00:20:04, 22.25, 22.5, 22.75, 22.5, 9999.0, 22.88, 22.38, 22.38, 9999.0, 22.25, 9999.0, 22.5, 22.5, 22.25, 22.25, 22.25
2026-10-08, 00:20:08, 22.25, 22.5, 22.75, 22.5, 9999.0, 22.88, 22.5, 22.5, 9999.0, 22.25, 9999.0, 22.62, 22.5, 22.25, 22.25, 22.25
2026-10-08, 00:20:12, 22.25, 22.5, 22.75, 22.5, 9999.0, 22.75, 22.38, 22.38, 9999.0, 22.25, 9999.0, 22.75, 22.5, 22.25, 22.25, 22.25
2026-10-08, 00:20:16, 22.25, 22.5, 22.75, 22.5, 9999.0, 22.75, 22.38, 22.25, 9999.0, 22.25, 9999.0, 22.75, 22.5, 22.25, 22.25, 22.25
2026-10-08, 00:20:20, 22.25, 22.5, 22.75, 22.5, 9999.0, 22.75, 22.38, 22.25, 9999.0, 22.25, 9999.0, 22.75, 22.5, 22.25, 22.25, 22.25
2026-10-08, 00:20:24, 22.25, 22.5, 22.75, 22.62, 9999.0, 22.75, 22.38, 22.38, 9999.0, 22.25, 9999.0, 22.75, 22.5, 22.25, 22.25, 22.25
2026-10-08, 00:20:28, 22.25, 22.5, 22.75, 22.75, 9999.0, 22.75, 22.5, 22.38, 9999.0, 22.25, 9999.0, 22.75, 22.5, 22.25, 22.25, 22.25
2026-10-08, 00:20:32, 22.25, 22.5, 22.75, 22.62, 9999.0, 22.75, 22.5, 22.38, 9999.0, 22.25, 9999.0, 22.75, 22.5, 22.25, 22.25, 22.25
2026-10-08, 00:20:36, 22.25, 22.5, 22.75, 22.5, 9999.0, 22.75, 22.38, 22.5, 9999.0, 22.38, 9999.0, 22.75, 22.5, 22.25, 22.25, 22.25
2026-10-08, 00:20:40, 22.25, 22.5, 22.75, 22.5, 9999.0, 22.75, 22.25, 22.5, 9999.0, 22.5, 9999.0, 22.75, 22.5, 22.25, 22.38, 22.25
2026-10-08, 00:20:44, 22.38, 22.5, 22.75, 22.62, 9999.0, 22.75, 22.25, 22.5, 9999.0, 22.5, 9999.0, 22.75, 22.5, 22.25, 22.38, 22.25
2026-10-08, 00:20:48, 22.38, 22.5, 22.75, 22.75, 9999.0, 22.62, 22.38, 22.5, 9999.0, 22.5, 9999.0, 22.75, 22.5, 22.25, 22.38, 22.25
2026-10-08, 00:20:52, 22.25, 22.5, 22.75, 22.62, 9999.0, 22.5, 22.5, 22.38, 9999.0, 22.38, 9999.0, 22.62, 22.5, 22.25, 22.38, 22.25
2026-10-08, 00:20:56, 22.25, 22.5, 22.75, 22.62, 9999.0, 22.5, 22.38, 22.25, 9999.0, 22.25, 9999.0, 22.62, 22.5, 22.25, 22.38, 22.25
2026-10-08, 00:21:00, 22.25, 22.5, 22.75, 22.75, 9999.0, 22.5, 22.38, 22.38, 9999.0, 22.25, 9999.0, 22.75, 22.5, 22.25, 22.38, 22.25
2026-10-08, 00:21:04, 22.25, 22.5, 22.75, 22.62, 9999.0, 22.62, 22.38, 22.38, 9999.0, 22.25, 9999.0, 22.62, 22.5, 22.25, 22.25, 22.25
2026-10-08, 00:21:08, 22.25, 22.38, 22.75, 22.62, 9999.0, 22.75, 22.25, 22.25, 9999.0, 22.25, 9999.0, 22.5, 22.5, 22.25, 22.25, 22.25
2026-10-08, 00:21:12, 22.25, 22.38, 22.75, 22.62, 9999.0, 22.75, 22.25, 22.38, 9999.0, 22.25, 9999.0, 22.5, 22.5, 22.25, 22.38, 22.25
2026-10-08, 00:21:16, 22.25, 22.5, 22.75, 22.62, 9999.0, 22.75, 22.38, 22.38, 9999.0, 22.25, 9999.0, 22.5, 22.5, 22.25, 22.38, 22.25
2026-10-08, 00:21:20, 22.38, 22.5, 22.75, 22.62, 9999.0, 22.75, 22.5, 22.38, 9999.0, 22.25, 9999.0, 22.62, 22.5, 22.25, 22.38, 22.25
2026-10-08, 00:21:24, 22.38, 22.5, 22.75, 22.62, 9999.0, 22.75, 22.38, 22.5, 9999.0, 22.25, 9999.0, 22.75, 22.5, 22.25, 22.38, 22.25
2026-10-08, 00:21:29, 22.38, 22.5, 22.75, 22.75, 9999.0, 22.75, 22.38, 22.5, 9999.0, 22.25, 9999.0, 22.75, 22.5, 22.25, 22.38, 22.25
2026-10-08, 00:21:33, 22.38, 22.5, 22.75, 22.75, 9999.0, 22.75, 22.5, 22.5, 9999.0, 22.25, 9999.0, 22.75, 22.5, 22.25, 22.38, 22.25
2026-10-08, 00:21:37, 22.38, 22.5, 22.75, 22.62, 9999.0, 22.75, 22.5, 22.5, 9999.0, 22.12, 9999.0, 22.75, 22.5, 22.25, 22.25, 22.25
2026-10-08, 00:21:41, 22.38, 22.5, 22.75, 22.62, 9999.0, 22.75, 22.5, 22.5, 9999.0, 22.12, 9999.0, 22.75, 22.5, 22.25, 22.25, 22.25
2026-10-08, 00:21:45, 22.25, 22.5, 22.75, 22.75, 9999.0, 22.75, 22.5, 22.38, 9999.0, 22.25, 9999.0, 22.75, 22.5, 22.25, 22.38, 22.25
2026-10-08, 00:21:49, 22.25, 22.5, 22.75, 22.62, 9999.0, 22.75, 22.5, 22.38, 9999.0, 22.38, 9999.0, 22.75, 22.5, 22.25, 22.5, 22.25
2026-10-08, 00:21:53, 22.25, 22.5, 22.75, 22.62, 9999.0, 22.75, 22.5, 22.38, 9999.0, 22.5, 9999.0, 22.75, 22.5, 22.25, 22.38, 22.25
2026-10-08, 00:21:57, 22.25, 22.5, 22.75, 22.75, 9999.0, 22.75, 22.5, 22.38, 9999.0, 22.5, 9999.0, 22.75, 22.5, 22.25, 22.38, 22.25
2026-10-08, 00:22:01, 22.25, 22.5, 22.75, 22.75, 9999.0, 22.75, 22.5, 22.38, 9999.0, 22.5, 9999.0, 22.75, 22.5, 22.25, 22.38, 22.25
2026-10-08, 00:22:05, 22.25, 22.5, 22.75, 22.75, 9999.0, 22.75, 22.38, 22.38, 9999.0, 22.5, 9999.0, 22.62, 22.5, 22.25, 22.25, 22.25
2026-10-08, 00:22:09, 22.25, 22.5, 22.75, 22.75, 9999.0, 22.62, 22.25, 22.5, 9999.0, 22.5, 9999.0, 22.5, 22.5, 22.25, 22.25, 22.25
2026-10-08, 00:22:13, 22.25, 22.5, 22.75, 22.75, 9999.0, 22.5, 22.38, 22.5, 9999.0, 22.5, 9999.0, 22.5, 22.5, 22.25, 22.25, 22.25
2026-10-08, 00:22:17, 22.25, 22.5, 22.75, 22.75, 9999.0, 22.62, 22.38, 22.5, 9999.0, 22.38, 9999.0, 22.5, 22.5, 22.25, 22.25, 22.25
2026-10-08, 00:22:21, 22.38, 22.5, 22.75, 22.75, 9999.0, 22.75, 22.25, 22.38, 9999.0, 22.25, 9999.0, 22.5, 22.5, 22.25, 22.25, 22.25
2026-10-08, 00:22:25, 22.38, 22.5, 22.75, 22.75, 9999.0, 22.75, 22.38, 22.38, 9999.0, 22.25, 9999.0, 22.5, 22.5, 22.25, 22.38, 22.25
2026-10-08, 00:22:29, 22.25, 22.5, 22.75, 22.75, 9999.0, 22.88, 22.38, 22.38, 9999.0, 22.25, 9999.0, 22.5, 22.5, 22.25, 22.38, 22.25
2026-10-08, 00:22:33, 22.25, 22.5, 22.75, 22.75, 9999.0, 22.88, 22.25, 22.38, 9999.0, 22.25, 9999.0, 22.62, 22.5, 22.25, 22.38, 22.25
2026-10-08, 00:22:37, 22.25, 22.5, 22.75, 22.75, 9999.0, 22.75, 22.38, 22.5, 9999.0, 22.25, 9999.0, 22.75, 22.5, 22.25, 22.5, 22.25
2026-10-08, 00:22:41, 22.38, 22.5, 22.75, 22.75, 9999.0, 22.75, 22.38, 22.5, 9999.0, 22.12, 9999.0, 22.75, 22.5, 22.25, 22.5, 22.25
2026-10-08, 00:22:45, 22.38, 22.5, 22.75, 22.75, 9999.0, 22.75, 22.25, 22.5, 9999.0, 22.12, 9999.0, 22.75, 22.5, 22.25, 22.38, 22.25
2026-10-08, 00:22:49, 22.25, 22.5, 22.75, 22.75, 9999.0, 22.75, 22.38, 22.5, 9999.0, 22.12, 9999.0, 22.75, 22.5, 22.25, 22.38, 22.25
2026-10-08, 00:22:53, 22.25, 22.5, 22.75, 22.75, 9999.0, 22.75, 22.5, 22.38, 9999.0, 22.12, 9999.0, 22.75, 22.5, 22.25, 22.38, 22.25
2026-10-08, 00:22:57, 22.25, 22.5, 22.75, 22.62, 9999.0, 22.75, 22.5, 22.38, 9999.0, 22.25, 9999.0, 22.75, 22.5, 22.25, 22.25, 22.25
2026-10-08, 00:23:01, 22.25, 22.5, 22.75, 22.5, 9999.0, 22.75, 22.5, 22.5, 9999.0, 22.38, 9999.0, 22.75, 22.5, 22.25, 22.38, 22.25
2026-10-08, 00:23:05, 22.38, 22.5, 22.75, 22.62, 9999.0, 22.75, 22.38, 22.38, 9999.0, 22.5, 9999.0, 22.75, 22.5, 22.25, 22.38, 22.25
2026-10-08, 00:23:09, 22.38, 22.5, 22.75, 22.75, 9999.0, 22.75, 22.38, 22.38, 9999.0, 22.5, 9999.0, 22.75, 22.5, 22.25, 22.25, 22.25
2026-10-08, 00:23:13, 22.25, 22.5, 22.75, 22.75, 9999.0, 22.75, 22.5, 22.5, 9999.0, 22.5, 9999.0, 22.75, 22.5, 22.25, 22.25, 22.25
2026-10-08, 00:23:17, 22.25, 22.5, 22.75, 22.62, 9999.0, 22.62, 22.38, 22.5, 9999.0, 22.38, 9999.0, 22.75, 22.5, 22.25, 22.25, 22.25
2026-10-08, 00:23:21, 22.25, 22.5, 22.75, 22.62, 9999.0, 22.5, 22.25, 22.38, 9999.0, 22.25, 9999.0, 22.75, 22.5, 22.25, 22.25, 22.25
2026-10-08, 00:23:25, 22.38, 22.5, 22.75, 22.75, 9999.0, 22.5, 22.25, 22.25, 9999.0, 22.38, 9999.0, 22.62, 22.5, 22.25, 22.25, 22.25
2026-10-08, 00:23:29, 22.38, 22.5, 22.75, 22.62, 9999.0, 22.62, 22.25, 22.25, 9999.0, 22.38, 9999.0, 22.5, 22.5, 22.25, 22.25, 22.25
2026-10-08, 00:23:33, 22.25, 22.38, 22.75, 22.62, 9999.0, 22.75, 22.25, 22.25, 9999.0, 22.25, 9999.0, 22.5, 22.5, 22.25, 22.25, 22.25
2026-10-08, 00:23:37, 22.25, 22.25, 22.75, 22.62, 9999.0, 22.75, 22.38, 22.38, 9999.0, 22.25, 9999.0, 22.5, 22.5, 22.25, 22.25, 22.25
2026-10-08, 00:23:41, 22.25, 22.38, 22.75, 22.5, 9999.0, 22.75, 22.5, 22.5, 9999.0, 22.25, 9999.0, 22.5, 22.5, 22.25, 22.38, 22.25
2026-10-08, 00:23:45, 22.38, 22.38, 22.75, 22.5, 9999.0, 22.75, 22.5, 22.5, 9999.0, 22.25, 9999.0, 22.62, 22.5, 22.25, 22.38, 22.25
2026-10-08, 00:23:49, 22.38, 22.38, 22.75, 22.62, 9999.0, 22.75, 22.5, 22.5, 9999.0, 22.25, 9999.0, 22.75, 22.5, 22.25, 22.25, 22.25
2026-10-08, 00:23:53, 22.25, 22.38, 22.75, 22.62, 9999.0, 22.75, 22.38, 22.38, 9999.0, 22.25, 9999.0, 22.75, 22.5, 22.25, 22.25, 22.25
2026-10-08, 00:23:57, 22.25, 22.38, 22.75, 22.5, 9999.0, 22.75, 22.25, 22.25, 9999.0, 22.25, 9999.0, 22.75, 22.5, 22.25, 22.25, 22.25
2026-10-08, 00:24:01, 22.25, 22.5, 22.75, 22.62, 9999.0, 22.75, 22.25, 22.38, 9999.0, 22.25, 9999.0, 22.75, 22.5, 22.25, 22.25, 22.25
2026-10-08, 00:24:05, 22.25, 22.5, 22.75, 22.62, 9999.0, 22.75, 22.38, 22.38, 9999.0, 22.38, 9999.0, 22.75, 22.5, 22.25, 22.38, 22.25
2026-10-08, 00:24:09, 22.25, 22.38, 22.75, 22.5, 9999.0, 22.75, 22.38, 22.25, 9999.0, 22.38, 9999.0, 22.75, 22.5, 22.25, 22.38, 22.25
2026-10-08, 00:24:13, 22.25, 22.25, 22.75, 22.5, 9999.0, 22.62, 22.25, 22.38, 9999.0, 22.38, 9999.0, 22.75, 22.5, 22.25, 22.25, 22.25
2026-10-08, 00:24:17, 22.25, 22.38, 22.75, 22.62, 9999.0, 22.5, 22.38, 22.38, 9999.0, 22.5, 9999.0, 22.75, 22.5, 22.25, 22.38, 22.25
2026-10-08, 00:24:21, 22.25, 22.5, 22.75, 22.75, 9999.0, 22.5, 22.38, 22.25, 9999.0, 22.5, 9999.0, 22.62, 22.5, 22.25, 22.38, 22.25
2026-10-08, 00:24:25, 22.25, 22.5, 22.75, 22.75, 9999.0, 22.5, 22.38, 22.25, 9999.0, 22.5, 9999.0, 22.62, 22.5, 22.25, 22.38, 22.25
2026-10-08, 00:24:29, 22.25, 22.5, 22.75, 22.62, 9999.0, 22.5, 22.38, 22.38, 9999.0, 22.5, 9999.0, 22.75, 22.5, 22.25, 22.38, 22.25
2026-10-08, 00:24:33, 22.25, 22.5, 22.75, 22.62, 9999.0, 22.62, 22.38, 22.38, 9999.0, 22.5, 9999.0, 22.75, 22.5, 22.25, 22.25, 22.25
2026-10-08, 00:24:37, 22.25, 22.5, 22.75, 22.75, 9999.0, 22.62, 22.38, 22.25, 9999.0, 22.5, 9999.0, 22.62, 22.5, 22.25, 22.25, 22.25
2026-10-08, 00:24:41, 22.25, 22.38, 22.75, 22.62, 9999.0, 22.62, 22.25, 22.38, 9999.0, 22.5, 9999.0, 22.5, 22.5, 22.25, 22.38, 22.25
2026-10-08, 00:24:45, 22.25, 22.38, 22.75, 22.62, 9999.0, 22.75, 22.38, 22.5, 9999.0, 22.5, 9999.0, 22.5, 22.5, 22.25, 22.5, 22.25
2026-10-08, 00:24:49, 22.25, 22.5, 22.75, 22.75, 9999.0, 22.75, 22.38, 22.5, 9999.0, 22.5, 9999.0, 22.5, 22.5, 22.25, 22.38, 22.25
2026-10-08, 00:24:53, 22.38, 22.5, 22.75, 22.62, 9999.0, 22.75, 22.38, 22.38, 9999.0, 22.5, 9999.0, 22.5, 22.5, 22.25, 22.25, 22.25
2026-10-08, 00:24:57, 22.38, 22.5, 22.75, 22.5, 9999.0, 22.75, 22.38, 22.38, 9999.0, 22.38, 9999.0, 22.62, 22.5, 22.25, 22.25, 22.25
2026-10-08, 00:25:01, 22.25, 22.5, 22.75, 22.5, 9999.0, 22.75, 22.25, 22.5, 9999.0, 22.25, 9999.0, 22.75, 22.5, 22.25, 22.25, 22.25
2026-10-08, 00:25:05, 22.25, 22.5, 22.75, 22.62, 9999.0, 22.75, 22.25, 22.38, 9999.0, 22.25, 9999.0, 22.75, 22.5, 22.25, 22.25, 22.25
2026-10-08, 00:25:09, 22.38, 22.5, 22.75, 22.75, 9999.0, 22.75, 22.38, 22.25, 9999.0, 22.25, 9999.0, 22.75, 22.5, 22.25, 22.25, 22.25
2026-10-08, 00:25:13, 22.38, 22.5, 22.75, 22.62, 9999.0, 22.75, 22.5, 22.38, 9999.0, 22.25, 9999.0, 22.75, 22.5, 22.25, 22.25, 22.25
2026-10-08, 00:25:18, 22.25, 22.5, 22.75, 22.5, 9999.0, 22.75, 22.5, 22.38, 9999.0, 22.38, 9999.0, 22.75, 22.5, 22.25, 22.25, 22.25
2026-10-08, 00:25:22, 22.25, 22.5, 22.75, 22.5, 9999.0, 22.75, 22.5, 22.38, 9999.0, 22.5, 9999.0, 22.75, 22.5, 22.25, 22.25, 22.25
2026-10-08, 00:25:26, 22.25, 22.5, 22.75, 22.5, 9999.0, 22.75, 22.38, 22.38, 9999.0, 22.62, 9999.0, 22.75, 22.5, 22.25, 22.25, 22.25
2026-10-08, 00:25:30, 22.38, 22.5, 22.75, 22.62, 9999.0, 22.75, 22.25, 22.25, 9999.0, 22.62, 9999.0, 22.75, 22.5, 22.25, 22.25, 22.25
2026-10-08, 00:25:34, 22.38, 22.5, 22.75, 22.75, 9999.0, 22.75, 22.38, 22.25, 9999.0, 22.62, 9999.0, 22.75, 22.5, 22.25, 22.38, 22.25
2026-10-08, 00:25:38, 22.25, 22.5, 22.75, 22.62, 9999.0, 22.62, 22.5, 22.25, 9999.0, 22.62, 9999.0, 22.75, 22.5, 22.25, 22.38, 22.25
2026-10-08, 00:25:42, 22.25, 22.5, 22.75, 22.5, 9999.0, 22.5, 22.38, 22.25, 9999.0, 22.5, 9999.0, 22.62, 22.5, 22.25, 22.38, 22.25
2026-10-08, 00:25:46, 22.25, 22.5, 22.75, 22.62, 9999.0, 22.5, 22.38, 22.38, 9999.0, 22.5, 9999.0, 22.5, 22.5, 22.25, 22.38, 22.25
2026-10-08, 00:25:50, 22.25, 22.5, 22.75, 22.62, 9999.0, 22.5, 22.5, 22.5, 9999.0, 22.5, 9999.0, 22.62, 22.5, 22.25, 22.25, 22.25
2026-10-08, 00:25:54, 22.38, 22.5, 22.75, 22.62, 9999.0, 22.62, 22.38, 22.38, 9999.0, 22.38, 9999.0, 22.62, 22.5, 22.25, 22.25, 22.25
2026-10-08, 00:25:58, 22.38, 22.5, 22.75, 22.62, 9999.0, 22.75, 22.25, 22.25, 9999.0, 22.38, 9999.0, 22.5, 22.5, 22.25, 22.25, 22.25
2026-10-08, 00:26:02, 22.25, 22.5, 22.75, 22.5, 9999.0, 22.75, 22.38, 22.25, 9999.0, 22.38, 9999.0, 22.5, 22.5, 22.25, 22.25, 22.25
2026-10-08, 00:26:06, 22.25, 22.5, 22.75, 22.5, 9999.0, 22.88, 22.38, 22.38, 9999.0, 22.25, 9999.0, 22.5, 22.5, 22.25, 22.25, 22.25
2026-10-08, 00:26:10, 22.25, 22.5, 22.75, 22.5, 9999.0, 22.88, 22.38, 22.5, 9999.0, 22.25, 9999.0, 22.62, 22.38, 22.25, 22.25, 22.25
2026-10-08, 00:26:14, 22.25, 22.5, 22.75, 22.62, 9999.0, 22.75, 22.38, 22.5, 9999.0, 22.25, 9999.0, 22.75, 22.38, 22.25, 22.38, 22.25
2026-10-08, 00:26:18, 22.25, 22.5, 22.75, 22.62, 9999.0, 22.75, 22.38, 22.38, 9999.0, 22.25, 9999.0, 22.75, 22.5, 22.25, 22.38, 22.25
2026-10-08, 00:26:22, 22.25, 22.5, 22.75, 22.62, 9999.0, 22.75, 22.5, 22.25, 9999.0, 22.25, 9999.0, 22.75, 22.5, 22.25, 22.25, 22.25
2026-10-08, 00:26:26, 22.25, 22.38, 22.75, 22.62, 9999.0, 22.75, 22.5, 22.38, 9999.0, 22.25, 9999.0, 22.75, 22.5, 22.25, 22.25, 22.25
2026-10-08, 00:26:30, 22.25, 22.38, 22.75, 22.5, 9999.0, 22.75, 22.38, 22.5, 9999.0, 22.38, 9999.0, 22.75, 22.5, 22.25, 22.25, 22.25
2026-10-08, 00:26:34, 22.25, 22.5, 22.75, 22.62, 9999.0, 22.75, 22.38, 22.38, 9999.0, 22.5, 9999.0, 22.75, 22.5, 22.25, 22.25, 22.25
2026-10-08, 00:26:38, 22.25, 22.38, 22.75, 22.62, 9999.0, 22.75, 22.38, 22.25, 9999.0, 22.5, 9999.0, 22.75, 22.5, 22.25, 22.38, 22.25
2026-10-08, 00:26:42, 22.38, 22.25, 22.75, 22.5, 9999.0, 22.62, 22.38, 22.25, 9999.0, 22.62, 9999.0, 22.75, 22.5, 22.25, 22.5, 22.25
2026-10-08, 00:26:46, 22.38, 22.25, 22.75, 22.5, 9999.0, 22.62, 22.38, 22.38, 9999.0, 22.62, 9999.0, 22.75, 22.5, 22.25, 22.5, 22.25
2026-10-08, 00:26:50, 22.25, 22.38, 22.75, 22.5, 9999.0, 22.62, 22.25, 22.5, 9999.0, 22.5, 9999.0, 22.62, 22.5, 22.25, 22.38, 22.25
2026-10-08, 00:26:54, 22.25, 22.5, 22.75, 22.5, 9999.0, 22.62, 22.25, 22.5, 9999.0, 22.5, 9999.0, 22.5, 22.5, 22.25, 22.25, 22.25
2026-10-08, 00:26:58, 22.25, 22.38, 22.75, 22.62, 9999.0, 22.62, 22.38, 22.38, 9999.0, 22.5, 9999.0, 22.62, 22.5, 22.25, 22.25, 22.25
2026-10-08, 00:27:02, 22.25, 22.25, 22.75, 22.62, 9999.0, 22.5, 22.38, 22.25, 9999.0, 22.5, 9999.0, 22.62, 22.5, 22.25, 22.25, 22.25
2026-10-08, 00:27:06, 22.25, 22.38, 22.75, 22.5, 9999.0, 22.62, 22.38, 22.25, 9999.0, 22.5, 9999.0, 22.5, 22.5, 22.25, 22.25, 22.25
2026-10-08, 00:27:10, 22.25, 22.38, 22.75, 22.5, 9999.0, 22.75, 22.38, 22.25, 9999.0, 22.5, 9999.0, 22.5, 22.5, 22.25, 22.25, 22.25
2026-10-08, 00:27:14, 22.25, 22.38, 22.75, 22.5, 9999.0, 22.75, 22.38, 22.38, 9999.0, 22.5, 9999.0, 22.5, 22.38, 22.25, 22.25, 22.25
2026-10-08, 00:27:18, 22.25, 22.5, 22.75, 22.5, 9999.0, 22.75, 22.38, 22.38, 9999.0, 22.5, 9999.0, 22.5, 22.38, 22.25, 22.38, 22.25
2026-10-08, 00:27:22, 22.25, 22.5, 22.75, 22.5, 9999.0, 22.75, 22.38, 22.38, 9999.0, 22.38, 9999.0, 22.62, 22.5, 22.25, 22.38, 22.25
2026-10-08, 00:27:26, 22.25, 22.38, 22.75, 22.5, 9999.0, 22.75, 22.38, 22.38, 9999.0, 22.25, 9999.0, 22.75, 22.5, 22.25, 22.25, 22.25
2026-10-08, 00:27:30, 22.25, 22.38, 22.75, 22.5, 9999.0, 22.75, 22.25, 22.25, 9999.0, 22.25, 9999.0, 22.75, 22.5, 22.25, 22.25, 22.25
2026-10-08, 00:27:34, 22.25, 22.5, 22.75, 22.5, 9999.0, 22.75, 22.38, 22.25, 9999.0, 22.25, 9999.0, 22.75, 22.5, 22.25, 22.25, 22.25
2026-10-08, 00:27:38, 22.25, 22.5, 22.75, 22.5, 9999.0, 22.75, 22.38, 22.38, 9999.0, 22.25, 9999.0, 22.75, 22.5, 22.25, 22.25, 22.25
2026-10-08, 00:27:42, 22.25, 22.5, 22.75, 22.62, 9999.0, 22.75, 22.25, 22.5, 9999.0, 22.38, 9999.0, 22.75, 22.5, 22.25, 22.25, 22.25
2026-10-08, 00:27:46, 22.25, 22.5, 22.75, 22.62, 9999.0, 22.75, 22.38, 22.38, 9999.0, 22.5, 9999.0, 22.75, 22.5, 22.25, 22.25, 22.25
2026-10-08, 00:27:50, 22.25, 22.38, 22.75, 22.5, 9999.0, 22.62, 22.5, 22.25, 9999.0, 22.62, 9999.0, 22.75, 22.5, 22.25, 22.25, 22.25
2026-10-08, 00:27:54, 22.25, 22.38, 22.75, 22.62, 9999.0, 22.62, 22.5, 22.25, 9999.0, 22.75, 9999.0, 22.75, 22.5, 22.25, 22.25, 22.25
2026-10-08, 00:27:58, 22.25, 22.38, 22.75, 22.62, 9999.0, 22.75, 22.38, 22.25, 9999.0, 22.75, 9999.0, 22.75, 22.5, 22.25, 22.38, 22.25
2026-10-08, 00:28:02, 22.25, 22.38, 22.75, 22.5, 9999.0, 22.62, 22.38, 22.25, 9999.0, 22.62, 9999.0, 22.75, 22.5, 22.25, 22.38, 22.25
2026-10-08, 00:28:06, 22.25, 22.38, 22.75, 22.5, 9999.0, 22.5, 22.38, 22.25, 9999.0, 22.62, 9999.0, 22.75, 22.5, 22.25, 22.38, 22.25
2026-10-08, 00:28:10, 22.25, 22.38, 22.75, 22.62, 9999.0, 22.5, 22.25, 22.25, 9999.0, 22.62, 9999.0, 22.62, 22.5, 22.25, 22.5, 22.25
2026-10-08, 00:28:14, 22.25, 22.5, 22.75, 22.62, 9999.0, 22.5, 22.38, 22.25, 9999.0, 22.5, 9999.0, 22.62, 22.5, 22.25, 22.38, 22.25
2026-10-08, 00:28:18, 22.25, 22.38, 22.62, 22.5, 9999.0, 22.62, 22.38, 22.25, 9999.0, 22.5, 9999.0, 22.62, 22.5, 22.25, 22.38, 22.25
2026-10-08, 00:28:22, 22.25, 22.25, 22.62, 22.5, 9999.0, 22.75, 22.25, 22.38, 9999.0, 22.5, 9999.0, 22.5, 22.5, 22.25, 22.38, 22.25
2026-10-08, 00:28:26, 22.25, 22.38, 22.75, 22.5, 9999.0, 22.75, 22.38, 22.38, 9999.0, 22.5, 9999.0, 22.5, 22.5, 22.25, 22.25, 22.25
2026-10-08, 00:28:30, 22.25, 22.38, 22.75, 22.5, 9999.0, 22.75, 22.5, 22.25, 9999.0, 22.5, 9999.0, 22.5, 22.5, 22.25, 22.25, 22.25
2026-10-08, 00:28:34, 22.25, 22.25, 22.75, 22.5, 9999.0, 22.75, 22.38, 22.38, 9999.0, 22.5, 9999.0, 22.62, 22.38, 22.25, 22.25, 22.25
2026-10-08, 00:28:38, 22.38, 22.38, 22.75, 22.5, 9999.0, 22.75, 22.25, 22.38, 9999.0, 22.5, 9999.0, 22.62, 22.25, 22.25, 22.25, 22.25
2026-10-08, 00:28:42, 22.38, 22.5, 22.75, 22.62, 9999.0, 22.75, 22.25, 22.25, 9999.0, 22.5, 9999.0, 22.62, 22.38, 22.25, 22.25, 22.25
2026-10-08, 00:28:46, 22.25, 22.5, 22.75, 22.62, 9999.0, 22.75, 22.38, 22.25, 9999.0, 22.5, 9999.0, 22.75, 22.5, 22.25, 22.38, 22.25
2026-10-08, 00:28:50, 22.25, 22.38, 22.75, 22.5, 9999.0, 22.75, 22.5, 22.25, 9999.0, 22.5, 9999.0, 22.75, 22.5, 22.25, 22.38, 22.25
2026-10-08, 00:28:54, 22.25, 22.25, 22.75, 22.5, 9999.0, 22.75, 22.38, 22.25, 9999.0, 22.5, 9999.0, 22.75, 22.5, 22.25, 22.25, 22.25
2026-10-08, 00:28:58, 22.25, 22.38, 22.75, 22.5, 9999.0, 22.75, 22.38, 22.25, 9999.0, 22.5, 9999.0, 22.75, 22.5, 22.25, 22.25, 22.25
2026-10-08, 00:29:02, 22.25, 22.5, 22.75, 22.5, 9999.0, 22.62, 22.5, 22.25, 9999.0, 22.62, 9999.0, 22.75, 22.5, 22.25, 22.25, 22.25
2026-10-08, 00:29:06, 22.25, 22.5, 22.75, 22.5, 9999.0, 22.62, 22.38, 22.25, 9999.0, 22.75, 9999.0, 22.75, 22.5, 22.25, 22.25, 22.25
2026-10-08, 00:29:11, 22.38, 22.38, 22.75, 22.5, 9999.0, 22.62, 22.25, 22.25, 9999.0, 22.75, 9999.0, 22.75, 22.5, 22.25, 22.38, 22.25
2026-10-08, 00:29:15, 22.38, 22.38, 22.75, 22.5, 9999.0, 22.62, 22.38, 22.25, 9999.0, 22.75, 9999.0, 22.62, 22.5, 22.25, 22.5, 22.25
2026-10-08, 00:29:19, 22.25, 22.5, 22.75, 22.5, 9999.0, 22.75, 22.38, 22.25, 9999.0, 22.75, 9999.0, 22.5, 22.5, 22.25, 22.38, 22.25
2026-10-08, 00:29:23, 22.25, 22.38, 22.75, 22.5, 9999.0, 22.62, 22.25, 22.38, 9999.0, 22.62, 9999.0, 22.5, 22.5, 22.25, 22.25, 22.25
2026-10-08, 00:29:27, 22.25, 22.38, 22.75, 22.5, 9999.0, 22.5, 22.38, 22.38, 9999.0, 22.5, 9999.0, 22.5, 22.5, 22.25, 22.25, 22.25
2026-10-08, 00:29:31, 22.25, 22.5, 22.75, 22.5, 9999.0, 22.62, 22.38, 22.25, 9999.0, 22.5, 9999.0, 22.5, 22.5, 22.25, 22.25, 22.25
2026-10-08, 00:29:35, 22.25, 22.38, 22.75, 22.5, 9999.0, 22.75, 22.25, 22.25, 9999.0, 22.5, 9999.0, 22.5, 22.5, 22.25, 22.25, 22.25
2026-10-08, 00:29:39, 22.25, 22.38, 22.75, 22.62, 9999.0, 22.75, 22.38, 22.25, 9999.0, 22.5, 9999.0, 22.5, 22.5, 22.25, 22.25, 22.25
2026-10-08, 00:29:43, 22.25, 22.5, 22.75, 22.75, 9999.0, 22.75, 22.5, 22.38, 9999.0, 22.5, 9999.0, 22.5, 22.5, 22.25, 22.25, 22.25
2026-10-08, 00:29:47, 22.25, 22.5, 22.62, 22.62, 9999.0, 22.75, 22.38, 22.38, 9999.0, 22.5, 9999.0, 22.62, 22.5, 22.25, 22.25, 22.25
2026-10-08, 00:29:51, 22.25, 22.5, 22.62, 22.5, 9999.0, 22.75, 22.38, 22.25, 9999.0, 22.5, 9999.0, 22.75, 22.5, 22.25, 22.25, 22.25
2026-10-08, 00:29:55, 22.25, 22.5, 22.62, 22.62, 9999.0, 22.75, 22.5, 22.25, 9999.0, 22.5, 9999.0, 22.75, 22.5, 22.25, 22.25, 22.25
2026-10-08, 00:29:59, 22.25, 22.38, 22.5, 22.75, 9999.0, 22.75, 22.5, 22.25, 9999.0, 22.5, 9999.0, 22.75, 22.5, 22.25, 22.25, 22.25
2026-10-08, 00:30:03, 22.38, 22.38, 22.62, 22.62, 9999.0, 22.75, 22.38, 22.38, 9999.0, 22.62, 9999.0, 22.75, 22.5, 22.25, 22.25, 22.25
2026-10-08, 00:30:07, 22.38, 22.5, 22.62, 22.5, 9999.0, 22.75, 22.25, 22.38, 9999.0, 22.75, 9999.0, 22.75, 22.5, 22.25, 22.25, 22.12
2026-10-08, 00:30:11, 22.25, 22.5, 22.62, 22.5, 9999.0, 22.75, 22.25, 22.25, 9999.0, 22.75, 9999.0, 22.75, 22.5, 22.25, 22.25, 22.12
2026-10-08, 00:30:15, 22.25, 22.5, 22.62, 22.5, 9999.0, 22.75, 22.38, 22.25, 9999.0, 22.75, 9999.0, 22.75, 22.5, 22.25, 22.25, 22.25
2026-10-08, 00:30:19, 22.38, 22.5, 22.62, 22.5, 9999.0, 22.75, 22.38, 22.25, 9999.0, 22.75, 9999.0, 22.75, 22.5, 22.25, 22.38, 22.25
2026-10-08, 00:30:23, 22.38, 22.5, 22.75, 22.5, 9999.0, 22.62, 22.38, 22.25, 9999.0, 22.75, 9999.0, 22.75, 22.5, 22.25, 22.38, 22.25
2026-10-08, 00:30:27, 22.25, 22.38, 22.75, 22.5, 9999.0, 22.5, 22.38, 22.38, 9999.0, 22.75, 9999.0, 22.75, 22.5, 22.25, 22.25, 22.25
2026-10-08, 00:30:31, 22.25, 22.38, 22.62, 22.62, 9999.0, 22.5, 22.25, 22.38, 9999.0, 22.75, 9999.0, 22.62, 22.5, 22.25, 22.25, 22.25
2026-10-08, 00:30:35, 22.25, 22.5, 22.5, 22.62, 9999.0, 22.5, 22.25, 22.25, 9999.0, 22.75, 9999.0, 22.5, 22.5, 22.25, 22.25, 22.25
2026-10-08, 00:30:39, 22.25, 22.38, 22.62, 22.5, 9999.0, 22.5, 22.25, 22.25, 9999.0, 22.75, 9999.0, 22.5, 22.38, 22.25, 22.25, 22.12
2026-10-08, 00:30:43, 22.25, 22.25, 22.75, 22.5, 9999.0, 22.62, 22.38, 22.38, 9999.0, 22.75, 9999.0, 22.5, 22.25, 22.25, 22.25, 22.12
2026-10-08, 00:30:47, 22.25, 22.25, 22.75, 22.5, 9999.0, 22.75, 22.38, 22.38, 9999.0, 22.62, 9999.0, 22.5, 22.38, 22.25, 22.25, 22.12
2026-10-08, 00:30:51, 22.25, 22.38, 22.62, 22.5, 9999.0, 22.75, 22.38, 22.25, 9999.0, 22.62, 9999.0, 22.5, 22.5, 22.25, 22.25, 22.12
2026-10-08, 00:30:55, 22.25, 22.38, 22.62, 22.5, 9999.0, 22.75, 22.5, 22.25, 9999.0, 22.75, 9999.0, 22.5, 22.5, 22.25, 22.25, 22.25
2026-10-08, 00:30:59, 22.25, 22.38, 22.75, 22.5, 9999.0, 22.75, 22.5, 22.38, 9999.0, 22.75, 9999.0, 22.62, 22.5, 22.25, 22.25, 22.25
2026-10-08, 00:31:03, 22.25, 22.5, 22.62, 22.5, 9999.0, 22.75, 22.38, 22.38, 9999.0, 22.62, 9999.0, 22.75, 22.5, 22.25, 22.25, 22.12
2026-10-08, 00:31:07, 22.25, 22.5, 22.62, 22.5, 9999.0, 22.75, 22.38, 22.25, 9999.0, 22.5, 9999.0, 22.75, 22.5, 22.25, 22.25, 22.12
2026-10-08, 00:31:11, 22.25, 22.5, 22.62, 22.5, 9999.0, 22.75, 22.38, 22.25, 9999.0, 22.5, 9999.0, 22.75, 22.5, 22.25, 22.38, 22.25
2026-10-08, 00:31:15, 22.25, 22.5, 22.5, 22.5, 9999.0, 22.75, 22.38, 22.25, 9999.0, 22.62, 9999.0, 22.75, 22.5, 22.25, 22.38, 22.25
2026-10-08, 00:31:19, 22.25, 22.5, 22.62, 22.5, 9999.0, 22.62, 22.38, 22.25, 9999.0, 22.75, 9999.0, 22.75, 22.5, 22.25, 22.25, 22.25
2026-10-08, 00:31:23, 22.25, 22.5, 22.75, 22.5, 9999.0, 22.62, 22.38, 22.25, 9999.0, 22.75, 9999.0, 22.75, 22.5, 22.25, 22.25, 22.25
2026-10-08, 00:31:27, 22.25, 22.5, 22.62, 22.5, 9999.0, 22.62, 22.38, 22.25, 9999.0, 22.75, 9999.0, 22.75, 22.5, 22.25, 22.25, 22.25
2026-10-08, 00:31:31, 22.25, 22.5, 22.62, 22.5, 9999.0, 22.5, 22.25, 22.25, 9999.0, 22.75, 9999.0, 22.75, 22.5, 22.25, 22.25, 22.25
2026-10-08, 00:31:35, 22.25, 22.38, 22.75, 22.5, 9999.0, 22.5, 22.38, 22.25, 9999.0, 22.75, 9999.0, 22.62, 22.5, 22.25, 22.25, 22.12
2026-10-08, 00:31:39, 22.25, 22.25, 22.75, 22.5, 9999.0, 22.5, 22.38, 22.25, 9999.0, 22.75, 9999.0, 22.5, 22.5, 22.25, 22.25, 22.12
2026-10-08, 00:31:43, 22.25, 22.38, 22.62, 22.5, 9999.0, 22.5, 22.25, 22.25, 9999.0, 22.75, 9999.0, 22.5, 22.5, 22.25, 22.25, 22.25
2026-10-08, 00:31:47, 22.25, 22.5, 22.62, 22.5, 9999.0, 22.5, 22.38, 22.25, 9999.0, 22.75, 9999.0, 22.5, 22.5, 22.25, 22.25, 22.25
2026-10-08, 00:31:51, 22.25, 22.5, 22.75, 22.5, 9999.0, 22.5, 22.38, 22.25, 9999.0, 22.75, 9999.0, 22.5, 22.5, 22.25, 22.25, 22.12
2026-10-08, 00:31:55, 22.25, 22.5, 22.75, 22.5, 9999.0, 22.62, 22.25, 22.25, 9999.0, 22.62, 9999.0, 22.5, 22.5, 22.25, 22.25, 22.12
2026-10-08, 00:31:59, 22.25, 22.5, 22.62, 22.5, 9999.0, 22.75, 22.25, 22.25, 9999.0, 22.5, 9999.0, 22.5, 22.38, 22.25, 22.25, 22.25
2026-10-08, 00:32:03, 22.25, 22.38, 22.5, 22.5, 9999.0, 22.75, 22.38, 22.25, 9999.0, 22.5, 9999.0, 22.5, 22.38, 22.25, 22.25, 22.12
2026-10-08, 00:32:07, 22.25, 22.25, 22.5, 22.5, 9999.0, 22.75, 22.5, 22.25, 9999.0, 22.5, 9999.0, 22.5, 22.5, 22.25, 22.25, 22.12
2026-10-08, 00:32:11, 22.25, 22.25, 22.5, 22.5, 9999.0, 22.75, 22.5, 22.25, 9999.0, 22.5, 9999.0, 22.62, 22.5, 22.25, 22.25, 22.12
2026-10-08, 00:32:15, 22.25, 22.38, 22.5, 22.5, 9999.0, 22.75, 22.38, 22.25, 9999.0, 22.5, 9999.0, 22.75, 22.5, 22.25, 22.25, 22.12
2026-10-08, 00:32:19, 22.25, 22.5, 22.62, 22.5, 9999.0, 22.75, 22.38, 22.25, 9999.0, 22.5, 9999.0, 22.75, 22.5, 22.25, 22.25, 22.12
2026-10-08, 00:32:23, 22.25, 22.38, 22.62, 22.5, 9999.0, 22.75, 22.38, 22.25, 9999.0, 22.5, 9999.0, 22.75, 22.5, 22.25, 22.25, 22.0
2026-10-08, 00:32:27, 22.25, 22.38, 22.62, 22.5, 9999.0, 22.75, 22.38, 22.25, 9999.0, 22.62, 9999.0, 22.75, 22.5, 22.25, 22.25, 22.12
2026-10-08, 00:32:31, 22.25, 22.5, 22.62, 22.5, 9999.0, 22.75, 22.5, 22.25, 9999.0, 22.75, 9999.0, 22.75, 22.5, 22.25, 22.25, 22.25
2026-10-08, 00:32:35, 22.25, 22.5, 22.5, 22.5, 9999.0, 22.62, 22.5, 22.25, 9999.0, 22.75, 9999.0, 22.75, 22.5, 22.25, 22.25, 22.12
2026-10-08, 00:32:39, 22.25, 22.5, 22.62, 22.5, 9999.0, 22.5, 22.5, 22.25, 9999.0, 22.75, 9999.0, 22.75, 22.5, 22.25, 22.25, 22.12
2026-10-08, 00:32:43, 22.25, 22.5, 22.75, 22.5, 9999.0, 22.62, 22.5, 22.25, 9999.0, 22.75, 9999.0, 22.75, 22.5, 22.25, 22.25, 22.12
2026-10-08, 00:32:47, 22.25, 22.5, 22.62, 22.5, 9999.0, 22.62, 22.5, 22.25, 9999.0, 22.75, 9999.0, 22.62, 22.5, 22.25, 22.25, 22.12
2026-10-08, 00:32:51, 22.25, 22.38, 22.62, 22.5, 9999.0, 22.5, 22.38, 22.25, 9999.0, 22.75, 9999.0, 22.5, 22.5, 22.25, 22.25, 22.25
2026-10-08, 00:32:55, 22.25, 22.38, 22.75, 22.5, 9999.0, 22.5, 22.25, 22.25, 9999.0, 22.75, 9999.0, 22.5, 22.5, 22.25, 22.25, 22.25
2026-10-08, 00:33:00, 22.25, 22.5, 22.62, 22.5, 9999.0, 22.5, 22.25, 22.25, 9999.0, 22.75, 9999.0, 22.5, 22.5, 22.25, 22.25, 22.25
2026-10-08, 00:33:04, 22.25, 22.5, 22.5, 22.5, 9999.0, 22.62, 22.38, 22.25, 9999.0, 22.75, 9999.0, 22.5, 22.5, 22.25, 22.25, 22.25
2026-10-08, 00:33:08, 22.25, 22.38, 22.5, 22.5, 9999.0, 22.75, 22.5, 22.25, 9999.0, 22.62, 9999.0, 22.5, 22.5, 22.25, 22.25, 22.25
2026-10-08, 00:33:12, 22.25, 22.38, 22.62, 22.5, 9999.0, 22.75, 22.38, 22.25, 9999.0, 22.62, 9999.0, 22.5, 22.5, 22.25, 22.25, 22.25
2026-10-08, 00:33:16, 22.25, 22.5, 22.62, 22.5, 9999.0, 22.75, 22.38, 22.25, 9999.0, 22.75, 9999.0, 22.5, 22.38, 22.25, 22.25, 22.25
2026-10-08, 00:33:20, 22.25, 22.38, 22.62, 22.5, 9999.0, 22.75, 22.38, 22.25, 9999.0, 22.75, 9999.0, 22.62, 22.25, 22.25, 22.25, 22.12
2026-10-08, 00:33:24, 22.25, 22.38, 22.62, 22.5, 9999.0, 22.75, 22.25, 22.25, 9999.0, 22.62, 9999.0, 22.62, 22.25, 22.25, 22.25, 22.12
2026-10-08, 00:33:28, 22.25, 22.5, 22.62, 22.5, 9999.0, 22.75, 22.38, 22.25, 9999.0, 22.5, 9999.0, 22.62, 22.38, 22.25, 22.25, 22.12
2026-10-08, 00:33:32, 22.25, 22.38, 22.62, 22.5, 9999.0, 22.75, 22.5, 22.25, 9999.0, 22.5, 9999.0, 22.75, 22.5, 22.25, 22.25, 22.12
2026-10-08, 00:33:36, 22.25, 22.38, 22.62, 22.5, 9999.0, 22.75, 22.5, 22.25, 9999.0, 22.5, 9999.0, 22.75, 22.5, 22.25, 22.25, 22.25
2026-10-08, 00:33:40, 22.25, 22.5, 22.62, 22.5, 9999.0, 22.75, 22.38, 22.25, 9999.0, 22.62, 9999.0, 22.75, 22.5, 22.25, 22.25, 22.25
2026-10-08, 00:33:44, 22.25, 22.5, 22.5, 22.5, 9999.0, 22.75, 22.25, 22.25, 9999.0, 22.75, 9999.0, 22.75, 22.5, 22.25, 22.25, 22.25
2026-10-08, 00:33:48, 22.25, 22.5, 22.5, 22.5, 9999.0, 22.75, 22.38, 22.25, 9999.0, 22.75, 9999.0, 22.75, 22.5, 22.25, 22.25, 22.25
2026-10-08, 00:33:52, 22.25, 22.5, 22.5, 22.5, 9999.0, 22.62, 22.38, 22.25, 9999.0, 22.75, 9999.0, 22.75, 22.5, 22.25, 22.25, 22.25
2026-10-08, 00:33:56, 22.25, 22.5, 22.62, 22.5, 9999.0, 22.62, 22.38, 22.25, 9999.0, 22.75, 9999.0, 22.62, 22.5, 22.25, 22.25, 22.25
2026-10-08, 00:34:00, 22.25, 22.5, 22.62, 22.5, 9999.0, 22.62, 22.5, 22.25, 9999.0, 22.75, 9999.0, 22.5, 22.5, 22.25, 22.25, 22.12
2026-10-08, 00:34:04, 22.25, 22.5, 22.62, 22.5, 9999.0, 22.5, 22.38, 22.25, 9999.0, 22.75, 9999.0, 22.62, 22.5, 22.25, 22.25, 22.12
2026-10-08, 00:34:08, 22.25, 22.5, 22.62, 22.5, 9999.0, 22.5, 22.38, 22.25, 9999.0, 22.75, 9999.0, 22.62, 22.5, 22.25, 22.25, 22.12
2026-10-08, 00:34:12, 22.25, 22.5, 22.5, 22.5, 9999.0, 22.5, 22.38, 22.25, 9999.0, 22.75, 9999.0, 22.5, 22.5, 22.25, 22.25, 22.12
2026-10-08, 00:34:16, 22.25, 22.38, 22.5, 22.5, 9999.0, 22.62, 22.25, 22.25, 9999.0, 22.75, 9999.0, 22.5, 22.5, 22.25, 22.25, 22.25
2026-10-08, 00:34:20, 22.25, 22.38, 22.5, 22.5, 9999.0, 22.75, 22.25, 22.25, 9999.0, 22.62, 9999.0, 22.5, 22.5, 22.25, 22.25, 22.12
2026-10-08, 00:34:24, 22.25, 22.5, 22.5, 22.5, 9999.0, 22.75, 22.38, 22.25, 9999.0, 22.5, 9999.0, 22.5, 22.5, 22.25, 22.25, 22.12
2026-10-08, 00:34:28, 22.25, 22.5, 22.5, 22.5, 9999.0, 22.75, 22.5, 22.25, 9999.0, 22.5, 9999.0, 22.5, 22.5, 22.25, 22.25, 22.12
2026-10-08, 00:34:32, 22.25, 22.5, 22.5, 22.5, 9999.0, 22.75, 22.5, 22.25, 9999.0, 22.5, 9999.0, 22.62, 22.5, 22.25, 22.25, 22.12
2026-10-08, 00:34:36, 22.25, 22.5, 22.5, 22.5, 9999.0, 22.75, 22.38, 22.25, 9999.0, 22.5, 9999.0, 22.62, 22.5, 22.25, 22.25, 22.25
2026-10-08, 00:34:40, 22.25, 22.5, 22.5, 22.5, 9999.0, 22.75, 22.38, 22.25, 9999.0, 22.5, 9999.0, 22.62, 22.5, 22.25, 22.25, 22.25
2026-10-08, 00:34:44, 22.25, 22.5, 22.5, 22.5, 9999.0, 22.75, 22.38, 22.25, 9999.0, 22.5, 9999.0, 22.75, 22.5, 22.25, 22.25, 22.12
2026-10-08, 00:34:48, 22.25, 22.5, 22.5, 22.5, 9999.0, 22.75, 22.25, 22.25, 9999.0, 22.5, 9999.0, 22.75, 22.5, 22.25, 22.25, 22.0
2026-10-08, 00:34:52, 22.25, 22.5, 22.5, 22.5, 9999.0, 22.75, 22.38, 22.25, 9999.0, 22.62, 9999.0, 22.75, 22.5, 22.25, 22.25, 22.12
2026-10-08, 00:34:56, 22.25, 22.5, 22.5, 22.5, 9999.0, 22.75, 22.38, 22.25, 9999.0, 22.75, 9999.0, 22.75, 22.5, 22.25, 22.25, 22.12
2026-10-08, 00:35:00, 22.25, 22.5, 22.5, 22.5, 9999.0, 22.62, 22.25, 22.25, 9999.0, 22.75, 9999.0, 22.75, 22.5, 22.25, 22.25, 22.12
2026-10-08, 00:35:04, 22.25, 22.5, 22.5, 22.5, 9999.0, 22.5, 22.38, 22.25, 9999.0, 22.75, 9999.0, 22.62, 22.5, 22.25, 22.25, 22.12
2026-10-08, 00:35:08, 22.25, 22.5, 22.62, 22.5, 9999.0, 22.5, 22.38, 22.25, 9999.0, 22.75, 9999.0, 22.62, 22.5, 22.25, 22.25, 22.12
2026-10-08, 00:35:12, 22.25, 22.38, 22.62, 22.5, 9999.0, 22.5, 22.25, 22.25, 9999.0, 22.75, 9999.0, 22.62, 22.5, 22.25, 22.25, 22.25
2026-10-08, 00:35:16, 22.25, 22.38, 22.5, 22.5, 9999.0, 22.5, 22.38, 22.25, 9999.0, 22.75, 9999.0, 22.5, 22.5, 22.25, 22.25, 22.25
2026-10-08, 00:35:20, 22.25, 22.5, 22.5, 22.5, 9999.0, 22.5, 22.38, 22.25, 9999.0, 22.62, 9999.0, 22.5, 22.38, 22.25, 22.25, 22.12
2026-10-08, 00:35:24, 22.25, 22.38, 22.5, 22.5, 9999.0, 22.5, 22.25, 22.25, 9999.0, 22.5, 9999.0, 22.5, 22.38, 22.25, 22.25, 22.12
2026-10-08, 00:35:28, 22.25, 22.38, 22.5, 22.5, 9999.0, 22.62, 22.25, 22.25, 9999.0, 22.5, 9999.0, 22.5, 22.5, 22.25, 22.25, 22.12
2026-10-08, 00:35:32, 22.25, 22.5, 22.5, 22.5, 9999.0, 22.75, 22.25, 22.25, 9999.0, 22.5, 9999.0, 22.5, 22.38, 22.25, 22.25, 22.12
2026-10-08, 00:35:36, 22.25, 22.5, 22.5, 22.5, 9999.0, 22.75, 22.25, 22.25, 9999.0, 22.5, 9999.0, 22.5, 22.25, 22.25, 22.25, 22.12
2026-10-08, 00:35:40, 22.25, 22.38, 22.5, 22.5, 9999.0, 22.75, 22.38, 22.25, 9999.0, 22.5, 9999.0, 22.5, 22.38, 22.25, 22.25, 22.0
2026-10-08, 00:35:44, 22.25, 22.25, 22.5, 22.5, 9999.0, 22.75, 22.38, 22.25, 9999.0, 22.5, 9999.0, 22.62, 22.5, 22.25, 22.25, 22.0
2026-10-08, 00:35:48, 22.25, 22.38, 22.5, 22.5, 9999.0, 22.75, 22.38, 22.25, 9999.0, 22.5, 9999.0, 22.62, 22.38, 22.25, 22.25, 22.0
2026-10-08, 00:35:52, 22.25, 22.38, 22.5, 22.5, 9999.0, 22.75, 22.38, 22.25, 9999.0, 22.5, 9999.0, 22.62, 22.38, 22.25, 22.25, 22.12
2026-10-08, 00:35:56, 22.25, 22.38, 22.5, 22.5, 9999.0, 22.75, 22.38, 22.25, 9999.0, 22.5, 9999.0, 22.75, 22.5, 22.25, 22.25, 22.25
2026-10-08, 00:36:00, 22.25, 22.38, 22.5, 22.5, 9999.0, 22.75, 22.38, 22.25, 9999.0, 22.62, 9999.0, 22.75, 22.5, 22.25, 22.25, 22.12
2026-10-08, 00:36:04, 22.25, 22.38, 22.5, 22.5, 9999.0, 22.75, 22.25, 22.25, 9999.0, 22.62, 9999.0, 22.75, 22.5, 22.25, 22.25, 22.12
2026-10-08, 00:36:08, 22.25, 22.5, 22.5, 22.5, 9999.0, 22.75, 22.25, 22.25, 9999.0, 22.5, 9999.0, 22.75, 22.5, 22.25, 22.25, 22.25
2026-10-08, 00:36:12, 22.25, 22.5, 22.5, 22.5, 9999.0, 22.62, 22.38, 22.25, 9999.0, 22.62, 9999.0, 22.75, 22.5, 22.25, 22.25, 22.12
2026-10-08, 00:36:16, 22.25, 22.5, 22.62, 22.5, 9999.0, 22.5, 22.38, 22.25, 9999.0, 22.75, 9999.0, 22.75, 22.5, 22.25, 22.25, 22.12
2026-10-08, 00:36:20, 22.25, 22.5, 22.62, 22.5, 9999.0, 22.5, 22.25, 22.25, 9999.0, 22.75, 9999.0, 22.62, 22.5, 22.25, 22.25, 22.25
2026-10-08, 00:36:25, 22.25, 22.38, 22.5, 22.5, 9999.0, 22.5, 22.25, 22.25, 9999.0, 22.75, 9999.0, 22.5, 22.5, 22.25, 22.25, 22.25
2026-10-08, 00:36:29, 22.25, 22.38, 22.5, 22.5, 9999.0, 22.5, 22.25, 22.25, 9999.0, 22.62, 9999.0, 22.5, 22.5, 22.25, 22.25, 22.25
2026-10-08, 00:36:33, 22.25, 22.5, 22.5, 22.5, 9999.0, 22.5, 22.25, 22.25, 9999.0, 22.5, 9999.0, 22.5, 22.5, 22.25, 22.25, 22.12
2026-10-08, 00:36:37, 22.25, 22.5, 22.5, 22.5, 9999.0, 22.5, 22.38, 22.25, 9999.0, 22.5, 9999.0, 22.5, 22.5, 22.25, 22.25, 22.12
2026-10-08, 00:36:41, 22.25, 22.38, 22.5, 22.5, 9999.0, 22.62, 22.38, 22.25, 9999.0, 22.5, 9999.0, 22.5, 22.38, 22.25, 22.25, 22.12
2026-10-08, 00:36:45, 22.25, 22.25, 22.5, 22.5, 9999.0, 22.75, 22.25, 22.25, 9999.0, 22.5, 9999.0, 22.5, 22.38, 22.25, 22.25, 22.12
2026-10-08, 00:36:49, 22.25, 22.25, 22.5, 22.5, 9999.0, 22.75, 22.38, 22.25, 9999.0, 22.5, 9999.0, 22.5, 22.5, 22.25, 22.25, 22.25
2026-10-08, 00:36:53, 22.25, 22.38, 22.5, 22.5, 9999.0, 22.75, 22.5, 22.25, 9999.0, 22.5, 9999.0, 22.62, 22.38, 22.25, 22.25, 22.12
2026-10-08, 00:36:57, 22.25, 22.38, 22.5, 22.5, 9999.0, 22.75, 22.38, 22.25, 9999.0, 22.5, 9999.0, 22.62, 22.38, 22.25, 22.25, 22.0
2026-10-08, 00:37:01, 22.25, 22.38, 22.5, 22.5, 9999.0, 22.75, 22.25, 22.25, 9999.0, 22.5, 9999.0, 22.5, 22.5, 22.25, 22.25, 22.0
2026-10-08, 00:37:05, 22.25, 22.38, 22.62, 22.5, 9999.0, 22.75, 22.38, 22.25, 9999.0, 22.5, 9999.0, 22.62, 22.5, 22.25, 22.25, 22.0
2026-10-08, 00:37:09, 22.25, 22.25, 22.75, 22.5, 9999.0, 22.75, 22.38, 22.25, 9999.0, 22.5, 9999.0, 22.75, 22.5, 22.25, 22.25, 22.12
2026-10-08, 00:37:13, 22.25, 22.38, 22.62, 22.5, 9999.0, 22.75, 22.38, 22.25, 9999.0, 22.62, 9999.0, 22.75, 22.38, 22.25, 22.25, 22.12
2026-10-08, 00:37:17, 22.25, 22.38, 22.62, 22.5, 9999.0, 22.75, 22.38, 22.25, 9999.0, 22.62, 9999.0, 22.75, 22.25, 22.25, 22.25, 22.0
2026-10-08, 00:37:21, 22.25, 22.25, 22.62, 22.5, 9999.0, 22.75, 22.25, 22.25, 9999.0, 22.62, 9999.0, 22.75, 22.38, 22.25, 22.25, 22.0
2026-10-08, 00:37:25, 22.25, 22.38, 22.5, 22.5, 9999.0, 22.75, 22.38, 22.25, 9999.0, 22.75, 9999.0, 22.62, 22.5, 22.25, 22.25, 22.12
2026-10-08, 00:37:29, 22.25, 22.5, 22.5, 22.5, 9999.0, 22.62, 22.38, 22.25, 9999.0, 22.75, 9999.0, 22.62, 22.5, 22.25, 22.25, 22.25
2026-10-08, 00:37:33, 22.25, 22.5, 22.5, 22.5, 9999.0, 22.5, 22.25, 22.25, 9999.0, 22.62, 9999.0, 22.62, 22.5, 22.25, 22.25, 22.25
2026-10-08, 00:37:37, 22.25, 22.5, 22.5, 22.5, 9999.0, 22.5, 22.38, 22.25, 9999.0, 22.62, 9999.0, 22.5, 22.5, 22.25, 22.25, 22.12
2026-10-08, 00:37:41, 22.25, 22.5, 22.5, 22.5, 9999.0, 22.5, 22.38, 22.25, 9999.0, 22.62, 9999.0, 22.5, 22.5, 22.25, 22.25, 22.0
2026-10-08, 00:37:45, 22.25, 22.5, 22.5, 22.5, 9999.0, 22.5, 22.25, 22.25, 9999.0, 22.5, 9999.0, 22.5, 22.5, 22.25, 22.25, 22.12
2026-10-08, 00:37:49, 22.25, 22.5, 22.62, 22.5, 9999.0, 22.5, 22.25, 22.25, 9999.0, 22.5, 9999.0, 22.5, 22.5, 22.25, 22.25, 22.25
2026-10-08, 00:37:53, 22.25, 22.38, 22.75, 22.5, 9999.0, 22.62, 22.25, 22.25, 9999.0, 22.5, 9999.0, 22.5, 22.38, 22.25, 22.25, 22.12
2026-10-08, 00:37:57, 22.25, 22.38, 22.62, 22.5, 9999.0, 22.75, 22.25, 22.25, 9999.0, 22.5, 9999.0, 22.5, 22.25, 22.25, 22.25, 22.0
2026-10-08, 00:38:01, 22.25, 22.38, 22.5, 22.5, 9999.0, 22.88, 22.38, 22.25, 9999.0, 22.5, 9999.0, 22.5, 22.25, 22.25, 22.25, 22.0
2026-10-08, 00:38:05, 22.25, 22.38, 22.5, 22.5, 9999.0, 22.88, 22.38, 22.25, 9999.0, 22.5, 9999.0, 22.5, 22.25, 22.25, 22.25, 22.12
2026-10-08, 00:38:09, 22.25, 22.5, 22.5, 22.5, 9999.0, 22.75, 22.25, 22.25, 9999.0, 22.5, 9999.0, 22.5, 22.25, 22.25, 22.25, 22.25
2026-10-08, 00:38:13, 22.25, 22.38, 22.5, 22.5, 9999.0, 22.75, 22.38, 22.25, 9999.0, 22.5, 9999.0, 22.62, 22.38, 22.25, 22.25, 22.12
2026-10-08, 00:38:17, 22.25, 22.38, 22.62, 22.5, 9999.0, 22.75, 22.5, 22.25, 9999.0, 22.5, 9999.0, 22.75, 22.5, 22.25, 22.25, 22.12
2026-10-08, 00:38:21, 22.25, 22.5, 22.62, 22.5, 9999.0, 22.75, 22.5, 22.25, 9999.0, 22.38, 9999.0, 22.75, 22.5, 22.25, 22.25, 22.12
2026-10-08, 00:38:25, 22.25, 22.38, 22.5, 22.5, 9999.0, 22.75, 22.5, 22.25, 9999.0, 22.38, 9999.0, 22.75, 22.5, 22.25, 22.25, 22.0
2026-10-08, 00:38:29, 22.25, 22.38, 22.5, 22.5, 9999.0, 22.75, 22.38, 22.25, 9999.0, 22.5, 9999.0, 22.75, 22.5, 22.25, 22.25, 22.12
2026-10-08, 00:38:33, 22.25, 22.38, 22.5, 22.5, 9999.0, 22.75, 22.38, 22.25, 9999.0, 22.62, 9999.0, 22.75, 22.5, 22.25, 22.25, 22.25
2026-10-08, 00:38:37, 22.25, 22.25, 22.5, 22.5, 9999.0, 22.75, 22.38, 22.25, 9999.0, 22.75, 9999.0, 22.62, 22.5, 22.25, 22.25, 22.25
2026-10-08, 00:38:41, 22.25, 22.38, 22.5, 22.5, 9999.0, 22.62, 22.25, 22.25, 9999.0, 22.75, 9999.0, 22.5, 22.5, 22.25, 22.25, 22.25
2026-10-08, 00:38:45, 22.25, 22.5, 22.62, 22.5, 9999.0, 22.5, 22.25, 22.25, 9999.0, 22.75, 9999.0, 22.5, 22.5, 22.25, 22.25, 22.25
2026-10-08, 00:38:49, 22.25, 22.5, 22.75, 22.5, 9999.0, 22.5, 22.25, 22.25, 9999.0, 22.62, 9999.0, 22.5, 22.5, 22.25, 22.25, 22.12
2026-10-08, 00:38:53, 22.25, 22.38, 22.62, 22.5, 9999.0, 22.5, 22.25, 22.25, 9999.0, 22.5, 9999.0, 22.5, 22.38, 22.25, 22.25, 22.0
2026-10-08, 00:38:57, 22.25, 22.38, 22.62, 22.5, 9999.0, 22.5, 22.25, 22.25, 9999.0, 22.5, 9999.0, 22.5, 22.38, 22.25, 22.25, 22.12
2026-10-08, 00:39:01, 22.25, 22.38, 22.75, 22.5, 9999.0, 22.62, 22.25, 22.25, 9999.0, 22.5, 9999.0, 22.5, 22.5, 22.25, 22.25, 22.25
2026-10-08, 00:39:05, 22.25, 22.38, 22.75, 22.5, 9999.0, 22.75, 22.25, 22.25, 9999.0, 22.5, 9999.0, 22.5, 22.5, 22.25, 22.25, 22.12
2026-10-08, 00:39:09, 22.25, 22.5, 22.75, 22.5, 9999.0, 22.75, 22.25, 22.25, 9999.0, 22.5, 9999.0, 22.5, 22.5, 22.25, 22.25, 22.12
2026-10-08, 00:39:13, 22.25, 22.38, 22.75, 22.5, 9999.0, 22.88, 22.38, 22.25, 9999.0, 22.5, 9999.0, 22.5, 22.5, 22.25, 22.25, 22.12
2026-10-08, 00:39:17, 22.25, 22.25, 22.62, 22.5, 9999.0, 22.88, 22.5, 22.25, 9999.0, 22.5, 9999.0, 22.62, 22.38, 22.25, 22.25, 22.12
2026-10-08, 00:39:21, 22.25, 22.25, 22.62, 22.5, 9999.0, 22.75, 22.38, 22.25, 9999.0, 22.5, 9999.0, 22.62, 22.38, 22.25, 22.25, 22.25
2026-10-08, 00:39:25, 22.25, 22.38, 22.62, 22.5, 9999.0, 22.75, 22.38, 22.25, 9999.0, 22.5, 9999.0, 22.62, 22.5, 22.25, 22.25, 22.25
2026-10-08, 00:39:29, 22.25, 22.5, 22.5, 22.5, 9999.0, 22.75, 22.5, 22.25, 9999.0, 22.5, 9999.0, 22.75, 22.5, 22.25, 22.25, 22.12
2026-10-08, 00:39:33, 22.25, 22.38, 22.5, 22.5, 9999.0, 22.75, 22.5, 22.25, 9999.0, 22.38, 9999.0, 22.75, 22.5, 22.25, 22.25, 22.12
2026-10-08, 00:39:37, 22.25, 22.38, 22.62, 22.5, 9999.0, 22.75, 22.38, 22.25, 9999.0, 22.38, 9999.0, 22.75, 22.5, 22.25, 22.25, 22.12
2026-10-08, 00:39:41, 22.25, 22.5, 22.75, 22.5, 9999.0, 22.75, 22.38, 22.25, 9999.0, 22.5, 9999.0, 22.75, 22.38, 22.25, 22.25, 22.12
2026-10-08, 00:39:45, 22.25, 22.38, 22.75, 22.5, 9999.0, 22.62, 22.38, 22.25, 9999.0, 22.62, 9999.0, 22.75, 22.38, 22.25, 22.25, 22.25
2026-10-08, 00:39:49, 22.25, 22.25, 22.75, 22.5, 9999.0, 22.5, 22.25, 22.25, 9999.0, 22.75, 9999.0, 22.75, 22.5, 22.25, 22.25, 22.25
2026-10-08, 00:39:53, 22.25, 22.38, 22.75, 22.5, 9999.0, 22.5, 22.25, 22.25, 9999.0, 22.75, 9999.0, 22.62, 22.5, 22.25, 22.25, 22.25
2026-10-08, 00:39:57, 22.25, 22.5, 22.62, 22.5, 9999.0, 22.5, 22.25, 22.25, 9999.0, 22.62, 9999.0, 22.5, 22.5, 22.25, 22.25, 22.12
2026-10-08, 00:40:01, 22.25, 22.38, 22.5, 22.5, 9999.0, 22.5, 22.38, 22.25, 9999.0, 22.5, 9999.0, 22.5, 22.5, 22.25, 22.25, 22.0
2026-10-08, 00:40:05, 22.25, 22.25, 22.62, 22.5, 9999.0, 22.5, 22.38, 22.25, 9999.0, 22.5, 9999.0, 22.5, 22.5, 22.25, 22.25, 22.12
2026-10-08, 00:40:09, 22.25, 22.38, 22.75, 22.5, 9999.0, 22.5, 22.38, 22.25, 9999.0, 22.5, 9999.0, 22.5, 22.38, 22.25, 22.25, 22.25
2026-10-08, 00:40:14, 22.25, 22.38, 22.75, 22.5, 9999.0, 22.62, 22.38, 22.25, 9999.0, 22.5, 9999.0, 22.5, 22.38, 22.25, 22.25, 22.25
2026-10-08, 00:40:18, 22.25, 22.25, 22.75, 22.5, 9999.0, 22.75, 22.25, 22.25, 9999.0, 22.5, 9999.0, 22.5, 22.5, 22.25, 22.25, 22.25
2026-10-08, 00:40:22, 22.25, 22.38, 22.62, 22.5, 9999.0, 22.75, 22.25, 22.25, 9999.0, 22.5, 9999.0, 22.5, 22.5, 22.25, 22.25, 22.12
2026-10-08, 00:40:26, 22.25, 22.38, 22.62, 22.5, 9999.0, 22.75, 22.25, 22.25, 9999.0, 22.5, 9999.0, 22.5, 22.5, 22.25, 22.25, 22.12
2026-10-08, 00:40:30, 22.25, 22.25, 22.62, 22.5, 9999.0, 22.75, 22.25, 22.25, 9999.0, 22.38, 9999.0, 22.62, 22.38, 22.25, 22.25, 22.12
2026-10-08, 00:40:34, 22.25, 22.38, 22.62, 22.5, 9999.0, 22.75, 22.25, 22.25, 9999.0, 22.25, 9999.0, 22.75, 22.25, 22.25, 22.25, 22.0
2026-10-08, 00:40:38, 22.25, 22.5, 22.62, 22.5, 9999.0, 22.75, 22.25, 22.25, 9999.0, 22.25, 9999.0, 22.75, 22.38, 22.25, 22.25, 22.12
2026-10-08, 00:40:42, 22.25, 22.5, 22.62, 22.5, 9999.0, 22.75, 22.38, 22.25, 9999.0, 22.25, 9999.0, 22.75, 22.5, 22.25, 22.25, 22.25
2026-10-08, 00:40:46, 22.25, 22.5, 22.62, 22.5, 9999.0, 22.75, 22.5, 22.25, 9999.0, 22.25, 9999.0, 22.75, 22.5, 22.25, 22.25, 22.25
2026-10-08, 00:40:50, 22.25, 22.5, 22.5, 22.5, 9999.0, 22.75, 22.5, 22.25, 9999.0, 22.38, 9999.0, 22.75, 22.5, 22.25, 22.25, 22.12
2026-10-08, 00:40:54, 22.25, 22.5, 22.5, 22.5, 9999.0, 22.62, 22.38, 22.25, 9999.0, 22.5, 9999.0, 22.75, 22.5, 22.25, 22.25, 22.12
2026-10-08, 00:40:58, 22.25, 22.5, 22.62, 22.5, 9999.0, 22.62, 22.38, 22.25, 9999.0, 22.5, 9999.0, 22.75, 22.5, 22.25, 22.25, 22.12
2026-10-08, 00:41:02, 22.25, 22.38, 22.62, 22.5, 9999.0, 22.62, 22.38, 22.25, 9999.0, 22.62, 9999.0, 22.75, 22.5, 22.25, 22.25, 22.12
2026-10-08, 00:41:06, 22.25, 22.38, 22.62, 22.5, 9999.0, 22.5, 22.25, 22.25, 9999.0, 22.62, 9999.0, 22.62, 22.5, 22.25, 22.25, 22.25
2026-10-08, 00:41:10, 22.25, 22.5, 22.75, 22.5, 9999.0, 22.5, 22.25, 22.25, 9999.0, 22.5, 9999.0, 22.5, 22.5, 22.25, 22.25, 22.25
2026-10-08, 00:41:14, 22.25, 22.5, 22.75, 22.5, 9999.0, 22.5, 22.38, 22.25, 9999.0, 22.5, 9999.0, 22.5, 22.5, 22.25, 22.25, 22.25
2026-10-08, 00:41:18, 22.25, 22.5, 22.75, 22.5, 9999.0, 22.5, 22.38, 22.25, 9999.0, 22.5, 9999.0, 22.5, 22.5, 22.25, 22.25, 22.25
2026-10-08, 00:41:22, 22.25, 22.5, 22.75, 22.5, 9999.0, 22.5, 22.25, 22.25, 9999.0, 22.5, 9999.0, 22.5, 22.5, 22.25, 22.25, 22.25
2026-10-08, 00:41:26, 22.25, 22.5, 22.75, 22.5, 9999.0, 22.62, 22.25, 22.25, 9999.0, 22.5, 9999.0, 22.5, 22.5, 22.25, 22.25, 22.25
2026-10-08, 00:41:30, 22.25, 22.5, 22.75, 22.5, 9999.0, 22.75, 22.25, 22.25, 9999.0, 22.5, 9999.0, 22.5, 22.5, 22.25, 22.25, 22.12
2026-10-08, 00:41:34, 22.25, 22.38, 22.75, 22.5, 9999.0, 22.75, 22.25, 22.25, 9999.0, 22.38, 9999.0, 22.5, 22.5, 22.25, 22.25, 22.0
2026-10-08, 00:41:38, 22.25, 22.25, 22.75, 22.5, 9999.0, 22.75, 22.25, 22.25, 9999.0, 22.25, 9999.0, 22.5, 22.38, 22.25, 22.25, 22.12
2026-10-08, 00:41:42, 22.25, 22.25, 22.75, 22.5, 9999.0, 22.75, 22.25, 22.25, 9999.0, 22.38, 9999.0, 22.5, 22.38, 22.25, 22.25, 22.25
2026-10-08, 00:41:46, 22.25, 22.38, 22.62, 22.5, 9999.0, 22.75, 22.25, 22.25, 9999.0, 22.38, 9999.0, 22.5, 22.5, 22.25, 22.25, 22.12
2026-10-08, 00:41:50, 22.25, 22.5, 22.62, 22.5, 9999.0, 22.75, 22.25, 22.25, 9999.0, 22.25, 9999.0, 22.62, 22.5, 22.25, 22.25, 22.12
2026-10-08, 00:41:54, 22.25, 22.5, 22.75, 22.5, 9999.0, 22.75, 22.38, 22.25, 9999.0, 22.25, 9999.0, 22.75, 22.5, 22.25, 22.25, 22.12
2026-10-08, 00:41:58, 22.25, 22.5, 22.75, 22.5, 9999.0, 22.75, 22.38, 22.25, 9999.0, 22.25, 9999.0, 22.75, 22.5, 22.25, 22.25, 22.0
2026-10-08, 00:42:02, 22.25, 22.38, 22.75, 22.5, 9999.0, 22.75, 22.38, 22.25, 9999.0, 22.38, 9999.0, 22.75, 22.5, 22.25, 22.25, 22.12
2026-10-08, 00:42:06, 22.25, 22.38, 22.75, 22.5, 9999.0, 22.75, 22.38, 22.25, 9999.0, 22.5, 9999.0, 22.75, 22.5, 22.25, 22.25, 22.25
2026-10-08, 00:42:10, 22.25, 22.38, 22.75, 22.5, 9999.0, 22.75, 22.38, 22.25, 9999.0, 22.5, 9999.0, 22.75, 22.5, 22.25, 22.25, 22.25
2026-10-08, 00:42:14, 22.25, 22.38, 22.75, 22.5, 9999.0, 22.62, 22.5, 22.25, 9999.0, 22.5, 9999.0, 22.75, 22.5, 22.25, 22.25, 22.25
2026-10-08, 00:42:18, 22.25, 22.38, 22.75, 22.5, 9999.0, 22.5, 22.5, 22.25, 9999.0, 22.5, 9999.0, 22.75, 22.5, 22.25, 22.25, 22.25
2026-10-08, 00:42:22, 22.25, 22.25, 22.75, 22.5, 9999.0, 22.5, 22.38, 22.25, 9999.0, 22.5, 9999.0, 22.62, 22.5, 22.25, 22.25, 22.12
2026-10-08, 00:42:26, 22.25, 22.25, 22.75, 22.5, 9999.0, 22.5, 22.25, 22.25, 9999.0, 22.5, 9999.0, 22.5, 22.5, 22.25, 22.25, 22.0
2026-10-08, 00:42:30, 22.25, 22.38, 22.62, 22.5, 9999.0, 22.5, 22.25, 22.25, 9999.0, 22.5, 9999.0, 22.5, 22.5, 22.25, 22.25, 22.0
2026-10-08, 00:42:34, 22.25, 22.5, 22.62, 22.5, 9999.0, 22.5, 22.25, 22.25, 9999.0, 22.5, 9999.0, 22.5, 22.5, 22.25, 22.25, 22.0
2026-10-08, 00:42:38, 22.25, 22.38, 22.75, 22.5, 9999.0, 22.62, 22.25, 22.38, 9999.0, 22.5, 9999.0, 22.5, 22.5, 22.25, 22.25, 22.12
2026-10-08, 00:42:42, 22.25, 22.38, 22.75, 22.5, 9999.0, 22.62, 22.25, 22.38, 9999.0, 22.5, 9999.0, 22.5, 22.5, 22.25, 22.25, 22.25
2026-10-08, 00:42:46, 22.25, 22.5, 22.75, 22.5, 9999.0, 22.62, 22.25, 22.25, 9999.0, 22.5, 9999.0, 22.5, 22.38, 22.25, 22.25, 22.25
2026-10-08, 00:42:50, 22.25, 22.5, 22.75, 22.5, 9999.0, 22.75, 22.38, 22.25, 9999.0, 22.38, 9999.0, 22.5, 22.25, 22.25, 22.25, 22.25
2026-10-08, 00:42:54, 22.25, 22.38, 22.75, 22.5, 9999.0, 22.75, 22.38, 22.25, 9999.0, 22.25, 9999.0, 22.62, 22.38, 22.25, 22.25, 22.25
2026-10-08, 00:42:58, 22.25, 22.38, 22.75, 22.5, 9999.0, 22.75, 22.25, 22.25, 9999.0, 22.25, 9999.0, 22.62, 22.38, 22.25, 22.25, 22.25
2026-10-08, 00:43:02, 22.25, 22.5, 22.75, 22.5, 9999.0, 22.75, 22.25, 22.25, 9999.0, 22.25, 9999.0, 22.62, 22.38, 22.25, 22.25, 22.25
2026-10-08, 00:43:06, 22.25, 22.5, 22.75, 22.5, 9999.0, 22.75, 22.25, 22.25, 9999.0, 22.25, 9999.0, 22.75, 22.5, 22.25, 22.25, 22.25
2026-10-08, 00:43:10, 22.25, 22.5, 22.75, 22.5, 9999.0, 22.75, 22.38, 22.25, 9999.0, 22.38, 9999.0, 22.75, 22.5, 22.25, 22.25, 22.25
2026-10-08, 00:43:14, 22.25, 22.38, 22.75, 22.5, 9999.0, 22.75, 22.38, 22.25, 9999.0, 22.5, 9999.0, 22.75, 22.5, 22.25, 22.25, 22.25
2026-10-08, 00:43:18, 22.25, 22.38, 22.62, 22.5, 9999.0, 22.75, 22.25, 22.25, 9999.0, 22.5, 9999.0, 22.75, 22.5, 22.25, 22.25, 22.25
2026-10-08, 00:43:22, 22.25, 22.5, 22.62, 22.5, 9999.0, 22.75, 22.25, 22.25, 9999.0, 22.5, 9999.0, 22.75, 22.5, 22.25, 22.25, 22.25
2026-10-08, 00:43:26, 22.25, 22.5, 22.75, 22.5, 9999.0, 22.62, 22.38, 22.25, 9999.0, 22.5, 9999.0, 22.75, 22.5, 22.25, 22.25, 22.12
2026-10-08, 00:43:30, 22.25, 22.5, 22.75, 22.5, 9999.0, 22.5, 22.38, 22.25, 9999.0, 22.5, 9999.0, 22.75, 22.5, 22.25, 22.25, 22.0
2026-10-08, 00:43:34, 22.25, 22.5, 22.75, 22.5, 9999.0, 22.5, 22.25, 22.25, 9999.0, 22.5, 9999.0, 22.75, 22.5, 22.25, 22.25, 22.12
2026-10-08, 00:43:38, 22.38, 22.38, 22.75, 22.5, 9999.0, 22.5, 22.25, 22.25, 9999.0, 22.5, 9999.0, 22.62, 22.5, 22.25, 22.25, 22.25
2026-10-08, 00:43:42, 22.38, 22.38, 22.75, 22.5, 9999.0, 22.5, 22.25, 22.38, 9999.0, 22.5, 9999.0, 22.5, 22.5, 22.25, 22.25, 22.25
2026-10-08, 00:43:46, 22.25, 22.38, 22.75, 22.62, 9999.0, 22.5, 22.25, 22.38, 9999.0, 22.5, 9999.0, 22.5, 22.5, 22.25, 22.25, 22.12
2026-10-08, 00:43:50, 22.25, 22.25, 22.75, 22.62, 9999.0, 22.62, 22.25, 22.25, 9999.0, 22.5, 9999.0, 22.5, 22.5, 22.25, 22.25, 22.12
2026-10-08, 00:43:54, 22.25, 22.38, 22.75, 22.5, 9999.0, 22.75, 22.25, 22.25, 9999.0, 22.38, 9999.0, 22.5, 22.5, 22.25, 22.25, 22.12
2026-10-08, 00:43:58, 22.25, 22.5, 22.75, 22.5, 9999.0, 22.75, 22.38, 22.25, 9999.0, 22.25, 9999.0, 22.5, 22.38, 22.25, 22.25, 22.12
2026-10-08, 00:44:03, 22.25, 22.5, 22.75, 22.5, 9999.0, 22.75, 22.5, 22.38, 9999.0, 22.25, 9999.0, 22.5, 22.38, 22.25, 22.25, 22.25
2026-10-08, 00:44:07, 22.25, 22.5, 22.75, 22.5, 9999.0, 22.75, 22.38, 22.5, 9999.0, 22.25, 9999.0, 22.62, 22.5, 22.25, 22.25, 22.25
2026-10-08, 00:44:11, 22.25, 22.5, 22.75, 22.5, 9999.0, 22.75, 22.25, 22.38, 9999.0, 22.25, 9999.0, 22.75, 22.5, 22.25, 22.25, 22.25
2026-10-08, 00:44:15, 22.25, 22.5, 22.75, 22.5, 9999.0, 22.75, 22.38, 22.38, 9999.0, 22.12, 9999.0, 22.75, 22.5, 22.25, 22.25, 22.25
2026-10-08, 00:44:19, 22.25, 22.5, 22.75, 22.62, 9999.0, 22.75, 22.38, 22.38, 9999.0, 22.12, 9999.0, 22.75, 22.5, 22.25, 22.25, 22.25
2026-10-08, 00:44:23, 22.25, 22.5, 22.62, 22.62, 9999.0, 22.75, 22.38, 22.25, 9999.0, 22.25, 9999.0, 22.75, 22.5, 22.25, 22.25, 22.25
2026-10-08, 00:44:27, 22.25, 22.5, 22.62, 22.5, 9999.0, 22.75, 22.38, 22.38, 9999.0, 22.25, 9999.0, 22.75, 22.5, 22.25, 22.25, 22.25
2026-10-08, 00:44:31, 22.25, 22.38, 22.75, 22.5, 9999.0, 22.75, 22.38, 22.38, 9999.0, 22.38, 9999.0, 22.75, 22.5, 22.25, 22.25, 22.25
2026-10-08, 00:44:35, 22.25, 22.38, 22.75, 22.5, 9999.0, 22.75, 22.5, 22.25, 9999.0, 22.5, 9999.0, 22.75, 22.5, 22.25, 22.25, 22.25
2026-10-08, 00:44:39, 22.25, 22.5, 22.75, 22.62, 9999.0, 22.75, 22.38, 22.25, 9999.0, 22.5, 9999.0, 22.75, 22.5, 22.25, 22.25, 22.25
2026-10-08, 00:44:43, 22.25, 22.5, 22.75, 22.62, 9999.0, 22.75, 22.25, 22.25, 9999.0, 22.5, 9999.0, 22.75, 22.5, 22.25, 22.25, 22.25
2026-10-08, 00:44:47, 22.25, 22.38, 22.75, 22.5, 9999.0, 22.62, 22.38, 22.38, 9999.0, 22.38, 9999.0, 22.62, 22.5, 22.25, 22.25, 22.25
2026-10-08, 00:44:51, 22.25, 22.38, 22.75, 22.62, 9999.0, 22.5, 22.38, 22.5, 9999.0, 22.25, 9999.0, 22.5, 22.5, 22.25, 22.25, 22.25
2026-10-08, 00:44:55, 22.25, 22.5, 22.75, 22.62, 9999.0, 22.5, 22.25, 22.38, 9999.0, 22.25, 9999.0, 22.5, 22.5, 22.25, 22.25, 22.25
2026-10-08, 00:44:59, 22.25, 22.38, 22.75, 22.62, 9999.0, 22.5, 22.38, 22.38, 9999.0, 22.25, 9999.0, 22.5, 22.5, 22.25, 22.25, 22.25
2026-10-08, 00:45:03, 22.25, 22.38, 22.75, 22.75, 9999.0, 22.62, 22.38, 22.38, 9999.0, 22.25, 9999.0, 22.5, 22.5, 22.25, 22.25, 22.25
2026-10-08, 00:45:07, 22.25, 22.38, 22.75, 22.62, 9999.0, 22.75, 22.25, 22.25, 9999.0, 22.25, 9999.0, 22.5, 22.5, 22.25, 22.25, 22.25
2026-10-08, 00:45:11, 22.25, 22.38, 22.75, 22.5, 9999.0, 22.75, 22.25, 22.25, 9999.0, 22.25, 9999.0, 22.5, 22.38, 22.25, 22.25, 22.25
2026-10-08, 00:45:15, 22.25, 22.5, 22.75, 22.5, 9999.0, 22.75, 22.38, 22.25, 9999.0, 22.25, 9999.0, 22.62, 22.38, 22.25, 22.25, 22.25
2026-10-08, 00:45:19, 22.25, 22.5, 22.75, 22.62, 9999.0, 22.75, 22.38, 22.38, 9999.0, 22.25, 9999.0, 22.75, 22.38, 22.25, 22.25, 22.25
2026-10-08, 00:45:23, 22.25, 22.5, 22.75, 22.75, 9999.0, 22.75, 22.25, 22.38, 9999.0, 22.25, 9999.0, 22.75, 22.38, 22.25, 22.25, 22.25
2026-10-08, 00:45:27, 22.25, 22.5, 22.75, 22.62, 9999.0, 22.75, 22.25, 22.38, 9999.0, 22.25, 9999.0, 22.75, 22.5, 22.25, 22.25, 22.25
2026-10-08, 00:45:31, 22.25, 22.5, 22.75, 22.5, 9999.0, 22.75, 22.38, 22.5, 9999.0, 22.25, 9999.0, 22.75, 22.5, 22.25, 22.25, 22.25
2026-10-08, 00:45:35, 22.38, 22.38, 22.75, 22.5, 9999.0, 22.75, 22.38, 22.38, 9999.0, 22.38, 9999.0, 22.75, 22.5, 22.25, 22.25, 22.25
2026-10-08, 00:45:39, 22.38, 22.38, 22.75, 22.5, 9999.0, 22.75, 22.38, 22.25, 9999.0, 22.5, 9999.0, 22.75, 22.5, 22.25, 22.25, 22.25
2026-10-08, 00:45:43, 22.25, 22.5, 22.75, 22.5, 9999.0, 22.75, 22.38, 22.25, 9999.0, 22.5, 9999.0, 22.75, 22.5, 22.25, 22.25, 22.25
2026-10-08, 00:45:47, 22.25, 22.5, 22.75, 22.5, 9999.0, 22.62, 22.25, 22.25, 9999.0, 22.5, 9999.0, 22.75, 22.5, 22.25, 22.38, 22.25
2026-10-08, 00:45:51, 22.25, 22.5, 22.75, 22.5, 9999.0, 22.62, 22.38, 22.25, 9999.0, 22.5, 9999.0, 22.75, 22.5, 22.25, 22.5, 22.25
2026-10-08, 00:45:55, 22.25, 22.5, 22.75, 22.5, 9999.0, 22.62, 22.38, 22.38, 9999.0, 22.5, 9999.0, 22.62, 22.5, 22.25, 22.5, 22.25
2026-10-08, 00:45:59, 22.25, 22.5, 22.75, 22.62, 9999.0, 22.62, 22.38, 22.38, 9999.0, 22.5, 9999.0, 22.5, 22.5, 22.25, 22.38, 22.25
2026-10-08, 00:46:03, 22.25, 22.5, 22.75, 22.62, 9999.0, 22.62, 22.38, 22.38, 9999.0, 22.5, 9999.0, 22.5, 22.5, 22.25, 22.25, 22.25
2026-10-08, 00:46:07, 22.25, 22.5, 22.75, 22.5, 9999.0, 22.5, 22.25, 22.38, 9999.0, 22.38, 9999.0, 22.5, 22.5, 22.25, 22.25, 22.25
2026-10-08, 00:46:11, 22.25, 22.38, 22.75, 22.5, 9999.0, 22.5, 22.25, 22.25, 9999.0, 22.25, 9999.0, 22.5, 22.5, 22.25, 22.25, 22.25
2026-10-08, 00:46:15, 22.25, 22.38, 22.75, 22.5, 9999.0, 22.62, 22.25, 22.25, 9999.0, 22.25, 9999.0, 22.5, 22.5, 22.25, 22.25, 22.25
2026-10-08, 00:46:19, 22.25, 22.5, 22.75, 22.5, 9999.0, 22.75, 22.25, 22.25, 9999.0, 22.25, 9999.0, 22.5, 22.38, 22.25, 22.25, 22.25
2026-10-08, 00:46:23, 22.25, 22.38, 22.75, 22.5, 9999.0, 22.75, 22.38, 22.25, 9999.0, 22.25, 9999.0, 22.5, 22.38, 22.25, 22.25, 22.25
2026-10-08, 00:46:27, 22.38, 22.38, 22.75, 22.5, 9999.0, 22.75, 22.38, 22.38, 9999.0, 22.25, 9999.0, 22.5, 22.5, 22.25, 22.25, 22.25
2026-10-08, 00:46:31, 22.38, 22.5, 22.75, 22.62, 9999.0, 22.75, 22.25, 22.38, 9999.0, 22.25, 9999.0, 22.62, 22.38, 22.25, 22.25, 22.25
2026-10-08, 00:46:35, 22.25, 22.5, 22.75, 22.62, 9999.0, 22.75, 22.38, 22.38, 9999.0, 22.25, 9999.0, 22.75, 22.38, 22.25, 22.25, 22.25
2026-10-08, 00:46:39, 22.25, 22.5, 22.75, 22.5, 9999.0, 22.75, 22.38, 22.38, 9999.0, 22.12, 9999.0, 22.75, 22.5, 22.25, 22.25, 22.25
2026-10-08, 00:46:43, 22.25, 22.5, 22.75, 22.5, 9999.0, 22.75, 22.38, 22.38, 9999.0, 22.12, 9999.0, 22.75, 22.5, 22.25, 22.25, 22.25
2026-10-08, 00:46:47, 22.25, 22.38, 22.75, 22.62, 9999.0, 22.75, 22.5, 22.5, 9999.0, 22.25, 9999.0, 22.75, 22.5, 22.25, 22.25, 22.25
2026-10-08, 00:46:51, 22.25, 22.38, 22.75, 22.62, 9999.0, 22.75, 22.5, 22.38, 9999.0, 22.25, 9999.0, 22.75, 22.5, 22.25, 22.25, 22.25
2026-10-08, 00:46:55, 22.25, 22.5, 22.75, 22.5, 9999.0, 22.75, 22.38, 22.38, 9999.0, 22.25, 9999.0, 22.75, 22.5, 22.25, 22.25, 22.25
2026-10-08, 00:46:59, 22.25, 22.38, 22.75, 22.62, 9999.0, 22.62, 22.25, 22.5, 9999.0, 22.38, 9999.0, 22.75, 22.5, 22.25, 22.25, 22.25
2026-10-08, 00:47:03, 22.25, 22.25, 22.75, 22.62, 9999.0, 22.62, 22.25, 22.5, 9999.0, 22.5, 9999.0, 22.75, 22.5, 22.25, 22.25, 22.25
2026-10-08, 00:47:07, 22.25, 22.25, 22.75, 22.5, 9999.0, 22.62, 22.25, 22.38, 9999.0, 22.5, 9999.0, 22.75, 22.5, 22.25, 22.25, 22.25
2026-10-08, 00:47:11, 22.25, 22.38, 22.75, 22.62, 9999.0, 22.62, 22.38, 22.38, 9999.0, 22.5, 9999.0, 22.62, 22.5, 22.25, 22.38, 22.25
2026-10-08, 00:47:15, 22.25, 22.5, 22.75, 22.75, 9999.0, 22.62, 22.38, 22.38, 9999.0, 22.5, 9999.0, 22.5, 22.5, 22.25, 22.38, 22.25
2026-10-08, 00:47:19, 22.25, 22.5, 22.75, 22.75, 9999.0, 22.5, 22.25, 22.38, 9999.0, 22.5, 9999.0, 22.5, 22.5, 22.25, 22.25, 22.25
2026-10-08, 00:47:23, 22.25, 22.5, 22.75, 22.62, 9999.0, 22.5, 22.25, 22.38, 9999.0, 22.5, 9999.0, 22.5, 22.5, 22.25, 22.25, 22.25
2026-10-08, 00:47:27, 22.25, 22.5, 22.75, 22.62, 9999.0, 22.62, 22.25, 22.38, 9999.0, 22.38, 9999.0, 22.5, 22.5, 22.25, 22.25, 22.25
2026-10-08, 00:47:31, 22.25, 22.5, 22.75, 22.75, 9999.0, 22.75, 22.38, 22.38, 9999.0, 22.25, 9999.0, 22.5, 22.5, 22.25, 22.25, 22.25
2026-10-08, 00:47:35, 22.25, 22.5, 22.75, 22.75, 9999.0, 22.75, 22.5, 22.38, 9999.0, 22.38, 9999.0, 22.5, 22.5, 22.25, 22.25, 22.25
2026-10-08, 00:47:39, 22.25, 22.5, 22.75, 22.75, 9999.0, 22.75, 22.5, 22.5, 9999.0, 22.5, 9999.0, 22.5, 22.5, 22.25, 22.25, 22.25
2026-10-08, 00:47:43, 22.25, 22.5, 22.75, 22.62, 9999.0, 22.75, 22.5, 22.5, 9999.0, 22.38, 9999.0, 22.62, 22.5, 22.25, 22.25, 22.25
2026-10-08, 00:47:47, 22.25, 22.5, 22.75, 22.5, 9999.0, 22.75, 22.5, 22.38, 9999.0, 22.38, 9999.0, 22.75, 22.5, 22.25, 22.25, 22.25
2026-10-08, 00:47:52, 22.25, 22.5, 22.75, 22.5, 9999.0, 22.75, 22.5, 22.38, 9999.0, 22.38, 9999.0, 22.75, 22.5, 22.25, 22.25, 22.25
2026-10-08, 00:47:56, 22.25, 22.5, 22.75, 22.62, 9999.0, 22.75, 22.5, 22.5, 9999.0, 22.25, 9999.0, 22.75, 22.5, 22.25, 22.25, 22.25
2026-10-08, 00:48:00, 22.25, 22.5, 22.75, 22.62, 9999.0, 22.75, 22.5, 22.38, 9999.0, 22.25, 9999.0, 22.75, 22.5, 22.25, 22.25, 22.25
2026-10-08, 00:48:04, 22.25, 22.38, 22.75, 22.62, 9999.0, 22.75, 22.5, 22.38, 9999.0, 22.25, 9999.0, 22.75, 22.5, 22.25, 22.25, 22.25
2026-10-08, 00:48:08, 22.38, 22.38, 22.75, 22.75, 9999.0, 22.75, 22.38, 22.5, 9999.0, 22.38, 9999.0, 22.75, 22.5, 22.25, 22.25, 22.25
2026-10-08, 00:48:12, 22.38, 22.5, 22.75, 22.75, 9999.0, 22.75, 22.25, 22.5, 9999.0, 22.5, 9999.0, 22.75, 22.5, 22.25, 22.25, 22.25
2026-10-08, 00:48:16, 22.25, 22.5, 22.75, 22.75, 9999.0, 22.75, 22.25, 22.5, 9999.0, 22.5, 9999.0, 22.75, 22.5, 22.25, 22.25, 22.25
2026-10-08, 00:48:20, 22.25, 22.5, 22.75, 22.75, 9999.0, 22.75, 22.38, 22.5, 9999.0, 22.5, 9999.0, 22.75, 22.5, 22.25, 22.25, 22.25
2026-10-08, 00:48:24, 22.25, 22.5, 22.75, 22.62, 9999.0, 22.62, 22.38, 22.5, 9999.0, 22.5, 9999.0, 22.75, 22.5, 22.25, 22.25, 22.25
2026-10-08, 00:48:28, 22.25, 22.5, 22.75, 22.5, 9999.0, 22.5, 22.25, 22.5, 9999.0, 22.5, 9999.0, 22.75, 22.5, 22.25, 22.25, 22.25
2026-10-08, 00:48:32, 22.25, 22.5, 22.75, 22.5, 9999.0, 22.5, 22.25, 22.5, 9999.0, 22.38, 9999.0, 22.75, 22.5, 22.25, 22.25, 22.25
2026-10-08, 00:48:36, 22.25, 22.5, 22.75, 22.62, 9999.0, 22.5, 22.25, 22.38, 9999.0, 22.25, 9999.0, 22.62, 22.5, 22.25, 22.25, 22.25
2026-10-08, 00:48:40, 22.25, 22.5, 22.75, 22.75, 9999.0, 22.62, 22.25, 22.38, 9999.0, 22.25, 9999.0, 22.5, 22.5, 22.25, 22.25, 22.25
2026-10-08, 00:48:44, 22.38, 22.5, 22.75, 22.62, 9999.0, 22.75, 22.25, 22.5, 9999.0, 22.25, 9999.0, 22.62, 22.5, 22.25, 22.25, 22.25
2026-10-08, 00:48:48, 22.38, 22.5, 22.75, 22.5, 9999.0, 22.75, 22.38, 22.5, 9999.0, 22.25, 9999.0, 22.62, 22.5, 22.25, 22.25, 22.25
2026-10-08, 00:48:52, 22.25, 22.5, 22.75, 22.62, 9999.0, 22.75, 22.5, 22.5, 9999.0, 22.25, 9999.0, 22.5, 22.5, 22.25, 22.25, 22.25
2026-10-08, 00:48:56, 22.25, 22.5, 22.75, 22.75, 9999.0, 22.75, 22.5, 22.38, 9999.0, 22.25, 9999.0, 22.62, 22.38, 22.25, 22.25, 22.25
2026-10-08, 00:49:00, 22.25, 22.5, 22.75, 22.75, 9999.0, 22.75, 22.38, 22.25, 9999.0, 22.25, 9999.0, 22.75, 22.38, 22.25, 22.25, 22.25
2026-10-08, 00:49:04, 22.25, 22.5, 22.75, 22.62, 9999.0, 22.75, 22.25, 22.25, 9999.0, 22.38, 9999.0, 22.75, 22.5, 22.25, 22.25, 22.25
2026-10-08, 00:49:08, 22.38, 22.5, 22.75, 22.62, 9999.0, 22.75, 22.25, 22.25, 9999.0, 22.38, 9999.0, 22.75, 22.5, 22.25, 22.25, 22.25
2026-10-08, 00:49:12, 22.38, 22.5, 22.75, 22.62, 9999.0, 22.75, 22.38, 22.38, 9999.0, 22.25, 9999.0, 22.75, 22.5, 22.25, 22.25, 22.25
2026-10-08, 00:49:16, 22.38, 22.5, 22.75, 22.62, 9999.0, 22.75, 22.5, 22.5, 9999.0, 22.38, 9999.0, 22.75, 22.5, 22.25, 22.25, 22.25
2026-10-08, 00:49:20, 22.38, 22.5, 22.75, 22.75, 9999.0, 22.75, 22.5, 22.5, 9999.0, 22.5, 9999.0, 22.75, 22.5, 22.25, 22.25, 22.25
2026-10-08, 00:49:24, 22.25, 22.5, 22.75, 22.75, 9999.0, 22.62, 22.5, 22.5, 9999.0, 22.5, 9999.0, 22.75, 22.5, 22.25, 22.25, 22.25
2026-10-08, 00:49:28, 22.25, 22.5, 22.75, 22.75, 9999.0, 22.62, 22.5, 22.38, 9999.0, 22.62, 9999.0, 22.75, 22.5, 22.25, 22.25, 22.25
2026-10-08, 00:49:32, 22.38, 22.5, 22.75, 22.75, 9999.0, 22.62, 22.5, 22.38, 9999.0, 22.75, 9999.0, 22.75, 22.5, 22.25, 22.25, 22.25
2026-10-08, 00:49:36, 22.38, 22.5, 22.75, 22.62, 9999.0, 22.62, 22.38, 22.5, 9999.0, 22.62, 9999.0, 22.75, 22.5, 22.25, 22.25, 22.25
2026-10-08, 00:49:40, 22.25, 22.5, 22.75, 22.62, 9999.0, 22.62, 22.38, 22.38, 9999.0, 22.5, 9999.0, 22.62, 22.5, 22.25, 22.25, 22.25
2026-10-08, 00:49:44, 22.25, 22.5, 22.75, 22.62, 9999.0, 22.5, 22.38, 22.38, 9999.0, 22.5, 9999.0, 22.62, 22.5, 22.25, 22.38, 22.25
2026-10-08, 00:49:48, 22.25, 22.5, 22.75, 22.62, 9999.0, 22.5, 22.25, 22.38, 9999.0, 22.5, 9999.0, 22.62, 22.5, 22.25, 22.38, 22.25
2026-10-08, 00:49:52, 22.25, 22.5, 22.75, 22.75, 9999.0, 22.5, 22.25, 22.25, 9999.0, 22.5, 9999.0, 22.5, 22.5, 22.25, 22.25, 22.25
2026-10-08, 00:49:56, 22.25, 22.5, 22.75, 22.62, 9999.0, 22.62, 22.25, 22.25, 9999.0, 22.5, 9999.0, 22.5, 22.5, 22.25, 22.25, 22.25
2026-10-08, 00:50:00, 22.38, 22.5, 22.75, 22.5, 9999.0, 22.75, 22.25, 22.25, 9999.0, 22.38, 9999.0, 22.5, 22.5, 22.25, 22.25, 22.25
2026-10-08, 00:50:04, 22.38, 22.5, 22.75, 22.5, 9999.0, 22.88, 22.25, 22.38, 9999.0, 22.38, 9999.0, 22.5, 22.5, 22.25, 22.25, 22.25
2026-10-08, 00:50:08, 22.25, 22.5, 22.75, 22.62, 9999.0, 22.88, 22.38, 22.5, 9999.0, 22.5, 9999.0, 22.62, 22.5, 22.25, 22.25, 22.25
2026-10-08, 00:50:12, 22.25, 22.5, 22.75, 22.75, 9999.0, 22.75, 22.5, 22.5, 9999.0, 22.38, 9999.0, 22.75, 22.5, 22.25, 22.25, 22.25
2026-10-08, 00:50:16, 22.25, 22.5, 22.75, 22.75, 9999.0, 22.75, 22.5, 22.5, 9999.0, 22.38, 9999.0, 22.75, 22.5, 22.25, 22.25, 22.25
2026-10-08, 00:50:20, 22.25, 22.5, 22.75, 22.62, 9999.0, 22.75, 22.5, 22.5, 9999.0, 22.38, 9999.0, 22.75, 22.5, 22.25, 22.25, 22.25
2026-10-08, 00:50:24, 22.25, 22.38, 22.75, 22.5, 9999.0, 22.75, 22.5, 22.5, 9999.0, 22.25, 9999.0, 22.75, 22.5, 22.25, 22.25, 22.25
2026-10-08, 00:50:28, 22.25, 22.38, 22.75, 22.62, 9999.0, 22.75, 22.5, 22.38, 9999.0, 22.38, 9999.0, 22.75, 22.5, 22.25, 22.38, 22.25
2026-10-08, 00:50:32, 22.25, 22.5, 22.75, 22.75, 9999.0, 22.75, 22.5, 22.38, 9999.0, 22.5, 9999.0, 22.75, 22.5, 22.25, 22.38, 22.25
2026-10-08, 00:50:36, 22.38, 22.38, 22.75, 22.75, 9999.0, 22.75, 22.38, 22.38, 9999.0, 22.5, 9999.0, 22.75, 22.5, 22.25, 22.25, 22.25
2026-10-08, 00:50:40, 22.38, 22.38, 22.75, 22.62, 9999.0, 22.75, 22.38, 22.38, 9999.0, 22.62, 9999.0, 22.75, 22.5, 22.25, 22.38, 22.25
2026-10-08, 00:50:44, 22.25, 22.5, 22.75, 22.62, 9999.0, 22.75, 22.5, 22.5, 9999.0, 22.75, 9999.0, 22.75, 22.5, 22.25, 22.38, 22.25
2026-10-08, 00:50:48, 22.25, 22.5, 22.75, 22.75, 9999.0, 22.62, 22.5, 22.38, 9999.0, 22.62, 9999.0, 22.62, 22.5, 22.25, 22.25, 22.25
2026-10-08, 00:50:52, 22.25, 22.5, 22.75, 22.62, 9999.0, 22.5, 22.5, 22.25, 9999.0, 22.5, 9999.0, 22.62, 22.5, 22.25, 22.25, 22.25
2026-10-08, 00:50:56, 22.25, 22.5, 22.75, 22.5, 9999.0, 22.5, 22.5, 22.25, 9999.0, 22.5, 9999.0, 22.75, 22.5, 22.25, 22.25, 22.25
2026-10-08, 00:51:00, 22.25, 22.5, 22.75, 22.5, 9999.0, 22.5, 22.38, 22.25, 9999.0, 22.5, 9999.0, 22.62, 22.5, 22.25, 22.25, 22.25
2026-10-08, 00:51:04, 22.25, 22.5, 22.75, 22.62, 9999.0, 22.5, 22.25, 22.25, 9999.0, 22.5, 9999.0, 22.5, 22.5, 22.25, 22.25, 22.25
2026-10-08, 00:51:08, 22.25, 22.5, 22.75, 22.75, 9999.0, 22.62, 22.25, 22.38, 9999.0, 22.5, 9999.0, 22.5, 22.5, 22.25, 22.25, 22.25
2026-10-08, 00:51:12, 22.25, 22.5, 22.75, 22.75, 9999.0, 22.75, 22.25, 22.38, 9999.0, 22.5, 9999.0, 22.5, 22.5, 22.25, 22.25, 22.25
2026-10-08, 00:51:16, 22.25, 22.5, 22.75, 22.62, 9999.0, 22.75, 22.25, 22.25, 9999.0, 22.5, 9999.0, 22.5, 22.5, 22.25, 22.25, 22.25
2026-10-08, 00:51:20, 22.25, 22.5, 22.75, 22.5, 9999.0, 22.75, 22.38, 22.25, 9999.0, 22.5, 9999.0, 22.5, 22.5, 22.25, 22.25, 22.25
2026-10-08, 00:51:24, 22.25, 22.38, 22.75, 22.5, 9999.0, 22.75, 22.5, 22.25, 9999.0, 22.5, 9999.0, 22.62, 22.5, 22.25, 22.25, 22.25
2026-10-08, 00:51:28, 22.25, 22.38, 22.75, 22.5, 9999.0, 22.75, 22.5, 22.25, 9999.0, 22.5, 9999.0, 22.75, 22.5, 22.25, 22.25, 22.25
2026-10-08, 00:51:33, 22.25, 22.38, 22.75, 22.5, 9999.0, 22.75, 22.5, 22.25, 9999.0, 22.5, 9999.0, 22.75, 22.5, 22.25, 22.25, 22.25
2026-10-08, 00:51:37, 22.38, 22.25, 22.75, 22.5, 9999.0, 22.75, 22.5, 22.38, 9999.0, 22.38, 9999.0, 22.75, 22.5, 22.25, 22.38, 22.25
2026-10-08, 00:51:41, 22.38, 22.38, 22.62, 22.62, 9999.0, 22.75, 22.5, 22.38, 9999.0, 22.38, 9999.0, 22.75, 22.5, 22.25, 22.38, 22.25
2026-10-08, 00:51:45, 22.25, 22.5, 22.62, 22.62, 9999.0, 22.75, 22.5, 22.25, 9999.0, 22.5, 9999.0, 22.75, 22.38, 22.25, 22.25, 22.25
2026-10-08, 00:51:49, 22.38, 22.5, 22.75, 22.5, 9999.0, 22.75, 22.5, 22.25, 9999.0, 22.5, 9999.0, 22.75, 22.38, 22.25, 22.25, 22.25
2026-10-08, 00:51:53, 22.38, 22.5, 22.75, 22.5, 9999.0, 22.62, 22.38, 22.25, 9999.0, 22.62, 9999.0, 22.75, 22.5, 22.25, 22.25, 22.25
2026-10-08, 00:51:57, 22.25, 22.5, 22.75, 22.5, 9999.0, 22.62, 22.25, 22.25, 9999.0, 22.75, 9999.0, 22.75, 22.5, 22.25, 22.25, 22.25
2026-10-08, 00:52:01, 22.25, 22.5, 22.75, 22.5, 9999.0, 22.62, 22.25, 22.38, 9999.0, 22.75, 9999.0, 22.62, 22.5, 22.25, 22.25, 22.25
2026-10-08, 00:52:05, 22.25, 22.5, 22.75, 22.5, 9999.0, 22.62, 22.25, 22.38, 9999.0, 22.62, 9999.0, 22.5, 22.5, 22.25, 22.25, 22.25
2026-10-08, 00:52:09, 22.25, 22.5, 22.62, 22.5, 9999.0, 22.62, 22.25, 22.25, 9999.0, 22.5, 9999.0, 22.62, 22.5, 22.25, 22.25, 22.25
2026-10-08, 00:52:13, 22.25, 22.5, 22.62, 22.5, 9999.0, 22.62, 22.25, 22.25, 9999.0, 22.5, 9999.0, 22.62, 22.5, 22.25, 22.25, 22.25
2026-10-08, 00:52:17, 22.25, 22.5, 22.75, 22.5, 9999.0, 22.62, 22.38, 22.38, 9999.0, 22.5, 9999.0, 22.5, 22.5, 22.25, 22.25, 22.25
2026-10-08, 00:52:21, 22.25, 22.5, 22.62, 22.5, 9999.0, 22.62, 22.38, 22.38, 9999.0, 22.5, 9999.0, 22.5, 22.5, 22.25, 22.25, 22.25
2026-10-08, 00:52:25, 22.25, 22.5, 22.5, 22.5, 9999.0, 22.75, 22.25, 22.25, 9999.0, 22.5, 9999.0, 22.5, 22.5, 22.25, 22.25, 22.25
2026-10-08, 00:52:29, 22.25, 22.5, 22.62, 22.5, 9999.0, 22.75, 22.25, 22.38, 9999.0, 22.5, 9999.0, 22.5, 22.5, 22.25, 22.25, 22.25
2026-10-08, 00:52:33, 22.25, 22.5, 22.75, 22.5, 9999.0, 22.75, 22.25, 22.38, 9999.0, 22.5, 9999.0, 22.5, 22.5, 22.25, 22.25, 22.25
2026-10-08, 00:52:37, 22.25, 22.5, 22.75, 22.5, 9999.0, 22.75, 22.38, 22.25, 9999.0, 22.5, 9999.0, 22.62, 22.5, 22.25, 22.25, 22.12
2026-10-08, 00:52:41, 22.25, 22.5, 22.75, 22.5, 9999.0, 22.75, 22.5, 22.25, 9999.0, 22.5, 9999.0, 22.75, 22.5, 22.25, 22.25, 22.12
2026-10-08, 00:52:45, 22.25, 22.5, 22.62, 22.5, 9999.0, 22.75, 22.5, 22.25, 9999.0, 22.5, 9999.0, 22.75, 22.5, 22.25, 22.25, 22.25
2026-10-08, 00:52:49, 22.25, 22.5, 22.62, 22.5, 9999.0, 22.75, 22.38, 22.25, 9999.0, 22.38, 9999.0, 22.75, 22.38, 22.25, 22.25, 22.25
2026-10-08, 00:52:53, 22.25, 22.38, 22.62, 22.5, 9999.0, 22.75, 22.25, 22.25, 9999.0, 22.38, 9999.0, 22.75, 22.38, 22.25, 22.25, 22.25
2026-10-08, 00:52:57, 22.38, 22.38, 22.62, 22.5, 9999.0, 22.75, 22.25, 22.25, 9999.0, 22.5, 9999.0, 22.75, 22.5, 22.25, 22.25, 22.25
2026-10-08, 00:53:01, 22.38, 22.38, 22.75, 22.5, 9999.0, 22.75, 22.38, 22.25, 9999.0, 22.5, 9999.0, 22.75, 22.5, 22.25, 22.25, 22.25
2026-10-08, 00:53:05, 22.25, 22.38, 22.75, 22.5, 9999.0, 22.75, 22.38, 22.25, 9999.0, 22.62, 9999.0, 22.75, 22.5, 22.25, 22.25, 22.25
2026-10-08, 00:53:09, 22.25, 22.5, 22.75, 22.5, 9999.0, 22.75, 22.25, 22.25, 9999.0, 22.75, 9999.0, 22.75, 22.5, 22.25, 22.25, 22.25
2026-10-08, 00:53:13, 22.25, 22.5, 22.75, 22.5, 9999.0, 22.62, 22.25, 22.25, 9999.0, 22.75, 9999.0, 22.75, 22.5, 22.25, 22.25, 22.25
2026-10-08, 00:53:17, 22.25, 22.5, 22.75, 22.5, 9999.0, 22.5, 22.38, 22.25, 9999.0, 22.62, 9999.0, 22.75, 22.5, 22.25, 22.25, 22.25
2026-10-08, 00:53:21, 22.25, 22.5, 22.62, 22.5, 9999.0, 22.62, 22.38, 22.25, 9999.0, 22.62, 9999.0, 22.62, 22.5, 22.25, 22.25, 22.12
2026-10-08, 00:53:25, 22.25, 22.5, 22.5, 22.5, 9999.0, 22.62, 22.25, 22.25, 9999.0, 22.75, 9999.0, 22.5, 22.5, 22.12, 22.25, 22.12
2026-10-08, 00:53:29, 22.25, 22.5, 22.62, 22.5, 9999.0, 22.5, 22.25, 22.25, 9999.0, 22.75, 9999.0, 22.5, 22.5, 22.12, 22.25, 22.12
2026-10-08, 00:53:33, 22.25, 22.5, 22.75, 22.5, 9999.0, 22.5, 22.25, 22.25, 9999.0, 22.62, 9999.0, 22.5, 22.5, 22.25, 22.25, 22.12
2026-10-08, 00:53:37, 22.25, 22.38, 22.75, 22.5, 9999.0, 22.62, 22.25, 22.25, 9999.0, 22.5, 9999.0, 22.5, 22.5, 22.25, 22.25, 22.25
2026-10-08, 00:53:41, 22.25, 22.38, 22.75, 22.5, 9999.0, 22.62, 22.25, 22.25, 9999.0, 22.5, 9999.0, 22.5, 22.38, 22.25, 22.25, 22.25
2026-10-08, 00:53:45, 22.25, 22.5, 22.62, 22.5, 9999.0, 22.62, 22.38, 22.25, 9999.0, 22.5, 9999.0, 22.5, 22.38, 22.25, 22.25, 22.25
2026-10-08, 00:53:49, 22.25, 22.5, 22.62, 22.5, 9999.0, 22.75, 22.5, 22.25, 9999.0, 22.5, 9999.0, 22.62, 22.38, 22.25, 22.25, 22.12
2026-10-08, 00:53:53, 22.25, 22.5, 22.75, 22.5, 9999.0, 22.75, 22.38, 22.25, 9999.0, 22.5, 9999.0, 22.62, 22.38, 22.25, 22.25, 22.12
2026-10-08, 00:53:57, 22.25, 22.5, 22.75, 22.5, 9999.0, 22.75, 22.25, 22.25, 9999.0, 22.5, 9999.0, 22.5, 22.38, 22.25, 22.25, 22.12
2026-10-08, 00:54:01, 22.25, 22.5, 22.75, 22.5, 9999.0, 22.75, 22.38, 22.25, 9999.0, 22.5, 9999.0, 22.62, 22.38, 22.25, 22.25, 22.0
2026-10-08, 00:54:05, 22.25, 22.38, 22.75, 22.5, 9999.0, 22.75, 22.5, 22.38, 9999.0, 22.5, 9999.0, 22.75, 22.5, 22.25, 22.25, 22.12
2026-10-08, 00:54:09, 22.38, 22.38, 22.75, 22.5, 9999.0, 22.75, 22.5, 22.38, 9999.0, 22.62, 9999.0, 22.75, 22.38, 22.25, 22.25, 22.25
2026-10-08, 00:54:13, 22.38, 22.5, 22.75, 22.5, 9999.0, 22.62, 22.5, 22.25, 9999.0, 22.62, 9999.0, 22.75, 22.25, 22.25, 22.25, 22.25
2026-10-08, 00:54:17, 22.25, 22.5, 22.75, 22.5, 9999.0, 22.62, 22.5, 22.25, 9999.0, 22.62, 9999.0, 22.62, 22.38, 22.25, 22.25, 22.25
2026-10-08, 00:54:21, 22.25, 22.5, 22.75, 22.5, 9999.0, 22.62, 22.5, 22.25, 9999.0, 22.75, 9999.0, 22.62, 22.5, 22.25, 22.25, 22.25
2026-10-08, 00:54:25, 22.25, 22.5, 22.62, 22.5, 9999.0, 22.62, 22.38, 22.25, 9999.0, 22.75, 9999.0, 22.75, 22.5, 22.25, 22.25, 22.25
2026-10-08, 00:54:29, 22.25, 22.5, 22.62, 22.5, 9999.0, 22.75, 22.25, 22.25, 9999.0, 22.75, 9999.0, 22.62, 22.5, 22.25, 22.25, 22.25
2026-10-08, 00:54:33, 22.25, 22.5, 22.75, 22.5, 9999.0, 22.62, 22.25, 22.25, 9999.0, 22.75, 9999.0, 22.5, 22.5, 22.25, 22.25, 22.25
2026-10-08, 00:54:37, 22.25, 22.5, 22.75, 22.5, 9999.0, 22.5, 22.25, 22.25, 9999.0, 22.75, 9999.0, 22.5, 22.5, 22.25, 22.25, 22.12
2026-10-08, 00:54:41, 22.25, 22.5, 22.62, 22.5, 9999.0, 22.5, 22.25, 22.25, 9999.0, 22.75, 9999.0, 22.5, 22.5, 22.25, 22.25, 22.12
2026-10-08, 00:54:45, 22.38, 22.5, 22.62, 22.5, 9999.0, 22.5, 22.25, 22.25, 9999.0, 22.75, 9999.0, 22.5, 22.5, 22.25, 22.25, 22.25
2026-10-08, 00:54:49, 22.38, 22.5, 22.62, 22.5, 9999.0, 22.62, 22.25, 22.25, 9999.0, 22.62, 9999.0, 22.5, 22.38, 22.25, 22.25, 22.12
2026-10-08, 00:54:53, 22.25, 22.5, 22.5, 22.5, 9999.0, 22.75, 22.25, 22.25, 9999.0, 22.5, 9999.0, 22.5, 22.38, 22.25, 22.25, 22.0
2026-10-08, 00:54:57, 22.25, 22.5, 22.5, 22.5, 9999.0, 22.75, 22.25, 22.25, 9999.0, 22.5, 9999.0, 22.5, 22.5, 22.25, 22.25, 22.0
2026-10-08, 00:55:01, 22.25, 22.5, 22.5, 22.5, 9999.0, 22.75, 22.38, 22.25, 9999.0, 22.5, 9999.0, 22.5, 22.38, 22.25, 22.25, 22.0
2026-10-08, 00:55:05, 22.25, 22.5, 22.62, 22.5, 9999.0, 22.75, 22.5, 22.25, 9999.0, 22.5, 9999.0, 22.5, 22.38, 22.25, 22.25, 22.12
2026-10-08, 00:55:09, 22.25, 22.5, 22.75, 22.5, 9999.0, 22.75, 22.38, 22.25, 9999.0, 22.5, 9999.0, 22.5, 22.38, 22.25, 22.25, 22.12
2026-10-08, 00:55:13, 22.25, 22.5, 22.75, 22.5, 9999.0, 22.75, 22.38, 22.25, 9999.0, 22.5, 9999.0, 22.62, 22.38, 22.25, 22.25, 22.12
2026-10-08, 00:55:17, 22.25, 22.5, 22.62, 22.5, 9999.0, 22.75, 22.38, 22.25, 9999.0, 22.5, 9999.0, 22.75, 22.5, 22.25, 22.25, 22.25
2026-10-08, 00:55:21, 22.25, 22.5, 22.62, 22.5, 9999.0, 22.75, 22.25, 22.25, 9999.0, 22.5, 9999.0, 22.75, 22.5, 22.25, 22.25, 22.25
2026-10-08, 00:55:26, 22.25, 22.5, 22.62, 22.5, 9999.0, 22.75, 22.25, 22.25, 9999.0, 22.62, 9999.0, 22.75, 22.5, 22.25, 22.25, 22.25
2026-10-08, 00:55:30, 22.25, 22.5, 22.5, 22.5, 9999.0, 22.62, 22.38, 22.25, 9999.0, 22.75, 9999.0, 22.75, 22.5, 22.25, 22.25, 22.25
2026-10-08, 00:55:34, 22.25, 22.38, 22.5, 22.5, 9999.0, 22.5, 22.38, 22.25, 9999.0, 22.75, 9999.0, 22.62, 22.5, 22.25, 22.25, 22.25
2026-10-08, 00:55:38, 22.25, 22.38, 22.62, 22.5, 9999.0, 22.5, 22.25, 22.25, 9999.0, 22.75, 9999.0, 22.62, 22.5, 22.25, 22.25, 22.25
2026-10-08, 00:55:42, 22.25, 22.5, 22.62, 22.5, 9999.0, 22.5, 22.25, 22.25, 9999.0, 22.75, 9999.0, 22.62, 22.5, 22.25, 22.25, 22.25
2026-10-08, 00:55:46, 22.25, 22.5, 22.62, 22.5, 9999.0, 22.5, 22.25, 22.25, 9999.0, 22.75, 9999.0, 22.62, 22.5, 22.25, 22.25, 22.12
2026-10-08, 00:55:50, 22.25, 22.5, 22.75, 22.5, 9999.0, 22.5, 22.25, 22.25, 9999.0, 22.75, 9999.0, 22.62, 22.38, 22.25, 22.25, 22.12
2026-10-08, 00:55:54, 22.25, 22.5, 22.62, 22.5, 9999.0, 22.5, 22.25, 22.25, 9999.0, 22.75, 9999.0, 22.5, 22.38, 22.25, 22.25, 22.25
2026-10-08, 00:55:58, 22.25, 22.5, 22.5, 22.5, 9999.0, 22.5, 22.25, 22.25, 9999.0, 22.75, 9999.0, 22.5, 22.38, 22.25, 22.25, 22.12
2026-10-08, 00:56:02, 22.25, 22.38, 22.5, 22.5, 9999.0, 22.62, 22.25, 22.25, 9999.0, 22.75, 9999.0, 22.5, 22.38, 22.25, 22.25, 22.12
2026-10-08, 00:56:06, 22.25, 22.25, 22.62, 22.5, 9999.0, 22.75, 22.25, 22.25, 9999.0, 22.75, 9999.0, 22.5, 22.5, 22.25, 22.25, 22.25
2026-10-08, 00:56:10, 22.25, 22.38, 22.62, 22.5, 9999.0, 22.75, 22.25, 22.25, 9999.0, 22.75, 9999.0, 22.5, 22.38, 22.25, 22.25, 22.12
2026-10-08, 00:56:14, 22.25, 22.38, 22.5, 22.5, 9999.0, 22.75, 22.38, 22.25, 9999.0, 22.75, 9999.0, 22.5, 22.25, 22.25, 22.25, 22.12
2026-10-08, 00:56:18, 22.25, 22.38, 22.62, 22.5, 9999.0, 22.75, 22.38, 22.25, 9999.0, 22.75, 9999.0, 22.62, 22.25, 22.25, 22.25, 22.12
2026-10-08, 00:56:22, 22.25, 22.38, 22.62, 22.5, 9999.0, 22.75, 22.25, 22.25, 9999.0, 22.62, 9999.0, 22.62, 22.25, 22.25, 22.25, 22.0
2026-10-08, 00:56:26, 22.25, 22.38, 22.5, 22.5, 9999.0, 22.75, 22.38, 22.25, 9999.0, 22.5, 9999.0, 22.62, 22.25, 22.25, 22.25, 22.12
2026-10-08, 00:56:30, 22.25, 22.5, 22.5, 22.5, 9999.0, 22.75, 22.38, 22.25, 9999.0, 22.5, 9999.0, 22.75, 22.38, 22.25, 22.25, 22.25
2026-10-08, 00:56:34, 22.25, 22.5, 22.5, 22.5, 9999.0, 22.75, 22.38, 22.25, 9999.0, 22.5, 9999.0, 22.75, 22.38, 22.25, 22.25, 22.12
2026-10-08, 00:56:38, 22.25, 22.5, 22.62, 22.5, 9999.0, 22.62, 22.38, 22.25, 9999.0, 22.62, 9999.0, 22.75, 22.38, 22.25, 22.25, 22.0
2026-10-08, 00:56:42, 22.25, 22.38, 22.62, 22.5, 9999.0, 22.62, 22.25, 22.25, 9999.0, 22.75, 9999.0, 22.75, 22.5, 22.25, 22.25, 22.12
2026-10-08, 00:56:46, 22.25, 22.38, 22.5, 22.5, 9999.0, 22.62, 22.38, 22.25, 9999.0, 22.75, 9999.0, 22.62, 22.5, 22.25, 22.25, 22.12
2026-10-08, 00:56:50, 22.25, 22.5, 22.62, 22.5, 9999.0, 22.5, 22.38, 22.25, 9999.0, 22.75, 9999.0, 22.5, 22.5, 22.25, 22.25, 22.12
2026-10-08, 00:56:54, 22.25, 22.5, 22.62, 22.5, 9999.0, 22.5, 22.25, 22.25, 9999.0, 22.75, 9999.0, 22.5, 22.38, 22.25, 22.25, 22.12
2026-10-08, 00:56:58, 22.25, 22.5, 22.5, 22.5, 9999.0, 22.5, 22.38, 22.25, 9999.0, 22.75, 9999.0, 22.5, 22.38, 22.25, 22.25, 22.12
2026-10-08, 00:57:02, 22.25, 22.38, 22.5, 22.5, 9999.0, 22.5, 22.38, 22.25, 9999.0, 22.75, 9999.0, 22.5, 22.5, 22.25, 22.25, 22.25
2026-10-08, 00:57:06, 22.25, 22.38, 22.5, 22.5, 9999.0, 22.5, 22.25, 22.25, 9999.0, 22.75, 9999.0, 22.5, 22.5, 22.25, 22.25, 22.12
2026-10-08, 00:57:10, 22.25, 22.38, 22.62, 22.5, 9999.0, 22.5, 22.25, 22.25, 9999.0, 22.75, 9999.0, 22.5, 22.5, 22.25, 22.25, 22.0
2026-10-08, 00:57:14, 22.25, 22.25, 22.62, 22.5, 9999.0, 22.5, 22.25, 22.25, 9999.0, 22.75, 9999.0, 22.5, 22.38, 22.25, 22.25, 22.0
2026-10-08, 00:57:18, 22.25, 22.38, 22.5, 22.5, 9999.0, 22.62, 22.25, 22.25, 9999.0, 22.62, 9999.0, 22.5, 22.25, 22.25, 22.25, 22.0
2026-10-08, 00:57:22, 22.25, 22.5, 22.5, 22.5, 9999.0, 22.62, 22.25, 22.25, 9999.0, 22.5, 9999.0, 22.5, 22.25, 22.25, 22.25, 22.0
2026-10-08, 00:57:26, 22.25, 22.5, 22.5, 22.5, 9999.0, 22.62, 22.25, 22.25, 9999.0, 22.5, 9999.0, 22.5, 22.25, 22.25, 22.25, 22.0
2026-10-08, 00:57:30, 22.25, 22.38, 22.5, 22.5, 9999.0, 22.75, 22.38, 22.25, 9999.0, 22.62, 9999.0, 22.62, 22.25, 22.25, 22.25, 22.0
2026-10-08, 00:57:34, 22.25, 22.38, 22.5, 22.5, 9999.0, 22.75, 22.38, 22.25, 9999.0, 22.62, 9999.0, 22.62, 22.25, 22.12, 22.25, 22.0
2026-10-08, 00:57:38, 22.25, 22.5, 22.5, 22.5, 9999.0, 22.75, 22.25, 22.25, 9999.0, 22.5, 9999.0, 22.5, 22.25, 22.12, 22.25, 22.0
2026-10-08, 00:57:42, 22.25, 22.5, 22.5, 22.5, 9999.0, 22.75, 22.38, 22.25, 9999.0, 22.5, 9999.0, 22.62, 22.38, 22.25, 22.25, 22.0
2026-10-08, 00:57:46, 22.25, 22.5, 22.5, 22.5, 9999.0, 22.75, 22.5, 22.25, 9999.0, 22.5, 9999.0, 22.75, 22.5, 22.25, 22.25, 22.0
2026-10-08, 00:57:50, 22.25, 22.5, 22.5, 22.5, 9999.0, 22.75, 22.5, 22.25, 9999.0, 22.62, 9999.0, 22.75, 22.5, 22.25, 22.25, 22.0
2026-10-08, 00:57:54, 22.25, 22.5, 22.5, 22.5, 9999.0, 22.75, 22.38, 22.25, 9999.0, 22.75, 9999.0, 22.75, 22.38, 22.25, 22.25, 22.0
2026-10-08, 00:57:58, 22.25, 22.38, 22.5, 22.5, 9999.0, 22.75, 22.25, 22.25, 9999.0, 22.75, 9999.0, 22.75, 22.38, 22.25, 22.25, 22.0
2026-10-08, 00:58:02, 22.25, 22.38, 22.5, 22.5, 9999.0, 22.62, 22.25, 22.25, 9999.0, 22.75, 9999.0, 22.62, 22.38, 22.25, 22.25, 22.12
2026-10-08, 00:58:06, 22.25, 22.5, 22.5, 22.5, 9999.0, 22.5, 22.25, 22.25, 9999.0, 22.75, 9999.0, 22.5, 22.38, 22.25, 22.25, 22.12
2026-10-08, 00:58:10, 22.25, 22.38, 22.62, 22.5, 9999.0, 22.5, 22.25, 22.25, 9999.0, 22.75, 9999.0, 22.5, 22.38, 22.25, 22.25, 22.0
2026-10-08, 00:58:14, 22.25, 22.38, 22.62, 22.5, 9999.0, 22.5, 22.25, 22.25, 9999.0, 22.75, 9999.0, 22.5, 22.38, 22.25, 22.25, 22.0
2026-10-08, 00:58:18, 22.25, 22.38, 22.5, 22.5, 9999.0, 22.5, 22.25, 22.25, 9999.0, 22.75, 9999.0, 22.5, 22.5, 22.25, 22.25, 22.12
2026-10-08, 00:58:22, 22.25, 22.38, 22.5, 22.5, 9999.0, 22.5, 22.25, 22.25, 9999.0, 22.75, 9999.0, 22.5, 22.5, 22.25, 22.25, 22.25
2026-10-08, 00:58:26, 22.25, 22.38, 22.5, 22.5, 9999.0, 22.5, 22.25, 22.25, 9999.0, 22.75, 9999.0, 22.5, 22.38, 22.25, 22.25, 22.12
2026-10-08, 00:58:30, 22.25, 22.25, 22.5, 22.5, 9999.0, 22.62, 22.25, 22.25, 9999.0, 22.75, 9999.0, 22.5, 22.25, 22.25, 22.25, 22.0
2026-10-08, 00:58:34, 22.25, 22.25, 22.5, 22.5, 9999.0, 22.75, 22.25, 22.25, 9999.0, 22.62, 9999.0, 22.5, 22.38, 22.25, 22.25, 22.0
2026-10-08, 00:58:38, 22.25, 22.25, 22.5, 22.5, 9999.0, 22.75, 22.25, 22.25, 9999.0, 22.62, 9999.0, 22.5, 22.5, 22.25, 22.25, 22.0
2026-10-08, 00:58:42, 22.25, 22.38, 22.5, 22.5, 9999.0, 22.75, 22.38, 22.25, 9999.0, 22.62, 9999.0, 22.5, 22.38, 22.25, 22.25, 22.0
2026-10-08, 00:58:46, 22.25, 22.38, 22.5, 22.5, 9999.0, 22.75, 22.5, 22.25, 9999.0, 22.5, 9999.0, 22.5, 22.25, 22.25, 22.25, 22.0
2026-10-08, 00:58:50, 22.25, 22.25, 22.5, 22.5, 9999.0, 22.75, 22.38, 22.25, 9999.0, 22.5, 9999.0, 22.62, 22.25, 22.25, 22.25, 22.12
2026-10-08, 00:58:54, 22.25, 22.25, 22.5, 22.5, 9999.0, 22.75, 22.25, 22.25, 9999.0, 22.5, 9999.0, 22.75, 22.38, 22.25, 22.25, 22.12
2026-10-08, 00:58:58, 22.25, 22.38, 22.5, 22.5, 9999.0, 22.75, 22.38, 22.25, 9999.0, 22.5, 9999.0, 22.75, 22.38, 22.25, 22.25, 22.0
2026-10-08, 00:59:02, 22.25, 22.38, 22.5, 22.5, 9999.0, 22.75, 22.38, 22.25, 9999.0, 22.5, 9999.0, 22.75, 22.25, 22.25, 22.25, 22.0
2026-10-08, 00:59:06, 22.25, 22.38, 22.5, 22.5, 9999.0, 22.75, 22.25, 22.25, 9999.0, 22.5, 9999.0, 22.75, 22.38, 22.25, 22.25, 22.0
2026-10-08, 00:59:10, 22.25, 22.5, 22.5, 22.5, 9999.0, 22.62, 22.25, 22.25, 9999.0, 22.5, 9999.0, 22.75, 22.38, 22.25, 22.25, 22.0
2026-10-08, 00:59:14, 22.25, 22.5, 22.62, 22.5, 9999.0, 22.62, 22.25, 22.25, 9999.0, 22.62, 9999.0, 22.62, 22.38, 22.25, 22.25, 22.0
2026-10-08, 00:59:18, 22.25, 22.38, 22.62, 22.5, 9999.0, 22.62, 22.25, 22.25, 9999.0, 22.75, 9999.0, 22.5, 22.5, 22.12, 22.25, 22.0
2026-10-08, 00:59:23, 22.25, 22.25, 22.5, 22.5, 9999.0, 22.5, 22.25, 22.25, 9999.0, 22.75, 9999.0, 22.5, 22.5, 22.12, 22.25, 22.12
2026-10-08, 00:59:27, 22.25, 22.25, 22.5, 22.5, 9999.0, 22.5, 22.25, 22.25, 9999.0, 22.75, 9999.0, 22.5, 22.5, 22.25, 22.25, 22.12
2026-10-08, 00:59:31, 22.25, 22.38, 22.62, 22.5, 9999.0, 22.5, 22.25, 22.25, 9999.0, 22.75, 9999.0, 22.5, 22.38, 22.25, 22.25, 22.0
2026-10-08, 00:59:35, 22.25, 22.38, 22.62, 22.5, 9999.0, 22.5, 22.25, 22.25, 9999.0, 22.75, 9999.0, 22.5, 22.25, 22.25, 22.25, 22.0
2026-10-08, 00:59:39, 22.25, 22.25, 22.5, 22.5, 9999.0, 22.5, 22.25, 22.25, 9999.0, 22.62, 9999.0, 22.5, 22.25, 22.25, 22.25, 22.0
2026-10-08, 00:59:43, 22.25, 22.38, 22.62, 22.5, 9999.0, 22.62, 22.25, 22.25, 9999.0, 22.5, 9999.0, 22.5, 22.25, 22.25, 22.25, 22.0
2026-10-08, 00:59:47, 22.25, 22.38, 22.62, 22.5, 9999.0, 22.75, 22.25, 22.25, 9999.0, 22.5, 9999.0, 22.5, 22.25, 22.25, 22.25, 22.12
2026-10-08, 00:59:51, 22.25, 22.38, 22.5, 22.5, 9999.0, 22.75, 22.25, 22.25, 9999.0, 22.5, 9999.0, 22.5, 22.25, 22.12, 22.25, 22.12
2026-10-08, 00:59:55, 22.25, 22.38, 22.5, 22.5, 9999.0, 22.75, 22.25, 22.25, 9999.0, 22.5, 9999.0, 22.38, 22.25, 22.12, 22.25, 22.0
2026-10-08, 00:59:59, 22.25, 22.25, 22.5, 22.5, 9999.0, 22.75, 22.25, 22.25, 9999.0, 22.5, 9999.0, 22.38, 22.25, 22.25, 22.25, 22.0
2026-10-08, 01:00:03, 22.25, 22.25, 22.5, 22.5, 9999.0, 22.75, 22.38, 22.25, 9999.0, 22.5, 9999.0, 22.62, 22.25, 22.25, 22.25, 22.0
2026-10-08, 01:00:07, 22.25, 22.25, 22.5, 22.5, 9999.0, 22.75, 22.38, 22.25, 9999.0, 22.5, 9999.0, 22.75, 22.38, 22.25, 22.25, 22.0
2026-10-08, 01:00:11, 22.25, 22.25, 22.5, 22.5, 9999.0, 22.75, 22.25, 22.25, 9999.0, 22.5, 9999.0, 22.75, 22.5, 22.25, 22.25, 22.12
2026-10-08, 01:00:15, 22.25, 22.25, 22.5, 22.5, 9999.0, 22.75, 22.38, 22.25, 9999.0, 22.5, 9999.0, 22.75, 22.38, 22.25, 22.25, 22.12
2026-10-08, 01:00:19, 22.25, 22.38, 22.5, 22.5, 9999.0, 22.75, 22.38, 22.25, 9999.0, 22.5, 9999.0, 22.75, 22.38, 22.12, 22.25, 22.0
2026-10-08, 01:00:23, 22.25, 22.38, 22.5, 22.5, 9999.0, 22.62, 22.25, 22.25, 9999.0, 22.5, 9999.0, 22.75, 22.38, 22.12, 22.25, 22.0
2026-10-08, 01:00:27, 22.25, 22.25, 22.5, 22.5, 9999.0, 22.62, 22.25, 22.25, 9999.0, 22.62, 9999.0, 22.62, 22.38, 22.25, 22.25, 22.0
2026-10-08, 01:00:31, 22.25, 22.25, 22.5, 22.5, 9999.0, 22.62, 22.38, 22.25, 9999.0, 22.75, 9999.0, 22.5, 22.5, 22.25, 22.25, 22.0
2026-10-08, 01:00:35, 22.25, 22.25, 22.5, 22.5, 9999.0, 22.5, 22.38, 22.25, 9999.0, 22.75, 9999.0, 22.5, 22.5, 22.25, 22.25, 22.0
2026-10-08, 01:00:39, 22.25, 22.38, 22.5, 22.5, 9999.0, 22.5, 22.38, 22.25, 9999.0, 22.75, 9999.0, 22.5, 22.5, 22.12, 22.25, 22.12
2026-10-08, 01:00:43, 22.25, 22.38, 22.5, 22.5, 9999.0, 22.5, 22.38, 22.25, 9999.0, 22.75, 9999.0, 22.5, 22.38, 22.12, 22.25, 22.12
2026-10-08, 01:00:47, 22.25, 22.38, 22.5, 22.5, 9999.0, 22.5, 22.25, 22.25, 9999.0, 22.62, 9999.0, 22.5, 22.38, 22.25, 22.25, 22.0
2026-10-08, 01:00:51, 22.25, 22.38, 22.5, 22.5, 9999.0, 22.5, 22.25, 22.25, 9999.0, 22.5, 9999.0, 22.5, 22.38, 22.25, 22.25, 22.0
2026-10-08, 01:00:55, 22.25, 22.25, 22.5, 22.5, 9999.0, 22.62, 22.25, 22.25, 9999.0, 22.5, 9999.0, 22.5, 22.25, 22.25, 22.25, 22.0
2026-10-08, 01:00:59, 22.25, 22.25, 22.5, 22.5, 9999.0, 22.62, 22.25, 22.25, 9999.0, 22.5, 9999.0, 22.5, 22.25, 22.25, 22.25, 22.0
2026-10-08, 01:01:03, 22.25, 22.25, 22.5, 22.5, 9999.0, 22.62, 22.25, 22.25, 9999.0, 22.5, 9999.0, 22.5, 22.25, 22.25, 22.25, 22.0
2026-10-08, 01:01:07, 22.25, 22.25, 22.5, 22.5, 9999.0, 22.75, 22.25, 22.25, 9999.0, 22.5, 9999.0, 22.5, 22.25, 22.25, 22.25, 22.0
2026-10-08, 01:01:11, 22.25, 22.38, 22.5, 22.5, 9999.0, 22.75, 22.25, 22.25, 9999.0, 22.38, 9999.0, 22.5, 22.25, 22.25, 22.25, 22.0
2026-10-08, 01:01:15, 22.25, 22.5, 22.5, 22.5, 9999.0, 22.75, 22.25, 22.25, 9999.0, 22.25, 9999.0, 22.5, 22.25, 22.12, 22.25, 22.0
2026-10-08, 01:01:19, 22.25, 22.38, 22.5, 22.5, 9999.0, 22.75, 22.38, 22.25, 9999.0, 22.38, 9999.0, 22.5, 22.25, 22.12, 22.25, 22.0
2026-10-08, 01:01:23, 22.25, 22.38, 22.5, 22.5, 9999.0, 22.75, 22.5, 22.25, 9999.0, 22.38, 9999.0, 22.62, 22.38, 22.25, 22.25, 22.0
2026-10-08, 01:01:27, 22.25, 22.5, 22.5, 22.5, 9999.0, 22.75, 22.5, 22.25, 9999.0, 22.25, 9999.0, 22.75, 22.38, 22.12, 22.25, 22.0
2026-10-08, 01:01:31, 22.25, 22.5, 22.5, 22.5, 9999.0, 22.75, 22.5, 22.25, 9999.0, 22.38, 9999.0, 22.75, 22.25, 22.12, 22.25, 22.0
2026-10-08, 01:01:35, 22.25, 22.38, 22.5, 22.5, 9999.0, 22.62, 22.38, 22.25, 9999.0, 22.5, 9999.0, 22.75, 22.25, 22.25, 22.25, 22.0
2026-10-08, 01:01:39, 22.25, 22.38, 22.5, 22.5, 9999.0, 22.5, 22.25, 22.25, 9999.0, 22.5, 9999.0, 22.75, 22.38, 22.25, 22.25, 22.0
2026-10-08, 01:01:43, 22.25, 22.38, 22.5, 22.5, 9999.0, 22.62, 22.25, 22.25, 9999.0, 22.62, 9999.0, 22.62, 22.5, 22.25, 22.25, 22.0
2026-10-08, 01:01:47, 22.25, 22.38, 22.5, 22.5, 9999.0, 22.62, 22.25, 22.25, 9999.0, 22.62, 9999.0, 22.5, 22.38, 22.25, 22.25, 22.0
2026-10-08, 01:01:51, 22.25, 22.5, 22.5, 22.5, 9999.0, 22.5, 22.25, 22.25, 9999.0, 22.5, 9999.0, 22.5, 22.38, 22.25, 22.25, 22.12
2026-10-08, 01:01:55, 22.25, 22.38, 22.5, 22.5, 9999.0, 22.5, 22.25, 22.25, 9999.0, 22.5, 9999.0, 22.5, 22.38, 22.25, 22.25, 22.25
2026-10-08, 01:01:59, 22.25, 22.25, 22.5, 22.5, 9999.0, 22.5, 22.25, 22.25, 9999.0, 22.5, 9999.0, 22.5, 22.38, 22.25, 22.25, 22.12
2026-10-08, 01:02:03, 22.25, 22.38, 22.5, 22.5, 9999.0, 22.5, 22.38, 22.25, 9999.0, 22.5, 9999.0, 22.5, 22.5, 22.25, 22.25, 22.0
2026-10-08, 01:02:07, 22.25, 22.38, 22.5, 22.5, 9999.0, 22.5, 22.38, 22.25, 9999.0, 22.5, 9999.0, 22.5, 22.5, 22.25, 22.25, 22.0
2026-10-08, 01:02:11, 22.25, 22.25, 22.5, 22.5, 9999.0, 22.62, 22.25, 22.25, 9999.0, 22.38, 9999.0, 22.5, 22.38, 22.25, 22.25, 22.0
2026-10-08, 01:02:15, 22.25, 22.25, 22.62, 22.5, 9999.0, 22.62, 22.25, 22.25, 9999.0, 22.38, 9999.0, 22.5, 22.38, 22.25, 22.25, 22.12
2026-10-08, 01:02:19, 22.25, 22.25, 22.62, 22.5, 9999.0, 22.62, 22.25, 22.25, 9999.0, 22.5, 9999.0, 22.5, 22.38, 22.12, 22.25, 22.12
2026-10-08, 01:02:23, 22.25, 22.25, 22.5, 22.5, 9999.0, 22.75, 22.25, 22.25, 9999.0, 22.5, 9999.0, 22.5, 22.38, 22.12, 22.25, 22.0
2026-10-08, 01:02:27, 22.25, 22.25, 22.5, 22.5, 9999.0, 22.75, 22.25, 22.25, 9999.0, 22.38, 9999.0, 22.5, 22.38, 22.25, 22.25, 22.0
2026-10-08, 01:02:31, 22.25, 22.38, 22.5, 22.5, 9999.0, 22.75, 22.25, 22.25, 9999.0, 22.25, 9999.0, 22.62, 22.25, 22.25, 22.25, 22.12
2026-10-08, 01:02:35, 22.25, 22.38, 22.5, 22.5, 9999.0, 22.75, 22.25, 22.25, 9999.0, 22.25, 9999.0, 22.75, 22.38, 22.25, 22.25, 22.12
2026-10-08, 01:02:39, 22.25, 22.38, 22.5, 22.5, 9999.0, 22.75, 22.38, 22.25, 9999.0, 22.25, 9999.0, 22.75, 22.5, 22.25, 22.25, 22.0
2026-10-08, 01:02:43, 22.25, 22.38, 22.5, 22.5, 9999.0, 22.75, 22.5, 22.25, 9999.0, 22.38, 9999.0, 22.75, 22.5, 22.25, 22.25, 22.12
2026-10-08, 01:02:47, 22.25, 22.25, 22.5, 22.5, 9999.0, 22.62, 22.38, 22.25, 9999.0, 22.5, 9999.0, 22.62, 22.38, 22.25, 22.25, 22.12
2026-10-08, 01:02:51, 22.25, 22.25, 22.5, 22.5, 9999.0, 22.5, 22.25, 22.25, 9999.0, 22.5, 9999.0, 22.62, 22.38, 22.25, 22.25, 22.0
2026-10-08, 01:02:55, 22.25, 22.25, 22.5, 22.5, 9999.0, 22.5, 22.25, 22.25, 9999.0, 22.5, 9999.0, 22.62, 22.5, 22.25, 22.25, 22.0
2026-10-08, 01:02:59, 22.25, 22.38, 22.5, 22.5, 9999.0, 22.5, 22.25, 22.25, 9999.0, 22.5, 9999.0, 22.62, 22.5, 22.25, 22.25, 22.12
2026-10-08, 01:03:04, 22.25, 22.5, 22.5, 22.5, 9999.0, 22.5, 22.25, 22.25, 9999.0, 22.5, 9999.0, 22.62, 22.38, 22.25, 22.25, 22.12
2026-10-08, 01:03:08, 22.25, 22.5, 22.5, 22.5, 9999.0, 22.5, 22.38, 22.25, 9999.0, 22.5, 9999.0, 22.5, 22.38, 22.25, 22.25, 22.0
2026-10-08, 01:03:12, 22.25, 22.38, 22.5, 22.5, 9999.0, 22.5, 22.38, 22.25, 9999.0, 22.5, 9999.0, 22.5, 22.5, 22.25, 22.25, 22.12
2026-10-08, 01:03:16, 22.25, 22.25, 22.5, 22.5, 9999.0, 22.5, 22.25, 22.25, 9999.0, 22.5, 9999.0, 22.5, 22.38, 22.25, 22.25, 22.12
2026-10-08, 01:03:20, 22.25, 22.25, 22.5, 22.5, 9999.0, 22.62, 22.25, 22.25, 9999.0, 22.5, 9999.0, 22.5, 22.38, 22.12, 22.25, 22.0
2026-10-08, 01:03:24, 22.25, 22.25, 22.5, 22.5, 9999.0, 22.75, 22.25, 22.25, 9999.0, 22.5, 9999.0, 22.5, 22.38, 22.12, 22.25, 22.0
2026-10-08, 01:03:28, 22.25, 22.25, 22.5, 22.5, 9999.0, 22.62, 22.25, 22.25, 9999.0, 22.38, 9999.0, 22.5, 22.25, 22.12, 22.25, 22.0
2026-10-08, 01:03:32, 22.25, 22.25, 22.5, 22.5, 9999.0, 22.62, 22.25, 22.25, 9999.0, 22.25, 9999.0, 22.5, 22.25, 22.12, 22.25, 22.0
2026-10-08, 01:03:36, 22.25, 22.25, 22.5, 22.5, 9999.0, 22.75, 22.38, 22.25, 9999.0, 22.25, 9999.0, 22.62, 22.25, 22.25, 22.25, 22.0
2026-10-08, 01:03:40, 22.25, 22.38, 22.5, 22.5, 9999.0, 22.75, 22.5, 22.25, 9999.0, 22.25, 9999.0, 22.75, 22.25, 22.25, 22.25, 22.0
2026-10-08, 01:03:44, 22.25, 22.38, 22.5, 22.5, 9999.0, 22.75, 22.38, 22.25, 9999.0, 22.25, 9999.0, 22.75, 22.38, 22.25, 22.25, 22.12
2026-10-08, 01:03:48, 22.25, 22.25, 22.5, 22.5, 9999.0, 22.75, 22.25, 22.25, 9999.0, 22.25, 9999.0, 22.75, 22.5, 22.25, 22.25, 22.12
2026-10-08, 01:03:52, 22.25, 22.38, 22.5, 22.5, 9999.0, 22.75, 22.38, 22.25, 9999.0, 22.25, 9999.0, 22.75, 22.5, 22.25, 22.25, 22.0
2026-10-08, 01:03:56, 22.25, 22.38, 22.5, 22.5, 9999.0, 22.62, 22.38, 22.25, 9999.0, 22.38, 9999.0, 22.62, 22.38, 22.25, 22.25, 22.12
2026-10-08, 01:04:00, 22.25, 22.38, 22.5, 22.5, 9999.0, 22.5, 22.38, 22.25, 9999.0, 22.5, 9999.0, 22.62, 22.25, 22.12, 22.25, 22.25
2026-10-08, 01:04:04, 22.25, 22.38, 22.5, 22.5, 9999.0, 22.5, 22.38, 22.25, 9999.0, 22.5, 9999.0, 22.75, 22.38, 22.12, 22.25, 22.12
2026-10-08, 01:04:08, 22.25, 22.38, 22.5, 22.5, 9999.0, 22.62, 22.25, 22.25, 9999.0, 22.5, 9999.0, 22.62, 22.5, 22.25, 22.25, 22.0
2026-10-08, 01:04:12, 22.25, 22.5, 22.5, 22.5, 9999.0, 22.62, 22.25, 22.25, 9999.0, 22.5, 9999.0, 22.62, 22.38, 22.25, 22.25, 22.0
2026-10-08, 01:04:16, 22.25, 22.38, 22.5, 22.5, 9999.0, 22.5, 22.25, 22.25, 9999.0, 22.5, 9999.0, 22.62, 22.38, 22.25, 22.12, 22.0
2026-10-08, 01:04:20, 22.25, 22.38, 22.5, 22.5, 9999.0, 22.5, 22.25, 22.25, 9999.0, 22.5, 9999.0, 22.5, 22.38, 22.25, 22.12, 22.12
2026-10-08, 01:04:24, 22.25, 22.38, 22.5, 22.5, 9999.0, 22.5, 22.25, 22.25, 9999.0, 22.5, 9999.0, 22.5, 22.25, 22.12, 22.25, 22.25
2026-10-08, 01:04:28, 22.25, 22.38, 22.5, 22.5, 9999.0, 22.5, 22.25, 22.25, 9999.0, 22.38, 9999.0, 22.5, 22.25, 22.12, 22.25, 22.25
2026-10-08, 01:04:32, 22.25, 22.38, 22.5, 22.5, 9999.0, 22.62, 22.25, 22.25, 9999.0, 22.38, 9999.0, 22.5, 22.38, 22.25, 22.25, 22.25
2026-10-08, 01:04:36, 22.25, 22.25, 22.5, 22.5, 9999.0, 22.75, 22.25, 22.25, 9999.0, 22.5, 9999.0, 22.5, 22.38, 22.25, 22.25, 22.12
2026-10-08, 01:04:40, 22.25, 22.25, 22.5, 22.5, 9999.0, 22.75, 22.25, 22.25, 9999.0, 22.38, 9999.0, 22.5, 22.25, 22.25, 22.25, 22.12
2026-10-08, 01:04:44, 22.25, 22.38, 22.5, 22.5, 9999.0, 22.75, 22.38, 22.25, 9999.0, 22.25, 9999.0, 22.5, 22.38, 22.12, 22.25, 22.12
2026-10-08, 01:04:48, 22.25, 22.38, 22.5, 22.5, 9999.0, 22.75, 22.5, 22.25, 9999.0, 22.25, 9999.0, 22.62, 22.5, 22.12, 22.25, 22.0
2026-10-08, 01:04:52, 22.25, 22.25, 22.5, 22.5, 9999.0, 22.75, 22.38, 22.38, 9999.0, 22.25, 9999.0, 22.75, 22.38, 22.25, 22.25, 22.0
2026-10-08, 01:04:56, 22.25, 22.38, 22.62, 22.5, 9999.0, 22.75, 22.25, 22.38, 9999.0, 22.25, 9999.0, 22.75, 22.25, 22.25, 22.25, 22.0
2026-10-08, 01:05:00, 22.25, 22.5, 22.62, 22.5, 9999.0, 22.75, 22.25, 22.25, 9999.0, 22.25, 9999.0, 22.75, 22.38, 22.25, 22.25, 22.12
2026-10-08, 01:05:04, 22.25, 22.38, 22.5, 22.5, 9999.0, 22.75, 22.25, 22.25, 9999.0, 22.25, 9999.0, 22.75, 22.5, 22.25, 22.25, 22.25
2026-10-08, 01:05:08, 22.25, 22.25, 22.5, 22.5, 9999.0, 22.62, 22.38, 22.25, 9999.0, 22.25, 9999.0, 22.75, 22.5, 22.12, 22.25, 22.12
2026-10-08, 01:05:12, 22.25, 22.25, 22.62, 22.5, 9999.0, 22.62, 22.38, 22.25, 9999.0, 22.25, 9999.0, 22.75, 22.5, 22.12, 22.25, 22.12
2026-10-08, 01:05:16, 22.25, 22.38, 22.62, 22.5, 9999.0, 22.75, 22.25, 22.25, 9999.0, 22.38, 9999.0, 22.75, 22.5, 22.25, 22.25, 22.25
2026-10-08, 01:05:20, 22.25, 22.5, 22.5, 22.5, 9999.0, 22.75, 22.25, 22.25, 9999.0, 22.5, 9999.0, 22.75, 22.5, 22.25, 22.25, 22.12
2026-10-08, 01:05:24, 22.25, 22.5, 22.5, 22.5, 9999.0, 22.75, 22.25, 22.25, 9999.0, 22.5, 9999.0, 22.62, 22.5, 22.25, 22.25, 22.0
2026-10-08, 01:05:28, 22.25, 22.38, 22.5, 22.5, 9999.0, 22.62, 22.25, 22.25, 9999.0, 22.5, 9999.0, 22.5, 22.5, 22.25, 22.25, 22.0
2026-10-08, 01:05:32, 22.25, 22.25, 22.5, 22.5, 9999.0, 22.5, 22.25, 22.25, 9999.0, 22.5, 9999.0, 22.5, 22.5, 22.12, 22.25, 22.12
2026-10-08, 01:05:36, 22.25, 22.38, 22.62, 22.5, 9999.0, 22.5, 22.25, 22.25, 9999.0, 22.5, 9999.0, 22.5, 22.5, 22.12, 22.25, 22.25
2026-10-08, 01:05:40, 22.25, 22.38, 22.62, 22.5, 9999.0, 22.5, 22.25, 22.25, 9999.0, 22.38, 9999.0, 22.5, 22.5, 22.25, 22.25, 22.12
2026-10-08, 01:05:44, 22.25, 22.25, 22.5, 22.5, 9999.0, 22.62, 22.25, 22.25, 9999.0, 22.25, 9999.0, 22.5, 22.5, 22.25, 22.25, 22.12
2026-10-08, 01:05:48, 22.25, 22.25, 22.62, 22.5, 9999.0, 22.62, 22.25, 22.25, 9999.0, 22.25, 9999.0, 22.5, 22.38, 22.25, 22.25, 22.25
2026-10-08, 01:05:52, 22.25, 22.25, 22.62, 22.5, 9999.0, 22.62, 22.25, 22.25, 9999.0, 22.25, 9999.0, 22.5, 22.25, 22.25, 22.25, 22.12
2026-10-08, 01:05:56, 22.25, 22.25, 22.62, 22.5, 9999.0, 22.75, 22.25, 22.25, 9999.0, 22.25, 9999.0, 22.5, 22.25, 22.25, 22.25, 22.12
2026-10-08, 01:06:00, 22.25, 22.25, 22.75, 22.5, 9999.0, 22.75, 22.38, 22.25, 9999.0, 22.25, 9999.0, 22.5, 22.38, 22.12, 22.25, 22.25
2026-10-08, 01:06:04, 22.25, 22.25, 22.62, 22.5, 9999.0, 22.75, 22.5, 22.25, 9999.0, 22.25, 9999.0, 22.5, 22.38, 22.0, 22.25, 22.25
2026-10-08, 01:06:08, 22.25, 22.25, 22.5, 22.5, 9999.0, 22.75, 22.38, 22.25, 9999.0, 22.25, 9999.0, 22.62, 22.38, 22.12, 22.25, 22.12
2026-10-08, 01:06:12, 22.25, 22.38, 22.62, 22.5, 9999.0, 22.75, 22.25, 22.25, 9999.0, 22.12, 9999.0, 22.75, 22.5, 22.25, 22.25, 22.0
2026-10-08, 01:06:16, 22.25, 22.5, 22.75, 22.5, 9999.0, 22.75, 22.38, 22.25, 9999.0, 22.0, 9999.0, 22.75, 22.5, 22.25, 22.25, 22.12
2026-10-08, 01:06:20, 22.25, 22.38, 22.75, 22.5, 9999.0, 22.75, 22.38, 22.25, 9999.0, 22.12, 9999.0, 22.75, 22.5, 22.25, 22.25, 22.25
2026-10-08, 01:06:24, 22.25, 22.25, 22.75, 22.5, 9999.0, 22.75, 22.25, 22.25, 9999.0, 22.38, 9999.0, 22.75, 22.5, 22.25, 22.25, 22.12
2026-10-08, 01:06:28, 22.25, 22.38, 22.75, 22.5, 9999.0, 22.75, 22.25, 22.25, 9999.0, 22.5, 9999.0, 22.75, 22.5, 22.25, 22.25, 22.0
2026-10-08, 01:06:32, 22.25, 22.38, 22.62, 22.5, 9999.0, 22.62, 22.25, 22.25, 9999.0, 22.5, 9999.0, 22.75, 22.5, 22.25, 22.25, 22.0
2026-10-08, 01:06:36, 22.25, 22.38, 22.62, 22.5, 9999.0, 22.62, 22.25, 22.25, 9999.0, 22.5, 9999.0, 22.62, 22.5, 22.25, 22.25, 22.0
2026-10-08, 01:06:40, 22.25, 22.5, 22.75, 22.5, 9999.0, 22.62, 22.25, 22.25, 9999.0, 22.5, 9999.0, 22.5, 22.5, 22.25, 22.25, 22.0
2026-10-08, 01:06:44, 22.25, 22.38, 22.75, 22.5, 9999.0, 22.5, 22.38, 22.25, 9999.0, 22.5, 9999.0, 22.5, 22.5, 22.12, 22.25, 22.12
2026-10-08, 01:06:49, 22.25, 22.38, 22.75, 22.5, 9999.0, 22.5, 22.38, 22.25, 9999.0, 22.38, 9999.0, 22.5, 22.5, 22.12, 22.25, 22.25
2026-10-08, 01:06:53, 22.25, 22.38, 22.62, 22.5, 9999.0, 22.5, 22.25, 22.25, 9999.0, 22.25, 9999.0, 22.5, 22.5, 22.25, 22.25, 22.12
2026-10-08, 01:06:57, 22.25, 22.38, 22.62, 22.5, 9999.0, 22.5, 22.25, 22.25, 9999.0, 22.25, 9999.0, 22.5, 22.5, 22.25, 22.25, 22.0
2026-10-08, 01:07:01, 22.25, 22.38, 22.62, 22.5, 9999.0, 22.62, 22.25, 22.25, 9999.0, 22.25, 9999.0, 22.5, 22.5, 22.25, 22.25, 22.0
2026-10-08, 01:07:05, 22.25, 22.38, 22.62, 22.5, 9999.0, 22.75, 22.25, 22.25, 9999.0, 22.25, 9999.0, 22.5, 22.38, 22.25, 22.25, 22.12
2026-10-08, 01:07:09, 22.25, 22.38, 22.62, 22.5, 9999.0, 22.75, 22.25, 22.25, 9999.0, 22.25, 9999.0, 22.5, 22.38, 22.25, 22.25, 22.25
2026-10-08, 01:07:13, 22.25, 22.25, 22.5, 22.5, 9999.0, 22.75, 22.25, 22.25, 9999.0, 22.25, 9999.0, 22.5, 22.38, 22.12, 22.25, 22.12
2026-10-08, 01:07:17, 22.25, 22.25, 22.5, 22.5, 9999.0, 22.75, 22.25, 22.25, 9999.0, 22.25, 9999.0, 22.5, 22.38, 22.0, 22.25, 22.0
2026-10-08, 01:07:21, 22.25, 22.25, 22.5, 22.5, 9999.0, 22.75, 22.25, 22.25, 9999.0, 22.12, 9999.0, 22.62, 22.5, 22.0, 22.25, 22.12
2026-10-08, 01:07:25, 22.25, 22.25, 22.5, 22.5, 9999.0, 22.75, 22.25, 22.25, 9999.0, 22.0, 9999.0, 22.75, 22.5, 22.12, 22.25, 22.12
2026-10-08, 01:07:29, 22.25, 22.25, 22.62, 22.5, 9999.0, 22.75, 22.25, 22.25, 9999.0, 22.12, 9999.0, 22.75, 22.5, 22.25, 22.25, 22.0
2026-10-08, 01:07:33, 22.25, 22.25, 22.75, 22.5, 9999.0, 22.75, 22.25, 22.25, 9999.0, 22.25, 9999.0, 22.75, 22.38, 22.25, 22.25, 22.12
2026-10-08, 01:07:37, 22.25, 22.25, 22.62, 22.5, 9999.0, 22.75, 22.25, 22.25, 9999.0, 22.25, 9999.0, 22.75, 22.38, 22.25, 22.25, 22.12
2026-10-08, 01:07:41, 22.25, 22.38, 22.62, 22.5, 9999.0, 22.62, 22.38, 22.25, 9999.0, 22.38, 9999.0, 22.75, 22.5, 22.25, 22.25, 22.0
2026-10-08, 01:07:45, 22.25, 22.5, 22.62, 22.5, 9999.0, 22.5, 22.38, 22.25, 9999.0, 22.5, 9999.0, 22.75, 22.38, 22.25, 22.25, 22.0
2026-10-08, 01:07:49, 22.25, 22.5, 22.62, 22.5, 9999.0, 22.5, 22.25, 22.25, 9999.0, 22.5, 9999.0, 22.62, 22.38, 22.25, 22.25, 22.0
2026-10-08, 01:07:53, 22.25, 22.38, 22.62, 22.5, 9999.0, 22.5, 22.25, 22.25, 9999.0, 22.38, 9999.0, 22.5, 22.5, 22.25, 22.25, 22.0
2026-10-08, 01:07:57, 22.25, 22.25, 22.5, 22.5, 9999.0, 22.5, 22.38, 22.25, 9999.0, 22.25, 9999.0, 22.5, 22.5, 22.25, 22.25, 22.12
2026-10-08, 01:08:01, 22.25, 22.25, 22.62, 22.5, 9999.0, 22.5, 22.38, 22.25, 9999.0, 22.25, 9999.0, 22.5, 22.5, 22.12, 22.25, 22.12
2026-10-08, 01:08:05, 22.25, 22.25, 22.62, 22.5, 9999.0, 22.5, 22.25, 22.25, 9999.0, 22.25, 9999.0, 22.5, 22.5, 22.12, 22.25, 22.0
2026-10-08, 01:08:09, 22.25, 22.38, 22.5, 22.5, 9999.0, 22.5, 22.25, 22.25, 9999.0, 22.25, 9999.0, 22.5, 22.38, 22.25, 22.25, 22.0
2026-10-08, 01:08:13, 22.25, 22.38, 22.5, 22.5, 9999.0, 22.62, 22.25, 22.25, 9999.0, 22.25, 9999.0, 22.5, 22.38, 22.25, 22.25, 22.0
2026-10-08, 01:08:17, 22.25, 22.25, 22.62, 22.5, 9999.0, 22.75, 22.25, 22.25, 9999.0, 22.25, 9999.0, 22.5, 22.38, 22.25, 22.25, 22.0
2026-10-08, 01:08:21, 22.25, 22.25, 22.62, 22.5, 9999.0, 22.75, 22.38, 22.25, 9999.0, 22.25, 9999.0, 22.5, 22.25, 22.25, 22.25, 22.12
2026-10-08, 01:08:25, 22.25, 22.38, 22.5, 22.5, 9999.0, 22.75, 22.38, 22.25, 9999.0, 22.12, 9999.0, 22.5, 22.38, 22.25, 22.25, 22.25
2026-10-08, 01:08:29, 22.25, 22.5, 22.62, 22.5, 9999.0, 22.75, 22.38, 22.25, 9999.0, 22.12, 9999.0, 22.5, 22.38, 22.25, 22.25, 22.25
2026-10-08, 01:08:33, 22.25, 22.38, 22.75, 22.5, 9999.0, 22.75, 22.38, 22.25, 9999.0, 22.12, 9999.0, 22.62, 22.38, 22.25, 22.25, 22.12
2026-10-08, 01:08:37, 22.25, 22.38, 22.62, 22.5, 9999.0, 22.75, 22.25, 22.25, 9999.0, 22.0, 9999.0, 22.75, 22.38, 22.25, 22.25, 22.12
2026-10-08, 01:08:41, 22.25, 22.38, 22.62, 22.5, 9999.0, 22.75, 22.38, 22.25, 9999.0, 22.0, 9999.0, 22.75, 22.25, 22.25, 22.25, 22.25
2026-10-08, 01:08:45, 22.25, 22.38, 22.62, 22.5, 9999.0, 22.62, 22.38, 22.25, 9999.0, 22.12, 9999.0, 22.75, 22.38, 22.25, 22.25, 22.12
2026-10-08, 01:08:49, 22.25, 22.5, 22.62, 22.5, 9999.0, 22.62, 22.38, 22.25, 9999.0, 22.25, 9999.0, 22.75, 22.38, 22.25, 22.25, 22.0
2026-10-08, 01:08:53, 22.25, 22.38, 22.62, 22.5, 9999.0, 22.75, 22.5, 22.25, 9999.0, 22.25, 9999.0, 22.75, 22.38, 22.25, 22.25, 22.0
2026-10-08, 01:08:57, 22.25, 22.25, 22.5, 22.5, 9999.0, 22.75, 22.38, 22.25, 9999.0, 22.38, 9999.0, 22.75, 22.5, 22.25, 22.25, 22.0
2026-10-08, 01:09:01, 22.25, 22.25, 22.62, 22.5, 9999.0, 22.62, 22.25, 22.25, 9999.0, 22.5, 9999.0, 22.75, 22.5, 22.25, 22.25, 22.12
2026-10-08, 01:09:05, 22.25, 22.25, 22.62, 22.5, 9999.0, 22.5, 22.25, 22.25, 9999.0, 22.5, 9999.0, 22.62, 22.5, 22.25, 22.25, 22.25
2026-10-08, 01:09:09, 22.25, 22.25, 22.5, 22.5, 9999.0, 22.5, 22.25, 22.25, 9999.0, 22.5, 9999.0, 22.5, 22.5, 22.25, 22.25, 22.25
2026-10-08, 01:09:13, 22.25, 22.25, 22.62, 22.5, 9999.0, 22.5, 22.25, 22.25, 9999.0, 22.38, 9999.0, 22.5, 22.5, 22.25, 22.25, 22.25
2026-10-08, 01:09:17, 22.25, 22.38, 22.75, 22.5, 9999.0, 22.5, 22.25, 22.25, 9999.0, 22.25, 9999.0, 22.5, 22.38, 22.25, 22.25, 22.25
2026-10-08, 01:09:21, 22.25, 22.38, 22.75, 22.5, 9999.0, 22.5, 22.25, 22.25, 9999.0, 22.25, 9999.0, 22.5, 22.38, 22.25, 22.25, 22.12
2026-10-08, 01:09:25, 22.25, 22.25, 22.75, 22.5, 9999.0, 22.62, 22.25, 22.25, 9999.0, 22.25, 9999.0, 22.5, 22.5, 22.25, 22.25, 22.12
2026-10-08, 01:09:29, 22.25, 22.25, 22.62, 22.5, 9999.0, 22.75, 22.25, 22.25, 9999.0, 22.25, 9999.0, 22.5, 22.5, 22.25, 22.25, 22.12
2026-10-08, 01:09:33, 22.25, 22.25, 22.62, 22.5, 9999.0, 22.75, 22.25, 22.25, 9999.0, 22.25, 9999.0, 22.5, 22.5, 22.25, 22.25, 22.0
2026-10-08, 01:09:37, 22.25, 22.25, 22.62, 22.5, 9999.0, 22.75, 22.38, 22.25, 9999.0, 22.25, 9999.0, 22.38, 22.5, 22.25, 22.25, 22.0
2026-10-08, 01:09:41, 22.25, 22.25, 22.62, 22.5, 9999.0, 22.75, 22.5, 22.25, 9999.0, 22.12, 9999.0, 22.5, 22.5, 22.25, 22.25, 22.12
2026-10-08, 01:09:45, 22.25, 22.25, 22.75, 22.5, 9999.0, 22.75, 22.38, 22.25, 9999.0, 22.12, 9999.0, 22.75, 22.38, 22.25, 22.25, 22.25
2026-10-08, 01:09:49, 22.25, 22.38, 22.75, 22.5, 9999.0, 22.75, 22.38, 22.25, 9999.0, 22.25, 9999.0, 22.75, 22.38, 22.25, 22.25, 22.25
2026-10-08, 01:09:53, 22.25, 22.38, 22.62, 22.5, 9999.0, 22.75, 22.38, 22.25, 9999.0, 22.12, 9999.0, 22.75, 22.5, 22.25, 22.25, 22.12
2026-10-08, 01:09:57, 22.25, 22.38, 22.5, 22.5, 9999.0, 22.75, 22.25, 22.25, 9999.0, 22.12, 9999.0, 22.75, 22.38, 22.25, 22.25, 22.12
2026-10-08, 01:10:01, 22.25, 22.38, 22.62, 22.5, 9999.0, 22.75, 22.25, 22.25, 9999.0, 22.25, 9999.0, 22.75, 22.38, 22.25, 22.25, 22.25
2026-10-08, 01:10:05, 22.25, 22.38, 22.62, 22.5, 9999.0, 22.62, 22.38, 22.25, 9999.0, 22.25, 9999.0, 22.75, 22.5, 22.25, 22.25, 22.12
2026-10-08, 01:10:09, 22.25, 22.38, 22.62, 22.5, 9999.0, 22.5, 22.5, 22.25, 9999.0, 22.38, 9999.0, 22.75, 22.5, 22.25, 22.25, 22.12
2026-10-08, 01:10:13, 22.25, 22.25, 22.75, 22.5, 9999.0, 22.5, 22.38, 22.25, 9999.0, 22.38, 9999.0, 22.75, 22.5, 22.25, 22.25, 22.25
2026-10-08, 01:10:17, 22.25, 22.25, 22.62, 22.5, 9999.0, 22.5, 22.25, 22.38, 9999.0, 22.25, 9999.0, 22.75, 22.5, 22.25, 22.25, 22.12
2026-10-08, 01:10:21, 22.25, 22.25, 22.5, 22.5, 9999.0, 22.5, 22.38, 22.38, 9999.0, 22.25, 9999.0, 22.62, 22.38, 22.25, 22.25, 22.0
2026-10-08, 01:10:25, 22.25, 22.25, 22.5, 22.5, 9999.0, 22.5, 22.38, 22.25, 9999.0, 22.25, 9999.0, 22.5, 22.38, 22.25, 22.25, 22.12
2026-10-08, 01:10:29, 22.25, 22.25, 22.62, 22.5, 9999.0, 22.5, 22.25, 22.25, 9999.0, 22.25, 9999.0, 22.5, 22.5, 22.25, 22.25, 22.25
2026-10-08, 01:10:33, 22.25, 22.38, 22.75, 22.5, 9999.0, 22.5, 22.25, 22.25, 9999.0, 22.25, 9999.0, 22.5, 22.5, 22.25, 22.25, 22.12
2026-10-08, 01:10:37, 22.25, 22.5, 22.62, 22.5, 9999.0, 22.62, 22.25, 22.25, 9999.0, 22.25, 9999.0, 22.5, 22.5, 22.25, 22.25, 22.0
2026-10-08, 01:10:42, 22.25, 22.38, 22.62, 22.5, 9999.0, 22.75, 22.25, 22.25, 9999.0, 22.25, 9999.0, 22.5, 22.5, 22.25, 22.25, 22.0
2026-10-08, 01:10:46, 22.25, 22.25, 22.75, 22.5, 9999.0, 22.75, 22.25, 22.25, 9999.0, 22.25, 9999.0, 22.5, 22.5, 22.25, 22.25, 22.12
2026-10-08, 01:10:50, 22.25, 22.38, 22.75, 22.5, 9999.0, 22.75, 22.25, 22.38, 9999.0, 22.12, 9999.0, 22.5, 22.5, 22.25, 22.25, 22.12
2026-10-08, 01:10:54, 22.25, 22.38, 22.75, 22.5, 9999.0, 22.75, 22.38, 22.38, 9999.0, 22.0, 9999.0, 22.5, 22.5, 22.25, 22.25, 22.12
2026-10-08, 01:10:58, 22.25, 22.25, 22.75, 22.5, 9999.0, 22.75, 22.38, 22.25, 9999.0, 22.0, 9999.0, 22.5, 22.38, 22.25, 22.25, 22.25
2026-10-08, 01:11:02, 22.25, 22.38, 22.75, 22.5, 9999.0, 22.75, 22.25, 22.25, 9999.0, 22.0, 9999.0, 22.62, 22.38, 22.25, 22.25, 22.25
2026-10-08, 01:11:06, 22.25, 22.38, 22.75, 22.5, 9999.0, 22.75, 22.38, 22.25, 9999.0, 22.0, 9999.0, 22.75, 22.38, 22.25, 22.25, 22.25
2026-10-08, 01:11:10, 22.25, 22.25, 22.75, 22.5, 9999.0, 22.75, 22.38, 22.38, 9999.0, 22.0, 9999.0, 22.75, 22.38, 22.25, 22.25, 22.25
2026-10-08, 01:11:14, 22.25, 22.25, 22.75, 22.5, 9999.0, 22.75, 22.25, 22.38, 9999.0, 22.12, 9999.0, 22.75, 22.5, 22.25, 22.25, 22.12
2026-10-08, 01:11:18, 22.25, 22.25, 22.75, 22.5, 9999.0, 22.75, 22.25, 22.25, 9999.0, 22.25, 9999.0, 22.75, 22.5, 22.25, 22.25, 22.12
2026-10-08, 01:11:22, 22.25, 22.38, 22.75, 22.5, 9999.0, 22.75, 22.38, 22.25, 9999.0, 22.38, 9999.0, 22.75, 22.5, 22.25, 22.25, 22.25
2026-10-08, 01:11:26, 22.25, 22.38, 22.75, 22.5, 9999.0, 22.62, 22.5, 22.25, 9999.0, 22.5, 9999.0, 22.75, 22.5, 22.25, 22.25, 22.25
2026-10-08, 01:11:30, 22.25, 22.25, 22.75, 22.5, 9999.0, 22.5, 22.38, 22.25, 9999.0, 22.38, 9999.0, 22.75, 22.5, 22.25, 22.25, 22.25
2026-10-08, 01:11:34, 22.25, 22.38, 22.75, 22.5, 9999.0, 22.5, 22.25, 22.25, 9999.0, 22.38, 9999.0, 22.62, 22.5, 22.25, 22.25, 22.25
2026-10-08, 01:11:38, 22.25, 22.38, 22.75, 22.5, 9999.0, 22.5, 22.25, 22.25, 9999.0, 22.38, 9999.0, 22.5, 22.5, 22.25, 22.25, 22.25
2026-10-08, 01:11:42, 22.25, 22.25, 22.75, 22.62, 9999.0, 22.5, 22.25, 22.25, 9999.0, 22.25, 9999.0, 22.5, 22.5, 22.25, 22.25, 22.25
2026-10-08, 01:11:46, 22.25, 22.25, 22.75, 22.62, 9999.0, 22.5, 22.25, 22.25, 9999.0, 22.25, 9999.0, 22.5, 22.5, 22.25, 22.25, 22.25
2026-10-08, 01:11:50, 22.25, 22.38, 22.75, 22.5, 9999.0, 22.62, 22.25, 22.25, 9999.0, 22.12, 9999.0, 22.5, 22.5, 22.25, 22.25, 22.25
2026-10-08, 01:11:54, 22.25, 22.38, 22.75, 22.5, 9999.0, 22.75, 22.25, 22.25, 9999.0, 22.12, 9999.0, 22.5, 22.5, 22.25, 22.25, 22.25
2026-10-08, 01:11:58, 22.25, 22.38, 22.75, 22.5, 9999.0, 22.75, 22.38, 22.25, 9999.0, 22.25, 9999.0, 22.5, 22.5, 22.25, 22.25, 22.25
2026-10-08, 01:12:02, 22.25, 22.5, 22.75, 22.5, 9999.0, 22.75, 22.5, 22.25, 9999.0, 22.12, 9999.0, 22.5, 22.5, 22.25, 22.25, 22.25
2026-10-08, 01:12:06, 22.25, 22.38, 22.75, 22.5, 9999.0, 22.75, 22.38, 22.38, 9999.0, 22.0, 9999.0, 22.62, 22.38, 22.25, 22.25, 22.25
2026-10-08, 01:12:10, 22.25, 22.25, 22.75, 22.5, 9999.0, 22.75, 22.25, 22.38, 9999.0, 22.12, 9999.0, 22.62, 22.38, 22.25, 22.25, 22.25
2026-10-08, 01:12:14, 22.25, 22.25, 22.75, 22.5, 9999.0, 22.75, 22.25, 22.38, 9999.0, 22.25, 9999.0, 22.62, 22.38, 22.25, 22.25, 22.25
2026-10-08, 01:12:18, 22.25, 22.25, 22.75, 22.5, 9999.0, 22.75, 22.38, 22.5, 9999.0, 22.12, 9999.0, 22.75, 22.38, 22.25, 22.25, 22.25
2026-10-08, 01:12:22, 22.25, 22.38, 22.75, 22.5, 9999.0, 22.75, 22.38, 22.38, 9999.0, 22.0, 9999.0, 22.75, 22.38, 22.25, 22.25, 22.25
2026-10-08, 01:12:26, 22.25, 22.5, 22.75, 22.62, 9999.0, 22.75, 22.38, 22.25, 9999.0, 22.12, 9999.0, 22.75, 22.38, 22.25, 22.25, 22.25
2026-10-08, 01:12:30, 22.25, 22.5, 22.75, 22.62, 9999.0, 22.75, 22.38, 22.25, 9999.0, 22.25, 9999.0, 22.75, 22.5, 22.25, 22.25, 22.25
2026-10-08, 01:12:34, 22.25, 22.5, 22.75, 22.5, 9999.0, 22.75, 22.25, 22.25, 9999.0, 22.25, 9999.0, 22.75, 22.5, 22.25, 22.25, 22.25
2026-10-08, 01:12:38, 22.38, 22.38, 22.75, 22.5, 9999.0, 22.62, 22.25, 22.38, 9999.0, 22.25, 9999.0, 22.75, 22.5, 22.25, 22.25, 22.25
2026-10-08, 01:12:42, 22.38, 22.38, 22.75, 22.5, 9999.0, 22.5, 22.25, 22.5, 9999.0, 22.25, 9999.0, 22.75, 22.5, 22.25, 22.25, 22.25
2026-10-08, 01:12:46, 22.25, 22.5, 22.75, 22.62, 9999.0, 22.5, 22.25, 22.38, 9999.0, 22.25, 9999.0, 22.62, 22.5, 22.25, 22.25, 22.25
2026-10-08, 01:12:50, 22.25, 22.38, 22.75, 22.62, 9999.0, 22.5, 22.25, 22.25, 9999.0, 22.25, 9999.0, 22.5, 22.5, 22.25, 22.25, 22.25
2026-10-08, 01:12:54, 22.25, 22.38, 22.75, 22.5, 9999.0, 22.5, 22.25, 22.38, 9999.0, 22.25, 9999.0, 22.5, 22.5, 22.25, 22.25, 22.25
2026-10-08, 01:12:58, 22.38, 22.38, 22.75, 22.62, 9999.0, 22.5, 22.38, 22.38, 9999.0, 22.25, 9999.0, 22.5, 22.5, 22.25, 22.25, 22.25
2026-10-08, 01:13:02, 22.38, 22.38, 22.75, 22.62, 9999.0, 22.62, 22.38, 22.25, 9999.0, 22.25, 9999.0, 22.5, 22.38, 22.25, 22.25, 22.25
2026-10-08, 01:13:06, 22.25, 22.5, 22.75, 22.62, 9999.0, 22.75, 22.25, 22.25, 9999.0, 22.25, 9999.0, 22.5, 22.38, 22.25, 22.25, 22.25
2026-10-08, 01:13:10, 22.25, 22.5, 22.75, 22.62, 9999.0, 22.75, 22.25, 22.25, 9999.0, 22.25, 9999.0, 22.5, 22.5, 22.25, 22.25, 22.25
2026-10-08, 01:13:14, 22.25, 22.5, 22.75, 22.5, 9999.0, 22.88, 22.25, 22.38, 9999.0, 22.25, 9999.0, 22.5, 22.5, 22.25, 22.25, 22.25
2026-10-08, 01:13:18, 22.25, 22.5, 22.75, 22.5, 9999.0, 22.88, 22.38, 22.5, 9999.0, 22.12, 9999.0, 22.62, 22.5, 22.25, 22.25, 22.25
2026-10-08, 01:13:22, 22.25, 22.38, 22.75, 22.62, 9999.0, 22.75, 22.5, 22.5, 9999.0, 22.0, 9999.0, 22.75, 22.5, 22.25, 22.25, 22.25
2026-10-08, 01:13:26, 22.25, 22.25, 22.75, 22.75, 9999.0, 22.75, 22.38, 22.5, 9999.0, 22.12, 9999.0, 22.75, 22.5, 22.25, 22.25, 22.25
2026-10-08, 01:13:30, 22.25, 22.25, 22.75, 22.62, 9999.0, 22.75, 22.38, 22.38, 9999.0, 22.12, 9999.0, 22.75, 22.5, 22.25, 22.25, 22.25
2026-10-08, 01:13:34, 22.25, 22.25, 22.75, 22.5, 9999.0, 22.75, 22.38, 22.38, 9999.0, 22.0, 9999.0, 22.75, 22.5, 22.25, 22.25, 22.25
2026-10-08, 01:13:38, 22.25, 22.25, 22.75, 22.5, 9999.0, 22.75, 22.38, 22.5, 9999.0, 22.12, 9999.0, 22.75, 22.5, 22.25, 22.25, 22.25
2026-10-08, 01:13:42, 22.25, 22.25, 22.75, 22.62, 9999.0, 22.75, 22.5, 22.38, 9999.0, 22.25, 9999.0, 22.75, 22.5, 22.25, 22.25, 22.25
2026-10-08, 01:13:46, 22.25, 22.38, 22.75, 22.75, 9999.0, 22.75, 22.38, 22.38, 9999.0, 22.25, 9999.0, 22.75, 22.5, 22.25, 22.25, 22.25
2026-10-08, 01:13:50, 22.25, 22.5, 22.75, 22.62, 9999.0, 22.75, 22.38, 22.38, 9999.0, 22.38, 9999.0, 22.75, 22.5, 22.25, 22.25, 22.25
2026-10-08, 01:13:54, 22.25, 22.5, 22.75, 22.5, 9999.0, 22.75, 22.38, 22.38, 9999.0, 22.5, 9999.0, 22.75, 22.5, 22.25, 22.25, 22.25
2026-10-08, 01:13:58, 22.25, 22.5, 22.75, 22.5, 9999.0, 22.75, 22.25, 22.38, 9999.0, 22.38, 9999.0, 22.75, 22.5, 22.25, 22.25, 22.25
2026-10-08, 01:14:02, 22.25, 22.5, 22.75, 22.62, 9999.0, 22.62, 22.25, 22.25, 9999.0, 22.25, 9999.0, 22.75, 22.5, 22.25, 22.25, 22.25
2026-10-08, 01:14:06, 22.25, 22.5, 22.75, 22.75, 9999.0, 22.5, 22.38, 22.25, 9999.0, 22.25, 9999.0, 22.75, 22.5, 22.25, 22.25, 22.25
2026-10-08, 01:14:10, 22.25, 22.5, 22.75, 22.62, 9999.0, 22.5, 22.38, 22.25, 9999.0, 22.25, 9999.0, 22.62, 22.5, 22.25, 22.25, 22.25
2026-10-08, 01:14:14, 22.25, 22.5, 22.75, 22.62, 9999.0, 22.5, 22.25, 22.38, 9999.0, 22.25, 9999.0, 22.5, 22.5, 22.25, 22.25, 22.25
2026-10-08, 01:14:18, 22.25, 22.5, 22.75, 22.75, 9999.0, 22.62, 22.25, 22.38, 9999.0, 22.25, 9999.0, 22.5, 22.5, 22.25, 22.25, 22.25
2026-10-08, 01:14:22, 22.25, 22.5, 22.75, 22.75, 9999.0, 22.75, 22.25, 22.25, 9999.0, 22.25, 9999.0, 22.5, 22.5, 22.25, 22.25, 22.25
2026-10-08, 01:14:26, 22.25, 22.5, 22.75, 22.75, 9999.0, 22.75, 22.38, 22.38, 9999.0, 22.25, 9999.0, 22.5, 22.5, 22.25, 22.25, 22.25
2026-10-08, 01:14:30, 22.25, 22.5, 22.75, 22.62, 9999.0, 22.75, 22.5, 22.5, 9999.0, 22.25, 9999.0, 22.62, 22.5, 22.25, 22.25, 22.25
2026-10-08, 01:14:35, 22.25, 22.5, 22.75, 22.5, 9999.0, 22.75, 22.38, 22.5, 9999.0, 22.25, 9999.0, 22.75, 22.5, 22.25, 22.25, 22.25
2026-10-08, 01:14:39, 22.25, 22.5, 22.75, 22.62, 9999.0, 22.75, 22.25, 22.5, 9999.0, 22.25, 9999.0, 22.75, 22.5, 22.25, 22.38, 22.25
2026-10-08, 01:14:43, 22.25, 22.5, 22.75, 22.62, 9999.0, 22.75, 22.38, 22.5, 9999.0, 22.25, 9999.0, 22.75, 22.5, 22.25, 22.5, 22.25
2026-10-08, 01:14:47, 22.25, 22.5, 22.75, 22.62, 9999.0, 22.75, 22.5, 22.5, 9999.0, 22.25, 9999.0, 22.75, 22.5, 22.25, 22.38, 22.25
2026-10-08, 01:14:51, 22.25, 22.38, 22.75, 22.62, 9999.0, 22.75, 22.5, 22.5, 9999.0, 22.25, 9999.0, 22.75, 22.5, 22.25, 22.25, 22.25
2026-10-08, 01:14:55, 22.25, 22.25, 22.75, 22.62, 9999.0, 22.75, 22.5, 22.5, 9999.0, 22.25, 9999.0, 22.75, 22.5, 22.25, 22.25, 22.25
2026-10-08, 01:14:59, 22.25, 22.38, 22.75, 22.75, 9999.0, 22.75, 22.38, 22.5, 9999.0, 22.25, 9999.0, 22.75, 22.5, 22.25, 22.25, 22.25
2026-10-08, 01:15:03, 22.25, 22.5, 22.75, 22.75, 9999.0, 22.75, 22.25, 22.5, 9999.0, 22.38, 9999.0, 22.75, 22.5, 22.25, 22.38, 22.25
2026-10-08, 01:15:07, 22.25, 22.38, 22.75, 22.75, 9999.0, 22.62, 22.25, 22.5, 9999.0, 22.5, 9999.0, 22.75, 22.5, 22.25, 22.38, 22.25
2026-10-08, 01:15:11, 22.25, 22.38, 22.75, 22.62, 9999.0, 22.62, 22.25, 22.5, 9999.0, 22.38, 9999.0, 22.75, 22.5, 22.25, 22.25, 22.25
2026-10-08, 01:15:15, 22.25, 22.38, 22.75, 22.62, 9999.0, 22.62, 22.25, 22.38, 9999.0, 22.25, 9999.0, 22.75, 22.5, 22.25, 22.25, 22.25
2026-10-08, 01:15:19, 22.25, 22.38, 22.75, 22.75, 9999.0, 22.62, 22.25, 22.25, 9999.0, 22.25, 9999.0, 22.75, 22.5, 22.25, 22.25, 22.25
2026-10-08, 01:15:23, 22.25, 22.5, 22.75, 22.75, 9999.0, 22.62, 22.25, 22.38, 9999.0, 22.25, 9999.0, 22.75, 22.5, 22.25, 22.25, 22.25
2026-10-08, 01:15:27, 22.25, 22.5, 22.75, 22.75, 9999.0, 22.5, 22.25, 22.38, 9999.0, 22.25, 9999.0, 22.62, 22.5, 22.25, 22.25, 22.25
2026-10-08, 01:15:31, 22.25, 22.5, 22.75, 22.62, 9999.0, 22.62, 22.25, 22.38, 9999.0, 22.25, 9999.0, 22.5, 22.38, 22.25, 22.25, 22.25
2026-10-08, 01:15:35, 22.25, 22.5, 22.75, 22.5, 9999.0, 22.75, 22.25, 22.38, 9999.0, 22.25, 9999.0, 22.5, 22.38, 22.25, 22.25, 22.25
2026-10-08, 01:15:39, 22.25, 22.5, 22.75, 22.62, 9999.0, 22.75, 22.38, 22.38, 9999.0, 22.25, 9999.0, 22.5, 22.5, 22.25, 22.25, 22.25
2026-10-08, 01:15:43, 22.25, 22.5, 22.75, 22.75, 9999.0, 22.75, 22.38, 22.5, 9999.0, 22.25, 9999.0, 22.5, 22.5, 22.25, 22.25, 22.25
2026-10-08, 01:15:47, 22.25, 22.5, 22.75, 22.75, 9999.0, 22.75, 22.25, 22.38, 9999.0, 22.25, 9999.0, 22.62, 22.5, 22.25, 22.25, 22.25
2026-10-08, 01:15:51, 22.25, 22.5, 22.75, 22.75, 9999.0, 22.75, 22.25, 22.38, 9999.0, 22.25, 9999.0, 22.75, 22.5, 22.25, 22.25, 22.25
2026-10-08, 01:15:55, 22.25, 22.5, 22.75, 22.75, 9999.0, 22.75, 22.25, 22.5, 9999.0, 22.25, 9999.0, 22.75, 22.5, 22.25, 22.25, 22.25
2026-10-08, 01:15:59, 22.25, 22.5, 22.75, 22.75, 9999.0, 22.75, 22.38, 22.5, 9999.0, 22.12, 9999.0, 22.75, 22.5, 22.25, 22.25, 22.25
2026-10-08, 01:16:03, 22.25, 22.5, 22.75, 22.62, 9999.0, 22.75, 22.5, 22.38, 9999.0, 22.12, 9999.0, 22.75, 22.5, 22.25, 22.25, 22.25
2026-10-08, 01:16:07, 22.25, 22.5, 22.75, 22.5, 9999.0, 22.75, 22.38, 22.25, 9999.0, 22.25, 9999.0, 22.75, 22.5, 22.25, 22.25, 22.25
2026-10-08, 01:16:11, 22.25, 22.5, 22.75, 22.62, 9999.0, 22.75, 22.38, 22.25, 9999.0, 22.25, 9999.0, 22.75, 22.5, 22.25, 22.25, 22.25
2026-10-08, 01:16:15, 22.25, 22.5, 22.75, 22.75, 9999.0, 22.62, 22.5, 22.25, 9999.0, 22.38, 9999.0, 22.75, 22.5, 22.25, 22.25, 22.25
2026-10-08, 01:16:19, 22.25, 22.5, 22.75, 22.75, 9999.0, 22.5, 22.5, 22.38, 9999.0, 22.5, 9999.0, 22.75, 22.5, 22.25, 22.25, 22.25
2026-10-08, 01:16:23, 22.25, 22.5, 22.75, 22.75, 9999.0, 22.5, 22.5, 22.5, 9999.0, 22.5, 9999.0, 22.75, 22.5, 22.25, 22.25, 22.25
2026-10-08, 01:16:27, 22.25, 22.5, 22.75, 22.75, 9999.0, 22.5, 22.5, 22.38, 9999.0, 22.5, 9999.0, 22.75, 22.5, 22.25, 22.25, 22.25
2026-10-08, 01:16:31, 22.25, 22.5, 22.75, 22.62, 9999.0, 22.5, 22.38, 22.25, 9999.0, 22.38, 9999.0, 22.75, 22.5, 22.25, 22.25, 22.25
2026-10-08, 01:16:35, 22.25, 22.5, 22.75, 22.5, 9999.0, 22.5, 22.25, 22.38, 9999.0, 22.38, 9999.0, 22.62, 22.5, 22.25, 22.25, 22.25
2026-10-08, 01:16:39, 22.38, 22.5, 22.75, 22.5, 9999.0, 22.5, 22.25, 22.38, 9999.0, 22.38, 9999.0, 22.5, 22.5, 22.25, 22.25, 22.25
2026-10-08, 01:16:43, 22.38, 22.5, 22.75, 22.5, 9999.0, 22.62, 22.38, 22.25, 9999.0, 22.25, 9999.0, 22.5, 22.5, 22.25, 22.25, 22.25
2026-10-08, 01:16:47, 22.25, 22.5, 22.75, 22.62, 9999.0, 22.75, 22.38, 22.25, 9999.0, 22.25, 9999.0, 22.5, 22.5, 22.25, 22.25, 22.25
2026-10-08, 01:16:51, 22.25, 22.5, 22.75, 22.62, 9999.0, 22.75, 22.25, 22.25, 9999.0, 22.25, 9999.0, 22.5, 22.5, 22.25, 22.25, 22.25
2026-10-08, 01:16:55, 22.25, 22.5, 22.75, 22.62, 9999.0, 22.75, 22.38, 22.25, 9999.0, 22.25, 9999.0, 22.5, 22.5, 22.25, 22.25, 22.25
2026-10-08, 01:16:59, 22.25, 22.5, 22.75, 22.75, 9999.0, 22.75, 22.5, 22.38, 9999.0, 22.25, 9999.0, 22.62, 22.5, 22.25, 22.25, 22.25
2026-10-08, 01:17:03, 22.25, 22.5, 22.75, 22.62, 9999.0, 22.75, 22.38, 22.5, 9999.0, 22.25, 9999.0, 22.75, 22.38, 22.25, 22.25, 22.25
2026-10-08, 01:17:07, 22.25, 22.5, 22.75, 22.62, 9999.0, 22.75, 22.38, 22.38, 9999.0, 22.25, 9999.0, 22.75, 22.38, 22.25, 22.25, 22.25
2026-10-08, 01:17:11, 22.25, 22.5, 22.75, 22.75, 9999.0, 22.75, 22.5, 22.25, 9999.0, 22.25, 9999.0, 22.75, 22.5, 22.25, 22.25, 22.25
2026-10-08, 01:17:15, 22.25, 22.5, 22.75, 22.62, 9999.0, 22.75, 22.38, 22.25, 9999.0, 22.25, 9999.0, 22.75, 22.5, 22.25, 22.25, 22.25
2026-10-08, 01:17:19, 22.25, 22.5, 22.75, 22.5, 9999.0, 22.75, 22.38, 22.38, 9999.0, 22.38, 9999.0, 22.75, 22.5, 22.25, 22.25, 22.25
2026-10-08, 01:17:23, 22.25, 22.5, 22.75, 22.62, 9999.0, 22.75, 22.5, 22.38, 9999.0, 22.5, 9999.0, 22.75, 22.5, 22.25, 22.25, 22.25
2026-10-08, 01:17:27, 22.25, 22.5, 22.75, 22.62, 9999.0, 22.75, 22.5, 22.25, 9999.0, 22.5, 9999.0, 22.75, 22.5, 22.25, 22.25, 22.25
2026-10-08, 01:17:31, 22.25, 22.5, 22.75, 22.5, 9999.0, 22.75, 22.5, 22.25, 9999.0, 22.62, 9999.0, 22.75, 22.5, 22.25, 22.25, 22.25
2026-10-08, 01:17:35, 22.25, 22.5, 22.75, 22.62, 9999.0, 22.75, 22.5, 22.25, 9999.0, 22.62, 9999.0, 22.75, 22.5, 22.25, 22.25, 22.25
2026-10-08, 01:17:39, 22.25, 22.5, 22.75, 22.62, 9999.0, 22.62, 22.5, 22.25, 9999.0, 22.5, 9999.0, 22.75, 22.5, 22.25, 22.25, 22.25
2026-10-08, 01:17:43, 22.25, 22.38, 22.75, 22.5, 9999.0, 22.5, 22.38, 22.38, 9999.0, 22.5, 9999.0, 22.75, 22.5, 22.25, 22.25, 22.25
2026-10-08, 01:17:47, 22.25, 22.38, 22.75, 22.62, 9999.0, 22.5, 22.38, 22.38, 9999.0, 22.5, 9999.0, 22.62, 22.5, 22.25, 22.25, 22.25
2026-10-08, 01:17:51, 22.25, 22.38, 22.75, 22.62, 9999.0, 22.5, 22.38, 22.25, 9999.0, 22.5, 9999.0, 22.62, 22.5, 22.25, 22.25, 22.25
2026-10-08, 01:17:55, 22.38, 22.25, 22.75, 22.62, 9999.0, 22.5, 22.38, 22.38, 9999.0, 22.5, 9999.0, 22.62, 22.5, 22.25, 22.25, 22.25
2026-10-08, 01:17:59, 22.38, 22.38, 22.75, 22.62, 9999.0, 22.62, 22.38, 22.38, 9999.0, 22.38, 9999.0, 22.5, 22.5, 22.25, 22.25, 22.25
2026-10-08, 01:18:03, 22.25, 22.5, 22.75, 22.5, 9999.0, 22.75, 22.25, 22.25, 9999.0, 22.38, 9999.0, 22.5, 22.38, 22.25, 22.25, 22.25
2026-10-08, 01:18:07, 22.25, 22.5, 22.75, 22.62, 9999.0, 22.75, 22.38, 22.38, 9999.0, 22.5, 9999.0, 22.5, 22.38, 22.25, 22.25, 22.25
2026-10-08, 01:18:11, 22.25, 22.5, 22.75, 22.62, 9999.0, 22.75, 22.38, 22.5, 9999.0, 22.5, 9999.0, 22.62, 22.38, 22.25, 22.25, 22.25
2026-10-08, 01:18:16, 22.25, 22.5, 22.75, 22.5, 9999.0, 22.75, 22.25, 22.5, 9999.0, 22.5, 9999.0, 22.75, 22.25, 22.25, 22.25, 22.25
2026-10-08, 01:18:20, 22.25, 22.5, 22.75, 22.62, 9999.0, 22.75, 22.38, 22.5, 9999.0, 22.38, 9999.0, 22.75, 22.38, 22.25, 22.25, 22.25
2026-10-08, 01:18:24, 22.25, 22.5, 22.75, 22.62, 9999.0, 22.75, 22.5, 22.38, 9999.0, 22.38, 9999.0, 22.75, 22.5, 22.25, 22.25, 22.25
2026-10-08, 01:18:28, 22.25, 22.5, 22.75, 22.5, 9999.0, 22.75, 22.38, 22.38, 9999.0, 22.5, 9999.0, 22.75, 22.5, 22.25, 22.25, 22.25
2026-10-08, 01:18:32, 22.25, 22.5, 22.75, 22.5, 9999.0, 22.75, 22.38, 22.38, 9999.0, 22.5, 9999.0, 22.75, 22.5, 22.25, 22.25, 22.25
2026-10-08, 01:18:36, 22.25, 22.5, 22.75, 22.5, 9999.0, 22.75, 22.5, 22.38, 9999.0, 22.5, 9999.0, 22.75, 22.5, 22.25, 22.25, 22.25
2026-10-08, 01:18:40, 22.25, 22.5, 22.75, 22.5, 9999.0, 22.75, 22.5, 22.38, 9999.0, 22.5, 9999.0, 22.75, 22.5, 22.25, 22.25, 22.25
2026-10-08, 01:18:44, 22.25, 22.5, 22.75, 22.62, 9999.0, 22.75, 22.5, 22.38, 9999.0, 22.5, 9999.0, 22.75, 22.5, 22.25, 22.25, 22.25
2026-10-08, 01:18:48, 22.25, 22.5, 22.75, 22.75, 9999.0, 22.75, 22.5, 22.38, 9999.0, 22.62, 9999.0, 22.75, 22.5, 22.25, 22.25, 22.25
2026-10-08, 01:18:52, 22.25, 22.5, 22.75, 22.75, 9999.0, 22.62, 22.5, 22.38, 9999.0, 22.62, 9999.0, 22.75, 22.5, 22.25, 22.25, 22.25
2026-10-08, 01:18:56, 22.25, 22.5, 22.75, 22.62, 9999.0, 22.62, 22.38, 22.38, 9999.0, 22.5, 9999.0, 22.75, 22.5, 22.25, 22.25, 22.25
2026-10-08, 01:19:00, 22.25, 22.5, 22.75, 22.5, 9999.0, 22.62, 22.38, 22.25, 9999.0, 22.5, 9999.0, 22.62, 22.5, 22.25, 22.25, 22.25
2026-10-08, 01:19:04, 22.25, 22.5, 22.75, 22.5, 9999.0, 22.5, 22.38, 22.25, 9999.0, 22.5, 9999.0, 22.5, 22.5, 22.25, 22.25, 22.25
2026-10-08, 01:19:08, 22.25, 22.5, 22.75, 22.5, 9999.0, 22.5, 22.25, 22.38, 9999.0, 22.5, 9999.0, 22.5, 22.5, 22.25, 22.25, 22.25
2026-10-08, 01:19:12, 22.25, 22.5, 22.75, 22.5, 9999.0, 22.62, 22.38, 22.38, 9999.0, 22.5, 9999.0, 22.5, 22.5, 22.25, 22.25, 22.12
2026-10-08, 01:19:16, 22.25, 22.5, 22.75, 22.62, 9999.0, 22.75, 22.38, 22.25, 9999.0, 22.5, 9999.0, 22.5, 22.5, 22.25, 22.25, 22.12
2026-10-08, 01:19:20, 22.25, 22.5, 22.75, 22.62, 9999.0, 22.75, 22.38, 22.38, 9999.0, 22.5, 9999.0, 22.5, 22.5, 22.25, 22.25, 22.25
2026-10-08, 01:19:24, 22.25, 22.5, 22.75, 22.5, 9999.0, 22.75, 22.5, 22.38, 9999.0, 22.5, 9999.0, 22.5, 22.5, 22.25, 22.25, 22.25
2026-10-08, 01:19:28, 22.25, 22.5, 22.75, 22.5, 9999.0, 22.75, 22.5, 22.25, 9999.0, 22.5, 9999.0, 22.62, 22.38, 22.25, 22.25, 22.25
2026-10-08, 01:19:32, 22.25, 22.5, 22.75, 22.5, 9999.0, 22.75, 22.5, 22.25, 9999.0, 22.5, 9999.0, 22.75, 22.38, 22.25, 22.25, 22.25
2026-10-08, 01:19:36, 22.25, 22.5, 22.75, 22.5, 9999.0, 22.75, 22.38, 22.38, 9999.0, 22.38, 9999.0, 22.75, 22.5, 22.25, 22.25, 22.25
2026-10-08, 01:19:40, 22.25, 22.5, 22.75, 22.62, 9999.0, 22.75, 22.38, 22.5, 9999.0, 22.25, 9999.0, 22.75, 22.5, 22.25, 22.25, 22.25
2026-10-08, 01:19:44, 22.25, 22.5, 22.75, 22.62, 9999.0, 22.75, 22.5, 22.5, 9999.0, 22.25, 9999.0, 22.75, 22.5, 22.25, 22.25, 22.25
2026-10-08, 01:19:48, 22.25, 22.5, 22.75, 22.5, 9999.0, 22.75, 22.5, 22.38, 9999.0, 22.38, 9999.0, 22.75, 22.5, 22.25, 22.25, 22.25
2026-10-08, 01:19:52, 22.25, 22.5, 22.75, 22.5, 9999.0, 22.75, 22.5, 22.38, 9999.0, 22.5, 9999.0, 22.75, 22.5, 22.25, 22.38, 22.25
2026-10-08, 01:19:56, 22.25, 22.5, 22.75, 22.62, 9999.0, 22.75, 22.5, 22.38, 9999.0, 22.62, 9999.0, 22.75, 22.5, 22.25, 22.38, 22.25
2026-10-08, 01:20:00, 22.25, 22.5, 22.75, 22.62, 9999.0, 22.75, 22.5, 22.38, 9999.0, 22.75, 9999.0, 22.75, 22.5, 22.25, 22.25, 22.25
2026-10-08, 01:20:04, 22.25, 22.5, 22.75, 22.5, 9999.0, 22.75, 22.5, 22.38, 9999.0, 22.75, 9999.0, 22.75, 22.5, 22.25, 22.25, 22.25
2026-10-08, 01:20:08, 22.25, 22.5, 22.75, 22.5, 9999.0, 22.62, 22.38, 22.25, 9999.0, 22.62, 9999.0, 22.75, 22.5, 22.25, 22.38, 22.25
2026-10-08, 01:20:12, 22.25, 22.5, 22.75, 22.62, 9999.0, 22.5, 22.25, 22.38, 9999.0, 22.5, 9999.0, 22.75, 22.5, 22.25, 22.38, 22.25
2026-10-08, 01:20:16, 22.25, 22.5, 22.75, 22.62, 9999.0, 22.5, 22.38, 22.38, 9999.0, 22.5, 9999.0, 22.62, 22.5, 22.25, 22.25, 22.25
2026-10-08, 01:20:20, 22.25, 22.5, 22.75, 22.5, 9999.0, 22.5, 22.38, 22.25, 9999.0, 22.5, 9999.0, 22.5, 22.5, 22.25, 22.25, 22.25
2026-10-08, 01:20:24, 22.25, 22.5, 22.75, 22.5, 9999.0, 22.62, 22.25, 22.25, 9999.0, 22.5, 9999.0, 22.5, 22.5, 22.25, 22.25, 22.25
2026-10-08, 01:20:28, 22.25, 22.5, 22.75, 22.5, 9999.0, 22.75, 22.25, 22.25, 9999.0, 22.5, 9999.0, 22.5, 22.38, 22.25, 22.25, 22.25
2026-10-08, 01:20:32, 22.25, 22.5, 22.75, 22.62, 9999.0, 22.75, 22.25, 22.25, 9999.0, 22.5, 9999.0, 22.5, 22.38, 22.25, 22.25, 22.25
2026-10-08, 01:20:36, 22.25, 22.5, 22.75, 22.62, 9999.0, 22.88, 22.25, 22.25, 9999.0, 22.5, 9999.0, 22.5, 22.5, 22.25, 22.25, 22.25
2026-10-08, 01:20:40, 22.25, 22.5, 22.75, 22.5, 9999.0, 22.88, 22.25, 22.25, 9999.0, 22.5, 9999.0, 22.62, 22.5, 22.25, 22.25, 22.25
2026-10-08, 01:20:44, 22.25, 22.5, 22.75, 22.5, 9999.0, 22.75, 22.38, 22.38, 9999.0, 22.5, 9999.0, 22.75, 22.5, 22.25, 22.25, 22.25
2026-10-08, 01:20:48, 22.25, 22.5, 22.75, 22.5, 9999.0, 22.75, 22.38, 22.5, 9999.0, 22.5, 9999.0, 22.75, 22.5, 22.25, 22.25, 22.25
2026-10-08, 01:20:52, 22.25, 22.38, 22.75, 22.62, 9999.0, 22.75, 22.38, 22.38, 9999.0, 22.5, 9999.0, 22.75, 22.5, 22.25, 22.25, 22.25
2026-10-08, 01:20:56, 22.25, 22.38, 22.75, 22.62, 9999.0, 22.75, 22.38, 22.25, 9999.0, 22.5, 9999.0, 22.75, 22.5, 22.25, 22.25, 22.25
2026-10-08, 01:21:00, 22.25, 22.5, 22.75, 22.5, 9999.0, 22.75, 22.38, 22.25, 9999.0, 22.5, 9999.0, 22.75, 22.38, 22.25, 22.25, 22.25
2026-10-08, 01:21:04, 22.25, 22.5, 22.75, 22.5, 9999.0, 22.75, 22.38, 22.25, 9999.0, 22.5, 9999.0, 22.75, 22.38, 22.25, 22.25, 22.25
2026-10-08, 01:21:08, 22.25, 22.38, 22.75, 22.5, 9999.0, 22.75, 22.25, 22.25, 9999.0, 22.62, 9999.0, 22.75, 22.5, 22.25, 22.38, 22.25
2026-10-08, 01:21:12, 22.25, 22.38, 22.62, 22.5, 9999.0, 22.75, 22.25, 22.38, 9999.0, 22.75, 9999.0, 22.75, 22.5, 22.25, 22.38, 22.25
2026-10-08, 01:21:16, 22.38, 22.5, 22.62, 22.5, 9999.0, 22.62, 22.25, 22.38, 9999.0, 22.75, 9999.0, 22.75, 22.5, 22.25, 22.25, 22.25
2026-10-08, 01:21:20, 22.38, 22.5, 22.75, 22.5, 9999.0, 22.62, 22.38, 22.25, 9999.0, 22.75, 9999.0, 22.75, 22.5, 22.25, 22.25, 22.25
2026-10-08, 01:21:24, 22.25, 22.5, 22.75, 22.5, 9999.0, 22.62, 22.38, 22.25, 9999.0, 22.75, 9999.0, 22.62, 22.5, 22.25, 22.25, 22.25
2026-10-08, 01:21:28, 22.25, 22.38, 22.75, 22.5, 9999.0, 22.5, 22.25, 22.25, 9999.0, 22.75, 9999.0, 22.5, 22.5, 22.25, 22.25, 22.25
2026-10-08, 01:21:32, 22.25, 22.38, 22.75, 22.5, 9999.0, 22.5, 22.25, 22.25, 9999.0, 22.75, 9999.0, 22.62, 22.5, 22.25, 22.25, 22.25
2026-10-08, 01:21:36, 22.25, 22.5, 22.75, 22.5, 9999.0, 22.5, 22.38, 22.25, 9999.0, 22.75, 9999.0, 22.62, 22.5, 22.25, 22.25, 22.25
2026-10-08, 01:21:40, 22.25, 22.5, 22.75, 22.5, 9999.0, 22.62, 22.38, 22.25, 9999.0, 22.75, 9999.0, 22.5, 22.5, 22.25, 22.25, 22.25
2026-10-08, 01:21:44, 22.25, 22.5, 22.75, 22.5, 9999.0, 22.75, 22.25, 22.25, 9999.0, 22.75, 9999.0, 22.5, 22.5, 22.25, 22.25, 22.25
2026-10-08, 01:21:48, 22.25, 22.5, 22.75, 22.5, 9999.0, 22.75, 22.38, 22.25, 9999.0, 22.62, 9999.0, 22.5, 22.38, 22.25, 22.25, 22.25
2026-10-08, 01:21:52, 22.25, 22.5, 22.75, 22.5, 9999.0, 22.75, 22.38, 22.38, 9999.0, 22.5, 9999.0, 22.5, 22.25, 22.25, 22.25, 22.25
2026-10-08, 01:21:56, 22.25, 22.38, 22.75, 22.5, 9999.0, 22.75, 22.25, 22.38, 9999.0, 22.5, 9999.0, 22.62, 22.38, 22.25, 22.25, 22.25
2026-10-08, 01:22:00, 22.25, 22.38, 22.75, 22.5, 9999.0, 22.75, 22.25, 22.25, 9999.0, 22.5, 9999.0, 22.75, 22.38, 22.25, 22.25, 22.25
2026-10-08, 01:22:04, 22.25, 22.5, 22.75, 22.5, 9999.0, 22.75, 22.25, 22.38, 9999.0, 22.5, 9999.0, 22.75, 22.38, 22.25, 22.25, 22.12
2026-10-08, 01:22:09, 22.25, 22.5, 22.62, 22.5, 9999.0, 22.75, 22.38, 22.5, 9999.0, 22.5, 9999.0, 22.75, 22.5, 22.25, 22.25, 22.12
2026-10-08, 01:22:13, 22.25, 22.5, 22.62, 22.5, 9999.0, 22.75, 22.38, 22.5, 9999.0, 22.5, 9999.0, 22.75, 22.5, 22.25, 22.38, 22.25
2026-10-08, 01:22:17, 22.25, 22.38, 22.75, 22.62, 9999.0, 22.75, 22.38, 22.38, 9999.0, 22.62, 9999.0, 22.75, 22.5, 22.25, 22.38, 22.25
2026-10-08, 01:22:21, 22.25, 22.38, 22.75, 22.62, 9999.0, 22.62, 22.5, 22.25, 9999.0, 22.75, 9999.0, 22.75, 22.5, 22.25, 22.25, 22.25
2026-10-08, 01:22:25, 22.25, 22.38, 22.62, 22.5, 9999.0, 22.62, 22.5, 22.25, 9999.0, 22.75, 9999.0, 22.75, 22.5, 22.25, 22.25, 22.25
2026-10-08, 01:22:29, 22.25, 22.38, 22.62, 22.5, 9999.0, 22.75, 22.38, 22.25, 9999.0, 22.75, 9999.0, 22.75, 22.5, 22.25, 22.25, 22.25
2026-10-08, 01:22:33, 22.25, 22.5, 22.75, 22.5, 9999.0, 22.62, 22.38, 22.25, 9999.0, 22.75, 9999.0, 22.62, 22.5, 22.25, 22.25, 22.25
2026-10-08, 01:22:37, 22.25, 22.5, 22.75, 22.5, 9999.0, 22.5, 22.38, 22.25, 9999.0, 22.75, 9999.0, 22.62, 22.5, 22.25, 22.25, 22.25
2026-10-08, 01:22:41, 22.25, 22.38, 22.75, 22.5, 9999.0, 22.5, 22.25, 22.25, 9999.0, 22.75, 9999.0, 22.62, 22.5, 22.25, 22.25, 22.12
2026-10-08, 01:22:45, 22.25, 22.38, 22.62, 22.5, 9999.0, 22.5, 22.25, 22.25, 9999.0, 22.75, 9999.0, 22.5, 22.5, 22.25, 22.25, 22.12
2026-10-08, 01:22:49, 22.25, 22.5, 22.62, 22.5, 9999.0, 22.5, 22.25, 22.25, 9999.0, 22.75, 9999.0, 22.5, 22.5, 22.25, 22.38, 22.25
2026-10-08, 01:22:53, 22.25, 22.5, 22.75, 22.5, 9999.0, 22.5, 22.25, 22.25, 9999.0, 22.75, 9999.0, 22.5, 22.5, 22.25, 22.38, 22.12
2026-10-08, 01:22:57, 22.25, 22.5, 22.75, 22.5, 9999.0, 22.62, 22.25, 22.25, 9999.0, 22.62, 9999.0, 22.5, 22.5, 22.25, 22.25, 22.12
2026-10-08, 01:23:01, 22.25, 22.5, 22.75, 22.5, 9999.0, 22.75, 22.25, 22.25, 9999.0, 22.5, 9999.0, 22.5, 22.38, 22.25, 22.25, 22.25
2026-10-08, 01:23:05, 22.25, 22.5, 22.62, 22.5, 9999.0, 22.75, 22.38, 22.38, 9999.0, 22.5, 9999.0, 22.5, 22.25, 22.25, 22.25, 22.12
2026-10-08, 01:23:09, 22.25, 22.5, 22.62, 22.5, 9999.0, 22.75, 22.5, 22.38, 9999.0, 22.5, 9999.0, 22.5, 22.25, 22.25, 22.25, 22.0
2026-10-08, 01:23:13, 22.25, 22.38, 22.75, 22.5, 9999.0, 22.75, 22.5, 22.25, 9999.0, 22.5, 9999.0, 22.62, 22.25, 22.25, 22.25, 22.0
2026-10-08, 01:23:17, 22.25, 22.38, 22.62, 22.5, 9999.0, 22.75, 22.5, 22.25, 9999.0, 22.5, 9999.0, 22.75, 22.25, 22.25, 22.25, 22.12
2026-10-08, 01:23:21, 22.25, 22.5, 22.5, 22.5, 9999.0, 22.75, 22.38, 22.25, 9999.0, 22.5, 9999.0, 22.75, 22.38, 22.25, 22.25, 22.25
2026-10-08, 01:23:25, 22.25, 22.5, 22.62, 22.5, 9999.0, 22.75, 22.25, 22.25, 9999.0, 22.5, 9999.0, 22.75, 22.5, 22.25, 22.25, 22.25
2026-10-08, 01:23:29, 22.25, 22.5, 22.62, 22.5, 9999.0, 22.75, 22.38, 22.25, 9999.0, 22.5, 9999.0, 22.75, 22.5, 22.25, 22.25, 22.25
2026-10-08, 01:23:33, 22.25, 22.5, 22.5, 22.5, 9999.0, 22.75, 22.5, 22.25, 9999.0, 22.62, 9999.0, 22.75, 22.38, 22.25, 22.25, 22.25
2026-10-08, 01:23:37, 22.25, 22.5, 22.62, 22.5, 9999.0, 22.75, 22.5, 22.25, 9999.0, 22.75, 9999.0, 22.75, 22.25, 22.25, 22.25, 22.12
2026-10-08, 01:23:41, 22.25, 22.5, 22.75, 22.5, 9999.0, 22.75, 22.38, 22.25, 9999.0, 22.75, 9999.0, 22.75, 22.38, 22.25, 22.25, 22.12
2026-10-08, 01:23:45, 22.25, 22.5, 22.75, 22.5, 9999.0, 22.62, 22.25, 22.25, 9999.0, 22.75, 9999.0, 22.62, 22.5, 22.25, 22.25, 22.12
2026-10-08, 01:23:49, 22.25, 22.5, 22.75, 22.5, 9999.0, 22.5, 22.38, 22.25, 9999.0, 22.75, 9999.0, 22.5, 22.5, 22.25, 22.25, 22.12
2026-10-08, 01:23:53, 22.25, 22.38, 22.62, 22.5, 9999.0, 22.5, 22.38, 22.25, 9999.0, 22.75, 9999.0, 22.5, 22.5, 22.25, 22.25, 22.25
2026-10-08, 01:23:57, 22.25, 22.38, 22.62, 22.5, 9999.0, 22.5, 22.25, 22.25, 9999.0, 22.75, 9999.0, 22.62, 22.38, 22.25, 22.25, 22.25
2026-10-08, 01:24:01, 22.25, 22.5, 22.62, 22.5, 9999.0, 22.5, 22.25, 22.25, 9999.0, 22.75, 9999.0, 22.62, 22.38, 22.25, 22.25, 22.25
2026-10-08, 01:24:05, 22.25, 22.5, 22.62, 22.5, 9999.0, 22.5, 22.25, 22.25, 9999.0, 22.75, 9999.0, 22.5, 22.38, 22.25, 22.25, 22.12
2026-10-08, 01:24:09, 22.25, 22.38, 22.62, 22.5, 9999.0, 22.62, 22.25, 22.25, 9999.0, 22.75, 9999.0, 22.5, 22.38, 22.25, 22.25, 22.12
2026-10-08, 01:24:13, 22.25, 22.38, 22.5, 22.5, 9999.0, 22.75, 22.25, 22.25, 9999.0, 22.75, 9999.0, 22.5, 22.5, 22.25, 22.25, 22.25
2026-10-08, 01:24:17, 22.25, 22.5, 22.5, 22.5, 9999.0, 22.75, 22.25, 22.25, 9999.0, 22.75, 9999.0, 22.5, 22.5, 22.25, 22.25, 22.25
2026-10-08, 01:24:21, 22.25, 22.5, 22.62, 22.5, 9999.0, 22.75, 22.38, 22.25, 9999.0, 22.75, 9999.0, 22.5, 22.5, 22.25, 22.25, 22.12
2026-10-08, 01:24:25, 22.25, 22.5, 22.75, 22.5, 9999.0, 22.75, 22.5, 22.25, 9999.0, 22.62, 9999.0, 22.5, 22.38, 22.12, 22.25, 22.12
2026-10-08, 01:24:29, 22.25, 22.5, 22.75, 22.5, 9999.0, 22.75, 22.38, 22.25, 9999.0, 22.5, 9999.0, 22.5, 22.38, 22.12, 22.25, 22.25
2026-10-08, 01:24:33, 22.25, 22.5, 22.75, 22.5, 9999.0, 22.75, 22.38, 22.25, 9999.0, 22.5, 9999.0, 22.62, 22.5, 22.25, 22.25, 22.25
2026-10-08, 01:24:37, 22.25, 22.5, 22.62, 22.5, 9999.0, 22.75, 22.5, 22.25, 9999.0, 22.5, 9999.0, 22.75, 22.5, 22.25, 22.25, 22.25
2026-10-08, 01:24:41, 22.25, 22.5, 22.5, 22.5, 9999.0, 22.75, 22.5, 22.38, 9999.0, 22.5, 9999.0, 22.75, 22.5, 22.25, 22.25, 22.25
2026-10-08, 01:24:45, 22.25, 22.5, 22.5, 22.5, 9999.0, 22.75, 22.5, 22.38, 9999.0, 22.62, 9999.0, 22.75, 22.5, 22.25, 22.25, 22.25
2026-10-08, 01:24:49, 22.25, 22.5, 22.5, 22.5, 9999.0, 22.75, 22.38, 22.25, 9999.0, 22.75, 9999.0, 22.75, 22.38, 22.25, 22.25, 22.12
2026-10-08, 01:24:53, 22.25, 22.5, 22.5, 22.5, 9999.0, 22.75, 22.38, 22.25, 9999.0, 22.75, 9999.0, 22.75, 22.38, 22.25, 22.25, 22.12
2026-10-08, 01:24:57, 22.25, 22.38, 22.62, 22.5, 9999.0, 22.62, 22.38, 22.25, 9999.0, 22.75, 9999.0, 22.75, 22.5, 22.25, 22.25, 22.12
2026-10-08, 01:25:01, 22.25, 22.38, 22.75, 22.5, 9999.0, 22.5, 22.25, 22.25, 9999.0, 22.75, 9999.0, 22.62, 22.5, 22.25, 22.25, 22.0
2026-10-08, 01:25:05, 22.25, 22.38, 22.75, 22.5, 9999.0, 22.5, 22.38, 22.25, 9999.0, 22.75, 9999.0, 22.62, 22.5, 22.25, 22.25, 22.0
2026-10-08, 01:25:09, 22.25, 22.38, 22.75, 22.5, 9999.0, 22.5, 22.5, 22.25, 9999.0, 22.75, 9999.0, 22.62, 22.5, 22.25, 22.25, 22.12
2026-10-08, 01:25:13, 22.25, 22.38, 22.75, 22.5, 9999.0, 22.5, 22.38, 22.25, 9999.0, 22.75, 9999.0, 22.5, 22.5, 22.25, 22.25, 22.12
2026-10-08, 01:25:17, 22.25, 22.38, 22.62, 22.5, 9999.0, 22.5, 22.25, 22.25, 9999.0, 22.75, 9999.0, 22.5, 22.5, 22.25, 22.25, 22.0
2026-10-08, 01:25:21, 22.25, 22.38, 22.5, 22.5, 9999.0, 22.5, 22.25, 22.25, 9999.0, 22.75, 9999.0, 22.5, 22.5, 22.25, 22.25, 22.0
2026-10-08, 01:25:25, 22.25, 22.25, 22.62, 22.5, 9999.0, 22.62, 22.25, 22.25, 9999.0, 22.75, 9999.0, 22.5, 22.38, 22.25, 22.25, 22.0
2026-10-08, 01:25:29, 22.25, 22.38, 22.62, 22.5, 9999.0, 22.75, 22.25, 22.25, 9999.0, 22.62, 9999.0, 22.5, 22.38, 22.25, 22.25, 22.0
2026-10-08, 01:25:33, 22.25, 22.38, 22.5, 22.5, 9999.0, 22.75, 22.25, 22.25, 9999.0, 22.5, 9999.0, 22.5, 22.38, 22.25, 22.25, 22.12
2026-10-08, 01:25:37, 22.25, 22.38, 22.5, 22.5, 9999.0, 22.75, 22.25, 22.25, 9999.0, 22.5, 9999.0, 22.62, 22.25, 22.12, 22.25, 22.12
2026-10-08, 01:25:41, 22.25, 22.5, 22.62, 22.5, 9999.0, 22.75, 22.38, 22.25, 9999.0, 22.5, 9999.0, 22.62, 22.38, 22.0, 22.25, 22.12
2026-10-08, 01:25:45, 22.25, 22.5, 22.75, 22.5, 9999.0, 22.75, 22.38, 22.25, 9999.0, 22.5, 9999.0, 22.5, 22.38, 22.0, 22.25, 22.12
2026-10-08, 01:25:49, 22.25, 22.5, 22.75, 22.5, 9999.0, 22.75, 22.38, 22.25, 9999.0, 22.5, 9999.0, 22.62, 22.38, 22.12, 22.25, 22.12
2026-10-08, 01:25:53, 22.25, 22.5, 22.62, 22.5, 9999.0, 22.75, 22.5, 22.25, 9999.0, 22.5, 9999.0, 22.75, 22.38, 22.25, 22.25, 22.12
2026-10-08, 01:25:57, 22.25, 22.5, 22.5, 22.5, 9999.0, 22.75, 22.5, 22.25, 9999.0, 22.62, 9999.0, 22.75, 22.25, 22.25, 22.25, 22.0
2026-10-08, 01:26:01, 22.25, 22.38, 22.5, 22.5, 9999.0, 22.75, 22.5, 22.25, 9999.0, 22.62, 9999.0, 22.75, 22.38, 22.25, 22.25, 22.0
2026-10-08, 01:26:06, 22.25, 22.38, 22.5, 22.5, 9999.0, 22.62, 22.5, 22.25, 9999.0, 22.62, 9999.0, 22.75, 22.5, 22.25, 22.25, 22.0
2026-10-08, 01:26:10, 22.25, 22.38, 22.5, 22.5, 9999.0, 22.62, 22.38, 22.25, 9999.0, 22.75, 9999.0, 22.62, 22.5, 22.25, 22.25, 22.12
2026-10-08, 01:26:14, 22.25, 22.38, 22.5, 22.5, 9999.0, 22.62, 22.25, 22.25, 9999.0, 22.75, 9999.0, 22.62, 22.5, 22.25, 22.25, 22.12
2026-10-08, 01:26:18, 22.25, 22.5, 22.62, 22.5, 9999.0, 22.5, 22.38, 22.25, 9999.0, 22.75, 9999.0, 22.75, 22.5, 22.25, 22.25, 22.0
2026-10-08, 01:26:22, 22.25, 22.5, 22.75, 22.5, 9999.0, 22.5, 22.38, 22.25, 9999.0, 22.75, 9999.0, 22.62, 22.38, 22.25, 22.25, 22.12
2026-10-08, 01:26:26, 22.25, 22.5, 22.62, 22.5, 9999.0, 22.5, 22.25, 22.25, 9999.0, 22.75, 9999.0, 22.5, 22.38, 22.25, 22.25, 22.25
2026-10-08, 01:26:30, 22.25, 22.5, 22.62, 22.5, 9999.0, 22.5, 22.25, 22.25, 9999.0, 22.75, 9999.0, 22.5, 22.38, 22.25, 22.25, 22.25
2026-10-08, 01:26:34, 22.25, 22.5, 22.75, 22.5, 9999.0, 22.5, 22.25, 22.25, 9999.0, 22.75, 9999.0, 22.5, 22.25, 22.25, 22.25, 22.25
2026-10-08, 01:26:38, 22.25, 22.5, 22.75, 22.5, 9999.0, 22.62, 22.25, 22.25, 9999.0, 22.75, 9999.0, 22.5, 22.25, 22.25, 22.25, 22.12
2026-10-08, 01:26:42, 22.25, 22.5, 22.75, 22.5, 9999.0, 22.75, 22.25, 22.25, 9999.0, 22.75, 9999.0, 22.5, 22.25, 22.25, 22.25, 22.0
2026-10-08, 01:26:46, 22.25, 22.38, 22.62, 22.5, 9999.0, 22.75, 22.38, 22.25, 9999.0, 22.62, 9999.0, 22.5, 22.25, 22.25, 22.25, 22.12
2026-10-08, 01:26:50, 22.25, 22.38, 22.62, 22.5, 9999.0, 22.75, 22.5, 22.25, 9999.0, 22.5, 9999.0, 22.5, 22.25, 22.25, 22.25, 22.12
2026-10-08, 01:26:54, 22.25, 22.38, 22.62, 22.5, 9999.0, 22.75, 22.38, 22.25, 9999.0, 22.5, 9999.0, 22.62, 22.38, 22.25, 22.25, 22.12
2026-10-08, 01:26:58, 22.25, 22.38, 22.5, 22.5, 9999.0, 22.75, 22.38, 22.25, 9999.0, 22.5, 9999.0, 22.75, 22.38, 22.25, 22.25, 22.12
2026-10-08, 01:27:02, 22.25, 22.5, 22.62, 22.5, 9999.0, 22.75, 22.5, 22.25, 9999.0, 22.5, 9999.0, 22.75, 22.38, 22.25, 22.25, 22.0
2026-10-08, 01:27:06, 22.25, 22.5, 22.62, 22.5, 9999.0, 22.75, 22.38, 22.25, 9999.0, 22.5, 9999.0, 22.75, 22.5, 22.25, 22.25, 22.0
2026-10-08, 01:27:10, 22.25, 22.38, 22.5, 22.5, 9999.0, 22.75, 22.38, 22.25, 9999.0, 22.5, 9999.0, 22.75, 22.38, 22.25, 22.25, 22.0
2026-10-08, 01:27:14, 22.25, 22.25, 22.62, 22.5, 9999.0, 22.75, 22.5, 22.25, 9999.0, 22.62, 9999.0, 22.75, 22.38, 22.25, 22.25, 22.12
2026-10-08, 01:27:18, 22.25, 22.38, 22.75, 22.5, 9999.0, 22.62, 22.5, 22.25, 9999.0, 22.75, 9999.0, 22.75, 22.5, 22.25, 22.25, 22.25
2026-10-08, 01:27:22, 22.25, 22.38, 22.62, 22.5, 9999.0, 22.62, 22.38, 22.25, 9999.0, 22.75, 9999.0, 22.75, 22.5, 22.25, 22.25, 22.25
2026-10-08, 01:27:26, 22.25, 22.38, 22.5, 22.5, 9999.0, 22.75, 22.25, 22.25, 9999.0, 22.75, 9999.0, 22.62, 22.5, 22.25, 22.25, 22.12
2026-10-08, 01:27:30, 22.25, 22.5, 22.62, 22.5, 9999.0, 22.62, 22.38, 22.25, 9999.0, 22.75, 9999.0, 22.5, 22.5, 22.25, 22.25, 22.12
2026-10-08, 01:27:34, 22.25, 22.38, 22.62, 22.5, 9999.0, 22.5, 22.38, 22.25, 9999.0, 22.75, 9999.0, 22.5, 22.38, 22.25, 22.25, 22.25
2026-10-08, 01:27:38, 22.25, 22.25, 22.62, 22.5, 9999.0, 22.5, 22.38, 22.25, 9999.0, 22.75, 9999.0, 22.5, 22.38, 22.25, 22.25, 22.12
2026-10-08, 01:27:42, 22.25, 22.38, 22.62, 22.5, 9999.0, 22.5, 22.38, 22.25, 9999.0, 22.75, 9999.0, 22.5, 22.5, 22.25, 22.25, 22.0
2026-10-08, 01:27:46, 22.25, 22.5, 22.5, 22.5, 9999.0, 22.5, 22.25, 22.25, 9999.0, 22.75, 9999.0, 22.5, 22.5, 22.12, 22.25, 22.12
2026-10-08, 01:27:50, 22.25, 22.5, 22.5, 22.5, 9999.0, 22.62, 22.38, 22.25, 9999.0, 22.75, 9999.0, 22.5, 22.5, 22.0, 22.25, 22.12
2026-10-08, 01:27:54, 22.25, 22.38, 22.5, 22.5, 9999.0, 22.62, 22.38, 22.25, 9999.0, 22.62, 9999.0, 22.5, 22.38, 22.12, 22.25, 22.12
2026-10-08, 01:27:58, 22.25, 22.38, 22.62, 22.5, 9999.0, 22.62, 22.25, 22.25, 9999.0, 22.62, 9999.0, 22.5, 22.25, 22.25, 22.25, 22.12
2026-10-08, 01:28:02, 22.25, 22.5, 22.62, 22.5, 9999.0, 22.75, 22.25, 22.25, 9999.0, 22.62, 9999.0, 22.38, 22.25, 22.25, 22.25, 22.12
2026-10-08, 01:28:06, 22.25, 22.5, 22.5, 22.5, 9999.0, 22.75, 22.38, 22.25, 9999.0, 22.5, 9999.0, 22.5, 22.25, 22.25, 22.25, 22.25
2026-10-08, 01:28:10, 22.25, 22.5, 22.5, 22.5, 9999.0, 22.75, 22.38, 22.25, 9999.0, 22.5, 9999.0, 22.62, 22.38, 22.25, 22.25, 22.12
2026-10-08, 01:28:14, 22.25, 22.5, 22.5, 22.5, 9999.0, 22.75, 22.25, 22.25, 9999.0, 22.5, 9999.0, 22.62, 22.5, 22.25, 22.25, 22.0
2026-10-08, 01:28:18, 22.25, 22.5, 22.5, 22.5, 9999.0, 22.75, 22.38, 22.25, 9999.0, 22.5, 9999.0, 22.75, 22.38, 22.25, 22.25, 22.12
2026-10-08, 01:28:22, 22.25, 22.5, 22.5, 22.5, 9999.0, 22.75, 22.5, 22.25, 9999.0, 22.38, 9999.0, 22.75, 22.25, 22.25, 22.25, 22.25
2026-10-08, 01:28:26, 22.25, 22.5, 22.5, 22.5, 9999.0, 22.62, 22.38, 22.25, 9999.0, 22.38, 9999.0, 22.75, 22.38, 22.25, 22.25, 22.25
2026-10-08, 01:28:30, 22.25, 22.5, 22.5, 22.5, 9999.0, 22.62, 22.25, 22.25, 9999.0, 22.5, 9999.0, 22.75, 22.5, 22.25, 22.25, 22.12
2026-10-08, 01:28:34, 22.25, 22.5, 22.5, 22.5, 9999.0, 22.62, 22.25, 22.25, 9999.0, 22.62, 9999.0, 22.75, 22.5, 22.25, 22.25, 22.0
2026-10-08, 01:28:38, 22.25, 22.5, 22.5, 22.5, 9999.0, 22.5, 22.38, 22.25, 9999.0, 22.75, 9999.0, 22.75, 22.5, 22.25, 22.25, 22.12
2026-10-08, 01:28:42, 22.25, 22.38, 22.5, 22.5, 9999.0, 22.5, 22.38, 22.25, 9999.0, 22.75, 9999.0, 22.75, 22.5, 22.25, 22.25, 22.25
2026-10-08, 01:28:46, 22.25, 22.25, 22.5, 22.5, 9999.0, 22.5, 22.25, 22.25, 9999.0, 22.75, 9999.0, 22.62, 22.5, 22.25, 22.25, 22.12
2026-10-08, 01:28:50, 22.25, 22.38, 22.62, 22.5, 9999.0, 22.5, 22.38, 22.25, 9999.0, 22.75, 9999.0, 22.5, 22.5, 22.25, 22.25, 22.0
2026-10-08, 01:28:54, 22.25, 22.5, 22.62, 22.5, 9999.0, 22.5, 22.38, 22.25, 9999.0, 22.75, 9999.0, 22.5, 22.38, 22.25, 22.25, 22.0
2026-10-08, 01:28:58, 22.25, 22.5, 22.5, 22.5, 9999.0, 22.5, 22.25, 22.25, 9999.0, 22.62, 9999.0, 22.5, 22.25, 22.25, 22.25, 22.12
2026-10-08, 01:29:02, 22.25, 22.5, 22.62, 22.5, 9999.0, 22.62, 22.25, 22.25, 9999.0, 22.5, 9999.0, 22.5, 22.25, 22.25, 22.25, 22.25
2026-10-08, 01:29:06, 22.25, 22.38, 22.62, 22.5, 9999.0, 22.75, 22.38, 22.25, 9999.0, 22.5, 9999.0, 22.5, 22.38, 22.25, 22.25, 22.12
2026-10-08, 01:29:10, 22.25, 22.25, 22.5, 22.5, 9999.0, 22.75, 22.38, 22.25, 9999.0, 22.5, 9999.0, 22.38, 22.5, 22.25, 22.25, 22.12
2026-10-08, 01:29:14, 22.25, 22.25, 22.5, 22.5, 9999.0, 22.75, 22.25, 22.25, 9999.0, 22.5, 9999.0, 22.38, 22.5, 22.25, 22.25, 22.12
2026-10-08, 01:29:18, 22.25, 22.38, 22.62, 22.5, 9999.0, 22.75, 22.25, 22.25, 9999.0, 22.5, 9999.0, 22.62, 22.5, 22.25, 22.25, 22.12
2026-10-08, 01:29:22, 22.25, 22.5, 22.75, 22.5, 9999.0, 22.75, 22.25, 22.25, 9999.0, 22.5, 9999.0, 22.62, 22.5, 22.25, 22.25, 22.12
2026-10-08, 01:29:26, 22.25, 22.38, 22.62, 22.5, 9999.0, 22.75, 22.25, 22.25, 9999.0, 22.5, 9999.0, 22.62, 22.5, 22.25, 22.25, 22.12
2026-10-08, 01:29:30, 22.25, 22.38, 22.5, 22.5, 9999.0, 22.75, 22.38, 22.25, 9999.0, 22.5, 9999.0, 22.75, 22.5, 22.25, 22.25, 22.25
2026-10-08, 01:29:34, 22.25, 22.5, 22.5, 22.5, 9999.0, 22.75, 22.5, 22.25, 9999.0, 22.62, 9999.0, 22.75, 22.5, 22.25, 22.25, 22.12
2026-10-08, 01:29:38, 22.25, 22.38, 22.62, 22.5, 9999.0, 22.62, 22.38, 22.25, 9999.0, 22.62, 9999.0, 22.75, 22.5, 22.25, 22.25, 22.0
2026-10-08, 01:29:42, 22.25, 22.25, 22.62, 22.5, 9999.0, 22.62, 22.25, 22.25, 9999.0, 22.5, 9999.0, 22.75, 22.5, 22.25, 22.25, 22.0
2026-10-08, 01:29:46, 22.25, 22.25, 22.5, 22.5, 9999.0, 22.75, 22.38, 22.25, 9999.0, 22.62, 9999.0, 22.75, 22.5, 22.25, 22.25, 22.0
2026-10-08, 01:29:50, 22.25, 22.25, 22.5, 22.5, 9999.0, 22.62, 22.38, 22.25, 9999.0, 22.75, 9999.0, 22.75, 22.5, 22.25, 22.25, 22.0
2026-10-08, 01:29:54, 22.25, 22.38, 22.5, 22.5, 9999.0, 22.62, 22.25, 22.25, 9999.0, 22.75, 9999.0, 22.62, 22.5, 22.25, 22.25, 22.0
2026-10-08, 01:29:59, 22.25, 22.38, 22.5, 22.5, 9999.0, 22.62, 22.25, 22.25, 9999.0, 22.62, 9999.0, 22.5, 22.5, 22.25, 22.25, 22.0
2026-10-08, 01:30:03, 22.25, 22.38, 22.62, 22.5, 9999.0, 22.5, 22.25, 22.25, 9999.0, 22.5, 9999.0, 22.5, 22.5, 22.25, 22.25, 22.0
2026-10-08, 01:30:07, 22.25, 22.5, 22.62, 22.5, 9999.0, 22.5, 22.25, 22.25, 9999.0, 22.5, 9999.0, 22.5, 22.5, 22.12, 22.25, 22.12
2026-10-08, 01:30:11, 22.25, 22.5, 22.5, 22.5, 9999.0, 22.5, 22.25, 22.25, 9999.0, 22.5, 9999.0, 22.5, 22.38, 22.12, 22.25, 22.12
2026-10-08, 01:30:15, 22.25, 22.5, 22.62, 22.5, 9999.0, 22.62, 22.25, 22.25, 9999.0, 22.5, 9999.0, 22.5, 22.25, 22.25, 22.25, 22.0
2026-10-08, 01:30:19, 22.25, 22.38, 22.62, 22.5, 9999.0, 22.75, 22.25, 22.25, 9999.0, 22.5, 9999.0, 22.5, 22.38, 22.25, 22.25, 22.12
2026-10-08, 01:30:23, 22.25, 22.38, 22.62, 22.5, 9999.0, 22.75, 22.25, 22.25, 9999.0, 22.5, 9999.0, 22.5, 22.38, 22.25, 22.25, 22.12
2026-10-08, 01:30:27, 22.25, 22.38, 22.75, 22.5, 9999.0, 22.75, 22.25, 22.25, 9999.0, 22.38, 9999.0, 22.5, 22.25, 22.25, 22.25, 22.12
2026-10-08, 01:30:31, 22.25, 22.38, 22.62, 22.5, 9999.0, 22.75, 22.38, 22.25, 9999.0, 22.25, 9999.0, 22.62, 22.25, 22.25, 22.25, 22.12
2026-10-08, 01:30:35, 22.25, 22.5, 22.62, 22.5, 9999.0, 22.75, 22.38, 22.25, 9999.0, 22.25, 9999.0, 22.75, 22.25, 22.25, 22.25, 22.0
2026-10-08, 01:30:39, 22.25, 22.38, 22.75, 22.5, 9999.0, 22.75, 22.38, 22.25, 9999.0, 22.25, 9999.0, 22.75, 22.38, 22.25, 22.25, 22.0
2026-10-08, 01:30:43, 22.25, 22.25, 22.75, 22.5, 9999.0, 22.75, 22.5, 22.25, 9999.0, 22.25, 9999.0, 22.75, 22.5, 22.25, 22.25, 22.12
2026-10-08, 01:30:47, 22.25, 22.38, 22.75, 22.5, 9999.0, 22.75, 22.5, 22.25, 9999.0, 22.25, 9999.0, 22.75, 22.5, 22.25, 22.25, 22.12
2026-10-08, 01:30:51, 22.25, 22.5, 22.62, 22.5, 9999.0, 22.75, 22.5, 22.25, 9999.0, 22.38, 9999.0, 22.75, 22.38, 22.25, 22.25, 22.0
2026-10-08, 01:30:55, 22.25, 22.5, 22.5, 22.5, 9999.0, 22.62, 22.5, 22.25, 9999.0, 22.5, 9999.0, 22.75, 22.25, 22.25, 22.25, 22.12
2026-10-08, 01:30:59, 22.25, 22.5, 22.5, 22.5, 9999.0, 22.62, 22.38, 22.25, 9999.0, 22.5, 9999.0, 22.75, 22.38, 22.25, 22.25, 22.25
2026-10-08, 01:31:03, 22.25, 22.5, 22.62, 22.5, 9999.0, 22.75, 22.38, 22.25, 9999.0, 22.5, 9999.0, 22.62, 22.38, 22.25, 22.25, 22.25
2026-10-08, 01:31:07, 22.25, 22.5, 22.62, 22.5, 9999.0, 22.75, 22.38, 22.25, 9999.0, 22.5, 9999.0, 22.5, 22.25, 22.25, 22.25, 22.12
2026-10-08, 01:31:11, 22.25, 22.5, 22.5, 22.5, 9999.0, 22.62, 22.25, 22.25, 9999.0, 22.5, 9999.0, 22.5, 22.38, 22.25, 22.25, 22.12
2026-10-08, 01:31:15, 22.25, 22.5, 22.62, 22.5, 9999.0, 22.5, 22.25, 22.25, 9999.0, 22.5, 9999.0, 22.5, 22.5, 22.25, 22.25, 22.25
2026-10-08, 01:31:19, 22.25, 22.5, 22.62, 22.5, 9999.0, 22.5, 22.25, 22.25, 9999.0, 22.5, 9999.0, 22.5, 22.5, 22.25, 22.25, 22.25
2026-10-08, 01:31:23, 22.25, 22.5, 22.5, 22.5, 9999.0, 22.5, 22.25, 22.25, 9999.0, 22.38, 9999.0, 22.5, 22.5, 22.25, 22.25, 22.25
2026-10-08, 01:31:27, 22.25, 22.38, 22.62, 22.5, 9999.0, 22.62, 22.25, 22.25, 9999.0, 22.25, 9999.0, 22.5, 22.5, 22.25, 22.25, 22.25
2026-10-08, 01:31:31, 22.25, 22.25, 22.75, 22.5, 9999.0, 22.75, 22.25, 22.25, 9999.0, 22.25, 9999.0, 22.5, 22.5, 22.25, 22.25, 22.12
2026-10-08, 01:31:35, 22.25, 22.25, 22.75, 22.5, 9999.0, 22.75, 22.38, 22.25, 9999.0, 22.25, 9999.0, 22.5, 22.5, 22.25, 22.25, 22.0
2026-10-08, 01:31:39, 22.25, 22.38, 22.75, 22.5, 9999.0, 22.75, 22.38, 22.25, 9999.0, 22.25, 9999.0, 22.5, 22.38, 22.25, 22.25, 22.0
2026-10-08, 01:31:43, 22.25, 22.5, 22.62, 22.5, 9999.0, 22.75, 22.25, 22.25, 9999.0, 22.25, 9999.0, 22.62, 22.25, 22.25, 22.25, 22.12
2026-10-08, 01:31:47, 22.25, 22.5, 22.5, 22.5, 9999.0, 22.75, 22.38, 22.25, 9999.0, 22.25, 9999.0, 22.62, 22.38, 22.25, 22.25, 22.12
2026-10-08, 01:31:51, 22.25, 22.38, 22.62, 22.5, 9999.0, 22.75, 22.38, 22.25, 9999.0, 22.25, 9999.0, 22.62, 22.5, 22.25, 22.25, 22.12
2026-10-08, 01:31:55, 22.25, 22.38, 22.75, 22.5, 9999.0, 22.75, 22.38, 22.25, 9999.0, 22.25, 9999.0, 22.75, 22.38, 22.25, 22.25, 22.12
2026-10-08, 01:31:59, 22.25, 22.38, 22.75, 22.5, 9999.0, 22.62, 22.38, 22.25, 9999.0, 22.25, 9999.0, 22.75, 22.38, 22.25, 22.25, 22.12
2026-10-08, 01:32:03, 22.25, 22.25, 22.62, 22.5, 9999.0, 22.62, 22.25, 22.25, 9999.0, 22.38, 9999.0, 22.75, 22.5, 22.25, 22.25, 22.25
2026-10-08, 01:32:07, 22.38, 22.25, 22.62, 22.5, 9999.0, 22.75, 22.25, 22.25, 9999.0, 22.5, 9999.0, 22.62, 22.5, 22.25, 22.25, 22.12
2026-10-08, 01:32:11, 22.38, 22.25, 22.75, 22.5, 9999.0, 22.75, 22.25, 22.25, 9999.0, 22.5, 9999.0, 22.5, 22.5, 22.25, 22.25, 22.12
2026-10-08, 01:32:15, 22.25, 22.38, 22.62, 22.5, 9999.0, 22.62, 22.25, 22.25, 9999.0, 22.5, 9999.0, 22.62, 22.5, 22.25, 22.25, 22.12
2026-10-08, 01:32:19, 22.25, 22.38, 22.5, 22.5, 9999.0, 22.5, 22.25, 22.25, 9999.0, 22.5, 9999.0, 22.75, 22.5, 22.25, 22.25, 22.12
2026-10-08, 01:32:23, 22.25, 22.38, 22.62, 22.5, 9999.0, 22.5, 22.25, 22.25, 9999.0, 22.5, 9999.0, 22.62, 22.5, 22.25, 22.25, 22.25
2026-10-08, 01:32:27, 22.25, 22.38, 22.75, 22.5, 9999.0, 22.5, 22.25, 22.25, 9999.0, 22.5, 9999.0, 22.5, 22.5, 22.25, 22.25, 22.12
2026-10-08, 01:32:31, 22.25, 22.38, 22.75, 22.5, 9999.0, 22.5, 22.25, 22.25, 9999.0, 22.38, 9999.0, 22.5, 22.38, 22.25, 22.25, 22.0
2026-10-08, 01:32:35, 22.25, 22.38, 22.75, 22.5, 9999.0, 22.5, 22.25, 22.25, 9999.0, 22.25, 9999.0, 22.5, 22.38, 22.25, 22.25, 22.12
2026-10-08, 01:32:39, 22.25, 22.25, 22.75, 22.5, 9999.0, 22.62, 22.25, 22.25, 9999.0, 22.25, 9999.0, 22.5, 22.38, 22.25, 22.25, 22.12
2026-10-08, 01:32:43, 22.25, 22.38, 22.75, 22.62, 9999.0, 22.75, 22.25, 22.25, 9999.0, 22.25, 9999.0, 22.5, 22.25, 22.25, 22.25, 22.0
2026-10-08, 01:32:47, 22.25, 22.5, 22.75, 22.62, 9999.0, 22.75, 22.25, 22.25, 9999.0, 22.25, 9999.0, 22.5, 22.38, 22.25, 22.25, 22.12
2026-10-08, 01:32:51, 22.25, 22.38, 22.75, 22.5, 9999.0, 22.75, 22.38, 22.25, 9999.0, 22.25, 9999.0, 22.5, 22.38, 22.25, 22.25, 22.25
2026-10-08, 01:32:55, 22.25, 22.38, 22.75, 22.5, 9999.0, 22.75, 22.38, 22.25, 9999.0, 22.25, 9999.0, 22.62, 22.38, 22.25, 22.25, 22.25
2026-10-08, 01:32:59, 22.25, 22.5, 22.75, 22.5, 9999.0, 22.75, 22.38, 22.25, 9999.0, 22.12, 9999.0, 22.75, 22.38, 22.25, 22.25, 22.12
2026-10-08, 01:33:03, 22.25, 22.38, 22.75, 22.5, 9999.0, 22.75, 22.38, 22.25, 9999.0, 22.12, 9999.0, 22.75, 22.38, 22.25, 22.25, 22.12
2026-10-08, 01:33:07, 22.25, 22.38, 22.75, 22.5, 9999.0, 22.75, 22.25, 22.25, 9999.0, 22.12, 9999.0, 22.75, 22.5, 22.25, 22.25, 22.12
2026-10-08, 01:33:11, 22.25, 22.38, 22.75, 22.5, 9999.0, 22.75, 22.25, 22.25, 9999.0, 22.0, 9999.0, 22.75, 22.5, 22.25, 22.25, 22.12
2026-10-08, 01:33:15, 22.25, 22.25, 22.75, 22.5, 9999.0, 22.75, 22.38, 22.25, 9999.0, 22.12, 9999.0, 22.75, 22.5, 22.25, 22.25, 22.12
2026-10-08, 01:33:19, 22.25, 22.25, 22.75, 22.5, 9999.0, 22.62, 22.38, 22.38, 9999.0, 22.25, 9999.0, 22.62, 22.5, 22.25, 22.25, 22.0
2026-10-08, 01:33:23, 22.25, 22.38, 22.75, 22.5, 9999.0, 22.62, 22.25, 22.38, 9999.0, 22.38, 9999.0, 22.62, 22.5, 22.25, 22.25, 22.12
2026-10-08, 01:33:27, 22.25, 22.38, 22.75, 22.5, 9999.0, 22.62, 22.25, 22.25, 9999.0, 22.5, 9999.0, 22.62, 22.5, 22.25, 22.25, 22.12
2026-10-08, 01:33:31, 22.25, 22.38, 22.75, 22.5, 9999.0, 22.5, 22.25, 22.25, 9999.0, 22.5, 9999.0, 22.5, 22.5, 22.25, 22.25, 22.12
2026-10-08, 01:33:36, 22.25, 22.5, 22.75, 22.5, 9999.0, 22.5, 22.25, 22.25, 9999.0, 22.5, 9999.0, 22.62, 22.38, 22.25, 22.25, 22.25
2026-10-08, 01:33:40, 22.25, 22.5, 22.62, 22.5, 9999.0, 22.5, 22.25, 22.25, 9999.0, 22.5, 9999.0, 22.75, 22.38, 22.25, 22.25, 22.25
2026-10-08, 01:33:44, 22.25, 22.38, 22.62, 22.5, 9999.0, 22.62, 22.25, 22.25, 9999.0, 22.5, 9999.0, 22.62, 22.38, 22.25, 22.25, 22.12
2026-10-08, 01:33:48, 22.25, 22.38, 22.75, 22.5, 9999.0, 22.62, 22.25, 22.38, 9999.0, 22.38, 9999.0, 22.5, 22.38, 22.25, 22.25, 22.12
2026-10-08, 01:33:52, 22.25, 22.38, 22.75, 22.5, 9999.0, 22.62, 22.25, 22.38, 9999.0, 22.25, 9999.0, 22.5, 22.5, 22.25, 22.25, 22.25
2026-10-08, 01:33:56, 22.25, 22.38, 22.75, 22.5, 9999.0, 22.75, 22.38, 22.25, 9999.0, 22.25, 9999.0, 22.5, 22.38, 22.25, 22.25, 22.25
2026-10-08, 01:34:00, 22.25, 22.5, 22.75, 22.5, 9999.0, 22.75, 22.5, 22.25, 9999.0, 22.25, 9999.0, 22.5, 22.25, 22.25, 22.25, 22.25
2026-10-08, 01:34:04, 22.25, 22.5, 22.75, 22.62, 9999.0, 22.88, 22.5, 22.25, 9999.0, 22.25, 9999.0, 22.5, 22.25, 22.25, 22.25, 22.25
2026-10-08, 01:34:08, 22.25, 22.5, 22.75, 22.62, 9999.0, 22.88, 22.5, 22.25, 9999.0, 22.25, 9999.0, 22.62, 22.25, 22.25, 22.25, 22.25
2026-10-08, 01:34:12, 22.25, 22.38, 22.75, 22.62, 9999.0, 22.75, 22.5, 22.38, 9999.0, 22.25, 9999.0, 22.75, 22.38, 22.25, 22.25, 22.25
2026-10-08, 01:34:16, 22.38, 22.38, 22.75, 22.62, 9999.0, 22.75, 22.5, 22.38, 9999.0, 22.25, 9999.0, 22.75, 22.5, 22.25, 22.25, 22.12
2026-10-08, 01:34:20, 22.38, 22.5, 22.75, 22.5, 9999.0, 22.75, 22.5, 22.25, 9999.0, 22.25, 9999.0, 22.75, 22.5, 22.25, 22.25, 22.12
2026-10-08, 01:34:24, 22.25, 22.5, 22.75, 22.5, 9999.0, 22.75, 22.38, 22.38, 9999.0, 22.25, 9999.0, 22.75, 22.38, 22.25, 22.25, 22.25
2026-10-08, 01:34:28, 22.25, 22.5, 22.75, 22.5, 9999.0, 22.75, 22.38, 22.38, 9999.0, 22.25, 9999.0, 22.75, 22.38, 22.25, 22.25, 22.25
2026-10-08, 01:34:32, 22.25, 22.5, 22.75, 22.5, 9999.0, 22.75, 22.5, 22.25, 9999.0, 22.25, 9999.0, 22.75, 22.5, 22.25, 22.25, 22.25
2026-10-08, 01:34:36, 22.25, 22.5, 22.75, 22.5, 9999.0, 22.75, 22.38, 22.38, 9999.0, 22.38, 9999.0, 22.75, 22.5, 22.25, 22.25, 22.25
2026-10-08, 01:34:40, 22.25, 22.5, 22.75, 22.62, 9999.0, 22.62, 22.25, 22.5, 9999.0, 22.5, 9999.0, 22.75, 22.5, 22.25, 22.25, 22.25
2026-10-08, 01:34:44, 22.25, 22.5, 22.75, 22.62, 9999.0, 22.62, 22.25, 22.5, 9999.0, 22.5, 9999.0, 22.62, 22.5, 22.25, 22.25, 22.25
2026-10-08, 01:34:48, 22.25, 22.5, 22.75, 22.5, 9999.0, 22.62, 22.25, 22.5, 9999.0, 22.5, 9999.0, 22.62, 22.5, 22.25, 22.25, 22.25
2026-10-08, 01:34:52, 22.25, 22.38, 22.75, 22.5, 9999.0, 22.5, 22.38, 22.38, 9999.0, 22.5, 9999.0, 22.62, 22.5, 22.25, 22.25, 22.25
2026-10-08, 01:34:56, 22.25, 22.38, 22.75, 22.5, 9999.0, 22.5, 22.5, 22.25, 9999.0, 22.5, 9999.0, 22.5, 22.5, 22.25, 22.25, 22.25
2026-10-08, 01:35:00, 22.25, 22.5, 22.75, 22.5, 9999.0, 22.5, 22.38, 22.25, 9999.0, 22.5, 9999.0, 22.5, 22.5, 22.25, 22.38, 22.25
2026-10-08, 01:35:04, 22.25, 22.5, 22.75, 22.5, 9999.0, 22.5, 22.38, 22.25, 9999.0, 22.5, 9999.0, 22.5, 22.5, 22.25, 22.38, 22.25
2026-10-08, 01:35:08, 22.25, 22.38, 22.75, 22.5, 9999.0, 22.62, 22.38, 22.25, 9999.0, 22.38, 9999.0, 22.5, 22.5, 22.25, 22.25, 22.25
2026-10-08, 01:35:12, 22.25, 22.25, 22.75, 22.5, 9999.0, 22.75, 22.25, 22.25, 9999.0, 22.38, 9999.0, 22.5, 22.5, 22.25, 22.25, 22.25
2026-10-08, 01:35:16, 22.25, 22.38, 22.75, 22.5, 9999.0, 22.75, 22.25, 22.38, 9999.0, 22.38, 9999.0, 22.5, 22.5, 22.25, 22.25, 22.25
2026-10-08, 01:35:20, 22.38, 22.5, 22.75, 22.5, 9999.0, 22.75, 22.38, 22.38, 9999.0, 22.25, 9999.0, 22.5, 22.38, 22.25, 22.25, 22.25
2026-10-08, 01:35:24, 22.38, 22.5, 22.75, 22.62, 9999.0, 22.75, 22.38, 22.25, 9999.0, 22.25, 9999.0, 22.62, 22.25, 22.25, 22.25, 22.25
2026-10-08, 01:35:28, 22.25, 22.5, 22.75, 22.62, 9999.0, 22.75, 22.38, 22.38, 9999.0, 22.25, 9999.0, 22.75, 22.38, 22.25, 22.25, 22.25
2026-10-08, 01:35:32, 22.25, 22.5, 22.75, 22.62, 9999.0, 22.75, 22.38, 22.38, 9999.0, 22.25, 9999.0, 22.75, 22.38, 22.25, 22.25, 22.25
2026-10-08, 01:35:36, 22.25, 22.38, 22.75, 22.62, 9999.0, 22.75, 22.38, 22.38, 9999.0, 22.25, 9999.0, 22.75, 22.38, 22.25, 22.25, 22.25
2026-10-08, 01:35:40, 22.25, 22.38, 22.75, 22.5, 9999.0, 22.75, 22.38, 22.38, 9999.0, 22.25, 9999.0, 22.75, 22.5, 22.25, 22.25, 22.25
2026-10-08, 01:35:44, 22.25, 22.5, 22.75, 22.62, 9999.0, 22.62, 22.38, 22.38, 9999.0, 22.38, 9999.0, 22.75, 22.5, 22.25, 22.25, 22.25
2026-10-08, 01:35:48, 22.25, 22.5, 22.75, 22.62, 9999.0, 22.62, 22.38, 22.38, 9999.0, 22.38, 9999.0, 22.75, 22.5, 22.25, 22.25, 22.25
2026-10-08, 01:35:52, 22.25, 22.5, 22.75, 22.5, 9999.0, 22.62, 22.38, 22.25, 9999.0, 22.5, 9999.0, 22.75, 22.5, 22.25, 22.25, 22.25
2026-10-08, 01:35:56, 22.25, 22.5, 22.75, 22.5, 9999.0, 22.62, 22.38, 22.25, 9999.0, 22.62, 9999.0, 22.75, 22.5, 22.25, 22.25, 22.25
2026-10-08, 01:36:00, 22.25, 22.5, 22.75, 22.5, 9999.0, 22.62, 22.25, 22.38, 9999.0, 22.5, 9999.0, 22.62, 22.5, 22.25, 22.25, 22.25
2026-10-08, 01:36:04, 22.25, 22.5, 22.75, 22.5, 9999.0, 22.5, 22.38, 22.38, 9999.0, 22.5, 9999.0, 22.5, 22.5, 22.25, 22.25, 22.25
2026-10-08, 01:36:08, 22.25, 22.5, 22.75, 22.62, 9999.0, 22.5, 22.38, 22.25, 9999.0, 22.5, 9999.0, 22.5, 22.5, 22.25, 22.25, 22.25
2026-10-08, 01:36:12, 22.25, 22.5, 22.75, 22.62, 9999.0, 22.5, 22.25, 22.38, 9999.0, 22.5, 9999.0, 22.5, 22.5, 22.25, 22.25, 22.25
2026-10-08, 01:36:16, 22.25, 22.5, 22.75, 22.5, 9999.0, 22.5, 22.38, 22.5, 9999.0, 22.5, 9999.0, 22.5, 22.5, 22.25, 22.25, 22.25
2026-10-08, 01:36:20, 22.25, 22.5, 22.75, 22.5, 9999.0, 22.62, 22.38, 22.38, 9999.0, 22.5, 9999.0, 22.5, 22.5, 22.25, 22.25, 22.25
2026-10-08, 01:36:24, 22.25, 22.5, 22.75, 22.5, 9999.0, 22.75, 22.25, 22.25, 9999.0, 22.38, 9999.0, 22.5, 22.5, 22.25, 22.25, 22.25
2026-10-08, 01:36:28, 22.25, 22.5, 22.75, 22.5, 9999.0, 22.75, 22.25, 22.25, 9999.0, 22.25, 9999.0, 22.5, 22.38, 22.25, 22.25, 22.25
2026-10-08, 01:36:32, 22.25, 22.5, 22.75, 22.62, 9999.0, 22.75, 22.38, 22.38, 9999.0, 22.25, 9999.0, 22.5, 22.25, 22.25, 22.25, 22.25
2026-10-08, 01:36:36, 22.38, 22.5, 22.75, 22.62, 9999.0, 22.75, 22.38, 22.5, 9999.0, 22.25, 9999.0, 22.5, 22.38, 22.25, 22.25, 22.25
2026-10-08, 01:36:40, 22.38, 22.38, 22.75, 22.62, 9999.0, 22.75, 22.38, 22.38, 9999.0, 22.25, 9999.0, 22.62, 22.38, 22.25, 22.25, 22.25
2026-10-08, 01:36:44, 22.25, 22.25, 22.75, 22.75, 9999.0, 22.75, 22.5, 22.38, 9999.0, 22.25, 9999.0, 22.75, 22.38, 22.25, 22.25, 22.25
2026-10-08, 01:36:48, 22.25, 22.38, 22.75, 22.62, 9999.0, 22.75, 22.38, 22.5, 9999.0, 22.25, 9999.0, 22.75, 22.5, 22.25, 22.25, 22.25
2026-10-08, 01:36:52, 22.25, 22.5, 22.75, 22.5, 9999.0, 22.75, 22.25, 22.5, 9999.0, 22.25, 9999.0, 22.75, 22.5, 22.25, 22.25, 22.25
2026-10-08, 01:36:56, 22.25, 22.5, 22.75, 22.5, 9999.0, 22.75, 22.38, 22.38, 9999.0, 22.38, 9999.0, 22.75, 22.5, 22.25, 22.25, 22.25
2026-10-08, 01:37:00, 22.25, 22.5, 22.75, 22.5, 9999.0, 22.75, 22.38, 22.38, 9999.0, 22.5, 9999.0, 22.75, 22.5, 22.25, 22.25, 22.25
2026-10-08, 01:37:04, 22.25, 22.5, 22.75, 22.62, 9999.0, 22.75, 22.38, 22.38, 9999.0, 22.5, 9999.0, 22.75, 22.5, 22.25, 22.25, 22.25
2026-10-08, 01:37:08, 22.25, 22.5, 22.75, 22.62, 9999.0, 22.75, 22.5, 22.25, 9999.0, 22.5, 9999.0, 22.75, 22.5, 22.25, 22.25, 22.25
2026-10-08, 01:37:12, 22.25, 22.5, 22.75, 22.5, 9999.0, 22.75, 22.38, 22.38, 9999.0, 22.5, 9999.0, 22.75, 22.5, 22.25, 22.25, 22.25
2026-10-08, 01:37:16, 22.25, 22.5, 22.75, 22.62, 9999.0, 22.62, 22.25, 22.5, 9999.0, 22.5, 9999.0, 22.75, 22.5, 22.25, 22.25, 22.25
2026-10-08, 01:37:20, 22.25, 22.5, 22.75, 22.75, 9999.0, 22.5, 22.25, 22.5, 9999.0, 22.5, 9999.0, 22.62, 22.5, 22.25, 22.25, 22.25
2026-10-08, 01:37:24, 22.25, 22.5, 22.75, 22.75, 9999.0, 22.5, 22.25, 22.5, 9999.0, 22.5, 9999.0, 22.5, 22.5, 22.25, 22.25, 22.25
2026-10-08, 01:37:29, 22.25, 22.5, 22.75, 22.75, 9999.0, 22.5, 22.38, 22.5, 9999.0, 22.5, 9999.0, 22.5, 22.5, 22.25, 22.25, 22.25
2026-10-08, 01:37:33, 22.38, 22.5, 22.75, 22.62, 9999.0, 22.5, 22.38, 22.5, 9999.0, 22.5, 9999.0, 22.5, 22.5, 22.25, 22.25, 22.25
2026-10-08, 01:37:37, 22.38, 22.5, 22.75, 22.5, 9999.0, 22.62, 22.38, 22.38, 9999.0, 22.5, 9999.0, 22.5, 22.5, 22.25, 22.25, 22.25
2026-10-08, 01:37:41, 22.25, 22.5, 22.75, 22.62, 9999.0, 22.75, 22.38, 22.25, 9999.0, 22.5, 9999.0, 22.5, 22.38, 22.25, 22.25, 22.25
2026-10-08, 01:37:45, 22.25, 22.5, 22.75, 22.75, 9999.0, 22.75, 22.25, 22.38, 9999.0, 22.38, 9999.0, 22.5, 22.38, 22.25, 22.25, 22.25
2026-10-08, 01:37:49, 22.25, 22.5, 22.75, 22.62, 9999.0, 22.75, 22.38, 22.5, 9999.0, 22.25, 9999.0, 22.5, 22.5, 22.25, 22.25, 22.25
2026-10-08, 01:37:53, 22.25, 22.5, 22.75, 22.5, 9999.0, 22.75, 22.5, 22.38, 9999.0, 22.38, 9999.0, 22.62, 22.38, 22.25, 22.38, 22.25
2026-10-08, 01:37:57, 22.38, 22.5, 22.75, 22.5, 9999.0, 22.75, 22.38, 22.38, 9999.0, 22.5, 9999.0, 22.75, 22.38, 22.25, 22.38, 22.25
2026-10-08, 01:38:01, 22.38, 22.5, 22.75, 22.62, 9999.0, 22.75, 22.38, 22.38, 9999.0, 22.38, 9999.0, 22.75, 22.5, 22.25, 22.25, 22.25
2026-10-08, 01:38:05, 22.25, 22.5, 22.75, 22.62, 9999.0, 22.75, 22.5, 22.38, 9999.0, 22.25, 9999.0, 22.75, 22.5, 22.25, 22.25, 22.25
2026-10-08, 01:38:09, 22.38, 22.5, 22.75, 22.62, 9999.0, 22.75, 22.5, 22.5, 9999.0, 22.38, 9999.0, 22.75, 22.5, 22.25, 22.25, 22.25
2026-10-08, 01:38:13, 22.38, 22.5, 22.75, 22.75, 9999.0, 22.75, 22.5, 22.5, 9999.0, 22.5, 9999.0, 22.75, 22.5, 22.25, 22.25, 22.25
2026-10-08, 01:38:17, 22.25, 22.38, 22.75, 22.62, 9999.0, 22.75, 22.38, 22.5, 9999.0, 22.5, 9999.0, 22.75, 22.5, 22.25, 22.25, 22.25
2026-10-08, 01:38:21, 22.25, 22.38, 22.75, 22.5, 9999.0, 22.75, 22.38, 22.38, 9999.0, 22.62, 9999.0, 22.75, 22.5, 22.25, 22.25, 22.25
2026-10-08, 01:38:25, 22.25, 22.5, 22.75, 22.62, 9999.0, 22.62, 22.5, 22.25, 9999.0, 22.75, 9999.0, 22.75, 22.5, 22.25, 22.25, 22.25
2026-10-08, 01:38:29, 22.25, 22.5, 22.75, 22.62, 9999.0, 22.5, 22.5, 22.25, 9999.0, 22.62, 9999.0, 22.75, 22.5, 22.25, 22.25, 22.25
2026-10-08, 01:38:33, 22.25, 22.5, 22.75, 22.62, 9999.0, 22.5, 22.5, 22.25, 9999.0, 22.5, 9999.0, 22.62, 22.5, 22.25, 22.25, 22.25
2026-10-08, 01:38:37, 22.25, 22.5, 22.75, 22.75, 9999.0, 22.5, 22.38, 22.38, 9999.0, 22.5, 9999.0, 22.5, 22.5, 22.25, 22.25, 22.25
2026-10-08, 01:38:41, 22.25, 22.5, 22.75, 22.62, 9999.0, 22.5, 22.38, 22.38, 9999.0, 22.5, 9999.0, 22.5, 22.5, 22.25, 22.25, 22.25
2026-10-08, 01:38:45, 22.25, 22.38, 22.75, 22.5, 9999.0, 22.5, 22.38, 22.25, 9999.0, 22.5, 9999.0, 22.5, 22.5, 22.25, 22.25, 22.25
2026-10-08, 01:38:49, 22.25, 22.38, 22.75, 22.5, 9999.0, 22.62, 22.25, 22.25, 9999.0, 22.5, 9999.0, 22.5, 22.5, 22.25, 22.25, 22.25
2026-10-08, 01:38:53, 22.25, 22.5, 22.75, 22.5, 9999.0, 22.75, 22.25, 22.38, 9999.0, 22.5, 9999.0, 22.5, 22.5, 22.25, 22.25, 22.25
2026-10-08, 01:38:57, 22.25, 22.38, 22.75, 22.5, 9999.0, 22.75, 22.25, 22.38, 9999.0, 22.5, 9999.0, 22.5, 22.38, 22.25, 22.25, 22.25
2026-10-08, 01:39:01, 22.25, 22.38, 22.75, 22.5, 9999.0, 22.75, 22.38, 22.38, 9999.0, 22.38, 9999.0, 22.5, 22.38, 22.25, 22.25, 22.25
2026-10-08, 01:39:05, 22.25, 22.5, 22.75, 22.5, 9999.0, 22.75, 22.5, 22.5, 9999.0, 22.38, 9999.0, 22.62, 22.38, 22.25, 22.25, 22.25
2026-10-08, 01:39:09, 22.25, 22.5, 22.75, 22.5, 9999.0, 22.75, 22.38, 22.38, 9999.0, 22.38, 9999.0, 22.62, 22.38, 22.25, 22.25, 22.25
2026-10-08, 01:39:13, 22.25, 22.5, 22.75, 22.62, 9999.0, 22.75, 22.25, 22.25, 9999.0, 22.25, 9999.0, 22.62, 22.38, 22.25, 22.25, 22.25
2026-10-08, 01:39:17, 22.38, 22.5, 22.75, 22.62, 9999.0, 22.75, 22.38, 22.38, 9999.0, 22.25, 9999.0, 22.75, 22.38, 22.25, 22.25, 22.25
2026-10-08, 01:39:21, 22.38, 22.38, 22.75, 22.62, 9999.0, 22.75, 22.5, 22.38, 9999.0, 22.25, 9999.0, 22.75, 22.5, 22.25, 22.25, 22.25
2026-10-08, 01:39:25, 22.25, 22.38, 22.75, 22.62, 9999.0, 22.75, 22.38, 22.38, 9999.0, 22.38, 9999.0, 22.75, 22.5, 22.25, 22.25, 22.25
2026-10-08, 01:39:29, 22.25, 22.5, 22.75, 22.5, 9999.0, 22.75, 22.38, 22.38, 9999.0, 22.5, 9999.0, 22.75, 22.5, 22.25, 22.25, 22.25
2026-10-08, 01:39:33, 22.25, 22.5, 22.75, 22.62, 9999.0, 22.75, 22.5, 22.25, 9999.0, 22.62, 9999.0, 22.75, 22.5, 22.25, 22.38, 22.25
2026-10-08, 01:39:37, 22.25, 22.5, 22.75, 22.62, 9999.0, 22.75, 22.38, 22.25, 9999.0, 22.75, 9999.0, 22.75, 22.5, 22.25, 22.38, 22.25
2026-10-08, 01:39:41, 22.25, 22.5, 22.75, 22.5, 9999.0, 22.62, 22.38, 22.25, 9999.0, 22.75, 9999.0, 22.75, 22.5, 22.25, 22.25, 22.25
2026-10-08, 01:39:45, 22.25, 22.5, 22.75, 22.5, 9999.0, 22.5, 22.38, 22.25, 9999.0, 22.75, 9999.0, 22.75, 22.5, 22.25, 22.25, 22.25
2026-10-08, 01:39:49, 22.25, 22.5, 22.75, 22.5, 9999.0, 22.5, 22.25, 22.25, 9999.0, 22.62, 9999.0, 22.62, 22.5, 22.25, 22.25, 22.25
2026-10-08, 01:39:53, 22.25, 22.5, 22.75, 22.5, 9999.0, 22.5, 22.38, 22.38, 9999.0, 22.5, 9999.0, 22.5, 22.5, 22.25, 22.25, 22.25
2026-10-08, 01:39:57, 22.25, 22.5, 22.75, 22.5, 9999.0, 22.5, 22.38, 22.38, 9999.0, 22.5, 9999.0, 22.5, 22.38, 22.25, 22.25, 22.25
2026-10-08, 01:40:01, 22.25, 22.5, 22.75, 22.5, 9999.0, 22.62, 22.25, 22.25, 9999.0, 22.5, 9999.0, 22.5, 22.38, 22.25, 22.25, 22.25
2026-10-08, 01:40:05, 22.25, 22.5, 22.75, 22.5, 9999.0, 22.75, 22.25, 22.25, 9999.0, 22.5, 9999.0, 22.5, 22.38, 22.25, 22.25, 22.25
2026-10-08, 01:40:09, 22.25, 22.5, 22.62, 22.62, 9999.0, 22.75, 22.38, 22.25, 9999.0, 22.5, 9999.0, 22.5, 22.38, 22.25, 22.25, 22.25
2026-10-08, 01:40:13, 22.25, 22.5, 22.62, 22.62, 9999.0, 22.75, 22.5, 22.25, 9999.0, 22.5, 9999.0, 22.5, 22.5, 22.25, 22.25, 22.25
2026-10-08, 01:40:17, 22.25, 22.5, 22.75, 22.62, 9999.0, 22.75, 22.5, 22.25, 9999.0, 22.5, 9999.0, 22.62, 22.38, 22.25, 22.25, 22.25
2026-10-08, 01:40:21, 22.25, 22.5, 22.75, 22.62, 9999.0, 22.75, 22.38, 22.38, 9999.0, 22.5, 9999.0, 22.62, 22.38, 22.25, 22.25, 22.25
2026-10-08, 01:40:25, 22.25, 22.5, 22.75, 22.62, 9999.0, 22.75, 22.38, 22.38, 9999.0, 22.38, 9999.0, 22.62, 22.5, 22.25, 22.25, 22.25
2026-10-08, 01:40:29, 22.25, 22.5, 22.75, 22.75, 9999.0, 22.75, 22.5, 22.25, 9999.0, 22.38, 9999.0, 22.75, 22.38, 22.25, 22.25, 22.25
2026-10-08, 01:40:33, 22.25, 22.5, 22.75, 22.62, 9999.0, 22.75, 22.5, 22.25, 9999.0, 22.5, 9999.0, 22.75, 22.38, 22.25, 22.25, 22.25
2026-10-08, 01:40:37, 22.25, 22.5, 22.75, 22.62, 9999.0, 22.75, 22.5, 22.25, 9999.0, 22.5, 9999.0, 22.75, 22.5, 22.25, 22.25, 22.25
2026-10-08, 01:40:41, 22.25, 22.5, 22.75, 22.75, 9999.0, 22.75, 22.5, 22.25, 9999.0, 22.5, 9999.0, 22.75, 22.5, 22.25, 22.25, 22.25
2026-10-08, 01:40:45, 22.25, 22.38, 22.75, 22.62, 9999.0, 22.62, 22.5, 22.25, 9999.0, 22.62, 9999.0, 22.75, 22.5, 22.25, 22.25, 22.25
2026-10-08, 01:40:49, 22.25, 22.38, 22.62, 22.5, 9999.0, 22.62, 22.5, 22.25, 9999.0, 22.75, 9999.0, 22.75, 22.5, 22.25, 22.25, 22.25
2026-10-08, 01:40:53, 22.25, 22.5, 22.62, 22.62, 9999.0, 22.62, 22.38, 22.25, 9999.0, 22.75, 9999.0, 22.75, 22.5, 22.25, 22.25, 22.25
2026-10-08, 01:40:57, 22.25, 22.5, 22.75, 22.62, 9999.0, 22.5, 22.25, 22.25, 9999.0, 22.75, 9999.0, 22.62, 22.5, 22.25, 22.25, 22.25
2026-10-08, 01:41:01, 22.25, 22.5, 22.75, 22.5, 9999.0, 22.5, 22.25, 22.25, 9999.0, 22.75, 9999.0, 22.5, 22.38, 22.25, 22.25, 22.25
2026-10-08, 01:41:05, 22.25, 22.5, 22.75, 22.5, 9999.0, 22.5, 22.25, 22.25, 9999.0, 22.62, 9999.0, 22.5, 22.38, 22.25, 22.25, 22.25
2026-10-08, 01:41:09, 22.25, 22.5, 22.75, 22.5, 9999.0, 22.5, 22.25, 22.25, 9999.0, 22.5, 9999.0, 22.5, 22.5, 22.25, 22.25, 22.25
2026-10-08, 01:41:13, 22.25, 22.5, 22.75, 22.5, 9999.0, 22.5, 22.25, 22.25, 9999.0, 22.5, 9999.0, 22.5, 22.38, 22.25, 22.25, 22.25
2026-10-08, 01:41:17, 22.25, 22.5, 22.75, 22.5, 9999.0, 22.62, 22.25, 22.25, 9999.0, 22.5, 9999.0, 22.5, 22.25, 22.25, 22.25, 22.25
2026-10-08, 01:41:21, 22.25, 22.5, 22.75, 22.5, 9999.0, 22.75, 22.25, 22.25, 9999.0, 22.5, 9999.0, 22.5, 22.38, 22.25, 22.25, 22.25
2026-10-08, 01:41:26, 22.25, 22.5, 22.62, 22.5, 9999.0, 22.75, 22.25, 22.25, 9999.0, 22.5, 9999.0, 22.5, 22.5, 22.25, 22.25, 22.25
2026-10-08, 01:41:30, 22.25, 22.5, 22.62, 22.5, 9999.0, 22.75, 22.25, 22.25, 9999.0, 22.5, 9999.0, 22.5, 22.5, 22.25, 22.25, 22.25
2026-10-08, 01:41:34, 22.25, 22.5, 22.75, 22.5, 9999.0, 22.75, 22.25, 22.25, 9999.0, 22.5, 9999.0, 22.5, 22.5, 22.25, 22.25, 22.25
2026-10-08, 01:41:38, 22.25, 22.5, 22.75, 22.5, 9999.0, 22.75, 22.25, 22.25, 9999.0, 22.5, 9999.0, 22.5, 22.38, 22.25, 22.25, 22.12
2026-10-08, 01:41:42, 22.25, 22.5, 22.75, 22.5, 9999.0, 22.75, 22.25, 22.25, 9999.0, 22.5, 9999.0, 22.62, 22.38, 22.25, 22.25, 22.12
2026-10-08, 01:41:46, 22.25, 22.5, 22.75, 22.5, 9999.0, 22.75, 22.38, 22.25, 9999.0, 22.5, 9999.0, 22.75, 22.5, 22.25, 22.38, 22.12
2026-10-08, 01:41:50, 22.25, 22.5, 22.75, 22.5, 9999.0, 22.75, 22.5, 22.25, 9999.0, 22.62, 9999.0, 22.75, 22.5, 22.25, 22.38, 22.0
2026-10-08, 01:41:54, 22.25, 22.5, 22.75, 22.5, 9999.0, 22.75, 22.5, 22.25, 9999.0, 22.62, 9999.0, 22.75, 22.5, 22.25, 22.25, 22.12
2026-10-08, 01:41:58, 22.25, 22.5, 22.75, 22.5, 9999.0, 22.75, 22.38, 22.25, 9999.0, 22.62, 9999.0, 22.75, 22.5, 22.25, 22.25, 22.25
2026-10-08, 01:42:02, 22.25, 22.5, 22.75, 22.5, 9999.0, 22.75, 22.38, 22.25, 9999.0, 22.75, 9999.0, 22.75, 22.5, 22.25, 22.25, 22.25
2026-10-08, 01:42:06, 22.25, 22.5, 22.75, 22.5, 9999.0, 22.62, 22.38, 22.25, 9999.0, 22.75, 9999.0, 22.62, 22.5, 22.25, 22.25, 22.25
2026-10-08, 01:42:10, 22.25, 22.5, 22.75, 22.5, 9999.0, 22.5, 22.38, 22.25, 9999.0, 22.75, 9999.0, 22.5, 22.5, 22.25, 22.25, 22.25
2026-10-08, 01:42:14, 22.25, 22.5, 22.75, 22.5, 9999.0, 22.5, 22.38, 22.25, 9999.0, 22.75, 9999.0, 22.5, 22.5, 22.25, 22.25, 22.25
2026-10-08, 01:42:18, 22.25, 22.38, 22.75, 22.5, 9999.0, 22.5, 22.25, 22.25, 9999.0, 22.75, 9999.0, 22.5, 22.5, 22.25, 22.25, 22.12
2026-10-08, 01:42:22, 22.25, 22.38, 22.75, 22.5, 9999.0, 22.5, 22.25, 22.25, 9999.0, 22.75, 9999.0, 22.5, 22.5, 22.25, 22.25, 22.12
2026-10-08, 01:42:26, 22.25, 22.5, 22.62, 22.5, 9999.0, 22.5, 22.25, 22.25, 9999.0, 22.75, 9999.0, 22.5, 22.5, 22.25, 22.25, 22.25
2026-10-08, 01:42:30, 22.25, 22.5, 22.62, 22.5, 9999.0, 22.62, 22.25, 22.25, 9999.0, 22.62, 9999.0, 22.5, 22.5, 22.25, 22.25, 22.25
2026-10-08, 01:42:34, 22.25, 22.5, 22.75, 22.5, 9999.0, 22.62, 22.25, 22.25, 9999.0, 22.5, 9999.0, 22.5, 22.5, 22.25, 22.25, 22.25
2026-10-08, 01:42:38, 22.25, 22.5, 22.62, 22.5, 9999.0, 22.62, 22.25, 22.25, 9999.0, 22.5, 9999.0, 22.5, 22.5, 22.25, 22.25, 22.12
2026-10-08, 01:42:42, 22.25, 22.5, 22.5, 22.5, 9999.0, 22.75, 22.38, 22.25, 9999.0, 22.62, 9999.0, 22.5, 22.38, 22.25, 22.25, 22.12
2026-10-08, 01:42:46, 22.25, 22.38, 22.62, 22.5, 9999.0, 22.75, 22.38, 22.25, 9999.0, 22.62, 9999.0, 22.5, 22.25, 22.25, 22.25, 22.25
2026-10-08, 01:42:50, 22.25, 22.38, 22.62, 22.5, 9999.0, 22.75, 22.38, 22.25, 9999.0, 22.5, 9999.0, 22.62, 22.38, 22.25, 22.25, 22.25
2026-10-08, 01:42:54, 22.25, 22.5, 22.62, 22.5, 9999.0, 22.75, 22.5, 22.25, 9999.0, 22.5, 9999.0, 22.75, 22.5, 22.25, 22.25, 22.25
2026-10-08, 01:42:58, 22.25, 22.5, 22.62, 22.5, 9999.0, 22.75, 22.5, 22.25, 9999.0, 22.5, 9999.0, 22.75, 22.5, 22.25, 22.25, 22.12
2026-10-08, 01:43:02, 22.25, 22.5, 22.5, 22.5, 9999.0, 22.75, 22.38, 22.25, 9999.0, 22.5, 9999.0, 22.75, 22.5, 22.25, 22.25, 22.12
2026-10-08, 01:43:06, 22.25, 22.38, 22.5, 22.5, 9999.0, 22.75, 22.38, 22.25, 9999.0, 22.62, 9999.0, 22.75, 22.38, 22.25, 22.25, 22.25
2026-10-08, 01:43:10, 22.25, 22.25, 22.5, 22.5, 9999.0, 22.75, 22.38, 22.25, 9999.0, 22.75, 9999.0, 22.75, 22.38, 22.25, 22.25, 22.25
2026-10-08, 01:43:14, 22.25, 22.38, 22.5, 22.5, 9999.0, 22.75, 22.25, 22.25, 9999.0, 22.75, 9999.0, 22.62, 22.5, 22.12, 22.25, 22.25
2026-10-08, 01:43:18, 22.25, 22.5, 22.5, 22.5, 9999.0, 22.62, 22.25, 22.25, 9999.0, 22.75, 9999.0, 22.5, 22.5, 22.12, 22.25, 22.12
2026-10-08, 01:43:22, 22.25, 22.5, 22.5, 22.5, 9999.0, 22.5, 22.25, 22.25, 9999.0, 22.75, 9999.0, 22.5, 22.38, 22.25, 22.25, 22.12
2026-10-08, 01:43:26, 22.25, 22.5, 22.5, 22.5, 9999.0, 22.5, 22.25, 22.25, 9999.0, 22.75, 9999.0, 22.5, 22.25, 22.25, 22.25, 22.12
2026-10-08, 01:43:30, 22.25, 22.5, 22.5, 22.5, 9999.0, 22.5, 22.25, 22.25, 9999.0, 22.75, 9999.0, 22.5, 22.38, 22.25, 22.25, 22.12
2026-10-08, 01:43:34, 22.25, 22.5, 22.5, 22.5, 9999.0, 22.5, 22.25, 22.25, 9999.0, 22.75, 9999.0, 22.5, 22.5, 22.25, 22.25, 22.12
2026-10-08, 01:43:38, 22.25, 22.5, 22.5, 22.5, 9999.0, 22.5, 22.25, 22.25, 9999.0, 22.75, 9999.0, 22.5, 22.38, 22.25, 22.25, 22.12
2026-10-08, 01:43:42, 22.25, 22.5, 22.5, 22.5, 9999.0, 22.62, 22.25, 22.25, 9999.0, 22.62, 9999.0, 22.5, 22.38, 22.25, 22.25, 22.12
2026-10-08, 01:43:46, 22.25, 22.5, 22.5, 22.5, 9999.0, 22.75, 22.25, 22.25, 9999.0, 22.5, 9999.0, 22.5, 22.38, 22.25, 22.25, 22.12
2026-10-08, 01:43:50, 22.25, 22.5, 22.5, 22.5, 9999.0, 22.75, 22.25, 22.25, 9999.0, 22.5, 9999.0, 22.5, 22.25, 22.25, 22.25, 22.25
2026-10-08, 01:43:54, 22.25, 22.5, 22.5, 22.5, 9999.0, 22.75, 22.38, 22.25, 9999.0, 22.5, 9999.0, 22.5, 22.25, 22.25, 22.25, 22.25
2026-10-08, 01:43:58, 22.25, 22.5, 22.5, 22.5, 9999.0, 22.75, 22.5, 22.25, 9999.0, 22.5, 9999.0, 22.5, 22.25, 22.25, 22.25, 22.12
2026-10-08, 01:44:02, 22.25, 22.5, 22.62, 22.5, 9999.0, 22.75, 22.38, 22.25, 9999.0, 22.5, 9999.0, 22.5, 22.25, 22.25, 22.25, 22.0
2026-10-08, 01:44:06, 22.25, 22.38, 22.75, 22.5, 9999.0, 22.75, 22.25, 22.25, 9999.0, 22.5, 9999.0, 22.62, 22.25, 22.25, 22.25, 22.0
2026-10-08, 01:44:10, 22.25, 22.38, 22.62, 22.5, 9999.0, 22.75, 22.38, 22.25, 9999.0, 22.5, 9999.0, 22.75, 22.38, 22.25, 22.25, 22.0
2026-10-08, 01:44:14, 22.25, 22.5, 22.5, 22.5, 9999.0, 22.75, 22.38, 22.25, 9999.0, 22.5, 9999.0, 22.75, 22.38, 22.25, 22.25, 22.12
2026-10-08, 01:44:18, 22.25, 22.5, 22.5, 22.5, 9999.0, 22.75, 22.38, 22.25, 9999.0, 22.62, 9999.0, 22.75, 22.25, 22.25, 22.25, 22.25
2026-10-08, 01:44:22, 22.25, 22.5, 22.62, 22.5, 9999.0, 22.75, 22.5, 22.25, 9999.0, 22.62, 9999.0, 22.75, 22.25, 22.25, 22.25, 22.12
2026-10-08, 01:44:26, 22.25, 22.5, 22.75, 22.5, 9999.0, 22.75, 22.5, 22.25, 9999.0, 22.62, 9999.0, 22.75, 22.38, 22.25, 22.25, 22.12
2026-10-08, 01:44:30, 22.25, 22.5, 22.75, 22.5, 9999.0, 22.62, 22.38, 22.25, 9999.0, 22.75, 9999.0, 22.75, 22.5, 22.25, 22.25, 22.25
2026-10-08, 01:44:34, 22.25, 22.38, 22.62, 22.5, 9999.0, 22.5, 22.25, 22.25, 9999.0, 22.75, 9999.0, 22.62, 22.5, 22.25, 22.25, 22.25
2026-10-08, 01:44:38, 22.25, 22.38, 22.5, 22.5, 9999.0, 22.5, 22.25, 22.25, 9999.0, 22.75, 9999.0, 22.5, 22.5, 22.25, 22.25, 22.25
2026-10-08, 01:44:42, 22.25, 22.5, 22.5, 22.5, 9999.0, 22.5, 22.25, 22.25, 9999.0, 22.75, 9999.0, 22.5, 22.5, 22.25, 22.25, 22.25
2026-10-08, 01:44:46, 22.25, 22.38, 22.5, 22.5, 9999.0, 22.5, 22.25, 22.25, 9999.0, 22.75, 9999.0, 22.5, 22.38, 22.25, 22.25, 22.12
2026-10-08, 01:44:50, 22.25, 22.25, 22.5, 22.5, 9999.0, 22.5, 22.25, 22.25, 9999.0, 22.75, 9999.0, 22.5, 22.25, 22.25, 22.25, 22.0
2026-10-08, 01:44:54, 22.25, 22.25, 22.5, 22.5, 9999.0, 22.5, 22.25, 22.25, 9999.0, 22.62, 9999.0, 22.5, 22.38, 22.25, 22.25, 22.0
2026-10-08, 01:44:58, 22.25, 22.38, 22.62, 22.5, 9999.0, 22.62, 22.25, 22.25, 9999.0, 22.5, 9999.0, 22.5, 22.38, 22.25, 22.25, 22.0
2026-10-08, 01:45:02, 22.25, 22.38, 22.62, 22.5, 9999.0, 22.75, 22.25, 22.25, 9999.0, 22.62, 9999.0, 22.5, 22.25, 22.25, 22.25, 22.12
2026-10-08, 01:45:06, 22.25, 22.25, 22.5, 22.5, 9999.0, 22.75, 22.38, 22.25, 9999.0, 22.62, 9999.0, 22.5, 22.25, 22.25, 22.25, 22.12
2026-10-08, 01:45:10, 22.25, 22.38, 22.5, 22.5, 9999.0, 22.75, 22.5, 22.25, 9999.0, 22.5, 9999.0, 22.5, 22.25, 22.25, 22.25, 22.0
2026-10-08, 01:45:14, 22.25, 22.5, 22.5, 22.5, 9999.0, 22.75, 22.38, 22.25, 9999.0, 22.5, 9999.0, 22.5, 22.25, 22.25, 22.25, 22.0
2026-10-08, 01:45:19, 22.25, 22.38, 22.5, 22.5, 9999.0, 22.75, 22.38, 22.25, 9999.0, 22.5, 9999.0, 22.5, 22.25, 22.12, 22.25, 22.0
2026-10-08, 01:45:23, 22.25, 22.38, 22.62, 22.5, 9999.0, 22.75, 22.38, 22.25, 9999.0, 22.5, 9999.0, 22.62, 22.38, 22.12, 22.25, 22.0
2026-10-08, 01:45:27, 22.25, 22.38, 22.62, 22.5, 9999.0, 22.75, 22.38, 22.25, 9999.0, 22.5, 9999.0, 22.75, 22.5, 22.25, 22.25, 22.0
2026-10-08, 01:45:31, 22.25, 22.25, 22.5, 22.5, 9999.0, 22.75, 22.5, 22.25, 9999.0, 22.62, 9999.0, 22.75, 22.5, 22.25, 22.25, 22.0
2026-10-08, 01:45:35, 22.25, 22.25, 22.5, 22.5, 9999.0, 22.75, 22.5, 22.25, 9999.0, 22.75, 9999.0, 22.75, 22.5, 22.25, 22.25, 22.0
2026-10-08, 01:45:39, 22.25, 22.25, 22.5, 22.5, 9999.0, 22.62, 22.38, 22.25, 9999.0, 22.75, 9999.0, 22.75, 22.5, 22.25, 22.25, 22.0
2026-10-08, 01:45:43, 22.25, 22.25, 22.5, 22.5, 9999.0, 22.5, 22.25, 22.25, 9999.0, 22.75, 9999.0, 22.62, 22.5, 22.25, 22.25, 22.0
2026-10-08, 01:45:47, 22.25, 22.25, 22.5, 22.5, 9999.0, 22.5, 22.38, 22.25, 9999.0, 22.75, 9999.0, 22.62, 22.38, 22.25, 22.25, 22.0
2026-10-08, 01:45:51, 22.25, 22.25, 22.5, 22.5, 9999.0, 22.5, 22.38, 22.25, 9999.0, 22.75, 9999.0, 22.62, 22.38, 22.12, 22.25, 22.0
2026-10-08, 01:45:55, 22.25, 22.25, 22.5, 22.5, 9999.0, 22.5, 22.25, 22.25, 9999.0, 22.75, 9999.0, 22.5, 22.5, 22.0, 22.25, 22.12
2026-10-08, 01:45:59, 22.25, 22.25, 22.5, 22.5, 9999.0, 22.5, 22.25, 22.25, 9999.0, 22.75, 9999.0, 22.5, 22.5, 22.12, 22.25, 22.12
2026-10-08, 01:46:03, 22.25, 22.25, 22.5, 22.5, 9999.0, 22.5, 22.25, 22.25, 9999.0, 22.75, 9999.0, 22.5, 22.5, 22.12, 22.25, 22.0
2026-10-08, 01:46:07, 22.25, 22.25, 22.5, 22.5, 9999.0, 22.5, 22.25, 22.25, 9999.0, 22.75, 9999.0, 22.5, 22.5, 22.12, 22.25, 22.0
2026-10-08, 01:46:11, 22.25, 22.25, 22.5, 22.5, 9999.0, 22.62, 22.25, 22.25, 9999.0, 22.62, 9999.0, 22.5, 22.5, 22.25, 22.25, 22.0
2026-10-08, 01:46:15, 22.25, 22.25, 22.5, 22.5, 9999.0, 22.75, 22.25, 22.25, 9999.0, 22.5, 9999.0, 22.5, 22.38, 22.25, 22.25, 22.0
2026-10-08, 01:46:19, 22.25, 22.25, 22.5, 22.5, 9999.0, 22.75, 22.25, 22.25, 9999.0, 22.5, 9999.0, 22.38, 22.25, 22.12, 22.25, 22.0
2026-10-08, 01:46:23, 22.25, 22.25, 22.5, 22.5, 9999.0, 22.75, 22.38, 22.25, 9999.0, 22.5, 9999.0, 22.38, 22.25, 22.12, 22.25, 22.0
2026-10-08, 01:46:27, 22.25, 22.25, 22.5, 22.5, 9999.0, 22.75, 22.38, 22.25, 9999.0, 22.5, 9999.0, 22.5, 22.25, 22.25, 22.25, 22.0
2026-10-08, 01:46:31, 22.25, 22.38, 22.5, 22.5, 9999.0, 22.75, 22.25, 22.25, 9999.0, 22.5, 9999.0, 22.5, 22.25, 22.25, 22.25, 22.0
2026-10-08, 01:46:35, 22.25, 22.5, 22.5, 22.5, 9999.0, 22.75, 22.25, 22.25, 9999.0, 22.5, 9999.0, 22.62, 22.38, 22.25, 22.25, 22.0
2026-10-08, 01:46:39, 22.25, 22.5, 22.5, 22.5, 9999.0, 22.75, 22.25, 22.25, 9999.0, 22.5, 9999.0, 22.75, 22.38, 22.25, 22.25, 22.0
2026-10-08, 01:46:43, 22.25, 22.5, 22.5, 22.5, 9999.0, 22.75, 22.25, 22.25, 9999.0, 22.38, 9999.0, 22.75, 22.25, 22.25, 22.25, 22.0
2026-10-08, 01:46:47, 22.25, 22.5, 22.5, 22.5, 9999.0, 22.75, 22.25, 22.25, 9999.0, 22.38, 9999.0, 22.75, 22.25, 22.25, 22.25, 22.0
2026-10-08, 01:46:51, 22.25, 22.5, 22.5, 22.5, 9999.0, 22.75, 22.38, 22.25, 9999.0, 22.62, 9999.0, 22.75, 22.38, 22.25, 22.25, 22.0
2026-10-08, 01:46:55, 22.25, 22.38, 22.5, 22.5, 9999.0, 22.75, 22.38, 22.25, 9999.0, 22.75, 9999.0, 22.75, 22.5, 22.25, 22.25, 22.0
2026-10-08, 01:46:59, 22.25, 22.38, 22.5, 22.5, 9999.0, 22.62, 22.25, 22.25, 9999.0, 22.75, 9999.0, 22.75, 22.5, 22.25, 22.25, 22.0
2026-10-08, 01:47:03, 22.25, 22.38, 22.5, 22.5, 9999.0, 22.5, 22.25, 22.25, 9999.0, 22.75, 9999.0, 22.62, 22.5, 22.25, 22.25, 22.0
2026-10-08, 01:47:07, 22.25, 22.25, 22.5, 22.5, 9999.0, 22.5, 22.25, 22.25, 9999.0, 22.75, 9999.0, 22.5, 22.38, 22.12, 22.25, 22.0
2026-10-08, 01:47:11, 22.25, 22.38, 22.5, 22.5, 9999.0, 22.5, 22.25, 22.25, 9999.0, 22.75, 9999.0, 22.5, 22.25, 22.12, 22.25, 22.0
2026-10-08, 01:47:15, 22.25, 22.5, 22.5, 22.5, 9999.0, 22.5, 22.38, 22.25, 9999.0, 22.62, 9999.0, 22.5, 22.25, 22.25, 22.25, 22.0
2026-10-08, 01:47:19, 22.25, 22.38, 22.5, 22.5, 9999.0, 22.5, 22.38, 22.25, 9999.0, 22.5, 9999.0, 22.5, 22.38, 22.25, 22.25, 22.0
2026-10-08, 01:47:23, 22.25, 22.25, 22.5, 22.5, 9999.0, 22.62, 22.25, 22.25, 9999.0, 22.5, 9999.0, 22.5, 22.38, 22.25, 22.25, 22.0
2026-10-08, 01:47:27, 22.25, 22.25, 22.5, 22.5, 9999.0, 22.75, 22.25, 22.25, 9999.0, 22.5, 9999.0, 22.5, 22.25, 22.25, 22.25, 22.0
2026-10-08, 01:47:31, 22.25, 22.38, 22.5, 22.5, 9999.0, 22.75, 22.25, 22.25, 9999.0, 22.5, 9999.0, 22.5, 22.38, 22.25, 22.25, 22.0
2026-10-08, 01:47:35, 22.25, 22.38, 22.5, 22.5, 9999.0, 22.75, 22.25, 22.25, 9999.0, 22.5, 9999.0, 22.5, 22.38, 22.25, 22.25, 22.0
2026-10-08, 01:47:39, 22.25, 22.25, 22.5, 22.5, 9999.0, 22.75, 22.25, 22.25, 9999.0, 22.5, 9999.0, 22.5, 22.25, 22.25, 22.25, 22.0
2026-10-08, 01:47:43, 22.25, 22.25, 22.5, 22.5, 9999.0, 22.75, 22.25, 22.25, 9999.0, 22.5, 9999.0, 22.5, 22.25, 22.25, 22.25, 22.0
2026-10-08, 01:47:47, 22.25, 22.25, 22.5, 22.5, 9999.0, 22.75, 22.25, 22.25, 9999.0, 22.5, 9999.0, 22.5, 22.38, 22.25, 22.25, 22.0
2026-10-08, 01:47:51, 22.25, 22.25, 22.5, 22.5, 9999.0, 22.75, 22.25, 22.25, 9999.0, 22.5, 9999.0, 22.62, 22.38, 22.25, 22.25, 22.0
2026-10-08, 01:47:55, 22.25, 22.38, 22.5, 22.5, 9999.0, 22.75, 22.25, 22.25, 9999.0, 22.5, 9999.0, 22.75, 22.38, 22.25, 22.25, 22.0
2026-10-08, 01:47:59, 22.25, 22.5, 22.5, 22.5, 9999.0, 22.75, 22.25, 22.25, 9999.0, 22.5, 9999.0, 22.75, 22.5, 22.25, 22.25, 22.0
2026-10-08, 01:48:03, 22.25, 22.38, 22.5, 22.5, 9999.0, 22.75, 22.25, 22.25, 9999.0, 22.5, 9999.0, 22.75, 22.5, 22.25, 22.25, 22.0
2026-10-08, 01:48:07, 22.25, 22.25, 22.5, 22.5, 9999.0, 22.62, 22.25, 22.25, 9999.0, 22.62, 9999.0, 22.62, 22.5, 22.25, 22.25, 22.0
2026-10-08, 01:48:11, 22.25, 22.25, 22.5, 22.5, 9999.0, 22.5, 22.25, 22.25, 9999.0, 22.75, 9999.0, 22.62, 22.5, 22.25, 22.25, 22.0
2026-10-08, 01:48:15, 22.25, 22.38, 22.5, 22.5, 9999.0, 22.62, 22.25, 22.25, 9999.0, 22.75, 9999.0, 22.62, 22.5, 22.25, 22.25, 22.12
2026-10-08, 01:48:19, 22.25, 22.38, 22.5, 22.5, 9999.0, 22.62, 22.38, 22.25, 9999.0, 22.75, 9999.0, 22.5, 22.5, 22.25, 22.25, 22.25
2026-10-08, 01:48:23, 22.25, 22.38, 22.5, 22.5, 9999.0, 22.5, 22.38, 22.25, 9999.0, 22.75, 9999.0, 22.5, 22.5, 22.25, 22.25, 22.12
2026-10-08, 01:48:27, 22.25, 22.38, 22.62, 22.5, 9999.0, 22.5, 22.25, 22.25, 9999.0, 22.62, 9999.0, 22.5, 22.5, 22.25, 22.25, 22.12
2026-10-08, 01:48:31, 22.25, 22.25, 22.75, 22.5, 9999.0, 22.5, 22.25, 22.25, 9999.0, 22.5, 9999.0, 22.5, 22.38, 22.25, 22.25, 22.12
2026-10-08, 01:48:35, 22.25, 22.25, 22.62, 22.5, 9999.0, 22.5, 22.25, 22.25, 9999.0, 22.5, 9999.0, 22.5, 22.38, 22.25, 22.25, 22.0
2026-10-08, 01:48:39, 22.25, 22.25, 22.62, 22.5, 9999.0, 22.62, 22.25, 22.25, 9999.0, 22.5, 9999.0, 22.5, 22.38, 22.25, 22.25, 22.0
2026-10-08, 01:48:43, 22.25, 22.38, 22.62, 22.5, 9999.0, 22.62, 22.25, 22.25, 9999.0, 22.5, 9999.0, 22.5, 22.25, 22.25, 22.25, 22.0
2026-10-08, 01:48:47, 22.25, 22.5, 22.62, 22.5, 9999.0, 22.62, 22.25, 22.25, 9999.0, 22.5, 9999.0, 22.5, 22.25, 22.25, 22.25, 22.0
2026-10-08, 01:48:51, 22.25, 22.5, 22.62, 22.5, 9999.0, 22.75, 22.25, 22.25, 9999.0, 22.5, 9999.0, 22.62, 22.38, 22.25, 22.25, 22.0
2026-10-08, 01:48:55, 22.25, 22.38, 22.5, 22.5, 9999.0, 22.75, 22.38, 22.25, 9999.0, 22.5, 9999.0, 22.62, 22.38, 22.12, 22.25, 22.12
2026-10-08, 01:48:59, 22.25, 22.38, 22.62, 22.5, 9999.0, 22.75, 22.38, 22.25, 9999.0, 22.38, 9999.0, 22.5, 22.38, 22.12, 22.25, 22.12
2026-10-08, 01:49:03, 22.25, 22.38, 22.62, 22.5, 9999.0, 22.75, 22.25, 22.25, 9999.0, 22.38, 9999.0, 22.62, 22.5, 22.25, 22.25, 22.12
2026-10-08, 01:49:08, 22.25, 22.38, 22.62, 22.5, 9999.0, 22.75, 22.38, 22.25, 9999.0, 22.5, 9999.0, 22.75, 22.5, 22.25, 22.25, 22.25
2026-10-08, 01:49:12, 22.25, 22.38, 22.62, 22.5, 9999.0, 22.62, 22.5, 22.25, 9999.0, 22.5, 9999.0, 22.75, 22.5, 22.25, 22.25, 22.12
2026-10-08, 01:49:16, 22.25, 22.25, 22.5, 22.5, 9999.0, 22.5, 22.38, 22.25, 9999.0, 22.5, 9999.0, 22.75, 22.38, 22.25, 22.25, 22.0
2026-10-08, 01:49:20, 22.25, 22.25, 22.5, 22.5, 9999.0, 22.62, 22.25, 22.25, 9999.0, 22.62, 9999.0, 22.75, 22.38, 22.25, 22.25, 22.0
2026-10-08, 01:49:24, 22.25, 22.25, 22.5, 22.5, 9999.0, 22.62, 22.25, 22.25, 9999.0, 22.75, 9999.0, 22.62, 22.5, 22.25, 22.25, 22.12
2026-10-08, 01:49:28, 22.25, 22.38, 22.5, 22.5, 9999.0, 22.5, 22.25, 22.25, 9999.0, 22.75, 9999.0, 22.5, 22.5, 22.25, 22.25, 22.12
2026-10-08, 01:49:32, 22.25, 22.38, 22.5, 22.5, 9999.0, 22.5, 22.25, 22.25, 9999.0, 22.75, 9999.0, 22.5, 22.5, 22.25, 22.25, 22.0
2026-10-08, 01:49:36, 22.25, 22.25, 22.5, 22.5, 9999.0, 22.5, 22.25, 22.25, 9999.0, 22.62, 9999.0, 22.5, 22.38, 22.25, 22.25, 22.12
2026-10-08, 01:49:40, 22.25, 22.25, 22.5, 22.5, 9999.0, 22.5, 22.38, 22.25, 9999.0, 22.5, 9999.0, 22.5, 22.38, 22.25, 22.25, 22.25
2026-10-08, 01:49:44, 22.25, 22.25, 22.5, 22.5, 9999.0, 22.5, 22.38, 22.25, 9999.0, 22.5, 9999.0, 22.5, 22.5, 22.25, 22.25, 22.12
2026-10-08, 01:49:48, 22.25, 22.38, 22.62, 22.5, 9999.0, 22.5, 22.25, 22.25, 9999.0, 22.5, 9999.0, 22.5, 22.5, 22.25, 22.25, 22.0
2026-10-08, 01:49:52, 22.25, 22.38, 22.62, 22.5, 9999.0, 22.62, 22.25, 22.25, 9999.0, 22.5, 9999.0, 22.5, 22.38, 22.25, 22.25, 22.0
2026-10-08, 01:49:56, 22.25, 22.25, 22.5, 22.5, 9999.0, 22.62, 22.25, 22.25, 9999.0, 22.5, 9999.0, 22.5, 22.25, 22.25, 22.25, 22.0
2026-10-08, 01:50:00, 22.25, 22.38, 22.62, 22.5, 9999.0, 22.62, 22.25, 22.25, 9999.0, 22.5, 9999.0, 22.5, 22.38, 22.25, 22.25, 22.0
2026-10-08, 01:50:04, 22.25, 22.38, 22.62, 22.5, 9999.0, 22.75, 22.25, 22.25, 9999.0, 22.5, 9999.0, 22.62, 22.38, 22.25, 22.25, 22.0
2026-10-08, 01:50:08, 22.25, 22.38, 22.5, 22.5, 9999.0, 22.75, 22.25, 22.25, 9999.0, 22.38, 9999.0, 22.62, 22.25, 22.12, 22.25, 22.0
2026-10-08, 01:50:12, 22.25, 22.5, 22.5, 22.5, 9999.0, 22.75, 22.25, 22.25, 9999.0, 22.25, 9999.0, 22.5, 22.25, 22.12, 22.25, 22.0
2026-10-08, 01:50:16, 22.25, 22.38, 22.5, 22.5, 9999.0, 22.75, 22.38, 22.25, 9999.0, 22.25, 9999.0, 22.62, 22.25, 22.25, 22.25, 22.0
2026-10-08, 01:50:20, 22.25, 22.38, 22.5, 22.5, 9999.0, 22.75, 22.38, 22.25, 9999.0, 22.25, 9999.0, 22.75, 22.25, 22.25, 22.25, 22.0
2026-10-08, 01:50:24, 22.25, 22.5, 22.5, 22.5, 9999.0, 22.75, 22.25, 22.25, 9999.0, 22.38, 9999.0, 22.75, 22.25, 22.25, 22.25, 22.0
2026-10-08, 01:50:28, 22.25, 22.5, 22.5, 22.5, 9999.0, 22.62, 22.25, 22.25, 9999.0, 22.5, 9999.0, 22.75, 22.38, 22.12, 22.25, 22.0
2026-10-08, 01:50:32, 22.25, 22.38, 22.5, 22.5, 9999.0, 22.5, 22.25, 22.25, 9999.0, 22.5, 9999.0, 22.75, 22.5, 22.12, 22.25, 22.0
2026-10-08, 01:50:36, 22.25, 22.38, 22.5, 22.5, 9999.0, 22.62, 22.25, 22.25, 9999.0, 22.62, 9999.0, 22.75, 22.5, 22.25, 22.25, 22.0
2026-10-08, 01:50:40, 22.25, 22.5, 22.5, 22.5, 9999.0, 22.62, 22.38, 22.25, 9999.0, 22.62, 9999.0, 22.75, 22.5, 22.25, 22.25, 22.0
2026-10-08, 01:50:44, 22.25, 22.38, 22.5, 22.5, 9999.0, 22.5, 22.38, 22.25, 9999.0, 22.5, 9999.0, 22.62, 22.5, 22.25, 22.25, 22.0
2026-10-08, 01:50:48, 22.25, 22.38, 22.5, 22.5, 9999.0, 22.5, 22.25, 22.25, 9999.0, 22.5, 9999.0, 22.5, 22.5, 22.25, 22.25, 22.0
2026-10-08, 01:50:52, 22.25, 22.38, 22.5, 22.5, 9999.0, 22.5, 22.25, 22.25, 9999.0, 22.5, 9999.0, 22.5, 22.5, 22.25, 22.25, 22.0
2026-10-08, 01:50:56, 22.25, 22.25, 22.5, 22.5, 9999.0, 22.5, 22.25, 22.25, 9999.0, 22.5, 9999.0, 22.5, 22.38, 22.25, 22.25, 22.12
2026-10-08, 01:51:00, 22.25, 22.25, 22.5, 22.5, 9999.0, 22.5, 22.25, 22.25, 9999.0, 22.5, 9999.0, 22.5, 22.25, 22.25, 22.25, 22.25
2026-10-08, 01:51:04, 22.25, 22.25, 22.5, 22.5, 9999.0, 22.62, 22.25, 22.25, 9999.0, 22.38, 9999.0, 22.5, 22.25, 22.25, 22.25, 22.12
2026-10-08, 01:51:08, 22.25, 22.25, 22.5, 22.5, 9999.0, 22.75, 22.25, 22.25, 9999.0, 22.25, 9999.0, 22.5, 22.25, 22.25, 22.25, 22.12
2026-10-08, 01:51:12, 22.25, 22.38, 22.5, 22.5, 9999.0, 22.75, 22.25, 22.25, 9999.0, 22.25, 9999.0, 22.5, 22.25, 22.12, 22.25, 22.12
2026-10-08, 01:51:16, 22.25, 22.5, 22.5, 22.5, 9999.0, 22.75, 22.25, 22.25, 9999.0, 22.25, 9999.0, 22.5, 22.25, 22.0, 22.25, 22.12
2026-10-08, 01:51:20, 22.25, 22.38, 22.5, 22.5, 9999.0, 22.75, 22.38, 22.25, 9999.0, 22.25, 9999.0, 22.62, 22.25, 22.12, 22.25, 22.12
2026-10-08, 01:51:24, 22.25, 22.25, 22.5, 22.5, 9999.0, 22.75, 22.5, 22.25, 9999.0, 22.25, 9999.0, 22.62, 22.25, 22.25, 22.25, 22.0
2026-10-08, 01:51:28, 22.25, 22.38, 22.5, 22.5, 9999.0, 22.75, 22.5, 22.25, 9999.0, 22.25, 9999.0, 22.62, 22.38, 22.25, 22.25, 22.12
2026-10-08, 01:51:32, 22.25, 22.38, 22.5, 22.5, 9999.0, 22.75, 22.38, 22.25, 9999.0, 22.25, 9999.0, 22.75, 22.5, 22.25, 22.25, 22.12
2026-10-08, 01:51:36, 22.25, 22.25, 22.5, 22.5, 9999.0, 22.75, 22.25, 22.25, 9999.0, 22.25, 9999.0, 22.75, 22.5, 22.25, 22.25, 22.0
2026-10-08, 01:51:40, 22.25, 22.38, 22.5, 22.5, 9999.0, 22.75, 22.38, 22.25, 9999.0, 22.38, 9999.0, 22.62, 22.5, 22.25, 22.25, 22.0
2026-10-08, 01:51:44, 22.25, 22.5, 22.5, 22.5, 9999.0, 22.62, 22.38, 22.25, 9999.0, 22.38, 9999.0, 22.62, 22.5, 22.25, 22.25, 22.12
2026-10-08, 01:51:48, 22.25, 22.38, 22.62, 22.5, 9999.0, 22.5, 22.38, 22.25, 9999.0, 22.38, 9999.0, 22.75, 22.5, 22.25, 22.25, 22.25
2026-10-08, 01:51:52, 22.25, 22.38, 22.75, 22.5, 9999.0, 22.5, 22.38, 22.25, 9999.0, 22.5, 9999.0, 22.62, 22.5, 22.25, 22.25, 22.12
2026-10-08, 01:51:56, 22.25, 22.38, 22.62, 22.5, 9999.0, 22.5, 22.25, 22.25, 9999.0, 22.38, 9999.0, 22.5, 22.5, 22.25, 22.25, 22.0
2026-10-08, 01:52:00, 22.25, 22.25, 22.5, 22.5, 9999.0, 22.5, 22.25, 22.25, 9999.0, 22.38, 9999.0, 22.5, 22.5, 22.25, 22.25, 22.12
2026-10-08, 01:52:04, 22.25, 22.25, 22.5, 22.5, 9999.0, 22.5, 22.25, 22.38, 9999.0, 22.38, 9999.0, 22.5, 22.38, 22.25, 22.25, 22.12
2026-10-08, 01:52:08, 22.25, 22.25, 22.62, 22.5, 9999.0, 22.5, 22.25, 22.38, 9999.0, 22.25, 9999.0, 22.5, 22.38, 22.25, 22.25, 22.0
2026-10-08, 01:52:12, 22.25, 22.25, 22.75, 22.5, 9999.0, 22.5, 22.25, 22.25, 9999.0, 22.25, 9999.0, 22.5, 22.38, 22.25, 22.25, 22.12
2026-10-08, 01:52:16, 22.25, 22.25, 22.62, 22.5, 9999.0, 22.62, 22.25, 22.25, 9999.0, 22.25, 9999.0, 22.5, 22.25, 22.25, 22.25, 22.12
2026-10-08, 01:52:20, 22.25, 22.25, 22.5, 22.5, 9999.0, 22.62, 22.25, 22.25, 9999.0, 22.25, 9999.0, 22.5, 22.38, 22.12, 22.25, 22.12
2026-10-08, 01:52:24, 22.25, 22.38, 22.5, 22.5, 9999.0, 22.62, 22.25, 22.25, 9999.0, 22.25, 9999.0, 22.38, 22.5, 22.12, 22.25, 22.25
2026-10-08, 01:52:28, 22.25, 22.38, 22.5, 22.5, 9999.0, 22.75, 22.25, 22.25, 9999.0, 22.25, 9999.0, 22.38, 22.5, 22.25, 22.25, 22.12
2026-10-08, 01:52:32, 22.25, 22.25, 22.5, 22.5, 9999.0, 22.75, 22.25, 22.25, 9999.0, 22.12, 9999.0, 22.5, 22.5, 22.25, 22.25, 22.0
2026-10-08, 01:52:36, 22.25, 22.25, 22.5, 22.5, 9999.0, 22.75, 22.25, 22.25, 9999.0, 22.0, 9999.0, 22.62, 22.38, 22.25, 22.25, 22.12
2026-10-08, 01:52:40, 22.25, 22.38, 22.5, 22.5, 9999.0, 22.75, 22.25, 22.25, 9999.0, 22.0, 9999.0, 22.75, 22.38, 22.25, 22.25, 22.25
2026-10-08, 01:52:44, 22.25, 22.38, 22.62, 22.5, 9999.0, 22.75, 22.25, 22.25, 9999.0, 22.0, 9999.0, 22.75, 22.38, 22.25, 22.25, 22.25
2026-10-08, 01:52:48, 22.25, 22.25, 22.75, 22.5, 9999.0, 22.75, 22.25, 22.25, 9999.0, 22.12, 9999.0, 22.75, 22.38, 22.25, 22.25, 22.12
2026-10-08, 01:52:53, 22.25, 22.38, 22.62, 22.5, 9999.0, 22.75, 22.25, 22.25, 9999.0, 22.25, 9999.0, 22.75, 22.5, 22.25, 22.25, 22.0
2026-10-08, 01:52:57, 22.25, 22.38, 22.62, 22.5, 9999.0, 22.62, 22.38, 22.25, 9999.0, 22.25, 9999.0, 22.62, 22.5, 22.25, 22.25, 22.0
2026-10-08, 01:53:01, 22.25, 22.25, 22.62, 22.5, 9999.0, 22.62, 22.5, 22.25, 9999.0, 22.38, 9999.0, 22.5, 22.5, 22.25, 22.25, 22.0
2026-10-08, 01:53:05, 22.25, 22.38, 22.5, 22.5, 9999.0, 22.62, 22.38, 22.25, 9999.0, 22.5, 9999.0, 22.5, 22.38, 22.25, 22.25, 22.0
2026-10-08, 01:53:09, 22.25, 22.5, 22.5, 22.5, 9999.0, 22.62, 22.25, 22.25, 9999.0, 22.38, 9999.0, 22.5, 22.38, 22.25, 22.25, 22.0
2026-10-08, 01:53:13, 22.25, 22.38, 22.5, 22.5, 9999.0, 22.62, 22.25, 22.25, 9999.0, 22.25, 9999.0, 22.5, 22.5, 22.25, 22.25, 22.12
2026-10-08, 01:53:17, 22.25, 22.25, 22.5, 22.5, 9999.0, 22.5, 22.25, 22.25, 9999.0, 22.25, 9999.0, 22.5, 22.5, 22.25, 22.25, 22.12
2026-10-08, 01:53:21, 22.25, 22.38, 22.5, 22.5, 9999.0, 22.5, 22.25, 22.25, 9999.0, 22.25, 9999.0, 22.5, 22.5, 22.12, 22.25, 22.12
2026-10-08, 01:53:25, 22.25, 22.38, 22.62, 22.5, 9999.0, 22.5, 22.25, 22.25, 9999.0, 22.25, 9999.0, 22.5, 22.5, 22.12, 22.25, 22.25
2026-10-08, 01:53:29, 22.25, 22.25, 22.62, 22.5, 9999.0, 22.62, 22.25, 22.25, 9999.0, 22.25, 9999.0, 22.5, 22.5, 22.25, 22.25, 22.25
2026-10-08, 01:53:33, 22.25, 22.25, 22.5, 22.5, 9999.0, 22.62, 22.25, 22.25, 9999.0, 22.25, 9999.0, 22.5, 22.38, 22.25, 22.25, 22.12
2026-10-08, 01:53:37, 22.25, 22.25, 22.5, 22.5, 9999.0, 22.62, 22.25, 22.25, 9999.0, 22.25, 9999.0, 22.5, 22.38, 22.25, 22.25, 22.12
2026-10-08, 01:53:41, 22.25, 22.38, 22.5, 22.5, 9999.0, 22.75, 22.25, 22.38, 9999.0, 22.25, 9999.0, 22.5, 22.38, 22.25, 22.25, 22.12
2026-10-08, 01:53:45, 22.25, 22.38, 22.5, 22.5, 9999.0, 22.75, 22.25, 22.38, 9999.0, 22.12, 9999.0, 22.5, 22.25, 22.12, 22.25, 22.12
2026-10-08, 01:53:49, 22.25, 22.38, 22.62, 22.5, 9999.0, 22.75, 22.25, 22.25, 9999.0, 22.0, 9999.0, 22.62, 22.25, 22.12, 22.25, 22.12
2026-10-08, 01:53:53, 22.25, 22.38, 22.75, 22.5, 9999.0, 22.75, 22.25, 22.25, 9999.0, 22.12, 9999.0, 22.75, 22.38, 22.25, 22.25, 22.12
2026-10-08, 01:53:57, 22.25, 22.25, 22.62, 22.5, 9999.0, 22.75, 22.25, 22.25, 9999.0, 22.12, 9999.0, 22.75, 22.5, 22.25, 22.25, 22.12
2026-10-08, 01:54:01, 22.25, 22.25, 22.5, 22.5, 9999.0, 22.75, 22.25, 22.25, 9999.0, 22.0, 9999.0, 22.75, 22.38, 22.25, 22.25, 22.0
2026-10-08, 01:54:05, 22.25, 22.38, 22.62, 22.5, 9999.0, 22.62, 22.25, 22.25, 9999.0, 22.12, 9999.0, 22.75, 22.38, 22.25, 22.25, 22.0
2026-10-08, 01:54:09, 22.25, 22.38, 22.62, 22.5, 9999.0, 22.5, 22.25, 22.25, 9999.0, 22.25, 9999.0, 22.75, 22.5, 22.25, 22.25, 22.0
2026-10-08, 01:54:13, 22.25, 22.25, 22.5, 22.5, 9999.0, 22.5, 22.25, 22.25, 9999.0, 22.38, 9999.0, 22.62, 22.5, 22.25, 22.25, 22.12
2026-10-08, 01:54:17, 22.25, 22.25, 22.5, 22.5, 9999.0, 22.62, 22.25, 22.25, 9999.0, 22.38, 9999.0, 22.62, 22.5, 22.25, 22.25, 22.12
2026-10-08, 01:54:21, 22.25, 22.38, 22.5, 22.5, 9999.0, 22.62, 22.25, 22.25, 9999.0, 22.38, 9999.0, 22.62, 22.5, 22.25, 22.25, 22.0
2026-10-08, 01:54:25, 22.25, 22.5, 22.62, 22.5, 9999.0, 22.5, 22.25, 22.25, 9999.0, 22.38, 9999.0, 22.5, 22.5, 22.25, 22.25, 22.12
2026-10-08, 01:54:29, 22.25, 22.38, 22.62, 22.5, 9999.0, 22.5, 22.25, 22.25, 9999.0, 22.25, 9999.0, 22.5, 22.5, 22.25, 22.25, 22.12
2026-10-08, 01:54:33, 22.25, 22.25, 22.62, 22.5, 9999.0, 22.5, 22.25, 22.25, 9999.0, 22.25, 9999.0, 22.5, 22.5, 22.25, 22.25, 22.12
2026-10-08, 01:54:37, 22.25, 22.25, 22.75, 22.5, 9999.0, 22.5, 22.25, 22.25, 9999.0, 22.25, 9999.0, 22.5, 22.5, 22.25, 22.25, 22.25
2026-10-08, 01:54:41, 22.25, 22.25, 22.75, 22.5, 9999.0, 22.62, 22.25, 22.25, 9999.0, 22.25, 9999.0, 22.5, 22.38, 22.25, 22.25, 22.12
2026-10-08, 01:54:45, 22.25, 22.25, 22.75, 22.5, 9999.0, 22.62, 22.25, 22.25, 9999.0, 22.25, 9999.0, 22.5, 22.25, 22.12, 22.25, 22.0
2026-10-08, 01:54:49, 22.25, 22.25, 22.75, 22.5, 9999.0, 22.62, 22.25, 22.25, 9999.0, 22.25, 9999.0, 22.5, 22.38, 22.12, 22.25, 22.12
2026-10-08, 01:54:53, 22.25, 22.25, 22.75, 22.5, 9999.0, 22.75, 22.25, 22.25, 9999.0, 22.12, 9999.0, 22.5, 22.38, 22.25, 22.25, 22.12
2026-10-08, 01:54:57, 22.25, 22.25, 22.75, 22.5, 9999.0, 22.75, 22.25, 22.25, 9999.0, 22.0, 9999.0, 22.5, 22.38, 22.25, 22.25, 22.0
2026-10-08, 01:55:01, 22.25, 22.38, 22.62, 22.5, 9999.0, 22.75, 22.25, 22.25, 9999.0, 22.0, 9999.0, 22.5, 22.38, 22.25, 22.25, 22.0
2026-10-08, 01:55:05, 22.25, 22.38, 22.62, 22.5, 9999.0, 22.75, 22.25, 22.25, 9999.0, 22.0, 9999.0, 22.62, 22.38, 22.25, 22.25, 22.0
2026-10-08, 01:55:09, 22.25, 22.25, 22.75, 22.5, 9999.0, 22.75, 22.25, 22.25, 9999.0, 22.0, 9999.0, 22.75, 22.5, 22.25, 22.25, 22.12
2026-10-08, 01:55:13, 22.25, 22.38, 22.75, 22.5, 9999.0, 22.75, 22.25, 22.25, 9999.0, 22.0, 9999.0, 22.75, 22.5, 22.25, 22.25, 22.12
2026-10-08, 01:55:17, 22.25, 22.38, 22.62, 22.5, 9999.0, 22.75, 22.25, 22.25, 9999.0, 22.12, 9999.0, 22.75, 22.5, 22.25, 22.25, 22.0
2026-10-08, 01:55:21, 22.25, 22.25, 22.5, 22.5, 9999.0, 22.75, 22.38, 22.25, 9999.0, 22.25, 9999.0, 22.75, 22.5, 22.25, 22.25, 22.0
2026-10-08, 01:55:25, 22.25, 22.25, 22.5, 22.5, 9999.0, 22.75, 22.5, 22.25, 9999.0, 22.25, 9999.0, 22.75, 22.5, 22.25, 22.25, 22.0
2026-10-08, 01:55:29, 22.25, 22.25, 22.5, 22.5, 9999.0, 22.62, 22.38, 22.25, 9999.0, 22.25, 9999.0, 22.75, 22.5, 22.25, 22.25, 22.12
2026-10-08, 01:55:33, 22.25, 22.25, 22.5, 22.5, 9999.0, 22.5, 22.25, 22.25, 9999.0, 22.38, 9999.0, 22.62, 22.5, 22.25, 22.25, 22.25
2026-10-08, 01:55:37, 22.25, 22.25, 22.62, 22.5, 9999.0, 22.5, 22.38, 22.25, 9999.0, 22.38, 9999.0, 22.62, 22.5, 22.25, 22.25, 22.12
2026-10-08, 01:55:41, 22.25, 22.25, 22.62, 22.5, 9999.0, 22.5, 22.38, 22.25, 9999.0, 22.25, 9999.0, 22.62, 22.5, 22.25, 22.25, 22.12
2026-10-08, 01:55:45, 22.25, 22.25, 22.62, 22.5, 9999.0, 22.5, 22.25, 22.25, 9999.0, 22.25, 9999.0, 22.5, 22.5, 22.25, 22.25, 22.25
2026-10-08, 01:55:49, 22.25, 22.25, 22.75, 22.5, 9999.0, 22.5, 22.25, 22.38, 9999.0, 22.25, 9999.0, 22.5, 22.5, 22.25, 22.25, 22.12
2026-10-08, 01:55:53, 22.25, 22.25, 22.75, 22.5, 9999.0, 22.62, 22.25, 22.38, 9999.0, 22.25, 9999.0, 22.5, 22.5, 22.25, 22.25, 22.12
2026-10-08, 01:55:57, 22.25, 22.25, 22.75, 22.5, 9999.0, 22.75, 22.25, 22.25, 9999.0, 22.25, 9999.0, 22.5, 22.5, 22.25, 22.25, 22.25
2026-10-08, 01:56:01, 22.25, 22.25, 22.75, 22.5, 9999.0, 22.75, 22.25, 22.25, 9999.0, 22.25, 9999.0, 22.5, 22.38, 22.25, 22.25, 22.25
2026-10-08, 01:56:05, 22.25, 22.25, 22.75, 22.5, 9999.0, 22.75, 22.25, 22.38, 9999.0, 22.25, 9999.0, 22.5, 22.25, 22.25, 22.25, 22.25
2026-10-08, 01:56:09, 22.25, 22.25, 22.75, 22.5, 9999.0, 22.75, 22.25, 22.38, 9999.0, 22.25, 9999.0, 22.62, 22.25, 22.25, 22.25, 22.12
2026-10-08, 01:56:13, 22.25, 22.38, 22.75, 22.5, 9999.0, 22.75, 22.25, 22.25, 9999.0, 22.25, 9999.0, 22.75, 22.25, 22.25, 22.25, 22.0
2026-10-08, 01:56:17, 22.25, 22.38, 22.75, 22.5, 9999.0, 22.75, 22.25, 22.25, 9999.0, 22.25, 9999.0, 22.75, 22.25, 22.25, 22.25, 22.0
2026-10-08, 01:56:21, 22.25, 22.25, 22.75, 22.5, 9999.0, 22.75, 22.38, 22.25, 9999.0, 22.12, 9999.0, 22.75, 22.25, 22.25, 22.25, 22.12
2026-10-08, 01:56:25, 22.25, 22.25, 22.75, 22.5, 9999.0, 22.75, 22.5, 22.25, 9999.0, 22.0, 9999.0, 22.75, 22.38, 22.25, 22.25, 22.25
2026-10-08, 01:56:29, 22.25, 22.25, 22.62, 22.5, 9999.0, 22.75, 22.38, 22.25, 9999.0, 22.12, 9999.0, 22.75, 22.5, 22.25, 22.25, 22.12
2026-10-08, 01:56:33, 22.25, 22.25, 22.62, 22.5, 9999.0, 22.62, 22.25, 22.25, 9999.0, 22.25, 9999.0, 22.75, 22.5, 22.25, 22.25, 22.12
2026-10-08, 01:56:37, 22.25, 22.25, 22.75, 22.5, 9999.0, 22.62, 22.38, 22.25, 9999.0, 22.25, 9999.0, 22.75, 22.5, 22.25, 22.25, 22.12
2026-10-08, 01:56:41, 22.25, 22.25, 22.75, 22.5, 9999.0, 22.75, 22.38, 22.25, 9999.0, 22.38, 9999.0, 22.75, 22.5, 22.25, 22.25, 22.12
2026-10-08, 01:56:45, 22.25, 22.38, 22.75, 22.5, 9999.0, 22.62, 22.25, 22.25, 9999.0, 22.5, 9999.0, 22.62, 22.5, 22.25, 22.25, 22.25
2026-10-08, 01:56:50, 22.25, 22.38, 22.75, 22.5, 9999.0, 22.5, 22.25, 22.25, 9999.0, 22.5, 9999.0, 22.5, 22.5, 22.25, 22.25, 22.25
2026-10-08, 01:56:54, 22.25, 22.38, 22.75, 22.5, 9999.0, 22.5, 22.25, 22.25, 9999.0, 22.38, 9999.0, 22.5, 22.5, 22.25, 22.25, 22.25
2026-10-08, 01:56:58, 22.25, 22.38, 22.75, 22.5, 9999.0, 22.5, 22.25, 22.25, 9999.0, 22.25, 9999.0, 22.5, 22.5, 22.25, 22.25, 22.25
2026-10-08, 01:57:02, 22.25, 22.25, 22.75, 22.5, 9999.0, 22.5, 22.25, 22.25, 9999.0, 22.25, 9999.0, 22.5, 22.5, 22.25, 22.25, 22.25
2026-10-08, 01:57:06, 22.25, 22.38, 22.75, 22.5, 9999.0, 22.5, 22.25, 22.25, 9999.0, 22.25, 9999.0, 22.5, 22.5, 22.25, 22.25, 22.25
2026-10-08, 01:57:10, 22.25, 22.38, 22.75, 22.5, 9999.0, 22.62, 22.25, 22.25, 9999.0, 22.25, 9999.0, 22.5, 22.5, 22.25, 22.25, 22.25
2026-10-08, 01:57:14, 22.25, 22.25, 22.75, 22.5, 9999.0, 22.75, 22.25, 22.25, 9999.0, 22.25, 9999.0, 22.5, 22.5, 22.25, 22.25, 22.25
2026-10-08, 01:57:18, 22.25, 22.38, 22.75, 22.5, 9999.0, 22.75, 22.38, 22.25, 9999.0, 22.25, 9999.0, 22.5, 22.38, 22.25, 22.25, 22.25
2026-10-08, 01:57:22, 22.25, 22.38, 22.75, 22.5, 9999.0, 22.75, 22.5, 22.25, 9999.0, 22.25, 9999.0, 22.5, 22.25, 22.25, 22.25, 22.25
2026-10-08, 01:57:26, 22.25, 22.38, 22.75, 22.5, 9999.0, 22.75, 22.38, 22.38, 9999.0, 22.25, 9999.0, 22.62, 22.38, 22.25, 22.25, 22.25
2026-10-08, 01:57:30, 22.25, 22.5, 22.75, 22.5, 9999.0, 22.75, 22.25, 22.38, 9999.0, 22.25, 9999.0, 22.62, 22.38, 22.25, 22.25, 22.25
2026-10-08, 01:57:34, 22.25, 22.5, 22.75, 22.5, 9999.0, 22.75, 22.25, 22.25, 9999.0, 22.25, 9999.0, 22.62, 22.38, 22.25, 22.25, 22.25
2026-10-08, 01:57:38, 22.25, 22.38, 22.75, 22.5, 9999.0, 22.75, 22.38, 22.25, 9999.0, 22.12, 9999.0, 22.75, 22.5, 22.25, 22.25, 22.25
2026-10-08, 01:57:42, 22.25, 22.38, 22.75, 22.5, 9999.0, 22.75, 22.38, 22.25, 9999.0, 22.0, 9999.0, 22.75, 22.5, 22.25, 22.25, 22.25
2026-10-08, 01:57:46, 22.25, 22.38, 22.75, 22.5, 9999.0, 22.75, 22.25, 22.25, 9999.0, 22.12, 9999.0, 22.75, 22.5, 22.25, 22.25, 22.25
2026-10-08, 01:57:50, 22.25, 22.25, 22.75, 22.5, 9999.0, 22.75, 22.25, 22.25, 9999.0, 22.25, 9999.0, 22.75, 22.5, 22.25, 22.25, 22.25
2026-10-08, 01:57:54, 22.25, 22.38, 22.75, 22.5, 9999.0, 22.62, 22.25, 22.25, 9999.0, 22.38, 9999.0, 22.75, 22.5, 22.25, 22.25, 22.25
2026-10-08, 01:57:58, 22.25, 22.38, 22.75, 22.5, 9999.0, 22.62, 22.25, 22.25, 9999.0, 22.38, 9999.0, 22.75, 22.5, 22.25, 22.25, 22.25
2026-10-08, 01:58:02, 22.25, 22.38, 22.75, 22.5, 9999.0, 22.62, 22.25, 22.25, 9999.0, 22.38, 9999.0, 22.75, 22.5, 22.25, 22.25, 22.25
2026-10-08, 01:58:06, 22.25, 22.38, 22.75, 22.5, 9999.0, 22.5, 22.25, 22.25, 9999.0, 22.5, 9999.0, 22.62, 22.5, 22.25, 22.25, 22.25
2026-10-08, 01:58:10, 22.25, 22.25, 22.75, 22.62, 9999.0, 22.5, 22.25, 22.25, 9999.0, 22.5, 9999.0, 22.5, 22.5, 22.25, 22.25, 22.25
2026-10-08, 01:58:14, 22.25, 22.38, 22.75, 22.62, 9999.0, 22.5, 22.25, 22.25, 9999.0, 22.5, 9999.0, 22.5, 22.5, 22.25, 22.25, 22.25
2026-10-08, 01:58:18, 22.25, 22.38, 22.75, 22.5, 9999.0, 22.5, 22.25, 22.25, 9999.0, 22.38, 9999.0, 22.5, 22.38, 22.25, 22.25, 22.25
2026-10-08, 01:58:22, 22.25, 22.38, 22.62, 22.5, 9999.0, 22.62, 22.25, 22.25, 9999.0, 22.25, 9999.0, 22.5, 22.38, 22.25, 22.25, 22.25
2026-10-08, 01:58:26, 22.25, 22.5, 22.62, 22.5, 9999.0, 22.75, 22.25, 22.25, 9999.0, 22.25, 9999.0, 22.5, 22.5, 22.25, 22.25, 22.25
2026-10-08, 01:58:30, 22.25, 22.5, 22.75, 22.5, 9999.0, 22.75, 22.25, 22.25, 9999.0, 22.25, 9999.0, 22.5, 22.38, 22.12, 22.25, 22.25
2026-10-08, 01:58:34, 22.25, 22.5, 22.75, 22.5, 9999.0, 22.75, 22.38, 22.25, 9999.0, 22.25, 9999.0, 22.5, 22.38, 22.12, 22.25, 22.25
2026-10-08, 01:58:38, 22.25, 22.5, 22.75, 22.5, 9999.0, 22.75, 22.5, 22.25, 9999.0, 22.25, 9999.0, 22.62, 22.5, 22.25, 22.25, 22.25
2026-10-08, 01:58:42, 22.25, 22.5, 22.75, 22.5, 9999.0, 22.75, 22.38, 22.38, 9999.0, 22.25, 9999.0, 22.75, 22.5, 22.25, 22.25, 22.25
2026-10-08, 01:58:46, 22.25, 22.5, 22.75, 22.5, 9999.0, 22.75, 22.25, 22.38, 9999.0, 22.25, 9999.0, 22.75, 22.5, 22.25, 22.25, 22.25
2026-10-08, 01:58:50, 22.25, 22.5, 22.75, 22.62, 9999.0, 22.75, 22.38, 22.25, 9999.0, 22.25, 9999.0, 22.75, 22.5, 22.25, 22.25, 22.25
2026-10-08, 01:58:54, 22.25, 22.5, 22.75, 22.62, 9999.0, 22.75, 22.38, 22.25, 9999.0, 22.12, 9999.0, 22.75, 22.5, 22.25, 22.25, 22.25
2026-10-08, 01:58:58, 22.25, 22.5, 22.75, 22.5, 9999.0, 22.75, 22.38, 22.25, 9999.0, 22.12, 9999.0, 22.75, 22.5, 22.25, 22.25, 22.25
2026-10-08, 01:59:02, 22.25, 22.5, 22.75, 22.5, 9999.0, 22.75, 22.38, 22.25, 9999.0, 22.25, 9999.0, 22.75, 22.5, 22.25, 22.25, 22.25
2026-10-08, 01:59:06, 22.25, 22.5, 22.75, 22.5, 9999.0, 22.75, 22.38, 22.25, 9999.0, 22.38, 9999.0, 22.75, 22.5, 22.25, 22.25, 22.25
2026-10-08, 01:59:10, 22.25, 22.38, 22.75, 22.5, 9999.0, 22.75, 22.38, 22.38, 9999.0, 22.5, 9999.0, 22.75, 22.5, 22.25, 22.25, 22.25
2026-10-08, 01:59:14, 22.25, 22.25, 22.75, 22.5, 9999.0, 22.62, 22.38, 22.38, 9999.0, 22.5, 9999.0, 22.62, 22.5, 22.25, 22.25, 22.25
2026-10-08, 01:59:18, 22.25, 22.25, 22.75, 22.5, 9999.0, 22.5, 22.38, 22.25, 9999.0, 22.5, 9999.0, 22.62, 22.5, 22.25, 22.25, 22.25
2026-10-08, 01:59:22, 22.25, 22.38, 22.75, 22.5, 9999.0, 22.5, 22.25, 22.25, 9999.0, 22.5, 9999.0, 22.62, 22.5, 22.25, 22.25, 22.25
2026-10-08, 01:59:26, 22.25, 22.38, 22.75, 22.5, 9999.0, 22.5, 22.25, 22.25, 9999.0, 22.5, 9999.0, 22.5, 22.38, 22.25, 22.25, 22.25
2026-10-08, 01:59:30, 22.25, 22.25, 22.75, 22.5, 9999.0, 22.5, 22.25, 22.25, 9999.0, 22.5, 9999.0, 22.5, 22.38, 22.25, 22.25, 22.25
2026-10-08, 01:59:34, 22.25, 22.38, 22.75, 22.5, 9999.0, 22.5, 22.25, 22.25, 9999.0, 22.5, 9999.0, 22.5, 22.5, 22.25, 22.25, 22.12
2026-10-08, 01:59:38, 22.25, 22.5, 22.75, 22.5, 9999.0, 22.62, 22.25, 22.25, 9999.0, 22.38, 9999.0, 22.5, 22.38, 22.25, 22.25, 22.12
2026-10-08, 01:59:42, 22.25, 22.38, 22.75, 22.5, 9999.0, 22.75, 22.25, 22.25, 9999.0, 22.38, 9999.0, 22.5, 22.38, 22.25, 22.25, 22.25
2026-10-08, 01:59:46, 22.25, 22.25, 22.75, 22.5, 9999.0, 22.75, 22.25, 22.25, 9999.0, 22.38, 9999.0, 22.5, 22.38, 22.25, 22.25, 22.25
2026-10-08, 01:59:50, 22.25, 22.38, 22.62, 22.5, 9999.0, 22.75, 22.25, 22.25, 9999.0, 22.25, 9999.0, 22.62, 22.25, 22.25, 22.25, 22.25
2026-10-08, 01:59:54, 22.25, 22.5, 22.5, 22.5, 9999.0, 22.75, 22.25, 22.38, 9999.0, 22.25, 9999.0, 22.75, 22.25, 22.25, 22.25, 22.25
2026-10-08, 01:59:58, 22.25, 22.38, 22.62, 22.5, 9999.0, 22.75, 22.38, 22.38, 9999.0, 22.25, 9999.0, 22.75, 22.38, 22.25, 22.25, 22.12
2026-10-08, 02:00:02, 22.25, 22.25, 22.75, 22.5, 9999.0, 22.75, 22.5, 22.25, 9999.0, 22.25, 9999.0, 22.75, 22.38, 22.25, 22.25, 22.12
