2026-07-12, 00:00:00, 72.25, 56.0, 21.95, 20.52, 9999.0, 14.18, 14.2, 19.8, 9999.0, 23.93, 9999.0, 57.98, 57.25, 55.25, 50.98, 57.75
2026-07-12, 00:00:04, 72.25, 56.0, 21.95, 20.52, 9999.0, 14.16, 14.2, 19.8, 9999.0, 23.95, 9999.0, 57.93, 57.25, 55.25, 50.98, 57.75
2026-07-12, 00:00:08, 72.25, 56.0, 21.95, 20.55, 9999.0, 14.16, 14.2, 19.8, 9999.0, 23.98, 9999.0, 57.91, 57.25, 55.25, 50.98, 57.75
2026-07-12, 00:00:12, 72.25, 56.0, 21.95, 20.55, 9999.0, 14.16, 14.2, 19.8, 9999.0, 23.98, 9999.0, 57.89, 57.23, 55.25, 50.98, 57.75
2026-07-12, 00:00:16, 72.25, 56.0, 21.95, 20.55, 9999.0, 14.18, 14.2, 19.77, 9999.0, 24.0, 9999.0, 57.86, 57.23, 55.25, 50.98, 57.75
2026-07-12, 00:00:20, 72.25, 56.0, 21.95, 20.55, 9999.0, 14.2, 14.2, 19.77, 9999.0, 24.0, 9999.0, 57.84, 57.23, 55.25, 50.98, 57.75
2026-07-12, 00:00:24, 72.25, 56.0, 21.95, 20.57, 9999.0, 14.23, 14.2, 19.8, 9999.0, 24.0, 9999.0, 57.84, 57.23, 55.25, 50.98, 57.75
2026-07-12, 00:00:28, 72.25, 56.0, 21.95, 20.55, 9999.0, 14.25, 14.2, 19.82, 9999.0, 23.98, 9999.0, 57.84, 57.23, 55.25, 50.98, 57.75
2026-07-12, 00:00:32, 72.25, 56.0, 21.95, 20.55, 9999.0, 14.27, 14.23, 19.82, 9999.0, 23.95, 9999.0, 57.89, 57.23, 55.25, 50.98, 57.75
2026-07-12, 00:00:36, 72.25, 56.0, 21.95, 20.55, 9999.0, 14.3, 14.23, 19.84, 9999.0, 23.93, 9999.0, 57.91, 57.23, 55.25, 50.98, 57.75
2026-07-12, 00:00:40, 72.25, 56.0, 21.95, 20.55, 9999.0, 14.3, 14.25, 19.86, 9999.0, 23.91, 9999.0, 57.93, 57.23, 55.25, 51.0, 57.75
2026-07-12, 00:00:44, 72.25, 56.0, 21.98, 20.55, 9999.0, 14.32, 14.25, 19.89, 9999.0, 23.91, 9999.0, 57.93, 57.23, 55.25, 51.0, 57.75
2026-07-12, 00:00:48, 72.25, 56.0, 21.98, 20.55, 9999.0, 14.34, 14.25, 19.91, 9999.0, 23.89, 9999.0, 57.95, 57.23, 55.25, 51.0, 57.75
2026-07-12, 00:00:52, 72.25, 56.0, 21.95, 20.52, 9999.0, 14.34, 14.25, 19.93, 9999.0, 23.89, 9999.0, 57.98, 57.23, 55.25, 51.0, 57.75
2026-07-12, 00:00:56, 72.25, 56.0, 21.95, 20.55, 9999.0, 14.34, 14.25, 19.93, 9999.0, 23.89, 9999.0, 58.0, 57.25, 55.25, 51.0, 57.75
2026-07-12, 00:01:00, 72.25, 56.0, 21.95, 20.57, 9999.0, 14.32, 14.25, 19.93, 9999.0, 23.89, 9999.0, 58.02, 57.25, 55.25, 51.0, 57.75
2026-07-12, 00:01:04, 72.25, 56.0, 21.93, 20.57, 9999.0, 14.3, 14.25, 19.91, 9999.0, 23.89, 9999.0, 58.05, 57.25, 55.25, 51.0, 57.75
2026-07-12, 00:01:08, 72.25, 56.0, 21.91, 20.55, 9999.0, 14.25, 14.25, 19.89, 9999.0, 23.91, 9999.0, 58.05, 57.25, 55.25, 51.0, 57.75
2026-07-12, 00:01:12, 72.25, 56.0, 21.89, 20.57, 9999.0, 14.23, 14.23, 19.89, 9999.0, 23.93, 9999.0, 58.02, 57.25, 55.25, 51.0, 57.75
2026-07-12, 00:01:16, 72.25, 56.0, 21.86, 20.59, 9999.0, 14.2, 14.23, 19.89, 9999.0, 23.95, 9999.0, 57.98, 57.25, 55.25, 51.0, 57.75
2026-07-12, 00:01:20, 72.25, 56.0, 21.89, 20.61, 9999.0, 14.18, 14.23, 19.89, 9999.0, 23.98, 9999.0, 57.93, 57.25, 55.25, 50.98, 57.75
2026-07-12, 00:01:24, 72.25, 56.0, 21.86, 20.61, 9999.0, 14.18, 14.2, 19.86, 9999.0, 24.0, 9999.0, 57.91, 57.25, 55.25, 50.95, 57.75
2026-07-12, 00:01:28, 72.25, 56.0, 21.86, 20.64, 9999.0, 14.18, 14.18, 19.84, 9999.0, 24.0, 9999.0, 57.89, 57.23, 55.25, 50.95, 57.75
2026-07-12, 00:01:32, 72.25, 56.0, 21.86, 20.64, 9999.0, 14.18, 14.18, 19.84, 9999.0, 24.02, 9999.0, 57.86, 57.2, 55.25, 50.93, 57.75
2026-07-12, 00:01:36, 72.25, 56.0, 21.89, 20.64, 9999.0, 14.18, 14.18, 19.82, 9999.0, 24.02, 9999.0, 57.84, 57.2, 55.25, 50.93, 57.75
2026-07-12, 00:01:40, 72.25, 56.0, 21.89, 20.61, 9999.0, 14.18, 14.18, 19.82, 9999.0, 24.02, 9999.0, 57.84, 57.2, 55.25, 50.93, 57.75
2026-07-12, 00:01:44, 72.25, 56.0, 21.86, 20.59, 9999.0, 14.18, 14.18, 19.82, 9999.0, 24.02, 9999.0, 57.84, 57.18, 55.25, 50.93, 57.75
2026-07-12, 00:01:48, 72.25, 56.0, 21.89, 20.59, 9999.0, 14.18, 14.18, 19.82, 9999.0, 24.0, 9999.0, 57.86, 57.18, 55.25, 50.93, 57.75
2026-07-12, 00:01:52, 72.25, 56.0, 21.91, 20.59, 9999.0, 14.2, 14.18, 19.82, 9999.0, 23.95, 9999.0, 57.89, 57.18, 55.25, 50.93, 57.75
2026-07-12, 00:01:56, 72.25, 56.0, 21.93, 20.57, 9999.0, 14.2, 14.2, 19.8, 9999.0, 23.93, 9999.0, 57.91, 57.18, 55.25, 50.93, 57.75
2026-07-12, 00:02:00, 72.25, 56.0, 21.95, 20.55, 9999.0, 14.23, 14.2, 19.8, 9999.0, 23.93, 9999.0, 57.93, 57.18, 55.25, 50.93, 57.75
2026-07-12, 00:02:04, 72.25, 56.0, 21.93, 20.52, 9999.0, 14.25, 14.2, 19.77, 9999.0, 23.93, 9999.0, 57.95, 57.18, 55.25, 50.95, 57.75
2026-07-12, 00:02:08, 72.25, 56.0, 21.95, 20.52, 9999.0, 14.25, 14.23, 19.77, 9999.0, 23.95, 9999.0, 57.98, 57.18, 55.25, 50.98, 57.75
2026-07-12, 00:02:12, 72.25, 56.02, 21.95, 20.5, 9999.0, 14.25, 14.25, 19.8, 9999.0, 23.95, 9999.0, 58.0, 57.2, 55.25, 50.98, 57.75
2026-07-12, 00:02:16, 72.25, 56.02, 21.95, 20.5, 9999.0, 14.25, 14.25, 19.77, 9999.0, 23.95, 9999.0, 58.02, 57.23, 55.25, 51.0, 57.75
2026-07-12, 00:02:20, 72.25, 56.02, 21.93, 20.52, 9999.0, 14.23, 14.23, 19.77, 9999.0, 23.95, 9999.0, 58.05, 57.23, 55.25, 51.0, 57.75
2026-07-12, 00:02:24, 72.25, 56.02, 21.91, 20.55, 9999.0, 14.2, 14.23, 19.77, 9999.0, 23.95, 9999.0, 58.02, 57.23, 55.25, 51.0, 57.75
2026-07-12, 00:02:28, 72.25, 56.02, 21.93, 20.55, 9999.0, 14.18, 14.23, 19.77, 9999.0, 23.95, 9999.0, 58.02, 57.25, 55.25, 51.0, 57.75
2026-07-12, 00:02:32, 72.25, 56.02, 21.93, 20.55, 9999.0, 14.16, 14.2, 19.77, 9999.0, 23.98, 9999.0, 58.0, 57.25, 55.25, 51.0, 57.75
2026-07-12, 00:02:36, 72.25, 56.02, 21.93, 20.55, 9999.0, 14.16, 14.2, 19.77, 9999.0, 24.0, 9999.0, 57.95, 57.25, 55.25, 51.0, 57.75
2026-07-12, 00:02:40, 72.25, 56.02, 21.91, 20.55, 9999.0, 14.16, 14.2, 19.77, 9999.0, 24.02, 9999.0, 57.93, 57.25, 55.25, 51.0, 57.75
2026-07-12, 00:02:44, 72.25, 56.02, 21.91, 20.55, 9999.0, 14.16, 14.18, 19.8, 9999.0, 24.02, 9999.0, 57.91, 57.25, 55.25, 51.0, 57.75
2026-07-12, 00:02:48, 72.25, 56.02, 21.93, 20.55, 9999.0, 14.18, 14.16, 19.82, 9999.0, 24.02, 9999.0, 57.89, 57.25, 55.25, 51.0, 57.75
2026-07-12, 00:02:52, 72.25, 56.02, 21.91, 20.55, 9999.0, 14.2, 14.14, 19.84, 9999.0, 24.0, 9999.0, 57.89, 57.25, 55.25, 51.0, 57.75
2026-07-12, 00:02:56, 72.25, 56.0, 21.91, 20.55, 9999.0, 14.2, 14.11, 19.82, 9999.0, 24.0, 9999.0, 57.86, 57.23, 55.25, 51.0, 57.75
2026-07-12, 00:03:00, 72.25, 56.0, 21.91, 20.55, 9999.0, 14.2, 14.11, 19.84, 9999.0, 24.0, 9999.0, 57.86, 57.23, 55.25, 50.98, 57.75
2026-07-12, 00:03:04, 72.25, 56.0, 21.93, 20.52, 9999.0, 14.23, 14.14, 19.84, 9999.0, 24.0, 9999.0, 57.89, 57.23, 55.25, 50.98, 57.75
2026-07-12, 00:03:08, 72.25, 56.0, 21.93, 20.5, 9999.0, 14.25, 14.14, 19.84, 9999.0, 24.0, 9999.0, 57.91, 57.23, 55.25, 50.98, 57.75
2026-07-12, 00:03:12, 72.25, 56.0, 21.93, 20.5, 9999.0, 14.27, 14.14, 19.84, 9999.0, 24.0, 9999.0, 57.91, 57.23, 55.25, 50.98, 57.75
2026-07-12, 00:03:16, 72.25, 56.0, 21.93, 20.5, 9999.0, 14.3, 14.16, 19.84, 9999.0, 24.0, 9999.0, 57.91, 57.2, 55.25, 50.95, 57.75
2026-07-12, 00:03:20, 72.25, 56.0, 21.93, 20.5, 9999.0, 14.3, 14.16, 19.84, 9999.0, 24.0, 9999.0, 57.93, 57.2, 55.25, 50.93, 57.75
2026-07-12, 00:03:24, 72.25, 56.0, 21.93, 20.5, 9999.0, 14.3, 14.16, 19.84, 9999.0, 24.02, 9999.0, 57.95, 57.2, 55.25, 50.93, 57.75
2026-07-12, 00:03:28, 72.25, 56.0, 21.91, 20.5, 9999.0, 14.27, 14.18, 19.82, 9999.0, 24.02, 9999.0, 57.98, 57.2, 55.25, 50.91, 57.75
2026-07-12, 00:03:32, 72.25, 56.0, 21.91, 20.5, 9999.0, 14.23, 14.2, 19.8, 9999.0, 24.02, 9999.0, 58.0, 57.2, 55.25, 50.91, 57.75
2026-07-12, 00:03:36, 72.25, 56.0, 21.93, 20.5, 9999.0, 14.18, 14.2, 19.77, 9999.0, 24.02, 9999.0, 58.0, 57.2, 55.25, 50.91, 57.75
2026-07-12, 00:03:40, 72.25, 56.0, 21.93, 20.5, 9999.0, 14.16, 14.23, 19.77, 9999.0, 24.02, 9999.0, 58.02, 57.23, 55.25, 50.91, 57.75
2026-07-12, 00:03:44, 72.25, 56.0, 21.93, 20.5, 9999.0, 14.14, 14.2, 19.75, 9999.0, 24.02, 9999.0, 58.02, 57.23, 55.25, 50.93, 57.75
2026-07-12, 00:03:48, 72.25, 56.0, 21.91, 20.5, 9999.0, 14.14, 14.2, 19.75, 9999.0, 24.02, 9999.0, 57.98, 57.23, 55.25, 50.93, 57.75
2026-07-12, 00:03:52, 72.25, 56.0, 21.93, 20.5, 9999.0, 14.14, 14.2, 19.75, 9999.0, 24.02, 9999.0, 57.95, 57.23, 55.25, 50.93, 57.75
2026-07-12, 00:03:57, 72.25, 56.0, 21.93, 20.5, 9999.0, 14.14, 14.2, 19.75, 9999.0, 24.02, 9999.0, 57.93, 57.23, 55.25, 50.91, 57.75
2026-07-12, 00:04:01, 72.25, 56.0, 21.93, 20.5, 9999.0, 14.16, 14.2, 19.75, 9999.0, 24.02, 9999.0, 57.91, 57.25, 55.25, 50.93, 57.75
2026-07-12, 00:04:05, 72.25, 56.0, 21.91, 20.5, 9999.0, 14.18, 14.2, 19.75, 9999.0, 24.02, 9999.0, 57.89, 57.25, 55.25, 50.95, 57.75
2026-07-12, 00:04:09, 72.25, 56.0, 21.93, 20.5, 9999.0, 14.2, 14.2, 19.75, 9999.0, 24.0, 9999.0, 57.89, 57.23, 55.25, 50.95, 57.75
2026-07-12, 00:04:13, 72.25, 56.0, 21.93, 20.5, 9999.0, 14.23, 14.2, 19.75, 9999.0, 24.0, 9999.0, 57.89, 57.23, 55.25, 50.98, 57.75
2026-07-12, 00:04:17, 72.25, 56.0, 21.91, 20.5, 9999.0, 14.25, 14.2, 19.75, 9999.0, 24.0, 9999.0, 57.89, 57.2, 55.25, 50.98, 57.75
2026-07-12, 00:04:21, 72.25, 56.0, 21.91, 20.5, 9999.0, 14.27, 14.23, 19.75, 9999.0, 24.0, 9999.0, 57.91, 57.2, 55.25, 50.98, 57.75
2026-07-12, 00:04:25, 72.25, 56.0, 21.89, 20.5, 9999.0, 14.3, 14.23, 19.77, 9999.0, 23.98, 9999.0, 57.93, 57.2, 55.25, 50.98, 57.75
2026-07-12, 00:04:29, 72.25, 56.0, 21.89, 20.5, 9999.0, 14.32, 14.25, 19.77, 9999.0, 23.98, 9999.0, 57.93, 57.2, 55.25, 50.98, 57.75
2026-07-12, 00:04:33, 72.25, 56.0, 21.91, 20.5, 9999.0, 14.32, 14.25, 19.77, 9999.0, 23.98, 9999.0, 57.95, 57.2, 55.25, 50.98, 57.75
2026-07-12, 00:04:37, 72.25, 56.0, 21.89, 20.5, 9999.0, 14.32, 14.25, 19.8, 9999.0, 24.0, 9999.0, 57.98, 57.2, 55.25, 50.98, 57.75
2026-07-12, 00:04:41, 72.25, 56.0, 21.89, 20.5, 9999.0, 14.32, 14.23, 19.8, 9999.0, 24.02, 9999.0, 58.0, 57.2, 55.25, 51.0, 57.75
2026-07-12, 00:04:45, 72.25, 56.0, 21.86, 20.5, 9999.0, 14.3, 14.23, 19.8, 9999.0, 24.05, 9999.0, 58.02, 57.18, 55.25, 51.0, 57.75
2026-07-12, 00:04:49, 72.25, 56.0, 21.89, 20.5, 9999.0, 14.27, 14.2, 19.8, 9999.0, 24.07, 9999.0, 58.05, 57.18, 55.25, 51.0, 57.75
2026-07-12, 00:04:53, 72.25, 56.0, 21.89, 20.5, 9999.0, 14.25, 14.2, 19.8, 9999.0, 24.07, 9999.0, 58.05, 57.18, 55.25, 51.0, 57.75
2026-07-12, 00:04:57, 72.25, 56.0, 21.91, 20.5, 9999.0, 14.23, 14.2, 19.8, 9999.0, 24.07, 9999.0, 58.05, 57.18, 55.25, 51.0, 57.75
2026-07-12, 00:05:01, 72.25, 56.0, 21.93, 20.5, 9999.0, 14.23, 14.18, 19.8, 9999.0, 24.07, 9999.0, 58.02, 57.2, 55.25, 51.0, 57.75
2026-07-12, 00:05:05, 72.25, 56.0, 21.93, 20.5, 9999.0, 14.23, 14.16, 19.8, 9999.0, 24.07, 9999.0, 57.98, 57.2, 55.25, 51.0, 57.75
2026-07-12, 00:05:09, 72.25, 56.0, 21.95, 20.5, 9999.0, 14.23, 14.16, 19.77, 9999.0, 24.09, 9999.0, 57.93, 57.2, 55.25, 51.0, 57.75
2026-07-12, 00:05:13, 72.25, 56.0, 21.95, 20.5, 9999.0, 14.23, 14.16, 19.77, 9999.0, 24.09, 9999.0, 57.91, 57.18, 55.25, 51.0, 57.75
2026-07-12, 00:05:17, 72.25, 56.0, 21.95, 20.5, 9999.0, 14.23, 14.16, 19.77, 9999.0, 24.09, 9999.0, 57.89, 57.18, 55.25, 51.0, 57.75
2026-07-12, 00:05:21, 72.25, 56.0, 21.95, 20.5, 9999.0, 14.25, 14.16, 19.75, 9999.0, 24.07, 9999.0, 57.86, 57.18, 55.25, 51.0, 57.75
2026-07-12, 00:05:25, 72.25, 56.0, 21.95, 20.5, 9999.0, 14.27, 14.18, 19.75, 9999.0, 24.05, 9999.0, 57.86, 57.18, 55.25, 51.0, 57.75
2026-07-12, 00:05:29, 72.25, 56.0, 21.98, 20.5, 9999.0, 14.3, 14.18, 19.77, 9999.0, 24.02, 9999.0, 57.86, 57.2, 55.25, 51.0, 57.75
2026-07-12, 00:05:33, 72.25, 56.0, 21.98, 20.5, 9999.0, 14.32, 14.2, 19.8, 9999.0, 23.98, 9999.0, 57.86, 57.2, 55.25, 51.0, 57.75
2026-07-12, 00:05:37, 72.25, 56.0, 21.98, 20.5, 9999.0, 14.32, 14.2, 19.8, 9999.0, 23.95, 9999.0, 57.89, 57.23, 55.25, 51.0, 57.75
2026-07-12, 00:05:41, 72.25, 56.0, 21.98, 20.5, 9999.0, 14.34, 14.2, 19.82, 9999.0, 23.93, 9999.0, 57.89, 57.23, 55.25, 51.0, 57.75
2026-07-12, 00:05:45, 72.25, 56.0, 21.95, 20.5, 9999.0, 14.34, 14.23, 19.82, 9999.0, 23.93, 9999.0, 57.91, 57.23, 55.25, 51.0, 57.75
2026-07-12, 00:05:49, 72.25, 56.0, 21.95, 20.5, 9999.0, 14.34, 14.23, 19.82, 9999.0, 23.93, 9999.0, 57.93, 57.23, 55.25, 51.0, 57.75
2026-07-12, 00:05:53, 72.25, 56.0, 21.95, 20.5, 9999.0, 14.34, 14.23, 19.82, 9999.0, 23.93, 9999.0, 57.95, 57.23, 55.25, 51.0, 57.75
2026-07-12, 00:05:57, 72.25, 56.0, 21.95, 20.5, 9999.0, 14.34, 14.23, 19.82, 9999.0, 23.95, 9999.0, 57.98, 57.25, 55.25, 51.0, 57.75
2026-07-12, 00:06:01, 72.25, 56.0, 21.93, 20.52, 9999.0, 14.34, 14.23, 19.82, 9999.0, 23.95, 9999.0, 58.0, 57.25, 55.25, 51.0, 57.75
2026-07-12, 00:06:05, 72.25, 56.0, 21.93, 20.52, 9999.0, 14.32, 14.23, 19.84, 9999.0, 23.95, 9999.0, 58.02, 57.25, 55.25, 51.0, 57.75
2026-07-12, 00:06:09, 72.25, 56.0, 21.93, 20.52, 9999.0, 14.27, 14.23, 19.84, 9999.0, 23.95, 9999.0, 58.02, 57.25, 55.25, 51.0, 57.75
2026-07-12, 00:06:13, 72.25, 56.0, 21.91, 20.52, 9999.0, 14.25, 14.23, 19.82, 9999.0, 23.95, 9999.0, 58.02, 57.25, 55.25, 51.0, 57.75
2026-07-12, 00:06:17, 72.25, 56.0, 21.91, 20.52, 9999.0, 14.2, 14.23, 19.8, 9999.0, 23.98, 9999.0, 58.0, 57.25, 55.25, 51.0, 57.75
2026-07-12, 00:06:21, 72.25, 56.0, 21.89, 20.52, 9999.0, 14.18, 14.2, 19.8, 9999.0, 24.0, 9999.0, 57.95, 57.25, 55.25, 50.98, 57.75
2026-07-12, 00:06:25, 72.25, 56.0, 21.86, 20.52, 9999.0, 14.18, 14.2, 19.77, 9999.0, 24.02, 9999.0, 57.93, 57.25, 55.25, 50.98, 57.75
2026-07-12, 00:06:29, 72.25, 56.0, 21.89, 20.52, 9999.0, 14.18, 14.18, 19.77, 9999.0, 24.0, 9999.0, 57.91, 57.25, 55.25, 50.98, 57.75
2026-07-12, 00:06:33, 72.25, 56.0, 21.89, 20.52, 9999.0, 14.2, 14.2, 19.77, 9999.0, 24.0, 9999.0, 57.89, 57.25, 55.25, 50.98, 57.75
2026-07-12, 00:06:37, 72.25, 56.0, 21.86, 20.55, 9999.0, 14.23, 14.2, 19.8, 9999.0, 24.0, 9999.0, 57.86, 57.25, 55.25, 50.98, 57.75
2026-07-12, 00:06:41, 72.25, 56.0, 21.86, 20.55, 9999.0, 14.25, 14.2, 19.82, 9999.0, 23.98, 9999.0, 57.86, 57.25, 55.25, 50.98, 57.75
2026-07-12, 00:06:45, 72.25, 56.0, 21.89, 20.52, 9999.0, 14.25, 14.2, 19.84, 9999.0, 23.98, 9999.0, 57.86, 57.23, 55.25, 50.98, 57.75
2026-07-12, 00:06:49, 72.25, 56.0, 21.91, 20.52, 9999.0, 14.25, 14.2, 19.84, 9999.0, 23.98, 9999.0, 57.86, 57.23, 55.25, 50.98, 57.75
2026-07-12, 00:06:53, 72.25, 56.0, 21.91, 20.52, 9999.0, 14.27, 14.2, 19.84, 9999.0, 23.98, 9999.0, 57.86, 57.23, 55.25, 50.98, 57.75
2026-07-12, 00:06:57, 72.25, 56.0, 21.91, 20.52, 9999.0, 14.27, 14.2, 19.84, 9999.0, 23.95, 9999.0, 57.86, 57.23, 55.25, 50.98, 57.75
2026-07-12, 00:07:01, 72.25, 56.0, 21.91, 20.52, 9999.0, 14.3, 14.2, 19.84, 9999.0, 23.95, 9999.0, 57.89, 57.23, 55.25, 50.98, 57.75
2026-07-12, 00:07:05, 72.25, 56.0, 21.93, 20.52, 9999.0, 14.32, 14.23, 19.84, 9999.0, 23.95, 9999.0, 57.91, 57.23, 55.25, 51.0, 57.75
2026-07-12, 00:07:09, 72.25, 56.0, 21.95, 20.52, 9999.0, 14.32, 14.23, 19.84, 9999.0, 23.95, 9999.0, 57.93, 57.23, 55.25, 51.0, 57.75
2026-07-12, 00:07:13, 72.25, 56.0, 21.95, 20.52, 9999.0, 14.32, 14.25, 19.84, 9999.0, 23.98, 9999.0, 57.95, 57.23, 55.25, 51.0, 57.75
2026-07-12, 00:07:17, 72.25, 56.0, 21.95, 20.52, 9999.0, 14.3, 14.25, 19.84, 9999.0, 23.98, 9999.0, 57.98, 57.23, 55.25, 51.0, 57.75
2026-07-12, 00:07:21, 72.25, 56.0, 21.95, 20.5, 9999.0, 14.25, 14.25, 19.82, 9999.0, 23.98, 9999.0, 58.0, 57.23, 55.25, 51.0, 57.75
2026-07-12, 00:07:25, 72.25, 56.0, 21.95, 20.5, 9999.0, 14.23, 14.25, 19.8, 9999.0, 23.98, 9999.0, 58.0, 57.23, 55.25, 51.0, 57.75
2026-07-12, 00:07:29, 72.25, 56.0, 21.95, 20.5, 9999.0, 14.2, 14.25, 19.77, 9999.0, 23.98, 9999.0, 57.98, 57.25, 55.25, 51.0, 57.75
2026-07-12, 00:07:33, 72.25, 56.0, 21.95, 20.5, 9999.0, 14.18, 14.25, 19.75, 9999.0, 23.98, 9999.0, 57.95, 57.25, 55.25, 51.0, 57.75
2026-07-12, 00:07:37, 72.25, 56.0, 21.95, 20.5, 9999.0, 14.16, 14.23, 19.75, 9999.0, 23.98, 9999.0, 57.93, 57.25, 55.25, 51.0, 57.75
2026-07-12, 00:07:41, 72.25, 56.0, 21.98, 20.5, 9999.0, 14.16, 14.2, 19.75, 9999.0, 24.0, 9999.0, 57.91, 57.25, 55.25, 51.0, 57.75
2026-07-12, 00:07:46, 72.25, 56.0, 21.98, 20.5, 9999.0, 14.16, 14.2, 19.75, 9999.0, 23.98, 9999.0, 57.89, 57.25, 55.25, 51.0, 57.75
2026-07-12, 00:07:50, 72.25, 56.0, 21.98, 20.5, 9999.0, 14.18, 14.2, 19.75, 9999.0, 23.98, 9999.0, 57.86, 57.25, 55.25, 51.0, 57.75
2026-07-12, 00:07:54, 72.25, 56.0, 21.98, 20.5, 9999.0, 14.2, 14.2, 19.75, 9999.0, 23.95, 9999.0, 57.84, 57.25, 55.25, 51.0, 57.75
2026-07-12, 00:07:58, 72.25, 56.0, 21.95, 20.5, 9999.0, 14.2, 14.2, 19.75, 9999.0, 23.93, 9999.0, 57.84, 57.23, 55.25, 51.0, 57.75
2026-07-12, 00:08:02, 72.25, 56.0, 21.93, 20.5, 9999.0, 14.2, 14.2, 19.75, 9999.0, 23.91, 9999.0, 57.84, 57.2, 55.25, 51.0, 57.75
2026-07-12, 00:08:06, 72.25, 56.0, 21.95, 20.5, 9999.0, 14.23, 14.2, 19.75, 9999.0, 23.89, 9999.0, 57.84, 57.2, 55.25, 51.0, 57.75
2026-07-12, 00:08:10, 72.25, 56.0, 21.95, 20.5, 9999.0, 14.23, 14.2, 19.75, 9999.0, 23.86, 9999.0, 57.86, 57.2, 55.25, 51.0, 57.75
2026-07-12, 00:08:14, 72.25, 56.0, 21.95, 20.5, 9999.0, 14.25, 14.2, 19.75, 9999.0, 23.84, 9999.0, 57.89, 57.2, 55.25, 51.0, 57.75
2026-07-12, 00:08:18, 72.25, 56.0, 21.95, 20.5, 9999.0, 14.27, 14.2, 19.77, 9999.0, 23.84, 9999.0, 57.91, 57.2, 55.25, 51.0, 57.75
2026-07-12, 00:08:22, 72.25, 56.0, 21.93, 20.5, 9999.0, 14.3, 14.23, 19.77, 9999.0, 23.82, 9999.0, 57.93, 57.2, 55.25, 51.0, 57.75
2026-07-12, 00:08:26, 72.25, 56.0, 21.93, 20.5, 9999.0, 14.3, 14.25, 19.77, 9999.0, 23.82, 9999.0, 57.95, 57.2, 55.25, 51.0, 57.75
2026-07-12, 00:08:30, 72.25, 56.0, 21.93, 20.5, 9999.0, 14.27, 14.25, 19.77, 9999.0, 23.84, 9999.0, 57.98, 57.2, 55.25, 51.0, 57.75
2026-07-12, 00:08:34, 72.25, 56.0, 21.93, 20.5, 9999.0, 14.25, 14.25, 19.77, 9999.0, 23.84, 9999.0, 58.0, 57.2, 55.25, 51.0, 57.75
2026-07-12, 00:08:38, 72.25, 56.0, 21.91, 20.5, 9999.0, 14.2, 14.25, 19.77, 9999.0, 23.86, 9999.0, 58.02, 57.2, 55.25, 51.0, 57.75
2026-07-12, 00:08:42, 72.25, 56.0, 21.91, 20.5, 9999.0, 14.18, 14.25, 19.77, 9999.0, 23.89, 9999.0, 58.02, 57.23, 55.25, 51.0, 57.75
2026-07-12, 00:08:46, 72.25, 56.0, 21.91, 20.5, 9999.0, 14.16, 14.25, 19.77, 9999.0, 23.91, 9999.0, 58.0, 57.25, 55.25, 50.98, 57.75
2026-07-12, 00:08:50, 72.25, 56.0, 21.91, 20.5, 9999.0, 14.14, 14.25, 19.77, 9999.0, 23.93, 9999.0, 57.98, 57.25, 55.25, 50.98, 57.75
2026-07-12, 00:08:54, 72.25, 56.0, 21.89, 20.5, 9999.0, 14.14, 14.25, 19.77, 9999.0, 23.93, 9999.0, 57.95, 57.23, 55.25, 50.98, 57.75
2026-07-12, 00:08:58, 72.25, 56.0, 21.89, 20.5, 9999.0, 14.14, 14.23, 19.77, 9999.0, 23.93, 9999.0, 57.93, 57.23, 55.25, 50.95, 57.75
2026-07-12, 00:09:02, 72.25, 56.0, 21.86, 20.5, 9999.0, 14.14, 14.23, 19.75, 9999.0, 23.91, 9999.0, 57.91, 57.2, 55.25, 50.95, 57.75
2026-07-12, 00:09:06, 72.25, 56.0, 21.86, 20.5, 9999.0, 14.16, 14.23, 19.75, 9999.0, 23.91, 9999.0, 57.89, 57.18, 55.25, 50.95, 57.75
2026-07-12, 00:09:10, 72.25, 56.0, 21.86, 20.5, 9999.0, 14.16, 14.23, 19.75, 9999.0, 23.89, 9999.0, 57.89, 57.16, 55.25, 50.95, 57.75
2026-07-12, 00:09:14, 72.25, 56.0, 21.86, 20.5, 9999.0, 14.18, 14.23, 19.75, 9999.0, 23.86, 9999.0, 57.89, 57.16, 55.25, 50.95, 57.75
2026-07-12, 00:09:18, 72.25, 56.0, 21.86, 20.5, 9999.0, 14.18, 14.23, 19.75, 9999.0, 23.84, 9999.0, 57.89, 57.16, 55.25, 50.95, 57.75
2026-07-12, 00:09:22, 72.25, 56.0, 21.89, 20.5, 9999.0, 14.2, 14.23, 19.75, 9999.0, 23.82, 9999.0, 57.91, 57.16, 55.25, 50.95, 57.75
2026-07-12, 00:09:26, 72.25, 56.0, 21.91, 20.5, 9999.0, 14.23, 14.23, 19.75, 9999.0, 23.8, 9999.0, 57.91, 57.16, 55.25, 50.95, 57.75
2026-07-12, 00:09:30, 72.25, 56.0, 21.93, 20.5, 9999.0, 14.25, 14.23, 19.75, 9999.0, 23.8, 9999.0, 57.93, 57.16, 55.25, 50.98, 57.75
2026-07-12, 00:09:34, 72.25, 56.0, 21.91, 20.5, 9999.0, 14.27, 14.2, 19.75, 9999.0, 23.77, 9999.0, 57.95, 57.16, 55.25, 50.98, 57.75
2026-07-12, 00:09:38, 72.25, 56.0, 21.91, 20.5, 9999.0, 14.27, 14.2, 19.75, 9999.0, 23.8, 9999.0, 57.95, 57.18, 55.25, 50.98, 57.75
2026-07-12, 00:09:42, 72.25, 56.0, 21.89, 20.5, 9999.0, 14.27, 14.23, 19.75, 9999.0, 23.82, 9999.0, 57.98, 57.18, 55.25, 51.0, 57.75
2026-07-12, 00:09:46, 72.25, 56.0, 21.91, 20.5, 9999.0, 14.27, 14.2, 19.75, 9999.0, 23.84, 9999.0, 58.0, 57.2, 55.25, 51.0, 57.75
2026-07-12, 00:09:50, 72.25, 56.0, 21.91, 20.5, 9999.0, 14.25, 14.18, 19.75, 9999.0, 23.86, 9999.0, 58.02, 57.23, 55.25, 51.0, 57.75
2026-07-12, 00:09:54, 72.25, 56.0, 21.89, 20.5, 9999.0, 14.23, 14.16, 19.75, 9999.0, 23.89, 9999.0, 58.02, 57.25, 55.25, 51.0, 57.75
2026-07-12, 00:09:58, 72.25, 56.0, 21.89, 20.5, 9999.0, 14.2, 14.14, 19.75, 9999.0, 23.91, 9999.0, 58.02, 57.25, 55.25, 51.0, 57.75
2026-07-12, 00:10:02, 72.25, 56.0, 21.89, 20.5, 9999.0, 14.18, 14.11, 19.75, 9999.0, 23.91, 9999.0, 58.0, 57.25, 55.25, 51.0, 57.75
2026-07-12, 00:10:06, 72.25, 56.0, 21.89, 20.5, 9999.0, 14.16, 14.09, 19.75, 9999.0, 23.91, 9999.0, 57.95, 57.25, 55.25, 51.0, 57.75
2026-07-12, 00:10:10, 72.25, 56.0, 21.89, 20.5, 9999.0, 14.16, 14.07, 19.75, 9999.0, 23.91, 9999.0, 57.93, 57.25, 55.25, 51.0, 57.75
2026-07-12, 00:10:14, 72.25, 56.0, 21.86, 20.5, 9999.0, 14.16, 14.07, 19.75, 9999.0, 23.89, 9999.0, 57.91, 57.25, 55.25, 51.0, 57.75
2026-07-12, 00:10:18, 72.25, 56.0, 21.89, 20.5, 9999.0, 14.16, 14.09, 19.75, 9999.0, 23.89, 9999.0, 57.89, 57.25, 55.25, 51.0, 57.75
2026-07-12, 00:10:22, 72.25, 56.0, 21.89, 20.5, 9999.0, 14.18, 14.09, 19.75, 9999.0, 23.86, 9999.0, 57.86, 57.25, 55.25, 51.0, 57.75
2026-07-12, 00:10:26, 72.25, 56.0, 21.91, 20.5, 9999.0, 14.18, 14.09, 19.75, 9999.0, 23.84, 9999.0, 57.86, 57.23, 55.25, 51.0, 57.75
2026-07-12, 00:10:30, 72.25, 56.0, 21.89, 20.5, 9999.0, 14.18, 14.11, 19.75, 9999.0, 23.82, 9999.0, 57.86, 57.23, 55.25, 51.0, 57.75
2026-07-12, 00:10:34, 72.25, 56.0, 21.91, 20.5, 9999.0, 14.18, 14.14, 19.75, 9999.0, 23.8, 9999.0, 57.86, 57.23, 55.25, 51.0, 57.75
2026-07-12, 00:10:38, 72.25, 56.0, 21.93, 20.5, 9999.0, 14.2, 14.16, 19.77, 9999.0, 23.77, 9999.0, 57.86, 57.23, 55.25, 51.0, 57.75
2026-07-12, 00:10:42, 72.25, 56.0, 21.91, 20.5, 9999.0, 14.23, 14.18, 19.77, 9999.0, 23.75, 9999.0, 57.86, 57.23, 55.25, 51.0, 57.75
2026-07-12, 00:10:46, 72.25, 56.0, 21.89, 20.5, 9999.0, 14.25, 14.2, 19.77, 9999.0, 23.77, 9999.0, 57.89, 57.23, 55.25, 51.0, 57.75
2026-07-12, 00:10:50, 72.25, 56.0, 21.89, 20.5, 9999.0, 14.27, 14.23, 19.77, 9999.0, 23.77, 9999.0, 57.91, 57.23, 55.25, 51.0, 57.75
2026-07-12, 00:10:54, 72.25, 56.0, 21.89, 20.5, 9999.0, 14.27, 14.25, 19.77, 9999.0, 23.8, 9999.0, 57.93, 57.23, 55.25, 51.0, 57.75
2026-07-12, 00:10:58, 72.25, 56.0, 21.91, 20.5, 9999.0, 14.25, 14.23, 19.77, 9999.0, 23.82, 9999.0, 57.95, 57.23, 55.25, 51.0, 57.75
2026-07-12, 00:11:02, 72.25, 56.0, 21.91, 20.5, 9999.0, 14.23, 14.23, 19.77, 9999.0, 23.84, 9999.0, 57.98, 57.23, 55.25, 51.0, 57.75
2026-07-12, 00:11:06, 72.25, 56.0, 21.93, 20.5, 9999.0, 14.18, 14.23, 19.77, 9999.0, 23.86, 9999.0, 58.0, 57.23, 55.25, 51.0, 57.75
2026-07-12, 00:11:10, 72.25, 56.0, 21.93, 20.5, 9999.0, 14.16, 14.23, 19.77, 9999.0, 23.89, 9999.0, 57.98, 57.25, 55.25, 51.0, 57.75
2026-07-12, 00:11:14, 72.25, 56.0, 21.93, 20.5, 9999.0, 14.14, 14.23, 19.77, 9999.0, 23.89, 9999.0, 57.95, 57.25, 55.25, 51.0, 57.75
2026-07-12, 00:11:18, 72.25, 56.0, 21.91, 20.5, 9999.0, 14.11, 14.2, 19.77, 9999.0, 23.91, 9999.0, 57.93, 57.25, 55.25, 51.0, 57.75
2026-07-12, 00:11:22, 72.25, 56.0, 21.89, 20.5, 9999.0, 14.09, 14.18, 19.75, 9999.0, 23.93, 9999.0, 57.91, 57.25, 55.25, 51.0, 57.75
2026-07-12, 00:11:27, 72.25, 56.0, 21.91, 20.5, 9999.0, 14.09, 14.16, 19.75, 9999.0, 23.93, 9999.0, 57.89, 57.25, 55.25, 51.0, 57.75
2026-07-12, 00:11:31, 72.25, 56.0, 21.93, 20.5, 9999.0, 14.09, 14.14, 19.75, 9999.0, 23.91, 9999.0, 57.86, 57.25, 55.25, 51.0, 57.75
2026-07-12, 00:11:35, 72.25, 56.0, 21.91, 20.5, 9999.0, 14.09, 14.14, 19.75, 9999.0, 23.91, 9999.0, 57.84, 57.25, 55.25, 51.0, 57.75
2026-07-12, 00:11:39, 72.25, 56.0, 21.91, 20.5, 9999.0, 14.11, 14.11, 19.75, 9999.0, 23.89, 9999.0, 57.82, 57.23, 55.25, 51.0, 57.75
2026-07-12, 00:11:43, 72.25, 56.0, 21.91, 20.5, 9999.0, 14.16, 14.14, 19.75, 9999.0, 23.86, 9999.0, 57.82, 57.23, 55.25, 51.0, 57.75
2026-07-12, 00:11:47, 72.25, 56.0, 21.91, 20.5, 9999.0, 14.18, 14.11, 19.75, 9999.0, 23.84, 9999.0, 57.82, 57.23, 55.25, 51.0, 57.75
2026-07-12, 00:11:51, 72.25, 56.0, 21.91, 20.5, 9999.0, 14.2, 14.11, 19.75, 9999.0, 23.82, 9999.0, 57.82, 57.23, 55.25, 51.0, 57.75
2026-07-12, 00:11:55, 72.25, 56.0, 21.91, 20.5, 9999.0, 14.23, 14.11, 19.75, 9999.0, 23.8, 9999.0, 57.84, 57.23, 55.25, 51.0, 57.75
2026-07-12, 00:11:59, 72.25, 56.0, 21.91, 20.5, 9999.0, 14.25, 14.11, 19.75, 9999.0, 23.77, 9999.0, 57.86, 57.23, 55.25, 51.0, 57.75
2026-07-12, 00:12:03, 72.25, 56.0, 21.93, 20.5, 9999.0, 14.27, 14.14, 19.75, 9999.0, 23.75, 9999.0, 57.89, 57.23, 55.25, 51.0, 57.75
2026-07-12, 00:12:07, 72.25, 56.0, 21.95, 20.52, 9999.0, 14.3, 14.14, 19.75, 9999.0, 23.73, 9999.0, 57.91, 57.23, 55.25, 51.0, 57.75
2026-07-12, 00:12:11, 72.25, 56.0, 21.95, 20.52, 9999.0, 14.3, 14.16, 19.75, 9999.0, 23.75, 9999.0, 57.93, 57.23, 55.25, 51.0, 57.75
2026-07-12, 00:12:15, 72.25, 56.0, 21.95, 20.52, 9999.0, 14.3, 14.18, 19.75, 9999.0, 23.77, 9999.0, 57.95, 57.23, 55.25, 51.0, 57.75
2026-07-12, 00:12:19, 72.25, 56.0, 21.98, 20.52, 9999.0, 14.3, 14.18, 19.75, 9999.0, 23.8, 9999.0, 57.98, 57.23, 55.25, 51.0, 57.75
2026-07-12, 00:12:23, 72.25, 56.0, 21.98, 20.52, 9999.0, 14.27, 14.2, 19.77, 9999.0, 23.82, 9999.0, 58.0, 57.25, 55.25, 51.0, 57.75
2026-07-12, 00:12:27, 72.25, 56.0, 21.98, 20.52, 9999.0, 14.25, 14.18, 19.77, 9999.0, 23.82, 9999.0, 57.98, 57.25, 55.25, 51.0, 57.75
2026-07-12, 00:12:31, 72.25, 56.0, 21.95, 20.52, 9999.0, 14.23, 14.18, 19.77, 9999.0, 23.82, 9999.0, 57.95, 57.25, 55.25, 51.0, 57.75
2026-07-12, 00:12:35, 72.25, 56.0, 21.95, 20.52, 9999.0, 14.2, 14.16, 19.77, 9999.0, 23.82, 9999.0, 57.93, 57.25, 55.25, 51.0, 57.75
2026-07-12, 00:12:39, 72.25, 56.0, 21.95, 20.52, 9999.0, 14.18, 14.16, 19.77, 9999.0, 23.82, 9999.0, 57.91, 57.25, 55.25, 51.0, 57.75
2026-07-12, 00:12:43, 72.25, 56.0, 21.98, 20.52, 9999.0, 14.18, 14.14, 19.77, 9999.0, 23.86, 9999.0, 57.89, 57.25, 55.25, 51.0, 57.75
2026-07-12, 00:12:47, 72.25, 56.0, 21.95, 20.52, 9999.0, 14.18, 14.14, 19.77, 9999.0, 23.86, 9999.0, 57.86, 57.25, 55.25, 51.0, 57.75
2026-07-12, 00:12:51, 72.25, 56.0, 21.93, 20.5, 9999.0, 14.18, 14.14, 19.77, 9999.0, 23.86, 9999.0, 57.84, 57.25, 55.25, 51.0, 57.75
2026-07-12, 00:12:55, 72.25, 56.0, 21.91, 20.5, 9999.0, 14.2, 14.14, 19.77, 9999.0, 23.84, 9999.0, 57.82, 57.23, 55.25, 51.0, 57.75
2026-07-12, 00:12:59, 72.25, 56.0, 21.91, 20.5, 9999.0, 14.2, 14.14, 19.77, 9999.0, 23.82, 9999.0, 57.82, 57.23, 55.25, 51.0, 57.75
2026-07-12, 00:13:03, 72.25, 56.0, 21.89, 20.5, 9999.0, 14.2, 14.14, 19.77, 9999.0, 23.8, 9999.0, 57.82, 57.23, 55.25, 51.0, 57.75
2026-07-12, 00:13:07, 72.25, 56.0, 21.89, 20.5, 9999.0, 14.2, 14.11, 19.75, 9999.0, 23.77, 9999.0, 57.82, 57.23, 55.25, 51.0, 57.75
2026-07-12, 00:13:11, 72.25, 56.0, 21.89, 20.5, 9999.0, 14.2, 14.14, 19.75, 9999.0, 23.75, 9999.0, 57.84, 57.23, 55.25, 51.0, 57.75
2026-07-12, 00:13:15, 72.25, 56.0, 21.91, 20.5, 9999.0, 14.23, 14.16, 19.75, 9999.0, 23.73, 9999.0, 57.86, 57.23, 55.25, 51.0, 57.75
2026-07-12, 00:13:19, 72.25, 56.0, 21.91, 20.5, 9999.0, 14.25, 14.18, 19.75, 9999.0, 23.73, 9999.0, 57.89, 57.23, 55.25, 51.0, 57.75
2026-07-12, 00:13:23, 72.25, 56.0, 21.89, 20.5, 9999.0, 14.27, 14.18, 19.75, 9999.0, 23.7, 9999.0, 57.91, 57.23, 55.25, 51.0, 57.75
2026-07-12, 00:13:27, 72.25, 56.0, 21.86, 20.5, 9999.0, 14.27, 14.2, 19.75, 9999.0, 23.68, 9999.0, 57.93, 57.23, 55.25, 51.0, 57.75
2026-07-12, 00:13:31, 72.25, 56.0, 21.89, 20.5, 9999.0, 14.27, 14.18, 19.75, 9999.0, 23.7, 9999.0, 57.95, 57.23, 55.25, 51.0, 57.75
2026-07-12, 00:13:35, 72.25, 56.0, 21.89, 20.5, 9999.0, 14.25, 14.2, 19.75, 9999.0, 23.73, 9999.0, 57.98, 57.23, 55.25, 51.0, 57.75
2026-07-12, 00:13:39, 72.25, 56.0, 21.89, 20.5, 9999.0, 14.2, 14.2, 19.75, 9999.0, 23.75, 9999.0, 58.0, 57.25, 55.25, 51.0, 57.75
2026-07-12, 00:13:43, 72.25, 56.0, 21.86, 20.5, 9999.0, 14.18, 14.2, 19.75, 9999.0, 23.75, 9999.0, 58.0, 57.25, 55.25, 51.0, 57.75
2026-07-12, 00:13:47, 72.25, 56.0, 21.89, 20.5, 9999.0, 14.16, 14.2, 19.75, 9999.0, 23.75, 9999.0, 58.0, 57.25, 55.25, 51.0, 57.75
2026-07-12, 00:13:51, 72.25, 56.0, 21.89, 20.5, 9999.0, 14.14, 14.23, 19.75, 9999.0, 23.75, 9999.0, 58.0, 57.25, 55.25, 51.0, 57.75
2026-07-12, 00:13:55, 72.25, 56.0, 21.89, 20.5, 9999.0, 14.11, 14.23, 19.75, 9999.0, 23.77, 9999.0, 57.98, 57.25, 55.25, 51.0, 57.75
2026-07-12, 00:13:59, 72.25, 56.0, 21.89, 20.5, 9999.0, 14.11, 14.23, 19.75, 9999.0, 23.8, 9999.0, 57.95, 57.25, 55.25, 51.0, 57.75
2026-07-12, 00:14:03, 72.25, 56.0, 21.89, 20.5, 9999.0, 14.11, 14.2, 19.75, 9999.0, 23.8, 9999.0, 57.93, 57.25, 55.25, 51.0, 57.75
2026-07-12, 00:14:07, 72.25, 56.0, 21.91, 20.5, 9999.0, 14.11, 14.2, 19.75, 9999.0, 23.82, 9999.0, 57.91, 57.25, 55.25, 51.0, 57.75
2026-07-12, 00:14:11, 72.25, 56.0, 21.93, 20.5, 9999.0, 14.14, 14.2, 19.75, 9999.0, 23.8, 9999.0, 57.89, 57.25, 55.25, 51.0, 57.75
2026-07-12, 00:14:15, 72.25, 56.0, 21.93, 20.5, 9999.0, 14.14, 14.23, 19.75, 9999.0, 23.75, 9999.0, 57.89, 57.23, 55.25, 51.0, 57.75
2026-07-12, 00:14:19, 72.25, 56.0, 21.95, 20.5, 9999.0, 14.16, 14.23, 19.75, 9999.0, 23.7, 9999.0, 57.89, 57.2, 55.25, 51.0, 57.75
2026-07-12, 00:14:23, 72.25, 56.0, 21.98, 20.5, 9999.0, 14.18, 14.23, 19.75, 9999.0, 23.66, 9999.0, 57.91, 57.2, 55.25, 51.0, 57.75
2026-07-12, 00:14:27, 72.25, 56.0, 22.0, 20.5, 9999.0, 14.2, 14.23, 19.75, 9999.0, 23.64, 9999.0, 57.91, 57.2, 55.25, 51.0, 57.75
2026-07-12, 00:14:31, 72.25, 56.0, 22.0, 20.5, 9999.0, 14.23, 14.23, 19.75, 9999.0, 23.61, 9999.0, 57.93, 57.2, 55.25, 51.0, 57.75
2026-07-12, 00:14:35, 72.25, 56.0, 22.0, 20.5, 9999.0, 14.25, 14.2, 19.75, 9999.0, 23.61, 9999.0, 57.93, 57.2, 55.25, 51.0, 57.75
2026-07-12, 00:14:39, 72.25, 56.0, 22.0, 20.5, 9999.0, 14.27, 14.2, 19.75, 9999.0, 23.61, 9999.0, 57.95, 57.2, 55.25, 51.0, 57.75
2026-07-12, 00:14:43, 72.25, 56.0, 22.0, 20.5, 9999.0, 14.27, 14.2, 19.75, 9999.0, 23.61, 9999.0, 57.98, 57.2, 55.25, 51.0, 57.75
2026-07-12, 00:14:47, 72.25, 56.0, 22.0, 20.5, 9999.0, 14.27, 14.23, 19.75, 9999.0, 23.61, 9999.0, 58.0, 57.2, 55.25, 51.0, 57.75
2026-07-12, 00:14:51, 72.25, 56.0, 22.0, 20.5, 9999.0, 14.25, 14.23, 19.75, 9999.0, 23.61, 9999.0, 58.02, 57.2, 55.25, 51.0, 57.75
2026-07-12, 00:14:55, 72.25, 56.0, 22.0, 20.5, 9999.0, 14.2, 14.23, 19.75, 9999.0, 23.64, 9999.0, 58.05, 57.2, 55.25, 51.0, 57.75
2026-07-12, 00:14:59, 72.25, 56.0, 22.0, 20.5, 9999.0, 14.18, 14.2, 19.77, 9999.0, 23.66, 9999.0, 58.05, 57.23, 55.25, 51.0, 57.75
2026-07-12, 00:15:03, 72.25, 56.0, 22.0, 20.5, 9999.0, 14.16, 14.2, 19.77, 9999.0, 23.68, 9999.0, 58.02, 57.25, 55.25, 51.0, 57.75
2026-07-12, 00:15:07, 72.25, 56.0, 22.0, 20.5, 9999.0, 14.14, 14.18, 19.77, 9999.0, 23.68, 9999.0, 57.98, 57.25, 55.25, 51.0, 57.75
2026-07-12, 00:15:11, 72.25, 56.0, 22.0, 20.5, 9999.0, 14.11, 14.16, 19.77, 9999.0, 23.68, 9999.0, 57.95, 57.25, 55.25, 51.0, 57.75
2026-07-12, 00:15:15, 72.25, 56.0, 22.0, 20.5, 9999.0, 14.11, 14.16, 19.77, 9999.0, 23.68, 9999.0, 57.91, 57.25, 55.25, 51.0, 57.75
2026-07-12, 00:15:20, 72.25, 56.0, 21.98, 20.5, 9999.0, 14.11, 14.16, 19.77, 9999.0, 23.68, 9999.0, 57.89, 57.25, 55.25, 51.0, 57.75
2026-07-12, 00:15:24, 72.25, 56.0, 21.98, 20.5, 9999.0, 14.14, 14.14, 19.8, 9999.0, 23.66, 9999.0, 57.86, 57.25, 55.25, 51.0, 57.75
2026-07-12, 00:15:28, 72.25, 56.0, 21.98, 20.5, 9999.0, 14.16, 14.11, 19.8, 9999.0, 23.64, 9999.0, 57.84, 57.25, 55.25, 51.0, 57.75
2026-07-12, 00:15:32, 72.25, 56.0, 21.98, 20.5, 9999.0, 14.16, 14.09, 19.8, 9999.0, 23.61, 9999.0, 57.84, 57.25, 55.25, 51.0, 57.75
2026-07-12, 00:15:36, 72.25, 56.0, 21.95, 20.5, 9999.0, 14.18, 14.09, 19.8, 9999.0, 23.59, 9999.0, 57.84, 57.25, 55.25, 51.0, 57.75
2026-07-12, 00:15:40, 72.25, 56.0, 21.95, 20.5, 9999.0, 14.2, 14.09, 19.82, 9999.0, 23.57, 9999.0, 57.84, 57.25, 55.25, 51.0, 57.75
2026-07-12, 00:15:44, 72.25, 56.0, 21.95, 20.5, 9999.0, 14.23, 14.11, 19.8, 9999.0, 23.55, 9999.0, 57.86, 57.25, 55.25, 51.0, 57.75
2026-07-12, 00:15:48, 72.25, 56.0, 21.95, 20.5, 9999.0, 14.25, 14.11, 19.8, 9999.0, 23.52, 9999.0, 57.89, 57.25, 55.25, 51.0, 57.75
2026-07-12, 00:15:52, 72.25, 56.0, 21.95, 20.5, 9999.0, 14.27, 14.14, 19.8, 9999.0, 23.55, 9999.0, 57.91, 57.25, 55.25, 51.0, 57.75
2026-07-12, 00:15:56, 72.25, 56.0, 21.95, 20.5, 9999.0, 14.3, 14.14, 19.8, 9999.0, 23.55, 9999.0, 57.93, 57.25, 55.25, 51.0, 57.75
2026-07-12, 00:16:00, 72.25, 56.0, 21.95, 20.52, 9999.0, 14.3, 14.14, 19.8, 9999.0, 23.57, 9999.0, 57.95, 57.25, 55.25, 51.0, 57.75
2026-07-12, 00:16:04, 72.25, 56.0, 21.98, 20.52, 9999.0, 14.3, 14.16, 19.8, 9999.0, 23.57, 9999.0, 57.98, 57.25, 55.25, 51.0, 57.75
2026-07-12, 00:16:08, 72.25, 56.0, 21.98, 20.52, 9999.0, 14.25, 14.18, 19.77, 9999.0, 23.59, 9999.0, 58.0, 57.25, 55.25, 51.0, 57.75
2026-07-12, 00:16:12, 72.25, 56.0, 21.98, 20.52, 9999.0, 14.23, 14.2, 19.77, 9999.0, 23.61, 9999.0, 58.02, 57.25, 55.25, 50.98, 57.75
2026-07-12, 00:16:16, 72.25, 56.0, 21.98, 20.52, 9999.0, 14.2, 14.23, 19.77, 9999.0, 23.64, 9999.0, 58.02, 57.25, 55.25, 50.98, 57.75
2026-07-12, 00:16:20, 72.25, 56.0, 22.0, 20.52, 9999.0, 14.18, 14.23, 19.77, 9999.0, 23.66, 9999.0, 58.02, 57.25, 55.25, 50.98, 57.75
2026-07-12, 00:16:24, 72.25, 56.0, 22.0, 20.52, 9999.0, 14.16, 14.23, 19.75, 9999.0, 23.68, 9999.0, 58.02, 57.25, 55.25, 50.98, 57.75
2026-07-12, 00:16:28, 72.25, 56.0, 22.0, 20.52, 9999.0, 14.14, 14.23, 19.75, 9999.0, 23.68, 9999.0, 57.98, 57.25, 55.25, 50.98, 57.75
2026-07-12, 00:16:32, 72.25, 56.0, 22.0, 20.52, 9999.0, 14.14, 14.23, 19.75, 9999.0, 23.7, 9999.0, 57.95, 57.25, 55.25, 50.98, 57.75
2026-07-12, 00:16:36, 72.25, 56.0, 22.0, 20.52, 9999.0, 14.14, 14.2, 19.75, 9999.0, 23.68, 9999.0, 57.93, 57.25, 55.25, 50.98, 57.75
2026-07-12, 00:16:40, 72.25, 56.0, 22.0, 20.52, 9999.0, 14.14, 14.23, 19.75, 9999.0, 23.68, 9999.0, 57.91, 57.25, 55.25, 50.98, 57.75
2026-07-12, 00:16:44, 72.25, 56.0, 21.98, 20.5, 9999.0, 14.14, 14.23, 19.75, 9999.0, 23.66, 9999.0, 57.89, 57.23, 55.25, 50.98, 57.75
2026-07-12, 00:16:48, 72.25, 56.0, 21.95, 20.5, 9999.0, 14.14, 14.23, 19.77, 9999.0, 23.64, 9999.0, 57.89, 57.2, 55.25, 50.98, 57.75
2026-07-12, 00:16:52, 72.25, 56.0, 21.95, 20.5, 9999.0, 14.16, 14.23, 19.8, 9999.0, 23.61, 9999.0, 57.89, 57.2, 55.25, 50.98, 57.75
2026-07-12, 00:16:56, 72.25, 56.0, 21.95, 20.5, 9999.0, 14.16, 14.23, 19.8, 9999.0, 23.59, 9999.0, 57.89, 57.2, 55.25, 51.0, 57.75
2026-07-12, 00:17:00, 72.25, 56.0, 21.95, 20.5, 9999.0, 14.18, 14.23, 19.8, 9999.0, 23.57, 9999.0, 57.89, 57.2, 55.25, 51.0, 57.75
2026-07-12, 00:17:04, 72.25, 56.0, 21.95, 20.5, 9999.0, 14.2, 14.23, 19.8, 9999.0, 23.55, 9999.0, 57.89, 57.2, 55.25, 51.0, 57.75
2026-07-12, 00:17:08, 72.25, 56.0, 21.95, 20.5, 9999.0, 14.23, 14.23, 19.8, 9999.0, 23.55, 9999.0, 57.89, 57.18, 55.25, 50.98, 57.75
2026-07-12, 00:17:12, 72.25, 56.0, 21.95, 20.5, 9999.0, 14.25, 14.23, 19.8, 9999.0, 23.57, 9999.0, 57.91, 57.18, 55.25, 50.98, 57.75
2026-07-12, 00:17:16, 72.25, 56.0, 21.95, 20.5, 9999.0, 14.25, 14.23, 19.8, 9999.0, 23.57, 9999.0, 57.93, 57.18, 55.25, 50.98, 57.75
2026-07-12, 00:17:20, 72.25, 56.0, 21.95, 20.5, 9999.0, 14.25, 14.25, 19.8, 9999.0, 23.59, 9999.0, 57.95, 57.18, 55.25, 50.98, 57.75
2026-07-12, 00:17:24, 72.25, 56.0, 21.95, 20.5, 9999.0, 14.23, 14.25, 19.8, 9999.0, 23.61, 9999.0, 57.98, 57.18, 55.25, 50.98, 57.75
2026-07-12, 00:17:28, 72.25, 56.0, 21.98, 20.5, 9999.0, 14.2, 14.25, 19.82, 9999.0, 23.64, 9999.0, 58.0, 57.2, 55.25, 50.98, 57.75
2026-07-12, 00:17:32, 72.25, 56.0, 22.0, 20.5, 9999.0, 14.2, 14.25, 19.82, 9999.0, 23.66, 9999.0, 58.0, 57.23, 55.25, 50.98, 57.75
2026-07-12, 00:17:36, 72.25, 56.0, 22.0, 20.5, 9999.0, 14.2, 14.25, 19.82, 9999.0, 23.68, 9999.0, 58.0, 57.23, 55.25, 50.98, 57.75
2026-07-12, 00:17:40, 72.25, 56.0, 22.0, 20.5, 9999.0, 14.18, 14.25, 19.82, 9999.0, 23.7, 9999.0, 57.98, 57.23, 55.25, 50.98, 57.75
2026-07-12, 00:17:44, 72.25, 56.0, 22.0, 20.5, 9999.0, 14.18, 14.23, 19.82, 9999.0, 23.73, 9999.0, 57.95, 57.23, 55.25, 50.98, 57.75
2026-07-12, 00:17:48, 72.25, 56.0, 22.0, 20.5, 9999.0, 14.18, 14.23, 19.82, 9999.0, 23.75, 9999.0, 57.93, 57.23, 55.25, 50.98, 57.75
2026-07-12, 00:17:52, 72.25, 56.0, 22.0, 20.5, 9999.0, 14.18, 14.23, 19.82, 9999.0, 23.73, 9999.0, 57.91, 57.25, 55.25, 51.0, 57.75
2026-07-12, 00:17:56, 72.25, 56.0, 22.0, 20.5, 9999.0, 14.18, 14.23, 19.84, 9999.0, 23.7, 9999.0, 57.89, 57.25, 55.25, 51.0, 57.75
2026-07-12, 00:18:00, 72.25, 56.0, 22.0, 20.5, 9999.0, 14.2, 14.23, 19.84, 9999.0, 23.7, 9999.0, 57.89, 57.25, 55.25, 50.98, 57.75
2026-07-12, 00:18:04, 72.25, 56.0, 21.98, 20.5, 9999.0, 14.23, 14.23, 19.84, 9999.0, 23.68, 9999.0, 57.89, 57.25, 55.25, 50.98, 57.75
2026-07-12, 00:18:08, 72.25, 56.0, 21.98, 20.52, 9999.0, 14.25, 14.23, 19.86, 9999.0, 23.66, 9999.0, 57.89, 57.23, 55.25, 50.98, 57.75
2026-07-12, 00:18:12, 72.25, 56.0, 21.98, 20.52, 9999.0, 14.27, 14.23, 19.84, 9999.0, 23.66, 9999.0, 57.91, 57.23, 55.25, 50.98, 57.75
2026-07-12, 00:18:16, 72.25, 56.0, 21.98, 20.55, 9999.0, 14.27, 14.23, 19.82, 9999.0, 23.64, 9999.0, 57.93, 57.23, 55.25, 50.98, 57.75
2026-07-12, 00:18:20, 72.25, 56.0, 21.98, 20.55, 9999.0, 14.27, 14.23, 19.8, 9999.0, 23.64, 9999.0, 57.93, 57.23, 55.25, 50.98, 57.75
2026-07-12, 00:18:24, 72.25, 56.0, 21.98, 20.55, 9999.0, 14.3, 14.23, 19.8, 9999.0, 23.61, 9999.0, 57.95, 57.23, 55.25, 50.98, 57.75
2026-07-12, 00:18:28, 72.25, 56.0, 21.98, 20.55, 9999.0, 14.3, 14.25, 19.8, 9999.0, 23.61, 9999.0, 57.98, 57.23, 55.25, 50.98, 57.75
2026-07-12, 00:18:32, 72.25, 56.0, 21.95, 20.55, 9999.0, 14.3, 14.25, 19.8, 9999.0, 23.61, 9999.0, 58.0, 57.23, 55.25, 50.98, 57.75
2026-07-12, 00:18:36, 72.25, 56.0, 21.95, 20.55, 9999.0, 14.3, 14.25, 19.8, 9999.0, 23.64, 9999.0, 58.02, 57.23, 55.25, 50.98, 57.75
2026-07-12, 00:18:40, 72.25, 56.0, 21.95, 20.55, 9999.0, 14.3, 14.25, 19.77, 9999.0, 23.66, 9999.0, 58.05, 57.23, 55.25, 50.98, 57.75
2026-07-12, 00:18:44, 72.25, 56.0, 21.95, 20.57, 9999.0, 14.25, 14.25, 19.77, 9999.0, 23.66, 9999.0, 58.05, 57.23, 55.25, 51.0, 57.75
2026-07-12, 00:18:48, 72.25, 56.0, 21.98, 20.57, 9999.0, 14.23, 14.25, 19.77, 9999.0, 23.68, 9999.0, 58.05, 57.23, 55.25, 51.0, 57.75
2026-07-12, 00:18:52, 72.25, 56.0, 21.98, 20.55, 9999.0, 14.2, 14.25, 19.77, 9999.0, 23.7, 9999.0, 58.05, 57.25, 55.25, 51.0, 57.75
2026-07-12, 00:18:56, 72.25, 56.0, 21.98, 20.55, 9999.0, 14.18, 14.25, 19.77, 9999.0, 23.7, 9999.0, 58.0, 57.25, 55.25, 51.0, 57.75
2026-07-12, 00:19:00, 72.25, 56.0, 21.98, 20.52, 9999.0, 14.18, 14.25, 19.77, 9999.0, 23.73, 9999.0, 57.95, 57.25, 55.25, 51.0, 57.75
2026-07-12, 00:19:05, 72.25, 56.0, 21.98, 20.52, 9999.0, 14.18, 14.25, 19.77, 9999.0, 23.73, 9999.0, 57.95, 57.25, 55.25, 51.0, 57.75
2026-07-12, 00:19:09, 72.25, 56.0, 21.98, 20.55, 9999.0, 14.18, 14.23, 19.77, 9999.0, 23.75, 9999.0, 57.93, 57.25, 55.25, 51.0, 57.75
2026-07-12, 00:19:13, 72.25, 56.0, 21.98, 20.55, 9999.0, 14.2, 14.23, 19.77, 9999.0, 23.75, 9999.0, 57.91, 57.25, 55.25, 51.0, 57.75
2026-07-12, 00:19:17, 72.25, 56.0, 22.0, 20.55, 9999.0, 14.23, 14.23, 19.77, 9999.0, 23.75, 9999.0, 57.91, 57.25, 55.25, 51.0, 57.75
2026-07-12, 00:19:21, 72.25, 56.0, 22.0, 20.55, 9999.0, 14.23, 14.23, 19.77, 9999.0, 23.75, 9999.0, 57.91, 57.25, 55.25, 51.0, 57.75
2026-07-12, 00:19:25, 72.25, 56.0, 22.0, 20.55, 9999.0, 14.25, 14.23, 19.77, 9999.0, 23.73, 9999.0, 57.91, 57.25, 55.25, 51.0, 57.75
2026-07-12, 00:19:29, 72.25, 56.0, 22.0, 20.52, 9999.0, 14.27, 14.23, 19.77, 9999.0, 23.7, 9999.0, 57.93, 57.25, 55.27, 51.0, 57.75
2026-07-12, 00:19:33, 72.25, 56.0, 22.0, 20.52, 9999.0, 14.27, 14.23, 19.77, 9999.0, 23.68, 9999.0, 57.95, 57.25, 55.27, 51.0, 57.75
2026-07-12, 00:19:37, 72.25, 56.0, 22.0, 20.52, 9999.0, 14.3, 14.23, 19.75, 9999.0, 23.68, 9999.0, 57.95, 57.25, 55.27, 51.0, 57.75
2026-07-12, 00:19:41, 72.25, 56.0, 22.0, 20.52, 9999.0, 14.32, 14.23, 19.75, 9999.0, 23.68, 9999.0, 57.98, 57.25, 55.27, 51.0, 57.75
2026-07-12, 00:19:45, 72.25, 56.0, 22.0, 20.52, 9999.0, 14.32, 14.23, 19.75, 9999.0, 23.68, 9999.0, 58.0, 57.25, 55.27, 51.0, 57.75
2026-07-12, 00:19:49, 72.25, 56.0, 22.0, 20.52, 9999.0, 14.32, 14.23, 19.75, 9999.0, 23.7, 9999.0, 58.0, 57.25, 55.27, 51.0, 57.75
2026-07-12, 00:19:53, 72.25, 56.0, 22.0, 20.5, 9999.0, 14.3, 14.25, 19.75, 9999.0, 23.7, 9999.0, 58.02, 57.25, 55.27, 51.0, 57.75
2026-07-12, 00:19:57, 72.25, 56.0, 22.0, 20.5, 9999.0, 14.27, 14.25, 19.75, 9999.0, 23.7, 9999.0, 58.05, 57.25, 55.27, 51.0, 57.77
2026-07-12, 00:20:01, 72.25, 56.0, 22.0, 20.5, 9999.0, 14.25, 14.25, 19.75, 9999.0, 23.7, 9999.0, 58.05, 57.25, 55.27, 51.0, 57.77
2026-07-12, 00:20:05, 72.25, 56.0, 22.0, 20.5, 9999.0, 14.23, 14.25, 19.75, 9999.0, 23.7, 9999.0, 58.05, 57.25, 55.27, 51.0, 57.77
2026-07-12, 00:20:09, 72.25, 56.0, 22.0, 20.5, 9999.0, 14.18, 14.25, 19.75, 9999.0, 23.73, 9999.0, 58.05, 57.25, 55.27, 51.0, 57.77
2026-07-12, 00:20:13, 72.25, 56.0, 22.0, 20.5, 9999.0, 14.16, 14.25, 19.75, 9999.0, 23.75, 9999.0, 58.0, 57.25, 55.25, 51.0, 57.77
2026-07-12, 00:20:17, 72.25, 56.0, 22.0, 20.52, 9999.0, 14.16, 14.25, 19.75, 9999.0, 23.77, 9999.0, 57.95, 57.25, 55.25, 51.0, 57.77
2026-07-12, 00:20:21, 72.25, 56.0, 22.0, 20.52, 9999.0, 14.16, 14.25, 19.75, 9999.0, 23.77, 9999.0, 57.93, 57.25, 55.25, 51.0, 57.77
2026-07-12, 00:20:25, 72.25, 56.0, 22.0, 20.55, 9999.0, 14.16, 14.25, 19.75, 9999.0, 23.77, 9999.0, 57.91, 57.25, 55.25, 51.0, 57.77
2026-07-12, 00:20:29, 72.25, 56.0, 22.0, 20.55, 9999.0, 14.18, 14.25, 19.75, 9999.0, 23.77, 9999.0, 57.89, 57.25, 55.25, 51.0, 57.77
2026-07-12, 00:20:33, 72.25, 56.0, 22.0, 20.55, 9999.0, 14.18, 14.25, 19.75, 9999.0, 23.75, 9999.0, 57.89, 57.23, 55.25, 51.0, 57.77
2026-07-12, 00:20:37, 72.25, 56.0, 22.0, 20.55, 9999.0, 14.23, 14.25, 19.77, 9999.0, 23.75, 9999.0, 57.89, 57.2, 55.25, 51.0, 57.77
2026-07-12, 00:20:41, 72.25, 56.0, 22.0, 20.57, 9999.0, 14.23, 14.25, 19.8, 9999.0, 23.75, 9999.0, 57.89, 57.2, 55.25, 51.0, 57.75
2026-07-12, 00:20:45, 72.25, 56.0, 22.0, 20.57, 9999.0, 14.23, 14.25, 19.82, 9999.0, 23.75, 9999.0, 57.91, 57.2, 55.25, 51.0, 57.75
2026-07-12, 00:20:49, 72.25, 56.0, 22.0, 20.57, 9999.0, 14.25, 14.25, 19.82, 9999.0, 23.75, 9999.0, 57.93, 57.2, 55.27, 51.0, 57.75
2026-07-12, 00:20:53, 72.25, 56.0, 22.0, 20.57, 9999.0, 14.27, 14.25, 19.82, 9999.0, 23.75, 9999.0, 57.93, 57.2, 55.27, 51.0, 57.75
2026-07-12, 00:20:57, 72.25, 56.0, 22.0, 20.57, 9999.0, 14.3, 14.25, 19.82, 9999.0, 23.75, 9999.0, 57.95, 57.2, 55.27, 51.0, 57.75
2026-07-12, 00:21:01, 72.25, 56.0, 22.0, 20.57, 9999.0, 14.3, 14.25, 19.82, 9999.0, 23.75, 9999.0, 57.98, 57.2, 55.27, 51.0, 57.75
2026-07-12, 00:21:05, 72.25, 56.0, 22.0, 20.59, 9999.0, 14.3, 14.25, 19.82, 9999.0, 23.77, 9999.0, 58.0, 57.2, 55.27, 51.0, 57.75
2026-07-12, 00:21:09, 72.25, 56.0, 22.0, 20.57, 9999.0, 14.3, 14.25, 19.82, 9999.0, 23.8, 9999.0, 58.02, 57.2, 55.27, 51.0, 57.75
2026-07-12, 00:21:13, 72.25, 56.0, 22.0, 20.57, 9999.0, 14.27, 14.25, 19.82, 9999.0, 23.82, 9999.0, 58.05, 57.2, 55.27, 51.0, 57.75
2026-07-12, 00:21:17, 72.25, 56.0, 22.0, 20.59, 9999.0, 14.27, 14.25, 19.82, 9999.0, 23.84, 9999.0, 58.05, 57.23, 55.27, 51.0, 57.75
2026-07-12, 00:21:21, 72.25, 56.0, 22.0, 20.59, 9999.0, 14.23, 14.25, 19.8, 9999.0, 23.86, 9999.0, 58.05, 57.25, 55.27, 51.0, 57.75
2026-07-12, 00:21:25, 72.25, 56.0, 22.0, 20.57, 9999.0, 14.23, 14.23, 19.77, 9999.0, 23.89, 9999.0, 58.02, 57.25, 55.27, 51.0, 57.75
2026-07-12, 00:21:29, 72.25, 56.0, 21.98, 20.59, 9999.0, 14.23, 14.23, 19.75, 9999.0, 23.89, 9999.0, 57.98, 57.25, 55.27, 51.0, 57.75
2026-07-12, 00:21:33, 72.25, 56.0, 21.98, 20.59, 9999.0, 14.23, 14.23, 19.75, 9999.0, 23.89, 9999.0, 57.93, 57.25, 55.25, 51.0, 57.75
2026-07-12, 00:21:37, 72.25, 56.0, 21.98, 20.61, 9999.0, 14.23, 14.2, 19.77, 9999.0, 23.89, 9999.0, 57.91, 57.25, 55.25, 51.0, 57.75
2026-07-12, 00:21:41, 72.25, 56.0, 21.98, 20.64, 9999.0, 14.23, 14.2, 19.77, 9999.0, 23.89, 9999.0, 57.89, 57.25, 55.25, 51.0, 57.75
2026-07-12, 00:21:45, 72.25, 56.0, 21.98, 20.61, 9999.0, 14.25, 14.2, 19.77, 9999.0, 23.89, 9999.0, 57.86, 57.25, 55.25, 51.0, 57.75
2026-07-12, 00:21:49, 72.25, 56.0, 21.98, 20.59, 9999.0, 14.27, 14.2, 19.77, 9999.0, 23.86, 9999.0, 57.86, 57.25, 55.25, 51.0, 57.75
2026-07-12, 00:21:53, 72.25, 56.0, 21.98, 20.61, 9999.0, 14.3, 14.2, 19.77, 9999.0, 23.84, 9999.0, 57.86, 57.25, 55.25, 51.0, 57.75
2026-07-12, 00:21:57, 72.25, 56.0, 21.98, 20.64, 9999.0, 14.32, 14.2, 19.77, 9999.0, 23.82, 9999.0, 57.86, 57.25, 55.25, 51.0, 57.75
2026-07-12, 00:22:01, 72.25, 56.0, 21.95, 20.61, 9999.0, 14.32, 14.2, 19.77, 9999.0, 23.8, 9999.0, 57.89, 57.25, 55.25, 51.0, 57.75
2026-07-12, 00:22:05, 72.25, 56.0, 21.95, 20.61, 9999.0, 14.34, 14.2, 19.77, 9999.0, 23.77, 9999.0, 57.91, 57.25, 55.25, 51.0, 57.77
2026-07-12, 00:22:09, 72.25, 56.0, 21.93, 20.64, 9999.0, 14.34, 14.23, 19.77, 9999.0, 23.75, 9999.0, 57.93, 57.25, 55.25, 51.0, 57.77
2026-07-12, 00:22:13, 72.25, 56.0, 21.95, 20.61, 9999.0, 14.34, 14.23, 19.77, 9999.0, 23.75, 9999.0, 57.95, 57.25, 55.25, 51.0, 57.77
2026-07-12, 00:22:17, 72.25, 56.0, 21.95, 20.64, 9999.0, 14.34, 14.23, 19.77, 9999.0, 23.77, 9999.0, 57.98, 57.25, 55.25, 51.0, 57.77
2026-07-12, 00:22:21, 72.25, 56.0, 21.95, 20.61, 9999.0, 14.34, 14.25, 19.75, 9999.0, 23.8, 9999.0, 58.0, 57.25, 55.25, 51.0, 57.77
2026-07-12, 00:22:25, 72.25, 56.0, 21.95, 20.59, 9999.0, 14.34, 14.25, 19.75, 9999.0, 23.82, 9999.0, 58.02, 57.25, 55.25, 51.0, 57.8
2026-07-12, 00:22:29, 72.25, 56.0, 21.95, 20.59, 9999.0, 14.3, 14.25, 19.75, 9999.0, 23.84, 9999.0, 58.05, 57.25, 55.25, 50.98, 57.82
2026-07-12, 00:22:33, 72.25, 56.0, 21.95, 20.59, 9999.0, 14.27, 14.25, 19.75, 9999.0, 23.86, 9999.0, 58.05, 57.25, 55.25, 50.98, 57.82
2026-07-12, 00:22:37, 72.25, 56.0, 21.95, 20.57, 9999.0, 14.25, 14.23, 19.77, 9999.0, 23.89, 9999.0, 58.05, 57.25, 55.25, 50.98, 57.82
2026-07-12, 00:22:41, 72.25, 56.0, 21.95, 20.55, 9999.0, 14.2, 14.23, 19.77, 9999.0, 23.89, 9999.0, 58.02, 57.25, 55.25, 50.98, 57.82
2026-07-12, 00:22:45, 72.25, 56.0, 21.98, 20.55, 9999.0, 14.18, 14.2, 19.77, 9999.0, 23.91, 9999.0, 58.0, 57.25, 55.25, 50.98, 57.82
2026-07-12, 00:22:49, 72.25, 56.0, 21.98, 20.55, 9999.0, 14.18, 14.18, 19.77, 9999.0, 23.93, 9999.0, 57.98, 57.23, 55.25, 50.98, 57.8
2026-07-12, 00:22:53, 72.25, 56.0, 22.0, 20.52, 9999.0, 14.18, 14.18, 19.77, 9999.0, 23.95, 9999.0, 57.95, 57.23, 55.25, 50.98, 57.8
2026-07-12, 00:22:57, 72.25, 56.0, 22.0, 20.55, 9999.0, 14.18, 14.18, 19.77, 9999.0, 23.98, 9999.0, 57.93, 57.23, 55.25, 50.98, 57.8
2026-07-12, 00:23:02, 72.25, 56.0, 22.0, 20.52, 9999.0, 14.2, 14.18, 19.77, 9999.0, 23.98, 9999.0, 57.91, 57.2, 55.25, 50.98, 57.8
2026-07-12, 00:23:06, 72.25, 56.0, 22.0, 20.55, 9999.0, 14.23, 14.18, 19.8, 9999.0, 23.95, 9999.0, 57.91, 57.2, 55.25, 50.98, 57.8
2026-07-12, 00:23:10, 72.25, 56.0, 22.0, 20.55, 9999.0, 14.23, 14.18, 19.82, 9999.0, 23.93, 9999.0, 57.91, 57.2, 55.25, 50.95, 57.77
2026-07-12, 00:23:14, 72.25, 56.0, 22.0, 20.55, 9999.0, 14.25, 14.18, 19.82, 9999.0, 23.91, 9999.0, 57.91, 57.2, 55.25, 50.98, 57.77
2026-07-12, 00:23:18, 72.25, 56.0, 22.0, 20.55, 9999.0, 14.25, 14.18, 19.82, 9999.0, 23.89, 9999.0, 57.93, 57.2, 55.25, 50.95, 57.77
2026-07-12, 00:23:22, 72.25, 56.0, 22.0, 20.55, 9999.0, 14.25, 14.2, 19.8, 9999.0, 23.86, 9999.0, 57.95, 57.2, 55.27, 50.95, 57.77
2026-07-12, 00:23:26, 72.25, 56.0, 22.0, 20.55, 9999.0, 14.27, 14.2, 19.8, 9999.0, 23.89, 9999.0, 58.0, 57.2, 55.27, 50.95, 57.77
2026-07-12, 00:23:30, 72.25, 56.0, 22.0, 20.57, 9999.0, 14.3, 14.23, 19.8, 9999.0, 23.89, 9999.0, 58.0, 57.2, 55.27, 50.95, 57.77
2026-07-12, 00:23:34, 72.25, 56.0, 22.0, 20.59, 9999.0, 14.3, 14.25, 19.8, 9999.0, 23.89, 9999.0, 58.0, 57.23, 55.3, 50.95, 57.77
2026-07-12, 00:23:38, 72.25, 56.0, 22.0, 20.61, 9999.0, 14.3, 14.25, 19.8, 9999.0, 23.89, 9999.0, 58.02, 57.23, 55.3, 50.95, 57.77
2026-07-12, 00:23:42, 72.25, 56.0, 21.98, 20.61, 9999.0, 14.3, 14.25, 19.8, 9999.0, 23.89, 9999.0, 58.05, 57.23, 55.3, 50.95, 57.77
2026-07-12, 00:23:46, 72.25, 56.0, 21.98, 20.64, 9999.0, 14.25, 14.25, 19.8, 9999.0, 23.89, 9999.0, 58.07, 57.25, 55.3, 50.95, 57.77
2026-07-12, 00:23:50, 72.25, 56.0, 21.98, 20.64, 9999.0, 14.2, 14.25, 19.77, 9999.0, 23.91, 9999.0, 58.07, 57.25, 55.3, 50.95, 57.77
2026-07-12, 00:23:54, 72.25, 56.0, 21.98, 20.64, 9999.0, 14.2, 14.23, 19.75, 9999.0, 23.93, 9999.0, 58.07, 57.25, 55.3, 50.98, 57.77
2026-07-12, 00:23:58, 72.25, 56.0, 21.98, 20.64, 9999.0, 14.18, 14.23, 19.75, 9999.0, 23.95, 9999.0, 58.07, 57.25, 55.3, 50.98, 57.75
2026-07-12, 00:24:02, 72.25, 56.0, 21.98, 20.64, 9999.0, 14.16, 14.23, 19.75, 9999.0, 23.95, 9999.0, 58.02, 57.25, 55.3, 51.0, 57.75
2026-07-12, 00:24:06, 72.25, 56.0, 21.98, 20.64, 9999.0, 14.16, 14.2, 19.75, 9999.0, 23.95, 9999.0, 57.98, 57.25, 55.27, 51.0, 57.75
2026-07-12, 00:24:10, 72.25, 56.0, 21.98, 20.64, 9999.0, 14.16, 14.18, 19.75, 9999.0, 23.95, 9999.0, 57.93, 57.25, 55.27, 51.0, 57.77
2026-07-12, 00:24:14, 72.25, 56.0, 21.98, 20.61, 9999.0, 14.18, 14.18, 19.75, 9999.0, 23.95, 9999.0, 57.91, 57.25, 55.27, 51.0, 57.77
2026-07-12, 00:24:18, 72.25, 56.0, 21.98, 20.59, 9999.0, 14.2, 14.16, 19.75, 9999.0, 23.95, 9999.0, 57.89, 57.23, 55.25, 51.0, 57.77
2026-07-12, 00:24:22, 72.25, 56.0, 21.95, 20.57, 9999.0, 14.23, 14.16, 19.75, 9999.0, 23.93, 9999.0, 57.89, 57.23, 55.25, 51.0, 57.77
2026-07-12, 00:24:26, 72.25, 56.0, 21.98, 20.55, 9999.0, 14.23, 14.16, 19.75, 9999.0, 23.91, 9999.0, 57.89, 57.23, 55.25, 51.0, 57.77
2026-07-12, 00:24:30, 72.25, 56.0, 21.98, 20.52, 9999.0, 14.25, 14.16, 19.77, 9999.0, 23.89, 9999.0, 57.91, 57.23, 55.25, 51.0, 57.77
2026-07-12, 00:24:34, 72.25, 56.0, 21.98, 20.5, 9999.0, 14.27, 14.16, 19.77, 9999.0, 23.86, 9999.0, 57.91, 57.23, 55.25, 51.0, 57.77
2026-07-12, 00:24:38, 72.25, 56.0, 21.98, 20.5, 9999.0, 14.27, 14.18, 19.77, 9999.0, 23.84, 9999.0, 57.91, 57.23, 55.25, 51.0, 57.77
2026-07-12, 00:24:42, 72.25, 56.0, 21.95, 20.5, 9999.0, 14.3, 14.18, 19.77, 9999.0, 23.84, 9999.0, 57.91, 57.23, 55.25, 51.0, 57.77
2026-07-12, 00:24:46, 72.25, 56.0, 21.95, 20.52, 9999.0, 14.32, 14.18, 19.77, 9999.0, 23.86, 9999.0, 57.93, 57.23, 55.25, 51.0, 57.8
2026-07-12, 00:24:50, 72.25, 56.0, 21.95, 20.52, 9999.0, 14.3, 14.2, 19.77, 9999.0, 23.91, 9999.0, 57.95, 57.23, 55.25, 51.0, 57.8
2026-07-12, 00:24:54, 72.25, 56.0, 21.93, 20.52, 9999.0, 14.3, 14.23, 19.77, 9999.0, 23.93, 9999.0, 57.98, 57.23, 55.25, 51.0, 57.77
2026-07-12, 00:24:58, 72.25, 56.0, 21.93, 20.52, 9999.0, 14.25, 14.23, 19.77, 9999.0, 23.95, 9999.0, 58.0, 57.23, 55.25, 51.0, 57.77
2026-07-12, 00:25:02, 72.25, 56.0, 21.93, 20.52, 9999.0, 14.2, 14.25, 19.77, 9999.0, 23.95, 9999.0, 58.02, 57.25, 55.25, 51.0, 57.77
2026-07-12, 00:25:06, 72.25, 56.0, 21.95, 20.52, 9999.0, 14.16, 14.23, 19.77, 9999.0, 23.98, 9999.0, 58.02, 57.25, 55.25, 51.0, 57.77
2026-07-12, 00:25:10, 72.25, 56.0, 21.95, 20.55, 9999.0, 14.14, 14.23, 19.77, 9999.0, 24.0, 9999.0, 58.02, 57.25, 55.25, 51.0, 57.77
2026-07-12, 00:25:14, 72.25, 56.0, 21.95, 20.57, 9999.0, 14.11, 14.2, 19.75, 9999.0, 24.02, 9999.0, 58.0, 57.25, 55.25, 51.0, 57.77
2026-07-12, 00:25:18, 72.25, 56.0, 21.95, 20.59, 9999.0, 14.09, 14.18, 19.75, 9999.0, 24.05, 9999.0, 57.98, 57.25, 55.25, 51.0, 57.77
2026-07-12, 00:25:22, 72.25, 56.0, 21.93, 20.59, 9999.0, 14.09, 14.16, 19.75, 9999.0, 24.07, 9999.0, 57.95, 57.23, 55.25, 51.0, 57.77
2026-07-12, 00:25:26, 72.25, 56.0, 21.95, 20.59, 9999.0, 14.09, 14.14, 19.75, 9999.0, 24.07, 9999.0, 57.93, 57.23, 55.25, 51.0, 57.77
2026-07-12, 00:25:30, 72.25, 56.0, 21.95, 20.57, 9999.0, 14.09, 14.14, 19.75, 9999.0, 24.07, 9999.0, 57.91, 57.23, 55.25, 51.0, 57.75
2026-07-12, 00:25:34, 72.25, 56.0, 21.93, 20.57, 9999.0, 14.14, 14.11, 19.75, 9999.0, 24.05, 9999.0, 57.91, 57.23, 55.25, 51.0, 57.75
2026-07-12, 00:25:38, 72.25, 56.0, 21.93, 20.57, 9999.0, 14.16, 14.11, 19.75, 9999.0, 24.02, 9999.0, 57.91, 57.2, 55.25, 51.0, 57.75
2026-07-12, 00:25:42, 72.25, 56.0, 21.91, 20.57, 9999.0, 14.18, 14.11, 19.75, 9999.0, 24.0, 9999.0, 57.91, 57.2, 55.25, 51.0, 57.75
2026-07-12, 00:25:46, 72.25, 56.0, 21.91, 20.57, 9999.0, 14.2, 14.11, 19.75, 9999.0, 24.0, 9999.0, 57.93, 57.2, 55.25, 51.0, 57.75
2026-07-12, 00:25:50, 72.25, 56.0, 21.91, 20.57, 9999.0, 14.23, 14.14, 19.75, 9999.0, 24.0, 9999.0, 57.93, 57.2, 55.25, 51.0, 57.75
2026-07-12, 00:25:54, 72.25, 56.0, 21.91, 20.55, 9999.0, 14.25, 14.11, 19.75, 9999.0, 24.0, 9999.0, 57.93, 57.2, 55.25, 51.0, 57.75
2026-07-12, 00:25:58, 72.25, 56.0, 21.89, 20.52, 9999.0, 14.27, 14.14, 19.75, 9999.0, 24.0, 9999.0, 57.93, 57.2, 55.25, 51.0, 57.75
2026-07-12, 00:26:02, 72.25, 56.0, 21.89, 20.5, 9999.0, 14.3, 14.16, 19.75, 9999.0, 24.0, 9999.0, 57.95, 57.2, 55.25, 51.0, 57.75
2026-07-12, 00:26:06, 72.25, 56.0, 21.91, 20.5, 9999.0, 14.27, 14.18, 19.75, 9999.0, 24.02, 9999.0, 57.98, 57.23, 55.25, 51.0, 57.75
2026-07-12, 00:26:10, 72.25, 56.0, 21.91, 20.5, 9999.0, 14.25, 14.2, 19.75, 9999.0, 24.02, 9999.0, 58.0, 57.23, 55.25, 50.98, 57.75
2026-07-12, 00:26:14, 72.25, 56.0, 21.91, 20.5, 9999.0, 14.23, 14.2, 19.75, 9999.0, 24.05, 9999.0, 58.02, 57.23, 55.25, 50.98, 57.75
2026-07-12, 00:26:18, 72.25, 56.0, 21.93, 20.5, 9999.0, 14.2, 14.2, 19.77, 9999.0, 24.05, 9999.0, 58.02, 57.23, 55.25, 50.98, 57.75
2026-07-12, 00:26:22, 72.25, 56.0, 21.93, 20.5, 9999.0, 14.18, 14.2, 19.77, 9999.0, 24.05, 9999.0, 58.02, 57.25, 55.25, 50.98, 57.75
2026-07-12, 00:26:26, 72.25, 56.0, 21.95, 20.5, 9999.0, 14.16, 14.2, 19.77, 9999.0, 24.05, 9999.0, 58.02, 57.25, 55.25, 50.98, 57.75
2026-07-12, 00:26:30, 72.25, 56.0, 21.95, 20.52, 9999.0, 14.14, 14.18, 19.77, 9999.0, 24.05, 9999.0, 58.0, 57.25, 55.25, 50.98, 57.75
2026-07-12, 00:26:34, 72.25, 56.0, 21.95, 20.52, 9999.0, 14.14, 14.16, 19.8, 9999.0, 24.05, 9999.0, 58.0, 57.23, 55.25, 50.98, 57.75
2026-07-12, 00:26:38, 72.25, 56.0, 21.93, 20.52, 9999.0, 14.14, 14.16, 19.8, 9999.0, 24.05, 9999.0, 57.98, 57.23, 55.25, 50.98, 57.75
2026-07-12, 00:26:42, 72.25, 56.0, 21.95, 20.52, 9999.0, 14.14, 14.16, 19.8, 9999.0, 24.05, 9999.0, 57.95, 57.23, 55.25, 50.98, 57.75
2026-07-12, 00:26:46, 72.25, 56.0, 21.95, 20.52, 9999.0, 14.16, 14.16, 19.8, 9999.0, 24.05, 9999.0, 57.93, 57.23, 55.25, 50.98, 57.75
2026-07-12, 00:26:51, 72.25, 56.0, 21.95, 20.55, 9999.0, 14.18, 14.16, 19.8, 9999.0, 24.02, 9999.0, 57.93, 57.23, 55.25, 50.98, 57.75
2026-07-12, 00:26:55, 72.25, 56.0, 21.95, 20.55, 9999.0, 14.23, 14.16, 19.8, 9999.0, 24.02, 9999.0, 57.93, 57.23, 55.25, 51.0, 57.75
2026-07-12, 00:26:59, 72.25, 56.0, 21.93, 20.55, 9999.0, 14.25, 14.16, 19.8, 9999.0, 24.0, 9999.0, 57.93, 57.23, 55.25, 51.0, 57.75
2026-07-12, 00:27:03, 72.25, 56.0, 21.93, 20.55, 9999.0, 14.25, 14.18, 19.77, 9999.0, 24.0, 9999.0, 57.93, 57.23, 55.25, 51.0, 57.75
2026-07-12, 00:27:07, 72.25, 56.0, 21.93, 20.57, 9999.0, 14.25, 14.18, 19.77, 9999.0, 23.98, 9999.0, 57.93, 57.23, 55.25, 51.0, 57.75
2026-07-12, 00:27:11, 72.25, 56.0, 21.93, 20.57, 9999.0, 14.27, 14.18, 19.8, 9999.0, 23.98, 9999.0, 57.93, 57.23, 55.25, 51.0, 57.75
2026-07-12, 00:27:15, 72.25, 56.0, 21.93, 20.57, 9999.0, 14.3, 14.2, 19.8, 9999.0, 23.98, 9999.0, 57.93, 57.23, 55.25, 51.0, 57.75
2026-07-12, 00:27:19, 72.25, 56.0, 21.93, 20.57, 9999.0, 14.3, 14.23, 19.77, 9999.0, 23.98, 9999.0, 57.93, 57.25, 55.25, 51.0, 57.75
2026-07-12, 00:27:23, 72.25, 56.0, 21.95, 20.59, 9999.0, 14.27, 14.25, 19.77, 9999.0, 24.0, 9999.0, 57.95, 57.25, 55.25, 51.0, 57.75
2026-07-12, 00:27:27, 72.25, 56.0, 21.93, 20.59, 9999.0, 14.25, 14.25, 19.77, 9999.0, 24.02, 9999.0, 57.98, 57.25, 55.25, 51.0, 57.75
2026-07-12, 00:27:31, 72.25, 56.0, 21.93, 20.61, 9999.0, 14.2, 14.25, 19.77, 9999.0, 24.05, 9999.0, 58.0, 57.25, 55.25, 51.0, 57.75
2026-07-12, 00:27:35, 72.25, 56.0, 21.93, 20.59, 9999.0, 14.18, 14.23, 19.77, 9999.0, 24.05, 9999.0, 57.98, 57.25, 55.25, 50.98, 57.75
2026-07-12, 00:27:39, 72.25, 56.0, 21.93, 20.59, 9999.0, 14.14, 14.2, 19.77, 9999.0, 24.05, 9999.0, 57.95, 57.25, 55.25, 50.98, 57.75
2026-07-12, 00:27:43, 72.25, 56.0, 21.95, 20.59, 9999.0, 14.11, 14.2, 19.77, 9999.0, 24.07, 9999.0, 57.95, 57.25, 55.25, 50.98, 57.75
2026-07-12, 00:27:47, 72.25, 56.0, 21.95, 20.59, 9999.0, 14.11, 14.18, 19.77, 9999.0, 24.07, 9999.0, 57.93, 57.25, 55.25, 50.98, 57.75
2026-07-12, 00:27:51, 72.25, 56.0, 21.98, 20.57, 9999.0, 14.11, 14.18, 19.77, 9999.0, 24.09, 9999.0, 57.91, 57.25, 55.25, 50.98, 57.75
2026-07-12, 00:27:55, 72.25, 56.0, 21.95, 20.57, 9999.0, 14.11, 14.18, 19.75, 9999.0, 24.09, 9999.0, 57.89, 57.23, 55.25, 50.98, 57.75
2026-07-12, 00:27:59, 72.25, 56.0, 21.95, 20.55, 9999.0, 14.11, 14.18, 19.75, 9999.0, 24.09, 9999.0, 57.86, 57.2, 55.25, 50.98, 57.75
2026-07-12, 00:28:03, 72.25, 56.0, 21.95, 20.55, 9999.0, 14.14, 14.16, 19.75, 9999.0, 24.09, 9999.0, 57.84, 57.2, 55.25, 50.98, 57.75
2026-07-12, 00:28:07, 72.25, 56.0, 21.93, 20.52, 9999.0, 14.16, 14.16, 19.75, 9999.0, 24.07, 9999.0, 57.84, 57.18, 55.25, 50.98, 57.75
2026-07-12, 00:28:11, 72.25, 56.0, 21.93, 20.52, 9999.0, 14.18, 14.16, 19.77, 9999.0, 24.05, 9999.0, 57.84, 57.16, 55.25, 50.98, 57.75
2026-07-12, 00:28:15, 72.25, 56.0, 21.91, 20.5, 9999.0, 14.2, 14.16, 19.8, 9999.0, 24.02, 9999.0, 57.84, 57.16, 55.25, 50.98, 57.75
2026-07-12, 00:28:19, 72.25, 56.0, 21.91, 20.5, 9999.0, 14.23, 14.18, 19.8, 9999.0, 24.02, 9999.0, 57.86, 57.16, 55.25, 51.0, 57.75
2026-07-12, 00:28:23, 72.25, 56.0, 21.91, 20.5, 9999.0, 14.25, 14.2, 19.8, 9999.0, 24.02, 9999.0, 57.89, 57.16, 55.25, 51.0, 57.75
2026-07-12, 00:28:27, 72.25, 56.0, 21.89, 20.52, 9999.0, 14.27, 14.2, 19.8, 9999.0, 24.02, 9999.0, 57.89, 57.16, 55.25, 51.0, 57.75
2026-07-12, 00:28:31, 72.25, 56.0, 21.89, 20.52, 9999.0, 14.27, 14.2, 19.8, 9999.0, 24.05, 9999.0, 57.91, 57.16, 55.25, 51.0, 57.75
2026-07-12, 00:28:35, 72.25, 56.0, 21.89, 20.52, 9999.0, 14.25, 14.2, 19.8, 9999.0, 24.07, 9999.0, 57.93, 57.16, 55.25, 51.0, 57.75
2026-07-12, 00:28:39, 72.25, 56.0, 21.91, 20.52, 9999.0, 14.23, 14.2, 19.82, 9999.0, 24.09, 9999.0, 57.95, 57.18, 55.25, 51.0, 57.75
2026-07-12, 00:28:43, 72.25, 56.0, 21.89, 20.52, 9999.0, 14.2, 14.2, 19.82, 9999.0, 24.11, 9999.0, 57.98, 57.2, 55.25, 51.0, 57.75
2026-07-12, 00:28:47, 72.25, 56.0, 21.89, 20.52, 9999.0, 14.16, 14.23, 19.82, 9999.0, 24.14, 9999.0, 57.98, 57.2, 55.25, 51.0, 57.75
2026-07-12, 00:28:51, 72.25, 56.0, 21.91, 20.52, 9999.0, 14.14, 14.2, 19.82, 9999.0, 24.16, 9999.0, 57.98, 57.23, 55.25, 51.0, 57.75
2026-07-12, 00:28:55, 72.25, 56.0, 21.93, 20.52, 9999.0, 14.14, 14.18, 19.8, 9999.0, 24.16, 9999.0, 57.98, 57.25, 55.25, 50.98, 57.75
2026-07-12, 00:28:59, 72.25, 56.0, 21.95, 20.52, 9999.0, 14.11, 14.16, 19.77, 9999.0, 24.16, 9999.0, 57.95, 57.25, 55.25, 50.95, 57.75
2026-07-12, 00:29:03, 72.25, 56.0, 21.95, 20.52, 9999.0, 14.09, 14.14, 19.77, 9999.0, 24.16, 9999.0, 57.93, 57.25, 55.25, 50.95, 57.75
2026-07-12, 00:29:07, 72.25, 56.0, 21.95, 20.52, 9999.0, 14.09, 14.11, 19.77, 9999.0, 24.16, 9999.0, 57.91, 57.25, 55.25, 50.95, 57.75
2026-07-12, 00:29:11, 72.25, 56.0, 21.98, 20.5, 9999.0, 14.09, 14.09, 19.77, 9999.0, 24.14, 9999.0, 57.89, 57.25, 55.25, 50.95, 57.75
2026-07-12, 00:29:15, 72.25, 56.0, 21.98, 20.5, 9999.0, 14.09, 14.11, 19.8, 9999.0, 24.11, 9999.0, 57.86, 57.25, 55.25, 50.95, 57.75
2026-07-12, 00:29:19, 72.25, 56.0, 21.98, 20.5, 9999.0, 14.14, 14.11, 19.82, 9999.0, 24.09, 9999.0, 57.84, 57.25, 55.25, 50.95, 57.75
2026-07-12, 00:29:23, 72.25, 56.0, 21.95, 20.52, 9999.0, 14.18, 14.11, 19.82, 9999.0, 24.07, 9999.0, 57.84, 57.23, 55.25, 50.95, 57.75
2026-07-12, 00:29:27, 72.25, 56.0, 21.95, 20.55, 9999.0, 14.2, 14.11, 19.82, 9999.0, 24.05, 9999.0, 57.84, 57.2, 55.25, 50.95, 57.75
2026-07-12, 00:29:31, 72.25, 56.0, 21.93, 20.55, 9999.0, 14.23, 14.09, 19.84, 9999.0, 24.02, 9999.0, 57.86, 57.2, 55.25, 50.95, 57.75
2026-07-12, 00:29:35, 72.25, 56.0, 21.93, 20.57, 9999.0, 14.25, 14.11, 19.86, 9999.0, 24.0, 9999.0, 57.89, 57.2, 55.25, 50.95, 57.75
2026-07-12, 00:29:39, 72.25, 56.0, 21.91, 20.57, 9999.0, 14.25, 14.14, 19.89, 9999.0, 24.0, 9999.0, 57.89, 57.2, 55.25, 50.98, 57.75
2026-07-12, 00:29:43, 72.25, 56.0, 21.89, 20.57, 9999.0, 14.27, 14.16, 19.91, 9999.0, 24.0, 9999.0, 57.91, 57.2, 55.25, 51.0, 57.75
2026-07-12, 00:29:47, 72.25, 56.0, 21.86, 20.57, 9999.0, 14.3, 14.18, 19.91, 9999.0, 24.0, 9999.0, 57.93, 57.18, 55.25, 51.0, 57.75
2026-07-12, 00:29:51, 72.25, 56.0, 21.86, 20.57, 9999.0, 14.3, 14.2, 19.91, 9999.0, 24.0, 9999.0, 57.95, 57.18, 55.25, 51.0, 57.75
2026-07-12, 00:29:55, 72.25, 56.0, 21.84, 20.57, 9999.0, 14.27, 14.23, 19.91, 9999.0, 24.02, 9999.0, 57.98, 57.18, 55.25, 51.0, 57.75
2026-07-12, 00:29:59, 72.25, 56.0, 21.84, 20.59, 9999.0, 14.25, 14.23, 19.89, 9999.0, 24.05, 9999.0, 58.0, 57.18, 55.25, 51.0, 57.75
2026-07-12, 00:30:03, 72.25, 56.0, 21.84, 20.61, 9999.0, 14.23, 14.23, 19.86, 9999.0, 24.05, 9999.0, 58.02, 57.18, 55.25, 51.0, 57.75
2026-07-12, 00:30:07, 72.25, 56.0, 21.84, 20.59, 9999.0, 14.18, 14.23, 19.86, 9999.0, 24.05, 9999.0, 58.0, 57.2, 55.25, 51.0, 57.75
2026-07-12, 00:30:11, 72.25, 56.0, 21.84, 20.57, 9999.0, 14.16, 14.2, 19.89, 9999.0, 24.05, 9999.0, 57.98, 57.23, 55.25, 50.98, 57.75
2026-07-12, 00:30:15, 72.25, 56.0, 21.84, 20.59, 9999.0, 14.14, 14.2, 19.86, 9999.0, 24.05, 9999.0, 57.95, 57.23, 55.25, 50.98, 57.75
2026-07-12, 00:30:19, 72.25, 56.0, 21.82, 20.57, 9999.0, 14.11, 14.18, 19.84, 9999.0, 24.05, 9999.0, 57.91, 57.23, 55.25, 50.98, 57.75
2026-07-12, 00:30:23, 72.25, 56.0, 21.82, 20.57, 9999.0, 14.11, 14.16, 19.82, 9999.0, 24.05, 9999.0, 57.89, 57.2, 55.25, 50.98, 57.75
2026-07-12, 00:30:27, 72.25, 56.0, 21.82, 20.57, 9999.0, 14.11, 14.14, 19.8, 9999.0, 24.05, 9999.0, 57.86, 57.18, 55.25, 50.98, 57.75
2026-07-12, 00:30:31, 72.25, 56.0, 21.82, 20.57, 9999.0, 14.11, 14.14, 19.82, 9999.0, 24.05, 9999.0, 57.84, 57.2, 55.25, 50.98, 57.75
2026-07-12, 00:30:35, 72.25, 56.0, 21.8, 20.59, 9999.0, 14.11, 14.14, 19.82, 9999.0, 24.05, 9999.0, 57.8, 57.2, 55.25, 50.95, 57.75
2026-07-12, 00:30:40, 72.25, 56.0, 21.82, 20.59, 9999.0, 14.14, 14.14, 19.82, 9999.0, 24.02, 9999.0, 57.8, 57.18, 55.25, 50.95, 57.75
2026-07-12, 00:30:44, 72.25, 56.0, 21.82, 20.57, 9999.0, 14.16, 14.14, 19.82, 9999.0, 24.0, 9999.0, 57.8, 57.16, 55.25, 50.95, 57.75
2026-07-12, 00:30:48, 72.25, 56.0, 21.82, 20.55, 9999.0, 14.16, 14.14, 19.82, 9999.0, 24.0, 9999.0, 57.8, 57.16, 55.25, 50.95, 57.75
2026-07-12, 00:30:52, 72.25, 56.0, 21.84, 20.55, 9999.0, 14.18, 14.14, 19.82, 9999.0, 23.98, 9999.0, 57.82, 57.16, 55.25, 50.95, 57.75
2026-07-12, 00:30:56, 72.25, 56.0, 21.84, 20.57, 9999.0, 14.2, 14.16, 19.8, 9999.0, 23.98, 9999.0, 57.84, 57.16, 55.25, 50.98, 57.75
2026-07-12, 00:31:00, 72.25, 56.0, 21.84, 20.55, 9999.0, 14.23, 14.18, 19.8, 9999.0, 23.98, 9999.0, 57.86, 57.14, 55.25, 50.98, 57.75
2026-07-12, 00:31:04, 72.25, 56.0, 21.84, 20.55, 9999.0, 14.25, 14.2, 19.8, 9999.0, 23.98, 9999.0, 57.89, 57.14, 55.25, 50.95, 57.75
2026-07-12, 00:31:08, 72.25, 56.0, 21.86, 20.55, 9999.0, 14.25, 14.23, 19.8, 9999.0, 24.0, 9999.0, 57.91, 57.16, 55.25, 50.93, 57.75
2026-07-12, 00:31:12, 72.25, 56.0, 21.89, 20.55, 9999.0, 14.23, 14.23, 19.8, 9999.0, 24.02, 9999.0, 57.93, 57.18, 55.25, 50.91, 57.75
2026-07-12, 00:31:16, 72.25, 56.0, 21.91, 20.55, 9999.0, 14.2, 14.2, 19.8, 9999.0, 24.02, 9999.0, 57.95, 57.18, 55.25, 50.91, 57.75
2026-07-12, 00:31:20, 72.25, 56.0, 21.93, 20.52, 9999.0, 14.18, 14.18, 19.8, 9999.0, 24.02, 9999.0, 58.0, 57.18, 55.25, 50.93, 57.75
2026-07-12, 00:31:24, 72.25, 56.0, 21.93, 20.52, 9999.0, 14.16, 14.16, 19.8, 9999.0, 24.02, 9999.0, 58.0, 57.2, 55.25, 50.93, 57.75
2026-07-12, 00:31:28, 72.25, 56.0, 21.93, 20.52, 9999.0, 14.16, 14.14, 19.8, 9999.0, 24.02, 9999.0, 57.98, 57.23, 55.25, 50.93, 57.75
2026-07-12, 00:31:32, 72.25, 56.0, 21.93, 20.52, 9999.0, 14.14, 14.11, 19.8, 9999.0, 24.02, 9999.0, 57.95, 57.23, 55.25, 50.93, 57.75
2026-07-12, 00:31:36, 72.25, 56.0, 21.93, 20.52, 9999.0, 14.14, 14.09, 19.77, 9999.0, 24.05, 9999.0, 57.93, 57.23, 55.25, 50.93, 57.75
2026-07-12, 00:31:40, 72.25, 56.0, 21.95, 20.5, 9999.0, 14.14, 14.07, 19.77, 9999.0, 24.05, 9999.0, 57.91, 57.23, 55.25, 50.93, 57.75
2026-07-12, 00:31:44, 72.25, 56.0, 21.98, 20.5, 9999.0, 14.14, 14.07, 19.77, 9999.0, 24.05, 9999.0, 57.89, 57.23, 55.25, 50.93, 57.75
2026-07-12, 00:31:48, 72.25, 56.0, 21.98, 20.5, 9999.0, 14.16, 14.07, 19.77, 9999.0, 24.05, 9999.0, 57.86, 57.23, 55.25, 50.95, 57.75
2026-07-12, 00:31:52, 72.25, 56.0, 21.95, 20.5, 9999.0, 14.16, 14.07, 19.77, 9999.0, 24.02, 9999.0, 57.86, 57.23, 55.25, 50.98, 57.75
2026-07-12, 00:31:56, 72.25, 56.0, 21.93, 20.5, 9999.0, 14.18, 14.09, 19.77, 9999.0, 24.0, 9999.0, 57.86, 57.2, 55.25, 51.0, 57.75
2026-07-12, 00:32:00, 72.25, 56.0, 21.91, 20.5, 9999.0, 14.2, 14.11, 19.75, 9999.0, 24.0, 9999.0, 57.86, 57.2, 55.25, 51.0, 57.75
2026-07-12, 00:32:04, 72.25, 56.0, 21.89, 20.5, 9999.0, 14.23, 14.14, 19.75, 9999.0, 23.98, 9999.0, 57.89, 57.18, 55.25, 51.0, 57.75
2026-07-12, 00:32:08, 72.25, 56.0, 21.89, 20.5, 9999.0, 14.25, 14.16, 19.75, 9999.0, 23.95, 9999.0, 57.89, 57.18, 55.27, 51.0, 57.75
2026-07-12, 00:32:12, 72.25, 56.0, 21.86, 20.5, 9999.0, 14.25, 14.16, 19.75, 9999.0, 23.95, 9999.0, 57.91, 57.18, 55.3, 51.0, 57.75
2026-07-12, 00:32:16, 72.25, 56.0, 21.84, 20.5, 9999.0, 14.27, 14.18, 19.75, 9999.0, 23.95, 9999.0, 57.93, 57.16, 55.3, 51.0, 57.75
2026-07-12, 00:32:20, 72.25, 56.0, 21.82, 20.5, 9999.0, 14.27, 14.18, 19.75, 9999.0, 23.95, 9999.0, 57.95, 57.16, 55.3, 51.0, 57.75
2026-07-12, 00:32:24, 72.25, 56.0, 21.82, 20.5, 9999.0, 14.27, 14.2, 19.75, 9999.0, 23.98, 9999.0, 57.98, 57.16, 55.3, 51.0, 57.75
2026-07-12, 00:32:28, 72.25, 56.0, 21.8, 20.5, 9999.0, 14.25, 14.2, 19.75, 9999.0, 24.0, 9999.0, 58.0, 57.18, 55.3, 51.0, 57.75
2026-07-12, 00:32:32, 72.25, 56.0, 21.82, 20.5, 9999.0, 14.2, 14.18, 19.75, 9999.0, 24.0, 9999.0, 58.02, 57.16, 55.3, 51.0, 57.75
2026-07-12, 00:32:36, 72.25, 56.0, 21.84, 20.5, 9999.0, 14.18, 14.16, 19.75, 9999.0, 24.0, 9999.0, 58.02, 57.16, 55.3, 51.0, 57.75
2026-07-12, 00:32:40, 72.25, 56.0, 21.86, 20.5, 9999.0, 14.16, 14.16, 19.75, 9999.0, 24.0, 9999.0, 58.0, 57.18, 55.3, 51.0, 57.75
2026-07-12, 00:32:44, 72.25, 56.0, 21.89, 20.5, 9999.0, 14.14, 14.16, 19.75, 9999.0, 24.0, 9999.0, 58.0, 57.18, 55.3, 51.0, 57.75
2026-07-12, 00:32:48, 72.25, 56.0, 21.89, 20.5, 9999.0, 14.11, 14.14, 19.75, 9999.0, 24.02, 9999.0, 57.95, 57.18, 55.3, 51.0, 57.75
2026-07-12, 00:32:52, 72.25, 56.0, 21.89, 20.5, 9999.0, 14.11, 14.14, 19.75, 9999.0, 24.05, 9999.0, 57.93, 57.18, 55.27, 51.0, 57.75
2026-07-12, 00:32:56, 72.25, 56.0, 21.89, 20.5, 9999.0, 14.11, 14.14, 19.75, 9999.0, 24.05, 9999.0, 57.91, 57.18, 55.25, 51.0, 57.75
2026-07-12, 00:33:00, 72.25, 56.0, 21.91, 20.5, 9999.0, 14.11, 14.11, 19.75, 9999.0, 24.05, 9999.0, 57.89, 57.18, 55.25, 51.0, 57.75
2026-07-12, 00:33:04, 72.25, 56.0, 21.93, 20.5, 9999.0, 14.14, 14.14, 19.75, 9999.0, 24.05, 9999.0, 57.86, 57.18, 55.25, 51.0, 57.75
2026-07-12, 00:33:08, 72.25, 56.0, 21.91, 20.5, 9999.0, 14.14, 14.14, 19.75, 9999.0, 24.0, 9999.0, 57.86, 57.18, 55.25, 50.98, 57.75
2026-07-12, 00:33:12, 72.25, 56.0, 21.93, 20.5, 9999.0, 14.16, 14.14, 19.75, 9999.0, 23.95, 9999.0, 57.86, 57.16, 55.25, 50.98, 57.75
2026-07-12, 00:33:16, 72.25, 56.0, 21.93, 20.5, 9999.0, 14.18, 14.16, 19.75, 9999.0, 23.93, 9999.0, 57.86, 57.18, 55.25, 50.98, 57.75
2026-07-12, 00:33:20, 72.25, 56.0, 21.93, 20.5, 9999.0, 14.2, 14.18, 19.75, 9999.0, 23.91, 9999.0, 57.89, 57.18, 55.25, 50.98, 57.75
2026-07-12, 00:33:24, 72.25, 56.0, 21.93, 20.5, 9999.0, 14.23, 14.18, 19.75, 9999.0, 23.89, 9999.0, 57.91, 57.18, 55.25, 50.98, 57.75
2026-07-12, 00:33:28, 72.25, 56.0, 21.91, 20.5, 9999.0, 14.25, 14.18, 19.75, 9999.0, 23.86, 9999.0, 57.91, 57.18, 55.25, 50.98, 57.75
2026-07-12, 00:33:32, 72.25, 56.0, 21.93, 20.5, 9999.0, 14.27, 14.2, 19.75, 9999.0, 23.84, 9999.0, 57.93, 57.2, 55.25, 50.98, 57.75
2026-07-12, 00:33:36, 72.25, 56.0, 21.91, 20.5, 9999.0, 14.27, 14.2, 19.75, 9999.0, 23.84, 9999.0, 57.95, 57.2, 55.25, 50.98, 57.75
2026-07-12, 00:33:40, 72.25, 56.0, 21.93, 20.5, 9999.0, 14.27, 14.2, 19.75, 9999.0, 23.84, 9999.0, 57.98, 57.2, 55.25, 50.98, 57.75
2026-07-12, 00:33:44, 72.25, 56.0, 21.93, 20.5, 9999.0, 14.25, 14.23, 19.75, 9999.0, 23.84, 9999.0, 58.0, 57.23, 55.25, 50.98, 57.75
2026-07-12, 00:33:48, 72.25, 56.0, 21.91, 20.5, 9999.0, 14.2, 14.23, 19.75, 9999.0, 23.84, 9999.0, 58.02, 57.23, 55.25, 50.98, 57.75
2026-07-12, 00:33:52, 72.25, 56.0, 21.91, 20.5, 9999.0, 14.18, 14.23, 19.75, 9999.0, 23.86, 9999.0, 58.0, 57.23, 55.25, 51.0, 57.75
2026-07-12, 00:33:56, 72.25, 56.0, 21.89, 20.5, 9999.0, 14.16, 14.23, 19.75, 9999.0, 23.89, 9999.0, 57.98, 57.25, 55.25, 51.0, 57.75
2026-07-12, 00:34:00, 72.25, 56.0, 21.89, 20.5, 9999.0, 14.14, 14.2, 19.75, 9999.0, 23.91, 9999.0, 57.95, 57.25, 55.25, 51.0, 57.75
2026-07-12, 00:34:04, 72.25, 56.0, 21.86, 20.5, 9999.0, 14.11, 14.18, 19.75, 9999.0, 23.93, 9999.0, 57.91, 57.23, 55.25, 51.0, 57.75
2026-07-12, 00:34:08, 72.25, 56.0, 21.84, 20.5, 9999.0, 14.11, 14.16, 19.75, 9999.0, 23.95, 9999.0, 57.89, 57.23, 55.25, 51.0, 57.75
2026-07-12, 00:34:12, 72.25, 56.0, 21.86, 20.5, 9999.0, 14.11, 14.14, 19.75, 9999.0, 23.95, 9999.0, 57.86, 57.23, 55.25, 50.98, 57.75
2026-07-12, 00:34:16, 72.25, 56.0, 21.86, 20.5, 9999.0, 14.11, 14.14, 19.75, 9999.0, 23.95, 9999.0, 57.84, 57.23, 55.25, 50.98, 57.75
2026-07-12, 00:34:20, 72.25, 56.0, 21.86, 20.5, 9999.0, 14.14, 14.11, 19.75, 9999.0, 23.95, 9999.0, 57.82, 57.23, 55.25, 50.98, 57.75
2026-07-12, 00:34:25, 72.25, 56.0, 21.84, 20.5, 9999.0, 14.14, 14.14, 19.75, 9999.0, 23.93, 9999.0, 57.82, 57.2, 55.25, 50.98, 57.75
2026-07-12, 00:34:29, 72.25, 56.0, 21.82, 20.5, 9999.0, 14.16, 14.14, 19.77, 9999.0, 23.91, 9999.0, 57.8, 57.18, 55.25, 50.98, 57.75
2026-07-12, 00:34:33, 72.25, 56.0, 21.82, 20.5, 9999.0, 14.18, 14.14, 19.77, 9999.0, 23.89, 9999.0, 57.8, 57.18, 55.25, 50.98, 57.75
2026-07-12, 00:34:37, 72.25, 56.0, 21.82, 20.5, 9999.0, 14.2, 14.14, 19.77, 9999.0, 23.86, 9999.0, 57.82, 57.18, 55.25, 50.95, 57.75
2026-07-12, 00:34:41, 72.25, 56.0, 21.82, 20.5, 9999.0, 14.23, 14.14, 19.77, 9999.0, 23.84, 9999.0, 57.84, 57.18, 55.25, 50.95, 57.75
2026-07-12, 00:34:45, 72.25, 56.0, 21.8, 20.5, 9999.0, 14.25, 14.16, 19.77, 9999.0, 23.84, 9999.0, 57.86, 57.18, 55.25, 50.95, 57.75
2026-07-12, 00:34:49, 72.25, 56.0, 21.82, 20.5, 9999.0, 14.27, 14.18, 19.77, 9999.0, 23.84, 9999.0, 57.89, 57.2, 55.25, 50.95, 57.75
2026-07-12, 00:34:53, 72.25, 56.0, 21.82, 20.5, 9999.0, 14.27, 14.2, 19.77, 9999.0, 23.84, 9999.0, 57.91, 57.2, 55.25, 50.95, 57.75
2026-07-12, 00:34:57, 72.25, 56.0, 21.82, 20.5, 9999.0, 14.27, 14.23, 19.77, 9999.0, 23.86, 9999.0, 57.93, 57.2, 55.25, 50.98, 57.75
2026-07-12, 00:35:01, 72.25, 56.0, 21.8, 20.5, 9999.0, 14.25, 14.23, 19.77, 9999.0, 23.89, 9999.0, 57.93, 57.2, 55.25, 50.98, 57.75
2026-07-12, 00:35:05, 72.25, 56.0, 21.8, 20.5, 9999.0, 14.2, 14.25, 19.77, 9999.0, 23.89, 9999.0, 57.95, 57.2, 55.25, 50.98, 57.75
2026-07-12, 00:35:09, 72.25, 56.0, 21.82, 20.5, 9999.0, 14.18, 14.25, 19.77, 9999.0, 23.89, 9999.0, 57.95, 57.23, 55.25, 50.98, 57.75
2026-07-12, 00:35:13, 72.25, 56.0, 21.84, 20.5, 9999.0, 14.16, 14.23, 19.75, 9999.0, 23.89, 9999.0, 57.98, 57.25, 55.25, 50.98, 57.75
2026-07-12, 00:35:17, 72.25, 56.0, 21.84, 20.5, 9999.0, 14.14, 14.23, 19.75, 9999.0, 23.89, 9999.0, 57.95, 57.25, 55.25, 50.98, 57.75
2026-07-12, 00:35:21, 72.25, 56.0, 21.84, 20.5, 9999.0, 14.11, 14.23, 19.75, 9999.0, 23.89, 9999.0, 57.93, 57.25, 55.25, 51.0, 57.75
2026-07-12, 00:35:25, 72.25, 56.0, 21.84, 20.5, 9999.0, 14.11, 14.23, 19.75, 9999.0, 23.89, 9999.0, 57.91, 57.25, 55.25, 50.98, 57.75
2026-07-12, 00:35:29, 72.25, 56.0, 21.84, 20.5, 9999.0, 14.11, 14.23, 19.75, 9999.0, 23.86, 9999.0, 57.89, 57.25, 55.25, 50.95, 57.75
2026-07-12, 00:35:33, 72.25, 56.0, 21.84, 20.5, 9999.0, 14.14, 14.23, 19.77, 9999.0, 23.84, 9999.0, 57.86, 57.25, 55.25, 50.95, 57.75
2026-07-12, 00:35:37, 72.25, 56.0, 21.84, 20.5, 9999.0, 14.16, 14.23, 19.77, 9999.0, 23.82, 9999.0, 57.86, 57.25, 55.25, 50.95, 57.75
2026-07-12, 00:35:41, 72.25, 56.0, 21.82, 20.5, 9999.0, 14.16, 14.23, 19.77, 9999.0, 23.8, 9999.0, 57.86, 57.25, 55.25, 50.95, 57.75
2026-07-12, 00:35:45, 72.25, 56.0, 21.82, 20.5, 9999.0, 14.18, 14.23, 19.77, 9999.0, 23.77, 9999.0, 57.89, 57.23, 55.25, 50.95, 57.75
2026-07-12, 00:35:49, 72.25, 56.0, 21.84, 20.5, 9999.0, 14.2, 14.23, 19.77, 9999.0, 23.75, 9999.0, 57.89, 57.23, 55.25, 50.95, 57.75
2026-07-12, 00:35:53, 72.25, 56.0, 21.82, 20.5, 9999.0, 14.23, 14.23, 19.77, 9999.0, 23.75, 9999.0, 57.89, 57.23, 55.25, 50.95, 57.75
2026-07-12, 00:35:57, 72.25, 56.0, 21.82, 20.5, 9999.0, 14.25, 14.25, 19.77, 9999.0, 23.77, 9999.0, 57.89, 57.23, 55.25, 50.95, 57.75
2026-07-12, 00:36:01, 72.25, 56.0, 21.84, 20.5, 9999.0, 14.27, 14.25, 19.77, 9999.0, 23.77, 9999.0, 57.91, 57.23, 55.25, 50.95, 57.75
2026-07-12, 00:36:05, 72.25, 56.0, 21.84, 20.5, 9999.0, 14.3, 14.25, 19.8, 9999.0, 23.77, 9999.0, 57.93, 57.23, 55.25, 50.95, 57.75
2026-07-12, 00:36:09, 72.25, 56.0, 21.84, 20.5, 9999.0, 14.27, 14.25, 19.82, 9999.0, 23.8, 9999.0, 57.95, 57.23, 55.25, 50.98, 57.75
2026-07-12, 00:36:13, 72.25, 56.0, 21.86, 20.5, 9999.0, 14.27, 14.23, 19.82, 9999.0, 23.82, 9999.0, 57.98, 57.23, 55.25, 51.0, 57.75
2026-07-12, 00:36:17, 72.25, 56.02, 21.86, 20.5, 9999.0, 14.25, 14.23, 19.8, 9999.0, 23.84, 9999.0, 58.0, 57.23, 55.25, 51.0, 57.75
2026-07-12, 00:36:21, 72.25, 56.02, 21.89, 20.5, 9999.0, 14.2, 14.23, 19.8, 9999.0, 23.84, 9999.0, 57.98, 57.23, 55.25, 51.0, 57.75
2026-07-12, 00:36:25, 72.25, 56.02, 21.91, 20.5, 9999.0, 14.18, 14.23, 19.8, 9999.0, 23.84, 9999.0, 57.98, 57.23, 55.25, 51.0, 57.75
2026-07-12, 00:36:29, 72.25, 56.02, 21.93, 20.5, 9999.0, 14.16, 14.23, 19.8, 9999.0, 23.84, 9999.0, 57.98, 57.23, 55.25, 51.0, 57.75
2026-07-12, 00:36:33, 72.25, 56.02, 21.93, 20.5, 9999.0, 14.14, 14.2, 19.8, 9999.0, 23.84, 9999.0, 57.95, 57.23, 55.25, 51.0, 57.75
2026-07-12, 00:36:37, 72.25, 56.02, 21.95, 20.5, 9999.0, 14.14, 14.2, 19.8, 9999.0, 23.84, 9999.0, 57.93, 57.23, 55.25, 51.0, 57.75
2026-07-12, 00:36:41, 72.25, 56.02, 21.93, 20.5, 9999.0, 14.14, 14.2, 19.8, 9999.0, 23.82, 9999.0, 57.91, 57.23, 55.25, 51.0, 57.75
2026-07-12, 00:36:45, 72.25, 56.02, 21.93, 20.5, 9999.0, 14.14, 14.2, 19.82, 9999.0, 23.82, 9999.0, 57.89, 57.23, 55.25, 51.0, 57.75
2026-07-12, 00:36:49, 72.25, 56.02, 21.95, 20.5, 9999.0, 14.16, 14.2, 19.8, 9999.0, 23.82, 9999.0, 57.86, 57.23, 55.25, 51.0, 57.75
2026-07-12, 00:36:53, 72.25, 56.02, 21.95, 20.5, 9999.0, 14.2, 14.2, 19.77, 9999.0, 23.8, 9999.0, 57.86, 57.23, 55.25, 50.98, 57.75
2026-07-12, 00:36:57, 72.25, 56.02, 21.95, 20.5, 9999.0, 14.2, 14.23, 19.77, 9999.0, 23.77, 9999.0, 57.86, 57.23, 55.25, 50.98, 57.75
2026-07-12, 00:37:01, 72.25, 56.0, 21.95, 20.5, 9999.0, 14.2, 14.23, 19.77, 9999.0, 23.75, 9999.0, 57.86, 57.23, 55.25, 50.98, 57.75
2026-07-12, 00:37:05, 72.25, 56.0, 21.95, 20.5, 9999.0, 14.23, 14.23, 19.77, 9999.0, 23.75, 9999.0, 57.91, 57.23, 55.25, 50.98, 57.75
2026-07-12, 00:37:09, 72.25, 56.0, 21.93, 20.5, 9999.0, 14.25, 14.23, 19.77, 9999.0, 23.73, 9999.0, 57.91, 57.23, 55.25, 50.98, 57.75
2026-07-12, 00:37:13, 72.25, 56.0, 21.93, 20.5, 9999.0, 14.27, 14.23, 19.77, 9999.0, 23.73, 9999.0, 57.91, 57.25, 55.25, 50.98, 57.75
2026-07-12, 00:37:17, 72.25, 56.0, 21.91, 20.5, 9999.0, 14.3, 14.25, 19.77, 9999.0, 23.73, 9999.0, 57.93, 57.25, 55.25, 50.98, 57.75
2026-07-12, 00:37:21, 72.25, 56.0, 21.91, 20.5, 9999.0, 14.3, 14.25, 19.77, 9999.0, 23.73, 9999.0, 57.95, 57.25, 55.25, 50.98, 57.75
2026-07-12, 00:37:25, 72.25, 56.0, 21.93, 20.5, 9999.0, 14.3, 14.25, 19.77, 9999.0, 23.75, 9999.0, 57.98, 57.25, 55.25, 50.98, 57.75
2026-07-12, 00:37:29, 72.25, 56.0, 21.93, 20.5, 9999.0, 14.3, 14.25, 19.75, 9999.0, 23.77, 9999.0, 58.0, 57.25, 55.25, 50.98, 57.75
2026-07-12, 00:37:33, 72.25, 56.0, 21.93, 20.5, 9999.0, 14.27, 14.25, 19.75, 9999.0, 23.77, 9999.0, 58.02, 57.25, 55.25, 50.98, 57.75
2026-07-12, 00:37:37, 72.25, 56.0, 21.93, 20.5, 9999.0, 14.23, 14.25, 19.75, 9999.0, 23.77, 9999.0, 58.0, 57.25, 55.25, 50.98, 57.75
2026-07-12, 00:37:41, 72.25, 56.0, 21.93, 20.5, 9999.0, 14.2, 14.25, 19.75, 9999.0, 23.77, 9999.0, 58.0, 57.25, 55.25, 50.98, 57.75
2026-07-12, 00:37:45, 72.25, 56.0, 21.93, 20.5, 9999.0, 14.18, 14.25, 19.75, 9999.0, 23.77, 9999.0, 58.0, 57.25, 55.25, 50.98, 57.75
2026-07-12, 00:37:49, 72.25, 56.0, 21.93, 20.5, 9999.0, 14.16, 14.25, 19.75, 9999.0, 23.77, 9999.0, 57.95, 57.25, 55.25, 50.98, 57.75
2026-07-12, 00:37:53, 72.25, 56.0, 21.95, 20.5, 9999.0, 14.16, 14.23, 19.75, 9999.0, 23.8, 9999.0, 57.93, 57.25, 55.25, 50.98, 57.75
2026-07-12, 00:37:57, 72.25, 56.0, 21.95, 20.5, 9999.0, 14.16, 14.2, 19.75, 9999.0, 23.77, 9999.0, 57.91, 57.23, 55.25, 50.98, 57.75
2026-07-12, 00:38:01, 72.25, 56.0, 21.95, 20.5, 9999.0, 14.16, 14.2, 19.75, 9999.0, 23.77, 9999.0, 57.89, 57.23, 55.25, 50.98, 57.75
2026-07-12, 00:38:05, 72.25, 56.0, 21.95, 20.5, 9999.0, 14.18, 14.2, 19.75, 9999.0, 23.77, 9999.0, 57.86, 57.23, 55.25, 50.98, 57.75
2026-07-12, 00:38:09, 72.25, 56.0, 21.93, 20.5, 9999.0, 14.18, 14.2, 19.75, 9999.0, 23.75, 9999.0, 57.86, 57.23, 55.25, 50.98, 57.75
2026-07-12, 00:38:14, 72.25, 56.0, 21.93, 20.5, 9999.0, 14.18, 14.2, 19.75, 9999.0, 23.73, 9999.0, 57.86, 57.2, 55.25, 50.98, 57.75
2026-07-12, 00:38:18, 72.25, 56.0, 21.93, 20.5, 9999.0, 14.18, 14.2, 19.75, 9999.0, 23.7, 9999.0, 57.86, 57.2, 55.25, 50.98, 57.75
2026-07-12, 00:38:22, 72.25, 56.0, 21.95, 20.5, 9999.0, 14.2, 14.2, 19.75, 9999.0, 23.68, 9999.0, 57.91, 57.2, 55.25, 51.0, 57.75
2026-07-12, 00:38:26, 72.25, 56.0, 21.95, 20.5, 9999.0, 14.23, 14.2, 19.75, 9999.0, 23.66, 9999.0, 57.91, 57.2, 55.25, 51.0, 57.75
2026-07-12, 00:38:30, 72.25, 56.0, 21.95, 20.5, 9999.0, 14.25, 14.2, 19.75, 9999.0, 23.66, 9999.0, 57.91, 57.2, 55.25, 51.0, 57.75
2026-07-12, 00:38:34, 72.25, 56.0, 21.93, 20.5, 9999.0, 14.27, 14.2, 19.75, 9999.0, 23.66, 9999.0, 57.93, 57.2, 55.25, 51.0, 57.75
2026-07-12, 00:38:38, 72.25, 56.0, 21.93, 20.5, 9999.0, 14.27, 14.23, 19.75, 9999.0, 23.66, 9999.0, 57.95, 57.2, 55.25, 51.0, 57.75
2026-07-12, 00:38:42, 72.25, 56.0, 21.93, 20.5, 9999.0, 14.27, 14.25, 19.75, 9999.0, 23.68, 9999.0, 57.98, 57.23, 55.25, 51.0, 57.75
2026-07-12, 00:38:46, 72.25, 56.0, 21.95, 20.5, 9999.0, 14.27, 14.23, 19.75, 9999.0, 23.68, 9999.0, 58.0, 57.23, 55.25, 51.0, 57.75
2026-07-12, 00:38:50, 72.25, 56.0, 21.95, 20.5, 9999.0, 14.23, 14.23, 19.75, 9999.0, 23.68, 9999.0, 58.02, 57.23, 55.25, 51.0, 57.75
2026-07-12, 00:38:54, 72.25, 56.0, 21.98, 20.5, 9999.0, 14.2, 14.23, 19.75, 9999.0, 23.68, 9999.0, 58.0, 57.23, 55.25, 51.0, 57.75
2026-07-12, 00:38:58, 72.25, 56.0, 21.95, 20.5, 9999.0, 14.18, 14.2, 19.75, 9999.0, 23.68, 9999.0, 58.0, 57.25, 55.25, 51.0, 57.75
2026-07-12, 00:39:02, 72.25, 56.0, 21.95, 20.5, 9999.0, 14.16, 14.2, 19.75, 9999.0, 23.7, 9999.0, 57.98, 57.25, 55.25, 51.0, 57.75
2026-07-12, 00:39:06, 72.25, 56.0, 21.95, 20.5, 9999.0, 14.16, 14.2, 19.75, 9999.0, 23.73, 9999.0, 57.93, 57.25, 55.25, 51.0, 57.75
2026-07-12, 00:39:10, 72.25, 56.0, 21.95, 20.5, 9999.0, 14.16, 14.18, 19.75, 9999.0, 23.73, 9999.0, 57.91, 57.25, 55.25, 51.0, 57.75
2026-07-12, 00:39:14, 72.25, 56.0, 21.95, 20.5, 9999.0, 14.16, 14.16, 19.75, 9999.0, 23.73, 9999.0, 57.89, 57.25, 55.25, 51.0, 57.75
2026-07-12, 00:39:18, 72.25, 56.0, 21.98, 20.5, 9999.0, 14.16, 14.16, 19.75, 9999.0, 23.7, 9999.0, 57.86, 57.23, 55.25, 51.0, 57.75
2026-07-12, 00:39:22, 72.25, 56.0, 21.98, 20.5, 9999.0, 14.18, 14.16, 19.75, 9999.0, 23.68, 9999.0, 57.84, 57.2, 55.25, 51.0, 57.75
2026-07-12, 00:39:26, 72.25, 56.0, 21.98, 20.5, 9999.0, 14.18, 14.16, 19.75, 9999.0, 23.66, 9999.0, 57.84, 57.18, 55.25, 51.0, 57.75
2026-07-12, 00:39:30, 72.25, 56.0, 21.95, 20.5, 9999.0, 14.18, 14.18, 19.75, 9999.0, 23.64, 9999.0, 57.82, 57.16, 55.25, 51.0, 57.75
2026-07-12, 00:39:34, 72.25, 56.0, 21.93, 20.5, 9999.0, 14.2, 14.18, 19.75, 9999.0, 23.61, 9999.0, 57.82, 57.16, 55.25, 51.0, 57.75
2026-07-12, 00:39:38, 72.25, 56.0, 21.93, 20.5, 9999.0, 14.23, 14.18, 19.75, 9999.0, 23.59, 9999.0, 57.84, 57.16, 55.25, 51.0, 57.75
2026-07-12, 00:39:42, 72.25, 56.0, 21.95, 20.5, 9999.0, 14.25, 14.2, 19.75, 9999.0, 23.57, 9999.0, 57.84, 57.16, 55.25, 51.0, 57.75
2026-07-12, 00:39:46, 72.25, 56.0, 21.95, 20.5, 9999.0, 14.27, 14.2, 19.75, 9999.0, 23.57, 9999.0, 57.86, 57.16, 55.25, 51.0, 57.75
2026-07-12, 00:39:50, 72.25, 56.0, 21.95, 20.5, 9999.0, 14.27, 14.2, 19.75, 9999.0, 23.57, 9999.0, 57.89, 57.16, 55.25, 51.0, 57.75
2026-07-12, 00:39:54, 72.25, 56.0, 21.95, 20.5, 9999.0, 14.27, 14.23, 19.75, 9999.0, 23.59, 9999.0, 57.91, 57.16, 55.25, 51.0, 57.75
2026-07-12, 00:39:58, 72.25, 56.0, 21.95, 20.5, 9999.0, 14.27, 14.25, 19.75, 9999.0, 23.59, 9999.0, 57.93, 57.16, 55.25, 51.0, 57.75
2026-07-12, 00:40:02, 72.25, 56.0, 21.95, 20.5, 9999.0, 14.27, 14.25, 19.75, 9999.0, 23.61, 9999.0, 57.95, 57.18, 55.25, 51.0, 57.75
2026-07-12, 00:40:06, 72.25, 56.0, 21.95, 20.5, 9999.0, 14.25, 14.23, 19.75, 9999.0, 23.64, 9999.0, 57.98, 57.2, 55.25, 51.0, 57.75
2026-07-12, 00:40:10, 72.25, 56.0, 21.95, 20.5, 9999.0, 14.23, 14.2, 19.75, 9999.0, 23.66, 9999.0, 57.98, 57.23, 55.25, 51.0, 57.75
2026-07-12, 00:40:14, 72.25, 56.0, 21.95, 20.5, 9999.0, 14.2, 14.2, 19.75, 9999.0, 23.68, 9999.0, 58.0, 57.25, 55.25, 51.0, 57.75
2026-07-12, 00:40:18, 72.25, 56.0, 21.98, 20.5, 9999.0, 14.18, 14.2, 19.77, 9999.0, 23.7, 9999.0, 57.98, 57.25, 55.25, 51.0, 57.75
2026-07-12, 00:40:22, 72.25, 56.0, 21.95, 20.5, 9999.0, 14.16, 14.2, 19.77, 9999.0, 23.73, 9999.0, 57.95, 57.25, 55.25, 51.0, 57.75
2026-07-12, 00:40:26, 72.25, 56.0, 21.95, 20.5, 9999.0, 14.16, 14.18, 19.77, 9999.0, 23.75, 9999.0, 57.93, 57.25, 55.25, 51.0, 57.75
2026-07-12, 00:40:30, 72.25, 56.0, 21.95, 20.5, 9999.0, 14.16, 14.16, 19.77, 9999.0, 23.75, 9999.0, 57.91, 57.23, 55.25, 51.0, 57.75
2026-07-12, 00:40:34, 72.25, 56.0, 21.95, 20.5, 9999.0, 14.16, 14.16, 19.77, 9999.0, 23.75, 9999.0, 57.89, 57.23, 55.25, 51.0, 57.75
2026-07-12, 00:40:38, 72.25, 56.0, 21.95, 20.5, 9999.0, 14.16, 14.16, 19.77, 9999.0, 23.75, 9999.0, 57.86, 57.23, 55.25, 51.0, 57.75
2026-07-12, 00:40:42, 72.25, 56.0, 21.95, 20.5, 9999.0, 14.18, 14.16, 19.77, 9999.0, 23.73, 9999.0, 57.86, 57.2, 55.25, 51.0, 57.75
2026-07-12, 00:40:46, 72.25, 56.0, 21.95, 20.5, 9999.0, 14.18, 14.16, 19.77, 9999.0, 23.7, 9999.0, 57.86, 57.18, 55.25, 51.0, 57.75
2026-07-12, 00:40:50, 72.25, 56.0, 21.95, 20.5, 9999.0, 14.18, 14.18, 19.77, 9999.0, 23.7, 9999.0, 57.89, 57.16, 55.25, 51.0, 57.75
2026-07-12, 00:40:54, 72.25, 56.0, 21.95, 20.5, 9999.0, 14.2, 14.18, 19.77, 9999.0, 23.68, 9999.0, 57.89, 57.16, 55.25, 51.0, 57.75
2026-07-12, 00:40:58, 72.25, 56.0, 21.98, 20.5, 9999.0, 14.23, 14.18, 19.77, 9999.0, 23.66, 9999.0, 57.89, 57.16, 55.25, 51.0, 57.75
2026-07-12, 00:41:02, 72.25, 56.0, 21.98, 20.5, 9999.0, 14.25, 14.18, 19.75, 9999.0, 23.66, 9999.0, 57.91, 57.16, 55.25, 51.0, 57.75
2026-07-12, 00:41:06, 72.25, 56.0, 22.0, 20.5, 9999.0, 14.27, 14.18, 19.75, 9999.0, 23.66, 9999.0, 57.93, 57.16, 55.25, 51.0, 57.75
2026-07-12, 00:41:10, 72.25, 56.0, 22.0, 20.5, 9999.0, 14.27, 14.2, 19.75, 9999.0, 23.68, 9999.0, 57.95, 57.16, 55.25, 51.0, 57.75
2026-07-12, 00:41:14, 72.25, 56.0, 22.0, 20.5, 9999.0, 14.25, 14.23, 19.75, 9999.0, 23.7, 9999.0, 57.98, 57.18, 55.25, 51.0, 57.75
2026-07-12, 00:41:18, 72.25, 56.0, 22.0, 20.5, 9999.0, 14.23, 14.23, 19.75, 9999.0, 23.7, 9999.0, 58.0, 57.18, 55.25, 51.0, 57.75
2026-07-12, 00:41:22, 72.25, 56.0, 22.0, 20.5, 9999.0, 14.2, 14.23, 19.75, 9999.0, 23.7, 9999.0, 58.02, 57.18, 55.25, 51.0, 57.75
2026-07-12, 00:41:26, 72.25, 56.0, 22.0, 20.5, 9999.0, 14.16, 14.23, 19.75, 9999.0, 23.73, 9999.0, 58.02, 57.2, 55.25, 51.0, 57.75
2026-07-12, 00:41:30, 72.25, 56.0, 22.0, 20.5, 9999.0, 14.14, 14.23, 19.75, 9999.0, 23.75, 9999.0, 58.02, 57.23, 55.25, 51.0, 57.75
2026-07-12, 00:41:34, 72.25, 56.0, 21.98, 20.5, 9999.0, 14.11, 14.23, 19.75, 9999.0, 23.75, 9999.0, 58.0, 57.25, 55.25, 51.0, 57.75
2026-07-12, 00:41:38, 72.25, 56.0, 21.98, 20.5, 9999.0, 14.09, 14.23, 19.75, 9999.0, 23.75, 9999.0, 57.98, 57.25, 55.25, 51.0, 57.75
2026-07-12, 00:41:42, 72.25, 56.0, 21.98, 20.5, 9999.0, 14.09, 14.23, 19.75, 9999.0, 23.75, 9999.0, 57.95, 57.25, 55.25, 51.0, 57.75
2026-07-12, 00:41:46, 72.25, 56.0, 21.98, 20.5, 9999.0, 14.09, 14.23, 19.75, 9999.0, 23.73, 9999.0, 57.93, 57.25, 55.25, 51.0, 57.75
2026-07-12, 00:41:50, 72.25, 56.0, 21.98, 20.5, 9999.0, 14.09, 14.23, 19.75, 9999.0, 23.7, 9999.0, 57.91, 57.25, 55.25, 51.0, 57.75
2026-07-12, 00:41:54, 72.25, 56.0, 21.98, 20.5, 9999.0, 14.11, 14.23, 19.75, 9999.0, 23.66, 9999.0, 57.89, 57.25, 55.25, 51.0, 57.75
2026-07-12, 00:41:58, 72.25, 56.0, 21.98, 20.5, 9999.0, 14.16, 14.23, 19.75, 9999.0, 23.61, 9999.0, 57.89, 57.23, 55.25, 51.0, 57.75
2026-07-12, 00:42:02, 72.25, 56.0, 21.95, 20.5, 9999.0, 14.2, 14.23, 19.75, 9999.0, 23.59, 9999.0, 57.89, 57.23, 55.25, 51.0, 57.75
2026-07-12, 00:42:07, 72.25, 56.0, 21.95, 20.5, 9999.0, 14.23, 14.23, 19.75, 9999.0, 23.57, 9999.0, 57.91, 57.23, 55.25, 51.0, 57.75
2026-07-12, 00:42:11, 72.25, 56.0, 21.95, 20.5, 9999.0, 14.25, 14.23, 19.75, 9999.0, 23.55, 9999.0, 57.93, 57.23, 55.25, 51.0, 57.75
2026-07-12, 00:42:15, 72.25, 56.0, 21.95, 20.5, 9999.0, 14.27, 14.23, 19.75, 9999.0, 23.52, 9999.0, 57.93, 57.23, 55.25, 51.0, 57.75
2026-07-12, 00:42:19, 72.25, 56.0, 21.95, 20.5, 9999.0, 14.3, 14.23, 19.75, 9999.0, 23.52, 9999.0, 57.93, 57.23, 55.25, 51.0, 57.75
2026-07-12, 00:42:23, 72.25, 56.0, 21.95, 20.5, 9999.0, 14.32, 14.25, 19.75, 9999.0, 23.55, 9999.0, 57.95, 57.23, 55.25, 51.0, 57.75
2026-07-12, 00:42:27, 72.25, 56.0, 21.95, 20.5, 9999.0, 14.32, 14.25, 19.75, 9999.0, 23.57, 9999.0, 57.98, 57.23, 55.25, 51.0, 57.75
2026-07-12, 00:42:31, 72.25, 56.0, 21.95, 20.5, 9999.0, 14.32, 14.25, 19.75, 9999.0, 23.61, 9999.0, 58.0, 57.23, 55.25, 51.0, 57.75
2026-07-12, 00:42:35, 72.25, 56.0, 21.95, 20.5, 9999.0, 14.32, 14.25, 19.75, 9999.0, 23.64, 9999.0, 58.02, 57.23, 55.25, 51.0, 57.75
2026-07-12, 00:42:39, 72.25, 56.0, 21.95, 20.5, 9999.0, 14.27, 14.25, 19.75, 9999.0, 23.66, 9999.0, 58.05, 57.23, 55.25, 51.0, 57.75
2026-07-12, 00:42:43, 72.25, 56.0, 21.95, 20.5, 9999.0, 14.23, 14.25, 19.75, 9999.0, 23.68, 9999.0, 58.05, 57.25, 55.25, 51.0, 57.75
2026-07-12, 00:42:47, 72.25, 56.0, 21.98, 20.5, 9999.0, 14.18, 14.25, 19.75, 9999.0, 23.7, 9999.0, 58.05, 57.25, 55.25, 51.0, 57.75
2026-07-12, 00:42:51, 72.25, 56.0, 21.98, 20.5, 9999.0, 14.16, 14.25, 19.75, 9999.0, 23.73, 9999.0, 58.02, 57.25, 55.25, 51.0, 57.75
2026-07-12, 00:42:55, 72.25, 56.0, 21.98, 20.5, 9999.0, 14.16, 14.23, 19.75, 9999.0, 23.75, 9999.0, 57.98, 57.25, 55.25, 51.0, 57.75
2026-07-12, 00:42:59, 72.25, 56.0, 21.98, 20.5, 9999.0, 14.16, 14.2, 19.75, 9999.0, 23.77, 9999.0, 57.95, 57.25, 55.25, 51.0, 57.75
2026-07-12, 00:43:03, 72.25, 56.0, 22.0, 20.5, 9999.0, 14.16, 14.2, 19.75, 9999.0, 23.77, 9999.0, 57.93, 57.25, 55.25, 51.0, 57.75
2026-07-12, 00:43:07, 72.25, 56.0, 22.0, 20.5, 9999.0, 14.18, 14.2, 19.75, 9999.0, 23.77, 9999.0, 57.91, 57.23, 55.25, 51.0, 57.75
2026-07-12, 00:43:11, 72.25, 56.0, 22.0, 20.5, 9999.0, 14.2, 14.2, 19.75, 9999.0, 23.77, 9999.0, 57.91, 57.23, 55.25, 51.0, 57.75
2026-07-12, 00:43:15, 72.25, 56.0, 22.0, 20.5, 9999.0, 14.23, 14.2, 19.77, 9999.0, 23.75, 9999.0, 57.91, 57.23, 55.25, 51.0, 57.75
2026-07-12, 00:43:19, 72.25, 56.0, 22.0, 20.5, 9999.0, 14.25, 14.2, 19.77, 9999.0, 23.73, 9999.0, 57.91, 57.23, 55.25, 51.0, 57.75
2026-07-12, 00:43:23, 72.25, 56.0, 22.0, 20.5, 9999.0, 14.27, 14.2, 19.77, 9999.0, 23.7, 9999.0, 57.93, 57.23, 55.25, 51.0, 57.75
2026-07-12, 00:43:27, 72.25, 56.0, 22.0, 20.5, 9999.0, 14.3, 14.2, 19.8, 9999.0, 23.68, 9999.0, 57.95, 57.23, 55.25, 51.0, 57.75
2026-07-12, 00:43:31, 72.25, 56.0, 22.0, 20.5, 9999.0, 14.32, 14.2, 19.8, 9999.0, 23.68, 9999.0, 57.95, 57.23, 55.25, 51.0, 57.77
2026-07-12, 00:43:35, 72.25, 56.0, 22.0, 20.5, 9999.0, 14.34, 14.2, 19.8, 9999.0, 23.68, 9999.0, 57.95, 57.23, 55.25, 51.0, 57.77
2026-07-12, 00:43:39, 72.25, 56.0, 22.0, 20.5, 9999.0, 14.34, 14.23, 19.8, 9999.0, 23.68, 9999.0, 57.98, 57.23, 55.25, 51.0, 57.77
2026-07-12, 00:43:43, 72.25, 56.0, 22.0, 20.5, 9999.0, 14.34, 14.25, 19.8, 9999.0, 23.7, 9999.0, 58.0, 57.23, 55.25, 51.0, 57.77
2026-07-12, 00:43:47, 72.25, 56.0, 22.0, 20.52, 9999.0, 14.34, 14.25, 19.8, 9999.0, 23.73, 9999.0, 58.02, 57.23, 55.25, 51.0, 57.77
2026-07-12, 00:43:51, 72.25, 56.0, 22.0, 20.55, 9999.0, 14.32, 14.25, 19.8, 9999.0, 23.75, 9999.0, 58.05, 57.25, 55.25, 51.0, 57.77
2026-07-12, 00:43:55, 72.25, 56.0, 22.0, 20.55, 9999.0, 14.27, 14.25, 19.8, 9999.0, 23.77, 9999.0, 58.05, 57.25, 55.25, 51.0, 57.77
2026-07-12, 00:43:59, 72.25, 56.0, 22.0, 20.57, 9999.0, 14.25, 14.25, 19.77, 9999.0, 23.77, 9999.0, 58.05, 57.25, 55.25, 51.0, 57.77
2026-07-12, 00:44:03, 72.25, 56.0, 22.0, 20.57, 9999.0, 14.2, 14.25, 19.8, 9999.0, 23.8, 9999.0, 58.02, 57.25, 55.25, 51.0, 57.77
2026-07-12, 00:44:07, 72.25, 56.0, 22.0, 20.57, 9999.0, 14.18, 14.25, 19.8, 9999.0, 23.82, 9999.0, 57.98, 57.25, 55.25, 51.0, 57.77
2026-07-12, 00:44:11, 72.25, 56.0, 22.0, 20.57, 9999.0, 14.18, 14.25, 19.77, 9999.0, 23.84, 9999.0, 57.93, 57.25, 55.25, 51.0, 57.77
2026-07-12, 00:44:15, 72.25, 56.0, 22.0, 20.57, 9999.0, 14.18, 14.25, 19.77, 9999.0, 23.84, 9999.0, 57.91, 57.25, 55.25, 51.0, 57.75
2026-07-12, 00:44:19, 72.25, 56.0, 22.0, 20.57, 9999.0, 14.18, 14.25, 19.77, 9999.0, 23.84, 9999.0, 57.89, 57.25, 55.25, 51.0, 57.75
2026-07-12, 00:44:23, 72.25, 56.0, 22.0, 20.57, 9999.0, 14.2, 14.25, 19.8, 9999.0, 23.84, 9999.0, 57.86, 57.25, 55.25, 51.0, 57.75
2026-07-12, 00:44:27, 72.25, 56.0, 22.0, 20.57, 9999.0, 14.23, 14.25, 19.8, 9999.0, 23.82, 9999.0, 57.86, 57.25, 55.25, 51.0, 57.75
2026-07-12, 00:44:31, 72.25, 56.0, 22.0, 20.55, 9999.0, 14.25, 14.25, 19.8, 9999.0, 23.77, 9999.0, 57.86, 57.25, 55.25, 51.0, 57.75
2026-07-12, 00:44:35, 72.25, 56.0, 22.0, 20.52, 9999.0, 14.27, 14.25, 19.8, 9999.0, 23.75, 9999.0, 57.86, 57.25, 55.25, 51.0, 57.75
2026-07-12, 00:44:39, 72.25, 56.0, 22.0, 20.52, 9999.0, 14.3, 14.25, 19.8, 9999.0, 23.73, 9999.0, 57.89, 57.25, 55.25, 51.0, 57.75
2026-07-12, 00:44:43, 72.25, 56.0, 22.0, 20.5, 9999.0, 14.3, 14.25, 19.8, 9999.0, 23.7, 9999.0, 57.91, 57.25, 55.25, 51.0, 57.75
2026-07-12, 00:44:47, 72.25, 56.0, 22.0, 20.5, 9999.0, 14.32, 14.25, 19.77, 9999.0, 23.7, 9999.0, 57.93, 57.25, 55.25, 51.0, 57.75
2026-07-12, 00:44:51, 72.25, 56.0, 22.0, 20.5, 9999.0, 14.34, 14.25, 19.77, 9999.0, 23.7, 9999.0, 57.95, 57.25, 55.25, 51.0, 57.75
2026-07-12, 00:44:55, 72.25, 56.0, 22.0, 20.5, 9999.0, 14.34, 14.25, 19.8, 9999.0, 23.73, 9999.0, 57.98, 57.25, 55.25, 51.0, 57.75
2026-07-12, 00:44:59, 72.25, 56.0, 22.0, 20.5, 9999.0, 14.34, 14.25, 19.82, 9999.0, 23.75, 9999.0, 58.0, 57.25, 55.25, 51.0, 57.75
2026-07-12, 00:45:03, 72.25, 56.0, 22.0, 20.5, 9999.0, 14.34, 14.25, 19.82, 9999.0, 23.75, 9999.0, 58.02, 57.25, 55.25, 51.0, 57.75
2026-07-12, 00:45:07, 72.25, 56.0, 22.0, 20.5, 9999.0, 14.3, 14.25, 19.8, 9999.0, 23.77, 9999.0, 58.05, 57.25, 55.25, 51.0, 57.75
2026-07-12, 00:45:11, 72.25, 56.0, 22.0, 20.5, 9999.0, 14.25, 14.25, 19.82, 9999.0, 23.8, 9999.0, 58.05, 57.25, 55.25, 51.0, 57.75
2026-07-12, 00:45:15, 72.25, 56.0, 22.0, 20.5, 9999.0, 14.23, 14.25, 19.82, 9999.0, 23.82, 9999.0, 58.05, 57.25, 55.25, 51.0, 57.75
2026-07-12, 00:45:19, 72.25, 56.0, 22.0, 20.5, 9999.0, 14.18, 14.25, 19.82, 9999.0, 23.84, 9999.0, 58.02, 57.25, 55.25, 51.0, 57.75
2026-07-12, 00:45:23, 72.25, 56.0, 22.0, 20.5, 9999.0, 14.18, 14.25, 19.82, 9999.0, 23.84, 9999.0, 58.0, 57.25, 55.25, 51.0, 57.75
2026-07-12, 00:45:27, 72.25, 56.0, 22.0, 20.5, 9999.0, 14.18, 14.25, 19.82, 9999.0, 23.86, 9999.0, 57.95, 57.25, 55.25, 51.0, 57.75
2026-07-12, 00:45:31, 72.25, 56.0, 22.0, 20.5, 9999.0, 14.18, 14.25, 19.82, 9999.0, 23.86, 9999.0, 57.93, 57.25, 55.25, 51.0, 57.75
2026-07-12, 00:45:35, 72.25, 56.0, 22.0, 20.5, 9999.0, 14.2, 14.25, 19.84, 9999.0, 23.86, 9999.0, 57.91, 57.25, 55.25, 51.0, 57.75
2026-07-12, 00:45:39, 72.25, 56.0, 22.0, 20.5, 9999.0, 14.23, 14.25, 19.84, 9999.0, 23.84, 9999.0, 57.89, 57.25, 55.25, 51.0, 57.75
2026-07-12, 00:45:43, 72.25, 56.0, 22.0, 20.5, 9999.0, 14.25, 14.25, 19.84, 9999.0, 23.82, 9999.0, 57.89, 57.25, 55.25, 51.0, 57.75
2026-07-12, 00:45:47, 72.25, 56.0, 22.0, 20.5, 9999.0, 14.25, 14.25, 19.84, 9999.0, 23.82, 9999.0, 57.89, 57.25, 55.25, 51.0, 57.75
2026-07-12, 00:45:51, 72.25, 56.0, 22.0, 20.52, 9999.0, 14.27, 14.25, 19.84, 9999.0, 23.8, 9999.0, 57.91, 57.25, 55.25, 51.0, 57.75
2026-07-12, 00:45:56, 72.25, 56.0, 22.0, 20.55, 9999.0, 14.3, 14.25, 19.82, 9999.0, 23.77, 9999.0, 57.93, 57.25, 55.25, 51.0, 57.75
2026-07-12, 00:46:00, 72.25, 56.0, 22.0, 20.57, 9999.0, 14.3, 14.25, 19.82, 9999.0, 23.77, 9999.0, 57.93, 57.25, 55.25, 51.0, 57.75
2026-07-12, 00:46:04, 72.25, 56.0, 22.0, 20.57, 9999.0, 14.32, 14.25, 19.84, 9999.0, 23.75, 9999.0, 57.95, 57.25, 55.25, 51.0, 57.75
2026-07-12, 00:46:08, 72.25, 56.0, 22.0, 20.57, 9999.0, 14.32, 14.25, 19.84, 9999.0, 23.75, 9999.0, 57.95, 57.25, 55.25, 51.0, 57.75
2026-07-12, 00:46:12, 72.25, 56.0, 21.98, 20.57, 9999.0, 14.32, 14.25, 19.84, 9999.0, 23.77, 9999.0, 57.98, 57.25, 55.25, 51.0, 57.75
2026-07-12, 00:46:16, 72.25, 56.02, 21.98, 20.59, 9999.0, 14.32, 14.25, 19.84, 9999.0, 23.8, 9999.0, 58.0, 57.25, 55.25, 51.0, 57.75
2026-07-12, 00:46:20, 72.25, 56.05, 21.98, 20.59, 9999.0, 14.3, 14.25, 19.82, 9999.0, 23.82, 9999.0, 58.02, 57.25, 55.25, 51.0, 57.75
2026-07-12, 00:46:24, 72.25, 56.05, 21.98, 20.61, 9999.0, 14.25, 14.25, 19.8, 9999.0, 23.84, 9999.0, 58.05, 57.25, 55.25, 51.0, 57.75
2026-07-12, 00:46:28, 72.25, 56.05, 21.98, 20.61, 9999.0, 14.2, 14.25, 19.8, 9999.0, 23.86, 9999.0, 58.05, 57.25, 55.25, 51.0, 57.75
2026-07-12, 00:46:32, 72.25, 56.05, 21.98, 20.61, 9999.0, 14.18, 14.25, 19.8, 9999.0, 23.89, 9999.0, 58.05, 57.25, 55.25, 51.0, 57.75
2026-07-12, 00:46:36, 72.25, 56.05, 21.98, 20.59, 9999.0, 14.16, 14.25, 19.8, 9999.0, 23.89, 9999.0, 58.0, 57.25, 55.25, 51.0, 57.75
2026-07-12, 00:46:40, 72.25, 56.05, 21.98, 20.57, 9999.0, 14.16, 14.25, 19.8, 9999.0, 23.91, 9999.0, 57.95, 57.25, 55.25, 51.0, 57.75
2026-07-12, 00:46:44, 72.25, 56.05, 21.98, 20.55, 9999.0, 14.16, 14.25, 19.82, 9999.0, 23.93, 9999.0, 57.93, 57.25, 55.25, 51.0, 57.75
2026-07-12, 00:46:48, 72.25, 56.05, 21.98, 20.55, 9999.0, 14.16, 14.25, 19.8, 9999.0, 23.93, 9999.0, 57.91, 57.25, 55.25, 51.0, 57.75
2026-07-12, 00:46:52, 72.25, 56.05, 21.98, 20.55, 9999.0, 14.18, 14.25, 19.8, 9999.0, 23.95, 9999.0, 57.89, 57.25, 55.25, 51.0, 57.75
2026-07-12, 00:46:56, 72.25, 56.05, 22.0, 20.57, 9999.0, 14.2, 14.25, 19.8, 9999.0, 23.93, 9999.0, 57.89, 57.25, 55.25, 51.0, 57.75
2026-07-12, 00:47:00, 72.25, 56.02, 22.0, 20.55, 9999.0, 14.23, 14.25, 19.8, 9999.0, 23.91, 9999.0, 57.89, 57.25, 55.25, 51.0, 57.75
2026-07-12, 00:47:04, 72.25, 56.0, 22.0, 20.55, 9999.0, 14.23, 14.25, 19.82, 9999.0, 23.89, 9999.0, 57.89, 57.25, 55.25, 51.0, 57.75
2026-07-12, 00:47:08, 72.25, 56.0, 21.98, 20.55, 9999.0, 14.25, 14.25, 19.82, 9999.0, 23.86, 9999.0, 57.91, 57.25, 55.25, 51.0, 57.75
2026-07-12, 00:47:12, 72.25, 56.0, 21.98, 20.55, 9999.0, 14.27, 14.25, 19.8, 9999.0, 23.84, 9999.0, 57.93, 57.25, 55.25, 51.0, 57.75
2026-07-12, 00:47:16, 72.25, 56.0, 21.98, 20.55, 9999.0, 14.3, 14.25, 19.8, 9999.0, 23.84, 9999.0, 57.93, 57.25, 55.25, 51.0, 57.75
2026-07-12, 00:47:20, 72.25, 56.0, 21.95, 20.55, 9999.0, 14.32, 14.25, 19.8, 9999.0, 23.86, 9999.0, 57.95, 57.23, 55.25, 51.0, 57.75
2026-07-12, 00:47:24, 72.25, 56.0, 21.93, 20.55, 9999.0, 14.32, 14.25, 19.8, 9999.0, 23.86, 9999.0, 57.98, 57.23, 55.25, 51.0, 57.75
2026-07-12, 00:47:28, 72.25, 56.0, 21.91, 20.57, 9999.0, 14.32, 14.25, 19.77, 9999.0, 23.86, 9999.0, 58.0, 57.23, 55.25, 51.0, 57.75
2026-07-12, 00:47:32, 72.25, 56.0, 21.91, 20.59, 9999.0, 14.32, 14.25, 19.77, 9999.0, 23.89, 9999.0, 58.02, 57.23, 55.25, 51.0, 57.75
2026-07-12, 00:47:36, 72.25, 56.0, 21.91, 20.59, 9999.0, 14.3, 14.25, 19.77, 9999.0, 23.89, 9999.0, 58.05, 57.23, 55.25, 51.0, 57.75
2026-07-12, 00:47:40, 72.25, 56.0, 21.91, 20.57, 9999.0, 14.27, 14.25, 19.77, 9999.0, 23.91, 9999.0, 58.05, 57.23, 55.25, 51.0, 57.75
2026-07-12, 00:47:44, 72.25, 56.0, 21.91, 20.57, 9999.0, 14.25, 14.25, 19.77, 9999.0, 23.93, 9999.0, 58.05, 57.23, 55.25, 51.0, 57.75
2026-07-12, 00:47:48, 72.25, 56.0, 21.91, 20.57, 9999.0, 14.25, 14.25, 19.75, 9999.0, 23.95, 9999.0, 58.05, 57.23, 55.25, 51.0, 57.75
2026-07-12, 00:47:52, 72.25, 56.0, 21.93, 20.55, 9999.0, 14.25, 14.25, 19.75, 9999.0, 23.98, 9999.0, 58.0, 57.23, 55.25, 51.0, 57.75
2026-07-12, 00:47:56, 72.25, 56.0, 21.93, 20.55, 9999.0, 14.25, 14.25, 19.75, 9999.0, 23.98, 9999.0, 57.95, 57.23, 55.25, 51.0, 57.75
2026-07-12, 00:48:00, 72.25, 56.0, 21.93, 20.55, 9999.0, 14.25, 14.23, 19.75, 9999.0, 23.95, 9999.0, 57.93, 57.23, 55.25, 51.0, 57.75
2026-07-12, 00:48:04, 72.25, 56.0, 21.95, 20.55, 9999.0, 14.27, 14.23, 19.77, 9999.0, 23.93, 9999.0, 57.91, 57.25, 55.25, 51.0, 57.75
2026-07-12, 00:48:08, 72.25, 56.0, 21.98, 20.55, 9999.0, 14.3, 14.23, 19.77, 9999.0, 23.91, 9999.0, 57.89, 57.25, 55.25, 51.0, 57.75
2026-07-12, 00:48:12, 72.25, 56.0, 22.0, 20.52, 9999.0, 14.32, 14.23, 19.77, 9999.0, 23.89, 9999.0, 57.89, 57.23, 55.25, 51.0, 57.75
2026-07-12, 00:48:16, 72.25, 56.0, 22.0, 20.5, 9999.0, 14.32, 14.23, 19.77, 9999.0, 23.86, 9999.0, 57.89, 57.2, 55.25, 51.0, 57.75
2026-07-12, 00:48:20, 72.25, 56.0, 22.0, 20.5, 9999.0, 14.32, 14.23, 19.77, 9999.0, 23.84, 9999.0, 57.91, 57.2, 55.25, 51.0, 57.75
2026-07-12, 00:48:24, 72.25, 56.0, 22.0, 20.5, 9999.0, 14.32, 14.23, 19.77, 9999.0, 23.82, 9999.0, 57.93, 57.2, 55.25, 51.0, 57.75
2026-07-12, 00:48:28, 72.25, 56.0, 22.0, 20.5, 9999.0, 14.32, 14.23, 19.77, 9999.0, 23.8, 9999.0, 57.93, 57.2, 55.25, 51.0, 57.75
2026-07-12, 00:48:32, 72.25, 56.0, 22.0, 20.5, 9999.0, 14.32, 14.23, 19.77, 9999.0, 23.8, 9999.0, 57.93, 57.2, 55.25, 51.0, 57.75
2026-07-12, 00:48:36, 72.25, 56.0, 22.0, 20.5, 9999.0, 14.32, 14.23, 19.77, 9999.0, 23.8, 9999.0, 57.95, 57.2, 55.25, 51.0, 57.75
2026-07-12, 00:48:40, 72.25, 56.0, 22.0, 20.5, 9999.0, 14.32, 14.23, 19.77, 9999.0, 23.82, 9999.0, 57.98, 57.2, 55.25, 51.0, 57.75
2026-07-12, 00:48:44, 72.25, 56.0, 22.0, 20.5, 9999.0, 14.32, 14.25, 19.77, 9999.0, 23.84, 9999.0, 58.0, 57.2, 55.25, 51.0, 57.75
2026-07-12, 00:48:48, 72.25, 56.0, 22.0, 20.5, 9999.0, 14.3, 14.25, 19.75, 9999.0, 23.86, 9999.0, 58.02, 57.2, 55.25, 50.98, 57.75
2026-07-12, 00:48:52, 72.25, 56.0, 22.0, 20.5, 9999.0, 14.25, 14.25, 19.75, 9999.0, 23.89, 9999.0, 58.05, 57.2, 55.25, 50.98, 57.75
2026-07-12, 00:48:56, 72.25, 56.02, 22.0, 20.5, 9999.0, 14.2, 14.25, 19.75, 9999.0, 23.91, 9999.0, 58.05, 57.23, 55.25, 50.98, 57.75
2026-07-12, 00:49:00, 72.25, 56.02, 22.0, 20.5, 9999.0, 14.18, 14.25, 19.75, 9999.0, 23.93, 9999.0, 58.05, 57.25, 55.25, 50.98, 57.75
2026-07-12, 00:49:04, 72.25, 56.02, 22.0, 20.52, 9999.0, 14.16, 14.23, 19.75, 9999.0, 23.95, 9999.0, 58.02, 57.25, 55.25, 50.98, 57.75
2026-07-12, 00:49:08, 72.25, 56.02, 22.0, 20.55, 9999.0, 14.14, 14.23, 19.75, 9999.0, 23.98, 9999.0, 57.98, 57.25, 55.25, 50.98, 57.75
2026-07-12, 00:49:12, 72.25, 56.02, 22.0, 20.55, 9999.0, 14.14, 14.2, 19.75, 9999.0, 24.0, 9999.0, 57.95, 57.25, 55.25, 50.98, 57.75
2026-07-12, 00:49:16, 72.25, 56.02, 22.0, 20.57, 9999.0, 14.14, 14.2, 19.75, 9999.0, 24.0, 9999.0, 57.93, 57.25, 55.25, 50.98, 57.75
2026-07-12, 00:49:20, 72.25, 56.02, 22.0, 20.57, 9999.0, 14.16, 14.2, 19.75, 9999.0, 24.0, 9999.0, 57.91, 57.25, 55.25, 50.98, 57.75
2026-07-12, 00:49:24, 72.25, 56.02, 22.0, 20.57, 9999.0, 14.18, 14.2, 19.75, 9999.0, 24.0, 9999.0, 57.91, 57.25, 55.25, 50.98, 57.75
2026-07-12, 00:49:28, 72.25, 56.02, 22.0, 20.57, 9999.0, 14.2, 14.2, 19.77, 9999.0, 24.0, 9999.0, 57.91, 57.25, 55.25, 50.98, 57.75
2026-07-12, 00:49:32, 72.25, 56.02, 22.0, 20.57, 9999.0, 14.23, 14.2, 19.77, 9999.0, 23.98, 9999.0, 57.91, 57.25, 55.25, 51.0, 57.75
2026-07-12, 00:49:36, 72.25, 56.02, 22.0, 20.57, 9999.0, 14.25, 14.2, 19.77, 9999.0, 23.95, 9999.0, 57.93, 57.25, 55.25, 51.0, 57.75
2026-07-12, 00:49:41, 72.25, 56.0, 22.0, 20.57, 9999.0, 14.27, 14.2, 19.8, 9999.0, 23.93, 9999.0, 57.93, 57.25, 55.25, 51.0, 57.75
2026-07-12, 00:49:45, 72.25, 56.0, 22.0, 20.57, 9999.0, 14.3, 14.2, 19.82, 9999.0, 23.93, 9999.0, 57.93, 57.25, 55.25, 51.0, 57.75
2026-07-12, 00:49:49, 72.25, 56.0, 22.0, 20.55, 9999.0, 14.32, 14.23, 19.82, 9999.0, 23.93, 9999.0, 57.95, 57.25, 55.25, 51.0, 57.75
2026-07-12, 00:49:53, 72.25, 56.0, 22.0, 20.52, 9999.0, 14.34, 14.23, 19.82, 9999.0, 23.93, 9999.0, 57.98, 57.25, 55.25, 51.0, 57.75
2026-07-12, 00:49:57, 72.25, 56.0, 22.0, 20.52, 9999.0, 14.34, 14.25, 19.84, 9999.0, 23.95, 9999.0, 58.0, 57.25, 55.25, 51.0, 57.75
2026-07-12, 00:50:01, 72.25, 56.0, 22.0, 20.5, 9999.0, 14.32, 14.25, 19.84, 9999.0, 23.95, 9999.0, 58.02, 57.25, 55.25, 51.0, 57.75
2026-07-12, 00:50:05, 72.25, 56.0, 22.0, 20.5, 9999.0, 14.3, 14.25, 19.84, 9999.0, 23.95, 9999.0, 58.05, 57.25, 55.25, 51.0, 57.75
2026-07-12, 00:50:09, 72.25, 56.0, 22.0, 20.5, 9999.0, 14.27, 14.25, 19.84, 9999.0, 23.95, 9999.0, 58.05, 57.25, 55.25, 51.0, 57.75
2026-07-12, 00:50:13, 72.25, 56.0, 22.0, 20.5, 9999.0, 14.23, 14.25, 19.82, 9999.0, 23.95, 9999.0, 58.02, 57.25, 55.25, 51.0, 57.75
2026-07-12, 00:50:17, 72.25, 56.0, 22.0, 20.5, 9999.0, 14.18, 14.25, 19.82, 9999.0, 23.98, 9999.0, 58.02, 57.25, 55.25, 51.0, 57.75
2026-07-12, 00:50:21, 72.25, 56.0, 22.0, 20.5, 9999.0, 14.16, 14.25, 19.84, 9999.0, 24.0, 9999.0, 57.98, 57.25, 55.25, 51.0, 57.75
2026-07-12, 00:50:25, 72.25, 56.0, 22.0, 20.5, 9999.0, 14.16, 14.25, 19.84, 9999.0, 24.02, 9999.0, 57.95, 57.25, 55.25, 51.0, 57.75
2026-07-12, 00:50:29, 72.25, 56.0, 22.0, 20.5, 9999.0, 14.16, 14.23, 19.82, 9999.0, 24.02, 9999.0, 57.93, 57.25, 55.25, 51.0, 57.75
2026-07-12, 00:50:33, 72.25, 56.0, 22.0, 20.5, 9999.0, 14.16, 14.23, 19.84, 9999.0, 24.02, 9999.0, 57.89, 57.25, 55.25, 51.0, 57.75
2026-07-12, 00:50:37, 72.25, 56.0, 22.0, 20.5, 9999.0, 14.18, 14.23, 19.86, 9999.0, 24.02, 9999.0, 57.86, 57.25, 55.25, 51.0, 57.75
2026-07-12, 00:50:41, 72.25, 56.0, 22.0, 20.5, 9999.0, 14.2, 14.23, 19.86, 9999.0, 24.0, 9999.0, 57.86, 57.25, 55.25, 51.0, 57.75
2026-07-12, 00:50:45, 72.25, 56.0, 22.0, 20.5, 9999.0, 14.25, 14.23, 19.86, 9999.0, 24.0, 9999.0, 57.86, 57.25, 55.25, 51.0, 57.75
2026-07-12, 00:50:49, 72.25, 56.0, 22.0, 20.5, 9999.0, 14.25, 14.23, 19.86, 9999.0, 24.0, 9999.0, 57.86, 57.25, 55.25, 51.0, 57.75
2026-07-12, 00:50:53, 72.25, 56.0, 22.0, 20.52, 9999.0, 14.25, 14.23, 19.86, 9999.0, 24.0, 9999.0, 57.86, 57.23, 55.25, 51.0, 57.75
2026-07-12, 00:50:57, 72.25, 56.0, 22.0, 20.55, 9999.0, 14.27, 14.23, 19.86, 9999.0, 24.0, 9999.0, 57.89, 57.23, 55.25, 51.0, 57.75
2026-07-12, 00:51:01, 72.25, 56.0, 22.0, 20.57, 9999.0, 14.3, 14.23, 19.86, 9999.0, 24.0, 9999.0, 57.89, 57.23, 55.25, 51.0, 57.75
2026-07-12, 00:51:05, 72.25, 56.0, 22.0, 20.59, 9999.0, 14.32, 14.23, 19.84, 9999.0, 24.0, 9999.0, 57.91, 57.23, 55.25, 51.0, 57.75
2026-07-12, 00:51:09, 72.25, 56.0, 22.0, 20.59, 9999.0, 14.32, 14.23, 19.82, 9999.0, 24.02, 9999.0, 57.93, 57.23, 55.25, 51.0, 57.75
2026-07-12, 00:51:13, 72.25, 56.0, 22.0, 20.59, 9999.0, 14.32, 14.25, 19.82, 9999.0, 24.05, 9999.0, 57.95, 57.23, 55.25, 51.0, 57.75
2026-07-12, 00:51:17, 72.25, 56.0, 22.0, 20.59, 9999.0, 14.32, 14.25, 19.8, 9999.0, 24.07, 9999.0, 57.98, 57.23, 55.25, 51.0, 57.75
2026-07-12, 00:51:21, 72.25, 56.0, 22.0, 20.59, 9999.0, 14.3, 14.25, 19.77, 9999.0, 24.07, 9999.0, 58.0, 57.23, 55.25, 51.0, 57.75
2026-07-12, 00:51:25, 72.25, 56.0, 21.98, 20.61, 9999.0, 14.25, 14.25, 19.75, 9999.0, 24.07, 9999.0, 58.0, 57.23, 55.25, 51.0, 57.75
2026-07-12, 00:51:29, 72.25, 56.0, 21.98, 20.61, 9999.0, 14.2, 14.23, 19.77, 9999.0, 24.07, 9999.0, 58.0, 57.23, 55.25, 51.0, 57.75
2026-07-12, 00:51:33, 72.25, 56.0, 21.98, 20.61, 9999.0, 14.18, 14.23, 19.77, 9999.0, 24.07, 9999.0, 57.98, 57.23, 55.25, 51.0, 57.75
2026-07-12, 00:51:37, 72.25, 56.0, 21.95, 20.59, 9999.0, 14.16, 14.23, 19.77, 9999.0, 24.07, 9999.0, 57.95, 57.25, 55.25, 51.0, 57.75
2026-07-12, 00:51:41, 72.25, 56.0, 21.95, 20.57, 9999.0, 14.16, 14.23, 19.77, 9999.0, 24.07, 9999.0, 57.93, 57.25, 55.25, 51.0, 57.75
2026-07-12, 00:51:45, 72.25, 56.0, 21.95, 20.55, 9999.0, 14.16, 14.23, 19.77, 9999.0, 24.07, 9999.0, 57.91, 57.25, 55.25, 51.0, 57.75
2026-07-12, 00:51:49, 72.25, 56.0, 21.95, 20.52, 9999.0, 14.18, 14.23, 19.77, 9999.0, 24.07, 9999.0, 57.89, 57.25, 55.25, 51.0, 57.75
2026-07-12, 00:51:53, 72.25, 56.0, 21.95, 20.52, 9999.0, 14.2, 14.23, 19.8, 9999.0, 24.05, 9999.0, 57.89, 57.25, 55.25, 51.0, 57.75
2026-07-12, 00:51:57, 72.25, 56.02, 21.95, 20.52, 9999.0, 14.2, 14.23, 19.82, 9999.0, 24.02, 9999.0, 57.89, 57.25, 55.25, 51.0, 57.75
2026-07-12, 00:52:01, 72.25, 56.02, 21.95, 20.52, 9999.0, 14.2, 14.23, 19.84, 9999.0, 24.0, 9999.0, 57.89, 57.25, 55.25, 51.0, 57.75
2026-07-12, 00:52:05, 72.25, 56.02, 21.95, 20.52, 9999.0, 14.2, 14.23, 19.86, 9999.0, 24.0, 9999.0, 57.91, 57.25, 55.25, 51.0, 57.75
2026-07-12, 00:52:09, 72.25, 56.02, 21.98, 20.5, 9999.0, 14.23, 14.23, 19.89, 9999.0, 24.0, 9999.0, 57.91, 57.25, 55.25, 51.0, 57.75
2026-07-12, 00:52:13, 72.25, 56.02, 21.98, 20.5, 9999.0, 14.25, 14.25, 19.86, 9999.0, 24.0, 9999.0, 57.91, 57.25, 55.25, 51.0, 57.75
2026-07-12, 00:52:17, 72.25, 56.05, 21.98, 20.5, 9999.0, 14.27, 14.25, 19.86, 9999.0, 24.0, 9999.0, 57.93, 57.25, 55.25, 51.0, 57.75
2026-07-12, 00:52:21, 72.25, 56.05, 22.0, 20.52, 9999.0, 14.3, 14.25, 19.86, 9999.0, 24.0, 9999.0, 57.95, 57.25, 55.25, 51.0, 57.75
2026-07-12, 00:52:25, 72.25, 56.05, 22.0, 20.52, 9999.0, 14.3, 14.25, 19.86, 9999.0, 24.02, 9999.0, 57.98, 57.25, 55.25, 51.0, 57.75
2026-07-12, 00:52:29, 72.25, 56.07, 22.0, 20.55, 9999.0, 14.3, 14.25, 19.86, 9999.0, 24.05, 9999.0, 58.0, 57.25, 55.25, 51.0, 57.75
2026-07-12, 00:52:33, 72.25, 56.07, 22.0, 20.55, 9999.0, 14.27, 14.23, 19.86, 9999.0, 24.05, 9999.0, 58.02, 57.25, 55.25, 51.0, 57.75
2026-07-12, 00:52:37, 72.25, 56.07, 22.0, 20.57, 9999.0, 14.23, 14.23, 19.86, 9999.0, 24.05, 9999.0, 58.02, 57.25, 55.25, 51.0, 57.75
2026-07-12, 00:52:41, 72.25, 56.05, 21.98, 20.59, 9999.0, 14.23, 14.23, 19.84, 9999.0, 24.05, 9999.0, 58.0, 57.25, 55.25, 51.0, 57.75
2026-07-12, 00:52:45, 72.25, 56.05, 21.98, 20.59, 9999.0, 14.2, 14.23, 19.82, 9999.0, 24.05, 9999.0, 57.98, 57.25, 55.25, 51.0, 57.75
2026-07-12, 00:52:49, 72.25, 56.05, 21.98, 20.59, 9999.0, 14.18, 14.23, 19.82, 9999.0, 24.05, 9999.0, 57.95, 57.25, 55.25, 51.0, 57.75
2026-07-12, 00:52:53, 72.25, 56.05, 21.98, 20.59, 9999.0, 14.18, 14.23, 19.8, 9999.0, 24.05, 9999.0, 57.93, 57.25, 55.25, 51.0, 57.75
2026-07-12, 00:52:57, 72.25, 56.05, 21.98, 20.59, 9999.0, 14.18, 14.23, 19.8, 9999.0, 24.05, 9999.0, 57.91, 57.25, 55.25, 51.0, 57.75
2026-07-12, 00:53:01, 72.25, 56.02, 21.98, 20.59, 9999.0, 14.18, 14.23, 19.8, 9999.0, 24.05, 9999.0, 57.89, 57.23, 55.25, 51.0, 57.75
2026-07-12, 00:53:05, 72.25, 56.02, 21.98, 20.57, 9999.0, 14.2, 14.23, 19.8, 9999.0, 24.02, 9999.0, 57.86, 57.2, 55.25, 51.0, 57.75
2026-07-12, 00:53:09, 72.25, 56.02, 21.98, 20.59, 9999.0, 14.23, 14.23, 19.8, 9999.0, 24.0, 9999.0, 57.86, 57.2, 55.25, 51.0, 57.75
2026-07-12, 00:53:13, 72.25, 56.0, 21.95, 20.57, 9999.0, 14.23, 14.23, 19.8, 9999.0, 23.98, 9999.0, 57.86, 57.18, 55.25, 51.0, 57.75
2026-07-12, 00:53:17, 72.25, 56.0, 21.95, 20.57, 9999.0, 14.23, 14.25, 19.8, 9999.0, 23.95, 9999.0, 57.86, 57.16, 55.25, 51.0, 57.75
2026-07-12, 00:53:21, 72.25, 56.0, 21.95, 20.57, 9999.0, 14.25, 14.25, 19.77, 9999.0, 23.93, 9999.0, 57.89, 57.16, 55.25, 51.0, 57.75
2026-07-12, 00:53:25, 72.25, 56.0, 21.98, 20.55, 9999.0, 14.25, 14.25, 19.77, 9999.0, 23.91, 9999.0, 57.91, 57.16, 55.25, 51.0, 57.75
2026-07-12, 00:53:29, 72.25, 56.0, 21.98, 20.55, 9999.0, 14.27, 14.25, 19.77, 9999.0, 23.91, 9999.0, 57.93, 57.16, 55.25, 51.0, 57.75
2026-07-12, 00:53:34, 72.25, 56.0, 21.98, 20.55, 9999.0, 14.3, 14.25, 19.75, 9999.0, 23.91, 9999.0, 57.93, 57.16, 55.25, 51.0, 57.75
2026-07-12, 00:53:38, 72.25, 56.0, 21.98, 20.55, 9999.0, 14.3, 14.25, 19.75, 9999.0, 23.91, 9999.0, 57.95, 57.16, 55.25, 51.0, 57.75
2026-07-12, 00:53:42, 72.25, 56.0, 21.95, 20.55, 9999.0, 14.3, 14.25, 19.75, 9999.0, 23.91, 9999.0, 57.98, 57.16, 55.25, 51.0, 57.75
2026-07-12, 00:53:46, 72.25, 56.0, 21.95, 20.55, 9999.0, 14.3, 14.25, 19.75, 9999.0, 23.91, 9999.0, 58.0, 57.18, 55.25, 51.0, 57.75
2026-07-12, 00:53:50, 72.25, 56.0, 21.95, 20.55, 9999.0, 14.25, 14.25, 19.77, 9999.0, 23.93, 9999.0, 58.02, 57.2, 55.25, 50.98, 57.75
2026-07-12, 00:53:54, 72.25, 56.0, 21.95, 20.52, 9999.0, 14.23, 14.25, 19.77, 9999.0, 23.93, 9999.0, 58.02, 57.2, 55.25, 50.98, 57.75
2026-07-12, 00:53:58, 72.25, 56.0, 21.98, 20.52, 9999.0, 14.23, 14.25, 19.8, 9999.0, 23.93, 9999.0, 58.02, 57.23, 55.25, 50.98, 57.75
2026-07-12, 00:54:02, 72.25, 56.0, 21.98, 20.52, 9999.0, 14.2, 14.23, 19.8, 9999.0, 23.95, 9999.0, 58.0, 57.25, 55.25, 50.98, 57.75
2026-07-12, 00:54:06, 72.25, 56.0, 21.98, 20.5, 9999.0, 14.18, 14.23, 19.8, 9999.0, 23.98, 9999.0, 57.95, 57.25, 55.25, 50.98, 57.75
2026-07-12, 00:54:10, 72.25, 56.0, 21.98, 20.5, 9999.0, 14.18, 14.23, 19.8, 9999.0, 24.0, 9999.0, 57.93, 57.23, 55.25, 50.98, 57.75
2026-07-12, 00:54:14, 72.25, 56.0, 21.98, 20.5, 9999.0, 14.18, 14.2, 19.8, 9999.0, 24.0, 9999.0, 57.91, 57.23, 55.25, 50.98, 57.75
2026-07-12, 00:54:18, 72.25, 56.0, 21.98, 20.5, 9999.0, 14.2, 14.2, 19.8, 9999.0, 24.0, 9999.0, 57.89, 57.23, 55.25, 50.98, 57.75
2026-07-12, 00:54:22, 72.25, 56.0, 21.98, 20.5, 9999.0, 14.23, 14.2, 19.8, 9999.0, 24.0, 9999.0, 57.86, 57.2, 55.25, 50.98, 57.75
2026-07-12, 00:54:26, 72.25, 56.0, 21.98, 20.5, 9999.0, 14.25, 14.2, 19.82, 9999.0, 23.98, 9999.0, 57.86, 57.2, 55.25, 50.98, 57.75
2026-07-12, 00:54:30, 72.25, 56.0, 21.98, 20.5, 9999.0, 14.25, 14.2, 19.82, 9999.0, 23.95, 9999.0, 57.86, 57.18, 55.25, 50.98, 57.75
2026-07-12, 00:54:34, 72.25, 56.0, 21.98, 20.5, 9999.0, 14.27, 14.2, 19.8, 9999.0, 23.93, 9999.0, 57.89, 57.18, 55.25, 51.0, 57.75
2026-07-12, 00:54:38, 72.25, 56.0, 21.98, 20.5, 9999.0, 14.27, 14.2, 19.8, 9999.0, 23.91, 9999.0, 57.89, 57.18, 55.25, 51.0, 57.75
2026-07-12, 00:54:42, 72.25, 56.0, 21.98, 20.5, 9999.0, 14.27, 14.2, 19.77, 9999.0, 23.91, 9999.0, 57.89, 57.18, 55.25, 51.0, 57.75
2026-07-12, 00:54:46, 72.25, 56.0, 21.95, 20.5, 9999.0, 14.3, 14.23, 19.77, 9999.0, 23.91, 9999.0, 57.91, 57.18, 55.25, 51.0, 57.75
2026-07-12, 00:54:50, 72.25, 56.0, 21.95, 20.5, 9999.0, 14.32, 14.23, 19.77, 9999.0, 23.91, 9999.0, 57.93, 57.18, 55.25, 51.0, 57.75
2026-07-12, 00:54:54, 72.25, 56.0, 21.95, 20.5, 9999.0, 14.32, 14.23, 19.77, 9999.0, 23.91, 9999.0, 57.95, 57.2, 55.25, 51.0, 57.75
2026-07-12, 00:54:58, 72.25, 56.0, 21.93, 20.5, 9999.0, 14.3, 14.25, 19.77, 9999.0, 23.93, 9999.0, 57.98, 57.2, 55.25, 51.0, 57.75
2026-07-12, 00:55:02, 72.25, 56.0, 21.93, 20.5, 9999.0, 14.25, 14.23, 19.77, 9999.0, 23.93, 9999.0, 58.0, 57.2, 55.25, 51.0, 57.75
2026-07-12, 00:55:06, 72.25, 56.0, 21.93, 20.5, 9999.0, 14.23, 14.23, 19.77, 9999.0, 23.93, 9999.0, 58.02, 57.23, 55.25, 51.0, 57.75
2026-07-12, 00:55:10, 72.25, 56.0, 21.95, 20.5, 9999.0, 14.18, 14.2, 19.75, 9999.0, 23.95, 9999.0, 58.0, 57.23, 55.25, 51.0, 57.75
2026-07-12, 00:55:14, 72.25, 56.0, 21.95, 20.5, 9999.0, 14.16, 14.2, 19.75, 9999.0, 23.98, 9999.0, 57.98, 57.25, 55.25, 51.0, 57.75
2026-07-12, 00:55:18, 72.25, 56.0, 21.95, 20.5, 9999.0, 14.14, 14.2, 19.75, 9999.0, 24.0, 9999.0, 57.93, 57.25, 55.25, 51.0, 57.75
2026-07-12, 00:55:22, 72.25, 56.0, 21.95, 20.5, 9999.0, 14.14, 14.18, 19.75, 9999.0, 24.02, 9999.0, 57.91, 57.25, 55.25, 50.98, 57.75
2026-07-12, 00:55:26, 72.25, 56.0, 21.95, 20.5, 9999.0, 14.14, 14.18, 19.75, 9999.0, 24.02, 9999.0, 57.89, 57.25, 55.25, 50.98, 57.75
2026-07-12, 00:55:30, 72.25, 56.0, 21.98, 20.5, 9999.0, 14.14, 14.18, 19.75, 9999.0, 24.02, 9999.0, 57.86, 57.23, 55.25, 50.98, 57.75
2026-07-12, 00:55:34, 72.25, 56.0, 21.95, 20.5, 9999.0, 14.14, 14.18, 19.75, 9999.0, 24.02, 9999.0, 57.84, 57.23, 55.25, 50.98, 57.75
2026-07-12, 00:55:38, 72.25, 56.0, 21.95, 20.5, 9999.0, 14.14, 14.16, 19.75, 9999.0, 24.02, 9999.0, 57.84, 57.23, 55.25, 50.98, 57.75
2026-07-12, 00:55:42, 72.25, 56.0, 21.95, 20.5, 9999.0, 14.18, 14.16, 19.75, 9999.0, 23.98, 9999.0, 57.82, 57.2, 55.25, 50.98, 57.75
2026-07-12, 00:55:46, 72.25, 56.0, 21.93, 20.5, 9999.0, 14.2, 14.18, 19.75, 9999.0, 23.95, 9999.0, 57.82, 57.2, 55.25, 50.98, 57.75
2026-07-12, 00:55:50, 72.25, 56.0, 21.93, 20.5, 9999.0, 14.2, 14.18, 19.75, 9999.0, 23.95, 9999.0, 57.84, 57.2, 55.25, 50.98, 57.75
2026-07-12, 00:55:54, 72.25, 56.0, 21.93, 20.5, 9999.0, 14.23, 14.2, 19.75, 9999.0, 23.93, 9999.0, 57.86, 57.2, 55.25, 50.98, 57.75
2026-07-12, 00:55:58, 72.25, 56.0, 21.91, 20.5, 9999.0, 14.25, 14.2, 19.75, 9999.0, 23.93, 9999.0, 57.89, 57.2, 55.25, 50.98, 57.75
2026-07-12, 00:56:02, 72.25, 56.0, 21.89, 20.5, 9999.0, 14.27, 14.18, 19.75, 9999.0, 23.93, 9999.0, 57.91, 57.2, 55.25, 50.98, 57.75
2026-07-12, 00:56:06, 72.25, 56.0, 21.89, 20.5, 9999.0, 14.27, 14.2, 19.75, 9999.0, 23.93, 9999.0, 57.93, 57.2, 55.25, 51.0, 57.75
2026-07-12, 00:56:10, 72.25, 56.0, 21.89, 20.5, 9999.0, 14.25, 14.2, 19.75, 9999.0, 23.93, 9999.0, 57.95, 57.2, 55.25, 51.0, 57.75
2026-07-12, 00:56:14, 72.25, 56.0, 21.89, 20.5, 9999.0, 14.25, 14.2, 19.75, 9999.0, 23.93, 9999.0, 57.98, 57.23, 55.25, 51.0, 57.75
2026-07-12, 00:56:18, 72.25, 56.0, 21.89, 20.52, 9999.0, 14.23, 14.2, 19.75, 9999.0, 23.93, 9999.0, 58.0, 57.23, 55.25, 51.0, 57.75
2026-07-12, 00:56:22, 72.25, 56.0, 21.89, 20.52, 9999.0, 14.2, 14.23, 19.75, 9999.0, 23.93, 9999.0, 58.0, 57.23, 55.25, 51.0, 57.75
2026-07-12, 00:56:26, 72.25, 56.0, 21.89, 20.52, 9999.0, 14.16, 14.2, 19.75, 9999.0, 23.95, 9999.0, 58.0, 57.25, 55.25, 51.0, 57.75
2026-07-12, 00:56:30, 72.25, 56.0, 21.89, 20.52, 9999.0, 14.14, 14.2, 19.75, 9999.0, 23.95, 9999.0, 57.98, 57.25, 55.25, 51.0, 57.75
2026-07-12, 00:56:34, 72.25, 56.0, 21.89, 20.52, 9999.0, 14.11, 14.2, 19.75, 9999.0, 23.95, 9999.0, 57.93, 57.25, 55.25, 50.98, 57.75
2026-07-12, 00:56:38, 72.25, 56.0, 21.86, 20.52, 9999.0, 14.11, 14.18, 19.75, 9999.0, 23.95, 9999.0, 57.91, 57.23, 55.25, 50.98, 57.75
2026-07-12, 00:56:42, 72.25, 56.0, 21.89, 20.52, 9999.0, 14.11, 14.16, 19.75, 9999.0, 23.93, 9999.0, 57.89, 57.23, 55.25, 50.98, 57.75
2026-07-12, 00:56:46, 72.25, 56.0, 21.91, 20.52, 9999.0, 14.14, 14.18, 19.75, 9999.0, 23.91, 9999.0, 57.86, 57.2, 55.25, 50.98, 57.75
2026-07-12, 00:56:50, 72.25, 56.0, 21.91, 20.52, 9999.0, 14.16, 14.16, 19.75, 9999.0, 23.89, 9999.0, 57.84, 57.2, 55.25, 50.98, 57.75
2026-07-12, 00:56:54, 72.25, 56.0, 21.91, 20.52, 9999.0, 14.18, 14.16, 19.75, 9999.0, 23.86, 9999.0, 57.84, 57.18, 55.25, 50.98, 57.75
2026-07-12, 00:56:58, 72.25, 56.0, 21.91, 20.52, 9999.0, 14.18, 14.16, 19.77, 9999.0, 23.84, 9999.0, 57.84, 57.16, 55.25, 50.98, 57.75
2026-07-12, 00:57:02, 72.25, 56.0, 21.93, 20.5, 9999.0, 14.2, 14.16, 19.77, 9999.0, 23.82, 9999.0, 57.84, 57.16, 55.25, 50.98, 57.75
2026-07-12, 00:57:06, 72.25, 56.0, 21.91, 20.5, 9999.0, 14.23, 14.16, 19.77, 9999.0, 23.8, 9999.0, 57.84, 57.16, 55.25, 50.98, 57.75
2026-07-12, 00:57:10, 72.25, 56.0, 21.93, 20.5, 9999.0, 14.25, 14.18, 19.77, 9999.0, 23.77, 9999.0, 57.86, 57.16, 55.25, 50.98, 57.75
2026-07-12, 00:57:14, 72.25, 56.0, 21.95, 20.5, 9999.0, 14.27, 14.18, 19.77, 9999.0, 23.8, 9999.0, 57.89, 57.16, 55.25, 50.98, 57.75
2026-07-12, 00:57:18, 72.25, 56.0, 21.95, 20.5, 9999.0, 14.3, 14.18, 19.77, 9999.0, 23.8, 9999.0, 57.91, 57.16, 55.25, 51.0, 57.75
2026-07-12, 00:57:23, 72.25, 56.0, 21.98, 20.5, 9999.0, 14.3, 14.2, 19.8, 9999.0, 23.82, 9999.0, 57.93, 57.18, 55.25, 51.0, 57.75
2026-07-12, 00:57:27, 72.25, 56.0, 21.98, 20.5, 9999.0, 14.27, 14.23, 19.8, 9999.0, 23.84, 9999.0, 57.95, 57.18, 55.25, 51.0, 57.75
2026-07-12, 00:57:31, 72.25, 56.0, 21.98, 20.5, 9999.0, 14.25, 14.2, 19.8, 9999.0, 23.86, 9999.0, 57.98, 57.2, 55.25, 51.0, 57.75
2026-07-12, 00:57:35, 72.25, 56.0, 21.98, 20.5, 9999.0, 14.2, 14.23, 19.8, 9999.0, 23.89, 9999.0, 58.0, 57.2, 55.25, 51.0, 57.75
2026-07-12, 00:57:39, 72.25, 56.0, 21.98, 20.5, 9999.0, 14.18, 14.2, 19.8, 9999.0, 23.91, 9999.0, 58.0, 57.23, 55.25, 51.0, 57.75
2026-07-12, 00:57:43, 72.25, 56.0, 21.98, 20.5, 9999.0, 14.16, 14.18, 19.77, 9999.0, 23.91, 9999.0, 57.98, 57.25, 55.25, 51.0, 57.75
2026-07-12, 00:57:47, 72.25, 56.0, 21.95, 20.5, 9999.0, 14.14, 14.16, 19.77, 9999.0, 23.91, 9999.0, 57.95, 57.25, 55.25, 51.0, 57.75
2026-07-12, 00:57:51, 72.25, 56.0, 21.98, 20.5, 9999.0, 14.14, 14.14, 19.77, 9999.0, 23.91, 9999.0, 57.93, 57.25, 55.25, 51.0, 57.75
2026-07-12, 00:57:55, 72.25, 56.0, 21.98, 20.5, 9999.0, 14.14, 14.14, 19.77, 9999.0, 23.91, 9999.0, 57.91, 57.23, 55.25, 51.0, 57.75
2026-07-12, 00:57:59, 72.25, 56.0, 21.95, 20.5, 9999.0, 14.14, 14.11, 19.77, 9999.0, 23.89, 9999.0, 57.89, 57.2, 55.25, 51.0, 57.75
2026-07-12, 00:58:03, 72.25, 56.0, 21.95, 20.5, 9999.0, 14.16, 14.11, 19.8, 9999.0, 23.84, 9999.0, 57.86, 57.18, 55.25, 51.0, 57.75
2026-07-12, 00:58:07, 72.25, 56.0, 21.93, 20.5, 9999.0, 14.16, 14.11, 19.8, 9999.0, 23.82, 9999.0, 57.86, 57.18, 55.25, 50.98, 57.75
2026-07-12, 00:58:11, 72.25, 56.0, 21.91, 20.5, 9999.0, 14.18, 14.11, 19.8, 9999.0, 23.8, 9999.0, 57.86, 57.16, 55.25, 50.95, 57.75
2026-07-12, 00:58:15, 72.25, 56.0, 21.91, 20.5, 9999.0, 14.18, 14.14, 19.8, 9999.0, 23.77, 9999.0, 57.86, 57.16, 55.25, 50.95, 57.75
2026-07-12, 00:58:19, 72.25, 56.0, 21.91, 20.5, 9999.0, 14.2, 14.14, 19.8, 9999.0, 23.75, 9999.0, 57.86, 57.14, 55.25, 50.95, 57.75
2026-07-12, 00:58:23, 72.25, 56.0, 21.91, 20.5, 9999.0, 14.23, 14.16, 19.8, 9999.0, 23.73, 9999.0, 57.86, 57.14, 55.25, 50.95, 57.75
2026-07-12, 00:58:27, 72.25, 56.0, 21.89, 20.5, 9999.0, 14.25, 14.18, 19.8, 9999.0, 23.73, 9999.0, 57.89, 57.11, 55.25, 50.95, 57.75
2026-07-12, 00:58:31, 72.25, 56.0, 21.89, 20.5, 9999.0, 14.27, 14.2, 19.8, 9999.0, 23.73, 9999.0, 57.91, 57.09, 55.25, 50.95, 57.75
2026-07-12, 00:58:35, 72.25, 56.0, 21.89, 20.5, 9999.0, 14.27, 14.23, 19.8, 9999.0, 23.75, 9999.0, 57.93, 57.09, 55.25, 50.95, 57.75
2026-07-12, 00:58:39, 72.25, 56.0, 21.89, 20.5, 9999.0, 14.25, 14.23, 19.8, 9999.0, 23.77, 9999.0, 57.95, 57.11, 55.25, 50.95, 57.75
2026-07-12, 00:58:43, 72.25, 56.0, 21.89, 20.5, 9999.0, 14.23, 14.25, 19.8, 9999.0, 23.8, 9999.0, 57.98, 57.14, 55.25, 50.95, 57.75
2026-07-12, 00:58:47, 72.25, 56.02, 21.89, 20.5, 9999.0, 14.18, 14.25, 19.77, 9999.0, 23.84, 9999.0, 58.0, 57.16, 55.25, 50.95, 57.75
2026-07-12, 00:58:51, 72.25, 56.02, 21.91, 20.5, 9999.0, 14.16, 14.23, 19.75, 9999.0, 23.84, 9999.0, 58.0, 57.16, 55.25, 50.98, 57.75
2026-07-12, 00:58:55, 72.25, 56.02, 21.93, 20.5, 9999.0, 14.14, 14.2, 19.77, 9999.0, 23.84, 9999.0, 58.0, 57.18, 55.25, 51.0, 57.75
2026-07-12, 00:58:59, 72.25, 56.02, 21.93, 20.5, 9999.0, 14.11, 14.2, 19.77, 9999.0, 23.84, 9999.0, 57.98, 57.18, 55.25, 51.0, 57.75
2026-07-12, 00:59:03, 72.25, 56.02, 21.91, 20.5, 9999.0, 14.09, 14.18, 19.77, 9999.0, 23.84, 9999.0, 57.95, 57.18, 55.25, 51.0, 57.75
2026-07-12, 00:59:07, 72.25, 56.02, 21.91, 20.5, 9999.0, 14.09, 14.16, 19.77, 9999.0, 23.84, 9999.0, 57.93, 57.18, 55.25, 50.98, 57.75
2026-07-12, 00:59:11, 72.25, 56.02, 21.93, 20.5, 9999.0, 14.09, 14.16, 19.77, 9999.0, 23.84, 9999.0, 57.91, 57.2, 55.25, 50.98, 57.75
2026-07-12, 00:59:15, 72.25, 56.02, 21.95, 20.5, 9999.0, 14.11, 14.16, 19.77, 9999.0, 23.84, 9999.0, 57.89, 57.23, 55.25, 50.98, 57.75
2026-07-12, 00:59:19, 72.25, 56.02, 21.93, 20.5, 9999.0, 14.14, 14.16, 19.77, 9999.0, 23.8, 9999.0, 57.86, 57.2, 55.25, 50.98, 57.75
2026-07-12, 00:59:23, 72.25, 56.02, 21.93, 20.5, 9999.0, 14.16, 14.16, 19.77, 9999.0, 23.75, 9999.0, 57.86, 57.18, 55.25, 50.98, 57.75
2026-07-12, 00:59:27, 72.25, 56.02, 21.95, 20.5, 9999.0, 14.18, 14.16, 19.77, 9999.0, 23.7, 9999.0, 57.86, 57.16, 55.25, 50.98, 57.75
2026-07-12, 00:59:31, 72.25, 56.0, 21.95, 20.5, 9999.0, 14.2, 14.16, 19.77, 9999.0, 23.66, 9999.0, 57.86, 57.16, 55.25, 50.98, 57.75
2026-07-12, 00:59:35, 72.25, 56.0, 21.95, 20.5, 9999.0, 14.23, 14.18, 19.77, 9999.0, 23.64, 9999.0, 57.86, 57.14, 55.25, 50.98, 57.75
2026-07-12, 00:59:39, 72.25, 56.0, 21.95, 20.5, 9999.0, 14.25, 14.2, 19.75, 9999.0, 23.61, 9999.0, 57.86, 57.14, 55.25, 50.98, 57.75
2026-07-12, 00:59:43, 72.25, 56.0, 21.95, 20.5, 9999.0, 14.27, 14.2, 19.75, 9999.0, 23.61, 9999.0, 57.89, 57.14, 55.25, 50.98, 57.75
2026-07-12, 00:59:47, 72.25, 56.0, 21.98, 20.5, 9999.0, 14.3, 14.23, 19.77, 9999.0, 23.61, 9999.0, 57.91, 57.16, 55.25, 50.98, 57.75
2026-07-12, 00:59:51, 72.25, 56.0, 21.95, 20.5, 9999.0, 14.3, 14.23, 19.77, 9999.0, 23.64, 9999.0, 57.93, 57.16, 55.25, 51.0, 57.75
2026-07-12, 00:59:55, 72.25, 56.0, 21.95, 20.5, 9999.0, 14.27, 14.23, 19.77, 9999.0, 23.66, 9999.0, 57.95, 57.16, 55.25, 51.0, 57.75
2026-07-12, 00:59:59, 72.25, 56.0, 21.95, 20.5, 9999.0, 14.25, 14.2, 19.77, 9999.0, 23.68, 9999.0, 57.98, 57.16, 55.25, 51.0, 57.75
2026-07-12, 01:00:03, 72.25, 56.0, 21.98, 20.5, 9999.0, 14.23, 14.2, 19.77, 9999.0, 23.7, 9999.0, 58.0, 57.18, 55.25, 51.0, 57.75
2026-07-12, 01:00:07, 72.25, 56.0, 21.98, 20.5, 9999.0, 14.23, 14.2, 19.77, 9999.0, 23.73, 9999.0, 57.98, 57.2, 55.25, 51.0, 57.75
2026-07-12, 01:00:11, 72.25, 56.0, 21.98, 20.5, 9999.0, 14.23, 14.18, 19.77, 9999.0, 23.75, 9999.0, 57.95, 57.23, 55.25, 51.0, 57.75
2026-07-12, 01:00:15, 72.25, 56.0, 21.98, 20.5, 9999.0, 14.2, 14.16, 19.77, 9999.0, 23.77, 9999.0, 57.93, 57.23, 55.25, 51.0, 57.75
2026-07-12, 01:00:19, 72.25, 56.0, 21.98, 20.5, 9999.0, 14.2, 14.14, 19.77, 9999.0, 23.8, 9999.0, 57.91, 57.25, 55.25, 51.0, 57.75
2026-07-12, 01:00:23, 72.25, 56.0, 21.98, 20.5, 9999.0, 14.2, 14.14, 19.77, 9999.0, 23.82, 9999.0, 57.89, 57.25, 55.25, 51.0, 57.75
2026-07-12, 01:00:27, 72.25, 56.0, 21.98, 20.5, 9999.0, 14.2, 14.14, 19.77, 9999.0, 23.8, 9999.0, 57.86, 57.23, 55.25, 51.0, 57.75
2026-07-12, 01:00:31, 72.25, 56.0, 21.95, 20.5, 9999.0, 14.23, 14.14, 19.75, 9999.0, 23.77, 9999.0, 57.84, 57.2, 55.25, 51.0, 57.75
2026-07-12, 01:00:35, 72.25, 56.0, 21.98, 20.5, 9999.0, 14.23, 14.16, 19.75, 9999.0, 23.73, 9999.0, 57.84, 57.18, 55.25, 51.0, 57.75
2026-07-12, 01:00:39, 72.25, 56.0, 21.98, 20.5, 9999.0, 14.25, 14.16, 19.75, 9999.0, 23.68, 9999.0, 57.84, 57.18, 55.25, 51.0, 57.75
2026-07-12, 01:00:47, 72.25, 56.0, 21.98, 20.5, 9999.0, 14.25, 14.18, 19.75, 9999.0, 23.64, 9999.0, 57.84, 57.18, 55.25, 51.0, 57.75
2026-07-12, 01:00:51, 72.25, 56.0, 21.98, 20.5, 9999.0, 14.25, 14.18, 19.75, 9999.0, 23.61, 9999.0, 57.86, 57.18, 55.25, 51.0, 57.75
2026-07-12, 01:00:55, 72.25, 56.0, 21.98, 20.5, 9999.0, 14.25, 14.18, 19.75, 9999.0, 23.59, 9999.0, 57.91, 57.18, 55.25, 51.0, 57.75
2026-07-12, 01:00:59, 72.25, 56.0, 21.98, 20.5, 9999.0, 14.25, 14.2, 19.75, 9999.0, 23.59, 9999.0, 57.93, 57.18, 55.25, 51.0, 57.75
2026-07-12, 01:01:03, 72.25, 56.0, 21.98, 20.5, 9999.0, 14.27, 14.23, 19.75, 9999.0, 23.59, 9999.0, 57.95, 57.18, 55.25, 51.0, 57.75
2026-07-12, 01:01:07, 72.25, 56.0, 21.98, 20.52, 9999.0, 14.27, 14.25, 19.75, 9999.0, 23.59, 9999.0, 57.98, 57.18, 55.25, 51.0, 57.75
2026-07-12, 01:01:11, 72.25, 56.0, 21.98, 20.52, 9999.0, 14.27, 14.25, 19.75, 9999.0, 23.61, 9999.0, 58.0, 57.18, 55.25, 51.0, 57.75
2026-07-12, 01:01:15, 72.25, 56.0, 21.98, 20.52, 9999.0, 14.27, 14.25, 19.75, 9999.0, 23.64, 9999.0, 58.02, 57.2, 55.25, 51.0, 57.75
2026-07-12, 01:01:19, 72.25, 56.0, 22.0, 20.52, 9999.0, 14.23, 14.25, 19.75, 9999.0, 23.66, 9999.0, 58.05, 57.23, 55.25, 51.0, 57.75
2026-07-12, 01:01:23, 72.25, 56.0, 22.0, 20.52, 9999.0, 14.2, 14.25, 19.75, 9999.0, 23.68, 9999.0, 58.05, 57.25, 55.25, 51.0, 57.75
2026-07-12, 01:01:35, 72.25, 56.0, 22.0, 20.52, 9999.0, 14.18, 14.25, 19.75, 9999.0, 23.7, 9999.0, 58.02, 57.25, 55.25, 51.0, 57.75
2026-07-12, 01:01:39, 72.25, 56.0, 22.0, 20.52, 9999.0, 14.16, 14.23, 19.75, 9999.0, 23.73, 9999.0, 58.0, 57.25, 55.25, 51.0, 57.75
2026-07-12, 01:01:43, 72.25, 56.0, 22.0, 20.52, 9999.0, 14.14, 14.2, 19.75, 9999.0, 23.75, 9999.0, 57.95, 57.25, 55.25, 51.0, 57.75
2026-07-12, 01:01:47, 72.25, 56.0, 22.0, 20.52, 9999.0, 14.14, 14.18, 19.75, 9999.0, 23.75, 9999.0, 57.91, 57.25, 55.25, 51.0, 57.75
2026-07-12, 01:01:51, 72.25, 56.0, 22.0, 20.52, 9999.0, 14.14, 14.16, 19.75, 9999.0, 23.75, 9999.0, 57.91, 57.23, 55.25, 51.0, 57.75
2026-07-12, 01:01:55, 72.25, 56.0, 22.0, 20.52, 9999.0, 14.14, 14.16, 19.75, 9999.0, 23.73, 9999.0, 57.89, 57.23, 55.25, 51.0, 57.75
2026-07-12, 01:01:59, 72.25, 56.0, 22.0, 20.5, 9999.0, 14.16, 14.16, 19.75, 9999.0, 23.7, 9999.0, 57.86, 57.23, 55.25, 51.0, 57.75
2026-07-12, 01:02:03, 72.25, 56.0, 22.0, 20.5, 9999.0, 14.16, 14.16, 19.77, 9999.0, 23.66, 9999.0, 57.86, 57.23, 55.25, 51.0, 57.75
2026-07-12, 01:02:07, 72.25, 56.0, 22.0, 20.5, 9999.0, 14.18, 14.16, 19.8, 9999.0, 23.64, 9999.0, 57.86, 57.2, 55.25, 51.0, 57.75
2026-07-12, 01:02:11, 72.25, 56.0, 22.0, 20.5, 9999.0, 14.2, 14.16, 19.8, 9999.0, 23.61, 9999.0, 57.86, 57.2, 55.25, 51.0, 57.75
2026-07-12, 01:02:15, 72.25, 56.0, 22.0, 20.5, 9999.0, 14.23, 14.16, 19.8, 9999.0, 23.59, 9999.0, 57.89, 57.2, 55.25, 51.0, 57.75
2026-07-12, 01:02:19, 72.25, 56.0, 22.0, 20.5, 9999.0, 14.25, 14.16, 19.8, 9999.0, 23.57, 9999.0, 57.93, 57.2, 55.25, 51.0, 57.75
2026-07-12, 01:02:23, 72.25, 56.0, 22.0, 20.5, 9999.0, 14.27, 14.18, 19.8, 9999.0, 23.57, 9999.0, 57.95, 57.2, 55.25, 51.0, 57.75
2026-07-12, 01:02:27, 72.25, 56.0, 22.0, 20.5, 9999.0, 14.3, 14.2, 19.8, 9999.0, 23.57, 9999.0, 57.98, 57.2, 55.25, 51.0, 57.75
2026-07-12, 01:02:31, 72.25, 56.0, 22.0, 20.5, 9999.0, 14.3, 14.2, 19.8, 9999.0, 23.59, 9999.0, 58.0, 57.2, 55.25, 51.0, 57.75
2026-07-12, 01:02:35, 72.25, 56.0, 22.0, 20.5, 9999.0, 14.3, 14.23, 19.8, 9999.0, 23.59, 9999.0, 58.0, 57.23, 55.25, 51.0, 57.75
2026-07-12, 01:02:39, 72.25, 56.0, 21.98, 20.5, 9999.0, 14.27, 14.23, 19.8, 9999.0, 23.61, 9999.0, 58.02, 57.23, 55.25, 51.0, 57.75
2026-07-12, 01:02:43, 72.25, 56.0, 21.98, 20.5, 9999.0, 14.25, 14.23, 19.8, 9999.0, 23.64, 9999.0, 58.05, 57.23, 55.25, 50.98, 57.75
2026-07-12, 01:02:47, 72.25, 56.0, 21.98, 20.5, 9999.0, 14.23, 14.23, 19.77, 9999.0, 23.66, 9999.0, 58.05, 57.23, 55.25, 50.98, 57.75
2026-07-12, 01:02:51, 72.25, 56.0, 21.95, 20.52, 9999.0, 14.18, 14.23, 19.75, 9999.0, 23.68, 9999.0, 58.05, 57.25, 55.25, 50.98, 57.75
2026-07-12, 01:02:55, 72.25, 56.0, 21.95, 20.52, 9999.0, 14.16, 14.23, 19.75, 9999.0, 23.7, 9999.0, 58.02, 57.25, 55.25, 50.98, 57.75
2026-07-12, 01:02:59, 72.25, 56.0, 21.95, 20.52, 9999.0, 14.14, 14.23, 19.75, 9999.0, 23.73, 9999.0, 57.98, 57.25, 55.25, 50.98, 57.75
2026-07-12, 01:03:03, 72.25, 56.0, 21.95, 20.55, 9999.0, 14.14, 14.23, 19.75, 9999.0, 23.75, 9999.0, 57.93, 57.23, 55.25, 50.98, 57.75
2026-07-12, 01:03:07, 72.25, 56.0, 21.95, 20.55, 9999.0, 14.14, 14.23, 19.75, 9999.0, 23.73, 9999.0, 57.91, 57.2, 55.25, 50.98, 57.75
2026-07-12, 01:03:11, 72.25, 56.0, 21.95, 20.55, 9999.0, 14.16, 14.23, 19.75, 9999.0, 23.7, 9999.0, 57.89, 57.18, 55.25, 50.98, 57.75
2026-07-12, 01:03:15, 72.25, 56.0, 21.95, 20.57, 9999.0, 14.18, 14.25, 19.75, 9999.0, 23.68, 9999.0, 57.89, 57.16, 55.25, 50.98, 57.75
2026-07-12, 01:03:19, 72.25, 56.0, 21.95, 20.57, 9999.0, 14.2, 14.25, 19.77, 9999.0, 23.66, 9999.0, 57.89, 57.14, 55.25, 50.98, 57.75
2026-07-12, 01:03:23, 72.25, 56.0, 21.98, 20.59, 9999.0, 14.23, 14.25, 19.77, 9999.0, 23.64, 9999.0, 57.89, 57.14, 55.25, 50.98, 57.75
2026-07-12, 01:03:27, 72.25, 56.0, 21.98, 20.61, 9999.0, 14.23, 14.25, 19.77, 9999.0, 23.61, 9999.0, 57.91, 57.14, 55.25, 51.0, 57.75
2026-07-12, 01:03:31, 72.25, 56.0, 21.98, 20.61, 9999.0, 14.25, 14.25, 19.77, 9999.0, 23.59, 9999.0, 57.91, 57.14, 55.25, 51.0, 57.75
2026-07-12, 01:03:35, 72.25, 56.0, 22.0, 20.61, 9999.0, 14.27, 14.25, 19.77, 9999.0, 23.59, 9999.0, 57.91, 57.14, 55.25, 51.0, 57.75
2026-07-12, 01:03:39, 72.25, 56.0, 21.98, 20.61, 9999.0, 14.3, 14.25, 19.77, 9999.0, 23.59, 9999.0, 57.95, 57.14, 55.25, 51.0, 57.75
2026-07-12, 01:03:43, 72.25, 56.0, 21.98, 20.61, 9999.0, 14.32, 14.25, 19.77, 9999.0, 23.59, 9999.0, 57.98, 57.14, 55.25, 51.0, 57.75
2026-07-12, 01:03:47, 72.25, 56.0, 21.98, 20.59, 9999.0, 14.32, 14.25, 19.77, 9999.0, 23.59, 9999.0, 58.0, 57.16, 55.25, 51.0, 57.75
2026-07-12, 01:03:51, 72.25, 56.0, 21.98, 20.59, 9999.0, 14.32, 14.25, 19.77, 9999.0, 23.61, 9999.0, 58.02, 57.18, 55.25, 51.0, 57.75
2026-07-12, 01:03:55, 72.25, 56.02, 21.98, 20.59, 9999.0, 14.3, 14.25, 19.77, 9999.0, 23.64, 9999.0, 58.05, 57.2, 55.25, 51.0, 57.75
2026-07-12, 01:03:59, 72.25, 56.02, 21.98, 20.57, 9999.0, 14.27, 14.25, 19.77, 9999.0, 23.66, 9999.0, 58.05, 57.23, 55.25, 51.0, 57.75
2026-07-12, 01:04:03, 72.25, 56.02, 21.98, 20.57, 9999.0, 14.23, 14.25, 19.75, 9999.0, 23.68, 9999.0, 58.02, 57.25, 55.25, 51.0, 57.75
2026-07-12, 01:04:07, 72.25, 56.02, 21.95, 20.55, 9999.0, 14.2, 14.25, 19.75, 9999.0, 23.7, 9999.0, 58.0, 57.25, 55.25, 50.98, 57.75
2026-07-12, 01:04:11, 72.25, 56.02, 21.95, 20.52, 9999.0, 14.18, 14.25, 19.77, 9999.0, 23.7, 9999.0, 57.98, 57.25, 55.25, 50.98, 57.75
2026-07-12, 01:04:15, 72.25, 56.05, 21.95, 20.52, 9999.0, 14.18, 14.25, 19.77, 9999.0, 23.7, 9999.0, 57.98, 57.25, 55.25, 50.98, 57.75
2026-07-12, 01:04:19, 72.25, 56.05, 21.95, 20.5, 9999.0, 14.18, 14.23, 19.77, 9999.0, 23.68, 9999.0, 57.95, 57.25, 55.25, 50.98, 57.75
2026-07-12, 01:04:23, 72.25, 56.05, 21.98, 20.5, 9999.0, 14.18, 14.23, 19.77, 9999.0, 23.66, 9999.0, 57.91, 57.25, 55.25, 50.98, 57.75
2026-07-12, 01:04:27, 72.25, 56.05, 21.98, 20.5, 9999.0, 14.2, 14.23, 19.77, 9999.0, 23.64, 9999.0, 57.89, 57.25, 55.25, 50.98, 57.75
2026-07-12, 01:04:31, 72.25, 56.05, 21.98, 20.5, 9999.0, 14.2, 14.23, 19.77, 9999.0, 23.64, 9999.0, 57.89, 57.25, 55.25, 50.98, 57.75
2026-07-12, 01:04:35, 72.25, 56.05, 21.98, 20.5, 9999.0, 14.23, 14.23, 19.77, 9999.0, 23.61, 9999.0, 57.89, 57.25, 55.25, 50.98, 57.75
2026-07-12, 01:04:40, 72.25, 56.02, 21.98, 20.5, 9999.0, 14.23, 14.23, 19.77, 9999.0, 23.59, 9999.0, 57.89, 57.25, 55.25, 50.98, 57.75
2026-07-12, 01:04:44, 72.25, 56.02, 21.98, 20.5, 9999.0, 14.23, 14.23, 19.77, 9999.0, 23.59, 9999.0, 57.91, 57.25, 55.25, 50.98, 57.75
2026-07-12, 01:04:48, 72.25, 56.02, 21.98, 20.5, 9999.0, 14.25, 14.23, 19.77, 9999.0, 23.59, 9999.0, 57.95, 57.25, 55.25, 50.98, 57.75
2026-07-12, 01:04:52, 72.23, 56.02, 22.0, 20.5, 9999.0, 14.27, 14.23, 19.77, 9999.0, 23.59, 9999.0, 57.98, 57.25, 55.25, 51.0, 57.75
2026-07-12, 01:04:56, 72.23, 56.02, 22.0, 20.5, 9999.0, 14.3, 14.2, 19.75, 9999.0, 23.61, 9999.0, 58.0, 57.25, 55.25, 51.0, 57.75
2026-07-12, 01:05:00, 72.23, 56.0, 22.0, 20.5, 9999.0, 14.3, 14.2, 19.75, 9999.0, 23.64, 9999.0, 58.0, 57.25, 55.25, 51.0, 57.75
2026-07-12, 01:05:04, 72.23, 56.0, 22.0, 20.5, 9999.0, 14.27, 14.23, 19.75, 9999.0, 23.68, 9999.0, 58.02, 57.25, 55.25, 51.0, 57.75
2026-07-12, 01:05:08, 72.23, 56.0, 22.0, 20.5, 9999.0, 14.27, 14.23, 19.77, 9999.0, 23.7, 9999.0, 58.05, 57.25, 55.25, 51.0, 57.75
2026-07-12, 01:05:12, 72.23, 56.0, 22.0, 20.5, 9999.0, 14.23, 14.23, 19.77, 9999.0, 23.73, 9999.0, 58.07, 57.25, 55.25, 51.0, 57.75
2026-07-12, 01:05:16, 72.23, 56.0, 22.0, 20.5, 9999.0, 14.2, 14.23, 19.77, 9999.0, 23.73, 9999.0, 58.07, 57.25, 55.25, 51.0, 57.75
2026-07-12, 01:05:20, 72.23, 56.0, 22.0, 20.5, 9999.0, 14.16, 14.23, 19.77, 9999.0, 23.75, 9999.0, 58.07, 57.25, 55.25, 51.0, 57.75
2026-07-12, 01:05:24, 72.23, 56.0, 22.0, 20.5, 9999.0, 14.14, 14.2, 19.77, 9999.0, 23.77, 9999.0, 58.07, 57.25, 55.25, 51.0, 57.75
2026-07-12, 01:05:28, 72.23, 56.0, 22.0, 20.5, 9999.0, 14.11, 14.18, 19.77, 9999.0, 23.77, 9999.0, 58.05, 57.23, 55.25, 51.0, 57.75
2026-07-12, 01:05:32, 72.23, 56.0, 22.0, 20.5, 9999.0, 14.11, 14.18, 19.77, 9999.0, 23.75, 9999.0, 58.02, 57.23, 55.25, 51.0, 57.75
2026-07-12, 01:05:36, 72.25, 56.0, 21.98, 20.5, 9999.0, 14.11, 14.18, 19.77, 9999.0, 23.73, 9999.0, 58.0, 57.2, 55.25, 51.0, 57.75
2026-07-12, 01:05:40, 72.25, 56.0, 21.98, 20.5, 9999.0, 14.11, 14.2, 19.77, 9999.0, 23.73, 9999.0, 57.95, 57.18, 55.25, 51.0, 57.75
2026-07-12, 01:05:44, 72.25, 56.0, 21.98, 20.5, 9999.0, 14.14, 14.2, 19.77, 9999.0, 23.73, 9999.0, 57.93, 57.16, 55.25, 51.0, 57.75
2026-07-12, 01:05:48, 72.25, 56.0, 21.98, 20.5, 9999.0, 14.16, 14.2, 19.77, 9999.0, 23.68, 9999.0, 57.93, 57.14, 55.25, 51.0, 57.75
2026-07-12, 01:05:52, 72.25, 56.0, 21.98, 20.5, 9999.0, 14.16, 14.2, 19.75, 9999.0, 23.68, 9999.0, 57.93, 57.11, 55.25, 51.0, 57.75
2026-07-12, 01:05:56, 72.25, 56.0, 21.98, 20.5, 9999.0, 14.18, 14.2, 19.75, 9999.0, 23.68, 9999.0, 57.95, 57.11, 55.25, 51.0, 57.75
2026-07-12, 01:06:00, 72.25, 56.0, 21.98, 20.5, 9999.0, 14.2, 14.2, 19.75, 9999.0, 23.66, 9999.0, 57.98, 57.11, 55.25, 51.0, 57.75
2026-07-12, 01:06:04, 72.25, 56.0, 21.98, 20.5, 9999.0, 14.23, 14.2, 19.75, 9999.0, 23.64, 9999.0, 57.98, 57.11, 55.25, 51.0, 57.75
2026-07-12, 01:06:08, 72.25, 56.0, 21.98, 20.5, 9999.0, 14.25, 14.23, 19.77, 9999.0, 23.64, 9999.0, 57.98, 57.11, 55.25, 51.0, 57.75
2026-07-12, 01:06:12, 72.25, 56.0, 21.98, 20.5, 9999.0, 14.27, 14.25, 19.77, 9999.0, 23.64, 9999.0, 57.98, 57.14, 55.25, 51.0, 57.75
2026-07-12, 01:06:16, 72.25, 56.0, 21.98, 20.52, 9999.0, 14.27, 14.25, 19.77, 9999.0, 23.68, 9999.0, 57.98, 57.14, 55.25, 51.0, 57.75
2026-07-12, 01:06:20, 72.25, 56.0, 22.0, 20.55, 9999.0, 14.27, 14.25, 19.77, 9999.0, 23.73, 9999.0, 58.0, 57.16, 55.25, 51.0, 57.75
2026-07-12, 01:06:24, 72.25, 56.0, 22.0, 20.55, 9999.0, 14.27, 14.25, 19.77, 9999.0, 23.75, 9999.0, 58.02, 57.18, 55.25, 51.0, 57.77
2026-07-12, 01:06:28, 72.25, 56.0, 22.0, 20.55, 9999.0, 14.25, 14.25, 19.8, 9999.0, 23.77, 9999.0, 58.05, 57.2, 55.25, 51.0, 57.8
2026-07-12, 01:06:32, 72.25, 56.0, 22.0, 20.55, 9999.0, 14.23, 14.25, 19.82, 9999.0, 23.82, 9999.0, 58.05, 57.23, 55.25, 51.0, 57.8
2026-07-12, 01:06:36, 72.25, 56.0, 22.0, 20.55, 9999.0, 14.2, 14.25, 19.82, 9999.0, 23.82, 9999.0, 58.05, 57.25, 55.25, 51.0, 57.8
2026-07-12, 01:06:40, 72.25, 56.0, 22.0, 20.57, 9999.0, 14.18, 14.25, 19.82, 9999.0, 23.82, 9999.0, 58.0, 57.25, 55.25, 51.0, 57.8
2026-07-12, 01:06:44, 72.25, 56.0, 22.0, 20.59, 9999.0, 14.18, 14.25, 19.82, 9999.0, 23.84, 9999.0, 57.98, 57.25, 55.25, 51.0, 57.8
2026-07-12, 01:06:48, 72.25, 56.0, 22.0, 20.59, 9999.0, 14.18, 14.25, 19.82, 9999.0, 23.86, 9999.0, 57.95, 57.25, 55.25, 51.0, 57.82
2026-07-12, 01:06:52, 72.25, 56.0, 22.0, 20.59, 9999.0, 14.18, 14.25, 19.8, 9999.0, 23.86, 9999.0, 57.93, 57.25, 55.25, 51.0, 57.82
2026-07-12, 01:06:56, 72.25, 56.0, 21.98, 20.59, 9999.0, 14.18, 14.25, 19.8, 9999.0, 23.86, 9999.0, 57.91, 57.25, 55.25, 51.0, 57.82
2026-07-12, 01:07:00, 72.25, 56.0, 21.98, 20.57, 9999.0, 14.2, 14.25, 19.8, 9999.0, 23.84, 9999.0, 57.91, 57.23, 55.25, 51.0, 57.82
2026-07-12, 01:07:04, 72.25, 56.0, 21.98, 20.55, 9999.0, 14.23, 14.23, 19.82, 9999.0, 23.82, 9999.0, 57.91, 57.2, 55.25, 51.0, 57.82
2026-07-12, 01:07:08, 72.25, 56.0, 21.98, 20.55, 9999.0, 14.23, 14.23, 19.82, 9999.0, 23.8, 9999.0, 57.91, 57.2, 55.25, 51.0, 57.8
2026-07-12, 01:07:12, 72.25, 56.0, 21.98, 20.55, 9999.0, 14.23, 14.23, 19.8, 9999.0, 23.75, 9999.0, 57.93, 57.2, 55.25, 51.0, 57.77
2026-07-12, 01:07:16, 72.25, 56.0, 21.98, 20.55, 9999.0, 14.25, 14.23, 19.77, 9999.0, 23.73, 9999.0, 57.95, 57.2, 55.25, 51.0, 57.77
2026-07-12, 01:07:20, 72.25, 56.0, 21.98, 20.55, 9999.0, 14.27, 14.23, 19.8, 9999.0, 23.73, 9999.0, 57.98, 57.18, 55.25, 51.0, 57.77
2026-07-12, 01:07:24, 72.25, 56.0, 21.98, 20.52, 9999.0, 14.3, 14.23, 19.82, 9999.0, 23.73, 9999.0, 58.0, 57.18, 55.25, 51.0, 57.77
2026-07-12, 01:07:28, 72.25, 56.0, 21.98, 20.5, 9999.0, 14.3, 14.23, 19.82, 9999.0, 23.73, 9999.0, 58.0, 57.18, 55.25, 51.0, 57.77
2026-07-12, 01:07:32, 72.25, 56.0, 21.98, 20.5, 9999.0, 14.3, 14.23, 19.82, 9999.0, 23.75, 9999.0, 58.02, 57.18, 55.25, 51.0, 57.75
2026-07-12, 01:07:36, 72.25, 56.0, 21.95, 20.5, 9999.0, 14.3, 14.23, 19.82, 9999.0, 23.77, 9999.0, 58.05, 57.18, 55.25, 51.0, 57.75
2026-07-12, 01:07:40, 72.25, 56.0, 21.98, 20.5, 9999.0, 14.3, 14.23, 19.82, 9999.0, 23.8, 9999.0, 58.07, 57.18, 55.25, 50.98, 57.75
2026-07-12, 01:07:44, 72.25, 56.0, 21.98, 20.52, 9999.0, 14.25, 14.23, 19.82, 9999.0, 23.82, 9999.0, 58.05, 57.2, 55.25, 50.98, 57.77
2026-07-12, 01:07:48, 72.25, 56.0, 21.98, 20.55, 9999.0, 14.2, 14.25, 19.8, 9999.0, 23.82, 9999.0, 58.05, 57.23, 55.25, 50.98, 57.77
2026-07-12, 01:07:52, 72.25, 56.0, 21.98, 20.55, 9999.0, 14.18, 14.25, 19.8, 9999.0, 23.82, 9999.0, 58.02, 57.23, 55.25, 50.98, 57.77
2026-07-12, 01:07:56, 72.25, 56.0, 21.98, 20.55, 9999.0, 14.16, 14.25, 19.8, 9999.0, 23.84, 9999.0, 58.0, 57.23, 55.25, 50.98, 57.77
2026-07-12, 01:08:00, 72.25, 56.0, 21.95, 20.55, 9999.0, 14.16, 14.25, 19.8, 9999.0, 23.84, 9999.0, 57.95, 57.23, 55.25, 50.98, 57.77
2026-07-12, 01:08:04, 72.25, 56.0, 21.93, 20.55, 9999.0, 14.16, 14.25, 19.77, 9999.0, 23.82, 9999.0, 57.91, 57.23, 55.25, 50.98, 57.77
2026-07-12, 01:08:08, 72.25, 56.0, 21.93, 20.57, 9999.0, 14.16, 14.25, 19.75, 9999.0, 23.82, 9999.0, 57.89, 57.2, 55.25, 50.98, 57.77
2026-07-12, 01:08:12, 72.25, 56.0, 21.93, 20.57, 9999.0, 14.18, 14.25, 19.75, 9999.0, 23.82, 9999.0, 57.86, 57.2, 55.25, 50.98, 57.77
2026-07-12, 01:08:16, 72.25, 56.0, 21.91, 20.57, 9999.0, 14.2, 14.25, 19.77, 9999.0, 23.8, 9999.0, 57.86, 57.2, 55.25, 50.98, 57.77
2026-07-12, 01:08:20, 72.25, 56.0, 21.93, 20.59, 9999.0, 14.23, 14.25, 19.77, 9999.0, 23.77, 9999.0, 57.86, 57.18, 55.25, 50.98, 57.77
2026-07-12, 01:08:24, 72.25, 56.0, 21.93, 20.61, 9999.0, 14.23, 14.25, 19.77, 9999.0, 23.75, 9999.0, 57.86, 57.18, 55.25, 51.0, 57.77
2026-07-12, 01:08:28, 72.25, 56.0, 21.93, 20.59, 9999.0, 14.25, 14.25, 19.77, 9999.0, 23.73, 9999.0, 57.91, 57.18, 55.25, 51.0, 57.75
2026-07-12, 01:08:33, 72.25, 56.0, 21.93, 20.57, 9999.0, 14.27, 14.25, 19.77, 9999.0, 23.73, 9999.0, 57.91, 57.18, 55.25, 51.0, 57.75
2026-07-12, 01:08:37, 72.25, 56.0, 21.93, 20.57, 9999.0, 14.3, 14.25, 19.77, 9999.0, 23.75, 9999.0, 57.93, 57.18, 55.25, 51.0, 57.75
2026-07-12, 01:08:41, 72.25, 56.0, 21.93, 20.57, 9999.0, 14.32, 14.25, 19.77, 9999.0, 23.75, 9999.0, 57.93, 57.18, 55.25, 51.0, 57.75
2026-07-12, 01:08:45, 72.25, 56.0, 21.95, 20.57, 9999.0, 14.32, 14.25, 19.77, 9999.0, 23.77, 9999.0, 57.95, 57.16, 55.25, 51.0, 57.75
2026-07-12, 01:08:49, 72.25, 56.0, 21.98, 20.57, 9999.0, 14.32, 14.25, 19.77, 9999.0, 23.82, 9999.0, 57.98, 57.18, 55.25, 51.0, 57.75
2026-07-12, 01:08:53, 72.25, 56.0, 21.98, 20.55, 9999.0, 14.32, 14.25, 19.77, 9999.0, 23.84, 9999.0, 58.0, 57.2, 55.25, 51.0, 57.75
2026-07-12, 01:08:57, 72.25, 56.0, 21.98, 20.57, 9999.0, 14.27, 14.25, 19.77, 9999.0, 23.86, 9999.0, 58.02, 57.2, 55.25, 51.0, 57.75
2026-07-12, 01:09:01, 72.25, 56.0, 22.0, 20.59, 9999.0, 14.25, 14.25, 19.75, 9999.0, 23.89, 9999.0, 58.02, 57.2, 55.25, 51.0, 57.75
2026-07-12, 01:09:05, 72.25, 56.0, 22.0, 20.57, 9999.0, 14.2, 14.25, 19.75, 9999.0, 23.91, 9999.0, 58.02, 57.23, 55.25, 51.0, 57.75
2026-07-12, 01:09:09, 72.25, 56.0, 22.0, 20.55, 9999.0, 14.18, 14.25, 19.75, 9999.0, 23.93, 9999.0, 58.0, 57.23, 55.25, 50.98, 57.75
2026-07-12, 01:09:13, 72.25, 56.0, 22.0, 20.55, 9999.0, 14.16, 14.25, 19.77, 9999.0, 23.95, 9999.0, 57.95, 57.23, 55.25, 50.98, 57.75
2026-07-12, 01:09:17, 72.25, 56.0, 22.0, 20.55, 9999.0, 14.16, 14.25, 19.77, 9999.0, 23.98, 9999.0, 57.93, 57.2, 55.25, 50.95, 57.75
2026-07-12, 01:09:21, 72.25, 56.0, 22.0, 20.55, 9999.0, 14.16, 14.25, 19.77, 9999.0, 23.98, 9999.0, 57.91, 57.2, 55.25, 50.95, 57.75
2026-07-12, 01:09:25, 72.25, 56.0, 22.0, 20.55, 9999.0, 14.16, 14.25, 19.8, 9999.0, 24.0, 9999.0, 57.89, 57.18, 55.25, 50.95, 57.75
2026-07-12, 01:09:29, 72.25, 56.0, 22.0, 20.55, 9999.0, 14.16, 14.25, 19.8, 9999.0, 24.0, 9999.0, 57.86, 57.2, 55.25, 50.95, 57.75
2026-07-12, 01:09:33, 72.25, 56.0, 22.0, 20.55, 9999.0, 14.18, 14.25, 19.8, 9999.0, 23.98, 9999.0, 57.86, 57.2, 55.25, 50.95, 57.75
2026-07-12, 01:09:37, 72.25, 56.0, 22.0, 20.55, 9999.0, 14.2, 14.25, 19.8, 9999.0, 23.95, 9999.0, 57.86, 57.2, 55.25, 50.93, 57.75
2026-07-12, 01:09:41, 72.25, 56.0, 22.0, 20.52, 9999.0, 14.23, 14.25, 19.8, 9999.0, 23.93, 9999.0, 57.86, 57.2, 55.25, 50.93, 57.75
2026-07-12, 01:09:45, 72.25, 56.0, 22.0, 20.52, 9999.0, 14.23, 14.25, 19.8, 9999.0, 23.91, 9999.0, 57.89, 57.2, 55.25, 50.93, 57.75
2026-07-12, 01:09:49, 72.25, 56.0, 22.0, 20.55, 9999.0, 14.25, 14.25, 19.8, 9999.0, 23.89, 9999.0, 57.91, 57.2, 55.25, 50.93, 57.75
2026-07-12, 01:09:53, 72.25, 56.0, 21.98, 20.57, 9999.0, 14.27, 14.25, 19.8, 9999.0, 23.89, 9999.0, 57.93, 57.2, 55.25, 50.95, 57.75
2026-07-12, 01:09:57, 72.25, 56.0, 21.98, 20.59, 9999.0, 14.3, 14.25, 19.77, 9999.0, 23.89, 9999.0, 57.95, 57.2, 55.25, 50.95, 57.75
2026-07-12, 01:10:01, 72.25, 56.0, 21.98, 20.61, 9999.0, 14.3, 14.25, 19.77, 9999.0, 23.89, 9999.0, 57.98, 57.23, 55.25, 50.98, 57.75
2026-07-12, 01:10:05, 72.25, 56.0, 21.98, 20.61, 9999.0, 14.3, 14.25, 19.8, 9999.0, 23.89, 9999.0, 58.0, 57.23, 55.25, 50.98, 57.75
2026-07-12, 01:10:09, 72.25, 56.0, 21.98, 20.61, 9999.0, 14.3, 14.25, 19.77, 9999.0, 23.89, 9999.0, 58.02, 57.25, 55.25, 50.98, 57.75
2026-07-12, 01:10:13, 72.25, 56.0, 21.98, 20.61, 9999.0, 14.3, 14.25, 19.8, 9999.0, 23.89, 9999.0, 58.05, 57.25, 55.25, 50.98, 57.75
2026-07-12, 01:10:17, 72.25, 56.0, 21.98, 20.61, 9999.0, 14.27, 14.25, 19.8, 9999.0, 23.91, 9999.0, 58.05, 57.25, 55.25, 50.98, 57.75
2026-07-12, 01:10:21, 72.25, 56.0, 21.98, 20.61, 9999.0, 14.23, 14.25, 19.82, 9999.0, 23.93, 9999.0, 58.05, 57.25, 55.25, 51.0, 57.75
2026-07-12, 01:10:25, 72.25, 56.0, 21.98, 20.64, 9999.0, 14.2, 14.25, 19.82, 9999.0, 23.95, 9999.0, 58.02, 57.25, 55.25, 51.0, 57.75
2026-07-12, 01:10:29, 72.25, 56.0, 21.98, 20.61, 9999.0, 14.18, 14.25, 19.82, 9999.0, 23.95, 9999.0, 57.98, 57.25, 55.25, 51.0, 57.75
2026-07-12, 01:10:33, 72.25, 56.0, 21.98, 20.59, 9999.0, 14.18, 14.25, 19.82, 9999.0, 23.95, 9999.0, 57.93, 57.25, 55.25, 51.0, 57.75
2026-07-12, 01:10:37, 72.25, 56.0, 22.0, 20.57, 9999.0, 14.18, 14.25, 19.82, 9999.0, 23.95, 9999.0, 57.91, 57.23, 55.25, 51.0, 57.75
2026-07-12, 01:10:41, 72.25, 56.02, 22.0, 20.55, 9999.0, 14.2, 14.25, 19.82, 9999.0, 23.95, 9999.0, 57.89, 57.23, 55.25, 51.0, 57.75
2026-07-12, 01:10:45, 72.25, 56.05, 22.0, 20.52, 9999.0, 14.23, 14.25, 19.82, 9999.0, 23.95, 9999.0, 57.86, 57.23, 55.25, 51.0, 57.75
2026-07-12, 01:10:49, 72.25, 56.05, 22.0, 20.52, 9999.0, 14.23, 14.25, 19.8, 9999.0, 23.95, 9999.0, 57.86, 57.23, 55.25, 51.0, 57.75
2026-07-12, 01:10:53, 72.25, 56.05, 22.0, 20.55, 9999.0, 14.23, 14.25, 19.8, 9999.0, 23.95, 9999.0, 57.86, 57.2, 55.25, 51.0, 57.75
2026-07-12, 01:10:57, 72.25, 56.05, 21.98, 20.55, 9999.0, 14.23, 14.25, 19.77, 9999.0, 23.93, 9999.0, 57.86, 57.2, 55.25, 51.0, 57.75
2026-07-12, 01:11:01, 72.25, 56.05, 21.98, 20.55, 9999.0, 14.23, 14.25, 19.8, 9999.0, 23.91, 9999.0, 57.89, 57.2, 55.25, 51.0, 57.75
2026-07-12, 01:11:05, 72.25, 56.05, 21.98, 20.55, 9999.0, 14.25, 14.25, 19.8, 9999.0, 23.89, 9999.0, 57.89, 57.18, 55.25, 51.0, 57.75
2026-07-12, 01:11:09, 72.25, 56.07, 21.95, 20.52, 9999.0, 14.27, 14.25, 19.82, 9999.0, 23.89, 9999.0, 57.91, 57.18, 55.25, 50.98, 57.75
2026-07-12, 01:11:13, 72.25, 56.07, 21.95, 20.55, 9999.0, 14.3, 14.25, 19.82, 9999.0, 23.91, 9999.0, 57.93, 57.16, 55.27, 50.98, 57.75
2026-07-12, 01:11:17, 72.25, 56.07, 21.95, 20.55, 9999.0, 14.3, 14.25, 19.84, 9999.0, 23.93, 9999.0, 57.95, 57.16, 55.27, 50.98, 57.75
2026-07-12, 01:11:21, 72.25, 56.07, 21.95, 20.55, 9999.0, 14.27, 14.25, 19.86, 9999.0, 23.93, 9999.0, 57.98, 57.18, 55.27, 50.98, 57.75
2026-07-12, 01:11:25, 72.25, 56.05, 21.95, 20.57, 9999.0, 14.25, 14.25, 19.89, 9999.0, 23.93, 9999.0, 58.0, 57.18, 55.27, 50.98, 57.75
2026-07-12, 01:11:29, 72.23, 56.02, 21.95, 20.57, 9999.0, 14.23, 14.25, 19.89, 9999.0, 23.93, 9999.0, 58.02, 57.18, 55.27, 50.98, 57.75
2026-07-12, 01:11:33, 72.23, 56.02, 21.95, 20.59, 9999.0, 14.23, 14.25, 19.91, 9999.0, 23.93, 9999.0, 58.02, 57.18, 55.27, 50.98, 57.75
2026-07-12, 01:11:37, 72.23, 56.02, 21.93, 20.59, 9999.0, 14.2, 14.25, 19.91, 9999.0, 23.93, 9999.0, 58.0, 57.2, 55.27, 50.98, 57.75
2026-07-12, 01:11:41, 72.23, 56.02, 21.95, 20.61, 9999.0, 14.18, 14.25, 19.91, 9999.0, 23.95, 9999.0, 57.98, 57.2, 55.27, 50.98, 57.75
2026-07-12, 01:11:45, 72.23, 56.02, 21.95, 20.64, 9999.0, 14.16, 14.25, 19.89, 9999.0, 23.98, 9999.0, 57.95, 57.18, 55.27, 50.98, 57.75
2026-07-12, 01:11:49, 72.23, 56.02, 21.95, 20.64, 9999.0, 14.16, 14.25, 19.86, 9999.0, 24.0, 9999.0, 57.95, 57.18, 55.27, 50.98, 57.75
2026-07-12, 01:11:53, 72.23, 56.0, 21.98, 20.64, 9999.0, 14.16, 14.25, 19.86, 9999.0, 24.0, 9999.0, 57.93, 57.18, 55.27, 51.0, 57.75
2026-07-12, 01:11:57, 72.23, 56.0, 21.98, 20.61, 9999.0, 14.18, 14.25, 19.86, 9999.0, 23.98, 9999.0, 57.91, 57.18, 55.25, 51.0, 57.75
2026-07-12, 01:12:01, 72.23, 56.0, 21.98, 20.64, 9999.0, 14.18, 14.25, 19.84, 9999.0, 23.98, 9999.0, 57.89, 57.18, 55.25, 51.0, 57.75
2026-07-12, 01:12:05, 72.23, 56.0, 21.98, 20.66, 9999.0, 14.2, 14.25, 19.82, 9999.0, 23.98, 9999.0, 57.89, 57.16, 55.25, 51.0, 57.75
2026-07-12, 01:12:09, 72.23, 56.0, 21.95, 20.64, 9999.0, 14.2, 14.25, 19.82, 9999.0, 23.95, 9999.0, 57.89, 57.16, 55.25, 51.0, 57.75
2026-07-12, 01:12:13, 72.25, 56.0, 21.93, 20.66, 9999.0, 14.2, 14.25, 19.84, 9999.0, 23.93, 9999.0, 57.89, 57.14, 55.25, 51.0, 57.75
2026-07-12, 01:12:17, 72.25, 56.0, 21.93, 20.64, 9999.0, 14.2, 14.25, 19.84, 9999.0, 23.91, 9999.0, 57.89, 57.14, 55.25, 51.0, 57.75
2026-07-12, 01:12:21, 72.25, 56.02, 21.95, 20.64, 9999.0, 14.23, 14.25, 19.86, 9999.0, 23.91, 9999.0, 57.91, 57.11, 55.25, 51.0, 57.75
2026-07-12, 01:12:26, 72.25, 56.02, 21.95, 20.64, 9999.0, 14.25, 14.25, 19.89, 9999.0, 23.91, 9999.0, 57.93, 57.09, 55.25, 51.0, 57.75
2026-07-12, 01:12:30, 72.25, 56.02, 21.95, 20.64, 9999.0, 14.27, 14.25, 19.91, 9999.0, 23.91, 9999.0, 57.93, 57.11, 55.25, 51.0, 57.75
2026-07-12, 01:12:34, 72.25, 56.02, 21.95, 20.64, 9999.0, 14.27, 14.25, 19.93, 9999.0, 23.93, 9999.0, 57.93, 57.14, 55.25, 51.0, 57.75
2026-07-12, 01:12:38, 72.25, 56.02, 21.95, 20.66, 9999.0, 14.25, 14.25, 19.91, 9999.0, 23.95, 9999.0, 57.95, 57.14, 55.25, 50.98, 57.75
2026-07-12, 01:12:42, 72.25, 56.02, 21.93, 20.66, 9999.0, 14.2, 14.25, 19.93, 9999.0, 23.98, 9999.0, 57.98, 57.16, 55.25, 50.98, 57.75
2026-07-12, 01:12:46, 72.25, 56.02, 21.93, 20.64, 9999.0, 14.2, 14.25, 19.93, 9999.0, 23.98, 9999.0, 57.98, 57.16, 55.25, 50.98, 57.75
2026-07-12, 01:12:50, 72.25, 56.02, 21.93, 20.61, 9999.0, 14.18, 14.25, 19.93, 9999.0, 23.98, 9999.0, 57.98, 57.18, 55.25, 50.98, 57.75
2026-07-12, 01:12:54, 72.25, 56.02, 21.95, 20.61, 9999.0, 14.16, 14.23, 19.91, 9999.0, 24.0, 9999.0, 57.98, 57.18, 55.25, 50.98, 57.75
2026-07-12, 01:12:58, 72.25, 56.02, 21.98, 20.59, 9999.0, 14.14, 14.2, 19.91, 9999.0, 24.02, 9999.0, 57.98, 57.2, 55.25, 50.98, 57.75
2026-07-12, 01:13:02, 72.25, 56.05, 21.98, 20.59, 9999.0, 14.14, 14.2, 19.89, 9999.0, 24.05, 9999.0, 57.95, 57.18, 55.25, 50.98, 57.75
2026-07-12, 01:13:06, 72.25, 56.05, 21.98, 20.57, 9999.0, 14.14, 14.18, 19.86, 9999.0, 24.05, 9999.0, 57.93, 57.2, 55.25, 50.98, 57.75
2026-07-12, 01:13:10, 72.25, 56.05, 21.98, 20.55, 9999.0, 14.14, 14.16, 19.84, 9999.0, 24.05, 9999.0, 57.91, 57.23, 55.25, 50.98, 57.75
2026-07-12, 01:13:14, 72.25, 56.05, 21.98, 20.52, 9999.0, 14.16, 14.16, 19.82, 9999.0, 24.05, 9999.0, 57.89, 57.23, 55.25, 50.98, 57.75
2026-07-12, 01:13:18, 72.25, 56.05, 21.98, 20.52, 9999.0, 14.18, 14.16, 19.8, 9999.0, 24.02, 9999.0, 57.89, 57.2, 55.25, 50.95, 57.75
2026-07-12, 01:13:22, 72.25, 56.05, 21.98, 20.52, 9999.0, 14.23, 14.16, 19.82, 9999.0, 24.0, 9999.0, 57.89, 57.18, 55.25, 50.98, 57.75
2026-07-12, 01:13:26, 72.25, 56.05, 21.98, 20.52, 9999.0, 14.25, 14.16, 19.8, 9999.0, 24.0, 9999.0, 57.89, 57.18, 55.25, 50.95, 57.75
2026-07-12, 01:13:30, 72.25, 56.05, 21.95, 20.52, 9999.0, 14.25, 14.16, 19.8, 9999.0, 24.0, 9999.0, 57.91, 57.18, 55.25, 50.95, 57.75
2026-07-12, 01:13:34, 72.25, 56.05, 21.93, 20.55, 9999.0, 14.27, 14.16, 19.8, 9999.0, 24.0, 9999.0, 57.93, 57.16, 55.25, 50.95, 57.75
2026-07-12, 01:13:38, 72.25, 56.05, 21.93, 20.55, 9999.0, 14.3, 14.18, 19.8, 9999.0, 24.0, 9999.0, 57.93, 57.16, 55.25, 50.95, 57.75
2026-07-12, 01:13:42, 72.25, 56.05, 21.93, 20.55, 9999.0, 14.32, 14.2, 19.77, 9999.0, 24.0, 9999.0, 57.93, 57.16, 55.25, 50.95, 57.75
2026-07-12, 01:13:46, 72.25, 56.02, 21.93, 20.55, 9999.0, 14.32, 14.2, 19.77, 9999.0, 24.0, 9999.0, 57.95, 57.18, 55.25, 50.95, 57.75
2026-07-12, 01:13:50, 72.25, 56.0, 21.93, 20.57, 9999.0, 14.32, 14.23, 19.77, 9999.0, 24.02, 9999.0, 57.98, 57.18, 55.25, 50.93, 57.75
2026-07-12, 01:13:54, 72.25, 56.0, 21.93, 20.57, 9999.0, 14.32, 14.25, 19.77, 9999.0, 24.05, 9999.0, 58.0, 57.18, 55.25, 50.93, 57.75
2026-07-12, 01:13:58, 72.25, 56.0, 21.93, 20.57, 9999.0, 14.3, 14.25, 19.77, 9999.0, 24.07, 9999.0, 58.0, 57.18, 55.25, 50.93, 57.75
2026-07-12, 01:14:02, 72.25, 56.0, 21.93, 20.57, 9999.0, 14.27, 14.25, 19.8, 9999.0, 24.07, 9999.0, 57.98, 57.2, 55.25, 50.95, 57.75
2026-07-12, 01:14:06, 72.25, 56.0, 21.93, 20.55, 9999.0, 14.25, 14.25, 19.77, 9999.0, 24.07, 9999.0, 57.95, 57.23, 55.25, 50.95, 57.75
2026-07-12, 01:14:10, 72.25, 56.0, 21.95, 20.55, 9999.0, 14.25, 14.25, 19.8, 9999.0, 24.07, 9999.0, 57.95, 57.23, 55.25, 50.98, 57.75
2026-07-12, 01:14:14, 72.25, 56.0, 21.95, 20.55, 9999.0, 14.23, 14.23, 19.8, 9999.0, 24.07, 9999.0, 57.93, 57.23, 55.25, 50.98, 57.75
2026-07-12, 01:14:18, 72.25, 56.0, 21.98, 20.52, 9999.0, 14.23, 14.23, 19.8, 9999.0, 24.07, 9999.0, 57.89, 57.23, 55.25, 50.98, 57.75
2026-07-12, 01:14:22, 72.25, 56.0, 21.95, 20.52, 9999.0, 14.23, 14.23, 19.8, 9999.0, 24.07, 9999.0, 57.86, 57.2, 55.25, 50.98, 57.75
2026-07-12, 01:14:26, 72.25, 56.0, 21.93, 20.52, 9999.0, 14.23, 14.23, 19.8, 9999.0, 24.07, 9999.0, 57.84, 57.2, 55.25, 50.98, 57.75
2026-07-12, 01:14:30, 72.25, 56.0, 21.93, 20.52, 9999.0, 14.25, 14.23, 19.82, 9999.0, 24.07, 9999.0, 57.82, 57.18, 55.25, 50.98, 57.75
2026-07-12, 01:14:34, 72.25, 56.0, 21.93, 20.52, 9999.0, 14.27, 14.23, 19.84, 9999.0, 24.05, 9999.0, 57.8, 57.18, 55.25, 51.0, 57.75
2026-07-12, 01:14:38, 72.25, 56.02, 21.93, 20.52, 9999.0, 14.3, 14.23, 19.86, 9999.0, 24.02, 9999.0, 57.8, 57.16, 55.25, 51.0, 57.75
2026-07-12, 01:14:42, 72.25, 56.02, 21.93, 20.52, 9999.0, 14.3, 14.23, 19.86, 9999.0, 24.0, 9999.0, 57.82, 57.14, 55.25, 51.0, 57.75
2026-07-12, 01:14:46, 72.25, 56.02, 21.91, 20.52, 9999.0, 14.3, 14.23, 19.84, 9999.0, 23.98, 9999.0, 57.86, 57.14, 55.25, 51.0, 57.75
2026-07-12, 01:14:50, 72.25, 56.02, 21.91, 20.52, 9999.0, 14.3, 14.2, 19.84, 9999.0, 23.95, 9999.0, 57.89, 57.14, 55.25, 51.0, 57.75
2026-07-12, 01:14:54, 72.25, 56.02, 21.91, 20.52, 9999.0, 14.3, 14.2, 19.84, 9999.0, 23.95, 9999.0, 57.89, 57.14, 55.25, 50.98, 57.75
2026-07-12, 01:14:58, 72.25, 56.02, 21.93, 20.52, 9999.0, 14.32, 14.23, 19.84, 9999.0, 23.93, 9999.0, 57.91, 57.11, 55.25, 50.98, 57.75
2026-07-12, 01:15:02, 72.25, 56.02, 21.91, 20.52, 9999.0, 14.32, 14.23, 19.84, 9999.0, 23.93, 9999.0, 57.93, 57.14, 55.25, 50.98, 57.75
2026-07-12, 01:15:06, 72.25, 56.02, 21.91, 20.52, 9999.0, 14.3, 14.23, 19.84, 9999.0, 23.93, 9999.0, 57.95, 57.16, 55.25, 50.98, 57.75
2026-07-12, 01:15:10, 72.25, 56.02, 21.93, 20.52, 9999.0, 14.3, 14.23, 19.84, 9999.0, 23.93, 9999.0, 57.98, 57.16, 55.25, 50.95, 57.75
2026-07-12, 01:15:14, 72.25, 56.02, 21.91, 20.52, 9999.0, 14.27, 14.23, 19.82, 9999.0, 23.93, 9999.0, 58.0, 57.18, 55.25, 50.95, 57.75
2026-07-12, 01:15:18, 72.25, 56.02, 21.91, 20.5, 9999.0, 14.25, 14.23, 19.8, 9999.0, 23.93, 9999.0, 58.02, 57.18, 55.25, 50.95, 57.75
2026-07-12, 01:15:22, 72.25, 56.0, 21.91, 20.5, 9999.0, 14.2, 14.23, 19.77, 9999.0, 23.93, 9999.0, 58.02, 57.18, 55.25, 50.95, 57.75
2026-07-12, 01:15:26, 72.25, 56.0, 21.89, 20.5, 9999.0, 14.18, 14.23, 19.77, 9999.0, 23.93, 9999.0, 58.0, 57.18, 55.25, 50.95, 57.75
2026-07-12, 01:15:30, 72.25, 56.0, 21.91, 20.5, 9999.0, 14.16, 14.23, 19.77, 9999.0, 23.95, 9999.0, 57.95, 57.16, 55.25, 50.95, 57.75
2026-07-12, 01:15:34, 72.25, 56.0, 21.91, 20.5, 9999.0, 14.16, 14.25, 19.77, 9999.0, 23.98, 9999.0, 57.93, 57.14, 55.25, 50.95, 57.75
2026-07-12, 01:15:38, 72.25, 56.0, 21.89, 20.5, 9999.0, 14.16, 14.23, 19.75, 9999.0, 23.98, 9999.0, 57.91, 57.11, 55.25, 50.98, 57.75
2026-07-12, 01:15:42, 72.25, 56.0, 21.89, 20.5, 9999.0, 14.16, 14.23, 19.75, 9999.0, 24.0, 9999.0, 57.89, 57.14, 55.25, 50.95, 57.75
2026-07-12, 01:15:46, 72.25, 56.0, 21.91, 20.5, 9999.0, 14.18, 14.23, 19.75, 9999.0, 23.98, 9999.0, 57.86, 57.11, 55.25, 50.95, 57.75
2026-07-12, 01:15:50, 72.25, 56.0, 21.91, 20.5, 9999.0, 14.23, 14.23, 19.77, 9999.0, 23.98, 9999.0, 57.86, 57.11, 55.25, 50.95, 57.75
2026-07-12, 01:15:54, 72.25, 56.0, 21.89, 20.5, 9999.0, 14.23, 14.23, 19.77, 9999.0, 23.98, 9999.0, 57.86, 57.11, 55.25, 50.95, 57.75
2026-07-12, 01:15:58, 72.25, 56.0, 21.91, 20.5, 9999.0, 14.23, 14.23, 19.77, 9999.0, 23.95, 9999.0, 57.86, 57.11, 55.25, 50.95, 57.75
2026-07-12, 01:16:02, 72.25, 56.0, 21.91, 20.5, 9999.0, 14.23, 14.23, 19.77, 9999.0, 23.93, 9999.0, 57.86, 57.11, 55.25, 50.95, 57.75
2026-07-12, 01:16:06, 72.25, 56.0, 21.91, 20.5, 9999.0, 14.25, 14.23, 19.77, 9999.0, 23.91, 9999.0, 57.86, 57.14, 55.25, 50.93, 57.75
2026-07-12, 01:16:10, 72.25, 56.0, 21.93, 20.5, 9999.0, 14.27, 14.23, 19.77, 9999.0, 23.91, 9999.0, 57.91, 57.16, 55.25, 50.93, 57.75
2026-07-12, 01:16:15, 72.25, 56.0, 21.93, 20.5, 9999.0, 14.3, 14.23, 19.77, 9999.0, 23.91, 9999.0, 57.93, 57.16, 55.25, 50.93, 57.75
2026-07-12, 01:16:19, 72.25, 56.0, 21.91, 20.5, 9999.0, 14.3, 14.23, 19.77, 9999.0, 23.91, 9999.0, 57.95, 57.18, 55.25, 50.91, 57.75
2026-07-12, 01:16:23, 72.25, 56.0, 21.93, 20.5, 9999.0, 14.3, 14.25, 19.77, 9999.0, 23.91, 9999.0, 57.98, 57.2, 55.25, 50.91, 57.75
2026-07-12, 01:16:27, 72.25, 56.0, 21.93, 20.5, 9999.0, 14.27, 14.25, 19.77, 9999.0, 23.91, 9999.0, 58.0, 57.2, 55.25, 50.93, 57.75
2026-07-12, 01:16:31, 72.25, 56.0, 21.93, 20.5, 9999.0, 14.25, 14.25, 19.77, 9999.0, 23.93, 9999.0, 58.02, 57.23, 55.25, 50.93, 57.75
2026-07-12, 01:16:35, 72.25, 56.0, 21.95, 20.5, 9999.0, 14.2, 14.23, 19.75, 9999.0, 23.93, 9999.0, 58.02, 57.23, 55.25, 50.93, 57.75
2026-07-12, 01:16:39, 72.25, 56.0, 21.98, 20.5, 9999.0, 14.18, 14.23, 19.75, 9999.0, 23.93, 9999.0, 58.0, 57.23, 55.25, 50.95, 57.75
2026-07-12, 01:16:43, 72.25, 56.0, 21.95, 20.5, 9999.0, 14.16, 14.23, 19.75, 9999.0, 23.95, 9999.0, 57.98, 57.23, 55.25, 50.95, 57.75
2026-07-12, 01:16:47, 72.25, 56.0, 21.93, 20.5, 9999.0, 14.14, 14.2, 19.75, 9999.0, 23.98, 9999.0, 57.95, 57.23, 55.25, 50.95, 57.75
2026-07-12, 01:16:51, 72.25, 56.0, 21.93, 20.52, 9999.0, 14.14, 14.18, 19.75, 9999.0, 24.0, 9999.0, 57.93, 57.2, 55.25, 50.98, 57.75
2026-07-12, 01:16:55, 72.25, 56.0, 21.93, 20.52, 9999.0, 14.14, 14.18, 19.77, 9999.0, 24.0, 9999.0, 57.89, 57.2, 55.25, 50.98, 57.75
2026-07-12, 01:16:59, 72.25, 56.0, 21.93, 20.52, 9999.0, 14.14, 14.18, 19.77, 9999.0, 23.98, 9999.0, 57.86, 57.23, 55.25, 50.98, 57.75
2026-07-12, 01:17:03, 72.25, 56.0, 21.95, 20.52, 9999.0, 14.16, 14.18, 19.77, 9999.0, 23.95, 9999.0, 57.84, 57.23, 55.25, 51.0, 57.75
2026-07-12, 01:17:07, 72.25, 56.0, 21.95, 20.52, 9999.0, 14.16, 14.18, 19.77, 9999.0, 23.93, 9999.0, 57.84, 57.23, 55.25, 51.0, 57.75
2026-07-12, 01:17:11, 72.25, 56.0, 21.95, 20.52, 9999.0, 14.18, 14.16, 19.77, 9999.0, 23.91, 9999.0, 57.84, 57.23, 55.25, 50.98, 57.75
2026-07-12, 01:17:15, 72.25, 56.0, 21.95, 20.52, 9999.0, 14.18, 14.16, 19.77, 9999.0, 23.89, 9999.0, 57.84, 57.23, 55.25, 50.98, 57.75
2026-07-12, 01:17:19, 72.25, 56.0, 21.95, 20.52, 9999.0, 14.2, 14.18, 19.77, 9999.0, 23.86, 9999.0, 57.86, 57.23, 55.25, 50.98, 57.75
2026-07-12, 01:17:23, 72.25, 56.0, 21.95, 20.52, 9999.0, 14.23, 14.18, 19.8, 9999.0, 23.84, 9999.0, 57.89, 57.23, 55.25, 50.98, 57.75
2026-07-12, 01:17:27, 72.25, 56.0, 21.95, 20.52, 9999.0, 14.25, 14.18, 19.8, 9999.0, 23.84, 9999.0, 57.91, 57.2, 55.25, 50.98, 57.75
2026-07-12, 01:17:31, 72.25, 56.0, 21.98, 20.55, 9999.0, 14.27, 14.2, 19.8, 9999.0, 23.84, 9999.0, 57.93, 57.2, 55.25, 50.98, 57.75
2026-07-12, 01:17:35, 72.25, 56.0, 21.98, 20.52, 9999.0, 14.27, 14.23, 19.8, 9999.0, 23.84, 9999.0, 57.95, 57.23, 55.25, 50.98, 57.75
2026-07-12, 01:17:39, 72.25, 56.02, 21.98, 20.52, 9999.0, 14.27, 14.23, 19.77, 9999.0, 23.84, 9999.0, 57.98, 57.23, 55.25, 50.98, 57.75
2026-07-12, 01:17:43, 72.25, 56.02, 21.98, 20.52, 9999.0, 14.27, 14.23, 19.77, 9999.0, 23.86, 9999.0, 58.0, 57.23, 55.25, 50.98, 57.75
2026-07-12, 01:17:47, 72.25, 56.02, 21.98, 20.52, 9999.0, 14.25, 14.23, 19.8, 9999.0, 23.89, 9999.0, 58.02, 57.2, 55.25, 50.98, 57.75
2026-07-12, 01:17:51, 72.25, 56.02, 21.98, 20.52, 9999.0, 14.25, 14.23, 19.82, 9999.0, 23.91, 9999.0, 58.02, 57.18, 55.25, 50.98, 57.75
2026-07-12, 01:17:55, 72.25, 56.02, 21.98, 20.52, 9999.0, 14.23, 14.25, 19.82, 9999.0, 23.93, 9999.0, 58.02, 57.16, 55.25, 51.0, 57.75
2026-07-12, 01:17:59, 72.25, 56.02, 21.98, 20.52, 9999.0, 14.2, 14.25, 19.82, 9999.0, 23.93, 9999.0, 58.0, 57.16, 55.25, 51.0, 57.75
2026-07-12, 01:18:03, 72.25, 56.02, 21.98, 20.52, 9999.0, 14.18, 14.25, 19.82, 9999.0, 23.95, 9999.0, 57.95, 57.16, 55.25, 51.0, 57.75
2026-07-12, 01:18:07, 72.25, 56.02, 21.98, 20.52, 9999.0, 14.18, 14.23, 19.8, 9999.0, 23.98, 9999.0, 57.93, 57.14, 55.25, 51.0, 57.75
2026-07-12, 01:18:11, 72.25, 56.02, 21.98, 20.52, 9999.0, 14.18, 14.2, 19.8, 9999.0, 23.98, 9999.0, 57.91, 57.14, 55.25, 50.98, 57.75
2026-07-12, 01:18:15, 72.25, 56.02, 21.95, 20.5, 9999.0, 14.2, 14.18, 19.8, 9999.0, 23.98, 9999.0, 57.89, 57.11, 55.25, 50.95, 57.75
2026-07-12, 01:18:19, 72.25, 56.02, 21.95, 20.5, 9999.0, 14.23, 14.18, 19.8, 9999.0, 23.95, 9999.0, 57.86, 57.11, 55.25, 50.95, 57.75
2026-07-12, 01:18:23, 72.25, 56.0, 21.95, 20.5, 9999.0, 14.23, 14.18, 19.82, 9999.0, 23.93, 9999.0, 57.86, 57.09, 55.25, 50.95, 57.75
2026-07-12, 01:18:27, 72.25, 56.0, 21.95, 20.5, 9999.0, 14.23, 14.18, 19.82, 9999.0, 23.91, 9999.0, 57.86, 57.07, 55.25, 50.95, 57.75
2026-07-12, 01:18:31, 72.25, 56.0, 21.95, 20.5, 9999.0, 14.23, 14.16, 19.8, 9999.0, 23.89, 9999.0, 57.89, 57.07, 55.25, 50.95, 57.75
2026-07-12, 01:18:35, 72.25, 56.0, 21.93, 20.5, 9999.0, 14.23, 14.16, 19.77, 9999.0, 23.86, 9999.0, 57.89, 57.09, 55.25, 50.95, 57.75
2026-07-12, 01:18:39, 72.23, 56.0, 21.93, 20.5, 9999.0, 14.25, 14.16, 19.77, 9999.0, 23.86, 9999.0, 57.89, 57.09, 55.25, 50.95, 57.75
2026-07-12, 01:18:43, 72.23, 56.0, 21.93, 20.5, 9999.0, 14.27, 14.16, 19.77, 9999.0, 23.86, 9999.0, 57.91, 57.09, 55.25, 50.95, 57.75
2026-07-12, 01:18:47, 72.23, 56.0, 21.91, 20.5, 9999.0, 14.3, 14.16, 19.77, 9999.0, 23.86, 9999.0, 57.93, 57.09, 55.25, 50.95, 57.75
2026-07-12, 01:18:51, 72.23, 56.0, 21.91, 20.5, 9999.0, 14.3, 14.18, 19.77, 9999.0, 23.86, 9999.0, 57.95, 57.11, 55.25, 50.95, 57.75
2026-07-12, 01:18:55, 72.23, 56.0, 21.93, 20.5, 9999.0, 14.27, 14.2, 19.77, 9999.0, 23.86, 9999.0, 57.98, 57.14, 55.25, 50.98, 57.75
2026-07-12, 01:18:59, 72.23, 56.0, 21.95, 20.5, 9999.0, 14.25, 14.23, 19.77, 9999.0, 23.86, 9999.0, 58.0, 57.16, 55.25, 51.0, 57.75
2026-07-12, 01:19:03, 72.23, 56.0, 21.95, 20.5, 9999.0, 14.2, 14.23, 19.77, 9999.0, 23.89, 9999.0, 58.02, 57.16, 55.25, 51.0, 57.75
2026-07-12, 01:19:07, 72.23, 56.0, 21.95, 20.5, 9999.0, 14.18, 14.23, 19.75, 9999.0, 23.91, 9999.0, 58.02, 57.18, 55.25, 51.0, 57.75
2026-07-12, 01:19:11, 72.23, 56.0, 21.95, 20.5, 9999.0, 14.18, 14.23, 19.75, 9999.0, 23.93, 9999.0, 58.0, 57.2, 55.25, 51.0, 57.75
2026-07-12, 01:19:15, 72.23, 56.0, 21.95, 20.5, 9999.0, 14.16, 14.25, 19.75, 9999.0, 23.93, 9999.0, 57.95, 57.2, 55.25, 51.0, 57.75
2026-07-12, 01:19:19, 72.23, 56.0, 21.98, 20.5, 9999.0, 14.16, 14.25, 19.75, 9999.0, 23.93, 9999.0, 57.93, 57.2, 55.25, 51.0, 57.75
2026-07-12, 01:19:23, 72.25, 56.0, 21.98, 20.5, 9999.0, 14.16, 14.23, 19.75, 9999.0, 23.91, 9999.0, 57.91, 57.23, 55.25, 51.0, 57.75
2026-07-12, 01:19:27, 72.23, 56.0, 21.98, 20.5, 9999.0, 14.16, 14.2, 19.75, 9999.0, 23.91, 9999.0, 57.89, 57.2, 55.25, 50.98, 57.75
2026-07-12, 01:19:31, 72.23, 56.0, 21.98, 20.5, 9999.0, 14.18, 14.2, 19.75, 9999.0, 23.89, 9999.0, 57.86, 57.18, 55.25, 50.98, 57.75
2026-07-12, 01:19:35, 72.23, 56.0, 21.98, 20.5, 9999.0, 14.2, 14.2, 19.75, 9999.0, 23.86, 9999.0, 57.86, 57.18, 55.25, 50.98, 57.75
2026-07-12, 01:19:39, 72.23, 56.0, 21.98, 20.5, 9999.0, 14.23, 14.2, 19.75, 9999.0, 23.84, 9999.0, 57.86, 57.16, 55.25, 50.98, 57.75
2026-07-12, 01:19:43, 72.23, 56.0, 21.98, 20.5, 9999.0, 14.23, 14.2, 19.75, 9999.0, 23.82, 9999.0, 57.86, 57.14, 55.25, 50.95, 57.75
2026-07-12, 01:19:47, 72.23, 56.0, 21.95, 20.5, 9999.0, 14.25, 14.2, 19.75, 9999.0, 23.8, 9999.0, 57.86, 57.14, 55.25, 50.95, 57.75
2026-07-12, 01:19:51, 72.23, 56.0, 21.95, 20.5, 9999.0, 14.27, 14.2, 19.75, 9999.0, 23.77, 9999.0, 57.86, 57.14, 55.25, 50.95, 57.75
2026-07-12, 01:19:55, 72.23, 56.0, 21.95, 20.5, 9999.0, 14.27, 14.2, 19.75, 9999.0, 23.75, 9999.0, 57.89, 57.11, 55.25, 50.95, 57.75
2026-07-12, 01:19:59, 72.23, 56.0, 21.93, 20.5, 9999.0, 14.3, 14.2, 19.75, 9999.0, 23.75, 9999.0, 57.91, 57.11, 55.25, 50.95, 57.75
2026-07-12, 01:20:03, 72.23, 56.0, 21.93, 20.5, 9999.0, 14.3, 14.2, 19.75, 9999.0, 23.77, 9999.0, 57.93, 57.11, 55.25, 50.95, 57.75
2026-07-12, 01:20:08, 72.23, 56.0, 21.93, 20.5, 9999.0, 14.27, 14.23, 19.75, 9999.0, 23.8, 9999.0, 57.95, 57.11, 55.25, 50.95, 57.75
2026-07-12, 01:20:12, 72.25, 56.0, 21.91, 20.5, 9999.0, 14.27, 14.25, 19.75, 9999.0, 23.82, 9999.0, 57.98, 57.14, 55.25, 50.98, 57.75
2026-07-12, 01:20:16, 72.25, 56.0, 21.93, 20.5, 9999.0, 14.23, 14.25, 19.75, 9999.0, 23.84, 9999.0, 58.0, 57.16, 55.25, 50.98, 57.75
2026-07-12, 01:20:20, 72.25, 56.0, 21.93, 20.5, 9999.0, 14.2, 14.25, 19.75, 9999.0, 23.86, 9999.0, 58.0, 57.16, 55.25, 50.98, 57.75
2026-07-12, 01:20:24, 72.25, 56.0, 21.93, 20.5, 9999.0, 14.18, 14.25, 19.75, 9999.0, 23.86, 9999.0, 58.0, 57.18, 55.25, 50.98, 57.75
2026-07-12, 01:20:28, 72.25, 56.0, 21.93, 20.5, 9999.0, 14.16, 14.23, 19.75, 9999.0, 23.89, 9999.0, 57.98, 57.2, 55.25, 50.98, 57.75
2026-07-12, 01:20:32, 72.25, 56.0, 21.93, 20.5, 9999.0, 14.14, 14.23, 19.75, 9999.0, 23.89, 9999.0, 57.95, 57.2, 55.25, 50.98, 57.75
2026-07-12, 01:20:36, 72.25, 56.0, 21.93, 20.5, 9999.0, 14.14, 14.23, 19.75, 9999.0, 23.89, 9999.0, 57.93, 57.2, 55.25, 50.98, 57.75
2026-07-12, 01:20:40, 72.25, 56.0, 21.93, 20.5, 9999.0, 14.14, 14.2, 19.75, 9999.0, 23.89, 9999.0, 57.91, 57.23, 55.25, 50.98, 57.75
2026-07-12, 01:20:44, 72.25, 56.0, 21.95, 20.5, 9999.0, 14.14, 14.2, 19.75, 9999.0, 23.89, 9999.0, 57.89, 57.23, 55.25, 50.98, 57.75
2026-07-12, 01:20:48, 72.25, 56.0, 21.95, 20.5, 9999.0, 14.16, 14.2, 19.77, 9999.0, 23.86, 9999.0, 57.86, 57.23, 55.25, 50.98, 57.75
2026-07-12, 01:20:52, 72.25, 56.0, 21.95, 20.5, 9999.0, 14.18, 14.2, 19.77, 9999.0, 23.84, 9999.0, 57.86, 57.2, 55.25, 50.98, 57.75
2026-07-12, 01:20:56, 72.25, 56.0, 21.98, 20.5, 9999.0, 14.18, 14.2, 19.77, 9999.0, 23.82, 9999.0, 57.86, 57.2, 55.25, 50.98, 57.75
2026-07-12, 01:21:00, 72.25, 56.0, 21.98, 20.5, 9999.0, 14.2, 14.2, 19.77, 9999.0, 23.8, 9999.0, 57.86, 57.18, 55.25, 50.98, 57.75
2026-07-12, 01:21:04, 72.25, 56.0, 21.98, 20.5, 9999.0, 14.2, 14.2, 19.77, 9999.0, 23.77, 9999.0, 57.89, 57.18, 55.25, 50.98, 57.75
2026-07-12, 01:21:08, 72.25, 56.0, 21.98, 20.5, 9999.0, 14.23, 14.2, 19.77, 9999.0, 23.75, 9999.0, 57.89, 57.18, 55.25, 50.98, 57.75
2026-07-12, 01:21:12, 72.25, 56.0, 21.98, 20.5, 9999.0, 14.25, 14.23, 19.77, 9999.0, 23.73, 9999.0, 57.91, 57.18, 55.25, 51.0, 57.75
2026-07-12, 01:21:16, 72.25, 56.0, 22.0, 20.5, 9999.0, 14.27, 14.23, 19.77, 9999.0, 23.73, 9999.0, 57.93, 57.16, 55.25, 51.0, 57.75
2026-07-12, 01:21:20, 72.25, 56.0, 22.0, 20.5, 9999.0, 14.27, 14.23, 19.77, 9999.0, 23.75, 9999.0, 57.95, 57.16, 55.25, 51.0, 57.75
2026-07-12, 01:21:24, 72.25, 56.0, 22.0, 20.5, 9999.0, 14.27, 14.25, 19.77, 9999.0, 23.77, 9999.0, 57.98, 57.16, 55.25, 51.0, 57.75
2026-07-12, 01:21:28, 72.25, 56.0, 22.0, 20.5, 9999.0, 14.27, 14.25, 19.77, 9999.0, 23.8, 9999.0, 58.0, 57.18, 55.25, 51.0, 57.75
2026-07-12, 01:21:32, 72.25, 56.0, 22.0, 20.5, 9999.0, 14.23, 14.25, 19.75, 9999.0, 23.8, 9999.0, 58.02, 57.18, 55.25, 51.0, 57.75
2026-07-12, 01:21:36, 72.25, 56.0, 22.0, 20.5, 9999.0, 14.23, 14.25, 19.75, 9999.0, 23.82, 9999.0, 58.02, 57.2, 55.25, 51.0, 57.75
2026-07-12, 01:21:40, 72.25, 56.0, 21.98, 20.5, 9999.0, 14.2, 14.25, 19.75, 9999.0, 23.84, 9999.0, 58.0, 57.2, 55.25, 51.0, 57.75
2026-07-12, 01:21:44, 72.25, 56.0, 21.98, 20.5, 9999.0, 14.18, 14.23, 19.75, 9999.0, 23.84, 9999.0, 57.98, 57.23, 55.25, 51.0, 57.75
2026-07-12, 01:21:48, 72.25, 56.0, 21.98, 20.5, 9999.0, 14.18, 14.23, 19.75, 9999.0, 23.84, 9999.0, 57.93, 57.2, 55.25, 51.0, 57.75
2026-07-12, 01:21:52, 72.25, 56.0, 21.98, 20.5, 9999.0, 14.18, 14.23, 19.75, 9999.0, 23.86, 9999.0, 57.91, 57.2, 55.25, 51.0, 57.75
2026-07-12, 01:21:56, 72.25, 56.0, 21.98, 20.5, 9999.0, 14.18, 14.2, 19.75, 9999.0, 23.86, 9999.0, 57.89, 57.18, 55.25, 51.0, 57.75
2026-07-12, 01:22:00, 72.25, 56.0, 21.98, 20.5, 9999.0, 14.18, 14.18, 19.75, 9999.0, 23.86, 9999.0, 57.86, 57.18, 55.25, 51.0, 57.75
2026-07-12, 01:22:04, 72.25, 56.0, 21.98, 20.48, 9999.0, 14.2, 14.18, 19.75, 9999.0, 23.84, 9999.0, 57.84, 57.16, 55.25, 51.0, 57.75
2026-07-12, 01:22:08, 72.25, 56.0, 21.98, 20.48, 9999.0, 14.2, 14.18, 19.75, 9999.0, 23.82, 9999.0, 57.84, 57.14, 55.25, 51.0, 57.75
2026-07-12, 01:22:12, 72.25, 56.0, 21.98, 20.48, 9999.0, 14.2, 14.18, 19.77, 9999.0, 23.8, 9999.0, 57.84, 57.14, 55.25, 51.0, 57.75
2026-07-12, 01:22:16, 72.25, 56.0, 21.98, 20.48, 9999.0, 14.23, 14.18, 19.77, 9999.0, 23.8, 9999.0, 57.86, 57.14, 55.25, 51.0, 57.75
2026-07-12, 01:22:20, 72.25, 56.02, 21.95, 20.48, 9999.0, 14.23, 14.18, 19.77, 9999.0, 23.75, 9999.0, 57.86, 57.14, 55.25, 51.0, 57.75
2026-07-12, 01:22:24, 72.25, 56.02, 21.98, 20.48, 9999.0, 14.25, 14.18, 19.77, 9999.0, 23.7, 9999.0, 57.89, 57.14, 55.25, 51.0, 57.75
2026-07-12, 01:22:28, 72.25, 56.02, 21.98, 20.48, 9999.0, 14.27, 14.2, 19.77, 9999.0, 23.7, 9999.0, 57.91, 57.14, 55.25, 51.0, 57.75
2026-07-12, 01:22:32, 72.25, 56.02, 21.95, 20.48, 9999.0, 14.27, 14.2, 19.77, 9999.0, 23.7, 9999.0, 57.93, 57.16, 55.25, 51.0, 57.75
2026-07-12, 01:22:36, 72.25, 56.02, 21.95, 20.48, 9999.0, 14.27, 14.2, 19.77, 9999.0, 23.73, 9999.0, 57.95, 57.16, 55.25, 51.0, 57.75
2026-07-12, 01:22:40, 72.25, 56.02, 21.95, 20.48, 9999.0, 14.27, 14.23, 19.77, 9999.0, 23.75, 9999.0, 57.98, 57.18, 55.25, 51.0, 57.75
2026-07-12, 01:22:44, 72.25, 56.02, 21.95, 20.48, 9999.0, 14.27, 14.25, 19.77, 9999.0, 23.77, 9999.0, 58.0, 57.2, 55.25, 51.0, 57.75
2026-07-12, 01:22:48, 72.25, 56.02, 21.93, 20.5, 9999.0, 14.23, 14.25, 19.77, 9999.0, 23.8, 9999.0, 58.0, 57.23, 55.25, 50.98, 57.75
2026-07-12, 01:22:52, 72.25, 56.02, 21.93, 20.5, 9999.0, 14.23, 14.25, 19.77, 9999.0, 23.8, 9999.0, 57.98, 57.25, 55.25, 50.95, 57.75
2026-07-12, 01:22:56, 72.25, 56.02, 21.93, 20.5, 9999.0, 14.2, 14.25, 19.77, 9999.0, 23.8, 9999.0, 57.95, 57.25, 55.25, 50.95, 57.75
2026-07-12, 01:23:00, 72.25, 56.02, 21.93, 20.5, 9999.0, 14.18, 14.25, 19.77, 9999.0, 23.8, 9999.0, 57.91, 57.25, 55.25, 50.93, 57.75
2026-07-12, 01:23:04, 72.25, 56.0, 21.93, 20.5, 9999.0, 14.16, 14.25, 19.77, 9999.0, 23.82, 9999.0, 57.89, 57.25, 55.25, 50.93, 57.75
2026-07-12, 01:23:08, 72.25, 56.0, 21.93, 20.5, 9999.0, 14.16, 14.25, 19.77, 9999.0, 23.84, 9999.0, 57.86, 57.23, 55.25, 50.93, 57.75
2026-07-12, 01:23:12, 72.25, 56.0, 21.93, 20.5, 9999.0, 14.16, 14.25, 19.77, 9999.0, 23.84, 9999.0, 57.84, 57.23, 55.25, 50.93, 57.75
2026-07-12, 01:23:16, 72.23, 56.0, 21.95, 20.5, 9999.0, 14.18, 14.25, 19.77, 9999.0, 23.84, 9999.0, 57.82, 57.23, 55.25, 50.93, 57.75
2026-07-12, 01:23:20, 72.23, 56.0, 21.95, 20.5, 9999.0, 14.2, 14.25, 19.8, 9999.0, 23.82, 9999.0, 57.82, 57.2, 55.25, 50.93, 57.75
2026-07-12, 01:23:24, 72.23, 56.0, 21.95, 20.5, 9999.0, 14.23, 14.25, 19.8, 9999.0, 23.8, 9999.0, 57.82, 57.18, 55.25, 50.91, 57.75
2026-07-12, 01:23:28, 72.23, 56.0, 21.95, 20.5, 9999.0, 14.25, 14.25, 19.8, 9999.0, 23.75, 9999.0, 57.82, 57.18, 55.25, 50.91, 57.75
2026-07-12, 01:23:32, 72.23, 56.0, 21.98, 20.5, 9999.0, 14.27, 14.25, 19.82, 9999.0, 23.7, 9999.0, 57.84, 57.18, 55.25, 50.93, 57.75
2026-07-12, 01:23:36, 72.23, 56.0, 21.95, 20.5, 9999.0, 14.27, 14.25, 19.84, 9999.0, 23.68, 9999.0, 57.86, 57.18, 55.25, 50.95, 57.75
2026-07-12, 01:23:40, 72.23, 56.0, 21.95, 20.5, 9999.0, 14.3, 14.25, 19.84, 9999.0, 23.68, 9999.0, 57.89, 57.18, 55.25, 50.95, 57.75
2026-07-12, 01:23:44, 72.23, 56.0, 21.95, 20.5, 9999.0, 14.32, 14.25, 19.84, 9999.0, 23.68, 9999.0, 57.91, 57.16, 55.25, 50.98, 57.75
2026-07-12, 01:23:49, 72.23, 56.0, 21.98, 20.5, 9999.0, 14.34, 14.25, 19.84, 9999.0, 23.68, 9999.0, 57.93, 57.16, 55.25, 50.98, 57.75
2026-07-12, 01:23:53, 72.23, 56.0, 21.98, 20.5, 9999.0, 14.34, 14.25, 19.84, 9999.0, 23.68, 9999.0, 57.95, 57.18, 55.25, 50.98, 57.75
2026-07-12, 01:23:57, 72.2, 56.0, 21.98, 20.5, 9999.0, 14.34, 14.25, 19.84, 9999.0, 23.68, 9999.0, 57.98, 57.18, 55.25, 50.98, 57.75
2026-07-12, 01:24:01, 72.23, 56.0, 21.98, 20.5, 9999.0, 14.32, 14.25, 19.84, 9999.0, 23.7, 9999.0, 58.0, 57.18, 55.25, 50.98, 57.75
2026-07-12, 01:24:05, 72.23, 56.0, 21.98, 20.5, 9999.0, 14.3, 14.25, 19.82, 9999.0, 23.7, 9999.0, 58.0, 57.2, 55.25, 50.98, 57.75
2026-07-12, 01:24:09, 72.23, 56.0, 21.98, 20.5, 9999.0, 14.25, 14.25, 19.82, 9999.0, 23.7, 9999.0, 58.0, 57.23, 55.25, 51.0, 57.75
2026-07-12, 01:24:13, 72.23, 56.0, 21.98, 20.5, 9999.0, 14.2, 14.25, 19.82, 9999.0, 23.73, 9999.0, 57.98, 57.23, 55.25, 51.0, 57.75
2026-07-12, 01:24:17, 72.23, 56.0, 21.98, 20.5, 9999.0, 14.18, 14.25, 19.8, 9999.0, 23.75, 9999.0, 57.95, 57.23, 55.25, 51.0, 57.75
2026-07-12, 01:24:21, 72.23, 56.0, 22.0, 20.5, 9999.0, 14.18, 14.25, 19.77, 9999.0, 23.75, 9999.0, 57.93, 57.23, 55.25, 51.0, 57.75
2026-07-12, 01:24:25, 72.23, 56.0, 22.0, 20.5, 9999.0, 14.18, 14.25, 19.75, 9999.0, 23.75, 9999.0, 57.91, 57.23, 55.25, 51.0, 57.75
2026-07-12, 01:24:29, 72.23, 56.0, 22.0, 20.5, 9999.0, 14.18, 14.25, 19.75, 9999.0, 23.75, 9999.0, 57.89, 57.25, 55.25, 51.0, 57.75
2026-07-12, 01:24:33, 72.23, 56.0, 22.0, 20.5, 9999.0, 14.2, 14.25, 19.75, 9999.0, 23.73, 9999.0, 57.86, 57.25, 55.25, 51.0, 57.75
2026-07-12, 01:24:37, 72.23, 56.0, 22.0, 20.5, 9999.0, 14.23, 14.25, 19.77, 9999.0, 23.7, 9999.0, 57.86, 57.25, 55.25, 51.0, 57.75
2026-07-12, 01:24:41, 72.25, 56.0, 22.0, 20.5, 9999.0, 14.23, 14.25, 19.8, 9999.0, 23.68, 9999.0, 57.86, 57.23, 55.25, 51.0, 57.75
2026-07-12, 01:24:45, 72.25, 56.0, 22.0, 20.5, 9999.0, 14.25, 14.25, 19.82, 9999.0, 23.64, 9999.0, 57.86, 57.23, 55.25, 51.0, 57.75
2026-07-12, 01:24:49, 72.25, 56.0, 22.0, 20.5, 9999.0, 14.25, 14.25, 19.82, 9999.0, 23.61, 9999.0, 57.89, 57.23, 55.25, 51.0, 57.75
2026-07-12, 01:24:53, 72.25, 56.0, 22.0, 20.5, 9999.0, 14.27, 14.25, 19.82, 9999.0, 23.59, 9999.0, 57.89, 57.23, 55.25, 51.0, 57.75
2026-07-12, 01:24:57, 72.25, 56.0, 21.98, 20.5, 9999.0, 14.3, 14.25, 19.82, 9999.0, 23.59, 9999.0, 57.91, 57.23, 55.25, 51.0, 57.75
2026-07-12, 01:25:01, 72.23, 56.0, 21.98, 20.5, 9999.0, 14.32, 14.25, 19.82, 9999.0, 23.59, 9999.0, 57.93, 57.23, 55.25, 51.0, 57.75
2026-07-12, 01:25:05, 72.23, 56.0, 21.98, 20.5, 9999.0, 14.32, 14.25, 19.82, 9999.0, 23.61, 9999.0, 57.95, 57.23, 55.25, 51.0, 57.75
2026-07-12, 01:25:09, 72.23, 56.0, 21.98, 20.5, 9999.0, 14.32, 14.25, 19.82, 9999.0, 23.61, 9999.0, 57.98, 57.23, 55.25, 51.0, 57.75
2026-07-12, 01:25:13, 72.23, 56.0, 21.98, 20.5, 9999.0, 14.32, 14.25, 19.82, 9999.0, 23.61, 9999.0, 58.0, 57.2, 55.25, 51.0, 57.75
2026-07-12, 01:25:17, 72.23, 56.0, 21.98, 20.5, 9999.0, 14.3, 14.25, 19.82, 9999.0, 23.64, 9999.0, 58.02, 57.2, 55.25, 51.0, 57.75
2026-07-12, 01:25:21, 72.23, 56.0, 21.98, 20.5, 9999.0, 14.27, 14.25, 19.8, 9999.0, 23.66, 9999.0, 58.02, 57.2, 55.25, 51.0, 57.75
2026-07-12, 01:25:25, 72.23, 56.0, 21.98, 20.48, 9999.0, 14.25, 14.25, 19.77, 9999.0, 23.68, 9999.0, 58.0, 57.23, 55.25, 51.0, 57.75
2026-07-12, 01:25:29, 72.23, 56.0, 21.98, 20.48, 9999.0, 14.2, 14.25, 19.75, 9999.0, 23.7, 9999.0, 57.98, 57.23, 55.25, 51.0, 57.75
2026-07-12, 01:25:33, 72.23, 56.0, 21.98, 20.48, 9999.0, 14.18, 14.25, 19.75, 9999.0, 23.73, 9999.0, 57.93, 57.23, 55.25, 51.0, 57.75
2026-07-12, 01:25:37, 72.23, 56.0, 21.98, 20.48, 9999.0, 14.18, 14.23, 19.75, 9999.0, 23.75, 9999.0, 57.91, 57.2, 55.25, 51.0, 57.75
2026-07-12, 01:25:41, 72.23, 56.0, 22.0, 20.48, 9999.0, 14.18, 14.2, 19.75, 9999.0, 23.75, 9999.0, 57.89, 57.2, 55.25, 51.0, 57.75
2026-07-12, 01:25:45, 72.25, 56.0, 22.0, 20.48, 9999.0, 14.2, 14.2, 19.75, 9999.0, 23.75, 9999.0, 57.86, 57.2, 55.25, 51.0, 57.75
2026-07-12, 01:25:49, 72.25, 56.0, 22.0, 20.48, 9999.0, 14.23, 14.2, 19.75, 9999.0, 23.73, 9999.0, 57.84, 57.2, 55.25, 51.0, 57.75
2026-07-12, 01:25:53, 72.25, 56.0, 22.0, 20.48, 9999.0, 14.25, 14.2, 19.75, 9999.0, 23.73, 9999.0, 57.84, 57.2, 55.25, 51.0, 57.75
2026-07-12, 01:25:57, 72.25, 56.0, 22.0, 20.48, 9999.0, 14.27, 14.2, 19.75, 9999.0, 23.7, 9999.0, 57.84, 57.23, 55.25, 50.98, 57.75
2026-07-12, 01:26:01, 72.25, 56.0, 22.0, 20.48, 9999.0, 14.27, 14.2, 19.75, 9999.0, 23.68, 9999.0, 57.86, 57.23, 55.25, 50.98, 57.75
2026-07-12, 01:26:05, 72.25, 56.0, 22.0, 20.48, 9999.0, 14.27, 14.2, 19.75, 9999.0, 23.66, 9999.0, 57.89, 57.23, 55.25, 50.98, 57.75
2026-07-12, 01:26:09, 72.25, 56.0, 22.0, 20.5, 9999.0, 14.3, 14.2, 19.75, 9999.0, 23.64, 9999.0, 57.91, 57.23, 55.25, 50.98, 57.75
2026-07-12, 01:26:13, 72.25, 56.0, 22.0, 20.5, 9999.0, 14.32, 14.2, 19.77, 9999.0, 23.64, 9999.0, 57.93, 57.23, 55.25, 50.98, 57.75
2026-07-12, 01:26:17, 72.25, 56.0, 21.98, 20.5, 9999.0, 14.34, 14.2, 19.77, 9999.0, 23.64, 9999.0, 57.95, 57.23, 55.25, 50.98, 57.75
2026-07-12, 01:26:21, 72.25, 56.0, 21.98, 20.5, 9999.0, 14.34, 14.23, 19.77, 9999.0, 23.66, 9999.0, 58.0, 57.25, 55.25, 50.98, 57.75
2026-07-12, 01:26:25, 72.25, 56.0, 21.98, 20.5, 9999.0, 14.34, 14.25, 19.77, 9999.0, 23.66, 9999.0, 58.02, 57.25, 55.25, 50.98, 57.75
2026-07-12, 01:26:29, 72.25, 56.0, 21.98, 20.5, 9999.0, 14.32, 14.25, 19.77, 9999.0, 23.66, 9999.0, 58.05, 57.25, 55.25, 50.98, 57.75
2026-07-12, 01:26:33, 72.25, 56.0, 21.98, 20.5, 9999.0, 14.3, 14.25, 19.77, 9999.0, 23.68, 9999.0, 58.07, 57.25, 55.25, 50.98, 57.75
2026-07-12, 01:26:37, 72.25, 56.0, 21.98, 20.5, 9999.0, 14.27, 14.25, 19.77, 9999.0, 23.68, 9999.0, 58.05, 57.25, 55.25, 50.98, 57.75
2026-07-12, 01:26:41, 72.25, 56.0, 21.98, 20.52, 9999.0, 14.23, 14.25, 19.77, 9999.0, 23.7, 9999.0, 58.02, 57.25, 55.25, 50.98, 57.75
2026-07-12, 01:26:45, 72.25, 56.0, 21.98, 20.52, 9999.0, 14.2, 14.25, 19.77, 9999.0, 23.73, 9999.0, 58.0, 57.25, 55.25, 50.98, 57.75
2026-07-12, 01:26:49, 72.25, 56.0, 21.98, 20.52, 9999.0, 14.18, 14.25, 19.77, 9999.0, 23.75, 9999.0, 57.95, 57.25, 55.25, 50.98, 57.75
2026-07-12, 01:26:53, 72.25, 56.0, 21.98, 20.52, 9999.0, 14.18, 14.23, 19.77, 9999.0, 23.77, 9999.0, 57.93, 57.25, 55.25, 50.98, 57.75
2026-07-12, 01:26:57, 72.25, 56.0, 21.98, 20.52, 9999.0, 14.18, 14.23, 19.75, 9999.0, 23.75, 9999.0, 57.91, 57.25, 55.25, 50.98, 57.75
2026-07-12, 01:27:01, 72.25, 56.0, 22.0, 20.52, 9999.0, 14.2, 14.23, 19.77, 9999.0, 23.75, 9999.0, 57.89, 57.23, 55.25, 50.98, 57.75
2026-07-12, 01:27:05, 72.25, 56.0, 22.0, 20.52, 9999.0, 14.2, 14.23, 19.77, 9999.0, 23.73, 9999.0, 57.86, 57.2, 55.25, 50.98, 57.75
2026-07-12, 01:27:09, 72.25, 56.0, 22.0, 20.52, 9999.0, 14.2, 14.23, 19.8, 9999.0, 23.73, 9999.0, 57.86, 57.2, 55.25, 50.98, 57.75
2026-07-12, 01:27:13, 72.25, 56.0, 22.0, 20.52, 9999.0, 14.2, 14.23, 19.8, 9999.0, 23.7, 9999.0, 57.86, 57.18, 55.25, 50.98, 57.75
2026-07-12, 01:27:17, 72.25, 56.0, 22.0, 20.52, 9999.0, 14.2, 14.23, 19.8, 9999.0, 23.68, 9999.0, 57.86, 57.18, 55.25, 50.98, 57.75
2026-07-12, 01:27:21, 72.25, 56.0, 22.0, 20.52, 9999.0, 14.2, 14.23, 19.8, 9999.0, 23.66, 9999.0, 57.91, 57.18, 55.25, 50.98, 57.75
2026-07-12, 01:27:25, 72.25, 56.0, 22.0, 20.5, 9999.0, 14.23, 14.23, 19.8, 9999.0, 23.66, 9999.0, 57.95, 57.18, 55.25, 51.0, 57.75
2026-07-12, 01:27:30, 72.25, 56.0, 22.0, 20.5, 9999.0, 14.25, 14.23, 19.8, 9999.0, 23.66, 9999.0, 57.95, 57.18, 55.25, 51.0, 57.75
2026-07-12, 01:27:34, 72.25, 56.0, 22.0, 20.52, 9999.0, 14.27, 14.23, 19.8, 9999.0, 23.66, 9999.0, 57.98, 57.18, 55.25, 51.0, 57.75
2026-07-12, 01:27:38, 72.25, 56.0, 22.0, 20.52, 9999.0, 14.27, 14.25, 19.8, 9999.0, 23.68, 9999.0, 58.0, 57.18, 55.25, 51.0, 57.75
2026-07-12, 01:27:42, 72.25, 56.0, 22.0, 20.52, 9999.0, 14.27, 14.25, 19.8, 9999.0, 23.7, 9999.0, 58.02, 57.18, 55.25, 51.0, 57.75
2026-07-12, 01:27:46, 72.25, 56.0, 22.0, 20.52, 9999.0, 14.25, 14.25, 19.77, 9999.0, 23.7, 9999.0, 58.05, 57.2, 55.25, 51.0, 57.75
2026-07-12, 01:27:50, 72.25, 56.0, 22.0, 20.52, 9999.0, 14.25, 14.25, 19.77, 9999.0, 23.7, 9999.0, 58.05, 57.23, 55.25, 51.0, 57.75
2026-07-12, 01:27:54, 72.25, 56.0, 22.0, 20.52, 9999.0, 14.23, 14.25, 19.77, 9999.0, 23.7, 9999.0, 58.05, 57.23, 55.25, 51.0, 57.75
2026-07-12, 01:27:58, 72.25, 56.0, 22.0, 20.52, 9999.0, 14.2, 14.25, 19.77, 9999.0, 23.73, 9999.0, 58.02, 57.25, 55.25, 51.0, 57.75
2026-07-12, 01:28:02, 72.25, 56.0, 22.0, 20.52, 9999.0, 14.18, 14.25, 19.77, 9999.0, 23.75, 9999.0, 58.0, 57.25, 55.25, 51.0, 57.75
2026-07-12, 01:28:06, 72.25, 56.0, 22.0, 20.52, 9999.0, 14.18, 14.25, 19.77, 9999.0, 23.77, 9999.0, 57.95, 57.25, 55.25, 51.0, 57.75
2026-07-12, 01:28:10, 72.25, 56.0, 22.0, 20.52, 9999.0, 14.18, 14.25, 19.77, 9999.0, 23.77, 9999.0, 57.91, 57.23, 55.25, 51.0, 57.75
2026-07-12, 01:28:14, 72.25, 56.0, 22.0, 20.52, 9999.0, 14.18, 14.25, 19.77, 9999.0, 23.77, 9999.0, 57.89, 57.23, 55.25, 51.0, 57.75
2026-07-12, 01:28:18, 72.25, 56.0, 22.0, 20.5, 9999.0, 14.2, 14.25, 19.77, 9999.0, 23.75, 9999.0, 57.86, 57.2, 55.25, 51.0, 57.75
2026-07-12, 01:28:22, 72.25, 56.0, 22.0, 20.5, 9999.0, 14.23, 14.25, 19.8, 9999.0, 23.7, 9999.0, 57.86, 57.18, 55.25, 51.0, 57.75
2026-07-12, 01:28:26, 72.25, 56.0, 22.0, 20.5, 9999.0, 14.25, 14.25, 19.82, 9999.0, 23.68, 9999.0, 57.86, 57.18, 55.25, 51.0, 57.75
2026-07-12, 01:28:30, 72.25, 56.0, 22.0, 20.5, 9999.0, 14.25, 14.25, 19.82, 9999.0, 23.68, 9999.0, 57.86, 57.18, 55.25, 51.0, 57.75
2026-07-12, 01:28:34, 72.25, 56.0, 22.0, 20.5, 9999.0, 14.25, 14.25, 19.82, 9999.0, 23.68, 9999.0, 57.89, 57.18, 55.25, 51.0, 57.75
2026-07-12, 01:28:38, 72.25, 56.0, 22.0, 20.5, 9999.0, 14.27, 14.25, 19.8, 9999.0, 23.68, 9999.0, 57.91, 57.18, 55.25, 51.0, 57.75
2026-07-12, 01:28:42, 72.25, 56.0, 22.0, 20.5, 9999.0, 14.3, 14.25, 19.8, 9999.0, 23.68, 9999.0, 57.93, 57.18, 55.25, 51.0, 57.75
2026-07-12, 01:28:46, 72.25, 56.0, 22.0, 20.5, 9999.0, 14.32, 14.25, 19.8, 9999.0, 23.68, 9999.0, 57.95, 57.18, 55.25, 51.0, 57.75
2026-07-12, 01:28:50, 72.25, 56.0, 22.0, 20.5, 9999.0, 14.32, 14.25, 19.8, 9999.0, 23.7, 9999.0, 57.98, 57.16, 55.25, 51.0, 57.75
2026-07-12, 01:28:54, 72.25, 56.0, 22.0, 20.5, 9999.0, 14.32, 14.25, 19.8, 9999.0, 23.73, 9999.0, 58.0, 57.18, 55.25, 51.0, 57.75
2026-07-12, 01:28:58, 72.25, 56.0, 22.0, 20.5, 9999.0, 14.3, 14.25, 19.8, 9999.0, 23.75, 9999.0, 58.02, 57.18, 55.25, 51.0, 57.75
2026-07-12, 01:29:02, 72.25, 56.0, 22.0, 20.5, 9999.0, 14.27, 14.25, 19.82, 9999.0, 23.77, 9999.0, 58.05, 57.2, 55.25, 51.0, 57.75
2026-07-12, 01:29:06, 72.25, 56.0, 22.0, 20.5, 9999.0, 14.23, 14.25, 19.82, 9999.0, 23.8, 9999.0, 58.05, 57.23, 55.25, 51.0, 57.75
2026-07-12, 01:29:10, 72.25, 56.0, 22.0, 20.5, 9999.0, 14.18, 14.25, 19.8, 9999.0, 23.82, 9999.0, 58.05, 57.23, 55.25, 51.0, 57.75
2026-07-12, 01:29:14, 72.25, 56.02, 21.98, 20.5, 9999.0, 14.16, 14.25, 19.8, 9999.0, 23.82, 9999.0, 58.05, 57.23, 55.25, 51.0, 57.75
2026-07-12, 01:29:18, 72.25, 56.02, 21.98, 20.5, 9999.0, 14.14, 14.25, 19.8, 9999.0, 23.82, 9999.0, 58.02, 57.23, 55.25, 51.0, 57.75
2026-07-12, 01:29:22, 72.25, 56.02, 21.98, 20.5, 9999.0, 14.14, 14.25, 19.8, 9999.0, 23.82, 9999.0, 57.98, 57.23, 55.25, 51.0, 57.75
2026-07-12, 01:29:26, 72.25, 56.02, 21.98, 20.5, 9999.0, 14.14, 14.25, 19.8, 9999.0, 23.82, 9999.0, 57.95, 57.23, 55.25, 51.0, 57.75
2026-07-12, 01:29:30, 72.25, 56.02, 21.98, 20.5, 9999.0, 14.16, 14.25, 19.8, 9999.0, 23.82, 9999.0, 57.93, 57.23, 55.25, 51.0, 57.75
2026-07-12, 01:29:34, 72.25, 56.02, 21.98, 20.5, 9999.0, 14.18, 14.25, 19.8, 9999.0, 23.8, 9999.0, 57.91, 57.25, 55.25, 51.0, 57.75
2026-07-12, 01:29:38, 72.25, 56.02, 21.98, 20.5, 9999.0, 14.18, 14.25, 19.8, 9999.0, 23.77, 9999.0, 57.91, 57.25, 55.25, 51.0, 57.75
2026-07-12, 01:29:42, 72.25, 56.02, 21.98, 20.5, 9999.0, 14.2, 14.25, 19.82, 9999.0, 23.75, 9999.0, 57.91, 57.23, 55.25, 51.0, 57.75
2026-07-12, 01:29:46, 72.25, 56.02, 21.98, 20.5, 9999.0, 14.2, 14.25, 19.82, 9999.0, 23.75, 9999.0, 57.91, 57.23, 55.25, 51.0, 57.75
2026-07-12, 01:29:50, 72.25, 56.02, 21.98, 20.5, 9999.0, 14.23, 14.25, 19.8, 9999.0, 23.75, 9999.0, 57.93, 57.2, 55.25, 51.0, 57.75
2026-07-12, 01:29:54, 72.25, 56.02, 21.98, 20.5, 9999.0, 14.25, 14.25, 19.8, 9999.0, 23.73, 9999.0, 57.93, 57.2, 55.25, 51.0, 57.75
2026-07-12, 01:29:58, 72.25, 56.0, 22.0, 20.5, 9999.0, 14.27, 14.25, 19.8, 9999.0, 23.73, 9999.0, 57.93, 57.2, 55.25, 51.0, 57.75
2026-07-12, 01:30:02, 72.25, 56.0, 22.0, 20.5, 9999.0, 14.3, 14.25, 19.8, 9999.0, 23.73, 9999.0, 57.93, 57.2, 55.25, 51.0, 57.75
