2026-09-13, 00:00:03, 22.34, 22.5, 22.75, 22.75, 9999.0, 9999.0, 9999.0, 23.77, 9999.0, 22.48, 9999.0, 22.77, 22.5, 22.25, 22.25, 22.25
2026-09-13, 00:00:07, 22.34, 22.5, 22.75, 22.75, 9999.0, 9999.0, 9999.0, 23.8, 9999.0, 22.48, 9999.0, 22.77, 22.5, 22.25, 22.25, 22.25
2026-09-13, 00:00:11, 22.34, 22.5, 22.75, 22.75, 9999.0, 9999.0, 9999.0, 23.84, 9999.0, 22.5, 9999.0, 22.77, 22.5, 22.25, 22.27, 22.25
2026-09-13, 00:00:15, 22.36, 22.5, 22.75, 22.75, 9999.0, 9999.0, 9999.0, 23.86, 9999.0, 22.52, 9999.0, 22.73, 22.5, 22.25, 22.27, 22.25
2026-09-13, 00:00:19, 22.36, 22.5, 22.75, 22.75, 9999.0, 9999.0, 9999.0, 23.89, 9999.0, 22.55, 9999.0, 22.7, 22.5, 22.25, 22.27, 22.25
2026-09-13, 00:00:23, 22.34, 22.5, 22.75, 22.75, 9999.0, 9999.0, 9999.0, 23.91, 9999.0, 22.57, 9999.0, 22.68, 22.5, 22.25, 22.27, 22.25
2026-09-13, 00:00:27, 22.34, 22.5, 22.75, 22.75, 9999.0, 9999.0, 9999.0, 23.93, 9999.0, 22.57, 9999.0, 22.66, 22.5, 22.25, 22.27, 22.25
2026-09-13, 00:00:31, 22.34, 22.5, 22.75, 22.75, 9999.0, 9999.0, 9999.0, 23.95, 9999.0, 22.57, 9999.0, 22.64, 22.5, 22.25, 22.27, 22.25
2026-09-13, 00:00:35, 22.32, 22.5, 22.75, 22.75, 9999.0, 9999.0, 9999.0, 23.98, 9999.0, 22.55, 9999.0, 22.61, 22.5, 22.25, 22.27, 22.25
2026-09-13, 00:00:39, 22.32, 22.5, 22.75, 22.75, 9999.0, 9999.0, 9999.0, 24.02, 9999.0, 22.52, 9999.0, 22.61, 22.5, 22.25, 22.27, 22.25
2026-09-13, 00:00:43, 22.32, 22.5, 22.75, 22.75, 9999.0, 9999.0, 9999.0, 24.07, 9999.0, 22.48, 9999.0, 22.61, 22.5, 22.25, 22.27, 22.25
2026-09-13, 00:00:47, 22.32, 22.5, 22.75, 22.75, 9999.0, 9999.0, 9999.0, 24.05, 9999.0, 22.45, 9999.0, 22.61, 22.5, 22.25, 22.27, 22.25
2026-09-13, 00:00:51, 22.3, 22.5, 22.75, 22.75, 9999.0, 9999.0, 9999.0, 24.0, 9999.0, 22.43, 9999.0, 22.64, 22.5, 22.25, 22.3, 22.25
2026-09-13, 00:00:56, 22.32, 22.5, 22.75, 22.75, 9999.0, 9999.0, 9999.0, 23.95, 9999.0, 22.41, 9999.0, 22.64, 22.5, 22.25, 22.27, 22.25
2026-09-13, 00:01:00, 22.32, 22.5, 22.75, 22.75, 9999.0, 9999.0, 9999.0, 23.93, 9999.0, 22.41, 9999.0, 22.66, 22.5, 22.25, 22.27, 22.25
2026-09-13, 00:01:04, 22.3, 22.5, 22.75, 22.75, 9999.0, 9999.0, 9999.0, 23.91, 9999.0, 22.41, 9999.0, 22.68, 22.5, 22.25, 22.27, 22.25
2026-09-13, 00:01:08, 22.3, 22.5, 22.75, 22.75, 9999.0, 9999.0, 9999.0, 23.86, 9999.0, 22.41, 9999.0, 22.7, 22.5, 22.25, 22.27, 22.25
2026-09-13, 00:01:12, 22.3, 22.5, 22.75, 22.75, 9999.0, 9999.0, 9999.0, 23.82, 9999.0, 22.43, 9999.0, 22.73, 22.5, 22.25, 22.27, 22.25
2026-09-13, 00:01:16, 22.3, 22.5, 22.75, 22.75, 9999.0, 9999.0, 9999.0, 23.77, 9999.0, 22.43, 9999.0, 22.75, 22.5, 22.25, 22.27, 22.25
2026-09-13, 00:01:20, 22.3, 22.5, 22.75, 22.75, 9999.0, 9999.0, 9999.0, 23.8, 9999.0, 22.43, 9999.0, 22.77, 22.5, 22.25, 22.27, 22.25
2026-09-13, 00:01:24, 22.3, 22.5, 22.75, 22.75, 9999.0, 9999.0, 9999.0, 23.82, 9999.0, 22.43, 9999.0, 22.77, 22.5, 22.25, 22.27, 22.25
2026-09-13, 00:01:28, 22.3, 22.5, 22.75, 22.75, 9999.0, 9999.0, 9999.0, 23.84, 9999.0, 22.45, 9999.0, 22.75, 22.5, 22.25, 22.27, 22.25
2026-09-13, 00:01:32, 22.3, 22.5, 22.75, 22.75, 9999.0, 9999.0, 9999.0, 23.86, 9999.0, 22.48, 9999.0, 22.75, 22.5, 22.25, 22.27, 22.25
2026-09-13, 00:01:36, 22.3, 22.48, 22.75, 22.75, 9999.0, 9999.0, 9999.0, 23.89, 9999.0, 22.5, 9999.0, 22.7, 22.5, 22.25, 22.25, 22.25
2026-09-13, 00:01:40, 22.27, 22.48, 22.75, 22.75, 9999.0, 9999.0, 9999.0, 23.91, 9999.0, 22.52, 9999.0, 22.68, 22.5, 22.25, 22.25, 22.25
2026-09-13, 00:01:44, 22.25, 22.48, 22.75, 22.75, 9999.0, 9999.0, 9999.0, 23.93, 9999.0, 22.52, 9999.0, 22.66, 22.5, 22.25, 22.25, 22.25
2026-09-13, 00:01:48, 22.25, 22.48, 22.75, 22.75, 9999.0, 9999.0, 9999.0, 23.95, 9999.0, 22.52, 9999.0, 22.64, 22.5, 22.25, 22.25, 22.25
2026-09-13, 00:01:52, 22.25, 22.48, 22.75, 22.75, 9999.0, 9999.0, 9999.0, 24.0, 9999.0, 22.5, 9999.0, 22.61, 22.5, 22.25, 22.25, 22.25
2026-09-13, 00:01:56, 22.25, 22.48, 22.75, 22.75, 9999.0, 9999.0, 9999.0, 24.05, 9999.0, 22.45, 9999.0, 22.61, 22.5, 22.25, 22.25, 22.25
2026-09-13, 00:02:00, 22.25, 22.48, 22.75, 22.75, 9999.0, 9999.0, 9999.0, 24.07, 9999.0, 22.43, 9999.0, 22.61, 22.5, 22.25, 22.25, 22.25
2026-09-13, 00:02:04, 22.25, 22.48, 22.75, 22.75, 9999.0, 9999.0, 9999.0, 24.02, 9999.0, 22.41, 9999.0, 22.61, 22.5, 22.25, 22.25, 22.25
2026-09-13, 00:02:08, 22.25, 22.48, 22.75, 22.75, 9999.0, 9999.0, 9999.0, 23.98, 9999.0, 22.39, 9999.0, 22.61, 22.5, 22.25, 22.25, 22.25
2026-09-13, 00:02:12, 22.25, 22.48, 22.75, 22.75, 9999.0, 9999.0, 9999.0, 23.93, 9999.0, 22.36, 9999.0, 22.64, 22.5, 22.25, 22.25, 22.25
2026-09-13, 00:02:16, 22.25, 22.48, 22.75, 22.75, 9999.0, 9999.0, 9999.0, 23.89, 9999.0, 22.36, 9999.0, 22.64, 22.5, 22.25, 22.25, 22.25
2026-09-13, 00:02:20, 22.25, 22.5, 22.75, 22.75, 9999.0, 9999.0, 9999.0, 23.84, 9999.0, 22.36, 9999.0, 22.66, 22.5, 22.25, 22.25, 22.25
2026-09-13, 00:02:24, 22.25, 22.5, 22.75, 22.75, 9999.0, 9999.0, 9999.0, 23.82, 9999.0, 22.36, 9999.0, 22.68, 22.5, 22.25, 22.27, 22.25
2026-09-13, 00:02:28, 22.25, 22.5, 22.75, 22.75, 9999.0, 9999.0, 9999.0, 23.8, 9999.0, 22.36, 9999.0, 22.7, 22.5, 22.25, 22.27, 22.25
2026-09-13, 00:02:32, 22.25, 22.5, 22.75, 22.75, 9999.0, 9999.0, 9999.0, 23.75, 9999.0, 22.36, 9999.0, 22.73, 22.5, 22.25, 22.27, 22.25
2026-09-13, 00:02:36, 22.27, 22.5, 22.75, 22.75, 9999.0, 9999.0, 9999.0, 23.7, 9999.0, 22.39, 9999.0, 22.75, 22.5, 22.25, 22.27, 22.25
2026-09-13, 00:02:40, 22.27, 22.5, 22.75, 22.73, 9999.0, 9999.0, 9999.0, 23.73, 9999.0, 22.43, 9999.0, 22.75, 22.5, 22.25, 22.27, 22.25
2026-09-13, 00:02:44, 22.27, 22.5, 22.75, 22.73, 9999.0, 9999.0, 9999.0, 23.77, 9999.0, 22.45, 9999.0, 22.73, 22.5, 22.25, 22.27, 22.25
2026-09-13, 00:02:48, 22.27, 22.5, 22.75, 22.73, 9999.0, 9999.0, 9999.0, 23.82, 9999.0, 22.48, 9999.0, 22.73, 22.5, 22.25, 22.27, 22.25
2026-09-13, 00:02:52, 22.27, 22.5, 22.75, 22.73, 9999.0, 9999.0, 9999.0, 23.84, 9999.0, 22.48, 9999.0, 22.73, 22.5, 22.25, 22.27, 22.25
2026-09-13, 00:02:56, 22.27, 22.5, 22.75, 22.7, 9999.0, 9999.0, 9999.0, 23.86, 9999.0, 22.5, 9999.0, 22.73, 22.5, 22.25, 22.27, 22.25
2026-09-13, 00:03:00, 22.27, 22.48, 22.75, 22.7, 9999.0, 9999.0, 9999.0, 23.89, 9999.0, 22.48, 9999.0, 22.7, 22.5, 22.25, 22.27, 22.25
2026-09-13, 00:03:04, 22.27, 22.48, 22.75, 22.7, 9999.0, 9999.0, 9999.0, 23.91, 9999.0, 22.45, 9999.0, 22.68, 22.5, 22.25, 22.27, 22.25
2026-09-13, 00:03:08, 22.27, 22.48, 22.75, 22.7, 9999.0, 9999.0, 9999.0, 23.93, 9999.0, 22.45, 9999.0, 22.66, 22.5, 22.25, 22.25, 22.25
2026-09-13, 00:03:12, 22.27, 22.48, 22.75, 22.7, 9999.0, 9999.0, 9999.0, 23.93, 9999.0, 22.43, 9999.0, 22.64, 22.5, 22.25, 22.25, 22.25
2026-09-13, 00:03:16, 22.27, 22.48, 22.75, 22.7, 9999.0, 9999.0, 9999.0, 23.95, 9999.0, 22.41, 9999.0, 22.64, 22.5, 22.25, 22.25, 22.25
2026-09-13, 00:03:20, 22.25, 22.48, 22.75, 22.7, 9999.0, 9999.0, 9999.0, 23.98, 9999.0, 22.39, 9999.0, 22.64, 22.48, 22.25, 22.25, 22.25
2026-09-13, 00:03:24, 22.25, 22.48, 22.75, 22.73, 9999.0, 9999.0, 9999.0, 23.93, 9999.0, 22.34, 9999.0, 22.64, 22.48, 22.25, 22.25, 22.25
2026-09-13, 00:03:28, 22.25, 22.48, 22.75, 22.73, 9999.0, 9999.0, 9999.0, 23.89, 9999.0, 22.32, 9999.0, 22.68, 22.48, 22.25, 22.25, 22.25
2026-09-13, 00:03:32, 22.25, 22.48, 22.75, 22.73, 9999.0, 9999.0, 9999.0, 23.84, 9999.0, 22.3, 9999.0, 22.68, 22.48, 22.25, 22.25, 22.25
2026-09-13, 00:03:36, 22.25, 22.48, 22.75, 22.73, 9999.0, 9999.0, 9999.0, 23.8, 9999.0, 22.3, 9999.0, 22.68, 22.48, 22.25, 22.25, 22.25
2026-09-13, 00:03:40, 22.25, 22.48, 22.75, 22.75, 9999.0, 9999.0, 9999.0, 23.75, 9999.0, 22.27, 9999.0, 22.68, 22.48, 22.25, 22.25, 22.25
2026-09-13, 00:03:44, 22.25, 22.5, 22.75, 22.75, 9999.0, 9999.0, 9999.0, 23.7, 9999.0, 22.3, 9999.0, 22.7, 22.48, 22.25, 22.25, 22.25
2026-09-13, 00:03:48, 22.25, 22.5, 22.75, 22.75, 9999.0, 9999.0, 9999.0, 23.68, 9999.0, 22.32, 9999.0, 22.73, 22.48, 22.25, 22.25, 22.25
2026-09-13, 00:03:52, 22.25, 22.5, 22.75, 22.75, 9999.0, 9999.0, 9999.0, 23.64, 9999.0, 22.3, 9999.0, 22.75, 22.48, 22.25, 22.25, 22.25
2026-09-13, 00:03:56, 22.25, 22.5, 22.75, 22.75, 9999.0, 9999.0, 9999.0, 23.68, 9999.0, 22.3, 9999.0, 22.77, 22.48, 22.25, 22.25, 22.25
2026-09-13, 00:04:00, 22.25, 22.5, 22.75, 22.75, 9999.0, 9999.0, 9999.0, 23.73, 9999.0, 22.3, 9999.0, 22.77, 22.48, 22.25, 22.25, 22.25
2026-09-13, 00:04:04, 22.25, 22.5, 22.75, 22.75, 9999.0, 9999.0, 9999.0, 23.77, 9999.0, 22.3, 9999.0, 22.75, 22.5, 22.25, 22.25, 22.25
2026-09-13, 00:04:08, 22.25, 22.5, 22.75, 22.75, 9999.0, 9999.0, 9999.0, 23.8, 9999.0, 22.3, 9999.0, 22.73, 22.5, 22.25, 22.25, 22.25
2026-09-13, 00:04:12, 22.25, 22.5, 22.75, 22.75, 9999.0, 9999.0, 9999.0, 23.82, 9999.0, 22.3, 9999.0, 22.68, 22.5, 22.25, 22.25, 22.25
2026-09-13, 00:04:16, 22.25, 22.5, 22.75, 22.75, 9999.0, 9999.0, 9999.0, 23.82, 9999.0, 22.3, 9999.0, 22.66, 22.5, 22.25, 22.25, 22.25
2026-09-13, 00:04:20, 22.25, 22.5, 22.75, 22.75, 9999.0, 9999.0, 9999.0, 23.84, 9999.0, 22.3, 9999.0, 22.64, 22.5, 22.25, 22.25, 22.25
2026-09-13, 00:04:24, 22.25, 22.5, 22.75, 22.75, 9999.0, 9999.0, 9999.0, 23.86, 9999.0, 22.3, 9999.0, 22.61, 22.5, 22.25, 22.25, 22.25
2026-09-13, 00:04:28, 22.25, 22.5, 22.75, 22.75, 9999.0, 9999.0, 9999.0, 23.91, 9999.0, 22.27, 9999.0, 22.59, 22.5, 22.25, 22.25, 22.25
2026-09-13, 00:04:32, 22.25, 22.5, 22.75, 22.75, 9999.0, 9999.0, 9999.0, 23.93, 9999.0, 22.25, 9999.0, 22.57, 22.5, 22.25, 22.25, 22.25
2026-09-13, 00:04:36, 22.25, 22.5, 22.75, 22.75, 9999.0, 9999.0, 9999.0, 23.95, 9999.0, 22.25, 9999.0, 22.57, 22.5, 22.25, 22.25, 22.25
2026-09-13, 00:04:40, 22.25, 22.5, 22.75, 22.75, 9999.0, 9999.0, 9999.0, 23.91, 9999.0, 22.25, 9999.0, 22.57, 22.48, 22.25, 22.25, 22.25
2026-09-13, 00:04:44, 22.25, 22.5, 22.75, 22.75, 9999.0, 9999.0, 9999.0, 23.86, 9999.0, 22.23, 9999.0, 22.57, 22.48, 22.25, 22.27, 22.25
2026-09-13, 00:04:49, 22.25, 22.5, 22.75, 22.75, 9999.0, 9999.0, 9999.0, 23.82, 9999.0, 22.2, 9999.0, 22.59, 22.48, 22.25, 22.3, 22.25
2026-09-13, 00:04:53, 22.25, 22.5, 22.75, 22.75, 9999.0, 9999.0, 9999.0, 23.77, 9999.0, 22.18, 9999.0, 22.61, 22.48, 22.25, 22.3, 22.25
2026-09-13, 00:04:57, 22.25, 22.5, 22.75, 22.75, 9999.0, 9999.0, 9999.0, 23.73, 9999.0, 22.18, 9999.0, 22.64, 22.48, 22.25, 22.3, 22.25
2026-09-13, 00:05:01, 22.25, 22.5, 22.75, 22.75, 9999.0, 9999.0, 9999.0, 23.7, 9999.0, 22.18, 9999.0, 22.66, 22.48, 22.25, 22.32, 22.25
2026-09-13, 00:05:05, 22.25, 22.5, 22.75, 22.75, 9999.0, 9999.0, 9999.0, 23.68, 9999.0, 22.2, 9999.0, 22.68, 22.48, 22.25, 22.32, 22.27
2026-09-13, 00:05:09, 22.25, 22.5, 22.75, 22.75, 9999.0, 9999.0, 9999.0, 23.66, 9999.0, 22.23, 9999.0, 22.7, 22.48, 22.25, 22.32, 22.27
2026-09-13, 00:05:13, 22.25, 22.48, 22.75, 22.75, 9999.0, 9999.0, 9999.0, 23.61, 9999.0, 22.25, 9999.0, 22.73, 22.48, 22.25, 22.32, 22.27
2026-09-13, 00:05:17, 22.25, 22.48, 22.75, 22.75, 9999.0, 9999.0, 9999.0, 23.66, 9999.0, 22.25, 9999.0, 22.75, 22.48, 22.25, 22.32, 22.27
2026-09-13, 00:05:21, 22.25, 22.48, 22.75, 22.75, 9999.0, 9999.0, 9999.0, 23.7, 9999.0, 22.25, 9999.0, 22.75, 22.48, 22.25, 22.32, 22.27
2026-09-13, 00:05:25, 22.25, 22.48, 22.75, 22.75, 9999.0, 9999.0, 9999.0, 23.75, 9999.0, 22.25, 9999.0, 22.75, 22.5, 22.25, 22.32, 22.27
2026-09-13, 00:05:29, 22.25, 22.48, 22.75, 22.75, 9999.0, 9999.0, 9999.0, 23.77, 9999.0, 22.27, 9999.0, 22.73, 22.5, 22.25, 22.3, 22.27
2026-09-13, 00:05:33, 22.25, 22.48, 22.75, 22.75, 9999.0, 9999.0, 9999.0, 23.8, 9999.0, 22.3, 9999.0, 22.73, 22.5, 22.25, 22.27, 22.27
2026-09-13, 00:05:37, 22.25, 22.48, 22.75, 22.75, 9999.0, 9999.0, 9999.0, 23.84, 9999.0, 22.32, 9999.0, 22.73, 22.5, 22.25, 22.27, 22.27
2026-09-13, 00:05:41, 22.25, 22.48, 22.75, 22.75, 9999.0, 9999.0, 9999.0, 23.86, 9999.0, 22.32, 9999.0, 22.7, 22.5, 22.25, 22.27, 22.27
2026-09-13, 00:05:45, 22.25, 22.48, 22.75, 22.75, 9999.0, 9999.0, 9999.0, 23.89, 9999.0, 22.32, 9999.0, 22.7, 22.5, 22.25, 22.25, 22.27
2026-09-13, 00:05:49, 22.25, 22.48, 22.75, 22.73, 9999.0, 9999.0, 9999.0, 23.93, 9999.0, 22.3, 9999.0, 22.68, 22.5, 22.25, 22.25, 22.25
2026-09-13, 00:05:53, 22.25, 22.48, 22.75, 22.73, 9999.0, 9999.0, 9999.0, 23.95, 9999.0, 22.27, 9999.0, 22.68, 22.5, 22.25, 22.25, 22.25
2026-09-13, 00:05:57, 22.25, 22.5, 22.75, 22.73, 9999.0, 9999.0, 9999.0, 23.98, 9999.0, 22.25, 9999.0, 22.68, 22.5, 22.25, 22.25, 22.25
2026-09-13, 00:06:01, 22.25, 22.5, 22.75, 22.73, 9999.0, 9999.0, 9999.0, 23.93, 9999.0, 22.25, 9999.0, 22.68, 22.5, 22.25, 22.25, 22.27
2026-09-13, 00:06:05, 22.25, 22.5, 22.75, 22.73, 9999.0, 9999.0, 9999.0, 23.89, 9999.0, 22.23, 9999.0, 22.68, 22.5, 22.25, 22.25, 22.27
2026-09-13, 00:06:09, 22.25, 22.5, 22.75, 22.73, 9999.0, 9999.0, 9999.0, 23.82, 9999.0, 22.2, 9999.0, 22.68, 22.5, 22.25, 22.25, 22.27
2026-09-13, 00:06:13, 22.25, 22.5, 22.75, 22.73, 9999.0, 9999.0, 9999.0, 23.8, 9999.0, 22.18, 9999.0, 22.7, 22.5, 22.25, 22.25, 22.27
2026-09-13, 00:06:17, 22.25, 22.5, 22.75, 22.73, 9999.0, 9999.0, 9999.0, 23.75, 9999.0, 22.18, 9999.0, 22.7, 22.5, 22.25, 22.25, 22.27
2026-09-13, 00:06:21, 22.25, 22.5, 22.75, 22.73, 9999.0, 9999.0, 9999.0, 23.7, 9999.0, 22.18, 9999.0, 22.7, 22.5, 22.25, 22.25, 22.27
2026-09-13, 00:06:25, 22.25, 22.5, 22.75, 22.73, 9999.0, 9999.0, 9999.0, 23.68, 9999.0, 22.2, 9999.0, 22.73, 22.5, 22.25, 22.25, 22.27
2026-09-13, 00:06:29, 22.25, 22.5, 22.75, 22.73, 9999.0, 9999.0, 9999.0, 23.64, 9999.0, 22.23, 9999.0, 22.73, 22.5, 22.25, 22.25, 22.27
2026-09-13, 00:06:33, 22.25, 22.5, 22.75, 22.75, 9999.0, 9999.0, 9999.0, 23.59, 9999.0, 22.23, 9999.0, 22.75, 22.5, 22.25, 22.25, 22.27
2026-09-13, 00:06:37, 22.25, 22.5, 22.75, 22.75, 9999.0, 9999.0, 9999.0, 23.61, 9999.0, 22.23, 9999.0, 22.75, 22.5, 22.25, 22.25, 22.27
2026-09-13, 00:06:41, 22.25, 22.5, 22.75, 22.75, 9999.0, 9999.0, 9999.0, 23.66, 9999.0, 22.23, 9999.0, 22.75, 22.5, 22.25, 22.25, 22.27
2026-09-13, 00:06:45, 22.25, 22.5, 22.75, 22.75, 9999.0, 9999.0, 9999.0, 23.68, 9999.0, 22.23, 9999.0, 22.73, 22.5, 22.25, 22.25, 22.25
2026-09-13, 00:06:49, 22.25, 22.5, 22.75, 22.75, 9999.0, 9999.0, 9999.0, 23.7, 9999.0, 22.25, 9999.0, 22.73, 22.5, 22.25, 22.25, 22.25
2026-09-13, 00:06:53, 22.27, 22.5, 22.75, 22.75, 9999.0, 9999.0, 9999.0, 23.75, 9999.0, 22.27, 9999.0, 22.7, 22.5, 22.25, 22.25, 22.25
2026-09-13, 00:06:57, 22.27, 22.5, 22.75, 22.75, 9999.0, 9999.0, 9999.0, 23.75, 9999.0, 22.27, 9999.0, 22.68, 22.5, 22.25, 22.25, 22.25
2026-09-13, 00:07:01, 22.27, 22.5, 22.75, 22.75, 9999.0, 9999.0, 9999.0, 23.77, 9999.0, 22.25, 9999.0, 22.68, 22.5, 22.25, 22.25, 22.25
2026-09-13, 00:07:05, 22.27, 22.5, 22.75, 22.75, 9999.0, 9999.0, 9999.0, 23.8, 9999.0, 22.23, 9999.0, 22.66, 22.5, 22.25, 22.25, 22.25
2026-09-13, 00:07:09, 22.27, 22.5, 22.75, 22.75, 9999.0, 9999.0, 9999.0, 23.82, 9999.0, 22.18, 9999.0, 22.64, 22.5, 22.25, 22.25, 22.25
2026-09-13, 00:07:13, 22.27, 22.5, 22.75, 22.75, 9999.0, 9999.0, 9999.0, 23.86, 9999.0, 22.14, 9999.0, 22.64, 22.5, 22.25, 22.25, 22.25
2026-09-13, 00:07:17, 22.27, 22.5, 22.75, 22.75, 9999.0, 9999.0, 9999.0, 23.89, 9999.0, 22.11, 9999.0, 22.64, 22.5, 22.25, 22.25, 22.25
2026-09-13, 00:07:21, 22.27, 22.48, 22.75, 22.75, 9999.0, 9999.0, 9999.0, 23.86, 9999.0, 22.09, 9999.0, 22.64, 22.5, 22.25, 22.25, 22.25
2026-09-13, 00:07:25, 22.27, 22.48, 22.75, 22.75, 9999.0, 9999.0, 9999.0, 23.8, 9999.0, 22.07, 9999.0, 22.64, 22.5, 22.25, 22.25, 22.25
2026-09-13, 00:07:29, 22.27, 22.48, 22.75, 22.75, 9999.0, 9999.0, 9999.0, 23.75, 9999.0, 22.05, 9999.0, 22.66, 22.5, 22.25, 22.25, 22.25
2026-09-13, 00:07:33, 22.27, 22.48, 22.75, 22.75, 9999.0, 9999.0, 9999.0, 23.7, 9999.0, 22.05, 9999.0, 22.66, 22.5, 22.25, 22.25, 22.25
2026-09-13, 00:07:37, 22.25, 22.48, 22.75, 22.75, 9999.0, 9999.0, 9999.0, 23.66, 9999.0, 22.05, 9999.0, 22.68, 22.5, 22.25, 22.25, 22.25
2026-09-13, 00:07:41, 22.25, 22.48, 22.75, 22.75, 9999.0, 9999.0, 9999.0, 23.61, 9999.0, 22.07, 9999.0, 22.7, 22.5, 22.25, 22.25, 22.25
2026-09-13, 00:07:45, 22.25, 22.48, 22.75, 22.75, 9999.0, 9999.0, 9999.0, 23.59, 9999.0, 22.09, 9999.0, 22.7, 22.5, 22.25, 22.25, 22.25
2026-09-13, 00:07:49, 22.25, 22.48, 22.75, 22.75, 9999.0, 9999.0, 9999.0, 23.55, 9999.0, 22.11, 9999.0, 22.73, 22.5, 22.25, 22.27, 22.25
2026-09-13, 00:07:53, 22.25, 22.48, 22.75, 22.75, 9999.0, 9999.0, 9999.0, 23.59, 9999.0, 22.14, 9999.0, 22.75, 22.5, 22.25, 22.27, 22.25
2026-09-13, 00:07:57, 22.25, 22.48, 22.75, 22.75, 9999.0, 9999.0, 9999.0, 23.64, 9999.0, 22.16, 9999.0, 22.75, 22.5, 22.25, 22.27, 22.25
2026-09-13, 00:08:01, 22.25, 22.48, 22.75, 22.75, 9999.0, 9999.0, 9999.0, 23.66, 9999.0, 22.18, 9999.0, 22.75, 22.5, 22.25, 22.27, 22.25
2026-09-13, 00:08:05, 22.25, 22.5, 22.75, 22.75, 9999.0, 9999.0, 9999.0, 23.68, 9999.0, 22.2, 9999.0, 22.75, 22.5, 22.25, 22.27, 22.25
2026-09-13, 00:08:09, 22.25, 22.5, 22.75, 22.75, 9999.0, 9999.0, 9999.0, 23.73, 9999.0, 22.23, 9999.0, 22.73, 22.5, 22.25, 22.27, 22.25
2026-09-13, 00:08:13, 22.25, 22.5, 22.75, 22.75, 9999.0, 9999.0, 9999.0, 23.77, 9999.0, 22.23, 9999.0, 22.7, 22.5, 22.25, 22.27, 22.25
2026-09-13, 00:08:17, 22.25, 22.5, 22.75, 22.75, 9999.0, 9999.0, 9999.0, 23.8, 9999.0, 22.2, 9999.0, 22.68, 22.5, 22.25, 22.27, 22.25
2026-09-13, 00:08:21, 22.25, 22.5, 22.75, 22.75, 9999.0, 9999.0, 9999.0, 23.82, 9999.0, 22.18, 9999.0, 22.66, 22.5, 22.25, 22.27, 22.27
2026-09-13, 00:08:25, 22.25, 22.5, 22.75, 22.75, 9999.0, 9999.0, 9999.0, 23.86, 9999.0, 22.16, 9999.0, 22.64, 22.5, 22.25, 22.27, 22.27
2026-09-13, 00:08:29, 22.25, 22.5, 22.75, 22.75, 9999.0, 9999.0, 9999.0, 23.89, 9999.0, 22.14, 9999.0, 22.61, 22.5, 22.25, 22.27, 22.27
2026-09-13, 00:08:33, 22.25, 22.5, 22.75, 22.75, 9999.0, 9999.0, 9999.0, 23.93, 9999.0, 22.11, 9999.0, 22.61, 22.5, 22.25, 22.25, 22.27
2026-09-13, 00:08:37, 22.25, 22.5, 22.75, 22.75, 9999.0, 9999.0, 9999.0, 23.89, 9999.0, 22.09, 9999.0, 22.61, 22.5, 22.25, 22.25, 22.27
2026-09-13, 00:08:42, 22.25, 22.5, 22.75, 22.75, 9999.0, 9999.0, 9999.0, 23.82, 9999.0, 22.07, 9999.0, 22.61, 22.5, 22.25, 22.27, 22.27
2026-09-13, 00:08:46, 22.25, 22.5, 22.75, 22.75, 9999.0, 9999.0, 9999.0, 23.77, 9999.0, 22.05, 9999.0, 22.64, 22.5, 22.25, 22.3, 22.27
2026-09-13, 00:08:50, 22.25, 22.5, 22.75, 22.75, 9999.0, 9999.0, 9999.0, 23.73, 9999.0, 22.02, 9999.0, 22.64, 22.5, 22.25, 22.3, 22.27
2026-09-13, 00:08:54, 22.25, 22.5, 22.75, 22.75, 9999.0, 9999.0, 9999.0, 23.68, 9999.0, 22.02, 9999.0, 22.66, 22.5, 22.25, 22.3, 22.27
2026-09-13, 00:08:58, 22.25, 22.5, 22.75, 22.75, 9999.0, 9999.0, 9999.0, 23.64, 9999.0, 22.05, 9999.0, 22.68, 22.5, 22.25, 22.3, 22.27
2026-09-13, 00:09:02, 22.25, 22.5, 22.75, 22.75, 9999.0, 9999.0, 9999.0, 23.59, 9999.0, 22.07, 9999.0, 22.7, 22.5, 22.25, 22.3, 22.3
2026-09-13, 00:09:06, 22.25, 22.5, 22.75, 22.75, 9999.0, 9999.0, 9999.0, 23.55, 9999.0, 22.11, 9999.0, 22.73, 22.5, 22.25, 22.3, 22.27
2026-09-13, 00:09:10, 22.27, 22.5, 22.75, 22.75, 9999.0, 9999.0, 9999.0, 23.5, 9999.0, 22.14, 9999.0, 22.75, 22.5, 22.25, 22.32, 22.3
2026-09-13, 00:09:14, 22.27, 22.5, 22.75, 22.75, 9999.0, 9999.0, 9999.0, 23.52, 9999.0, 22.16, 9999.0, 22.77, 22.5, 22.25, 22.32, 22.3
2026-09-13, 00:09:18, 22.27, 22.5, 22.75, 22.75, 9999.0, 9999.0, 9999.0, 23.55, 9999.0, 22.18, 9999.0, 22.77, 22.5, 22.25, 22.32, 22.3
2026-09-13, 00:09:22, 22.27, 22.5, 22.75, 22.75, 9999.0, 9999.0, 9999.0, 23.57, 9999.0, 22.2, 9999.0, 22.77, 22.5, 22.25, 22.32, 22.3
2026-09-13, 00:09:26, 22.27, 22.5, 22.75, 22.75, 9999.0, 9999.0, 9999.0, 23.61, 9999.0, 22.23, 9999.0, 22.77, 22.5, 22.25, 22.3, 22.3
2026-09-13, 00:09:30, 22.27, 22.5, 22.75, 22.75, 9999.0, 9999.0, 9999.0, 23.64, 9999.0, 22.23, 9999.0, 22.73, 22.5, 22.25, 22.27, 22.3
2026-09-13, 00:09:34, 22.27, 22.5, 22.75, 22.75, 9999.0, 9999.0, 9999.0, 23.66, 9999.0, 22.23, 9999.0, 22.7, 22.5, 22.25, 22.27, 22.3
2026-09-13, 00:09:38, 22.27, 22.5, 22.75, 22.75, 9999.0, 9999.0, 9999.0, 23.68, 9999.0, 22.23, 9999.0, 22.7, 22.5, 22.25, 22.27, 22.3
2026-09-13, 00:09:42, 22.3, 22.5, 22.75, 22.75, 9999.0, 9999.0, 9999.0, 23.7, 9999.0, 22.2, 9999.0, 22.68, 22.5, 22.25, 22.27, 22.3
2026-09-13, 00:09:46, 22.3, 22.5, 22.75, 22.75, 9999.0, 9999.0, 9999.0, 23.75, 9999.0, 22.18, 9999.0, 22.66, 22.5, 22.25, 22.27, 22.27
2026-09-13, 00:09:50, 22.3, 22.5, 22.75, 22.75, 9999.0, 9999.0, 9999.0, 23.77, 9999.0, 22.14, 9999.0, 22.66, 22.5, 22.25, 22.27, 22.3
2026-09-13, 00:09:54, 22.27, 22.5, 22.75, 22.75, 9999.0, 9999.0, 9999.0, 23.82, 9999.0, 22.11, 9999.0, 22.66, 22.5, 22.25, 22.25, 22.27
2026-09-13, 00:09:58, 22.27, 22.5, 22.75, 22.75, 9999.0, 9999.0, 9999.0, 23.77, 9999.0, 22.09, 9999.0, 22.66, 22.5, 22.25, 22.25, 22.27
2026-09-13, 00:10:02, 22.27, 22.5, 22.75, 22.75, 9999.0, 9999.0, 9999.0, 23.73, 9999.0, 22.07, 9999.0, 22.68, 22.5, 22.25, 22.25, 22.27
2026-09-13, 00:10:06, 22.3, 22.48, 22.75, 22.75, 9999.0, 9999.0, 9999.0, 23.68, 9999.0, 22.05, 9999.0, 22.68, 22.5, 22.25, 22.25, 22.27
2026-09-13, 00:10:10, 22.3, 22.48, 22.75, 22.75, 9999.0, 9999.0, 9999.0, 23.64, 9999.0, 22.05, 9999.0, 22.7, 22.5, 22.25, 22.27, 22.3
2026-09-13, 00:10:14, 22.3, 22.48, 22.75, 22.75, 9999.0, 9999.0, 9999.0, 23.61, 9999.0, 22.07, 9999.0, 22.73, 22.5, 22.25, 22.27, 22.3
2026-09-13, 00:10:18, 22.3, 22.48, 22.75, 22.75, 9999.0, 9999.0, 9999.0, 23.59, 9999.0, 22.07, 9999.0, 22.75, 22.5, 22.25, 22.3, 22.3
2026-09-13, 00:10:22, 22.3, 22.48, 22.75, 22.75, 9999.0, 9999.0, 9999.0, 23.57, 9999.0, 22.07, 9999.0, 22.75, 22.5, 22.25, 22.3, 22.3
2026-09-13, 00:10:26, 22.27, 22.48, 22.75, 22.75, 9999.0, 9999.0, 9999.0, 23.52, 9999.0, 22.09, 9999.0, 22.77, 22.5, 22.25, 22.3, 22.3
2026-09-13, 00:10:30, 22.27, 22.48, 22.75, 22.75, 9999.0, 9999.0, 9999.0, 23.48, 9999.0, 22.11, 9999.0, 22.8, 22.5, 22.25, 22.3, 22.3
2026-09-13, 00:10:34, 22.3, 22.48, 22.75, 22.75, 9999.0, 9999.0, 9999.0, 23.52, 9999.0, 22.14, 9999.0, 22.8, 22.5, 22.25, 22.3, 22.27
2026-09-13, 00:10:38, 22.3, 22.48, 22.75, 22.75, 9999.0, 9999.0, 9999.0, 23.55, 9999.0, 22.14, 9999.0, 22.8, 22.5, 22.25, 22.3, 22.3
2026-09-13, 00:10:42, 22.3, 22.48, 22.75, 22.75, 9999.0, 9999.0, 9999.0, 23.59, 9999.0, 22.14, 9999.0, 22.8, 22.5, 22.25, 22.3, 22.3
2026-09-13, 00:10:46, 22.3, 22.48, 22.75, 22.75, 9999.0, 9999.0, 9999.0, 23.64, 9999.0, 22.16, 9999.0, 22.75, 22.5, 22.25, 22.32, 22.3
2026-09-13, 00:10:50, 22.27, 22.5, 22.75, 22.75, 9999.0, 9999.0, 9999.0, 23.66, 9999.0, 22.16, 9999.0, 22.73, 22.5, 22.25, 22.32, 22.3
2026-09-13, 00:10:54, 22.27, 22.5, 22.75, 22.75, 9999.0, 9999.0, 9999.0, 23.68, 9999.0, 22.14, 9999.0, 22.68, 22.5, 22.25, 22.32, 22.27
2026-09-13, 00:10:58, 22.27, 22.5, 22.75, 22.75, 9999.0, 9999.0, 9999.0, 23.7, 9999.0, 22.11, 9999.0, 22.66, 22.5, 22.25, 22.32, 22.3
2026-09-13, 00:11:02, 22.27, 22.5, 22.75, 22.75, 9999.0, 9999.0, 9999.0, 23.73, 9999.0, 22.11, 9999.0, 22.64, 22.5, 22.25, 22.3, 22.32
2026-09-13, 00:11:06, 22.27, 22.5, 22.75, 22.75, 9999.0, 9999.0, 9999.0, 23.75, 9999.0, 22.09, 9999.0, 22.61, 22.5, 22.25, 22.3, 22.32
2026-09-13, 00:11:10, 22.27, 22.48, 22.75, 22.75, 9999.0, 9999.0, 9999.0, 23.8, 9999.0, 22.07, 9999.0, 22.61, 22.5, 22.25, 22.3, 22.32
2026-09-13, 00:11:14, 22.27, 22.48, 22.75, 22.75, 9999.0, 9999.0, 9999.0, 23.82, 9999.0, 22.05, 9999.0, 22.61, 22.5, 22.25, 22.3, 22.32
2026-09-13, 00:11:18, 22.25, 22.48, 22.75, 22.75, 9999.0, 9999.0, 9999.0, 23.77, 9999.0, 22.02, 9999.0, 22.61, 22.5, 22.25, 22.32, 22.34
2026-09-13, 00:11:22, 22.25, 22.48, 22.75, 22.75, 9999.0, 9999.0, 9999.0, 23.73, 9999.0, 22.02, 9999.0, 22.64, 22.5, 22.25, 22.32, 22.32
2026-09-13, 00:11:26, 22.27, 22.48, 22.75, 22.75, 9999.0, 9999.0, 9999.0, 23.68, 9999.0, 22.02, 9999.0, 22.66, 22.5, 22.25, 22.32, 22.32
2026-09-13, 00:11:30, 22.27, 22.48, 22.75, 22.75, 9999.0, 9999.0, 9999.0, 23.64, 9999.0, 22.02, 9999.0, 22.68, 22.5, 22.25, 22.3, 22.32
2026-09-13, 00:11:34, 22.27, 22.48, 22.75, 22.75, 9999.0, 9999.0, 9999.0, 23.61, 9999.0, 22.05, 9999.0, 22.7, 22.5, 22.25, 22.3, 22.32
2026-09-13, 00:11:38, 22.27, 22.48, 22.75, 22.75, 9999.0, 9999.0, 9999.0, 23.59, 9999.0, 22.07, 9999.0, 22.73, 22.5, 22.25, 22.27, 22.34
2026-09-13, 00:11:42, 22.27, 22.48, 22.75, 22.75, 9999.0, 9999.0, 9999.0, 23.55, 9999.0, 22.11, 9999.0, 22.75, 22.5, 22.25, 22.27, 22.32
2026-09-13, 00:11:46, 22.3, 22.48, 22.75, 22.75, 9999.0, 9999.0, 9999.0, 23.5, 9999.0, 22.14, 9999.0, 22.77, 22.5, 22.25, 22.27, 22.32
2026-09-13, 00:11:50, 22.3, 22.48, 22.75, 22.75, 9999.0, 9999.0, 9999.0, 23.52, 9999.0, 22.16, 9999.0, 22.8, 22.5, 22.25, 22.27, 22.34
2026-09-13, 00:11:54, 22.3, 22.5, 22.75, 22.75, 9999.0, 9999.0, 9999.0, 23.55, 9999.0, 22.18, 9999.0, 22.8, 22.5, 22.25, 22.27, 22.34
2026-09-13, 00:11:58, 22.32, 22.5, 22.75, 22.75, 9999.0, 9999.0, 9999.0, 23.59, 9999.0, 22.2, 9999.0, 22.8, 22.5, 22.25, 22.27, 22.36
2026-09-13, 00:12:02, 22.32, 22.5, 22.75, 22.75, 9999.0, 9999.0, 9999.0, 23.64, 9999.0, 22.23, 9999.0, 22.8, 22.5, 22.25, 22.25, 22.36
2026-09-13, 00:12:06, 22.34, 22.5, 22.75, 22.75, 9999.0, 9999.0, 9999.0, 23.66, 9999.0, 22.25, 9999.0, 22.77, 22.5, 22.25, 22.25, 22.36
2026-09-13, 00:12:10, 22.32, 22.5, 22.75, 22.75, 9999.0, 9999.0, 9999.0, 23.68, 9999.0, 22.25, 9999.0, 22.75, 22.5, 22.25, 22.27, 22.39
2026-09-13, 00:12:14, 22.32, 22.5, 22.75, 22.75, 9999.0, 9999.0, 9999.0, 23.7, 9999.0, 22.23, 9999.0, 22.75, 22.5, 22.25, 22.27, 22.41
2026-09-13, 00:12:18, 22.32, 22.5, 22.75, 22.75, 9999.0, 9999.0, 9999.0, 23.7, 9999.0, 22.2, 9999.0, 22.75, 22.5, 22.25, 22.27, 22.43
2026-09-13, 00:12:22, 22.34, 22.5, 22.75, 22.75, 9999.0, 9999.0, 9999.0, 23.73, 9999.0, 22.18, 9999.0, 22.73, 22.5, 22.25, 22.3, 22.43
2026-09-13, 00:12:26, 22.36, 22.5, 22.75, 22.75, 9999.0, 9999.0, 9999.0, 23.77, 9999.0, 22.14, 9999.0, 22.7, 22.5, 22.25, 22.3, 22.43
2026-09-13, 00:12:30, 22.34, 22.5, 22.75, 22.77, 9999.0, 9999.0, 9999.0, 23.82, 9999.0, 22.14, 9999.0, 22.7, 22.5, 22.25, 22.3, 22.41
2026-09-13, 00:12:35, 22.34, 22.5, 22.75, 22.77, 9999.0, 9999.0, 9999.0, 23.77, 9999.0, 22.11, 9999.0, 22.7, 22.5, 22.25, 22.3, 22.39
2026-09-13, 00:12:39, 22.34, 22.5, 22.75, 22.77, 9999.0, 9999.0, 9999.0, 23.73, 9999.0, 22.09, 9999.0, 22.7, 22.5, 22.25, 22.32, 22.39
2026-09-13, 00:12:43, 22.32, 22.5, 22.75, 22.77, 9999.0, 9999.0, 9999.0, 23.68, 9999.0, 22.07, 9999.0, 22.73, 22.5, 22.25, 22.34, 22.39
2026-09-13, 00:12:47, 22.32, 22.5, 22.75, 22.77, 9999.0, 9999.0, 9999.0, 23.64, 9999.0, 22.05, 9999.0, 22.75, 22.5, 22.25, 22.36, 22.36
2026-09-13, 00:12:51, 22.3, 22.5, 22.75, 22.77, 9999.0, 9999.0, 9999.0, 23.61, 9999.0, 22.05, 9999.0, 22.77, 22.5, 22.25, 22.36, 22.39
2026-09-13, 00:12:55, 22.32, 22.5, 22.75, 22.77, 9999.0, 9999.0, 9999.0, 23.59, 9999.0, 22.07, 9999.0, 22.77, 22.5, 22.25, 22.36, 22.36
2026-09-13, 00:12:59, 22.32, 22.5, 22.75, 22.77, 9999.0, 9999.0, 9999.0, 23.55, 9999.0, 22.09, 9999.0, 22.77, 22.5, 22.25, 22.39, 22.34
2026-09-13, 00:13:03, 22.34, 22.5, 22.75, 22.77, 9999.0, 9999.0, 9999.0, 23.52, 9999.0, 22.14, 9999.0, 22.77, 22.5, 22.25, 22.41, 22.32
2026-09-13, 00:13:07, 22.32, 22.5, 22.75, 22.77, 9999.0, 9999.0, 9999.0, 23.48, 9999.0, 22.18, 9999.0, 22.8, 22.5, 22.25, 22.39, 22.3
2026-09-13, 00:13:11, 22.3, 22.5, 22.75, 22.77, 9999.0, 9999.0, 9999.0, 23.5, 9999.0, 22.23, 9999.0, 22.82, 22.5, 22.25, 22.41, 22.32
2026-09-13, 00:13:15, 22.32, 22.5, 22.75, 22.75, 9999.0, 9999.0, 9999.0, 23.52, 9999.0, 22.23, 9999.0, 22.82, 22.5, 22.25, 22.43, 22.34
2026-09-13, 00:13:19, 22.34, 22.5, 22.75, 22.75, 9999.0, 9999.0, 9999.0, 23.57, 9999.0, 22.25, 9999.0, 22.82, 22.5, 22.25, 22.43, 22.36
2026-09-13, 00:13:23, 22.36, 22.5, 22.75, 22.75, 9999.0, 9999.0, 9999.0, 23.61, 9999.0, 22.27, 9999.0, 22.82, 22.5, 22.25, 22.43, 22.39
2026-09-13, 00:13:27, 22.36, 22.5, 22.75, 22.75, 9999.0, 9999.0, 9999.0, 23.66, 9999.0, 22.3, 9999.0, 22.8, 22.5, 22.25, 22.43, 22.39
2026-09-13, 00:13:31, 22.36, 22.5, 22.75, 22.75, 9999.0, 9999.0, 9999.0, 23.68, 9999.0, 22.32, 9999.0, 22.77, 22.5, 22.25, 22.41, 22.41
2026-09-13, 00:13:35, 22.39, 22.5, 22.75, 22.75, 9999.0, 9999.0, 9999.0, 23.7, 9999.0, 22.3, 9999.0, 22.75, 22.5, 22.25, 22.41, 22.41
2026-09-13, 00:13:39, 22.36, 22.5, 22.75, 22.75, 9999.0, 9999.0, 9999.0, 23.73, 9999.0, 22.3, 9999.0, 22.75, 22.5, 22.25, 22.39, 22.43
2026-09-13, 00:13:43, 22.36, 22.5, 22.75, 22.75, 9999.0, 9999.0, 9999.0, 23.77, 9999.0, 22.3, 9999.0, 22.75, 22.5, 22.25, 22.36, 22.45
2026-09-13, 00:13:47, 22.34, 22.5, 22.75, 22.75, 9999.0, 9999.0, 9999.0, 23.82, 9999.0, 22.27, 9999.0, 22.75, 22.5, 22.25, 22.36, 22.48
2026-09-13, 00:13:51, 22.34, 22.5, 22.75, 22.75, 9999.0, 9999.0, 9999.0, 23.86, 9999.0, 22.25, 9999.0, 22.75, 22.5, 22.25, 22.36, 22.48
2026-09-13, 00:13:55, 22.34, 22.5, 22.75, 22.77, 9999.0, 9999.0, 9999.0, 23.84, 9999.0, 22.23, 9999.0, 22.75, 22.5, 22.25, 22.36, 22.48
2026-09-13, 00:13:59, 22.32, 22.5, 22.75, 22.77, 9999.0, 9999.0, 9999.0, 23.8, 9999.0, 22.23, 9999.0, 22.77, 22.5, 22.25, 22.36, 22.48
2026-09-13, 00:14:03, 22.32, 22.5, 22.75, 22.77, 9999.0, 9999.0, 9999.0, 23.75, 9999.0, 22.23, 9999.0, 22.8, 22.5, 22.25, 22.39, 22.48
2026-09-13, 00:14:07, 22.32, 22.5, 22.75, 22.77, 9999.0, 9999.0, 9999.0, 23.7, 9999.0, 22.23, 9999.0, 22.8, 22.5, 22.25, 22.36, 22.45
2026-09-13, 00:14:11, 22.32, 22.5, 22.75, 22.77, 9999.0, 9999.0, 9999.0, 23.66, 9999.0, 22.23, 9999.0, 22.8, 22.5, 22.25, 22.34, 22.43
2026-09-13, 00:14:15, 22.34, 22.5, 22.75, 22.77, 9999.0, 9999.0, 9999.0, 23.64, 9999.0, 22.23, 9999.0, 22.8, 22.5, 22.25, 22.34, 22.43
2026-09-13, 00:14:19, 22.34, 22.5, 22.75, 22.77, 9999.0, 9999.0, 9999.0, 23.61, 9999.0, 22.27, 9999.0, 22.8, 22.5, 22.25, 22.36, 22.41
2026-09-13, 00:14:23, 22.36, 22.5, 22.75, 22.77, 9999.0, 9999.0, 9999.0, 23.59, 9999.0, 22.3, 9999.0, 22.8, 22.5, 22.25, 22.36, 22.41
2026-09-13, 00:14:27, 22.36, 22.5, 22.75, 22.77, 9999.0, 9999.0, 9999.0, 23.55, 9999.0, 22.32, 9999.0, 22.8, 22.5, 22.25, 22.39, 22.41
2026-09-13, 00:14:31, 22.36, 22.5, 22.75, 22.77, 9999.0, 9999.0, 9999.0, 23.59, 9999.0, 22.34, 9999.0, 22.8, 22.5, 22.25, 22.36, 22.41
2026-09-13, 00:14:35, 22.39, 22.5, 22.75, 22.77, 9999.0, 9999.0, 9999.0, 23.61, 9999.0, 22.36, 9999.0, 22.8, 22.5, 22.25, 22.39, 22.43
2026-09-13, 00:14:39, 22.41, 22.5, 22.75, 22.75, 9999.0, 9999.0, 9999.0, 23.64, 9999.0, 22.39, 9999.0, 22.8, 22.5, 22.25, 22.39, 22.43
2026-09-13, 00:14:43, 22.43, 22.5, 22.75, 22.75, 9999.0, 9999.0, 9999.0, 23.68, 9999.0, 22.41, 9999.0, 22.77, 22.5, 22.25, 22.39, 22.43
2026-09-13, 00:14:47, 22.43, 22.5, 22.75, 22.75, 9999.0, 9999.0, 9999.0, 23.7, 9999.0, 22.43, 9999.0, 22.75, 22.5, 22.25, 22.36, 22.41
2026-09-13, 00:14:51, 22.41, 22.5, 22.75, 22.75, 9999.0, 9999.0, 9999.0, 23.73, 9999.0, 22.45, 9999.0, 22.75, 22.5, 22.25, 22.36, 22.41
2026-09-13, 00:14:55, 22.41, 22.5, 22.75, 22.75, 9999.0, 9999.0, 9999.0, 23.75, 9999.0, 22.45, 9999.0, 22.73, 22.5, 22.25, 22.36, 22.41
2026-09-13, 00:14:59, 22.39, 22.5, 22.75, 22.75, 9999.0, 9999.0, 9999.0, 23.77, 9999.0, 22.48, 9999.0, 22.7, 22.5, 22.25, 22.36, 22.41
2026-09-13, 00:15:03, 22.36, 22.5, 22.75, 22.77, 9999.0, 9999.0, 9999.0, 23.82, 9999.0, 22.45, 9999.0, 22.68, 22.5, 22.25, 22.36, 22.41
2026-09-13, 00:15:07, 22.36, 22.5, 22.75, 22.77, 9999.0, 9999.0, 9999.0, 23.84, 9999.0, 22.43, 9999.0, 22.68, 22.5, 22.25, 22.36, 22.39
2026-09-13, 00:15:11, 22.39, 22.5, 22.75, 22.77, 9999.0, 9999.0, 9999.0, 23.89, 9999.0, 22.41, 9999.0, 22.68, 22.5, 22.25, 22.34, 22.36
2026-09-13, 00:15:15, 22.39, 22.5, 22.75, 22.8, 9999.0, 9999.0, 9999.0, 23.84, 9999.0, 22.39, 9999.0, 22.68, 22.5, 22.27, 22.34, 22.36
2026-09-13, 00:15:19, 22.36, 22.5, 22.75, 22.8, 9999.0, 9999.0, 9999.0, 23.82, 9999.0, 22.36, 9999.0, 22.7, 22.5, 22.27, 22.34, 22.36
2026-09-13, 00:15:23, 22.34, 22.5, 22.75, 22.8, 9999.0, 9999.0, 9999.0, 23.77, 9999.0, 22.34, 9999.0, 22.73, 22.5, 22.27, 22.34, 22.36
2026-09-13, 00:15:27, 22.32, 22.5, 22.75, 22.8, 9999.0, 9999.0, 9999.0, 23.75, 9999.0, 22.34, 9999.0, 22.75, 22.5, 22.27, 22.34, 22.34
2026-09-13, 00:15:31, 22.3, 22.5, 22.75, 22.8, 9999.0, 9999.0, 9999.0, 23.73, 9999.0, 22.34, 9999.0, 22.75, 22.5, 22.27, 22.36, 22.36
2026-09-13, 00:15:35, 22.32, 22.5, 22.75, 22.8, 9999.0, 9999.0, 9999.0, 23.7, 9999.0, 22.34, 9999.0, 22.75, 22.5, 22.27, 22.36, 22.36
2026-09-13, 00:15:39, 22.32, 22.5, 22.75, 22.8, 9999.0, 9999.0, 9999.0, 23.68, 9999.0, 22.36, 9999.0, 22.77, 22.5, 22.27, 22.36, 22.36
2026-09-13, 00:15:43, 22.34, 22.5, 22.77, 22.8, 9999.0, 9999.0, 9999.0, 23.66, 9999.0, 22.36, 9999.0, 22.8, 22.5, 22.27, 22.36, 22.36
2026-09-13, 00:15:48, 22.36, 22.5, 22.77, 22.77, 9999.0, 9999.0, 9999.0, 23.68, 9999.0, 22.39, 9999.0, 22.82, 22.5, 22.27, 22.34, 22.39
2026-09-13, 00:15:52, 22.36, 22.5, 22.77, 22.77, 9999.0, 9999.0, 9999.0, 23.73, 9999.0, 22.41, 9999.0, 22.82, 22.5, 22.27, 22.34, 22.39
2026-09-13, 00:15:56, 22.34, 22.5, 22.77, 22.77, 9999.0, 9999.0, 9999.0, 23.77, 9999.0, 22.43, 9999.0, 22.82, 22.5, 22.27, 22.36, 22.41
2026-09-13, 00:16:00, 22.34, 22.5, 22.77, 22.75, 9999.0, 9999.0, 9999.0, 23.8, 9999.0, 22.45, 9999.0, 22.82, 22.5, 22.25, 22.36, 22.41
2026-09-13, 00:16:04, 22.34, 22.5, 22.77, 22.75, 9999.0, 9999.0, 9999.0, 23.82, 9999.0, 22.48, 9999.0, 22.77, 22.5, 22.25, 22.36, 22.41
2026-09-13, 00:16:08, 22.36, 22.5, 22.77, 22.75, 9999.0, 9999.0, 9999.0, 23.86, 9999.0, 22.5, 9999.0, 22.75, 22.5, 22.25, 22.34, 22.39
2026-09-13, 00:16:12, 22.39, 22.5, 22.77, 22.75, 9999.0, 9999.0, 9999.0, 23.89, 9999.0, 22.5, 9999.0, 22.7, 22.5, 22.25, 22.34, 22.39
2026-09-13, 00:16:16, 22.41, 22.5, 22.77, 22.75, 9999.0, 9999.0, 9999.0, 23.91, 9999.0, 22.5, 9999.0, 22.7, 22.5, 22.25, 22.32, 22.39
2026-09-13, 00:16:20, 22.39, 22.5, 22.77, 22.75, 9999.0, 9999.0, 9999.0, 23.95, 9999.0, 22.5, 9999.0, 22.7, 22.5, 22.25, 22.34, 22.41
2026-09-13, 00:16:24, 22.39, 22.5, 22.77, 22.75, 9999.0, 9999.0, 9999.0, 23.98, 9999.0, 22.5, 9999.0, 22.7, 22.5, 22.25, 22.34, 22.43
2026-09-13, 00:16:28, 22.36, 22.5, 22.75, 22.75, 9999.0, 9999.0, 9999.0, 24.0, 9999.0, 22.5, 9999.0, 22.7, 22.5, 22.25, 22.34, 22.41
2026-09-13, 00:16:32, 22.34, 22.5, 22.75, 22.75, 9999.0, 9999.0, 9999.0, 23.95, 9999.0, 22.5, 9999.0, 22.7, 22.5, 22.25, 22.34, 22.41
2026-09-13, 00:16:36, 22.32, 22.5, 22.75, 22.75, 9999.0, 9999.0, 9999.0, 23.91, 9999.0, 22.48, 9999.0, 22.73, 22.5, 22.25, 22.36, 22.43
2026-09-13, 00:16:40, 22.32, 22.5, 22.75, 22.75, 9999.0, 9999.0, 9999.0, 23.86, 9999.0, 22.45, 9999.0, 22.75, 22.5, 22.25, 22.34, 22.41
2026-09-13, 00:16:44, 22.34, 22.5, 22.75, 22.75, 9999.0, 9999.0, 9999.0, 23.84, 9999.0, 22.43, 9999.0, 22.77, 22.5, 22.25, 22.34, 22.39
2026-09-13, 00:16:48, 22.36, 22.5, 22.75, 22.75, 9999.0, 9999.0, 9999.0, 23.82, 9999.0, 22.45, 9999.0, 22.8, 22.5, 22.25, 22.34, 22.36
2026-09-13, 00:16:52, 22.34, 22.5, 22.75, 22.75, 9999.0, 9999.0, 9999.0, 23.8, 9999.0, 22.45, 9999.0, 22.8, 22.5, 22.25, 22.34, 22.36
2026-09-13, 00:16:56, 22.32, 22.5, 22.75, 22.75, 9999.0, 9999.0, 9999.0, 23.75, 9999.0, 22.48, 9999.0, 22.82, 22.5, 22.25, 22.32, 22.36
2026-09-13, 00:17:00, 22.3, 22.5, 22.75, 22.77, 9999.0, 9999.0, 9999.0, 23.73, 9999.0, 22.5, 9999.0, 22.82, 22.5, 22.25, 22.32, 22.34
2026-09-13, 00:17:04, 22.3, 22.5, 22.75, 22.77, 9999.0, 9999.0, 9999.0, 23.68, 9999.0, 22.52, 9999.0, 22.82, 22.5, 22.25, 22.3, 22.34
2026-09-13, 00:17:08, 22.32, 22.5, 22.75, 22.77, 9999.0, 9999.0, 9999.0, 23.73, 9999.0, 22.55, 9999.0, 22.82, 22.5, 22.25, 22.3, 22.34
2026-09-13, 00:17:12, 22.34, 22.5, 22.75, 22.77, 9999.0, 9999.0, 9999.0, 23.75, 9999.0, 22.57, 9999.0, 22.82, 22.5, 22.25, 22.32, 22.34
2026-09-13, 00:17:16, 22.36, 22.5, 22.75, 22.77, 9999.0, 9999.0, 9999.0, 23.8, 9999.0, 22.59, 9999.0, 22.82, 22.5, 22.25, 22.34, 22.34
2026-09-13, 00:17:20, 22.36, 22.5, 22.75, 22.77, 9999.0, 9999.0, 9999.0, 23.84, 9999.0, 22.61, 9999.0, 22.8, 22.5, 22.25, 22.34, 22.32
2026-09-13, 00:17:24, 22.36, 22.5, 22.75, 22.77, 9999.0, 9999.0, 9999.0, 23.86, 9999.0, 22.64, 9999.0, 22.75, 22.5, 22.25, 22.34, 22.34
2026-09-13, 00:17:28, 22.36, 22.5, 22.75, 22.77, 9999.0, 9999.0, 9999.0, 23.89, 9999.0, 22.66, 9999.0, 22.73, 22.5, 22.25, 22.36, 22.34
2026-09-13, 00:17:32, 22.34, 22.5, 22.75, 22.77, 9999.0, 9999.0, 9999.0, 23.91, 9999.0, 22.64, 9999.0, 22.73, 22.5, 22.25, 22.36, 22.34
2026-09-13, 00:17:36, 22.34, 22.5, 22.75, 22.77, 9999.0, 9999.0, 9999.0, 23.93, 9999.0, 22.64, 9999.0, 22.73, 22.5, 22.25, 22.39, 22.36
2026-09-13, 00:17:40, 22.36, 22.5, 22.75, 22.77, 9999.0, 9999.0, 9999.0, 23.98, 9999.0, 22.61, 9999.0, 22.7, 22.5, 22.25, 22.39, 22.36
2026-09-13, 00:17:44, 22.39, 22.5, 22.75, 22.75, 9999.0, 9999.0, 9999.0, 24.02, 9999.0, 22.59, 9999.0, 22.7, 22.5, 22.25, 22.39, 22.39
2026-09-13, 00:17:48, 22.39, 22.5, 22.75, 22.75, 9999.0, 9999.0, 9999.0, 24.05, 9999.0, 22.57, 9999.0, 22.7, 22.5, 22.25, 22.41, 22.39
2026-09-13, 00:17:52, 22.36, 22.5, 22.75, 22.75, 9999.0, 9999.0, 9999.0, 24.0, 9999.0, 22.55, 9999.0, 22.7, 22.5, 22.25, 22.43, 22.39
2026-09-13, 00:17:56, 22.34, 22.5, 22.75, 22.75, 9999.0, 9999.0, 9999.0, 23.98, 9999.0, 22.52, 9999.0, 22.73, 22.5, 22.25, 22.43, 22.41
2026-09-13, 00:18:00, 22.32, 22.5, 22.75, 22.75, 9999.0, 9999.0, 9999.0, 23.93, 9999.0, 22.5, 9999.0, 22.75, 22.5, 22.25, 22.41, 22.41
2026-09-13, 00:18:04, 22.34, 22.5, 22.75, 22.75, 9999.0, 9999.0, 9999.0, 23.89, 9999.0, 22.52, 9999.0, 22.75, 22.5, 22.25, 22.39, 22.41
2026-09-13, 00:18:08, 22.36, 22.5, 22.75, 22.75, 9999.0, 9999.0, 9999.0, 23.86, 9999.0, 22.55, 9999.0, 22.77, 22.5, 22.25, 22.39, 22.41
2026-09-13, 00:18:12, 22.34, 22.5, 22.75, 22.75, 9999.0, 9999.0, 9999.0, 23.84, 9999.0, 22.57, 9999.0, 22.77, 22.5, 22.25, 22.39, 22.41
2026-09-13, 00:18:16, 22.34, 22.5, 22.75, 22.75, 9999.0, 9999.0, 9999.0, 23.8, 9999.0, 22.59, 9999.0, 22.77, 22.5, 22.25, 22.36, 22.43
2026-09-13, 00:18:20, 22.36, 22.5, 22.75, 22.75, 9999.0, 9999.0, 9999.0, 23.75, 9999.0, 22.61, 9999.0, 22.77, 22.5, 22.25, 22.36, 22.43
2026-09-13, 00:18:24, 22.36, 22.5, 22.75, 22.75, 9999.0, 9999.0, 9999.0, 23.77, 9999.0, 22.64, 9999.0, 22.8, 22.5, 22.25, 22.36, 22.45
2026-09-13, 00:18:28, 22.34, 22.5, 22.75, 22.75, 9999.0, 9999.0, 9999.0, 23.8, 9999.0, 22.66, 9999.0, 22.8, 22.5, 22.25, 22.36, 22.43
2026-09-13, 00:18:32, 22.34, 22.5, 22.75, 22.75, 9999.0, 9999.0, 9999.0, 23.84, 9999.0, 22.68, 9999.0, 22.8, 22.5, 22.25, 22.34, 22.43
2026-09-13, 00:18:36, 22.34, 22.5, 22.75, 22.75, 9999.0, 9999.0, 9999.0, 23.89, 9999.0, 22.7, 9999.0, 22.8, 22.5, 22.25, 22.32, 22.43
2026-09-13, 00:18:40, 22.36, 22.5, 22.75, 22.75, 9999.0, 9999.0, 9999.0, 23.93, 9999.0, 22.73, 9999.0, 22.77, 22.5, 22.25, 22.3, 22.41
2026-09-13, 00:18:44, 22.36, 22.5, 22.75, 22.75, 9999.0, 9999.0, 9999.0, 23.98, 9999.0, 22.75, 9999.0, 22.73, 22.5, 22.25, 22.3, 22.41
2026-09-13, 00:18:48, 22.34, 22.5, 22.75, 22.75, 9999.0, 9999.0, 9999.0, 24.0, 9999.0, 22.73, 9999.0, 22.7, 22.5, 22.25, 22.3, 22.41
2026-09-13, 00:18:52, 22.34, 22.5, 22.75, 22.75, 9999.0, 9999.0, 9999.0, 24.02, 9999.0, 22.7, 9999.0, 22.7, 22.5, 22.25, 22.3, 22.39
2026-09-13, 00:18:56, 22.36, 22.48, 22.75, 22.75, 9999.0, 9999.0, 9999.0, 24.05, 9999.0, 22.68, 9999.0, 22.7, 22.5, 22.25, 22.27, 22.41
2026-09-13, 00:19:00, 22.36, 22.48, 22.75, 22.75, 9999.0, 9999.0, 9999.0, 24.09, 9999.0, 22.68, 9999.0, 22.7, 22.5, 22.25, 22.27, 22.39
2026-09-13, 00:19:04, 22.34, 22.48, 22.75, 22.75, 9999.0, 9999.0, 9999.0, 24.11, 9999.0, 22.66, 9999.0, 22.7, 22.5, 22.25, 22.25, 22.39
2026-09-13, 00:19:08, 22.32, 22.48, 22.75, 22.75, 9999.0, 9999.0, 9999.0, 24.09, 9999.0, 22.64, 9999.0, 22.7, 22.5, 22.25, 22.27, 22.39
2026-09-13, 00:19:12, 22.32, 22.48, 22.75, 22.75, 9999.0, 9999.0, 9999.0, 24.05, 9999.0, 22.61, 9999.0, 22.73, 22.5, 22.25, 22.3, 22.39
2026-09-13, 00:19:16, 22.32, 22.48, 22.75, 22.75, 9999.0, 9999.0, 9999.0, 24.0, 9999.0, 22.59, 9999.0, 22.75, 22.5, 22.25, 22.3, 22.39
2026-09-13, 00:19:20, 22.32, 22.48, 22.75, 22.75, 9999.0, 9999.0, 9999.0, 23.95, 9999.0, 22.57, 9999.0, 22.75, 22.5, 22.25, 22.32, 22.36
2026-09-13, 00:19:24, 22.3, 22.48, 22.75, 22.75, 9999.0, 9999.0, 9999.0, 23.91, 9999.0, 22.57, 9999.0, 22.75, 22.5, 22.25, 22.34, 22.36
2026-09-13, 00:19:28, 22.3, 22.48, 22.75, 22.75, 9999.0, 9999.0, 9999.0, 23.84, 9999.0, 22.57, 9999.0, 22.77, 22.5, 22.25, 22.36, 22.34
2026-09-13, 00:19:32, 22.3, 22.48, 22.75, 22.75, 9999.0, 9999.0, 9999.0, 23.82, 9999.0, 22.59, 9999.0, 22.8, 22.52, 22.25, 22.39, 22.34
2026-09-13, 00:19:36, 22.27, 22.48, 22.75, 22.75, 9999.0, 9999.0, 9999.0, 23.8, 9999.0, 22.61, 9999.0, 22.8, 22.52, 22.25, 22.41, 22.34
2026-09-13, 00:19:41, 22.25, 22.5, 22.75, 22.75, 9999.0, 9999.0, 9999.0, 23.77, 9999.0, 22.64, 9999.0, 22.8, 22.52, 22.25, 22.43, 22.32
2026-09-13, 00:19:45, 22.25, 22.5, 22.75, 22.75, 9999.0, 9999.0, 9999.0, 23.82, 9999.0, 22.64, 9999.0, 22.8, 22.52, 22.25, 22.43, 22.32
2026-09-13, 00:19:49, 22.25, 22.5, 22.75, 22.75, 9999.0, 9999.0, 9999.0, 23.86, 9999.0, 22.66, 9999.0, 22.8, 22.52, 22.25, 22.43, 22.3
2026-09-13, 00:19:53, 22.25, 22.5, 22.75, 22.75, 9999.0, 9999.0, 9999.0, 23.89, 9999.0, 22.68, 9999.0, 22.8, 22.52, 22.25, 22.41, 22.27
2026-09-13, 00:19:57, 22.25, 22.5, 22.75, 22.75, 9999.0, 9999.0, 9999.0, 23.93, 9999.0, 22.7, 9999.0, 22.77, 22.52, 22.25, 22.39, 22.27
2026-09-13, 00:20:01, 22.25, 22.5, 22.75, 22.75, 9999.0, 9999.0, 9999.0, 23.95, 9999.0, 22.7, 9999.0, 22.73, 22.52, 22.25, 22.39, 22.25
2026-09-13, 00:20:05, 22.25, 22.5, 22.75, 22.75, 9999.0, 9999.0, 9999.0, 23.98, 9999.0, 22.73, 9999.0, 22.73, 22.52, 22.25, 22.36, 22.25
2026-09-13, 00:20:09, 22.25, 22.5, 22.75, 22.75, 9999.0, 9999.0, 9999.0, 24.0, 9999.0, 22.73, 9999.0, 22.7, 22.52, 22.25, 22.34, 22.27
2026-09-13, 00:20:13, 22.25, 22.5, 22.75, 22.75, 9999.0, 9999.0, 9999.0, 24.05, 9999.0, 22.7, 9999.0, 22.68, 22.52, 22.25, 22.32, 22.27
2026-09-13, 00:20:17, 22.25, 22.5, 22.75, 22.75, 9999.0, 9999.0, 9999.0, 24.07, 9999.0, 22.68, 9999.0, 22.68, 22.5, 22.25, 22.3, 22.27
2026-09-13, 00:20:21, 22.25, 22.5, 22.75, 22.75, 9999.0, 9999.0, 9999.0, 24.09, 9999.0, 22.68, 9999.0, 22.68, 22.5, 22.25, 22.3, 22.27
2026-09-13, 00:20:25, 22.27, 22.5, 22.75, 22.75, 9999.0, 9999.0, 9999.0, 24.11, 9999.0, 22.66, 9999.0, 22.68, 22.5, 22.25, 22.27, 22.27
2026-09-13, 00:20:29, 22.27, 22.5, 22.75, 22.75, 9999.0, 9999.0, 9999.0, 24.07, 9999.0, 22.64, 9999.0, 22.68, 22.5, 22.25, 22.3, 22.27
2026-09-13, 00:20:33, 22.3, 22.5, 22.75, 22.75, 9999.0, 9999.0, 9999.0, 24.02, 9999.0, 22.61, 9999.0, 22.7, 22.5, 22.25, 22.3, 22.27
2026-09-13, 00:20:37, 22.32, 22.5, 22.75, 22.75, 9999.0, 9999.0, 9999.0, 23.98, 9999.0, 22.59, 9999.0, 22.73, 22.5, 22.25, 22.32, 22.27
2026-09-13, 00:20:41, 22.32, 22.5, 22.75, 22.75, 9999.0, 9999.0, 9999.0, 23.93, 9999.0, 22.59, 9999.0, 22.73, 22.5, 22.25, 22.34, 22.27
2026-09-13, 00:20:45, 22.32, 22.5, 22.75, 22.75, 9999.0, 9999.0, 9999.0, 23.91, 9999.0, 22.61, 9999.0, 22.75, 22.5, 22.25, 22.34, 22.27
2026-09-13, 00:20:49, 22.32, 22.5, 22.75, 22.75, 9999.0, 9999.0, 9999.0, 23.86, 9999.0, 22.61, 9999.0, 22.75, 22.5, 22.25, 22.34, 22.27
2026-09-13, 00:20:53, 22.32, 22.5, 22.75, 22.75, 9999.0, 9999.0, 9999.0, 23.84, 9999.0, 22.64, 9999.0, 22.77, 22.5, 22.25, 22.34, 22.25
2026-09-13, 00:20:57, 22.32, 22.5, 22.75, 22.75, 9999.0, 9999.0, 9999.0, 23.8, 9999.0, 22.68, 9999.0, 22.8, 22.5, 22.25, 22.34, 22.27
2026-09-13, 00:21:01, 22.32, 22.5, 22.75, 22.75, 9999.0, 9999.0, 9999.0, 23.75, 9999.0, 22.7, 9999.0, 22.8, 22.5, 22.25, 22.34, 22.27
2026-09-13, 00:21:05, 22.34, 22.5, 22.75, 22.75, 9999.0, 9999.0, 9999.0, 23.77, 9999.0, 22.7, 9999.0, 22.8, 22.5, 22.25, 22.32, 22.3
2026-09-13, 00:21:09, 22.34, 22.5, 22.75, 22.75, 9999.0, 9999.0, 9999.0, 23.8, 9999.0, 22.73, 9999.0, 22.8, 22.5, 22.25, 22.32, 22.3
2026-09-13, 00:21:13, 22.36, 22.5, 22.75, 22.75, 9999.0, 9999.0, 9999.0, 23.82, 9999.0, 22.75, 9999.0, 22.8, 22.5, 22.25, 22.3, 22.3
2026-09-13, 00:21:17, 22.34, 22.5, 22.75, 22.75, 9999.0, 9999.0, 9999.0, 23.86, 9999.0, 22.77, 9999.0, 22.77, 22.5, 22.25, 22.3, 22.3
2026-09-13, 00:21:21, 22.32, 22.5, 22.75, 22.75, 9999.0, 9999.0, 9999.0, 23.91, 9999.0, 22.8, 9999.0, 22.75, 22.5, 22.25, 22.27, 22.3
2026-09-13, 00:21:25, 22.32, 22.5, 22.75, 22.75, 9999.0, 9999.0, 9999.0, 23.93, 9999.0, 22.8, 9999.0, 22.75, 22.5, 22.25, 22.25, 22.32
2026-09-13, 00:21:29, 22.32, 22.5, 22.75, 22.75, 9999.0, 9999.0, 9999.0, 23.95, 9999.0, 22.77, 9999.0, 22.75, 22.5, 22.25, 22.25, 22.32
2026-09-13, 00:21:33, 22.34, 22.5, 22.75, 22.75, 9999.0, 9999.0, 9999.0, 24.0, 9999.0, 22.77, 9999.0, 22.73, 22.5, 22.25, 22.25, 22.34
2026-09-13, 00:21:37, 22.34, 22.5, 22.75, 22.75, 9999.0, 9999.0, 9999.0, 24.02, 9999.0, 22.75, 9999.0, 22.7, 22.5, 22.25, 22.25, 22.34
2026-09-13, 00:21:41, 22.34, 22.5, 22.75, 22.75, 9999.0, 9999.0, 9999.0, 24.07, 9999.0, 22.7, 9999.0, 22.7, 22.5, 22.25, 22.25, 22.32
2026-09-13, 00:21:45, 22.34, 22.5, 22.75, 22.75, 9999.0, 9999.0, 9999.0, 24.11, 9999.0, 22.7, 9999.0, 22.7, 22.5, 22.25, 22.25, 22.32
2026-09-13, 00:21:49, 22.32, 22.5, 22.75, 22.75, 9999.0, 9999.0, 9999.0, 24.07, 9999.0, 22.68, 9999.0, 22.7, 22.5, 22.25, 22.25, 22.3
2026-09-13, 00:21:53, 22.32, 22.5, 22.75, 22.75, 9999.0, 9999.0, 9999.0, 24.05, 9999.0, 22.66, 9999.0, 22.7, 22.5, 22.25, 22.25, 22.3
2026-09-13, 00:21:57, 22.3, 22.5, 22.75, 22.75, 9999.0, 9999.0, 9999.0, 24.0, 9999.0, 22.64, 9999.0, 22.7, 22.5, 22.25, 22.25, 22.3
2026-09-13, 00:22:01, 22.32, 22.5, 22.75, 22.75, 9999.0, 9999.0, 9999.0, 23.95, 9999.0, 22.64, 9999.0, 22.7, 22.5, 22.25, 22.25, 22.3
2026-09-13, 00:22:05, 22.34, 22.5, 22.75, 22.75, 9999.0, 9999.0, 9999.0, 23.91, 9999.0, 22.64, 9999.0, 22.7, 22.5, 22.25, 22.25, 22.3
2026-09-13, 00:22:09, 22.34, 22.5, 22.75, 22.75, 9999.0, 9999.0, 9999.0, 23.89, 9999.0, 22.64, 9999.0, 22.7, 22.5, 22.25, 22.25, 22.27
2026-09-13, 00:22:13, 22.34, 22.5, 22.75, 22.75, 9999.0, 9999.0, 9999.0, 23.86, 9999.0, 22.68, 9999.0, 22.7, 22.5, 22.25, 22.25, 22.27
2026-09-13, 00:22:17, 22.34, 22.5, 22.75, 22.75, 9999.0, 9999.0, 9999.0, 23.84, 9999.0, 22.68, 9999.0, 22.73, 22.5, 22.25, 22.25, 22.25
2026-09-13, 00:22:21, 22.36, 22.5, 22.75, 22.75, 9999.0, 9999.0, 9999.0, 23.89, 9999.0, 22.68, 9999.0, 22.75, 22.5, 22.25, 22.25, 22.25
2026-09-13, 00:22:25, 22.36, 22.5, 22.75, 22.75, 9999.0, 9999.0, 9999.0, 23.93, 9999.0, 22.7, 9999.0, 22.75, 22.5, 22.25, 22.25, 22.25
2026-09-13, 00:22:29, 22.36, 22.5, 22.75, 22.75, 9999.0, 9999.0, 9999.0, 23.95, 9999.0, 22.7, 9999.0, 22.75, 22.5, 22.25, 22.25, 22.25
2026-09-13, 00:22:33, 22.36, 22.5, 22.75, 22.75, 9999.0, 9999.0, 9999.0, 24.0, 9999.0, 22.73, 9999.0, 22.73, 22.5, 22.25, 22.27, 22.25
2026-09-13, 00:22:37, 22.34, 22.5, 22.75, 22.75, 9999.0, 9999.0, 9999.0, 24.02, 9999.0, 22.75, 9999.0, 22.7, 22.5, 22.25, 22.27, 22.25
2026-09-13, 00:22:41, 22.34, 22.5, 22.75, 22.75, 9999.0, 9999.0, 9999.0, 24.05, 9999.0, 22.77, 9999.0, 22.68, 22.5, 22.25, 22.27, 22.25
2026-09-13, 00:22:45, 22.32, 22.5, 22.75, 22.75, 9999.0, 9999.0, 9999.0, 24.07, 9999.0, 22.77, 9999.0, 22.66, 22.5, 22.25, 22.27, 22.25
2026-09-13, 00:22:49, 22.3, 22.5, 22.75, 22.75, 9999.0, 9999.0, 9999.0, 24.09, 9999.0, 22.77, 9999.0, 22.64, 22.5, 22.25, 22.27, 22.25
2026-09-13, 00:22:53, 22.3, 22.5, 22.75, 22.75, 9999.0, 9999.0, 9999.0, 24.11, 9999.0, 22.77, 9999.0, 22.61, 22.5, 22.25, 22.27, 22.25
2026-09-13, 00:22:57, 22.32, 22.5, 22.75, 22.75, 9999.0, 9999.0, 9999.0, 24.14, 9999.0, 22.75, 9999.0, 22.61, 22.5, 22.25, 22.27, 22.25
2026-09-13, 00:23:01, 22.3, 22.5, 22.75, 22.75, 9999.0, 9999.0, 9999.0, 24.16, 9999.0, 22.73, 9999.0, 22.61, 22.5, 22.25, 22.27, 22.25
2026-09-13, 00:23:05, 22.27, 22.5, 22.75, 22.75, 9999.0, 9999.0, 9999.0, 24.11, 9999.0, 22.7, 9999.0, 22.61, 22.5, 22.25, 22.27, 22.25
2026-09-13, 00:23:09, 22.27, 22.5, 22.75, 22.75, 9999.0, 9999.0, 9999.0, 24.07, 9999.0, 22.68, 9999.0, 22.64, 22.5, 22.25, 22.27, 22.25
2026-09-13, 00:23:13, 22.27, 22.5, 22.75, 22.75, 9999.0, 9999.0, 9999.0, 24.02, 9999.0, 22.66, 9999.0, 22.64, 22.5, 22.25, 22.27, 22.25
2026-09-13, 00:23:17, 22.27, 22.5, 22.75, 22.75, 9999.0, 9999.0, 9999.0, 23.98, 9999.0, 22.66, 9999.0, 22.66, 22.5, 22.25, 22.25, 22.25
2026-09-13, 00:23:21, 22.27, 22.5, 22.75, 22.75, 9999.0, 9999.0, 9999.0, 23.93, 9999.0, 22.66, 9999.0, 22.68, 22.5, 22.25, 22.27, 22.25
2026-09-13, 00:23:25, 22.27, 22.5, 22.75, 22.75, 9999.0, 9999.0, 9999.0, 23.91, 9999.0, 22.66, 9999.0, 22.7, 22.5, 22.25, 22.27, 22.25
2026-09-13, 00:23:29, 22.27, 22.5, 22.75, 22.75, 9999.0, 9999.0, 9999.0, 23.89, 9999.0, 22.66, 9999.0, 22.73, 22.5, 22.25, 22.27, 22.25
2026-09-13, 00:23:34, 22.27, 22.5, 22.75, 22.75, 9999.0, 9999.0, 9999.0, 23.86, 9999.0, 22.66, 9999.0, 22.75, 22.5, 22.25, 22.27, 22.25
2026-09-13, 00:23:38, 22.27, 22.5, 22.75, 22.75, 9999.0, 9999.0, 9999.0, 23.91, 9999.0, 22.66, 9999.0, 22.77, 22.5, 22.25, 22.27, 22.25
2026-09-13, 00:23:42, 22.25, 22.5, 22.75, 22.75, 9999.0, 9999.0, 9999.0, 23.95, 9999.0, 22.66, 9999.0, 22.77, 22.5, 22.25, 22.27, 22.25
2026-09-13, 00:23:46, 22.25, 22.5, 22.75, 22.75, 9999.0, 9999.0, 9999.0, 23.98, 9999.0, 22.68, 9999.0, 22.75, 22.5, 22.25, 22.27, 22.25
2026-09-13, 00:23:50, 22.25, 22.5, 22.75, 22.75, 9999.0, 9999.0, 9999.0, 24.0, 9999.0, 22.7, 9999.0, 22.75, 22.5, 22.25, 22.27, 22.25
2026-09-13, 00:23:54, 22.25, 22.5, 22.75, 22.75, 9999.0, 9999.0, 9999.0, 24.02, 9999.0, 22.73, 9999.0, 22.73, 22.5, 22.25, 22.27, 22.25
2026-09-13, 00:23:58, 22.27, 22.5, 22.75, 22.75, 9999.0, 9999.0, 9999.0, 24.07, 9999.0, 22.75, 9999.0, 22.7, 22.5, 22.25, 22.27, 22.25
2026-09-13, 00:24:02, 22.27, 22.5, 22.75, 22.75, 9999.0, 9999.0, 9999.0, 24.09, 9999.0, 22.73, 9999.0, 22.68, 22.5, 22.25, 22.27, 22.25
2026-09-13, 00:24:06, 22.27, 22.5, 22.75, 22.75, 9999.0, 9999.0, 9999.0, 24.11, 9999.0, 22.7, 9999.0, 22.68, 22.5, 22.25, 22.25, 22.25
2026-09-13, 00:24:10, 22.27, 22.5, 22.75, 22.75, 9999.0, 9999.0, 9999.0, 24.16, 9999.0, 22.68, 9999.0, 22.66, 22.5, 22.25, 22.25, 22.25
2026-09-13, 00:24:14, 22.27, 22.5, 22.75, 22.73, 9999.0, 9999.0, 9999.0, 24.18, 9999.0, 22.66, 9999.0, 22.64, 22.5, 22.25, 22.25, 22.25
2026-09-13, 00:24:18, 22.27, 22.5, 22.75, 22.73, 9999.0, 9999.0, 9999.0, 24.2, 9999.0, 22.64, 9999.0, 22.64, 22.5, 22.25, 22.25, 22.25
2026-09-13, 00:24:22, 22.27, 22.5, 22.75, 22.73, 9999.0, 9999.0, 9999.0, 24.14, 9999.0, 22.61, 9999.0, 22.64, 22.48, 22.25, 22.25, 22.25
2026-09-13, 00:24:26, 22.27, 22.5, 22.75, 22.73, 9999.0, 9999.0, 9999.0, 24.07, 9999.0, 22.59, 9999.0, 22.64, 22.48, 22.25, 22.25, 22.25
2026-09-13, 00:24:30, 22.3, 22.48, 22.75, 22.73, 9999.0, 9999.0, 9999.0, 24.02, 9999.0, 22.57, 9999.0, 22.66, 22.48, 22.25, 22.25, 22.25
2026-09-13, 00:24:34, 22.32, 22.48, 22.75, 22.73, 9999.0, 9999.0, 9999.0, 23.98, 9999.0, 22.55, 9999.0, 22.66, 22.48, 22.25, 22.25, 22.25
2026-09-13, 00:24:38, 22.32, 22.48, 22.75, 22.73, 9999.0, 9999.0, 9999.0, 23.93, 9999.0, 22.55, 9999.0, 22.66, 22.48, 22.25, 22.25, 22.25
2026-09-13, 00:24:42, 22.3, 22.48, 22.75, 22.73, 9999.0, 9999.0, 9999.0, 23.89, 9999.0, 22.52, 9999.0, 22.68, 22.48, 22.25, 22.25, 22.25
2026-09-13, 00:24:46, 22.3, 22.48, 22.75, 22.73, 9999.0, 9999.0, 9999.0, 23.86, 9999.0, 22.55, 9999.0, 22.7, 22.48, 22.25, 22.25, 22.25
2026-09-13, 00:24:50, 22.32, 22.48, 22.75, 22.73, 9999.0, 9999.0, 9999.0, 23.84, 9999.0, 22.57, 9999.0, 22.7, 22.48, 22.25, 22.25, 22.25
2026-09-13, 00:24:54, 22.32, 22.48, 22.75, 22.73, 9999.0, 9999.0, 9999.0, 23.77, 9999.0, 22.59, 9999.0, 22.73, 22.48, 22.25, 22.25, 22.25
2026-09-13, 00:24:58, 22.32, 22.48, 22.75, 22.75, 9999.0, 9999.0, 9999.0, 23.8, 9999.0, 22.61, 9999.0, 22.75, 22.48, 22.25, 22.25, 22.25
2026-09-13, 00:25:02, 22.32, 22.48, 22.75, 22.75, 9999.0, 9999.0, 9999.0, 23.82, 9999.0, 22.64, 9999.0, 22.75, 22.48, 22.25, 22.25, 22.25
2026-09-13, 00:25:06, 22.32, 22.48, 22.75, 22.75, 9999.0, 9999.0, 9999.0, 23.86, 9999.0, 22.64, 9999.0, 22.75, 22.5, 22.25, 22.25, 22.25
2026-09-13, 00:25:10, 22.32, 22.48, 22.75, 22.75, 9999.0, 9999.0, 9999.0, 23.91, 9999.0, 22.66, 9999.0, 22.73, 22.5, 22.25, 22.25, 22.25
2026-09-13, 00:25:14, 22.3, 22.5, 22.75, 22.75, 9999.0, 9999.0, 9999.0, 23.93, 9999.0, 22.66, 9999.0, 22.7, 22.5, 22.25, 22.25, 22.25
2026-09-13, 00:25:18, 22.27, 22.5, 22.75, 22.75, 9999.0, 9999.0, 9999.0, 23.95, 9999.0, 22.66, 9999.0, 22.68, 22.5, 22.25, 22.25, 22.25
2026-09-13, 00:25:22, 22.27, 22.5, 22.75, 22.75, 9999.0, 9999.0, 9999.0, 23.98, 9999.0, 22.64, 9999.0, 22.66, 22.5, 22.25, 22.25, 22.25
2026-09-13, 00:25:26, 22.27, 22.5, 22.75, 22.75, 9999.0, 9999.0, 9999.0, 24.0, 9999.0, 22.64, 9999.0, 22.64, 22.5, 22.25, 22.25, 22.27
2026-09-13, 00:25:30, 22.27, 22.5, 22.75, 22.75, 9999.0, 9999.0, 9999.0, 24.02, 9999.0, 22.61, 9999.0, 22.61, 22.5, 22.25, 22.25, 22.27
2026-09-13, 00:25:34, 22.25, 22.5, 22.75, 22.75, 9999.0, 9999.0, 9999.0, 24.05, 9999.0, 22.59, 9999.0, 22.61, 22.5, 22.25, 22.25, 22.27
2026-09-13, 00:25:38, 22.25, 22.5, 22.75, 22.75, 9999.0, 9999.0, 9999.0, 24.09, 9999.0, 22.57, 9999.0, 22.61, 22.5, 22.25, 22.25, 22.27
2026-09-13, 00:25:42, 22.25, 22.5, 22.75, 22.75, 9999.0, 9999.0, 9999.0, 24.07, 9999.0, 22.55, 9999.0, 22.61, 22.5, 22.25, 22.25, 22.27
2026-09-13, 00:25:46, 22.25, 22.5, 22.75, 22.75, 9999.0, 9999.0, 9999.0, 24.02, 9999.0, 22.52, 9999.0, 22.61, 22.5, 22.25, 22.25, 22.27
2026-09-13, 00:25:50, 22.25, 22.5, 22.75, 22.75, 9999.0, 9999.0, 9999.0, 23.98, 9999.0, 22.52, 9999.0, 22.61, 22.5, 22.25, 22.25, 22.27
2026-09-13, 00:25:54, 22.25, 22.5, 22.75, 22.75, 9999.0, 9999.0, 9999.0, 23.93, 9999.0, 22.52, 9999.0, 22.64, 22.5, 22.25, 22.25, 22.27
2026-09-13, 00:25:58, 22.25, 22.5, 22.75, 22.75, 9999.0, 9999.0, 9999.0, 23.91, 9999.0, 22.55, 9999.0, 22.66, 22.5, 22.25, 22.25, 22.27
2026-09-13, 00:26:02, 22.25, 22.5, 22.75, 22.75, 9999.0, 9999.0, 9999.0, 23.86, 9999.0, 22.57, 9999.0, 22.68, 22.5, 22.25, 22.25, 22.27
2026-09-13, 00:26:06, 22.25, 22.5, 22.75, 22.75, 9999.0, 9999.0, 9999.0, 23.82, 9999.0, 22.59, 9999.0, 22.7, 22.5, 22.25, 22.25, 22.27
2026-09-13, 00:26:10, 22.25, 22.5, 22.75, 22.75, 9999.0, 9999.0, 9999.0, 23.77, 9999.0, 22.61, 9999.0, 22.73, 22.5, 22.25, 22.27, 22.25
2026-09-13, 00:26:14, 22.25, 22.5, 22.75, 22.75, 9999.0, 9999.0, 9999.0, 23.73, 9999.0, 22.64, 9999.0, 22.75, 22.5, 22.25, 22.27, 22.25
2026-09-13, 00:26:18, 22.25, 22.5, 22.75, 22.75, 9999.0, 9999.0, 9999.0, 23.75, 9999.0, 22.64, 9999.0, 22.75, 22.5, 22.25, 22.27, 22.25
2026-09-13, 00:26:22, 22.25, 22.5, 22.75, 22.75, 9999.0, 9999.0, 9999.0, 23.77, 9999.0, 22.66, 9999.0, 22.75, 22.5, 22.25, 22.27, 22.25
2026-09-13, 00:26:26, 22.25, 22.5, 22.75, 22.75, 9999.0, 9999.0, 9999.0, 23.8, 9999.0, 22.66, 9999.0, 22.75, 22.5, 22.25, 22.27, 22.25
2026-09-13, 00:26:30, 22.25, 22.5, 22.75, 22.75, 9999.0, 9999.0, 9999.0, 23.82, 9999.0, 22.66, 9999.0, 22.73, 22.5, 22.25, 22.27, 22.25
2026-09-13, 00:26:34, 22.25, 22.5, 22.75, 22.75, 9999.0, 9999.0, 9999.0, 23.84, 9999.0, 22.66, 9999.0, 22.73, 22.5, 22.25, 22.27, 22.25
2026-09-13, 00:26:38, 22.25, 22.5, 22.75, 22.75, 9999.0, 9999.0, 9999.0, 23.86, 9999.0, 22.64, 9999.0, 22.7, 22.5, 22.25, 22.27, 22.25
2026-09-13, 00:26:42, 22.25, 22.5, 22.75, 22.75, 9999.0, 9999.0, 9999.0, 23.89, 9999.0, 22.61, 9999.0, 22.7, 22.5, 22.25, 22.27, 22.25
2026-09-13, 00:26:46, 22.27, 22.5, 22.75, 22.75, 9999.0, 9999.0, 9999.0, 23.93, 9999.0, 22.59, 9999.0, 22.68, 22.5, 22.25, 22.27, 22.25
2026-09-13, 00:26:50, 22.27, 22.5, 22.75, 22.75, 9999.0, 9999.0, 9999.0, 23.98, 9999.0, 22.55, 9999.0, 22.66, 22.5, 22.25, 22.27, 22.25
2026-09-13, 00:26:54, 22.27, 22.5, 22.75, 22.75, 9999.0, 9999.0, 9999.0, 24.02, 9999.0, 22.52, 9999.0, 22.66, 22.48, 22.25, 22.25, 22.25
2026-09-13, 00:26:58, 22.27, 22.5, 22.75, 22.75, 9999.0, 9999.0, 9999.0, 24.05, 9999.0, 22.5, 9999.0, 22.66, 22.48, 22.25, 22.25, 22.25
2026-09-13, 00:27:02, 22.27, 22.5, 22.75, 22.75, 9999.0, 9999.0, 9999.0, 24.0, 9999.0, 22.5, 9999.0, 22.66, 22.48, 22.25, 22.25, 22.25
2026-09-13, 00:27:06, 22.27, 22.5, 22.75, 22.75, 9999.0, 9999.0, 9999.0, 23.95, 9999.0, 22.45, 9999.0, 22.66, 22.48, 22.25, 22.25, 22.25
2026-09-13, 00:27:10, 22.27, 22.5, 22.75, 22.75, 9999.0, 9999.0, 9999.0, 23.91, 9999.0, 22.43, 9999.0, 22.66, 22.48, 22.25, 22.25, 22.25
2026-09-13, 00:27:14, 22.27, 22.5, 22.75, 22.75, 9999.0, 9999.0, 9999.0, 23.89, 9999.0, 22.43, 9999.0, 22.68, 22.48, 22.25, 22.25, 22.25
2026-09-13, 00:27:18, 22.27, 22.5, 22.75, 22.75, 9999.0, 9999.0, 9999.0, 23.84, 9999.0, 22.43, 9999.0, 22.68, 22.48, 22.25, 22.25, 22.25
2026-09-13, 00:27:23, 22.27, 22.5, 22.75, 22.75, 9999.0, 9999.0, 9999.0, 23.82, 9999.0, 22.43, 9999.0, 22.7, 22.48, 22.25, 22.25, 22.25
2026-09-13, 00:27:27, 22.27, 22.5, 22.75, 22.75, 9999.0, 9999.0, 9999.0, 23.77, 9999.0, 22.45, 9999.0, 22.7, 22.48, 22.25, 22.25, 22.25
2026-09-13, 00:27:31, 22.25, 22.5, 22.75, 22.75, 9999.0, 9999.0, 9999.0, 23.73, 9999.0, 22.48, 9999.0, 22.73, 22.48, 22.25, 22.25, 22.25
2026-09-13, 00:27:35, 22.25, 22.5, 22.75, 22.75, 9999.0, 9999.0, 9999.0, 23.75, 9999.0, 22.52, 9999.0, 22.75, 22.48, 22.25, 22.25, 22.25
2026-09-13, 00:27:39, 22.25, 22.5, 22.75, 22.75, 9999.0, 9999.0, 9999.0, 23.77, 9999.0, 22.52, 9999.0, 22.73, 22.5, 22.25, 22.25, 22.25
2026-09-13, 00:27:43, 22.25, 22.5, 22.75, 22.75, 9999.0, 9999.0, 9999.0, 23.82, 9999.0, 22.52, 9999.0, 22.7, 22.5, 22.25, 22.25, 22.25
2026-09-13, 00:27:47, 22.25, 22.5, 22.75, 22.75, 9999.0, 9999.0, 9999.0, 23.86, 9999.0, 22.52, 9999.0, 22.7, 22.5, 22.25, 22.25, 22.25
2026-09-13, 00:27:51, 22.25, 22.5, 22.75, 22.75, 9999.0, 9999.0, 9999.0, 23.91, 9999.0, 22.55, 9999.0, 22.7, 22.5, 22.25, 22.25, 22.25
2026-09-13, 00:27:55, 22.25, 22.5, 22.75, 22.75, 9999.0, 9999.0, 9999.0, 23.93, 9999.0, 22.57, 9999.0, 22.68, 22.5, 22.25, 22.25, 22.25
2026-09-13, 00:27:59, 22.25, 22.5, 22.75, 22.75, 9999.0, 9999.0, 9999.0, 23.95, 9999.0, 22.57, 9999.0, 22.66, 22.5, 22.25, 22.25, 22.25
2026-09-13, 00:28:03, 22.25, 22.5, 22.75, 22.75, 9999.0, 9999.0, 9999.0, 24.0, 9999.0, 22.57, 9999.0, 22.64, 22.5, 22.25, 22.25, 22.25
2026-09-13, 00:28:07, 22.25, 22.5, 22.75, 22.75, 9999.0, 9999.0, 9999.0, 24.02, 9999.0, 22.55, 9999.0, 22.61, 22.5, 22.25, 22.25, 22.25
2026-09-13, 00:28:11, 22.25, 22.5, 22.75, 22.75, 9999.0, 9999.0, 9999.0, 24.05, 9999.0, 22.5, 9999.0, 22.61, 22.5, 22.25, 22.25, 22.25
2026-09-13, 00:28:15, 22.25, 22.5, 22.75, 22.75, 9999.0, 9999.0, 9999.0, 24.07, 9999.0, 22.45, 9999.0, 22.61, 22.5, 22.25, 22.25, 22.25
2026-09-13, 00:28:19, 22.25, 22.5, 22.75, 22.75, 9999.0, 9999.0, 9999.0, 24.02, 9999.0, 22.41, 9999.0, 22.61, 22.5, 22.25, 22.25, 22.25
2026-09-13, 00:28:23, 22.25, 22.5, 22.75, 22.75, 9999.0, 9999.0, 9999.0, 23.98, 9999.0, 22.39, 9999.0, 22.64, 22.5, 22.25, 22.25, 22.25
2026-09-13, 00:28:27, 22.25, 22.5, 22.75, 22.75, 9999.0, 9999.0, 9999.0, 23.93, 9999.0, 22.36, 9999.0, 22.68, 22.5, 22.25, 22.25, 22.25
2026-09-13, 00:28:31, 22.25, 22.5, 22.75, 22.75, 9999.0, 9999.0, 9999.0, 23.89, 9999.0, 22.34, 9999.0, 22.7, 22.5, 22.25, 22.25, 22.25
2026-09-13, 00:28:35, 22.25, 22.5, 22.75, 22.75, 9999.0, 9999.0, 9999.0, 23.82, 9999.0, 22.34, 9999.0, 22.7, 22.5, 22.25, 22.25, 22.25
2026-09-13, 00:28:39, 22.25, 22.5, 22.75, 22.75, 9999.0, 9999.0, 9999.0, 23.77, 9999.0, 22.34, 9999.0, 22.73, 22.5, 22.27, 22.25, 22.25
2026-09-13, 00:28:43, 22.27, 22.5, 22.75, 22.75, 9999.0, 9999.0, 9999.0, 23.73, 9999.0, 22.34, 9999.0, 22.75, 22.5, 22.27, 22.25, 22.25
2026-09-13, 00:28:47, 22.27, 22.5, 22.75, 22.75, 9999.0, 9999.0, 9999.0, 23.68, 9999.0, 22.36, 9999.0, 22.77, 22.5, 22.27, 22.25, 22.25
2026-09-13, 00:28:51, 22.3, 22.5, 22.75, 22.75, 9999.0, 9999.0, 9999.0, 23.64, 9999.0, 22.41, 9999.0, 22.8, 22.5, 22.27, 22.25, 22.25
2026-09-13, 00:28:55, 22.3, 22.5, 22.75, 22.75, 9999.0, 9999.0, 9999.0, 23.68, 9999.0, 22.43, 9999.0, 22.8, 22.5, 22.27, 22.25, 22.25
2026-09-13, 00:28:59, 22.3, 22.5, 22.75, 22.75, 9999.0, 9999.0, 9999.0, 23.73, 9999.0, 22.45, 9999.0, 22.8, 22.5, 22.27, 22.25, 22.25
2026-09-13, 00:29:03, 22.3, 22.5, 22.75, 22.75, 9999.0, 9999.0, 9999.0, 23.77, 9999.0, 22.48, 9999.0, 22.8, 22.5, 22.27, 22.25, 22.25
2026-09-13, 00:29:07, 22.3, 22.5, 22.75, 22.75, 9999.0, 9999.0, 9999.0, 23.8, 9999.0, 22.5, 9999.0, 22.8, 22.5, 22.27, 22.25, 22.25
2026-09-13, 00:29:11, 22.3, 22.5, 22.75, 22.75, 9999.0, 9999.0, 9999.0, 23.82, 9999.0, 22.52, 9999.0, 22.77, 22.5, 22.27, 22.25, 22.25
2026-09-13, 00:29:15, 22.3, 22.5, 22.75, 22.75, 9999.0, 9999.0, 9999.0, 23.84, 9999.0, 22.55, 9999.0, 22.75, 22.5, 22.27, 22.25, 22.25
2026-09-13, 00:29:19, 22.3, 22.5, 22.75, 22.75, 9999.0, 9999.0, 9999.0, 23.89, 9999.0, 22.55, 9999.0, 22.75, 22.5, 22.27, 22.25, 22.25
2026-09-13, 00:29:23, 22.3, 22.5, 22.75, 22.75, 9999.0, 9999.0, 9999.0, 23.91, 9999.0, 22.52, 9999.0, 22.73, 22.5, 22.25, 22.25, 22.25
2026-09-13, 00:29:27, 22.27, 22.5, 22.75, 22.75, 9999.0, 9999.0, 9999.0, 23.93, 9999.0, 22.52, 9999.0, 22.7, 22.5, 22.25, 22.25, 22.25
2026-09-13, 00:29:31, 22.27, 22.5, 22.75, 22.75, 9999.0, 9999.0, 9999.0, 23.95, 9999.0, 22.48, 9999.0, 22.7, 22.5, 22.25, 22.25, 22.25
2026-09-13, 00:29:35, 22.27, 22.5, 22.75, 22.75, 9999.0, 9999.0, 9999.0, 23.98, 9999.0, 22.43, 9999.0, 22.7, 22.5, 22.25, 22.25, 22.25
2026-09-13, 00:29:39, 22.27, 22.5, 22.75, 22.75, 9999.0, 9999.0, 9999.0, 23.93, 9999.0, 22.41, 9999.0, 22.7, 22.5, 22.25, 22.27, 22.25
2026-09-13, 00:29:43, 22.27, 22.5, 22.75, 22.75, 9999.0, 9999.0, 9999.0, 23.86, 9999.0, 22.39, 9999.0, 22.7, 22.5, 22.25, 22.27, 22.25
2026-09-13, 00:29:47, 22.3, 22.5, 22.75, 22.75, 9999.0, 9999.0, 9999.0, 23.8, 9999.0, 22.36, 9999.0, 22.7, 22.5, 22.25, 22.27, 22.25
2026-09-13, 00:29:51, 22.3, 22.5, 22.75, 22.75, 9999.0, 9999.0, 9999.0, 23.75, 9999.0, 22.36, 9999.0, 22.7, 22.5, 22.25, 22.27, 22.25
2026-09-13, 00:29:55, 22.3, 22.5, 22.75, 22.75, 9999.0, 9999.0, 9999.0, 23.7, 9999.0, 22.36, 9999.0, 22.7, 22.5, 22.25, 22.27, 22.25
2026-09-13, 00:29:59, 22.3, 22.5, 22.75, 22.75, 9999.0, 9999.0, 9999.0, 23.66, 9999.0, 22.36, 9999.0, 22.7, 22.5, 22.25, 22.27, 22.25
2026-09-13, 00:30:03, 22.3, 22.5, 22.75, 22.75, 9999.0, 9999.0, 9999.0, 23.59, 9999.0, 22.36, 9999.0, 22.7, 22.5, 22.25, 22.27, 22.25
2026-09-13, 00:30:07, 22.3, 22.5, 22.75, 22.75, 9999.0, 9999.0, 9999.0, 23.57, 9999.0, 22.39, 9999.0, 22.73, 22.5, 22.25, 22.27, 22.25
2026-09-13, 00:30:11, 22.32, 22.5, 22.75, 22.75, 9999.0, 9999.0, 9999.0, 23.61, 9999.0, 22.39, 9999.0, 22.75, 22.5, 22.25, 22.27, 22.25
2026-09-13, 00:30:15, 22.32, 22.5, 22.75, 22.75, 9999.0, 9999.0, 9999.0, 23.66, 9999.0, 22.41, 9999.0, 22.75, 22.5, 22.25, 22.27, 22.25
2026-09-13, 00:30:19, 22.3, 22.5, 22.75, 22.75, 9999.0, 9999.0, 9999.0, 23.7, 9999.0, 22.43, 9999.0, 22.75, 22.5, 22.25, 22.27, 22.25
2026-09-13, 00:30:23, 22.3, 22.5, 22.75, 22.75, 9999.0, 9999.0, 9999.0, 23.73, 9999.0, 22.45, 9999.0, 22.75, 22.5, 22.25, 22.25, 22.25
2026-09-13, 00:30:27, 22.32, 22.5, 22.75, 22.75, 9999.0, 9999.0, 9999.0, 23.77, 9999.0, 22.48, 9999.0, 22.73, 22.5, 22.25, 22.25, 22.27
2026-09-13, 00:30:32, 22.3, 22.5, 22.75, 22.75, 9999.0, 9999.0, 9999.0, 23.82, 9999.0, 22.48, 9999.0, 22.73, 22.5, 22.25, 22.25, 22.27
2026-09-13, 00:30:36, 22.3, 22.5, 22.75, 22.75, 9999.0, 9999.0, 9999.0, 23.86, 9999.0, 22.45, 9999.0, 22.7, 22.5, 22.25, 22.25, 22.27
2026-09-13, 00:30:40, 22.3, 22.5, 22.75, 22.75, 9999.0, 9999.0, 9999.0, 23.89, 9999.0, 22.43, 9999.0, 22.68, 22.5, 22.25, 22.25, 22.27
2026-09-13, 00:30:44, 22.3, 22.5, 22.75, 22.75, 9999.0, 9999.0, 9999.0, 23.91, 9999.0, 22.41, 9999.0, 22.66, 22.5, 22.25, 22.25, 22.27
2026-09-13, 00:30:48, 22.3, 22.5, 22.75, 22.75, 9999.0, 9999.0, 9999.0, 23.98, 9999.0, 22.39, 9999.0, 22.64, 22.5, 22.25, 22.25, 22.27
2026-09-13, 00:30:52, 22.3, 22.5, 22.75, 22.75, 9999.0, 9999.0, 9999.0, 24.0, 9999.0, 22.36, 9999.0, 22.64, 22.5, 22.25, 22.25, 22.27
2026-09-13, 00:30:56, 22.27, 22.5, 22.75, 22.75, 9999.0, 9999.0, 9999.0, 23.95, 9999.0, 22.34, 9999.0, 22.64, 22.5, 22.25, 22.25, 22.27
2026-09-13, 00:31:00, 22.27, 22.5, 22.75, 22.75, 9999.0, 9999.0, 9999.0, 23.91, 9999.0, 22.32, 9999.0, 22.64, 22.5, 22.25, 22.25, 22.27
2026-09-13, 00:31:04, 22.27, 22.5, 22.75, 22.75, 9999.0, 9999.0, 9999.0, 23.84, 9999.0, 22.3, 9999.0, 22.64, 22.5, 22.25, 22.25, 22.27
2026-09-13, 00:31:08, 22.27, 22.5, 22.75, 22.75, 9999.0, 9999.0, 9999.0, 23.82, 9999.0, 22.27, 9999.0, 22.64, 22.5, 22.25, 22.25, 22.27
2026-09-13, 00:31:12, 22.25, 22.5, 22.75, 22.75, 9999.0, 9999.0, 9999.0, 23.77, 9999.0, 22.27, 9999.0, 22.68, 22.5, 22.25, 22.25, 22.25
2026-09-13, 00:31:16, 22.25, 22.5, 22.75, 22.75, 9999.0, 9999.0, 9999.0, 23.73, 9999.0, 22.3, 9999.0, 22.68, 22.5, 22.25, 22.25, 22.25
2026-09-13, 00:31:20, 22.27, 22.5, 22.75, 22.75, 9999.0, 9999.0, 9999.0, 23.68, 9999.0, 22.32, 9999.0, 22.7, 22.5, 22.25, 22.25, 22.25
2026-09-13, 00:31:24, 22.27, 22.5, 22.75, 22.75, 9999.0, 9999.0, 9999.0, 23.66, 9999.0, 22.36, 9999.0, 22.73, 22.5, 22.25, 22.25, 22.25
2026-09-13, 00:31:28, 22.27, 22.5, 22.75, 22.75, 9999.0, 9999.0, 9999.0, 23.61, 9999.0, 22.39, 9999.0, 22.75, 22.5, 22.25, 22.25, 22.25
2026-09-13, 00:31:32, 22.27, 22.5, 22.75, 22.75, 9999.0, 9999.0, 9999.0, 23.61, 9999.0, 22.41, 9999.0, 22.77, 22.5, 22.25, 22.25, 22.25
2026-09-13, 00:31:36, 22.27, 22.5, 22.75, 22.75, 9999.0, 9999.0, 9999.0, 23.64, 9999.0, 22.43, 9999.0, 22.77, 22.5, 22.25, 22.25, 22.25
2026-09-13, 00:31:40, 22.27, 22.5, 22.75, 22.75, 9999.0, 9999.0, 9999.0, 23.66, 9999.0, 22.45, 9999.0, 22.77, 22.5, 22.25, 22.25, 22.25
2026-09-13, 00:31:44, 22.27, 22.5, 22.75, 22.75, 9999.0, 9999.0, 9999.0, 23.68, 9999.0, 22.48, 9999.0, 22.77, 22.5, 22.25, 22.25, 22.25
2026-09-13, 00:31:48, 22.27, 22.5, 22.75, 22.75, 9999.0, 9999.0, 9999.0, 23.73, 9999.0, 22.48, 9999.0, 22.77, 22.5, 22.25, 22.25, 22.25
2026-09-13, 00:31:52, 22.27, 22.5, 22.75, 22.75, 9999.0, 9999.0, 9999.0, 23.75, 9999.0, 22.48, 9999.0, 22.75, 22.5, 22.25, 22.25, 22.25
2026-09-13, 00:31:56, 22.27, 22.5, 22.75, 22.75, 9999.0, 9999.0, 9999.0, 23.8, 9999.0, 22.45, 9999.0, 22.7, 22.5, 22.25, 22.25, 22.25
2026-09-13, 00:32:00, 22.3, 22.5, 22.75, 22.75, 9999.0, 9999.0, 9999.0, 23.84, 9999.0, 22.43, 9999.0, 22.68, 22.5, 22.25, 22.25, 22.25
2026-09-13, 00:32:04, 22.27, 22.5, 22.75, 22.75, 9999.0, 9999.0, 9999.0, 23.89, 9999.0, 22.41, 9999.0, 22.66, 22.5, 22.25, 22.25, 22.25
2026-09-13, 00:32:08, 22.27, 22.5, 22.75, 22.75, 9999.0, 9999.0, 9999.0, 23.91, 9999.0, 22.36, 9999.0, 22.66, 22.5, 22.25, 22.25, 22.25
2026-09-13, 00:32:12, 22.3, 22.5, 22.75, 22.75, 9999.0, 9999.0, 9999.0, 23.95, 9999.0, 22.34, 9999.0, 22.66, 22.5, 22.25, 22.25, 22.25
2026-09-13, 00:32:16, 22.3, 22.5, 22.75, 22.75, 9999.0, 9999.0, 9999.0, 23.93, 9999.0, 22.32, 9999.0, 22.66, 22.5, 22.25, 22.25, 22.25
2026-09-13, 00:32:20, 22.3, 22.5, 22.75, 22.75, 9999.0, 9999.0, 9999.0, 23.91, 9999.0, 22.3, 9999.0, 22.68, 22.5, 22.25, 22.25, 22.25
2026-09-13, 00:32:24, 22.3, 22.5, 22.75, 22.75, 9999.0, 9999.0, 9999.0, 23.89, 9999.0, 22.27, 9999.0, 22.68, 22.5, 22.25, 22.25, 22.25
2026-09-13, 00:32:28, 22.3, 22.5, 22.75, 22.75, 9999.0, 9999.0, 9999.0, 23.84, 9999.0, 22.25, 9999.0, 22.68, 22.5, 22.25, 22.25, 22.25
2026-09-13, 00:32:32, 22.3, 22.5, 22.75, 22.75, 9999.0, 9999.0, 9999.0, 23.8, 9999.0, 22.27, 9999.0, 22.68, 22.5, 22.25, 22.25, 22.25
2026-09-13, 00:32:36, 22.3, 22.5, 22.75, 22.75, 9999.0, 9999.0, 9999.0, 23.75, 9999.0, 22.3, 9999.0, 22.7, 22.5, 22.25, 22.25, 22.25
2026-09-13, 00:32:40, 22.3, 22.5, 22.75, 22.75, 9999.0, 9999.0, 9999.0, 23.7, 9999.0, 22.32, 9999.0, 22.73, 22.5, 22.25, 22.27, 22.25
2026-09-13, 00:32:44, 22.27, 22.5, 22.75, 22.75, 9999.0, 9999.0, 9999.0, 23.64, 9999.0, 22.34, 9999.0, 22.75, 22.5, 22.25, 22.3, 22.25
2026-09-13, 00:32:48, 22.27, 22.5, 22.75, 22.75, 9999.0, 9999.0, 9999.0, 23.57, 9999.0, 22.36, 9999.0, 22.77, 22.5, 22.25, 22.32, 22.25
2026-09-13, 00:32:52, 22.27, 22.5, 22.75, 22.75, 9999.0, 9999.0, 9999.0, 23.59, 9999.0, 22.39, 9999.0, 22.77, 22.5, 22.25, 22.32, 22.25
2026-09-13, 00:32:56, 22.25, 22.48, 22.75, 22.75, 9999.0, 9999.0, 9999.0, 23.64, 9999.0, 22.41, 9999.0, 22.77, 22.5, 22.25, 22.32, 22.25
2026-09-13, 00:33:00, 22.25, 22.48, 22.75, 22.75, 9999.0, 9999.0, 9999.0, 23.66, 9999.0, 22.43, 9999.0, 22.77, 22.5, 22.25, 22.32, 22.25
2026-09-13, 00:33:04, 22.25, 22.48, 22.75, 22.75, 9999.0, 9999.0, 9999.0, 23.68, 9999.0, 22.45, 9999.0, 22.75, 22.5, 22.25, 22.32, 22.25
2026-09-13, 00:33:08, 22.25, 22.48, 22.75, 22.75, 9999.0, 9999.0, 9999.0, 23.7, 9999.0, 22.45, 9999.0, 22.73, 22.5, 22.25, 22.32, 22.25
2026-09-13, 00:33:12, 22.25, 22.48, 22.75, 22.75, 9999.0, 9999.0, 9999.0, 23.73, 9999.0, 22.45, 9999.0, 22.7, 22.5, 22.25, 22.32, 22.25
2026-09-13, 00:33:16, 22.25, 22.48, 22.75, 22.75, 9999.0, 9999.0, 9999.0, 23.75, 9999.0, 22.43, 9999.0, 22.68, 22.5, 22.25, 22.32, 22.25
2026-09-13, 00:33:20, 22.25, 22.48, 22.75, 22.75, 9999.0, 9999.0, 9999.0, 23.77, 9999.0, 22.41, 9999.0, 22.68, 22.5, 22.25, 22.32, 22.25
2026-09-13, 00:33:24, 22.25, 22.48, 22.75, 22.75, 9999.0, 9999.0, 9999.0, 23.8, 9999.0, 22.39, 9999.0, 22.66, 22.5, 22.25, 22.3, 22.25
2026-09-13, 00:33:28, 22.25, 22.48, 22.75, 22.75, 9999.0, 9999.0, 9999.0, 23.84, 9999.0, 22.36, 9999.0, 22.66, 22.5, 22.25, 22.27, 22.25
2026-09-13, 00:33:32, 22.25, 22.48, 22.75, 22.75, 9999.0, 9999.0, 9999.0, 23.89, 9999.0, 22.34, 9999.0, 22.66, 22.5, 22.25, 22.25, 22.25
2026-09-13, 00:33:36, 22.25, 22.48, 22.75, 22.75, 9999.0, 9999.0, 9999.0, 23.86, 9999.0, 22.3, 9999.0, 22.66, 22.5, 22.25, 22.25, 22.25
2026-09-13, 00:33:40, 22.25, 22.5, 22.75, 22.75, 9999.0, 9999.0, 9999.0, 23.82, 9999.0, 22.27, 9999.0, 22.68, 22.5, 22.25, 22.25, 22.25
2026-09-13, 00:33:44, 22.27, 22.5, 22.75, 22.75, 9999.0, 9999.0, 9999.0, 23.77, 9999.0, 22.23, 9999.0, 22.68, 22.5, 22.25, 22.25, 22.27
2026-09-13, 00:33:49, 22.27, 22.5, 22.75, 22.75, 9999.0, 9999.0, 9999.0, 23.73, 9999.0, 22.2, 9999.0, 22.68, 22.5, 22.25, 22.25, 22.27
2026-09-13, 00:33:53, 22.27, 22.5, 22.75, 22.75, 9999.0, 9999.0, 9999.0, 23.68, 9999.0, 22.2, 9999.0, 22.7, 22.5, 22.25, 22.25, 22.27
2026-09-13, 00:33:57, 22.27, 22.5, 22.75, 22.75, 9999.0, 9999.0, 9999.0, 23.66, 9999.0, 22.2, 9999.0, 22.73, 22.5, 22.25, 22.25, 22.27
2026-09-13, 00:34:01, 22.27, 22.5, 22.75, 22.75, 9999.0, 9999.0, 9999.0, 23.64, 9999.0, 22.23, 9999.0, 22.75, 22.5, 22.25, 22.25, 22.27
2026-09-13, 00:34:05, 22.27, 22.5, 22.75, 22.75, 9999.0, 9999.0, 9999.0, 23.59, 9999.0, 22.25, 9999.0, 22.75, 22.5, 22.25, 22.25, 22.27
2026-09-13, 00:34:09, 22.27, 22.48, 22.75, 22.75, 9999.0, 9999.0, 9999.0, 23.64, 9999.0, 22.27, 9999.0, 22.77, 22.5, 22.25, 22.25, 22.27
2026-09-13, 00:34:13, 22.27, 22.48, 22.75, 22.75, 9999.0, 9999.0, 9999.0, 23.66, 9999.0, 22.27, 9999.0, 22.77, 22.5, 22.25, 22.25, 22.27
2026-09-13, 00:34:17, 22.3, 22.48, 22.75, 22.75, 9999.0, 9999.0, 9999.0, 23.68, 9999.0, 22.27, 9999.0, 22.77, 22.5, 22.25, 22.25, 22.27
2026-09-13, 00:34:21, 22.3, 22.48, 22.75, 22.75, 9999.0, 9999.0, 9999.0, 23.7, 9999.0, 22.3, 9999.0, 22.77, 22.5, 22.25, 22.25, 22.27
2026-09-13, 00:34:25, 22.3, 22.48, 22.75, 22.75, 9999.0, 9999.0, 9999.0, 23.73, 9999.0, 22.3, 9999.0, 22.73, 22.5, 22.25, 22.25, 22.27
2026-09-13, 00:34:29, 22.27, 22.48, 22.75, 22.75, 9999.0, 9999.0, 9999.0, 23.75, 9999.0, 22.32, 9999.0, 22.73, 22.5, 22.25, 22.25, 22.25
2026-09-13, 00:34:33, 22.27, 22.48, 22.75, 22.75, 9999.0, 9999.0, 9999.0, 23.77, 9999.0, 22.32, 9999.0, 22.7, 22.5, 22.25, 22.25, 22.25
2026-09-13, 00:34:37, 22.27, 22.48, 22.75, 22.75, 9999.0, 9999.0, 9999.0, 23.8, 9999.0, 22.32, 9999.0, 22.68, 22.5, 22.25, 22.25, 22.25
2026-09-13, 00:34:41, 22.27, 22.48, 22.75, 22.75, 9999.0, 9999.0, 9999.0, 23.82, 9999.0, 22.32, 9999.0, 22.66, 22.5, 22.25, 22.25, 22.25
2026-09-13, 00:34:45, 22.3, 22.48, 22.75, 22.75, 9999.0, 9999.0, 9999.0, 23.84, 9999.0, 22.3, 9999.0, 22.66, 22.5, 22.25, 22.25, 22.25
2026-09-13, 00:34:49, 22.3, 22.48, 22.75, 22.75, 9999.0, 9999.0, 9999.0, 23.89, 9999.0, 22.27, 9999.0, 22.66, 22.5, 22.25, 22.25, 22.25
2026-09-13, 00:34:53, 22.3, 22.5, 22.75, 22.75, 9999.0, 9999.0, 9999.0, 23.84, 9999.0, 22.25, 9999.0, 22.66, 22.5, 22.25, 22.25, 22.25
2026-09-13, 00:34:57, 22.3, 22.5, 22.75, 22.75, 9999.0, 9999.0, 9999.0, 23.82, 9999.0, 22.25, 9999.0, 22.68, 22.5, 22.25, 22.25, 22.25
2026-09-13, 00:35:01, 22.3, 22.5, 22.75, 22.75, 9999.0, 9999.0, 9999.0, 23.77, 9999.0, 22.25, 9999.0, 22.7, 22.5, 22.25, 22.25, 22.25
2026-09-13, 00:35:05, 22.3, 22.5, 22.75, 22.75, 9999.0, 9999.0, 9999.0, 23.73, 9999.0, 22.25, 9999.0, 22.73, 22.5, 22.25, 22.25, 22.25
2026-09-13, 00:35:09, 22.3, 22.5, 22.75, 22.75, 9999.0, 9999.0, 9999.0, 23.68, 9999.0, 22.25, 9999.0, 22.75, 22.5, 22.25, 22.25, 22.25
2026-09-13, 00:35:13, 22.3, 22.5, 22.75, 22.75, 9999.0, 9999.0, 9999.0, 23.66, 9999.0, 22.25, 9999.0, 22.75, 22.5, 22.25, 22.25, 22.25
2026-09-13, 00:35:17, 22.3, 22.5, 22.75, 22.75, 9999.0, 9999.0, 9999.0, 23.64, 9999.0, 22.27, 9999.0, 22.77, 22.5, 22.25, 22.25, 22.25
2026-09-13, 00:35:21, 22.3, 22.5, 22.75, 22.75, 9999.0, 9999.0, 9999.0, 23.59, 9999.0, 22.3, 9999.0, 22.8, 22.5, 22.25, 22.25, 22.25
2026-09-13, 00:35:25, 22.3, 22.5, 22.75, 22.75, 9999.0, 9999.0, 9999.0, 23.55, 9999.0, 22.3, 9999.0, 22.82, 22.5, 22.25, 22.27, 22.25
2026-09-13, 00:35:29, 22.27, 22.5, 22.75, 22.75, 9999.0, 9999.0, 9999.0, 23.59, 9999.0, 22.3, 9999.0, 22.82, 22.5, 22.25, 22.27, 22.25
2026-09-13, 00:35:33, 22.27, 22.5, 22.75, 22.75, 9999.0, 9999.0, 9999.0, 23.64, 9999.0, 22.3, 9999.0, 22.82, 22.5, 22.25, 22.27, 22.25
2026-09-13, 00:35:37, 22.27, 22.5, 22.75, 22.75, 9999.0, 9999.0, 9999.0, 23.66, 9999.0, 22.3, 9999.0, 22.82, 22.5, 22.25, 22.27, 22.25
2026-09-13, 00:35:41, 22.27, 22.5, 22.75, 22.75, 9999.0, 9999.0, 9999.0, 23.68, 9999.0, 22.3, 9999.0, 22.8, 22.5, 22.25, 22.3, 22.25
2026-09-13, 00:35:45, 22.25, 22.5, 22.75, 22.75, 9999.0, 9999.0, 9999.0, 23.7, 9999.0, 22.3, 9999.0, 22.77, 22.5, 22.25, 22.3, 22.25
2026-09-13, 00:35:49, 22.25, 22.5, 22.75, 22.75, 9999.0, 9999.0, 9999.0, 23.73, 9999.0, 22.3, 9999.0, 22.73, 22.5, 22.25, 22.32, 22.25
2026-09-13, 00:35:53, 22.25, 22.5, 22.75, 22.75, 9999.0, 9999.0, 9999.0, 23.75, 9999.0, 22.27, 9999.0, 22.73, 22.5, 22.25, 22.32, 22.25
2026-09-13, 00:35:57, 22.25, 22.5, 22.75, 22.75, 9999.0, 9999.0, 9999.0, 23.77, 9999.0, 22.27, 9999.0, 22.7, 22.5, 22.25, 22.32, 22.25
2026-09-13, 00:36:01, 22.25, 22.5, 22.75, 22.75, 9999.0, 9999.0, 9999.0, 23.8, 9999.0, 22.25, 9999.0, 22.68, 22.5, 22.25, 22.32, 22.25
2026-09-13, 00:36:05, 22.25, 22.5, 22.75, 22.75, 9999.0, 9999.0, 9999.0, 23.84, 9999.0, 22.23, 9999.0, 22.68, 22.5, 22.25, 22.32, 22.25
2026-09-13, 00:36:09, 22.25, 22.5, 22.75, 22.75, 9999.0, 9999.0, 9999.0, 23.89, 9999.0, 22.23, 9999.0, 22.68, 22.5, 22.25, 22.3, 22.25
2026-09-13, 00:36:13, 22.25, 22.5, 22.75, 22.75, 9999.0, 9999.0, 9999.0, 23.82, 9999.0, 22.23, 9999.0, 22.68, 22.5, 22.25, 22.3, 22.25
2026-09-13, 00:36:17, 22.25, 22.5, 22.75, 22.75, 9999.0, 9999.0, 9999.0, 23.75, 9999.0, 22.2, 9999.0, 22.7, 22.5, 22.25, 22.32, 22.25
2026-09-13, 00:36:21, 22.25, 22.5, 22.75, 22.75, 9999.0, 9999.0, 9999.0, 23.7, 9999.0, 22.18, 9999.0, 22.7, 22.5, 22.25, 22.34, 22.25
2026-09-13, 00:36:25, 22.25, 22.5, 22.75, 22.75, 9999.0, 9999.0, 9999.0, 23.66, 9999.0, 22.18, 9999.0, 22.7, 22.5, 22.25, 22.34, 22.25
2026-09-13, 00:36:29, 22.25, 22.5, 22.75, 22.75, 9999.0, 9999.0, 9999.0, 23.64, 9999.0, 22.18, 9999.0, 22.7, 22.48, 22.25, 22.34, 22.27
2026-09-13, 00:36:33, 22.25, 22.5, 22.75, 22.75, 9999.0, 9999.0, 9999.0, 23.61, 9999.0, 22.18, 9999.0, 22.73, 22.48, 22.25, 22.32, 22.27
2026-09-13, 00:36:37, 22.27, 22.5, 22.75, 22.75, 9999.0, 9999.0, 9999.0, 23.59, 9999.0, 22.23, 9999.0, 22.73, 22.48, 22.25, 22.32, 22.3
2026-09-13, 00:36:41, 22.3, 22.5, 22.75, 22.75, 9999.0, 9999.0, 9999.0, 23.55, 9999.0, 22.25, 9999.0, 22.75, 22.48, 22.25, 22.32, 22.32
2026-09-13, 00:36:45, 22.3, 22.5, 22.77, 22.75, 9999.0, 9999.0, 9999.0, 23.59, 9999.0, 22.27, 9999.0, 22.77, 22.48, 22.25, 22.32, 22.32
2026-09-13, 00:36:49, 22.32, 22.5, 22.77, 22.75, 9999.0, 9999.0, 9999.0, 23.61, 9999.0, 22.3, 9999.0, 22.77, 22.48, 22.25, 22.32, 22.32
2026-09-13, 00:36:53, 22.32, 22.5, 22.77, 22.75, 9999.0, 9999.0, 9999.0, 23.64, 9999.0, 22.3, 9999.0, 22.77, 22.48, 22.25, 22.34, 22.34
2026-09-13, 00:36:57, 22.32, 22.5, 22.77, 22.75, 9999.0, 9999.0, 9999.0, 23.68, 9999.0, 22.3, 9999.0, 22.77, 22.48, 22.25, 22.34, 22.36
2026-09-13, 00:37:01, 22.34, 22.5, 22.77, 22.75, 9999.0, 9999.0, 9999.0, 23.73, 9999.0, 22.32, 9999.0, 22.75, 22.48, 22.25, 22.32, 22.36
2026-09-13, 00:37:05, 22.34, 22.5, 22.77, 22.75, 9999.0, 9999.0, 9999.0, 23.75, 9999.0, 22.34, 9999.0, 22.73, 22.48, 22.25, 22.3, 22.36
2026-09-13, 00:37:09, 22.34, 22.5, 22.77, 22.75, 9999.0, 9999.0, 9999.0, 23.75, 9999.0, 22.32, 9999.0, 22.7, 22.48, 22.25, 22.3, 22.36
2026-09-13, 00:37:13, 22.34, 22.5, 22.77, 22.75, 9999.0, 9999.0, 9999.0, 23.77, 9999.0, 22.3, 9999.0, 22.68, 22.5, 22.25, 22.3, 22.34
2026-09-13, 00:37:17, 22.34, 22.5, 22.77, 22.75, 9999.0, 9999.0, 9999.0, 23.8, 9999.0, 22.3, 9999.0, 22.68, 22.5, 22.25, 22.3, 22.36
2026-09-13, 00:37:21, 22.32, 22.5, 22.77, 22.75, 9999.0, 9999.0, 9999.0, 23.8, 9999.0, 22.27, 9999.0, 22.68, 22.5, 22.25, 22.3, 22.34
2026-09-13, 00:37:25, 22.3, 22.5, 22.77, 22.75, 9999.0, 9999.0, 9999.0, 23.82, 9999.0, 22.25, 9999.0, 22.68, 22.5, 22.25, 22.3, 22.34
2026-09-13, 00:37:29, 22.3, 22.5, 22.75, 22.75, 9999.0, 9999.0, 9999.0, 23.75, 9999.0, 22.2, 9999.0, 22.68, 22.5, 22.25, 22.3, 22.34
2026-09-13, 00:37:33, 22.3, 22.5, 22.75, 22.75, 9999.0, 9999.0, 9999.0, 23.7, 9999.0, 22.16, 9999.0, 22.7, 22.5, 22.25, 22.3, 22.34
2026-09-13, 00:37:38, 22.3, 22.5, 22.75, 22.75, 9999.0, 9999.0, 9999.0, 23.66, 9999.0, 22.14, 9999.0, 22.7, 22.5, 22.25, 22.27, 22.32
2026-09-13, 00:37:42, 22.3, 22.5, 22.75, 22.75, 9999.0, 9999.0, 9999.0, 23.61, 9999.0, 22.14, 9999.0, 22.7, 22.5, 22.25, 22.27, 22.3
2026-09-13, 00:37:46, 22.3, 22.5, 22.75, 22.75, 9999.0, 9999.0, 9999.0, 23.57, 9999.0, 22.14, 9999.0, 22.7, 22.5, 22.25, 22.3, 22.32
2026-09-13, 00:37:50, 22.3, 22.5, 22.75, 22.75, 9999.0, 9999.0, 9999.0, 23.55, 9999.0, 22.14, 9999.0, 22.73, 22.5, 22.25, 22.32, 22.32
2026-09-13, 00:37:54, 22.32, 22.5, 22.75, 22.75, 9999.0, 9999.0, 9999.0, 23.55, 9999.0, 22.18, 9999.0, 22.75, 22.5, 22.25, 22.3, 22.34
2026-09-13, 00:37:58, 22.32, 22.5, 22.75, 22.75, 9999.0, 9999.0, 9999.0, 23.5, 9999.0, 22.23, 9999.0, 22.77, 22.5, 22.25, 22.3, 22.34
2026-09-13, 00:38:02, 22.34, 22.5, 22.75, 22.75, 9999.0, 9999.0, 9999.0, 23.45, 9999.0, 22.25, 9999.0, 22.77, 22.5, 22.25, 22.3, 22.34
2026-09-13, 00:38:06, 22.36, 22.5, 22.75, 22.75, 9999.0, 9999.0, 9999.0, 23.5, 9999.0, 22.27, 9999.0, 22.77, 22.5, 22.25, 22.32, 22.36
2026-09-13, 00:38:10, 22.36, 22.5, 22.75, 22.75, 9999.0, 9999.0, 9999.0, 23.52, 9999.0, 22.27, 9999.0, 22.77, 22.5, 22.25, 22.32, 22.34
2026-09-13, 00:38:14, 22.39, 22.5, 22.75, 22.75, 9999.0, 9999.0, 9999.0, 23.57, 9999.0, 22.3, 9999.0, 22.77, 22.5, 22.25, 22.34, 22.34
2026-09-13, 00:38:18, 22.39, 22.5, 22.75, 22.75, 9999.0, 9999.0, 9999.0, 23.61, 9999.0, 22.32, 9999.0, 22.75, 22.5, 22.25, 22.36, 22.34
2026-09-13, 00:38:22, 22.39, 22.5, 22.75, 22.75, 9999.0, 9999.0, 9999.0, 23.66, 9999.0, 22.34, 9999.0, 22.75, 22.5, 22.25, 22.39, 22.34
2026-09-13, 00:38:26, 22.39, 22.5, 22.75, 22.75, 9999.0, 9999.0, 9999.0, 23.7, 9999.0, 22.34, 9999.0, 22.75, 22.5, 22.25, 22.39, 22.34
2026-09-13, 00:38:30, 22.36, 22.5, 22.75, 22.75, 9999.0, 9999.0, 9999.0, 23.73, 9999.0, 22.34, 9999.0, 22.75, 22.5, 22.27, 22.39, 22.34
2026-09-13, 00:38:34, 22.36, 22.5, 22.75, 22.75, 9999.0, 9999.0, 9999.0, 23.75, 9999.0, 22.34, 9999.0, 22.73, 22.5, 22.27, 22.36, 22.34
2026-09-13, 00:38:38, 22.36, 22.5, 22.75, 22.75, 9999.0, 9999.0, 9999.0, 23.77, 9999.0, 22.32, 9999.0, 22.73, 22.5, 22.27, 22.36, 22.32
2026-09-13, 00:38:42, 22.36, 22.5, 22.75, 22.75, 9999.0, 9999.0, 9999.0, 23.82, 9999.0, 22.3, 9999.0, 22.73, 22.5, 22.27, 22.36, 22.32
2026-09-13, 00:38:46, 22.36, 22.5, 22.75, 22.77, 9999.0, 9999.0, 9999.0, 23.84, 9999.0, 22.27, 9999.0, 22.73, 22.5, 22.27, 22.36, 22.32
2026-09-13, 00:38:50, 22.34, 22.5, 22.75, 22.8, 9999.0, 9999.0, 9999.0, 23.8, 9999.0, 22.25, 9999.0, 22.73, 22.5, 22.27, 22.34, 22.3
2026-09-13, 00:38:54, 22.34, 22.5, 22.75, 22.82, 9999.0, 9999.0, 9999.0, 23.77, 9999.0, 22.25, 9999.0, 22.75, 22.5, 22.27, 22.34, 22.32
2026-09-13, 00:38:58, 22.34, 22.5, 22.75, 22.82, 9999.0, 9999.0, 9999.0, 23.73, 9999.0, 22.25, 9999.0, 22.77, 22.5, 22.27, 22.34, 22.32
2026-09-13, 00:39:02, 22.32, 22.5, 22.75, 22.82, 9999.0, 9999.0, 9999.0, 23.68, 9999.0, 22.25, 9999.0, 22.8, 22.5, 22.27, 22.34, 22.32
2026-09-13, 00:39:06, 22.32, 22.5, 22.75, 22.82, 9999.0, 9999.0, 9999.0, 23.64, 9999.0, 22.25, 9999.0, 22.8, 22.5, 22.27, 22.34, 22.32
2026-09-13, 00:39:10, 22.32, 22.5, 22.75, 22.82, 9999.0, 9999.0, 9999.0, 23.59, 9999.0, 22.27, 9999.0, 22.8, 22.5, 22.27, 22.36, 22.34
2026-09-13, 00:39:14, 22.32, 22.5, 22.75, 22.82, 9999.0, 9999.0, 9999.0, 23.57, 9999.0, 22.3, 9999.0, 22.8, 22.5, 22.25, 22.34, 22.34
2026-09-13, 00:39:18, 22.34, 22.5, 22.77, 22.82, 9999.0, 9999.0, 9999.0, 23.52, 9999.0, 22.32, 9999.0, 22.82, 22.5, 22.25, 22.36, 22.34
2026-09-13, 00:39:22, 22.34, 22.5, 22.77, 22.82, 9999.0, 9999.0, 9999.0, 23.55, 9999.0, 22.34, 9999.0, 22.82, 22.5, 22.25, 22.36, 22.34
2026-09-13, 00:39:26, 22.34, 22.5, 22.77, 22.82, 9999.0, 9999.0, 9999.0, 23.57, 9999.0, 22.36, 9999.0, 22.82, 22.5, 22.25, 22.36, 22.34
2026-09-13, 00:39:30, 22.32, 22.5, 22.77, 22.8, 9999.0, 9999.0, 9999.0, 23.61, 9999.0, 22.36, 9999.0, 22.82, 22.5, 22.25, 22.36, 22.32
2026-09-13, 00:39:34, 22.32, 22.5, 22.77, 22.77, 9999.0, 9999.0, 9999.0, 23.66, 9999.0, 22.39, 9999.0, 22.82, 22.5, 22.25, 22.39, 22.34
2026-09-13, 00:39:38, 22.32, 22.5, 22.77, 22.75, 9999.0, 9999.0, 9999.0, 23.68, 9999.0, 22.41, 9999.0, 22.8, 22.5, 22.25, 22.41, 22.32
2026-09-13, 00:39:42, 22.3, 22.5, 22.77, 22.75, 9999.0, 9999.0, 9999.0, 23.7, 9999.0, 22.43, 9999.0, 22.75, 22.5, 22.25, 22.39, 22.34
2026-09-13, 00:39:46, 22.3, 22.5, 22.77, 22.75, 9999.0, 9999.0, 9999.0, 23.73, 9999.0, 22.43, 9999.0, 22.7, 22.5, 22.25, 22.36, 22.36
2026-09-13, 00:39:50, 22.3, 22.5, 22.77, 22.75, 9999.0, 9999.0, 9999.0, 23.75, 9999.0, 22.45, 9999.0, 22.7, 22.5, 22.25, 22.34, 22.36
2026-09-13, 00:39:54, 22.3, 22.5, 22.77, 22.75, 9999.0, 9999.0, 9999.0, 23.77, 9999.0, 22.43, 9999.0, 22.68, 22.5, 22.25, 22.34, 22.34
2026-09-13, 00:39:58, 22.32, 22.5, 22.77, 22.75, 9999.0, 9999.0, 9999.0, 23.8, 9999.0, 22.41, 9999.0, 22.68, 22.5, 22.25, 22.34, 22.32
2026-09-13, 00:40:02, 22.3, 22.5, 22.75, 22.77, 9999.0, 9999.0, 9999.0, 23.84, 9999.0, 22.39, 9999.0, 22.68, 22.5, 22.25, 22.32, 22.32
2026-09-13, 00:40:06, 22.27, 22.5, 22.75, 22.77, 9999.0, 9999.0, 9999.0, 23.82, 9999.0, 22.36, 9999.0, 22.7, 22.5, 22.25, 22.32, 22.32
2026-09-13, 00:40:10, 22.3, 22.5, 22.75, 22.77, 9999.0, 9999.0, 9999.0, 23.77, 9999.0, 22.34, 9999.0, 22.73, 22.5, 22.25, 22.32, 22.32
2026-09-13, 00:40:14, 22.3, 22.5, 22.75, 22.77, 9999.0, 9999.0, 9999.0, 23.73, 9999.0, 22.34, 9999.0, 22.73, 22.5, 22.25, 22.32, 22.32
2026-09-13, 00:40:18, 22.32, 22.5, 22.77, 22.77, 9999.0, 9999.0, 9999.0, 23.68, 9999.0, 22.34, 9999.0, 22.73, 22.5, 22.25, 22.3, 22.3
2026-09-13, 00:40:22, 22.32, 22.5, 22.8, 22.77, 9999.0, 9999.0, 9999.0, 23.66, 9999.0, 22.34, 9999.0, 22.73, 22.5, 22.25, 22.3, 22.3
2026-09-13, 00:40:26, 22.32, 22.5, 22.8, 22.77, 9999.0, 9999.0, 9999.0, 23.64, 9999.0, 22.32, 9999.0, 22.75, 22.5, 22.25, 22.3, 22.3
2026-09-13, 00:40:30, 22.34, 22.5, 22.8, 22.77, 9999.0, 9999.0, 9999.0, 23.61, 9999.0, 22.34, 9999.0, 22.77, 22.5, 22.25, 22.3, 22.3
2026-09-13, 00:40:34, 22.34, 22.5, 22.8, 22.77, 9999.0, 9999.0, 9999.0, 23.57, 9999.0, 22.34, 9999.0, 22.77, 22.5, 22.27, 22.3, 22.32
2026-09-13, 00:40:38, 22.34, 22.5, 22.82, 22.77, 9999.0, 9999.0, 9999.0, 23.61, 9999.0, 22.36, 9999.0, 22.8, 22.5, 22.3, 22.3, 22.34
2026-09-13, 00:40:42, 22.32, 22.5, 22.82, 22.77, 9999.0, 9999.0, 9999.0, 23.64, 9999.0, 22.39, 9999.0, 22.8, 22.5, 22.3, 22.3, 22.34
2026-09-13, 00:40:46, 22.32, 22.5, 22.82, 22.75, 9999.0, 9999.0, 9999.0, 23.68, 9999.0, 22.41, 9999.0, 22.8, 22.5, 22.3, 22.3, 22.34
2026-09-13, 00:40:50, 22.32, 22.5, 22.82, 22.75, 9999.0, 9999.0, 9999.0, 23.7, 9999.0, 22.43, 9999.0, 22.77, 22.5, 22.3, 22.3, 22.34
2026-09-13, 00:40:54, 22.32, 22.5, 22.82, 22.75, 9999.0, 9999.0, 9999.0, 23.75, 9999.0, 22.43, 9999.0, 22.73, 22.5, 22.3, 22.3, 22.34
2026-09-13, 00:40:58, 22.32, 22.5, 22.82, 22.75, 9999.0, 9999.0, 9999.0, 23.77, 9999.0, 22.43, 9999.0, 22.73, 22.5, 22.3, 22.3, 22.34
2026-09-13, 00:41:02, 22.3, 22.5, 22.8, 22.75, 9999.0, 9999.0, 9999.0, 23.82, 9999.0, 22.41, 9999.0, 22.73, 22.5, 22.3, 22.3, 22.34
2026-09-13, 00:41:06, 22.3, 22.5, 22.77, 22.75, 9999.0, 9999.0, 9999.0, 23.84, 9999.0, 22.39, 9999.0, 22.73, 22.5, 22.3, 22.27, 22.34
2026-09-13, 00:41:10, 22.3, 22.5, 22.77, 22.75, 9999.0, 9999.0, 9999.0, 23.86, 9999.0, 22.39, 9999.0, 22.7, 22.5, 22.3, 22.27, 22.32
2026-09-13, 00:41:14, 22.27, 22.5, 22.77, 22.75, 9999.0, 9999.0, 9999.0, 23.89, 9999.0, 22.36, 9999.0, 22.68, 22.5, 22.3, 22.27, 22.3
2026-09-13, 00:41:18, 22.27, 22.5, 22.77, 22.75, 9999.0, 9999.0, 9999.0, 23.93, 9999.0, 22.34, 9999.0, 22.68, 22.5, 22.27, 22.27, 22.27
2026-09-13, 00:41:23, 22.27, 22.5, 22.75, 22.75, 9999.0, 9999.0, 9999.0, 23.89, 9999.0, 22.32, 9999.0, 22.68, 22.5, 22.25, 22.25, 22.25
2026-09-13, 00:41:27, 22.27, 22.5, 22.75, 22.75, 9999.0, 9999.0, 9999.0, 23.84, 9999.0, 22.3, 9999.0, 22.7, 22.5, 22.25, 22.25, 22.25
2026-09-13, 00:41:31, 22.27, 22.5, 22.75, 22.77, 9999.0, 9999.0, 9999.0, 23.77, 9999.0, 22.27, 9999.0, 22.73, 22.5, 22.27, 22.27, 22.27
2026-09-13, 00:41:35, 22.27, 22.5, 22.75, 22.77, 9999.0, 9999.0, 9999.0, 23.75, 9999.0, 22.25, 9999.0, 22.73, 22.5, 22.27, 22.27, 22.27
2026-09-13, 00:41:39, 22.25, 22.5, 22.75, 22.77, 9999.0, 9999.0, 9999.0, 23.7, 9999.0, 22.27, 9999.0, 22.75, 22.5, 22.27, 22.3, 22.27
2026-09-13, 00:41:43, 22.27, 22.5, 22.75, 22.77, 9999.0, 9999.0, 9999.0, 23.68, 9999.0, 22.27, 9999.0, 22.75, 22.5, 22.27, 22.32, 22.27
2026-09-13, 00:41:47, 22.27, 22.5, 22.77, 22.77, 9999.0, 9999.0, 9999.0, 23.64, 9999.0, 22.3, 9999.0, 22.75, 22.5, 22.27, 22.34, 22.27
2026-09-13, 00:41:51, 22.3, 22.5, 22.77, 22.77, 9999.0, 9999.0, 9999.0, 23.61, 9999.0, 22.32, 9999.0, 22.75, 22.5, 22.27, 22.36, 22.27
2026-09-13, 00:41:55, 22.32, 22.5, 22.77, 22.77, 9999.0, 9999.0, 9999.0, 23.57, 9999.0, 22.34, 9999.0, 22.77, 22.5, 22.27, 22.36, 22.3
2026-09-13, 00:41:59, 22.32, 22.5, 22.77, 22.77, 9999.0, 9999.0, 9999.0, 23.61, 9999.0, 22.36, 9999.0, 22.8, 22.5, 22.27, 22.36, 22.3
2026-09-13, 00:42:03, 22.34, 22.5, 22.77, 22.77, 9999.0, 9999.0, 9999.0, 23.64, 9999.0, 22.39, 9999.0, 22.8, 22.5, 22.27, 22.36, 22.3
2026-09-13, 00:42:07, 22.36, 22.5, 22.77, 22.77, 9999.0, 9999.0, 9999.0, 23.66, 9999.0, 22.41, 9999.0, 22.8, 22.5, 22.27, 22.36, 22.3
2026-09-13, 00:42:11, 22.39, 22.5, 22.77, 22.77, 9999.0, 9999.0, 9999.0, 23.7, 9999.0, 22.43, 9999.0, 22.77, 22.5, 22.27, 22.36, 22.3
2026-09-13, 00:42:15, 22.39, 22.5, 22.77, 22.75, 9999.0, 9999.0, 9999.0, 23.75, 9999.0, 22.45, 9999.0, 22.73, 22.5, 22.25, 22.34, 22.27
2026-09-13, 00:42:19, 22.39, 22.5, 22.77, 22.75, 9999.0, 9999.0, 9999.0, 23.77, 9999.0, 22.48, 9999.0, 22.7, 22.5, 22.25, 22.34, 22.27
2026-09-13, 00:42:23, 22.39, 22.5, 22.77, 22.75, 9999.0, 9999.0, 9999.0, 23.8, 9999.0, 22.48, 9999.0, 22.68, 22.5, 22.25, 22.32, 22.27
2026-09-13, 00:42:27, 22.36, 22.5, 22.77, 22.75, 9999.0, 9999.0, 9999.0, 23.84, 9999.0, 22.5, 9999.0, 22.66, 22.5, 22.25, 22.3, 22.27
2026-09-13, 00:42:31, 22.36, 22.5, 22.75, 22.75, 9999.0, 9999.0, 9999.0, 23.86, 9999.0, 22.48, 9999.0, 22.64, 22.5, 22.25, 22.3, 22.27
2026-09-13, 00:42:35, 22.34, 22.5, 22.75, 22.75, 9999.0, 9999.0, 9999.0, 23.89, 9999.0, 22.45, 9999.0, 22.64, 22.5, 22.25, 22.27, 22.3
2026-09-13, 00:42:39, 22.32, 22.5, 22.75, 22.75, 9999.0, 9999.0, 9999.0, 23.95, 9999.0, 22.43, 9999.0, 22.64, 22.5, 22.25, 22.3, 22.27
2026-09-13, 00:42:43, 22.32, 22.5, 22.75, 22.75, 9999.0, 9999.0, 9999.0, 23.91, 9999.0, 22.41, 9999.0, 22.64, 22.5, 22.25, 22.32, 22.27
2026-09-13, 00:42:47, 22.3, 22.5, 22.75, 22.75, 9999.0, 9999.0, 9999.0, 23.86, 9999.0, 22.39, 9999.0, 22.66, 22.5, 22.25, 22.32, 22.3
2026-09-13, 00:42:51, 22.27, 22.5, 22.75, 22.75, 9999.0, 9999.0, 9999.0, 23.84, 9999.0, 22.36, 9999.0, 22.68, 22.5, 22.25, 22.34, 22.3
2026-09-13, 00:42:55, 22.27, 22.5, 22.75, 22.75, 9999.0, 9999.0, 9999.0, 23.82, 9999.0, 22.36, 9999.0, 22.68, 22.5, 22.25, 22.34, 22.3
2026-09-13, 00:42:59, 22.3, 22.5, 22.75, 22.75, 9999.0, 9999.0, 9999.0, 23.77, 9999.0, 22.36, 9999.0, 22.7, 22.5, 22.25, 22.36, 22.3
2026-09-13, 00:43:03, 22.3, 22.5, 22.75, 22.75, 9999.0, 9999.0, 9999.0, 23.73, 9999.0, 22.36, 9999.0, 22.73, 22.5, 22.25, 22.36, 22.3
2026-09-13, 00:43:07, 22.3, 22.5, 22.75, 22.75, 9999.0, 9999.0, 9999.0, 23.7, 9999.0, 22.36, 9999.0, 22.75, 22.5, 22.25, 22.39, 22.3
2026-09-13, 00:43:11, 22.3, 22.5, 22.75, 22.75, 9999.0, 9999.0, 9999.0, 23.66, 9999.0, 22.36, 9999.0, 22.77, 22.52, 22.25, 22.39, 22.3
2026-09-13, 00:43:15, 22.3, 22.5, 22.75, 22.75, 9999.0, 9999.0, 9999.0, 23.7, 9999.0, 22.39, 9999.0, 22.8, 22.52, 22.25, 22.36, 22.3
2026-09-13, 00:43:19, 22.3, 22.5, 22.75, 22.75, 9999.0, 9999.0, 9999.0, 23.75, 9999.0, 22.41, 9999.0, 22.8, 22.52, 22.25, 22.36, 22.27
2026-09-13, 00:43:23, 22.3, 22.5, 22.75, 22.75, 9999.0, 9999.0, 9999.0, 23.77, 9999.0, 22.43, 9999.0, 22.8, 22.52, 22.25, 22.34, 22.27
2026-09-13, 00:43:27, 22.3, 22.5, 22.75, 22.75, 9999.0, 9999.0, 9999.0, 23.8, 9999.0, 22.45, 9999.0, 22.8, 22.52, 22.25, 22.32, 22.3
2026-09-13, 00:43:31, 22.3, 22.5, 22.75, 22.75, 9999.0, 9999.0, 9999.0, 23.84, 9999.0, 22.48, 9999.0, 22.77, 22.52, 22.25, 22.32, 22.27
2026-09-13, 00:43:35, 22.3, 22.5, 22.75, 22.75, 9999.0, 9999.0, 9999.0, 23.86, 9999.0, 22.48, 9999.0, 22.73, 22.52, 22.25, 22.3, 22.27
2026-09-13, 00:43:39, 22.27, 22.5, 22.75, 22.75, 9999.0, 9999.0, 9999.0, 23.89, 9999.0, 22.45, 9999.0, 22.73, 22.52, 22.25, 22.3, 22.3
2026-09-13, 00:43:43, 22.25, 22.5, 22.75, 22.75, 9999.0, 9999.0, 9999.0, 23.91, 9999.0, 22.45, 9999.0, 22.7, 22.52, 22.25, 22.3, 22.3
2026-09-13, 00:43:47, 22.25, 22.5, 22.75, 22.75, 9999.0, 9999.0, 9999.0, 23.95, 9999.0, 22.45, 9999.0, 22.68, 22.52, 22.25, 22.3, 22.3
2026-09-13, 00:43:51, 22.25, 22.5, 22.75, 22.75, 9999.0, 9999.0, 9999.0, 23.98, 9999.0, 22.45, 9999.0, 22.68, 22.52, 22.25, 22.27, 22.3
2026-09-13, 00:43:55, 22.25, 22.5, 22.75, 22.75, 9999.0, 9999.0, 9999.0, 24.0, 9999.0, 22.45, 9999.0, 22.68, 22.5, 22.25, 22.27, 22.3
2026-09-13, 00:43:59, 22.25, 22.5, 22.75, 22.75, 9999.0, 9999.0, 9999.0, 23.95, 9999.0, 22.45, 9999.0, 22.68, 22.5, 22.25, 22.27, 22.3
2026-09-13, 00:44:03, 22.25, 22.5, 22.75, 22.75, 9999.0, 9999.0, 9999.0, 23.91, 9999.0, 22.45, 9999.0, 22.68, 22.5, 22.25, 22.3, 22.3
2026-09-13, 00:44:07, 22.25, 22.5, 22.75, 22.75, 9999.0, 9999.0, 9999.0, 23.86, 9999.0, 22.45, 9999.0, 22.7, 22.5, 22.25, 22.3, 22.3
2026-09-13, 00:44:11, 22.25, 22.5, 22.75, 22.75, 9999.0, 9999.0, 9999.0, 23.82, 9999.0, 22.43, 9999.0, 22.7, 22.5, 22.25, 22.3, 22.3
2026-09-13, 00:44:15, 22.25, 22.5, 22.75, 22.75, 9999.0, 9999.0, 9999.0, 23.8, 9999.0, 22.43, 9999.0, 22.7, 22.5, 22.25, 22.3, 22.3
2026-09-13, 00:44:19, 22.27, 22.5, 22.75, 22.75, 9999.0, 9999.0, 9999.0, 23.75, 9999.0, 22.45, 9999.0, 22.73, 22.5, 22.25, 22.3, 22.3
2026-09-13, 00:44:23, 22.27, 22.5, 22.75, 22.75, 9999.0, 9999.0, 9999.0, 23.7, 9999.0, 22.5, 9999.0, 22.73, 22.5, 22.25, 22.3, 22.27
2026-09-13, 00:44:27, 22.27, 22.5, 22.75, 22.75, 9999.0, 9999.0, 9999.0, 23.68, 9999.0, 22.52, 9999.0, 22.75, 22.5, 22.25, 22.3, 22.27
2026-09-13, 00:44:31, 22.27, 22.5, 22.75, 22.75, 9999.0, 9999.0, 9999.0, 23.64, 9999.0, 22.52, 9999.0, 22.77, 22.5, 22.25, 22.3, 22.27
2026-09-13, 00:44:35, 22.27, 22.5, 22.75, 22.75, 9999.0, 9999.0, 9999.0, 23.68, 9999.0, 22.55, 9999.0, 22.77, 22.5, 22.25, 22.32, 22.27
2026-09-13, 00:44:39, 22.27, 22.5, 22.75, 22.75, 9999.0, 9999.0, 9999.0, 23.73, 9999.0, 22.55, 9999.0, 22.77, 22.5, 22.25, 22.34, 22.27
2026-09-13, 00:44:43, 22.27, 22.5, 22.75, 22.75, 9999.0, 9999.0, 9999.0, 23.75, 9999.0, 22.55, 9999.0, 22.77, 22.5, 22.25, 22.34, 22.27
2026-09-13, 00:44:47, 22.27, 22.5, 22.75, 22.75, 9999.0, 9999.0, 9999.0, 23.77, 9999.0, 22.55, 9999.0, 22.77, 22.5, 22.25, 22.34, 22.27
2026-09-13, 00:44:51, 22.27, 22.5, 22.75, 22.75, 9999.0, 9999.0, 9999.0, 23.8, 9999.0, 22.55, 9999.0, 22.75, 22.5, 22.25, 22.34, 22.27
2026-09-13, 00:44:55, 22.27, 22.5, 22.75, 22.75, 9999.0, 9999.0, 9999.0, 23.84, 9999.0, 22.57, 9999.0, 22.73, 22.5, 22.25, 22.34, 22.25
2026-09-13, 00:44:59, 22.27, 22.5, 22.75, 22.75, 9999.0, 9999.0, 9999.0, 23.86, 9999.0, 22.57, 9999.0, 22.7, 22.5, 22.25, 22.34, 22.25
2026-09-13, 00:45:03, 22.25, 22.5, 22.75, 22.75, 9999.0, 9999.0, 9999.0, 23.91, 9999.0, 22.57, 9999.0, 22.7, 22.5, 22.25, 22.34, 22.25
2026-09-13, 00:45:08, 22.25, 22.5, 22.75, 22.75, 9999.0, 9999.0, 9999.0, 23.95, 9999.0, 22.55, 9999.0, 22.68, 22.5, 22.25, 22.34, 22.25
2026-09-13, 00:45:12, 22.27, 22.5, 22.75, 22.75, 9999.0, 9999.0, 9999.0, 24.0, 9999.0, 22.52, 9999.0, 22.68, 22.5, 22.25, 22.32, 22.25
2026-09-13, 00:45:16, 22.27, 22.5, 22.75, 22.75, 9999.0, 9999.0, 9999.0, 24.05, 9999.0, 22.52, 9999.0, 22.68, 22.5, 22.25, 22.32, 22.25
2026-09-13, 00:45:20, 22.27, 22.5, 22.75, 22.75, 9999.0, 9999.0, 9999.0, 24.0, 9999.0, 22.5, 9999.0, 22.68, 22.5, 22.25, 22.3, 22.25
2026-09-13, 00:45:24, 22.27, 22.5, 22.75, 22.75, 9999.0, 9999.0, 9999.0, 23.95, 9999.0, 22.5, 9999.0, 22.7, 22.5, 22.25, 22.27, 22.25
2026-09-13, 00:45:28, 22.27, 22.5, 22.75, 22.75, 9999.0, 9999.0, 9999.0, 23.93, 9999.0, 22.5, 9999.0, 22.73, 22.5, 22.25, 22.27, 22.25
2026-09-13, 00:45:32, 22.27, 22.5, 22.75, 22.75, 9999.0, 9999.0, 9999.0, 23.91, 9999.0, 22.5, 9999.0, 22.73, 22.5, 22.25, 22.25, 22.25
2026-09-13, 00:45:36, 22.27, 22.5, 22.75, 22.75, 9999.0, 9999.0, 9999.0, 23.86, 9999.0, 22.5, 9999.0, 22.73, 22.5, 22.25, 22.25, 22.25
2026-09-13, 00:45:40, 22.27, 22.5, 22.75, 22.75, 9999.0, 9999.0, 9999.0, 23.82, 9999.0, 22.5, 9999.0, 22.75, 22.5, 22.25, 22.25, 22.25
2026-09-13, 00:45:44, 22.27, 22.5, 22.75, 22.75, 9999.0, 9999.0, 9999.0, 23.77, 9999.0, 22.52, 9999.0, 22.77, 22.5, 22.25, 22.25, 22.25
2026-09-13, 00:45:48, 22.27, 22.5, 22.75, 22.75, 9999.0, 9999.0, 9999.0, 23.73, 9999.0, 22.55, 9999.0, 22.77, 22.5, 22.25, 22.25, 22.25
2026-09-13, 00:45:52, 22.27, 22.5, 22.75, 22.75, 9999.0, 9999.0, 9999.0, 23.77, 9999.0, 22.57, 9999.0, 22.8, 22.5, 22.25, 22.25, 22.25
2026-09-13, 00:45:56, 22.25, 22.5, 22.75, 22.75, 9999.0, 9999.0, 9999.0, 23.8, 9999.0, 22.59, 9999.0, 22.8, 22.5, 22.25, 22.25, 22.25
2026-09-13, 00:46:00, 22.27, 22.5, 22.75, 22.75, 9999.0, 9999.0, 9999.0, 23.82, 9999.0, 22.59, 9999.0, 22.8, 22.5, 22.25, 22.25, 22.25
2026-09-13, 00:46:04, 22.27, 22.5, 22.75, 22.75, 9999.0, 9999.0, 9999.0, 23.86, 9999.0, 22.59, 9999.0, 22.8, 22.5, 22.25, 22.25, 22.25
2026-09-13, 00:46:08, 22.27, 22.5, 22.75, 22.75, 9999.0, 9999.0, 9999.0, 23.89, 9999.0, 22.59, 9999.0, 22.75, 22.5, 22.25, 22.25, 22.25
2026-09-13, 00:46:12, 22.27, 22.5, 22.75, 22.75, 9999.0, 9999.0, 9999.0, 23.91, 9999.0, 22.59, 9999.0, 22.7, 22.5, 22.25, 22.25, 22.25
2026-09-13, 00:46:16, 22.27, 22.5, 22.75, 22.75, 9999.0, 9999.0, 9999.0, 23.95, 9999.0, 22.59, 9999.0, 22.68, 22.5, 22.25, 22.25, 22.25
2026-09-13, 00:46:20, 22.27, 22.5, 22.75, 22.75, 9999.0, 9999.0, 9999.0, 24.0, 9999.0, 22.59, 9999.0, 22.66, 22.5, 22.25, 22.25, 22.25
2026-09-13, 00:46:24, 22.27, 22.5, 22.75, 22.75, 9999.0, 9999.0, 9999.0, 24.05, 9999.0, 22.59, 9999.0, 22.64, 22.5, 22.25, 22.25, 22.25
2026-09-13, 00:46:28, 22.27, 22.5, 22.75, 22.75, 9999.0, 9999.0, 9999.0, 24.09, 9999.0, 22.57, 9999.0, 22.61, 22.5, 22.25, 22.25, 22.25
2026-09-13, 00:46:32, 22.27, 22.5, 22.75, 22.75, 9999.0, 9999.0, 9999.0, 24.14, 9999.0, 22.55, 9999.0, 22.61, 22.5, 22.25, 22.25, 22.25
2026-09-13, 00:46:36, 22.27, 22.5, 22.75, 22.75, 9999.0, 9999.0, 9999.0, 24.09, 9999.0, 22.52, 9999.0, 22.61, 22.5, 22.25, 22.25, 22.25
2026-09-13, 00:46:40, 22.3, 22.5, 22.75, 22.75, 9999.0, 9999.0, 9999.0, 24.05, 9999.0, 22.5, 9999.0, 22.64, 22.5, 22.25, 22.25, 22.25
2026-09-13, 00:46:44, 22.27, 22.5, 22.75, 22.75, 9999.0, 9999.0, 9999.0, 24.0, 9999.0, 22.5, 9999.0, 22.66, 22.5, 22.25, 22.27, 22.25
2026-09-13, 00:46:48, 22.27, 22.5, 22.75, 22.75, 9999.0, 9999.0, 9999.0, 23.95, 9999.0, 22.5, 9999.0, 22.68, 22.5, 22.25, 22.27, 22.25
2026-09-13, 00:46:52, 22.27, 22.5, 22.75, 22.75, 9999.0, 9999.0, 9999.0, 23.93, 9999.0, 22.52, 9999.0, 22.7, 22.5, 22.25, 22.27, 22.27
2026-09-13, 00:46:56, 22.27, 22.5, 22.75, 22.75, 9999.0, 9999.0, 9999.0, 23.89, 9999.0, 22.55, 9999.0, 22.73, 22.5, 22.25, 22.27, 22.27
2026-09-13, 00:47:00, 22.27, 22.5, 22.75, 22.75, 9999.0, 9999.0, 9999.0, 23.82, 9999.0, 22.57, 9999.0, 22.75, 22.5, 22.25, 22.27, 22.27
2026-09-13, 00:47:04, 22.3, 22.5, 22.75, 22.75, 9999.0, 9999.0, 9999.0, 23.77, 9999.0, 22.61, 9999.0, 22.77, 22.5, 22.25, 22.27, 22.27
2026-09-13, 00:47:08, 22.32, 22.5, 22.75, 22.75, 9999.0, 9999.0, 9999.0, 23.73, 9999.0, 22.64, 9999.0, 22.8, 22.5, 22.25, 22.27, 22.27
2026-09-13, 00:47:12, 22.32, 22.5, 22.75, 22.75, 9999.0, 9999.0, 9999.0, 23.75, 9999.0, 22.66, 9999.0, 22.82, 22.5, 22.25, 22.27, 22.27
2026-09-13, 00:47:16, 22.32, 22.5, 22.75, 22.75, 9999.0, 9999.0, 9999.0, 23.77, 9999.0, 22.68, 9999.0, 22.82, 22.5, 22.25, 22.27, 22.27
2026-09-13, 00:47:20, 22.32, 22.5, 22.75, 22.75, 9999.0, 9999.0, 9999.0, 23.8, 9999.0, 22.7, 9999.0, 22.82, 22.5, 22.25, 22.27, 22.27
2026-09-13, 00:47:24, 22.3, 22.5, 22.75, 22.75, 9999.0, 9999.0, 9999.0, 23.84, 9999.0, 22.73, 9999.0, 22.8, 22.5, 22.25, 22.27, 22.27
2026-09-13, 00:47:28, 22.32, 22.5, 22.75, 22.75, 9999.0, 9999.0, 9999.0, 23.86, 9999.0, 22.73, 9999.0, 22.77, 22.5, 22.25, 22.25, 22.27
2026-09-13, 00:47:32, 22.32, 22.5, 22.75, 22.75, 9999.0, 9999.0, 9999.0, 23.89, 9999.0, 22.73, 9999.0, 22.73, 22.5, 22.25, 22.25, 22.27
2026-09-13, 00:47:36, 22.32, 22.5, 22.75, 22.75, 9999.0, 9999.0, 9999.0, 23.91, 9999.0, 22.7, 9999.0, 22.7, 22.5, 22.25, 22.25, 22.25
2026-09-13, 00:47:40, 22.32, 22.5, 22.75, 22.75, 9999.0, 9999.0, 9999.0, 23.95, 9999.0, 22.68, 9999.0, 22.68, 22.5, 22.25, 22.25, 22.27
2026-09-13, 00:47:44, 22.32, 22.5, 22.75, 22.75, 9999.0, 9999.0, 9999.0, 24.0, 9999.0, 22.66, 9999.0, 22.66, 22.5, 22.25, 22.25, 22.27
2026-09-13, 00:47:48, 22.3, 22.5, 22.75, 22.75, 9999.0, 9999.0, 9999.0, 24.05, 9999.0, 22.64, 9999.0, 22.66, 22.5, 22.25, 22.25, 22.27
2026-09-13, 00:47:52, 22.27, 22.5, 22.75, 22.75, 9999.0, 9999.0, 9999.0, 24.09, 9999.0, 22.61, 9999.0, 22.66, 22.5, 22.25, 22.25, 22.27
2026-09-13, 00:47:56, 22.27, 22.5, 22.75, 22.75, 9999.0, 9999.0, 9999.0, 24.07, 9999.0, 22.59, 9999.0, 22.66, 22.5, 22.25, 22.25, 22.27
2026-09-13, 00:48:00, 22.27, 22.5, 22.75, 22.75, 9999.0, 9999.0, 9999.0, 24.02, 9999.0, 22.57, 9999.0, 22.68, 22.5, 22.25, 22.25, 22.3
2026-09-13, 00:48:04, 22.27, 22.5, 22.75, 22.75, 9999.0, 9999.0, 9999.0, 23.98, 9999.0, 22.55, 9999.0, 22.68, 22.5, 22.25, 22.25, 22.3
2026-09-13, 00:48:08, 22.27, 22.48, 22.75, 22.75, 9999.0, 9999.0, 9999.0, 23.93, 9999.0, 22.55, 9999.0, 22.68, 22.5, 22.25, 22.25, 22.3
2026-09-13, 00:48:12, 22.25, 22.48, 22.75, 22.75, 9999.0, 9999.0, 9999.0, 23.91, 9999.0, 22.57, 9999.0, 22.68, 22.5, 22.25, 22.25, 22.3
2026-09-13, 00:48:16, 22.25, 22.48, 22.75, 22.75, 9999.0, 9999.0, 9999.0, 23.89, 9999.0, 22.59, 9999.0, 22.7, 22.5, 22.25, 22.25, 22.3
2026-09-13, 00:48:20, 22.25, 22.48, 22.75, 22.75, 9999.0, 9999.0, 9999.0, 23.86, 9999.0, 22.64, 9999.0, 22.73, 22.5, 22.25, 22.25, 22.3
2026-09-13, 00:48:24, 22.25, 22.48, 22.75, 22.75, 9999.0, 9999.0, 9999.0, 23.82, 9999.0, 22.66, 9999.0, 22.75, 22.5, 22.25, 22.25, 22.27
2026-09-13, 00:48:28, 22.25, 22.48, 22.75, 22.75, 9999.0, 9999.0, 9999.0, 23.86, 9999.0, 22.68, 9999.0, 22.77, 22.5, 22.25, 22.25, 22.27
2026-09-13, 00:48:32, 22.25, 22.48, 22.75, 22.75, 9999.0, 9999.0, 9999.0, 23.89, 9999.0, 22.68, 9999.0, 22.77, 22.5, 22.25, 22.25, 22.27
2026-09-13, 00:48:36, 22.25, 22.48, 22.75, 22.75, 9999.0, 9999.0, 9999.0, 23.91, 9999.0, 22.7, 9999.0, 22.75, 22.5, 22.25, 22.25, 22.3
2026-09-13, 00:48:40, 22.25, 22.48, 22.75, 22.75, 9999.0, 9999.0, 9999.0, 23.93, 9999.0, 22.73, 9999.0, 22.75, 22.5, 22.25, 22.25, 22.3
2026-09-13, 00:48:45, 22.25, 22.48, 22.75, 22.75, 9999.0, 9999.0, 9999.0, 23.98, 9999.0, 22.75, 9999.0, 22.73, 22.5, 22.25, 22.25, 22.27
2026-09-13, 00:48:49, 22.25, 22.48, 22.75, 22.75, 9999.0, 9999.0, 9999.0, 24.02, 9999.0, 22.77, 9999.0, 22.73, 22.5, 22.25, 22.25, 22.27
2026-09-13, 00:48:53, 22.25, 22.5, 22.75, 22.75, 9999.0, 9999.0, 9999.0, 24.05, 9999.0, 22.77, 9999.0, 22.73, 22.5, 22.25, 22.25, 22.27
2026-09-13, 00:48:57, 22.25, 22.5, 22.75, 22.75, 9999.0, 9999.0, 9999.0, 24.07, 9999.0, 22.75, 9999.0, 22.7, 22.5, 22.25, 22.25, 22.27
2026-09-13, 00:49:01, 22.25, 22.5, 22.75, 22.75, 9999.0, 9999.0, 9999.0, 24.09, 9999.0, 22.73, 9999.0, 22.68, 22.5, 22.25, 22.25, 22.27
2026-09-13, 00:49:05, 22.25, 22.5, 22.75, 22.75, 9999.0, 9999.0, 9999.0, 24.11, 9999.0, 22.7, 9999.0, 22.68, 22.5, 22.25, 22.25, 22.27
2026-09-13, 00:49:09, 22.25, 22.5, 22.75, 22.75, 9999.0, 9999.0, 9999.0, 24.16, 9999.0, 22.68, 9999.0, 22.68, 22.5, 22.25, 22.25, 22.27
2026-09-13, 00:49:13, 22.25, 22.5, 22.75, 22.75, 9999.0, 9999.0, 9999.0, 24.09, 9999.0, 22.66, 9999.0, 22.68, 22.5, 22.25, 22.25, 22.27
2026-09-13, 00:49:17, 22.25, 22.5, 22.75, 22.75, 9999.0, 9999.0, 9999.0, 24.07, 9999.0, 22.64, 9999.0, 22.7, 22.5, 22.25, 22.25, 22.27
2026-09-13, 00:49:21, 22.25, 22.5, 22.75, 22.75, 9999.0, 9999.0, 9999.0, 24.05, 9999.0, 22.61, 9999.0, 22.73, 22.5, 22.25, 22.27, 22.25
2026-09-13, 00:49:25, 22.25, 22.5, 22.75, 22.75, 9999.0, 9999.0, 9999.0, 24.0, 9999.0, 22.59, 9999.0, 22.73, 22.5, 22.25, 22.27, 22.25
2026-09-13, 00:49:29, 22.25, 22.5, 22.75, 22.75, 9999.0, 9999.0, 9999.0, 23.95, 9999.0, 22.59, 9999.0, 22.73, 22.5, 22.25, 22.27, 22.25
2026-09-13, 00:49:33, 22.25, 22.5, 22.75, 22.75, 9999.0, 9999.0, 9999.0, 23.91, 9999.0, 22.59, 9999.0, 22.73, 22.5, 22.25, 22.27, 22.25
2026-09-13, 00:49:37, 22.25, 22.5, 22.75, 22.75, 9999.0, 9999.0, 9999.0, 23.89, 9999.0, 22.59, 9999.0, 22.73, 22.5, 22.25, 22.27, 22.25
2026-09-13, 00:49:41, 22.25, 22.5, 22.75, 22.75, 9999.0, 9999.0, 9999.0, 23.84, 9999.0, 22.61, 9999.0, 22.75, 22.5, 22.25, 22.27, 22.25
2026-09-13, 00:49:45, 22.25, 22.5, 22.75, 22.75, 9999.0, 9999.0, 9999.0, 23.8, 9999.0, 22.66, 9999.0, 22.77, 22.5, 22.25, 22.27, 22.25
2026-09-13, 00:49:49, 22.25, 22.5, 22.75, 22.75, 9999.0, 9999.0, 9999.0, 23.84, 9999.0, 22.66, 9999.0, 22.77, 22.5, 22.25, 22.27, 22.25
2026-09-13, 00:49:53, 22.25, 22.5, 22.75, 22.75, 9999.0, 9999.0, 9999.0, 23.86, 9999.0, 22.68, 9999.0, 22.77, 22.5, 22.25, 22.27, 22.25
2026-09-13, 00:49:57, 22.25, 22.5, 22.75, 22.75, 9999.0, 9999.0, 9999.0, 23.91, 9999.0, 22.7, 9999.0, 22.75, 22.5, 22.25, 22.27, 22.25
2026-09-13, 00:50:01, 22.25, 22.5, 22.75, 22.75, 9999.0, 9999.0, 9999.0, 23.91, 9999.0, 22.73, 9999.0, 22.7, 22.5, 22.25, 22.27, 22.25
2026-09-13, 00:50:05, 22.25, 22.5, 22.75, 22.75, 9999.0, 9999.0, 9999.0, 23.93, 9999.0, 22.75, 9999.0, 22.7, 22.5, 22.25, 22.25, 22.25
2026-09-13, 00:50:09, 22.25, 22.48, 22.75, 22.75, 9999.0, 9999.0, 9999.0, 23.95, 9999.0, 22.77, 9999.0, 22.68, 22.5, 22.25, 22.25, 22.25
2026-09-13, 00:50:13, 22.25, 22.48, 22.75, 22.75, 9999.0, 9999.0, 9999.0, 23.98, 9999.0, 22.75, 9999.0, 22.66, 22.5, 22.25, 22.25, 22.25
2026-09-13, 00:50:17, 22.25, 22.48, 22.75, 22.75, 9999.0, 9999.0, 9999.0, 24.0, 9999.0, 22.73, 9999.0, 22.64, 22.5, 22.25, 22.25, 22.25
2026-09-13, 00:50:21, 22.25, 22.48, 22.75, 22.75, 9999.0, 9999.0, 9999.0, 24.02, 9999.0, 22.73, 9999.0, 22.61, 22.5, 22.25, 22.25, 22.25
2026-09-13, 00:50:25, 22.27, 22.48, 22.75, 22.75, 9999.0, 9999.0, 9999.0, 24.07, 9999.0, 22.73, 9999.0, 22.61, 22.5, 22.25, 22.25, 22.25
2026-09-13, 00:50:29, 22.27, 22.48, 22.75, 22.75, 9999.0, 9999.0, 9999.0, 24.11, 9999.0, 22.68, 9999.0, 22.61, 22.5, 22.25, 22.25, 22.25
2026-09-13, 00:50:33, 22.27, 22.45, 22.75, 22.75, 9999.0, 9999.0, 9999.0, 24.05, 9999.0, 22.68, 9999.0, 22.61, 22.5, 22.25, 22.25, 22.25
2026-09-13, 00:50:37, 22.3, 22.45, 22.75, 22.75, 9999.0, 9999.0, 9999.0, 24.0, 9999.0, 22.66, 9999.0, 22.61, 22.5, 22.25, 22.25, 22.25
2026-09-13, 00:50:41, 22.32, 22.45, 22.75, 22.75, 9999.0, 9999.0, 9999.0, 23.95, 9999.0, 22.64, 9999.0, 22.64, 22.5, 22.25, 22.25, 22.25
2026-09-13, 00:50:45, 22.32, 22.45, 22.75, 22.75, 9999.0, 9999.0, 9999.0, 23.93, 9999.0, 22.64, 9999.0, 22.66, 22.5, 22.25, 22.25, 22.25
2026-09-13, 00:50:49, 22.32, 22.45, 22.75, 22.75, 9999.0, 9999.0, 9999.0, 23.89, 9999.0, 22.64, 9999.0, 22.66, 22.5, 22.25, 22.25, 22.25
2026-09-13, 00:50:53, 22.34, 22.48, 22.75, 22.75, 9999.0, 9999.0, 9999.0, 23.86, 9999.0, 22.64, 9999.0, 22.68, 22.5, 22.25, 22.25, 22.25
2026-09-13, 00:50:57, 22.34, 22.48, 22.75, 22.75, 9999.0, 9999.0, 9999.0, 23.84, 9999.0, 22.66, 9999.0, 22.7, 22.5, 22.25, 22.25, 22.25
2026-09-13, 00:51:01, 22.34, 22.48, 22.75, 22.75, 9999.0, 9999.0, 9999.0, 23.8, 9999.0, 22.68, 9999.0, 22.73, 22.5, 22.25, 22.25, 22.25
2026-09-13, 00:51:05, 22.34, 22.48, 22.75, 22.75, 9999.0, 9999.0, 9999.0, 23.84, 9999.0, 22.68, 9999.0, 22.75, 22.5, 22.25, 22.25, 22.25
2026-09-13, 00:51:09, 22.32, 22.48, 22.75, 22.75, 9999.0, 9999.0, 9999.0, 23.89, 9999.0, 22.68, 9999.0, 22.75, 22.5, 22.25, 22.25, 22.25
2026-09-13, 00:51:13, 22.32, 22.48, 22.75, 22.75, 9999.0, 9999.0, 9999.0, 23.91, 9999.0, 22.7, 9999.0, 22.75, 22.5, 22.25, 22.25, 22.25
2026-09-13, 00:51:17, 22.34, 22.5, 22.75, 22.75, 9999.0, 9999.0, 9999.0, 23.95, 9999.0, 22.7, 9999.0, 22.73, 22.5, 22.25, 22.25, 22.25
2026-09-13, 00:51:21, 22.32, 22.5, 22.75, 22.75, 9999.0, 9999.0, 9999.0, 24.0, 9999.0, 22.73, 9999.0, 22.73, 22.5, 22.25, 22.25, 22.25
2026-09-13, 00:51:25, 22.3, 22.5, 22.75, 22.75, 9999.0, 9999.0, 9999.0, 24.02, 9999.0, 22.75, 9999.0, 22.7, 22.5, 22.25, 22.25, 22.25
2026-09-13, 00:51:29, 22.32, 22.5, 22.75, 22.75, 9999.0, 9999.0, 9999.0, 24.05, 9999.0, 22.75, 9999.0, 22.68, 22.5, 22.25, 22.25, 22.25
2026-09-13, 00:51:33, 22.32, 22.5, 22.75, 22.75, 9999.0, 9999.0, 9999.0, 24.07, 9999.0, 22.73, 9999.0, 22.66, 22.5, 22.25, 22.25, 22.25
2026-09-13, 00:51:37, 22.3, 22.5, 22.75, 22.75, 9999.0, 9999.0, 9999.0, 24.11, 9999.0, 22.7, 9999.0, 22.64, 22.5, 22.25, 22.25, 22.25
2026-09-13, 00:51:41, 22.3, 22.5, 22.75, 22.75, 9999.0, 9999.0, 9999.0, 24.14, 9999.0, 22.68, 9999.0, 22.61, 22.48, 22.25, 22.25, 22.25
2026-09-13, 00:51:45, 22.3, 22.5, 22.75, 22.75, 9999.0, 9999.0, 9999.0, 24.18, 9999.0, 22.68, 9999.0, 22.61, 22.48, 22.25, 22.25, 22.25
2026-09-13, 00:51:49, 22.3, 22.5, 22.75, 22.75, 9999.0, 9999.0, 9999.0, 24.14, 9999.0, 22.66, 9999.0, 22.61, 22.48, 22.25, 22.25, 22.25
2026-09-13, 00:51:53, 22.3, 22.5, 22.75, 22.75, 9999.0, 9999.0, 9999.0, 24.09, 9999.0, 22.64, 9999.0, 22.61, 22.48, 22.25, 22.25, 22.25
2026-09-13, 00:51:57, 22.3, 22.5, 22.75, 22.75, 9999.0, 9999.0, 9999.0, 24.05, 9999.0, 22.61, 9999.0, 22.61, 22.48, 22.25, 22.25, 22.25
2026-09-13, 00:52:01, 22.27, 22.5, 22.75, 22.75, 9999.0, 9999.0, 9999.0, 24.0, 9999.0, 22.59, 9999.0, 22.64, 22.48, 22.25, 22.25, 22.25
2026-09-13, 00:52:05, 22.27, 22.5, 22.75, 22.75, 9999.0, 9999.0, 9999.0, 23.95, 9999.0, 22.59, 9999.0, 22.64, 22.48, 22.25, 22.25, 22.25
2026-09-13, 00:52:09, 22.27, 22.5, 22.75, 22.75, 9999.0, 9999.0, 9999.0, 23.93, 9999.0, 22.59, 9999.0, 22.66, 22.48, 22.25, 22.25, 22.25
2026-09-13, 00:52:13, 22.27, 22.5, 22.75, 22.75, 9999.0, 9999.0, 9999.0, 23.91, 9999.0, 22.59, 9999.0, 22.68, 22.48, 22.25, 22.25, 22.25
2026-09-13, 00:52:17, 22.27, 22.5, 22.75, 22.75, 9999.0, 9999.0, 9999.0, 23.89, 9999.0, 22.61, 9999.0, 22.7, 22.48, 22.25, 22.25, 22.25
2026-09-13, 00:52:21, 22.3, 22.5, 22.75, 22.75, 9999.0, 9999.0, 9999.0, 23.84, 9999.0, 22.64, 9999.0, 22.73, 22.48, 22.25, 22.25, 22.25
2026-09-13, 00:52:25, 22.3, 22.5, 22.75, 22.75, 9999.0, 9999.0, 9999.0, 23.89, 9999.0, 22.66, 9999.0, 22.75, 22.5, 22.25, 22.25, 22.25
2026-09-13, 00:52:29, 22.32, 22.5, 22.75, 22.75, 9999.0, 9999.0, 9999.0, 23.91, 9999.0, 22.66, 9999.0, 22.75, 22.5, 22.25, 22.25, 22.25
2026-09-13, 00:52:33, 22.32, 22.48, 22.75, 22.75, 9999.0, 9999.0, 9999.0, 23.93, 9999.0, 22.68, 9999.0, 22.75, 22.5, 22.25, 22.25, 22.25
2026-09-13, 00:52:38, 22.32, 22.48, 22.75, 22.75, 9999.0, 9999.0, 9999.0, 23.95, 9999.0, 22.7, 9999.0, 22.75, 22.5, 22.25, 22.25, 22.25
2026-09-13, 00:52:42, 22.32, 22.48, 22.75, 22.75, 9999.0, 9999.0, 9999.0, 23.98, 9999.0, 22.7, 9999.0, 22.75, 22.5, 22.25, 22.25, 22.25
2026-09-13, 00:52:46, 22.32, 22.45, 22.75, 22.75, 9999.0, 9999.0, 9999.0, 24.0, 9999.0, 22.7, 9999.0, 22.73, 22.5, 22.25, 22.25, 22.25
2026-09-13, 00:52:50, 22.32, 22.45, 22.75, 22.75, 9999.0, 9999.0, 9999.0, 24.02, 9999.0, 22.68, 9999.0, 22.7, 22.5, 22.25, 22.25, 22.25
2026-09-13, 00:52:54, 22.32, 22.45, 22.75, 22.75, 9999.0, 9999.0, 9999.0, 24.05, 9999.0, 22.66, 9999.0, 22.68, 22.5, 22.25, 22.25, 22.25
2026-09-13, 00:52:58, 22.3, 22.45, 22.75, 22.73, 9999.0, 9999.0, 9999.0, 24.07, 9999.0, 22.64, 9999.0, 22.66, 22.5, 22.25, 22.25, 22.25
2026-09-13, 00:53:02, 22.3, 22.45, 22.75, 22.73, 9999.0, 9999.0, 9999.0, 24.09, 9999.0, 22.61, 9999.0, 22.66, 22.5, 22.25, 22.25, 22.25
2026-09-13, 00:53:06, 22.27, 22.45, 22.75, 22.73, 9999.0, 9999.0, 9999.0, 24.11, 9999.0, 22.59, 9999.0, 22.66, 22.5, 22.25, 22.25, 22.25
2026-09-13, 00:53:10, 22.27, 22.45, 22.75, 22.73, 9999.0, 9999.0, 9999.0, 24.05, 9999.0, 22.57, 9999.0, 22.66, 22.5, 22.25, 22.25, 22.25
2026-09-13, 00:53:14, 22.25, 22.45, 22.75, 22.73, 9999.0, 9999.0, 9999.0, 24.02, 9999.0, 22.55, 9999.0, 22.66, 22.5, 22.25, 22.25, 22.25
2026-09-13, 00:53:18, 22.27, 22.48, 22.75, 22.73, 9999.0, 9999.0, 9999.0, 23.98, 9999.0, 22.52, 9999.0, 22.66, 22.5, 22.25, 22.25, 22.25
2026-09-13, 00:53:22, 22.27, 22.48, 22.75, 22.7, 9999.0, 9999.0, 9999.0, 23.93, 9999.0, 22.52, 9999.0, 22.66, 22.5, 22.25, 22.25, 22.25
2026-09-13, 00:53:26, 22.27, 22.48, 22.75, 22.7, 9999.0, 9999.0, 9999.0, 23.91, 9999.0, 22.52, 9999.0, 22.66, 22.5, 22.25, 22.25, 22.25
2026-09-13, 00:53:30, 22.27, 22.5, 22.75, 22.7, 9999.0, 9999.0, 9999.0, 23.89, 9999.0, 22.52, 9999.0, 22.68, 22.5, 22.25, 22.25, 22.25
2026-09-13, 00:53:34, 22.27, 22.5, 22.75, 22.7, 9999.0, 9999.0, 9999.0, 23.84, 9999.0, 22.55, 9999.0, 22.7, 22.5, 22.25, 22.25, 22.25
2026-09-13, 00:53:38, 22.27, 22.5, 22.75, 22.7, 9999.0, 9999.0, 9999.0, 23.8, 9999.0, 22.57, 9999.0, 22.73, 22.5, 22.25, 22.25, 22.25
2026-09-13, 00:53:42, 22.27, 22.5, 22.75, 22.73, 9999.0, 9999.0, 9999.0, 23.75, 9999.0, 22.59, 9999.0, 22.75, 22.5, 22.25, 22.25, 22.25
2026-09-13, 00:53:46, 22.27, 22.5, 22.75, 22.73, 9999.0, 9999.0, 9999.0, 23.77, 9999.0, 22.59, 9999.0, 22.75, 22.5, 22.25, 22.25, 22.25
2026-09-13, 00:53:50, 22.27, 22.5, 22.75, 22.73, 9999.0, 9999.0, 9999.0, 23.8, 9999.0, 22.59, 9999.0, 22.75, 22.5, 22.25, 22.25, 22.25
2026-09-13, 00:53:54, 22.27, 22.5, 22.75, 22.73, 9999.0, 9999.0, 9999.0, 23.84, 9999.0, 22.59, 9999.0, 22.73, 22.5, 22.25, 22.25, 22.25
2026-09-13, 00:53:58, 22.27, 22.5, 22.75, 22.73, 9999.0, 9999.0, 9999.0, 23.86, 9999.0, 22.59, 9999.0, 22.7, 22.5, 22.25, 22.25, 22.25
2026-09-13, 00:54:02, 22.25, 22.5, 22.75, 22.73, 9999.0, 9999.0, 9999.0, 23.91, 9999.0, 22.59, 9999.0, 22.68, 22.5, 22.25, 22.25, 22.25
2026-09-13, 00:54:06, 22.25, 22.5, 22.75, 22.75, 9999.0, 9999.0, 9999.0, 23.93, 9999.0, 22.57, 9999.0, 22.66, 22.5, 22.25, 22.25, 22.25
2026-09-13, 00:54:10, 22.25, 22.5, 22.75, 22.75, 9999.0, 9999.0, 9999.0, 23.95, 9999.0, 22.57, 9999.0, 22.64, 22.5, 22.25, 22.25, 22.25
2026-09-13, 00:54:14, 22.25, 22.5, 22.75, 22.75, 9999.0, 9999.0, 9999.0, 23.98, 9999.0, 22.57, 9999.0, 22.61, 22.48, 22.25, 22.25, 22.25
2026-09-13, 00:54:18, 22.25, 22.5, 22.75, 22.75, 9999.0, 9999.0, 9999.0, 24.02, 9999.0, 22.55, 9999.0, 22.59, 22.48, 22.25, 22.25, 22.25
2026-09-13, 00:54:22, 22.25, 22.5, 22.75, 22.75, 9999.0, 9999.0, 9999.0, 24.07, 9999.0, 22.52, 9999.0, 22.59, 22.48, 22.25, 22.25, 22.25
2026-09-13, 00:54:26, 22.25, 22.5, 22.75, 22.75, 9999.0, 9999.0, 9999.0, 24.11, 9999.0, 22.48, 9999.0, 22.59, 22.48, 22.25, 22.25, 22.25
2026-09-13, 00:54:30, 22.25, 22.5, 22.75, 22.75, 9999.0, 9999.0, 9999.0, 24.09, 9999.0, 22.45, 9999.0, 22.59, 22.48, 22.25, 22.25, 22.25
2026-09-13, 00:54:34, 22.25, 22.5, 22.75, 22.75, 9999.0, 9999.0, 9999.0, 24.07, 9999.0, 22.43, 9999.0, 22.59, 22.48, 22.25, 22.25, 22.25
2026-09-13, 00:54:38, 22.25, 22.5, 22.75, 22.75, 9999.0, 9999.0, 9999.0, 24.02, 9999.0, 22.41, 9999.0, 22.61, 22.48, 22.25, 22.25, 22.25
2026-09-13, 00:54:42, 22.25, 22.5, 22.75, 22.75, 9999.0, 9999.0, 9999.0, 23.98, 9999.0, 22.41, 9999.0, 22.64, 22.48, 22.25, 22.25, 22.25
2026-09-13, 00:54:46, 22.25, 22.5, 22.75, 22.75, 9999.0, 9999.0, 9999.0, 23.93, 9999.0, 22.41, 9999.0, 22.66, 22.48, 22.25, 22.25, 22.25
2026-09-13, 00:54:50, 22.25, 22.5, 22.75, 22.75, 9999.0, 9999.0, 9999.0, 23.91, 9999.0, 22.41, 9999.0, 22.68, 22.48, 22.25, 22.25, 22.25
2026-09-13, 00:54:54, 22.25, 22.5, 22.75, 22.75, 9999.0, 9999.0, 9999.0, 23.86, 9999.0, 22.41, 9999.0, 22.7, 22.48, 22.25, 22.27, 22.25
2026-09-13, 00:54:58, 22.25, 22.48, 22.75, 22.75, 9999.0, 9999.0, 9999.0, 23.82, 9999.0, 22.43, 9999.0, 22.73, 22.5, 22.25, 22.27, 22.25
2026-09-13, 00:55:02, 22.27, 22.48, 22.75, 22.75, 9999.0, 9999.0, 9999.0, 23.84, 9999.0, 22.43, 9999.0, 22.75, 22.5, 22.25, 22.27, 22.25
2026-09-13, 00:55:06, 22.27, 22.45, 22.75, 22.75, 9999.0, 9999.0, 9999.0, 23.86, 9999.0, 22.43, 9999.0, 22.75, 22.5, 22.25, 22.27, 22.25
2026-09-13, 00:55:10, 22.27, 22.45, 22.75, 22.75, 9999.0, 9999.0, 9999.0, 23.89, 9999.0, 22.45, 9999.0, 22.75, 22.5, 22.25, 22.27, 22.25
2026-09-13, 00:55:14, 22.27, 22.45, 22.75, 22.75, 9999.0, 9999.0, 9999.0, 23.89, 9999.0, 22.48, 9999.0, 22.75, 22.5, 22.25, 22.27, 22.25
2026-09-13, 00:55:18, 22.27, 22.45, 22.75, 22.75, 9999.0, 9999.0, 9999.0, 23.89, 9999.0, 22.5, 9999.0, 22.73, 22.5, 22.25, 22.27, 22.25
2026-09-13, 00:55:22, 22.27, 22.45, 22.75, 22.73, 9999.0, 9999.0, 9999.0, 23.91, 9999.0, 22.52, 9999.0, 22.7, 22.5, 22.25, 22.27, 22.25
2026-09-13, 00:55:26, 22.27, 22.45, 22.75, 22.73, 9999.0, 9999.0, 9999.0, 23.93, 9999.0, 22.5, 9999.0, 22.68, 22.5, 22.25, 22.27, 22.25
2026-09-13, 00:55:30, 22.27, 22.45, 22.75, 22.7, 9999.0, 9999.0, 9999.0, 23.95, 9999.0, 22.5, 9999.0, 22.66, 22.5, 22.25, 22.27, 22.25
2026-09-13, 00:55:34, 22.27, 22.45, 22.75, 22.7, 9999.0, 9999.0, 9999.0, 23.98, 9999.0, 22.48, 9999.0, 22.64, 22.5, 22.25, 22.27, 22.25
2026-09-13, 00:55:38, 22.3, 22.45, 22.75, 22.7, 9999.0, 9999.0, 9999.0, 24.02, 9999.0, 22.45, 9999.0, 22.64, 22.5, 22.25, 22.25, 22.25
2026-09-13, 00:55:42, 22.3, 22.48, 22.75, 22.7, 9999.0, 9999.0, 9999.0, 24.05, 9999.0, 22.41, 9999.0, 22.64, 22.5, 22.25, 22.25, 22.25
2026-09-13, 00:55:46, 22.27, 22.48, 22.75, 22.7, 9999.0, 9999.0, 9999.0, 24.0, 9999.0, 22.39, 9999.0, 22.64, 22.5, 22.25, 22.25, 22.25
2026-09-13, 00:55:50, 22.27, 22.5, 22.75, 22.7, 9999.0, 9999.0, 9999.0, 23.95, 9999.0, 22.36, 9999.0, 22.64, 22.5, 22.25, 22.25, 22.25
2026-09-13, 00:55:54, 22.27, 22.5, 22.75, 22.7, 9999.0, 9999.0, 9999.0, 23.89, 9999.0, 22.34, 9999.0, 22.64, 22.5, 22.25, 22.25, 22.25
2026-09-13, 00:55:58, 22.27, 22.5, 22.75, 22.7, 9999.0, 9999.0, 9999.0, 23.84, 9999.0, 22.32, 9999.0, 22.64, 22.5, 22.25, 22.25, 22.25
2026-09-13, 00:56:02, 22.27, 22.5, 22.75, 22.7, 9999.0, 9999.0, 9999.0, 23.8, 9999.0, 22.32, 9999.0, 22.66, 22.5, 22.25, 22.27, 22.25
2026-09-13, 00:56:06, 22.27, 22.5, 22.75, 22.73, 9999.0, 9999.0, 9999.0, 23.75, 9999.0, 22.3, 9999.0, 22.68, 22.5, 22.25, 22.27, 22.25
2026-09-13, 00:56:10, 22.27, 22.5, 22.75, 22.73, 9999.0, 9999.0, 9999.0, 23.7, 9999.0, 22.32, 9999.0, 22.7, 22.5, 22.25, 22.27, 22.25
2026-09-13, 00:56:14, 22.27, 22.5, 22.75, 22.75, 9999.0, 9999.0, 9999.0, 23.66, 9999.0, 22.32, 9999.0, 22.73, 22.5, 22.25, 22.27, 22.25
2026-09-13, 00:56:18, 22.27, 22.5, 22.75, 22.75, 9999.0, 9999.0, 9999.0, 23.59, 9999.0, 22.34, 9999.0, 22.75, 22.5, 22.25, 22.27, 22.25
2026-09-13, 00:56:22, 22.25, 22.5, 22.75, 22.75, 9999.0, 9999.0, 9999.0, 23.61, 9999.0, 22.36, 9999.0, 22.73, 22.5, 22.25, 22.27, 22.25
2026-09-13, 00:56:26, 22.25, 22.5, 22.75, 22.75, 9999.0, 9999.0, 9999.0, 23.66, 9999.0, 22.36, 9999.0, 22.73, 22.5, 22.25, 22.27, 22.25
2026-09-13, 00:56:31, 22.25, 22.5, 22.75, 22.75, 9999.0, 9999.0, 9999.0, 23.7, 9999.0, 22.36, 9999.0, 22.73, 22.5, 22.25, 22.27, 22.25
2026-09-13, 00:56:35, 22.27, 22.5, 22.75, 22.75, 9999.0, 9999.0, 9999.0, 23.73, 9999.0, 22.36, 9999.0, 22.73, 22.5, 22.25, 22.27, 22.25
2026-09-13, 00:56:39, 22.27, 22.5, 22.75, 22.75, 9999.0, 9999.0, 9999.0, 23.77, 9999.0, 22.36, 9999.0, 22.7, 22.5, 22.25, 22.27, 22.25
2026-09-13, 00:56:43, 22.27, 22.5, 22.75, 22.75, 9999.0, 9999.0, 9999.0, 23.82, 9999.0, 22.36, 9999.0, 22.7, 22.5, 22.25, 22.27, 22.25
2026-09-13, 00:56:47, 22.27, 22.5, 22.75, 22.75, 9999.0, 9999.0, 9999.0, 23.84, 9999.0, 22.32, 9999.0, 22.68, 22.5, 22.25, 22.25, 22.25
2026-09-13, 00:56:51, 22.27, 22.5, 22.75, 22.75, 9999.0, 9999.0, 9999.0, 23.86, 9999.0, 22.3, 9999.0, 22.66, 22.5, 22.25, 22.25, 22.25
2026-09-13, 00:56:55, 22.27, 22.5, 22.75, 22.75, 9999.0, 9999.0, 9999.0, 23.91, 9999.0, 22.27, 9999.0, 22.64, 22.5, 22.25, 22.25, 22.25
2026-09-13, 00:56:59, 22.27, 22.5, 22.75, 22.75, 9999.0, 9999.0, 9999.0, 23.93, 9999.0, 22.25, 9999.0, 22.64, 22.5, 22.25, 22.25, 22.25
2026-09-13, 00:57:03, 22.27, 22.5, 22.75, 22.75, 9999.0, 9999.0, 9999.0, 23.98, 9999.0, 22.23, 9999.0, 22.64, 22.5, 22.25, 22.25, 22.25
2026-09-13, 00:57:07, 22.27, 22.5, 22.75, 22.75, 9999.0, 9999.0, 9999.0, 23.93, 9999.0, 22.18, 9999.0, 22.66, 22.5, 22.25, 22.25, 22.27
2026-09-13, 00:57:11, 22.27, 22.5, 22.75, 22.75, 9999.0, 9999.0, 9999.0, 23.89, 9999.0, 22.16, 9999.0, 22.66, 22.5, 22.25, 22.25, 22.27
2026-09-13, 00:57:15, 22.27, 22.5, 22.75, 22.75, 9999.0, 9999.0, 9999.0, 23.82, 9999.0, 22.14, 9999.0, 22.66, 22.5, 22.25, 22.25, 22.27
2026-09-13, 00:57:19, 22.25, 22.5, 22.75, 22.75, 9999.0, 9999.0, 9999.0, 23.77, 9999.0, 22.14, 9999.0, 22.66, 22.5, 22.25, 22.25, 22.27
2026-09-13, 00:57:23, 22.25, 22.5, 22.75, 22.75, 9999.0, 9999.0, 9999.0, 23.73, 9999.0, 22.14, 9999.0, 22.68, 22.5, 22.25, 22.25, 22.27
2026-09-13, 00:57:27, 22.25, 22.5, 22.75, 22.75, 9999.0, 9999.0, 9999.0, 23.68, 9999.0, 22.14, 9999.0, 22.68, 22.5, 22.25, 22.25, 22.27
2026-09-13, 00:57:31, 22.25, 22.5, 22.75, 22.75, 9999.0, 9999.0, 9999.0, 23.66, 9999.0, 22.16, 9999.0, 22.7, 22.5, 22.25, 22.25, 22.27
2026-09-13, 00:57:35, 22.25, 22.5, 22.75, 22.75, 9999.0, 9999.0, 9999.0, 23.64, 9999.0, 22.2, 9999.0, 22.73, 22.5, 22.25, 22.25, 22.27
2026-09-13, 00:57:39, 22.25, 22.5, 22.75, 22.75, 9999.0, 9999.0, 9999.0, 23.66, 9999.0, 22.2, 9999.0, 22.75, 22.5, 22.25, 22.25, 22.27
2026-09-13, 00:57:43, 22.25, 22.5, 22.75, 22.75, 9999.0, 9999.0, 9999.0, 23.68, 9999.0, 22.2, 9999.0, 22.75, 22.5, 22.25, 22.25, 22.27
2026-09-13, 00:57:47, 22.27, 22.5, 22.75, 22.75, 9999.0, 9999.0, 9999.0, 23.7, 9999.0, 22.2, 9999.0, 22.75, 22.5, 22.25, 22.25, 22.27
2026-09-13, 00:57:51, 22.3, 22.48, 22.75, 22.75, 9999.0, 9999.0, 9999.0, 23.73, 9999.0, 22.23, 9999.0, 22.75, 22.5, 22.25, 22.25, 22.25
2026-09-13, 00:57:55, 22.3, 22.48, 22.75, 22.75, 9999.0, 9999.0, 9999.0, 23.75, 9999.0, 22.23, 9999.0, 22.73, 22.5, 22.25, 22.25, 22.25
2026-09-13, 00:57:59, 22.3, 22.48, 22.75, 22.75, 9999.0, 9999.0, 9999.0, 23.77, 9999.0, 22.25, 9999.0, 22.7, 22.5, 22.25, 22.25, 22.25
2026-09-13, 00:58:03, 22.3, 22.48, 22.75, 22.75, 9999.0, 9999.0, 9999.0, 23.8, 9999.0, 22.23, 9999.0, 22.68, 22.5, 22.25, 22.25, 22.25
2026-09-13, 00:58:07, 22.3, 22.48, 22.75, 22.75, 9999.0, 9999.0, 9999.0, 23.82, 9999.0, 22.2, 9999.0, 22.66, 22.5, 22.25, 22.25, 22.25
2026-09-13, 00:58:11, 22.3, 22.48, 22.75, 22.75, 9999.0, 9999.0, 9999.0, 23.84, 9999.0, 22.2, 9999.0, 22.64, 22.5, 22.25, 22.25, 22.25
2026-09-13, 00:58:15, 22.3, 22.48, 22.75, 22.75, 9999.0, 9999.0, 9999.0, 23.86, 9999.0, 22.2, 9999.0, 22.64, 22.5, 22.25, 22.25, 22.25
2026-09-13, 00:58:19, 22.3, 22.45, 22.75, 22.75, 9999.0, 9999.0, 9999.0, 23.89, 9999.0, 22.18, 9999.0, 22.64, 22.5, 22.25, 22.25, 22.25
2026-09-13, 00:58:23, 22.3, 22.45, 22.75, 22.75, 9999.0, 9999.0, 9999.0, 23.84, 9999.0, 22.18, 9999.0, 22.64, 22.5, 22.25, 22.25, 22.25
2026-09-13, 00:58:27, 22.3, 22.45, 22.75, 22.75, 9999.0, 9999.0, 9999.0, 23.82, 9999.0, 22.16, 9999.0, 22.66, 22.5, 22.25, 22.25, 22.25
2026-09-13, 00:58:31, 22.27, 22.45, 22.75, 22.75, 9999.0, 9999.0, 9999.0, 23.8, 9999.0, 22.14, 9999.0, 22.66, 22.5, 22.25, 22.25, 22.25
2026-09-13, 00:58:35, 22.25, 22.48, 22.75, 22.75, 9999.0, 9999.0, 9999.0, 23.75, 9999.0, 22.14, 9999.0, 22.66, 22.5, 22.25, 22.25, 22.25
2026-09-13, 00:58:39, 22.25, 22.48, 22.75, 22.75, 9999.0, 9999.0, 9999.0, 23.7, 9999.0, 22.16, 9999.0, 22.68, 22.5, 22.25, 22.25, 22.25
2026-09-13, 00:58:43, 22.25, 22.48, 22.75, 22.75, 9999.0, 9999.0, 9999.0, 23.68, 9999.0, 22.16, 9999.0, 22.7, 22.5, 22.25, 22.25, 22.25
2026-09-13, 00:58:47, 22.25, 22.48, 22.75, 22.75, 9999.0, 9999.0, 9999.0, 23.66, 9999.0, 22.2, 9999.0, 22.73, 22.5, 22.25, 22.25, 22.25
2026-09-13, 00:58:51, 22.25, 22.48, 22.75, 22.75, 9999.0, 9999.0, 9999.0, 23.64, 9999.0, 22.25, 9999.0, 22.75, 22.5, 22.25, 22.25, 22.25
2026-09-13, 00:58:55, 22.25, 22.48, 22.75, 22.75, 9999.0, 9999.0, 9999.0, 23.61, 9999.0, 22.27, 9999.0, 22.77, 22.5, 22.25, 22.25, 22.25
2026-09-13, 00:58:59, 22.25, 22.48, 22.75, 22.75, 9999.0, 9999.0, 9999.0, 23.66, 9999.0, 22.3, 9999.0, 22.77, 22.5, 22.25, 22.25, 22.25
2026-09-13, 00:59:03, 22.25, 22.5, 22.75, 22.75, 9999.0, 9999.0, 9999.0, 23.68, 9999.0, 22.32, 9999.0, 22.77, 22.5, 22.25, 22.25, 22.25
2026-09-13, 00:59:07, 22.25, 22.5, 22.75, 22.75, 9999.0, 9999.0, 9999.0, 23.7, 9999.0, 22.32, 9999.0, 22.77, 22.5, 22.25, 22.25, 22.25
2026-09-13, 00:59:11, 22.25, 22.5, 22.75, 22.75, 9999.0, 9999.0, 9999.0, 23.73, 9999.0, 22.34, 9999.0, 22.73, 22.5, 22.25, 22.25, 22.25
2026-09-13, 00:59:15, 22.25, 22.5, 22.75, 22.75, 9999.0, 9999.0, 9999.0, 23.75, 9999.0, 22.36, 9999.0, 22.7, 22.5, 22.25, 22.25, 22.25
2026-09-13, 00:59:19, 22.25, 22.5, 22.75, 22.75, 9999.0, 9999.0, 9999.0, 23.77, 9999.0, 22.36, 9999.0, 22.68, 22.5, 22.25, 22.25, 22.25
2026-09-13, 00:59:23, 22.25, 22.5, 22.75, 22.75, 9999.0, 9999.0, 9999.0, 23.8, 9999.0, 22.36, 9999.0, 22.66, 22.5, 22.25, 22.25, 22.25
2026-09-13, 00:59:27, 22.25, 22.5, 22.75, 22.75, 9999.0, 9999.0, 9999.0, 23.82, 9999.0, 22.36, 9999.0, 22.66, 22.5, 22.25, 22.25, 22.25
2026-09-13, 00:59:31, 22.27, 22.5, 22.75, 22.75, 9999.0, 9999.0, 9999.0, 23.84, 9999.0, 22.34, 9999.0, 22.64, 22.5, 22.25, 22.25, 22.25
2026-09-13, 00:59:35, 22.27, 22.5, 22.75, 22.75, 9999.0, 9999.0, 9999.0, 23.86, 9999.0, 22.32, 9999.0, 22.64, 22.5, 22.25, 22.25, 22.25
2026-09-13, 00:59:39, 22.27, 22.5, 22.75, 22.75, 9999.0, 9999.0, 9999.0, 23.89, 9999.0, 22.3, 9999.0, 22.64, 22.5, 22.25, 22.25, 22.25
2026-09-13, 00:59:43, 22.27, 22.48, 22.75, 22.75, 9999.0, 9999.0, 9999.0, 23.84, 9999.0, 22.27, 9999.0, 22.64, 22.5, 22.25, 22.25, 22.25
2026-09-13, 00:59:47, 22.27, 22.48, 22.75, 22.75, 9999.0, 9999.0, 9999.0, 23.82, 9999.0, 22.25, 9999.0, 22.64, 22.5, 22.25, 22.25, 22.25
2026-09-13, 00:59:51, 22.27, 22.48, 22.75, 22.75, 9999.0, 9999.0, 9999.0, 23.77, 9999.0, 22.25, 9999.0, 22.64, 22.5, 22.25, 22.25, 22.25
2026-09-13, 00:59:55, 22.27, 22.48, 22.75, 22.75, 9999.0, 9999.0, 9999.0, 23.73, 9999.0, 22.27, 9999.0, 22.66, 22.5, 22.25, 22.25, 22.25
2026-09-13, 00:59:59, 22.27, 22.48, 22.75, 22.75, 9999.0, 9999.0, 9999.0, 23.68, 9999.0, 22.3, 9999.0, 22.68, 22.5, 22.25, 22.25, 22.25
2026-09-13, 01:00:03, 22.27, 22.48, 22.75, 22.75, 9999.0, 9999.0, 9999.0, 23.66, 9999.0, 22.32, 9999.0, 22.7, 22.5, 22.25, 22.25, 22.25
2026-09-13, 01:00:07, 22.27, 22.48, 22.75, 22.75, 9999.0, 9999.0, 9999.0, 23.64, 9999.0, 22.34, 9999.0, 22.73, 22.5, 22.25, 22.25, 22.25
2026-09-13, 01:00:11, 22.27, 22.48, 22.75, 22.75, 9999.0, 9999.0, 9999.0, 23.61, 9999.0, 22.36, 9999.0, 22.73, 22.5, 22.25, 22.25, 22.25
2026-09-13, 01:00:15, 22.25, 22.48, 22.75, 22.75, 9999.0, 9999.0, 9999.0, 23.66, 9999.0, 22.39, 9999.0, 22.75, 22.5, 22.25, 22.25, 22.25
2026-09-13, 01:00:20, 22.25, 22.45, 22.75, 22.75, 9999.0, 9999.0, 9999.0, 23.7, 9999.0, 22.41, 9999.0, 22.75, 22.5, 22.25, 22.25, 22.25
2026-09-13, 01:00:26, 22.25, 22.45, 22.75, 22.75, 9999.0, 9999.0, 9999.0, 23.73, 9999.0, 22.43, 9999.0, 22.75, 22.5, 22.25, 22.25, 22.25
2026-09-13, 01:00:30, 22.25, 22.48, 22.75, 22.75, 9999.0, 9999.0, 9999.0, 23.75, 9999.0, 22.45, 9999.0, 22.75, 22.5, 22.25, 22.25, 22.25
2026-09-13, 01:00:34, 22.25, 22.48, 22.75, 22.75, 9999.0, 9999.0, 9999.0, 23.77, 9999.0, 22.48, 9999.0, 22.75, 22.5, 22.25, 22.25, 22.27
2026-09-13, 01:00:38, 22.25, 22.45, 22.75, 22.75, 9999.0, 9999.0, 9999.0, 23.8, 9999.0, 22.5, 9999.0, 22.73, 22.5, 22.25, 22.25, 22.27
2026-09-13, 01:00:42, 22.27, 22.45, 22.75, 22.75, 9999.0, 9999.0, 9999.0, 23.82, 9999.0, 22.48, 9999.0, 22.7, 22.5, 22.25, 22.25, 22.27
2026-09-13, 01:00:46, 22.3, 22.43, 22.75, 22.75, 9999.0, 9999.0, 9999.0, 23.84, 9999.0, 22.45, 9999.0, 22.68, 22.5, 22.25, 22.27, 22.27
2026-09-13, 01:00:50, 22.3, 22.43, 22.75, 22.75, 9999.0, 9999.0, 9999.0, 23.86, 9999.0, 22.43, 9999.0, 22.66, 22.5, 22.25, 22.27, 22.27
2026-09-13, 01:00:54, 22.32, 22.43, 22.75, 22.75, 9999.0, 9999.0, 9999.0, 23.89, 9999.0, 22.41, 9999.0, 22.66, 22.5, 22.25, 22.27, 22.27
2026-09-13, 01:00:58, 22.34, 22.43, 22.75, 22.75, 9999.0, 9999.0, 9999.0, 23.91, 9999.0, 22.39, 9999.0, 22.66, 22.5, 22.25, 22.27, 22.27
2026-09-13, 01:01:02, 22.36, 22.43, 22.75, 22.75, 9999.0, 9999.0, 9999.0, 23.84, 9999.0, 22.36, 9999.0, 22.66, 22.5, 22.25, 22.3, 22.27
2026-09-13, 01:01:06, 22.36, 22.45, 22.75, 22.75, 9999.0, 9999.0, 9999.0, 23.8, 9999.0, 22.34, 9999.0, 22.66, 22.5, 22.25, 22.3, 22.27
2026-09-13, 01:01:10, 22.36, 22.45, 22.75, 22.75, 9999.0, 9999.0, 9999.0, 23.75, 9999.0, 22.32, 9999.0, 22.66, 22.5, 22.25, 22.3, 22.27
2026-09-13, 01:01:14, 22.36, 22.45, 22.75, 22.75, 9999.0, 9999.0, 9999.0, 23.7, 9999.0, 22.3, 9999.0, 22.66, 22.5, 22.25, 22.3, 22.27
2026-09-13, 01:01:18, 22.36, 22.45, 22.75, 22.75, 9999.0, 9999.0, 9999.0, 23.66, 9999.0, 22.3, 9999.0, 22.66, 22.5, 22.25, 22.32, 22.27
2026-09-13, 01:01:22, 22.36, 22.48, 22.75, 22.75, 9999.0, 9999.0, 9999.0, 23.64, 9999.0, 22.3, 9999.0, 22.68, 22.5, 22.25, 22.32, 22.27
2026-09-13, 01:01:26, 22.34, 22.48, 22.75, 22.75, 9999.0, 9999.0, 9999.0, 23.59, 9999.0, 22.32, 9999.0, 22.7, 22.5, 22.25, 22.32, 22.27
2026-09-13, 01:01:30, 22.32, 22.5, 22.75, 22.75, 9999.0, 9999.0, 9999.0, 23.57, 9999.0, 22.34, 9999.0, 22.73, 22.5, 22.25, 22.3, 22.27
2026-09-13, 01:01:34, 22.32, 22.5, 22.75, 22.75, 9999.0, 9999.0, 9999.0, 23.61, 9999.0, 22.36, 9999.0, 22.75, 22.5, 22.25, 22.32, 22.27
2026-09-13, 01:01:38, 22.3, 22.5, 22.75, 22.75, 9999.0, 9999.0, 9999.0, 23.64, 9999.0, 22.39, 9999.0, 22.75, 22.5, 22.25, 22.34, 22.27
2026-09-13, 01:01:42, 22.27, 22.5, 22.75, 22.75, 9999.0, 9999.0, 9999.0, 23.66, 9999.0, 22.41, 9999.0, 22.75, 22.5, 22.25, 22.34, 22.3
2026-09-13, 01:01:46, 22.25, 22.5, 22.75, 22.75, 9999.0, 9999.0, 9999.0, 23.7, 9999.0, 22.43, 9999.0, 22.75, 22.5, 22.25, 22.34, 22.3
2026-09-13, 01:01:50, 22.25, 22.5, 22.75, 22.75, 9999.0, 9999.0, 9999.0, 23.73, 9999.0, 22.45, 9999.0, 22.75, 22.5, 22.25, 22.34, 22.3
2026-09-13, 01:01:54, 22.27, 22.5, 22.75, 22.75, 9999.0, 9999.0, 9999.0, 23.77, 9999.0, 22.48, 9999.0, 22.75, 22.5, 22.25, 22.34, 22.3
2026-09-13, 01:01:59, 22.27, 22.5, 22.75, 22.75, 9999.0, 9999.0, 9999.0, 23.8, 9999.0, 22.5, 9999.0, 22.73, 22.5, 22.25, 22.34, 22.3
2026-09-13, 01:02:03, 22.3, 22.5, 22.75, 22.75, 9999.0, 9999.0, 9999.0, 23.84, 9999.0, 22.48, 9999.0, 22.73, 22.5, 22.25, 22.34, 22.27
2026-09-13, 01:02:07, 22.3, 22.5, 22.75, 22.75, 9999.0, 9999.0, 9999.0, 23.89, 9999.0, 22.48, 9999.0, 22.7, 22.5, 22.25, 22.34, 22.27
2026-09-13, 01:02:11, 22.3, 22.5, 22.75, 22.75, 9999.0, 9999.0, 9999.0, 23.95, 9999.0, 22.45, 9999.0, 22.68, 22.5, 22.25, 22.34, 22.27
2026-09-13, 01:02:15, 22.3, 22.5, 22.75, 22.75, 9999.0, 9999.0, 9999.0, 23.98, 9999.0, 22.43, 9999.0, 22.68, 22.5, 22.25, 22.34, 22.27
2026-09-13, 01:02:19, 22.3, 22.5, 22.75, 22.75, 9999.0, 9999.0, 9999.0, 23.93, 9999.0, 22.41, 9999.0, 22.68, 22.5, 22.25, 22.32, 22.27
2026-09-13, 01:02:23, 22.3, 22.5, 22.75, 22.75, 9999.0, 9999.0, 9999.0, 23.91, 9999.0, 22.39, 9999.0, 22.7, 22.5, 22.25, 22.3, 22.27
2026-09-13, 01:02:27, 22.32, 22.5, 22.75, 22.75, 9999.0, 9999.0, 9999.0, 23.89, 9999.0, 22.36, 9999.0, 22.7, 22.5, 22.25, 22.3, 22.25
2026-09-13, 01:02:31, 22.32, 22.5, 22.75, 22.75, 9999.0, 9999.0, 9999.0, 23.84, 9999.0, 22.34, 9999.0, 22.7, 22.5, 22.25, 22.3, 22.27
2026-09-13, 01:02:35, 22.32, 22.5, 22.75, 22.75, 9999.0, 9999.0, 9999.0, 23.8, 9999.0, 22.34, 9999.0, 22.7, 22.5, 22.25, 22.32, 22.27
2026-09-13, 01:02:39, 22.32, 22.5, 22.75, 22.75, 9999.0, 9999.0, 9999.0, 23.75, 9999.0, 22.34, 9999.0, 22.7, 22.5, 22.25, 22.34, 22.27
2026-09-13, 01:02:43, 22.32, 22.5, 22.75, 22.75, 9999.0, 9999.0, 9999.0, 23.73, 9999.0, 22.36, 9999.0, 22.73, 22.5, 22.25, 22.34, 22.3
2026-09-13, 01:02:47, 22.32, 22.48, 22.75, 22.75, 9999.0, 9999.0, 9999.0, 23.68, 9999.0, 22.41, 9999.0, 22.73, 22.5, 22.25, 22.32, 22.3
2026-09-13, 01:02:51, 22.32, 22.48, 22.75, 22.75, 9999.0, 9999.0, 9999.0, 23.64, 9999.0, 22.43, 9999.0, 22.75, 22.5, 22.25, 22.32, 22.3
2026-09-13, 01:02:55, 22.32, 22.48, 22.75, 22.75, 9999.0, 9999.0, 9999.0, 23.66, 9999.0, 22.45, 9999.0, 22.77, 22.5, 22.25, 22.32, 22.32
2026-09-13, 01:02:59, 22.32, 22.48, 22.75, 22.75, 9999.0, 9999.0, 9999.0, 23.68, 9999.0, 22.5, 9999.0, 22.77, 22.5, 22.25, 22.32, 22.32
2026-09-13, 01:03:03, 22.34, 22.48, 22.75, 22.75, 9999.0, 9999.0, 9999.0, 23.7, 9999.0, 22.52, 9999.0, 22.77, 22.5, 22.25, 22.32, 22.34
2026-09-13, 01:03:07, 22.34, 22.48, 22.75, 22.75, 9999.0, 9999.0, 9999.0, 23.73, 9999.0, 22.55, 9999.0, 22.75, 22.5, 22.25, 22.32, 22.36
2026-09-13, 01:03:11, 22.32, 22.48, 22.75, 22.75, 9999.0, 9999.0, 9999.0, 23.75, 9999.0, 22.57, 9999.0, 22.73, 22.5, 22.25, 22.34, 22.36
2026-09-13, 01:03:15, 22.32, 22.48, 22.75, 22.75, 9999.0, 9999.0, 9999.0, 23.8, 9999.0, 22.59, 9999.0, 22.73, 22.5, 22.25, 22.34, 22.34
2026-09-13, 01:03:19, 22.32, 22.48, 22.75, 22.75, 9999.0, 9999.0, 9999.0, 23.82, 9999.0, 22.59, 9999.0, 22.7, 22.5, 22.25, 22.32, 22.36
2026-09-13, 01:03:23, 22.3, 22.48, 22.75, 22.75, 9999.0, 9999.0, 9999.0, 23.84, 9999.0, 22.59, 9999.0, 22.68, 22.5, 22.25, 22.3, 22.36
2026-09-13, 01:03:27, 22.3, 22.48, 22.75, 22.75, 9999.0, 9999.0, 9999.0, 23.89, 9999.0, 22.57, 9999.0, 22.66, 22.5, 22.25, 22.32, 22.34
2026-09-13, 01:03:31, 22.27, 22.5, 22.75, 22.75, 9999.0, 9999.0, 9999.0, 23.91, 9999.0, 22.55, 9999.0, 22.66, 22.5, 22.25, 22.34, 22.34
2026-09-13, 01:03:35, 22.27, 22.5, 22.75, 22.75, 9999.0, 9999.0, 9999.0, 23.93, 9999.0, 22.52, 9999.0, 22.66, 22.5, 22.25, 22.34, 22.36
2026-09-13, 01:03:39, 22.27, 22.5, 22.75, 22.75, 9999.0, 9999.0, 9999.0, 23.89, 9999.0, 22.5, 9999.0, 22.66, 22.5, 22.25, 22.34, 22.34
2026-09-13, 01:03:43, 22.27, 22.5, 22.75, 22.75, 9999.0, 9999.0, 9999.0, 23.86, 9999.0, 22.45, 9999.0, 22.68, 22.5, 22.25, 22.34, 22.34
2026-09-13, 01:03:47, 22.25, 22.5, 22.75, 22.75, 9999.0, 9999.0, 9999.0, 23.82, 9999.0, 22.45, 9999.0, 22.7, 22.5, 22.25, 22.36, 22.32
2026-09-13, 01:03:51, 22.25, 22.5, 22.75, 22.75, 9999.0, 9999.0, 9999.0, 23.8, 9999.0, 22.45, 9999.0, 22.7, 22.5, 22.25, 22.36, 22.3
2026-09-13, 01:03:55, 22.27, 22.5, 22.75, 22.75, 9999.0, 9999.0, 9999.0, 23.77, 9999.0, 22.45, 9999.0, 22.73, 22.5, 22.25, 22.34, 22.3
2026-09-13, 01:03:59, 22.27, 22.5, 22.75, 22.75, 9999.0, 9999.0, 9999.0, 23.73, 9999.0, 22.45, 9999.0, 22.73, 22.5, 22.25, 22.32, 22.3
2026-09-13, 01:04:03, 22.27, 22.5, 22.75, 22.75, 9999.0, 9999.0, 9999.0, 23.7, 9999.0, 22.48, 9999.0, 22.75, 22.5, 22.25, 22.34, 22.27
2026-09-13, 01:04:07, 22.27, 22.48, 22.75, 22.75, 9999.0, 9999.0, 9999.0, 23.68, 9999.0, 22.5, 9999.0, 22.77, 22.5, 22.25, 22.34, 22.27
2026-09-13, 01:04:11, 22.27, 22.48, 22.75, 22.75, 9999.0, 9999.0, 9999.0, 23.7, 9999.0, 22.52, 9999.0, 22.8, 22.5, 22.25, 22.32, 22.27
2026-09-13, 01:04:15, 22.3, 22.48, 22.75, 22.75, 9999.0, 9999.0, 9999.0, 23.75, 9999.0, 22.55, 9999.0, 22.8, 22.5, 22.25, 22.3, 22.27
2026-09-13, 01:04:19, 22.32, 22.48, 22.75, 22.75, 9999.0, 9999.0, 9999.0, 23.8, 9999.0, 22.57, 9999.0, 22.8, 22.5, 22.25, 22.3, 22.25
2026-09-13, 01:04:23, 22.32, 22.48, 22.75, 22.75, 9999.0, 9999.0, 9999.0, 23.82, 9999.0, 22.59, 9999.0, 22.8, 22.5, 22.25, 22.3, 22.25
2026-09-13, 01:04:27, 22.32, 22.48, 22.75, 22.75, 9999.0, 9999.0, 9999.0, 23.84, 9999.0, 22.64, 9999.0, 22.75, 22.5, 22.25, 22.32, 22.25
2026-09-13, 01:04:31, 22.32, 22.48, 22.77, 22.75, 9999.0, 9999.0, 9999.0, 23.89, 9999.0, 22.64, 9999.0, 22.73, 22.5, 22.25, 22.32, 22.25
2026-09-13, 01:04:35, 22.32, 22.48, 22.77, 22.75, 9999.0, 9999.0, 9999.0, 23.91, 9999.0, 22.64, 9999.0, 22.73, 22.5, 22.25, 22.32, 22.25
2026-09-13, 01:04:39, 22.3, 22.48, 22.77, 22.75, 9999.0, 9999.0, 9999.0, 23.93, 9999.0, 22.64, 9999.0, 22.7, 22.5, 22.25, 22.32, 22.25
2026-09-13, 01:04:43, 22.3, 22.48, 22.77, 22.75, 9999.0, 9999.0, 9999.0, 23.98, 9999.0, 22.64, 9999.0, 22.68, 22.5, 22.25, 22.32, 22.25
2026-09-13, 01:04:47, 22.3, 22.48, 22.77, 22.75, 9999.0, 9999.0, 9999.0, 24.02, 9999.0, 22.61, 9999.0, 22.68, 22.5, 22.25, 22.3, 22.25
2026-09-13, 01:04:51, 22.3, 22.5, 22.77, 22.75, 9999.0, 9999.0, 9999.0, 24.05, 9999.0, 22.59, 9999.0, 22.68, 22.5, 22.25, 22.3, 22.25
2026-09-13, 01:04:55, 22.3, 22.5, 22.77, 22.75, 9999.0, 9999.0, 9999.0, 24.0, 9999.0, 22.57, 9999.0, 22.68, 22.5, 22.25, 22.3, 22.27
2026-09-13, 01:04:59, 22.27, 22.5, 22.77, 22.75, 9999.0, 9999.0, 9999.0, 23.95, 9999.0, 22.55, 9999.0, 22.7, 22.5, 22.25, 22.3, 22.27
2026-09-13, 01:05:03, 22.25, 22.5, 22.77, 22.75, 9999.0, 9999.0, 9999.0, 23.91, 9999.0, 22.5, 9999.0, 22.73, 22.5, 22.25, 22.3, 22.27
2026-09-13, 01:05:07, 22.27, 22.5, 22.77, 22.75, 9999.0, 9999.0, 9999.0, 23.89, 9999.0, 22.5, 9999.0, 22.73, 22.5, 22.25, 22.3, 22.27
2026-09-13, 01:05:11, 22.3, 22.5, 22.77, 22.75, 9999.0, 9999.0, 9999.0, 23.86, 9999.0, 22.48, 9999.0, 22.75, 22.5, 22.25, 22.27, 22.27
2026-09-13, 01:05:15, 22.3, 22.5, 22.75, 22.75, 9999.0, 9999.0, 9999.0, 23.82, 9999.0, 22.48, 9999.0, 22.75, 22.5, 22.25, 22.25, 22.27
2026-09-13, 01:05:19, 22.3, 22.5, 22.75, 22.75, 9999.0, 9999.0, 9999.0, 23.77, 9999.0, 22.5, 9999.0, 22.75, 22.5, 22.25, 22.25, 22.27
2026-09-13, 01:05:23, 22.3, 22.5, 22.75, 22.75, 9999.0, 9999.0, 9999.0, 23.73, 9999.0, 22.52, 9999.0, 22.77, 22.5, 22.25, 22.25, 22.27
2026-09-13, 01:05:27, 22.3, 22.5, 22.75, 22.75, 9999.0, 9999.0, 9999.0, 23.68, 9999.0, 22.55, 9999.0, 22.8, 22.5, 22.25, 22.25, 22.27
2026-09-13, 01:05:31, 22.3, 22.5, 22.75, 22.75, 9999.0, 9999.0, 9999.0, 23.7, 9999.0, 22.57, 9999.0, 22.8, 22.5, 22.25, 22.25, 22.27
2026-09-13, 01:05:35, 22.3, 22.5, 22.75, 22.75, 9999.0, 9999.0, 9999.0, 23.75, 9999.0, 22.59, 9999.0, 22.8, 22.5, 22.25, 22.25, 22.27
2026-09-13, 01:05:40, 22.3, 22.5, 22.75, 22.75, 9999.0, 9999.0, 9999.0, 23.8, 9999.0, 22.59, 9999.0, 22.8, 22.5, 22.25, 22.25, 22.25
2026-09-13, 01:05:44, 22.3, 22.5, 22.75, 22.75, 9999.0, 9999.0, 9999.0, 23.82, 9999.0, 22.59, 9999.0, 22.75, 22.5, 22.25, 22.25, 22.25
2026-09-13, 01:05:48, 22.3, 22.5, 22.75, 22.75, 9999.0, 9999.0, 9999.0, 23.84, 9999.0, 22.61, 9999.0, 22.73, 22.5, 22.25, 22.25, 22.25
2026-09-13, 01:05:52, 22.27, 22.48, 22.75, 22.75, 9999.0, 9999.0, 9999.0, 23.86, 9999.0, 22.61, 9999.0, 22.7, 22.5, 22.25, 22.25, 22.25
2026-09-13, 01:05:56, 22.25, 22.48, 22.75, 22.75, 9999.0, 9999.0, 9999.0, 23.89, 9999.0, 22.61, 9999.0, 22.68, 22.5, 22.25, 22.25, 22.25
2026-09-13, 01:06:00, 22.25, 22.48, 22.75, 22.75, 9999.0, 9999.0, 9999.0, 23.93, 9999.0, 22.61, 9999.0, 22.66, 22.5, 22.25, 22.25, 22.25
2026-09-13, 01:06:04, 22.25, 22.48, 22.75, 22.75, 9999.0, 9999.0, 9999.0, 23.98, 9999.0, 22.59, 9999.0, 22.64, 22.5, 22.25, 22.25, 22.27
2026-09-13, 01:06:08, 22.25, 22.45, 22.75, 22.75, 9999.0, 9999.0, 9999.0, 24.0, 9999.0, 22.57, 9999.0, 22.64, 22.5, 22.25, 22.25, 22.27
2026-09-13, 01:06:12, 22.27, 22.45, 22.75, 22.75, 9999.0, 9999.0, 9999.0, 24.05, 9999.0, 22.55, 9999.0, 22.64, 22.5, 22.25, 22.25, 22.27
2026-09-13, 01:06:16, 22.3, 22.45, 22.75, 22.75, 9999.0, 9999.0, 9999.0, 24.02, 9999.0, 22.52, 9999.0, 22.64, 22.5, 22.25, 22.27, 22.27
2026-09-13, 01:06:20, 22.3, 22.45, 22.75, 22.75, 9999.0, 9999.0, 9999.0, 23.98, 9999.0, 22.5, 9999.0, 22.64, 22.5, 22.25, 22.27, 22.3
2026-09-13, 01:06:24, 22.3, 22.45, 22.75, 22.75, 9999.0, 9999.0, 9999.0, 23.93, 9999.0, 22.5, 9999.0, 22.64, 22.5, 22.25, 22.27, 22.3
2026-09-13, 01:06:28, 22.3, 22.45, 22.75, 22.75, 9999.0, 9999.0, 9999.0, 23.91, 9999.0, 22.52, 9999.0, 22.66, 22.5, 22.25, 22.27, 22.3
2026-09-13, 01:06:32, 22.3, 22.45, 22.75, 22.75, 9999.0, 9999.0, 9999.0, 23.86, 9999.0, 22.52, 9999.0, 22.66, 22.5, 22.25, 22.27, 22.3
2026-09-13, 01:06:36, 22.3, 22.48, 22.75, 22.75, 9999.0, 9999.0, 9999.0, 23.82, 9999.0, 22.55, 9999.0, 22.68, 22.5, 22.25, 22.27, 22.32
2026-09-13, 01:06:40, 22.3, 22.48, 22.75, 22.75, 9999.0, 9999.0, 9999.0, 23.77, 9999.0, 22.57, 9999.0, 22.7, 22.5, 22.25, 22.27, 22.32
2026-09-13, 01:06:44, 22.3, 22.48, 22.75, 22.75, 9999.0, 9999.0, 9999.0, 23.73, 9999.0, 22.59, 9999.0, 22.73, 22.5, 22.25, 22.27, 22.32
2026-09-13, 01:06:48, 22.3, 22.48, 22.75, 22.75, 9999.0, 9999.0, 9999.0, 23.77, 9999.0, 22.61, 9999.0, 22.75, 22.5, 22.25, 22.27, 22.3
2026-09-13, 01:06:52, 22.3, 22.5, 22.75, 22.75, 9999.0, 9999.0, 9999.0, 23.82, 9999.0, 22.64, 9999.0, 22.75, 22.5, 22.25, 22.27, 22.3
2026-09-13, 01:06:56, 22.27, 22.5, 22.75, 22.75, 9999.0, 9999.0, 9999.0, 23.84, 9999.0, 22.66, 9999.0, 22.75, 22.5, 22.25, 22.3, 22.3
2026-09-13, 01:07:00, 22.25, 22.5, 22.75, 22.75, 9999.0, 9999.0, 9999.0, 23.86, 9999.0, 22.68, 9999.0, 22.75, 22.5, 22.25, 22.27, 22.3
2026-09-13, 01:07:04, 22.25, 22.5, 22.75, 22.75, 9999.0, 9999.0, 9999.0, 23.91, 9999.0, 22.7, 9999.0, 22.75, 22.5, 22.25, 22.27, 22.27
2026-09-13, 01:07:08, 22.25, 22.5, 22.75, 22.75, 9999.0, 9999.0, 9999.0, 23.93, 9999.0, 22.73, 9999.0, 22.75, 22.5, 22.25, 22.27, 22.27
2026-09-13, 01:07:12, 22.25, 22.5, 22.75, 22.75, 9999.0, 9999.0, 9999.0, 23.95, 9999.0, 22.73, 9999.0, 22.73, 22.5, 22.25, 22.27, 22.27
2026-09-13, 01:07:16, 22.25, 22.5, 22.75, 22.75, 9999.0, 9999.0, 9999.0, 24.0, 9999.0, 22.75, 9999.0, 22.73, 22.5, 22.25, 22.27, 22.27
2026-09-13, 01:07:20, 22.25, 22.5, 22.75, 22.75, 9999.0, 9999.0, 9999.0, 24.05, 9999.0, 22.75, 9999.0, 22.73, 22.5, 22.25, 22.27, 22.25
2026-09-13, 01:07:24, 22.25, 22.5, 22.75, 22.75, 9999.0, 9999.0, 9999.0, 24.09, 9999.0, 22.75, 9999.0, 22.73, 22.5, 22.25, 22.27, 22.25
2026-09-13, 01:07:28, 22.25, 22.5, 22.75, 22.75, 9999.0, 9999.0, 9999.0, 24.14, 9999.0, 22.73, 9999.0, 22.73, 22.5, 22.25, 22.27, 22.25
2026-09-13, 01:07:32, 22.25, 22.5, 22.75, 22.75, 9999.0, 9999.0, 9999.0, 24.09, 9999.0, 22.7, 9999.0, 22.73, 22.5, 22.25, 22.27, 22.25
2026-09-13, 01:07:36, 22.25, 22.5, 22.75, 22.75, 9999.0, 9999.0, 9999.0, 24.05, 9999.0, 22.68, 9999.0, 22.75, 22.5, 22.25, 22.3, 22.25
2026-09-13, 01:07:40, 22.25, 22.5, 22.75, 22.75, 9999.0, 9999.0, 9999.0, 24.0, 9999.0, 22.66, 9999.0, 22.75, 22.5, 22.25, 22.27, 22.25
2026-09-13, 01:07:44, 22.25, 22.5, 22.75, 22.75, 9999.0, 9999.0, 9999.0, 23.95, 9999.0, 22.66, 9999.0, 22.75, 22.5, 22.25, 22.3, 22.25
2026-09-13, 01:07:48, 22.25, 22.5, 22.75, 22.75, 9999.0, 9999.0, 9999.0, 23.91, 9999.0, 22.66, 9999.0, 22.75, 22.5, 22.25, 22.3, 22.25
2026-09-13, 01:07:52, 22.25, 22.5, 22.75, 22.75, 9999.0, 9999.0, 9999.0, 23.89, 9999.0, 22.66, 9999.0, 22.75, 22.5, 22.25, 22.3, 22.25
2026-09-13, 01:07:56, 22.25, 22.5, 22.75, 22.75, 9999.0, 9999.0, 9999.0, 23.86, 9999.0, 22.68, 9999.0, 22.77, 22.5, 22.25, 22.3, 22.25
2026-09-13, 01:08:00, 22.25, 22.5, 22.75, 22.75, 9999.0, 9999.0, 9999.0, 23.82, 9999.0, 22.68, 9999.0, 22.77, 22.5, 22.25, 22.3, 22.25
2026-09-13, 01:08:04, 22.25, 22.5, 22.75, 22.75, 9999.0, 9999.0, 9999.0, 23.84, 9999.0, 22.68, 9999.0, 22.77, 22.5, 22.25, 22.3, 22.25
2026-09-13, 01:08:08, 22.25, 22.5, 22.75, 22.75, 9999.0, 9999.0, 9999.0, 23.89, 9999.0, 22.68, 9999.0, 22.77, 22.5, 22.25, 22.3, 22.25
2026-09-13, 01:08:12, 22.25, 22.5, 22.75, 22.75, 9999.0, 9999.0, 9999.0, 23.91, 9999.0, 22.7, 9999.0, 22.77, 22.5, 22.25, 22.3, 22.25
2026-09-13, 01:08:16, 22.25, 22.5, 22.75, 22.75, 9999.0, 9999.0, 9999.0, 23.93, 9999.0, 22.73, 9999.0, 22.77, 22.5, 22.25, 22.3, 22.25
2026-09-13, 01:08:20, 22.25, 22.5, 22.75, 22.75, 9999.0, 9999.0, 9999.0, 23.98, 9999.0, 22.75, 9999.0, 22.73, 22.5, 22.25, 22.27, 22.25
2026-09-13, 01:08:24, 22.25, 22.5, 22.75, 22.75, 9999.0, 9999.0, 9999.0, 24.0, 9999.0, 22.77, 9999.0, 22.73, 22.5, 22.25, 22.27, 22.25
2026-09-13, 01:08:28, 22.25, 22.5, 22.75, 22.75, 9999.0, 9999.0, 9999.0, 24.02, 9999.0, 22.77, 9999.0, 22.7, 22.5, 22.25, 22.25, 22.25
2026-09-13, 01:08:32, 22.25, 22.5, 22.75, 22.75, 9999.0, 9999.0, 9999.0, 24.05, 9999.0, 22.77, 9999.0, 22.68, 22.5, 22.25, 22.25, 22.25
2026-09-13, 01:08:36, 22.25, 22.5, 22.75, 22.75, 9999.0, 9999.0, 9999.0, 24.07, 9999.0, 22.77, 9999.0, 22.66, 22.5, 22.25, 22.25, 22.25
2026-09-13, 01:08:40, 22.25, 22.5, 22.75, 22.75, 9999.0, 9999.0, 9999.0, 24.09, 9999.0, 22.75, 9999.0, 22.64, 22.5, 22.25, 22.25, 22.25
2026-09-13, 01:08:44, 22.25, 22.5, 22.75, 22.75, 9999.0, 9999.0, 9999.0, 24.14, 9999.0, 22.75, 9999.0, 22.64, 22.5, 22.25, 22.25, 22.25
2026-09-13, 01:08:48, 22.25, 22.5, 22.75, 22.75, 9999.0, 9999.0, 9999.0, 24.11, 9999.0, 22.75, 9999.0, 22.64, 22.48, 22.25, 22.25, 22.25
2026-09-13, 01:08:52, 22.25, 22.5, 22.75, 22.75, 9999.0, 9999.0, 9999.0, 24.07, 9999.0, 22.75, 9999.0, 22.64, 22.48, 22.25, 22.25, 22.25
2026-09-13, 01:08:56, 22.25, 22.5, 22.75, 22.75, 9999.0, 9999.0, 9999.0, 24.02, 9999.0, 22.73, 9999.0, 22.64, 22.48, 22.25, 22.25, 22.25
2026-09-13, 01:09:00, 22.25, 22.5, 22.75, 22.75, 9999.0, 9999.0, 9999.0, 24.0, 9999.0, 22.7, 9999.0, 22.64, 22.48, 22.25, 22.25, 22.25
2026-09-13, 01:09:04, 22.25, 22.5, 22.75, 22.75, 9999.0, 9999.0, 9999.0, 23.95, 9999.0, 22.7, 9999.0, 22.66, 22.48, 22.25, 22.25, 22.25
2026-09-13, 01:09:08, 22.25, 22.5, 22.75, 22.75, 9999.0, 9999.0, 9999.0, 23.93, 9999.0, 22.7, 9999.0, 22.66, 22.48, 22.25, 22.25, 22.25
2026-09-13, 01:09:12, 22.25, 22.5, 22.75, 22.75, 9999.0, 9999.0, 9999.0, 23.91, 9999.0, 22.7, 9999.0, 22.68, 22.48, 22.25, 22.25, 22.25
2026-09-13, 01:09:16, 22.25, 22.5, 22.75, 22.75, 9999.0, 9999.0, 9999.0, 23.89, 9999.0, 22.7, 9999.0, 22.7, 22.48, 22.25, 22.25, 22.25
2026-09-13, 01:09:20, 22.25, 22.5, 22.75, 22.75, 9999.0, 9999.0, 9999.0, 23.86, 9999.0, 22.7, 9999.0, 22.73, 22.48, 22.25, 22.25, 22.25
2026-09-13, 01:09:24, 22.27, 22.5, 22.75, 22.75, 9999.0, 9999.0, 9999.0, 23.91, 9999.0, 22.73, 9999.0, 22.75, 22.48, 22.25, 22.25, 22.25
2026-09-13, 01:09:28, 22.3, 22.5, 22.75, 22.75, 9999.0, 9999.0, 9999.0, 23.93, 9999.0, 22.73, 9999.0, 22.75, 22.48, 22.25, 22.25, 22.25
2026-09-13, 01:09:33, 22.3, 22.5, 22.75, 22.75, 9999.0, 9999.0, 9999.0, 23.95, 9999.0, 22.73, 9999.0, 22.73, 22.5, 22.25, 22.25, 22.25
2026-09-13, 01:09:37, 22.3, 22.5, 22.75, 22.75, 9999.0, 9999.0, 9999.0, 23.98, 9999.0, 22.73, 9999.0, 22.73, 22.5, 22.25, 22.25, 22.25
2026-09-13, 01:09:41, 22.3, 22.5, 22.75, 22.75, 9999.0, 9999.0, 9999.0, 24.02, 9999.0, 22.75, 9999.0, 22.7, 22.5, 22.25, 22.25, 22.25
2026-09-13, 01:09:45, 22.3, 22.5, 22.75, 22.75, 9999.0, 9999.0, 9999.0, 24.05, 9999.0, 22.77, 9999.0, 22.68, 22.5, 22.25, 22.25, 22.25
2026-09-13, 01:09:49, 22.3, 22.5, 22.75, 22.75, 9999.0, 9999.0, 9999.0, 24.07, 9999.0, 22.77, 9999.0, 22.66, 22.5, 22.25, 22.25, 22.25
2026-09-13, 01:09:53, 22.3, 22.5, 22.75, 22.75, 9999.0, 9999.0, 9999.0, 24.09, 9999.0, 22.77, 9999.0, 22.66, 22.5, 22.25, 22.25, 22.25
2026-09-13, 01:09:57, 22.3, 22.5, 22.75, 22.75, 9999.0, 9999.0, 9999.0, 24.11, 9999.0, 22.77, 9999.0, 22.64, 22.5, 22.25, 22.25, 22.25
2026-09-13, 01:10:01, 22.3, 22.5, 22.75, 22.75, 9999.0, 9999.0, 9999.0, 24.14, 9999.0, 22.77, 9999.0, 22.64, 22.5, 22.25, 22.25, 22.25
2026-09-13, 01:10:05, 22.3, 22.5, 22.75, 22.75, 9999.0, 9999.0, 9999.0, 24.16, 9999.0, 22.75, 9999.0, 22.64, 22.5, 22.25, 22.25, 22.25
2026-09-13, 01:10:09, 22.27, 22.5, 22.75, 22.75, 9999.0, 9999.0, 9999.0, 24.11, 9999.0, 22.7, 9999.0, 22.64, 22.5, 22.25, 22.25, 22.25
2026-09-13, 01:10:13, 22.25, 22.5, 22.75, 22.75, 9999.0, 9999.0, 9999.0, 24.07, 9999.0, 22.68, 9999.0, 22.64, 22.5, 22.25, 22.25, 22.25
2026-09-13, 01:10:17, 22.25, 22.5, 22.75, 22.75, 9999.0, 9999.0, 9999.0, 24.02, 9999.0, 22.66, 9999.0, 22.66, 22.5, 22.25, 22.25, 22.25
2026-09-13, 01:10:21, 22.25, 22.5, 22.75, 22.75, 9999.0, 9999.0, 9999.0, 23.98, 9999.0, 22.66, 9999.0, 22.66, 22.5, 22.25, 22.25, 22.25
2026-09-13, 01:10:25, 22.25, 22.5, 22.75, 22.75, 9999.0, 9999.0, 9999.0, 23.93, 9999.0, 22.66, 9999.0, 22.68, 22.5, 22.25, 22.25, 22.25
2026-09-13, 01:10:29, 22.27, 22.5, 22.75, 22.75, 9999.0, 9999.0, 9999.0, 23.89, 9999.0, 22.66, 9999.0, 22.7, 22.5, 22.25, 22.25, 22.25
2026-09-13, 01:10:33, 22.27, 22.5, 22.75, 22.75, 9999.0, 9999.0, 9999.0, 23.84, 9999.0, 22.68, 9999.0, 22.73, 22.5, 22.25, 22.25, 22.25
2026-09-13, 01:10:37, 22.27, 22.5, 22.75, 22.75, 9999.0, 9999.0, 9999.0, 23.82, 9999.0, 22.7, 9999.0, 22.73, 22.5, 22.25, 22.25, 22.25
2026-09-13, 01:10:41, 22.27, 22.5, 22.75, 22.75, 9999.0, 9999.0, 9999.0, 23.86, 9999.0, 22.7, 9999.0, 22.75, 22.5, 22.25, 22.25, 22.25
2026-09-13, 01:10:45, 22.27, 22.5, 22.75, 22.75, 9999.0, 9999.0, 9999.0, 23.89, 9999.0, 22.7, 9999.0, 22.75, 22.5, 22.25, 22.25, 22.25
2026-09-13, 01:10:49, 22.27, 22.5, 22.75, 22.75, 9999.0, 9999.0, 9999.0, 23.91, 9999.0, 22.73, 9999.0, 22.75, 22.5, 22.25, 22.27, 22.25
2026-09-13, 01:10:53, 22.27, 22.5, 22.75, 22.75, 9999.0, 9999.0, 9999.0, 23.95, 9999.0, 22.75, 9999.0, 22.73, 22.5, 22.25, 22.27, 22.25
2026-09-13, 01:10:57, 22.27, 22.5, 22.75, 22.75, 9999.0, 9999.0, 9999.0, 24.0, 9999.0, 22.77, 9999.0, 22.73, 22.5, 22.25, 22.27, 22.25
2026-09-13, 01:11:01, 22.27, 22.5, 22.75, 22.75, 9999.0, 9999.0, 9999.0, 24.05, 9999.0, 22.8, 9999.0, 22.73, 22.48, 22.25, 22.27, 22.25
2026-09-13, 01:11:05, 22.27, 22.5, 22.75, 22.75, 9999.0, 9999.0, 9999.0, 24.07, 9999.0, 22.8, 9999.0, 22.7, 22.48, 22.25, 22.27, 22.25
2026-09-13, 01:11:09, 22.27, 22.5, 22.75, 22.75, 9999.0, 9999.0, 9999.0, 24.09, 9999.0, 22.8, 9999.0, 22.68, 22.48, 22.25, 22.27, 22.25
2026-09-13, 01:11:13, 22.25, 22.5, 22.75, 22.75, 9999.0, 9999.0, 9999.0, 24.11, 9999.0, 22.8, 9999.0, 22.66, 22.48, 22.25, 22.27, 22.25
2026-09-13, 01:11:17, 22.25, 22.5, 22.75, 22.75, 9999.0, 9999.0, 9999.0, 24.16, 9999.0, 22.77, 9999.0, 22.64, 22.48, 22.25, 22.27, 22.25
2026-09-13, 01:11:21, 22.25, 22.5, 22.75, 22.75, 9999.0, 9999.0, 9999.0, 24.18, 9999.0, 22.73, 9999.0, 22.64, 22.48, 22.25, 22.27, 22.25
2026-09-13, 01:11:25, 22.25, 22.5, 22.75, 22.75, 9999.0, 9999.0, 9999.0, 24.14, 9999.0, 22.73, 9999.0, 22.64, 22.48, 22.25, 22.27, 22.25
2026-09-13, 01:11:29, 22.25, 22.5, 22.75, 22.75, 9999.0, 9999.0, 9999.0, 24.09, 9999.0, 22.73, 9999.0, 22.64, 22.48, 22.25, 22.27, 22.25
2026-09-13, 01:11:33, 22.25, 22.5, 22.75, 22.75, 9999.0, 9999.0, 9999.0, 24.07, 9999.0, 22.7, 9999.0, 22.64, 22.48, 22.25, 22.25, 22.25
2026-09-13, 01:11:37, 22.25, 22.5, 22.75, 22.75, 9999.0, 9999.0, 9999.0, 24.0, 9999.0, 22.68, 9999.0, 22.66, 22.48, 22.25, 22.25, 22.25
2026-09-13, 01:11:41, 22.25, 22.5, 22.75, 22.75, 9999.0, 9999.0, 9999.0, 23.95, 9999.0, 22.68, 9999.0, 22.66, 22.48, 22.25, 22.25, 22.25
2026-09-13, 01:11:45, 22.25, 22.5, 22.75, 22.75, 9999.0, 9999.0, 9999.0, 23.91, 9999.0, 22.68, 9999.0, 22.66, 22.5, 22.25, 22.25, 22.25
2026-09-13, 01:11:49, 22.25, 22.5, 22.75, 22.75, 9999.0, 9999.0, 9999.0, 23.89, 9999.0, 22.68, 9999.0, 22.68, 22.5, 22.25, 22.25, 22.25
2026-09-13, 01:11:53, 22.25, 22.5, 22.75, 22.75, 9999.0, 9999.0, 9999.0, 23.84, 9999.0, 22.7, 9999.0, 22.7, 22.5, 22.25, 22.25, 22.25
2026-09-13, 01:11:57, 22.25, 22.5, 22.75, 22.75, 9999.0, 9999.0, 9999.0, 23.8, 9999.0, 22.7, 9999.0, 22.73, 22.5, 22.25, 22.25, 22.25
2026-09-13, 01:12:01, 22.25, 22.5, 22.75, 22.75, 9999.0, 9999.0, 9999.0, 23.84, 9999.0, 22.7, 9999.0, 22.75, 22.5, 22.25, 22.25, 22.25
2026-09-13, 01:12:05, 22.25, 22.5, 22.75, 22.75, 9999.0, 9999.0, 9999.0, 23.86, 9999.0, 22.73, 9999.0, 22.75, 22.5, 22.25, 22.25, 22.25
2026-09-13, 01:12:09, 22.25, 22.5, 22.75, 22.75, 9999.0, 9999.0, 9999.0, 23.89, 9999.0, 22.73, 9999.0, 22.73, 22.5, 22.25, 22.25, 22.25
2026-09-13, 01:12:13, 22.25, 22.5, 22.75, 22.75, 9999.0, 9999.0, 9999.0, 23.93, 9999.0, 22.73, 9999.0, 22.73, 22.5, 22.23, 22.25, 22.25
2026-09-13, 01:12:17, 22.25, 22.5, 22.75, 22.75, 9999.0, 9999.0, 9999.0, 23.93, 9999.0, 22.75, 9999.0, 22.73, 22.5, 22.23, 22.25, 22.25
2026-09-13, 01:12:21, 22.25, 22.5, 22.75, 22.75, 9999.0, 9999.0, 9999.0, 23.95, 9999.0, 22.77, 9999.0, 22.7, 22.5, 22.23, 22.25, 22.25
2026-09-13, 01:12:25, 22.25, 22.5, 22.75, 22.75, 9999.0, 9999.0, 9999.0, 23.98, 9999.0, 22.77, 9999.0, 22.68, 22.5, 22.23, 22.25, 22.25
2026-09-13, 01:12:29, 22.25, 22.5, 22.75, 22.75, 9999.0, 9999.0, 9999.0, 24.0, 9999.0, 22.77, 9999.0, 22.66, 22.5, 22.23, 22.25, 22.25
2026-09-13, 01:12:33, 22.25, 22.5, 22.75, 22.75, 9999.0, 9999.0, 9999.0, 24.02, 9999.0, 22.75, 9999.0, 22.64, 22.5, 22.23, 22.25, 22.25
2026-09-13, 01:12:37, 22.25, 22.5, 22.75, 22.75, 9999.0, 9999.0, 9999.0, 24.07, 9999.0, 22.7, 9999.0, 22.64, 22.5, 22.23, 22.25, 22.25
2026-09-13, 01:12:41, 22.25, 22.5, 22.75, 22.75, 9999.0, 9999.0, 9999.0, 24.11, 9999.0, 22.68, 9999.0, 22.64, 22.5, 22.23, 22.25, 22.25
2026-09-13, 01:12:45, 22.25, 22.5, 22.75, 22.75, 9999.0, 9999.0, 9999.0, 24.05, 9999.0, 22.66, 9999.0, 22.64, 22.5, 22.23, 22.25, 22.25
2026-09-13, 01:12:49, 22.25, 22.5, 22.75, 22.75, 9999.0, 9999.0, 9999.0, 24.0, 9999.0, 22.64, 9999.0, 22.64, 22.5, 22.23, 22.25, 22.25
2026-09-13, 01:12:53, 22.27, 22.5, 22.75, 22.75, 9999.0, 9999.0, 9999.0, 23.95, 9999.0, 22.61, 9999.0, 22.66, 22.5, 22.23, 22.25, 22.25
2026-09-13, 01:12:57, 22.27, 22.5, 22.75, 22.75, 9999.0, 9999.0, 9999.0, 23.91, 9999.0, 22.61, 9999.0, 22.66, 22.5, 22.25, 22.25, 22.25
2026-09-13, 01:13:01, 22.27, 22.5, 22.75, 22.75, 9999.0, 9999.0, 9999.0, 23.89, 9999.0, 22.59, 9999.0, 22.66, 22.5, 22.25, 22.25, 22.25
2026-09-13, 01:13:05, 22.27, 22.5, 22.75, 22.73, 9999.0, 9999.0, 9999.0, 23.86, 9999.0, 22.59, 9999.0, 22.68, 22.5, 22.25, 22.25, 22.25
2026-09-13, 01:13:09, 22.27, 22.5, 22.75, 22.7, 9999.0, 9999.0, 9999.0, 23.84, 9999.0, 22.59, 9999.0, 22.7, 22.5, 22.25, 22.25, 22.25
2026-09-13, 01:13:13, 22.27, 22.5, 22.75, 22.7, 9999.0, 9999.0, 9999.0, 23.8, 9999.0, 22.59, 9999.0, 22.73, 22.5, 22.25, 22.25, 22.25
2026-09-13, 01:13:18, 22.27, 22.5, 22.75, 22.7, 9999.0, 9999.0, 9999.0, 23.84, 9999.0, 22.61, 9999.0, 22.75, 22.5, 22.25, 22.25, 22.25
2026-09-13, 01:13:22, 22.27, 22.5, 22.75, 22.68, 9999.0, 9999.0, 9999.0, 23.86, 9999.0, 22.64, 9999.0, 22.75, 22.5, 22.25, 22.25, 22.25
2026-09-13, 01:13:26, 22.27, 22.48, 22.75, 22.68, 9999.0, 9999.0, 9999.0, 23.89, 9999.0, 22.66, 9999.0, 22.75, 22.5, 22.25, 22.25, 22.25
2026-09-13, 01:13:30, 22.27, 22.48, 22.75, 22.68, 9999.0, 9999.0, 9999.0, 23.91, 9999.0, 22.66, 9999.0, 22.75, 22.5, 22.25, 22.25, 22.25
2026-09-13, 01:13:34, 22.27, 22.48, 22.75, 22.68, 9999.0, 9999.0, 9999.0, 23.93, 9999.0, 22.66, 9999.0, 22.73, 22.5, 22.25, 22.25, 22.25
2026-09-13, 01:13:38, 22.25, 22.48, 22.75, 22.68, 9999.0, 9999.0, 9999.0, 23.95, 9999.0, 22.66, 9999.0, 22.7, 22.5, 22.25, 22.25, 22.25
2026-09-13, 01:13:42, 22.25, 22.48, 22.75, 22.68, 9999.0, 9999.0, 9999.0, 23.98, 9999.0, 22.64, 9999.0, 22.68, 22.5, 22.25, 22.25, 22.25
2026-09-13, 01:13:46, 22.25, 22.48, 22.75, 22.68, 9999.0, 9999.0, 9999.0, 24.0, 9999.0, 22.64, 9999.0, 22.66, 22.5, 22.25, 22.25, 22.25
2026-09-13, 01:13:50, 22.25, 22.48, 22.75, 22.7, 9999.0, 9999.0, 9999.0, 24.02, 9999.0, 22.61, 9999.0, 22.64, 22.48, 22.25, 22.25, 22.25
2026-09-13, 01:13:54, 22.25, 22.48, 22.75, 22.73, 9999.0, 9999.0, 9999.0, 24.05, 9999.0, 22.59, 9999.0, 22.64, 22.45, 22.25, 22.25, 22.25
2026-09-13, 01:13:58, 22.25, 22.48, 22.75, 22.73, 9999.0, 9999.0, 9999.0, 24.09, 9999.0, 22.57, 9999.0, 22.64, 22.45, 22.25, 22.25, 22.25
2026-09-13, 01:14:02, 22.25, 22.48, 22.75, 22.73, 9999.0, 9999.0, 9999.0, 24.02, 9999.0, 22.55, 9999.0, 22.64, 22.45, 22.25, 22.25, 22.25
2026-09-13, 01:14:06, 22.25, 22.48, 22.75, 22.75, 9999.0, 9999.0, 9999.0, 23.98, 9999.0, 22.5, 9999.0, 22.64, 22.45, 22.25, 22.27, 22.25
2026-09-13, 01:14:10, 22.25, 22.5, 22.75, 22.75, 9999.0, 9999.0, 9999.0, 23.93, 9999.0, 22.45, 9999.0, 22.64, 22.45, 22.25, 22.27, 22.25
2026-09-13, 01:14:14, 22.25, 22.5, 22.75, 22.75, 9999.0, 9999.0, 9999.0, 23.91, 9999.0, 22.43, 9999.0, 22.64, 22.45, 22.25, 22.27, 22.25
2026-09-13, 01:14:18, 22.25, 22.5, 22.75, 22.75, 9999.0, 9999.0, 9999.0, 23.89, 9999.0, 22.43, 9999.0, 22.66, 22.45, 22.25, 22.27, 22.25
2026-09-13, 01:14:22, 22.25, 22.5, 22.75, 22.75, 9999.0, 9999.0, 9999.0, 23.86, 9999.0, 22.43, 9999.0, 22.68, 22.45, 22.25, 22.27, 22.25
2026-09-13, 01:14:26, 22.25, 22.5, 22.75, 22.75, 9999.0, 9999.0, 9999.0, 23.82, 9999.0, 22.45, 9999.0, 22.7, 22.45, 22.25, 22.27, 22.25
2026-09-13, 01:14:30, 22.25, 22.5, 22.75, 22.75, 9999.0, 9999.0, 9999.0, 23.77, 9999.0, 22.48, 9999.0, 22.73, 22.45, 22.25, 22.27, 22.25
2026-09-13, 01:14:34, 22.25, 22.5, 22.75, 22.75, 9999.0, 9999.0, 9999.0, 23.73, 9999.0, 22.48, 9999.0, 22.75, 22.48, 22.25, 22.27, 22.25
2026-09-13, 01:14:38, 22.25, 22.5, 22.75, 22.75, 9999.0, 9999.0, 9999.0, 23.75, 9999.0, 22.48, 9999.0, 22.75, 22.5, 22.25, 22.27, 22.25
2026-09-13, 01:14:42, 22.25, 22.5, 22.75, 22.75, 9999.0, 9999.0, 9999.0, 23.77, 9999.0, 22.48, 9999.0, 22.75, 22.5, 22.25, 22.27, 22.25
2026-09-13, 01:14:46, 22.25, 22.5, 22.75, 22.75, 9999.0, 9999.0, 9999.0, 23.82, 9999.0, 22.48, 9999.0, 22.75, 22.5, 22.25, 22.27, 22.25
2026-09-13, 01:14:50, 22.25, 22.5, 22.75, 22.75, 9999.0, 9999.0, 9999.0, 23.84, 9999.0, 22.5, 9999.0, 22.75, 22.5, 22.25, 22.25, 22.25
2026-09-13, 01:14:54, 22.25, 22.5, 22.75, 22.75, 9999.0, 9999.0, 9999.0, 23.89, 9999.0, 22.52, 9999.0, 22.73, 22.5, 22.25, 22.25, 22.25
2026-09-13, 01:14:58, 22.25, 22.5, 22.75, 22.75, 9999.0, 9999.0, 9999.0, 23.91, 9999.0, 22.52, 9999.0, 22.7, 22.5, 22.25, 22.25, 22.25
2026-09-13, 01:15:02, 22.25, 22.5, 22.75, 22.75, 9999.0, 9999.0, 9999.0, 23.93, 9999.0, 22.5, 9999.0, 22.68, 22.5, 22.25, 22.25, 22.25
2026-09-13, 01:15:06, 22.25, 22.5, 22.75, 22.75, 9999.0, 9999.0, 9999.0, 23.95, 9999.0, 22.48, 9999.0, 22.66, 22.5, 22.25, 22.25, 22.25
2026-09-13, 01:15:10, 22.25, 22.5, 22.75, 22.75, 9999.0, 9999.0, 9999.0, 23.98, 9999.0, 22.45, 9999.0, 22.64, 22.5, 22.25, 22.25, 22.25
2026-09-13, 01:15:14, 22.25, 22.5, 22.75, 22.75, 9999.0, 9999.0, 9999.0, 24.0, 9999.0, 22.41, 9999.0, 22.64, 22.5, 22.25, 22.25, 22.25
2026-09-13, 01:15:18, 22.25, 22.5, 22.75, 22.75, 9999.0, 9999.0, 9999.0, 24.02, 9999.0, 22.39, 9999.0, 22.64, 22.5, 22.25, 22.25, 22.25
2026-09-13, 01:15:22, 22.25, 22.5, 22.75, 22.75, 9999.0, 9999.0, 9999.0, 23.98, 9999.0, 22.36, 9999.0, 22.64, 22.5, 22.25, 22.25, 22.25
2026-09-13, 01:15:26, 22.25, 22.5, 22.75, 22.75, 9999.0, 9999.0, 9999.0, 23.93, 9999.0, 22.34, 9999.0, 22.64, 22.5, 22.25, 22.25, 22.25
2026-09-13, 01:15:30, 22.25, 22.5, 22.75, 22.75, 9999.0, 9999.0, 9999.0, 23.89, 9999.0, 22.32, 9999.0, 22.64, 22.5, 22.25, 22.25, 22.25
2026-09-13, 01:15:34, 22.25, 22.5, 22.75, 22.75, 9999.0, 9999.0, 9999.0, 23.86, 9999.0, 22.32, 9999.0, 22.64, 22.5, 22.25, 22.25, 22.25
2026-09-13, 01:15:38, 22.25, 22.5, 22.75, 22.75, 9999.0, 9999.0, 9999.0, 23.8, 9999.0, 22.32, 9999.0, 22.66, 22.5, 22.25, 22.25, 22.25
2026-09-13, 01:15:42, 22.25, 22.5, 22.75, 22.75, 9999.0, 9999.0, 9999.0, 23.75, 9999.0, 22.34, 9999.0, 22.68, 22.5, 22.25, 22.25, 22.25
2026-09-13, 01:15:46, 22.25, 22.5, 22.75, 22.75, 9999.0, 9999.0, 9999.0, 23.7, 9999.0, 22.39, 9999.0, 22.7, 22.5, 22.25, 22.25, 22.25
2026-09-13, 01:15:50, 22.25, 22.5, 22.75, 22.75, 9999.0, 9999.0, 9999.0, 23.66, 9999.0, 22.41, 9999.0, 22.73, 22.5, 22.25, 22.25, 22.25
2026-09-13, 01:15:54, 22.25, 22.5, 22.75, 22.75, 9999.0, 9999.0, 9999.0, 23.7, 9999.0, 22.41, 9999.0, 22.75, 22.5, 22.25, 22.25, 22.25
2026-09-13, 01:15:58, 22.25, 22.5, 22.75, 22.75, 9999.0, 9999.0, 9999.0, 23.75, 9999.0, 22.43, 9999.0, 22.75, 22.5, 22.25, 22.25, 22.25
2026-09-13, 01:16:02, 22.25, 22.5, 22.75, 22.75, 9999.0, 9999.0, 9999.0, 23.77, 9999.0, 22.45, 9999.0, 22.75, 22.5, 22.25, 22.25, 22.25
2026-09-13, 01:16:06, 22.25, 22.5, 22.75, 22.75, 9999.0, 9999.0, 9999.0, 23.8, 9999.0, 22.48, 9999.0, 22.75, 22.5, 22.25, 22.25, 22.25
2026-09-13, 01:16:10, 22.25, 22.5, 22.75, 22.75, 9999.0, 9999.0, 9999.0, 23.82, 9999.0, 22.5, 9999.0, 22.73, 22.5, 22.25, 22.25, 22.25
2026-09-13, 01:16:14, 22.25, 22.5, 22.75, 22.75, 9999.0, 9999.0, 9999.0, 23.84, 9999.0, 22.5, 9999.0, 22.7, 22.5, 22.25, 22.25, 22.25
2026-09-13, 01:16:18, 22.25, 22.5, 22.75, 22.75, 9999.0, 9999.0, 9999.0, 23.86, 9999.0, 22.48, 9999.0, 22.68, 22.5, 22.25, 22.25, 22.25
2026-09-13, 01:16:22, 22.25, 22.48, 22.75, 22.75, 9999.0, 9999.0, 9999.0, 23.89, 9999.0, 22.45, 9999.0, 22.68, 22.5, 22.25, 22.25, 22.25
2026-09-13, 01:16:26, 22.25, 22.48, 22.75, 22.75, 9999.0, 9999.0, 9999.0, 23.93, 9999.0, 22.43, 9999.0, 22.66, 22.5, 22.25, 22.25, 22.25
2026-09-13, 01:16:30, 22.25, 22.48, 22.75, 22.75, 9999.0, 9999.0, 9999.0, 23.95, 9999.0, 22.39, 9999.0, 22.66, 22.5, 22.25, 22.27, 22.25
2026-09-13, 01:16:34, 22.25, 22.48, 22.75, 22.75, 9999.0, 9999.0, 9999.0, 23.98, 9999.0, 22.36, 9999.0, 22.66, 22.5, 22.25, 22.27, 22.25
2026-09-13, 01:16:38, 22.25, 22.48, 22.75, 22.75, 9999.0, 9999.0, 9999.0, 23.93, 9999.0, 22.34, 9999.0, 22.66, 22.5, 22.25, 22.27, 22.25
2026-09-13, 01:16:42, 22.25, 22.48, 22.75, 22.75, 9999.0, 9999.0, 9999.0, 23.89, 9999.0, 22.3, 9999.0, 22.66, 22.5, 22.25, 22.27, 22.25
2026-09-13, 01:16:46, 22.25, 22.48, 22.75, 22.75, 9999.0, 9999.0, 9999.0, 23.86, 9999.0, 22.25, 9999.0, 22.66, 22.5, 22.25, 22.27, 22.25
2026-09-13, 01:16:50, 22.25, 22.48, 22.75, 22.75, 9999.0, 9999.0, 9999.0, 23.84, 9999.0, 22.23, 9999.0, 22.66, 22.5, 22.25, 22.27, 22.25
2026-09-13, 01:16:54, 22.25, 22.45, 22.75, 22.75, 9999.0, 9999.0, 9999.0, 23.8, 9999.0, 22.2, 9999.0, 22.68, 22.5, 22.25, 22.27, 22.25
2026-09-13, 01:16:59, 22.25, 22.45, 22.75, 22.75, 9999.0, 9999.0, 9999.0, 23.75, 9999.0, 22.2, 9999.0, 22.7, 22.5, 22.25, 22.27, 22.25
2026-09-13, 01:17:03, 22.25, 22.45, 22.75, 22.75, 9999.0, 9999.0, 9999.0, 23.7, 9999.0, 22.23, 9999.0, 22.73, 22.5, 22.25, 22.27, 22.25
2026-09-13, 01:17:07, 22.25, 22.48, 22.75, 22.75, 9999.0, 9999.0, 9999.0, 23.68, 9999.0, 22.25, 9999.0, 22.73, 22.5, 22.25, 22.27, 22.25
2026-09-13, 01:17:11, 22.25, 22.48, 22.75, 22.75, 9999.0, 9999.0, 9999.0, 23.64, 9999.0, 22.27, 9999.0, 22.75, 22.5, 22.25, 22.27, 22.25
2026-09-13, 01:17:15, 22.25, 22.48, 22.75, 22.75, 9999.0, 9999.0, 9999.0, 23.68, 9999.0, 22.3, 9999.0, 22.75, 22.5, 22.25, 22.25, 22.25
2026-09-13, 01:17:19, 22.25, 22.48, 22.75, 22.75, 9999.0, 9999.0, 9999.0, 23.73, 9999.0, 22.32, 9999.0, 22.75, 22.5, 22.25, 22.25, 22.25
2026-09-13, 01:17:23, 22.25, 22.48, 22.75, 22.75, 9999.0, 9999.0, 9999.0, 23.75, 9999.0, 22.32, 9999.0, 22.73, 22.5, 22.25, 22.25, 22.25
2026-09-13, 01:17:27, 22.25, 22.48, 22.75, 22.75, 9999.0, 9999.0, 9999.0, 23.77, 9999.0, 22.34, 9999.0, 22.7, 22.5, 22.25, 22.25, 22.25
2026-09-13, 01:17:31, 22.25, 22.48, 22.75, 22.75, 9999.0, 9999.0, 9999.0, 23.8, 9999.0, 22.36, 9999.0, 22.68, 22.5, 22.25, 22.25, 22.25
2026-09-13, 01:17:35, 22.25, 22.48, 22.75, 22.75, 9999.0, 9999.0, 9999.0, 23.82, 9999.0, 22.36, 9999.0, 22.66, 22.5, 22.25, 22.25, 22.25
2026-09-13, 01:17:39, 22.25, 22.48, 22.75, 22.75, 9999.0, 9999.0, 9999.0, 23.84, 9999.0, 22.36, 9999.0, 22.64, 22.5, 22.25, 22.25, 22.25
2026-09-13, 01:17:43, 22.25, 22.48, 22.75, 22.75, 9999.0, 9999.0, 9999.0, 23.86, 9999.0, 22.36, 9999.0, 22.61, 22.5, 22.25, 22.25, 22.25
2026-09-13, 01:17:47, 22.25, 22.48, 22.75, 22.75, 9999.0, 9999.0, 9999.0, 23.89, 9999.0, 22.34, 9999.0, 22.59, 22.5, 22.25, 22.25, 22.25
2026-09-13, 01:17:51, 22.25, 22.48, 22.75, 22.75, 9999.0, 9999.0, 9999.0, 23.91, 9999.0, 22.3, 9999.0, 22.59, 22.48, 22.25, 22.25, 22.25
2026-09-13, 01:17:55, 22.25, 22.48, 22.75, 22.75, 9999.0, 9999.0, 9999.0, 23.93, 9999.0, 22.27, 9999.0, 22.59, 22.48, 22.25, 22.25, 22.25
2026-09-13, 01:17:59, 22.25, 22.48, 22.75, 22.75, 9999.0, 9999.0, 9999.0, 23.89, 9999.0, 22.23, 9999.0, 22.59, 22.48, 22.25, 22.25, 22.25
2026-09-13, 01:18:03, 22.25, 22.48, 22.75, 22.75, 9999.0, 9999.0, 9999.0, 23.82, 9999.0, 22.18, 9999.0, 22.61, 22.48, 22.25, 22.25, 22.25
2026-09-13, 01:18:07, 22.25, 22.48, 22.75, 22.75, 9999.0, 9999.0, 9999.0, 23.77, 9999.0, 22.16, 9999.0, 22.64, 22.48, 22.25, 22.25, 22.25
2026-09-13, 01:18:11, 22.25, 22.48, 22.75, 22.75, 9999.0, 9999.0, 9999.0, 23.73, 9999.0, 22.16, 9999.0, 22.66, 22.48, 22.25, 22.25, 22.25
2026-09-13, 01:18:15, 22.25, 22.48, 22.75, 22.75, 9999.0, 9999.0, 9999.0, 23.68, 9999.0, 22.16, 9999.0, 22.68, 22.48, 22.25, 22.25, 22.25
2026-09-13, 01:18:19, 22.25, 22.48, 22.75, 22.75, 9999.0, 9999.0, 9999.0, 23.64, 9999.0, 22.16, 9999.0, 22.7, 22.48, 22.25, 22.25, 22.25
2026-09-13, 01:18:23, 22.25, 22.5, 22.75, 22.75, 9999.0, 9999.0, 9999.0, 23.59, 9999.0, 22.18, 9999.0, 22.73, 22.48, 22.25, 22.25, 22.25
2026-09-13, 01:18:27, 22.25, 22.5, 22.75, 22.75, 9999.0, 9999.0, 9999.0, 23.55, 9999.0, 22.18, 9999.0, 22.75, 22.48, 22.25, 22.25, 22.25
2026-09-13, 01:18:31, 22.25, 22.5, 22.75, 22.75, 9999.0, 9999.0, 9999.0, 23.59, 9999.0, 22.18, 9999.0, 22.77, 22.48, 22.25, 22.25, 22.25
2026-09-13, 01:18:35, 22.25, 22.5, 22.75, 22.75, 9999.0, 9999.0, 9999.0, 23.61, 9999.0, 22.2, 9999.0, 22.77, 22.5, 22.25, 22.25, 22.25
2026-09-13, 01:18:39, 22.25, 22.5, 22.75, 22.75, 9999.0, 9999.0, 9999.0, 23.64, 9999.0, 22.2, 9999.0, 22.77, 22.5, 22.25, 22.25, 22.25
2026-09-13, 01:18:43, 22.25, 22.5, 22.75, 22.75, 9999.0, 9999.0, 9999.0, 23.66, 9999.0, 22.23, 9999.0, 22.77, 22.5, 22.25, 22.25, 22.25
2026-09-13, 01:18:47, 22.25, 22.5, 22.75, 22.75, 9999.0, 9999.0, 9999.0, 23.68, 9999.0, 22.25, 9999.0, 22.75, 22.5, 22.25, 22.25, 22.25
2026-09-13, 01:18:51, 22.27, 22.5, 22.75, 22.75, 9999.0, 9999.0, 9999.0, 23.7, 9999.0, 22.25, 9999.0, 22.73, 22.5, 22.25, 22.25, 22.25
2026-09-13, 01:18:55, 22.27, 22.5, 22.75, 22.75, 9999.0, 9999.0, 9999.0, 23.73, 9999.0, 22.25, 9999.0, 22.7, 22.5, 22.25, 22.25, 22.25
2026-09-13, 01:18:59, 22.27, 22.5, 22.75, 22.75, 9999.0, 9999.0, 9999.0, 23.75, 9999.0, 22.25, 9999.0, 22.68, 22.5, 22.25, 22.25, 22.25
2026-09-13, 01:19:03, 22.27, 22.5, 22.75, 22.75, 9999.0, 9999.0, 9999.0, 23.77, 9999.0, 22.25, 9999.0, 22.66, 22.5, 22.25, 22.25, 22.25
2026-09-13, 01:19:07, 22.27, 22.5, 22.75, 22.75, 9999.0, 9999.0, 9999.0, 23.82, 9999.0, 22.2, 9999.0, 22.66, 22.5, 22.25, 22.25, 22.25
2026-09-13, 01:19:11, 22.27, 22.5, 22.75, 22.75, 9999.0, 9999.0, 9999.0, 23.86, 9999.0, 22.18, 9999.0, 22.66, 22.5, 22.25, 22.25, 22.25
2026-09-13, 01:19:15, 22.27, 22.5, 22.75, 22.75, 9999.0, 9999.0, 9999.0, 23.8, 9999.0, 22.16, 9999.0, 22.66, 22.5, 22.25, 22.25, 22.25
2026-09-13, 01:19:19, 22.27, 22.5, 22.75, 22.75, 9999.0, 9999.0, 9999.0, 23.75, 9999.0, 22.14, 9999.0, 22.66, 22.5, 22.25, 22.25, 22.25
2026-09-13, 01:19:23, 22.27, 22.5, 22.75, 22.75, 9999.0, 9999.0, 9999.0, 23.7, 9999.0, 22.14, 9999.0, 22.66, 22.5, 22.25, 22.25, 22.25
2026-09-13, 01:19:27, 22.27, 22.5, 22.75, 22.75, 9999.0, 9999.0, 9999.0, 23.66, 9999.0, 22.14, 9999.0, 22.66, 22.5, 22.25, 22.25, 22.25
2026-09-13, 01:19:31, 22.27, 22.5, 22.75, 22.75, 9999.0, 9999.0, 9999.0, 23.64, 9999.0, 22.16, 9999.0, 22.66, 22.5, 22.25, 22.25, 22.25
2026-09-13, 01:19:35, 22.25, 22.48, 22.75, 22.75, 9999.0, 9999.0, 9999.0, 23.61, 9999.0, 22.18, 9999.0, 22.68, 22.5, 22.25, 22.25, 22.25
2026-09-13, 01:19:39, 22.25, 22.48, 22.75, 22.75, 9999.0, 9999.0, 9999.0, 23.59, 9999.0, 22.2, 9999.0, 22.7, 22.5, 22.25, 22.25, 22.25
2026-09-13, 01:19:43, 22.25, 22.48, 22.75, 22.75, 9999.0, 9999.0, 9999.0, 23.57, 9999.0, 22.23, 9999.0, 22.73, 22.5, 22.25, 22.25, 22.25
2026-09-13, 01:19:47, 22.25, 22.48, 22.75, 22.75, 9999.0, 9999.0, 9999.0, 23.61, 9999.0, 22.25, 9999.0, 22.75, 22.5, 22.25, 22.25, 22.25
2026-09-13, 01:19:51, 22.25, 22.48, 22.75, 22.75, 9999.0, 9999.0, 9999.0, 23.66, 9999.0, 22.3, 9999.0, 22.75, 22.5, 22.25, 22.25, 22.25
2026-09-13, 01:19:55, 22.25, 22.48, 22.75, 22.75, 9999.0, 9999.0, 9999.0, 23.68, 9999.0, 22.34, 9999.0, 22.75, 22.5, 22.25, 22.25, 22.25
2026-09-13, 01:19:59, 22.25, 22.48, 22.75, 22.75, 9999.0, 9999.0, 9999.0, 23.73, 9999.0, 22.39, 9999.0, 22.75, 22.5, 22.25, 22.25, 22.27
2026-09-13, 01:20:03, 22.25, 22.48, 22.75, 22.75, 9999.0, 9999.0, 9999.0, 23.75, 9999.0, 22.41, 9999.0, 22.73, 22.5, 22.25, 22.25, 22.27
2026-09-13, 01:20:07, 22.25, 22.48, 22.75, 22.75, 9999.0, 9999.0, 9999.0, 23.8, 9999.0, 22.41, 9999.0, 22.7, 22.5, 22.25, 22.25, 22.27
2026-09-13, 01:20:11, 22.25, 22.48, 22.75, 22.75, 9999.0, 9999.0, 9999.0, 23.84, 9999.0, 22.41, 9999.0, 22.68, 22.5, 22.25, 22.25, 22.27
2026-09-13, 01:20:15, 22.25, 22.48, 22.75, 22.75, 9999.0, 9999.0, 9999.0, 23.86, 9999.0, 22.39, 9999.0, 22.68, 22.5, 22.25, 22.25, 22.27
2026-09-13, 01:20:19, 22.25, 22.5, 22.75, 22.75, 9999.0, 9999.0, 9999.0, 23.91, 9999.0, 22.39, 9999.0, 22.66, 22.5, 22.25, 22.25, 22.27
2026-09-13, 01:20:23, 22.25, 22.5, 22.75, 22.75, 9999.0, 9999.0, 9999.0, 23.93, 9999.0, 22.36, 9999.0, 22.64, 22.5, 22.25, 22.25, 22.27
2026-09-13, 01:20:27, 22.25, 22.5, 22.75, 22.75, 9999.0, 9999.0, 9999.0, 23.93, 9999.0, 22.34, 9999.0, 22.64, 22.5, 22.25, 22.25, 22.27
2026-09-13, 01:20:31, 22.25, 22.5, 22.75, 22.75, 9999.0, 9999.0, 9999.0, 23.89, 9999.0, 22.32, 9999.0, 22.64, 22.5, 22.25, 22.25, 22.27
2026-09-13, 01:20:36, 22.25, 22.5, 22.75, 22.75, 9999.0, 9999.0, 9999.0, 23.84, 9999.0, 22.3, 9999.0, 22.64, 22.5, 22.25, 22.25, 22.27
2026-09-13, 01:20:40, 22.25, 22.5, 22.75, 22.75, 9999.0, 9999.0, 9999.0, 23.8, 9999.0, 22.27, 9999.0, 22.66, 22.5, 22.25, 22.25, 22.27
2026-09-13, 01:20:44, 22.25, 22.5, 22.75, 22.75, 9999.0, 9999.0, 9999.0, 23.75, 9999.0, 22.25, 9999.0, 22.66, 22.5, 22.25, 22.25, 22.25
2026-09-13, 01:20:48, 22.25, 22.5, 22.75, 22.75, 9999.0, 9999.0, 9999.0, 23.73, 9999.0, 22.27, 9999.0, 22.68, 22.5, 22.25, 22.25, 22.25
2026-09-13, 01:20:52, 22.25, 22.48, 22.75, 22.75, 9999.0, 9999.0, 9999.0, 23.68, 9999.0, 22.27, 9999.0, 22.7, 22.5, 22.25, 22.25, 22.25
2026-09-13, 01:20:56, 22.25, 22.48, 22.75, 22.75, 9999.0, 9999.0, 9999.0, 23.64, 9999.0, 22.3, 9999.0, 22.73, 22.5, 22.25, 22.25, 22.25
2026-09-13, 01:21:00, 22.25, 22.48, 22.75, 22.75, 9999.0, 9999.0, 9999.0, 23.61, 9999.0, 22.32, 9999.0, 22.73, 22.5, 22.25, 22.25, 22.25
2026-09-13, 01:21:04, 22.25, 22.48, 22.75, 22.75, 9999.0, 9999.0, 9999.0, 23.57, 9999.0, 22.34, 9999.0, 22.75, 22.5, 22.25, 22.25, 22.25
2026-09-13, 01:21:08, 22.25, 22.48, 22.75, 22.75, 9999.0, 9999.0, 9999.0, 23.61, 9999.0, 22.36, 9999.0, 22.77, 22.5, 22.25, 22.25, 22.25
2026-09-13, 01:21:12, 22.25, 22.48, 22.75, 22.75, 9999.0, 9999.0, 9999.0, 23.68, 9999.0, 22.39, 9999.0, 22.77, 22.5, 22.25, 22.25, 22.25
2026-09-13, 01:21:16, 22.25, 22.45, 22.75, 22.75, 9999.0, 9999.0, 9999.0, 23.7, 9999.0, 22.41, 9999.0, 22.77, 22.5, 22.25, 22.25, 22.25
2026-09-13, 01:21:20, 22.25, 22.43, 22.75, 22.75, 9999.0, 9999.0, 9999.0, 23.7, 9999.0, 22.43, 9999.0, 22.75, 22.5, 22.25, 22.25, 22.25
2026-09-13, 01:21:24, 22.25, 22.43, 22.75, 22.75, 9999.0, 9999.0, 9999.0, 23.75, 9999.0, 22.45, 9999.0, 22.7, 22.5, 22.25, 22.25, 22.25
2026-09-13, 01:21:28, 22.25, 22.41, 22.75, 22.75, 9999.0, 9999.0, 9999.0, 23.77, 9999.0, 22.45, 9999.0, 22.68, 22.5, 22.25, 22.25, 22.25
2026-09-13, 01:21:32, 22.25, 22.41, 22.75, 22.75, 9999.0, 9999.0, 9999.0, 23.8, 9999.0, 22.43, 9999.0, 22.66, 22.5, 22.25, 22.27, 22.25
2026-09-13, 01:21:36, 22.25, 22.43, 22.75, 22.75, 9999.0, 9999.0, 9999.0, 23.82, 9999.0, 22.43, 9999.0, 22.64, 22.5, 22.25, 22.27, 22.25
2026-09-13, 01:21:40, 22.25, 22.43, 22.75, 22.75, 9999.0, 9999.0, 9999.0, 23.84, 9999.0, 22.41, 9999.0, 22.61, 22.5, 22.25, 22.27, 22.25
2026-09-13, 01:21:44, 22.25, 22.43, 22.75, 22.75, 9999.0, 9999.0, 9999.0, 23.86, 9999.0, 22.39, 9999.0, 22.61, 22.5, 22.25, 22.27, 22.25
2026-09-13, 01:21:48, 22.25, 22.43, 22.75, 22.75, 9999.0, 9999.0, 9999.0, 23.89, 9999.0, 22.36, 9999.0, 22.61, 22.5, 22.25, 22.27, 22.25
2026-09-13, 01:21:52, 22.25, 22.43, 22.75, 22.75, 9999.0, 9999.0, 9999.0, 23.84, 9999.0, 22.34, 9999.0, 22.61, 22.5, 22.25, 22.27, 22.25
2026-09-13, 01:21:56, 22.25, 22.43, 22.75, 22.75, 9999.0, 9999.0, 9999.0, 23.8, 9999.0, 22.32, 9999.0, 22.64, 22.5, 22.25, 22.27, 22.25
2026-09-13, 01:22:00, 22.25, 22.45, 22.75, 22.75, 9999.0, 9999.0, 9999.0, 23.75, 9999.0, 22.3, 9999.0, 22.64, 22.5, 22.25, 22.27, 22.25
2026-09-13, 01:22:04, 22.25, 22.48, 22.75, 22.75, 9999.0, 9999.0, 9999.0, 23.73, 9999.0, 22.3, 9999.0, 22.66, 22.5, 22.25, 22.27, 22.25
2026-09-13, 01:22:08, 22.25, 22.48, 22.75, 22.75, 9999.0, 9999.0, 9999.0, 23.68, 9999.0, 22.3, 9999.0, 22.68, 22.5, 22.25, 22.27, 22.25
2026-09-13, 01:22:12, 22.25, 22.48, 22.75, 22.75, 9999.0, 9999.0, 9999.0, 23.66, 9999.0, 22.32, 9999.0, 22.7, 22.5, 22.25, 22.3, 22.25
2026-09-13, 01:22:16, 22.27, 22.45, 22.75, 22.75, 9999.0, 9999.0, 9999.0, 23.64, 9999.0, 22.36, 9999.0, 22.73, 22.5, 22.25, 22.27, 22.25
2026-09-13, 01:22:20, 22.27, 22.45, 22.75, 22.75, 9999.0, 9999.0, 9999.0, 23.59, 9999.0, 22.39, 9999.0, 22.75, 22.5, 22.25, 22.27, 22.25
2026-09-13, 01:22:24, 22.27, 22.45, 22.75, 22.75, 9999.0, 9999.0, 9999.0, 23.64, 9999.0, 22.41, 9999.0, 22.77, 22.5, 22.25, 22.27, 22.25
2026-09-13, 01:22:28, 22.27, 22.45, 22.75, 22.75, 9999.0, 9999.0, 9999.0, 23.68, 9999.0, 22.43, 9999.0, 22.77, 22.5, 22.25, 22.27, 22.25
2026-09-13, 01:22:32, 22.27, 22.45, 22.75, 22.75, 9999.0, 9999.0, 9999.0, 23.73, 9999.0, 22.45, 9999.0, 22.77, 22.5, 22.25, 22.27, 22.25
2026-09-13, 01:22:36, 22.27, 22.45, 22.75, 22.75, 9999.0, 9999.0, 9999.0, 23.75, 9999.0, 22.48, 9999.0, 22.77, 22.5, 22.25, 22.27, 22.25
2026-09-13, 01:22:40, 22.27, 22.43, 22.75, 22.75, 9999.0, 9999.0, 9999.0, 23.77, 9999.0, 22.5, 9999.0, 22.73, 22.5, 22.25, 22.27, 22.25
2026-09-13, 01:22:44, 22.27, 22.43, 22.75, 22.75, 9999.0, 9999.0, 9999.0, 23.82, 9999.0, 22.52, 9999.0, 22.73, 22.5, 22.25, 22.27, 22.25
2026-09-13, 01:22:48, 22.27, 22.43, 22.75, 22.75, 9999.0, 9999.0, 9999.0, 23.86, 9999.0, 22.5, 9999.0, 22.7, 22.5, 22.25, 22.27, 22.25
2026-09-13, 01:22:52, 22.27, 22.43, 22.75, 22.75, 9999.0, 9999.0, 9999.0, 23.89, 9999.0, 22.48, 9999.0, 22.68, 22.5, 22.25, 22.27, 22.25
2026-09-13, 01:22:56, 22.3, 22.45, 22.75, 22.75, 9999.0, 9999.0, 9999.0, 23.91, 9999.0, 22.45, 9999.0, 22.66, 22.5, 22.25, 22.25, 22.25
2026-09-13, 01:23:00, 22.27, 22.45, 22.75, 22.75, 9999.0, 9999.0, 9999.0, 23.93, 9999.0, 22.43, 9999.0, 22.64, 22.5, 22.25, 22.25, 22.25
2026-09-13, 01:23:04, 22.27, 22.45, 22.75, 22.75, 9999.0, 9999.0, 9999.0, 23.98, 9999.0, 22.41, 9999.0, 22.64, 22.5, 22.25, 22.27, 22.25
2026-09-13, 01:23:08, 22.3, 22.45, 22.75, 22.75, 9999.0, 9999.0, 9999.0, 23.93, 9999.0, 22.39, 9999.0, 22.64, 22.5, 22.25, 22.27, 22.25
2026-09-13, 01:23:12, 22.3, 22.45, 22.75, 22.75, 9999.0, 9999.0, 9999.0, 23.89, 9999.0, 22.36, 9999.0, 22.64, 22.5, 22.25, 22.27, 22.25
2026-09-13, 01:23:16, 22.32, 22.45, 22.75, 22.75, 9999.0, 9999.0, 9999.0, 23.82, 9999.0, 22.34, 9999.0, 22.66, 22.5, 22.25, 22.3, 22.25
2026-09-13, 01:23:20, 22.32, 22.43, 22.75, 22.75, 9999.0, 9999.0, 9999.0, 23.77, 9999.0, 22.32, 9999.0, 22.66, 22.5, 22.25, 22.3, 22.25
2026-09-13, 01:23:24, 22.32, 22.43, 22.75, 22.75, 9999.0, 9999.0, 9999.0, 23.73, 9999.0, 22.32, 9999.0, 22.68, 22.5, 22.25, 22.3, 22.25
2026-09-13, 01:23:28, 22.32, 22.43, 22.75, 22.75, 9999.0, 9999.0, 9999.0, 23.68, 9999.0, 22.3, 9999.0, 22.68, 22.5, 22.25, 22.3, 22.25
2026-09-13, 01:23:32, 22.32, 22.43, 22.75, 22.75, 9999.0, 9999.0, 9999.0, 23.64, 9999.0, 22.32, 9999.0, 22.7, 22.5, 22.25, 22.32, 22.25
2026-09-13, 01:23:36, 22.32, 22.43, 22.75, 22.75, 9999.0, 9999.0, 9999.0, 23.61, 9999.0, 22.34, 9999.0, 22.73, 22.5, 22.25, 22.32, 22.27
2026-09-13, 01:23:40, 22.3, 22.43, 22.75, 22.75, 9999.0, 9999.0, 9999.0, 23.59, 9999.0, 22.36, 9999.0, 22.75, 22.5, 22.25, 22.32, 22.27
2026-09-13, 01:23:44, 22.3, 22.45, 22.75, 22.75, 9999.0, 9999.0, 9999.0, 23.64, 9999.0, 22.36, 9999.0, 22.77, 22.5, 22.25, 22.32, 22.27
2026-09-13, 01:23:48, 22.3, 22.45, 22.75, 22.75, 9999.0, 9999.0, 9999.0, 23.68, 9999.0, 22.39, 9999.0, 22.77, 22.5, 22.25, 22.3, 22.27
2026-09-13, 01:23:52, 22.27, 22.45, 22.75, 22.75, 9999.0, 9999.0, 9999.0, 23.7, 9999.0, 22.41, 9999.0, 22.75, 22.5, 22.25, 22.3, 22.27
2026-09-13, 01:23:56, 22.27, 22.45, 22.75, 22.75, 9999.0, 9999.0, 9999.0, 23.73, 9999.0, 22.43, 9999.0, 22.75, 22.5, 22.25, 22.32, 22.27
2026-09-13, 01:24:00, 22.25, 22.45, 22.75, 22.75, 9999.0, 9999.0, 9999.0, 23.77, 9999.0, 22.43, 9999.0, 22.73, 22.5, 22.25, 22.3, 22.27
2026-09-13, 01:24:04, 22.27, 22.48, 22.75, 22.75, 9999.0, 9999.0, 9999.0, 23.8, 9999.0, 22.45, 9999.0, 22.7, 22.5, 22.25, 22.3, 22.27
2026-09-13, 01:24:08, 22.27, 22.5, 22.75, 22.75, 9999.0, 9999.0, 9999.0, 23.84, 9999.0, 22.43, 9999.0, 22.7, 22.5, 22.25, 22.3, 22.27
2026-09-13, 01:24:12, 22.27, 22.5, 22.75, 22.75, 9999.0, 9999.0, 9999.0, 23.89, 9999.0, 22.45, 9999.0, 22.68, 22.5, 22.25, 22.3, 22.27
2026-09-13, 01:24:17, 22.27, 22.5, 22.75, 22.75, 9999.0, 9999.0, 9999.0, 23.93, 9999.0, 22.45, 9999.0, 22.66, 22.5, 22.25, 22.27, 22.27
2026-09-13, 01:24:21, 22.27, 22.5, 22.75, 22.75, 9999.0, 9999.0, 9999.0, 23.98, 9999.0, 22.43, 9999.0, 22.66, 22.5, 22.25, 22.27, 22.27
2026-09-13, 01:24:25, 22.27, 22.5, 22.75, 22.75, 9999.0, 9999.0, 9999.0, 24.0, 9999.0, 22.41, 9999.0, 22.66, 22.5, 22.25, 22.27, 22.27
2026-09-13, 01:24:29, 22.27, 22.48, 22.75, 22.75, 9999.0, 9999.0, 9999.0, 23.95, 9999.0, 22.39, 9999.0, 22.66, 22.5, 22.25, 22.27, 22.27
2026-09-13, 01:24:33, 22.27, 22.48, 22.75, 22.75, 9999.0, 9999.0, 9999.0, 23.91, 9999.0, 22.36, 9999.0, 22.66, 22.5, 22.25, 22.27, 22.3
2026-09-13, 01:24:37, 22.27, 22.45, 22.75, 22.75, 9999.0, 9999.0, 9999.0, 23.89, 9999.0, 22.34, 9999.0, 22.68, 22.5, 22.25, 22.27, 22.3
2026-09-13, 01:24:41, 22.27, 22.45, 22.75, 22.75, 9999.0, 9999.0, 9999.0, 23.86, 9999.0, 22.34, 9999.0, 22.68, 22.5, 22.25, 22.25, 22.3
2026-09-13, 01:24:45, 22.27, 22.45, 22.75, 22.75, 9999.0, 9999.0, 9999.0, 23.82, 9999.0, 22.36, 9999.0, 22.68, 22.5, 22.25, 22.25, 22.3
2026-09-13, 01:24:49, 22.27, 22.45, 22.75, 22.75, 9999.0, 9999.0, 9999.0, 23.8, 9999.0, 22.36, 9999.0, 22.7, 22.5, 22.25, 22.25, 22.3
2026-09-13, 01:24:53, 22.27, 22.45, 22.75, 22.75, 9999.0, 9999.0, 9999.0, 23.75, 9999.0, 22.41, 9999.0, 22.7, 22.5, 22.25, 22.25, 22.3
2026-09-13, 01:24:57, 22.27, 22.45, 22.75, 22.75, 9999.0, 9999.0, 9999.0, 23.7, 9999.0, 22.41, 9999.0, 22.73, 22.5, 22.25, 22.25, 22.3
2026-09-13, 01:25:01, 22.27, 22.45, 22.75, 22.75, 9999.0, 9999.0, 9999.0, 23.73, 9999.0, 22.43, 9999.0, 22.75, 22.5, 22.25, 22.25, 22.3
2026-09-13, 01:25:05, 22.27, 22.45, 22.75, 22.75, 9999.0, 9999.0, 9999.0, 23.75, 9999.0, 22.48, 9999.0, 22.75, 22.5, 22.25, 22.25, 22.27
2026-09-13, 01:25:09, 22.27, 22.45, 22.75, 22.75, 9999.0, 9999.0, 9999.0, 23.8, 9999.0, 22.5, 9999.0, 22.75, 22.5, 22.25, 22.25, 22.27
2026-09-13, 01:25:13, 22.27, 22.48, 22.75, 22.75, 9999.0, 9999.0, 9999.0, 23.82, 9999.0, 22.55, 9999.0, 22.75, 22.5, 22.25, 22.25, 22.27
2026-09-13, 01:25:17, 22.27, 22.48, 22.75, 22.75, 9999.0, 9999.0, 9999.0, 23.84, 9999.0, 22.57, 9999.0, 22.73, 22.5, 22.25, 22.25, 22.25
2026-09-13, 01:25:21, 22.27, 22.5, 22.75, 22.75, 9999.0, 9999.0, 9999.0, 23.86, 9999.0, 22.59, 9999.0, 22.7, 22.5, 22.25, 22.25, 22.25
2026-09-13, 01:25:25, 22.27, 22.5, 22.75, 22.75, 9999.0, 9999.0, 9999.0, 23.89, 9999.0, 22.59, 9999.0, 22.68, 22.5, 22.25, 22.25, 22.25
2026-09-13, 01:25:29, 22.27, 22.5, 22.75, 22.75, 9999.0, 9999.0, 9999.0, 23.93, 9999.0, 22.59, 9999.0, 22.66, 22.5, 22.25, 22.25, 22.25
2026-09-13, 01:25:33, 22.25, 22.5, 22.75, 22.75, 9999.0, 9999.0, 9999.0, 23.98, 9999.0, 22.59, 9999.0, 22.64, 22.5, 22.25, 22.25, 22.25
2026-09-13, 01:25:37, 22.25, 22.5, 22.75, 22.75, 9999.0, 9999.0, 9999.0, 24.02, 9999.0, 22.57, 9999.0, 22.64, 22.48, 22.25, 22.25, 22.25
2026-09-13, 01:25:41, 22.25, 22.5, 22.75, 22.75, 9999.0, 9999.0, 9999.0, 24.07, 9999.0, 22.57, 9999.0, 22.64, 22.48, 22.25, 22.25, 22.25
2026-09-13, 01:25:45, 22.25, 22.5, 22.75, 22.75, 9999.0, 9999.0, 9999.0, 24.02, 9999.0, 22.55, 9999.0, 22.64, 22.48, 22.25, 22.25, 22.25
2026-09-13, 01:25:49, 22.25, 22.5, 22.75, 22.75, 9999.0, 9999.0, 9999.0, 23.98, 9999.0, 22.5, 9999.0, 22.66, 22.48, 22.25, 22.27, 22.25
2026-09-13, 01:25:53, 22.25, 22.5, 22.75, 22.75, 9999.0, 9999.0, 9999.0, 23.93, 9999.0, 22.48, 9999.0, 22.66, 22.48, 22.25, 22.3, 22.25
2026-09-13, 01:25:57, 22.25, 22.5, 22.75, 22.75, 9999.0, 9999.0, 9999.0, 23.91, 9999.0, 22.43, 9999.0, 22.66, 22.48, 22.25, 22.3, 22.25
2026-09-13, 01:26:01, 22.25, 22.5, 22.75, 22.75, 9999.0, 9999.0, 9999.0, 23.89, 9999.0, 22.45, 9999.0, 22.68, 22.48, 22.25, 22.3, 22.25
2026-09-13, 01:26:05, 22.25, 22.5, 22.75, 22.75, 9999.0, 9999.0, 9999.0, 23.86, 9999.0, 22.45, 9999.0, 22.7, 22.48, 22.25, 22.3, 22.25
2026-09-13, 01:26:09, 22.25, 22.5, 22.75, 22.75, 9999.0, 9999.0, 9999.0, 23.84, 9999.0, 22.48, 9999.0, 22.73, 22.48, 22.25, 22.3, 22.25
2026-09-13, 01:26:13, 22.25, 22.5, 22.75, 22.75, 9999.0, 9999.0, 9999.0, 23.8, 9999.0, 22.5, 9999.0, 22.75, 22.48, 22.25, 22.3, 22.25
2026-09-13, 01:26:17, 22.25, 22.5, 22.75, 22.75, 9999.0, 9999.0, 9999.0, 23.75, 9999.0, 22.52, 9999.0, 22.77, 22.48, 22.25, 22.3, 22.25
2026-09-13, 01:26:21, 22.25, 22.5, 22.75, 22.75, 9999.0, 9999.0, 9999.0, 23.77, 9999.0, 22.55, 9999.0, 22.77, 22.5, 22.25, 22.3, 22.25
2026-09-13, 01:26:25, 22.25, 22.5, 22.75, 22.75, 9999.0, 9999.0, 9999.0, 23.8, 9999.0, 22.57, 9999.0, 22.77, 22.5, 22.25, 22.3, 22.25
2026-09-13, 01:26:29, 22.25, 22.5, 22.75, 22.75, 9999.0, 9999.0, 9999.0, 23.82, 9999.0, 22.59, 9999.0, 22.77, 22.5, 22.25, 22.3, 22.25
2026-09-13, 01:26:33, 22.25, 22.5, 22.75, 22.75, 9999.0, 9999.0, 9999.0, 23.84, 9999.0, 22.64, 9999.0, 22.73, 22.5, 22.25, 22.27, 22.25
2026-09-13, 01:26:37, 22.25, 22.5, 22.75, 22.75, 9999.0, 9999.0, 9999.0, 23.86, 9999.0, 22.66, 9999.0, 22.73, 22.5, 22.25, 22.25, 22.27
2026-09-13, 01:26:41, 22.25, 22.5, 22.75, 22.75, 9999.0, 9999.0, 9999.0, 23.89, 9999.0, 22.68, 9999.0, 22.7, 22.5, 22.25, 22.25, 22.27
2026-09-13, 01:26:45, 22.25, 22.5, 22.75, 22.75, 9999.0, 9999.0, 9999.0, 23.91, 9999.0, 22.66, 9999.0, 22.68, 22.5, 22.25, 22.25, 22.27
2026-09-13, 01:26:49, 22.25, 22.5, 22.75, 22.75, 9999.0, 9999.0, 9999.0, 23.93, 9999.0, 22.66, 9999.0, 22.66, 22.5, 22.25, 22.25, 22.27
2026-09-13, 01:26:53, 22.25, 22.5, 22.75, 22.75, 9999.0, 9999.0, 9999.0, 23.95, 9999.0, 22.64, 9999.0, 22.64, 22.5, 22.25, 22.25, 22.27
2026-09-13, 01:26:57, 22.25, 22.5, 22.75, 22.75, 9999.0, 9999.0, 9999.0, 23.98, 9999.0, 22.61, 9999.0, 22.64, 22.5, 22.25, 22.25, 22.27
2026-09-13, 01:27:01, 22.25, 22.5, 22.75, 22.75, 9999.0, 9999.0, 9999.0, 24.0, 9999.0, 22.59, 9999.0, 22.64, 22.5, 22.25, 22.25, 22.27
2026-09-13, 01:27:05, 22.25, 22.5, 22.75, 22.75, 9999.0, 9999.0, 9999.0, 23.98, 9999.0, 22.57, 9999.0, 22.64, 22.5, 22.25, 22.25, 22.27
2026-09-13, 01:27:09, 22.25, 22.5, 22.75, 22.75, 9999.0, 9999.0, 9999.0, 23.93, 9999.0, 22.55, 9999.0, 22.64, 22.5, 22.25, 22.27, 22.27
2026-09-13, 01:27:13, 22.25, 22.5, 22.75, 22.75, 9999.0, 9999.0, 9999.0, 23.91, 9999.0, 22.52, 9999.0, 22.64, 22.5, 22.25, 22.27, 22.27
2026-09-13, 01:27:17, 22.25, 22.5, 22.75, 22.75, 9999.0, 9999.0, 9999.0, 23.89, 9999.0, 22.52, 9999.0, 22.66, 22.5, 22.25, 22.27, 22.27
2026-09-13, 01:27:21, 22.25, 22.5, 22.75, 22.75, 9999.0, 9999.0, 9999.0, 23.86, 9999.0, 22.55, 9999.0, 22.66, 22.5, 22.25, 22.27, 22.25
2026-09-13, 01:27:25, 22.25, 22.5, 22.75, 22.75, 9999.0, 9999.0, 9999.0, 23.82, 9999.0, 22.57, 9999.0, 22.68, 22.5, 22.25, 22.27, 22.25
2026-09-13, 01:27:29, 22.27, 22.5, 22.75, 22.75, 9999.0, 9999.0, 9999.0, 23.77, 9999.0, 22.59, 9999.0, 22.7, 22.5, 22.25, 22.27, 22.25
2026-09-13, 01:27:33, 22.27, 22.5, 22.75, 22.75, 9999.0, 9999.0, 9999.0, 23.73, 9999.0, 22.61, 9999.0, 22.73, 22.5, 22.25, 22.27, 22.25
2026-09-13, 01:27:37, 22.3, 22.5, 22.75, 22.75, 9999.0, 9999.0, 9999.0, 23.77, 9999.0, 22.64, 9999.0, 22.75, 22.5, 22.25, 22.27, 22.25
2026-09-13, 01:27:41, 22.3, 22.5, 22.75, 22.75, 9999.0, 9999.0, 9999.0, 23.82, 9999.0, 22.66, 9999.0, 22.73, 22.5, 22.25, 22.27, 22.25
2026-09-13, 01:27:45, 22.3, 22.5, 22.75, 22.75, 9999.0, 9999.0, 9999.0, 23.86, 9999.0, 22.68, 9999.0, 22.73, 22.5, 22.25, 22.27, 22.25
2026-09-13, 01:27:49, 22.3, 22.5, 22.75, 22.75, 9999.0, 9999.0, 9999.0, 23.89, 9999.0, 22.7, 9999.0, 22.7, 22.5, 22.25, 22.27, 22.25
2026-09-13, 01:27:53, 22.3, 22.5, 22.75, 22.75, 9999.0, 9999.0, 9999.0, 23.91, 9999.0, 22.73, 9999.0, 22.7, 22.5, 22.25, 22.25, 22.25
2026-09-13, 01:27:57, 22.3, 22.5, 22.75, 22.75, 9999.0, 9999.0, 9999.0, 23.93, 9999.0, 22.75, 9999.0, 22.68, 22.5, 22.25, 22.25, 22.25
2026-09-13, 01:28:02, 22.3, 22.5, 22.75, 22.75, 9999.0, 9999.0, 9999.0, 23.95, 9999.0, 22.73, 9999.0, 22.66, 22.5, 22.25, 22.25, 22.27
2026-09-13, 01:28:06, 22.3, 22.5, 22.75, 22.75, 9999.0, 9999.0, 9999.0, 23.98, 9999.0, 22.7, 9999.0, 22.64, 22.5, 22.25, 22.25, 22.27
2026-09-13, 01:28:10, 22.3, 22.5, 22.75, 22.75, 9999.0, 9999.0, 9999.0, 24.02, 9999.0, 22.68, 9999.0, 22.61, 22.5, 22.25, 22.25, 22.27
2026-09-13, 01:28:14, 22.27, 22.5, 22.75, 22.75, 9999.0, 9999.0, 9999.0, 24.07, 9999.0, 22.68, 9999.0, 22.61, 22.5, 22.25, 22.25, 22.27
2026-09-13, 01:28:18, 22.27, 22.5, 22.75, 22.75, 9999.0, 9999.0, 9999.0, 24.11, 9999.0, 22.66, 9999.0, 22.61, 22.5, 22.25, 22.25, 22.27
2026-09-13, 01:28:22, 22.25, 22.5, 22.75, 22.75, 9999.0, 9999.0, 9999.0, 24.07, 9999.0, 22.64, 9999.0, 22.61, 22.5, 22.25, 22.25, 22.27
2026-09-13, 01:28:26, 22.25, 22.5, 22.75, 22.75, 9999.0, 9999.0, 9999.0, 24.02, 9999.0, 22.64, 9999.0, 22.64, 22.5, 22.25, 22.25, 22.27
2026-09-13, 01:28:30, 22.25, 22.48, 22.75, 22.75, 9999.0, 9999.0, 9999.0, 23.98, 9999.0, 22.61, 9999.0, 22.66, 22.5, 22.25, 22.25, 22.27
2026-09-13, 01:28:34, 22.25, 22.48, 22.75, 22.75, 9999.0, 9999.0, 9999.0, 23.93, 9999.0, 22.59, 9999.0, 22.68, 22.5, 22.25, 22.25, 22.27
2026-09-13, 01:28:38, 22.25, 22.48, 22.75, 22.75, 9999.0, 9999.0, 9999.0, 23.91, 9999.0, 22.59, 9999.0, 22.68, 22.5, 22.25, 22.25, 22.27
2026-09-13, 01:28:42, 22.25, 22.48, 22.75, 22.75, 9999.0, 9999.0, 9999.0, 23.89, 9999.0, 22.59, 9999.0, 22.7, 22.5, 22.25, 22.25, 22.27
2026-09-13, 01:28:46, 22.25, 22.48, 22.75, 22.75, 9999.0, 9999.0, 9999.0, 23.86, 9999.0, 22.61, 9999.0, 22.73, 22.5, 22.25, 22.25, 22.25
2026-09-13, 01:28:50, 22.25, 22.48, 22.75, 22.75, 9999.0, 9999.0, 9999.0, 23.82, 9999.0, 22.66, 9999.0, 22.75, 22.5, 22.25, 22.25, 22.25
2026-09-13, 01:28:54, 22.25, 22.48, 22.75, 22.75, 9999.0, 9999.0, 9999.0, 23.77, 9999.0, 22.68, 9999.0, 22.77, 22.5, 22.25, 22.25, 22.25
2026-09-13, 01:28:58, 22.25, 22.48, 22.75, 22.75, 9999.0, 9999.0, 9999.0, 23.82, 9999.0, 22.68, 9999.0, 22.77, 22.5, 22.25, 22.25, 22.25
2026-09-13, 01:29:02, 22.25, 22.48, 22.75, 22.75, 9999.0, 9999.0, 9999.0, 23.84, 9999.0, 22.7, 9999.0, 22.77, 22.5, 22.25, 22.27, 22.25
2026-09-13, 01:29:06, 22.25, 22.45, 22.75, 22.75, 9999.0, 9999.0, 9999.0, 23.86, 9999.0, 22.73, 9999.0, 22.77, 22.5, 22.25, 22.27, 22.25
2026-09-13, 01:29:10, 22.25, 22.45, 22.75, 22.75, 9999.0, 9999.0, 9999.0, 23.91, 9999.0, 22.73, 9999.0, 22.75, 22.5, 22.25, 22.27, 22.25
2026-09-13, 01:29:14, 22.25, 22.48, 22.75, 22.75, 9999.0, 9999.0, 9999.0, 23.93, 9999.0, 22.75, 9999.0, 22.7, 22.5, 22.25, 22.27, 22.25
2026-09-13, 01:29:18, 22.25, 22.48, 22.75, 22.75, 9999.0, 9999.0, 9999.0, 23.95, 9999.0, 22.77, 9999.0, 22.68, 22.5, 22.25, 22.27, 22.25
2026-09-13, 01:29:22, 22.25, 22.48, 22.75, 22.75, 9999.0, 9999.0, 9999.0, 23.98, 9999.0, 22.77, 9999.0, 22.66, 22.5, 22.25, 22.27, 22.25
2026-09-13, 01:29:26, 22.25, 22.48, 22.75, 22.75, 9999.0, 9999.0, 9999.0, 24.0, 9999.0, 22.75, 9999.0, 22.64, 22.5, 22.25, 22.27, 22.25
2026-09-13, 01:29:30, 22.25, 22.48, 22.75, 22.75, 9999.0, 9999.0, 9999.0, 24.02, 9999.0, 22.75, 9999.0, 22.61, 22.5, 22.25, 22.27, 22.25
2026-09-13, 01:29:34, 22.25, 22.48, 22.75, 22.75, 9999.0, 9999.0, 9999.0, 24.07, 9999.0, 22.73, 9999.0, 22.61, 22.48, 22.25, 22.27, 22.25
2026-09-13, 01:29:38, 22.25, 22.48, 22.75, 22.75, 9999.0, 9999.0, 9999.0, 24.11, 9999.0, 22.73, 9999.0, 22.61, 22.48, 22.25, 22.27, 22.25
2026-09-13, 01:29:42, 22.25, 22.45, 22.75, 22.75, 9999.0, 9999.0, 9999.0, 24.05, 9999.0, 22.73, 9999.0, 22.61, 22.48, 22.25, 22.27, 22.25
2026-09-13, 01:29:46, 22.25, 22.45, 22.75, 22.75, 9999.0, 9999.0, 9999.0, 24.02, 9999.0, 22.7, 9999.0, 22.61, 22.48, 22.25, 22.25, 22.25
2026-09-13, 01:29:50, 22.25, 22.48, 22.75, 22.73, 9999.0, 9999.0, 9999.0, 23.98, 9999.0, 22.68, 9999.0, 22.61, 22.48, 22.25, 22.25, 22.25
2026-09-13, 01:29:54, 22.25, 22.48, 22.75, 22.73, 9999.0, 9999.0, 9999.0, 23.93, 9999.0, 22.68, 9999.0, 22.64, 22.48, 22.25, 22.25, 22.25
2026-09-13, 01:29:58, 22.25, 22.48, 22.75, 22.73, 9999.0, 9999.0, 9999.0, 23.91, 9999.0, 22.68, 9999.0, 22.66, 22.48, 22.25, 22.25, 22.25
2026-09-13, 01:30:02, 22.25, 22.48, 22.75, 22.73, 9999.0, 9999.0, 9999.0, 23.89, 9999.0, 22.68, 9999.0, 22.68, 22.48, 22.25, 22.25, 22.25
2026-09-13, 01:30:06, 22.25, 22.48, 22.75, 22.73, 9999.0, 9999.0, 9999.0, 23.86, 9999.0, 22.7, 9999.0, 22.7, 22.48, 22.25, 22.25, 22.25
2026-09-13, 01:30:10, 22.25, 22.45, 22.75, 22.73, 9999.0, 9999.0, 9999.0, 23.84, 9999.0, 22.73, 9999.0, 22.73, 22.48, 22.25, 22.25, 22.25
2026-09-13, 01:30:14, 22.25, 22.45, 22.75, 22.73, 9999.0, 9999.0, 9999.0, 23.89, 9999.0, 22.73, 9999.0, 22.75, 22.48, 22.25, 22.25, 22.25
2026-09-13, 01:30:18, 22.25, 22.45, 22.75, 22.73, 9999.0, 9999.0, 9999.0, 23.93, 9999.0, 22.73, 9999.0, 22.75, 22.5, 22.25, 22.25, 22.25
2026-09-13, 01:30:23, 22.25, 22.45, 22.75, 22.73, 9999.0, 9999.0, 9999.0, 23.95, 9999.0, 22.73, 9999.0, 22.75, 22.5, 22.25, 22.25, 22.25
2026-09-13, 01:30:27, 22.25, 22.48, 22.75, 22.73, 9999.0, 9999.0, 9999.0, 24.0, 9999.0, 22.73, 9999.0, 22.73, 22.5, 22.25, 22.25, 22.25
2026-09-13, 01:30:31, 22.25, 22.48, 22.75, 22.73, 9999.0, 9999.0, 9999.0, 24.02, 9999.0, 22.75, 9999.0, 22.73, 22.5, 22.25, 22.25, 22.25
2026-09-13, 01:30:35, 22.25, 22.48, 22.75, 22.75, 9999.0, 9999.0, 9999.0, 24.07, 9999.0, 22.77, 9999.0, 22.7, 22.5, 22.25, 22.25, 22.25
2026-09-13, 01:30:39, 22.25, 22.48, 22.75, 22.75, 9999.0, 9999.0, 9999.0, 24.11, 9999.0, 22.77, 9999.0, 22.68, 22.5, 22.25, 22.25, 22.25
2026-09-13, 01:30:43, 22.25, 22.48, 22.75, 22.75, 9999.0, 9999.0, 9999.0, 24.14, 9999.0, 22.77, 9999.0, 22.66, 22.5, 22.25, 22.25, 22.25
2026-09-13, 01:30:47, 22.25, 22.48, 22.75, 22.75, 9999.0, 9999.0, 9999.0, 24.16, 9999.0, 22.77, 9999.0, 22.64, 22.5, 22.25, 22.25, 22.25
2026-09-13, 01:30:51, 22.25, 22.48, 22.75, 22.75, 9999.0, 9999.0, 9999.0, 24.18, 9999.0, 22.75, 9999.0, 22.64, 22.5, 22.25, 22.25, 22.25
2026-09-13, 01:30:55, 22.25, 22.5, 22.75, 22.75, 9999.0, 9999.0, 9999.0, 24.2, 9999.0, 22.73, 9999.0, 22.64, 22.5, 22.25, 22.25, 22.25
2026-09-13, 01:30:59, 22.25, 22.5, 22.75, 22.75, 9999.0, 9999.0, 9999.0, 24.16, 9999.0, 22.7, 9999.0, 22.64, 22.5, 22.25, 22.25, 22.25
2026-09-13, 01:31:03, 22.25, 22.5, 22.75, 22.75, 9999.0, 9999.0, 9999.0, 24.11, 9999.0, 22.68, 9999.0, 22.64, 22.5, 22.25, 22.25, 22.25
2026-09-13, 01:31:07, 22.25, 22.5, 22.75, 22.75, 9999.0, 9999.0, 9999.0, 24.07, 9999.0, 22.66, 9999.0, 22.64, 22.5, 22.25, 22.25, 22.25
2026-09-13, 01:31:11, 22.25, 22.5, 22.75, 22.75, 9999.0, 9999.0, 9999.0, 24.02, 9999.0, 22.64, 9999.0, 22.66, 22.5, 22.25, 22.25, 22.25
2026-09-13, 01:31:15, 22.25, 22.5, 22.75, 22.75, 9999.0, 9999.0, 9999.0, 23.98, 9999.0, 22.64, 9999.0, 22.66, 22.5, 22.25, 22.25, 22.25
2026-09-13, 01:31:19, 22.25, 22.5, 22.75, 22.75, 9999.0, 9999.0, 9999.0, 23.93, 9999.0, 22.64, 9999.0, 22.68, 22.5, 22.25, 22.25, 22.25
2026-09-13, 01:31:23, 22.25, 22.5, 22.75, 22.75, 9999.0, 9999.0, 9999.0, 23.89, 9999.0, 22.66, 9999.0, 22.7, 22.5, 22.25, 22.25, 22.25
2026-09-13, 01:31:27, 22.25, 22.5, 22.75, 22.75, 9999.0, 9999.0, 9999.0, 23.86, 9999.0, 22.68, 9999.0, 22.73, 22.5, 22.25, 22.25, 22.25
2026-09-13, 01:31:31, 22.25, 22.5, 22.75, 22.75, 9999.0, 9999.0, 9999.0, 23.84, 9999.0, 22.7, 9999.0, 22.75, 22.5, 22.25, 22.25, 22.25
2026-09-13, 01:31:35, 22.25, 22.5, 22.75, 22.75, 9999.0, 9999.0, 9999.0, 23.89, 9999.0, 22.7, 9999.0, 22.75, 22.5, 22.25, 22.25, 22.25
2026-09-13, 01:31:39, 22.25, 22.5, 22.75, 22.75, 9999.0, 9999.0, 9999.0, 23.91, 9999.0, 22.73, 9999.0, 22.73, 22.5, 22.25, 22.25, 22.25
2026-09-13, 01:31:43, 22.25, 22.5, 22.75, 22.75, 9999.0, 9999.0, 9999.0, 23.93, 9999.0, 22.75, 9999.0, 22.73, 22.5, 22.25, 22.25, 22.25
2026-09-13, 01:31:47, 22.25, 22.5, 22.75, 22.75, 9999.0, 9999.0, 9999.0, 23.95, 9999.0, 22.77, 9999.0, 22.7, 22.5, 22.25, 22.25, 22.25
2026-09-13, 01:31:51, 22.25, 22.5, 22.75, 22.75, 9999.0, 9999.0, 9999.0, 23.98, 9999.0, 22.8, 9999.0, 22.68, 22.5, 22.25, 22.25, 22.25
2026-09-13, 01:31:55, 22.25, 22.5, 22.75, 22.75, 9999.0, 9999.0, 9999.0, 24.02, 9999.0, 22.8, 9999.0, 22.66, 22.5, 22.25, 22.25, 22.25
2026-09-13, 01:31:59, 22.25, 22.5, 22.75, 22.75, 9999.0, 9999.0, 9999.0, 24.05, 9999.0, 22.8, 9999.0, 22.64, 22.5, 22.25, 22.25, 22.25
2026-09-13, 01:32:03, 22.25, 22.5, 22.75, 22.73, 9999.0, 9999.0, 9999.0, 24.09, 9999.0, 22.8, 9999.0, 22.61, 22.48, 22.25, 22.25, 22.25
2026-09-13, 01:32:07, 22.25, 22.48, 22.75, 22.73, 9999.0, 9999.0, 9999.0, 24.11, 9999.0, 22.77, 9999.0, 22.59, 22.48, 22.25, 22.25, 22.25
2026-09-13, 01:32:11, 22.25, 22.48, 22.75, 22.73, 9999.0, 9999.0, 9999.0, 24.14, 9999.0, 22.73, 9999.0, 22.59, 22.48, 22.25, 22.25, 22.25
2026-09-13, 01:32:15, 22.25, 22.48, 22.75, 22.73, 9999.0, 9999.0, 9999.0, 24.16, 9999.0, 22.68, 9999.0, 22.59, 22.45, 22.25, 22.25, 22.25
2026-09-13, 01:32:19, 22.25, 22.48, 22.75, 22.73, 9999.0, 9999.0, 9999.0, 24.11, 9999.0, 22.66, 9999.0, 22.59, 22.45, 22.25, 22.25, 22.25
2026-09-13, 01:32:24, 22.25, 22.48, 22.75, 22.73, 9999.0, 9999.0, 9999.0, 24.09, 9999.0, 22.64, 9999.0, 22.61, 22.45, 22.25, 22.25, 22.25
2026-09-13, 01:32:28, 22.25, 22.48, 22.75, 22.73, 9999.0, 9999.0, 9999.0, 24.05, 9999.0, 22.61, 9999.0, 22.61, 22.45, 22.25, 22.25, 22.25
2026-09-13, 01:32:32, 22.25, 22.48, 22.75, 22.73, 9999.0, 9999.0, 9999.0, 24.0, 9999.0, 22.61, 9999.0, 22.64, 22.45, 22.25, 22.25, 22.25
2026-09-13, 01:32:36, 22.25, 22.48, 22.75, 22.73, 9999.0, 9999.0, 9999.0, 23.98, 9999.0, 22.61, 9999.0, 22.66, 22.45, 22.25, 22.25, 22.25
2026-09-13, 01:32:40, 22.25, 22.45, 22.75, 22.73, 9999.0, 9999.0, 9999.0, 23.93, 9999.0, 22.64, 9999.0, 22.68, 22.45, 22.25, 22.25, 22.25
2026-09-13, 01:32:44, 22.25, 22.45, 22.75, 22.73, 9999.0, 9999.0, 9999.0, 23.91, 9999.0, 22.66, 9999.0, 22.7, 22.45, 22.25, 22.25, 22.25
2026-09-13, 01:32:48, 22.25, 22.45, 22.75, 22.75, 9999.0, 9999.0, 9999.0, 23.84, 9999.0, 22.66, 9999.0, 22.73, 22.48, 22.25, 22.25, 22.25
2026-09-13, 01:32:52, 22.25, 22.48, 22.75, 22.75, 9999.0, 9999.0, 9999.0, 23.86, 9999.0, 22.66, 9999.0, 22.75, 22.48, 22.25, 22.25, 22.25
2026-09-13, 01:32:56, 22.25, 22.48, 22.75, 22.75, 9999.0, 9999.0, 9999.0, 23.89, 9999.0, 22.68, 9999.0, 22.73, 22.48, 22.25, 22.25, 22.25
2026-09-13, 01:33:00, 22.25, 22.48, 22.75, 22.75, 9999.0, 9999.0, 9999.0, 23.91, 9999.0, 22.7, 9999.0, 22.73, 22.5, 22.25, 22.25, 22.25
2026-09-13, 01:33:04, 22.25, 22.48, 22.75, 22.75, 9999.0, 9999.0, 9999.0, 23.93, 9999.0, 22.73, 9999.0, 22.7, 22.5, 22.25, 22.25, 22.25
2026-09-13, 01:33:08, 22.25, 22.48, 22.75, 22.75, 9999.0, 9999.0, 9999.0, 23.95, 9999.0, 22.73, 9999.0, 22.68, 22.5, 22.25, 22.25, 22.25
2026-09-13, 01:33:12, 22.25, 22.48, 22.75, 22.75, 9999.0, 9999.0, 9999.0, 24.0, 9999.0, 22.73, 9999.0, 22.68, 22.5, 22.25, 22.25, 22.25
2026-09-13, 01:33:16, 22.25, 22.48, 22.75, 22.75, 9999.0, 9999.0, 9999.0, 24.02, 9999.0, 22.7, 9999.0, 22.66, 22.5, 22.25, 22.25, 22.25
2026-09-13, 01:33:20, 22.25, 22.48, 22.75, 22.75, 9999.0, 9999.0, 9999.0, 24.05, 9999.0, 22.68, 9999.0, 22.64, 22.5, 22.25, 22.25, 22.25
2026-09-13, 01:33:24, 22.25, 22.5, 22.75, 22.75, 9999.0, 9999.0, 9999.0, 24.07, 9999.0, 22.66, 9999.0, 22.61, 22.5, 22.25, 22.25, 22.25
2026-09-13, 01:33:28, 22.25, 22.5, 22.75, 22.75, 9999.0, 9999.0, 9999.0, 24.09, 9999.0, 22.61, 9999.0, 22.61, 22.48, 22.25, 22.25, 22.25
2026-09-13, 01:33:32, 22.25, 22.5, 22.75, 22.75, 9999.0, 9999.0, 9999.0, 24.14, 9999.0, 22.59, 9999.0, 22.61, 22.48, 22.25, 22.25, 22.25
2026-09-13, 01:33:36, 22.25, 22.5, 22.75, 22.75, 9999.0, 9999.0, 9999.0, 24.11, 9999.0, 22.57, 9999.0, 22.61, 22.48, 22.25, 22.25, 22.25
2026-09-13, 01:33:40, 22.25, 22.5, 22.75, 22.73, 9999.0, 9999.0, 9999.0, 24.09, 9999.0, 22.55, 9999.0, 22.64, 22.48, 22.25, 22.25, 22.25
2026-09-13, 01:33:44, 22.25, 22.5, 22.75, 22.73, 9999.0, 9999.0, 9999.0, 24.05, 9999.0, 22.52, 9999.0, 22.66, 22.48, 22.25, 22.25, 22.25
2026-09-13, 01:33:48, 22.25, 22.5, 22.75, 22.73, 9999.0, 9999.0, 9999.0, 24.0, 9999.0, 22.5, 9999.0, 22.68, 22.48, 22.25, 22.25, 22.25
2026-09-13, 01:33:52, 22.25, 22.5, 22.75, 22.73, 9999.0, 9999.0, 9999.0, 23.95, 9999.0, 22.52, 9999.0, 22.7, 22.48, 22.25, 22.25, 22.25
2026-09-13, 01:33:56, 22.25, 22.5, 22.75, 22.73, 9999.0, 9999.0, 9999.0, 23.91, 9999.0, 22.52, 9999.0, 22.7, 22.48, 22.25, 22.25, 22.25
2026-09-13, 01:34:00, 22.25, 22.5, 22.75, 22.73, 9999.0, 9999.0, 9999.0, 23.89, 9999.0, 22.55, 9999.0, 22.73, 22.48, 22.25, 22.25, 22.25
2026-09-13, 01:34:04, 22.25, 22.5, 22.75, 22.73, 9999.0, 9999.0, 9999.0, 23.84, 9999.0, 22.57, 9999.0, 22.75, 22.48, 22.25, 22.25, 22.25
2026-09-13, 01:34:08, 22.25, 22.5, 22.75, 22.73, 9999.0, 9999.0, 9999.0, 23.8, 9999.0, 22.59, 9999.0, 22.77, 22.48, 22.25, 22.25, 22.25
2026-09-13, 01:34:12, 22.25, 22.5, 22.75, 22.73, 9999.0, 9999.0, 9999.0, 23.82, 9999.0, 22.61, 9999.0, 22.75, 22.5, 22.25, 22.25, 22.25
2026-09-13, 01:34:16, 22.25, 22.5, 22.75, 22.7, 9999.0, 9999.0, 9999.0, 23.84, 9999.0, 22.64, 9999.0, 22.75, 22.5, 22.25, 22.25, 22.25
2026-09-13, 01:34:20, 22.25, 22.5, 22.75, 22.7, 9999.0, 9999.0, 9999.0, 23.86, 9999.0, 22.66, 9999.0, 22.73, 22.5, 22.25, 22.25, 22.25
2026-09-13, 01:34:24, 22.27, 22.48, 22.75, 22.73, 9999.0, 9999.0, 9999.0, 23.89, 9999.0, 22.66, 9999.0, 22.73, 22.5, 22.25, 22.25, 22.25
2026-09-13, 01:34:28, 22.27, 22.48, 22.75, 22.73, 9999.0, 9999.0, 9999.0, 23.91, 9999.0, 22.66, 9999.0, 22.7, 22.5, 22.25, 22.25, 22.25
2026-09-13, 01:34:32, 22.27, 22.48, 22.75, 22.73, 9999.0, 9999.0, 9999.0, 23.93, 9999.0, 22.66, 9999.0, 22.68, 22.5, 22.25, 22.25, 22.25
2026-09-13, 01:34:36, 22.27, 22.48, 22.75, 22.73, 9999.0, 9999.0, 9999.0, 23.95, 9999.0, 22.64, 9999.0, 22.66, 22.48, 22.25, 22.25, 22.25
2026-09-13, 01:34:40, 22.27, 22.48, 22.75, 22.73, 9999.0, 9999.0, 9999.0, 23.98, 9999.0, 22.64, 9999.0, 22.64, 22.48, 22.25, 22.25, 22.25
2026-09-13, 01:34:44, 22.27, 22.48, 22.75, 22.73, 9999.0, 9999.0, 9999.0, 24.0, 9999.0, 22.61, 9999.0, 22.61, 22.48, 22.25, 22.25, 22.25
2026-09-13, 01:34:48, 22.27, 22.48, 22.75, 22.7, 9999.0, 9999.0, 9999.0, 24.05, 9999.0, 22.59, 9999.0, 22.61, 22.48, 22.25, 22.25, 22.25
2026-09-13, 01:34:52, 22.27, 22.48, 22.75, 22.7, 9999.0, 9999.0, 9999.0, 24.09, 9999.0, 22.55, 9999.0, 22.61, 22.48, 22.25, 22.25, 22.25
2026-09-13, 01:34:56, 22.27, 22.48, 22.75, 22.7, 9999.0, 9999.0, 9999.0, 24.05, 9999.0, 22.5, 9999.0, 22.64, 22.48, 22.25, 22.25, 22.25
2026-09-13, 01:35:00, 22.27, 22.48, 22.75, 22.73, 9999.0, 9999.0, 9999.0, 24.0, 9999.0, 22.45, 9999.0, 22.64, 22.48, 22.25, 22.25, 22.25
2026-09-13, 01:35:04, 22.27, 22.48, 22.75, 22.73, 9999.0, 9999.0, 9999.0, 23.95, 9999.0, 22.41, 9999.0, 22.66, 22.48, 22.25, 22.25, 22.25
2026-09-13, 01:35:08, 22.25, 22.5, 22.75, 22.73, 9999.0, 9999.0, 9999.0, 23.91, 9999.0, 22.41, 9999.0, 22.66, 22.48, 22.25, 22.25, 22.25
2026-09-13, 01:35:12, 22.25, 22.5, 22.75, 22.73, 9999.0, 9999.0, 9999.0, 23.89, 9999.0, 22.41, 9999.0, 22.66, 22.48, 22.25, 22.25, 22.25
2026-09-13, 01:35:16, 22.25, 22.48, 22.75, 22.73, 9999.0, 9999.0, 9999.0, 23.84, 9999.0, 22.41, 9999.0, 22.68, 22.48, 22.25, 22.25, 22.25
2026-09-13, 01:35:20, 22.25, 22.48, 22.75, 22.73, 9999.0, 9999.0, 9999.0, 23.8, 9999.0, 22.43, 9999.0, 22.7, 22.5, 22.25, 22.25, 22.25
2026-09-13, 01:35:24, 22.25, 22.48, 22.75, 22.73, 9999.0, 9999.0, 9999.0, 23.75, 9999.0, 22.43, 9999.0, 22.73, 22.5, 22.25, 22.25, 22.25
2026-09-13, 01:35:28, 22.25, 22.48, 22.75, 22.73, 9999.0, 9999.0, 9999.0, 23.77, 9999.0, 22.43, 9999.0, 22.75, 22.5, 22.25, 22.25, 22.25
2026-09-13, 01:35:32, 22.25, 22.48, 22.75, 22.75, 9999.0, 9999.0, 9999.0, 23.8, 9999.0, 22.43, 9999.0, 22.75, 22.5, 22.25, 22.25, 22.25
2026-09-13, 01:35:36, 22.25, 22.48, 22.75, 22.75, 9999.0, 9999.0, 9999.0, 23.82, 9999.0, 22.45, 9999.0, 22.73, 22.5, 22.25, 22.25, 22.25
2026-09-13, 01:35:40, 22.25, 22.48, 22.75, 22.75, 9999.0, 9999.0, 9999.0, 23.86, 9999.0, 22.48, 9999.0, 22.73, 22.5, 22.25, 22.25, 22.25
2026-09-13, 01:35:44, 22.25, 22.48, 22.75, 22.75, 9999.0, 9999.0, 9999.0, 23.89, 9999.0, 22.5, 9999.0, 22.7, 22.5, 22.25, 22.25, 22.25
2026-09-13, 01:35:48, 22.25, 22.48, 22.75, 22.75, 9999.0, 9999.0, 9999.0, 23.91, 9999.0, 22.52, 9999.0, 22.68, 22.5, 22.25, 22.25, 22.25
2026-09-13, 01:35:52, 22.25, 22.48, 22.75, 22.75, 9999.0, 9999.0, 9999.0, 23.93, 9999.0, 22.5, 9999.0, 22.68, 22.5, 22.25, 22.25, 22.25
2026-09-13, 01:35:56, 22.25, 22.48, 22.75, 22.75, 9999.0, 9999.0, 9999.0, 23.95, 9999.0, 22.5, 9999.0, 22.66, 22.48, 22.25, 22.25, 22.25
2026-09-13, 01:36:00, 22.25, 22.48, 22.75, 22.75, 9999.0, 9999.0, 9999.0, 24.0, 9999.0, 22.48, 9999.0, 22.64, 22.48, 22.25, 22.25, 22.25
2026-09-13, 01:36:04, 22.25, 22.48, 22.75, 22.75, 9999.0, 9999.0, 9999.0, 24.02, 9999.0, 22.43, 9999.0, 22.61, 22.48, 22.25, 22.25, 22.25
2026-09-13, 01:36:08, 22.27, 22.48, 22.75, 22.73, 9999.0, 9999.0, 9999.0, 24.05, 9999.0, 22.41, 9999.0, 22.61, 22.45, 22.25, 22.25, 22.25
2026-09-13, 01:36:12, 22.27, 22.48, 22.75, 22.73, 9999.0, 9999.0, 9999.0, 24.0, 9999.0, 22.39, 9999.0, 22.61, 22.45, 22.25, 22.25, 22.25
2026-09-13, 01:36:17, 22.27, 22.48, 22.75, 22.7, 9999.0, 9999.0, 9999.0, 23.95, 9999.0, 22.34, 9999.0, 22.61, 22.45, 22.25, 22.25, 22.25
2026-09-13, 01:36:21, 22.27, 22.48, 22.75, 22.7, 9999.0, 9999.0, 9999.0, 23.91, 9999.0, 22.32, 9999.0, 22.64, 22.45, 22.25, 22.25, 22.25
2026-09-13, 01:36:25, 22.27, 22.48, 22.75, 22.7, 9999.0, 9999.0, 9999.0, 23.86, 9999.0, 22.3, 9999.0, 22.64, 22.45, 22.25, 22.25, 22.25
2026-09-13, 01:36:29, 22.27, 22.48, 22.75, 22.7, 9999.0, 9999.0, 9999.0, 23.82, 9999.0, 22.3, 9999.0, 22.66, 22.45, 22.25, 22.25, 22.25
2026-09-13, 01:36:33, 22.27, 22.48, 22.75, 22.7, 9999.0, 9999.0, 9999.0, 23.77, 9999.0, 22.3, 9999.0, 22.68, 22.45, 22.25, 22.25, 22.25
2026-09-13, 01:36:37, 22.27, 22.48, 22.75, 22.7, 9999.0, 9999.0, 9999.0, 23.73, 9999.0, 22.32, 9999.0, 22.68, 22.45, 22.25, 22.25, 22.25
2026-09-13, 01:36:41, 22.27, 22.48, 22.75, 22.7, 9999.0, 9999.0, 9999.0, 23.68, 9999.0, 22.32, 9999.0, 22.7, 22.48, 22.25, 22.25, 22.25
2026-09-13, 01:36:45, 22.27, 22.5, 22.75, 22.7, 9999.0, 9999.0, 9999.0, 23.64, 9999.0, 22.34, 9999.0, 22.73, 22.48, 22.25, 22.25, 22.25
2026-09-13, 01:36:49, 22.27, 22.5, 22.75, 22.7, 9999.0, 9999.0, 9999.0, 23.68, 9999.0, 22.36, 9999.0, 22.75, 22.48, 22.25, 22.25, 22.25
2026-09-13, 01:36:53, 22.25, 22.5, 22.75, 22.73, 9999.0, 9999.0, 9999.0, 23.7, 9999.0, 22.39, 9999.0, 22.73, 22.5, 22.25, 22.25, 22.25
2026-09-13, 01:36:57, 22.25, 22.5, 22.75, 22.73, 9999.0, 9999.0, 9999.0, 23.73, 9999.0, 22.39, 9999.0, 22.7, 22.5, 22.25, 22.25, 22.25
2026-09-13, 01:37:01, 22.25, 22.5, 22.75, 22.75, 9999.0, 9999.0, 9999.0, 23.75, 9999.0, 22.41, 9999.0, 22.68, 22.5, 22.25, 22.25, 22.25
2026-09-13, 01:37:05, 22.25, 22.5, 22.75, 22.75, 9999.0, 9999.0, 9999.0, 23.77, 9999.0, 22.41, 9999.0, 22.66, 22.5, 22.25, 22.25, 22.25
2026-09-13, 01:37:09, 22.25, 22.5, 22.75, 22.75, 9999.0, 9999.0, 9999.0, 23.8, 9999.0, 22.41, 9999.0, 22.64, 22.5, 22.25, 22.25, 22.25
2026-09-13, 01:37:13, 22.25, 22.5, 22.75, 22.75, 9999.0, 9999.0, 9999.0, 23.82, 9999.0, 22.39, 9999.0, 22.61, 22.5, 22.25, 22.25, 22.25
2026-09-13, 01:37:17, 22.25, 22.5, 22.75, 22.75, 9999.0, 9999.0, 9999.0, 23.84, 9999.0, 22.36, 9999.0, 22.59, 22.5, 22.25, 22.25, 22.25
2026-09-13, 01:37:21, 22.25, 22.5, 22.75, 22.75, 9999.0, 9999.0, 9999.0, 23.86, 9999.0, 22.34, 9999.0, 22.57, 22.5, 22.25, 22.25, 22.25
2026-09-13, 01:37:25, 22.25, 22.5, 22.75, 22.75, 9999.0, 9999.0, 9999.0, 23.89, 9999.0, 22.32, 9999.0, 22.57, 22.5, 22.25, 22.25, 22.25
2026-09-13, 01:37:29, 22.25, 22.5, 22.75, 22.75, 9999.0, 9999.0, 9999.0, 23.91, 9999.0, 22.3, 9999.0, 22.57, 22.48, 22.25, 22.25, 22.25
2026-09-13, 01:37:33, 22.25, 22.5, 22.75, 22.75, 9999.0, 9999.0, 9999.0, 23.84, 9999.0, 22.27, 9999.0, 22.57, 22.48, 22.25, 22.25, 22.25
2026-09-13, 01:37:37, 22.25, 22.5, 22.75, 22.75, 9999.0, 9999.0, 9999.0, 23.8, 9999.0, 22.25, 9999.0, 22.59, 22.48, 22.25, 22.27, 22.25
2026-09-13, 01:37:41, 22.25, 22.5, 22.75, 22.75, 9999.0, 9999.0, 9999.0, 23.75, 9999.0, 22.25, 9999.0, 22.61, 22.48, 22.25, 22.27, 22.25
2026-09-13, 01:37:45, 22.25, 22.48, 22.75, 22.75, 9999.0, 9999.0, 9999.0, 23.7, 9999.0, 22.25, 9999.0, 22.64, 22.48, 22.25, 22.27, 22.25
2026-09-13, 01:37:49, 22.25, 22.48, 22.75, 22.75, 9999.0, 9999.0, 9999.0, 23.66, 9999.0, 22.25, 9999.0, 22.66, 22.48, 22.25, 22.27, 22.25
2026-09-13, 01:37:53, 22.25, 22.48, 22.75, 22.75, 9999.0, 9999.0, 9999.0, 23.61, 9999.0, 22.25, 9999.0, 22.68, 22.48, 22.25, 22.27, 22.25
2026-09-13, 01:37:57, 22.25, 22.48, 22.75, 22.75, 9999.0, 9999.0, 9999.0, 23.59, 9999.0, 22.27, 9999.0, 22.7, 22.48, 22.27, 22.27, 22.25
2026-09-13, 01:38:01, 22.25, 22.48, 22.75, 22.75, 9999.0, 9999.0, 9999.0, 23.55, 9999.0, 22.3, 9999.0, 22.73, 22.48, 22.27, 22.27, 22.25
2026-09-13, 01:38:05, 22.25, 22.48, 22.75, 22.75, 9999.0, 9999.0, 9999.0, 23.59, 9999.0, 22.32, 9999.0, 22.75, 22.48, 22.27, 22.27, 22.25
2026-09-13, 01:38:09, 22.25, 22.48, 22.75, 22.75, 9999.0, 9999.0, 9999.0, 23.61, 9999.0, 22.32, 9999.0, 22.75, 22.48, 22.27, 22.27, 22.25
2026-09-13, 01:38:13, 22.25, 22.48, 22.75, 22.75, 9999.0, 9999.0, 9999.0, 23.64, 9999.0, 22.32, 9999.0, 22.73, 22.5, 22.27, 22.27, 22.25
2026-09-13, 01:38:17, 22.25, 22.48, 22.75, 22.75, 9999.0, 9999.0, 9999.0, 23.68, 9999.0, 22.32, 9999.0, 22.7, 22.5, 22.27, 22.27, 22.25
2026-09-13, 01:38:21, 22.25, 22.48, 22.75, 22.75, 9999.0, 9999.0, 9999.0, 23.73, 9999.0, 22.32, 9999.0, 22.7, 22.5, 22.27, 22.25, 22.25
2026-09-13, 01:38:25, 22.25, 22.48, 22.75, 22.75, 9999.0, 9999.0, 9999.0, 23.75, 9999.0, 22.32, 9999.0, 22.68, 22.5, 22.27, 22.25, 22.25
2026-09-13, 01:38:29, 22.25, 22.48, 22.75, 22.75, 9999.0, 9999.0, 9999.0, 23.77, 9999.0, 22.32, 9999.0, 22.66, 22.5, 22.27, 22.25, 22.25
2026-09-13, 01:38:33, 22.25, 22.45, 22.75, 22.75, 9999.0, 9999.0, 9999.0, 23.8, 9999.0, 22.3, 9999.0, 22.64, 22.5, 22.27, 22.25, 22.25
2026-09-13, 01:38:37, 22.25, 22.45, 22.75, 22.75, 9999.0, 9999.0, 9999.0, 23.82, 9999.0, 22.3, 9999.0, 22.61, 22.5, 22.27, 22.25, 22.25
2026-09-13, 01:38:41, 22.25, 22.45, 22.75, 22.75, 9999.0, 9999.0, 9999.0, 23.84, 9999.0, 22.25, 9999.0, 22.59, 22.5, 22.25, 22.27, 22.25
2026-09-13, 01:38:45, 22.27, 22.45, 22.75, 22.75, 9999.0, 9999.0, 9999.0, 23.89, 9999.0, 22.2, 9999.0, 22.59, 22.5, 22.25, 22.27, 22.25
2026-09-13, 01:38:49, 22.27, 22.45, 22.75, 22.75, 9999.0, 9999.0, 9999.0, 23.84, 9999.0, 22.16, 9999.0, 22.59, 22.48, 22.25, 22.27, 22.25
2026-09-13, 01:38:53, 22.27, 22.43, 22.75, 22.75, 9999.0, 9999.0, 9999.0, 23.8, 9999.0, 22.14, 9999.0, 22.59, 22.48, 22.25, 22.27, 22.25
2026-09-13, 01:38:57, 22.27, 22.43, 22.75, 22.75, 9999.0, 9999.0, 9999.0, 23.75, 9999.0, 22.11, 9999.0, 22.64, 22.48, 22.25, 22.27, 22.25
2026-09-13, 01:39:01, 22.27, 22.43, 22.75, 22.75, 9999.0, 9999.0, 9999.0, 23.7, 9999.0, 22.09, 9999.0, 22.68, 22.48, 22.25, 22.27, 22.25
2026-09-13, 01:39:05, 22.27, 22.43, 22.75, 22.75, 9999.0, 9999.0, 9999.0, 23.66, 9999.0, 22.09, 9999.0, 22.68, 22.48, 22.25, 22.27, 22.25
2026-09-13, 01:39:09, 22.27, 22.43, 22.75, 22.75, 9999.0, 9999.0, 9999.0, 23.64, 9999.0, 22.09, 9999.0, 22.7, 22.48, 22.25, 22.27, 22.25
2026-09-13, 01:39:13, 22.27, 22.45, 22.75, 22.75, 9999.0, 9999.0, 9999.0, 23.61, 9999.0, 22.09, 9999.0, 22.73, 22.48, 22.25, 22.27, 22.25
2026-09-13, 01:39:17, 22.27, 22.48, 22.75, 22.75, 9999.0, 9999.0, 9999.0, 23.59, 9999.0, 22.14, 9999.0, 22.75, 22.48, 22.25, 22.27, 22.25
2026-09-13, 01:39:21, 22.3, 22.48, 22.75, 22.75, 9999.0, 9999.0, 9999.0, 23.57, 9999.0, 22.14, 9999.0, 22.77, 22.48, 22.25, 22.27, 22.25
2026-09-13, 01:39:25, 22.3, 22.48, 22.75, 22.75, 9999.0, 9999.0, 9999.0, 23.61, 9999.0, 22.18, 9999.0, 22.8, 22.48, 22.25, 22.25, 22.25
2026-09-13, 01:39:29, 22.27, 22.48, 22.75, 22.75, 9999.0, 9999.0, 9999.0, 23.64, 9999.0, 22.2, 9999.0, 22.8, 22.48, 22.25, 22.25, 22.25
2026-09-13, 01:39:33, 22.27, 22.45, 22.75, 22.75, 9999.0, 9999.0, 9999.0, 23.66, 9999.0, 22.25, 9999.0, 22.77, 22.5, 22.25, 22.25, 22.25
2026-09-13, 01:39:37, 22.27, 22.48, 22.75, 22.75, 9999.0, 9999.0, 9999.0, 23.7, 9999.0, 22.27, 9999.0, 22.75, 22.5, 22.25, 22.25, 22.25
2026-09-13, 01:39:41, 22.27, 22.48, 22.75, 22.75, 9999.0, 9999.0, 9999.0, 23.73, 9999.0, 22.3, 9999.0, 22.73, 22.5, 22.25, 22.25, 22.25
2026-09-13, 01:39:45, 22.27, 22.48, 22.75, 22.75, 9999.0, 9999.0, 9999.0, 23.77, 9999.0, 22.32, 9999.0, 22.68, 22.5, 22.25, 22.25, 22.25
2026-09-13, 01:39:49, 22.27, 22.48, 22.75, 22.75, 9999.0, 9999.0, 9999.0, 23.8, 9999.0, 22.32, 9999.0, 22.66, 22.5, 22.25, 22.25, 22.25
2026-09-13, 01:39:53, 22.27, 22.48, 22.75, 22.75, 9999.0, 9999.0, 9999.0, 23.82, 9999.0, 22.32, 9999.0, 22.64, 22.5, 22.25, 22.25, 22.25
2026-09-13, 01:39:57, 22.27, 22.48, 22.75, 22.75, 9999.0, 9999.0, 9999.0, 23.86, 9999.0, 22.32, 9999.0, 22.61, 22.5, 22.25, 22.25, 22.25
2026-09-13, 01:40:01, 22.27, 22.48, 22.75, 22.75, 9999.0, 9999.0, 9999.0, 23.89, 9999.0, 22.27, 9999.0, 22.61, 22.5, 22.25, 22.25, 22.25
2026-09-13, 01:40:05, 22.25, 22.48, 22.75, 22.75, 9999.0, 9999.0, 9999.0, 23.91, 9999.0, 22.25, 9999.0, 22.61, 22.5, 22.25, 22.25, 22.25
2026-09-13, 01:40:10, 22.25, 22.48, 22.75, 22.75, 9999.0, 9999.0, 9999.0, 23.86, 9999.0, 22.2, 9999.0, 22.61, 22.5, 22.25, 22.25, 22.25
2026-09-13, 01:40:14, 22.25, 22.48, 22.75, 22.75, 9999.0, 9999.0, 9999.0, 23.82, 9999.0, 22.18, 9999.0, 22.61, 22.5, 22.25, 22.25, 22.25
2026-09-13, 01:40:18, 22.25, 22.5, 22.75, 22.75, 9999.0, 9999.0, 9999.0, 23.77, 9999.0, 22.16, 9999.0, 22.64, 22.5, 22.25, 22.25, 22.25
2026-09-13, 01:40:22, 22.25, 22.5, 22.75, 22.75, 9999.0, 9999.0, 9999.0, 23.73, 9999.0, 22.14, 9999.0, 22.66, 22.5, 22.25, 22.25, 22.25
2026-09-13, 01:40:26, 22.25, 22.5, 22.75, 22.75, 9999.0, 9999.0, 9999.0, 23.7, 9999.0, 22.14, 9999.0, 22.66, 22.5, 22.25, 22.27, 22.25
2026-09-13, 01:40:30, 22.25, 22.5, 22.75, 22.75, 9999.0, 9999.0, 9999.0, 23.64, 9999.0, 22.14, 9999.0, 22.68, 22.5, 22.25, 22.27, 22.25
2026-09-13, 01:40:34, 22.25, 22.5, 22.75, 22.75, 9999.0, 9999.0, 9999.0, 23.61, 9999.0, 22.16, 9999.0, 22.7, 22.5, 22.25, 22.27, 22.25
2026-09-13, 01:40:38, 22.25, 22.5, 22.75, 22.75, 9999.0, 9999.0, 9999.0, 23.57, 9999.0, 22.18, 9999.0, 22.73, 22.5, 22.25, 22.27, 22.25
2026-09-13, 01:40:42, 22.25, 22.5, 22.75, 22.75, 9999.0, 9999.0, 9999.0, 23.5, 9999.0, 22.2, 9999.0, 22.75, 22.5, 22.25, 22.27, 22.27
2026-09-13, 01:40:46, 22.25, 22.5, 22.75, 22.75, 9999.0, 9999.0, 9999.0, 23.52, 9999.0, 22.25, 9999.0, 22.75, 22.5, 22.25, 22.27, 22.27
2026-09-13, 01:40:50, 22.25, 22.5, 22.75, 22.75, 9999.0, 9999.0, 9999.0, 23.57, 9999.0, 22.3, 9999.0, 22.75, 22.5, 22.25, 22.27, 22.27
2026-09-13, 01:40:54, 22.25, 22.5, 22.75, 22.75, 9999.0, 9999.0, 9999.0, 23.59, 9999.0, 22.34, 9999.0, 22.73, 22.5, 22.25, 22.27, 22.27
2026-09-13, 01:40:58, 22.25, 22.5, 22.75, 22.75, 9999.0, 9999.0, 9999.0, 23.64, 9999.0, 22.39, 9999.0, 22.73, 22.5, 22.25, 22.27, 22.27
2026-09-13, 01:41:02, 22.25, 22.5, 22.75, 22.75, 9999.0, 9999.0, 9999.0, 23.68, 9999.0, 22.41, 9999.0, 22.7, 22.5, 22.25, 22.27, 22.27
2026-09-13, 01:41:06, 22.25, 22.5, 22.75, 22.75, 9999.0, 9999.0, 9999.0, 23.73, 9999.0, 22.43, 9999.0, 22.68, 22.5, 22.25, 22.27, 22.27
2026-09-13, 01:41:10, 22.25, 22.5, 22.75, 22.75, 9999.0, 9999.0, 9999.0, 23.75, 9999.0, 22.43, 9999.0, 22.66, 22.5, 22.25, 22.25, 22.27
2026-09-13, 01:41:14, 22.25, 22.48, 22.75, 22.75, 9999.0, 9999.0, 9999.0, 23.8, 9999.0, 22.43, 9999.0, 22.64, 22.5, 22.25, 22.25, 22.27
2026-09-13, 01:41:18, 22.25, 22.48, 22.75, 22.75, 9999.0, 9999.0, 9999.0, 23.84, 9999.0, 22.41, 9999.0, 22.61, 22.5, 22.25, 22.25, 22.27
2026-09-13, 01:41:22, 22.25, 22.48, 22.75, 22.75, 9999.0, 9999.0, 9999.0, 23.89, 9999.0, 22.39, 9999.0, 22.61, 22.5, 22.25, 22.25, 22.27
2026-09-13, 01:41:26, 22.25, 22.48, 22.75, 22.75, 9999.0, 9999.0, 9999.0, 23.93, 9999.0, 22.36, 9999.0, 22.61, 22.5, 22.25, 22.25, 22.25
2026-09-13, 01:41:30, 22.25, 22.48, 22.75, 22.75, 9999.0, 9999.0, 9999.0, 23.89, 9999.0, 22.34, 9999.0, 22.61, 22.5, 22.25, 22.25, 22.25
2026-09-13, 01:41:34, 22.25, 22.48, 22.75, 22.75, 9999.0, 9999.0, 9999.0, 23.84, 9999.0, 22.32, 9999.0, 22.61, 22.5, 22.25, 22.25, 22.25
2026-09-13, 01:41:38, 22.25, 22.48, 22.75, 22.75, 9999.0, 9999.0, 9999.0, 23.8, 9999.0, 22.3, 9999.0, 22.64, 22.5, 22.25, 22.25, 22.27
2026-09-13, 01:41:42, 22.25, 22.48, 22.75, 22.75, 9999.0, 9999.0, 9999.0, 23.75, 9999.0, 22.3, 9999.0, 22.64, 22.5, 22.25, 22.25, 22.27
2026-09-13, 01:41:46, 22.25, 22.48, 22.75, 22.75, 9999.0, 9999.0, 9999.0, 23.7, 9999.0, 22.3, 9999.0, 22.66, 22.5, 22.25, 22.25, 22.27
2026-09-13, 01:41:50, 22.25, 22.48, 22.75, 22.75, 9999.0, 9999.0, 9999.0, 23.66, 9999.0, 22.32, 9999.0, 22.68, 22.5, 22.25, 22.25, 22.27
2026-09-13, 01:41:54, 22.25, 22.48, 22.75, 22.75, 9999.0, 9999.0, 9999.0, 23.64, 9999.0, 22.34, 9999.0, 22.7, 22.5, 22.25, 22.25, 22.27
2026-09-13, 01:41:58, 22.25, 22.5, 22.75, 22.75, 9999.0, 9999.0, 9999.0, 23.61, 9999.0, 22.36, 9999.0, 22.73, 22.5, 22.25, 22.25, 22.27
2026-09-13, 01:42:02, 22.25, 22.5, 22.75, 22.75, 9999.0, 9999.0, 9999.0, 23.64, 9999.0, 22.39, 9999.0, 22.75, 22.5, 22.25, 22.25, 22.27
2026-09-13, 01:42:06, 22.25, 22.5, 22.75, 22.75, 9999.0, 9999.0, 9999.0, 23.66, 9999.0, 22.41, 9999.0, 22.75, 22.5, 22.25, 22.25, 22.27
2026-09-13, 01:42:10, 22.25, 22.5, 22.75, 22.75, 9999.0, 9999.0, 9999.0, 23.68, 9999.0, 22.43, 9999.0, 22.75, 22.5, 22.25, 22.25, 22.27
2026-09-13, 01:42:14, 22.25, 22.5, 22.75, 22.75, 9999.0, 9999.0, 9999.0, 23.73, 9999.0, 22.45, 9999.0, 22.73, 22.5, 22.25, 22.25, 22.27
2026-09-13, 01:42:18, 22.25, 22.5, 22.75, 22.75, 9999.0, 9999.0, 9999.0, 23.75, 9999.0, 22.48, 9999.0, 22.7, 22.5, 22.25, 22.25, 22.27
2026-09-13, 01:42:22, 22.25, 22.5, 22.75, 22.75, 9999.0, 9999.0, 9999.0, 23.8, 9999.0, 22.48, 9999.0, 22.7, 22.5, 22.25, 22.25, 22.25
2026-09-13, 01:42:26, 22.27, 22.5, 22.75, 22.75, 9999.0, 9999.0, 9999.0, 23.82, 9999.0, 22.45, 9999.0, 22.68, 22.5, 22.25, 22.25, 22.25
2026-09-13, 01:42:30, 22.27, 22.5, 22.75, 22.75, 9999.0, 9999.0, 9999.0, 23.84, 9999.0, 22.43, 9999.0, 22.66, 22.5, 22.25, 22.25, 22.25
2026-09-13, 01:42:34, 22.27, 22.5, 22.75, 22.75, 9999.0, 9999.0, 9999.0, 23.86, 9999.0, 22.41, 9999.0, 22.64, 22.5, 22.25, 22.25, 22.25
2026-09-13, 01:42:38, 22.27, 22.48, 22.75, 22.75, 9999.0, 9999.0, 9999.0, 23.89, 9999.0, 22.39, 9999.0, 22.61, 22.5, 22.25, 22.25, 22.25
2026-09-13, 01:42:42, 22.27, 22.48, 22.75, 22.75, 9999.0, 9999.0, 9999.0, 23.91, 9999.0, 22.36, 9999.0, 22.61, 22.5, 22.25, 22.25, 22.25
2026-09-13, 01:42:46, 22.27, 22.48, 22.75, 22.75, 9999.0, 9999.0, 9999.0, 23.86, 9999.0, 22.34, 9999.0, 22.61, 22.5, 22.25, 22.25, 22.25
2026-09-13, 01:42:50, 22.27, 22.48, 22.75, 22.75, 9999.0, 9999.0, 9999.0, 23.84, 9999.0, 22.32, 9999.0, 22.64, 22.5, 22.25, 22.25, 22.25
2026-09-13, 01:42:54, 22.27, 22.48, 22.75, 22.75, 9999.0, 9999.0, 9999.0, 23.8, 9999.0, 22.3, 9999.0, 22.66, 22.5, 22.25, 22.25, 22.25
2026-09-13, 01:42:58, 22.27, 22.48, 22.75, 22.75, 9999.0, 9999.0, 9999.0, 23.77, 9999.0, 22.27, 9999.0, 22.68, 22.5, 22.25, 22.25, 22.25
2026-09-13, 01:43:02, 22.27, 22.48, 22.75, 22.75, 9999.0, 9999.0, 9999.0, 23.73, 9999.0, 22.27, 9999.0, 22.7, 22.5, 22.25, 22.25, 22.25
2026-09-13, 01:43:06, 22.27, 22.48, 22.75, 22.75, 9999.0, 9999.0, 9999.0, 23.68, 9999.0, 22.3, 9999.0, 22.7, 22.5, 22.25, 22.25, 22.25
2026-09-13, 01:43:10, 22.25, 22.48, 22.75, 22.75, 9999.0, 9999.0, 9999.0, 23.66, 9999.0, 22.32, 9999.0, 22.73, 22.5, 22.25, 22.25, 22.25
2026-09-13, 01:43:14, 22.25, 22.48, 22.75, 22.75, 9999.0, 9999.0, 9999.0, 23.64, 9999.0, 22.36, 9999.0, 22.75, 22.5, 22.25, 22.25, 22.25
2026-09-13, 01:43:18, 22.25, 22.45, 22.75, 22.75, 9999.0, 9999.0, 9999.0, 23.61, 9999.0, 22.41, 9999.0, 22.77, 22.5, 22.25, 22.25, 22.25
2026-09-13, 01:43:22, 22.25, 22.48, 22.75, 22.75, 9999.0, 9999.0, 9999.0, 23.66, 9999.0, 22.43, 9999.0, 22.8, 22.5, 22.25, 22.25, 22.25
2026-09-13, 01:43:26, 22.25, 22.48, 22.75, 22.75, 9999.0, 9999.0, 9999.0, 23.7, 9999.0, 22.45, 9999.0, 22.8, 22.5, 22.25, 22.25, 22.25
2026-09-13, 01:43:30, 22.25, 22.48, 22.75, 22.75, 9999.0, 9999.0, 9999.0, 23.75, 9999.0, 22.48, 9999.0, 22.8, 22.5, 22.25, 22.25, 22.25
2026-09-13, 01:43:34, 22.25, 22.48, 22.75, 22.75, 9999.0, 9999.0, 9999.0, 23.77, 9999.0, 22.5, 9999.0, 22.77, 22.5, 22.25, 22.25, 22.25
2026-09-13, 01:43:38, 22.25, 22.45, 22.75, 22.75, 9999.0, 9999.0, 9999.0, 23.82, 9999.0, 22.52, 9999.0, 22.73, 22.5, 22.25, 22.25, 22.25
2026-09-13, 01:43:42, 22.25, 22.43, 22.75, 22.75, 9999.0, 9999.0, 9999.0, 23.82, 9999.0, 22.52, 9999.0, 22.73, 22.5, 22.25, 22.25, 22.25
2026-09-13, 01:43:46, 22.25, 22.43, 22.75, 22.75, 9999.0, 9999.0, 9999.0, 23.84, 9999.0, 22.52, 9999.0, 22.7, 22.5, 22.25, 22.25, 22.25
2026-09-13, 01:43:50, 22.25, 22.43, 22.75, 22.75, 9999.0, 9999.0, 9999.0, 23.86, 9999.0, 22.5, 9999.0, 22.68, 22.5, 22.25, 22.25, 22.27
2026-09-13, 01:43:54, 22.25, 22.43, 22.75, 22.75, 9999.0, 9999.0, 9999.0, 23.89, 9999.0, 22.5, 9999.0, 22.66, 22.5, 22.25, 22.25, 22.27
2026-09-13, 01:43:59, 22.25, 22.43, 22.75, 22.75, 9999.0, 9999.0, 9999.0, 23.91, 9999.0, 22.45, 9999.0, 22.66, 22.5, 22.25, 22.25, 22.27
2026-09-13, 01:44:03, 22.25, 22.45, 22.75, 22.75, 9999.0, 9999.0, 9999.0, 23.93, 9999.0, 22.43, 9999.0, 22.66, 22.5, 22.25, 22.25, 22.27
2026-09-13, 01:44:07, 22.25, 22.45, 22.75, 22.75, 9999.0, 9999.0, 9999.0, 23.89, 9999.0, 22.41, 9999.0, 22.66, 22.5, 22.25, 22.25, 22.27
2026-09-13, 01:44:11, 22.25, 22.45, 22.75, 22.75, 9999.0, 9999.0, 9999.0, 23.84, 9999.0, 22.39, 9999.0, 22.68, 22.5, 22.25, 22.25, 22.27
2026-09-13, 01:44:15, 22.25, 22.45, 22.75, 22.75, 9999.0, 9999.0, 9999.0, 23.8, 9999.0, 22.36, 9999.0, 22.7, 22.5, 22.25, 22.25, 22.27
2026-09-13, 01:44:19, 22.25, 22.45, 22.75, 22.75, 9999.0, 9999.0, 9999.0, 23.77, 9999.0, 22.36, 9999.0, 22.7, 22.5, 22.25, 22.25, 22.27
2026-09-13, 01:44:23, 22.25, 22.48, 22.75, 22.75, 9999.0, 9999.0, 9999.0, 23.73, 9999.0, 22.36, 9999.0, 22.73, 22.5, 22.25, 22.25, 22.27
2026-09-13, 01:44:27, 22.25, 22.5, 22.75, 22.75, 9999.0, 9999.0, 9999.0, 23.7, 9999.0, 22.41, 9999.0, 22.73, 22.5, 22.25, 22.25, 22.27
2026-09-13, 01:44:31, 22.25, 22.5, 22.75, 22.75, 9999.0, 9999.0, 9999.0, 23.68, 9999.0, 22.43, 9999.0, 22.75, 22.5, 22.25, 22.25, 22.27
2026-09-13, 01:44:35, 22.25, 22.5, 22.75, 22.75, 9999.0, 9999.0, 9999.0, 23.66, 9999.0, 22.48, 9999.0, 22.77, 22.5, 22.25, 22.25, 22.27
2026-09-13, 01:44:39, 22.25, 22.5, 22.75, 22.75, 9999.0, 9999.0, 9999.0, 23.7, 9999.0, 22.48, 9999.0, 22.8, 22.5, 22.25, 22.25, 22.3
2026-09-13, 01:44:43, 22.25, 22.5, 22.75, 22.75, 9999.0, 9999.0, 9999.0, 23.73, 9999.0, 22.5, 9999.0, 22.8, 22.5, 22.25, 22.25, 22.3
2026-09-13, 01:44:47, 22.25, 22.5, 22.75, 22.75, 9999.0, 9999.0, 9999.0, 23.75, 9999.0, 22.5, 9999.0, 22.8, 22.5, 22.25, 22.25, 22.3
2026-09-13, 01:44:51, 22.25, 22.48, 22.75, 22.75, 9999.0, 9999.0, 9999.0, 23.77, 9999.0, 22.52, 9999.0, 22.8, 22.5, 22.25, 22.25, 22.32
2026-09-13, 01:44:55, 22.25, 22.48, 22.75, 22.75, 9999.0, 9999.0, 9999.0, 23.8, 9999.0, 22.55, 9999.0, 22.77, 22.5, 22.25, 22.25, 22.32
2026-09-13, 01:44:59, 22.25, 22.48, 22.75, 22.75, 9999.0, 9999.0, 9999.0, 23.82, 9999.0, 22.57, 9999.0, 22.73, 22.5, 22.25, 22.25, 22.32
2026-09-13, 01:45:03, 22.25, 22.48, 22.75, 22.75, 9999.0, 9999.0, 9999.0, 23.84, 9999.0, 22.57, 9999.0, 22.7, 22.5, 22.25, 22.25, 22.32
2026-09-13, 01:45:07, 22.25, 22.48, 22.75, 22.75, 9999.0, 9999.0, 9999.0, 23.86, 9999.0, 22.57, 9999.0, 22.68, 22.5, 22.25, 22.25, 22.32
2026-09-13, 01:45:11, 22.25, 22.48, 22.75, 22.75, 9999.0, 9999.0, 9999.0, 23.91, 9999.0, 22.55, 9999.0, 22.66, 22.5, 22.25, 22.25, 22.34
2026-09-13, 01:45:15, 22.25, 22.48, 22.75, 22.75, 9999.0, 9999.0, 9999.0, 23.93, 9999.0, 22.5, 9999.0, 22.66, 22.5, 22.25, 22.25, 22.34
2026-09-13, 01:45:19, 22.25, 22.48, 22.75, 22.75, 9999.0, 9999.0, 9999.0, 23.95, 9999.0, 22.48, 9999.0, 22.66, 22.5, 22.25, 22.25, 22.34
2026-09-13, 01:45:23, 22.25, 22.48, 22.75, 22.75, 9999.0, 9999.0, 9999.0, 23.91, 9999.0, 22.45, 9999.0, 22.66, 22.5, 22.25, 22.25, 22.32
2026-09-13, 01:45:27, 22.25, 22.45, 22.75, 22.75, 9999.0, 9999.0, 9999.0, 23.89, 9999.0, 22.43, 9999.0, 22.66, 22.5, 22.25, 22.25, 22.32
2026-09-13, 01:45:31, 22.25, 22.45, 22.75, 22.75, 9999.0, 9999.0, 9999.0, 23.86, 9999.0, 22.41, 9999.0, 22.66, 22.5, 22.25, 22.25, 22.32
2026-09-13, 01:45:35, 22.25, 22.48, 22.75, 22.75, 9999.0, 9999.0, 9999.0, 23.84, 9999.0, 22.43, 9999.0, 22.66, 22.5, 22.25, 22.25, 22.3
2026-09-13, 01:45:39, 22.25, 22.45, 22.75, 22.75, 9999.0, 9999.0, 9999.0, 23.82, 9999.0, 22.43, 9999.0, 22.66, 22.5, 22.25, 22.25, 22.3
2026-09-13, 01:45:43, 22.25, 22.45, 22.75, 22.75, 9999.0, 9999.0, 9999.0, 23.77, 9999.0, 22.43, 9999.0, 22.68, 22.5, 22.25, 22.25, 22.3
2026-09-13, 01:45:47, 22.25, 22.45, 22.75, 22.75, 9999.0, 9999.0, 9999.0, 23.73, 9999.0, 22.45, 9999.0, 22.7, 22.5, 22.25, 22.25, 22.3
2026-09-13, 01:45:51, 22.25, 22.45, 22.75, 22.75, 9999.0, 9999.0, 9999.0, 23.7, 9999.0, 22.48, 9999.0, 22.73, 22.5, 22.25, 22.25, 22.3
2026-09-13, 01:45:55, 22.25, 22.45, 22.75, 22.75, 9999.0, 9999.0, 9999.0, 23.66, 9999.0, 22.48, 9999.0, 22.75, 22.5, 22.25, 22.25, 22.27
2026-09-13, 01:45:59, 22.25, 22.43, 22.75, 22.75, 9999.0, 9999.0, 9999.0, 23.7, 9999.0, 22.5, 9999.0, 22.75, 22.5, 22.25, 22.25, 22.27
2026-09-13, 01:46:03, 22.25, 22.43, 22.75, 22.75, 9999.0, 9999.0, 9999.0, 23.75, 9999.0, 22.5, 9999.0, 22.75, 22.5, 22.25, 22.25, 22.25
2026-09-13, 01:46:07, 22.27, 22.43, 22.75, 22.75, 9999.0, 9999.0, 9999.0, 23.8, 9999.0, 22.52, 9999.0, 22.75, 22.5, 22.25, 22.25, 22.25
2026-09-13, 01:46:11, 22.27, 22.45, 22.75, 22.75, 9999.0, 9999.0, 9999.0, 23.84, 9999.0, 22.55, 9999.0, 22.73, 22.5, 22.25, 22.25, 22.25
2026-09-13, 01:46:15, 22.27, 22.45, 22.75, 22.75, 9999.0, 9999.0, 9999.0, 23.86, 9999.0, 22.57, 9999.0, 22.73, 22.5, 22.25, 22.25, 22.27
2026-09-13, 01:46:19, 22.27, 22.45, 22.75, 22.75, 9999.0, 9999.0, 9999.0, 23.89, 9999.0, 22.55, 9999.0, 22.73, 22.5, 22.25, 22.25, 22.27
2026-09-13, 01:46:23, 22.27, 22.48, 22.75, 22.75, 9999.0, 9999.0, 9999.0, 23.91, 9999.0, 22.55, 9999.0, 22.7, 22.5, 22.25, 22.25, 22.27
2026-09-13, 01:46:27, 22.27, 22.45, 22.75, 22.75, 9999.0, 9999.0, 9999.0, 23.95, 9999.0, 22.55, 9999.0, 22.68, 22.5, 22.25, 22.25, 22.27
2026-09-13, 01:46:31, 22.27, 22.45, 22.75, 22.75, 9999.0, 9999.0, 9999.0, 24.0, 9999.0, 22.52, 9999.0, 22.66, 22.48, 22.25, 22.25, 22.27
2026-09-13, 01:46:35, 22.27, 22.45, 22.75, 22.75, 9999.0, 9999.0, 9999.0, 24.02, 9999.0, 22.5, 9999.0, 22.66, 22.48, 22.25, 22.25, 22.27
2026-09-13, 01:46:39, 22.27, 22.45, 22.75, 22.75, 9999.0, 9999.0, 9999.0, 24.07, 9999.0, 22.5, 9999.0, 22.66, 22.48, 22.25, 22.25, 22.27
2026-09-13, 01:46:43, 22.27, 22.48, 22.75, 22.75, 9999.0, 9999.0, 9999.0, 24.02, 9999.0, 22.5, 9999.0, 22.66, 22.48, 22.25, 22.25, 22.27
2026-09-13, 01:46:47, 22.27, 22.48, 22.75, 22.75, 9999.0, 9999.0, 9999.0, 23.98, 9999.0, 22.5, 9999.0, 22.66, 22.48, 22.25, 22.25, 22.27
2026-09-13, 01:46:51, 22.25, 22.48, 22.75, 22.75, 9999.0, 9999.0, 9999.0, 23.93, 9999.0, 22.5, 9999.0, 22.66, 22.48, 22.25, 22.25, 22.27
2026-09-13, 01:46:55, 22.25, 22.48, 22.75, 22.75, 9999.0, 9999.0, 9999.0, 23.89, 9999.0, 22.5, 9999.0, 22.68, 22.48, 22.25, 22.25, 22.27
2026-09-13, 01:46:59, 22.25, 22.48, 22.75, 22.75, 9999.0, 9999.0, 9999.0, 23.86, 9999.0, 22.52, 9999.0, 22.68, 22.48, 22.25, 22.25, 22.25
2026-09-13, 01:47:03, 22.27, 22.48, 22.75, 22.75, 9999.0, 9999.0, 9999.0, 23.82, 9999.0, 22.55, 9999.0, 22.68, 22.48, 22.25, 22.25, 22.25
2026-09-13, 01:47:07, 22.27, 22.45, 22.75, 22.75, 9999.0, 9999.0, 9999.0, 23.77, 9999.0, 22.57, 9999.0, 22.7, 22.48, 22.25, 22.25, 22.25
2026-09-13, 01:47:11, 22.27, 22.48, 22.75, 22.75, 9999.0, 9999.0, 9999.0, 23.73, 9999.0, 22.59, 9999.0, 22.73, 22.48, 22.25, 22.25, 22.25
2026-09-13, 01:47:15, 22.27, 22.48, 22.75, 22.75, 9999.0, 9999.0, 9999.0, 23.75, 9999.0, 22.61, 9999.0, 22.75, 22.5, 22.25, 22.25, 22.25
2026-09-13, 01:47:19, 22.27, 22.48, 22.75, 22.75, 9999.0, 9999.0, 9999.0, 23.8, 9999.0, 22.64, 9999.0, 22.75, 22.5, 22.25, 22.25, 22.25
2026-09-13, 01:47:23, 22.27, 22.48, 22.75, 22.75, 9999.0, 9999.0, 9999.0, 23.82, 9999.0, 22.66, 9999.0, 22.75, 22.5, 22.25, 22.25, 22.25
2026-09-13, 01:47:27, 22.27, 22.48, 22.75, 22.75, 9999.0, 9999.0, 9999.0, 23.84, 9999.0, 22.68, 9999.0, 22.75, 22.5, 22.25, 22.25, 22.25
2026-09-13, 01:47:31, 22.27, 22.48, 22.75, 22.75, 9999.0, 9999.0, 9999.0, 23.86, 9999.0, 22.7, 9999.0, 22.73, 22.5, 22.25, 22.25, 22.25
2026-09-13, 01:47:35, 22.27, 22.48, 22.75, 22.75, 9999.0, 9999.0, 9999.0, 23.89, 9999.0, 22.73, 9999.0, 22.7, 22.5, 22.25, 22.25, 22.25
2026-09-13, 01:47:39, 22.27, 22.48, 22.75, 22.75, 9999.0, 9999.0, 9999.0, 23.91, 9999.0, 22.73, 9999.0, 22.7, 22.5, 22.25, 22.25, 22.25
2026-09-13, 01:47:44, 22.27, 22.45, 22.75, 22.75, 9999.0, 9999.0, 9999.0, 23.93, 9999.0, 22.7, 9999.0, 22.68, 22.5, 22.25, 22.25, 22.25
2026-09-13, 01:47:48, 22.25, 22.45, 22.75, 22.75, 9999.0, 9999.0, 9999.0, 23.98, 9999.0, 22.68, 9999.0, 22.66, 22.5, 22.25, 22.25, 22.25
2026-09-13, 01:47:52, 22.25, 22.48, 22.75, 22.75, 9999.0, 9999.0, 9999.0, 24.02, 9999.0, 22.66, 9999.0, 22.66, 22.5, 22.25, 22.25, 22.25
2026-09-13, 01:47:56, 22.25, 22.48, 22.75, 22.75, 9999.0, 9999.0, 9999.0, 24.07, 9999.0, 22.64, 9999.0, 22.66, 22.5, 22.25, 22.25, 22.25
2026-09-13, 01:48:00, 22.25, 22.48, 22.75, 22.75, 9999.0, 9999.0, 9999.0, 24.02, 9999.0, 22.61, 9999.0, 22.66, 22.5, 22.25, 22.25, 22.25
2026-09-13, 01:48:04, 22.25, 22.48, 22.75, 22.75, 9999.0, 9999.0, 9999.0, 23.98, 9999.0, 22.59, 9999.0, 22.66, 22.5, 22.25, 22.25, 22.25
2026-09-13, 01:48:08, 22.25, 22.48, 22.75, 22.75, 9999.0, 9999.0, 9999.0, 23.93, 9999.0, 22.57, 9999.0, 22.66, 22.5, 22.25, 22.25, 22.25
2026-09-13, 01:48:12, 22.25, 22.48, 22.75, 22.75, 9999.0, 9999.0, 9999.0, 23.91, 9999.0, 22.57, 9999.0, 22.68, 22.5, 22.25, 22.25, 22.25
2026-09-13, 01:48:16, 22.25, 22.48, 22.75, 22.75, 9999.0, 9999.0, 9999.0, 23.89, 9999.0, 22.57, 9999.0, 22.7, 22.5, 22.25, 22.25, 22.25
2026-09-13, 01:48:20, 22.25, 22.48, 22.75, 22.75, 9999.0, 9999.0, 9999.0, 23.86, 9999.0, 22.57, 9999.0, 22.73, 22.5, 22.25, 22.25, 22.25
2026-09-13, 01:48:24, 22.25, 22.48, 22.75, 22.75, 9999.0, 9999.0, 9999.0, 23.82, 9999.0, 22.61, 9999.0, 22.73, 22.5, 22.25, 22.25, 22.25
2026-09-13, 01:48:28, 22.25, 22.5, 22.75, 22.75, 9999.0, 9999.0, 9999.0, 23.77, 9999.0, 22.64, 9999.0, 22.75, 22.5, 22.25, 22.25, 22.25
2026-09-13, 01:48:32, 22.25, 22.5, 22.75, 22.75, 9999.0, 9999.0, 9999.0, 23.82, 9999.0, 22.66, 9999.0, 22.77, 22.5, 22.25, 22.25, 22.25
2026-09-13, 01:48:36, 22.25, 22.5, 22.75, 22.75, 9999.0, 9999.0, 9999.0, 23.84, 9999.0, 22.68, 9999.0, 22.77, 22.5, 22.25, 22.25, 22.25
2026-09-13, 01:48:40, 22.25, 22.5, 22.75, 22.75, 9999.0, 9999.0, 9999.0, 23.86, 9999.0, 22.7, 9999.0, 22.75, 22.5, 22.25, 22.25, 22.25
2026-09-13, 01:48:44, 22.25, 22.5, 22.75, 22.75, 9999.0, 9999.0, 9999.0, 23.91, 9999.0, 22.73, 9999.0, 22.75, 22.5, 22.25, 22.25, 22.25
2026-09-13, 01:48:48, 22.25, 22.5, 22.75, 22.75, 9999.0, 9999.0, 9999.0, 23.95, 9999.0, 22.75, 9999.0, 22.75, 22.5, 22.25, 22.25, 22.25
2026-09-13, 01:48:52, 22.25, 22.5, 22.75, 22.75, 9999.0, 9999.0, 9999.0, 23.98, 9999.0, 22.75, 9999.0, 22.75, 22.5, 22.25, 22.25, 22.25
2026-09-13, 01:48:56, 22.25, 22.5, 22.75, 22.75, 9999.0, 9999.0, 9999.0, 24.0, 9999.0, 22.75, 9999.0, 22.7, 22.5, 22.25, 22.25, 22.25
2026-09-13, 01:49:00, 22.25, 22.5, 22.75, 22.75, 9999.0, 9999.0, 9999.0, 24.02, 9999.0, 22.75, 9999.0, 22.68, 22.5, 22.25, 22.25, 22.25
2026-09-13, 01:49:04, 22.25, 22.48, 22.75, 22.75, 9999.0, 9999.0, 9999.0, 24.05, 9999.0, 22.75, 9999.0, 22.66, 22.5, 22.25, 22.25, 22.25
2026-09-13, 01:49:08, 22.25, 22.48, 22.75, 22.75, 9999.0, 9999.0, 9999.0, 24.09, 9999.0, 22.73, 9999.0, 22.64, 22.5, 22.25, 22.25, 22.25
2026-09-13, 01:49:12, 22.25, 22.48, 22.75, 22.75, 9999.0, 9999.0, 9999.0, 24.14, 9999.0, 22.7, 9999.0, 22.64, 22.5, 22.25, 22.25, 22.25
2026-09-13, 01:49:16, 22.25, 22.48, 22.75, 22.75, 9999.0, 9999.0, 9999.0, 24.09, 9999.0, 22.68, 9999.0, 22.64, 22.5, 22.25, 22.25, 22.25
2026-09-13, 01:49:20, 22.25, 22.48, 22.75, 22.75, 9999.0, 9999.0, 9999.0, 24.05, 9999.0, 22.66, 9999.0, 22.64, 22.5, 22.25, 22.25, 22.25
2026-09-13, 01:49:24, 22.25, 22.48, 22.75, 22.75, 9999.0, 9999.0, 9999.0, 24.0, 9999.0, 22.64, 9999.0, 22.66, 22.5, 22.25, 22.25, 22.25
2026-09-13, 01:49:28, 22.25, 22.48, 22.75, 22.75, 9999.0, 9999.0, 9999.0, 23.95, 9999.0, 22.61, 9999.0, 22.66, 22.5, 22.25, 22.25, 22.27
2026-09-13, 01:49:32, 22.25, 22.48, 22.75, 22.75, 9999.0, 9999.0, 9999.0, 23.91, 9999.0, 22.61, 9999.0, 22.66, 22.5, 22.25, 22.25, 22.27
2026-09-13, 01:49:36, 22.25, 22.48, 22.75, 22.75, 9999.0, 9999.0, 9999.0, 23.89, 9999.0, 22.64, 9999.0, 22.66, 22.5, 22.25, 22.25, 22.27
2026-09-13, 01:49:40, 22.25, 22.48, 22.75, 22.75, 9999.0, 9999.0, 9999.0, 23.86, 9999.0, 22.64, 9999.0, 22.68, 22.5, 22.25, 22.25, 22.27
2026-09-13, 01:49:44, 22.25, 22.48, 22.75, 22.75, 9999.0, 9999.0, 9999.0, 23.82, 9999.0, 22.64, 9999.0, 22.7, 22.5, 22.25, 22.25, 22.27
2026-09-13, 01:49:48, 22.25, 22.5, 22.75, 22.75, 9999.0, 9999.0, 9999.0, 23.77, 9999.0, 22.66, 9999.0, 22.73, 22.5, 22.25, 22.25, 22.27
2026-09-13, 01:49:52, 22.25, 22.5, 22.75, 22.75, 9999.0, 9999.0, 9999.0, 23.82, 9999.0, 22.66, 9999.0, 22.73, 22.5, 22.25, 22.25, 22.27
2026-09-13, 01:49:56, 22.25, 22.5, 22.75, 22.75, 9999.0, 9999.0, 9999.0, 23.84, 9999.0, 22.68, 9999.0, 22.73, 22.5, 22.25, 22.25, 22.27
2026-09-13, 01:50:00, 22.25, 22.5, 22.75, 22.75, 9999.0, 9999.0, 9999.0, 23.86, 9999.0, 22.7, 9999.0, 22.7, 22.5, 22.25, 22.25, 22.27
2026-09-13, 01:50:04, 22.25, 22.5, 22.75, 22.75, 9999.0, 9999.0, 9999.0, 23.91, 9999.0, 22.73, 9999.0, 22.68, 22.5, 22.25, 22.25, 22.27
2026-09-13, 01:50:08, 22.25, 22.5, 22.75, 22.75, 9999.0, 9999.0, 9999.0, 23.93, 9999.0, 22.75, 9999.0, 22.66, 22.5, 22.25, 22.25, 22.27
2026-09-13, 01:50:12, 22.25, 22.5, 22.75, 22.75, 9999.0, 9999.0, 9999.0, 23.95, 9999.0, 22.77, 9999.0, 22.64, 22.5, 22.25, 22.25, 22.25
2026-09-13, 01:50:16, 22.25, 22.5, 22.75, 22.75, 9999.0, 9999.0, 9999.0, 23.98, 9999.0, 22.77, 9999.0, 22.61, 22.5, 22.25, 22.25, 22.25
2026-09-13, 01:50:20, 22.25, 22.5, 22.75, 22.75, 9999.0, 9999.0, 9999.0, 24.0, 9999.0, 22.77, 9999.0, 22.59, 22.5, 22.25, 22.25, 22.25
2026-09-13, 01:50:24, 22.25, 22.5, 22.75, 22.75, 9999.0, 9999.0, 9999.0, 24.02, 9999.0, 22.77, 9999.0, 22.57, 22.5, 22.25, 22.25, 22.25
2026-09-13, 01:50:28, 22.25, 22.5, 22.75, 22.75, 9999.0, 9999.0, 9999.0, 24.07, 9999.0, 22.75, 9999.0, 22.57, 22.5, 22.25, 22.25, 22.25
2026-09-13, 01:50:32, 22.25, 22.5, 22.75, 22.75, 9999.0, 9999.0, 9999.0, 24.11, 9999.0, 22.7, 9999.0, 22.57, 22.5, 22.25, 22.25, 22.25
2026-09-13, 01:50:36, 22.25, 22.5, 22.75, 22.75, 9999.0, 9999.0, 9999.0, 24.07, 9999.0, 22.68, 9999.0, 22.59, 22.5, 22.25, 22.25, 22.25
2026-09-13, 01:50:40, 22.25, 22.5, 22.75, 22.75, 9999.0, 9999.0, 9999.0, 24.02, 9999.0, 22.66, 9999.0, 22.59, 22.5, 22.25, 22.25, 22.25
2026-09-13, 01:50:44, 22.25, 22.5, 22.75, 22.75, 9999.0, 9999.0, 9999.0, 23.98, 9999.0, 22.64, 9999.0, 22.61, 22.5, 22.25, 22.25, 22.25
2026-09-13, 01:50:48, 22.25, 22.5, 22.75, 22.75, 9999.0, 9999.0, 9999.0, 23.93, 9999.0, 22.64, 9999.0, 22.64, 22.5, 22.25, 22.25, 22.25
2026-09-13, 01:50:52, 22.25, 22.5, 22.75, 22.75, 9999.0, 9999.0, 9999.0, 23.91, 9999.0, 22.64, 9999.0, 22.66, 22.5, 22.25, 22.25, 22.25
2026-09-13, 01:50:56, 22.25, 22.5, 22.75, 22.75, 9999.0, 9999.0, 9999.0, 23.89, 9999.0, 22.64, 9999.0, 22.68, 22.5, 22.25, 22.25, 22.25
2026-09-13, 01:51:00, 22.25, 22.5, 22.75, 22.75, 9999.0, 9999.0, 9999.0, 23.86, 9999.0, 22.64, 9999.0, 22.7, 22.5, 22.25, 22.25, 22.25
2026-09-13, 01:51:04, 22.25, 22.5, 22.75, 22.75, 9999.0, 9999.0, 9999.0, 23.82, 9999.0, 22.64, 9999.0, 22.73, 22.5, 22.25, 22.25, 22.25
2026-09-13, 01:51:08, 22.25, 22.5, 22.75, 22.75, 9999.0, 9999.0, 9999.0, 23.86, 9999.0, 22.64, 9999.0, 22.75, 22.5, 22.25, 22.25, 22.25
2026-09-13, 01:51:12, 22.25, 22.5, 22.75, 22.75, 9999.0, 9999.0, 9999.0, 23.91, 9999.0, 22.66, 9999.0, 22.75, 22.5, 22.25, 22.25, 22.25
2026-09-13, 01:51:16, 22.25, 22.5, 22.75, 22.75, 9999.0, 9999.0, 9999.0, 23.93, 9999.0, 22.68, 9999.0, 22.73, 22.5, 22.25, 22.25, 22.25
2026-09-13, 01:51:20, 22.25, 22.5, 22.75, 22.75, 9999.0, 9999.0, 9999.0, 23.95, 9999.0, 22.7, 9999.0, 22.7, 22.5, 22.25, 22.25, 22.25
2026-09-13, 01:51:24, 22.25, 22.5, 22.75, 22.75, 9999.0, 9999.0, 9999.0, 24.0, 9999.0, 22.73, 9999.0, 22.68, 22.5, 22.25, 22.25, 22.25
2026-09-13, 01:51:28, 22.25, 22.5, 22.75, 22.75, 9999.0, 9999.0, 9999.0, 24.05, 9999.0, 22.75, 9999.0, 22.66, 22.5, 22.25, 22.25, 22.25
2026-09-13, 01:51:32, 22.25, 22.5, 22.75, 22.75, 9999.0, 9999.0, 9999.0, 24.07, 9999.0, 22.75, 9999.0, 22.64, 22.5, 22.25, 22.25, 22.25
2026-09-13, 01:51:37, 22.25, 22.5, 22.75, 22.75, 9999.0, 9999.0, 9999.0, 24.09, 9999.0, 22.75, 9999.0, 22.61, 22.5, 22.25, 22.25, 22.25
2026-09-13, 01:51:41, 22.25, 22.5, 22.75, 22.75, 9999.0, 9999.0, 9999.0, 24.11, 9999.0, 22.75, 9999.0, 22.59, 22.5, 22.25, 22.25, 22.25
2026-09-13, 01:51:45, 22.25, 22.5, 22.75, 22.75, 9999.0, 9999.0, 9999.0, 24.14, 9999.0, 22.75, 9999.0, 22.57, 22.5, 22.25, 22.25, 22.25
2026-09-13, 01:51:49, 22.25, 22.5, 22.75, 22.75, 9999.0, 9999.0, 9999.0, 24.18, 9999.0, 22.73, 9999.0, 22.57, 22.5, 22.25, 22.25, 22.25
2026-09-13, 01:51:53, 22.25, 22.5, 22.75, 22.75, 9999.0, 9999.0, 9999.0, 24.14, 9999.0, 22.7, 9999.0, 22.57, 22.5, 22.25, 22.25, 22.25
2026-09-13, 01:51:57, 22.25, 22.5, 22.75, 22.75, 9999.0, 9999.0, 9999.0, 24.09, 9999.0, 22.68, 9999.0, 22.57, 22.5, 22.25, 22.25, 22.25
2026-09-13, 01:52:01, 22.25, 22.5, 22.75, 22.75, 9999.0, 9999.0, 9999.0, 24.05, 9999.0, 22.66, 9999.0, 22.59, 22.5, 22.25, 22.25, 22.25
2026-09-13, 01:52:05, 22.25, 22.5, 22.75, 22.75, 9999.0, 9999.0, 9999.0, 24.0, 9999.0, 22.64, 9999.0, 22.61, 22.5, 22.25, 22.25, 22.25
2026-09-13, 01:52:09, 22.25, 22.5, 22.75, 22.75, 9999.0, 9999.0, 9999.0, 23.95, 9999.0, 22.64, 9999.0, 22.64, 22.5, 22.25, 22.25, 22.25
2026-09-13, 01:52:13, 22.25, 22.48, 22.75, 22.75, 9999.0, 9999.0, 9999.0, 23.91, 9999.0, 22.64, 9999.0, 22.66, 22.5, 22.25, 22.25, 22.25
2026-09-13, 01:52:17, 22.25, 22.48, 22.75, 22.75, 9999.0, 9999.0, 9999.0, 23.89, 9999.0, 22.64, 9999.0, 22.68, 22.5, 22.25, 22.25, 22.25
2026-09-13, 01:52:21, 22.25, 22.45, 22.75, 22.75, 9999.0, 9999.0, 9999.0, 23.86, 9999.0, 22.64, 9999.0, 22.7, 22.5, 22.25, 22.25, 22.25
2026-09-13, 01:52:25, 22.25, 22.45, 22.75, 22.75, 9999.0, 9999.0, 9999.0, 23.84, 9999.0, 22.64, 9999.0, 22.73, 22.5, 22.25, 22.25, 22.25
2026-09-13, 01:52:29, 22.25, 22.45, 22.75, 22.75, 9999.0, 9999.0, 9999.0, 23.89, 9999.0, 22.64, 9999.0, 22.75, 22.5, 22.25, 22.25, 22.25
2026-09-13, 01:52:33, 22.25, 22.45, 22.75, 22.75, 9999.0, 9999.0, 9999.0, 23.91, 9999.0, 22.66, 9999.0, 22.75, 22.5, 22.25, 22.25, 22.25
2026-09-13, 01:52:37, 22.25, 22.45, 22.75, 22.75, 9999.0, 9999.0, 9999.0, 23.93, 9999.0, 22.68, 9999.0, 22.75, 22.5, 22.25, 22.25, 22.25
2026-09-13, 01:52:41, 22.25, 22.45, 22.75, 22.75, 9999.0, 9999.0, 9999.0, 23.95, 9999.0, 22.7, 9999.0, 22.73, 22.5, 22.25, 22.25, 22.25
2026-09-13, 01:52:45, 22.25, 22.45, 22.75, 22.75, 9999.0, 9999.0, 9999.0, 24.0, 9999.0, 22.73, 9999.0, 22.7, 22.5, 22.25, 22.25, 22.25
2026-09-13, 01:52:49, 22.25, 22.45, 22.75, 22.75, 9999.0, 9999.0, 9999.0, 24.05, 9999.0, 22.73, 9999.0, 22.68, 22.5, 22.25, 22.25, 22.25
2026-09-13, 01:52:53, 22.25, 22.45, 22.75, 22.75, 9999.0, 9999.0, 9999.0, 24.07, 9999.0, 22.7, 9999.0, 22.66, 22.5, 22.25, 22.25, 22.25
2026-09-13, 01:52:57, 22.25, 22.48, 22.75, 22.75, 9999.0, 9999.0, 9999.0, 24.09, 9999.0, 22.68, 9999.0, 22.64, 22.5, 22.25, 22.25, 22.25
2026-09-13, 01:53:01, 22.25, 22.48, 22.75, 22.75, 9999.0, 9999.0, 9999.0, 24.11, 9999.0, 22.66, 9999.0, 22.61, 22.5, 22.25, 22.25, 22.25
2026-09-13, 01:53:05, 22.25, 22.5, 22.75, 22.75, 9999.0, 9999.0, 9999.0, 24.14, 9999.0, 22.64, 9999.0, 22.61, 22.48, 22.25, 22.25, 22.25
2026-09-13, 01:53:09, 22.25, 22.5, 22.75, 22.75, 9999.0, 9999.0, 9999.0, 24.16, 9999.0, 22.61, 9999.0, 22.61, 22.45, 22.25, 22.25, 22.25
2026-09-13, 01:53:13, 22.25, 22.5, 22.75, 22.75, 9999.0, 9999.0, 9999.0, 24.11, 9999.0, 22.59, 9999.0, 22.61, 22.45, 22.25, 22.25, 22.25
2026-09-13, 01:53:17, 22.25, 22.5, 22.75, 22.75, 9999.0, 9999.0, 9999.0, 24.07, 9999.0, 22.57, 9999.0, 22.64, 22.45, 22.25, 22.25, 22.25
2026-09-13, 01:53:21, 22.25, 22.5, 22.75, 22.75, 9999.0, 9999.0, 9999.0, 24.02, 9999.0, 22.57, 9999.0, 22.64, 22.45, 22.25, 22.25, 22.25
2026-09-13, 01:53:25, 22.25, 22.5, 22.75, 22.75, 9999.0, 9999.0, 9999.0, 23.98, 9999.0, 22.57, 9999.0, 22.66, 22.45, 22.25, 22.25, 22.25
2026-09-13, 01:53:29, 22.27, 22.5, 22.75, 22.75, 9999.0, 9999.0, 9999.0, 23.93, 9999.0, 22.57, 9999.0, 22.68, 22.45, 22.25, 22.25, 22.25
2026-09-13, 01:53:33, 22.27, 22.5, 22.75, 22.75, 9999.0, 9999.0, 9999.0, 23.89, 9999.0, 22.59, 9999.0, 22.7, 22.45, 22.25, 22.25, 22.25
2026-09-13, 01:53:37, 22.27, 22.5, 22.75, 22.75, 9999.0, 9999.0, 9999.0, 23.84, 9999.0, 22.61, 9999.0, 22.73, 22.45, 22.25, 22.25, 22.25
2026-09-13, 01:53:41, 22.27, 22.5, 22.75, 22.75, 9999.0, 9999.0, 9999.0, 23.8, 9999.0, 22.64, 9999.0, 22.75, 22.45, 22.25, 22.25, 22.25
2026-09-13, 01:53:45, 22.27, 22.5, 22.75, 22.75, 9999.0, 9999.0, 9999.0, 23.84, 9999.0, 22.66, 9999.0, 22.77, 22.45, 22.25, 22.25, 22.25
2026-09-13, 01:53:49, 22.27, 22.5, 22.75, 22.75, 9999.0, 9999.0, 9999.0, 23.86, 9999.0, 22.68, 9999.0, 22.77, 22.48, 22.25, 22.25, 22.25
2026-09-13, 01:53:53, 22.27, 22.5, 22.75, 22.75, 9999.0, 9999.0, 9999.0, 23.89, 9999.0, 22.7, 9999.0, 22.77, 22.5, 22.25, 22.25, 22.25
2026-09-13, 01:53:57, 22.27, 22.5, 22.75, 22.73, 9999.0, 9999.0, 9999.0, 23.91, 9999.0, 22.73, 9999.0, 22.75, 22.5, 22.25, 22.25, 22.25
2026-09-13, 01:54:01, 22.27, 22.5, 22.75, 22.73, 9999.0, 9999.0, 9999.0, 23.95, 9999.0, 22.75, 9999.0, 22.7, 22.5, 22.25, 22.25, 22.25
2026-09-13, 01:54:05, 22.27, 22.5, 22.75, 22.73, 9999.0, 9999.0, 9999.0, 23.98, 9999.0, 22.75, 9999.0, 22.7, 22.5, 22.25, 22.25, 22.25
2026-09-13, 01:54:09, 22.27, 22.48, 22.75, 22.73, 9999.0, 9999.0, 9999.0, 24.0, 9999.0, 22.75, 9999.0, 22.68, 22.5, 22.25, 22.25, 22.25
2026-09-13, 01:54:13, 22.25, 22.48, 22.75, 22.73, 9999.0, 9999.0, 9999.0, 24.02, 9999.0, 22.73, 9999.0, 22.66, 22.5, 22.25, 22.25, 22.25
2026-09-13, 01:54:17, 22.25, 22.48, 22.75, 22.73, 9999.0, 9999.0, 9999.0, 24.05, 9999.0, 22.7, 9999.0, 22.64, 22.5, 22.25, 22.25, 22.25
2026-09-13, 01:54:21, 22.25, 22.48, 22.75, 22.73, 9999.0, 9999.0, 9999.0, 24.09, 9999.0, 22.68, 9999.0, 22.64, 22.48, 22.25, 22.25, 22.25
2026-09-13, 01:54:25, 22.25, 22.48, 22.75, 22.73, 9999.0, 9999.0, 9999.0, 24.14, 9999.0, 22.66, 9999.0, 22.64, 22.48, 22.25, 22.25, 22.25
2026-09-13, 01:54:29, 22.25, 22.48, 22.75, 22.73, 9999.0, 9999.0, 9999.0, 24.09, 9999.0, 22.64, 9999.0, 22.64, 22.48, 22.25, 22.25, 22.25
2026-09-13, 01:54:33, 22.25, 22.48, 22.75, 22.73, 9999.0, 9999.0, 9999.0, 24.05, 9999.0, 22.61, 9999.0, 22.64, 22.48, 22.25, 22.25, 22.25
2026-09-13, 01:54:37, 22.25, 22.48, 22.75, 22.73, 9999.0, 9999.0, 9999.0, 24.0, 9999.0, 22.57, 9999.0, 22.64, 22.48, 22.25, 22.25, 22.25
2026-09-13, 01:54:41, 22.25, 22.48, 22.75, 22.75, 9999.0, 9999.0, 9999.0, 23.95, 9999.0, 22.52, 9999.0, 22.66, 22.48, 22.25, 22.25, 22.25
2026-09-13, 01:54:45, 22.25, 22.48, 22.75, 22.75, 9999.0, 9999.0, 9999.0, 23.91, 9999.0, 22.5, 9999.0, 22.68, 22.48, 22.25, 22.25, 22.25
2026-09-13, 01:54:49, 22.25, 22.48, 22.75, 22.75, 9999.0, 9999.0, 9999.0, 23.89, 9999.0, 22.48, 9999.0, 22.68, 22.48, 22.25, 22.25, 22.25
2026-09-13, 01:54:53, 22.25, 22.5, 22.75, 22.75, 9999.0, 9999.0, 9999.0, 23.86, 9999.0, 22.48, 9999.0, 22.7, 22.48, 22.25, 22.25, 22.25
2026-09-13, 01:54:57, 22.25, 22.5, 22.75, 22.73, 9999.0, 9999.0, 9999.0, 23.84, 9999.0, 22.5, 9999.0, 22.73, 22.48, 22.25, 22.25, 22.25
2026-09-13, 01:55:01, 22.25, 22.5, 22.75, 22.7, 9999.0, 9999.0, 9999.0, 23.8, 9999.0, 22.52, 9999.0, 22.75, 22.48, 22.25, 22.25, 22.25
2026-09-13, 01:55:05, 22.25, 22.5, 22.75, 22.7, 9999.0, 9999.0, 9999.0, 23.84, 9999.0, 22.52, 9999.0, 22.75, 22.5, 22.25, 22.25, 22.25
2026-09-13, 01:55:09, 22.25, 22.5, 22.75, 22.7, 9999.0, 9999.0, 9999.0, 23.86, 9999.0, 22.52, 9999.0, 22.75, 22.5, 22.25, 22.25, 22.25
2026-09-13, 01:55:13, 22.25, 22.5, 22.75, 22.7, 9999.0, 9999.0, 9999.0, 23.89, 9999.0, 22.52, 9999.0, 22.73, 22.5, 22.25, 22.25, 22.25
2026-09-13, 01:55:17, 22.27, 22.5, 22.75, 22.7, 9999.0, 9999.0, 9999.0, 23.91, 9999.0, 22.52, 9999.0, 22.73, 22.5, 22.25, 22.25, 22.25
2026-09-13, 01:55:21, 22.27, 22.5, 22.75, 22.7, 9999.0, 9999.0, 9999.0, 23.93, 9999.0, 22.52, 9999.0, 22.73, 22.5, 22.25, 22.25, 22.25
2026-09-13, 01:55:26, 22.27, 22.5, 22.75, 22.7, 9999.0, 9999.0, 9999.0, 23.95, 9999.0, 22.55, 9999.0, 22.7, 22.5, 22.25, 22.25, 22.25
2026-09-13, 01:55:30, 22.27, 22.5, 22.73, 22.7, 9999.0, 9999.0, 9999.0, 23.98, 9999.0, 22.52, 9999.0, 22.68, 22.48, 22.25, 22.25, 22.25
2026-09-13, 01:55:34, 22.27, 22.5, 22.73, 22.7, 9999.0, 9999.0, 9999.0, 24.0, 9999.0, 22.5, 9999.0, 22.66, 22.48, 22.25, 22.25, 22.25
2026-09-13, 01:55:38, 22.27, 22.5, 22.73, 22.7, 9999.0, 9999.0, 9999.0, 24.02, 9999.0, 22.45, 9999.0, 22.64, 22.48, 22.25, 22.25, 22.25
2026-09-13, 01:55:42, 22.27, 22.5, 22.73, 22.73, 9999.0, 9999.0, 9999.0, 24.02, 9999.0, 22.41, 9999.0, 22.64, 22.48, 22.25, 22.25, 22.25
2026-09-13, 01:55:46, 22.27, 22.5, 22.73, 22.75, 9999.0, 9999.0, 9999.0, 24.07, 9999.0, 22.36, 9999.0, 22.64, 22.45, 22.25, 22.25, 22.25
2026-09-13, 01:55:50, 22.27, 22.5, 22.73, 22.75, 9999.0, 9999.0, 9999.0, 24.0, 9999.0, 22.34, 9999.0, 22.64, 22.45, 22.25, 22.25, 22.25
2026-09-13, 01:55:54, 22.27, 22.48, 22.73, 22.75, 9999.0, 9999.0, 9999.0, 23.95, 9999.0, 22.32, 9999.0, 22.64, 22.45, 22.25, 22.25, 22.25
2026-09-13, 01:55:58, 22.27, 22.48, 22.73, 22.75, 9999.0, 9999.0, 9999.0, 23.91, 9999.0, 22.3, 9999.0, 22.66, 22.45, 22.25, 22.25, 22.25
2026-09-13, 01:56:02, 22.25, 22.48, 22.73, 22.75, 9999.0, 9999.0, 9999.0, 23.89, 9999.0, 22.3, 9999.0, 22.66, 22.45, 22.25, 22.25, 22.25
2026-09-13, 01:56:06, 22.25, 22.48, 22.73, 22.75, 9999.0, 9999.0, 9999.0, 23.86, 9999.0, 22.3, 9999.0, 22.66, 22.45, 22.25, 22.25, 22.25
2026-09-13, 01:56:10, 22.25, 22.48, 22.73, 22.75, 9999.0, 9999.0, 9999.0, 23.82, 9999.0, 22.27, 9999.0, 22.68, 22.45, 22.25, 22.25, 22.25
2026-09-13, 01:56:14, 22.25, 22.48, 22.75, 22.75, 9999.0, 9999.0, 9999.0, 23.77, 9999.0, 22.3, 9999.0, 22.7, 22.48, 22.25, 22.25, 22.25
2026-09-13, 01:56:18, 22.25, 22.48, 22.75, 22.75, 9999.0, 9999.0, 9999.0, 23.7, 9999.0, 22.32, 9999.0, 22.73, 22.48, 22.25, 22.25, 22.25
2026-09-13, 01:56:22, 22.25, 22.48, 22.75, 22.75, 9999.0, 9999.0, 9999.0, 23.7, 9999.0, 22.34, 9999.0, 22.73, 22.48, 22.25, 22.25, 22.25
2026-09-13, 01:56:26, 22.25, 22.48, 22.75, 22.75, 9999.0, 9999.0, 9999.0, 23.73, 9999.0, 22.36, 9999.0, 22.73, 22.48, 22.25, 22.25, 22.25
2026-09-13, 01:56:30, 22.27, 22.48, 22.75, 22.75, 9999.0, 9999.0, 9999.0, 23.75, 9999.0, 22.36, 9999.0, 22.73, 22.5, 22.25, 22.25, 22.25
2026-09-13, 01:56:34, 22.27, 22.48, 22.75, 22.75, 9999.0, 9999.0, 9999.0, 23.77, 9999.0, 22.36, 9999.0, 22.73, 22.5, 22.25, 22.25, 22.25
2026-09-13, 01:56:38, 22.27, 22.5, 22.75, 22.75, 9999.0, 9999.0, 9999.0, 23.8, 9999.0, 22.36, 9999.0, 22.73, 22.48, 22.25, 22.25, 22.25
2026-09-13, 01:56:42, 22.27, 22.5, 22.75, 22.75, 9999.0, 9999.0, 9999.0, 23.82, 9999.0, 22.36, 9999.0, 22.7, 22.48, 22.25, 22.25, 22.25
2026-09-13, 01:56:46, 22.27, 22.5, 22.75, 22.75, 9999.0, 9999.0, 9999.0, 23.82, 9999.0, 22.34, 9999.0, 22.68, 22.48, 22.25, 22.25, 22.25
2026-09-13, 01:56:50, 22.27, 22.5, 22.75, 22.75, 9999.0, 9999.0, 9999.0, 23.82, 9999.0, 22.34, 9999.0, 22.66, 22.48, 22.25, 22.25, 22.25
2026-09-13, 01:56:54, 22.27, 22.5, 22.75, 22.75, 9999.0, 9999.0, 9999.0, 23.84, 9999.0, 22.34, 9999.0, 22.64, 22.48, 22.25, 22.25, 22.25
2026-09-13, 01:56:58, 22.27, 22.5, 22.75, 22.75, 9999.0, 9999.0, 9999.0, 23.86, 9999.0, 22.32, 9999.0, 22.64, 22.48, 22.25, 22.25, 22.25
2026-09-13, 01:57:02, 22.27, 22.5, 22.75, 22.75, 9999.0, 9999.0, 9999.0, 23.91, 9999.0, 22.3, 9999.0, 22.64, 22.48, 22.25, 22.25, 22.25
2026-09-13, 01:57:06, 22.27, 22.48, 22.75, 22.75, 9999.0, 9999.0, 9999.0, 23.89, 9999.0, 22.27, 9999.0, 22.66, 22.48, 22.25, 22.25, 22.25
2026-09-13, 01:57:10, 22.27, 22.48, 22.75, 22.73, 9999.0, 9999.0, 9999.0, 23.84, 9999.0, 22.23, 9999.0, 22.68, 22.48, 22.25, 22.25, 22.25
2026-09-13, 01:57:14, 22.25, 22.48, 22.75, 22.73, 9999.0, 9999.0, 9999.0, 23.8, 9999.0, 22.2, 9999.0, 22.68, 22.48, 22.25, 22.25, 22.25
2026-09-13, 01:57:18, 22.27, 22.48, 22.75, 22.73, 9999.0, 9999.0, 9999.0, 23.75, 9999.0, 22.18, 9999.0, 22.68, 22.48, 22.25, 22.25, 22.25
2026-09-13, 01:57:22, 22.27, 22.48, 22.75, 22.73, 9999.0, 9999.0, 9999.0, 23.7, 9999.0, 22.18, 9999.0, 22.68, 22.5, 22.25, 22.25, 22.25
2026-09-13, 01:57:26, 22.27, 22.48, 22.75, 22.73, 9999.0, 9999.0, 9999.0, 23.66, 9999.0, 22.18, 9999.0, 22.7, 22.5, 22.25, 22.25, 22.25
2026-09-13, 01:57:30, 22.27, 22.48, 22.75, 22.73, 9999.0, 9999.0, 9999.0, 23.64, 9999.0, 22.2, 9999.0, 22.73, 22.5, 22.25, 22.25, 22.25
2026-09-13, 01:57:34, 22.3, 22.45, 22.75, 22.73, 9999.0, 9999.0, 9999.0, 23.61, 9999.0, 22.23, 9999.0, 22.75, 22.5, 22.25, 22.25, 22.25
2026-09-13, 01:57:38, 22.3, 22.45, 22.75, 22.73, 9999.0, 9999.0, 9999.0, 23.57, 9999.0, 22.23, 9999.0, 22.77, 22.5, 22.25, 22.25, 22.25
2026-09-13, 01:57:42, 22.3, 22.43, 22.75, 22.73, 9999.0, 9999.0, 9999.0, 23.59, 9999.0, 22.23, 9999.0, 22.77, 22.5, 22.25, 22.25, 22.25
2026-09-13, 01:57:46, 22.3, 22.43, 22.75, 22.73, 9999.0, 9999.0, 9999.0, 23.61, 9999.0, 22.23, 9999.0, 22.77, 22.5, 22.25, 22.25, 22.25
2026-09-13, 01:57:50, 22.3, 22.45, 22.75, 22.73, 9999.0, 9999.0, 9999.0, 23.64, 9999.0, 22.25, 9999.0, 22.77, 22.5, 22.25, 22.25, 22.25
2026-09-13, 01:57:54, 22.32, 22.45, 22.75, 22.75, 9999.0, 9999.0, 9999.0, 23.68, 9999.0, 22.27, 9999.0, 22.73, 22.5, 22.25, 22.25, 22.25
2026-09-13, 01:57:58, 22.32, 22.45, 22.75, 22.75, 9999.0, 9999.0, 9999.0, 23.68, 9999.0, 22.3, 9999.0, 22.7, 22.5, 22.25, 22.25, 22.25
2026-09-13, 01:58:02, 22.3, 22.45, 22.75, 22.75, 9999.0, 9999.0, 9999.0, 23.7, 9999.0, 22.3, 9999.0, 22.7, 22.5, 22.25, 22.25, 22.25
2026-09-13, 01:58:06, 22.3, 22.43, 22.75, 22.75, 9999.0, 9999.0, 9999.0, 23.73, 9999.0, 22.27, 9999.0, 22.68, 22.5, 22.25, 22.25, 22.25
2026-09-13, 01:58:10, 22.3, 22.41, 22.75, 22.75, 9999.0, 9999.0, 9999.0, 23.75, 9999.0, 22.27, 9999.0, 22.66, 22.5, 22.25, 22.25, 22.25
2026-09-13, 01:58:14, 22.3, 22.41, 22.75, 22.75, 9999.0, 9999.0, 9999.0, 23.77, 9999.0, 22.23, 9999.0, 22.64, 22.5, 22.25, 22.25, 22.25
2026-09-13, 01:58:18, 22.27, 22.43, 22.75, 22.75, 9999.0, 9999.0, 9999.0, 23.8, 9999.0, 22.18, 9999.0, 22.64, 22.5, 22.25, 22.25, 22.25
2026-09-13, 01:58:22, 22.27, 22.43, 22.75, 22.75, 9999.0, 9999.0, 9999.0, 23.84, 9999.0, 22.16, 9999.0, 22.64, 22.5, 22.25, 22.25, 22.25
2026-09-13, 01:58:26, 22.27, 22.45, 22.75, 22.75, 9999.0, 9999.0, 9999.0, 23.8, 9999.0, 22.14, 9999.0, 22.64, 22.5, 22.25, 22.25, 22.25
2026-09-13, 01:58:30, 22.27, 22.45, 22.75, 22.75, 9999.0, 9999.0, 9999.0, 23.75, 9999.0, 22.11, 9999.0, 22.66, 22.5, 22.25, 22.25, 22.27
2026-09-13, 01:58:34, 22.27, 22.45, 22.75, 22.75, 9999.0, 9999.0, 9999.0, 23.7, 9999.0, 22.07, 9999.0, 22.66, 22.5, 22.25, 22.25, 22.27
2026-09-13, 01:58:38, 22.25, 22.45, 22.75, 22.75, 9999.0, 9999.0, 9999.0, 23.66, 9999.0, 22.07, 9999.0, 22.68, 22.5, 22.25, 22.27, 22.27
2026-09-13, 01:58:42, 22.25, 22.45, 22.75, 22.75, 9999.0, 9999.0, 9999.0, 23.61, 9999.0, 22.07, 9999.0, 22.7, 22.5, 22.25, 22.27, 22.27
2026-09-13, 01:58:46, 22.25, 22.43, 22.75, 22.75, 9999.0, 9999.0, 9999.0, 23.57, 9999.0, 22.11, 9999.0, 22.7, 22.5, 22.25, 22.27, 22.27
2026-09-13, 01:58:50, 22.25, 22.45, 22.75, 22.75, 9999.0, 9999.0, 9999.0, 23.52, 9999.0, 22.16, 9999.0, 22.73, 22.5, 22.25, 22.3, 22.27
2026-09-13, 01:58:54, 22.25, 22.48, 22.75, 22.75, 9999.0, 9999.0, 9999.0, 23.5, 9999.0, 22.18, 9999.0, 22.75, 22.5, 22.25, 22.3, 22.3
2026-09-13, 01:58:58, 22.25, 22.45, 22.75, 22.75, 9999.0, 9999.0, 9999.0, 23.55, 9999.0, 22.2, 9999.0, 22.77, 22.5, 22.25, 22.3, 22.3
2026-09-13, 01:59:02, 22.25, 22.45, 22.75, 22.75, 9999.0, 9999.0, 9999.0, 23.57, 9999.0, 22.23, 9999.0, 22.77, 22.5, 22.25, 22.3, 22.32
2026-09-13, 01:59:06, 22.25, 22.45, 22.75, 22.75, 9999.0, 9999.0, 9999.0, 23.59, 9999.0, 22.25, 9999.0, 22.77, 22.5, 22.25, 22.3, 22.32
2026-09-13, 01:59:10, 22.25, 22.45, 22.75, 22.75, 9999.0, 9999.0, 9999.0, 23.64, 9999.0, 22.27, 9999.0, 22.75, 22.5, 22.25, 22.3, 22.32
2026-09-13, 01:59:15, 22.25, 22.45, 22.75, 22.75, 9999.0, 9999.0, 9999.0, 23.68, 9999.0, 22.3, 9999.0, 22.7, 22.5, 22.25, 22.3, 22.3
2026-09-13, 01:59:19, 22.25, 22.45, 22.75, 22.75, 9999.0, 9999.0, 9999.0, 23.7, 9999.0, 22.32, 9999.0, 22.68, 22.5, 22.25, 22.32, 22.3
2026-09-13, 01:59:23, 22.27, 22.45, 22.75, 22.75, 9999.0, 9999.0, 9999.0, 23.73, 9999.0, 22.32, 9999.0, 22.66, 22.5, 22.25, 22.3, 22.3
2026-09-13, 01:59:27, 22.27, 22.45, 22.75, 22.75, 9999.0, 9999.0, 9999.0, 23.77, 9999.0, 22.32, 9999.0, 22.64, 22.5, 22.25, 22.3, 22.3
2026-09-13, 01:59:31, 22.27, 22.48, 22.75, 22.75, 9999.0, 9999.0, 9999.0, 23.82, 9999.0, 22.3, 9999.0, 22.61, 22.5, 22.25, 22.3, 22.3
2026-09-13, 01:59:35, 22.27, 22.48, 22.75, 22.75, 9999.0, 9999.0, 9999.0, 23.86, 9999.0, 22.27, 9999.0, 22.61, 22.5, 22.25, 22.27, 22.3
2026-09-13, 01:59:39, 22.27, 22.48, 22.75, 22.75, 9999.0, 9999.0, 9999.0, 23.89, 9999.0, 22.23, 9999.0, 22.61, 22.5, 22.25, 22.27, 22.27
2026-09-13, 01:59:43, 22.27, 22.5, 22.75, 22.75, 9999.0, 9999.0, 9999.0, 23.84, 9999.0, 22.2, 9999.0, 22.61, 22.5, 22.25, 22.27, 22.27
2026-09-13, 01:59:47, 22.27, 22.5, 22.75, 22.75, 9999.0, 9999.0, 9999.0, 23.82, 9999.0, 22.2, 9999.0, 22.61, 22.5, 22.25, 22.27, 22.25
2026-09-13, 01:59:51, 22.27, 22.5, 22.75, 22.75, 9999.0, 9999.0, 9999.0, 23.77, 9999.0, 22.2, 9999.0, 22.64, 22.5, 22.25, 22.27, 22.25
2026-09-13, 01:59:55, 22.27, 22.5, 22.75, 22.75, 9999.0, 9999.0, 9999.0, 23.73, 9999.0, 22.2, 9999.0, 22.66, 22.5, 22.25, 22.27, 22.25
2026-09-13, 01:59:59, 22.27, 22.5, 22.75, 22.75, 9999.0, 9999.0, 9999.0, 23.68, 9999.0, 22.2, 9999.0, 22.68, 22.5, 22.25, 22.27, 22.25
2026-09-13, 02:00:03, 22.27, 22.48, 22.75, 22.75, 9999.0, 9999.0, 9999.0, 23.66, 9999.0, 22.2, 9999.0, 22.7, 22.5, 22.25, 22.25, 22.25
2026-09-13, 02:00:07, 22.25, 22.48, 22.75, 22.75, 9999.0, 9999.0, 9999.0, 23.61, 9999.0, 22.23, 9999.0, 22.73, 22.5, 22.25, 22.25, 22.25
2026-09-13, 02:00:11, 22.25, 22.48, 22.75, 22.75, 9999.0, 9999.0, 9999.0, 23.59, 9999.0, 22.25, 9999.0, 22.75, 22.5, 22.25, 22.25, 22.25
2026-09-13, 02:00:15, 22.27, 22.48, 22.75, 22.75, 9999.0, 9999.0, 9999.0, 23.57, 9999.0, 22.27, 9999.0, 22.77, 22.5, 22.25, 22.25, 22.25
2026-09-13, 02:00:19, 22.3, 22.45, 22.75, 22.75, 9999.0, 9999.0, 9999.0, 23.59, 9999.0, 22.27, 9999.0, 22.77, 22.5, 22.25, 22.25, 22.25
2026-09-13, 02:00:23, 22.3, 22.43, 22.75, 22.75, 9999.0, 9999.0, 9999.0, 23.61, 9999.0, 22.3, 9999.0, 22.75, 22.5, 22.25, 22.25, 22.25
2026-09-13, 02:00:27, 22.3, 22.43, 22.75, 22.75, 9999.0, 9999.0, 9999.0, 23.64, 9999.0, 22.32, 9999.0, 22.73, 22.5, 22.25, 22.25, 22.25
2026-09-13, 02:00:31, 22.3, 22.43, 22.75, 22.75, 9999.0, 9999.0, 9999.0, 23.66, 9999.0, 22.32, 9999.0, 22.7, 22.5, 22.25, 22.25, 22.25
2026-09-13, 02:00:35, 22.3, 22.43, 22.75, 22.75, 9999.0, 9999.0, 9999.0, 23.7, 9999.0, 22.32, 9999.0, 22.68, 22.5, 22.25, 22.25, 22.25
2026-09-13, 02:00:39, 22.3, 22.43, 22.75, 22.75, 9999.0, 9999.0, 9999.0, 23.73, 9999.0, 22.32, 9999.0, 22.66, 22.5, 22.25, 22.25, 22.25
2026-09-13, 02:00:43, 22.3, 22.43, 22.75, 22.75, 9999.0, 9999.0, 9999.0, 23.75, 9999.0, 22.32, 9999.0, 22.64, 22.5, 22.25, 22.25, 22.25
2026-09-13, 02:00:47, 22.3, 22.45, 22.75, 22.75, 9999.0, 9999.0, 9999.0, 23.77, 9999.0, 22.32, 9999.0, 22.61, 22.5, 22.25, 22.25, 22.25
2026-09-13, 02:00:51, 22.3, 22.45, 22.75, 22.75, 9999.0, 9999.0, 9999.0, 23.82, 9999.0, 22.3, 9999.0, 22.59, 22.5, 22.25, 22.25, 22.25
2026-09-13, 02:00:55, 22.3, 22.45, 22.75, 22.75, 9999.0, 9999.0, 9999.0, 23.84, 9999.0, 22.27, 9999.0, 22.59, 22.5, 22.25, 22.25, 22.25
2026-09-13, 02:00:59, 22.27, 22.45, 22.75, 22.75, 9999.0, 9999.0, 9999.0, 23.86, 9999.0, 22.25, 9999.0, 22.59, 22.48, 22.25, 22.25, 22.25
2026-09-13, 02:01:03, 22.25, 22.48, 22.75, 22.75, 9999.0, 9999.0, 9999.0, 23.84, 9999.0, 22.25, 9999.0, 22.59, 22.48, 22.25, 22.25, 22.25
2026-09-13, 02:01:07, 22.25, 22.5, 22.75, 22.75, 9999.0, 9999.0, 9999.0, 23.82, 9999.0, 22.23, 9999.0, 22.64, 22.48, 22.25, 22.25, 22.25
2026-09-13, 02:01:11, 22.25, 22.5, 22.75, 22.75, 9999.0, 9999.0, 9999.0, 23.77, 9999.0, 22.23, 9999.0, 22.66, 22.48, 22.25, 22.27, 22.25
2026-09-13, 02:01:15, 22.25, 22.5, 22.75, 22.75, 9999.0, 9999.0, 9999.0, 23.73, 9999.0, 22.25, 9999.0, 22.68, 22.48, 22.25, 22.27, 22.25
2026-09-13, 02:01:19, 22.25, 22.5, 22.75, 22.75, 9999.0, 9999.0, 9999.0, 23.68, 9999.0, 22.25, 9999.0, 22.68, 22.48, 22.25, 22.27, 22.25
2026-09-13, 02:01:23, 22.25, 22.5, 22.75, 22.75, 9999.0, 9999.0, 9999.0, 23.66, 9999.0, 22.25, 9999.0, 22.7, 22.48, 22.25, 22.27, 22.25
2026-09-13, 02:01:27, 22.25, 22.5, 22.75, 22.75, 9999.0, 9999.0, 9999.0, 23.64, 9999.0, 22.27, 9999.0, 22.73, 22.48, 22.25, 22.27, 22.25
2026-09-13, 02:01:31, 22.25, 22.5, 22.75, 22.75, 9999.0, 9999.0, 9999.0, 23.61, 9999.0, 22.3, 9999.0, 22.75, 22.48, 22.25, 22.27, 22.25
2026-09-13, 02:01:35, 22.25, 22.5, 22.75, 22.75, 9999.0, 9999.0, 9999.0, 23.66, 9999.0, 22.32, 9999.0, 22.77, 22.48, 22.25, 22.27, 22.25
2026-09-13, 02:01:39, 22.25, 22.5, 22.75, 22.75, 9999.0, 9999.0, 9999.0, 23.7, 9999.0, 22.32, 9999.0, 22.77, 22.48, 22.25, 22.27, 22.25
2026-09-13, 02:01:43, 22.27, 22.5, 22.75, 22.75, 9999.0, 9999.0, 9999.0, 23.73, 9999.0, 22.32, 9999.0, 22.77, 22.5, 22.25, 22.27, 22.25
2026-09-13, 02:01:47, 22.27, 22.5, 22.75, 22.75, 9999.0, 9999.0, 9999.0, 23.75, 9999.0, 22.32, 9999.0, 22.77, 22.5, 22.25, 22.3, 22.25
2026-09-13, 02:01:51, 22.27, 22.5, 22.75, 22.75, 9999.0, 9999.0, 9999.0, 23.77, 9999.0, 22.34, 9999.0, 22.75, 22.5, 22.25, 22.3, 22.25
2026-09-13, 02:01:55, 22.27, 22.5, 22.75, 22.75, 9999.0, 9999.0, 9999.0, 23.82, 9999.0, 22.34, 9999.0, 22.75, 22.5, 22.25, 22.27, 22.25
2026-09-13, 02:01:59, 22.27, 22.5, 22.75, 22.75, 9999.0, 9999.0, 9999.0, 23.84, 9999.0, 22.32, 9999.0, 22.73, 22.5, 22.25, 22.27, 22.25
2026-09-13, 02:02:03, 22.27, 22.5, 22.75, 22.75, 9999.0, 9999.0, 9999.0, 23.86, 9999.0, 22.32, 9999.0, 22.7, 22.5, 22.25, 22.27, 22.25
2026-09-13, 02:02:07, 22.27, 22.5, 22.75, 22.75, 9999.0, 9999.0, 9999.0, 23.89, 9999.0, 22.32, 9999.0, 22.68, 22.5, 22.25, 22.27, 22.25
2026-09-13, 02:02:11, 22.3, 22.5, 22.75, 22.75, 9999.0, 9999.0, 9999.0, 23.91, 9999.0, 22.3, 9999.0, 22.68, 22.5, 22.25, 22.27, 22.25
2026-09-13, 02:02:15, 22.3, 22.5, 22.75, 22.75, 9999.0, 9999.0, 9999.0, 23.93, 9999.0, 22.27, 9999.0, 22.68, 22.5, 22.25, 22.27, 22.25
2026-09-13, 02:02:19, 22.3, 22.5, 22.75, 22.75, 9999.0, 9999.0, 9999.0, 23.89, 9999.0, 22.25, 9999.0, 22.68, 22.5, 22.25, 22.27, 22.25
2026-09-13, 02:02:23, 22.3, 22.5, 22.75, 22.75, 9999.0, 9999.0, 9999.0, 23.84, 9999.0, 22.25, 9999.0, 22.7, 22.5, 22.25, 22.27, 22.25
2026-09-13, 02:02:27, 22.27, 22.5, 22.75, 22.75, 9999.0, 9999.0, 9999.0, 23.82, 9999.0, 22.25, 9999.0, 22.7, 22.5, 22.25, 22.27, 22.25
2026-09-13, 02:02:32, 22.3, 22.5, 22.75, 22.75, 9999.0, 9999.0, 9999.0, 23.8, 9999.0, 22.25, 9999.0, 22.7, 22.5, 22.25, 22.25, 22.25
2026-09-13, 02:02:36, 22.3, 22.5, 22.75, 22.75, 9999.0, 9999.0, 9999.0, 23.75, 9999.0, 22.27, 9999.0, 22.7, 22.5, 22.25, 22.25, 22.25
2026-09-13, 02:02:40, 22.3, 22.5, 22.75, 22.75, 9999.0, 9999.0, 9999.0, 23.7, 9999.0, 22.27, 9999.0, 22.7, 22.5, 22.25, 22.25, 22.25
2026-09-13, 02:02:44, 22.3, 22.5, 22.75, 22.75, 9999.0, 9999.0, 9999.0, 23.68, 9999.0, 22.3, 9999.0, 22.73, 22.5, 22.25, 22.25, 22.25
2026-09-13, 02:02:48, 22.3, 22.5, 22.75, 22.75, 9999.0, 9999.0, 9999.0, 23.66, 9999.0, 22.34, 9999.0, 22.75, 22.5, 22.25, 22.25, 22.25
2026-09-13, 02:02:52, 22.3, 22.5, 22.75, 22.75, 9999.0, 9999.0, 9999.0, 23.61, 9999.0, 22.36, 9999.0, 22.77, 22.5, 22.25, 22.25, 22.25
2026-09-13, 02:02:56, 22.27, 22.5, 22.75, 22.75, 9999.0, 9999.0, 9999.0, 23.66, 9999.0, 22.39, 9999.0, 22.77, 22.5, 22.25, 22.25, 22.25
2026-09-13, 02:03:00, 22.27, 22.5, 22.75, 22.75, 9999.0, 9999.0, 9999.0, 23.68, 9999.0, 22.41, 9999.0, 22.77, 22.5, 22.25, 22.25, 22.25
2026-09-13, 02:03:04, 22.27, 22.5, 22.75, 22.75, 9999.0, 9999.0, 9999.0, 23.7, 9999.0, 22.43, 9999.0, 22.75, 22.5, 22.25, 22.25, 22.25
2026-09-13, 02:03:08, 22.27, 22.5, 22.75, 22.75, 9999.0, 9999.0, 9999.0, 23.73, 9999.0, 22.45, 9999.0, 22.7, 22.5, 22.25, 22.25, 22.25
2026-09-13, 02:03:12, 22.27, 22.5, 22.75, 22.75, 9999.0, 9999.0, 9999.0, 23.75, 9999.0, 22.48, 9999.0, 22.7, 22.5, 22.25, 22.25, 22.25
2026-09-13, 02:03:16, 22.25, 22.5, 22.75, 22.75, 9999.0, 9999.0, 9999.0, 23.75, 9999.0, 22.48, 9999.0, 22.68, 22.5, 22.25, 22.25, 22.25
2026-09-13, 02:03:20, 22.25, 22.5, 22.75, 22.75, 9999.0, 9999.0, 9999.0, 23.77, 9999.0, 22.48, 9999.0, 22.68, 22.5, 22.25, 22.25, 22.25
2026-09-13, 02:03:24, 22.25, 22.5, 22.75, 22.75, 9999.0, 9999.0, 9999.0, 23.8, 9999.0, 22.5, 9999.0, 22.66, 22.5, 22.25, 22.25, 22.25
2026-09-13, 02:03:28, 22.25, 22.5, 22.75, 22.75, 9999.0, 9999.0, 9999.0, 23.82, 9999.0, 22.5, 9999.0, 22.64, 22.5, 22.25, 22.25, 22.25
2026-09-13, 02:03:32, 22.25, 22.5, 22.75, 22.75, 9999.0, 9999.0, 9999.0, 23.84, 9999.0, 22.45, 9999.0, 22.64, 22.5, 22.25, 22.25, 22.25
2026-09-13, 02:03:36, 22.25, 22.5, 22.75, 22.75, 9999.0, 9999.0, 9999.0, 23.89, 9999.0, 22.43, 9999.0, 22.64, 22.5, 22.25, 22.25, 22.25
2026-09-13, 02:03:40, 22.25, 22.5, 22.75, 22.75, 9999.0, 9999.0, 9999.0, 23.84, 9999.0, 22.41, 9999.0, 22.64, 22.5, 22.25, 22.25, 22.25
2026-09-13, 02:03:44, 22.25, 22.5, 22.75, 22.75, 9999.0, 9999.0, 9999.0, 23.82, 9999.0, 22.39, 9999.0, 22.64, 22.5, 22.25, 22.25, 22.25
2026-09-13, 02:03:48, 22.25, 22.5, 22.75, 22.75, 9999.0, 9999.0, 9999.0, 23.77, 9999.0, 22.36, 9999.0, 22.68, 22.5, 22.25, 22.27, 22.25
2026-09-13, 02:03:52, 22.25, 22.5, 22.75, 22.75, 9999.0, 9999.0, 9999.0, 23.73, 9999.0, 22.36, 9999.0, 22.7, 22.5, 22.25, 22.27, 22.27
2026-09-13, 02:03:56, 22.25, 22.5, 22.75, 22.75, 9999.0, 9999.0, 9999.0, 23.68, 9999.0, 22.36, 9999.0, 22.7, 22.5, 22.25, 22.27, 22.27
2026-09-13, 02:04:00, 22.27, 22.5, 22.75, 22.75, 9999.0, 9999.0, 9999.0, 23.66, 9999.0, 22.39, 9999.0, 22.73, 22.5, 22.25, 22.27, 22.27
2026-09-13, 02:04:04, 22.27, 22.5, 22.75, 22.75, 9999.0, 9999.0, 9999.0, 23.64, 9999.0, 22.41, 9999.0, 22.73, 22.5, 22.25, 22.27, 22.27
2026-09-13, 02:04:08, 22.27, 22.5, 22.75, 22.75, 9999.0, 9999.0, 9999.0, 23.61, 9999.0, 22.43, 9999.0, 22.75, 22.5, 22.25, 22.27, 22.27
2026-09-13, 02:04:12, 22.27, 22.5, 22.75, 22.75, 9999.0, 9999.0, 9999.0, 23.66, 9999.0, 22.45, 9999.0, 22.77, 22.5, 22.25, 22.27, 22.27
2026-09-13, 02:04:16, 22.27, 22.5, 22.75, 22.75, 9999.0, 9999.0, 9999.0, 23.7, 9999.0, 22.48, 9999.0, 22.77, 22.5, 22.25, 22.27, 22.27
2026-09-13, 02:04:20, 22.27, 22.5, 22.75, 22.75, 9999.0, 9999.0, 9999.0, 23.75, 9999.0, 22.5, 9999.0, 22.77, 22.5, 22.25, 22.27, 22.27
2026-09-13, 02:04:24, 22.27, 22.5, 22.75, 22.75, 9999.0, 9999.0, 9999.0, 23.77, 9999.0, 22.52, 9999.0, 22.75, 22.5, 22.25, 22.27, 22.27
2026-09-13, 02:04:28, 22.27, 22.5, 22.75, 22.75, 9999.0, 9999.0, 9999.0, 23.8, 9999.0, 22.55, 9999.0, 22.75, 22.5, 22.25, 22.27, 22.27
2026-09-13, 02:04:32, 22.27, 22.5, 22.75, 22.75, 9999.0, 9999.0, 9999.0, 23.84, 9999.0, 22.57, 9999.0, 22.73, 22.5, 22.25, 22.25, 22.27
2026-09-13, 02:04:36, 22.27, 22.5, 22.75, 22.75, 9999.0, 9999.0, 9999.0, 23.89, 9999.0, 22.57, 9999.0, 22.73, 22.5, 22.25, 22.25, 22.25
2026-09-13, 02:04:40, 22.27, 22.5, 22.75, 22.75, 9999.0, 9999.0, 9999.0, 23.91, 9999.0, 22.57, 9999.0, 22.7, 22.5, 22.25, 22.25, 22.25
2026-09-13, 02:04:44, 22.27, 22.5, 22.75, 22.75, 9999.0, 9999.0, 9999.0, 23.95, 9999.0, 22.57, 9999.0, 22.68, 22.5, 22.25, 22.25, 22.25
2026-09-13, 02:04:48, 22.27, 22.5, 22.75, 22.75, 9999.0, 9999.0, 9999.0, 23.98, 9999.0, 22.55, 9999.0, 22.68, 22.5, 22.25, 22.25, 22.25
2026-09-13, 02:04:52, 22.27, 22.5, 22.75, 22.75, 9999.0, 9999.0, 9999.0, 24.0, 9999.0, 22.52, 9999.0, 22.68, 22.5, 22.25, 22.25, 22.25
2026-09-13, 02:04:56, 22.27, 22.5, 22.75, 22.75, 9999.0, 9999.0, 9999.0, 23.95, 9999.0, 22.5, 9999.0, 22.68, 22.5, 22.25, 22.25, 22.25
2026-09-13, 02:05:00, 22.27, 22.5, 22.75, 22.75, 9999.0, 9999.0, 9999.0, 23.91, 9999.0, 22.5, 9999.0, 22.7, 22.5, 22.25, 22.27, 22.25
2026-09-13, 02:05:04, 22.27, 22.5, 22.75, 22.75, 9999.0, 9999.0, 9999.0, 23.86, 9999.0, 22.48, 9999.0, 22.73, 22.5, 22.25, 22.27, 22.25
2026-09-13, 02:05:08, 22.27, 22.5, 22.75, 22.75, 9999.0, 9999.0, 9999.0, 23.84, 9999.0, 22.48, 9999.0, 22.75, 22.5, 22.25, 22.27, 22.25
2026-09-13, 02:05:12, 22.27, 22.5, 22.75, 22.75, 9999.0, 9999.0, 9999.0, 23.82, 9999.0, 22.48, 9999.0, 22.75, 22.5, 22.25, 22.27, 22.25
2026-09-13, 02:05:16, 22.27, 22.5, 22.75, 22.75, 9999.0, 9999.0, 9999.0, 23.8, 9999.0, 22.5, 9999.0, 22.75, 22.5, 22.25, 22.27, 22.25
2026-09-13, 02:05:20, 22.27, 22.5, 22.75, 22.75, 9999.0, 9999.0, 9999.0, 23.75, 9999.0, 22.52, 9999.0, 22.75, 22.5, 22.25, 22.27, 22.25
2026-09-13, 02:05:24, 22.27, 22.5, 22.75, 22.75, 9999.0, 9999.0, 9999.0, 23.73, 9999.0, 22.55, 9999.0, 22.77, 22.5, 22.25, 22.3, 22.25
2026-09-13, 02:05:28, 22.25, 22.5, 22.75, 22.75, 9999.0, 9999.0, 9999.0, 23.68, 9999.0, 22.57, 9999.0, 22.8, 22.5, 22.25, 22.3, 22.25
2026-09-13, 02:05:32, 22.25, 22.5, 22.75, 22.75, 9999.0, 9999.0, 9999.0, 23.73, 9999.0, 22.59, 9999.0, 22.8, 22.5, 22.25, 22.3, 22.25
2026-09-13, 02:05:36, 22.25, 22.5, 22.75, 22.75, 9999.0, 9999.0, 9999.0, 23.77, 9999.0, 22.59, 9999.0, 22.8, 22.5, 22.25, 22.32, 22.25
2026-09-13, 02:05:40, 22.25, 22.5, 22.75, 22.75, 9999.0, 9999.0, 9999.0, 23.8, 9999.0, 22.59, 9999.0, 22.77, 22.5, 22.25, 22.32, 22.25
2026-09-13, 02:05:44, 22.25, 22.5, 22.75, 22.75, 9999.0, 9999.0, 9999.0, 23.84, 9999.0, 22.59, 9999.0, 22.73, 22.5, 22.25, 22.3, 22.25
2026-09-13, 02:05:48, 22.25, 22.5, 22.75, 22.75, 9999.0, 9999.0, 9999.0, 23.86, 9999.0, 22.61, 9999.0, 22.68, 22.5, 22.25, 22.3, 22.25
2026-09-13, 02:05:52, 22.25, 22.5, 22.75, 22.75, 9999.0, 9999.0, 9999.0, 23.89, 9999.0, 22.61, 9999.0, 22.68, 22.5, 22.25, 22.3, 22.25
2026-09-13, 02:05:56, 22.25, 22.5, 22.75, 22.75, 9999.0, 9999.0, 9999.0, 23.91, 9999.0, 22.61, 9999.0, 22.66, 22.5, 22.25, 22.3, 22.25
2026-09-13, 02:06:00, 22.25, 22.5, 22.75, 22.75, 9999.0, 9999.0, 9999.0, 23.93, 9999.0, 22.59, 9999.0, 22.64, 22.5, 22.25, 22.3, 22.25
2026-09-13, 02:06:04, 22.25, 22.5, 22.75, 22.75, 9999.0, 9999.0, 9999.0, 23.98, 9999.0, 22.57, 9999.0, 22.61, 22.5, 22.25, 22.3, 22.25
2026-09-13, 02:06:08, 22.25, 22.5, 22.75, 22.75, 9999.0, 9999.0, 9999.0, 24.02, 9999.0, 22.55, 9999.0, 22.61, 22.5, 22.25, 22.27, 22.25
2026-09-13, 02:06:13, 22.25, 22.5, 22.75, 22.75, 9999.0, 9999.0, 9999.0, 24.05, 9999.0, 22.5, 9999.0, 22.61, 22.5, 22.25, 22.27, 22.25
2026-09-13, 02:06:17, 22.25, 22.5, 22.75, 22.75, 9999.0, 9999.0, 9999.0, 24.0, 9999.0, 22.48, 9999.0, 22.61, 22.5, 22.25, 22.27, 22.25
2026-09-13, 02:06:21, 22.25, 22.5, 22.75, 22.75, 9999.0, 9999.0, 9999.0, 23.95, 9999.0, 22.48, 9999.0, 22.64, 22.5, 22.25, 22.25, 22.25
2026-09-13, 02:06:25, 22.25, 22.5, 22.75, 22.75, 9999.0, 9999.0, 9999.0, 23.93, 9999.0, 22.45, 9999.0, 22.66, 22.5, 22.25, 22.25, 22.25
2026-09-13, 02:06:29, 22.27, 22.5, 22.75, 22.75, 9999.0, 9999.0, 9999.0, 23.89, 9999.0, 22.48, 9999.0, 22.68, 22.5, 22.25, 22.25, 22.25
2026-09-13, 02:06:33, 22.27, 22.5, 22.75, 22.75, 9999.0, 9999.0, 9999.0, 23.86, 9999.0, 22.5, 9999.0, 22.7, 22.5, 22.25, 22.27, 22.25
2026-09-13, 02:06:37, 22.27, 22.5, 22.75, 22.75, 9999.0, 9999.0, 9999.0, 23.82, 9999.0, 22.52, 9999.0, 22.7, 22.5, 22.25, 22.27, 22.25
2026-09-13, 02:06:41, 22.27, 22.5, 22.75, 22.75, 9999.0, 9999.0, 9999.0, 23.77, 9999.0, 22.55, 9999.0, 22.73, 22.5, 22.25, 22.27, 22.25
2026-09-13, 02:06:45, 22.27, 22.5, 22.75, 22.75, 9999.0, 9999.0, 9999.0, 23.73, 9999.0, 22.57, 9999.0, 22.75, 22.5, 22.25, 22.27, 22.27
2026-09-13, 02:06:49, 22.27, 22.5, 22.75, 22.75, 9999.0, 9999.0, 9999.0, 23.75, 9999.0, 22.59, 9999.0, 22.77, 22.5, 22.25, 22.27, 22.27
2026-09-13, 02:06:53, 22.27, 22.5, 22.75, 22.75, 9999.0, 9999.0, 9999.0, 23.77, 9999.0, 22.61, 9999.0, 22.77, 22.5, 22.25, 22.27, 22.27
2026-09-13, 02:06:57, 22.27, 22.5, 22.75, 22.75, 9999.0, 9999.0, 9999.0, 23.82, 9999.0, 22.64, 9999.0, 22.77, 22.5, 22.25, 22.27, 22.27
2026-09-13, 02:07:01, 22.27, 22.5, 22.75, 22.75, 9999.0, 9999.0, 9999.0, 23.84, 9999.0, 22.66, 9999.0, 22.77, 22.5, 22.25, 22.27, 22.27
2026-09-13, 02:07:05, 22.27, 22.5, 22.75, 22.75, 9999.0, 9999.0, 9999.0, 23.86, 9999.0, 22.68, 9999.0, 22.73, 22.5, 22.25, 22.27, 22.27
2026-09-13, 02:07:09, 22.27, 22.5, 22.75, 22.75, 9999.0, 9999.0, 9999.0, 23.89, 9999.0, 22.7, 9999.0, 22.7, 22.5, 22.25, 22.27, 22.27
2026-09-13, 02:07:13, 22.25, 22.5, 22.75, 22.75, 9999.0, 9999.0, 9999.0, 23.91, 9999.0, 22.68, 9999.0, 22.68, 22.5, 22.25, 22.27, 22.27
2026-09-13, 02:07:17, 22.25, 22.5, 22.75, 22.75, 9999.0, 9999.0, 9999.0, 23.93, 9999.0, 22.66, 9999.0, 22.66, 22.5, 22.25, 22.25, 22.27
2026-09-13, 02:07:21, 22.25, 22.5, 22.75, 22.75, 9999.0, 9999.0, 9999.0, 23.98, 9999.0, 22.64, 9999.0, 22.64, 22.5, 22.25, 22.25, 22.27
2026-09-13, 02:07:25, 22.25, 22.5, 22.75, 22.75, 9999.0, 9999.0, 9999.0, 24.02, 9999.0, 22.61, 9999.0, 22.64, 22.5, 22.25, 22.25, 22.27
2026-09-13, 02:07:29, 22.25, 22.5, 22.75, 22.75, 9999.0, 9999.0, 9999.0, 24.07, 9999.0, 22.59, 9999.0, 22.64, 22.5, 22.25, 22.25, 22.25
2026-09-13, 02:07:33, 22.25, 22.5, 22.75, 22.75, 9999.0, 9999.0, 9999.0, 24.05, 9999.0, 22.57, 9999.0, 22.64, 22.5, 22.25, 22.25, 22.25
2026-09-13, 02:07:37, 22.25, 22.5, 22.75, 22.75, 9999.0, 9999.0, 9999.0, 24.0, 9999.0, 22.55, 9999.0, 22.66, 22.5, 22.25, 22.25, 22.25
2026-09-13, 02:07:41, 22.25, 22.5, 22.75, 22.75, 9999.0, 9999.0, 9999.0, 23.95, 9999.0, 22.55, 9999.0, 22.66, 22.5, 22.25, 22.25, 22.25
2026-09-13, 02:07:45, 22.25, 22.5, 22.75, 22.75, 9999.0, 9999.0, 9999.0, 23.93, 9999.0, 22.55, 9999.0, 22.66, 22.5, 22.25, 22.25, 22.25
2026-09-13, 02:07:49, 22.25, 22.5, 22.75, 22.75, 9999.0, 9999.0, 9999.0, 23.91, 9999.0, 22.55, 9999.0, 22.68, 22.5, 22.25, 22.25, 22.25
2026-09-13, 02:07:53, 22.25, 22.5, 22.75, 22.75, 9999.0, 9999.0, 9999.0, 23.89, 9999.0, 22.57, 9999.0, 22.7, 22.5, 22.25, 22.25, 22.25
2026-09-13, 02:07:57, 22.25, 22.5, 22.75, 22.75, 9999.0, 9999.0, 9999.0, 23.84, 9999.0, 22.59, 9999.0, 22.73, 22.5, 22.25, 22.25, 22.25
2026-09-13, 02:08:01, 22.25, 22.5, 22.75, 22.75, 9999.0, 9999.0, 9999.0, 23.8, 9999.0, 22.61, 9999.0, 22.75, 22.5, 22.25, 22.25, 22.25
2026-09-13, 02:08:05, 22.25, 22.5, 22.75, 22.75, 9999.0, 9999.0, 9999.0, 23.75, 9999.0, 22.64, 9999.0, 22.77, 22.5, 22.25, 22.25, 22.25
2026-09-13, 02:08:09, 22.25, 22.48, 22.75, 22.75, 9999.0, 9999.0, 9999.0, 23.8, 9999.0, 22.66, 9999.0, 22.77, 22.5, 22.25, 22.25, 22.25
2026-09-13, 02:08:13, 22.25, 22.48, 22.75, 22.75, 9999.0, 9999.0, 9999.0, 23.82, 9999.0, 22.68, 9999.0, 22.77, 22.5, 22.25, 22.25, 22.25
2026-09-13, 02:08:17, 22.25, 22.48, 22.75, 22.75, 9999.0, 9999.0, 9999.0, 23.84, 9999.0, 22.7, 9999.0, 22.77, 22.5, 22.25, 22.25, 22.25
2026-09-13, 02:08:21, 22.25, 22.48, 22.75, 22.75, 9999.0, 9999.0, 9999.0, 23.86, 9999.0, 22.73, 9999.0, 22.73, 22.5, 22.25, 22.25, 22.25
2026-09-13, 02:08:25, 22.25, 22.48, 22.75, 22.75, 9999.0, 9999.0, 9999.0, 23.89, 9999.0, 22.75, 9999.0, 22.7, 22.5, 22.25, 22.25, 22.25
2026-09-13, 02:08:29, 22.25, 22.48, 22.75, 22.75, 9999.0, 9999.0, 9999.0, 23.91, 9999.0, 22.75, 9999.0, 22.68, 22.5, 22.25, 22.25, 22.25
2026-09-13, 02:08:33, 22.25, 22.48, 22.75, 22.75, 9999.0, 9999.0, 9999.0, 23.93, 9999.0, 22.75, 9999.0, 22.68, 22.5, 22.25, 22.25, 22.25
2026-09-13, 02:08:37, 22.25, 22.45, 22.75, 22.75, 9999.0, 9999.0, 9999.0, 23.95, 9999.0, 22.75, 9999.0, 22.66, 22.5, 22.25, 22.25, 22.25
2026-09-13, 02:08:41, 22.25, 22.45, 22.75, 22.75, 9999.0, 9999.0, 9999.0, 24.0, 9999.0, 22.73, 9999.0, 22.64, 22.5, 22.25, 22.25, 22.25
2026-09-13, 02:08:45, 22.25, 22.45, 22.75, 22.75, 9999.0, 9999.0, 9999.0, 24.05, 9999.0, 22.7, 9999.0, 22.64, 22.5, 22.25, 22.25, 22.25
2026-09-13, 02:08:49, 22.25, 22.45, 22.75, 22.75, 9999.0, 9999.0, 9999.0, 24.09, 9999.0, 22.68, 9999.0, 22.64, 22.5, 22.25, 22.25, 22.25
2026-09-13, 02:08:53, 22.25, 22.48, 22.75, 22.75, 9999.0, 9999.0, 9999.0, 24.02, 9999.0, 22.68, 9999.0, 22.64, 22.5, 22.25, 22.25, 22.25
2026-09-13, 02:08:57, 22.25, 22.48, 22.75, 22.75, 9999.0, 9999.0, 9999.0, 23.98, 9999.0, 22.66, 9999.0, 22.64, 22.5, 22.25, 22.25, 22.25
2026-09-13, 02:09:01, 22.25, 22.48, 22.75, 22.75, 9999.0, 9999.0, 9999.0, 23.93, 9999.0, 22.64, 9999.0, 22.64, 22.5, 22.25, 22.25, 22.25
2026-09-13, 02:09:05, 22.25, 22.48, 22.75, 22.75, 9999.0, 9999.0, 9999.0, 23.91, 9999.0, 22.64, 9999.0, 22.66, 22.5, 22.25, 22.25, 22.25
2026-09-13, 02:09:09, 22.25, 22.48, 22.75, 22.75, 9999.0, 9999.0, 9999.0, 23.89, 9999.0, 22.64, 9999.0, 22.68, 22.5, 22.25, 22.25, 22.25
2026-09-13, 02:09:13, 22.25, 22.48, 22.75, 22.75, 9999.0, 9999.0, 9999.0, 23.86, 9999.0, 22.64, 9999.0, 22.7, 22.5, 22.25, 22.25, 22.25
2026-09-13, 02:09:17, 22.25, 22.48, 22.75, 22.75, 9999.0, 9999.0, 9999.0, 23.82, 9999.0, 22.66, 9999.0, 22.7, 22.5, 22.25, 22.25, 22.25
2026-09-13, 02:09:21, 22.25, 22.5, 22.75, 22.75, 9999.0, 9999.0, 9999.0, 23.77, 9999.0, 22.68, 9999.0, 22.73, 22.5, 22.25, 22.25, 22.25
2026-09-13, 02:09:25, 22.25, 22.5, 22.75, 22.75, 9999.0, 9999.0, 9999.0, 23.8, 9999.0, 22.73, 9999.0, 22.75, 22.5, 22.25, 22.25, 22.25
2026-09-13, 02:09:29, 22.25, 22.5, 22.75, 22.75, 9999.0, 9999.0, 9999.0, 23.82, 9999.0, 22.75, 9999.0, 22.75, 22.5, 22.25, 22.25, 22.25
2026-09-13, 02:09:33, 22.25, 22.5, 22.75, 22.75, 9999.0, 9999.0, 9999.0, 23.84, 9999.0, 22.77, 9999.0, 22.73, 22.5, 22.25, 22.25, 22.25
2026-09-13, 02:09:37, 22.25, 22.5, 22.75, 22.75, 9999.0, 9999.0, 9999.0, 23.89, 9999.0, 22.77, 9999.0, 22.7, 22.5, 22.25, 22.25, 22.25
2026-09-13, 02:09:41, 22.25, 22.5, 22.75, 22.75, 9999.0, 9999.0, 9999.0, 23.93, 9999.0, 22.8, 9999.0, 22.68, 22.5, 22.25, 22.25, 22.25
2026-09-13, 02:09:45, 22.25, 22.5, 22.75, 22.75, 9999.0, 9999.0, 9999.0, 23.95, 9999.0, 22.82, 9999.0, 22.66, 22.5, 22.25, 22.25, 22.25
2026-09-13, 02:09:49, 22.25, 22.5, 22.75, 22.75, 9999.0, 9999.0, 9999.0, 23.98, 9999.0, 22.8, 9999.0, 22.64, 22.5, 22.25, 22.25, 22.25
2026-09-13, 02:09:54, 22.25, 22.5, 22.75, 22.75, 9999.0, 9999.0, 9999.0, 24.0, 9999.0, 22.8, 9999.0, 22.61, 22.5, 22.25, 22.25, 22.25
2026-09-13, 02:09:58, 22.25, 22.5, 22.75, 22.75, 9999.0, 9999.0, 9999.0, 24.02, 9999.0, 22.8, 9999.0, 22.59, 22.5, 22.25, 22.25, 22.25
2026-09-13, 02:10:02, 22.25, 22.5, 22.75, 22.75, 9999.0, 9999.0, 9999.0, 24.07, 9999.0, 22.77, 9999.0, 22.59, 22.48, 22.25, 22.25, 22.25
2026-09-13, 02:10:06, 22.25, 22.5, 22.75, 22.75, 9999.0, 9999.0, 9999.0, 24.11, 9999.0, 22.75, 9999.0, 22.59, 22.48, 22.25, 22.25, 22.25
2026-09-13, 02:10:10, 22.25, 22.5, 22.75, 22.75, 9999.0, 9999.0, 9999.0, 24.09, 9999.0, 22.7, 9999.0, 22.59, 22.48, 22.25, 22.25, 22.25
2026-09-13, 02:10:14, 22.25, 22.5, 22.75, 22.75, 9999.0, 9999.0, 9999.0, 24.05, 9999.0, 22.68, 9999.0, 22.59, 22.48, 22.25, 22.25, 22.25
2026-09-13, 02:10:18, 22.25, 22.5, 22.75, 22.75, 9999.0, 9999.0, 9999.0, 24.0, 9999.0, 22.66, 9999.0, 22.61, 22.48, 22.25, 22.25, 22.25
2026-09-13, 02:10:22, 22.25, 22.5, 22.75, 22.75, 9999.0, 9999.0, 9999.0, 23.95, 9999.0, 22.68, 9999.0, 22.64, 22.48, 22.25, 22.25, 22.25
2026-09-13, 02:10:26, 22.25, 22.5, 22.75, 22.75, 9999.0, 9999.0, 9999.0, 23.91, 9999.0, 22.68, 9999.0, 22.66, 22.48, 22.25, 22.25, 22.25
2026-09-13, 02:10:30, 22.25, 22.5, 22.75, 22.75, 9999.0, 9999.0, 9999.0, 23.89, 9999.0, 22.68, 9999.0, 22.68, 22.48, 22.25, 22.25, 22.25
2026-09-13, 02:10:34, 22.25, 22.5, 22.75, 22.75, 9999.0, 9999.0, 9999.0, 23.86, 9999.0, 22.7, 9999.0, 22.7, 22.48, 22.25, 22.25, 22.25
2026-09-13, 02:10:38, 22.25, 22.5, 22.75, 22.75, 9999.0, 9999.0, 9999.0, 23.84, 9999.0, 22.73, 9999.0, 22.73, 22.48, 22.25, 22.25, 22.25
2026-09-13, 02:10:42, 22.25, 22.5, 22.75, 22.75, 9999.0, 9999.0, 9999.0, 23.82, 9999.0, 22.73, 9999.0, 22.75, 22.48, 22.25, 22.25, 22.25
2026-09-13, 02:10:46, 22.25, 22.5, 22.75, 22.75, 9999.0, 9999.0, 9999.0, 23.86, 9999.0, 22.73, 9999.0, 22.75, 22.5, 22.25, 22.25, 22.25
2026-09-13, 02:10:50, 22.25, 22.5, 22.75, 22.75, 9999.0, 9999.0, 9999.0, 23.89, 9999.0, 22.73, 9999.0, 22.75, 22.5, 22.25, 22.25, 22.25
2026-09-13, 02:10:54, 22.25, 22.5, 22.75, 22.75, 9999.0, 9999.0, 9999.0, 23.91, 9999.0, 22.75, 9999.0, 22.73, 22.5, 22.25, 22.25, 22.25
2026-09-13, 02:10:58, 22.25, 22.5, 22.75, 22.75, 9999.0, 9999.0, 9999.0, 23.95, 9999.0, 22.77, 9999.0, 22.7, 22.5, 22.25, 22.25, 22.25
2026-09-13, 02:11:02, 22.25, 22.5, 22.75, 22.75, 9999.0, 9999.0, 9999.0, 24.0, 9999.0, 22.8, 9999.0, 22.68, 22.5, 22.25, 22.25, 22.25
2026-09-13, 02:11:06, 22.25, 22.5, 22.75, 22.75, 9999.0, 9999.0, 9999.0, 24.05, 9999.0, 22.77, 9999.0, 22.66, 22.5, 22.25, 22.25, 22.25
2026-09-13, 02:11:10, 22.25, 22.5, 22.75, 22.75, 9999.0, 9999.0, 9999.0, 24.07, 9999.0, 22.75, 9999.0, 22.64, 22.5, 22.25, 22.25, 22.25
2026-09-13, 02:11:14, 22.25, 22.5, 22.75, 22.75, 9999.0, 9999.0, 9999.0, 24.09, 9999.0, 22.75, 9999.0, 22.61, 22.5, 22.25, 22.25, 22.25
2026-09-13, 02:11:18, 22.25, 22.5, 22.75, 22.75, 9999.0, 9999.0, 9999.0, 24.11, 9999.0, 22.75, 9999.0, 22.59, 22.5, 22.25, 22.25, 22.25
2026-09-13, 02:11:22, 22.25, 22.5, 22.75, 22.75, 9999.0, 9999.0, 9999.0, 24.14, 9999.0, 22.7, 9999.0, 22.59, 22.5, 22.25, 22.25, 22.25
2026-09-13, 02:11:26, 22.25, 22.5, 22.75, 22.75, 9999.0, 9999.0, 9999.0, 24.16, 9999.0, 22.68, 9999.0, 22.59, 22.5, 22.25, 22.25, 22.25
2026-09-13, 02:11:30, 22.25, 22.5, 22.75, 22.75, 9999.0, 9999.0, 9999.0, 24.11, 9999.0, 22.66, 9999.0, 22.59, 22.5, 22.25, 22.25, 22.25
2026-09-13, 02:11:34, 22.25, 22.5, 22.75, 22.75, 9999.0, 9999.0, 9999.0, 24.09, 9999.0, 22.64, 9999.0, 22.59, 22.5, 22.25, 22.25, 22.25
2026-09-13, 02:11:38, 22.25, 22.5, 22.75, 22.75, 9999.0, 9999.0, 9999.0, 24.05, 9999.0, 22.61, 9999.0, 22.61, 22.5, 22.25, 22.25, 22.25
2026-09-13, 02:11:42, 22.25, 22.5, 22.75, 22.75, 9999.0, 9999.0, 9999.0, 24.0, 9999.0, 22.61, 9999.0, 22.64, 22.5, 22.25, 22.25, 22.25
2026-09-13, 02:11:46, 22.25, 22.5, 22.75, 22.75, 9999.0, 9999.0, 9999.0, 23.95, 9999.0, 22.61, 9999.0, 22.66, 22.5, 22.25, 22.25, 22.25
2026-09-13, 02:11:50, 22.25, 22.5, 22.75, 22.75, 9999.0, 9999.0, 9999.0, 23.91, 9999.0, 22.61, 9999.0, 22.68, 22.5, 22.25, 22.25, 22.25
2026-09-13, 02:11:54, 22.25, 22.5, 22.75, 22.75, 9999.0, 9999.0, 9999.0, 23.89, 9999.0, 22.64, 9999.0, 22.7, 22.5, 22.25, 22.25, 22.25
2026-09-13, 02:11:58, 22.25, 22.5, 22.75, 22.75, 9999.0, 9999.0, 9999.0, 23.84, 9999.0, 22.64, 9999.0, 22.73, 22.5, 22.25, 22.25, 22.25
2026-09-13, 02:12:02, 22.25, 22.5, 22.75, 22.75, 9999.0, 9999.0, 9999.0, 23.89, 9999.0, 22.64, 9999.0, 22.75, 22.5, 22.25, 22.25, 22.25
2026-09-13, 02:12:06, 22.25, 22.5, 22.75, 22.75, 9999.0, 9999.0, 9999.0, 23.91, 9999.0, 22.66, 9999.0, 22.75, 22.5, 22.25, 22.25, 22.25
2026-09-13, 02:12:10, 22.25, 22.5, 22.75, 22.75, 9999.0, 9999.0, 9999.0, 23.93, 9999.0, 22.68, 9999.0, 22.75, 22.5, 22.25, 22.25, 22.25
2026-09-13, 02:12:14, 22.25, 22.5, 22.75, 22.75, 9999.0, 9999.0, 9999.0, 23.95, 9999.0, 22.7, 9999.0, 22.75, 22.5, 22.25, 22.25, 22.25
2026-09-13, 02:12:18, 22.25, 22.5, 22.75, 22.75, 9999.0, 9999.0, 9999.0, 23.98, 9999.0, 22.73, 9999.0, 22.73, 22.5, 22.25, 22.25, 22.25
2026-09-13, 02:12:22, 22.25, 22.5, 22.75, 22.75, 9999.0, 9999.0, 9999.0, 24.02, 9999.0, 22.75, 9999.0, 22.73, 22.5, 22.25, 22.25, 22.25
2026-09-13, 02:12:26, 22.25, 22.5, 22.75, 22.75, 9999.0, 9999.0, 9999.0, 24.05, 9999.0, 22.75, 9999.0, 22.7, 22.5, 22.25, 22.25, 22.25
2026-09-13, 02:12:30, 22.25, 22.5, 22.75, 22.75, 9999.0, 9999.0, 9999.0, 24.07, 9999.0, 22.75, 9999.0, 22.68, 22.5, 22.25, 22.25, 22.25
2026-09-13, 02:12:34, 22.27, 22.5, 22.75, 22.75, 9999.0, 9999.0, 9999.0, 24.09, 9999.0, 22.75, 9999.0, 22.66, 22.5, 22.25, 22.25, 22.25
2026-09-13, 02:12:38, 22.27, 22.5, 22.75, 22.75, 9999.0, 9999.0, 9999.0, 24.11, 9999.0, 22.75, 9999.0, 22.66, 22.48, 22.25, 22.25, 22.25
2026-09-13, 02:12:42, 22.27, 22.5, 22.75, 22.75, 9999.0, 9999.0, 9999.0, 24.16, 9999.0, 22.73, 9999.0, 22.66, 22.48, 22.25, 22.25, 22.25
2026-09-13, 02:12:46, 22.27, 22.5, 22.75, 22.75, 9999.0, 9999.0, 9999.0, 24.11, 9999.0, 22.7, 9999.0, 22.66, 22.48, 22.25, 22.25, 22.25
2026-09-13, 02:12:50, 22.27, 22.5, 22.75, 22.75, 9999.0, 9999.0, 9999.0, 24.09, 9999.0, 22.68, 9999.0, 22.66, 22.48, 22.25, 22.25, 22.25
2026-09-13, 02:12:54, 22.27, 22.5, 22.75, 22.75, 9999.0, 9999.0, 9999.0, 24.07, 9999.0, 22.66, 9999.0, 22.66, 22.48, 22.25, 22.25, 22.25
2026-09-13, 02:12:58, 22.27, 22.5, 22.75, 22.75, 9999.0, 9999.0, 9999.0, 24.02, 9999.0, 22.64, 9999.0, 22.66, 22.48, 22.25, 22.25, 22.25
2026-09-13, 02:13:02, 22.27, 22.5, 22.75, 22.75, 9999.0, 9999.0, 9999.0, 23.98, 9999.0, 22.64, 9999.0, 22.68, 22.48, 22.25, 22.25, 22.25
2026-09-13, 02:13:06, 22.27, 22.5, 22.75, 22.75, 9999.0, 9999.0, 9999.0, 23.93, 9999.0, 22.64, 9999.0, 22.68, 22.48, 22.25, 22.25, 22.25
2026-09-13, 02:13:10, 22.27, 22.5, 22.75, 22.75, 9999.0, 9999.0, 9999.0, 23.91, 9999.0, 22.66, 9999.0, 22.7, 22.48, 22.25, 22.25, 22.25
2026-09-13, 02:13:14, 22.27, 22.5, 22.75, 22.75, 9999.0, 9999.0, 9999.0, 23.89, 9999.0, 22.68, 9999.0, 22.73, 22.48, 22.25, 22.25, 22.25
2026-09-13, 02:13:18, 22.25, 22.5, 22.75, 22.75, 9999.0, 9999.0, 9999.0, 23.84, 9999.0, 22.68, 9999.0, 22.75, 22.48, 22.25, 22.25, 22.25
2026-09-13, 02:13:22, 22.25, 22.5, 22.75, 22.75, 9999.0, 9999.0, 9999.0, 23.89, 9999.0, 22.68, 9999.0, 22.75, 22.5, 22.25, 22.25, 22.25
2026-09-13, 02:13:26, 22.25, 22.5, 22.75, 22.75, 9999.0, 9999.0, 9999.0, 23.93, 9999.0, 22.7, 9999.0, 22.75, 22.5, 22.25, 22.25, 22.25
2026-09-13, 02:13:30, 22.25, 22.5, 22.75, 22.75, 9999.0, 9999.0, 9999.0, 23.95, 9999.0, 22.73, 9999.0, 22.75, 22.5, 22.25, 22.25, 22.25
2026-09-13, 02:13:35, 22.25, 22.5, 22.75, 22.75, 9999.0, 9999.0, 9999.0, 23.98, 9999.0, 22.75, 9999.0, 22.73, 22.5, 22.25, 22.25, 22.25
2026-09-13, 02:13:39, 22.25, 22.5, 22.75, 22.75, 9999.0, 9999.0, 9999.0, 24.0, 9999.0, 22.75, 9999.0, 22.7, 22.5, 22.25, 22.25, 22.25
2026-09-13, 02:13:43, 22.25, 22.5, 22.75, 22.75, 9999.0, 9999.0, 9999.0, 24.05, 9999.0, 22.75, 9999.0, 22.68, 22.5, 22.25, 22.25, 22.25
2026-09-13, 02:13:47, 22.25, 22.5, 22.75, 22.75, 9999.0, 9999.0, 9999.0, 24.09, 9999.0, 22.73, 9999.0, 22.68, 22.5, 22.25, 22.25, 22.25
2026-09-13, 02:13:51, 22.25, 22.48, 22.75, 22.75, 9999.0, 9999.0, 9999.0, 24.11, 9999.0, 22.7, 9999.0, 22.66, 22.5, 22.25, 22.25, 22.25
2026-09-13, 02:13:55, 22.25, 22.48, 22.75, 22.75, 9999.0, 9999.0, 9999.0, 24.14, 9999.0, 22.66, 9999.0, 22.64, 22.5, 22.25, 22.25, 22.25
2026-09-13, 02:13:59, 22.25, 22.48, 22.75, 22.75, 9999.0, 9999.0, 9999.0, 24.16, 9999.0, 22.61, 9999.0, 22.64, 22.5, 22.25, 22.25, 22.25
2026-09-13, 02:14:03, 22.25, 22.48, 22.75, 22.75, 9999.0, 9999.0, 9999.0, 24.2, 9999.0, 22.59, 9999.0, 22.64, 22.5, 22.25, 22.25, 22.25
2026-09-13, 02:14:07, 22.25, 22.48, 22.75, 22.75, 9999.0, 9999.0, 9999.0, 24.16, 9999.0, 22.57, 9999.0, 22.64, 22.5, 22.25, 22.25, 22.25
2026-09-13, 02:14:11, 22.25, 22.48, 22.75, 22.75, 9999.0, 9999.0, 9999.0, 24.09, 9999.0, 22.55, 9999.0, 22.64, 22.5, 22.25, 22.25, 22.25
2026-09-13, 02:14:15, 22.25, 22.48, 22.75, 22.75, 9999.0, 9999.0, 9999.0, 24.05, 9999.0, 22.52, 9999.0, 22.64, 22.5, 22.25, 22.25, 22.25
2026-09-13, 02:14:19, 22.25, 22.48, 22.75, 22.75, 9999.0, 9999.0, 9999.0, 24.0, 9999.0, 22.52, 9999.0, 22.66, 22.5, 22.25, 22.25, 22.25
2026-09-13, 02:14:23, 22.25, 22.48, 22.75, 22.75, 9999.0, 9999.0, 9999.0, 23.95, 9999.0, 22.55, 9999.0, 22.68, 22.5, 22.25, 22.25, 22.25
2026-09-13, 02:14:27, 22.25, 22.48, 22.75, 22.75, 9999.0, 9999.0, 9999.0, 23.89, 9999.0, 22.57, 9999.0, 22.7, 22.5, 22.25, 22.25, 22.25
2026-09-13, 02:14:31, 22.25, 22.48, 22.75, 22.75, 9999.0, 9999.0, 9999.0, 23.84, 9999.0, 22.59, 9999.0, 22.7, 22.5, 22.25, 22.25, 22.25
2026-09-13, 02:14:35, 22.25, 22.5, 22.75, 22.75, 9999.0, 9999.0, 9999.0, 23.8, 9999.0, 22.61, 9999.0, 22.73, 22.5, 22.25, 22.25, 22.25
2026-09-13, 02:14:39, 22.25, 22.5, 22.75, 22.75, 9999.0, 9999.0, 9999.0, 23.84, 9999.0, 22.61, 9999.0, 22.75, 22.5, 22.25, 22.25, 22.25
2026-09-13, 02:14:43, 22.25, 22.5, 22.75, 22.75, 9999.0, 9999.0, 9999.0, 23.86, 9999.0, 22.61, 9999.0, 22.75, 22.5, 22.25, 22.25, 22.25
2026-09-13, 02:14:47, 22.27, 22.5, 22.75, 22.75, 9999.0, 9999.0, 9999.0, 23.89, 9999.0, 22.64, 9999.0, 22.73, 22.5, 22.25, 22.25, 22.25
2026-09-13, 02:14:51, 22.27, 22.5, 22.75, 22.75, 9999.0, 9999.0, 9999.0, 23.91, 9999.0, 22.64, 9999.0, 22.7, 22.5, 22.25, 22.25, 22.25
2026-09-13, 02:14:55, 22.27, 22.5, 22.75, 22.75, 9999.0, 9999.0, 9999.0, 23.93, 9999.0, 22.64, 9999.0, 22.68, 22.5, 22.25, 22.25, 22.25
2026-09-13, 02:14:59, 22.27, 22.5, 22.75, 22.75, 9999.0, 9999.0, 9999.0, 23.95, 9999.0, 22.64, 9999.0, 22.68, 22.5, 22.25, 22.25, 22.25
2026-09-13, 02:15:03, 22.27, 22.5, 22.75, 22.75, 9999.0, 9999.0, 9999.0, 23.98, 9999.0, 22.61, 9999.0, 22.68, 22.5, 22.25, 22.25, 22.25
2026-09-13, 02:15:07, 22.27, 22.5, 22.75, 22.75, 9999.0, 9999.0, 9999.0, 24.0, 9999.0, 22.59, 9999.0, 22.66, 22.48, 22.25, 22.25, 22.25
2026-09-13, 02:15:11, 22.27, 22.5, 22.75, 22.75, 9999.0, 9999.0, 9999.0, 24.05, 9999.0, 22.57, 9999.0, 22.64, 22.48, 22.25, 22.25, 22.25
2026-09-13, 02:15:15, 22.27, 22.5, 22.75, 22.75, 9999.0, 9999.0, 9999.0, 24.07, 9999.0, 22.52, 9999.0, 22.61, 22.48, 22.25, 22.25, 22.25
2026-09-13, 02:15:19, 22.27, 22.5, 22.75, 22.75, 9999.0, 9999.0, 9999.0, 24.11, 9999.0, 22.48, 9999.0, 22.61, 22.48, 22.25, 22.25, 22.25
2026-09-13, 02:15:23, 22.27, 22.5, 22.75, 22.75, 9999.0, 9999.0, 9999.0, 24.07, 9999.0, 22.45, 9999.0, 22.61, 22.48, 22.25, 22.25, 22.25
2026-09-13, 02:15:27, 22.3, 22.5, 22.75, 22.75, 9999.0, 9999.0, 9999.0, 24.02, 9999.0, 22.43, 9999.0, 22.61, 22.48, 22.25, 22.25, 22.25
2026-09-13, 02:15:31, 22.27, 22.5, 22.75, 22.75, 9999.0, 9999.0, 9999.0, 23.98, 9999.0, 22.39, 9999.0, 22.64, 22.48, 22.25, 22.25, 22.25
2026-09-13, 02:15:35, 22.27, 22.5, 22.75, 22.75, 9999.0, 9999.0, 9999.0, 23.91, 9999.0, 22.36, 9999.0, 22.66, 22.48, 22.25, 22.25, 22.25
2026-09-13, 02:15:46, 22.27, 22.5, 22.75, 22.75, 9999.0, 9999.0, 9999.0, 23.86, 9999.0, 22.39, 9999.0, 22.68, 22.48, 22.25, 22.25, 22.25
2026-09-13, 02:15:50, 22.3, 22.5, 22.75, 22.75, 9999.0, 9999.0, 9999.0, 23.82, 9999.0, 22.39, 9999.0, 22.68, 22.48, 22.25, 22.25, 22.25
2026-09-13, 02:15:54, 22.32, 22.5, 22.75, 22.75, 9999.0, 9999.0, 9999.0, 23.77, 9999.0, 22.39, 9999.0, 22.68, 22.48, 22.25, 22.25, 22.25
2026-09-13, 02:15:58, 22.34, 22.5, 22.75, 22.75, 9999.0, 9999.0, 9999.0, 23.73, 9999.0, 22.41, 9999.0, 22.7, 22.5, 22.25, 22.25, 22.25
2026-09-13, 02:16:02, 22.34, 22.5, 22.75, 22.75, 9999.0, 9999.0, 9999.0, 23.68, 9999.0, 22.41, 9999.0, 22.73, 22.5, 22.25, 22.25, 22.25
2026-09-13, 02:16:06, 22.36, 22.5, 22.75, 22.75, 9999.0, 9999.0, 9999.0, 23.7, 9999.0, 22.43, 9999.0, 22.75, 22.5, 22.25, 22.25, 22.25
2026-09-13, 02:16:10, 22.36, 22.5, 22.75, 22.75, 9999.0, 9999.0, 9999.0, 23.73, 9999.0, 22.45, 9999.0, 22.75, 22.5, 22.25, 22.25, 22.25
2026-09-13, 02:16:14, 22.36, 22.5, 22.75, 22.75, 9999.0, 9999.0, 9999.0, 23.75, 9999.0, 22.48, 9999.0, 22.75, 22.5, 22.25, 22.25, 22.25
2026-09-13, 02:16:18, 22.36, 22.5, 22.75, 22.75, 9999.0, 9999.0, 9999.0, 23.8, 9999.0, 22.48, 9999.0, 22.73, 22.5, 22.25, 22.25, 22.25
2026-09-13, 02:16:22, 22.36, 22.5, 22.75, 22.75, 9999.0, 9999.0, 9999.0, 23.82, 9999.0, 22.48, 9999.0, 22.7, 22.5, 22.25, 22.25, 22.25
2026-09-13, 02:16:26, 22.36, 22.5, 22.75, 22.75, 9999.0, 9999.0, 9999.0, 23.86, 9999.0, 22.48, 9999.0, 22.68, 22.5, 22.25, 22.25, 22.25
2026-09-13, 02:16:30, 22.36, 22.5, 22.75, 22.75, 9999.0, 9999.0, 9999.0, 23.91, 9999.0, 22.43, 9999.0, 22.66, 22.5, 22.25, 22.25, 22.25
2026-09-13, 02:16:34, 22.34, 22.5, 22.75, 22.75, 9999.0, 9999.0, 9999.0, 23.95, 9999.0, 22.41, 9999.0, 22.64, 22.5, 22.25, 22.25, 22.25
2026-09-13, 02:16:38, 22.32, 22.5, 22.75, 22.75, 9999.0, 9999.0, 9999.0, 23.98, 9999.0, 22.39, 9999.0, 22.61, 22.5, 22.25, 22.27, 22.25
2026-09-13, 02:16:42, 22.3, 22.5, 22.75, 22.75, 9999.0, 9999.0, 9999.0, 24.0, 9999.0, 22.34, 9999.0, 22.61, 22.5, 22.25, 22.27, 22.25
2026-09-13, 02:16:46, 22.3, 22.5, 22.75, 22.75, 9999.0, 9999.0, 9999.0, 24.02, 9999.0, 22.32, 9999.0, 22.61, 22.5, 22.25, 22.27, 22.25
2026-09-13, 02:16:50, 22.27, 22.5, 22.75, 22.75, 9999.0, 9999.0, 9999.0, 23.98, 9999.0, 22.3, 9999.0, 22.61, 22.5, 22.25, 22.27, 22.25
2026-09-13, 02:16:54, 22.27, 22.5, 22.75, 22.75, 9999.0, 9999.0, 9999.0, 23.93, 9999.0, 22.27, 9999.0, 22.61, 22.5, 22.25, 22.27, 22.25
2026-09-13, 02:16:58, 22.27, 22.5, 22.75, 22.75, 9999.0, 9999.0, 9999.0, 23.86, 9999.0, 22.23, 9999.0, 22.61, 22.5, 22.25, 22.27, 22.25
2026-09-13, 02:17:02, 22.25, 22.5, 22.75, 22.75, 9999.0, 9999.0, 9999.0, 23.8, 9999.0, 22.25, 9999.0, 22.64, 22.5, 22.25, 22.27, 22.25
2026-09-13, 02:17:06, 22.25, 22.5, 22.75, 22.75, 9999.0, 9999.0, 9999.0, 23.75, 9999.0, 22.25, 9999.0, 22.66, 22.5, 22.25, 22.27, 22.25
2026-09-13, 02:17:10, 22.25, 22.5, 22.75, 22.75, 9999.0, 9999.0, 9999.0, 23.7, 9999.0, 22.27, 9999.0, 22.68, 22.5, 22.25, 22.27, 22.25
2026-09-13, 02:17:14, 22.25, 22.5, 22.75, 22.75, 9999.0, 9999.0, 9999.0, 23.64, 9999.0, 22.3, 9999.0, 22.7, 22.5, 22.25, 22.27, 22.25
2026-09-13, 02:17:18, 22.25, 22.5, 22.75, 22.75, 9999.0, 9999.0, 9999.0, 23.59, 9999.0, 22.32, 9999.0, 22.73, 22.5, 22.25, 22.27, 22.25
2026-09-13, 02:17:22, 22.25, 22.5, 22.75, 22.75, 9999.0, 9999.0, 9999.0, 23.64, 9999.0, 22.34, 9999.0, 22.75, 22.5, 22.25, 22.25, 22.25
2026-09-13, 02:17:26, 22.25, 22.5, 22.75, 22.75, 9999.0, 9999.0, 9999.0, 23.66, 9999.0, 22.36, 9999.0, 22.75, 22.5, 22.25, 22.25, 22.25
2026-09-13, 02:17:30, 22.25, 22.5, 22.75, 22.73, 9999.0, 9999.0, 9999.0, 23.68, 9999.0, 22.39, 9999.0, 22.75, 22.5, 22.25, 22.25, 22.25
2026-09-13, 02:17:34, 22.25, 22.5, 22.75, 22.73, 9999.0, 9999.0, 9999.0, 23.7, 9999.0, 22.39, 9999.0, 22.75, 22.5, 22.25, 22.25, 22.25
2026-09-13, 02:17:38, 22.25, 22.5, 22.75, 22.73, 9999.0, 9999.0, 9999.0, 23.73, 9999.0, 22.39, 9999.0, 22.75, 22.5, 22.25, 22.25, 22.25
2026-09-13, 02:17:42, 22.25, 22.5, 22.75, 22.73, 9999.0, 9999.0, 9999.0, 23.75, 9999.0, 22.41, 9999.0, 22.75, 22.5, 22.25, 22.25, 22.25
2026-09-13, 02:17:46, 22.25, 22.5, 22.75, 22.73, 9999.0, 9999.0, 9999.0, 23.77, 9999.0, 22.39, 9999.0, 22.73, 22.5, 22.25, 22.25, 22.25
2026-09-13, 02:17:50, 22.25, 22.5, 22.75, 22.73, 9999.0, 9999.0, 9999.0, 23.8, 9999.0, 22.39, 9999.0, 22.7, 22.5, 22.25, 22.25, 22.25
2026-09-13, 02:17:54, 22.25, 22.48, 22.75, 22.73, 9999.0, 9999.0, 9999.0, 23.82, 9999.0, 22.36, 9999.0, 22.68, 22.5, 22.25, 22.25, 22.25
2026-09-13, 02:17:58, 22.25, 22.48, 22.75, 22.73, 9999.0, 9999.0, 9999.0, 23.86, 9999.0, 22.34, 9999.0, 22.66, 22.5, 22.25, 22.25, 22.25
2026-09-13, 02:18:02, 22.25, 22.48, 22.75, 22.73, 9999.0, 9999.0, 9999.0, 23.86, 9999.0, 22.32, 9999.0, 22.66, 22.5, 22.25, 22.25, 22.25
2026-09-13, 02:18:06, 22.25, 22.48, 22.75, 22.73, 9999.0, 9999.0, 9999.0, 23.8, 9999.0, 22.3, 9999.0, 22.66, 22.5, 22.25, 22.25, 22.25
2026-09-13, 02:18:10, 22.25, 22.45, 22.75, 22.73, 9999.0, 9999.0, 9999.0, 23.75, 9999.0, 22.25, 9999.0, 22.68, 22.5, 22.25, 22.25, 22.25
2026-09-13, 02:18:14, 22.27, 22.45, 22.75, 22.75, 9999.0, 9999.0, 9999.0, 23.7, 9999.0, 22.2, 9999.0, 22.68, 22.5, 22.25, 22.25, 22.25
2026-09-13, 02:18:18, 22.27, 22.45, 22.75, 22.75, 9999.0, 9999.0, 9999.0, 23.66, 9999.0, 22.18, 9999.0, 22.68, 22.5, 22.25, 22.25, 22.25
2026-09-13, 02:18:22, 22.27, 22.45, 22.75, 22.75, 9999.0, 9999.0, 9999.0, 23.61, 9999.0, 22.18, 9999.0, 22.68, 22.5, 22.25, 22.25, 22.25
2026-09-13, 02:18:26, 22.27, 22.45, 22.75, 22.75, 9999.0, 9999.0, 9999.0, 23.59, 9999.0, 22.18, 9999.0, 22.68, 22.5, 22.25, 22.25, 22.25
2026-09-13, 02:18:30, 22.27, 22.45, 22.75, 22.75, 9999.0, 9999.0, 9999.0, 23.57, 9999.0, 22.18, 9999.0, 22.7, 22.5, 22.25, 22.25, 22.25
2026-09-13, 02:18:34, 22.3, 22.45, 22.75, 22.75, 9999.0, 9999.0, 9999.0, 23.55, 9999.0, 22.2, 9999.0, 22.73, 22.5, 22.25, 22.25, 22.25
2026-09-13, 02:18:38, 22.32, 22.48, 22.75, 22.75, 9999.0, 9999.0, 9999.0, 23.52, 9999.0, 22.23, 9999.0, 22.75, 22.5, 22.25, 22.25, 22.25
2026-09-13, 02:18:42, 22.32, 22.48, 22.75, 22.75, 9999.0, 9999.0, 9999.0, 23.57, 9999.0, 22.23, 9999.0, 22.77, 22.5, 22.25, 22.25, 22.25
2026-09-13, 02:18:46, 22.32, 22.48, 22.75, 22.75, 9999.0, 9999.0, 9999.0, 23.61, 9999.0, 22.23, 9999.0, 22.77, 22.5, 22.25, 22.25, 22.25
2026-09-13, 02:18:50, 22.32, 22.48, 22.75, 22.75, 9999.0, 9999.0, 9999.0, 23.66, 9999.0, 22.23, 9999.0, 22.77, 22.5, 22.25, 22.25, 22.25
2026-09-13, 02:18:54, 22.32, 22.5, 22.75, 22.75, 9999.0, 9999.0, 9999.0, 23.7, 9999.0, 22.25, 9999.0, 22.73, 22.5, 22.25, 22.25, 22.25
2026-09-13, 02:18:58, 22.3, 22.5, 22.75, 22.75, 9999.0, 9999.0, 9999.0, 23.75, 9999.0, 22.27, 9999.0, 22.73, 22.5, 22.25, 22.25, 22.25
2026-09-13, 02:19:02, 22.32, 22.5, 22.75, 22.75, 9999.0, 9999.0, 9999.0, 23.77, 9999.0, 22.3, 9999.0, 22.73, 22.5, 22.25, 22.25, 22.25
2026-09-13, 02:19:06, 22.34, 22.5, 22.75, 22.75, 9999.0, 9999.0, 9999.0, 23.8, 9999.0, 22.3, 9999.0, 22.7, 22.5, 22.25, 22.25, 22.25
2026-09-13, 02:19:10, 22.34, 22.5, 22.75, 22.75, 9999.0, 9999.0, 9999.0, 23.82, 9999.0, 22.3, 9999.0, 22.68, 22.5, 22.25, 22.25, 22.25
2026-09-13, 02:19:14, 22.34, 22.5, 22.75, 22.75, 9999.0, 9999.0, 9999.0, 23.84, 9999.0, 22.3, 9999.0, 22.66, 22.5, 22.25, 22.25, 22.25
2026-09-13, 02:19:18, 22.32, 22.5, 22.75, 22.75, 9999.0, 9999.0, 9999.0, 23.86, 9999.0, 22.27, 9999.0, 22.66, 22.5, 22.25, 22.25, 22.25
2026-09-13, 02:19:23, 22.3, 22.48, 22.75, 22.75, 9999.0, 9999.0, 9999.0, 23.89, 9999.0, 22.25, 9999.0, 22.66, 22.5, 22.25, 22.25, 22.25
2026-09-13, 02:19:27, 22.3, 22.48, 22.75, 22.75, 9999.0, 9999.0, 9999.0, 23.84, 9999.0, 22.23, 9999.0, 22.66, 22.5, 22.25, 22.25, 22.25
2026-09-13, 02:19:31, 22.3, 22.48, 22.75, 22.75, 9999.0, 9999.0, 9999.0, 23.8, 9999.0, 22.2, 9999.0, 22.68, 22.5, 22.25, 22.25, 22.25
2026-09-13, 02:19:35, 22.3, 22.48, 22.75, 22.75, 9999.0, 9999.0, 9999.0, 23.75, 9999.0, 22.18, 9999.0, 22.68, 22.5, 22.25, 22.25, 22.25
2026-09-13, 02:19:39, 22.32, 22.48, 22.75, 22.75, 9999.0, 9999.0, 9999.0, 23.7, 9999.0, 22.18, 9999.0, 22.7, 22.5, 22.25, 22.25, 22.25
2026-09-13, 02:19:43, 22.32, 22.48, 22.75, 22.75, 9999.0, 9999.0, 9999.0, 23.66, 9999.0, 22.18, 9999.0, 22.7, 22.5, 22.25, 22.25, 22.25
2026-09-13, 02:19:47, 22.3, 22.48, 22.75, 22.75, 9999.0, 9999.0, 9999.0, 23.64, 9999.0, 22.18, 9999.0, 22.7, 22.5, 22.25, 22.25, 22.25
2026-09-13, 02:19:51, 22.27, 22.48, 22.75, 22.75, 9999.0, 9999.0, 9999.0, 23.61, 9999.0, 22.2, 9999.0, 22.73, 22.5, 22.25, 22.25, 22.25
2026-09-13, 02:19:55, 22.27, 22.48, 22.75, 22.75, 9999.0, 9999.0, 9999.0, 23.59, 9999.0, 22.23, 9999.0, 22.75, 22.5, 22.25, 22.25, 22.25
2026-09-13, 02:19:59, 22.27, 22.48, 22.75, 22.75, 9999.0, 9999.0, 9999.0, 23.64, 9999.0, 22.25, 9999.0, 22.77, 22.5, 22.25, 22.25, 22.25
2026-09-13, 02:20:03, 22.27, 22.48, 22.75, 22.75, 9999.0, 9999.0, 9999.0, 23.66, 9999.0, 22.25, 9999.0, 22.77, 22.5, 22.25, 22.25, 22.25
2026-09-13, 02:20:07, 22.27, 22.5, 22.75, 22.75, 9999.0, 9999.0, 9999.0, 23.68, 9999.0, 22.25, 9999.0, 22.77, 22.5, 22.25, 22.25, 22.25
2026-09-13, 02:20:11, 22.3, 22.5, 22.75, 22.75, 9999.0, 9999.0, 9999.0, 23.7, 9999.0, 22.27, 9999.0, 22.77, 22.5, 22.25, 22.27, 22.25
2026-09-13, 02:20:15, 22.32, 22.48, 22.75, 22.75, 9999.0, 9999.0, 9999.0, 23.73, 9999.0, 22.3, 9999.0, 22.75, 22.5, 22.25, 22.27, 22.25
2026-09-13, 02:20:19, 22.34, 22.48, 22.75, 22.75, 9999.0, 9999.0, 9999.0, 23.75, 9999.0, 22.32, 9999.0, 22.75, 22.5, 22.25, 22.27, 22.25
2026-09-13, 02:20:23, 22.32, 22.48, 22.75, 22.75, 9999.0, 9999.0, 9999.0, 23.77, 9999.0, 22.32, 9999.0, 22.73, 22.5, 22.25, 22.27, 22.25
2026-09-13, 02:20:27, 22.32, 22.48, 22.75, 22.75, 9999.0, 9999.0, 9999.0, 23.8, 9999.0, 22.32, 9999.0, 22.7, 22.5, 22.25, 22.27, 22.25
2026-09-13, 02:20:31, 22.32, 22.48, 22.75, 22.75, 9999.0, 9999.0, 9999.0, 23.82, 9999.0, 22.32, 9999.0, 22.68, 22.5, 22.25, 22.27, 22.25
2026-09-13, 02:20:35, 22.32, 22.48, 22.75, 22.75, 9999.0, 9999.0, 9999.0, 23.84, 9999.0, 22.3, 9999.0, 22.68, 22.5, 22.25, 22.27, 22.27
2026-09-13, 02:20:39, 22.32, 22.48, 22.75, 22.75, 9999.0, 9999.0, 9999.0, 23.86, 9999.0, 22.27, 9999.0, 22.68, 22.5, 22.25, 22.27, 22.27
2026-09-13, 02:20:43, 22.32, 22.48, 22.75, 22.75, 9999.0, 9999.0, 9999.0, 23.82, 9999.0, 22.25, 9999.0, 22.68, 22.5, 22.25, 22.27, 22.27
2026-09-13, 02:20:47, 22.32, 22.48, 22.75, 22.75, 9999.0, 9999.0, 9999.0, 23.77, 9999.0, 22.25, 9999.0, 22.7, 22.5, 22.25, 22.27, 22.3
2026-09-13, 02:20:51, 22.32, 22.48, 22.75, 22.75, 9999.0, 9999.0, 9999.0, 23.73, 9999.0, 22.23, 9999.0, 22.7, 22.5, 22.25, 22.27, 22.32
2026-09-13, 02:20:55, 22.3, 22.48, 22.75, 22.75, 9999.0, 9999.0, 9999.0, 23.68, 9999.0, 22.23, 9999.0, 22.7, 22.5, 22.25, 22.25, 22.32
2026-09-13, 02:20:59, 22.27, 22.5, 22.75, 22.75, 9999.0, 9999.0, 9999.0, 23.66, 9999.0, 22.23, 9999.0, 22.7, 22.5, 22.25, 22.25, 22.32
2026-09-13, 02:21:03, 22.25, 22.5, 22.75, 22.75, 9999.0, 9999.0, 9999.0, 23.64, 9999.0, 22.23, 9999.0, 22.7, 22.5, 22.25, 22.25, 22.32
2026-09-13, 02:21:07, 22.25, 22.5, 22.75, 22.75, 9999.0, 9999.0, 9999.0, 23.61, 9999.0, 22.25, 9999.0, 22.73, 22.5, 22.25, 22.25, 22.32
2026-09-13, 02:21:11, 22.25, 22.5, 22.75, 22.75, 9999.0, 9999.0, 9999.0, 23.59, 9999.0, 22.3, 9999.0, 22.75, 22.5, 22.25, 22.25, 22.32
2026-09-13, 02:21:15, 22.25, 22.5, 22.75, 22.75, 9999.0, 9999.0, 9999.0, 23.57, 9999.0, 22.32, 9999.0, 22.77, 22.5, 22.25, 22.25, 22.32
2026-09-13, 02:21:19, 22.25, 22.5, 22.75, 22.75, 9999.0, 9999.0, 9999.0, 23.61, 9999.0, 22.34, 9999.0, 22.77, 22.5, 22.25, 22.25, 22.3
2026-09-13, 02:21:23, 22.25, 22.5, 22.75, 22.75, 9999.0, 9999.0, 9999.0, 23.64, 9999.0, 22.36, 9999.0, 22.77, 22.5, 22.25, 22.25, 22.3
2026-09-13, 02:21:27, 22.25, 22.5, 22.75, 22.75, 9999.0, 9999.0, 9999.0, 23.66, 9999.0, 22.39, 9999.0, 22.77, 22.5, 22.25, 22.25, 22.3
2026-09-13, 02:21:31, 22.25, 22.5, 22.75, 22.75, 9999.0, 9999.0, 9999.0, 23.7, 9999.0, 22.41, 9999.0, 22.75, 22.5, 22.25, 22.25, 22.27
2026-09-13, 02:21:35, 22.25, 22.5, 22.75, 22.75, 9999.0, 9999.0, 9999.0, 23.75, 9999.0, 22.43, 9999.0, 22.73, 22.5, 22.25, 22.25, 22.25
2026-09-13, 02:21:39, 22.25, 22.5, 22.75, 22.75, 9999.0, 9999.0, 9999.0, 23.77, 9999.0, 22.43, 9999.0, 22.7, 22.5, 22.25, 22.25, 22.25
2026-09-13, 02:21:43, 22.25, 22.5, 22.75, 22.75, 9999.0, 9999.0, 9999.0, 23.8, 9999.0, 22.43, 9999.0, 22.68, 22.5, 22.25, 22.25, 22.25
2026-09-13, 02:21:47, 22.25, 22.5, 22.75, 22.75, 9999.0, 9999.0, 9999.0, 23.82, 9999.0, 22.43, 9999.0, 22.68, 22.5, 22.25, 22.25, 22.25
2026-09-13, 02:21:51, 22.25, 22.5, 22.75, 22.75, 9999.0, 9999.0, 9999.0, 23.84, 9999.0, 22.43, 9999.0, 22.66, 22.5, 22.25, 22.25, 22.27
2026-09-13, 02:21:55, 22.25, 22.5, 22.75, 22.75, 9999.0, 9999.0, 9999.0, 23.86, 9999.0, 22.39, 9999.0, 22.66, 22.5, 22.25, 22.25, 22.27
2026-09-13, 02:21:59, 22.25, 22.5, 22.75, 22.75, 9999.0, 9999.0, 9999.0, 23.89, 9999.0, 22.36, 9999.0, 22.66, 22.5, 22.27, 22.25, 22.27
2026-09-13, 02:22:03, 22.25, 22.5, 22.75, 22.75, 9999.0, 9999.0, 9999.0, 23.84, 9999.0, 22.34, 9999.0, 22.66, 22.5, 22.27, 22.25, 22.27
2026-09-13, 02:22:07, 22.25, 22.5, 22.75, 22.75, 9999.0, 9999.0, 9999.0, 23.8, 9999.0, 22.32, 9999.0, 22.66, 22.5, 22.27, 22.25, 22.27
2026-09-13, 02:22:11, 22.25, 22.5, 22.75, 22.75, 9999.0, 9999.0, 9999.0, 23.77, 9999.0, 22.32, 9999.0, 22.66, 22.5, 22.27, 22.25, 22.27
2026-09-13, 02:22:15, 22.25, 22.5, 22.75, 22.75, 9999.0, 9999.0, 9999.0, 23.73, 9999.0, 22.32, 9999.0, 22.66, 22.5, 22.27, 22.27, 22.27
2026-09-13, 02:22:19, 22.25, 22.5, 22.75, 22.75, 9999.0, 9999.0, 9999.0, 23.68, 9999.0, 22.34, 9999.0, 22.68, 22.5, 22.27, 22.27, 22.27
2026-09-13, 02:22:23, 22.25, 22.5, 22.75, 22.75, 9999.0, 9999.0, 9999.0, 23.66, 9999.0, 22.36, 9999.0, 22.7, 22.5, 22.27, 22.27, 22.27
2026-09-13, 02:22:27, 22.25, 22.5, 22.75, 22.75, 9999.0, 9999.0, 9999.0, 23.64, 9999.0, 22.41, 9999.0, 22.73, 22.5, 22.27, 22.27, 22.27
2026-09-13, 02:22:31, 22.25, 22.5, 22.75, 22.75, 9999.0, 9999.0, 9999.0, 23.61, 9999.0, 22.43, 9999.0, 22.73, 22.5, 22.27, 22.27, 22.27
2026-09-13, 02:22:35, 22.25, 22.5, 22.75, 22.75, 9999.0, 9999.0, 9999.0, 23.66, 9999.0, 22.43, 9999.0, 22.75, 22.5, 22.27, 22.27, 22.25
2026-09-13, 02:22:39, 22.25, 22.5, 22.75, 22.75, 9999.0, 9999.0, 9999.0, 23.68, 9999.0, 22.45, 9999.0, 22.75, 22.5, 22.27, 22.27, 22.25
2026-09-13, 02:22:43, 22.25, 22.5, 22.75, 22.75, 9999.0, 9999.0, 9999.0, 23.7, 9999.0, 22.48, 9999.0, 22.75, 22.5, 22.25, 22.27, 22.25
2026-09-13, 02:22:47, 22.25, 22.5, 22.75, 22.75, 9999.0, 9999.0, 9999.0, 23.73, 9999.0, 22.5, 9999.0, 22.75, 22.5, 22.25, 22.3, 22.25
2026-09-13, 02:22:51, 22.25, 22.5, 22.75, 22.75, 9999.0, 9999.0, 9999.0, 23.77, 9999.0, 22.52, 9999.0, 22.75, 22.5, 22.25, 22.3, 22.25
2026-09-13, 02:22:55, 22.25, 22.5, 22.75, 22.75, 9999.0, 9999.0, 9999.0, 23.77, 9999.0, 22.5, 9999.0, 22.75, 22.5, 22.25, 22.3, 22.25
2026-09-13, 02:22:59, 22.25, 22.5, 22.75, 22.75, 9999.0, 9999.0, 9999.0, 23.82, 9999.0, 22.48, 9999.0, 22.73, 22.5, 22.25, 22.27, 22.25
2026-09-13, 02:23:03, 22.25, 22.5, 22.75, 22.75, 9999.0, 9999.0, 9999.0, 23.86, 9999.0, 22.45, 9999.0, 22.7, 22.5, 22.25, 22.27, 22.25
2026-09-13, 02:23:07, 22.25, 22.5, 22.75, 22.75, 9999.0, 9999.0, 9999.0, 23.91, 9999.0, 22.43, 9999.0, 22.68, 22.5, 22.25, 22.27, 22.25
2026-09-13, 02:23:12, 22.25, 22.5, 22.75, 22.75, 9999.0, 9999.0, 9999.0, 23.93, 9999.0, 22.39, 9999.0, 22.68, 22.5, 22.25, 22.27, 22.25
2026-09-13, 02:23:16, 22.25, 22.5, 22.75, 22.75, 9999.0, 9999.0, 9999.0, 23.95, 9999.0, 22.36, 9999.0, 22.68, 22.5, 22.25, 22.27, 22.25
2026-09-13, 02:23:20, 22.25, 22.5, 22.75, 22.75, 9999.0, 9999.0, 9999.0, 23.91, 9999.0, 22.34, 9999.0, 22.68, 22.5, 22.25, 22.27, 22.25
2026-09-13, 02:23:24, 22.27, 22.5, 22.75, 22.75, 9999.0, 9999.0, 9999.0, 23.89, 9999.0, 22.32, 9999.0, 22.68, 22.5, 22.25, 22.3, 22.27
2026-09-13, 02:23:28, 22.27, 22.5, 22.75, 22.75, 9999.0, 9999.0, 9999.0, 23.86, 9999.0, 22.3, 9999.0, 22.68, 22.5, 22.25, 22.3, 22.27
2026-09-13, 02:23:32, 22.27, 22.5, 22.75, 22.75, 9999.0, 9999.0, 9999.0, 23.84, 9999.0, 22.3, 9999.0, 22.68, 22.5, 22.25, 22.27, 22.27
2026-09-13, 02:23:36, 22.27, 22.5, 22.75, 22.75, 9999.0, 9999.0, 9999.0, 23.8, 9999.0, 22.3, 9999.0, 22.68, 22.5, 22.25, 22.3, 22.27
2026-09-13, 02:23:40, 22.3, 22.5, 22.75, 22.75, 9999.0, 9999.0, 9999.0, 23.77, 9999.0, 22.32, 9999.0, 22.68, 22.5, 22.25, 22.3, 22.27
2026-09-13, 02:23:44, 22.3, 22.5, 22.75, 22.75, 9999.0, 9999.0, 9999.0, 23.73, 9999.0, 22.34, 9999.0, 22.7, 22.5, 22.25, 22.3, 22.27
2026-09-13, 02:23:48, 22.3, 22.5, 22.75, 22.75, 9999.0, 9999.0, 9999.0, 23.68, 9999.0, 22.39, 9999.0, 22.73, 22.5, 22.25, 22.3, 22.27
2026-09-13, 02:23:52, 22.3, 22.5, 22.75, 22.75, 9999.0, 9999.0, 9999.0, 23.7, 9999.0, 22.41, 9999.0, 22.75, 22.5, 22.25, 22.3, 22.27
2026-09-13, 02:23:56, 22.3, 22.5, 22.75, 22.75, 9999.0, 9999.0, 9999.0, 23.75, 9999.0, 22.43, 9999.0, 22.75, 22.5, 22.25, 22.3, 22.27
2026-09-13, 02:24:00, 22.3, 22.5, 22.75, 22.75, 9999.0, 9999.0, 9999.0, 23.8, 9999.0, 22.45, 9999.0, 22.75, 22.5, 22.25, 22.3, 22.27
2026-09-13, 02:24:04, 22.3, 22.5, 22.75, 22.75, 9999.0, 9999.0, 9999.0, 23.82, 9999.0, 22.48, 9999.0, 22.75, 22.5, 22.25, 22.3, 22.27
2026-09-13, 02:24:08, 22.27, 22.5, 22.75, 22.75, 9999.0, 9999.0, 9999.0, 23.84, 9999.0, 22.5, 9999.0, 22.73, 22.5, 22.25, 22.27, 22.25
2026-09-13, 02:24:12, 22.27, 22.5, 22.75, 22.75, 9999.0, 9999.0, 9999.0, 23.86, 9999.0, 22.52, 9999.0, 22.7, 22.5, 22.25, 22.27, 22.25
2026-09-13, 02:24:16, 22.27, 22.5, 22.75, 22.75, 9999.0, 9999.0, 9999.0, 23.89, 9999.0, 22.52, 9999.0, 22.68, 22.5, 22.25, 22.27, 22.25
2026-09-13, 02:24:20, 22.27, 22.5, 22.75, 22.75, 9999.0, 9999.0, 9999.0, 23.93, 9999.0, 22.52, 9999.0, 22.68, 22.5, 22.25, 22.25, 22.27
2026-09-13, 02:24:24, 22.25, 22.5, 22.75, 22.75, 9999.0, 9999.0, 9999.0, 23.98, 9999.0, 22.52, 9999.0, 22.66, 22.5, 22.25, 22.25, 22.27
2026-09-13, 02:24:28, 22.25, 22.5, 22.75, 22.75, 9999.0, 9999.0, 9999.0, 24.02, 9999.0, 22.52, 9999.0, 22.66, 22.5, 22.25, 22.27, 22.27
2026-09-13, 02:24:32, 22.25, 22.5, 22.75, 22.75, 9999.0, 9999.0, 9999.0, 24.07, 9999.0, 22.48, 9999.0, 22.66, 22.5, 22.25, 22.27, 22.27
2026-09-13, 02:24:36, 22.25, 22.5, 22.75, 22.75, 9999.0, 9999.0, 9999.0, 24.02, 9999.0, 22.48, 9999.0, 22.66, 22.5, 22.25, 22.27, 22.27
2026-09-13, 02:24:40, 22.25, 22.5, 22.75, 22.75, 9999.0, 9999.0, 9999.0, 23.98, 9999.0, 22.45, 9999.0, 22.68, 22.5, 22.25, 22.27, 22.27
2026-09-13, 02:24:44, 22.27, 22.5, 22.75, 22.75, 9999.0, 9999.0, 9999.0, 23.93, 9999.0, 22.43, 9999.0, 22.7, 22.5, 22.25, 22.27, 22.27
2026-09-13, 02:24:48, 22.27, 22.5, 22.75, 22.75, 9999.0, 9999.0, 9999.0, 23.91, 9999.0, 22.43, 9999.0, 22.73, 22.5, 22.25, 22.27, 22.27
2026-09-13, 02:24:52, 22.3, 22.5, 22.75, 22.75, 9999.0, 9999.0, 9999.0, 23.86, 9999.0, 22.43, 9999.0, 22.75, 22.5, 22.25, 22.3, 22.27
2026-09-13, 02:24:56, 22.3, 22.5, 22.75, 22.75, 9999.0, 9999.0, 9999.0, 23.82, 9999.0, 22.43, 9999.0, 22.77, 22.5, 22.25, 22.3, 22.3
2026-09-13, 02:25:00, 22.3, 22.5, 22.75, 22.75, 9999.0, 9999.0, 9999.0, 23.77, 9999.0, 22.45, 9999.0, 22.8, 22.5, 22.25, 22.3, 22.3
2026-09-13, 02:25:04, 22.3, 22.5, 22.75, 22.75, 9999.0, 9999.0, 9999.0, 23.73, 9999.0, 22.45, 9999.0, 22.8, 22.5, 22.25, 22.3, 22.3
2026-09-13, 02:25:08, 22.3, 22.5, 22.75, 22.75, 9999.0, 9999.0, 9999.0, 23.66, 9999.0, 22.48, 9999.0, 22.82, 22.5, 22.25, 22.3, 22.3
2026-09-13, 02:25:12, 22.3, 22.5, 22.75, 22.75, 9999.0, 9999.0, 9999.0, 23.68, 9999.0, 22.48, 9999.0, 22.82, 22.5, 22.25, 22.27, 22.3
2026-09-13, 02:25:16, 22.3, 22.5, 22.75, 22.75, 9999.0, 9999.0, 9999.0, 23.7, 9999.0, 22.5, 9999.0, 22.82, 22.5, 22.25, 22.27, 22.3
2026-09-13, 02:25:20, 22.32, 22.5, 22.75, 22.75, 9999.0, 9999.0, 9999.0, 23.75, 9999.0, 22.5, 9999.0, 22.82, 22.5, 22.25, 22.27, 22.3
2026-09-13, 02:25:24, 22.32, 22.5, 22.75, 22.75, 9999.0, 9999.0, 9999.0, 23.77, 9999.0, 22.52, 9999.0, 22.8, 22.5, 22.25, 22.27, 22.3
2026-09-13, 02:25:28, 22.3, 22.5, 22.75, 22.75, 9999.0, 9999.0, 9999.0, 23.8, 9999.0, 22.55, 9999.0, 22.75, 22.5, 22.25, 22.27, 22.3
2026-09-13, 02:25:32, 22.3, 22.5, 22.75, 22.75, 9999.0, 9999.0, 9999.0, 23.82, 9999.0, 22.55, 9999.0, 22.7, 22.5, 22.25, 22.27, 22.3
2026-09-13, 02:25:36, 22.27, 22.5, 22.75, 22.75, 9999.0, 9999.0, 9999.0, 23.86, 9999.0, 22.55, 9999.0, 22.7, 22.5, 22.25, 22.25, 22.3
2026-09-13, 02:25:40, 22.3, 22.5, 22.75, 22.75, 9999.0, 9999.0, 9999.0, 23.91, 9999.0, 22.55, 9999.0, 22.68, 22.5, 22.25, 22.25, 22.27
2026-09-13, 02:25:44, 22.3, 22.5, 22.75, 22.75, 9999.0, 9999.0, 9999.0, 23.95, 9999.0, 22.52, 9999.0, 22.66, 22.5, 22.25, 22.25, 22.27
2026-09-13, 02:25:48, 22.3, 22.5, 22.75, 22.75, 9999.0, 9999.0, 9999.0, 24.0, 9999.0, 22.52, 9999.0, 22.66, 22.5, 22.25, 22.25, 22.25
2026-09-13, 02:25:52, 22.3, 22.5, 22.75, 22.75, 9999.0, 9999.0, 9999.0, 24.05, 9999.0, 22.5, 9999.0, 22.66, 22.5, 22.25, 22.25, 22.25
2026-09-13, 02:25:56, 22.3, 22.5, 22.75, 22.75, 9999.0, 9999.0, 9999.0, 24.0, 9999.0, 22.5, 9999.0, 22.66, 22.5, 22.25, 22.27, 22.25
2026-09-13, 02:26:00, 22.3, 22.5, 22.75, 22.75, 9999.0, 9999.0, 9999.0, 23.95, 9999.0, 22.5, 9999.0, 22.68, 22.5, 22.25, 22.3, 22.25
2026-09-13, 02:26:04, 22.27, 22.5, 22.75, 22.75, 9999.0, 9999.0, 9999.0, 23.91, 9999.0, 22.5, 9999.0, 22.68, 22.5, 22.25, 22.3, 22.25
2026-09-13, 02:26:08, 22.27, 22.5, 22.75, 22.75, 9999.0, 9999.0, 9999.0, 23.89, 9999.0, 22.5, 9999.0, 22.68, 22.5, 22.25, 22.3, 22.25
2026-09-13, 02:26:12, 22.3, 22.5, 22.75, 22.75, 9999.0, 9999.0, 9999.0, 23.86, 9999.0, 22.5, 9999.0, 22.7, 22.5, 22.25, 22.3, 22.25
2026-09-13, 02:26:16, 22.3, 22.5, 22.75, 22.75, 9999.0, 9999.0, 9999.0, 23.84, 9999.0, 22.52, 9999.0, 22.73, 22.5, 22.25, 22.3, 22.25
2026-09-13, 02:26:20, 22.32, 22.5, 22.75, 22.75, 9999.0, 9999.0, 9999.0, 23.8, 9999.0, 22.55, 9999.0, 22.73, 22.5, 22.25, 22.3, 22.25
2026-09-13, 02:26:24, 22.3, 22.5, 22.75, 22.75, 9999.0, 9999.0, 9999.0, 23.75, 9999.0, 22.57, 9999.0, 22.75, 22.5, 22.25, 22.3, 22.25
2026-09-13, 02:26:28, 22.32, 22.5, 22.75, 22.75, 9999.0, 9999.0, 9999.0, 23.77, 9999.0, 22.59, 9999.0, 22.77, 22.5, 22.25, 22.3, 22.25
2026-09-13, 02:26:32, 22.32, 22.5, 22.75, 22.75, 9999.0, 9999.0, 9999.0, 23.8, 9999.0, 22.61, 9999.0, 22.77, 22.5, 22.25, 22.3, 22.25
2026-09-13, 02:26:36, 22.32, 22.5, 22.75, 22.75, 9999.0, 9999.0, 9999.0, 23.84, 9999.0, 22.61, 9999.0, 22.77, 22.5, 22.25, 22.3, 22.25
2026-09-13, 02:26:40, 22.32, 22.5, 22.75, 22.75, 9999.0, 9999.0, 9999.0, 23.89, 9999.0, 22.61, 9999.0, 22.77, 22.5, 22.25, 22.27, 22.25
2026-09-13, 02:26:44, 22.32, 22.5, 22.75, 22.75, 9999.0, 9999.0, 9999.0, 23.91, 9999.0, 22.61, 9999.0, 22.75, 22.5, 22.25, 22.25, 22.25
2026-09-13, 02:26:48, 22.32, 22.5, 22.75, 22.75, 9999.0, 9999.0, 9999.0, 23.93, 9999.0, 22.61, 9999.0, 22.73, 22.5, 22.25, 22.25, 22.25
2026-09-13, 02:26:52, 22.32, 22.5, 22.75, 22.75, 9999.0, 9999.0, 9999.0, 23.95, 9999.0, 22.61, 9999.0, 22.7, 22.5, 22.25, 22.25, 22.25
2026-09-13, 02:26:56, 22.3, 22.5, 22.75, 22.75, 9999.0, 9999.0, 9999.0, 23.98, 9999.0, 22.61, 9999.0, 22.68, 22.5, 22.25, 22.25, 22.25
2026-09-13, 02:27:01, 22.3, 22.5, 22.75, 22.75, 9999.0, 9999.0, 9999.0, 24.0, 9999.0, 22.59, 9999.0, 22.66, 22.5, 22.25, 22.25, 22.25
2026-09-13, 02:27:05, 22.27, 22.5, 22.75, 22.75, 9999.0, 9999.0, 9999.0, 24.05, 9999.0, 22.57, 9999.0, 22.66, 22.5, 22.25, 22.25, 22.25
2026-09-13, 02:27:09, 22.27, 22.5, 22.75, 22.75, 9999.0, 9999.0, 9999.0, 24.09, 9999.0, 22.55, 9999.0, 22.66, 22.48, 22.25, 22.25, 22.25
2026-09-13, 02:27:13, 22.25, 22.5, 22.75, 22.75, 9999.0, 9999.0, 9999.0, 24.05, 9999.0, 22.52, 9999.0, 22.66, 22.48, 22.25, 22.25, 22.25
2026-09-13, 02:27:17, 22.25, 22.5, 22.75, 22.75, 9999.0, 9999.0, 9999.0, 24.0, 9999.0, 22.5, 9999.0, 22.66, 22.48, 22.25, 22.25, 22.25
2026-09-13, 02:27:21, 22.27, 22.5, 22.75, 22.75, 9999.0, 9999.0, 9999.0, 23.95, 9999.0, 22.5, 9999.0, 22.66, 22.48, 22.25, 22.25, 22.25
2026-09-13, 02:27:25, 22.27, 22.5, 22.75, 22.75, 9999.0, 9999.0, 9999.0, 23.91, 9999.0, 22.5, 9999.0, 22.66, 22.48, 22.25, 22.25, 22.25
2026-09-13, 02:27:29, 22.27, 22.5, 22.75, 22.75, 9999.0, 9999.0, 9999.0, 23.89, 9999.0, 22.52, 9999.0, 22.66, 22.48, 22.25, 22.25, 22.25
2026-09-13, 02:27:33, 22.27, 22.48, 22.75, 22.75, 9999.0, 9999.0, 9999.0, 23.86, 9999.0, 22.55, 9999.0, 22.68, 22.48, 22.25, 22.25, 22.25
2026-09-13, 02:27:37, 22.27, 22.48, 22.75, 22.75, 9999.0, 9999.0, 9999.0, 23.82, 9999.0, 22.57, 9999.0, 22.7, 22.48, 22.25, 22.27, 22.25
2026-09-13, 02:27:41, 22.27, 22.48, 22.75, 22.75, 9999.0, 9999.0, 9999.0, 23.77, 9999.0, 22.59, 9999.0, 22.73, 22.48, 22.25, 22.27, 22.25
2026-09-13, 02:27:45, 22.27, 22.48, 22.75, 22.75, 9999.0, 9999.0, 9999.0, 23.73, 9999.0, 22.61, 9999.0, 22.75, 22.48, 22.25, 22.27, 22.25
2026-09-13, 02:27:49, 22.3, 22.48, 22.75, 22.75, 9999.0, 9999.0, 9999.0, 23.75, 9999.0, 22.64, 9999.0, 22.75, 22.48, 22.25, 22.27, 22.25
2026-09-13, 02:27:53, 22.3, 22.48, 22.75, 22.75, 9999.0, 9999.0, 9999.0, 23.77, 9999.0, 22.66, 9999.0, 22.75, 22.5, 22.25, 22.27, 22.25
2026-09-13, 02:27:57, 22.3, 22.48, 22.75, 22.75, 9999.0, 9999.0, 9999.0, 23.82, 9999.0, 22.68, 9999.0, 22.73, 22.5, 22.25, 22.27, 22.25
2026-09-13, 02:28:01, 22.3, 22.48, 22.75, 22.75, 9999.0, 9999.0, 9999.0, 23.86, 9999.0, 22.7, 9999.0, 22.73, 22.5, 22.25, 22.27, 22.25
2026-09-13, 02:28:05, 22.27, 22.48, 22.75, 22.75, 9999.0, 9999.0, 9999.0, 23.89, 9999.0, 22.7, 9999.0, 22.7, 22.5, 22.25, 22.27, 22.25
2026-09-13, 02:28:09, 22.27, 22.48, 22.75, 22.75, 9999.0, 9999.0, 9999.0, 23.91, 9999.0, 22.7, 9999.0, 22.7, 22.5, 22.25, 22.27, 22.25
2026-09-13, 02:28:13, 22.27, 22.48, 22.75, 22.75, 9999.0, 9999.0, 9999.0, 23.93, 9999.0, 22.68, 9999.0, 22.68, 22.5, 22.25, 22.27, 22.25
2026-09-13, 02:28:17, 22.27, 22.5, 22.75, 22.75, 9999.0, 9999.0, 9999.0, 23.95, 9999.0, 22.66, 9999.0, 22.66, 22.5, 22.25, 22.27, 22.25
2026-09-13, 02:28:21, 22.27, 22.5, 22.75, 22.75, 9999.0, 9999.0, 9999.0, 24.0, 9999.0, 22.64, 9999.0, 22.64, 22.5, 22.25, 22.25, 22.25
2026-09-13, 02:28:25, 22.27, 22.5, 22.75, 22.75, 9999.0, 9999.0, 9999.0, 24.05, 9999.0, 22.61, 9999.0, 22.64, 22.5, 22.25, 22.25, 22.25
2026-09-13, 02:28:29, 22.27, 22.5, 22.75, 22.75, 9999.0, 9999.0, 9999.0, 24.09, 9999.0, 22.59, 9999.0, 22.64, 22.5, 22.25, 22.25, 22.25
2026-09-13, 02:28:33, 22.25, 22.5, 22.75, 22.75, 9999.0, 9999.0, 9999.0, 24.07, 9999.0, 22.57, 9999.0, 22.64, 22.5, 22.25, 22.25, 22.25
2026-09-13, 02:28:37, 22.25, 22.5, 22.75, 22.75, 9999.0, 9999.0, 9999.0, 24.05, 9999.0, 22.55, 9999.0, 22.64, 22.5, 22.25, 22.25, 22.25
2026-09-13, 02:28:41, 22.27, 22.5, 22.75, 22.75, 9999.0, 9999.0, 9999.0, 24.0, 9999.0, 22.52, 9999.0, 22.66, 22.5, 22.25, 22.25, 22.25
2026-09-13, 02:28:45, 22.27, 22.5, 22.75, 22.75, 9999.0, 9999.0, 9999.0, 23.95, 9999.0, 22.52, 9999.0, 22.66, 22.5, 22.25, 22.25, 22.25
2026-09-13, 02:28:49, 22.27, 22.5, 22.75, 22.75, 9999.0, 9999.0, 9999.0, 23.93, 9999.0, 22.55, 9999.0, 22.68, 22.5, 22.25, 22.27, 22.25
2026-09-13, 02:28:53, 22.27, 22.5, 22.75, 22.75, 9999.0, 9999.0, 9999.0, 23.91, 9999.0, 22.57, 9999.0, 22.68, 22.5, 22.25, 22.27, 22.25
2026-09-13, 02:28:57, 22.27, 22.5, 22.75, 22.75, 9999.0, 9999.0, 9999.0, 23.86, 9999.0, 22.61, 9999.0, 22.7, 22.5, 22.25, 22.27, 22.27
2026-09-13, 02:29:01, 22.27, 22.5, 22.75, 22.75, 9999.0, 9999.0, 9999.0, 23.82, 9999.0, 22.64, 9999.0, 22.73, 22.5, 22.25, 22.27, 22.27
2026-09-13, 02:29:05, 22.27, 22.5, 22.75, 22.75, 9999.0, 9999.0, 9999.0, 23.86, 9999.0, 22.66, 9999.0, 22.75, 22.5, 22.25, 22.27, 22.27
2026-09-13, 02:29:09, 22.27, 22.5, 22.75, 22.75, 9999.0, 9999.0, 9999.0, 23.89, 9999.0, 22.68, 9999.0, 22.75, 22.5, 22.25, 22.27, 22.27
2026-09-13, 02:29:13, 22.27, 22.5, 22.75, 22.75, 9999.0, 9999.0, 9999.0, 23.91, 9999.0, 22.7, 9999.0, 22.75, 22.5, 22.25, 22.27, 22.27
2026-09-13, 02:29:17, 22.27, 22.5, 22.75, 22.75, 9999.0, 9999.0, 9999.0, 23.93, 9999.0, 22.73, 9999.0, 22.75, 22.5, 22.25, 22.27, 22.27
2026-09-13, 02:29:21, 22.3, 22.5, 22.75, 22.75, 9999.0, 9999.0, 9999.0, 23.95, 9999.0, 22.75, 9999.0, 22.73, 22.5, 22.25, 22.27, 22.27
2026-09-13, 02:29:25, 22.27, 22.5, 22.75, 22.75, 9999.0, 9999.0, 9999.0, 23.98, 9999.0, 22.77, 9999.0, 22.7, 22.5, 22.25, 22.27, 22.27
2026-09-13, 02:29:29, 22.27, 22.5, 22.75, 22.75, 9999.0, 9999.0, 9999.0, 24.0, 9999.0, 22.77, 9999.0, 22.68, 22.5, 22.25, 22.27, 22.27
2026-09-13, 02:29:33, 22.27, 22.5, 22.75, 22.75, 9999.0, 9999.0, 9999.0, 24.02, 9999.0, 22.77, 9999.0, 22.66, 22.5, 22.25, 22.25, 22.27
2026-09-13, 02:29:37, 22.27, 22.5, 22.75, 22.75, 9999.0, 9999.0, 9999.0, 24.05, 9999.0, 22.77, 9999.0, 22.64, 22.5, 22.25, 22.25, 22.27
2026-09-13, 02:29:41, 22.27, 22.5, 22.75, 22.75, 9999.0, 9999.0, 9999.0, 24.09, 9999.0, 22.75, 9999.0, 22.61, 22.5, 22.25, 22.25, 22.25
2026-09-13, 02:29:45, 22.27, 22.48, 22.75, 22.75, 9999.0, 9999.0, 9999.0, 24.14, 9999.0, 22.73, 9999.0, 22.61, 22.5, 22.25, 22.25, 22.25
2026-09-13, 02:29:49, 22.27, 22.48, 22.75, 22.75, 9999.0, 9999.0, 9999.0, 24.09, 9999.0, 22.7, 9999.0, 22.61, 22.5, 22.25, 22.25, 22.25
2026-09-13, 02:29:53, 22.27, 22.48, 22.75, 22.75, 9999.0, 9999.0, 9999.0, 24.05, 9999.0, 22.68, 9999.0, 22.61, 22.5, 22.25, 22.25, 22.25
2026-09-13, 02:29:57, 22.27, 22.48, 22.75, 22.75, 9999.0, 9999.0, 9999.0, 24.0, 9999.0, 22.66, 9999.0, 22.61, 22.5, 22.25, 22.25, 22.25
2026-09-13, 02:30:01, 22.3, 22.48, 22.75, 22.75, 9999.0, 9999.0, 9999.0, 23.95, 9999.0, 22.64, 9999.0, 22.61, 22.5, 22.25, 22.25, 22.25
2026-09-13, 02:30:05, 22.27, 22.48, 22.75, 22.75, 9999.0, 9999.0, 9999.0, 23.91, 9999.0, 22.64, 9999.0, 22.64, 22.5, 22.25, 22.25, 22.25
2026-09-13, 02:30:09, 22.27, 22.48, 22.75, 22.75, 9999.0, 9999.0, 9999.0, 23.89, 9999.0, 22.64, 9999.0, 22.66, 22.5, 22.25, 22.25, 22.25
2026-09-13, 02:30:13, 22.27, 22.48, 22.75, 22.75, 9999.0, 9999.0, 9999.0, 23.86, 9999.0, 22.66, 9999.0, 22.68, 22.5, 22.25, 22.25, 22.25
2026-09-13, 02:30:17, 22.27, 22.48, 22.75, 22.75, 9999.0, 9999.0, 9999.0, 23.84, 9999.0, 22.66, 9999.0, 22.7, 22.5, 22.25, 22.25, 22.25
2026-09-13, 02:30:21, 22.27, 22.48, 22.75, 22.75, 9999.0, 9999.0, 9999.0, 23.8, 9999.0, 22.66, 9999.0, 22.73, 22.5, 22.25, 22.25, 22.25
2026-09-13, 02:30:25, 22.27, 22.48, 22.75, 22.75, 9999.0, 9999.0, 9999.0, 23.84, 9999.0, 22.66, 9999.0, 22.75, 22.5, 22.25, 22.25, 22.25
2026-09-13, 02:30:29, 22.27, 22.5, 22.75, 22.75, 9999.0, 9999.0, 9999.0, 23.86, 9999.0, 22.68, 9999.0, 22.75, 22.5, 22.25, 22.25, 22.25
2026-09-13, 02:30:33, 22.27, 22.5, 22.75, 22.75, 9999.0, 9999.0, 9999.0, 23.89, 9999.0, 22.7, 9999.0, 22.75, 22.5, 22.25, 22.25, 22.25
2026-09-13, 02:30:37, 22.27, 22.5, 22.75, 22.75, 9999.0, 9999.0, 9999.0, 23.93, 9999.0, 22.73, 9999.0, 22.75, 22.5, 22.25, 22.25, 22.25
2026-09-13, 02:30:41, 22.27, 22.5, 22.75, 22.75, 9999.0, 9999.0, 9999.0, 23.95, 9999.0, 22.75, 9999.0, 22.73, 22.5, 22.25, 22.25, 22.25
2026-09-13, 02:30:45, 22.25, 22.5, 22.75, 22.75, 9999.0, 9999.0, 9999.0, 24.0, 9999.0, 22.77, 9999.0, 22.7, 22.5, 22.25, 22.25, 22.25
2026-09-13, 02:30:49, 22.25, 22.5, 22.75, 22.75, 9999.0, 9999.0, 9999.0, 24.05, 9999.0, 22.75, 9999.0, 22.68, 22.5, 22.25, 22.25, 22.25
2026-09-13, 02:30:53, 22.25, 22.5, 22.75, 22.75, 9999.0, 9999.0, 9999.0, 24.07, 9999.0, 22.75, 9999.0, 22.66, 22.5, 22.25, 22.25, 22.25
2026-09-13, 02:30:58, 22.25, 22.5, 22.75, 22.75, 9999.0, 9999.0, 9999.0, 24.09, 9999.0, 22.73, 9999.0, 22.64, 22.5, 22.25, 22.25, 22.25
2026-09-13, 02:31:02, 22.25, 22.5, 22.75, 22.75, 9999.0, 9999.0, 9999.0, 24.11, 9999.0, 22.7, 9999.0, 22.64, 22.5, 22.25, 22.25, 22.25
2026-09-13, 02:31:06, 22.25, 22.5, 22.75, 22.75, 9999.0, 9999.0, 9999.0, 24.16, 9999.0, 22.68, 9999.0, 22.64, 22.5, 22.25, 22.25, 22.25
2026-09-13, 02:31:10, 22.25, 22.5, 22.75, 22.75, 9999.0, 9999.0, 9999.0, 24.11, 9999.0, 22.66, 9999.0, 22.64, 22.5, 22.25, 22.25, 22.25
2026-09-13, 02:31:14, 22.25, 22.5, 22.75, 22.75, 9999.0, 9999.0, 9999.0, 24.07, 9999.0, 22.64, 9999.0, 22.64, 22.5, 22.25, 22.25, 22.25
2026-09-13, 02:31:18, 22.25, 22.5, 22.75, 22.75, 9999.0, 9999.0, 9999.0, 24.02, 9999.0, 22.61, 9999.0, 22.66, 22.5, 22.25, 22.25, 22.25
2026-09-13, 02:31:22, 22.25, 22.5, 22.75, 22.75, 9999.0, 9999.0, 9999.0, 23.98, 9999.0, 22.61, 9999.0, 22.66, 22.5, 22.25, 22.25, 22.25
2026-09-13, 02:31:26, 22.25, 22.5, 22.75, 22.75, 9999.0, 9999.0, 9999.0, 23.95, 9999.0, 22.61, 9999.0, 22.68, 22.5, 22.25, 22.25, 22.25
2026-09-13, 02:31:30, 22.25, 22.5, 22.75, 22.75, 9999.0, 9999.0, 9999.0, 23.91, 9999.0, 22.61, 9999.0, 22.7, 22.5, 22.25, 22.25, 22.25
2026-09-13, 02:31:34, 22.25, 22.5, 22.75, 22.75, 9999.0, 9999.0, 9999.0, 23.86, 9999.0, 22.64, 9999.0, 22.73, 22.5, 22.25, 22.25, 22.25
2026-09-13, 02:31:38, 22.25, 22.5, 22.75, 22.75, 9999.0, 9999.0, 9999.0, 23.82, 9999.0, 22.64, 9999.0, 22.75, 22.5, 22.25, 22.25, 22.25
2026-09-13, 02:31:42, 22.25, 22.5, 22.75, 22.75, 9999.0, 9999.0, 9999.0, 23.86, 9999.0, 22.64, 9999.0, 22.77, 22.5, 22.25, 22.25, 22.25
2026-09-13, 02:31:46, 22.25, 22.5, 22.75, 22.75, 9999.0, 9999.0, 9999.0, 23.91, 9999.0, 22.66, 9999.0, 22.77, 22.5, 22.25, 22.25, 22.25
2026-09-13, 02:31:50, 22.25, 22.5, 22.75, 22.75, 9999.0, 9999.0, 9999.0, 23.93, 9999.0, 22.68, 9999.0, 22.77, 22.5, 22.25, 22.25, 22.25
2026-09-13, 02:31:54, 22.25, 22.5, 22.75, 22.75, 9999.0, 9999.0, 9999.0, 23.98, 9999.0, 22.7, 9999.0, 22.77, 22.5, 22.25, 22.27, 22.25
2026-09-13, 02:31:58, 22.25, 22.5, 22.75, 22.75, 9999.0, 9999.0, 9999.0, 24.02, 9999.0, 22.73, 9999.0, 22.75, 22.5, 22.25, 22.27, 22.25
2026-09-13, 02:32:02, 22.27, 22.48, 22.75, 22.75, 9999.0, 9999.0, 9999.0, 24.05, 9999.0, 22.75, 9999.0, 22.7, 22.5, 22.25, 22.27, 22.25
2026-09-13, 02:32:06, 22.27, 22.48, 22.75, 22.75, 9999.0, 9999.0, 9999.0, 24.07, 9999.0, 22.75, 9999.0, 22.68, 22.5, 22.25, 22.27, 22.25
2026-09-13, 02:32:10, 22.27, 22.48, 22.75, 22.75, 9999.0, 9999.0, 9999.0, 24.09, 9999.0, 22.75, 9999.0, 22.68, 22.5, 22.25, 22.27, 22.25
2026-09-13, 02:32:14, 22.27, 22.48, 22.75, 22.75, 9999.0, 9999.0, 9999.0, 24.14, 9999.0, 22.73, 9999.0, 22.66, 22.5, 22.25, 22.27, 22.25
2026-09-13, 02:32:18, 22.27, 22.48, 22.75, 22.75, 9999.0, 9999.0, 9999.0, 24.16, 9999.0, 22.73, 9999.0, 22.64, 22.5, 22.25, 22.27, 22.25
2026-09-13, 02:32:22, 22.27, 22.48, 22.75, 22.75, 9999.0, 9999.0, 9999.0, 24.2, 9999.0, 22.73, 9999.0, 22.64, 22.5, 22.25, 22.27, 22.25
2026-09-13, 02:32:26, 22.27, 22.48, 22.75, 22.75, 9999.0, 9999.0, 9999.0, 24.16, 9999.0, 22.73, 9999.0, 22.64, 22.5, 22.25, 22.27, 22.25
2026-09-13, 02:32:30, 22.27, 22.48, 22.75, 22.75, 9999.0, 9999.0, 9999.0, 24.11, 9999.0, 22.7, 9999.0, 22.64, 22.5, 22.25, 22.27, 22.25
2026-09-13, 02:32:34, 22.27, 22.48, 22.75, 22.75, 9999.0, 9999.0, 9999.0, 24.07, 9999.0, 22.68, 9999.0, 22.64, 22.5, 22.25, 22.27, 22.25
2026-09-13, 02:32:38, 22.27, 22.48, 22.75, 22.75, 9999.0, 9999.0, 9999.0, 24.0, 9999.0, 22.66, 9999.0, 22.64, 22.5, 22.25, 22.25, 22.25
2026-09-13, 02:32:42, 22.27, 22.48, 22.75, 22.75, 9999.0, 9999.0, 9999.0, 23.95, 9999.0, 22.66, 9999.0, 22.66, 22.5, 22.25, 22.25, 22.25
2026-09-13, 02:32:46, 22.25, 22.5, 22.75, 22.75, 9999.0, 9999.0, 9999.0, 23.93, 9999.0, 22.66, 9999.0, 22.68, 22.5, 22.25, 22.25, 22.25
2026-09-13, 02:32:50, 22.25, 22.5, 22.75, 22.75, 9999.0, 9999.0, 9999.0, 23.91, 9999.0, 22.66, 9999.0, 22.7, 22.5, 22.25, 22.25, 22.25
2026-09-13, 02:32:54, 22.25, 22.5, 22.75, 22.75, 9999.0, 9999.0, 9999.0, 23.86, 9999.0, 22.68, 9999.0, 22.7, 22.5, 22.25, 22.25, 22.25
2026-09-13, 02:32:58, 22.25, 22.5, 22.75, 22.75, 9999.0, 9999.0, 9999.0, 23.82, 9999.0, 22.7, 9999.0, 22.73, 22.5, 22.25, 22.25, 22.25
2026-09-13, 02:33:02, 22.25, 22.5, 22.75, 22.75, 9999.0, 9999.0, 9999.0, 23.86, 9999.0, 22.7, 9999.0, 22.75, 22.5, 22.25, 22.25, 22.25
2026-09-13, 02:33:06, 22.25, 22.5, 22.75, 22.73, 9999.0, 9999.0, 9999.0, 23.91, 9999.0, 22.7, 9999.0, 22.75, 22.5, 22.25, 22.25, 22.25
2026-09-13, 02:33:10, 22.25, 22.48, 22.75, 22.73, 9999.0, 9999.0, 9999.0, 23.93, 9999.0, 22.7, 9999.0, 22.75, 22.5, 22.25, 22.25, 22.25
2026-09-13, 02:33:14, 22.25, 22.48, 22.75, 22.73, 9999.0, 9999.0, 9999.0, 23.95, 9999.0, 22.73, 9999.0, 22.73, 22.5, 22.25, 22.25, 22.25
2026-09-13, 02:33:18, 22.25, 22.48, 22.75, 22.73, 9999.0, 9999.0, 9999.0, 24.0, 9999.0, 22.75, 9999.0, 22.7, 22.5, 22.25, 22.25, 22.25
2026-09-13, 02:33:22, 22.25, 22.48, 22.75, 22.73, 9999.0, 9999.0, 9999.0, 24.02, 9999.0, 22.77, 9999.0, 22.68, 22.5, 22.25, 22.25, 22.25
2026-09-13, 02:33:26, 22.25, 22.48, 22.75, 22.73, 9999.0, 9999.0, 9999.0, 24.05, 9999.0, 22.75, 9999.0, 22.66, 22.5, 22.25, 22.25, 22.25
2026-09-13, 02:33:30, 22.27, 22.48, 22.75, 22.73, 9999.0, 9999.0, 9999.0, 24.07, 9999.0, 22.73, 9999.0, 22.64, 22.5, 22.25, 22.25, 22.25
2026-09-13, 02:33:34, 22.27, 22.48, 22.75, 22.73, 9999.0, 9999.0, 9999.0, 24.09, 9999.0, 22.73, 9999.0, 22.61, 22.5, 22.25, 22.25, 22.25
2026-09-13, 02:33:38, 22.27, 22.48, 22.75, 22.73, 9999.0, 9999.0, 9999.0, 24.14, 9999.0, 22.68, 9999.0, 22.61, 22.5, 22.25, 22.25, 22.25
2026-09-13, 02:33:42, 22.27, 22.48, 22.75, 22.73, 9999.0, 9999.0, 9999.0, 24.16, 9999.0, 22.66, 9999.0, 22.61, 22.5, 22.25, 22.25, 22.25
2026-09-13, 02:33:46, 22.27, 22.48, 22.75, 22.73, 9999.0, 9999.0, 9999.0, 24.11, 9999.0, 22.64, 9999.0, 22.61, 22.5, 22.25, 22.25, 22.25
2026-09-13, 02:33:50, 22.3, 22.48, 22.75, 22.75, 9999.0, 9999.0, 9999.0, 24.07, 9999.0, 22.61, 9999.0, 22.64, 22.5, 22.25, 22.27, 22.25
2026-09-13, 02:33:54, 22.3, 22.5, 22.75, 22.75, 9999.0, 9999.0, 9999.0, 24.02, 9999.0, 22.59, 9999.0, 22.64, 22.5, 22.25, 22.3, 22.25
2026-09-13, 02:33:58, 22.3, 22.5, 22.75, 22.75, 9999.0, 9999.0, 9999.0, 23.98, 9999.0, 22.59, 9999.0, 22.66, 22.5, 22.25, 22.3, 22.25
2026-09-13, 02:34:02, 22.32, 22.5, 22.75, 22.75, 9999.0, 9999.0, 9999.0, 23.93, 9999.0, 22.57, 9999.0, 22.68, 22.5, 22.25, 22.3, 22.25
2026-09-13, 02:34:06, 22.32, 22.5, 22.75, 22.75, 9999.0, 9999.0, 9999.0, 23.91, 9999.0, 22.57, 9999.0, 22.7, 22.5, 22.25, 22.3, 22.25
2026-09-13, 02:34:10, 22.32, 22.5, 22.75, 22.75, 9999.0, 9999.0, 9999.0, 23.86, 9999.0, 22.59, 9999.0, 22.73, 22.5, 22.25, 22.3, 22.25
2026-09-13, 02:34:14, 22.3, 22.5, 22.75, 22.75, 9999.0, 9999.0, 9999.0, 23.84, 9999.0, 22.61, 9999.0, 22.75, 22.5, 22.25, 22.32, 22.25
2026-09-13, 02:34:18, 22.3, 22.5, 22.75, 22.75, 9999.0, 9999.0, 9999.0, 23.89, 9999.0, 22.61, 9999.0, 22.77, 22.5, 22.25, 22.32, 22.25
2026-09-13, 02:34:22, 22.3, 22.5, 22.75, 22.75, 9999.0, 9999.0, 9999.0, 23.93, 9999.0, 22.64, 9999.0, 22.77, 22.5, 22.25, 22.32, 22.25
2026-09-13, 02:34:26, 22.3, 22.5, 22.75, 22.75, 9999.0, 9999.0, 9999.0, 23.95, 9999.0, 22.64, 9999.0, 22.77, 22.5, 22.25, 22.32, 22.25
2026-09-13, 02:34:30, 22.3, 22.5, 22.75, 22.75, 9999.0, 9999.0, 9999.0, 23.98, 9999.0, 22.64, 9999.0, 22.75, 22.5, 22.25, 22.32, 22.25
2026-09-13, 02:34:34, 22.27, 22.5, 22.75, 22.75, 9999.0, 9999.0, 9999.0, 24.0, 9999.0, 22.66, 9999.0, 22.7, 22.5, 22.25, 22.3, 22.25
2026-09-13, 02:34:38, 22.27, 22.5, 22.75, 22.75, 9999.0, 9999.0, 9999.0, 24.02, 9999.0, 22.66, 9999.0, 22.68, 22.5, 22.25, 22.27, 22.27
2026-09-13, 02:34:43, 22.27, 22.5, 22.75, 22.75, 9999.0, 9999.0, 9999.0, 24.05, 9999.0, 22.64, 9999.0, 22.68, 22.5, 22.25, 22.27, 22.27
2026-09-13, 02:34:47, 22.25, 22.5, 22.75, 22.75, 9999.0, 9999.0, 9999.0, 24.07, 9999.0, 22.64, 9999.0, 22.66, 22.48, 22.25, 22.27, 22.27
2026-09-13, 02:34:51, 22.25, 22.5, 22.75, 22.75, 9999.0, 9999.0, 9999.0, 24.09, 9999.0, 22.61, 9999.0, 22.64, 22.48, 22.25, 22.27, 22.27
2026-09-13, 02:34:55, 22.25, 22.5, 22.75, 22.75, 9999.0, 9999.0, 9999.0, 24.14, 9999.0, 22.59, 9999.0, 22.61, 22.48, 22.25, 22.27, 22.27
2026-09-13, 02:34:59, 22.25, 22.5, 22.75, 22.75, 9999.0, 9999.0, 9999.0, 24.16, 9999.0, 22.57, 9999.0, 22.61, 22.48, 22.25, 22.25, 22.27
2026-09-13, 02:35:03, 22.25, 22.5, 22.75, 22.75, 9999.0, 9999.0, 9999.0, 24.09, 9999.0, 22.55, 9999.0, 22.61, 22.48, 22.25, 22.25, 22.27
2026-09-13, 02:35:07, 22.25, 22.5, 22.75, 22.75, 9999.0, 9999.0, 9999.0, 24.02, 9999.0, 22.5, 9999.0, 22.61, 22.48, 22.25, 22.25, 22.27
2026-09-13, 02:35:11, 22.25, 22.5, 22.75, 22.75, 9999.0, 9999.0, 9999.0, 23.98, 9999.0, 22.48, 9999.0, 22.61, 22.48, 22.25, 22.25, 22.27
2026-09-13, 02:35:15, 22.25, 22.5, 22.75, 22.75, 9999.0, 9999.0, 9999.0, 23.93, 9999.0, 22.45, 9999.0, 22.64, 22.48, 22.25, 22.25, 22.27
2026-09-13, 02:35:19, 22.25, 22.5, 22.75, 22.75, 9999.0, 9999.0, 9999.0, 23.89, 9999.0, 22.43, 9999.0, 22.66, 22.48, 22.25, 22.25, 22.27
2026-09-13, 02:35:23, 22.25, 22.5, 22.75, 22.75, 9999.0, 9999.0, 9999.0, 23.86, 9999.0, 22.43, 9999.0, 22.68, 22.48, 22.25, 22.25, 22.25
2026-09-13, 02:35:27, 22.25, 22.5, 22.75, 22.75, 9999.0, 9999.0, 9999.0, 23.84, 9999.0, 22.45, 9999.0, 22.68, 22.48, 22.25, 22.25, 22.25
2026-09-13, 02:35:31, 22.25, 22.5, 22.75, 22.73, 9999.0, 9999.0, 9999.0, 23.82, 9999.0, 22.48, 9999.0, 22.7, 22.5, 22.25, 22.25, 22.25
2026-09-13, 02:35:35, 22.25, 22.5, 22.75, 22.73, 9999.0, 9999.0, 9999.0, 23.77, 9999.0, 22.48, 9999.0, 22.73, 22.5, 22.25, 22.27, 22.25
2026-09-13, 02:35:39, 22.25, 22.5, 22.75, 22.73, 9999.0, 9999.0, 9999.0, 23.8, 9999.0, 22.5, 9999.0, 22.73, 22.5, 22.25, 22.27, 22.25
2026-09-13, 02:35:43, 22.25, 22.5, 22.75, 22.73, 9999.0, 9999.0, 9999.0, 23.82, 9999.0, 22.5, 9999.0, 22.7, 22.5, 22.25, 22.27, 22.25
2026-09-13, 02:35:47, 22.25, 22.5, 22.75, 22.73, 9999.0, 9999.0, 9999.0, 23.86, 9999.0, 22.5, 9999.0, 22.68, 22.5, 22.25, 22.27, 22.25
2026-09-13, 02:35:51, 22.25, 22.5, 22.75, 22.73, 9999.0, 9999.0, 9999.0, 23.91, 9999.0, 22.52, 9999.0, 22.68, 22.5, 22.25, 22.27, 22.25
2026-09-13, 02:35:55, 22.25, 22.5, 22.75, 22.73, 9999.0, 9999.0, 9999.0, 23.95, 9999.0, 22.55, 9999.0, 22.66, 22.5, 22.25, 22.27, 22.25
2026-09-13, 02:35:59, 22.25, 22.5, 22.75, 22.73, 9999.0, 9999.0, 9999.0, 23.98, 9999.0, 22.57, 9999.0, 22.64, 22.5, 22.25, 22.27, 22.25
2026-09-13, 02:36:03, 22.25, 22.5, 22.75, 22.73, 9999.0, 9999.0, 9999.0, 24.0, 9999.0, 22.55, 9999.0, 22.61, 22.5, 22.25, 22.27, 22.25
2026-09-13, 02:36:07, 22.25, 22.5, 22.75, 22.73, 9999.0, 9999.0, 9999.0, 24.02, 9999.0, 22.55, 9999.0, 22.59, 22.5, 22.25, 22.27, 22.25
2026-09-13, 02:36:11, 22.25, 22.5, 22.75, 22.73, 9999.0, 9999.0, 9999.0, 24.05, 9999.0, 22.5, 9999.0, 22.57, 22.5, 22.25, 22.27, 22.25
2026-09-13, 02:36:15, 22.25, 22.5, 22.75, 22.75, 9999.0, 9999.0, 9999.0, 24.05, 9999.0, 22.45, 9999.0, 22.57, 22.5, 22.25, 22.27, 22.25
2026-09-13, 02:36:19, 22.25, 22.5, 22.75, 22.75, 9999.0, 9999.0, 9999.0, 24.09, 9999.0, 22.43, 9999.0, 22.57, 22.5, 22.25, 22.25, 22.25
2026-09-13, 02:36:23, 22.27, 22.5, 22.75, 22.75, 9999.0, 9999.0, 9999.0, 24.05, 9999.0, 22.39, 9999.0, 22.59, 22.5, 22.25, 22.25, 22.25
2026-09-13, 02:36:27, 22.27, 22.5, 22.75, 22.75, 9999.0, 9999.0, 9999.0, 24.0, 9999.0, 22.36, 9999.0, 22.61, 22.5, 22.25, 22.25, 22.25
2026-09-13, 02:36:31, 22.27, 22.5, 22.75, 22.75, 9999.0, 9999.0, 9999.0, 23.95, 9999.0, 22.32, 9999.0, 22.64, 22.5, 22.25, 22.25, 22.25
2026-09-13, 02:36:35, 22.27, 22.5, 22.75, 22.75, 9999.0, 9999.0, 9999.0, 23.91, 9999.0, 22.3, 9999.0, 22.64, 22.5, 22.25, 22.25, 22.25
2026-09-13, 02:36:39, 22.27, 22.5, 22.75, 22.75, 9999.0, 9999.0, 9999.0, 23.86, 9999.0, 22.3, 9999.0, 22.66, 22.5, 22.25, 22.25, 22.25
2026-09-13, 02:36:43, 22.27, 22.5, 22.75, 22.75, 9999.0, 9999.0, 9999.0, 23.84, 9999.0, 22.3, 9999.0, 22.68, 22.5, 22.25, 22.25, 22.25
2026-09-13, 02:36:47, 22.27, 22.5, 22.75, 22.75, 9999.0, 9999.0, 9999.0, 23.8, 9999.0, 22.32, 9999.0, 22.7, 22.5, 22.25, 22.25, 22.25
2026-09-13, 02:36:51, 22.27, 22.5, 22.75, 22.75, 9999.0, 9999.0, 9999.0, 23.75, 9999.0, 22.32, 9999.0, 22.73, 22.5, 22.25, 22.25, 22.25
2026-09-13, 02:36:55, 22.27, 22.5, 22.75, 22.75, 9999.0, 9999.0, 9999.0, 23.77, 9999.0, 22.34, 9999.0, 22.75, 22.5, 22.25, 22.25, 22.25
2026-09-13, 02:36:59, 22.27, 22.5, 22.75, 22.75, 9999.0, 9999.0, 9999.0, 23.82, 9999.0, 22.36, 9999.0, 22.75, 22.5, 22.25, 22.25, 22.25
2026-09-13, 02:37:03, 22.27, 22.5, 22.75, 22.75, 9999.0, 9999.0, 9999.0, 23.84, 9999.0, 22.39, 9999.0, 22.75, 22.5, 22.25, 22.25, 22.25
2026-09-13, 02:37:07, 22.25, 22.5, 22.75, 22.75, 9999.0, 9999.0, 9999.0, 23.86, 9999.0, 22.39, 9999.0, 22.75, 22.5, 22.25, 22.27, 22.25
2026-09-13, 02:37:11, 22.25, 22.5, 22.75, 22.75, 9999.0, 9999.0, 9999.0, 23.89, 9999.0, 22.39, 9999.0, 22.75, 22.5, 22.25, 22.3, 22.25
2026-09-13, 02:37:15, 22.27, 22.5, 22.75, 22.75, 9999.0, 9999.0, 9999.0, 23.89, 9999.0, 22.41, 9999.0, 22.75, 22.5, 22.25, 22.32, 22.25
2026-09-13, 02:37:19, 22.27, 22.5, 22.75, 22.75, 9999.0, 9999.0, 9999.0, 23.91, 9999.0, 22.41, 9999.0, 22.73, 22.5, 22.25, 22.32, 22.25
2026-09-13, 02:37:23, 22.27, 22.5, 22.75, 22.75, 9999.0, 9999.0, 9999.0, 23.93, 9999.0, 22.39, 9999.0, 22.7, 22.5, 22.25, 22.32, 22.25
2026-09-13, 02:37:27, 22.27, 22.5, 22.75, 22.75, 9999.0, 9999.0, 9999.0, 23.93, 9999.0, 22.36, 9999.0, 22.68, 22.5, 22.25, 22.34, 22.25
2026-09-13, 02:37:31, 22.3, 22.5, 22.75, 22.75, 9999.0, 9999.0, 9999.0, 23.95, 9999.0, 22.34, 9999.0, 22.66, 22.5, 22.25, 22.34, 22.25
2026-09-13, 02:37:35, 22.3, 22.5, 22.75, 22.75, 9999.0, 9999.0, 9999.0, 23.98, 9999.0, 22.32, 9999.0, 22.66, 22.5, 22.25, 22.34, 22.25
2026-09-13, 02:37:39, 22.32, 22.5, 22.75, 22.75, 9999.0, 9999.0, 9999.0, 23.93, 9999.0, 22.3, 9999.0, 22.66, 22.5, 22.25, 22.34, 22.25
2026-09-13, 02:37:43, 22.32, 22.5, 22.75, 22.75, 9999.0, 9999.0, 9999.0, 23.89, 9999.0, 22.27, 9999.0, 22.66, 22.5, 22.27, 22.34, 22.25
2026-09-13, 02:37:47, 22.32, 22.5, 22.75, 22.75, 9999.0, 9999.0, 9999.0, 23.82, 9999.0, 22.23, 9999.0, 22.68, 22.5, 22.27, 22.36, 22.27
2026-09-13, 02:37:51, 22.32, 22.5, 22.75, 22.75, 9999.0, 9999.0, 9999.0, 23.77, 9999.0, 22.23, 9999.0, 22.68, 22.5, 22.3, 22.34, 22.27
2026-09-13, 02:37:55, 22.32, 22.5, 22.75, 22.75, 9999.0, 9999.0, 9999.0, 23.73, 9999.0, 22.23, 9999.0, 22.68, 22.5, 22.3, 22.32, 22.27
2026-09-13, 02:37:59, 22.32, 22.5, 22.75, 22.75, 9999.0, 9999.0, 9999.0, 23.7, 9999.0, 22.23, 9999.0, 22.68, 22.5, 22.3, 22.3, 22.27
2026-09-13, 02:38:03, 22.32, 22.5, 22.75, 22.75, 9999.0, 9999.0, 9999.0, 23.66, 9999.0, 22.25, 9999.0, 22.7, 22.5, 22.3, 22.32, 22.27
2026-09-13, 02:38:07, 22.32, 22.5, 22.75, 22.75, 9999.0, 9999.0, 9999.0, 23.61, 9999.0, 22.27, 9999.0, 22.73, 22.5, 22.3, 22.32, 22.27
2026-09-13, 02:38:11, 22.34, 22.5, 22.75, 22.75, 9999.0, 9999.0, 9999.0, 23.59, 9999.0, 22.3, 9999.0, 22.75, 22.5, 22.3, 22.3, 22.27
2026-09-13, 02:38:15, 22.32, 22.5, 22.75, 22.75, 9999.0, 9999.0, 9999.0, 23.64, 9999.0, 22.32, 9999.0, 22.77, 22.5, 22.3, 22.3, 22.3
2026-09-13, 02:38:19, 22.32, 22.5, 22.75, 22.75, 9999.0, 9999.0, 9999.0, 23.66, 9999.0, 22.34, 9999.0, 22.77, 22.5, 22.3, 22.3, 22.32
2026-09-13, 02:38:24, 22.32, 22.5, 22.75, 22.75, 9999.0, 9999.0, 9999.0, 23.68, 9999.0, 22.36, 9999.0, 22.77, 22.5, 22.3, 22.32, 22.32
2026-09-13, 02:38:28, 22.34, 22.5, 22.75, 22.75, 9999.0, 9999.0, 9999.0, 23.7, 9999.0, 22.36, 9999.0, 22.77, 22.5, 22.27, 22.32, 22.32
2026-09-13, 02:38:32, 22.34, 22.5, 22.75, 22.75, 9999.0, 9999.0, 9999.0, 23.75, 9999.0, 22.39, 9999.0, 22.73, 22.5, 22.3, 22.3, 22.3
2026-09-13, 02:38:36, 22.34, 22.5, 22.75, 22.75, 9999.0, 9999.0, 9999.0, 23.77, 9999.0, 22.39, 9999.0, 22.73, 22.5, 22.27, 22.3, 22.3
2026-09-13, 02:38:40, 22.34, 22.5, 22.75, 22.75, 9999.0, 9999.0, 9999.0, 23.8, 9999.0, 22.39, 9999.0, 22.7, 22.5, 22.27, 22.3, 22.3
2026-09-13, 02:38:44, 22.32, 22.5, 22.75, 22.75, 9999.0, 9999.0, 9999.0, 23.82, 9999.0, 22.39, 9999.0, 22.68, 22.5, 22.27, 22.3, 22.3
2026-09-13, 02:38:48, 22.32, 22.5, 22.75, 22.75, 9999.0, 9999.0, 9999.0, 23.84, 9999.0, 22.36, 9999.0, 22.66, 22.5, 22.27, 22.27, 22.3
2026-09-13, 02:38:52, 22.32, 22.5, 22.75, 22.75, 9999.0, 9999.0, 9999.0, 23.86, 9999.0, 22.34, 9999.0, 22.66, 22.5, 22.27, 22.27, 22.3
2026-09-13, 02:38:56, 22.3, 22.5, 22.75, 22.75, 9999.0, 9999.0, 9999.0, 23.89, 9999.0, 22.32, 9999.0, 22.66, 22.5, 22.27, 22.27, 22.3
2026-09-13, 02:39:00, 22.3, 22.5, 22.75, 22.75, 9999.0, 9999.0, 9999.0, 23.84, 9999.0, 22.3, 9999.0, 22.66, 22.5, 22.27, 22.27, 22.3
2026-09-13, 02:39:04, 22.3, 22.5, 22.75, 22.75, 9999.0, 9999.0, 9999.0, 23.82, 9999.0, 22.27, 9999.0, 22.68, 22.5, 22.27, 22.27, 22.3
2026-09-13, 02:39:08, 22.27, 22.5, 22.75, 22.75, 9999.0, 9999.0, 9999.0, 23.77, 9999.0, 22.23, 9999.0, 22.7, 22.5, 22.27, 22.25, 22.32
2026-09-13, 02:39:12, 22.25, 22.5, 22.75, 22.75, 9999.0, 9999.0, 9999.0, 23.75, 9999.0, 22.23, 9999.0, 22.73, 22.52, 22.27, 22.25, 22.32
2026-09-13, 02:39:16, 22.25, 22.5, 22.75, 22.75, 9999.0, 9999.0, 9999.0, 23.7, 9999.0, 22.23, 9999.0, 22.75, 22.52, 22.25, 22.25, 22.34
2026-09-13, 02:39:20, 22.27, 22.5, 22.75, 22.75, 9999.0, 9999.0, 9999.0, 23.68, 9999.0, 22.23, 9999.0, 22.75, 22.52, 22.25, 22.25, 22.34
2026-09-13, 02:39:24, 22.27, 22.5, 22.75, 22.75, 9999.0, 9999.0, 9999.0, 23.66, 9999.0, 22.25, 9999.0, 22.77, 22.52, 22.25, 22.25, 22.34
2026-09-13, 02:39:28, 22.27, 22.5, 22.75, 22.75, 9999.0, 9999.0, 9999.0, 23.64, 9999.0, 22.27, 9999.0, 22.8, 22.52, 22.25, 22.25, 22.34
2026-09-13, 02:39:32, 22.27, 22.5, 22.75, 22.75, 9999.0, 9999.0, 9999.0, 23.61, 9999.0, 22.3, 9999.0, 22.82, 22.52, 22.25, 22.25, 22.34
2026-09-13, 02:39:36, 22.27, 22.5, 22.75, 22.75, 9999.0, 9999.0, 9999.0, 23.66, 9999.0, 22.32, 9999.0, 22.82, 22.52, 22.25, 22.25, 22.34
2026-09-13, 02:39:40, 22.27, 22.5, 22.75, 22.75, 9999.0, 9999.0, 9999.0, 23.7, 9999.0, 22.32, 9999.0, 22.82, 22.52, 22.25, 22.25, 22.34
2026-09-13, 02:39:44, 22.27, 22.5, 22.75, 22.75, 9999.0, 9999.0, 9999.0, 23.73, 9999.0, 22.32, 9999.0, 22.82, 22.52, 22.25, 22.27, 22.32
2026-09-13, 02:39:48, 22.3, 22.5, 22.75, 22.75, 9999.0, 9999.0, 9999.0, 23.75, 9999.0, 22.32, 9999.0, 22.77, 22.52, 22.25, 22.27, 22.32
2026-09-13, 02:39:52, 22.3, 22.5, 22.75, 22.75, 9999.0, 9999.0, 9999.0, 23.8, 9999.0, 22.34, 9999.0, 22.73, 22.52, 22.25, 22.27, 22.3
2026-09-13, 02:39:56, 22.3, 22.5, 22.75, 22.75, 9999.0, 9999.0, 9999.0, 23.82, 9999.0, 22.34, 9999.0, 22.7, 22.5, 22.25, 22.27, 22.3
2026-09-13, 02:40:00, 22.3, 22.5, 22.75, 22.75, 9999.0, 9999.0, 9999.0, 23.84, 9999.0, 22.34, 9999.0, 22.68, 22.5, 22.25, 22.27, 22.27
2026-09-13, 02:40:04, 22.27, 22.5, 22.75, 22.75, 9999.0, 9999.0, 9999.0, 23.86, 9999.0, 22.34, 9999.0, 22.66, 22.5, 22.25, 22.27, 22.27
2026-09-13, 02:40:08, 22.27, 22.5, 22.75, 22.75, 9999.0, 9999.0, 9999.0, 23.91, 9999.0, 22.32, 9999.0, 22.64, 22.5, 22.25, 22.27, 22.27
2026-09-13, 02:40:12, 22.27, 22.5, 22.75, 22.75, 9999.0, 9999.0, 9999.0, 23.93, 9999.0, 22.3, 9999.0, 22.64, 22.5, 22.25, 22.27, 22.27
2026-09-13, 02:40:16, 22.27, 22.5, 22.75, 22.75, 9999.0, 9999.0, 9999.0, 23.95, 9999.0, 22.27, 9999.0, 22.64, 22.5, 22.25, 22.27, 22.27
2026-09-13, 02:40:20, 22.3, 22.5, 22.75, 22.75, 9999.0, 9999.0, 9999.0, 23.91, 9999.0, 22.25, 9999.0, 22.64, 22.5, 22.25, 22.27, 22.27
2026-09-13, 02:40:24, 22.3, 22.5, 22.75, 22.75, 9999.0, 9999.0, 9999.0, 23.86, 9999.0, 22.25, 9999.0, 22.66, 22.5, 22.25, 22.27, 22.27
2026-09-13, 02:40:28, 22.3, 22.5, 22.75, 22.75, 9999.0, 9999.0, 9999.0, 23.82, 9999.0, 22.23, 9999.0, 22.68, 22.5, 22.25, 22.25, 22.27
2026-09-13, 02:40:32, 22.27, 22.48, 22.75, 22.75, 9999.0, 9999.0, 9999.0, 23.77, 9999.0, 22.23, 9999.0, 22.7, 22.5, 22.25, 22.25, 22.27
2026-09-13, 02:40:36, 22.27, 22.48, 22.75, 22.75, 9999.0, 9999.0, 9999.0, 23.73, 9999.0, 22.23, 9999.0, 22.73, 22.5, 22.25, 22.25, 22.27
2026-09-13, 02:40:40, 22.27, 22.48, 22.75, 22.75, 9999.0, 9999.0, 9999.0, 23.68, 9999.0, 22.25, 9999.0, 22.73, 22.5, 22.25, 22.27, 22.27
2026-09-13, 02:40:44, 22.27, 22.48, 22.75, 22.75, 9999.0, 9999.0, 9999.0, 23.66, 9999.0, 22.27, 9999.0, 22.75, 22.5, 22.25, 22.27, 22.3
2026-09-13, 02:40:48, 22.27, 22.48, 22.75, 22.75, 9999.0, 9999.0, 9999.0, 23.64, 9999.0, 22.3, 9999.0, 22.77, 22.5, 22.25, 22.3, 22.3
2026-09-13, 02:40:52, 22.27, 22.48, 22.75, 22.75, 9999.0, 9999.0, 9999.0, 23.66, 9999.0, 22.32, 9999.0, 22.8, 22.5, 22.25, 22.3, 22.32
2026-09-13, 02:40:56, 22.27, 22.48, 22.75, 22.75, 9999.0, 9999.0, 9999.0, 23.7, 9999.0, 22.34, 9999.0, 22.8, 22.5, 22.25, 22.3, 22.32
2026-09-13, 02:41:00, 22.27, 22.48, 22.75, 22.75, 9999.0, 9999.0, 9999.0, 23.73, 9999.0, 22.36, 9999.0, 22.8, 22.5, 22.25, 22.32, 22.32
2026-09-13, 02:41:04, 22.25, 22.48, 22.75, 22.75, 9999.0, 9999.0, 9999.0, 23.75, 9999.0, 22.39, 9999.0, 22.8, 22.5, 22.25, 22.32, 22.34
2026-09-13, 02:41:08, 22.25, 22.48, 22.75, 22.75, 9999.0, 9999.0, 9999.0, 23.77, 9999.0, 22.41, 9999.0, 22.75, 22.5, 22.25, 22.32, 22.34
2026-09-13, 02:41:12, 22.25, 22.48, 22.75, 22.75, 9999.0, 9999.0, 9999.0, 23.82, 9999.0, 22.43, 9999.0, 22.73, 22.5, 22.25, 22.34, 22.36
2026-09-13, 02:41:16, 22.27, 22.5, 22.75, 22.75, 9999.0, 9999.0, 9999.0, 23.84, 9999.0, 22.43, 9999.0, 22.7, 22.5, 22.25, 22.34, 22.34
2026-09-13, 02:41:20, 22.27, 22.5, 22.75, 22.75, 9999.0, 9999.0, 9999.0, 23.89, 9999.0, 22.43, 9999.0, 22.7, 22.5, 22.25, 22.34, 22.34
2026-09-13, 02:41:24, 22.27, 22.5, 22.75, 22.75, 9999.0, 9999.0, 9999.0, 23.93, 9999.0, 22.41, 9999.0, 22.68, 22.5, 22.25, 22.32, 22.34
2026-09-13, 02:41:28, 22.27, 22.5, 22.75, 22.75, 9999.0, 9999.0, 9999.0, 23.95, 9999.0, 22.41, 9999.0, 22.68, 22.5, 22.25, 22.32, 22.32
2026-09-13, 02:41:32, 22.27, 22.5, 22.75, 22.75, 9999.0, 9999.0, 9999.0, 23.98, 9999.0, 22.39, 9999.0, 22.68, 22.5, 22.25, 22.3, 22.32
2026-09-13, 02:41:36, 22.27, 22.5, 22.75, 22.75, 9999.0, 9999.0, 9999.0, 23.93, 9999.0, 22.36, 9999.0, 22.68, 22.5, 22.25, 22.3, 22.3
2026-09-13, 02:41:40, 22.27, 22.5, 22.75, 22.75, 9999.0, 9999.0, 9999.0, 23.89, 9999.0, 22.34, 9999.0, 22.7, 22.5, 22.25, 22.32, 22.3
2026-09-13, 02:41:44, 22.27, 22.5, 22.75, 22.75, 9999.0, 9999.0, 9999.0, 23.84, 9999.0, 22.32, 9999.0, 22.73, 22.5, 22.25, 22.32, 22.3
2026-09-13, 02:41:48, 22.27, 22.5, 22.75, 22.75, 9999.0, 9999.0, 9999.0, 23.8, 9999.0, 22.3, 9999.0, 22.73, 22.5, 22.25, 22.32, 22.27
2026-09-13, 02:41:52, 22.27, 22.5, 22.75, 22.75, 9999.0, 9999.0, 9999.0, 23.75, 9999.0, 22.3, 9999.0, 22.75, 22.5, 22.25, 22.32, 22.27
2026-09-13, 02:41:56, 22.27, 22.5, 22.75, 22.75, 9999.0, 9999.0, 9999.0, 23.7, 9999.0, 22.32, 9999.0, 22.75, 22.5, 22.25, 22.3, 22.25
2026-09-13, 02:42:00, 22.25, 22.5, 22.75, 22.75, 9999.0, 9999.0, 9999.0, 23.68, 9999.0, 22.34, 9999.0, 22.77, 22.5, 22.25, 22.3, 22.25
2026-09-13, 02:42:05, 22.27, 22.5, 22.75, 22.75, 9999.0, 9999.0, 9999.0, 23.64, 9999.0, 22.36, 9999.0, 22.77, 22.5, 22.25, 22.3, 22.27
2026-09-13, 02:42:09, 22.27, 22.5, 22.75, 22.75, 9999.0, 9999.0, 9999.0, 23.59, 9999.0, 22.39, 9999.0, 22.8, 22.5, 22.25, 22.3, 22.27
2026-09-13, 02:42:13, 22.27, 22.5, 22.75, 22.75, 9999.0, 9999.0, 9999.0, 23.64, 9999.0, 22.39, 9999.0, 22.8, 22.5, 22.25, 22.3, 22.27
2026-09-13, 02:42:17, 22.27, 22.5, 22.75, 22.75, 9999.0, 9999.0, 9999.0, 23.68, 9999.0, 22.41, 9999.0, 22.8, 22.5, 22.25, 22.3, 22.3
2026-09-13, 02:42:21, 22.27, 22.5, 22.75, 22.75, 9999.0, 9999.0, 9999.0, 23.7, 9999.0, 22.43, 9999.0, 22.8, 22.5, 22.25, 22.3, 22.32
2026-09-13, 02:42:25, 22.3, 22.5, 22.75, 22.75, 9999.0, 9999.0, 9999.0, 23.73, 9999.0, 22.45, 9999.0, 22.75, 22.5, 22.25, 22.27, 22.32
2026-09-13, 02:42:29, 22.3, 22.5, 22.77, 22.75, 9999.0, 9999.0, 9999.0, 23.77, 9999.0, 22.48, 9999.0, 22.73, 22.5, 22.25, 22.25, 22.32
2026-09-13, 02:42:33, 22.3, 22.5, 22.77, 22.75, 9999.0, 9999.0, 9999.0, 23.8, 9999.0, 22.5, 9999.0, 22.7, 22.5, 22.25, 22.25, 22.34
2026-09-13, 02:42:37, 22.3, 22.5, 22.77, 22.75, 9999.0, 9999.0, 9999.0, 23.84, 9999.0, 22.48, 9999.0, 22.68, 22.5, 22.25, 22.25, 22.36
2026-09-13, 02:42:41, 22.3, 22.5, 22.77, 22.75, 9999.0, 9999.0, 9999.0, 23.86, 9999.0, 22.48, 9999.0, 22.66, 22.5, 22.25, 22.25, 22.36
2026-09-13, 02:42:45, 22.3, 22.5, 22.77, 22.75, 9999.0, 9999.0, 9999.0, 23.89, 9999.0, 22.48, 9999.0, 22.64, 22.5, 22.25, 22.25, 22.39
2026-09-13, 02:42:49, 22.27, 22.5, 22.77, 22.75, 9999.0, 9999.0, 9999.0, 23.91, 9999.0, 22.48, 9999.0, 22.64, 22.5, 22.25, 22.25, 22.36
2026-09-13, 02:42:53, 22.27, 22.5, 22.77, 22.75, 9999.0, 9999.0, 9999.0, 23.93, 9999.0, 22.48, 9999.0, 22.64, 22.5, 22.25, 22.25, 22.39
2026-09-13, 02:42:57, 22.27, 22.5, 22.77, 22.75, 9999.0, 9999.0, 9999.0, 23.89, 9999.0, 22.48, 9999.0, 22.64, 22.5, 22.25, 22.25, 22.41
2026-09-13, 02:43:01, 22.27, 22.5, 22.77, 22.75, 9999.0, 9999.0, 9999.0, 23.84, 9999.0, 22.45, 9999.0, 22.64, 22.5, 22.25, 22.25, 22.39
2026-09-13, 02:43:05, 22.27, 22.5, 22.77, 22.75, 9999.0, 9999.0, 9999.0, 23.82, 9999.0, 22.43, 9999.0, 22.64, 22.5, 22.25, 22.27, 22.36
2026-09-13, 02:43:09, 22.25, 22.5, 22.77, 22.75, 9999.0, 9999.0, 9999.0, 23.77, 9999.0, 22.43, 9999.0, 22.66, 22.5, 22.25, 22.27, 22.36
2026-09-13, 02:43:13, 22.25, 22.5, 22.75, 22.75, 9999.0, 9999.0, 9999.0, 23.73, 9999.0, 22.43, 9999.0, 22.66, 22.5, 22.25, 22.27, 22.36
2026-09-13, 02:43:17, 22.25, 22.5, 22.75, 22.75, 9999.0, 9999.0, 9999.0, 23.7, 9999.0, 22.43, 9999.0, 22.68, 22.5, 22.25, 22.27, 22.34
2026-09-13, 02:43:21, 22.25, 22.5, 22.75, 22.75, 9999.0, 9999.0, 9999.0, 23.66, 9999.0, 22.48, 9999.0, 22.7, 22.5, 22.25, 22.27, 22.32
2026-09-13, 02:43:25, 22.25, 22.5, 22.75, 22.75, 9999.0, 9999.0, 9999.0, 23.64, 9999.0, 22.5, 9999.0, 22.73, 22.5, 22.25, 22.27, 22.32
2026-09-13, 02:43:29, 22.27, 22.5, 22.75, 22.75, 9999.0, 9999.0, 9999.0, 23.68, 9999.0, 22.5, 9999.0, 22.75, 22.5, 22.25, 22.27, 22.3
2026-09-13, 02:43:33, 22.27, 22.5, 22.75, 22.75, 9999.0, 9999.0, 9999.0, 23.73, 9999.0, 22.5, 9999.0, 22.75, 22.5, 22.25, 22.27, 22.32
2026-09-13, 02:43:37, 22.27, 22.5, 22.75, 22.75, 9999.0, 9999.0, 9999.0, 23.77, 9999.0, 22.5, 9999.0, 22.75, 22.5, 22.25, 22.3, 22.3
2026-09-13, 02:43:41, 22.27, 22.5, 22.75, 22.75, 9999.0, 9999.0, 9999.0, 23.8, 9999.0, 22.5, 9999.0, 22.75, 22.5, 22.25, 22.3, 22.3
2026-09-13, 02:43:45, 22.27, 22.48, 22.75, 22.75, 9999.0, 9999.0, 9999.0, 23.82, 9999.0, 22.5, 9999.0, 22.73, 22.5, 22.25, 22.3, 22.3
2026-09-13, 02:43:49, 22.3, 22.48, 22.75, 22.75, 9999.0, 9999.0, 9999.0, 23.84, 9999.0, 22.5, 9999.0, 22.7, 22.5, 22.25, 22.27, 22.3
2026-09-13, 02:43:53, 22.3, 22.48, 22.75, 22.75, 9999.0, 9999.0, 9999.0, 23.86, 9999.0, 22.48, 9999.0, 22.68, 22.5, 22.25, 22.3, 22.3
2026-09-13, 02:43:57, 22.3, 22.48, 22.75, 22.75, 9999.0, 9999.0, 9999.0, 23.89, 9999.0, 22.45, 9999.0, 22.68, 22.5, 22.25, 22.3, 22.3
2026-09-13, 02:44:01, 22.32, 22.48, 22.75, 22.75, 9999.0, 9999.0, 9999.0, 23.91, 9999.0, 22.43, 9999.0, 22.68, 22.5, 22.25, 22.3, 22.32
2026-09-13, 02:44:05, 22.32, 22.48, 22.75, 22.75, 9999.0, 9999.0, 9999.0, 23.95, 9999.0, 22.39, 9999.0, 22.68, 22.5, 22.25, 22.3, 22.32
2026-09-13, 02:44:09, 22.32, 22.48, 22.75, 22.75, 9999.0, 9999.0, 9999.0, 23.98, 9999.0, 22.34, 9999.0, 22.68, 22.5, 22.25, 22.3, 22.34
2026-09-13, 02:44:13, 22.3, 22.48, 22.75, 22.75, 9999.0, 9999.0, 9999.0, 23.93, 9999.0, 22.32, 9999.0, 22.68, 22.5, 22.25, 22.32, 22.36
2026-09-13, 02:44:17, 22.3, 22.48, 22.75, 22.75, 9999.0, 9999.0, 9999.0, 23.89, 9999.0, 22.3, 9999.0, 22.7, 22.5, 22.25, 22.32, 22.34
2026-09-13, 02:44:21, 22.3, 22.48, 22.75, 22.75, 9999.0, 9999.0, 9999.0, 23.82, 9999.0, 22.27, 9999.0, 22.73, 22.5, 22.25, 22.3, 22.34
2026-09-13, 02:44:25, 22.3, 22.48, 22.75, 22.75, 9999.0, 9999.0, 9999.0, 23.77, 9999.0, 22.27, 9999.0, 22.73, 22.5, 22.25, 22.3, 22.32
2026-09-13, 02:44:29, 22.3, 22.5, 22.75, 22.75, 9999.0, 9999.0, 9999.0, 23.73, 9999.0, 22.3, 9999.0, 22.75, 22.5, 22.25, 22.3, 22.32
2026-09-13, 02:44:33, 22.27, 22.5, 22.75, 22.75, 9999.0, 9999.0, 9999.0, 23.68, 9999.0, 22.32, 9999.0, 22.77, 22.5, 22.25, 22.32, 22.34
2026-09-13, 02:44:37, 22.27, 22.5, 22.75, 22.75, 9999.0, 9999.0, 9999.0, 23.66, 9999.0, 22.36, 9999.0, 22.8, 22.5, 22.25, 22.3, 22.36
2026-09-13, 02:44:41, 22.27, 22.5, 22.75, 22.75, 9999.0, 9999.0, 9999.0, 23.64, 9999.0, 22.41, 9999.0, 22.8, 22.5, 22.25, 22.32, 22.36
2026-09-13, 02:44:45, 22.25, 22.5, 22.75, 22.75, 9999.0, 9999.0, 9999.0, 23.68, 9999.0, 22.45, 9999.0, 22.8, 22.5, 22.25, 22.32, 22.34
2026-09-13, 02:44:49, 22.25, 22.5, 22.75, 22.75, 9999.0, 9999.0, 9999.0, 23.7, 9999.0, 22.48, 9999.0, 22.8, 22.5, 22.25, 22.32, 22.36
2026-09-13, 02:44:53, 22.25, 22.5, 22.75, 22.75, 9999.0, 9999.0, 9999.0, 23.75, 9999.0, 22.5, 9999.0, 22.8, 22.5, 22.25, 22.34, 22.34
2026-09-13, 02:44:57, 22.25, 22.5, 22.75, 22.75, 9999.0, 9999.0, 9999.0, 23.77, 9999.0, 22.55, 9999.0, 22.8, 22.5, 22.25, 22.32, 22.34
2026-09-13, 02:45:01, 22.25, 22.5, 22.75, 22.75, 9999.0, 9999.0, 9999.0, 23.8, 9999.0, 22.57, 9999.0, 22.75, 22.5, 22.25, 22.32, 22.34
2026-09-13, 02:45:05, 22.25, 22.5, 22.75, 22.75, 9999.0, 9999.0, 9999.0, 23.84, 9999.0, 22.59, 9999.0, 22.73, 22.5, 22.25, 22.32, 22.34
2026-09-13, 02:45:09, 22.25, 22.5, 22.75, 22.75, 9999.0, 9999.0, 9999.0, 23.89, 9999.0, 22.59, 9999.0, 22.73, 22.5, 22.25, 22.32, 22.34
2026-09-13, 02:45:13, 22.25, 22.5, 22.75, 22.75, 9999.0, 9999.0, 9999.0, 23.91, 9999.0, 22.59, 9999.0, 22.73, 22.5, 22.25, 22.32, 22.34
2026-09-13, 02:45:17, 22.25, 22.5, 22.75, 22.75, 9999.0, 9999.0, 9999.0, 23.95, 9999.0, 22.59, 9999.0, 22.7, 22.5, 22.25, 22.3, 22.32
2026-09-13, 02:45:21, 22.25, 22.5, 22.75, 22.75, 9999.0, 9999.0, 9999.0, 24.0, 9999.0, 22.57, 9999.0, 22.68, 22.5, 22.25, 22.3, 22.3
2026-09-13, 02:45:25, 22.25, 22.5, 22.75, 22.75, 9999.0, 9999.0, 9999.0, 24.02, 9999.0, 22.55, 9999.0, 22.68, 22.5, 22.25, 22.27, 22.3
2026-09-13, 02:45:29, 22.25, 22.5, 22.75, 22.75, 9999.0, 9999.0, 9999.0, 23.98, 9999.0, 22.52, 9999.0, 22.68, 22.5, 22.25, 22.27, 22.3
2026-09-13, 02:45:33, 22.25, 22.5, 22.75, 22.75, 9999.0, 9999.0, 9999.0, 23.93, 9999.0, 22.52, 9999.0, 22.7, 22.5, 22.25, 22.27, 22.27
2026-09-13, 02:45:37, 22.25, 22.5, 22.75, 22.75, 9999.0, 9999.0, 9999.0, 23.89, 9999.0, 22.52, 9999.0, 22.73, 22.5, 22.25, 22.25, 22.27
2026-09-13, 02:45:41, 22.25, 22.5, 22.75, 22.75, 9999.0, 9999.0, 9999.0, 23.86, 9999.0, 22.48, 9999.0, 22.75, 22.5, 22.25, 22.27, 22.25
2026-09-13, 02:45:45, 22.25, 22.5, 22.75, 22.75, 9999.0, 9999.0, 9999.0, 23.82, 9999.0, 22.48, 9999.0, 22.77, 22.5, 22.25, 22.3, 22.25
2026-09-13, 02:45:49, 22.25, 22.5, 22.75, 22.75, 9999.0, 9999.0, 9999.0, 23.77, 9999.0, 22.48, 9999.0, 22.77, 22.5, 22.25, 22.3, 22.27
2026-09-13, 02:45:53, 22.25, 22.5, 22.75, 22.75, 9999.0, 9999.0, 9999.0, 23.73, 9999.0, 22.48, 9999.0, 22.77, 22.5, 22.25, 22.3, 22.3
2026-09-13, 02:45:58, 22.25, 22.5, 22.75, 22.75, 9999.0, 9999.0, 9999.0, 23.7, 9999.0, 22.5, 9999.0, 22.77, 22.5, 22.25, 22.3, 22.3
2026-09-13, 02:46:02, 22.25, 22.5, 22.75, 22.75, 9999.0, 9999.0, 9999.0, 23.66, 9999.0, 22.52, 9999.0, 22.8, 22.5, 22.25, 22.3, 22.3
2026-09-13, 02:46:06, 22.27, 22.5, 22.75, 22.75, 9999.0, 9999.0, 9999.0, 23.68, 9999.0, 22.55, 9999.0, 22.82, 22.52, 22.25, 22.3, 22.32
2026-09-13, 02:46:10, 22.27, 22.5, 22.75, 22.75, 9999.0, 9999.0, 9999.0, 23.73, 9999.0, 22.55, 9999.0, 22.82, 22.52, 22.25, 22.3, 22.32
2026-09-13, 02:46:14, 22.27, 22.5, 22.75, 22.75, 9999.0, 9999.0, 9999.0, 23.77, 9999.0, 22.55, 9999.0, 22.82, 22.52, 22.25, 22.3, 22.32
2026-09-13, 02:46:18, 22.27, 22.5, 22.75, 22.75, 9999.0, 9999.0, 9999.0, 23.82, 9999.0, 22.55, 9999.0, 22.8, 22.52, 22.25, 22.32, 22.32
2026-09-13, 02:46:22, 22.27, 22.5, 22.75, 22.75, 9999.0, 9999.0, 9999.0, 23.84, 9999.0, 22.55, 9999.0, 22.77, 22.52, 22.25, 22.32, 22.32
2026-09-13, 02:46:26, 22.27, 22.5, 22.75, 22.75, 9999.0, 9999.0, 9999.0, 23.86, 9999.0, 22.57, 9999.0, 22.75, 22.52, 22.25, 22.3, 22.32
2026-09-13, 02:46:30, 22.27, 22.5, 22.75, 22.75, 9999.0, 9999.0, 9999.0, 23.91, 9999.0, 22.57, 9999.0, 22.75, 22.52, 22.25, 22.3, 22.34
2026-09-13, 02:46:34, 22.27, 22.5, 22.75, 22.75, 9999.0, 9999.0, 9999.0, 23.95, 9999.0, 22.57, 9999.0, 22.75, 22.52, 22.25, 22.3, 22.34
2026-09-13, 02:46:38, 22.27, 22.5, 22.75, 22.75, 9999.0, 9999.0, 9999.0, 24.0, 9999.0, 22.57, 9999.0, 22.73, 22.52, 22.25, 22.3, 22.32
2026-09-13, 02:46:42, 22.27, 22.5, 22.75, 22.75, 9999.0, 9999.0, 9999.0, 24.02, 9999.0, 22.55, 9999.0, 22.73, 22.52, 22.25, 22.3, 22.34
2026-09-13, 02:46:46, 22.27, 22.5, 22.75, 22.75, 9999.0, 9999.0, 9999.0, 24.07, 9999.0, 22.52, 9999.0, 22.73, 22.52, 22.25, 22.3, 22.34
2026-09-13, 02:46:50, 22.27, 22.5, 22.75, 22.75, 9999.0, 9999.0, 9999.0, 24.02, 9999.0, 22.5, 9999.0, 22.73, 22.5, 22.25, 22.3, 22.32
2026-09-13, 02:46:54, 22.27, 22.5, 22.75, 22.75, 9999.0, 9999.0, 9999.0, 23.98, 9999.0, 22.5, 9999.0, 22.75, 22.5, 22.25, 22.32, 22.32
2026-09-13, 02:46:58, 22.27, 22.5, 22.75, 22.75, 9999.0, 9999.0, 9999.0, 23.93, 9999.0, 22.5, 9999.0, 22.75, 22.5, 22.25, 22.32, 22.34
2026-09-13, 02:47:02, 22.27, 22.5, 22.75, 22.75, 9999.0, 9999.0, 9999.0, 23.89, 9999.0, 22.52, 9999.0, 22.75, 22.5, 22.25, 22.3, 22.34
2026-09-13, 02:47:06, 22.3, 22.5, 22.75, 22.75, 9999.0, 9999.0, 9999.0, 23.86, 9999.0, 22.55, 9999.0, 22.75, 22.5, 22.25, 22.3, 22.34
2026-09-13, 02:47:10, 22.3, 22.5, 22.75, 22.75, 9999.0, 9999.0, 9999.0, 23.84, 9999.0, 22.57, 9999.0, 22.75, 22.5, 22.25, 22.3, 22.34
2026-09-13, 02:47:14, 22.3, 22.5, 22.75, 22.75, 9999.0, 9999.0, 9999.0, 23.8, 9999.0, 22.59, 9999.0, 22.75, 22.5, 22.25, 22.27, 22.32
2026-09-13, 02:47:18, 22.3, 22.5, 22.75, 22.75, 9999.0, 9999.0, 9999.0, 23.77, 9999.0, 22.61, 9999.0, 22.75, 22.5, 22.25, 22.3, 22.3
2026-09-13, 02:47:22, 22.3, 22.5, 22.75, 22.75, 9999.0, 9999.0, 9999.0, 23.8, 9999.0, 22.64, 9999.0, 22.77, 22.5, 22.25, 22.3, 22.3
2026-09-13, 02:47:26, 22.3, 22.5, 22.75, 22.75, 9999.0, 9999.0, 9999.0, 23.84, 9999.0, 22.66, 9999.0, 22.77, 22.5, 22.25, 22.3, 22.27
2026-09-13, 02:47:30, 22.3, 22.5, 22.75, 22.75, 9999.0, 9999.0, 9999.0, 23.86, 9999.0, 22.68, 9999.0, 22.77, 22.5, 22.25, 22.3, 22.27
2026-09-13, 02:47:34, 22.27, 22.5, 22.75, 22.75, 9999.0, 9999.0, 9999.0, 23.89, 9999.0, 22.7, 9999.0, 22.77, 22.5, 22.25, 22.3, 22.27
2026-09-13, 02:47:38, 22.27, 22.5, 22.75, 22.75, 9999.0, 9999.0, 9999.0, 23.91, 9999.0, 22.73, 9999.0, 22.73, 22.5, 22.25, 22.27, 22.27
2026-09-13, 02:47:42, 22.27, 22.5, 22.75, 22.75, 9999.0, 9999.0, 9999.0, 23.93, 9999.0, 22.75, 9999.0, 22.7, 22.5, 22.25, 22.27, 22.25
2026-09-13, 02:47:46, 22.3, 22.5, 22.75, 22.75, 9999.0, 9999.0, 9999.0, 23.95, 9999.0, 22.75, 9999.0, 22.7, 22.5, 22.25, 22.27, 22.27
2026-09-13, 02:47:50, 22.27, 22.5, 22.75, 22.75, 9999.0, 9999.0, 9999.0, 23.98, 9999.0, 22.75, 9999.0, 22.68, 22.5, 22.25, 22.27, 22.27
2026-09-13, 02:47:54, 22.27, 22.5, 22.75, 22.75, 9999.0, 9999.0, 9999.0, 24.0, 9999.0, 22.75, 9999.0, 22.66, 22.5, 22.25, 22.27, 22.27
2026-09-13, 02:47:58, 22.27, 22.5, 22.75, 22.75, 9999.0, 9999.0, 9999.0, 24.05, 9999.0, 22.73, 9999.0, 22.66, 22.5, 22.25, 22.27, 22.27
2026-09-13, 02:48:02, 22.27, 22.5, 22.75, 22.75, 9999.0, 9999.0, 9999.0, 24.07, 9999.0, 22.7, 9999.0, 22.66, 22.5, 22.25, 22.25, 22.27
2026-09-13, 02:48:06, 22.27, 22.5, 22.75, 22.75, 9999.0, 9999.0, 9999.0, 24.02, 9999.0, 22.68, 9999.0, 22.66, 22.5, 22.25, 22.27, 22.27
2026-09-13, 02:48:10, 22.27, 22.5, 22.75, 22.75, 9999.0, 9999.0, 9999.0, 23.98, 9999.0, 22.68, 9999.0, 22.68, 22.5, 22.25, 22.3, 22.27
2026-09-13, 02:48:14, 22.27, 22.5, 22.75, 22.75, 9999.0, 9999.0, 9999.0, 23.93, 9999.0, 22.66, 9999.0, 22.68, 22.5, 22.25, 22.3, 22.27
2026-09-13, 02:48:18, 22.27, 22.5, 22.75, 22.75, 9999.0, 9999.0, 9999.0, 23.91, 9999.0, 22.66, 9999.0, 22.68, 22.5, 22.25, 22.3, 22.27
2026-09-13, 02:48:22, 22.27, 22.5, 22.75, 22.75, 9999.0, 9999.0, 9999.0, 23.89, 9999.0, 22.66, 9999.0, 22.7, 22.5, 22.25, 22.3, 22.27
2026-09-13, 02:48:26, 22.27, 22.5, 22.75, 22.75, 9999.0, 9999.0, 9999.0, 23.86, 9999.0, 22.66, 9999.0, 22.73, 22.5, 22.25, 22.3, 22.27
2026-09-13, 02:48:30, 22.25, 22.5, 22.75, 22.75, 9999.0, 9999.0, 9999.0, 23.84, 9999.0, 22.66, 9999.0, 22.73, 22.5, 22.25, 22.3, 22.25
2026-09-13, 02:48:34, 22.25, 22.5, 22.75, 22.75, 9999.0, 9999.0, 9999.0, 23.8, 9999.0, 22.68, 9999.0, 22.75, 22.5, 22.25, 22.3, 22.25
2026-09-13, 02:48:38, 22.25, 22.5, 22.75, 22.75, 9999.0, 9999.0, 9999.0, 23.84, 9999.0, 22.68, 9999.0, 22.77, 22.5, 22.25, 22.3, 22.25
2026-09-13, 02:48:42, 22.25, 22.5, 22.75, 22.75, 9999.0, 9999.0, 9999.0, 23.86, 9999.0, 22.7, 9999.0, 22.77, 22.5, 22.25, 22.3, 22.25
2026-09-13, 02:48:46, 22.25, 22.5, 22.75, 22.75, 9999.0, 9999.0, 9999.0, 23.89, 9999.0, 22.73, 9999.0, 22.77, 22.5, 22.25, 22.3, 22.25
2026-09-13, 02:48:50, 22.25, 22.5, 22.75, 22.75, 9999.0, 9999.0, 9999.0, 23.93, 9999.0, 22.75, 9999.0, 22.77, 22.5, 22.25, 22.27, 22.25
2026-09-13, 02:48:54, 22.25, 22.5, 22.75, 22.75, 9999.0, 9999.0, 9999.0, 23.98, 9999.0, 22.75, 9999.0, 22.75, 22.5, 22.25, 22.25, 22.25
2026-09-13, 02:48:58, 22.25, 22.5, 22.75, 22.75, 9999.0, 9999.0, 9999.0, 24.0, 9999.0, 22.77, 9999.0, 22.73, 22.5, 22.25, 22.25, 22.25
2026-09-13, 02:49:02, 22.25, 22.5, 22.75, 22.75, 9999.0, 9999.0, 9999.0, 24.02, 9999.0, 22.77, 9999.0, 22.7, 22.5, 22.25, 22.25, 22.25
2026-09-13, 02:49:06, 22.25, 22.5, 22.75, 22.75, 9999.0, 9999.0, 9999.0, 24.05, 9999.0, 22.77, 9999.0, 22.68, 22.5, 22.25, 22.25, 22.25
2026-09-13, 02:49:10, 22.25, 22.5, 22.75, 22.75, 9999.0, 9999.0, 9999.0, 24.07, 9999.0, 22.77, 9999.0, 22.66, 22.5, 22.25, 22.25, 22.25
2026-09-13, 02:49:14, 22.25, 22.5, 22.75, 22.75, 9999.0, 9999.0, 9999.0, 24.09, 9999.0, 22.77, 9999.0, 22.66, 22.5, 22.25, 22.25, 22.25
2026-09-13, 02:49:18, 22.25, 22.5, 22.75, 22.75, 9999.0, 9999.0, 9999.0, 24.14, 9999.0, 22.75, 9999.0, 22.66, 22.5, 22.25, 22.25, 22.25
2026-09-13, 02:49:22, 22.27, 22.5, 22.75, 22.75, 9999.0, 9999.0, 9999.0, 24.09, 9999.0, 22.73, 9999.0, 22.66, 22.5, 22.25, 22.25, 22.25
2026-09-13, 02:49:26, 22.27, 22.5, 22.75, 22.75, 9999.0, 9999.0, 9999.0, 24.07, 9999.0, 22.7, 9999.0, 22.68, 22.5, 22.25, 22.27, 22.25
2026-09-13, 02:49:30, 22.27, 22.5, 22.75, 22.75, 9999.0, 9999.0, 9999.0, 24.02, 9999.0, 22.7, 9999.0, 22.68, 22.5, 22.25, 22.27, 22.25
2026-09-13, 02:49:34, 22.3, 22.5, 22.75, 22.75, 9999.0, 9999.0, 9999.0, 23.98, 9999.0, 22.7, 9999.0, 22.68, 22.5, 22.25, 22.27, 22.25
2026-09-13, 02:49:38, 22.3, 22.5, 22.75, 22.75, 9999.0, 9999.0, 9999.0, 23.93, 9999.0, 22.7, 9999.0, 22.68, 22.5, 22.25, 22.27, 22.25
2026-09-13, 02:49:42, 22.3, 22.5, 22.75, 22.75, 9999.0, 9999.0, 9999.0, 23.91, 9999.0, 22.7, 9999.0, 22.7, 22.5, 22.25, 22.27, 22.25
2026-09-13, 02:49:46, 22.3, 22.5, 22.75, 22.75, 9999.0, 9999.0, 9999.0, 23.86, 9999.0, 22.73, 9999.0, 22.73, 22.5, 22.25, 22.27, 22.25
2026-09-13, 02:49:51, 22.3, 22.5, 22.75, 22.75, 9999.0, 9999.0, 9999.0, 23.84, 9999.0, 22.73, 9999.0, 22.75, 22.5, 22.25, 22.27, 22.25
2026-09-13, 02:49:55, 22.3, 22.5, 22.75, 22.75, 9999.0, 9999.0, 9999.0, 23.8, 9999.0, 22.73, 9999.0, 22.77, 22.5, 22.25, 22.27, 22.25
2026-09-13, 02:49:59, 22.3, 22.5, 22.75, 22.75, 9999.0, 9999.0, 9999.0, 23.82, 9999.0, 22.73, 9999.0, 22.77, 22.5, 22.25, 22.3, 22.25
2026-09-13, 02:50:03, 22.3, 22.5, 22.75, 22.75, 9999.0, 9999.0, 9999.0, 23.86, 9999.0, 22.73, 9999.0, 22.77, 22.5, 22.25, 22.3, 22.25
2026-09-13, 02:50:07, 22.3, 22.5, 22.75, 22.75, 9999.0, 9999.0, 9999.0, 23.89, 9999.0, 22.75, 9999.0, 22.75, 22.5, 22.25, 22.3, 22.25
2026-09-13, 02:50:11, 22.3, 22.5, 22.75, 22.75, 9999.0, 9999.0, 9999.0, 23.89, 9999.0, 22.77, 9999.0, 22.73, 22.5, 22.25, 22.27, 22.27
2026-09-13, 02:50:15, 22.3, 22.5, 22.75, 22.75, 9999.0, 9999.0, 9999.0, 23.91, 9999.0, 22.77, 9999.0, 22.7, 22.5, 22.25, 22.27, 22.27
2026-09-13, 02:50:19, 22.27, 22.5, 22.75, 22.75, 9999.0, 9999.0, 9999.0, 23.93, 9999.0, 22.77, 9999.0, 22.68, 22.5, 22.25, 22.27, 22.27
2026-09-13, 02:50:23, 22.27, 22.5, 22.75, 22.75, 9999.0, 9999.0, 9999.0, 23.95, 9999.0, 22.77, 9999.0, 22.66, 22.5, 22.25, 22.27, 22.27
2026-09-13, 02:50:27, 22.27, 22.5, 22.75, 22.75, 9999.0, 9999.0, 9999.0, 23.98, 9999.0, 22.77, 9999.0, 22.64, 22.5, 22.25, 22.27, 22.27
2026-09-13, 02:50:31, 22.27, 22.5, 22.75, 22.75, 9999.0, 9999.0, 9999.0, 24.02, 9999.0, 22.75, 9999.0, 22.61, 22.5, 22.25, 22.27, 22.27
2026-09-13, 02:50:35, 22.27, 22.5, 22.75, 22.75, 9999.0, 9999.0, 9999.0, 24.05, 9999.0, 22.73, 9999.0, 22.61, 22.5, 22.25, 22.27, 22.3
2026-09-13, 02:50:39, 22.3, 22.5, 22.75, 22.75, 9999.0, 9999.0, 9999.0, 24.09, 9999.0, 22.73, 9999.0, 22.61, 22.5, 22.25, 22.27, 22.3
2026-09-13, 02:50:43, 22.3, 22.5, 22.75, 22.75, 9999.0, 9999.0, 9999.0, 24.07, 9999.0, 22.73, 9999.0, 22.61, 22.5, 22.25, 22.25, 22.3
2026-09-13, 02:50:47, 22.3, 22.5, 22.75, 22.75, 9999.0, 9999.0, 9999.0, 24.02, 9999.0, 22.7, 9999.0, 22.61, 22.5, 22.25, 22.25, 22.3
2026-09-13, 02:50:51, 22.27, 22.5, 22.75, 22.75, 9999.0, 9999.0, 9999.0, 24.0, 9999.0, 22.68, 9999.0, 22.66, 22.5, 22.25, 22.25, 22.3
2026-09-13, 02:50:55, 22.3, 22.5, 22.75, 22.75, 9999.0, 9999.0, 9999.0, 23.98, 9999.0, 22.68, 9999.0, 22.66, 22.5, 22.25, 22.25, 22.27
2026-09-13, 02:50:59, 22.3, 22.5, 22.75, 22.75, 9999.0, 9999.0, 9999.0, 23.95, 9999.0, 22.68, 9999.0, 22.68, 22.5, 22.25, 22.25, 22.27
2026-09-13, 02:51:03, 22.3, 22.5, 22.75, 22.75, 9999.0, 9999.0, 9999.0, 23.93, 9999.0, 22.68, 9999.0, 22.7, 22.5, 22.25, 22.25, 22.3
2026-09-13, 02:51:07, 22.3, 22.5, 22.75, 22.75, 9999.0, 9999.0, 9999.0, 23.91, 9999.0, 22.7, 9999.0, 22.73, 22.5, 22.25, 22.25, 22.3
2026-09-13, 02:51:11, 22.3, 22.5, 22.75, 22.75, 9999.0, 9999.0, 9999.0, 23.86, 9999.0, 22.73, 9999.0, 22.75, 22.5, 22.25, 22.25, 22.3
2026-09-13, 02:51:15, 22.3, 22.5, 22.75, 22.75, 9999.0, 9999.0, 9999.0, 23.91, 9999.0, 22.73, 9999.0, 22.77, 22.5, 22.25, 22.25, 22.3
2026-09-13, 02:51:19, 22.3, 22.5, 22.75, 22.75, 9999.0, 9999.0, 9999.0, 23.93, 9999.0, 22.75, 9999.0, 22.77, 22.5, 22.25, 22.25, 22.27
2026-09-13, 02:51:23, 22.27, 22.5, 22.75, 22.75, 9999.0, 9999.0, 9999.0, 23.95, 9999.0, 22.75, 9999.0, 22.77, 22.5, 22.25, 22.27, 22.27
2026-09-13, 02:51:27, 22.27, 22.5, 22.75, 22.75, 9999.0, 9999.0, 9999.0, 23.98, 9999.0, 22.75, 9999.0, 22.75, 22.5, 22.25, 22.27, 22.27
2026-09-13, 02:51:31, 22.27, 22.5, 22.75, 22.75, 9999.0, 9999.0, 9999.0, 24.0, 9999.0, 22.77, 9999.0, 22.73, 22.5, 22.25, 22.27, 22.27
2026-09-13, 02:51:35, 22.27, 22.5, 22.75, 22.75, 9999.0, 9999.0, 9999.0, 24.0, 9999.0, 22.8, 9999.0, 22.68, 22.5, 22.25, 22.27, 22.27
2026-09-13, 02:51:39, 22.25, 22.5, 22.75, 22.75, 9999.0, 9999.0, 9999.0, 24.02, 9999.0, 22.8, 9999.0, 22.66, 22.5, 22.25, 22.27, 22.27
2026-09-13, 02:51:43, 22.25, 22.5, 22.75, 22.75, 9999.0, 9999.0, 9999.0, 24.05, 9999.0, 22.8, 9999.0, 22.64, 22.5, 22.25, 22.27, 22.27
2026-09-13, 02:51:47, 22.25, 22.5, 22.75, 22.75, 9999.0, 9999.0, 9999.0, 24.07, 9999.0, 22.8, 9999.0, 22.61, 22.5, 22.25, 22.27, 22.25
2026-09-13, 02:51:51, 22.25, 22.5, 22.75, 22.75, 9999.0, 9999.0, 9999.0, 24.09, 9999.0, 22.77, 9999.0, 22.61, 22.5, 22.25, 22.27, 22.25
2026-09-13, 02:51:55, 22.25, 22.5, 22.75, 22.75, 9999.0, 9999.0, 9999.0, 24.14, 9999.0, 22.75, 9999.0, 22.61, 22.5, 22.25, 22.27, 22.25
2026-09-13, 02:51:59, 22.27, 22.5, 22.75, 22.75, 9999.0, 9999.0, 9999.0, 24.07, 9999.0, 22.75, 9999.0, 22.61, 22.5, 22.25, 22.27, 22.25
2026-09-13, 02:52:03, 22.27, 22.5, 22.75, 22.75, 9999.0, 9999.0, 9999.0, 24.02, 9999.0, 22.73, 9999.0, 22.61, 22.5, 22.25, 22.27, 22.25
2026-09-13, 02:52:07, 22.27, 22.5, 22.75, 22.75, 9999.0, 9999.0, 9999.0, 23.98, 9999.0, 22.7, 9999.0, 22.61, 22.5, 22.25, 22.25, 22.25
2026-09-13, 02:52:11, 22.27, 22.5, 22.75, 22.75, 9999.0, 9999.0, 9999.0, 23.93, 9999.0, 22.7, 9999.0, 22.64, 22.5, 22.25, 22.25, 22.25
2026-09-13, 02:52:23, 22.3, 22.5, 22.75, 22.75, 9999.0, 9999.0, 9999.0, 23.91, 9999.0, 22.68, 9999.0, 22.64, 22.5, 22.25, 22.25, 22.25
2026-09-13, 02:52:31, 22.32, 22.5, 22.75, 22.75, 9999.0, 9999.0, 9999.0, 23.91, 9999.0, 22.66, 9999.0, 22.64, 22.5, 22.25, 22.25, 22.25
2026-09-13, 02:52:35, 22.32, 22.5, 22.75, 22.75, 9999.0, 9999.0, 9999.0, 23.91, 9999.0, 22.64, 9999.0, 22.64, 22.5, 22.25, 22.25, 22.25
2026-09-13, 02:52:39, 22.32, 22.5, 22.75, 22.75, 9999.0, 9999.0, 9999.0, 23.91, 9999.0, 22.61, 9999.0, 22.66, 22.5, 22.25, 22.25, 22.25
2026-09-13, 02:52:43, 22.32, 22.5, 22.75, 22.75, 9999.0, 9999.0, 9999.0, 23.91, 9999.0, 22.59, 9999.0, 22.68, 22.5, 22.25, 22.25, 22.25
2026-09-13, 02:52:47, 22.34, 22.5, 22.75, 22.75, 9999.0, 9999.0, 9999.0, 23.91, 9999.0, 22.57, 9999.0, 22.68, 22.5, 22.25, 22.25, 22.25
2026-09-13, 02:52:51, 22.34, 22.5, 22.75, 22.75, 9999.0, 9999.0, 9999.0, 23.91, 9999.0, 22.55, 9999.0, 22.7, 22.5, 22.25, 22.25, 22.25
2026-09-13, 02:52:55, 22.32, 22.5, 22.75, 22.75, 9999.0, 9999.0, 9999.0, 23.91, 9999.0, 22.5, 9999.0, 22.7, 22.5, 22.25, 22.25, 22.25
2026-09-13, 02:52:59, 22.32, 22.5, 22.75, 22.75, 9999.0, 9999.0, 9999.0, 23.91, 9999.0, 22.5, 9999.0, 22.7, 22.5, 22.25, 22.25, 22.25
2026-09-13, 02:53:03, 22.32, 22.5, 22.75, 22.75, 9999.0, 9999.0, 9999.0, 23.91, 9999.0, 22.5, 9999.0, 22.7, 22.5, 22.25, 22.25, 22.25
2026-09-13, 02:53:07, 22.32, 22.5, 22.75, 22.73, 9999.0, 9999.0, 9999.0, 23.91, 9999.0, 22.48, 9999.0, 22.7, 22.5, 22.25, 22.25, 22.25
2026-09-13, 02:53:11, 22.3, 22.5, 22.75, 22.73, 9999.0, 9999.0, 9999.0, 23.89, 9999.0, 22.5, 9999.0, 22.73, 22.5, 22.25, 22.25, 22.25
2026-09-13, 02:53:15, 22.27, 22.5, 22.75, 22.73, 9999.0, 9999.0, 9999.0, 23.86, 9999.0, 22.52, 9999.0, 22.75, 22.5, 22.25, 22.25, 22.25
2026-09-13, 02:53:19, 22.27, 22.5, 22.75, 22.73, 9999.0, 9999.0, 9999.0, 23.82, 9999.0, 22.52, 9999.0, 22.77, 22.5, 22.25, 22.25, 22.25
2026-09-13, 02:53:23, 22.27, 22.5, 22.75, 22.73, 9999.0, 9999.0, 9999.0, 23.84, 9999.0, 22.52, 9999.0, 22.77, 22.5, 22.25, 22.25, 22.25
2026-09-13, 02:53:27, 22.27, 22.5, 22.75, 22.73, 9999.0, 9999.0, 9999.0, 23.86, 9999.0, 22.55, 9999.0, 22.77, 22.5, 22.25, 22.25, 22.25
2026-09-13, 02:53:31, 22.25, 22.5, 22.75, 22.73, 9999.0, 9999.0, 9999.0, 23.89, 9999.0, 22.57, 9999.0, 22.75, 22.5, 22.25, 22.25, 22.25
2026-09-13, 02:53:35, 22.25, 22.5, 22.75, 22.73, 9999.0, 9999.0, 9999.0, 23.89, 9999.0, 22.57, 9999.0, 22.73, 22.5, 22.25, 22.25, 22.25
2026-09-13, 02:53:39, 22.25, 22.5, 22.75, 22.73, 9999.0, 9999.0, 9999.0, 23.91, 9999.0, 22.59, 9999.0, 22.7, 22.5, 22.25, 22.25, 22.25
2026-09-13, 02:53:44, 22.25, 22.5, 22.75, 22.73, 9999.0, 9999.0, 9999.0, 23.93, 9999.0, 22.59, 9999.0, 22.7, 22.5, 22.25, 22.25, 22.25
2026-09-13, 02:53:48, 22.25, 22.5, 22.75, 22.73, 9999.0, 9999.0, 9999.0, 23.95, 9999.0, 22.57, 9999.0, 22.68, 22.5, 22.25, 22.25, 22.25
2026-09-13, 02:53:52, 22.25, 22.5, 22.75, 22.75, 9999.0, 9999.0, 9999.0, 23.98, 9999.0, 22.57, 9999.0, 22.66, 22.5, 22.25, 22.25, 22.25
2026-09-13, 02:53:56, 22.25, 22.5, 22.75, 22.75, 9999.0, 9999.0, 9999.0, 24.0, 9999.0, 22.52, 9999.0, 22.64, 22.5, 22.25, 22.25, 22.25
2026-09-13, 02:54:00, 22.25, 22.5, 22.75, 22.75, 9999.0, 9999.0, 9999.0, 24.02, 9999.0, 22.5, 9999.0, 22.64, 22.5, 22.25, 22.25, 22.25
2026-09-13, 02:54:04, 22.25, 22.5, 22.75, 22.75, 9999.0, 9999.0, 9999.0, 24.05, 9999.0, 22.48, 9999.0, 22.64, 22.5, 22.25, 22.25, 22.25
2026-09-13, 02:54:08, 22.25, 22.5, 22.75, 22.75, 9999.0, 9999.0, 9999.0, 24.0, 9999.0, 22.45, 9999.0, 22.64, 22.5, 22.25, 22.25, 22.25
2026-09-13, 02:54:12, 22.25, 22.5, 22.75, 22.75, 9999.0, 9999.0, 9999.0, 23.95, 9999.0, 22.41, 9999.0, 22.64, 22.5, 22.25, 22.25, 22.25
2026-09-13, 02:54:16, 22.25, 22.5, 22.75, 22.75, 9999.0, 9999.0, 9999.0, 23.91, 9999.0, 22.36, 9999.0, 22.66, 22.5, 22.25, 22.25, 22.25
2026-09-13, 02:54:20, 22.25, 22.5, 22.75, 22.75, 9999.0, 9999.0, 9999.0, 23.89, 9999.0, 22.36, 9999.0, 22.66, 22.5, 22.25, 22.27, 22.25
2026-09-13, 02:54:24, 22.25, 22.5, 22.75, 22.75, 9999.0, 9999.0, 9999.0, 23.86, 9999.0, 22.36, 9999.0, 22.68, 22.5, 22.25, 22.27, 22.25
2026-09-13, 02:54:28, 22.25, 22.5, 22.75, 22.75, 9999.0, 9999.0, 9999.0, 23.84, 9999.0, 22.36, 9999.0, 22.68, 22.5, 22.25, 22.27, 22.25
2026-09-13, 02:54:32, 22.27, 22.5, 22.75, 22.75, 9999.0, 9999.0, 9999.0, 23.8, 9999.0, 22.41, 9999.0, 22.7, 22.5, 22.25, 22.27, 22.25
2026-09-13, 02:54:36, 22.27, 22.5, 22.75, 22.75, 9999.0, 9999.0, 9999.0, 23.75, 9999.0, 22.41, 9999.0, 22.73, 22.5, 22.25, 22.27, 22.25
2026-09-13, 02:54:40, 22.27, 22.5, 22.75, 22.75, 9999.0, 9999.0, 9999.0, 23.77, 9999.0, 22.43, 9999.0, 22.75, 22.5, 22.25, 22.27, 22.25
2026-09-13, 02:54:44, 22.27, 22.5, 22.75, 22.75, 9999.0, 9999.0, 9999.0, 23.8, 9999.0, 22.43, 9999.0, 22.75, 22.5, 22.25, 22.27, 22.25
2026-09-13, 02:54:48, 22.27, 22.5, 22.75, 22.75, 9999.0, 9999.0, 9999.0, 23.82, 9999.0, 22.45, 9999.0, 22.75, 22.5, 22.25, 22.27, 22.25
2026-09-13, 02:54:52, 22.27, 22.5, 22.75, 22.75, 9999.0, 9999.0, 9999.0, 23.84, 9999.0, 22.48, 9999.0, 22.75, 22.5, 22.25, 22.3, 22.25
2026-09-13, 02:54:56, 22.27, 22.48, 22.75, 22.75, 9999.0, 9999.0, 9999.0, 23.86, 9999.0, 22.5, 9999.0, 22.75, 22.5, 22.25, 22.32, 22.25
2026-09-13, 02:55:00, 22.27, 22.45, 22.75, 22.75, 9999.0, 9999.0, 9999.0, 23.89, 9999.0, 22.5, 9999.0, 22.75, 22.5, 22.25, 22.34, 22.25
2026-09-13, 02:55:04, 22.27, 22.43, 22.75, 22.75, 9999.0, 9999.0, 9999.0, 23.91, 9999.0, 22.48, 9999.0, 22.75, 22.5, 22.25, 22.34, 22.25
2026-09-13, 02:55:08, 22.27, 22.43, 22.75, 22.73, 9999.0, 9999.0, 9999.0, 23.91, 9999.0, 22.45, 9999.0, 22.75, 22.5, 22.25, 22.34, 22.25
2026-09-13, 02:55:12, 22.27, 22.43, 22.75, 22.73, 9999.0, 9999.0, 9999.0, 23.91, 9999.0, 22.43, 9999.0, 22.73, 22.5, 22.25, 22.36, 22.25
2026-09-13, 02:55:16, 22.25, 22.43, 22.75, 22.73, 9999.0, 9999.0, 9999.0, 23.93, 9999.0, 22.39, 9999.0, 22.7, 22.5, 22.25, 22.36, 22.25
2026-09-13, 02:55:20, 22.25, 22.43, 22.75, 22.73, 9999.0, 9999.0, 9999.0, 23.95, 9999.0, 22.36, 9999.0, 22.7, 22.5, 22.25, 22.36, 22.25
2026-09-13, 02:55:24, 22.25, 22.41, 22.75, 22.73, 9999.0, 9999.0, 9999.0, 23.91, 9999.0, 22.32, 9999.0, 22.7, 22.5, 22.25, 22.36, 22.25
2026-09-13, 02:55:28, 22.25, 22.41, 22.75, 22.73, 9999.0, 9999.0, 9999.0, 23.84, 9999.0, 22.3, 9999.0, 22.7, 22.5, 22.25, 22.36, 22.25
2026-09-13, 02:55:32, 22.25, 22.39, 22.75, 22.73, 9999.0, 9999.0, 9999.0, 23.82, 9999.0, 22.27, 9999.0, 22.7, 22.5, 22.25, 22.39, 22.25
2026-09-13, 02:55:36, 22.25, 22.36, 22.75, 22.73, 9999.0, 9999.0, 9999.0, 23.77, 9999.0, 22.23, 9999.0, 22.7, 22.5, 22.25, 22.36, 22.25
2026-09-13, 02:55:40, 22.25, 22.39, 22.75, 22.73, 9999.0, 9999.0, 9999.0, 23.73, 9999.0, 22.2, 9999.0, 22.7, 22.5, 22.25, 22.36, 22.25
2026-09-13, 02:55:44, 22.25, 22.41, 22.75, 22.73, 9999.0, 9999.0, 9999.0, 23.68, 9999.0, 22.2, 9999.0, 22.7, 22.5, 22.25, 22.34, 22.25
2026-09-13, 02:55:48, 22.27, 22.43, 22.75, 22.73, 9999.0, 9999.0, 9999.0, 23.64, 9999.0, 22.23, 9999.0, 22.7, 22.5, 22.25, 22.32, 22.25
2026-09-13, 02:55:52, 22.27, 22.43, 22.75, 22.75, 9999.0, 9999.0, 9999.0, 23.61, 9999.0, 22.25, 9999.0, 22.7, 22.5, 22.25, 22.32, 22.25
2026-09-13, 02:55:56, 22.27, 22.43, 22.75, 22.75, 9999.0, 9999.0, 9999.0, 23.57, 9999.0, 22.27, 9999.0, 22.73, 22.5, 22.25, 22.3, 22.25
2026-09-13, 02:56:00, 22.27, 22.43, 22.75, 22.75, 9999.0, 9999.0, 9999.0, 23.61, 9999.0, 22.27, 9999.0, 22.75, 22.5, 22.25, 22.3, 22.25
2026-09-13, 02:56:04, 22.3, 22.43, 22.75, 22.75, 9999.0, 9999.0, 9999.0, 23.64, 9999.0, 22.3, 9999.0, 22.75, 22.5, 22.25, 22.3, 22.25
2026-09-13, 02:56:08, 22.3, 22.45, 22.75, 22.75, 9999.0, 9999.0, 9999.0, 23.66, 9999.0, 22.34, 9999.0, 22.75, 22.5, 22.25, 22.3, 22.25
2026-09-13, 02:56:12, 22.3, 22.45, 22.75, 22.75, 9999.0, 9999.0, 9999.0, 23.7, 9999.0, 22.36, 9999.0, 22.75, 22.5, 22.25, 22.3, 22.25
2026-09-13, 02:56:16, 22.3, 22.48, 22.75, 22.75, 9999.0, 9999.0, 9999.0, 23.73, 9999.0, 22.36, 9999.0, 22.73, 22.5, 22.25, 22.27, 22.25
2026-09-13, 02:56:20, 22.3, 22.5, 22.75, 22.75, 9999.0, 9999.0, 9999.0, 23.77, 9999.0, 22.39, 9999.0, 22.7, 22.5, 22.25, 22.27, 22.25
2026-09-13, 02:56:24, 22.3, 22.5, 22.75, 22.75, 9999.0, 9999.0, 9999.0, 23.8, 9999.0, 22.39, 9999.0, 22.7, 22.5, 22.25, 22.25, 22.25
2026-09-13, 02:56:28, 22.3, 22.5, 22.75, 22.75, 9999.0, 9999.0, 9999.0, 23.82, 9999.0, 22.39, 9999.0, 22.68, 22.5, 22.25, 22.25, 22.25
2026-09-13, 02:56:32, 22.27, 22.5, 22.75, 22.75, 9999.0, 9999.0, 9999.0, 23.86, 9999.0, 22.36, 9999.0, 22.66, 22.5, 22.25, 22.25, 22.25
2026-09-13, 02:56:36, 22.27, 22.5, 22.75, 22.75, 9999.0, 9999.0, 9999.0, 23.89, 9999.0, 22.34, 9999.0, 22.66, 22.5, 22.25, 22.27, 22.25
2026-09-13, 02:56:40, 22.27, 22.5, 22.75, 22.75, 9999.0, 9999.0, 9999.0, 23.93, 9999.0, 22.3, 9999.0, 22.66, 22.5, 22.25, 22.27, 22.25
2026-09-13, 02:56:44, 22.27, 22.5, 22.75, 22.75, 9999.0, 9999.0, 9999.0, 23.89, 9999.0, 22.3, 9999.0, 22.66, 22.5, 22.25, 22.27, 22.25
2026-09-13, 02:56:48, 22.25, 22.5, 22.75, 22.75, 9999.0, 9999.0, 9999.0, 23.84, 9999.0, 22.25, 9999.0, 22.66, 22.5, 22.25, 22.27, 22.25
2026-09-13, 02:56:52, 22.25, 22.5, 22.75, 22.75, 9999.0, 9999.0, 9999.0, 23.8, 9999.0, 22.2, 9999.0, 22.68, 22.5, 22.25, 22.27, 22.25
2026-09-13, 02:56:56, 22.25, 22.5, 22.75, 22.75, 9999.0, 9999.0, 9999.0, 23.75, 9999.0, 22.16, 9999.0, 22.68, 22.5, 22.25, 22.27, 22.25
2026-09-13, 02:57:00, 22.27, 22.5, 22.75, 22.75, 9999.0, 9999.0, 9999.0, 23.7, 9999.0, 22.16, 9999.0, 22.7, 22.5, 22.25, 22.27, 22.27
2026-09-13, 02:57:04, 22.27, 22.5, 22.75, 22.75, 9999.0, 9999.0, 9999.0, 23.64, 9999.0, 22.16, 9999.0, 22.73, 22.5, 22.25, 22.27, 22.27
2026-09-13, 02:57:08, 22.27, 22.5, 22.75, 22.75, 9999.0, 9999.0, 9999.0, 23.61, 9999.0, 22.18, 9999.0, 22.73, 22.5, 22.25, 22.27, 22.27
2026-09-13, 02:57:12, 22.27, 22.5, 22.75, 22.75, 9999.0, 9999.0, 9999.0, 23.59, 9999.0, 22.2, 9999.0, 22.75, 22.5, 22.25, 22.27, 22.27
2026-09-13, 02:57:16, 22.27, 22.5, 22.75, 22.75, 9999.0, 9999.0, 9999.0, 23.52, 9999.0, 22.23, 9999.0, 22.77, 22.5, 22.25, 22.27, 22.27
2026-09-13, 02:57:21, 22.3, 22.5, 22.75, 22.75, 9999.0, 9999.0, 9999.0, 23.57, 9999.0, 22.25, 9999.0, 22.77, 22.5, 22.25, 22.25, 22.27
2026-09-13, 02:57:25, 22.32, 22.5, 22.75, 22.75, 9999.0, 9999.0, 9999.0, 23.59, 9999.0, 22.3, 9999.0, 22.77, 22.5, 22.25, 22.25, 22.27
2026-09-13, 02:57:29, 22.32, 22.5, 22.75, 22.75, 9999.0, 9999.0, 9999.0, 23.61, 9999.0, 22.3, 9999.0, 22.77, 22.5, 22.25, 22.27, 22.27
2026-09-13, 02:57:33, 22.32, 22.48, 22.75, 22.75, 9999.0, 9999.0, 9999.0, 23.66, 9999.0, 22.32, 9999.0, 22.77, 22.5, 22.25, 22.3, 22.27
2026-09-13, 02:57:37, 22.32, 22.48, 22.75, 22.75, 9999.0, 9999.0, 9999.0, 23.7, 9999.0, 22.36, 9999.0, 22.75, 22.5, 22.25, 22.3, 22.27
2026-09-13, 02:57:41, 22.32, 22.48, 22.75, 22.75, 9999.0, 9999.0, 9999.0, 23.75, 9999.0, 22.39, 9999.0, 22.75, 22.5, 22.25, 22.3, 22.27
2026-09-13, 02:57:45, 22.3, 22.45, 22.75, 22.75, 9999.0, 9999.0, 9999.0, 23.77, 9999.0, 22.39, 9999.0, 22.75, 22.5, 22.25, 22.3, 22.25
2026-09-13, 02:57:49, 22.3, 22.45, 22.75, 22.75, 9999.0, 9999.0, 9999.0, 23.82, 9999.0, 22.39, 9999.0, 22.73, 22.5, 22.25, 22.3, 22.27
2026-09-13, 02:57:53, 22.3, 22.45, 22.75, 22.75, 9999.0, 9999.0, 9999.0, 23.84, 9999.0, 22.36, 9999.0, 22.73, 22.5, 22.25, 22.3, 22.27
2026-09-13, 02:57:57, 22.3, 22.45, 22.75, 22.75, 9999.0, 9999.0, 9999.0, 23.86, 9999.0, 22.32, 9999.0, 22.73, 22.5, 22.25, 22.3, 22.27
2026-09-13, 02:58:01, 22.3, 22.45, 22.75, 22.75, 9999.0, 9999.0, 9999.0, 23.91, 9999.0, 22.3, 9999.0, 22.73, 22.5, 22.25, 22.3, 22.27
2026-09-13, 02:58:05, 22.27, 22.45, 22.75, 22.75, 9999.0, 9999.0, 9999.0, 23.86, 9999.0, 22.27, 9999.0, 22.73, 22.5, 22.25, 22.3, 22.27
2026-09-13, 02:58:09, 22.27, 22.45, 22.75, 22.75, 9999.0, 9999.0, 9999.0, 23.84, 9999.0, 22.25, 9999.0, 22.75, 22.5, 22.25, 22.3, 22.27
2026-09-13, 02:58:13, 22.27, 22.45, 22.75, 22.75, 9999.0, 9999.0, 9999.0, 23.8, 9999.0, 22.25, 9999.0, 22.75, 22.5, 22.25, 22.27, 22.27
2026-09-13, 02:58:17, 22.27, 22.48, 22.75, 22.75, 9999.0, 9999.0, 9999.0, 23.75, 9999.0, 22.25, 9999.0, 22.75, 22.5, 22.25, 22.25, 22.27
2026-09-13, 02:58:21, 22.27, 22.48, 22.75, 22.75, 9999.0, 9999.0, 9999.0, 23.73, 9999.0, 22.25, 9999.0, 22.75, 22.5, 22.25, 22.25, 22.27
2026-09-13, 02:58:25, 22.27, 22.48, 22.75, 22.75, 9999.0, 9999.0, 9999.0, 23.68, 9999.0, 22.25, 9999.0, 22.75, 22.5, 22.25, 22.25, 22.27
2026-09-13, 02:58:29, 22.27, 22.5, 22.75, 22.75, 9999.0, 9999.0, 9999.0, 23.66, 9999.0, 22.27, 9999.0, 22.75, 22.5, 22.25, 22.25, 22.27
2026-09-13, 02:58:33, 22.27, 22.5, 22.75, 22.75, 9999.0, 9999.0, 9999.0, 23.64, 9999.0, 22.3, 9999.0, 22.77, 22.52, 22.25, 22.25, 22.25
2026-09-13, 02:58:37, 22.3, 22.5, 22.75, 22.75, 9999.0, 9999.0, 9999.0, 23.59, 9999.0, 22.32, 9999.0, 22.77, 22.52, 22.25, 22.25, 22.25
2026-09-13, 02:58:41, 22.3, 22.5, 22.75, 22.75, 9999.0, 9999.0, 9999.0, 23.61, 9999.0, 22.34, 9999.0, 22.77, 22.52, 22.25, 22.25, 22.25
2026-09-13, 02:58:45, 22.3, 22.5, 22.75, 22.75, 9999.0, 9999.0, 9999.0, 23.64, 9999.0, 22.34, 9999.0, 22.77, 22.52, 22.25, 22.25, 22.25
2026-09-13, 02:58:49, 22.32, 22.5, 22.75, 22.75, 9999.0, 9999.0, 9999.0, 23.66, 9999.0, 22.36, 9999.0, 22.77, 22.52, 22.25, 22.27, 22.25
2026-09-13, 02:58:53, 22.3, 22.5, 22.75, 22.75, 9999.0, 9999.0, 9999.0, 23.68, 9999.0, 22.36, 9999.0, 22.75, 22.52, 22.25, 22.27, 22.25
2026-09-13, 02:58:57, 22.3, 22.5, 22.75, 22.75, 9999.0, 9999.0, 9999.0, 23.7, 9999.0, 22.36, 9999.0, 22.75, 22.52, 22.25, 22.27, 22.25
2026-09-13, 02:59:01, 22.3, 22.5, 22.75, 22.75, 9999.0, 9999.0, 9999.0, 23.73, 9999.0, 22.36, 9999.0, 22.75, 22.52, 22.25, 22.27, 22.25
2026-09-13, 02:59:05, 22.3, 22.5, 22.75, 22.75, 9999.0, 9999.0, 9999.0, 23.73, 9999.0, 22.34, 9999.0, 22.75, 22.52, 22.25, 22.27, 22.25
2026-09-13, 02:59:09, 22.3, 22.48, 22.75, 22.75, 9999.0, 9999.0, 9999.0, 23.75, 9999.0, 22.34, 9999.0, 22.75, 22.52, 22.25, 22.27, 22.27
2026-09-13, 02:59:13, 22.3, 22.48, 22.75, 22.75, 9999.0, 9999.0, 9999.0, 23.77, 9999.0, 22.32, 9999.0, 22.73, 22.52, 22.25, 22.27, 22.27
2026-09-13, 02:59:17, 22.3, 22.48, 22.75, 22.75, 9999.0, 9999.0, 9999.0, 23.8, 9999.0, 22.3, 9999.0, 22.73, 22.5, 22.25, 22.27, 22.27
2026-09-13, 02:59:21, 22.27, 22.48, 22.75, 22.75, 9999.0, 9999.0, 9999.0, 23.84, 9999.0, 22.27, 9999.0, 22.73, 22.5, 22.25, 22.27, 22.27
2026-09-13, 02:59:25, 22.27, 22.48, 22.75, 22.75, 9999.0, 9999.0, 9999.0, 23.82, 9999.0, 22.27, 9999.0, 22.73, 22.5, 22.25, 22.27, 22.27
2026-09-13, 02:59:29, 22.27, 22.48, 22.75, 22.75, 9999.0, 9999.0, 9999.0, 23.77, 9999.0, 22.27, 9999.0, 22.75, 22.5, 22.25, 22.27, 22.27
2026-09-13, 02:59:33, 22.25, 22.48, 22.75, 22.75, 9999.0, 9999.0, 9999.0, 23.75, 9999.0, 22.25, 9999.0, 22.75, 22.5, 22.25, 22.25, 22.3
2026-09-13, 02:59:37, 22.25, 22.48, 22.75, 22.75, 9999.0, 9999.0, 9999.0, 23.7, 9999.0, 22.25, 9999.0, 22.75, 22.5, 22.25, 22.25, 22.3
2026-09-13, 02:59:41, 22.25, 22.48, 22.75, 22.75, 9999.0, 9999.0, 9999.0, 23.68, 9999.0, 22.25, 9999.0, 22.75, 22.5, 22.25, 22.25, 22.3
2026-09-13, 02:59:45, 22.25, 22.48, 22.75, 22.75, 9999.0, 9999.0, 9999.0, 23.66, 9999.0, 22.25, 9999.0, 22.75, 22.5, 22.25, 22.25, 22.3
2026-09-13, 02:59:49, 22.25, 22.48, 22.75, 22.75, 9999.0, 9999.0, 9999.0, 23.64, 9999.0, 22.27, 9999.0, 22.75, 22.5, 22.25, 22.25, 22.3
2026-09-13, 02:59:53, 22.25, 22.5, 22.75, 22.75, 9999.0, 9999.0, 9999.0, 23.61, 9999.0, 22.3, 9999.0, 22.75, 22.5, 22.25, 22.25, 22.27
2026-09-13, 02:59:57, 22.27, 22.5, 22.75, 22.75, 9999.0, 9999.0, 9999.0, 23.59, 9999.0, 22.32, 9999.0, 22.77, 22.5, 22.25, 22.25, 22.27
2026-09-13, 03:00:01, 22.27, 22.5, 22.75, 22.75, 9999.0, 9999.0, 9999.0, 23.64, 9999.0, 22.34, 9999.0, 22.77, 22.5, 22.25, 22.25, 22.27
2026-09-13, 03:00:05, 22.27, 22.5, 22.75, 22.75, 9999.0, 9999.0, 9999.0, 23.66, 9999.0, 22.36, 9999.0, 22.77, 22.5, 22.25, 22.25, 22.27
2026-09-13, 03:00:09, 22.27, 22.5, 22.75, 22.75, 9999.0, 9999.0, 9999.0, 23.68, 9999.0, 22.36, 9999.0, 22.77, 22.5, 22.25, 22.27, 22.27
2026-09-13, 03:00:13, 22.27, 22.5, 22.75, 22.75, 9999.0, 9999.0, 9999.0, 23.73, 9999.0, 22.36, 9999.0, 22.73, 22.5, 22.25, 22.27, 22.27
2026-09-13, 03:00:17, 22.27, 22.5, 22.75, 22.75, 9999.0, 9999.0, 9999.0, 23.75, 9999.0, 22.36, 9999.0, 22.7, 22.5, 22.25, 22.27, 22.25
2026-09-13, 03:00:21, 22.27, 22.5, 22.75, 22.75, 9999.0, 9999.0, 9999.0, 23.8, 9999.0, 22.36, 9999.0, 22.68, 22.5, 22.25, 22.27, 22.27
2026-09-13, 03:00:25, 22.27, 22.5, 22.75, 22.75, 9999.0, 9999.0, 9999.0, 23.82, 9999.0, 22.36, 9999.0, 22.66, 22.5, 22.25, 22.27, 22.27
2026-09-13, 03:00:29, 22.27, 22.5, 22.75, 22.75, 9999.0, 9999.0, 9999.0, 23.86, 9999.0, 22.36, 9999.0, 22.64, 22.5, 22.25, 22.27, 22.3
2026-09-13, 03:00:33, 22.27, 22.5, 22.75, 22.75, 9999.0, 9999.0, 9999.0, 23.91, 9999.0, 22.34, 9999.0, 22.61, 22.5, 22.25, 22.27, 22.3
2026-09-13, 03:00:37, 22.27, 22.5, 22.75, 22.75, 9999.0, 9999.0, 9999.0, 23.95, 9999.0, 22.32, 9999.0, 22.61, 22.5, 22.25, 22.27, 22.3
2026-09-13, 03:00:41, 22.25, 22.5, 22.75, 22.75, 9999.0, 9999.0, 9999.0, 23.98, 9999.0, 22.3, 9999.0, 22.61, 22.5, 22.25, 22.27, 22.3
2026-09-13, 03:00:46, 22.27, 22.5, 22.75, 22.75, 9999.0, 9999.0, 9999.0, 23.93, 9999.0, 22.27, 9999.0, 22.61, 22.5, 22.25, 22.27, 22.3
2026-09-13, 03:00:50, 22.27, 22.5, 22.75, 22.75, 9999.0, 9999.0, 9999.0, 23.91, 9999.0, 22.25, 9999.0, 22.64, 22.5, 22.25, 22.27, 22.3
2026-09-13, 03:00:54, 22.27, 22.5, 22.75, 22.75, 9999.0, 9999.0, 9999.0, 23.89, 9999.0, 22.25, 9999.0, 22.64, 22.5, 22.25, 22.25, 22.3
2026-09-13, 03:00:58, 22.27, 22.5, 22.75, 22.75, 9999.0, 9999.0, 9999.0, 23.86, 9999.0, 22.27, 9999.0, 22.66, 22.5, 22.25, 22.25, 22.3
2026-09-13, 03:01:02, 22.27, 22.5, 22.75, 22.75, 9999.0, 9999.0, 9999.0, 23.82, 9999.0, 22.3, 9999.0, 22.68, 22.5, 22.25, 22.27, 22.3
2026-09-13, 03:01:06, 22.27, 22.5, 22.75, 22.75, 9999.0, 9999.0, 9999.0, 23.77, 9999.0, 22.32, 9999.0, 22.7, 22.5, 22.25, 22.27, 22.27
2026-09-13, 03:01:10, 22.27, 22.5, 22.75, 22.75, 9999.0, 9999.0, 9999.0, 23.75, 9999.0, 22.36, 9999.0, 22.73, 22.5, 22.25, 22.3, 22.27
2026-09-13, 03:01:14, 22.27, 22.5, 22.75, 22.75, 9999.0, 9999.0, 9999.0, 23.7, 9999.0, 22.41, 9999.0, 22.75, 22.5, 22.25, 22.3, 22.25
2026-09-13, 03:01:18, 22.27, 22.5, 22.75, 22.75, 9999.0, 9999.0, 9999.0, 23.64, 9999.0, 22.43, 9999.0, 22.77, 22.5, 22.25, 22.3, 22.25
2026-09-13, 03:01:22, 22.3, 22.5, 22.75, 22.75, 9999.0, 9999.0, 9999.0, 23.66, 9999.0, 22.45, 9999.0, 22.77, 22.5, 22.25, 22.3, 22.25
2026-09-13, 03:01:26, 22.3, 22.48, 22.75, 22.75, 9999.0, 9999.0, 9999.0, 23.68, 9999.0, 22.48, 9999.0, 22.77, 22.5, 22.25, 22.3, 22.25
2026-09-13, 03:01:30, 22.27, 22.48, 22.75, 22.75, 9999.0, 9999.0, 9999.0, 23.7, 9999.0, 22.5, 9999.0, 22.77, 22.5, 22.25, 22.3, 22.25
2026-09-13, 03:01:34, 22.27, 22.48, 22.75, 22.75, 9999.0, 9999.0, 9999.0, 23.73, 9999.0, 22.52, 9999.0, 22.75, 22.5, 22.25, 22.3, 22.25
2026-09-13, 03:01:38, 22.27, 22.48, 22.75, 22.75, 9999.0, 9999.0, 9999.0, 23.75, 9999.0, 22.55, 9999.0, 22.73, 22.5, 22.25, 22.3, 22.25
2026-09-13, 03:01:42, 22.27, 22.48, 22.75, 22.75, 9999.0, 9999.0, 9999.0, 23.75, 9999.0, 22.55, 9999.0, 22.73, 22.5, 22.25, 22.3, 22.25
2026-09-13, 03:01:46, 22.27, 22.48, 22.75, 22.75, 9999.0, 9999.0, 9999.0, 23.77, 9999.0, 22.52, 9999.0, 22.73, 22.5, 22.25, 22.27, 22.27
2026-09-13, 03:01:50, 22.27, 22.48, 22.75, 22.75, 9999.0, 9999.0, 9999.0, 23.8, 9999.0, 22.52, 9999.0, 22.7, 22.5, 22.25, 22.27, 22.27
2026-09-13, 03:01:54, 22.27, 22.48, 22.75, 22.75, 9999.0, 9999.0, 9999.0, 23.82, 9999.0, 22.5, 9999.0, 22.68, 22.5, 22.25, 22.25, 22.27
2026-09-13, 03:01:58, 22.27, 22.48, 22.75, 22.75, 9999.0, 9999.0, 9999.0, 23.84, 9999.0, 22.45, 9999.0, 22.68, 22.5, 22.25, 22.25, 22.27
2026-09-13, 03:02:02, 22.27, 22.45, 22.75, 22.75, 9999.0, 9999.0, 9999.0, 23.89, 9999.0, 22.43, 9999.0, 22.68, 22.5, 22.25, 22.25, 22.27
2026-09-13, 03:02:06, 22.25, 22.45, 22.75, 22.75, 9999.0, 9999.0, 9999.0, 23.84, 9999.0, 22.41, 9999.0, 22.68, 22.5, 22.25, 22.25, 22.27
2026-09-13, 03:02:10, 22.25, 22.48, 22.75, 22.75, 9999.0, 9999.0, 9999.0, 23.82, 9999.0, 22.39, 9999.0, 22.7, 22.5, 22.25, 22.25, 22.27
2026-09-13, 03:02:14, 22.25, 22.48, 22.75, 22.75, 9999.0, 9999.0, 9999.0, 23.8, 9999.0, 22.36, 9999.0, 22.7, 22.5, 22.25, 22.25, 22.27
2026-09-13, 03:02:18, 22.25, 22.48, 22.75, 22.75, 9999.0, 9999.0, 9999.0, 23.77, 9999.0, 22.36, 9999.0, 22.7, 22.5, 22.25, 22.25, 22.27
2026-09-13, 03:02:22, 22.25, 22.48, 22.75, 22.75, 9999.0, 9999.0, 9999.0, 23.75, 9999.0, 22.36, 9999.0, 22.73, 22.5, 22.25, 22.25, 22.27
2026-09-13, 03:02:27, 22.25, 22.48, 22.75, 22.75, 9999.0, 9999.0, 9999.0, 23.73, 9999.0, 22.36, 9999.0, 22.73, 22.5, 22.25, 22.25, 22.27
2026-09-13, 03:02:31, 22.25, 22.48, 22.75, 22.75, 9999.0, 9999.0, 9999.0, 23.7, 9999.0, 22.41, 9999.0, 22.73, 22.5, 22.25, 22.25, 22.25
2026-09-13, 03:02:35, 22.25, 22.48, 22.75, 22.75, 9999.0, 9999.0, 9999.0, 23.68, 9999.0, 22.41, 9999.0, 22.75, 22.5, 22.25, 22.25, 22.25
2026-09-13, 03:02:39, 22.25, 22.48, 22.75, 22.75, 9999.0, 9999.0, 9999.0, 23.73, 9999.0, 22.43, 9999.0, 22.77, 22.5, 22.25, 22.25, 22.25
2026-09-13, 03:02:43, 22.25, 22.48, 22.75, 22.75, 9999.0, 9999.0, 9999.0, 23.77, 9999.0, 22.45, 9999.0, 22.77, 22.5, 22.25, 22.25, 22.25
2026-09-13, 03:02:47, 22.25, 22.5, 22.75, 22.75, 9999.0, 9999.0, 9999.0, 23.82, 9999.0, 22.48, 9999.0, 22.75, 22.5, 22.25, 22.25, 22.25
2026-09-13, 03:02:51, 22.25, 22.5, 22.75, 22.75, 9999.0, 9999.0, 9999.0, 23.84, 9999.0, 22.5, 9999.0, 22.75, 22.5, 22.25, 22.25, 22.25
2026-09-13, 03:02:55, 22.25, 22.5, 22.75, 22.75, 9999.0, 9999.0, 9999.0, 23.86, 9999.0, 22.52, 9999.0, 22.7, 22.5, 22.25, 22.25, 22.25
2026-09-13, 03:02:59, 22.25, 22.5, 22.75, 22.75, 9999.0, 9999.0, 9999.0, 23.89, 9999.0, 22.55, 9999.0, 22.7, 22.5, 22.25, 22.25, 22.25
2026-09-13, 03:03:03, 22.25, 22.5, 22.75, 22.75, 9999.0, 9999.0, 9999.0, 23.91, 9999.0, 22.55, 9999.0, 22.68, 22.5, 22.25, 22.25, 22.25
2026-09-13, 03:03:07, 22.25, 22.5, 22.75, 22.75, 9999.0, 9999.0, 9999.0, 23.93, 9999.0, 22.55, 9999.0, 22.66, 22.5, 22.25, 22.25, 22.25
2026-09-13, 03:03:11, 22.25, 22.5, 22.75, 22.75, 9999.0, 9999.0, 9999.0, 23.98, 9999.0, 22.55, 9999.0, 22.64, 22.5, 22.25, 22.25, 22.25
2026-09-13, 03:03:15, 22.25, 22.5, 22.75, 22.75, 9999.0, 9999.0, 9999.0, 24.02, 9999.0, 22.52, 9999.0, 22.61, 22.5, 22.25, 22.25, 22.25
2026-09-13, 03:03:19, 22.25, 22.5, 22.75, 22.75, 9999.0, 9999.0, 9999.0, 24.05, 9999.0, 22.52, 9999.0, 22.61, 22.5, 22.25, 22.25, 22.25
2026-09-13, 03:03:23, 22.25, 22.5, 22.75, 22.75, 9999.0, 9999.0, 9999.0, 24.0, 9999.0, 22.5, 9999.0, 22.61, 22.5, 22.25, 22.25, 22.25
2026-09-13, 03:03:27, 22.25, 22.5, 22.75, 22.75, 9999.0, 9999.0, 9999.0, 23.95, 9999.0, 22.48, 9999.0, 22.61, 22.5, 22.25, 22.27, 22.27
2026-09-13, 03:03:31, 22.25, 22.5, 22.75, 22.75, 9999.0, 9999.0, 9999.0, 23.91, 9999.0, 22.45, 9999.0, 22.66, 22.5, 22.25, 22.27, 22.27
2026-09-13, 03:03:35, 22.25, 22.5, 22.75, 22.75, 9999.0, 9999.0, 9999.0, 23.86, 9999.0, 22.43, 9999.0, 22.66, 22.5, 22.25, 22.27, 22.27
2026-09-13, 03:03:39, 22.25, 22.5, 22.75, 22.75, 9999.0, 9999.0, 9999.0, 23.82, 9999.0, 22.43, 9999.0, 22.68, 22.5, 22.25, 22.27, 22.27
2026-09-13, 03:03:43, 22.25, 22.5, 22.75, 22.75, 9999.0, 9999.0, 9999.0, 23.77, 9999.0, 22.43, 9999.0, 22.68, 22.5, 22.25, 22.27, 22.27
2026-09-13, 03:03:47, 22.25, 22.5, 22.75, 22.75, 9999.0, 9999.0, 9999.0, 23.73, 9999.0, 22.45, 9999.0, 22.7, 22.5, 22.25, 22.27, 22.27
2026-09-13, 03:03:51, 22.25, 22.5, 22.75, 22.75, 9999.0, 9999.0, 9999.0, 23.68, 9999.0, 22.48, 9999.0, 22.73, 22.5, 22.25, 22.3, 22.27
2026-09-13, 03:03:55, 22.25, 22.5, 22.75, 22.75, 9999.0, 9999.0, 9999.0, 23.64, 9999.0, 22.5, 9999.0, 22.75, 22.5, 22.25, 22.3, 22.27
2026-09-13, 03:03:59, 22.25, 22.5, 22.75, 22.75, 9999.0, 9999.0, 9999.0, 23.66, 9999.0, 22.5, 9999.0, 22.77, 22.5, 22.25, 22.3, 22.3
2026-09-13, 03:04:03, 22.25, 22.5, 22.75, 22.75, 9999.0, 9999.0, 9999.0, 23.7, 9999.0, 22.5, 9999.0, 22.77, 22.5, 22.25, 22.3, 22.3
2026-09-13, 03:04:07, 22.25, 22.5, 22.75, 22.75, 9999.0, 9999.0, 9999.0, 23.75, 9999.0, 22.52, 9999.0, 22.77, 22.5, 22.25, 22.3, 22.3
2026-09-13, 03:04:11, 22.25, 22.5, 22.75, 22.75, 9999.0, 9999.0, 9999.0, 23.8, 9999.0, 22.55, 9999.0, 22.77, 22.5, 22.25, 22.27, 22.27
2026-09-13, 03:04:15, 22.25, 22.5, 22.75, 22.75, 9999.0, 9999.0, 9999.0, 23.84, 9999.0, 22.57, 9999.0, 22.75, 22.5, 22.25, 22.27, 22.27
2026-09-13, 03:04:19, 22.27, 22.5, 22.75, 22.75, 9999.0, 9999.0, 9999.0, 23.89, 9999.0, 22.59, 9999.0, 22.75, 22.5, 22.25, 22.27, 22.27
2026-09-13, 03:04:23, 22.27, 22.5, 22.75, 22.75, 9999.0, 9999.0, 9999.0, 23.93, 9999.0, 22.59, 9999.0, 22.75, 22.5, 22.25, 22.27, 22.27
2026-09-13, 03:04:27, 22.27, 22.5, 22.75, 22.75, 9999.0, 9999.0, 9999.0, 23.98, 9999.0, 22.59, 9999.0, 22.75, 22.5, 22.25, 22.27, 22.27
2026-09-13, 03:04:31, 22.27, 22.5, 22.75, 22.75, 9999.0, 9999.0, 9999.0, 24.02, 9999.0, 22.57, 9999.0, 22.73, 22.5, 22.25, 22.27, 22.27
2026-09-13, 03:04:35, 22.27, 22.5, 22.75, 22.75, 9999.0, 9999.0, 9999.0, 24.07, 9999.0, 22.55, 9999.0, 22.7, 22.5, 22.25, 22.25, 22.27
2026-09-13, 03:04:39, 22.27, 22.5, 22.75, 22.75, 9999.0, 9999.0, 9999.0, 24.11, 9999.0, 22.52, 9999.0, 22.7, 22.5, 22.25, 22.25, 22.27
2026-09-13, 03:04:43, 22.27, 22.5, 22.75, 22.75, 9999.0, 9999.0, 9999.0, 24.07, 9999.0, 22.52, 9999.0, 22.7, 22.5, 22.25, 22.25, 22.25
2026-09-13, 03:04:47, 22.27, 22.5, 22.75, 22.75, 9999.0, 9999.0, 9999.0, 24.02, 9999.0, 22.52, 9999.0, 22.7, 22.5, 22.25, 22.25, 22.25
2026-09-13, 03:04:51, 22.27, 22.5, 22.75, 22.75, 9999.0, 9999.0, 9999.0, 23.98, 9999.0, 22.5, 9999.0, 22.7, 22.5, 22.25, 22.25, 22.27
2026-09-13, 03:04:55, 22.27, 22.5, 22.75, 22.75, 9999.0, 9999.0, 9999.0, 23.93, 9999.0, 22.5, 9999.0, 22.7, 22.5, 22.25, 22.25, 22.27
2026-09-13, 03:04:59, 22.27, 22.5, 22.75, 22.75, 9999.0, 9999.0, 9999.0, 23.86, 9999.0, 22.52, 9999.0, 22.7, 22.5, 22.25, 22.25, 22.3
2026-09-13, 03:05:03, 22.25, 22.5, 22.75, 22.75, 9999.0, 9999.0, 9999.0, 23.82, 9999.0, 22.52, 9999.0, 22.7, 22.5, 22.25, 22.25, 22.3
2026-09-13, 03:05:07, 22.25, 22.5, 22.75, 22.75, 9999.0, 9999.0, 9999.0, 23.8, 9999.0, 22.55, 9999.0, 22.7, 22.52, 22.25, 22.25, 22.32
2026-09-13, 03:05:11, 22.25, 22.5, 22.75, 22.75, 9999.0, 9999.0, 9999.0, 23.75, 9999.0, 22.57, 9999.0, 22.7, 22.52, 22.25, 22.25, 22.32
2026-09-13, 03:05:15, 22.25, 22.5, 22.75, 22.75, 9999.0, 9999.0, 9999.0, 23.7, 9999.0, 22.59, 9999.0, 22.73, 22.52, 22.25, 22.25, 22.32
2026-09-13, 03:05:19, 22.25, 22.5, 22.75, 22.75, 9999.0, 9999.0, 9999.0, 23.75, 9999.0, 22.61, 9999.0, 22.75, 22.52, 22.25, 22.25, 22.32
2026-09-13, 03:05:23, 22.25, 22.5, 22.75, 22.75, 9999.0, 9999.0, 9999.0, 23.77, 9999.0, 22.64, 9999.0, 22.75, 22.52, 22.25, 22.25, 22.32
2026-09-13, 03:05:27, 22.25, 22.5, 22.75, 22.75, 9999.0, 9999.0, 9999.0, 23.82, 9999.0, 22.66, 9999.0, 22.75, 22.52, 22.25, 22.25, 22.32
2026-09-13, 03:05:31, 22.25, 22.5, 22.75, 22.75, 9999.0, 9999.0, 9999.0, 23.86, 9999.0, 22.68, 9999.0, 22.73, 22.52, 22.25, 22.25, 22.32
2026-09-13, 03:05:35, 22.25, 22.5, 22.75, 22.75, 9999.0, 9999.0, 9999.0, 23.91, 9999.0, 22.68, 9999.0, 22.73, 22.52, 22.25, 22.25, 22.3
2026-09-13, 03:05:39, 22.25, 22.5, 22.75, 22.75, 9999.0, 9999.0, 9999.0, 23.93, 9999.0, 22.68, 9999.0, 22.73, 22.52, 22.25, 22.25, 22.3
2026-09-13, 03:05:43, 22.25, 22.5, 22.75, 22.75, 9999.0, 9999.0, 9999.0, 23.98, 9999.0, 22.66, 9999.0, 22.73, 22.52, 22.25, 22.25, 22.27
2026-09-13, 03:05:47, 22.25, 22.5, 22.75, 22.75, 9999.0, 9999.0, 9999.0, 24.02, 9999.0, 22.66, 9999.0, 22.7, 22.52, 22.25, 22.25, 22.27
2026-09-13, 03:05:51, 22.25, 22.5, 22.75, 22.75, 9999.0, 9999.0, 9999.0, 24.05, 9999.0, 22.66, 9999.0, 22.68, 22.5, 22.25, 22.25, 22.25
2026-09-13, 03:05:55, 22.25, 22.5, 22.75, 22.75, 9999.0, 9999.0, 9999.0, 24.09, 9999.0, 22.66, 9999.0, 22.66, 22.5, 22.25, 22.25, 22.25
2026-09-13, 03:05:59, 22.25, 22.5, 22.75, 22.75, 9999.0, 9999.0, 9999.0, 24.14, 9999.0, 22.64, 9999.0, 22.66, 22.5, 22.25, 22.25, 22.25
2026-09-13, 03:06:03, 22.25, 22.5, 22.75, 22.75, 9999.0, 9999.0, 9999.0, 24.07, 9999.0, 22.61, 9999.0, 22.66, 22.5, 22.25, 22.25, 22.25
2026-09-13, 03:06:08, 22.25, 22.5, 22.75, 22.75, 9999.0, 9999.0, 9999.0, 24.05, 9999.0, 22.59, 9999.0, 22.66, 22.5, 22.25, 22.25, 22.25
2026-09-13, 03:06:12, 22.25, 22.5, 22.75, 22.75, 9999.0, 9999.0, 9999.0, 24.0, 9999.0, 22.57, 9999.0, 22.66, 22.5, 22.25, 22.25, 22.25
2026-09-13, 03:06:16, 22.25, 22.5, 22.75, 22.75, 9999.0, 9999.0, 9999.0, 23.95, 9999.0, 22.55, 9999.0, 22.68, 22.5, 22.25, 22.25, 22.25
2026-09-13, 03:06:20, 22.25, 22.5, 22.75, 22.75, 9999.0, 9999.0, 9999.0, 23.91, 9999.0, 22.57, 9999.0, 22.68, 22.5, 22.25, 22.25, 22.25
2026-09-13, 03:06:24, 22.25, 22.5, 22.75, 22.75, 9999.0, 9999.0, 9999.0, 23.89, 9999.0, 22.59, 9999.0, 22.68, 22.5, 22.25, 22.25, 22.25
2026-09-13, 03:06:28, 22.25, 22.5, 22.75, 22.75, 9999.0, 9999.0, 9999.0, 23.86, 9999.0, 22.61, 9999.0, 22.68, 22.5, 22.25, 22.27, 22.25
2026-09-13, 03:06:32, 22.25, 22.5, 22.75, 22.75, 9999.0, 9999.0, 9999.0, 23.84, 9999.0, 22.64, 9999.0, 22.7, 22.5, 22.25, 22.27, 22.25
2026-09-13, 03:06:36, 22.25, 22.5, 22.75, 22.75, 9999.0, 9999.0, 9999.0, 23.8, 9999.0, 22.64, 9999.0, 22.73, 22.5, 22.25, 22.27, 22.25
2026-09-13, 03:06:40, 22.25, 22.5, 22.75, 22.75, 9999.0, 9999.0, 9999.0, 23.84, 9999.0, 22.64, 9999.0, 22.75, 22.5, 22.25, 22.27, 22.25
2026-09-13, 03:06:44, 22.25, 22.5, 22.75, 22.75, 9999.0, 9999.0, 9999.0, 23.86, 9999.0, 22.66, 9999.0, 22.75, 22.5, 22.25, 22.27, 22.25
2026-09-13, 03:06:48, 22.25, 22.5, 22.75, 22.75, 9999.0, 9999.0, 9999.0, 23.91, 9999.0, 22.68, 9999.0, 22.75, 22.5, 22.25, 22.27, 22.25
2026-09-13, 03:06:52, 22.25, 22.5, 22.75, 22.75, 9999.0, 9999.0, 9999.0, 23.93, 9999.0, 22.68, 9999.0, 22.75, 22.5, 22.25, 22.27, 22.25
2026-09-13, 03:06:56, 22.25, 22.5, 22.75, 22.75, 9999.0, 9999.0, 9999.0, 23.98, 9999.0, 22.7, 9999.0, 22.75, 22.5, 22.25, 22.27, 22.25
2026-09-13, 03:07:00, 22.25, 22.5, 22.75, 22.75, 9999.0, 9999.0, 9999.0, 24.02, 9999.0, 22.73, 9999.0, 22.73, 22.5, 22.25, 22.27, 22.25
2026-09-13, 03:07:04, 22.25, 22.5, 22.75, 22.75, 9999.0, 9999.0, 9999.0, 24.05, 9999.0, 22.73, 9999.0, 22.73, 22.5, 22.25, 22.27, 22.25
2026-09-13, 03:07:08, 22.25, 22.5, 22.75, 22.75, 9999.0, 9999.0, 9999.0, 24.07, 9999.0, 22.73, 9999.0, 22.7, 22.5, 22.25, 22.27, 22.25
2026-09-13, 03:07:12, 22.25, 22.5, 22.75, 22.75, 9999.0, 9999.0, 9999.0, 24.09, 9999.0, 22.73, 9999.0, 22.68, 22.5, 22.25, 22.25, 22.25
2026-09-13, 03:07:16, 22.25, 22.5, 22.75, 22.75, 9999.0, 9999.0, 9999.0, 24.11, 9999.0, 22.73, 9999.0, 22.68, 22.5, 22.25, 22.25, 22.25
2026-09-13, 03:07:20, 22.25, 22.5, 22.75, 22.75, 9999.0, 9999.0, 9999.0, 24.16, 9999.0, 22.7, 9999.0, 22.68, 22.5, 22.25, 22.25, 22.25
2026-09-13, 03:07:24, 22.25, 22.5, 22.75, 22.75, 9999.0, 9999.0, 9999.0, 24.11, 9999.0, 22.7, 9999.0, 22.68, 22.5, 22.25, 22.25, 22.25
2026-09-13, 03:07:28, 22.25, 22.5, 22.75, 22.75, 9999.0, 9999.0, 9999.0, 24.07, 9999.0, 22.7, 9999.0, 22.7, 22.5, 22.25, 22.25, 22.25
2026-09-13, 03:07:32, 22.25, 22.5, 22.75, 22.75, 9999.0, 9999.0, 9999.0, 24.05, 9999.0, 22.68, 9999.0, 22.7, 22.5, 22.25, 22.25, 22.25
2026-09-13, 03:07:36, 22.25, 22.5, 22.75, 22.75, 9999.0, 9999.0, 9999.0, 24.0, 9999.0, 22.68, 9999.0, 22.7, 22.5, 22.25, 22.25, 22.25
2026-09-13, 03:07:40, 22.25, 22.5, 22.75, 22.75, 9999.0, 9999.0, 9999.0, 23.95, 9999.0, 22.68, 9999.0, 22.7, 22.5, 22.25, 22.25, 22.25
2026-09-13, 03:07:44, 22.25, 22.5, 22.75, 22.75, 9999.0, 9999.0, 9999.0, 23.91, 9999.0, 22.68, 9999.0, 22.73, 22.5, 22.25, 22.25, 22.25
2026-09-13, 03:07:48, 22.25, 22.5, 22.75, 22.75, 9999.0, 9999.0, 9999.0, 23.89, 9999.0, 22.7, 9999.0, 22.73, 22.5, 22.25, 22.25, 22.25
2026-09-13, 03:07:52, 22.25, 22.5, 22.75, 22.75, 9999.0, 9999.0, 9999.0, 23.84, 9999.0, 22.73, 9999.0, 22.75, 22.5, 22.25, 22.25, 22.25
2026-09-13, 03:07:56, 22.25, 22.5, 22.75, 22.75, 9999.0, 9999.0, 9999.0, 23.8, 9999.0, 22.73, 9999.0, 22.77, 22.5, 22.25, 22.25, 22.25
2026-09-13, 03:08:00, 22.25, 22.5, 22.75, 22.75, 9999.0, 9999.0, 9999.0, 23.82, 9999.0, 22.73, 9999.0, 22.77, 22.5, 22.25, 22.25, 22.25
2026-09-13, 03:08:04, 22.25, 22.5, 22.75, 22.75, 9999.0, 9999.0, 9999.0, 23.84, 9999.0, 22.77, 9999.0, 22.75, 22.5, 22.25, 22.25, 22.25
2026-09-13, 03:08:08, 22.25, 22.5, 22.75, 22.75, 9999.0, 9999.0, 9999.0, 23.86, 9999.0, 22.77, 9999.0, 22.75, 22.5, 22.25, 22.25, 22.25
2026-09-13, 03:08:12, 22.25, 22.5, 22.75, 22.75, 9999.0, 9999.0, 9999.0, 23.91, 9999.0, 22.77, 9999.0, 22.73, 22.5, 22.25, 22.25, 22.25
2026-09-13, 03:08:16, 22.25, 22.5, 22.75, 22.75, 9999.0, 9999.0, 9999.0, 23.93, 9999.0, 22.8, 9999.0, 22.7, 22.5, 22.25, 22.25, 22.25
2026-09-13, 03:08:20, 22.25, 22.5, 22.75, 22.75, 9999.0, 9999.0, 9999.0, 23.95, 9999.0, 22.8, 9999.0, 22.68, 22.5, 22.25, 22.25, 22.25
2026-09-13, 03:08:24, 22.25, 22.5, 22.75, 22.75, 9999.0, 9999.0, 9999.0, 23.98, 9999.0, 22.77, 9999.0, 22.68, 22.5, 22.25, 22.25, 22.25
2026-09-13, 03:08:28, 22.25, 22.5, 22.75, 22.75, 9999.0, 9999.0, 9999.0, 24.0, 9999.0, 22.75, 9999.0, 22.66, 22.5, 22.25, 22.25, 22.25
2026-09-13, 03:08:32, 22.25, 22.5, 22.75, 22.75, 9999.0, 9999.0, 9999.0, 24.02, 9999.0, 22.7, 9999.0, 22.64, 22.5, 22.25, 22.25, 22.25
2026-09-13, 03:08:36, 22.25, 22.5, 22.75, 22.75, 9999.0, 9999.0, 9999.0, 24.07, 9999.0, 22.68, 9999.0, 22.64, 22.5, 22.25, 22.27, 22.25
2026-09-13, 03:08:40, 22.25, 22.5, 22.75, 22.75, 9999.0, 9999.0, 9999.0, 24.11, 9999.0, 22.66, 9999.0, 22.64, 22.48, 22.25, 22.27, 22.27
2026-09-13, 03:08:44, 22.25, 22.5, 22.75, 22.75, 9999.0, 9999.0, 9999.0, 24.09, 9999.0, 22.66, 9999.0, 22.64, 22.48, 22.25, 22.27, 22.27
2026-09-13, 03:08:48, 22.25, 22.5, 22.75, 22.75, 9999.0, 9999.0, 9999.0, 24.05, 9999.0, 22.64, 9999.0, 22.66, 22.48, 22.25, 22.27, 22.27
2026-09-13, 03:08:52, 22.25, 22.5, 22.75, 22.75, 9999.0, 9999.0, 9999.0, 24.0, 9999.0, 22.64, 9999.0, 22.66, 22.48, 22.25, 22.27, 22.27
2026-09-13, 03:08:56, 22.25, 22.5, 22.75, 22.75, 9999.0, 9999.0, 9999.0, 23.95, 9999.0, 22.64, 9999.0, 22.66, 22.48, 22.25, 22.27, 22.27
2026-09-13, 03:09:00, 22.25, 22.5, 22.75, 22.75, 9999.0, 9999.0, 9999.0, 23.91, 9999.0, 22.64, 9999.0, 22.68, 22.48, 22.25, 22.27, 22.27
2026-09-13, 03:09:04, 22.25, 22.5, 22.75, 22.75, 9999.0, 9999.0, 9999.0, 23.89, 9999.0, 22.66, 9999.0, 22.7, 22.48, 22.25, 22.3, 22.27
2026-09-13, 03:09:08, 22.25, 22.5, 22.75, 22.75, 9999.0, 9999.0, 9999.0, 23.86, 9999.0, 22.68, 9999.0, 22.7, 22.48, 22.25, 22.3, 22.27
2026-09-13, 03:09:12, 22.25, 22.5, 22.75, 22.75, 9999.0, 9999.0, 9999.0, 23.82, 9999.0, 22.7, 9999.0, 22.73, 22.48, 22.25, 22.3, 22.27
2026-09-13, 03:09:16, 22.27, 22.5, 22.75, 22.75, 9999.0, 9999.0, 9999.0, 23.8, 9999.0, 22.73, 9999.0, 22.75, 22.48, 22.25, 22.3, 22.27
2026-09-13, 03:09:20, 22.27, 22.5, 22.75, 22.75, 9999.0, 9999.0, 9999.0, 23.82, 9999.0, 22.73, 9999.0, 22.75, 22.48, 22.25, 22.27, 22.27
2026-09-13, 03:09:24, 22.27, 22.5, 22.75, 22.75, 9999.0, 9999.0, 9999.0, 23.84, 9999.0, 22.75, 9999.0, 22.75, 22.5, 22.25, 22.27, 22.25
2026-09-13, 03:09:28, 22.27, 22.5, 22.75, 22.75, 9999.0, 9999.0, 9999.0, 23.86, 9999.0, 22.75, 9999.0, 22.75, 22.5, 22.25, 22.27, 22.25
2026-09-13, 03:09:32, 22.27, 22.5, 22.75, 22.75, 9999.0, 9999.0, 9999.0, 23.91, 9999.0, 22.75, 9999.0, 22.75, 22.5, 22.25, 22.27, 22.25
2026-09-13, 03:09:36, 22.27, 22.5, 22.75, 22.75, 9999.0, 9999.0, 9999.0, 23.93, 9999.0, 22.75, 9999.0, 22.73, 22.5, 22.25, 22.27, 22.25
2026-09-13, 03:09:40, 22.27, 22.5, 22.75, 22.75, 9999.0, 9999.0, 9999.0, 23.98, 9999.0, 22.75, 9999.0, 22.7, 22.5, 22.25, 22.27, 22.25
2026-09-13, 03:09:44, 22.27, 22.5, 22.75, 22.75, 9999.0, 9999.0, 9999.0, 24.0, 9999.0, 22.75, 9999.0, 22.68, 22.5, 22.25, 22.27, 22.25
2026-09-13, 03:09:48, 22.27, 22.5, 22.75, 22.75, 9999.0, 9999.0, 9999.0, 24.02, 9999.0, 22.75, 9999.0, 22.66, 22.5, 22.25, 22.25, 22.25
2026-09-13, 03:09:53, 22.27, 22.5, 22.75, 22.75, 9999.0, 9999.0, 9999.0, 24.05, 9999.0, 22.75, 9999.0, 22.64, 22.5, 22.25, 22.25, 22.25
2026-09-13, 03:09:57, 22.27, 22.5, 22.75, 22.75, 9999.0, 9999.0, 9999.0, 24.11, 9999.0, 22.75, 9999.0, 22.64, 22.5, 22.25, 22.25, 22.25
2026-09-13, 03:10:01, 22.25, 22.5, 22.75, 22.75, 9999.0, 9999.0, 9999.0, 24.14, 9999.0, 22.73, 9999.0, 22.64, 22.5, 22.25, 22.25, 22.25
2026-09-13, 03:10:05, 22.25, 22.5, 22.75, 22.75, 9999.0, 9999.0, 9999.0, 24.11, 9999.0, 22.7, 9999.0, 22.64, 22.5, 22.25, 22.25, 22.25
2026-09-13, 03:10:09, 22.27, 22.5, 22.75, 22.75, 9999.0, 9999.0, 9999.0, 24.07, 9999.0, 22.68, 9999.0, 22.66, 22.5, 22.25, 22.27, 22.25
2026-09-13, 03:10:13, 22.27, 22.5, 22.75, 22.75, 9999.0, 9999.0, 9999.0, 24.02, 9999.0, 22.66, 9999.0, 22.66, 22.5, 22.25, 22.27, 22.25
2026-09-13, 03:10:17, 22.27, 22.5, 22.75, 22.75, 9999.0, 9999.0, 9999.0, 23.98, 9999.0, 22.66, 9999.0, 22.66, 22.5, 22.25, 22.27, 22.25
2026-09-13, 03:10:21, 22.27, 22.5, 22.75, 22.75, 9999.0, 9999.0, 9999.0, 23.95, 9999.0, 22.66, 9999.0, 22.68, 22.5, 22.25, 22.27, 22.25
2026-09-13, 03:10:25, 22.27, 22.5, 22.75, 22.75, 9999.0, 9999.0, 9999.0, 23.91, 9999.0, 22.66, 9999.0, 22.7, 22.5, 22.25, 22.27, 22.25
2026-09-13, 03:10:29, 22.27, 22.5, 22.75, 22.75, 9999.0, 9999.0, 9999.0, 23.89, 9999.0, 22.66, 9999.0, 22.73, 22.5, 22.25, 22.27, 22.25
2026-09-13, 03:10:33, 22.27, 22.5, 22.75, 22.75, 9999.0, 9999.0, 9999.0, 23.86, 9999.0, 22.68, 9999.0, 22.75, 22.5, 22.25, 22.27, 22.25
2026-09-13, 03:10:37, 22.3, 22.5, 22.75, 22.75, 9999.0, 9999.0, 9999.0, 23.91, 9999.0, 22.7, 9999.0, 22.77, 22.5, 22.25, 22.27, 22.25
2026-09-13, 03:10:41, 22.3, 22.5, 22.75, 22.75, 9999.0, 9999.0, 9999.0, 23.93, 9999.0, 22.7, 9999.0, 22.77, 22.5, 22.25, 22.27, 22.25
2026-09-13, 03:10:45, 22.3, 22.5, 22.75, 22.75, 9999.0, 9999.0, 9999.0, 23.95, 9999.0, 22.73, 9999.0, 22.77, 22.5, 22.25, 22.27, 22.25
2026-09-13, 03:10:49, 22.3, 22.5, 22.75, 22.75, 9999.0, 9999.0, 9999.0, 23.98, 9999.0, 22.75, 9999.0, 22.77, 22.5, 22.25, 22.27, 22.25
2026-09-13, 03:10:53, 22.3, 22.5, 22.75, 22.75, 9999.0, 9999.0, 9999.0, 24.02, 9999.0, 22.77, 9999.0, 22.73, 22.5, 22.25, 22.25, 22.25
2026-09-13, 03:10:57, 22.3, 22.5, 22.75, 22.75, 9999.0, 9999.0, 9999.0, 24.07, 9999.0, 22.8, 9999.0, 22.7, 22.5, 22.25, 22.25, 22.25
2026-09-13, 03:11:01, 22.3, 22.5, 22.75, 22.75, 9999.0, 9999.0, 9999.0, 24.11, 9999.0, 22.8, 9999.0, 22.68, 22.5, 22.25, 22.25, 22.25
2026-09-13, 03:11:05, 22.3, 22.5, 22.75, 22.75, 9999.0, 9999.0, 9999.0, 24.14, 9999.0, 22.77, 9999.0, 22.66, 22.5, 22.25, 22.25, 22.25
2026-09-13, 03:11:09, 22.3, 22.5, 22.75, 22.75, 9999.0, 9999.0, 9999.0, 24.16, 9999.0, 22.77, 9999.0, 22.66, 22.5, 22.25, 22.25, 22.25
2026-09-13, 03:11:13, 22.3, 22.5, 22.75, 22.75, 9999.0, 9999.0, 9999.0, 24.18, 9999.0, 22.75, 9999.0, 22.64, 22.5, 22.25, 22.25, 22.25
2026-09-13, 03:11:17, 22.32, 22.5, 22.75, 22.75, 9999.0, 9999.0, 9999.0, 24.2, 9999.0, 22.7, 9999.0, 22.64, 22.5, 22.25, 22.27, 22.25
2026-09-13, 03:11:21, 22.32, 22.5, 22.75, 22.75, 9999.0, 9999.0, 9999.0, 24.16, 9999.0, 22.66, 9999.0, 22.64, 22.5, 22.25, 22.27, 22.25
2026-09-13, 03:11:25, 22.34, 22.5, 22.75, 22.75, 9999.0, 9999.0, 9999.0, 24.11, 9999.0, 22.64, 9999.0, 22.64, 22.5, 22.25, 22.27, 22.25
2026-09-13, 03:11:29, 22.36, 22.5, 22.75, 22.75, 9999.0, 9999.0, 9999.0, 24.07, 9999.0, 22.61, 9999.0, 22.66, 22.5, 22.25, 22.27, 22.25
2026-09-13, 03:11:33, 22.36, 22.5, 22.75, 22.75, 9999.0, 9999.0, 9999.0, 24.02, 9999.0, 22.59, 9999.0, 22.66, 22.5, 22.25, 22.3, 22.25
2026-09-13, 03:11:37, 22.36, 22.5, 22.75, 22.75, 9999.0, 9999.0, 9999.0, 23.98, 9999.0, 22.59, 9999.0, 22.68, 22.5, 22.25, 22.3, 22.25
2026-09-13, 03:11:41, 22.39, 22.5, 22.75, 22.75, 9999.0, 9999.0, 9999.0, 23.93, 9999.0, 22.59, 9999.0, 22.7, 22.5, 22.25, 22.3, 22.25
2026-09-13, 03:11:45, 22.39, 22.5, 22.75, 22.75, 9999.0, 9999.0, 9999.0, 23.89, 9999.0, 22.59, 9999.0, 22.73, 22.5, 22.25, 22.3, 22.25
2026-09-13, 03:11:49, 22.39, 22.5, 22.75, 22.75, 9999.0, 9999.0, 9999.0, 23.84, 9999.0, 22.61, 9999.0, 22.75, 22.5, 22.25, 22.3, 22.25
2026-09-13, 03:11:53, 22.41, 22.5, 22.75, 22.75, 9999.0, 9999.0, 9999.0, 23.82, 9999.0, 22.61, 9999.0, 22.75, 22.5, 22.25, 22.3, 22.25
2026-09-13, 03:11:57, 22.41, 22.5, 22.75, 22.75, 9999.0, 9999.0, 9999.0, 23.84, 9999.0, 22.64, 9999.0, 22.77, 22.5, 22.25, 22.3, 22.25
2026-09-13, 03:12:01, 22.41, 22.5, 22.75, 22.75, 9999.0, 9999.0, 9999.0, 23.86, 9999.0, 22.66, 9999.0, 22.77, 22.5, 22.25, 22.27, 22.25
2026-09-13, 03:12:05, 22.39, 22.5, 22.75, 22.75, 9999.0, 9999.0, 9999.0, 23.89, 9999.0, 22.68, 9999.0, 22.77, 22.5, 22.25, 22.27, 22.25
2026-09-13, 03:12:09, 22.36, 22.5, 22.75, 22.75, 9999.0, 9999.0, 9999.0, 23.91, 9999.0, 22.7, 9999.0, 22.77, 22.5, 22.25, 22.27, 22.25
2026-09-13, 03:12:13, 22.36, 22.5, 22.75, 22.75, 9999.0, 9999.0, 9999.0, 23.95, 9999.0, 22.7, 9999.0, 22.75, 22.5, 22.25, 22.27, 22.25
2026-09-13, 03:12:17, 22.36, 22.5, 22.75, 22.75, 9999.0, 9999.0, 9999.0, 24.0, 9999.0, 22.7, 9999.0, 22.73, 22.5, 22.25, 22.25, 22.25
2026-09-13, 03:12:21, 22.34, 22.5, 22.75, 22.75, 9999.0, 9999.0, 9999.0, 24.05, 9999.0, 22.68, 9999.0, 22.7, 22.5, 22.25, 22.25, 22.25
2026-09-13, 03:12:25, 22.32, 22.5, 22.75, 22.75, 9999.0, 9999.0, 9999.0, 24.07, 9999.0, 22.66, 9999.0, 22.68, 22.5, 22.25, 22.27, 22.25
2026-09-13, 03:12:29, 22.34, 22.5, 22.75, 22.75, 9999.0, 9999.0, 9999.0, 24.09, 9999.0, 22.64, 9999.0, 22.66, 22.5, 22.25, 22.27, 22.25
2026-09-13, 03:12:33, 22.34, 22.5, 22.75, 22.75, 9999.0, 9999.0, 9999.0, 24.14, 9999.0, 22.61, 9999.0, 22.66, 22.5, 22.25, 22.27, 22.25
2026-09-13, 03:12:37, 22.32, 22.5, 22.75, 22.75, 9999.0, 9999.0, 9999.0, 24.16, 9999.0, 22.59, 9999.0, 22.66, 22.5, 22.25, 22.27, 22.25
2026-09-13, 03:12:41, 22.34, 22.5, 22.75, 22.75, 9999.0, 9999.0, 9999.0, 24.14, 9999.0, 22.57, 9999.0, 22.66, 22.5, 22.25, 22.27, 22.25
2026-09-13, 03:12:45, 22.32, 22.5, 22.75, 22.75, 9999.0, 9999.0, 9999.0, 24.11, 9999.0, 22.52, 9999.0, 22.68, 22.5, 22.25, 22.27, 22.25
2026-09-13, 03:12:49, 22.32, 22.5, 22.75, 22.75, 9999.0, 9999.0, 9999.0, 24.07, 9999.0, 22.5, 9999.0, 22.68, 22.5, 22.25, 22.27, 22.25
2026-09-13, 03:12:53, 22.32, 22.5, 22.75, 22.75, 9999.0, 9999.0, 9999.0, 24.02, 9999.0, 22.48, 9999.0, 22.68, 22.5, 22.25, 22.27, 22.25
2026-09-13, 03:12:57, 22.3, 22.5, 22.75, 22.75, 9999.0, 9999.0, 9999.0, 23.98, 9999.0, 22.48, 9999.0, 22.68, 22.5, 22.25, 22.27, 22.25
2026-09-13, 03:13:01, 22.3, 22.5, 22.75, 22.75, 9999.0, 9999.0, 9999.0, 23.93, 9999.0, 22.48, 9999.0, 22.7, 22.5, 22.25, 22.27, 22.25
2026-09-13, 03:13:05, 22.3, 22.5, 22.75, 22.75, 9999.0, 9999.0, 9999.0, 23.89, 9999.0, 22.5, 9999.0, 22.73, 22.5, 22.25, 22.27, 22.25
2026-09-13, 03:13:09, 22.3, 22.5, 22.75, 22.75, 9999.0, 9999.0, 9999.0, 23.84, 9999.0, 22.52, 9999.0, 22.75, 22.5, 22.25, 22.25, 22.25
2026-09-13, 03:13:13, 22.27, 22.5, 22.75, 22.75, 9999.0, 9999.0, 9999.0, 23.86, 9999.0, 22.55, 9999.0, 22.77, 22.5, 22.25, 22.25, 22.25
2026-09-13, 03:13:17, 22.27, 22.5, 22.75, 22.75, 9999.0, 9999.0, 9999.0, 23.89, 9999.0, 22.55, 9999.0, 22.77, 22.5, 22.25, 22.25, 22.25
2026-09-13, 03:13:21, 22.27, 22.5, 22.75, 22.75, 9999.0, 9999.0, 9999.0, 23.91, 9999.0, 22.55, 9999.0, 22.77, 22.5, 22.25, 22.25, 22.25
2026-09-13, 03:13:25, 22.25, 22.5, 22.75, 22.75, 9999.0, 9999.0, 9999.0, 23.93, 9999.0, 22.55, 9999.0, 22.75, 22.5, 22.25, 22.27, 22.25
2026-09-13, 03:13:29, 22.25, 22.5, 22.75, 22.75, 9999.0, 9999.0, 9999.0, 23.95, 9999.0, 22.57, 9999.0, 22.7, 22.5, 22.25, 22.27, 22.25
2026-09-13, 03:13:33, 22.25, 22.5, 22.75, 22.75, 9999.0, 9999.0, 9999.0, 23.98, 9999.0, 22.57, 9999.0, 22.68, 22.5, 22.25, 22.27, 22.25
2026-09-13, 03:13:37, 22.25, 22.5, 22.75, 22.75, 9999.0, 9999.0, 9999.0, 24.0, 9999.0, 22.55, 9999.0, 22.66, 22.5, 22.25, 22.27, 22.25
2026-09-13, 03:13:41, 22.25, 22.5, 22.75, 22.75, 9999.0, 9999.0, 9999.0, 24.02, 9999.0, 22.52, 9999.0, 22.64, 22.5, 22.25, 22.27, 22.25
2026-09-13, 03:13:46, 22.25, 22.5, 22.75, 22.75, 9999.0, 9999.0, 9999.0, 24.05, 9999.0, 22.5, 9999.0, 22.61, 22.5, 22.25, 22.27, 22.25
2026-09-13, 03:13:50, 22.25, 22.5, 22.75, 22.75, 9999.0, 9999.0, 9999.0, 24.07, 9999.0, 22.45, 9999.0, 22.61, 22.5, 22.25, 22.27, 22.25
2026-09-13, 03:13:54, 22.27, 22.5, 22.75, 22.75, 9999.0, 9999.0, 9999.0, 24.11, 9999.0, 22.41, 9999.0, 22.61, 22.5, 22.25, 22.27, 22.25
2026-09-13, 03:13:58, 22.27, 22.5, 22.75, 22.75, 9999.0, 9999.0, 9999.0, 24.07, 9999.0, 22.36, 9999.0, 22.61, 22.5, 22.25, 22.27, 22.25
2026-09-13, 03:14:02, 22.27, 22.5, 22.75, 22.75, 9999.0, 9999.0, 9999.0, 24.02, 9999.0, 22.34, 9999.0, 22.61, 22.5, 22.25, 22.27, 22.25
2026-09-13, 03:14:06, 22.27, 22.5, 22.75, 22.75, 9999.0, 9999.0, 9999.0, 23.98, 9999.0, 22.32, 9999.0, 22.64, 22.5, 22.25, 22.3, 22.25
2026-09-13, 03:14:10, 22.27, 22.5, 22.75, 22.75, 9999.0, 9999.0, 9999.0, 23.93, 9999.0, 22.32, 9999.0, 22.66, 22.5, 22.25, 22.27, 22.25
2026-09-13, 03:14:14, 22.27, 22.5, 22.75, 22.75, 9999.0, 9999.0, 9999.0, 23.86, 9999.0, 22.32, 9999.0, 22.68, 22.5, 22.25, 22.27, 22.25
2026-09-13, 03:14:18, 22.27, 22.5, 22.75, 22.75, 9999.0, 9999.0, 9999.0, 23.84, 9999.0, 22.32, 9999.0, 22.7, 22.5, 22.25, 22.27, 22.25
2026-09-13, 03:14:22, 22.27, 22.5, 22.75, 22.75, 9999.0, 9999.0, 9999.0, 23.8, 9999.0, 22.36, 9999.0, 22.73, 22.5, 22.25, 22.27, 22.25
2026-09-13, 03:14:26, 22.27, 22.5, 22.75, 22.75, 9999.0, 9999.0, 9999.0, 23.75, 9999.0, 22.41, 9999.0, 22.75, 22.5, 22.25, 22.3, 22.25
2026-09-13, 03:14:30, 22.27, 22.5, 22.75, 22.75, 9999.0, 9999.0, 9999.0, 23.7, 9999.0, 22.43, 9999.0, 22.77, 22.5, 22.25, 22.3, 22.25
2026-09-13, 03:14:34, 22.3, 22.5, 22.75, 22.75, 9999.0, 9999.0, 9999.0, 23.73, 9999.0, 22.45, 9999.0, 22.77, 22.5, 22.25, 22.3, 22.25
2026-09-13, 03:14:38, 22.27, 22.5, 22.75, 22.75, 9999.0, 9999.0, 9999.0, 23.75, 9999.0, 22.48, 9999.0, 22.77, 22.5, 22.25, 22.3, 22.25
2026-09-13, 03:14:42, 22.3, 22.5, 22.75, 22.75, 9999.0, 9999.0, 9999.0, 23.77, 9999.0, 22.5, 9999.0, 22.77, 22.5, 22.25, 22.3, 22.25
2026-09-13, 03:14:46, 22.3, 22.5, 22.75, 22.75, 9999.0, 9999.0, 9999.0, 23.77, 9999.0, 22.52, 9999.0, 22.77, 22.5, 22.25, 22.3, 22.25
2026-09-13, 03:14:50, 22.32, 22.5, 22.75, 22.75, 9999.0, 9999.0, 9999.0, 23.8, 9999.0, 22.52, 9999.0, 22.75, 22.5, 22.25, 22.27, 22.25
2026-09-13, 03:14:54, 22.34, 22.5, 22.75, 22.75, 9999.0, 9999.0, 9999.0, 23.8, 9999.0, 22.5, 9999.0, 22.73, 22.5, 22.25, 22.27, 22.25
2026-09-13, 03:14:58, 22.34, 22.5, 22.75, 22.75, 9999.0, 9999.0, 9999.0, 23.82, 9999.0, 22.48, 9999.0, 22.7, 22.5, 22.25, 22.27, 22.25
2026-09-13, 03:15:02, 22.34, 22.5, 22.75, 22.75, 9999.0, 9999.0, 9999.0, 23.82, 9999.0, 22.45, 9999.0, 22.68, 22.5, 22.25, 22.27, 22.25
2026-09-13, 03:15:06, 22.34, 22.5, 22.75, 22.75, 9999.0, 9999.0, 9999.0, 23.84, 9999.0, 22.41, 9999.0, 22.66, 22.5, 22.25, 22.27, 22.25
2026-09-13, 03:15:10, 22.34, 22.5, 22.75, 22.75, 9999.0, 9999.0, 9999.0, 23.86, 9999.0, 22.36, 9999.0, 22.66, 22.5, 22.25, 22.25, 22.25
2026-09-13, 03:15:14, 22.34, 22.5, 22.75, 22.75, 9999.0, 9999.0, 9999.0, 23.89, 9999.0, 22.34, 9999.0, 22.66, 22.5, 22.25, 22.25, 22.25
2026-09-13, 03:15:18, 22.32, 22.5, 22.75, 22.75, 9999.0, 9999.0, 9999.0, 23.84, 9999.0, 22.32, 9999.0, 22.68, 22.5, 22.25, 22.25, 22.25
2026-09-13, 03:15:22, 22.32, 22.5, 22.75, 22.75, 9999.0, 9999.0, 9999.0, 23.8, 9999.0, 22.27, 9999.0, 22.68, 22.5, 22.25, 22.25, 22.25
2026-09-13, 03:15:26, 22.3, 22.5, 22.75, 22.75, 9999.0, 9999.0, 9999.0, 23.77, 9999.0, 22.23, 9999.0, 22.68, 22.5, 22.25, 22.27, 22.25
2026-09-13, 03:15:30, 22.3, 22.5, 22.75, 22.75, 9999.0, 9999.0, 9999.0, 23.75, 9999.0, 22.2, 9999.0, 22.68, 22.5, 22.25, 22.27, 22.25
2026-09-13, 03:15:34, 22.3, 22.5, 22.75, 22.75, 9999.0, 9999.0, 9999.0, 23.7, 9999.0, 22.2, 9999.0, 22.68, 22.5, 22.25, 22.27, 22.25
2026-09-13, 03:15:38, 22.27, 22.5, 22.75, 22.75, 9999.0, 9999.0, 9999.0, 23.68, 9999.0, 22.23, 9999.0, 22.7, 22.5, 22.25, 22.27, 22.25
2026-09-13, 03:15:42, 22.27, 22.5, 22.75, 22.75, 9999.0, 9999.0, 9999.0, 23.66, 9999.0, 22.25, 9999.0, 22.73, 22.5, 22.25, 22.3, 22.27
2026-09-13, 03:15:46, 22.27, 22.5, 22.75, 22.75, 9999.0, 9999.0, 9999.0, 23.64, 9999.0, 22.27, 9999.0, 22.75, 22.5, 22.25, 22.3, 22.27
2026-09-13, 03:15:50, 22.27, 22.5, 22.75, 22.75, 9999.0, 9999.0, 9999.0, 23.68, 9999.0, 22.3, 9999.0, 22.77, 22.5, 22.25, 22.3, 22.3
2026-09-13, 03:15:54, 22.27, 22.5, 22.75, 22.75, 9999.0, 9999.0, 9999.0, 23.73, 9999.0, 22.3, 9999.0, 22.77, 22.5, 22.25, 22.32, 22.3
2026-09-13, 03:15:58, 22.27, 22.5, 22.75, 22.75, 9999.0, 9999.0, 9999.0, 23.75, 9999.0, 22.3, 9999.0, 22.77, 22.5, 22.25, 22.32, 22.3
2026-09-13, 03:16:02, 22.27, 22.5, 22.75, 22.75, 9999.0, 9999.0, 9999.0, 23.77, 9999.0, 22.3, 9999.0, 22.75, 22.5, 22.25, 22.32, 22.3
2026-09-13, 03:16:06, 22.27, 22.5, 22.75, 22.75, 9999.0, 9999.0, 9999.0, 23.8, 9999.0, 22.32, 9999.0, 22.75, 22.5, 22.25, 22.32, 22.3
2026-09-13, 03:16:10, 22.3, 22.5, 22.75, 22.75, 9999.0, 9999.0, 9999.0, 23.82, 9999.0, 22.34, 9999.0, 22.75, 22.5, 22.25, 22.3, 22.3
2026-09-13, 03:16:14, 22.3, 22.5, 22.75, 22.75, 9999.0, 9999.0, 9999.0, 23.86, 9999.0, 22.34, 9999.0, 22.73, 22.5, 22.25, 22.3, 22.3
2026-09-13, 03:16:18, 22.27, 22.5, 22.75, 22.75, 9999.0, 9999.0, 9999.0, 23.89, 9999.0, 22.34, 9999.0, 22.7, 22.5, 22.25, 22.3, 22.3
2026-09-13, 03:16:22, 22.27, 22.5, 22.75, 22.75, 9999.0, 9999.0, 9999.0, 23.93, 9999.0, 22.32, 9999.0, 22.68, 22.5, 22.25, 22.3, 22.3
2026-09-13, 03:16:26, 22.3, 22.5, 22.75, 22.75, 9999.0, 9999.0, 9999.0, 23.95, 9999.0, 22.3, 9999.0, 22.68, 22.5, 22.25, 22.27, 22.27
2026-09-13, 03:16:30, 22.3, 22.5, 22.75, 22.75, 9999.0, 9999.0, 9999.0, 23.98, 9999.0, 22.27, 9999.0, 22.68, 22.48, 22.25, 22.27, 22.27
2026-09-13, 03:16:34, 22.32, 22.5, 22.75, 22.75, 9999.0, 9999.0, 9999.0, 23.93, 9999.0, 22.23, 9999.0, 22.68, 22.48, 22.25, 22.27, 22.25
2026-09-13, 03:16:38, 22.32, 22.5, 22.75, 22.75, 9999.0, 9999.0, 9999.0, 23.86, 9999.0, 22.2, 9999.0, 22.68, 22.48, 22.25, 22.25, 22.25
2026-09-13, 03:16:42, 22.32, 22.5, 22.75, 22.75, 9999.0, 9999.0, 9999.0, 23.84, 9999.0, 22.18, 9999.0, 22.7, 22.48, 22.25, 22.27, 22.25
2026-09-13, 03:16:46, 22.32, 22.5, 22.75, 22.75, 9999.0, 9999.0, 9999.0, 23.8, 9999.0, 22.18, 9999.0, 22.7, 22.48, 22.25, 22.3, 22.25
2026-09-13, 03:16:50, 22.32, 22.5, 22.75, 22.75, 9999.0, 9999.0, 9999.0, 23.75, 9999.0, 22.18, 9999.0, 22.7, 22.48, 22.25, 22.3, 22.25
2026-09-13, 03:16:54, 22.3, 22.48, 22.75, 22.75, 9999.0, 9999.0, 9999.0, 23.7, 9999.0, 22.18, 9999.0, 22.7, 22.48, 22.25, 22.3, 22.27
2026-09-13, 03:16:58, 22.3, 22.48, 22.75, 22.75, 9999.0, 9999.0, 9999.0, 23.66, 9999.0, 22.2, 9999.0, 22.73, 22.48, 22.25, 22.32, 22.27
2026-09-13, 03:17:02, 22.32, 22.48, 22.75, 22.75, 9999.0, 9999.0, 9999.0, 23.64, 9999.0, 22.23, 9999.0, 22.75, 22.48, 22.25, 22.32, 22.27
2026-09-13, 03:17:06, 22.32, 22.48, 22.75, 22.75, 9999.0, 9999.0, 9999.0, 23.66, 9999.0, 22.23, 9999.0, 22.77, 22.48, 22.25, 22.34, 22.3
2026-09-13, 03:17:10, 22.3, 22.48, 22.75, 22.75, 9999.0, 9999.0, 9999.0, 23.7, 9999.0, 22.23, 9999.0, 22.77, 22.48, 22.25, 22.34, 22.32
2026-09-13, 03:17:14, 22.32, 22.48, 22.75, 22.75, 9999.0, 9999.0, 9999.0, 23.75, 9999.0, 22.23, 9999.0, 22.77, 22.5, 22.25, 22.36, 22.32
2026-09-13, 03:17:18, 22.3, 22.48, 22.75, 22.75, 9999.0, 9999.0, 9999.0, 23.77, 9999.0, 22.25, 9999.0, 22.77, 22.5, 22.25, 22.36, 22.32
2026-09-13, 03:17:22, 22.3, 22.48, 22.75, 22.75, 9999.0, 9999.0, 9999.0, 23.82, 9999.0, 22.27, 9999.0, 22.75, 22.5, 22.25, 22.36, 22.32
2026-09-13, 03:17:26, 22.3, 22.48, 22.75, 22.75, 9999.0, 9999.0, 9999.0, 23.84, 9999.0, 22.3, 9999.0, 22.73, 22.5, 22.27, 22.34, 22.32
2026-09-13, 03:17:30, 22.3, 22.48, 22.75, 22.75, 9999.0, 9999.0, 9999.0, 23.89, 9999.0, 22.3, 9999.0, 22.73, 22.5, 22.27, 22.32, 22.34
2026-09-13, 03:17:34, 22.3, 22.48, 22.75, 22.75, 9999.0, 9999.0, 9999.0, 23.91, 9999.0, 22.3, 9999.0, 22.7, 22.5, 22.27, 22.32, 22.34
2026-09-13, 03:17:39, 22.3, 22.5, 22.75, 22.75, 9999.0, 9999.0, 9999.0, 23.95, 9999.0, 22.3, 9999.0, 22.7, 22.5, 22.27, 22.32, 22.32
2026-09-13, 03:17:43, 22.3, 22.5, 22.75, 22.75, 9999.0, 9999.0, 9999.0, 24.0, 9999.0, 22.27, 9999.0, 22.7, 22.5, 22.27, 22.3, 22.32
2026-09-13, 03:17:47, 22.3, 22.5, 22.75, 22.75, 9999.0, 9999.0, 9999.0, 24.02, 9999.0, 22.25, 9999.0, 22.7, 22.5, 22.27, 22.3, 22.32
2026-09-13, 03:17:51, 22.3, 22.5, 22.75, 22.75, 9999.0, 9999.0, 9999.0, 23.98, 9999.0, 22.25, 9999.0, 22.7, 22.5, 22.27, 22.27, 22.3
2026-09-13, 03:17:55, 22.3, 22.48, 22.75, 22.75, 9999.0, 9999.0, 9999.0, 23.93, 9999.0, 22.25, 9999.0, 22.7, 22.5, 22.27, 22.3, 22.3
2026-09-13, 03:17:59, 22.27, 22.48, 22.75, 22.75, 9999.0, 9999.0, 9999.0, 23.86, 9999.0, 22.25, 9999.0, 22.73, 22.5, 22.27, 22.27, 22.3
2026-09-13, 03:18:03, 22.3, 22.48, 22.75, 22.75, 9999.0, 9999.0, 9999.0, 23.82, 9999.0, 22.25, 9999.0, 22.75, 22.5, 22.27, 22.3, 22.32
2026-09-13, 03:18:07, 22.3, 22.48, 22.75, 22.75, 9999.0, 9999.0, 9999.0, 23.77, 9999.0, 22.27, 9999.0, 22.8, 22.5, 22.27, 22.3, 22.34
2026-09-13, 03:18:11, 22.3, 22.48, 22.75, 22.75, 9999.0, 9999.0, 9999.0, 23.73, 9999.0, 22.27, 9999.0, 22.8, 22.5, 22.25, 22.3, 22.34
2026-09-13, 03:18:15, 22.3, 22.48, 22.75, 22.75, 9999.0, 9999.0, 9999.0, 23.68, 9999.0, 22.3, 9999.0, 22.8, 22.5, 22.25, 22.32, 22.32
2026-09-13, 03:18:19, 22.3, 22.48, 22.75, 22.75, 9999.0, 9999.0, 9999.0, 23.66, 9999.0, 22.32, 9999.0, 22.82, 22.5, 22.25, 22.34, 22.32
2026-09-13, 03:18:23, 22.3, 22.48, 22.75, 22.75, 9999.0, 9999.0, 9999.0, 23.59, 9999.0, 22.34, 9999.0, 22.82, 22.5, 22.25, 22.36, 22.32
2026-09-13, 03:18:27, 22.3, 22.48, 22.75, 22.75, 9999.0, 9999.0, 9999.0, 23.59, 9999.0, 22.36, 9999.0, 22.82, 22.5, 22.25, 22.39, 22.32
2026-09-13, 03:18:31, 22.27, 22.48, 22.75, 22.75, 9999.0, 9999.0, 9999.0, 23.64, 9999.0, 22.36, 9999.0, 22.82, 22.5, 22.25, 22.39, 22.34
2026-09-13, 03:18:35, 22.27, 22.48, 22.75, 22.75, 9999.0, 9999.0, 9999.0, 23.66, 9999.0, 22.39, 9999.0, 22.82, 22.5, 22.25, 22.39, 22.34
2026-09-13, 03:18:39, 22.3, 22.5, 22.75, 22.75, 9999.0, 9999.0, 9999.0, 23.68, 9999.0, 22.41, 9999.0, 22.82, 22.5, 22.25, 22.39, 22.32
2026-09-13, 03:18:43, 22.3, 22.5, 22.75, 22.75, 9999.0, 9999.0, 9999.0, 23.7, 9999.0, 22.41, 9999.0, 22.8, 22.5, 22.25, 22.39, 22.32
2026-09-13, 03:18:47, 22.27, 22.5, 22.75, 22.75, 9999.0, 9999.0, 9999.0, 23.73, 9999.0, 22.41, 9999.0, 22.77, 22.5, 22.25, 22.36, 22.32
2026-09-13, 03:18:51, 22.27, 22.5, 22.75, 22.75, 9999.0, 9999.0, 9999.0, 23.75, 9999.0, 22.39, 9999.0, 22.73, 22.5, 22.27, 22.36, 22.3
2026-09-13, 03:18:55, 22.27, 22.5, 22.75, 22.75, 9999.0, 9999.0, 9999.0, 23.77, 9999.0, 22.39, 9999.0, 22.7, 22.5, 22.27, 22.39, 22.3
2026-09-13, 03:18:59, 22.27, 22.5, 22.75, 22.75, 9999.0, 9999.0, 9999.0, 23.8, 9999.0, 22.36, 9999.0, 22.68, 22.5, 22.27, 22.36, 22.3
2026-09-13, 03:19:03, 22.27, 22.5, 22.75, 22.75, 9999.0, 9999.0, 9999.0, 23.82, 9999.0, 22.34, 9999.0, 22.68, 22.5, 22.27, 22.36, 22.3
2026-09-13, 03:19:07, 22.27, 22.5, 22.75, 22.75, 9999.0, 9999.0, 9999.0, 23.86, 9999.0, 22.32, 9999.0, 22.68, 22.5, 22.27, 22.34, 22.3
2026-09-13, 03:19:11, 22.27, 22.5, 22.75, 22.75, 9999.0, 9999.0, 9999.0, 23.84, 9999.0, 22.3, 9999.0, 22.68, 22.5, 22.27, 22.32, 22.3
2026-09-13, 03:19:15, 22.3, 22.5, 22.75, 22.75, 9999.0, 9999.0, 9999.0, 23.8, 9999.0, 22.3, 9999.0, 22.7, 22.5, 22.27, 22.34, 22.27
2026-09-13, 03:19:19, 22.3, 22.5, 22.75, 22.75, 9999.0, 9999.0, 9999.0, 23.77, 9999.0, 22.27, 9999.0, 22.7, 22.5, 22.27, 22.36, 22.3
2026-09-13, 03:19:23, 22.27, 22.5, 22.75, 22.75, 9999.0, 9999.0, 9999.0, 23.73, 9999.0, 22.25, 9999.0, 22.7, 22.5, 22.27, 22.34, 22.32
2026-09-13, 03:19:27, 22.27, 22.5, 22.75, 22.75, 9999.0, 9999.0, 9999.0, 23.7, 9999.0, 22.27, 9999.0, 22.7, 22.5, 22.3, 22.34, 22.32
2026-09-13, 03:19:31, 22.27, 22.5, 22.75, 22.75, 9999.0, 9999.0, 9999.0, 23.68, 9999.0, 22.3, 9999.0, 22.7, 22.5, 22.3, 22.34, 22.3
2026-09-13, 03:19:35, 22.3, 22.5, 22.75, 22.75, 9999.0, 9999.0, 9999.0, 23.66, 9999.0, 22.32, 9999.0, 22.73, 22.5, 22.3, 22.34, 22.32
2026-09-13, 03:19:39, 22.3, 22.5, 22.75, 22.75, 9999.0, 9999.0, 9999.0, 23.61, 9999.0, 22.34, 9999.0, 22.75, 22.5, 22.3, 22.32, 22.32
2026-09-13, 03:19:43, 22.32, 22.5, 22.75, 22.75, 9999.0, 9999.0, 9999.0, 23.66, 9999.0, 22.36, 9999.0, 22.77, 22.5, 22.3, 22.34, 22.32
2026-09-13, 03:19:47, 22.32, 22.5, 22.75, 22.75, 9999.0, 9999.0, 9999.0, 23.7, 9999.0, 22.39, 9999.0, 22.77, 22.5, 22.3, 22.32, 22.32
2026-09-13, 03:19:51, 22.34, 22.5, 22.75, 22.75, 9999.0, 9999.0, 9999.0, 23.73, 9999.0, 22.41, 9999.0, 22.77, 22.5, 22.32, 22.34, 22.32
2026-09-13, 03:19:55, 22.34, 22.5, 22.75, 22.75, 9999.0, 9999.0, 9999.0, 23.75, 9999.0, 22.41, 9999.0, 22.77, 22.5, 22.32, 22.34, 22.32
2026-09-13, 03:19:59, 22.32, 22.5, 22.77, 22.77, 9999.0, 9999.0, 9999.0, 23.77, 9999.0, 22.41, 9999.0, 22.73, 22.5, 22.32, 22.32, 22.32
2026-09-13, 03:20:03, 22.32, 22.5, 22.77, 22.77, 9999.0, 9999.0, 9999.0, 23.77, 9999.0, 22.41, 9999.0, 22.7, 22.5, 22.32, 22.3, 22.3
2026-09-13, 03:20:07, 22.34, 22.5, 22.77, 22.77, 9999.0, 9999.0, 9999.0, 23.8, 9999.0, 22.41, 9999.0, 22.7, 22.5, 22.32, 22.3, 22.3
2026-09-13, 03:20:11, 22.34, 22.5, 22.77, 22.77, 9999.0, 9999.0, 9999.0, 23.82, 9999.0, 22.39, 9999.0, 22.68, 22.5, 22.3, 22.3, 22.3
2026-09-13, 03:20:15, 22.34, 22.5, 22.77, 22.77, 9999.0, 9999.0, 9999.0, 23.84, 9999.0, 22.36, 9999.0, 22.66, 22.5, 22.3, 22.3, 22.3
2026-09-13, 03:20:19, 22.34, 22.5, 22.77, 22.77, 9999.0, 9999.0, 9999.0, 23.89, 9999.0, 22.34, 9999.0, 22.66, 22.5, 22.27, 22.3, 22.3
2026-09-13, 03:20:23, 22.34, 22.5, 22.77, 22.77, 9999.0, 9999.0, 9999.0, 23.93, 9999.0, 22.32, 9999.0, 22.66, 22.5, 22.27, 22.32, 22.3
2026-09-13, 03:20:27, 22.32, 22.5, 22.77, 22.77, 9999.0, 9999.0, 9999.0, 23.89, 9999.0, 22.3, 9999.0, 22.66, 22.5, 22.27, 22.3, 22.32
2026-09-13, 03:20:31, 22.34, 22.5, 22.77, 22.77, 9999.0, 9999.0, 9999.0, 23.84, 9999.0, 22.27, 9999.0, 22.68, 22.5, 22.27, 22.3, 22.32
2026-09-13, 03:20:35, 22.32, 22.5, 22.77, 22.77, 9999.0, 9999.0, 9999.0, 23.8, 9999.0, 22.25, 9999.0, 22.7, 22.5, 22.25, 22.27, 22.32
2026-09-13, 03:20:39, 22.32, 22.5, 22.77, 22.77, 9999.0, 9999.0, 9999.0, 23.77, 9999.0, 22.25, 9999.0, 22.73, 22.5, 22.25, 22.27, 22.32
2026-09-13, 03:20:43, 22.34, 22.5, 22.75, 22.75, 9999.0, 9999.0, 9999.0, 23.73, 9999.0, 22.27, 9999.0, 22.77, 22.5, 22.25, 22.3, 22.32
2026-09-13, 03:20:47, 22.34, 22.5, 22.75, 22.75, 9999.0, 9999.0, 9999.0, 23.7, 9999.0, 22.3, 9999.0, 22.8, 22.5, 22.25, 22.3, 22.32
2026-09-13, 03:20:51, 22.32, 22.5, 22.75, 22.75, 9999.0, 9999.0, 9999.0, 23.68, 9999.0, 22.32, 9999.0, 22.8, 22.52, 22.25, 22.3, 22.3
2026-09-13, 03:20:55, 22.32, 22.5, 22.75, 22.75, 9999.0, 9999.0, 9999.0, 23.66, 9999.0, 22.34, 9999.0, 22.82, 22.52, 22.25, 22.32, 22.32
2026-09-13, 03:20:59, 22.32, 22.5, 22.75, 22.75, 9999.0, 9999.0, 9999.0, 23.61, 9999.0, 22.36, 9999.0, 22.84, 22.52, 22.25, 22.32, 22.32
2026-09-13, 03:21:03, 22.3, 22.5, 22.75, 22.75, 9999.0, 9999.0, 9999.0, 23.64, 9999.0, 22.39, 9999.0, 22.84, 22.52, 22.25, 22.32, 22.32
2026-09-13, 03:21:07, 22.3, 22.5, 22.75, 22.75, 9999.0, 9999.0, 9999.0, 23.68, 9999.0, 22.41, 9999.0, 22.84, 22.52, 22.25, 22.3, 22.34
2026-09-13, 03:21:11, 22.3, 22.5, 22.75, 22.75, 9999.0, 9999.0, 9999.0, 23.7, 9999.0, 22.43, 9999.0, 22.84, 22.52, 22.25, 22.3, 22.32
2026-09-13, 03:21:15, 22.3, 22.5, 22.75, 22.75, 9999.0, 9999.0, 9999.0, 23.73, 9999.0, 22.45, 9999.0, 22.82, 22.52, 22.25, 22.3, 22.32
2026-09-13, 03:21:19, 22.3, 22.5, 22.75, 22.75, 9999.0, 9999.0, 9999.0, 23.77, 9999.0, 22.48, 9999.0, 22.8, 22.52, 22.25, 22.3, 22.32
2026-09-13, 03:21:23, 22.3, 22.5, 22.75, 22.75, 9999.0, 9999.0, 9999.0, 23.77, 9999.0, 22.5, 9999.0, 22.75, 22.52, 22.25, 22.3, 22.34
2026-09-13, 03:21:28, 22.27, 22.5, 22.75, 22.77, 9999.0, 9999.0, 9999.0, 23.8, 9999.0, 22.48, 9999.0, 22.7, 22.52, 22.27, 22.3, 22.34
2026-09-13, 03:21:32, 22.27, 22.5, 22.77, 22.77, 9999.0, 9999.0, 9999.0, 23.82, 9999.0, 22.45, 9999.0, 22.68, 22.52, 22.27, 22.3, 22.34
2026-09-13, 03:21:36, 22.3, 22.5, 22.77, 22.77, 9999.0, 9999.0, 9999.0, 23.84, 9999.0, 22.43, 9999.0, 22.66, 22.5, 22.3, 22.3, 22.34
2026-09-13, 03:21:40, 22.3, 22.5, 22.77, 22.77, 9999.0, 9999.0, 9999.0, 23.86, 9999.0, 22.41, 9999.0, 22.66, 22.5, 22.3, 22.3, 22.32
2026-09-13, 03:21:44, 22.3, 22.5, 22.77, 22.77, 9999.0, 9999.0, 9999.0, 23.91, 9999.0, 22.39, 9999.0, 22.66, 22.5, 22.3, 22.3, 22.32
2026-09-13, 03:21:48, 22.3, 22.5, 22.77, 22.77, 9999.0, 9999.0, 9999.0, 23.86, 9999.0, 22.36, 9999.0, 22.66, 22.5, 22.3, 22.32, 22.3
2026-09-13, 03:21:52, 22.3, 22.5, 22.77, 22.77, 9999.0, 9999.0, 9999.0, 23.82, 9999.0, 22.34, 9999.0, 22.68, 22.5, 22.3, 22.32, 22.27
2026-09-13, 03:21:56, 22.3, 22.5, 22.77, 22.77, 9999.0, 9999.0, 9999.0, 23.8, 9999.0, 22.32, 9999.0, 22.68, 22.52, 22.3, 22.32, 22.27
2026-09-13, 03:22:00, 22.27, 22.5, 22.77, 22.77, 9999.0, 9999.0, 9999.0, 23.75, 9999.0, 22.32, 9999.0, 22.68, 22.52, 22.3, 22.32, 22.27
2026-09-13, 03:22:04, 22.27, 22.5, 22.77, 22.77, 9999.0, 9999.0, 9999.0, 23.7, 9999.0, 22.32, 9999.0, 22.68, 22.52, 22.3, 22.32, 22.27
2026-09-13, 03:22:08, 22.27, 22.5, 22.77, 22.77, 9999.0, 9999.0, 9999.0, 23.68, 9999.0, 22.32, 9999.0, 22.7, 22.52, 22.3, 22.32, 22.25
2026-09-13, 03:22:12, 22.3, 22.5, 22.77, 22.75, 9999.0, 9999.0, 9999.0, 23.66, 9999.0, 22.36, 9999.0, 22.73, 22.55, 22.27, 22.3, 22.25
2026-09-13, 03:22:16, 22.3, 22.5, 22.75, 22.75, 9999.0, 9999.0, 9999.0, 23.64, 9999.0, 22.41, 9999.0, 22.75, 22.55, 22.27, 22.3, 22.25
2026-09-13, 03:22:20, 22.27, 22.5, 22.75, 22.75, 9999.0, 9999.0, 9999.0, 23.68, 9999.0, 22.45, 9999.0, 22.77, 22.57, 22.25, 22.3, 22.25
2026-09-13, 03:22:24, 22.27, 22.5, 22.75, 22.75, 9999.0, 9999.0, 9999.0, 23.73, 9999.0, 22.48, 9999.0, 22.77, 22.57, 22.25, 22.27, 22.25
2026-09-13, 03:22:28, 22.3, 22.5, 22.75, 22.75, 9999.0, 9999.0, 9999.0, 23.77, 9999.0, 22.5, 9999.0, 22.77, 22.57, 22.25, 22.27, 22.25
2026-09-13, 03:22:32, 22.3, 22.5, 22.75, 22.77, 9999.0, 9999.0, 9999.0, 23.8, 9999.0, 22.52, 9999.0, 22.77, 22.57, 22.25, 22.25, 22.25
2026-09-13, 03:22:36, 22.32, 22.5, 22.75, 22.8, 9999.0, 9999.0, 9999.0, 23.82, 9999.0, 22.55, 9999.0, 22.75, 22.57, 22.25, 22.25, 22.27
2026-09-13, 03:22:40, 22.32, 22.5, 22.75, 22.8, 9999.0, 9999.0, 9999.0, 23.84, 9999.0, 22.57, 9999.0, 22.75, 22.55, 22.25, 22.25, 22.3
2026-09-13, 03:22:44, 22.32, 22.5, 22.75, 22.8, 9999.0, 9999.0, 9999.0, 23.86, 9999.0, 22.57, 9999.0, 22.73, 22.55, 22.25, 22.27, 22.3
2026-09-13, 03:22:48, 22.32, 22.5, 22.75, 22.8, 9999.0, 9999.0, 9999.0, 23.91, 9999.0, 22.57, 9999.0, 22.7, 22.55, 22.25, 22.27, 22.32
2026-09-13, 03:22:52, 22.32, 22.5, 22.75, 22.8, 9999.0, 9999.0, 9999.0, 23.95, 9999.0, 22.57, 9999.0, 22.68, 22.55, 22.25, 22.27, 22.32
2026-09-13, 03:22:56, 22.3, 22.5, 22.75, 22.8, 9999.0, 9999.0, 9999.0, 23.98, 9999.0, 22.55, 9999.0, 22.68, 22.52, 22.25, 22.27, 22.32
2026-09-13, 03:23:00, 22.32, 22.5, 22.75, 22.8, 9999.0, 9999.0, 9999.0, 24.0, 9999.0, 22.52, 9999.0, 22.68, 22.52, 22.25, 22.27, 22.32
2026-09-13, 03:23:04, 22.32, 22.5, 22.75, 22.8, 9999.0, 9999.0, 9999.0, 23.95, 9999.0, 22.5, 9999.0, 22.7, 22.5, 22.25, 22.3, 22.34
2026-09-13, 03:23:08, 22.32, 22.5, 22.75, 22.8, 9999.0, 9999.0, 9999.0, 23.91, 9999.0, 22.5, 9999.0, 22.73, 22.5, 22.25, 22.32, 22.34
2026-09-13, 03:23:12, 22.3, 22.5, 22.75, 22.8, 9999.0, 9999.0, 9999.0, 23.86, 9999.0, 22.48, 9999.0, 22.73, 22.5, 22.25, 22.34, 22.34
2026-09-13, 03:23:16, 22.3, 22.5, 22.75, 22.77, 9999.0, 9999.0, 9999.0, 23.84, 9999.0, 22.48, 9999.0, 22.73, 22.5, 22.25, 22.36, 22.34
2026-09-13, 03:23:20, 22.27, 22.5, 22.75, 22.75, 9999.0, 9999.0, 9999.0, 23.82, 9999.0, 22.48, 9999.0, 22.73, 22.5, 22.25, 22.36, 22.32
2026-09-13, 03:23:24, 22.27, 22.5, 22.75, 22.75, 9999.0, 9999.0, 9999.0, 23.8, 9999.0, 22.48, 9999.0, 22.73, 22.5, 22.25, 22.36, 22.3
2026-09-13, 03:23:28, 22.27, 22.5, 22.75, 22.75, 9999.0, 9999.0, 9999.0, 23.77, 9999.0, 22.5, 9999.0, 22.75, 22.5, 22.25, 22.34, 22.3
2026-09-13, 03:23:32, 22.27, 22.5, 22.75, 22.75, 9999.0, 9999.0, 9999.0, 23.73, 9999.0, 22.52, 9999.0, 22.77, 22.5, 22.25, 22.36, 22.3
2026-09-13, 03:23:36, 22.27, 22.5, 22.75, 22.75, 9999.0, 9999.0, 9999.0, 23.77, 9999.0, 22.55, 9999.0, 22.8, 22.5, 22.25, 22.36, 22.3
2026-09-13, 03:23:40, 22.27, 22.5, 22.75, 22.75, 9999.0, 9999.0, 9999.0, 23.82, 9999.0, 22.57, 9999.0, 22.8, 22.5, 22.25, 22.39, 22.3
2026-09-13, 03:23:44, 22.25, 22.5, 22.75, 22.75, 9999.0, 9999.0, 9999.0, 23.86, 9999.0, 22.57, 9999.0, 22.8, 22.5, 22.25, 22.41, 22.3
2026-09-13, 03:23:48, 22.25, 22.5, 22.75, 22.75, 9999.0, 9999.0, 9999.0, 23.91, 9999.0, 22.57, 9999.0, 22.77, 22.5, 22.25, 22.39, 22.27
2026-09-13, 03:23:52, 22.25, 22.5, 22.75, 22.75, 9999.0, 9999.0, 9999.0, 23.95, 9999.0, 22.57, 9999.0, 22.75, 22.5, 22.25, 22.36, 22.27
2026-09-13, 03:23:56, 22.25, 22.5, 22.75, 22.75, 9999.0, 9999.0, 9999.0, 23.98, 9999.0, 22.59, 9999.0, 22.75, 22.5, 22.25, 22.36, 22.27
2026-09-13, 03:24:00, 22.25, 22.5, 22.75, 22.75, 9999.0, 9999.0, 9999.0, 24.0, 9999.0, 22.59, 9999.0, 22.75, 22.5, 22.25, 22.36, 22.27
2026-09-13, 03:24:04, 22.25, 22.5, 22.75, 22.75, 9999.0, 9999.0, 9999.0, 24.02, 9999.0, 22.59, 9999.0, 22.73, 22.5, 22.25, 22.36, 22.27
2026-09-13, 03:24:08, 22.25, 22.5, 22.75, 22.75, 9999.0, 9999.0, 9999.0, 24.05, 9999.0, 22.59, 9999.0, 22.7, 22.5, 22.25, 22.36, 22.3
2026-09-13, 03:24:12, 22.25, 22.5, 22.75, 22.75, 9999.0, 9999.0, 9999.0, 24.09, 9999.0, 22.57, 9999.0, 22.7, 22.5, 22.25, 22.36, 22.32
2026-09-13, 03:24:16, 22.25, 22.5, 22.75, 22.75, 9999.0, 9999.0, 9999.0, 24.11, 9999.0, 22.55, 9999.0, 22.7, 22.5, 22.25, 22.36, 22.3
2026-09-13, 03:24:20, 22.25, 22.5, 22.75, 22.75, 9999.0, 9999.0, 9999.0, 24.05, 9999.0, 22.52, 9999.0, 22.7, 22.5, 22.25, 22.36, 22.3
2026-09-13, 03:24:24, 22.25, 22.5, 22.75, 22.75, 9999.0, 9999.0, 9999.0, 24.0, 9999.0, 22.5, 9999.0, 22.73, 22.5, 22.25, 22.36, 22.3
2026-09-13, 03:24:28, 22.25, 22.5, 22.75, 22.75, 9999.0, 9999.0, 9999.0, 23.95, 9999.0, 22.48, 9999.0, 22.73, 22.5, 22.25, 22.34, 22.3
2026-09-13, 03:24:32, 22.25, 22.5, 22.75, 22.75, 9999.0, 9999.0, 9999.0, 23.91, 9999.0, 22.48, 9999.0, 22.73, 22.5, 22.25, 22.36, 22.3
2026-09-13, 03:24:36, 22.25, 22.5, 22.75, 22.75, 9999.0, 9999.0, 9999.0, 23.86, 9999.0, 22.48, 9999.0, 22.73, 22.5, 22.25, 22.36, 22.32
2026-09-13, 03:24:40, 22.25, 22.5, 22.77, 22.75, 9999.0, 9999.0, 9999.0, 23.82, 9999.0, 22.5, 9999.0, 22.73, 22.5, 22.25, 22.34, 22.32
2026-09-13, 03:24:44, 22.27, 22.5, 22.77, 22.75, 9999.0, 9999.0, 9999.0, 23.8, 9999.0, 22.52, 9999.0, 22.73, 22.5, 22.25, 22.34, 22.32
2026-09-13, 03:24:48, 22.27, 22.5, 22.77, 22.75, 9999.0, 9999.0, 9999.0, 23.75, 9999.0, 22.55, 9999.0, 22.75, 22.5, 22.25, 22.34, 22.32
2026-09-13, 03:24:52, 22.27, 22.5, 22.77, 22.75, 9999.0, 9999.0, 9999.0, 23.8, 9999.0, 22.57, 9999.0, 22.77, 22.5, 22.25, 22.34, 22.32
2026-09-13, 03:24:56, 22.27, 22.5, 22.77, 22.75, 9999.0, 9999.0, 9999.0, 23.82, 9999.0, 22.59, 9999.0, 22.77, 22.5, 22.25, 22.34, 22.3
2026-09-13, 03:25:01, 22.27, 22.5, 22.77, 22.75, 9999.0, 9999.0, 9999.0, 23.86, 9999.0, 22.61, 9999.0, 22.77, 22.5, 22.25, 22.32, 22.3
2026-09-13, 03:25:05, 22.27, 22.5, 22.77, 22.75, 9999.0, 9999.0, 9999.0, 23.91, 9999.0, 22.61, 9999.0, 22.77, 22.5, 22.25, 22.32, 22.3
2026-09-13, 03:25:09, 22.27, 22.5, 22.77, 22.75, 9999.0, 9999.0, 9999.0, 23.93, 9999.0, 22.61, 9999.0, 22.73, 22.5, 22.25, 22.3, 22.3
2026-09-13, 03:25:13, 22.27, 22.5, 22.77, 22.75, 9999.0, 9999.0, 9999.0, 23.98, 9999.0, 22.64, 9999.0, 22.73, 22.5, 22.25, 22.3, 22.3
2026-09-13, 03:25:17, 22.27, 22.5, 22.77, 22.75, 9999.0, 9999.0, 9999.0, 24.0, 9999.0, 22.66, 9999.0, 22.7, 22.5, 22.25, 22.27, 22.3
2026-09-13, 03:25:21, 22.27, 22.5, 22.77, 22.75, 9999.0, 9999.0, 9999.0, 24.02, 9999.0, 22.66, 9999.0, 22.68, 22.5, 22.25, 22.27, 22.27
2026-09-13, 03:25:25, 22.3, 22.5, 22.75, 22.75, 9999.0, 9999.0, 9999.0, 24.07, 9999.0, 22.64, 9999.0, 22.68, 22.5, 22.25, 22.27, 22.27
2026-09-13, 03:25:29, 22.27, 22.5, 22.75, 22.75, 9999.0, 9999.0, 9999.0, 24.09, 9999.0, 22.64, 9999.0, 22.68, 22.5, 22.25, 22.25, 22.27
2026-09-13, 03:25:33, 22.27, 22.5, 22.75, 22.75, 9999.0, 9999.0, 9999.0, 24.11, 9999.0, 22.64, 9999.0, 22.68, 22.5, 22.25, 22.25, 22.27
2026-09-13, 03:25:37, 22.27, 22.5, 22.75, 22.75, 9999.0, 9999.0, 9999.0, 24.05, 9999.0, 22.61, 9999.0, 22.68, 22.5, 22.25, 22.25, 22.25
2026-09-13, 03:25:41, 22.27, 22.5, 22.75, 22.75, 9999.0, 9999.0, 9999.0, 24.0, 9999.0, 22.59, 9999.0, 22.7, 22.5, 22.25, 22.25, 22.27
2026-09-13, 03:25:45, 22.3, 22.5, 22.75, 22.75, 9999.0, 9999.0, 9999.0, 23.95, 9999.0, 22.57, 9999.0, 22.7, 22.5, 22.25, 22.25, 22.27
2026-09-13, 03:25:49, 22.3, 22.5, 22.75, 22.75, 9999.0, 9999.0, 9999.0, 23.91, 9999.0, 22.57, 9999.0, 22.7, 22.5, 22.25, 22.25, 22.27
2026-09-13, 03:25:53, 22.3, 22.5, 22.75, 22.75, 9999.0, 9999.0, 9999.0, 23.89, 9999.0, 22.57, 9999.0, 22.73, 22.5, 22.25, 22.25, 22.27
2026-09-13, 03:25:57, 22.3, 22.5, 22.75, 22.75, 9999.0, 9999.0, 9999.0, 23.82, 9999.0, 22.59, 9999.0, 22.73, 22.5, 22.25, 22.25, 22.27
2026-09-13, 03:26:01, 22.3, 22.5, 22.75, 22.75, 9999.0, 9999.0, 9999.0, 23.77, 9999.0, 22.59, 9999.0, 22.75, 22.5, 22.25, 22.27, 22.27
2026-09-13, 03:26:05, 22.3, 22.5, 22.75, 22.75, 9999.0, 9999.0, 9999.0, 23.73, 9999.0, 22.61, 9999.0, 22.77, 22.5, 22.25, 22.3, 22.27
2026-09-13, 03:26:09, 22.27, 22.5, 22.75, 22.75, 9999.0, 9999.0, 9999.0, 23.68, 9999.0, 22.64, 9999.0, 22.77, 22.5, 22.25, 22.3, 22.27
2026-09-13, 03:26:13, 22.3, 22.5, 22.75, 22.75, 9999.0, 9999.0, 9999.0, 23.73, 9999.0, 22.64, 9999.0, 22.77, 22.5, 22.25, 22.3, 22.27
2026-09-13, 03:26:17, 22.3, 22.5, 22.75, 22.75, 9999.0, 9999.0, 9999.0, 23.77, 9999.0, 22.64, 9999.0, 22.77, 22.5, 22.25, 22.3, 22.27
2026-09-13, 03:26:21, 22.3, 22.5, 22.75, 22.75, 9999.0, 9999.0, 9999.0, 23.82, 9999.0, 22.66, 9999.0, 22.77, 22.5, 22.25, 22.3, 22.27
2026-09-13, 03:26:25, 22.3, 22.5, 22.75, 22.75, 9999.0, 9999.0, 9999.0, 23.86, 9999.0, 22.68, 9999.0, 22.75, 22.5, 22.25, 22.3, 22.25
2026-09-13, 03:26:29, 22.27, 22.5, 22.75, 22.75, 9999.0, 9999.0, 9999.0, 23.89, 9999.0, 22.7, 9999.0, 22.73, 22.5, 22.25, 22.3, 22.25
2026-09-13, 03:26:33, 22.3, 22.5, 22.75, 22.75, 9999.0, 9999.0, 9999.0, 23.91, 9999.0, 22.73, 9999.0, 22.7, 22.5, 22.25, 22.3, 22.25
2026-09-13, 03:26:37, 22.3, 22.5, 22.75, 22.75, 9999.0, 9999.0, 9999.0, 23.93, 9999.0, 22.73, 9999.0, 22.68, 22.5, 22.25, 22.3, 22.25
2026-09-13, 03:26:41, 22.3, 22.5, 22.75, 22.75, 9999.0, 9999.0, 9999.0, 23.98, 9999.0, 22.73, 9999.0, 22.66, 22.5, 22.25, 22.3, 22.25
2026-09-13, 03:26:45, 22.3, 22.5, 22.75, 22.75, 9999.0, 9999.0, 9999.0, 24.02, 9999.0, 22.73, 9999.0, 22.64, 22.5, 22.25, 22.27, 22.25
2026-09-13, 03:26:49, 22.3, 22.5, 22.75, 22.75, 9999.0, 9999.0, 9999.0, 24.05, 9999.0, 22.73, 9999.0, 22.64, 22.5, 22.25, 22.25, 22.25
2026-09-13, 03:26:53, 22.3, 22.5, 22.75, 22.75, 9999.0, 9999.0, 9999.0, 24.09, 9999.0, 22.7, 9999.0, 22.64, 22.5, 22.25, 22.25, 22.25
2026-09-13, 03:26:57, 22.27, 22.5, 22.75, 22.75, 9999.0, 9999.0, 9999.0, 24.05, 9999.0, 22.68, 9999.0, 22.64, 22.5, 22.25, 22.25, 22.25
2026-09-13, 03:27:01, 22.27, 22.5, 22.75, 22.75, 9999.0, 9999.0, 9999.0, 24.0, 9999.0, 22.66, 9999.0, 22.66, 22.5, 22.25, 22.25, 22.25
2026-09-13, 03:27:05, 22.27, 22.5, 22.75, 22.75, 9999.0, 9999.0, 9999.0, 23.95, 9999.0, 22.64, 9999.0, 22.66, 22.5, 22.25, 22.25, 22.25
2026-09-13, 03:27:09, 22.27, 22.5, 22.75, 22.75, 9999.0, 9999.0, 9999.0, 23.91, 9999.0, 22.64, 9999.0, 22.66, 22.5, 22.25, 22.25, 22.25
2026-09-13, 03:27:13, 22.27, 22.5, 22.75, 22.75, 9999.0, 9999.0, 9999.0, 23.89, 9999.0, 22.64, 9999.0, 22.68, 22.5, 22.25, 22.25, 22.25
2026-09-13, 03:27:17, 22.25, 22.5, 22.75, 22.75, 9999.0, 9999.0, 9999.0, 23.86, 9999.0, 22.66, 9999.0, 22.7, 22.5, 22.25, 22.25, 22.25
2026-09-13, 03:27:21, 22.25, 22.5, 22.75, 22.75, 9999.0, 9999.0, 9999.0, 23.84, 9999.0, 22.7, 9999.0, 22.73, 22.5, 22.25, 22.25, 22.25
2026-09-13, 03:27:25, 22.25, 22.5, 22.75, 22.75, 9999.0, 9999.0, 9999.0, 23.8, 9999.0, 22.73, 9999.0, 22.75, 22.5, 22.25, 22.25, 22.25
2026-09-13, 03:27:29, 22.25, 22.5, 22.75, 22.75, 9999.0, 9999.0, 9999.0, 23.82, 9999.0, 22.75, 9999.0, 22.77, 22.5, 22.25, 22.25, 22.25
2026-09-13, 03:27:33, 22.25, 22.5, 22.75, 22.75, 9999.0, 9999.0, 9999.0, 23.86, 9999.0, 22.75, 9999.0, 22.77, 22.5, 22.25, 22.25, 22.25
2026-09-13, 03:27:37, 22.25, 22.5, 22.75, 22.75, 9999.0, 9999.0, 9999.0, 23.89, 9999.0, 22.77, 9999.0, 22.77, 22.5, 22.25, 22.25, 22.25
2026-09-13, 03:27:41, 22.25, 22.5, 22.75, 22.75, 9999.0, 9999.0, 9999.0, 23.91, 9999.0, 22.8, 9999.0, 22.77, 22.5, 22.25, 22.27, 22.25
2026-09-13, 03:27:45, 22.25, 22.5, 22.75, 22.75, 9999.0, 9999.0, 9999.0, 23.95, 9999.0, 22.82, 9999.0, 22.73, 22.5, 22.25, 22.27, 22.25
2026-09-13, 03:27:49, 22.25, 22.5, 22.75, 22.75, 9999.0, 9999.0, 9999.0, 23.98, 9999.0, 22.84, 9999.0, 22.7, 22.5, 22.25, 22.27, 22.25
2026-09-13, 03:27:53, 22.25, 22.5, 22.75, 22.75, 9999.0, 9999.0, 9999.0, 24.02, 9999.0, 22.84, 9999.0, 22.68, 22.5, 22.25, 22.27, 22.25
2026-09-13, 03:27:57, 22.25, 22.5, 22.75, 22.75, 9999.0, 9999.0, 9999.0, 24.05, 9999.0, 22.84, 9999.0, 22.66, 22.5, 22.25, 22.27, 22.25
2026-09-13, 03:28:01, 22.27, 22.5, 22.75, 22.75, 9999.0, 9999.0, 9999.0, 24.07, 9999.0, 22.82, 9999.0, 22.64, 22.5, 22.25, 22.27, 22.25
2026-09-13, 03:28:05, 22.27, 22.5, 22.75, 22.75, 9999.0, 9999.0, 9999.0, 24.09, 9999.0, 22.8, 9999.0, 22.64, 22.5, 22.25, 22.27, 22.25
2026-09-13, 03:28:09, 22.27, 22.5, 22.75, 22.75, 9999.0, 9999.0, 9999.0, 24.14, 9999.0, 22.75, 9999.0, 22.64, 22.5, 22.25, 22.27, 22.25
2026-09-13, 03:28:13, 22.27, 22.5, 22.75, 22.75, 9999.0, 9999.0, 9999.0, 24.11, 9999.0, 22.73, 9999.0, 22.64, 22.5, 22.25, 22.27, 22.25
2026-09-13, 03:28:17, 22.3, 22.5, 22.75, 22.75, 9999.0, 9999.0, 9999.0, 24.07, 9999.0, 22.7, 9999.0, 22.66, 22.5, 22.25, 22.27, 22.25
2026-09-13, 03:28:21, 22.3, 22.5, 22.75, 22.75, 9999.0, 9999.0, 9999.0, 24.05, 9999.0, 22.68, 9999.0, 22.66, 22.5, 22.25, 22.27, 22.25
2026-09-13, 03:28:25, 22.3, 22.5, 22.75, 22.75, 9999.0, 9999.0, 9999.0, 24.0, 9999.0, 22.68, 9999.0, 22.66, 22.5, 22.25, 22.25, 22.25
2026-09-13, 03:28:29, 22.3, 22.5, 22.75, 22.75, 9999.0, 9999.0, 9999.0, 23.95, 9999.0, 22.68, 9999.0, 22.68, 22.5, 22.25, 22.25, 22.25
2026-09-13, 03:28:33, 22.32, 22.5, 22.75, 22.75, 9999.0, 9999.0, 9999.0, 23.93, 9999.0, 22.68, 9999.0, 22.7, 22.5, 22.25, 22.25, 22.25
2026-09-13, 03:28:37, 22.32, 22.5, 22.75, 22.75, 9999.0, 9999.0, 9999.0, 23.89, 9999.0, 22.68, 9999.0, 22.73, 22.5, 22.25, 22.25, 22.25
2026-09-13, 03:28:41, 22.32, 22.5, 22.75, 22.75, 9999.0, 9999.0, 9999.0, 23.84, 9999.0, 22.68, 9999.0, 22.75, 22.5, 22.25, 22.25, 22.25
2026-09-13, 03:28:46, 22.3, 22.5, 22.75, 22.75, 9999.0, 9999.0, 9999.0, 23.89, 9999.0, 22.68, 9999.0, 22.77, 22.5, 22.25, 22.25, 22.25
2026-09-13, 03:28:50, 22.3, 22.5, 22.75, 22.75, 9999.0, 9999.0, 9999.0, 23.93, 9999.0, 22.68, 9999.0, 22.77, 22.5, 22.25, 22.25, 22.25
2026-09-13, 03:28:54, 22.3, 22.5, 22.75, 22.75, 9999.0, 9999.0, 9999.0, 23.95, 9999.0, 22.7, 9999.0, 22.75, 22.5, 22.25, 22.25, 22.25
2026-09-13, 03:28:58, 22.3, 22.5, 22.75, 22.75, 9999.0, 9999.0, 9999.0, 23.98, 9999.0, 22.7, 9999.0, 22.75, 22.5, 22.25, 22.25, 22.25
2026-09-13, 03:29:02, 22.27, 22.5, 22.75, 22.75, 9999.0, 9999.0, 9999.0, 24.02, 9999.0, 22.73, 9999.0, 22.73, 22.5, 22.25, 22.25, 22.25
2026-09-13, 03:29:06, 22.27, 22.5, 22.75, 22.75, 9999.0, 9999.0, 9999.0, 24.05, 9999.0, 22.75, 9999.0, 22.7, 22.5, 22.25, 22.25, 22.25
2026-09-13, 03:29:10, 22.3, 22.5, 22.75, 22.75, 9999.0, 9999.0, 9999.0, 24.09, 9999.0, 22.75, 9999.0, 22.68, 22.5, 22.25, 22.25, 22.25
2026-09-13, 03:29:14, 22.32, 22.5, 22.75, 22.75, 9999.0, 9999.0, 9999.0, 24.14, 9999.0, 22.73, 9999.0, 22.66, 22.5, 22.25, 22.25, 22.25
2026-09-13, 03:29:18, 22.3, 22.5, 22.75, 22.75, 9999.0, 9999.0, 9999.0, 24.16, 9999.0, 22.73, 9999.0, 22.64, 22.5, 22.25, 22.25, 22.25
2026-09-13, 03:29:22, 22.3, 22.5, 22.75, 22.75, 9999.0, 9999.0, 9999.0, 24.18, 9999.0, 22.73, 9999.0, 22.64, 22.5, 22.25, 22.25, 22.25
2026-09-13, 03:29:26, 22.32, 22.5, 22.75, 22.75, 9999.0, 9999.0, 9999.0, 24.23, 9999.0, 22.73, 9999.0, 22.64, 22.5, 22.25, 22.25, 22.25
2026-09-13, 03:29:30, 22.32, 22.5, 22.75, 22.75, 9999.0, 9999.0, 9999.0, 24.18, 9999.0, 22.7, 9999.0, 22.64, 22.5, 22.25, 22.25, 22.25
2026-09-13, 03:29:34, 22.32, 22.5, 22.75, 22.75, 9999.0, 9999.0, 9999.0, 24.14, 9999.0, 22.68, 9999.0, 22.64, 22.5, 22.25, 22.25, 22.25
2026-09-13, 03:29:38, 22.34, 22.5, 22.75, 22.75, 9999.0, 9999.0, 9999.0, 24.11, 9999.0, 22.66, 9999.0, 22.66, 22.5, 22.25, 22.27, 22.25
2026-09-13, 03:29:42, 22.34, 22.5, 22.75, 22.75, 9999.0, 9999.0, 9999.0, 24.07, 9999.0, 22.66, 9999.0, 22.66, 22.5, 22.25, 22.27, 22.25
2026-09-13, 03:29:46, 22.34, 22.5, 22.75, 22.75, 9999.0, 9999.0, 9999.0, 24.02, 9999.0, 22.66, 9999.0, 22.66, 22.5, 22.25, 22.27, 22.25
2026-09-13, 03:29:50, 22.34, 22.5, 22.75, 22.75, 9999.0, 9999.0, 9999.0, 23.98, 9999.0, 22.66, 9999.0, 22.68, 22.5, 22.25, 22.27, 22.25
2026-09-13, 03:29:54, 22.32, 22.5, 22.75, 22.75, 9999.0, 9999.0, 9999.0, 23.93, 9999.0, 22.68, 9999.0, 22.7, 22.5, 22.25, 22.27, 22.27
2026-09-13, 03:29:58, 22.3, 22.5, 22.75, 22.75, 9999.0, 9999.0, 9999.0, 23.89, 9999.0, 22.73, 9999.0, 22.73, 22.5, 22.25, 22.27, 22.27
2026-09-13, 03:30:02, 22.3, 22.5, 22.75, 22.75, 9999.0, 9999.0, 9999.0, 23.93, 9999.0, 22.73, 9999.0, 22.75, 22.5, 22.25, 22.3, 22.27
2026-09-13, 03:30:06, 22.3, 22.5, 22.75, 22.75, 9999.0, 9999.0, 9999.0, 23.98, 9999.0, 22.73, 9999.0, 22.75, 22.5, 22.25, 22.3, 22.27
2026-09-13, 03:30:10, 22.27, 22.5, 22.75, 22.75, 9999.0, 9999.0, 9999.0, 24.0, 9999.0, 22.73, 9999.0, 22.75, 22.5, 22.25, 22.32, 22.27
2026-09-13, 03:30:14, 22.27, 22.5, 22.75, 22.75, 9999.0, 9999.0, 9999.0, 24.02, 9999.0, 22.75, 9999.0, 22.75, 22.5, 22.25, 22.32, 22.27
2026-09-13, 03:30:18, 22.27, 22.5, 22.75, 22.75, 9999.0, 9999.0, 9999.0, 24.05, 9999.0, 22.77, 9999.0, 22.75, 22.5, 22.25, 22.32, 22.27
2026-09-13, 03:30:22, 22.25, 22.5, 22.75, 22.75, 9999.0, 9999.0, 9999.0, 24.05, 9999.0, 22.8, 9999.0, 22.75, 22.5, 22.25, 22.3, 22.27
2026-09-13, 03:30:26, 22.25, 22.5, 22.75, 22.75, 9999.0, 9999.0, 9999.0, 24.07, 9999.0, 22.8, 9999.0, 22.73, 22.5, 22.25, 22.3, 22.27
2026-09-13, 03:30:30, 22.25, 22.5, 22.75, 22.75, 9999.0, 9999.0, 9999.0, 24.11, 9999.0, 22.77, 9999.0, 22.7, 22.5, 22.25, 22.3, 22.27
2026-09-13, 03:30:34, 22.25, 22.5, 22.75, 22.75, 9999.0, 9999.0, 9999.0, 24.16, 9999.0, 22.77, 9999.0, 22.68, 22.5, 22.25, 22.3, 22.27
2026-09-13, 03:30:38, 22.25, 22.5, 22.75, 22.75, 9999.0, 9999.0, 9999.0, 24.18, 9999.0, 22.75, 9999.0, 22.66, 22.5, 22.25, 22.3, 22.25
2026-09-13, 03:30:42, 22.27, 22.5, 22.75, 22.75, 9999.0, 9999.0, 9999.0, 24.2, 9999.0, 22.73, 9999.0, 22.66, 22.5, 22.25, 22.3, 22.25
2026-09-13, 03:30:46, 22.27, 22.5, 22.75, 22.75, 9999.0, 9999.0, 9999.0, 24.16, 9999.0, 22.73, 9999.0, 22.66, 22.5, 22.25, 22.27, 22.25
2026-09-13, 03:30:50, 22.27, 22.5, 22.75, 22.75, 9999.0, 9999.0, 9999.0, 24.11, 9999.0, 22.73, 9999.0, 22.66, 22.5, 22.25, 22.27, 22.25
2026-09-13, 03:30:54, 22.27, 22.5, 22.75, 22.75, 9999.0, 9999.0, 9999.0, 24.07, 9999.0, 22.7, 9999.0, 22.68, 22.5, 22.25, 22.25, 22.25
2026-09-13, 03:30:58, 22.27, 22.5, 22.75, 22.75, 9999.0, 9999.0, 9999.0, 24.02, 9999.0, 22.68, 9999.0, 22.68, 22.5, 22.25, 22.25, 22.25
2026-09-13, 03:31:02, 22.27, 22.5, 22.75, 22.75, 9999.0, 9999.0, 9999.0, 23.98, 9999.0, 22.68, 9999.0, 22.68, 22.5, 22.25, 22.25, 22.25
2026-09-13, 03:31:06, 22.27, 22.5, 22.75, 22.75, 9999.0, 9999.0, 9999.0, 23.95, 9999.0, 22.68, 9999.0, 22.68, 22.5, 22.25, 22.27, 22.25
2026-09-13, 03:31:10, 22.3, 22.5, 22.75, 22.75, 9999.0, 9999.0, 9999.0, 23.93, 9999.0, 22.68, 9999.0, 22.7, 22.5, 22.25, 22.27, 22.25
2026-09-13, 03:31:14, 22.3, 22.5, 22.75, 22.75, 9999.0, 9999.0, 9999.0, 23.89, 9999.0, 22.7, 9999.0, 22.73, 22.5, 22.25, 22.27, 22.25
2026-09-13, 03:31:18, 22.3, 22.5, 22.75, 22.75, 9999.0, 9999.0, 9999.0, 23.82, 9999.0, 22.7, 9999.0, 22.75, 22.5, 22.25, 22.27, 22.25
2026-09-13, 03:31:22, 22.3, 22.5, 22.75, 22.75, 9999.0, 9999.0, 9999.0, 23.86, 9999.0, 22.73, 9999.0, 22.77, 22.5, 22.25, 22.3, 22.25
2026-09-13, 03:31:26, 22.3, 22.5, 22.75, 22.75, 9999.0, 9999.0, 9999.0, 23.89, 9999.0, 22.73, 9999.0, 22.77, 22.5, 22.25, 22.3, 22.25
2026-09-13, 03:31:30, 22.3, 22.5, 22.75, 22.75, 9999.0, 9999.0, 9999.0, 23.91, 9999.0, 22.73, 9999.0, 22.77, 22.5, 22.25, 22.3, 22.27
2026-09-13, 03:31:34, 22.3, 22.5, 22.75, 22.75, 9999.0, 9999.0, 9999.0, 23.93, 9999.0, 22.73, 9999.0, 22.75, 22.5, 22.25, 22.3, 22.27
2026-09-13, 03:31:38, 22.3, 22.5, 22.75, 22.75, 9999.0, 9999.0, 9999.0, 23.95, 9999.0, 22.75, 9999.0, 22.73, 22.5, 22.25, 22.3, 22.27
2026-09-13, 03:31:42, 22.32, 22.5, 22.75, 22.75, 9999.0, 9999.0, 9999.0, 23.98, 9999.0, 22.77, 9999.0, 22.7, 22.5, 22.25, 22.3, 22.27
2026-09-13, 03:31:46, 22.32, 22.5, 22.75, 22.75, 9999.0, 9999.0, 9999.0, 24.0, 9999.0, 22.75, 9999.0, 22.7, 22.5, 22.25, 22.3, 22.27
2026-09-13, 03:31:50, 22.32, 22.5, 22.75, 22.75, 9999.0, 9999.0, 9999.0, 24.02, 9999.0, 22.73, 9999.0, 22.68, 22.5, 22.25, 22.27, 22.27
2026-09-13, 03:31:54, 22.3, 22.5, 22.75, 22.75, 9999.0, 9999.0, 9999.0, 24.05, 9999.0, 22.73, 9999.0, 22.66, 22.5, 22.25, 22.27, 22.27
2026-09-13, 03:31:58, 22.3, 22.5, 22.75, 22.75, 9999.0, 9999.0, 9999.0, 24.07, 9999.0, 22.7, 9999.0, 22.66, 22.5, 22.25, 22.27, 22.27
2026-09-13, 03:32:02, 22.3, 22.5, 22.75, 22.75, 9999.0, 9999.0, 9999.0, 24.11, 9999.0, 22.7, 9999.0, 22.66, 22.5, 22.25, 22.27, 22.27
2026-09-13, 03:32:06, 22.3, 22.5, 22.75, 22.75, 9999.0, 9999.0, 9999.0, 24.05, 9999.0, 22.68, 9999.0, 22.66, 22.5, 22.25, 22.25, 22.27
2026-09-13, 03:32:10, 22.27, 22.5, 22.75, 22.75, 9999.0, 9999.0, 9999.0, 24.02, 9999.0, 22.66, 9999.0, 22.66, 22.5, 22.25, 22.25, 22.27
2026-09-13, 03:32:14, 22.27, 22.5, 22.75, 22.75, 9999.0, 9999.0, 9999.0, 24.0, 9999.0, 22.64, 9999.0, 22.66, 22.5, 22.25, 22.25, 22.25
2026-09-13, 03:32:18, 22.3, 22.5, 22.75, 22.75, 9999.0, 9999.0, 9999.0, 23.95, 9999.0, 22.64, 9999.0, 22.7, 22.5, 22.25, 22.27, 22.25
2026-09-13, 03:32:22, 22.3, 22.5, 22.75, 22.75, 9999.0, 9999.0, 9999.0, 23.93, 9999.0, 22.64, 9999.0, 22.7, 22.5, 22.25, 22.27, 22.25
2026-09-13, 03:32:26, 22.27, 22.5, 22.75, 22.75, 9999.0, 9999.0, 9999.0, 23.91, 9999.0, 22.64, 9999.0, 22.73, 22.5, 22.25, 22.3, 22.25
2026-09-13, 03:32:30, 22.27, 22.5, 22.75, 22.75, 9999.0, 9999.0, 9999.0, 23.89, 9999.0, 22.66, 9999.0, 22.73, 22.5, 22.25, 22.32, 22.25
2026-09-13, 03:32:34, 22.3, 22.5, 22.75, 22.75, 9999.0, 9999.0, 9999.0, 23.86, 9999.0, 22.68, 9999.0, 22.75, 22.5, 22.25, 22.32, 22.25
2026-09-13, 03:32:39, 22.32, 22.5, 22.75, 22.75, 9999.0, 9999.0, 9999.0, 23.82, 9999.0, 22.68, 9999.0, 22.77, 22.5, 22.25, 22.32, 22.25
2026-09-13, 03:32:43, 22.32, 22.48, 22.75, 22.75, 9999.0, 9999.0, 9999.0, 23.86, 9999.0, 22.7, 9999.0, 22.77, 22.5, 22.25, 22.32, 22.25
2026-09-13, 03:32:47, 22.32, 22.48, 22.75, 22.75, 9999.0, 9999.0, 9999.0, 23.89, 9999.0, 22.7, 9999.0, 22.77, 22.5, 22.25, 22.32, 22.25
2026-09-13, 03:32:51, 22.32, 22.48, 22.75, 22.75, 9999.0, 9999.0, 9999.0, 23.93, 9999.0, 22.68, 9999.0, 22.77, 22.5, 22.25, 22.32, 22.25
2026-09-13, 03:32:55, 22.32, 22.48, 22.75, 22.75, 9999.0, 9999.0, 9999.0, 23.95, 9999.0, 22.68, 9999.0, 22.77, 22.5, 22.25, 22.32, 22.25
2026-09-13, 03:32:59, 22.32, 22.48, 22.75, 22.75, 9999.0, 9999.0, 9999.0, 23.95, 9999.0, 22.68, 9999.0, 22.75, 22.5, 22.25, 22.32, 22.25
2026-09-13, 03:33:03, 22.3, 22.48, 22.75, 22.75, 9999.0, 9999.0, 9999.0, 23.98, 9999.0, 22.66, 9999.0, 22.73, 22.5, 22.25, 22.3, 22.25
2026-09-13, 03:33:07, 22.3, 22.48, 22.75, 22.75, 9999.0, 9999.0, 9999.0, 24.0, 9999.0, 22.64, 9999.0, 22.7, 22.5, 22.25, 22.3, 22.25
2026-09-13, 03:33:11, 22.3, 22.48, 22.75, 22.75, 9999.0, 9999.0, 9999.0, 24.02, 9999.0, 22.61, 9999.0, 22.68, 22.5, 22.25, 22.27, 22.25
2026-09-13, 03:33:15, 22.3, 22.48, 22.75, 22.75, 9999.0, 9999.0, 9999.0, 24.05, 9999.0, 22.59, 9999.0, 22.66, 22.5, 22.25, 22.25, 22.25
2026-09-13, 03:33:19, 22.27, 22.48, 22.75, 22.75, 9999.0, 9999.0, 9999.0, 24.07, 9999.0, 22.55, 9999.0, 22.66, 22.5, 22.25, 22.25, 22.25
2026-09-13, 03:33:23, 22.27, 22.48, 22.75, 22.75, 9999.0, 9999.0, 9999.0, 24.11, 9999.0, 22.52, 9999.0, 22.66, 22.5, 22.25, 22.25, 22.25
2026-09-13, 03:33:27, 22.27, 22.5, 22.75, 22.75, 9999.0, 9999.0, 9999.0, 24.07, 9999.0, 22.48, 9999.0, 22.66, 22.5, 22.25, 22.25, 22.25
2026-09-13, 03:33:31, 22.3, 22.5, 22.75, 22.75, 9999.0, 9999.0, 9999.0, 24.05, 9999.0, 22.43, 9999.0, 22.68, 22.5, 22.25, 22.25, 22.25
2026-09-13, 03:33:35, 22.3, 22.5, 22.75, 22.75, 9999.0, 9999.0, 9999.0, 24.0, 9999.0, 22.41, 9999.0, 22.7, 22.5, 22.25, 22.25, 22.25
2026-09-13, 03:33:39, 22.32, 22.5, 22.75, 22.75, 9999.0, 9999.0, 9999.0, 23.95, 9999.0, 22.41, 9999.0, 22.7, 22.5, 22.25, 22.25, 22.25
2026-09-13, 03:33:43, 22.34, 22.5, 22.75, 22.75, 9999.0, 9999.0, 9999.0, 23.93, 9999.0, 22.41, 9999.0, 22.73, 22.5, 22.25, 22.25, 22.25
2026-09-13, 03:33:47, 22.34, 22.5, 22.75, 22.75, 9999.0, 9999.0, 9999.0, 23.89, 9999.0, 22.41, 9999.0, 22.73, 22.5, 22.25, 22.25, 22.25
2026-09-13, 03:33:51, 22.34, 22.5, 22.75, 22.75, 9999.0, 9999.0, 9999.0, 23.84, 9999.0, 22.43, 9999.0, 22.75, 22.5, 22.25, 22.25, 22.25
2026-09-13, 03:33:55, 22.36, 22.5, 22.75, 22.73, 9999.0, 9999.0, 9999.0, 23.8, 9999.0, 22.43, 9999.0, 22.77, 22.5, 22.25, 22.25, 22.25
2026-09-13, 03:33:59, 22.36, 22.5, 22.75, 22.73, 9999.0, 9999.0, 9999.0, 23.82, 9999.0, 22.43, 9999.0, 22.8, 22.5, 22.25, 22.27, 22.25
2026-09-13, 03:34:03, 22.36, 22.5, 22.75, 22.73, 9999.0, 9999.0, 9999.0, 23.84, 9999.0, 22.45, 9999.0, 22.8, 22.5, 22.25, 22.27, 22.25
2026-09-13, 03:34:07, 22.34, 22.5, 22.75, 22.73, 9999.0, 9999.0, 9999.0, 23.86, 9999.0, 22.45, 9999.0, 22.8, 22.5, 22.25, 22.27, 22.25
2026-09-13, 03:34:11, 22.34, 22.5, 22.75, 22.73, 9999.0, 9999.0, 9999.0, 23.89, 9999.0, 22.48, 9999.0, 22.8, 22.5, 22.25, 22.27, 22.25
2026-09-13, 03:34:15, 22.32, 22.5, 22.75, 22.73, 9999.0, 9999.0, 9999.0, 23.91, 9999.0, 22.5, 9999.0, 22.77, 22.5, 22.25, 22.27, 22.25
2026-09-13, 03:34:19, 22.32, 22.5, 22.75, 22.73, 9999.0, 9999.0, 9999.0, 23.93, 9999.0, 22.5, 9999.0, 22.75, 22.5, 22.25, 22.27, 22.25
2026-09-13, 03:34:23, 22.3, 22.5, 22.75, 22.73, 9999.0, 9999.0, 9999.0, 23.95, 9999.0, 22.48, 9999.0, 22.73, 22.5, 22.25, 22.27, 22.25
2026-09-13, 03:34:27, 22.27, 22.5, 22.75, 22.73, 9999.0, 9999.0, 9999.0, 23.98, 9999.0, 22.45, 9999.0, 22.7, 22.5, 22.25, 22.3, 22.25
2026-09-13, 03:34:31, 22.27, 22.5, 22.75, 22.73, 9999.0, 9999.0, 9999.0, 24.02, 9999.0, 22.43, 9999.0, 22.68, 22.5, 22.25, 22.3, 22.25
2026-09-13, 03:34:35, 22.27, 22.5, 22.75, 22.7, 9999.0, 9999.0, 9999.0, 24.07, 9999.0, 22.39, 9999.0, 22.66, 22.5, 22.25, 22.3, 22.25
2026-09-13, 03:34:39, 22.25, 22.5, 22.75, 22.73, 9999.0, 9999.0, 9999.0, 24.09, 9999.0, 22.36, 9999.0, 22.66, 22.5, 22.25, 22.3, 22.25
2026-09-13, 03:34:43, 22.25, 22.5, 22.75, 22.73, 9999.0, 9999.0, 9999.0, 24.05, 9999.0, 22.34, 9999.0, 22.66, 22.5, 22.25, 22.27, 22.25
2026-09-13, 03:34:47, 22.25, 22.5, 22.75, 22.73, 9999.0, 9999.0, 9999.0, 24.0, 9999.0, 22.32, 9999.0, 22.66, 22.5, 22.25, 22.27, 22.25
2026-09-13, 03:34:51, 22.25, 22.5, 22.75, 22.73, 9999.0, 9999.0, 9999.0, 23.95, 9999.0, 22.3, 9999.0, 22.66, 22.5, 22.25, 22.27, 22.25
2026-09-13, 03:34:55, 22.25, 22.5, 22.75, 22.73, 9999.0, 9999.0, 9999.0, 23.91, 9999.0, 22.25, 9999.0, 22.66, 22.5, 22.25, 22.27, 22.25
2026-09-13, 03:34:59, 22.25, 22.5, 22.75, 22.73, 9999.0, 9999.0, 9999.0, 23.86, 9999.0, 22.23, 9999.0, 22.66, 22.5, 22.25, 22.27, 22.25
2026-09-13, 03:35:03, 22.25, 22.5, 22.75, 22.73, 9999.0, 9999.0, 9999.0, 23.82, 9999.0, 22.23, 9999.0, 22.66, 22.5, 22.25, 22.27, 22.25
2026-09-13, 03:35:07, 22.25, 22.5, 22.75, 22.73, 9999.0, 9999.0, 9999.0, 23.77, 9999.0, 22.25, 9999.0, 22.68, 22.5, 22.25, 22.27, 22.25
2026-09-13, 03:35:11, 22.25, 22.5, 22.75, 22.73, 9999.0, 9999.0, 9999.0, 23.73, 9999.0, 22.27, 9999.0, 22.7, 22.5, 22.25, 22.25, 22.25
2026-09-13, 03:35:15, 22.25, 22.5, 22.75, 22.73, 9999.0, 9999.0, 9999.0, 23.68, 9999.0, 22.3, 9999.0, 22.73, 22.5, 22.25, 22.25, 22.25
2026-09-13, 03:35:19, 22.27, 22.5, 22.75, 22.75, 9999.0, 9999.0, 9999.0, 23.7, 9999.0, 22.32, 9999.0, 22.75, 22.5, 22.25, 22.27, 22.25
2026-09-13, 03:35:23, 22.27, 22.5, 22.75, 22.75, 9999.0, 9999.0, 9999.0, 23.73, 9999.0, 22.34, 9999.0, 22.75, 22.5, 22.25, 22.27, 22.25
2026-09-13, 03:35:27, 22.27, 22.5, 22.75, 22.75, 9999.0, 9999.0, 9999.0, 23.75, 9999.0, 22.34, 9999.0, 22.75, 22.5, 22.25, 22.27, 22.25
2026-09-13, 03:35:31, 22.3, 22.5, 22.75, 22.75, 9999.0, 9999.0, 9999.0, 23.77, 9999.0, 22.36, 9999.0, 22.75, 22.5, 22.25, 22.27, 22.25
2026-09-13, 03:35:35, 22.3, 22.5, 22.75, 22.75, 9999.0, 9999.0, 9999.0, 23.8, 9999.0, 22.39, 9999.0, 22.73, 22.5, 22.25, 22.27, 22.25
2026-09-13, 03:35:39, 22.3, 22.5, 22.75, 22.75, 9999.0, 9999.0, 9999.0, 23.82, 9999.0, 22.41, 9999.0, 22.7, 22.5, 22.25, 22.27, 22.25
2026-09-13, 03:35:43, 22.3, 22.5, 22.75, 22.75, 9999.0, 9999.0, 9999.0, 23.82, 9999.0, 22.41, 9999.0, 22.7, 22.5, 22.25, 22.27, 22.25
2026-09-13, 03:35:47, 22.3, 22.5, 22.75, 22.75, 9999.0, 9999.0, 9999.0, 23.84, 9999.0, 22.41, 9999.0, 22.68, 22.5, 22.25, 22.27, 22.25
2026-09-13, 03:35:51, 22.32, 22.5, 22.75, 22.75, 9999.0, 9999.0, 9999.0, 23.86, 9999.0, 22.39, 9999.0, 22.66, 22.5, 22.25, 22.27, 22.25
2026-09-13, 03:35:55, 22.32, 22.5, 22.75, 22.75, 9999.0, 9999.0, 9999.0, 23.89, 9999.0, 22.36, 9999.0, 22.66, 22.5, 22.25, 22.27, 22.25
2026-09-13, 03:35:59, 22.32, 22.5, 22.75, 22.75, 9999.0, 9999.0, 9999.0, 23.91, 9999.0, 22.34, 9999.0, 22.66, 22.5, 22.25, 22.27, 22.25
2026-09-13, 03:36:03, 22.3, 22.5, 22.75, 22.75, 9999.0, 9999.0, 9999.0, 23.86, 9999.0, 22.32, 9999.0, 22.66, 22.5, 22.25, 22.27, 22.25
2026-09-13, 03:36:07, 22.32, 22.5, 22.75, 22.75, 9999.0, 9999.0, 9999.0, 23.82, 9999.0, 22.27, 9999.0, 22.68, 22.5, 22.25, 22.27, 22.27
2026-09-13, 03:36:11, 22.32, 22.5, 22.75, 22.75, 9999.0, 9999.0, 9999.0, 23.77, 9999.0, 22.25, 9999.0, 22.68, 22.5, 22.25, 22.27, 22.27
2026-09-13, 03:36:15, 22.3, 22.5, 22.75, 22.75, 9999.0, 9999.0, 9999.0, 23.73, 9999.0, 22.23, 9999.0, 22.68, 22.5, 22.25, 22.3, 22.27
2026-09-13, 03:36:19, 22.3, 22.5, 22.75, 22.75, 9999.0, 9999.0, 9999.0, 23.68, 9999.0, 22.2, 9999.0, 22.7, 22.5, 22.25, 22.3, 22.27
2026-09-13, 03:36:23, 22.32, 22.5, 22.75, 22.75, 9999.0, 9999.0, 9999.0, 23.64, 9999.0, 22.2, 9999.0, 22.73, 22.5, 22.25, 22.3, 22.27
2026-09-13, 03:36:28, 22.34, 22.5, 22.75, 22.75, 9999.0, 9999.0, 9999.0, 23.61, 9999.0, 22.23, 9999.0, 22.73, 22.5, 22.27, 22.3, 22.27
2026-09-13, 03:36:32, 22.36, 22.5, 22.75, 22.75, 9999.0, 9999.0, 9999.0, 23.59, 9999.0, 22.25, 9999.0, 22.75, 22.5, 22.27, 22.3, 22.27
2026-09-13, 03:36:36, 22.34, 22.5, 22.75, 22.75, 9999.0, 9999.0, 9999.0, 23.57, 9999.0, 22.27, 9999.0, 22.77, 22.5, 22.27, 22.32, 22.27
2026-09-13, 03:36:40, 22.36, 22.5, 22.75, 22.75, 9999.0, 9999.0, 9999.0, 23.61, 9999.0, 22.27, 9999.0, 22.77, 22.5, 22.27, 22.34, 22.27
2026-09-13, 03:36:44, 22.36, 22.5, 22.75, 22.75, 9999.0, 9999.0, 9999.0, 23.64, 9999.0, 22.27, 9999.0, 22.77, 22.5, 22.27, 22.34, 22.27
2026-09-13, 03:36:48, 22.36, 22.5, 22.75, 22.75, 9999.0, 9999.0, 9999.0, 23.66, 9999.0, 22.27, 9999.0, 22.75, 22.5, 22.27, 22.32, 22.27
2026-09-13, 03:36:52, 22.36, 22.5, 22.75, 22.75, 9999.0, 9999.0, 9999.0, 23.7, 9999.0, 22.3, 9999.0, 22.73, 22.5, 22.27, 22.32, 22.27
2026-09-13, 03:36:56, 22.36, 22.5, 22.75, 22.75, 9999.0, 9999.0, 9999.0, 23.75, 9999.0, 22.32, 9999.0, 22.73, 22.5, 22.3, 22.32, 22.27
2026-09-13, 03:37:00, 22.36, 22.5, 22.75, 22.75, 9999.0, 9999.0, 9999.0, 23.8, 9999.0, 22.32, 9999.0, 22.7, 22.5, 22.3, 22.32, 22.27
2026-09-13, 03:37:04, 22.36, 22.5, 22.75, 22.75, 9999.0, 9999.0, 9999.0, 23.82, 9999.0, 22.32, 9999.0, 22.7, 22.5, 22.3, 22.32, 22.27
2026-09-13, 03:37:08, 22.34, 22.5, 22.75, 22.75, 9999.0, 9999.0, 9999.0, 23.84, 9999.0, 22.32, 9999.0, 22.7, 22.5, 22.3, 22.32, 22.3
2026-09-13, 03:37:12, 22.32, 22.5, 22.75, 22.75, 9999.0, 9999.0, 9999.0, 23.86, 9999.0, 22.3, 9999.0, 22.68, 22.5, 22.27, 22.32, 22.3
2026-09-13, 03:37:16, 22.3, 22.5, 22.75, 22.75, 9999.0, 9999.0, 9999.0, 23.89, 9999.0, 22.27, 9999.0, 22.68, 22.5, 22.27, 22.32, 22.3
2026-09-13, 03:37:20, 22.32, 22.5, 22.75, 22.75, 9999.0, 9999.0, 9999.0, 23.91, 9999.0, 22.25, 9999.0, 22.68, 22.5, 22.27, 22.3, 22.3
2026-09-13, 03:37:24, 22.3, 22.5, 22.75, 22.75, 9999.0, 9999.0, 9999.0, 23.86, 9999.0, 22.25, 9999.0, 22.68, 22.5, 22.3, 22.27, 22.3
2026-09-13, 03:37:28, 22.3, 22.5, 22.75, 22.75, 9999.0, 9999.0, 9999.0, 23.84, 9999.0, 22.25, 9999.0, 22.7, 22.5, 22.3, 22.27, 22.32
2026-09-13, 03:37:32, 22.32, 22.5, 22.75, 22.75, 9999.0, 9999.0, 9999.0, 23.82, 9999.0, 22.25, 9999.0, 22.73, 22.5, 22.3, 22.3, 22.32
2026-09-13, 03:37:36, 22.32, 22.5, 22.75, 22.75, 9999.0, 9999.0, 9999.0, 23.77, 9999.0, 22.27, 9999.0, 22.73, 22.5, 22.3, 22.3, 22.3
2026-09-13, 03:37:40, 22.32, 22.5, 22.75, 22.75, 9999.0, 9999.0, 9999.0, 23.73, 9999.0, 22.3, 9999.0, 22.73, 22.5, 22.27, 22.3, 22.3
2026-09-13, 03:37:44, 22.32, 22.5, 22.75, 22.75, 9999.0, 9999.0, 9999.0, 23.68, 9999.0, 22.32, 9999.0, 22.75, 22.5, 22.27, 22.27, 22.32
2026-09-13, 03:37:48, 22.32, 22.5, 22.75, 22.75, 9999.0, 9999.0, 9999.0, 23.66, 9999.0, 22.34, 9999.0, 22.75, 22.5, 22.27, 22.27, 22.32
2026-09-13, 03:37:52, 22.32, 22.5, 22.75, 22.75, 9999.0, 9999.0, 9999.0, 23.61, 9999.0, 22.36, 9999.0, 22.75, 22.52, 22.27, 22.27, 22.3
2026-09-13, 03:37:56, 22.32, 22.5, 22.75, 22.75, 9999.0, 9999.0, 9999.0, 23.66, 9999.0, 22.39, 9999.0, 22.77, 22.55, 22.27, 22.27, 22.3
2026-09-13, 03:38:00, 22.32, 22.5, 22.75, 22.75, 9999.0, 9999.0, 9999.0, 23.68, 9999.0, 22.39, 9999.0, 22.77, 22.55, 22.27, 22.27, 22.32
2026-09-13, 03:38:04, 22.3, 22.5, 22.75, 22.75, 9999.0, 9999.0, 9999.0, 23.7, 9999.0, 22.41, 9999.0, 22.77, 22.55, 22.27, 22.27, 22.34
2026-09-13, 03:38:08, 22.32, 22.5, 22.75, 22.75, 9999.0, 9999.0, 9999.0, 23.73, 9999.0, 22.41, 9999.0, 22.77, 22.55, 22.25, 22.27, 22.34
2026-09-13, 03:38:12, 22.34, 22.5, 22.75, 22.75, 9999.0, 9999.0, 9999.0, 23.75, 9999.0, 22.43, 9999.0, 22.73, 22.55, 22.25, 22.27, 22.32
2026-09-13, 03:38:16, 22.32, 22.5, 22.75, 22.75, 9999.0, 9999.0, 9999.0, 23.75, 9999.0, 22.45, 9999.0, 22.7, 22.55, 22.25, 22.25, 22.32
2026-09-13, 03:38:20, 22.3, 22.5, 22.75, 22.75, 9999.0, 9999.0, 9999.0, 23.77, 9999.0, 22.45, 9999.0, 22.68, 22.55, 22.25, 22.25, 22.34
2026-09-13, 03:38:24, 22.3, 22.5, 22.75, 22.75, 9999.0, 9999.0, 9999.0, 23.8, 9999.0, 22.43, 9999.0, 22.68, 22.55, 22.25, 22.27, 22.34
2026-09-13, 03:38:28, 22.3, 22.5, 22.75, 22.75, 9999.0, 9999.0, 9999.0, 23.82, 9999.0, 22.41, 9999.0, 22.66, 22.55, 22.25, 22.27, 22.32
2026-09-13, 03:38:32, 22.32, 22.5, 22.75, 22.75, 9999.0, 9999.0, 9999.0, 23.84, 9999.0, 22.39, 9999.0, 22.64, 22.55, 22.25, 22.27, 22.32
2026-09-13, 03:38:36, 22.32, 22.5, 22.75, 22.75, 9999.0, 9999.0, 9999.0, 23.86, 9999.0, 22.34, 9999.0, 22.64, 22.52, 22.25, 22.27, 22.32
2026-09-13, 03:38:40, 22.32, 22.5, 22.75, 22.75, 9999.0, 9999.0, 9999.0, 23.82, 9999.0, 22.32, 9999.0, 22.64, 22.5, 22.25, 22.27, 22.32
2026-09-13, 03:38:44, 22.32, 22.5, 22.75, 22.75, 9999.0, 9999.0, 9999.0, 23.8, 9999.0, 22.32, 9999.0, 22.66, 22.5, 22.25, 22.27, 22.3
2026-09-13, 03:38:48, 22.32, 22.5, 22.75, 22.75, 9999.0, 9999.0, 9999.0, 23.75, 9999.0, 22.3, 9999.0, 22.68, 22.5, 22.25, 22.27, 22.27
2026-09-13, 03:38:52, 22.32, 22.5, 22.75, 22.75, 9999.0, 9999.0, 9999.0, 23.7, 9999.0, 22.3, 9999.0, 22.7, 22.5, 22.25, 22.27, 22.27
2026-09-13, 03:38:56, 22.3, 22.5, 22.75, 22.75, 9999.0, 9999.0, 9999.0, 23.66, 9999.0, 22.3, 9999.0, 22.73, 22.5, 22.25, 22.27, 22.27
2026-09-13, 03:39:00, 22.3, 22.5, 22.75, 22.75, 9999.0, 9999.0, 9999.0, 23.64, 9999.0, 22.3, 9999.0, 22.75, 22.5, 22.25, 22.3, 22.27
2026-09-13, 03:39:04, 22.32, 22.5, 22.75, 22.75, 9999.0, 9999.0, 9999.0, 23.61, 9999.0, 22.3, 9999.0, 22.77, 22.5, 22.25, 22.3, 22.25
2026-09-13, 03:39:08, 22.34, 22.5, 22.75, 22.75, 9999.0, 9999.0, 9999.0, 23.59, 9999.0, 22.32, 9999.0, 22.77, 22.5, 22.25, 22.3, 22.25
2026-09-13, 03:39:12, 22.34, 22.5, 22.75, 22.75, 9999.0, 9999.0, 9999.0, 23.57, 9999.0, 22.34, 9999.0, 22.8, 22.5, 22.25, 22.32, 22.25
2026-09-13, 03:39:16, 22.32, 22.5, 22.75, 22.75, 9999.0, 9999.0, 9999.0, 23.61, 9999.0, 22.36, 9999.0, 22.82, 22.5, 22.25, 22.32, 22.25
2026-09-13, 03:39:20, 22.32, 22.5, 22.75, 22.75, 9999.0, 9999.0, 9999.0, 23.68, 9999.0, 22.41, 9999.0, 22.82, 22.5, 22.25, 22.32, 22.25
2026-09-13, 03:39:24, 22.32, 22.5, 22.75, 22.75, 9999.0, 9999.0, 9999.0, 23.73, 9999.0, 22.43, 9999.0, 22.82, 22.5, 22.25, 22.32, 22.27
2026-09-13, 03:39:28, 22.32, 22.5, 22.75, 22.75, 9999.0, 9999.0, 9999.0, 23.75, 9999.0, 22.43, 9999.0, 22.8, 22.5, 22.25, 22.34, 22.27
2026-09-13, 03:39:32, 22.32, 22.5, 22.75, 22.75, 9999.0, 9999.0, 9999.0, 23.8, 9999.0, 22.43, 9999.0, 22.77, 22.5, 22.25, 22.34, 22.27
2026-09-13, 03:39:36, 22.3, 22.5, 22.75, 22.75, 9999.0, 9999.0, 9999.0, 23.84, 9999.0, 22.43, 9999.0, 22.73, 22.5, 22.25, 22.36, 22.3
2026-09-13, 03:39:40, 22.3, 22.5, 22.75, 22.75, 9999.0, 9999.0, 9999.0, 23.86, 9999.0, 22.41, 9999.0, 22.73, 22.5, 22.25, 22.36, 22.3
2026-09-13, 03:39:44, 22.3, 22.5, 22.75, 22.75, 9999.0, 9999.0, 9999.0, 23.89, 9999.0, 22.39, 9999.0, 22.7, 22.5, 22.25, 22.34, 22.3
2026-09-13, 03:39:48, 22.27, 22.5, 22.75, 22.75, 9999.0, 9999.0, 9999.0, 23.91, 9999.0, 22.36, 9999.0, 22.68, 22.5, 22.25, 22.34, 22.32
2026-09-13, 03:39:52, 22.25, 22.5, 22.75, 22.75, 9999.0, 9999.0, 9999.0, 23.93, 9999.0, 22.34, 9999.0, 22.68, 22.5, 22.25, 22.32, 22.32
2026-09-13, 03:39:56, 22.25, 22.5, 22.75, 22.75, 9999.0, 9999.0, 9999.0, 23.95, 9999.0, 22.32, 9999.0, 22.68, 22.5, 22.25, 22.3, 22.32
2026-09-13, 03:40:00, 22.25, 22.5, 22.75, 22.75, 9999.0, 9999.0, 9999.0, 23.91, 9999.0, 22.3, 9999.0, 22.68, 22.5, 22.25, 22.3, 22.32
2026-09-13, 03:40:04, 22.25, 22.5, 22.75, 22.75, 9999.0, 9999.0, 9999.0, 23.86, 9999.0, 22.27, 9999.0, 22.7, 22.5, 22.25, 22.32, 22.32
2026-09-13, 03:40:09, 22.25, 22.5, 22.75, 22.75, 9999.0, 9999.0, 9999.0, 23.8, 9999.0, 22.25, 9999.0, 22.7, 22.5, 22.25, 22.32, 22.32
2026-09-13, 03:40:13, 22.27, 22.5, 22.75, 22.75, 9999.0, 9999.0, 9999.0, 23.75, 9999.0, 22.27, 9999.0, 22.73, 22.5, 22.25, 22.32, 22.32
2026-09-13, 03:40:17, 22.27, 22.5, 22.75, 22.75, 9999.0, 9999.0, 9999.0, 23.7, 9999.0, 22.3, 9999.0, 22.73, 22.5, 22.25, 22.34, 22.32
2026-09-13, 03:40:21, 22.27, 22.5, 22.75, 22.75, 9999.0, 9999.0, 9999.0, 23.66, 9999.0, 22.32, 9999.0, 22.75, 22.5, 22.25, 22.32, 22.3
2026-09-13, 03:40:25, 22.27, 22.5, 22.75, 22.75, 9999.0, 9999.0, 9999.0, 23.61, 9999.0, 22.34, 9999.0, 22.75, 22.5, 22.25, 22.32, 22.3
2026-09-13, 03:40:29, 22.3, 22.5, 22.75, 22.75, 9999.0, 9999.0, 9999.0, 23.57, 9999.0, 22.36, 9999.0, 22.77, 22.5, 22.25, 22.34, 22.3
2026-09-13, 03:40:33, 22.3, 22.5, 22.75, 22.75, 9999.0, 9999.0, 9999.0, 23.61, 9999.0, 22.39, 9999.0, 22.8, 22.5, 22.25, 22.34, 22.3
2026-09-13, 03:40:37, 22.3, 22.5, 22.75, 22.75, 9999.0, 9999.0, 9999.0, 23.64, 9999.0, 22.41, 9999.0, 22.8, 22.5, 22.25, 22.34, 22.3
2026-09-13, 03:40:41, 22.3, 22.5, 22.75, 22.75, 9999.0, 9999.0, 9999.0, 23.66, 9999.0, 22.43, 9999.0, 22.8, 22.5, 22.25, 22.36, 22.3
2026-09-13, 03:40:45, 22.3, 22.5, 22.75, 22.75, 9999.0, 9999.0, 9999.0, 23.68, 9999.0, 22.45, 9999.0, 22.8, 22.5, 22.25, 22.36, 22.3
2026-09-13, 03:40:49, 22.3, 22.5, 22.75, 22.75, 9999.0, 9999.0, 9999.0, 23.7, 9999.0, 22.48, 9999.0, 22.77, 22.5, 22.25, 22.34, 22.32
2026-09-13, 03:40:53, 22.3, 22.5, 22.75, 22.75, 9999.0, 9999.0, 9999.0, 23.73, 9999.0, 22.5, 9999.0, 22.77, 22.5, 22.25, 22.34, 22.3
2026-09-13, 03:40:57, 22.27, 22.5, 22.75, 22.75, 9999.0, 9999.0, 9999.0, 23.75, 9999.0, 22.48, 9999.0, 22.75, 22.5, 22.25, 22.32, 22.3
2026-09-13, 03:41:01, 22.27, 22.5, 22.75, 22.75, 9999.0, 9999.0, 9999.0, 23.8, 9999.0, 22.48, 9999.0, 22.73, 22.5, 22.25, 22.3, 22.3
2026-09-13, 03:41:05, 22.27, 22.5, 22.75, 22.75, 9999.0, 9999.0, 9999.0, 23.84, 9999.0, 22.45, 9999.0, 22.73, 22.5, 22.25, 22.3, 22.3
2026-09-13, 03:41:09, 22.27, 22.5, 22.75, 22.75, 9999.0, 9999.0, 9999.0, 23.89, 9999.0, 22.43, 9999.0, 22.7, 22.5, 22.25, 22.3, 22.3
2026-09-13, 03:41:13, 22.25, 22.5, 22.75, 22.75, 9999.0, 9999.0, 9999.0, 23.93, 9999.0, 22.43, 9999.0, 22.7, 22.5, 22.25, 22.27, 22.32
2026-09-13, 03:41:17, 22.25, 22.5, 22.75, 22.75, 9999.0, 9999.0, 9999.0, 23.89, 9999.0, 22.41, 9999.0, 22.7, 22.5, 22.25, 22.27, 22.3
2026-09-13, 03:41:21, 22.25, 22.5, 22.75, 22.75, 9999.0, 9999.0, 9999.0, 23.86, 9999.0, 22.39, 9999.0, 22.7, 22.5, 22.25, 22.27, 22.3
2026-09-13, 03:41:25, 22.25, 22.5, 22.75, 22.75, 9999.0, 9999.0, 9999.0, 23.84, 9999.0, 22.36, 9999.0, 22.7, 22.5, 22.25, 22.25, 22.3
2026-09-13, 03:41:29, 22.25, 22.5, 22.75, 22.75, 9999.0, 9999.0, 9999.0, 23.82, 9999.0, 22.34, 9999.0, 22.73, 22.5, 22.25, 22.25, 22.32
2026-09-13, 03:41:33, 22.27, 22.5, 22.75, 22.75, 9999.0, 9999.0, 9999.0, 23.77, 9999.0, 22.34, 9999.0, 22.73, 22.5, 22.25, 22.27, 22.32
2026-09-13, 03:41:37, 22.27, 22.5, 22.75, 22.75, 9999.0, 9999.0, 9999.0, 23.75, 9999.0, 22.34, 9999.0, 22.73, 22.5, 22.25, 22.27, 22.32
2026-09-13, 03:41:41, 22.27, 22.5, 22.75, 22.75, 9999.0, 9999.0, 9999.0, 23.73, 9999.0, 22.39, 9999.0, 22.73, 22.5, 22.25, 22.27, 22.32
2026-09-13, 03:41:45, 22.27, 22.5, 22.75, 22.75, 9999.0, 9999.0, 9999.0, 23.68, 9999.0, 22.41, 9999.0, 22.75, 22.5, 22.25, 22.27, 22.32
2026-09-13, 03:41:49, 22.27, 22.5, 22.75, 22.75, 9999.0, 9999.0, 9999.0, 23.64, 9999.0, 22.43, 9999.0, 22.75, 22.5, 22.25, 22.27, 22.32
2026-09-13, 03:41:53, 22.3, 22.5, 22.75, 22.75, 9999.0, 9999.0, 9999.0, 23.68, 9999.0, 22.45, 9999.0, 22.77, 22.5, 22.25, 22.27, 22.32
2026-09-13, 03:41:57, 22.3, 22.5, 22.75, 22.75, 9999.0, 9999.0, 9999.0, 23.73, 9999.0, 22.45, 9999.0, 22.77, 22.5, 22.25, 22.3, 22.32
2026-09-13, 03:42:01, 22.3, 22.5, 22.75, 22.75, 9999.0, 9999.0, 9999.0, 23.75, 9999.0, 22.48, 9999.0, 22.77, 22.5, 22.25, 22.3, 22.32
2026-09-13, 03:42:05, 22.3, 22.5, 22.75, 22.75, 9999.0, 9999.0, 9999.0, 23.77, 9999.0, 22.5, 9999.0, 22.77, 22.5, 22.25, 22.3, 22.32
2026-09-13, 03:42:09, 22.3, 22.5, 22.75, 22.75, 9999.0, 9999.0, 9999.0, 23.8, 9999.0, 22.52, 9999.0, 22.77, 22.5, 22.25, 22.3, 22.34
2026-09-13, 03:42:13, 22.3, 22.5, 22.75, 22.75, 9999.0, 9999.0, 9999.0, 23.82, 9999.0, 22.55, 9999.0, 22.73, 22.5, 22.25, 22.3, 22.32
2026-09-13, 03:42:17, 22.27, 22.5, 22.75, 22.75, 9999.0, 9999.0, 9999.0, 23.86, 9999.0, 22.55, 9999.0, 22.7, 22.5, 22.25, 22.27, 22.3
2026-09-13, 03:42:21, 22.27, 22.5, 22.75, 22.75, 9999.0, 9999.0, 9999.0, 23.91, 9999.0, 22.55, 9999.0, 22.68, 22.5, 22.25, 22.27, 22.3
2026-09-13, 03:42:25, 22.27, 22.5, 22.75, 22.75, 9999.0, 9999.0, 9999.0, 23.95, 9999.0, 22.52, 9999.0, 22.66, 22.5, 22.25, 22.27, 22.3
2026-09-13, 03:42:29, 22.27, 22.5, 22.75, 22.75, 9999.0, 9999.0, 9999.0, 23.98, 9999.0, 22.5, 9999.0, 22.66, 22.5, 22.25, 22.27, 22.3
2026-09-13, 03:42:33, 22.3, 22.5, 22.75, 22.75, 9999.0, 9999.0, 9999.0, 24.0, 9999.0, 22.5, 9999.0, 22.66, 22.5, 22.25, 22.27, 22.3
2026-09-13, 03:42:37, 22.27, 22.5, 22.75, 22.75, 9999.0, 9999.0, 9999.0, 23.95, 9999.0, 22.48, 9999.0, 22.66, 22.5, 22.25, 22.27, 22.3
2026-09-13, 03:42:41, 22.27, 22.5, 22.75, 22.75, 9999.0, 9999.0, 9999.0, 23.91, 9999.0, 22.45, 9999.0, 22.66, 22.52, 22.25, 22.25, 22.27
2026-09-13, 03:42:45, 22.27, 22.5, 22.75, 22.75, 9999.0, 9999.0, 9999.0, 23.86, 9999.0, 22.45, 9999.0, 22.68, 22.52, 22.25, 22.25, 22.27
2026-09-13, 03:42:49, 22.27, 22.5, 22.75, 22.75, 9999.0, 9999.0, 9999.0, 23.82, 9999.0, 22.45, 9999.0, 22.68, 22.52, 22.25, 22.25, 22.27
2026-09-13, 03:42:53, 22.27, 22.5, 22.75, 22.75, 9999.0, 9999.0, 9999.0, 23.77, 9999.0, 22.45, 9999.0, 22.68, 22.52, 22.25, 22.25, 22.27
2026-09-13, 03:42:57, 22.27, 22.5, 22.75, 22.75, 9999.0, 9999.0, 9999.0, 23.73, 9999.0, 22.45, 9999.0, 22.7, 22.52, 22.25, 22.25, 22.3
2026-09-13, 03:43:01, 22.27, 22.5, 22.75, 22.75, 9999.0, 9999.0, 9999.0, 23.68, 9999.0, 22.48, 9999.0, 22.73, 22.52, 22.25, 22.25, 22.3
2026-09-13, 03:43:05, 22.3, 22.5, 22.75, 22.75, 9999.0, 9999.0, 9999.0, 23.64, 9999.0, 22.5, 9999.0, 22.75, 22.52, 22.27, 22.25, 22.3
2026-09-13, 03:43:09, 22.3, 22.5, 22.75, 22.75, 9999.0, 9999.0, 9999.0, 23.66, 9999.0, 22.52, 9999.0, 22.77, 22.52, 22.3, 22.25, 22.3
2026-09-13, 03:43:13, 22.3, 22.5, 22.75, 22.75, 9999.0, 9999.0, 9999.0, 23.7, 9999.0, 22.55, 9999.0, 22.77, 22.52, 22.3, 22.25, 22.3
2026-09-13, 03:43:17, 22.27, 22.5, 22.75, 22.75, 9999.0, 9999.0, 9999.0, 23.75, 9999.0, 22.57, 9999.0, 22.77, 22.52, 22.3, 22.27, 22.3
2026-09-13, 03:43:21, 22.27, 22.5, 22.75, 22.75, 9999.0, 9999.0, 9999.0, 23.77, 9999.0, 22.59, 9999.0, 22.77, 22.52, 22.3, 22.3, 22.3
2026-09-13, 03:43:25, 22.27, 22.5, 22.75, 22.77, 9999.0, 9999.0, 9999.0, 23.8, 9999.0, 22.61, 9999.0, 22.75, 22.5, 22.3, 22.3, 22.3
2026-09-13, 03:43:29, 22.27, 22.5, 22.75, 22.77, 9999.0, 9999.0, 9999.0, 23.84, 9999.0, 22.61, 9999.0, 22.73, 22.5, 22.3, 22.3, 22.32
2026-09-13, 03:43:33, 22.27, 22.5, 22.75, 22.77, 9999.0, 9999.0, 9999.0, 23.89, 9999.0, 22.61, 9999.0, 22.73, 22.5, 22.3, 22.3, 22.32
2026-09-13, 03:43:37, 22.27, 22.5, 22.75, 22.77, 9999.0, 9999.0, 9999.0, 23.91, 9999.0, 22.61, 9999.0, 22.73, 22.5, 22.3, 22.3, 22.3
2026-09-13, 03:43:41, 22.27, 22.5, 22.75, 22.77, 9999.0, 9999.0, 9999.0, 23.95, 9999.0, 22.61, 9999.0, 22.7, 22.5, 22.3, 22.32, 22.27
2026-09-13, 03:43:46, 22.27, 22.5, 22.75, 22.77, 9999.0, 9999.0, 9999.0, 24.0, 9999.0, 22.59, 9999.0, 22.7, 22.5, 22.3, 22.32, 22.27
2026-09-13, 03:43:50, 22.25, 22.5, 22.75, 22.77, 9999.0, 9999.0, 9999.0, 24.05, 9999.0, 22.57, 9999.0, 22.7, 22.5, 22.27, 22.32, 22.27
2026-09-13, 03:43:54, 22.25, 22.5, 22.75, 22.77, 9999.0, 9999.0, 9999.0, 24.0, 9999.0, 22.55, 9999.0, 22.7, 22.5, 22.25, 22.32, 22.27
2026-09-13, 03:43:58, 22.27, 22.5, 22.75, 22.77, 9999.0, 9999.0, 9999.0, 23.95, 9999.0, 22.52, 9999.0, 22.73, 22.5, 22.25, 22.32, 22.3
2026-09-13, 03:44:02, 22.27, 22.5, 22.75, 22.77, 9999.0, 9999.0, 9999.0, 23.91, 9999.0, 22.5, 9999.0, 22.73, 22.5, 22.25, 22.3, 22.3
2026-09-13, 03:44:06, 22.27, 22.5, 22.75, 22.77, 9999.0, 9999.0, 9999.0, 23.89, 9999.0, 22.48, 9999.0, 22.73, 22.5, 22.25, 22.3, 22.32
2026-09-13, 03:44:10, 22.27, 22.5, 22.75, 22.77, 9999.0, 9999.0, 9999.0, 23.84, 9999.0, 22.5, 9999.0, 22.75, 22.5, 22.25, 22.3, 22.32
2026-09-13, 03:44:14, 22.27, 22.5, 22.75, 22.77, 9999.0, 9999.0, 9999.0, 23.8, 9999.0, 22.5, 9999.0, 22.75, 22.5, 22.25, 22.3, 22.3
2026-09-13, 03:44:18, 22.27, 22.5, 22.75, 22.77, 9999.0, 9999.0, 9999.0, 23.75, 9999.0, 22.52, 9999.0, 22.75, 22.5, 22.25, 22.32, 22.3
2026-09-13, 03:44:22, 22.27, 22.5, 22.75, 22.77, 9999.0, 9999.0, 9999.0, 23.73, 9999.0, 22.55, 9999.0, 22.75, 22.5, 22.25, 22.34, 22.3
2026-09-13, 03:44:26, 22.27, 22.5, 22.75, 22.77, 9999.0, 9999.0, 9999.0, 23.68, 9999.0, 22.57, 9999.0, 22.77, 22.52, 22.25, 22.32, 22.3
2026-09-13, 03:44:30, 22.27, 22.5, 22.75, 22.77, 9999.0, 9999.0, 9999.0, 23.7, 9999.0, 22.59, 9999.0, 22.77, 22.52, 22.25, 22.32, 22.3
2026-09-13, 03:44:34, 22.3, 22.5, 22.75, 22.77, 9999.0, 9999.0, 9999.0, 23.73, 9999.0, 22.61, 9999.0, 22.77, 22.52, 22.25, 22.34, 22.3
2026-09-13, 03:44:38, 22.3, 22.5, 22.75, 22.77, 9999.0, 9999.0, 9999.0, 23.75, 9999.0, 22.64, 9999.0, 22.77, 22.52, 22.25, 22.34, 22.3
2026-09-13, 03:44:42, 22.3, 22.5, 22.75, 22.77, 9999.0, 9999.0, 9999.0, 23.77, 9999.0, 22.64, 9999.0, 22.75, 22.52, 22.25, 22.34, 22.27
2026-09-13, 03:44:46, 22.3, 22.5, 22.75, 22.77, 9999.0, 9999.0, 9999.0, 23.8, 9999.0, 22.66, 9999.0, 22.75, 22.52, 22.25, 22.34, 22.27
2026-09-13, 03:44:50, 22.3, 22.5, 22.75, 22.77, 9999.0, 9999.0, 9999.0, 23.82, 9999.0, 22.68, 9999.0, 22.75, 22.52, 22.25, 22.32, 22.25
2026-09-13, 03:44:54, 22.3, 22.5, 22.75, 22.75, 9999.0, 9999.0, 9999.0, 23.86, 9999.0, 22.68, 9999.0, 22.75, 22.52, 22.25, 22.32, 22.25
2026-09-13, 03:44:58, 22.32, 22.5, 22.75, 22.75, 9999.0, 9999.0, 9999.0, 23.89, 9999.0, 22.7, 9999.0, 22.73, 22.52, 22.25, 22.32, 22.25
2026-09-13, 03:45:02, 22.32, 22.5, 22.75, 22.75, 9999.0, 9999.0, 9999.0, 23.93, 9999.0, 22.7, 9999.0, 22.7, 22.52, 22.25, 22.32, 22.25
2026-09-13, 03:45:06, 22.32, 22.5, 22.75, 22.75, 9999.0, 9999.0, 9999.0, 23.95, 9999.0, 22.68, 9999.0, 22.7, 22.52, 22.25, 22.3, 22.25
2026-09-13, 03:45:10, 22.32, 22.5, 22.75, 22.75, 9999.0, 9999.0, 9999.0, 24.0, 9999.0, 22.66, 9999.0, 22.7, 22.5, 22.25, 22.3, 22.25
2026-09-13, 03:45:14, 22.34, 22.5, 22.75, 22.77, 9999.0, 9999.0, 9999.0, 23.95, 9999.0, 22.64, 9999.0, 22.7, 22.5, 22.25, 22.32, 22.25
2026-09-13, 03:45:18, 22.32, 22.5, 22.75, 22.77, 9999.0, 9999.0, 9999.0, 23.91, 9999.0, 22.61, 9999.0, 22.73, 22.5, 22.25, 22.32, 22.25
2026-09-13, 03:45:22, 22.34, 22.5, 22.75, 22.77, 9999.0, 9999.0, 9999.0, 23.89, 9999.0, 22.59, 9999.0, 22.73, 22.5, 22.25, 22.32, 22.25
2026-09-13, 03:45:26, 22.32, 22.5, 22.75, 22.77, 9999.0, 9999.0, 9999.0, 23.86, 9999.0, 22.61, 9999.0, 22.73, 22.5, 22.25, 22.32, 22.25
2026-09-13, 03:45:30, 22.32, 22.5, 22.75, 22.77, 9999.0, 9999.0, 9999.0, 23.84, 9999.0, 22.61, 9999.0, 22.73, 22.5, 22.25, 22.32, 22.25
2026-09-13, 03:45:34, 22.34, 22.5, 22.75, 22.77, 9999.0, 9999.0, 9999.0, 23.82, 9999.0, 22.64, 9999.0, 22.73, 22.5, 22.25, 22.32, 22.25
2026-09-13, 03:45:38, 22.34, 22.5, 22.75, 22.77, 9999.0, 9999.0, 9999.0, 23.77, 9999.0, 22.66, 9999.0, 22.73, 22.5, 22.25, 22.32, 22.25
2026-09-13, 03:45:42, 22.32, 22.5, 22.75, 22.77, 9999.0, 9999.0, 9999.0, 23.75, 9999.0, 22.66, 9999.0, 22.75, 22.5, 22.25, 22.34, 22.25
2026-09-13, 03:45:46, 22.32, 22.5, 22.75, 22.77, 9999.0, 9999.0, 9999.0, 23.8, 9999.0, 22.66, 9999.0, 22.77, 22.5, 22.25, 22.34, 22.25
2026-09-13, 03:45:51, 22.32, 22.5, 22.75, 22.77, 9999.0, 9999.0, 9999.0, 23.84, 9999.0, 22.68, 9999.0, 22.77, 22.5, 22.25, 22.34, 22.25
2026-09-13, 03:45:55, 22.32, 22.5, 22.75, 22.77, 9999.0, 9999.0, 9999.0, 23.86, 9999.0, 22.7, 9999.0, 22.77, 22.5, 22.25, 22.34, 22.25
2026-09-13, 03:45:59, 22.3, 22.5, 22.75, 22.75, 9999.0, 9999.0, 9999.0, 23.91, 9999.0, 22.7, 9999.0, 22.77, 22.5, 22.25, 22.32, 22.25
2026-09-13, 03:46:03, 22.32, 22.5, 22.75, 22.75, 9999.0, 9999.0, 9999.0, 23.93, 9999.0, 22.73, 9999.0, 22.75, 22.5, 22.25, 22.32, 22.25
2026-09-13, 03:46:07, 22.32, 22.5, 22.75, 22.75, 9999.0, 9999.0, 9999.0, 23.95, 9999.0, 22.75, 9999.0, 22.73, 22.5, 22.25, 22.32, 22.25
2026-09-13, 03:46:11, 22.32, 22.5, 22.75, 22.75, 9999.0, 9999.0, 9999.0, 23.98, 9999.0, 22.73, 9999.0, 22.7, 22.5, 22.25, 22.32, 22.25
2026-09-13, 03:46:15, 22.32, 22.5, 22.75, 22.75, 9999.0, 9999.0, 9999.0, 24.0, 9999.0, 22.7, 9999.0, 22.7, 22.5, 22.25, 22.32, 22.25
2026-09-13, 03:46:19, 22.3, 22.5, 22.75, 22.75, 9999.0, 9999.0, 9999.0, 24.02, 9999.0, 22.68, 9999.0, 22.68, 22.5, 22.25, 22.32, 22.25
2026-09-13, 03:46:23, 22.3, 22.5, 22.75, 22.75, 9999.0, 9999.0, 9999.0, 24.09, 9999.0, 22.64, 9999.0, 22.66, 22.5, 22.25, 22.32, 22.25
2026-09-13, 03:46:27, 22.3, 22.5, 22.75, 22.75, 9999.0, 9999.0, 9999.0, 24.14, 9999.0, 22.61, 9999.0, 22.66, 22.5, 22.25, 22.32, 22.25
2026-09-13, 03:46:31, 22.32, 22.5, 22.75, 22.75, 9999.0, 9999.0, 9999.0, 24.09, 9999.0, 22.59, 9999.0, 22.66, 22.5, 22.25, 22.3, 22.25
2026-09-13, 03:46:35, 22.32, 22.5, 22.75, 22.75, 9999.0, 9999.0, 9999.0, 24.07, 9999.0, 22.57, 9999.0, 22.66, 22.5, 22.25, 22.3, 22.25
2026-09-13, 03:46:39, 22.34, 22.5, 22.75, 22.75, 9999.0, 9999.0, 9999.0, 24.05, 9999.0, 22.55, 9999.0, 22.66, 22.5, 22.25, 22.3, 22.25
2026-09-13, 03:46:43, 22.34, 22.5, 22.75, 22.75, 9999.0, 9999.0, 9999.0, 24.0, 9999.0, 22.55, 9999.0, 22.66, 22.5, 22.25, 22.3, 22.25
2026-09-13, 03:46:47, 22.34, 22.5, 22.75, 22.75, 9999.0, 9999.0, 9999.0, 23.98, 9999.0, 22.55, 9999.0, 22.66, 22.5, 22.25, 22.27, 22.25
2026-09-13, 03:46:51, 22.32, 22.5, 22.75, 22.75, 9999.0, 9999.0, 9999.0, 23.95, 9999.0, 22.55, 9999.0, 22.68, 22.5, 22.25, 22.3, 22.25
2026-09-13, 03:46:55, 22.32, 22.5, 22.75, 22.75, 9999.0, 9999.0, 9999.0, 23.93, 9999.0, 22.59, 9999.0, 22.7, 22.5, 22.25, 22.3, 22.25
2026-09-13, 03:46:59, 22.34, 22.5, 22.75, 22.75, 9999.0, 9999.0, 9999.0, 23.89, 9999.0, 22.64, 9999.0, 22.7, 22.5, 22.25, 22.32, 22.25
2026-09-13, 03:47:03, 22.36, 22.5, 22.75, 22.75, 9999.0, 9999.0, 9999.0, 23.86, 9999.0, 22.66, 9999.0, 22.73, 22.5, 22.25, 22.32, 22.25
2026-09-13, 03:47:07, 22.36, 22.5, 22.75, 22.75, 9999.0, 9999.0, 9999.0, 23.89, 9999.0, 22.68, 9999.0, 22.75, 22.5, 22.25, 22.32, 22.25
2026-09-13, 03:47:11, 22.36, 22.5, 22.75, 22.75, 9999.0, 9999.0, 9999.0, 23.91, 9999.0, 22.7, 9999.0, 22.75, 22.5, 22.25, 22.3, 22.25
2026-09-13, 03:47:15, 22.34, 22.5, 22.75, 22.75, 9999.0, 9999.0, 9999.0, 23.93, 9999.0, 22.73, 9999.0, 22.75, 22.5, 22.25, 22.3, 22.25
2026-09-13, 03:47:19, 22.34, 22.5, 22.75, 22.75, 9999.0, 9999.0, 9999.0, 23.95, 9999.0, 22.75, 9999.0, 22.73, 22.5, 22.25, 22.3, 22.25
2026-09-13, 03:47:23, 22.32, 22.5, 22.75, 22.75, 9999.0, 9999.0, 9999.0, 23.98, 9999.0, 22.77, 9999.0, 22.73, 22.5, 22.25, 22.3, 22.25
2026-09-13, 03:47:27, 22.32, 22.5, 22.75, 22.75, 9999.0, 9999.0, 9999.0, 24.0, 9999.0, 22.8, 9999.0, 22.7, 22.5, 22.25, 22.3, 22.25
2026-09-13, 03:47:31, 22.3, 22.5, 22.75, 22.75, 9999.0, 9999.0, 9999.0, 24.02, 9999.0, 22.8, 9999.0, 22.68, 22.5, 22.25, 22.3, 22.25
2026-09-13, 03:47:35, 22.3, 22.5, 22.75, 22.75, 9999.0, 9999.0, 9999.0, 24.07, 9999.0, 22.8, 9999.0, 22.66, 22.5, 22.25, 22.27, 22.25
2026-09-13, 03:47:39, 22.3, 22.5, 22.75, 22.75, 9999.0, 9999.0, 9999.0, 24.09, 9999.0, 22.77, 9999.0, 22.64, 22.5, 22.25, 22.27, 22.27
2026-09-13, 03:47:43, 22.27, 22.5, 22.75, 22.75, 9999.0, 9999.0, 9999.0, 24.14, 9999.0, 22.75, 9999.0, 22.64, 22.5, 22.25, 22.25, 22.27
2026-09-13, 03:47:47, 22.27, 22.5, 22.75, 22.75, 9999.0, 9999.0, 9999.0, 24.16, 9999.0, 22.75, 9999.0, 22.64, 22.5, 22.25, 22.25, 22.27
2026-09-13, 03:47:51, 22.27, 22.5, 22.75, 22.75, 9999.0, 9999.0, 9999.0, 24.11, 9999.0, 22.73, 9999.0, 22.64, 22.5, 22.25, 22.25, 22.27
2026-09-13, 03:47:55, 22.3, 22.5, 22.75, 22.75, 9999.0, 9999.0, 9999.0, 24.09, 9999.0, 22.7, 9999.0, 22.66, 22.5, 22.25, 22.25, 22.27
2026-09-13, 03:47:59, 22.3, 22.5, 22.75, 22.75, 9999.0, 9999.0, 9999.0, 24.05, 9999.0, 22.68, 9999.0, 22.66, 22.5, 22.25, 22.25, 22.27
2026-09-13, 03:48:03, 22.3, 22.5, 22.75, 22.75, 9999.0, 9999.0, 9999.0, 24.0, 9999.0, 22.68, 9999.0, 22.68, 22.5, 22.25, 22.25, 22.27
2026-09-13, 03:48:07, 22.32, 22.5, 22.75, 22.75, 9999.0, 9999.0, 9999.0, 23.95, 9999.0, 22.68, 9999.0, 22.68, 22.5, 22.25, 22.25, 22.27
2026-09-13, 03:48:11, 22.32, 22.5, 22.75, 22.75, 9999.0, 9999.0, 9999.0, 23.93, 9999.0, 22.68, 9999.0, 22.7, 22.5, 22.25, 22.25, 22.27
2026-09-13, 03:48:15, 22.32, 22.5, 22.75, 22.75, 9999.0, 9999.0, 9999.0, 23.91, 9999.0, 22.7, 9999.0, 22.73, 22.5, 22.25, 22.27, 22.27
2026-09-13, 03:48:19, 22.32, 22.5, 22.75, 22.75, 9999.0, 9999.0, 9999.0, 23.84, 9999.0, 22.73, 9999.0, 22.75, 22.5, 22.25, 22.27, 22.27
2026-09-13, 03:48:23, 22.34, 22.5, 22.75, 22.75, 9999.0, 9999.0, 9999.0, 23.89, 9999.0, 22.75, 9999.0, 22.77, 22.5, 22.25, 22.27, 22.25
2026-09-13, 03:48:27, 22.34, 22.5, 22.75, 22.75, 9999.0, 9999.0, 9999.0, 23.91, 9999.0, 22.77, 9999.0, 22.77, 22.5, 22.25, 22.27, 22.25
2026-09-13, 03:48:32, 22.34, 22.5, 22.75, 22.75, 9999.0, 9999.0, 9999.0, 23.93, 9999.0, 22.77, 9999.0, 22.77, 22.5, 22.25, 22.27, 22.25
2026-09-13, 03:48:36, 22.34, 22.5, 22.75, 22.75, 9999.0, 9999.0, 9999.0, 23.95, 9999.0, 22.8, 9999.0, 22.77, 22.5, 22.25, 22.27, 22.25
2026-09-13, 03:48:40, 22.32, 22.5, 22.75, 22.75, 9999.0, 9999.0, 9999.0, 23.98, 9999.0, 22.82, 9999.0, 22.75, 22.5, 22.25, 22.27, 22.25
2026-09-13, 03:48:44, 22.32, 22.5, 22.75, 22.75, 9999.0, 9999.0, 9999.0, 24.02, 9999.0, 22.84, 9999.0, 22.73, 22.5, 22.25, 22.3, 22.25
2026-09-13, 03:48:48, 22.32, 22.5, 22.75, 22.75, 9999.0, 9999.0, 9999.0, 24.05, 9999.0, 22.84, 9999.0, 22.7, 22.5, 22.25, 22.3, 22.25
2026-09-13, 03:48:52, 22.3, 22.5, 22.75, 22.75, 9999.0, 9999.0, 9999.0, 24.07, 9999.0, 22.84, 9999.0, 22.68, 22.5, 22.25, 22.3, 22.25
2026-09-13, 03:48:56, 22.3, 22.5, 22.75, 22.75, 9999.0, 9999.0, 9999.0, 24.11, 9999.0, 22.84, 9999.0, 22.66, 22.5, 22.25, 22.3, 22.25
2026-09-13, 03:49:00, 22.3, 22.5, 22.75, 22.75, 9999.0, 9999.0, 9999.0, 24.14, 9999.0, 22.82, 9999.0, 22.66, 22.5, 22.25, 22.27, 22.25
2026-09-13, 03:49:04, 22.3, 22.5, 22.75, 22.75, 9999.0, 9999.0, 9999.0, 24.18, 9999.0, 22.8, 9999.0, 22.66, 22.5, 22.25, 22.27, 22.25
2026-09-13, 03:49:08, 22.27, 22.5, 22.75, 22.75, 9999.0, 9999.0, 9999.0, 24.14, 9999.0, 22.75, 9999.0, 22.66, 22.5, 22.25, 22.27, 22.25
2026-09-13, 03:49:12, 22.3, 22.5, 22.75, 22.75, 9999.0, 9999.0, 9999.0, 24.11, 9999.0, 22.7, 9999.0, 22.66, 22.5, 22.25, 22.27, 22.25
2026-09-13, 03:49:16, 22.27, 22.5, 22.75, 22.75, 9999.0, 9999.0, 9999.0, 24.07, 9999.0, 22.68, 9999.0, 22.66, 22.5, 22.25, 22.27, 22.27
2026-09-13, 03:49:20, 22.27, 22.5, 22.75, 22.75, 9999.0, 9999.0, 9999.0, 24.02, 9999.0, 22.66, 9999.0, 22.66, 22.5, 22.25, 22.27, 22.27
2026-09-13, 03:49:24, 22.3, 22.5, 22.75, 22.75, 9999.0, 9999.0, 9999.0, 23.98, 9999.0, 22.66, 9999.0, 22.66, 22.5, 22.25, 22.27, 22.27
2026-09-13, 03:49:28, 22.3, 22.5, 22.75, 22.75, 9999.0, 9999.0, 9999.0, 23.93, 9999.0, 22.66, 9999.0, 22.68, 22.5, 22.25, 22.25, 22.27
2026-09-13, 03:49:32, 22.3, 22.5, 22.75, 22.75, 9999.0, 9999.0, 9999.0, 23.91, 9999.0, 22.68, 9999.0, 22.7, 22.5, 22.25, 22.25, 22.27
2026-09-13, 03:49:36, 22.3, 22.5, 22.75, 22.75, 9999.0, 9999.0, 9999.0, 23.89, 9999.0, 22.7, 9999.0, 22.73, 22.5, 22.25, 22.25, 22.27
2026-09-13, 03:49:40, 22.3, 22.5, 22.75, 22.75, 9999.0, 9999.0, 9999.0, 23.84, 9999.0, 22.7, 9999.0, 22.75, 22.5, 22.25, 22.25, 22.27
2026-09-13, 03:49:44, 22.3, 22.5, 22.75, 22.75, 9999.0, 9999.0, 9999.0, 23.89, 9999.0, 22.73, 9999.0, 22.75, 22.5, 22.25, 22.25, 22.27
2026-09-13, 03:49:48, 22.3, 22.5, 22.75, 22.75, 9999.0, 9999.0, 9999.0, 23.91, 9999.0, 22.73, 9999.0, 22.75, 22.5, 22.25, 22.25, 22.27
2026-09-13, 03:49:52, 22.3, 22.5, 22.75, 22.75, 9999.0, 9999.0, 9999.0, 23.93, 9999.0, 22.75, 9999.0, 22.75, 22.5, 22.25, 22.25, 22.27
2026-09-13, 03:49:56, 22.27, 22.5, 22.75, 22.75, 9999.0, 9999.0, 9999.0, 23.95, 9999.0, 22.77, 9999.0, 22.73, 22.5, 22.25, 22.25, 22.27
2026-09-13, 03:50:00, 22.27, 22.5, 22.75, 22.75, 9999.0, 9999.0, 9999.0, 24.0, 9999.0, 22.8, 9999.0, 22.73, 22.5, 22.25, 22.25, 22.25
2026-09-13, 03:50:04, 22.27, 22.5, 22.75, 22.75, 9999.0, 9999.0, 9999.0, 24.02, 9999.0, 22.82, 9999.0, 22.7, 22.5, 22.25, 22.25, 22.25
2026-09-13, 03:50:08, 22.25, 22.5, 22.75, 22.75, 9999.0, 9999.0, 9999.0, 24.05, 9999.0, 22.82, 9999.0, 22.68, 22.5, 22.25, 22.25, 22.25
2026-09-13, 03:50:12, 22.25, 22.5, 22.75, 22.75, 9999.0, 9999.0, 9999.0, 24.07, 9999.0, 22.82, 9999.0, 22.66, 22.5, 22.25, 22.25, 22.25
2026-09-13, 03:50:16, 22.25, 22.5, 22.75, 22.75, 9999.0, 9999.0, 9999.0, 24.11, 9999.0, 22.8, 9999.0, 22.64, 22.5, 22.25, 22.25, 22.25
2026-09-13, 03:50:20, 22.25, 22.5, 22.75, 22.75, 9999.0, 9999.0, 9999.0, 24.14, 9999.0, 22.77, 9999.0, 22.64, 22.5, 22.25, 22.27, 22.25
2026-09-13, 03:50:24, 22.25, 22.5, 22.75, 22.75, 9999.0, 9999.0, 9999.0, 24.16, 9999.0, 22.77, 9999.0, 22.64, 22.5, 22.25, 22.27, 22.25
2026-09-13, 03:50:28, 22.25, 22.5, 22.75, 22.75, 9999.0, 9999.0, 9999.0, 24.11, 9999.0, 22.75, 9999.0, 22.66, 22.5, 22.25, 22.27, 22.25
2026-09-13, 03:50:32, 22.25, 22.5, 22.75, 22.75, 9999.0, 9999.0, 9999.0, 24.07, 9999.0, 22.73, 9999.0, 22.66, 22.5, 22.25, 22.27, 22.25
2026-09-13, 03:50:36, 22.25, 22.5, 22.75, 22.75, 9999.0, 9999.0, 9999.0, 24.02, 9999.0, 22.73, 9999.0, 22.66, 22.5, 22.25, 22.27, 22.25
2026-09-13, 03:50:40, 22.27, 22.5, 22.75, 22.75, 9999.0, 9999.0, 9999.0, 23.98, 9999.0, 22.73, 9999.0, 22.68, 22.5, 22.25, 22.27, 22.25
2026-09-13, 03:50:44, 22.3, 22.5, 22.75, 22.75, 9999.0, 9999.0, 9999.0, 23.93, 9999.0, 22.73, 9999.0, 22.68, 22.5, 22.25, 22.27, 22.25
2026-09-13, 03:50:48, 22.3, 22.5, 22.75, 22.75, 9999.0, 9999.0, 9999.0, 23.91, 9999.0, 22.73, 9999.0, 22.7, 22.5, 22.25, 22.27, 22.25
2026-09-13, 03:50:52, 22.3, 22.5, 22.75, 22.75, 9999.0, 9999.0, 9999.0, 23.89, 9999.0, 22.73, 9999.0, 22.73, 22.5, 22.25, 22.27, 22.25
2026-09-13, 03:50:56, 22.3, 22.5, 22.75, 22.75, 9999.0, 9999.0, 9999.0, 23.84, 9999.0, 22.75, 9999.0, 22.75, 22.5, 22.25, 22.27, 22.25
2026-09-13, 03:51:00, 22.3, 22.5, 22.75, 22.75, 9999.0, 9999.0, 9999.0, 23.86, 9999.0, 22.77, 9999.0, 22.77, 22.5, 22.25, 22.27, 22.25
2026-09-13, 03:51:04, 22.3, 22.5, 22.75, 22.75, 9999.0, 9999.0, 9999.0, 23.89, 9999.0, 22.77, 9999.0, 22.77, 22.5, 22.25, 22.25, 22.25
2026-09-13, 03:51:08, 22.3, 22.5, 22.75, 22.75, 9999.0, 9999.0, 9999.0, 23.91, 9999.0, 22.77, 9999.0, 22.77, 22.5, 22.25, 22.25, 22.25
2026-09-13, 03:51:12, 22.3, 22.5, 22.75, 22.75, 9999.0, 9999.0, 9999.0, 23.93, 9999.0, 22.77, 9999.0, 22.73, 22.5, 22.25, 22.25, 22.25
2026-09-13, 03:51:16, 22.3, 22.5, 22.75, 22.75, 9999.0, 9999.0, 9999.0, 23.98, 9999.0, 22.8, 9999.0, 22.7, 22.5, 22.25, 22.25, 22.25
2026-09-13, 03:51:21, 22.3, 22.5, 22.75, 22.75, 9999.0, 9999.0, 9999.0, 24.02, 9999.0, 22.8, 9999.0, 22.68, 22.5, 22.25, 22.25, 22.25
2026-09-13, 03:51:25, 22.3, 22.5, 22.75, 22.75, 9999.0, 9999.0, 9999.0, 24.05, 9999.0, 22.8, 9999.0, 22.66, 22.5, 22.25, 22.25, 22.25
2026-09-13, 03:51:29, 22.27, 22.5, 22.75, 22.75, 9999.0, 9999.0, 9999.0, 24.07, 9999.0, 22.77, 9999.0, 22.64, 22.5, 22.25, 22.25, 22.25
2026-09-13, 03:51:33, 22.27, 22.5, 22.75, 22.75, 9999.0, 9999.0, 9999.0, 24.09, 9999.0, 22.77, 9999.0, 22.61, 22.5, 22.25, 22.25, 22.25
2026-09-13, 03:51:37, 22.27, 22.5, 22.75, 22.75, 9999.0, 9999.0, 9999.0, 24.11, 9999.0, 22.75, 9999.0, 22.61, 22.5, 22.25, 22.25, 22.25
2026-09-13, 03:51:41, 22.27, 22.5, 22.75, 22.75, 9999.0, 9999.0, 9999.0, 24.16, 9999.0, 22.7, 9999.0, 22.61, 22.5, 22.25, 22.25, 22.25
2026-09-13, 03:51:45, 22.3, 22.5, 22.75, 22.75, 9999.0, 9999.0, 9999.0, 24.11, 9999.0, 22.66, 9999.0, 22.61, 22.5, 22.25, 22.25, 22.25
2026-09-13, 03:51:49, 22.3, 22.5, 22.75, 22.75, 9999.0, 9999.0, 9999.0, 24.09, 9999.0, 22.64, 9999.0, 22.61, 22.5, 22.25, 22.25, 22.25
2026-09-13, 03:51:53, 22.3, 22.5, 22.75, 22.75, 9999.0, 9999.0, 9999.0, 24.05, 9999.0, 22.61, 9999.0, 22.64, 22.5, 22.25, 22.27, 22.25
2026-09-13, 03:51:57, 22.32, 22.5, 22.75, 22.75, 9999.0, 9999.0, 9999.0, 24.0, 9999.0, 22.61, 9999.0, 22.66, 22.5, 22.25, 22.27, 22.25
2026-09-13, 03:52:01, 22.34, 22.5, 22.75, 22.75, 9999.0, 9999.0, 9999.0, 23.95, 9999.0, 22.61, 9999.0, 22.68, 22.5, 22.25, 22.27, 22.25
2026-09-13, 03:52:05, 22.34, 22.5, 22.75, 22.75, 9999.0, 9999.0, 9999.0, 23.91, 9999.0, 22.61, 9999.0, 22.7, 22.5, 22.25, 22.3, 22.25
2026-09-13, 03:52:09, 22.32, 22.5, 22.75, 22.75, 9999.0, 9999.0, 9999.0, 23.86, 9999.0, 22.61, 9999.0, 22.73, 22.5, 22.25, 22.3, 22.25
2026-09-13, 03:52:13, 22.34, 22.5, 22.75, 22.75, 9999.0, 9999.0, 9999.0, 23.84, 9999.0, 22.64, 9999.0, 22.75, 22.5, 22.25, 22.3, 22.25
2026-09-13, 03:52:17, 22.34, 22.5, 22.75, 22.75, 9999.0, 9999.0, 9999.0, 23.89, 9999.0, 22.64, 9999.0, 22.77, 22.5, 22.25, 22.3, 22.25
2026-09-13, 03:52:21, 22.34, 22.5, 22.75, 22.75, 9999.0, 9999.0, 9999.0, 23.91, 9999.0, 22.66, 9999.0, 22.77, 22.5, 22.25, 22.3, 22.25
2026-09-13, 03:52:25, 22.36, 22.5, 22.75, 22.75, 9999.0, 9999.0, 9999.0, 23.93, 9999.0, 22.68, 9999.0, 22.77, 22.5, 22.25, 22.3, 22.25
2026-09-13, 03:52:29, 22.36, 22.5, 22.75, 22.75, 9999.0, 9999.0, 9999.0, 23.95, 9999.0, 22.7, 9999.0, 22.77, 22.5, 22.25, 22.32, 22.25
2026-09-13, 03:52:33, 22.36, 22.5, 22.75, 22.75, 9999.0, 9999.0, 9999.0, 23.98, 9999.0, 22.73, 9999.0, 22.77, 22.5, 22.25, 22.32, 22.25
2026-09-13, 03:52:37, 22.36, 22.5, 22.75, 22.75, 9999.0, 9999.0, 9999.0, 24.0, 9999.0, 22.75, 9999.0, 22.73, 22.5, 22.25, 22.3, 22.25
2026-09-13, 03:52:41, 22.34, 22.5, 22.75, 22.75, 9999.0, 9999.0, 9999.0, 24.05, 9999.0, 22.75, 9999.0, 22.7, 22.5, 22.25, 22.3, 22.25
2026-09-13, 03:52:45, 22.32, 22.5, 22.75, 22.75, 9999.0, 9999.0, 9999.0, 24.07, 9999.0, 22.73, 9999.0, 22.7, 22.5, 22.25, 22.3, 22.25
2026-09-13, 03:52:49, 22.32, 22.5, 22.75, 22.75, 9999.0, 9999.0, 9999.0, 24.09, 9999.0, 22.73, 9999.0, 22.68, 22.5, 22.25, 22.27, 22.25
2026-09-13, 03:52:53, 22.34, 22.5, 22.75, 22.75, 9999.0, 9999.0, 9999.0, 24.14, 9999.0, 22.7, 9999.0, 22.68, 22.5, 22.25, 22.27, 22.25
2026-09-13, 03:52:57, 22.34, 22.5, 22.75, 22.75, 9999.0, 9999.0, 9999.0, 24.16, 9999.0, 22.68, 9999.0, 22.68, 22.5, 22.25, 22.27, 22.25
2026-09-13, 03:53:01, 22.34, 22.5, 22.75, 22.75, 9999.0, 9999.0, 9999.0, 24.11, 9999.0, 22.66, 9999.0, 22.68, 22.5, 22.25, 22.27, 22.25
2026-09-13, 03:53:05, 22.34, 22.5, 22.75, 22.75, 9999.0, 9999.0, 9999.0, 24.07, 9999.0, 22.64, 9999.0, 22.68, 22.5, 22.25, 22.27, 22.25
2026-09-13, 03:53:09, 22.32, 22.5, 22.75, 22.75, 9999.0, 9999.0, 9999.0, 24.02, 9999.0, 22.61, 9999.0, 22.68, 22.5, 22.25, 22.27, 22.25
2026-09-13, 03:53:13, 22.3, 22.5, 22.75, 22.75, 9999.0, 9999.0, 9999.0, 23.98, 9999.0, 22.57, 9999.0, 22.68, 22.5, 22.25, 22.25, 22.25
2026-09-13, 03:53:17, 22.3, 22.5, 22.75, 22.75, 9999.0, 9999.0, 9999.0, 23.93, 9999.0, 22.55, 9999.0, 22.68, 22.5, 22.25, 22.25, 22.25
2026-09-13, 03:53:21, 22.32, 22.5, 22.75, 22.75, 9999.0, 9999.0, 9999.0, 23.91, 9999.0, 22.52, 9999.0, 22.7, 22.5, 22.25, 22.25, 22.25
2026-09-13, 03:53:25, 22.32, 22.5, 22.75, 22.75, 9999.0, 9999.0, 9999.0, 23.86, 9999.0, 22.52, 9999.0, 22.73, 22.5, 22.25, 22.25, 22.25
2026-09-13, 03:53:29, 22.32, 22.5, 22.75, 22.75, 9999.0, 9999.0, 9999.0, 23.82, 9999.0, 22.55, 9999.0, 22.73, 22.5, 22.25, 22.25, 22.25
2026-09-13, 03:53:33, 22.32, 22.5, 22.75, 22.75, 9999.0, 9999.0, 9999.0, 23.77, 9999.0, 22.55, 9999.0, 22.75, 22.5, 22.25, 22.27, 22.25
2026-09-13, 03:53:37, 22.3, 22.5, 22.75, 22.75, 9999.0, 9999.0, 9999.0, 23.82, 9999.0, 22.55, 9999.0, 22.75, 22.5, 22.25, 22.27, 22.25
2026-09-13, 03:53:41, 22.27, 22.5, 22.75, 22.75, 9999.0, 9999.0, 9999.0, 23.84, 9999.0, 22.55, 9999.0, 22.75, 22.5, 22.25, 22.27, 22.25
2026-09-13, 03:53:45, 22.3, 22.5, 22.75, 22.75, 9999.0, 9999.0, 9999.0, 23.86, 9999.0, 22.55, 9999.0, 22.75, 22.5, 22.25, 22.27, 22.25
2026-09-13, 03:53:49, 22.3, 22.5, 22.75, 22.75, 9999.0, 9999.0, 9999.0, 23.91, 9999.0, 22.55, 9999.0, 22.75, 22.5, 22.25, 22.27, 22.25
2026-09-13, 03:53:53, 22.32, 22.5, 22.75, 22.75, 9999.0, 9999.0, 9999.0, 23.93, 9999.0, 22.55, 9999.0, 22.75, 22.5, 22.25, 22.27, 22.25
2026-09-13, 03:53:57, 22.32, 22.5, 22.75, 22.75, 9999.0, 9999.0, 9999.0, 23.95, 9999.0, 22.57, 9999.0, 22.75, 22.5, 22.25, 22.27, 22.25
2026-09-13, 03:54:01, 22.34, 22.5, 22.75, 22.75, 9999.0, 9999.0, 9999.0, 23.98, 9999.0, 22.55, 9999.0, 22.73, 22.5, 22.25, 22.27, 22.25
2026-09-13, 03:54:05, 22.32, 22.5, 22.75, 22.75, 9999.0, 9999.0, 9999.0, 24.0, 9999.0, 22.52, 9999.0, 22.7, 22.5, 22.25, 22.27, 22.25
2026-09-13, 03:54:09, 22.32, 22.5, 22.75, 22.75, 9999.0, 9999.0, 9999.0, 24.02, 9999.0, 22.48, 9999.0, 22.68, 22.5, 22.25, 22.27, 22.25
2026-09-13, 03:54:13, 22.32, 22.5, 22.75, 22.75, 9999.0, 9999.0, 9999.0, 24.07, 9999.0, 22.43, 9999.0, 22.68, 22.5, 22.25, 22.27, 22.25
2026-09-13, 03:54:17, 22.32, 22.5, 22.75, 22.75, 9999.0, 9999.0, 9999.0, 24.09, 9999.0, 22.39, 9999.0, 22.68, 22.5, 22.25, 22.25, 22.25
2026-09-13, 03:54:21, 22.32, 22.5, 22.75, 22.75, 9999.0, 9999.0, 9999.0, 24.02, 9999.0, 22.36, 9999.0, 22.68, 22.5, 22.25, 22.25, 22.25
2026-09-13, 03:54:25, 22.34, 22.5, 22.75, 22.75, 9999.0, 9999.0, 9999.0, 23.98, 9999.0, 22.34, 9999.0, 22.7, 22.5, 22.25, 22.27, 22.25
2026-09-13, 03:54:29, 22.32, 22.5, 22.75, 22.75, 9999.0, 9999.0, 9999.0, 23.93, 9999.0, 22.32, 9999.0, 22.73, 22.5, 22.25, 22.27, 22.25
2026-09-13, 03:54:33, 22.34, 22.5, 22.75, 22.75, 9999.0, 9999.0, 9999.0, 23.89, 9999.0, 22.32, 9999.0, 22.75, 22.5, 22.25, 22.27, 22.25
2026-09-13, 03:54:37, 22.32, 22.5, 22.75, 22.75, 9999.0, 9999.0, 9999.0, 23.86, 9999.0, 22.3, 9999.0, 22.75, 22.5, 22.25, 22.27, 22.25
2026-09-13, 03:54:41, 22.32, 22.5, 22.75, 22.75, 9999.0, 9999.0, 9999.0, 23.82, 9999.0, 22.3, 9999.0, 22.75, 22.5, 22.25, 22.3, 22.25
2026-09-13, 03:54:45, 22.3, 22.5, 22.75, 22.75, 9999.0, 9999.0, 9999.0, 23.77, 9999.0, 22.32, 9999.0, 22.77, 22.5, 22.25, 22.3, 22.25
2026-09-13, 03:54:49, 22.3, 22.5, 22.75, 22.75, 9999.0, 9999.0, 9999.0, 23.73, 9999.0, 22.34, 9999.0, 22.8, 22.5, 22.25, 22.3, 22.27
2026-09-13, 03:54:53, 22.32, 22.5, 22.75, 22.75, 9999.0, 9999.0, 9999.0, 23.75, 9999.0, 22.36, 9999.0, 22.82, 22.5, 22.25, 22.3, 22.27
2026-09-13, 03:54:57, 22.32, 22.5, 22.75, 22.75, 9999.0, 9999.0, 9999.0, 23.77, 9999.0, 22.39, 9999.0, 22.82, 22.5, 22.25, 22.3, 22.27
2026-09-13, 03:55:01, 22.34, 22.5, 22.75, 22.75, 9999.0, 9999.0, 9999.0, 23.82, 9999.0, 22.41, 9999.0, 22.82, 22.5, 22.25, 22.3, 22.27
2026-09-13, 03:55:05, 22.34, 22.5, 22.75, 22.75, 9999.0, 9999.0, 9999.0, 23.86, 9999.0, 22.43, 9999.0, 22.82, 22.5, 22.25, 22.3, 22.27
2026-09-13, 03:55:10, 22.32, 22.5, 22.75, 22.75, 9999.0, 9999.0, 9999.0, 23.89, 9999.0, 22.45, 9999.0, 22.77, 22.5, 22.25, 22.27, 22.27
2026-09-13, 03:55:14, 22.34, 22.5, 22.75, 22.75, 9999.0, 9999.0, 9999.0, 23.91, 9999.0, 22.45, 9999.0, 22.73, 22.5, 22.25, 22.27, 22.27
2026-09-13, 03:55:18, 22.34, 22.5, 22.75, 22.75, 9999.0, 9999.0, 9999.0, 23.93, 9999.0, 22.43, 9999.0, 22.7, 22.5, 22.25, 22.27, 22.27
2026-09-13, 03:55:22, 22.34, 22.5, 22.75, 22.75, 9999.0, 9999.0, 9999.0, 23.95, 9999.0, 22.43, 9999.0, 22.7, 22.5, 22.25, 22.27, 22.27
2026-09-13, 03:55:26, 22.34, 22.5, 22.75, 22.75, 9999.0, 9999.0, 9999.0, 24.0, 9999.0, 22.43, 9999.0, 22.68, 22.5, 22.25, 22.25, 22.27
2026-09-13, 03:55:30, 22.36, 22.5, 22.75, 22.75, 9999.0, 9999.0, 9999.0, 24.02, 9999.0, 22.41, 9999.0, 22.66, 22.5, 22.25, 22.25, 22.27
2026-09-13, 03:55:34, 22.36, 22.5, 22.75, 22.75, 9999.0, 9999.0, 9999.0, 24.05, 9999.0, 22.39, 9999.0, 22.66, 22.5, 22.25, 22.25, 22.25
2026-09-13, 03:55:38, 22.36, 22.5, 22.75, 22.75, 9999.0, 9999.0, 9999.0, 24.0, 9999.0, 22.36, 9999.0, 22.66, 22.5, 22.25, 22.25, 22.27
2026-09-13, 03:55:42, 22.36, 22.5, 22.75, 22.75, 9999.0, 9999.0, 9999.0, 23.95, 9999.0, 22.32, 9999.0, 22.66, 22.5, 22.25, 22.25, 22.27
2026-09-13, 03:55:46, 22.34, 22.5, 22.75, 22.75, 9999.0, 9999.0, 9999.0, 23.91, 9999.0, 22.27, 9999.0, 22.68, 22.5, 22.25, 22.25, 22.27
2026-09-13, 03:55:50, 22.34, 22.5, 22.75, 22.75, 9999.0, 9999.0, 9999.0, 23.84, 9999.0, 22.23, 9999.0, 22.68, 22.5, 22.25, 22.27, 22.27
2026-09-13, 03:55:54, 22.34, 22.5, 22.75, 22.75, 9999.0, 9999.0, 9999.0, 23.8, 9999.0, 22.23, 9999.0, 22.7, 22.5, 22.25, 22.3, 22.27
2026-09-13, 03:55:58, 22.32, 22.5, 22.75, 22.75, 9999.0, 9999.0, 9999.0, 23.75, 9999.0, 22.23, 9999.0, 22.73, 22.5, 22.25, 22.3, 22.27
2026-09-13, 03:56:02, 22.32, 22.5, 22.75, 22.75, 9999.0, 9999.0, 9999.0, 23.7, 9999.0, 22.25, 9999.0, 22.73, 22.5, 22.27, 22.3, 22.27
2026-09-13, 03:56:06, 22.34, 22.5, 22.75, 22.75, 9999.0, 9999.0, 9999.0, 23.64, 9999.0, 22.27, 9999.0, 22.73, 22.5, 22.27, 22.3, 22.27
2026-09-13, 03:56:10, 22.34, 22.5, 22.75, 22.75, 9999.0, 9999.0, 9999.0, 23.59, 9999.0, 22.27, 9999.0, 22.75, 22.5, 22.27, 22.3, 22.27
2026-09-13, 03:56:14, 22.34, 22.5, 22.75, 22.75, 9999.0, 9999.0, 9999.0, 23.61, 9999.0, 22.3, 9999.0, 22.77, 22.5, 22.27, 22.3, 22.3
2026-09-13, 03:56:18, 22.34, 22.5, 22.75, 22.75, 9999.0, 9999.0, 9999.0, 23.66, 9999.0, 22.3, 9999.0, 22.77, 22.5, 22.27, 22.3, 22.32
2026-09-13, 03:56:22, 22.32, 22.5, 22.75, 22.75, 9999.0, 9999.0, 9999.0, 23.68, 9999.0, 22.3, 9999.0, 22.77, 22.5, 22.27, 22.3, 22.32
2026-09-13, 03:56:26, 22.32, 22.5, 22.75, 22.75, 9999.0, 9999.0, 9999.0, 23.7, 9999.0, 22.32, 9999.0, 22.77, 22.5, 22.27, 22.3, 22.32
2026-09-13, 03:56:30, 22.34, 22.5, 22.75, 22.75, 9999.0, 9999.0, 9999.0, 23.73, 9999.0, 22.34, 9999.0, 22.75, 22.5, 22.27, 22.3, 22.32
2026-09-13, 03:56:34, 22.34, 22.5, 22.75, 22.75, 9999.0, 9999.0, 9999.0, 23.75, 9999.0, 22.36, 9999.0, 22.75, 22.5, 22.27, 22.27, 22.32
2026-09-13, 03:56:38, 22.34, 22.5, 22.75, 22.75, 9999.0, 9999.0, 9999.0, 23.77, 9999.0, 22.34, 9999.0, 22.75, 22.5, 22.27, 22.25, 22.32
2026-09-13, 03:56:42, 22.34, 22.5, 22.75, 22.75, 9999.0, 9999.0, 9999.0, 23.8, 9999.0, 22.34, 9999.0, 22.73, 22.5, 22.27, 22.25, 22.32
2026-09-13, 03:56:46, 22.32, 22.5, 22.75, 22.75, 9999.0, 9999.0, 9999.0, 23.84, 9999.0, 22.32, 9999.0, 22.7, 22.5, 22.25, 22.25, 22.32
2026-09-13, 03:56:50, 22.32, 22.5, 22.75, 22.75, 9999.0, 9999.0, 9999.0, 23.89, 9999.0, 22.27, 9999.0, 22.7, 22.5, 22.25, 22.25, 22.32
2026-09-13, 03:56:54, 22.34, 22.5, 22.75, 22.75, 9999.0, 9999.0, 9999.0, 23.91, 9999.0, 22.25, 9999.0, 22.7, 22.5, 22.25, 22.25, 22.32
2026-09-13, 03:56:58, 22.32, 22.5, 22.75, 22.75, 9999.0, 9999.0, 9999.0, 23.89, 9999.0, 22.23, 9999.0, 22.7, 22.5, 22.25, 22.25, 22.3
2026-09-13, 03:57:02, 22.34, 22.5, 22.75, 22.75, 9999.0, 9999.0, 9999.0, 23.84, 9999.0, 22.2, 9999.0, 22.73, 22.5, 22.25, 22.27, 22.27
2026-09-13, 03:57:06, 22.36, 22.5, 22.75, 22.75, 9999.0, 9999.0, 9999.0, 23.8, 9999.0, 22.18, 9999.0, 22.75, 22.5, 22.25, 22.3, 22.27
2026-09-13, 03:57:10, 22.36, 22.5, 22.75, 22.75, 9999.0, 9999.0, 9999.0, 23.75, 9999.0, 22.18, 9999.0, 22.77, 22.5, 22.25, 22.32, 22.3
2026-09-13, 03:57:14, 22.34, 22.5, 22.75, 22.75, 9999.0, 9999.0, 9999.0, 23.7, 9999.0, 22.18, 9999.0, 22.77, 22.5, 22.25, 22.32, 22.3
2026-09-13, 03:57:18, 22.34, 22.5, 22.75, 22.75, 9999.0, 9999.0, 9999.0, 23.68, 9999.0, 22.18, 9999.0, 22.77, 22.5, 22.25, 22.34, 22.32
2026-09-13, 03:57:22, 22.36, 22.5, 22.75, 22.75, 9999.0, 9999.0, 9999.0, 23.66, 9999.0, 22.2, 9999.0, 22.77, 22.5, 22.25, 22.36, 22.32
2026-09-13, 03:57:26, 22.36, 22.5, 22.75, 22.75, 9999.0, 9999.0, 9999.0, 23.61, 9999.0, 22.2, 9999.0, 22.8, 22.52, 22.25, 22.39, 22.34
2026-09-13, 03:57:30, 22.39, 22.5, 22.75, 22.75, 9999.0, 9999.0, 9999.0, 23.64, 9999.0, 22.23, 9999.0, 22.82, 22.52, 22.25, 22.39, 22.34
2026-09-13, 03:57:34, 22.36, 22.5, 22.75, 22.75, 9999.0, 9999.0, 9999.0, 23.66, 9999.0, 22.27, 9999.0, 22.82, 22.52, 22.25, 22.39, 22.34
2026-09-13, 03:57:38, 22.36, 22.5, 22.75, 22.75, 9999.0, 9999.0, 9999.0, 23.68, 9999.0, 22.27, 9999.0, 22.82, 22.52, 22.25, 22.41, 22.34
2026-09-13, 03:57:42, 22.39, 22.5, 22.75, 22.75, 9999.0, 9999.0, 9999.0, 23.7, 9999.0, 22.27, 9999.0, 22.82, 22.52, 22.25, 22.41, 22.34
2026-09-13, 03:57:46, 22.39, 22.5, 22.75, 22.75, 9999.0, 9999.0, 9999.0, 23.73, 9999.0, 22.3, 9999.0, 22.8, 22.52, 22.25, 22.39, 22.34
2026-09-13, 03:57:50, 22.39, 22.5, 22.75, 22.75, 9999.0, 9999.0, 9999.0, 23.75, 9999.0, 22.32, 9999.0, 22.75, 22.52, 22.25, 22.39, 22.32
2026-09-13, 03:57:54, 22.41, 22.5, 22.75, 22.75, 9999.0, 9999.0, 9999.0, 23.77, 9999.0, 22.32, 9999.0, 22.7, 22.52, 22.25, 22.36, 22.3
2026-09-13, 03:57:58, 22.41, 22.5, 22.75, 22.75, 9999.0, 9999.0, 9999.0, 23.8, 9999.0, 22.32, 9999.0, 22.7, 22.52, 22.25, 22.39, 22.3
2026-09-13, 03:58:02, 22.41, 22.5, 22.75, 22.75, 9999.0, 9999.0, 9999.0, 23.82, 9999.0, 22.3, 9999.0, 22.68, 22.52, 22.25, 22.36, 22.27
2026-09-13, 03:58:06, 22.39, 22.5, 22.75, 22.75, 9999.0, 9999.0, 9999.0, 23.84, 9999.0, 22.27, 9999.0, 22.68, 22.52, 22.25, 22.34, 22.27
2026-09-13, 03:58:10, 22.41, 22.5, 22.75, 22.75, 9999.0, 9999.0, 9999.0, 23.89, 9999.0, 22.27, 9999.0, 22.68, 22.5, 22.25, 22.32, 22.25
2026-09-13, 03:58:14, 22.41, 22.5, 22.75, 22.75, 9999.0, 9999.0, 9999.0, 23.82, 9999.0, 22.23, 9999.0, 22.68, 22.5, 22.25, 22.32, 22.25
2026-09-13, 03:58:18, 22.43, 22.5, 22.75, 22.75, 9999.0, 9999.0, 9999.0, 23.77, 9999.0, 22.18, 9999.0, 22.7, 22.5, 22.25, 22.32, 22.27
2026-09-13, 03:58:22, 22.41, 22.5, 22.75, 22.75, 9999.0, 9999.0, 9999.0, 23.73, 9999.0, 22.18, 9999.0, 22.73, 22.5, 22.25, 22.3, 22.3
2026-09-13, 03:58:26, 22.39, 22.5, 22.75, 22.75, 9999.0, 9999.0, 9999.0, 23.68, 9999.0, 22.18, 9999.0, 22.75, 22.5, 22.27, 22.32, 22.32
2026-09-13, 03:58:30, 22.36, 22.5, 22.75, 22.75, 9999.0, 9999.0, 9999.0, 23.64, 9999.0, 22.2, 9999.0, 22.75, 22.5, 22.27, 22.32, 22.32
2026-09-13, 03:58:34, 22.34, 22.5, 22.75, 22.75, 9999.0, 9999.0, 9999.0, 23.61, 9999.0, 22.2, 9999.0, 22.77, 22.5, 22.27, 22.3, 22.32
2026-09-13, 03:58:38, 22.34, 22.5, 22.75, 22.75, 9999.0, 9999.0, 9999.0, 23.59, 9999.0, 22.23, 9999.0, 22.8, 22.52, 22.27, 22.32, 22.32
2026-09-13, 03:58:42, 22.34, 22.5, 22.75, 22.75, 9999.0, 9999.0, 9999.0, 23.57, 9999.0, 22.25, 9999.0, 22.8, 22.52, 22.27, 22.32, 22.34
2026-09-13, 03:58:47, 22.34, 22.5, 22.75, 22.75, 9999.0, 9999.0, 9999.0, 23.55, 9999.0, 22.3, 9999.0, 22.82, 22.52, 22.27, 22.32, 22.34
2026-09-13, 03:58:51, 22.36, 22.5, 22.75, 22.75, 9999.0, 9999.0, 9999.0, 23.59, 9999.0, 22.32, 9999.0, 22.82, 22.52, 22.27, 22.32, 22.36
2026-09-13, 03:58:55, 22.36, 22.5, 22.75, 22.75, 9999.0, 9999.0, 9999.0, 23.61, 9999.0, 22.34, 9999.0, 22.82, 22.52, 22.27, 22.32, 22.36
2026-09-13, 03:58:59, 22.36, 22.5, 22.75, 22.75, 9999.0, 9999.0, 9999.0, 23.66, 9999.0, 22.39, 9999.0, 22.82, 22.52, 22.27, 22.32, 22.36
2026-09-13, 03:59:03, 22.34, 22.5, 22.75, 22.75, 9999.0, 9999.0, 9999.0, 23.7, 9999.0, 22.43, 9999.0, 22.8, 22.52, 22.3, 22.32, 22.36
2026-09-13, 03:59:07, 22.34, 22.5, 22.75, 22.77, 9999.0, 9999.0, 9999.0, 23.75, 9999.0, 22.43, 9999.0, 22.75, 22.52, 22.3, 22.32, 22.34
2026-09-13, 03:59:11, 22.34, 22.5, 22.75, 22.77, 9999.0, 9999.0, 9999.0, 23.8, 9999.0, 22.43, 9999.0, 22.73, 22.52, 22.3, 22.3, 22.32
2026-09-13, 03:59:15, 22.36, 22.5, 22.75, 22.77, 9999.0, 9999.0, 9999.0, 23.82, 9999.0, 22.41, 9999.0, 22.7, 22.52, 22.3, 22.3, 22.32
2026-09-13, 03:59:19, 22.39, 22.5, 22.75, 22.77, 9999.0, 9999.0, 9999.0, 23.84, 9999.0, 22.43, 9999.0, 22.68, 22.52, 22.3, 22.3, 22.32
2026-09-13, 03:59:23, 22.36, 22.5, 22.75, 22.77, 9999.0, 9999.0, 9999.0, 23.86, 9999.0, 22.41, 9999.0, 22.66, 22.5, 22.3, 22.27, 22.32
2026-09-13, 03:59:27, 22.36, 22.5, 22.75, 22.77, 9999.0, 9999.0, 9999.0, 23.89, 9999.0, 22.39, 9999.0, 22.66, 22.5, 22.3, 22.25, 22.3
2026-09-13, 03:59:31, 22.39, 22.5, 22.75, 22.77, 9999.0, 9999.0, 9999.0, 23.91, 9999.0, 22.36, 9999.0, 22.66, 22.5, 22.3, 22.25, 22.3
2026-09-13, 03:59:35, 22.39, 22.5, 22.75, 22.77, 9999.0, 9999.0, 9999.0, 23.86, 9999.0, 22.34, 9999.0, 22.66, 22.5, 22.32, 22.27, 22.27
2026-09-13, 03:59:39, 22.36, 22.5, 22.75, 22.77, 9999.0, 9999.0, 9999.0, 23.82, 9999.0, 22.32, 9999.0, 22.68, 22.5, 22.32, 22.27, 22.3
2026-09-13, 03:59:43, 22.34, 22.5, 22.75, 22.77, 9999.0, 9999.0, 9999.0, 23.8, 9999.0, 22.27, 9999.0, 22.7, 22.5, 22.32, 22.3, 22.3
2026-09-13, 03:59:47, 22.34, 22.5, 22.75, 22.77, 9999.0, 9999.0, 9999.0, 23.75, 9999.0, 22.25, 9999.0, 22.7, 22.5, 22.3, 22.3, 22.27
2026-09-13, 03:59:51, 22.34, 22.5, 22.75, 22.75, 9999.0, 9999.0, 9999.0, 23.7, 9999.0, 22.25, 9999.0, 22.73, 22.5, 22.3, 22.3, 22.27
2026-09-13, 03:59:55, 22.34, 22.5, 22.75, 22.75, 9999.0, 9999.0, 9999.0, 23.66, 9999.0, 22.27, 9999.0, 22.73, 22.5, 22.27, 22.3, 22.3
2026-09-13, 03:59:59, 22.32, 22.5, 22.75, 22.75, 9999.0, 9999.0, 9999.0, 23.64, 9999.0, 22.3, 9999.0, 22.75, 22.5, 22.27, 22.3, 22.3
2026-09-13, 04:00:03, 22.3, 22.5, 22.75, 22.75, 9999.0, 9999.0, 9999.0, 23.61, 9999.0, 22.3, 9999.0, 22.77, 22.5, 22.27, 22.3, 22.32
2026-09-13, 04:00:07, 22.3, 22.5, 22.75, 22.75, 9999.0, 9999.0, 9999.0, 23.66, 9999.0, 22.32, 9999.0, 22.8, 22.5, 22.27, 22.3, 22.32
2026-09-13, 04:00:11, 22.3, 22.5, 22.75, 22.75, 9999.0, 9999.0, 9999.0, 23.7, 9999.0, 22.34, 9999.0, 22.8, 22.5, 22.27, 22.3, 22.32
2026-09-13, 04:00:15, 22.27, 22.5, 22.75, 22.75, 9999.0, 9999.0, 9999.0, 23.75, 9999.0, 22.36, 9999.0, 22.8, 22.5, 22.27, 22.3, 22.34
2026-09-13, 04:00:19, 22.27, 22.5, 22.75, 22.75, 9999.0, 9999.0, 9999.0, 23.77, 9999.0, 22.39, 9999.0, 22.8, 22.5, 22.25, 22.27, 22.34
2026-09-13, 04:00:23, 22.27, 22.5, 22.75, 22.75, 9999.0, 9999.0, 9999.0, 23.82, 9999.0, 22.41, 9999.0, 22.77, 22.5, 22.25, 22.27, 22.32
2026-09-13, 04:00:27, 22.27, 22.5, 22.75, 22.75, 9999.0, 9999.0, 9999.0, 23.84, 9999.0, 22.43, 9999.0, 22.75, 22.5, 22.25, 22.27, 22.34
2026-09-13, 04:00:31, 22.3, 22.5, 22.75, 22.75, 9999.0, 9999.0, 9999.0, 23.89, 9999.0, 22.43, 9999.0, 22.75, 22.5, 22.25, 22.27, 22.34
2026-09-13, 04:00:35, 22.3, 22.5, 22.75, 22.75, 9999.0, 9999.0, 9999.0, 23.91, 9999.0, 22.45, 9999.0, 22.75, 22.5, 22.25, 22.27, 22.34
2026-09-13, 04:00:39, 22.32, 22.5, 22.75, 22.75, 9999.0, 9999.0, 9999.0, 23.93, 9999.0, 22.43, 9999.0, 22.73, 22.5, 22.25, 22.27, 22.32
2026-09-13, 04:00:43, 22.34, 22.5, 22.75, 22.75, 9999.0, 9999.0, 9999.0, 23.95, 9999.0, 22.41, 9999.0, 22.7, 22.5, 22.25, 22.27, 22.32
2026-09-13, 04:00:47, 22.34, 22.5, 22.75, 22.75, 9999.0, 9999.0, 9999.0, 23.98, 9999.0, 22.39, 9999.0, 22.7, 22.5, 22.25, 22.27, 22.3
2026-09-13, 04:00:51, 22.36, 22.5, 22.75, 22.75, 9999.0, 9999.0, 9999.0, 23.93, 9999.0, 22.36, 9999.0, 22.7, 22.5, 22.25, 22.27, 22.32
2026-09-13, 04:00:55, 22.36, 22.5, 22.75, 22.75, 9999.0, 9999.0, 9999.0, 23.86, 9999.0, 22.34, 9999.0, 22.73, 22.5, 22.25, 22.27, 22.32
2026-09-13, 04:00:59, 22.39, 22.5, 22.75, 22.75, 9999.0, 9999.0, 9999.0, 23.82, 9999.0, 22.32, 9999.0, 22.75, 22.5, 22.25, 22.27, 22.3
2026-09-13, 04:01:03, 22.36, 22.5, 22.75, 22.75, 9999.0, 9999.0, 9999.0, 23.77, 9999.0, 22.3, 9999.0, 22.75, 22.5, 22.25, 22.27, 22.3
2026-09-13, 04:01:07, 22.36, 22.5, 22.75, 22.75, 9999.0, 9999.0, 9999.0, 23.73, 9999.0, 22.3, 9999.0, 22.75, 22.5, 22.25, 22.27, 22.32
2026-09-13, 04:01:11, 22.36, 22.5, 22.75, 22.75, 9999.0, 9999.0, 9999.0, 23.68, 9999.0, 22.32, 9999.0, 22.75, 22.5, 22.25, 22.25, 22.3
2026-09-13, 04:01:15, 22.34, 22.5, 22.75, 22.75, 9999.0, 9999.0, 9999.0, 23.64, 9999.0, 22.34, 9999.0, 22.75, 22.5, 22.25, 22.25, 22.32
2026-09-13, 04:01:19, 22.36, 22.5, 22.75, 22.77, 9999.0, 9999.0, 9999.0, 23.61, 9999.0, 22.34, 9999.0, 22.75, 22.5, 22.25, 22.25, 22.32
2026-09-13, 04:01:23, 22.34, 22.5, 22.75, 22.77, 9999.0, 9999.0, 9999.0, 23.57, 9999.0, 22.36, 9999.0, 22.77, 22.5, 22.25, 22.25, 22.34
2026-09-13, 04:01:27, 22.32, 22.5, 22.75, 22.77, 9999.0, 9999.0, 9999.0, 23.61, 9999.0, 22.39, 9999.0, 22.8, 22.5, 22.25, 22.25, 22.36
2026-09-13, 04:01:31, 22.32, 22.5, 22.75, 22.77, 9999.0, 9999.0, 9999.0, 23.66, 9999.0, 22.41, 9999.0, 22.8, 22.5, 22.25, 22.25, 22.36
2026-09-13, 04:01:35, 22.3, 22.5, 22.75, 22.77, 9999.0, 9999.0, 9999.0, 23.68, 9999.0, 22.43, 9999.0, 22.8, 22.5, 22.25, 22.25, 22.36
2026-09-13, 04:01:39, 22.3, 22.5, 22.75, 22.77, 9999.0, 9999.0, 9999.0, 23.73, 9999.0, 22.43, 9999.0, 22.77, 22.5, 22.25, 22.25, 22.36
2026-09-13, 04:01:43, 22.27, 22.5, 22.75, 22.77, 9999.0, 9999.0, 9999.0, 23.75, 9999.0, 22.43, 9999.0, 22.75, 22.5, 22.25, 22.25, 22.39
2026-09-13, 04:01:47, 22.3, 22.5, 22.75, 22.77, 9999.0, 9999.0, 9999.0, 23.8, 9999.0, 22.45, 9999.0, 22.75, 22.5, 22.25, 22.25, 22.39
2026-09-13, 04:01:51, 22.32, 22.5, 22.75, 22.77, 9999.0, 9999.0, 9999.0, 23.84, 9999.0, 22.45, 9999.0, 22.73, 22.5, 22.25, 22.25, 22.39
2026-09-13, 04:01:55, 22.34, 22.5, 22.75, 22.77, 9999.0, 9999.0, 9999.0, 23.86, 9999.0, 22.45, 9999.0, 22.73, 22.5, 22.25, 22.25, 22.41
2026-09-13, 04:01:59, 22.34, 22.5, 22.75, 22.77, 9999.0, 9999.0, 9999.0, 23.89, 9999.0, 22.45, 9999.0, 22.7, 22.5, 22.25, 22.25, 22.39
2026-09-13, 04:02:03, 22.32, 22.5, 22.75, 22.75, 9999.0, 9999.0, 9999.0, 23.91, 9999.0, 22.43, 9999.0, 22.7, 22.5, 22.25, 22.27, 22.39
2026-09-13, 04:02:07, 22.32, 22.5, 22.75, 22.75, 9999.0, 9999.0, 9999.0, 23.95, 9999.0, 22.41, 9999.0, 22.7, 22.5, 22.25, 22.27, 22.36
2026-09-13, 04:02:11, 22.32, 22.5, 22.75, 22.75, 9999.0, 9999.0, 9999.0, 23.91, 9999.0, 22.39, 9999.0, 22.7, 22.5, 22.25, 22.27, 22.34
2026-09-13, 04:02:15, 22.32, 22.5, 22.75, 22.75, 9999.0, 9999.0, 9999.0, 23.86, 9999.0, 22.36, 9999.0, 22.73, 22.5, 22.25, 22.27, 22.36
2026-09-13, 04:02:19, 22.32, 22.5, 22.75, 22.75, 9999.0, 9999.0, 9999.0, 23.84, 9999.0, 22.34, 9999.0, 22.73, 22.5, 22.25, 22.27, 22.36
2026-09-13, 04:02:24, 22.32, 22.5, 22.75, 22.75, 9999.0, 9999.0, 9999.0, 23.8, 9999.0, 22.34, 9999.0, 22.73, 22.5, 22.25, 22.27, 22.36
2026-09-13, 04:02:28, 22.32, 22.5, 22.75, 22.75, 9999.0, 9999.0, 9999.0, 23.75, 9999.0, 22.36, 9999.0, 22.73, 22.5, 22.25, 22.27, 22.36
2026-09-13, 04:02:32, 22.32, 22.5, 22.75, 22.75, 9999.0, 9999.0, 9999.0, 23.73, 9999.0, 22.36, 9999.0, 22.73, 22.5, 22.25, 22.27, 22.36
2026-09-13, 04:02:36, 22.32, 22.5, 22.75, 22.75, 9999.0, 9999.0, 9999.0, 23.68, 9999.0, 22.36, 9999.0, 22.75, 22.5, 22.25, 22.3, 22.36
2026-09-13, 04:02:40, 22.3, 22.5, 22.75, 22.75, 9999.0, 9999.0, 9999.0, 23.66, 9999.0, 22.39, 9999.0, 22.75, 22.5, 22.25, 22.32, 22.36
2026-09-13, 04:02:44, 22.32, 22.5, 22.75, 22.75, 9999.0, 9999.0, 9999.0, 23.64, 9999.0, 22.41, 9999.0, 22.77, 22.5, 22.25, 22.34, 22.36
2026-09-13, 04:02:48, 22.32, 22.5, 22.75, 22.75, 9999.0, 9999.0, 9999.0, 23.68, 9999.0, 22.43, 9999.0, 22.77, 22.5, 22.25, 22.32, 22.39
2026-09-13, 04:02:52, 22.32, 22.5, 22.75, 22.75, 9999.0, 9999.0, 9999.0, 23.73, 9999.0, 22.45, 9999.0, 22.77, 22.5, 22.25, 22.32, 22.41
2026-09-13, 04:02:56, 22.32, 22.5, 22.75, 22.75, 9999.0, 9999.0, 9999.0, 23.77, 9999.0, 22.48, 9999.0, 22.77, 22.5, 22.25, 22.32, 22.41
2026-09-13, 04:03:00, 22.32, 22.5, 22.75, 22.75, 9999.0, 9999.0, 9999.0, 23.8, 9999.0, 22.5, 9999.0, 22.75, 22.5, 22.25, 22.32, 22.39
2026-09-13, 04:03:04, 22.34, 22.5, 22.75, 22.75, 9999.0, 9999.0, 9999.0, 23.82, 9999.0, 22.52, 9999.0, 22.75, 22.5, 22.25, 22.32, 22.36
2026-09-13, 04:03:08, 22.34, 22.5, 22.75, 22.75, 9999.0, 9999.0, 9999.0, 23.86, 9999.0, 22.55, 9999.0, 22.75, 22.5, 22.25, 22.32, 22.36
2026-09-13, 04:03:12, 22.34, 22.5, 22.75, 22.75, 9999.0, 9999.0, 9999.0, 23.91, 9999.0, 22.55, 9999.0, 22.75, 22.5, 22.25, 22.32, 22.34
2026-09-13, 04:03:16, 22.32, 22.5, 22.75, 22.75, 9999.0, 9999.0, 9999.0, 23.91, 9999.0, 22.55, 9999.0, 22.73, 22.5, 22.25, 22.32, 22.34
2026-09-13, 04:03:20, 22.3, 22.5, 22.75, 22.75, 9999.0, 9999.0, 9999.0, 23.93, 9999.0, 22.55, 9999.0, 22.73, 22.5, 22.25, 22.3, 22.34
2026-09-13, 04:03:24, 22.3, 22.5, 22.75, 22.75, 9999.0, 9999.0, 9999.0, 23.95, 9999.0, 22.52, 9999.0, 22.73, 22.5, 22.25, 22.27, 22.32
2026-09-13, 04:03:28, 22.3, 22.5, 22.75, 22.75, 9999.0, 9999.0, 9999.0, 24.0, 9999.0, 22.5, 9999.0, 22.73, 22.5, 22.25, 22.27, 22.32
2026-09-13, 04:03:32, 22.3, 22.5, 22.75, 22.75, 9999.0, 9999.0, 9999.0, 23.98, 9999.0, 22.5, 9999.0, 22.73, 22.5, 22.25, 22.27, 22.32
2026-09-13, 04:03:36, 22.3, 22.5, 22.75, 22.75, 9999.0, 9999.0, 9999.0, 23.93, 9999.0, 22.5, 9999.0, 22.75, 22.5, 22.27, 22.27, 22.3
2026-09-13, 04:03:40, 22.32, 22.5, 22.75, 22.75, 9999.0, 9999.0, 9999.0, 23.89, 9999.0, 22.5, 9999.0, 22.75, 22.5, 22.27, 22.27, 22.3
2026-09-13, 04:03:44, 22.32, 22.5, 22.75, 22.75, 9999.0, 9999.0, 9999.0, 23.86, 9999.0, 22.52, 9999.0, 22.75, 22.5, 22.27, 22.27, 22.3
2026-09-13, 04:03:48, 22.32, 22.5, 22.75, 22.75, 9999.0, 9999.0, 9999.0, 23.84, 9999.0, 22.52, 9999.0, 22.75, 22.5, 22.27, 22.27, 22.32
2026-09-13, 04:03:52, 22.34, 22.5, 22.75, 22.75, 9999.0, 9999.0, 9999.0, 23.82, 9999.0, 22.55, 9999.0, 22.75, 22.5, 22.27, 22.27, 22.32
2026-09-13, 04:03:56, 22.36, 22.5, 22.75, 22.75, 9999.0, 9999.0, 9999.0, 23.77, 9999.0, 22.57, 9999.0, 22.75, 22.5, 22.27, 22.3, 22.34
2026-09-13, 04:04:00, 22.39, 22.5, 22.75, 22.75, 9999.0, 9999.0, 9999.0, 23.75, 9999.0, 22.59, 9999.0, 22.77, 22.5, 22.27, 22.32, 22.36
2026-09-13, 04:04:04, 22.39, 22.5, 22.75, 22.75, 9999.0, 9999.0, 9999.0, 23.8, 9999.0, 22.61, 9999.0, 22.77, 22.5, 22.27, 22.32, 22.36
2026-09-13, 04:04:08, 22.39, 22.5, 22.75, 22.75, 9999.0, 9999.0, 9999.0, 23.84, 9999.0, 22.64, 9999.0, 22.77, 22.5, 22.27, 22.34, 22.36
2026-09-13, 04:04:12, 22.36, 22.5, 22.75, 22.75, 9999.0, 9999.0, 9999.0, 23.86, 9999.0, 22.66, 9999.0, 22.77, 22.5, 22.27, 22.32, 22.39
2026-09-13, 04:04:16, 22.36, 22.5, 22.75, 22.75, 9999.0, 9999.0, 9999.0, 23.86, 9999.0, 22.68, 9999.0, 22.77, 22.5, 22.27, 22.32, 22.36
2026-09-13, 04:04:20, 22.36, 22.5, 22.75, 22.75, 9999.0, 9999.0, 9999.0, 23.89, 9999.0, 22.68, 9999.0, 22.75, 22.5, 22.25, 22.34, 22.36
2026-09-13, 04:04:24, 22.36, 22.5, 22.75, 22.75, 9999.0, 9999.0, 9999.0, 23.91, 9999.0, 22.68, 9999.0, 22.73, 22.5, 22.25, 22.34, 22.39
2026-09-13, 04:04:28, 22.36, 22.5, 22.75, 22.75, 9999.0, 9999.0, 9999.0, 23.93, 9999.0, 22.66, 9999.0, 22.73, 22.5, 22.25, 22.34, 22.39
2026-09-13, 04:04:32, 22.34, 22.5, 22.75, 22.75, 9999.0, 9999.0, 9999.0, 23.95, 9999.0, 22.66, 9999.0, 22.73, 22.5, 22.25, 22.34, 22.36
2026-09-13, 04:04:36, 22.32, 22.5, 22.75, 22.75, 9999.0, 9999.0, 9999.0, 23.98, 9999.0, 22.64, 9999.0, 22.7, 22.5, 22.25, 22.34, 22.39
2026-09-13, 04:04:40, 22.3, 22.5, 22.75, 22.75, 9999.0, 9999.0, 9999.0, 24.02, 9999.0, 22.61, 9999.0, 22.68, 22.5, 22.25, 22.32, 22.36
2026-09-13, 04:04:44, 22.3, 22.5, 22.75, 22.75, 9999.0, 9999.0, 9999.0, 24.07, 9999.0, 22.59, 9999.0, 22.68, 22.5, 22.25, 22.3, 22.34
2026-09-13, 04:04:48, 22.32, 22.5, 22.75, 22.75, 9999.0, 9999.0, 9999.0, 24.02, 9999.0, 22.57, 9999.0, 22.68, 22.5, 22.25, 22.32, 22.32
2026-09-13, 04:04:52, 22.32, 22.5, 22.75, 22.75, 9999.0, 9999.0, 9999.0, 23.98, 9999.0, 22.55, 9999.0, 22.68, 22.5, 22.25, 22.3, 22.32
2026-09-13, 04:04:56, 22.32, 22.5, 22.75, 22.75, 9999.0, 9999.0, 9999.0, 23.93, 9999.0, 22.52, 9999.0, 22.7, 22.5, 22.25, 22.32, 22.3
2026-09-13, 04:05:00, 22.32, 22.5, 22.75, 22.75, 9999.0, 9999.0, 9999.0, 23.91, 9999.0, 22.5, 9999.0, 22.7, 22.5, 22.25, 22.32, 22.3
2026-09-13, 04:05:04, 22.32, 22.5, 22.75, 22.75, 9999.0, 9999.0, 9999.0, 23.89, 9999.0, 22.52, 9999.0, 22.7, 22.5, 22.25, 22.32, 22.32
2026-09-13, 04:05:08, 22.3, 22.5, 22.75, 22.75, 9999.0, 9999.0, 9999.0, 23.86, 9999.0, 22.55, 9999.0, 22.73, 22.5, 22.25, 22.34, 22.32
2026-09-13, 04:05:12, 22.3, 22.5, 22.75, 22.75, 9999.0, 9999.0, 9999.0, 23.84, 9999.0, 22.57, 9999.0, 22.73, 22.5, 22.25, 22.34, 22.32
2026-09-13, 04:05:16, 22.3, 22.5, 22.75, 22.75, 9999.0, 9999.0, 9999.0, 23.8, 9999.0, 22.59, 9999.0, 22.73, 22.5, 22.25, 22.36, 22.34
2026-09-13, 04:05:20, 22.3, 22.5, 22.75, 22.75, 9999.0, 9999.0, 9999.0, 23.75, 9999.0, 22.61, 9999.0, 22.75, 22.5, 22.25, 22.36, 22.34
2026-09-13, 04:05:24, 22.3, 22.5, 22.75, 22.75, 9999.0, 9999.0, 9999.0, 23.8, 9999.0, 22.64, 9999.0, 22.77, 22.5, 22.25, 22.36, 22.34
2026-09-13, 04:05:28, 22.27, 22.5, 22.75, 22.75, 9999.0, 9999.0, 9999.0, 23.82, 9999.0, 22.66, 9999.0, 22.77, 22.5, 22.25, 22.36, 22.34
2026-09-13, 04:05:32, 22.27, 22.5, 22.75, 22.75, 9999.0, 9999.0, 9999.0, 23.86, 9999.0, 22.68, 9999.0, 22.77, 22.5, 22.25, 22.34, 22.34
2026-09-13, 04:05:36, 22.27, 22.5, 22.75, 22.75, 9999.0, 9999.0, 9999.0, 23.91, 9999.0, 22.68, 9999.0, 22.77, 22.5, 22.25, 22.34, 22.34
2026-09-13, 04:05:40, 22.27, 22.5, 22.75, 22.75, 9999.0, 9999.0, 9999.0, 23.93, 9999.0, 22.68, 9999.0, 22.75, 22.5, 22.25, 22.32, 22.34
2026-09-13, 04:05:44, 22.27, 22.5, 22.75, 22.75, 9999.0, 9999.0, 9999.0, 23.95, 9999.0, 22.68, 9999.0, 22.75, 22.5, 22.25, 22.32, 22.34
2026-09-13, 04:05:48, 22.27, 22.5, 22.75, 22.75, 9999.0, 9999.0, 9999.0, 23.98, 9999.0, 22.68, 9999.0, 22.75, 22.5, 22.25, 22.3, 22.34
2026-09-13, 04:05:52, 22.27, 22.5, 22.75, 22.75, 9999.0, 9999.0, 9999.0, 24.0, 9999.0, 22.66, 9999.0, 22.73, 22.5, 22.25, 22.27, 22.34
2026-09-13, 04:05:56, 22.27, 22.5, 22.75, 22.75, 9999.0, 9999.0, 9999.0, 24.02, 9999.0, 22.66, 9999.0, 22.7, 22.5, 22.25, 22.27, 22.34
2026-09-13, 04:06:00, 22.27, 22.5, 22.75, 22.75, 9999.0, 9999.0, 9999.0, 24.07, 9999.0, 22.66, 9999.0, 22.7, 22.5, 22.25, 22.25, 22.32
2026-09-13, 04:06:04, 22.27, 22.5, 22.75, 22.75, 9999.0, 9999.0, 9999.0, 24.09, 9999.0, 22.64, 9999.0, 22.7, 22.5, 22.25, 22.27, 22.3
2026-09-13, 04:06:09, 22.27, 22.5, 22.75, 22.75, 9999.0, 9999.0, 9999.0, 24.02, 9999.0, 22.61, 9999.0, 22.7, 22.5, 22.25, 22.27, 22.3
2026-09-13, 04:06:13, 22.27, 22.5, 22.75, 22.75, 9999.0, 9999.0, 9999.0, 23.98, 9999.0, 22.59, 9999.0, 22.7, 22.5, 22.25, 22.27, 22.3
2026-09-13, 04:06:17, 22.27, 22.5, 22.75, 22.75, 9999.0, 9999.0, 9999.0, 23.93, 9999.0, 22.57, 9999.0, 22.7, 22.5, 22.25, 22.27, 22.3
2026-09-13, 04:06:21, 22.3, 22.5, 22.75, 22.75, 9999.0, 9999.0, 9999.0, 23.89, 9999.0, 22.57, 9999.0, 22.7, 22.5, 22.25, 22.27, 22.3
2026-09-13, 04:06:25, 22.32, 22.5, 22.75, 22.75, 9999.0, 9999.0, 9999.0, 23.86, 9999.0, 22.59, 9999.0, 22.7, 22.5, 22.25, 22.3, 22.3
2026-09-13, 04:06:29, 22.32, 22.5, 22.75, 22.75, 9999.0, 9999.0, 9999.0, 23.84, 9999.0, 22.61, 9999.0, 22.7, 22.5, 22.25, 22.3, 22.32
2026-09-13, 04:06:33, 22.32, 22.5, 22.75, 22.75, 9999.0, 9999.0, 9999.0, 23.8, 9999.0, 22.64, 9999.0, 22.7, 22.52, 22.25, 22.3, 22.3
2026-09-13, 04:06:37, 22.34, 22.5, 22.75, 22.75, 9999.0, 9999.0, 9999.0, 23.75, 9999.0, 22.68, 9999.0, 22.73, 22.52, 22.25, 22.3, 22.27
2026-09-13, 04:06:41, 22.34, 22.5, 22.75, 22.75, 9999.0, 9999.0, 9999.0, 23.7, 9999.0, 22.68, 9999.0, 22.75, 22.52, 22.25, 22.3, 22.3
2026-09-13, 04:06:45, 22.34, 22.5, 22.75, 22.75, 9999.0, 9999.0, 9999.0, 23.73, 9999.0, 22.68, 9999.0, 22.75, 22.52, 22.25, 22.3, 22.3
2026-09-13, 04:06:49, 22.34, 22.5, 22.75, 22.75, 9999.0, 9999.0, 9999.0, 23.77, 9999.0, 22.7, 9999.0, 22.75, 22.52, 22.25, 22.27, 22.3
2026-09-13, 04:06:53, 22.34, 22.5, 22.75, 22.75, 9999.0, 9999.0, 9999.0, 23.82, 9999.0, 22.73, 9999.0, 22.75, 22.52, 22.25, 22.27, 22.3
2026-09-13, 04:06:57, 22.34, 22.5, 22.75, 22.75, 9999.0, 9999.0, 9999.0, 23.84, 9999.0, 22.75, 9999.0, 22.75, 22.52, 22.25, 22.27, 22.3
2026-09-13, 04:07:01, 22.32, 22.5, 22.75, 22.75, 9999.0, 9999.0, 9999.0, 23.89, 9999.0, 22.77, 9999.0, 22.73, 22.52, 22.25, 22.27, 22.3
2026-09-13, 04:07:05, 22.3, 22.5, 22.75, 22.75, 9999.0, 9999.0, 9999.0, 23.91, 9999.0, 22.8, 9999.0, 22.73, 22.52, 22.25, 22.27, 22.3
2026-09-13, 04:07:09, 22.27, 22.5, 22.75, 22.75, 9999.0, 9999.0, 9999.0, 23.93, 9999.0, 22.8, 9999.0, 22.7, 22.52, 22.25, 22.25, 22.3
2026-09-13, 04:07:13, 22.27, 22.5, 22.75, 22.75, 9999.0, 9999.0, 9999.0, 23.95, 9999.0, 22.8, 9999.0, 22.68, 22.52, 22.25, 22.25, 22.27
2026-09-13, 04:07:17, 22.27, 22.5, 22.75, 22.75, 9999.0, 9999.0, 9999.0, 24.0, 9999.0, 22.77, 9999.0, 22.66, 22.5, 22.25, 22.25, 22.27
2026-09-13, 04:07:21, 22.27, 22.5, 22.75, 22.75, 9999.0, 9999.0, 9999.0, 24.05, 9999.0, 22.73, 9999.0, 22.66, 22.5, 22.25, 22.25, 22.27
2026-09-13, 04:07:25, 22.27, 22.5, 22.75, 22.75, 9999.0, 9999.0, 9999.0, 24.09, 9999.0, 22.73, 9999.0, 22.66, 22.5, 22.25, 22.25, 22.25
2026-09-13, 04:07:29, 22.27, 22.5, 22.75, 22.75, 9999.0, 9999.0, 9999.0, 24.07, 9999.0, 22.7, 9999.0, 22.66, 22.5, 22.25, 22.25, 22.25
2026-09-13, 04:07:33, 22.27, 22.5, 22.75, 22.75, 9999.0, 9999.0, 9999.0, 24.02, 9999.0, 22.68, 9999.0, 22.66, 22.5, 22.25, 22.27, 22.25
2026-09-13, 04:07:37, 22.27, 22.5, 22.75, 22.75, 9999.0, 9999.0, 9999.0, 23.98, 9999.0, 22.66, 9999.0, 22.66, 22.5, 22.25, 22.27, 22.25
2026-09-13, 04:07:41, 22.27, 22.5, 22.75, 22.75, 9999.0, 9999.0, 9999.0, 23.95, 9999.0, 22.66, 9999.0, 22.66, 22.5, 22.25, 22.27, 22.25
2026-09-13, 04:07:45, 22.27, 22.5, 22.75, 22.75, 9999.0, 9999.0, 9999.0, 23.91, 9999.0, 22.66, 9999.0, 22.68, 22.5, 22.25, 22.27, 22.25
2026-09-13, 04:07:49, 22.3, 22.5, 22.75, 22.75, 9999.0, 9999.0, 9999.0, 23.89, 9999.0, 22.66, 9999.0, 22.68, 22.5, 22.25, 22.3, 22.25
2026-09-13, 04:07:53, 22.3, 22.5, 22.75, 22.75, 9999.0, 9999.0, 9999.0, 23.86, 9999.0, 22.68, 9999.0, 22.7, 22.5, 22.25, 22.3, 22.25
2026-09-13, 04:07:57, 22.3, 22.5, 22.75, 22.75, 9999.0, 9999.0, 9999.0, 23.82, 9999.0, 22.68, 9999.0, 22.73, 22.5, 22.25, 22.3, 22.25
2026-09-13, 04:08:01, 22.3, 22.5, 22.75, 22.75, 9999.0, 9999.0, 9999.0, 23.86, 9999.0, 22.68, 9999.0, 22.75, 22.5, 22.25, 22.3, 22.25
2026-09-13, 04:08:05, 22.27, 22.5, 22.75, 22.75, 9999.0, 9999.0, 9999.0, 23.89, 9999.0, 22.73, 9999.0, 22.75, 22.5, 22.27, 22.3, 22.25
2026-09-13, 04:08:09, 22.27, 22.5, 22.75, 22.75, 9999.0, 9999.0, 9999.0, 23.91, 9999.0, 22.73, 9999.0, 22.75, 22.5, 22.27, 22.3, 22.25
2026-09-13, 04:08:13, 22.27, 22.5, 22.75, 22.75, 9999.0, 9999.0, 9999.0, 23.93, 9999.0, 22.75, 9999.0, 22.73, 22.5, 22.27, 22.3, 22.25
2026-09-13, 04:08:17, 22.27, 22.5, 22.75, 22.75, 9999.0, 9999.0, 9999.0, 23.98, 9999.0, 22.77, 9999.0, 22.73, 22.5, 22.27, 22.27, 22.25
2026-09-13, 04:08:21, 22.27, 22.5, 22.75, 22.75, 9999.0, 9999.0, 9999.0, 24.0, 9999.0, 22.8, 9999.0, 22.73, 22.5, 22.27, 22.27, 22.25
2026-09-13, 04:08:25, 22.27, 22.5, 22.75, 22.75, 9999.0, 9999.0, 9999.0, 24.02, 9999.0, 22.8, 9999.0, 22.73, 22.5, 22.27, 22.3, 22.25
2026-09-13, 04:08:29, 22.27, 22.5, 22.75, 22.75, 9999.0, 9999.0, 9999.0, 24.05, 9999.0, 22.8, 9999.0, 22.73, 22.5, 22.27, 22.3, 22.25
2026-09-13, 04:08:33, 22.25, 22.5, 22.75, 22.75, 9999.0, 9999.0, 9999.0, 24.07, 9999.0, 22.8, 9999.0, 22.7, 22.5, 22.27, 22.27, 22.25
2026-09-13, 04:08:37, 22.25, 22.5, 22.75, 22.75, 9999.0, 9999.0, 9999.0, 24.11, 9999.0, 22.75, 9999.0, 22.68, 22.5, 22.27, 22.3, 22.27
2026-09-13, 04:08:41, 22.25, 22.5, 22.75, 22.75, 9999.0, 9999.0, 9999.0, 24.16, 9999.0, 22.73, 9999.0, 22.68, 22.5, 22.27, 22.3, 22.27
2026-09-13, 04:08:45, 22.25, 22.5, 22.75, 22.75, 9999.0, 9999.0, 9999.0, 24.11, 9999.0, 22.7, 9999.0, 22.68, 22.5, 22.27, 22.3, 22.27
2026-09-13, 04:08:49, 22.25, 22.5, 22.75, 22.75, 9999.0, 9999.0, 9999.0, 24.09, 9999.0, 22.66, 9999.0, 22.68, 22.5, 22.25, 22.3, 22.27
2026-09-13, 04:08:53, 22.25, 22.5, 22.75, 22.75, 9999.0, 9999.0, 9999.0, 24.07, 9999.0, 22.66, 9999.0, 22.68, 22.5, 22.25, 22.32, 22.27
2026-09-13, 04:08:57, 22.25, 22.5, 22.75, 22.75, 9999.0, 9999.0, 9999.0, 24.02, 9999.0, 22.64, 9999.0, 22.7, 22.5, 22.25, 22.32, 22.27
2026-09-13, 04:09:01, 22.25, 22.5, 22.75, 22.75, 9999.0, 9999.0, 9999.0, 23.98, 9999.0, 22.64, 9999.0, 22.7, 22.5, 22.25, 22.32, 22.3
2026-09-13, 04:09:05, 22.27, 22.5, 22.75, 22.75, 9999.0, 9999.0, 9999.0, 23.95, 9999.0, 22.64, 9999.0, 22.7, 22.5, 22.25, 22.32, 22.3
2026-09-13, 04:09:09, 22.27, 22.5, 22.75, 22.75, 9999.0, 9999.0, 9999.0, 23.93, 9999.0, 22.64, 9999.0, 22.7, 22.5, 22.25, 22.3, 22.3
2026-09-13, 04:09:13, 22.27, 22.5, 22.75, 22.75, 9999.0, 9999.0, 9999.0, 23.91, 9999.0, 22.66, 9999.0, 22.7, 22.5, 22.25, 22.3, 22.3
2026-09-13, 04:09:17, 22.27, 22.5, 22.75, 22.75, 9999.0, 9999.0, 9999.0, 23.86, 9999.0, 22.66, 9999.0, 22.73, 22.5, 22.25, 22.3, 22.3
2026-09-13, 04:09:21, 22.27, 22.5, 22.75, 22.75, 9999.0, 9999.0, 9999.0, 23.89, 9999.0, 22.7, 9999.0, 22.75, 22.5, 22.25, 22.27, 22.27
2026-09-13, 04:09:25, 22.27, 22.5, 22.75, 22.75, 9999.0, 9999.0, 9999.0, 23.91, 9999.0, 22.75, 9999.0, 22.75, 22.5, 22.25, 22.27, 22.27
2026-09-13, 04:09:29, 22.27, 22.5, 22.75, 22.75, 9999.0, 9999.0, 9999.0, 23.93, 9999.0, 22.77, 9999.0, 22.73, 22.5, 22.25, 22.27, 22.27
2026-09-13, 04:09:33, 22.27, 22.5, 22.75, 22.75, 9999.0, 9999.0, 9999.0, 23.95, 9999.0, 22.8, 9999.0, 22.73, 22.5, 22.25, 22.3, 22.27
2026-09-13, 04:09:37, 22.27, 22.5, 22.75, 22.75, 9999.0, 9999.0, 9999.0, 23.98, 9999.0, 22.8, 9999.0, 22.7, 22.5, 22.25, 22.27, 22.27
2026-09-13, 04:09:41, 22.3, 22.5, 22.75, 22.75, 9999.0, 9999.0, 9999.0, 24.0, 9999.0, 22.82, 9999.0, 22.7, 22.5, 22.25, 22.27, 22.27
2026-09-13, 04:09:45, 22.3, 22.5, 22.75, 22.75, 9999.0, 9999.0, 9999.0, 24.02, 9999.0, 22.82, 9999.0, 22.68, 22.5, 22.25, 22.27, 22.25
2026-09-13, 04:09:50, 22.27, 22.5, 22.75, 22.75, 9999.0, 9999.0, 9999.0, 24.07, 9999.0, 22.82, 9999.0, 22.68, 22.5, 22.25, 22.27, 22.25
2026-09-13, 04:09:54, 22.27, 22.5, 22.75, 22.75, 9999.0, 9999.0, 9999.0, 24.11, 9999.0, 22.82, 9999.0, 22.66, 22.5, 22.25, 22.3, 22.25
2026-09-13, 04:09:58, 22.27, 22.5, 22.75, 22.75, 9999.0, 9999.0, 9999.0, 24.14, 9999.0, 22.8, 9999.0, 22.66, 22.5, 22.25, 22.3, 22.25
2026-09-13, 04:10:02, 22.27, 22.5, 22.75, 22.75, 9999.0, 9999.0, 9999.0, 24.18, 9999.0, 22.8, 9999.0, 22.66, 22.5, 22.25, 22.3, 22.25
2026-09-13, 04:10:06, 22.27, 22.5, 22.75, 22.73, 9999.0, 9999.0, 9999.0, 24.14, 9999.0, 22.77, 9999.0, 22.66, 22.5, 22.25, 22.3, 22.25
2026-09-13, 04:10:10, 22.27, 22.5, 22.75, 22.73, 9999.0, 9999.0, 9999.0, 24.11, 9999.0, 22.73, 9999.0, 22.66, 22.5, 22.25, 22.3, 22.25
2026-09-13, 04:10:14, 22.3, 22.5, 22.75, 22.73, 9999.0, 9999.0, 9999.0, 24.09, 9999.0, 22.7, 9999.0, 22.68, 22.5, 22.25, 22.3, 22.25
2026-09-13, 04:10:18, 22.3, 22.5, 22.75, 22.73, 9999.0, 9999.0, 9999.0, 24.05, 9999.0, 22.68, 9999.0, 22.68, 22.5, 22.25, 22.27, 22.25
2026-09-13, 04:10:22, 22.32, 22.5, 22.75, 22.73, 9999.0, 9999.0, 9999.0, 24.0, 9999.0, 22.68, 9999.0, 22.7, 22.5, 22.25, 22.27, 22.25
2026-09-13, 04:10:26, 22.3, 22.5, 22.75, 22.73, 9999.0, 9999.0, 9999.0, 23.98, 9999.0, 22.68, 9999.0, 22.7, 22.5, 22.25, 22.27, 22.25
2026-09-13, 04:10:30, 22.32, 22.5, 22.75, 22.73, 9999.0, 9999.0, 9999.0, 23.95, 9999.0, 22.7, 9999.0, 22.73, 22.5, 22.25, 22.27, 22.25
2026-09-13, 04:10:34, 22.32, 22.5, 22.75, 22.73, 9999.0, 9999.0, 9999.0, 23.91, 9999.0, 22.73, 9999.0, 22.73, 22.5, 22.25, 22.27, 22.25
2026-09-13, 04:10:38, 22.32, 22.5, 22.75, 22.73, 9999.0, 9999.0, 9999.0, 23.84, 9999.0, 22.73, 9999.0, 22.75, 22.5, 22.25, 22.25, 22.25
2026-09-13, 04:10:42, 22.32, 22.5, 22.75, 22.73, 9999.0, 9999.0, 9999.0, 23.89, 9999.0, 22.73, 9999.0, 22.75, 22.5, 22.25, 22.25, 22.25
2026-09-13, 04:10:46, 22.34, 22.5, 22.75, 22.73, 9999.0, 9999.0, 9999.0, 23.93, 9999.0, 22.73, 9999.0, 22.75, 22.5, 22.25, 22.25, 22.27
2026-09-13, 04:10:50, 22.34, 22.5, 22.75, 22.75, 9999.0, 9999.0, 9999.0, 23.95, 9999.0, 22.73, 9999.0, 22.73, 22.5, 22.25, 22.25, 22.27
2026-09-13, 04:10:54, 22.34, 22.5, 22.75, 22.75, 9999.0, 9999.0, 9999.0, 23.98, 9999.0, 22.75, 9999.0, 22.73, 22.5, 22.25, 22.25, 22.27
2026-09-13, 04:10:58, 22.32, 22.5, 22.75, 22.75, 9999.0, 9999.0, 9999.0, 24.0, 9999.0, 22.77, 9999.0, 22.73, 22.5, 22.27, 22.25, 22.27
2026-09-13, 04:11:02, 22.32, 22.5, 22.75, 22.75, 9999.0, 9999.0, 9999.0, 24.02, 9999.0, 22.8, 9999.0, 22.7, 22.5, 22.27, 22.25, 22.27
2026-09-13, 04:11:06, 22.3, 22.5, 22.75, 22.75, 9999.0, 9999.0, 9999.0, 24.07, 9999.0, 22.77, 9999.0, 22.7, 22.5, 22.27, 22.25, 22.27
2026-09-13, 04:11:10, 22.32, 22.5, 22.75, 22.75, 9999.0, 9999.0, 9999.0, 24.09, 9999.0, 22.77, 9999.0, 22.7, 22.5, 22.27, 22.25, 22.27
2026-09-13, 04:11:14, 22.3, 22.5, 22.75, 22.75, 9999.0, 9999.0, 9999.0, 24.11, 9999.0, 22.73, 9999.0, 22.7, 22.5, 22.27, 22.25, 22.27
2026-09-13, 04:11:18, 22.3, 22.5, 22.75, 22.75, 9999.0, 9999.0, 9999.0, 24.14, 9999.0, 22.7, 9999.0, 22.7, 22.5, 22.27, 22.25, 22.27
2026-09-13, 04:11:22, 22.3, 22.5, 22.75, 22.75, 9999.0, 9999.0, 9999.0, 24.18, 9999.0, 22.7, 9999.0, 22.7, 22.5, 22.27, 22.25, 22.27
2026-09-13, 04:11:26, 22.3, 22.5, 22.75, 22.73, 9999.0, 9999.0, 9999.0, 24.14, 9999.0, 22.7, 9999.0, 22.7, 22.5, 22.27, 22.27, 22.27
2026-09-13, 04:11:30, 22.27, 22.5, 22.75, 22.73, 9999.0, 9999.0, 9999.0, 24.09, 9999.0, 22.68, 9999.0, 22.73, 22.5, 22.27, 22.3, 22.25
2026-09-13, 04:11:34, 22.27, 22.5, 22.75, 22.73, 9999.0, 9999.0, 9999.0, 24.07, 9999.0, 22.66, 9999.0, 22.75, 22.5, 22.27, 22.3, 22.25
2026-09-13, 04:11:38, 22.27, 22.5, 22.75, 22.73, 9999.0, 9999.0, 9999.0, 24.02, 9999.0, 22.66, 9999.0, 22.75, 22.5, 22.27, 22.3, 22.25
2026-09-13, 04:11:42, 22.27, 22.5, 22.75, 22.73, 9999.0, 9999.0, 9999.0, 23.98, 9999.0, 22.66, 9999.0, 22.75, 22.5, 22.25, 22.3, 22.25
2026-09-13, 04:11:46, 22.27, 22.5, 22.75, 22.73, 9999.0, 9999.0, 9999.0, 23.95, 9999.0, 22.66, 9999.0, 22.77, 22.5, 22.25, 22.32, 22.25
2026-09-13, 04:11:50, 22.27, 22.5, 22.75, 22.73, 9999.0, 9999.0, 9999.0, 23.91, 9999.0, 22.68, 9999.0, 22.77, 22.5, 22.25, 22.32, 22.25
2026-09-13, 04:11:54, 22.25, 22.5, 22.75, 22.73, 9999.0, 9999.0, 9999.0, 23.86, 9999.0, 22.68, 9999.0, 22.77, 22.5, 22.25, 22.34, 22.25
2026-09-13, 04:11:58, 22.25, 22.5, 22.75, 22.73, 9999.0, 9999.0, 9999.0, 23.91, 9999.0, 22.7, 9999.0, 22.77, 22.5, 22.25, 22.36, 22.25
2026-09-13, 04:12:02, 22.25, 22.5, 22.75, 22.73, 9999.0, 9999.0, 9999.0, 23.93, 9999.0, 22.7, 9999.0, 22.77, 22.5, 22.25, 22.39, 22.25
2026-09-13, 04:12:06, 22.25, 22.5, 22.75, 22.73, 9999.0, 9999.0, 9999.0, 23.95, 9999.0, 22.7, 9999.0, 22.77, 22.5, 22.25, 22.41, 22.25
2026-09-13, 04:12:10, 22.25, 22.5, 22.75, 22.75, 9999.0, 9999.0, 9999.0, 23.98, 9999.0, 22.7, 9999.0, 22.77, 22.5, 22.25, 22.39, 22.25
2026-09-13, 04:12:14, 22.25, 22.5, 22.75, 22.75, 9999.0, 9999.0, 9999.0, 24.0, 9999.0, 22.73, 9999.0, 22.75, 22.5, 22.25, 22.36, 22.25
2026-09-13, 04:12:18, 22.25, 22.5, 22.75, 22.75, 9999.0, 9999.0, 9999.0, 24.0, 9999.0, 22.75, 9999.0, 22.73, 22.5, 22.25, 22.36, 22.25
2026-09-13, 04:12:22, 22.25, 22.5, 22.75, 22.75, 9999.0, 9999.0, 9999.0, 24.02, 9999.0, 22.73, 9999.0, 22.7, 22.5, 22.25, 22.36, 22.25
2026-09-13, 04:12:26, 22.25, 22.5, 22.75, 22.75, 9999.0, 9999.0, 9999.0, 24.05, 9999.0, 22.7, 9999.0, 22.68, 22.5, 22.25, 22.36, 22.25
2026-09-13, 04:12:30, 22.25, 22.5, 22.75, 22.75, 9999.0, 9999.0, 9999.0, 24.07, 9999.0, 22.68, 9999.0, 22.66, 22.5, 22.25, 22.34, 22.25
2026-09-13, 04:12:34, 22.27, 22.5, 22.75, 22.75, 9999.0, 9999.0, 9999.0, 24.09, 9999.0, 22.66, 9999.0, 22.64, 22.5, 22.25, 22.34, 22.25
2026-09-13, 04:12:38, 22.3, 22.5, 22.75, 22.75, 9999.0, 9999.0, 9999.0, 24.14, 9999.0, 22.64, 9999.0, 22.64, 22.5, 22.25, 22.32, 22.25
2026-09-13, 04:12:42, 22.3, 22.5, 22.75, 22.75, 9999.0, 9999.0, 9999.0, 24.09, 9999.0, 22.61, 9999.0, 22.64, 22.5, 22.25, 22.3, 22.25
2026-09-13, 04:12:46, 22.3, 22.5, 22.75, 22.75, 9999.0, 9999.0, 9999.0, 24.07, 9999.0, 22.59, 9999.0, 22.64, 22.5, 22.25, 22.27, 22.25
2026-09-13, 04:12:50, 22.32, 22.5, 22.75, 22.75, 9999.0, 9999.0, 9999.0, 24.05, 9999.0, 22.57, 9999.0, 22.66, 22.5, 22.25, 22.25, 22.25
2026-09-13, 04:12:54, 22.32, 22.5, 22.75, 22.75, 9999.0, 9999.0, 9999.0, 24.0, 9999.0, 22.55, 9999.0, 22.66, 22.5, 22.25, 22.25, 22.25
2026-09-13, 04:12:58, 22.32, 22.5, 22.75, 22.75, 9999.0, 9999.0, 9999.0, 23.95, 9999.0, 22.55, 9999.0, 22.66, 22.5, 22.25, 22.25, 22.25
2026-09-13, 04:13:02, 22.34, 22.5, 22.75, 22.75, 9999.0, 9999.0, 9999.0, 23.93, 9999.0, 22.55, 9999.0, 22.68, 22.5, 22.25, 22.25, 22.25
2026-09-13, 04:13:06, 22.34, 22.5, 22.75, 22.75, 9999.0, 9999.0, 9999.0, 23.91, 9999.0, 22.57, 9999.0, 22.7, 22.5, 22.25, 22.25, 22.25
2026-09-13, 04:13:10, 22.36, 22.5, 22.75, 22.75, 9999.0, 9999.0, 9999.0, 23.89, 9999.0, 22.59, 9999.0, 22.73, 22.52, 22.25, 22.25, 22.25
2026-09-13, 04:13:14, 22.36, 22.5, 22.75, 22.75, 9999.0, 9999.0, 9999.0, 23.84, 9999.0, 22.61, 9999.0, 22.75, 22.52, 22.25, 22.25, 22.25
2026-09-13, 04:13:18, 22.34, 22.5, 22.75, 22.73, 9999.0, 9999.0, 9999.0, 23.89, 9999.0, 22.61, 9999.0, 22.77, 22.52, 22.25, 22.25, 22.25
2026-09-13, 04:13:22, 22.34, 22.5, 22.75, 22.73, 9999.0, 9999.0, 9999.0, 23.91, 9999.0, 22.64, 9999.0, 22.77, 22.52, 22.25, 22.25, 22.25
2026-09-13, 04:13:26, 22.34, 22.5, 22.75, 22.73, 9999.0, 9999.0, 9999.0, 23.93, 9999.0, 22.66, 9999.0, 22.77, 22.52, 22.25, 22.25, 22.25
2026-09-13, 04:13:30, 22.36, 22.5, 22.75, 22.73, 9999.0, 9999.0, 9999.0, 23.95, 9999.0, 22.68, 9999.0, 22.75, 22.52, 22.25, 22.25, 22.25
2026-09-13, 04:13:34, 22.34, 22.5, 22.75, 22.73, 9999.0, 9999.0, 9999.0, 23.98, 9999.0, 22.68, 9999.0, 22.7, 22.52, 22.25, 22.25, 22.25
2026-09-13, 04:13:38, 22.34, 22.5, 22.75, 22.73, 9999.0, 9999.0, 9999.0, 24.02, 9999.0, 22.68, 9999.0, 22.7, 22.52, 22.25, 22.25, 22.25
2026-09-13, 04:13:43, 22.34, 22.5, 22.75, 22.73, 9999.0, 9999.0, 9999.0, 24.07, 9999.0, 22.66, 9999.0, 22.68, 22.52, 22.25, 22.25, 22.25
2026-09-13, 04:13:47, 22.34, 22.5, 22.75, 22.73, 9999.0, 9999.0, 9999.0, 24.09, 9999.0, 22.64, 9999.0, 22.66, 22.52, 22.25, 22.25, 22.25
2026-09-13, 04:13:51, 22.34, 22.5, 22.75, 22.73, 9999.0, 9999.0, 9999.0, 24.11, 9999.0, 22.61, 9999.0, 22.64, 22.52, 22.25, 22.25, 22.25
2026-09-13, 04:13:55, 22.32, 22.5, 22.75, 22.73, 9999.0, 9999.0, 9999.0, 24.14, 9999.0, 22.59, 9999.0, 22.64, 22.5, 22.25, 22.25, 22.25
2026-09-13, 04:13:59, 22.32, 22.5, 22.75, 22.73, 9999.0, 9999.0, 9999.0, 24.18, 9999.0, 22.55, 9999.0, 22.64, 22.5, 22.25, 22.25, 22.25
2026-09-13, 04:14:03, 22.34, 22.5, 22.75, 22.75, 9999.0, 9999.0, 9999.0, 24.14, 9999.0, 22.52, 9999.0, 22.64, 22.5, 22.25, 22.25, 22.25
2026-09-13, 04:14:07, 22.32, 22.5, 22.75, 22.75, 9999.0, 9999.0, 9999.0, 24.09, 9999.0, 22.48, 9999.0, 22.64, 22.5, 22.25, 22.25, 22.25
2026-09-13, 04:14:11, 22.32, 22.5, 22.75, 22.75, 9999.0, 9999.0, 9999.0, 24.05, 9999.0, 22.43, 9999.0, 22.64, 22.5, 22.25, 22.27, 22.25
2026-09-13, 04:14:15, 22.3, 22.5, 22.75, 22.75, 9999.0, 9999.0, 9999.0, 24.0, 9999.0, 22.39, 9999.0, 22.68, 22.5, 22.25, 22.3, 22.25
2026-09-13, 04:14:19, 22.3, 22.5, 22.75, 22.75, 9999.0, 9999.0, 9999.0, 23.95, 9999.0, 22.39, 9999.0, 22.7, 22.5, 22.25, 22.3, 22.25
2026-09-13, 04:14:23, 22.32, 22.5, 22.75, 22.75, 9999.0, 9999.0, 9999.0, 23.91, 9999.0, 22.36, 9999.0, 22.7, 22.5, 22.25, 22.3, 22.25
2026-09-13, 04:14:27, 22.32, 22.5, 22.75, 22.75, 9999.0, 9999.0, 9999.0, 23.86, 9999.0, 22.39, 9999.0, 22.73, 22.5, 22.25, 22.3, 22.25
2026-09-13, 04:14:31, 22.3, 22.5, 22.75, 22.75, 9999.0, 9999.0, 9999.0, 23.82, 9999.0, 22.39, 9999.0, 22.75, 22.5, 22.25, 22.3, 22.25
2026-09-13, 04:14:35, 22.3, 22.5, 22.75, 22.75, 9999.0, 9999.0, 9999.0, 23.77, 9999.0, 22.39, 9999.0, 22.77, 22.5, 22.25, 22.3, 22.25
2026-09-13, 04:14:39, 22.3, 22.5, 22.75, 22.75, 9999.0, 9999.0, 9999.0, 23.8, 9999.0, 22.39, 9999.0, 22.77, 22.5, 22.25, 22.3, 22.25
2026-09-13, 04:14:43, 22.32, 22.5, 22.75, 22.75, 9999.0, 9999.0, 9999.0, 23.82, 9999.0, 22.41, 9999.0, 22.77, 22.5, 22.25, 22.32, 22.25
2026-09-13, 04:14:47, 22.3, 22.5, 22.75, 22.75, 9999.0, 9999.0, 9999.0, 23.84, 9999.0, 22.43, 9999.0, 22.77, 22.5, 22.25, 22.32, 22.25
2026-09-13, 04:14:51, 22.32, 22.5, 22.75, 22.75, 9999.0, 9999.0, 9999.0, 23.86, 9999.0, 22.45, 9999.0, 22.77, 22.5, 22.25, 22.34, 22.25
2026-09-13, 04:14:55, 22.32, 22.5, 22.75, 22.75, 9999.0, 9999.0, 9999.0, 23.89, 9999.0, 22.48, 9999.0, 22.75, 22.5, 22.25, 22.32, 22.25
2026-09-13, 04:14:59, 22.32, 22.5, 22.75, 22.75, 9999.0, 9999.0, 9999.0, 23.91, 9999.0, 22.48, 9999.0, 22.7, 22.5, 22.25, 22.3, 22.25
2026-09-13, 04:15:03, 22.32, 22.5, 22.75, 22.75, 9999.0, 9999.0, 9999.0, 23.93, 9999.0, 22.48, 9999.0, 22.68, 22.5, 22.25, 22.3, 22.25
2026-09-13, 04:15:07, 22.3, 22.5, 22.75, 22.75, 9999.0, 9999.0, 9999.0, 23.95, 9999.0, 22.48, 9999.0, 22.66, 22.5, 22.25, 22.3, 22.25
2026-09-13, 04:15:11, 22.3, 22.5, 22.75, 22.75, 9999.0, 9999.0, 9999.0, 23.98, 9999.0, 22.43, 9999.0, 22.64, 22.5, 22.25, 22.3, 22.25
2026-09-13, 04:15:15, 22.3, 22.5, 22.75, 22.75, 9999.0, 9999.0, 9999.0, 24.02, 9999.0, 22.41, 9999.0, 22.64, 22.5, 22.25, 22.3, 22.25
2026-09-13, 04:15:19, 22.3, 22.5, 22.75, 22.75, 9999.0, 9999.0, 9999.0, 24.05, 9999.0, 22.39, 9999.0, 22.64, 22.5, 22.25, 22.3, 22.25
2026-09-13, 04:15:23, 22.3, 22.48, 22.75, 22.75, 9999.0, 9999.0, 9999.0, 24.0, 9999.0, 22.36, 9999.0, 22.64, 22.5, 22.25, 22.3, 22.25
2026-09-13, 04:15:27, 22.27, 22.48, 22.75, 22.75, 9999.0, 9999.0, 9999.0, 23.95, 9999.0, 22.34, 9999.0, 22.66, 22.5, 22.25, 22.27, 22.25
2026-09-13, 04:15:31, 22.3, 22.48, 22.75, 22.75, 9999.0, 9999.0, 9999.0, 23.91, 9999.0, 22.32, 9999.0, 22.66, 22.5, 22.25, 22.27, 22.25
2026-09-13, 04:15:35, 22.27, 22.48, 22.75, 22.75, 9999.0, 9999.0, 9999.0, 23.86, 9999.0, 22.32, 9999.0, 22.66, 22.5, 22.25, 22.25, 22.25
2026-09-13, 04:15:39, 22.27, 22.48, 22.75, 22.75, 9999.0, 9999.0, 9999.0, 23.82, 9999.0, 22.32, 9999.0, 22.68, 22.5, 22.25, 22.27, 22.25
2026-09-13, 04:15:43, 22.27, 22.48, 22.75, 22.75, 9999.0, 9999.0, 9999.0, 23.77, 9999.0, 22.32, 9999.0, 22.7, 22.5, 22.25, 22.27, 22.25
2026-09-13, 04:15:47, 22.3, 22.48, 22.75, 22.75, 9999.0, 9999.0, 9999.0, 23.73, 9999.0, 22.32, 9999.0, 22.73, 22.5, 22.25, 22.27, 22.25
2026-09-13, 04:15:51, 22.3, 22.48, 22.75, 22.75, 9999.0, 9999.0, 9999.0, 23.66, 9999.0, 22.34, 9999.0, 22.75, 22.5, 22.25, 22.27, 22.25
2026-09-13, 04:15:55, 22.3, 22.48, 22.75, 22.75, 9999.0, 9999.0, 9999.0, 23.61, 9999.0, 22.36, 9999.0, 22.77, 22.5, 22.25, 22.27, 22.25
2026-09-13, 04:15:59, 22.3, 22.48, 22.75, 22.75, 9999.0, 9999.0, 9999.0, 23.64, 9999.0, 22.39, 9999.0, 22.77, 22.5, 22.25, 22.27, 22.25
2026-09-13, 04:16:03, 22.32, 22.48, 22.75, 22.75, 9999.0, 9999.0, 9999.0, 23.66, 9999.0, 22.41, 9999.0, 22.77, 22.5, 22.25, 22.27, 22.25
2026-09-13, 04:16:07, 22.34, 22.5, 22.75, 22.75, 9999.0, 9999.0, 9999.0, 23.68, 9999.0, 22.41, 9999.0, 22.77, 22.5, 22.25, 22.27, 22.25
2026-09-13, 04:16:11, 22.36, 22.5, 22.75, 22.75, 9999.0, 9999.0, 9999.0, 23.7, 9999.0, 22.41, 9999.0, 22.75, 22.5, 22.25, 22.27, 22.25
2026-09-13, 04:16:15, 22.34, 22.5, 22.75, 22.75, 9999.0, 9999.0, 9999.0, 23.73, 9999.0, 22.41, 9999.0, 22.75, 22.5, 22.25, 22.27, 22.25
2026-09-13, 04:16:19, 22.34, 22.5, 22.75, 22.75, 9999.0, 9999.0, 9999.0, 23.77, 9999.0, 22.39, 9999.0, 22.73, 22.5, 22.25, 22.27, 22.25
2026-09-13, 04:16:23, 22.34, 22.5, 22.75, 22.75, 9999.0, 9999.0, 9999.0, 23.82, 9999.0, 22.36, 9999.0, 22.7, 22.5, 22.25, 22.25, 22.25
2026-09-13, 04:16:27, 22.34, 22.5, 22.75, 22.75, 9999.0, 9999.0, 9999.0, 23.86, 9999.0, 22.36, 9999.0, 22.68, 22.5, 22.25, 22.25, 22.25
2026-09-13, 04:16:31, 22.32, 22.5, 22.75, 22.75, 9999.0, 9999.0, 9999.0, 23.91, 9999.0, 22.34, 9999.0, 22.66, 22.5, 22.25, 22.25, 22.25
2026-09-13, 04:16:35, 22.32, 22.5, 22.75, 22.75, 9999.0, 9999.0, 9999.0, 23.95, 9999.0, 22.32, 9999.0, 22.66, 22.5, 22.25, 22.25, 22.25
2026-09-13, 04:16:39, 22.32, 22.5, 22.75, 22.75, 9999.0, 9999.0, 9999.0, 23.98, 9999.0, 22.27, 9999.0, 22.66, 22.5, 22.25, 22.25, 22.25
2026-09-13, 04:16:43, 22.32, 22.5, 22.75, 22.75, 9999.0, 9999.0, 9999.0, 23.93, 9999.0, 22.23, 9999.0, 22.66, 22.5, 22.25, 22.25, 22.27
2026-09-13, 04:16:47, 22.3, 22.5, 22.75, 22.75, 9999.0, 9999.0, 9999.0, 23.89, 9999.0, 22.18, 9999.0, 22.68, 22.5, 22.25, 22.25, 22.27
2026-09-13, 04:16:51, 22.27, 22.48, 22.75, 22.75, 9999.0, 9999.0, 9999.0, 23.84, 9999.0, 22.16, 9999.0, 22.68, 22.5, 22.25, 22.25, 22.27
2026-09-13, 04:16:55, 22.27, 22.48, 22.75, 22.75, 9999.0, 9999.0, 9999.0, 23.8, 9999.0, 22.16, 9999.0, 22.68, 22.5, 22.25, 22.25, 22.27
2026-09-13, 04:16:59, 22.27, 22.48, 22.75, 22.75, 9999.0, 9999.0, 9999.0, 23.75, 9999.0, 22.16, 9999.0, 22.68, 22.5, 22.25, 22.25, 22.27
2026-09-13, 04:17:03, 22.27, 22.48, 22.75, 22.75, 9999.0, 9999.0, 9999.0, 23.7, 9999.0, 22.16, 9999.0, 22.7, 22.5, 22.25, 22.25, 22.27
2026-09-13, 04:17:07, 22.27, 22.48, 22.75, 22.75, 9999.0, 9999.0, 9999.0, 23.64, 9999.0, 22.18, 9999.0, 22.73, 22.5, 22.25, 22.25, 22.27
2026-09-13, 04:17:11, 22.27, 22.48, 22.75, 22.75, 9999.0, 9999.0, 9999.0, 23.59, 9999.0, 22.2, 9999.0, 22.75, 22.5, 22.25, 22.25, 22.27
2026-09-13, 04:17:15, 22.3, 22.48, 22.75, 22.75, 9999.0, 9999.0, 9999.0, 23.61, 9999.0, 22.23, 9999.0, 22.77, 22.5, 22.25, 22.25, 22.27
2026-09-13, 04:17:20, 22.3, 22.48, 22.75, 22.75, 9999.0, 9999.0, 9999.0, 23.64, 9999.0, 22.25, 9999.0, 22.77, 22.5, 22.25, 22.25, 22.3
2026-09-13, 04:17:24, 22.3, 22.48, 22.75, 22.75, 9999.0, 9999.0, 9999.0, 23.66, 9999.0, 22.27, 9999.0, 22.77, 22.5, 22.25, 22.25, 22.3
2026-09-13, 04:17:28, 22.3, 22.48, 22.75, 22.75, 9999.0, 9999.0, 9999.0, 23.68, 9999.0, 22.3, 9999.0, 22.77, 22.5, 22.25, 22.27, 22.27
2026-09-13, 04:17:32, 22.3, 22.48, 22.75, 22.75, 9999.0, 9999.0, 9999.0, 23.73, 9999.0, 22.32, 9999.0, 22.75, 22.5, 22.25, 22.27, 22.27
2026-09-13, 04:17:36, 22.3, 22.5, 22.75, 22.75, 9999.0, 9999.0, 9999.0, 23.77, 9999.0, 22.34, 9999.0, 22.73, 22.5, 22.25, 22.27, 22.3
2026-09-13, 04:17:40, 22.27, 22.5, 22.75, 22.75, 9999.0, 9999.0, 9999.0, 23.8, 9999.0, 22.34, 9999.0, 22.73, 22.5, 22.25, 22.27, 22.3
2026-09-13, 04:17:44, 22.27, 22.5, 22.75, 22.75, 9999.0, 9999.0, 9999.0, 23.84, 9999.0, 22.34, 9999.0, 22.73, 22.5, 22.25, 22.27, 22.3
2026-09-13, 04:17:48, 22.27, 22.5, 22.75, 22.75, 9999.0, 9999.0, 9999.0, 23.86, 9999.0, 22.34, 9999.0, 22.7, 22.5, 22.25, 22.27, 22.3
2026-09-13, 04:17:52, 22.3, 22.5, 22.75, 22.75, 9999.0, 9999.0, 9999.0, 23.91, 9999.0, 22.3, 9999.0, 22.7, 22.5, 22.25, 22.27, 22.32
2026-09-13, 04:17:56, 22.3, 22.5, 22.75, 22.75, 9999.0, 9999.0, 9999.0, 23.93, 9999.0, 22.27, 9999.0, 22.7, 22.5, 22.25, 22.27, 22.32
2026-09-13, 04:18:00, 22.27, 22.5, 22.75, 22.75, 9999.0, 9999.0, 9999.0, 23.89, 9999.0, 22.25, 9999.0, 22.7, 22.5, 22.25, 22.3, 22.32
2026-09-13, 04:18:04, 22.3, 22.5, 22.75, 22.75, 9999.0, 9999.0, 9999.0, 23.86, 9999.0, 22.2, 9999.0, 22.73, 22.5, 22.25, 22.32, 22.3
2026-09-13, 04:18:08, 22.3, 22.5, 22.75, 22.75, 9999.0, 9999.0, 9999.0, 23.82, 9999.0, 22.18, 9999.0, 22.75, 22.5, 22.25, 22.34, 22.3
2026-09-13, 04:18:12, 22.3, 22.48, 22.75, 22.75, 9999.0, 9999.0, 9999.0, 23.77, 9999.0, 22.16, 9999.0, 22.77, 22.5, 22.25, 22.34, 22.3
2026-09-13, 04:18:16, 22.3, 22.48, 22.75, 22.75, 9999.0, 9999.0, 9999.0, 23.73, 9999.0, 22.16, 9999.0, 22.77, 22.5, 22.25, 22.36, 22.3
2026-09-13, 04:18:20, 22.3, 22.48, 22.75, 22.75, 9999.0, 9999.0, 9999.0, 23.68, 9999.0, 22.16, 9999.0, 22.8, 22.5, 22.25, 22.36, 22.27
2026-09-13, 04:18:24, 22.3, 22.48, 22.75, 22.75, 9999.0, 9999.0, 9999.0, 23.66, 9999.0, 22.18, 9999.0, 22.8, 22.52, 22.25, 22.36, 22.27
2026-09-13, 04:18:28, 22.3, 22.48, 22.75, 22.75, 9999.0, 9999.0, 9999.0, 23.61, 9999.0, 22.2, 9999.0, 22.8, 22.52, 22.25, 22.36, 22.27
2026-09-13, 04:18:32, 22.3, 22.48, 22.75, 22.75, 9999.0, 9999.0, 9999.0, 23.57, 9999.0, 22.23, 9999.0, 22.82, 22.52, 22.25, 22.36, 22.27
2026-09-13, 04:18:36, 22.27, 22.48, 22.75, 22.75, 9999.0, 9999.0, 9999.0, 23.59, 9999.0, 22.27, 9999.0, 22.82, 22.52, 22.25, 22.36, 22.25
2026-09-13, 04:18:40, 22.27, 22.48, 22.75, 22.75, 9999.0, 9999.0, 9999.0, 23.61, 9999.0, 22.27, 9999.0, 22.82, 22.52, 22.25, 22.36, 22.25
2026-09-13, 04:18:44, 22.27, 22.48, 22.75, 22.75, 9999.0, 9999.0, 9999.0, 23.64, 9999.0, 22.3, 9999.0, 22.82, 22.52, 22.25, 22.34, 22.25
2026-09-13, 04:18:48, 22.25, 22.48, 22.75, 22.75, 9999.0, 9999.0, 9999.0, 23.66, 9999.0, 22.32, 9999.0, 22.8, 22.52, 22.25, 22.32, 22.25
2026-09-13, 04:18:52, 22.25, 22.48, 22.75, 22.75, 9999.0, 9999.0, 9999.0, 23.7, 9999.0, 22.34, 9999.0, 22.77, 22.52, 22.25, 22.3, 22.25
2026-09-13, 04:18:56, 22.25, 22.5, 22.75, 22.75, 9999.0, 9999.0, 9999.0, 23.75, 9999.0, 22.36, 9999.0, 22.73, 22.52, 22.25, 22.27, 22.25
2026-09-13, 04:19:00, 22.25, 22.5, 22.75, 22.75, 9999.0, 9999.0, 9999.0, 23.77, 9999.0, 22.36, 9999.0, 22.7, 22.52, 22.25, 22.25, 22.25
2026-09-13, 04:19:04, 22.25, 22.5, 22.75, 22.75, 9999.0, 9999.0, 9999.0, 23.8, 9999.0, 22.36, 9999.0, 22.68, 22.52, 22.25, 22.25, 22.25
2026-09-13, 04:19:08, 22.27, 22.5, 22.75, 22.75, 9999.0, 9999.0, 9999.0, 23.82, 9999.0, 22.34, 9999.0, 22.66, 22.5, 22.25, 22.25, 22.25
2026-09-13, 04:19:12, 22.3, 22.5, 22.75, 22.75, 9999.0, 9999.0, 9999.0, 23.84, 9999.0, 22.32, 9999.0, 22.66, 22.5, 22.25, 22.25, 22.25
2026-09-13, 04:19:16, 22.3, 22.5, 22.75, 22.75, 9999.0, 9999.0, 9999.0, 23.89, 9999.0, 22.3, 9999.0, 22.66, 22.5, 22.25, 22.25, 22.25
2026-09-13, 04:19:20, 22.3, 22.5, 22.75, 22.75, 9999.0, 9999.0, 9999.0, 23.84, 9999.0, 22.27, 9999.0, 22.66, 22.5, 22.25, 22.25, 22.25
2026-09-13, 04:19:24, 22.3, 22.5, 22.75, 22.75, 9999.0, 9999.0, 9999.0, 23.82, 9999.0, 22.25, 9999.0, 22.66, 22.5, 22.25, 22.27, 22.25
2026-09-13, 04:19:28, 22.3, 22.5, 22.75, 22.75, 9999.0, 9999.0, 9999.0, 23.77, 9999.0, 22.2, 9999.0, 22.66, 22.5, 22.27, 22.27, 22.25
2026-09-13, 04:19:32, 22.3, 22.5, 22.75, 22.75, 9999.0, 9999.0, 9999.0, 23.73, 9999.0, 22.23, 9999.0, 22.66, 22.5, 22.27, 22.27, 22.27
2026-09-13, 04:19:36, 22.3, 22.5, 22.75, 22.75, 9999.0, 9999.0, 9999.0, 23.68, 9999.0, 22.25, 9999.0, 22.66, 22.5, 22.27, 22.27, 22.3
2026-09-13, 04:19:40, 22.3, 22.5, 22.75, 22.75, 9999.0, 9999.0, 9999.0, 23.64, 9999.0, 22.27, 9999.0, 22.68, 22.5, 22.27, 22.27, 22.3
2026-09-13, 04:19:44, 22.32, 22.48, 22.75, 22.75, 9999.0, 9999.0, 9999.0, 23.61, 9999.0, 22.32, 9999.0, 22.7, 22.5, 22.27, 22.27, 22.3
2026-09-13, 04:19:48, 22.32, 22.48, 22.75, 22.75, 9999.0, 9999.0, 9999.0, 23.57, 9999.0, 22.34, 9999.0, 22.73, 22.5, 22.27, 22.3, 22.32
2026-09-13, 04:19:52, 22.3, 22.48, 22.75, 22.75, 9999.0, 9999.0, 9999.0, 23.61, 9999.0, 22.36, 9999.0, 22.75, 22.5, 22.27, 22.3, 22.32
2026-09-13, 04:19:56, 22.27, 22.48, 22.75, 22.75, 9999.0, 9999.0, 9999.0, 23.66, 9999.0, 22.39, 9999.0, 22.75, 22.5, 22.27, 22.32, 22.32
2026-09-13, 04:20:00, 22.27, 22.48, 22.75, 22.75, 9999.0, 9999.0, 9999.0, 23.7, 9999.0, 22.41, 9999.0, 22.75, 22.5, 22.27, 22.32, 22.32
2026-09-13, 04:20:04, 22.27, 22.48, 22.75, 22.75, 9999.0, 9999.0, 9999.0, 23.77, 9999.0, 22.41, 9999.0, 22.75, 22.5, 22.27, 22.32, 22.32
2026-09-13, 04:20:08, 22.27, 22.48, 22.75, 22.75, 9999.0, 9999.0, 9999.0, 23.8, 9999.0, 22.43, 9999.0, 22.75, 22.5, 22.27, 22.32, 22.32
2026-09-13, 04:20:12, 22.27, 22.48, 22.75, 22.75, 9999.0, 9999.0, 9999.0, 23.84, 9999.0, 22.45, 9999.0, 22.73, 22.5, 22.25, 22.32, 22.34
2026-09-13, 04:20:16, 22.27, 22.48, 22.75, 22.75, 9999.0, 9999.0, 9999.0, 23.89, 9999.0, 22.43, 9999.0, 22.7, 22.5, 22.27, 22.32, 22.32
2026-09-13, 04:20:20, 22.27, 22.48, 22.75, 22.75, 9999.0, 9999.0, 9999.0, 23.93, 9999.0, 22.41, 9999.0, 22.68, 22.5, 22.27, 22.34, 22.3
2026-09-13, 04:20:24, 22.27, 22.48, 22.75, 22.75, 9999.0, 9999.0, 9999.0, 23.95, 9999.0, 22.39, 9999.0, 22.66, 22.5, 22.27, 22.34, 22.32
2026-09-13, 04:20:28, 22.25, 22.5, 22.75, 22.75, 9999.0, 9999.0, 9999.0, 24.0, 9999.0, 22.34, 9999.0, 22.64, 22.5, 22.27, 22.34, 22.32
2026-09-13, 04:20:32, 22.25, 22.5, 22.75, 22.75, 9999.0, 9999.0, 9999.0, 24.05, 9999.0, 22.32, 9999.0, 22.64, 22.5, 22.27, 22.32, 22.32
2026-09-13, 04:20:36, 22.27, 22.5, 22.75, 22.75, 9999.0, 9999.0, 9999.0, 24.02, 9999.0, 22.3, 9999.0, 22.64, 22.5, 22.27, 22.34, 22.32
2026-09-13, 04:20:40, 22.27, 22.5, 22.75, 22.75, 9999.0, 9999.0, 9999.0, 23.98, 9999.0, 22.27, 9999.0, 22.64, 22.5, 22.27, 22.34, 22.32
2026-09-13, 04:20:45, 22.27, 22.5, 22.75, 22.75, 9999.0, 9999.0, 9999.0, 23.93, 9999.0, 22.25, 9999.0, 22.66, 22.5, 22.27, 22.36, 22.32
2026-09-13, 04:20:49, 22.27, 22.5, 22.75, 22.75, 9999.0, 9999.0, 9999.0, 23.86, 9999.0, 22.25, 9999.0, 22.68, 22.5, 22.27, 22.36, 22.34
2026-09-13, 04:20:53, 22.27, 22.5, 22.75, 22.75, 9999.0, 9999.0, 9999.0, 23.84, 9999.0, 22.27, 9999.0, 22.68, 22.5, 22.27, 22.36, 22.34
2026-09-13, 04:20:57, 22.3, 22.5, 22.75, 22.75, 9999.0, 9999.0, 9999.0, 23.8, 9999.0, 22.27, 9999.0, 22.7, 22.5, 22.27, 22.36, 22.32
2026-09-13, 04:21:01, 22.3, 22.48, 22.75, 22.75, 9999.0, 9999.0, 9999.0, 23.75, 9999.0, 22.3, 9999.0, 22.73, 22.5, 22.25, 22.36, 22.32
2026-09-13, 04:21:05, 22.3, 22.48, 22.75, 22.75, 9999.0, 9999.0, 9999.0, 23.7, 9999.0, 22.32, 9999.0, 22.75, 22.5, 22.25, 22.34, 22.34
2026-09-13, 04:21:09, 22.3, 22.48, 22.75, 22.75, 9999.0, 9999.0, 9999.0, 23.68, 9999.0, 22.34, 9999.0, 22.77, 22.5, 22.25, 22.34, 22.32
2026-09-13, 04:21:13, 22.3, 22.48, 22.75, 22.75, 9999.0, 9999.0, 9999.0, 23.7, 9999.0, 22.36, 9999.0, 22.8, 22.5, 22.25, 22.34, 22.32
2026-09-13, 04:21:17, 22.32, 22.48, 22.75, 22.75, 9999.0, 9999.0, 9999.0, 23.75, 9999.0, 22.39, 9999.0, 22.8, 22.5, 22.25, 22.34, 22.3
2026-09-13, 04:21:21, 22.3, 22.48, 22.75, 22.75, 9999.0, 9999.0, 9999.0, 23.77, 9999.0, 22.41, 9999.0, 22.8, 22.5, 22.25, 22.32, 22.3
2026-09-13, 04:21:25, 22.3, 22.48, 22.75, 22.75, 9999.0, 9999.0, 9999.0, 23.8, 9999.0, 22.43, 9999.0, 22.8, 22.5, 22.25, 22.3, 22.3
2026-09-13, 04:21:29, 22.3, 22.48, 22.75, 22.75, 9999.0, 9999.0, 9999.0, 23.82, 9999.0, 22.45, 9999.0, 22.75, 22.5, 22.25, 22.27, 22.3
2026-09-13, 04:21:33, 22.32, 22.48, 22.75, 22.75, 9999.0, 9999.0, 9999.0, 23.86, 9999.0, 22.45, 9999.0, 22.73, 22.5, 22.25, 22.27, 22.3
2026-09-13, 04:21:37, 22.32, 22.48, 22.75, 22.75, 9999.0, 9999.0, 9999.0, 23.86, 9999.0, 22.43, 9999.0, 22.73, 22.5, 22.25, 22.27, 22.3
2026-09-13, 04:21:41, 22.3, 22.48, 22.75, 22.75, 9999.0, 9999.0, 9999.0, 23.89, 9999.0, 22.43, 9999.0, 22.7, 22.5, 22.25, 22.27, 22.3
2026-09-13, 04:21:45, 22.3, 22.5, 22.75, 22.75, 9999.0, 9999.0, 9999.0, 23.91, 9999.0, 22.41, 9999.0, 22.68, 22.5, 22.25, 22.27, 22.3
2026-09-13, 04:21:49, 22.32, 22.5, 22.75, 22.75, 9999.0, 9999.0, 9999.0, 23.93, 9999.0, 22.39, 9999.0, 22.68, 22.5, 22.25, 22.27, 22.27
2026-09-13, 04:21:53, 22.32, 22.5, 22.75, 22.75, 9999.0, 9999.0, 9999.0, 23.95, 9999.0, 22.36, 9999.0, 22.68, 22.5, 22.25, 22.27, 22.27
2026-09-13, 04:21:57, 22.32, 22.5, 22.75, 22.75, 9999.0, 9999.0, 9999.0, 23.91, 9999.0, 22.34, 9999.0, 22.68, 22.5, 22.25, 22.27, 22.27
2026-09-13, 04:22:01, 22.3, 22.5, 22.75, 22.75, 9999.0, 9999.0, 9999.0, 23.86, 9999.0, 22.32, 9999.0, 22.7, 22.5, 22.25, 22.3, 22.27
2026-09-13, 04:22:05, 22.3, 22.5, 22.75, 22.75, 9999.0, 9999.0, 9999.0, 23.8, 9999.0, 22.3, 9999.0, 22.73, 22.5, 22.25, 22.3, 22.27
2026-09-13, 04:22:09, 22.3, 22.5, 22.75, 22.75, 9999.0, 9999.0, 9999.0, 23.75, 9999.0, 22.3, 9999.0, 22.73, 22.5, 22.25, 22.3, 22.27
2026-09-13, 04:22:13, 22.3, 22.5, 22.75, 22.75, 9999.0, 9999.0, 9999.0, 23.7, 9999.0, 22.3, 9999.0, 22.75, 22.5, 22.25, 22.3, 22.27
2026-09-13, 04:22:17, 22.27, 22.5, 22.75, 22.75, 9999.0, 9999.0, 9999.0, 23.66, 9999.0, 22.32, 9999.0, 22.75, 22.5, 22.25, 22.32, 22.25
2026-09-13, 04:22:21, 22.27, 22.5, 22.75, 22.75, 9999.0, 9999.0, 9999.0, 23.64, 9999.0, 22.34, 9999.0, 22.75, 22.5, 22.25, 22.3, 22.27
2026-09-13, 04:22:25, 22.27, 22.5, 22.75, 22.75, 9999.0, 9999.0, 9999.0, 23.61, 9999.0, 22.39, 9999.0, 22.77, 22.5, 22.25, 22.3, 22.27
2026-09-13, 04:22:29, 22.27, 22.5, 22.75, 22.75, 9999.0, 9999.0, 9999.0, 23.59, 9999.0, 22.41, 9999.0, 22.8, 22.5, 22.25, 22.3, 22.27
2026-09-13, 04:22:33, 22.25, 22.5, 22.75, 22.75, 9999.0, 9999.0, 9999.0, 23.64, 9999.0, 22.43, 9999.0, 22.8, 22.5, 22.25, 22.3, 22.3
2026-09-13, 04:22:37, 22.25, 22.5, 22.75, 22.75, 9999.0, 9999.0, 9999.0, 23.68, 9999.0, 22.45, 9999.0, 22.8, 22.5, 22.25, 22.3, 22.3
2026-09-13, 04:22:41, 22.25, 22.5, 22.75, 22.75, 9999.0, 9999.0, 9999.0, 23.73, 9999.0, 22.48, 9999.0, 22.8, 22.5, 22.25, 22.3, 22.3
2026-09-13, 04:22:45, 22.25, 22.5, 22.75, 22.75, 9999.0, 9999.0, 9999.0, 23.75, 9999.0, 22.5, 9999.0, 22.77, 22.5, 22.25, 22.3, 22.3
2026-09-13, 04:22:49, 22.25, 22.5, 22.75, 22.75, 9999.0, 9999.0, 9999.0, 23.8, 9999.0, 22.52, 9999.0, 22.75, 22.5, 22.25, 22.3, 22.3
2026-09-13, 04:22:53, 22.25, 22.5, 22.75, 22.75, 9999.0, 9999.0, 9999.0, 23.84, 9999.0, 22.52, 9999.0, 22.75, 22.5, 22.25, 22.32, 22.3
2026-09-13, 04:22:57, 22.25, 22.5, 22.75, 22.75, 9999.0, 9999.0, 9999.0, 23.89, 9999.0, 22.52, 9999.0, 22.73, 22.5, 22.25, 22.32, 22.3
2026-09-13, 04:23:01, 22.25, 22.5, 22.75, 22.75, 9999.0, 9999.0, 9999.0, 23.93, 9999.0, 22.52, 9999.0, 22.7, 22.5, 22.25, 22.32, 22.3
2026-09-13, 04:23:05, 22.25, 22.5, 22.75, 22.75, 9999.0, 9999.0, 9999.0, 23.98, 9999.0, 22.52, 9999.0, 22.68, 22.5, 22.25, 22.32, 22.27
2026-09-13, 04:23:09, 22.25, 22.5, 22.75, 22.75, 9999.0, 9999.0, 9999.0, 24.0, 9999.0, 22.5, 9999.0, 22.68, 22.5, 22.25, 22.32, 22.27
2026-09-13, 04:23:13, 22.25, 22.5, 22.75, 22.75, 9999.0, 9999.0, 9999.0, 24.02, 9999.0, 22.48, 9999.0, 22.68, 22.5, 22.25, 22.32, 22.27
2026-09-13, 04:23:17, 22.25, 22.5, 22.75, 22.75, 9999.0, 9999.0, 9999.0, 23.98, 9999.0, 22.48, 9999.0, 22.68, 22.5, 22.25, 22.34, 22.25
2026-09-13, 04:23:21, 22.25, 22.5, 22.75, 22.75, 9999.0, 9999.0, 9999.0, 23.93, 9999.0, 22.48, 9999.0, 22.7, 22.5, 22.27, 22.36, 22.27
2026-09-13, 04:23:25, 22.25, 22.5, 22.75, 22.75, 9999.0, 9999.0, 9999.0, 23.89, 9999.0, 22.48, 9999.0, 22.73, 22.5, 22.27, 22.36, 22.27
2026-09-13, 04:23:29, 22.25, 22.5, 22.75, 22.75, 9999.0, 9999.0, 9999.0, 23.86, 9999.0, 22.48, 9999.0, 22.73, 22.5, 22.27, 22.34, 22.27
2026-09-13, 04:23:33, 22.25, 22.5, 22.75, 22.75, 9999.0, 9999.0, 9999.0, 23.84, 9999.0, 22.5, 9999.0, 22.73, 22.5, 22.27, 22.34, 22.27
2026-09-13, 04:23:37, 22.25, 22.5, 22.75, 22.75, 9999.0, 9999.0, 9999.0, 23.8, 9999.0, 22.52, 9999.0, 22.73, 22.5, 22.27, 22.32, 22.27
2026-09-13, 04:23:41, 22.25, 22.5, 22.75, 22.75, 9999.0, 9999.0, 9999.0, 23.75, 9999.0, 22.55, 9999.0, 22.75, 22.5, 22.27, 22.32, 22.27
2026-09-13, 04:23:45, 22.27, 22.5, 22.75, 22.75, 9999.0, 9999.0, 9999.0, 23.7, 9999.0, 22.57, 9999.0, 22.77, 22.5, 22.27, 22.3, 22.3
2026-09-13, 04:23:49, 22.27, 22.5, 22.75, 22.75, 9999.0, 9999.0, 9999.0, 23.73, 9999.0, 22.59, 9999.0, 22.8, 22.5, 22.27, 22.3, 22.3
2026-09-13, 04:23:53, 22.27, 22.5, 22.75, 22.75, 9999.0, 9999.0, 9999.0, 23.77, 9999.0, 22.59, 9999.0, 22.8, 22.5, 22.27, 22.3, 22.32
2026-09-13, 04:23:57, 22.27, 22.5, 22.75, 22.75, 9999.0, 9999.0, 9999.0, 23.82, 9999.0, 22.61, 9999.0, 22.8, 22.5, 22.27, 22.3, 22.32
2026-09-13, 04:24:01, 22.27, 22.5, 22.75, 22.75, 9999.0, 9999.0, 9999.0, 23.84, 9999.0, 22.61, 9999.0, 22.8, 22.5, 22.27, 22.27, 22.32
2026-09-13, 04:24:05, 22.27, 22.5, 22.75, 22.75, 9999.0, 9999.0, 9999.0, 23.86, 9999.0, 22.61, 9999.0, 22.77, 22.5, 22.25, 22.25, 22.3
2026-09-13, 04:24:09, 22.27, 22.5, 22.75, 22.75, 9999.0, 9999.0, 9999.0, 23.91, 9999.0, 22.61, 9999.0, 22.75, 22.5, 22.25, 22.25, 22.3
2026-09-13, 04:24:13, 22.27, 22.5, 22.75, 22.75, 9999.0, 9999.0, 9999.0, 23.93, 9999.0, 22.61, 9999.0, 22.73, 22.5, 22.25, 22.25, 22.3
2026-09-13, 04:24:17, 22.27, 22.5, 22.75, 22.75, 9999.0, 9999.0, 9999.0, 23.95, 9999.0, 22.59, 9999.0, 22.7, 22.5, 22.25, 22.25, 22.3
2026-09-13, 04:24:22, 22.27, 22.5, 22.75, 22.75, 9999.0, 9999.0, 9999.0, 24.0, 9999.0, 22.57, 9999.0, 22.68, 22.5, 22.25, 22.25, 22.3
2026-09-13, 04:24:26, 22.27, 22.5, 22.75, 22.75, 9999.0, 9999.0, 9999.0, 24.05, 9999.0, 22.55, 9999.0, 22.66, 22.5, 22.25, 22.25, 22.3
2026-09-13, 04:24:30, 22.25, 22.5, 22.75, 22.75, 9999.0, 9999.0, 9999.0, 24.09, 9999.0, 22.52, 9999.0, 22.66, 22.5, 22.25, 22.25, 22.27
2026-09-13, 04:24:34, 22.27, 22.5, 22.75, 22.75, 9999.0, 9999.0, 9999.0, 24.07, 9999.0, 22.5, 9999.0, 22.66, 22.5, 22.25, 22.25, 22.27
2026-09-13, 04:24:38, 22.27, 22.5, 22.75, 22.75, 9999.0, 9999.0, 9999.0, 24.02, 9999.0, 22.5, 9999.0, 22.66, 22.5, 22.25, 22.25, 22.25
2026-09-13, 04:24:42, 22.27, 22.5, 22.75, 22.75, 9999.0, 9999.0, 9999.0, 23.98, 9999.0, 22.5, 9999.0, 22.66, 22.5, 22.25, 22.25, 22.25
2026-09-13, 04:24:46, 22.27, 22.5, 22.75, 22.75, 9999.0, 9999.0, 9999.0, 23.95, 9999.0, 22.5, 9999.0, 22.66, 22.5, 22.25, 22.25, 22.25
2026-09-13, 04:24:50, 22.27, 22.5, 22.75, 22.75, 9999.0, 9999.0, 9999.0, 23.93, 9999.0, 22.5, 9999.0, 22.66, 22.5, 22.25, 22.25, 22.25
2026-09-13, 04:24:54, 22.27, 22.5, 22.75, 22.75, 9999.0, 9999.0, 9999.0, 23.86, 9999.0, 22.52, 9999.0, 22.68, 22.5, 22.25, 22.27, 22.25
2026-09-13, 04:24:58, 22.27, 22.5, 22.75, 22.75, 9999.0, 9999.0, 9999.0, 23.84, 9999.0, 22.55, 9999.0, 22.7, 22.5, 22.25, 22.27, 22.25
2026-09-13, 04:25:02, 22.3, 22.5, 22.75, 22.75, 9999.0, 9999.0, 9999.0, 23.8, 9999.0, 22.57, 9999.0, 22.73, 22.5, 22.25, 22.27, 22.27
2026-09-13, 04:25:06, 22.3, 22.5, 22.75, 22.75, 9999.0, 9999.0, 9999.0, 23.75, 9999.0, 22.59, 9999.0, 22.75, 22.5, 22.27, 22.27, 22.27
2026-09-13, 04:25:10, 22.3, 22.5, 22.75, 22.75, 9999.0, 9999.0, 9999.0, 23.77, 9999.0, 22.61, 9999.0, 22.77, 22.52, 22.27, 22.27, 22.27
2026-09-13, 04:25:14, 22.3, 22.5, 22.75, 22.75, 9999.0, 9999.0, 9999.0, 23.8, 9999.0, 22.64, 9999.0, 22.77, 22.52, 22.27, 22.27, 22.27
2026-09-13, 04:25:18, 22.27, 22.5, 22.75, 22.75, 9999.0, 9999.0, 9999.0, 23.82, 9999.0, 22.66, 9999.0, 22.77, 22.52, 22.27, 22.27, 22.27
2026-09-13, 04:25:22, 22.27, 22.5, 22.75, 22.75, 9999.0, 9999.0, 9999.0, 23.86, 9999.0, 22.66, 9999.0, 22.77, 22.52, 22.27, 22.27, 22.3
2026-09-13, 04:25:26, 22.27, 22.5, 22.75, 22.75, 9999.0, 9999.0, 9999.0, 23.89, 9999.0, 22.66, 9999.0, 22.77, 22.52, 22.27, 22.27, 22.3
2026-09-13, 04:25:30, 22.27, 22.5, 22.75, 22.75, 9999.0, 9999.0, 9999.0, 23.91, 9999.0, 22.66, 9999.0, 22.77, 22.52, 22.27, 22.27, 22.3
2026-09-13, 04:25:34, 22.3, 22.5, 22.75, 22.75, 9999.0, 9999.0, 9999.0, 23.93, 9999.0, 22.66, 9999.0, 22.75, 22.52, 22.27, 22.27, 22.3
2026-09-13, 04:25:38, 22.32, 22.5, 22.75, 22.75, 9999.0, 9999.0, 9999.0, 23.98, 9999.0, 22.64, 9999.0, 22.7, 22.52, 22.27, 22.25, 22.3
2026-09-13, 04:25:42, 22.32, 22.5, 22.75, 22.75, 9999.0, 9999.0, 9999.0, 24.0, 9999.0, 22.61, 9999.0, 22.7, 22.52, 22.27, 22.25, 22.3
2026-09-13, 04:25:46, 22.3, 22.5, 22.75, 22.75, 9999.0, 9999.0, 9999.0, 24.05, 9999.0, 22.59, 9999.0, 22.7, 22.52, 22.27, 22.25, 22.3
2026-09-13, 04:25:50, 22.3, 22.5, 22.75, 22.75, 9999.0, 9999.0, 9999.0, 24.09, 9999.0, 22.57, 9999.0, 22.7, 22.52, 22.25, 22.25, 22.3
2026-09-13, 04:25:54, 22.3, 22.5, 22.75, 22.75, 9999.0, 9999.0, 9999.0, 24.05, 9999.0, 22.57, 9999.0, 22.7, 22.5, 22.25, 22.25, 22.32
2026-09-13, 04:25:58, 22.3, 22.5, 22.75, 22.75, 9999.0, 9999.0, 9999.0, 24.0, 9999.0, 22.55, 9999.0, 22.73, 22.5, 22.25, 22.25, 22.32
2026-09-13, 04:26:02, 22.3, 22.5, 22.75, 22.75, 9999.0, 9999.0, 9999.0, 23.95, 9999.0, 22.52, 9999.0, 22.73, 22.5, 22.25, 22.25, 22.32
2026-09-13, 04:26:06, 22.3, 22.5, 22.75, 22.75, 9999.0, 9999.0, 9999.0, 23.91, 9999.0, 22.55, 9999.0, 22.73, 22.5, 22.25, 22.25, 22.3
2026-09-13, 04:26:10, 22.3, 22.5, 22.75, 22.75, 9999.0, 9999.0, 9999.0, 23.89, 9999.0, 22.57, 9999.0, 22.73, 22.5, 22.25, 22.25, 22.3
2026-09-13, 04:26:14, 22.3, 22.5, 22.75, 22.75, 9999.0, 9999.0, 9999.0, 23.86, 9999.0, 22.59, 9999.0, 22.73, 22.5, 22.25, 22.25, 22.3
2026-09-13, 04:26:18, 22.27, 22.5, 22.75, 22.75, 9999.0, 9999.0, 9999.0, 23.84, 9999.0, 22.61, 9999.0, 22.75, 22.5, 22.25, 22.25, 22.3
2026-09-13, 04:26:22, 22.27, 22.5, 22.75, 22.75, 9999.0, 9999.0, 9999.0, 23.8, 9999.0, 22.64, 9999.0, 22.77, 22.5, 22.25, 22.25, 22.3
2026-09-13, 04:26:26, 22.27, 22.5, 22.75, 22.75, 9999.0, 9999.0, 9999.0, 23.75, 9999.0, 22.66, 9999.0, 22.77, 22.5, 22.25, 22.27, 22.3
2026-09-13, 04:26:30, 22.27, 22.5, 22.75, 22.75, 9999.0, 9999.0, 9999.0, 23.8, 9999.0, 22.68, 9999.0, 22.77, 22.5, 22.25, 22.27, 22.27
2026-09-13, 04:26:34, 22.3, 22.5, 22.75, 22.75, 9999.0, 9999.0, 9999.0, 23.82, 9999.0, 22.7, 9999.0, 22.77, 22.5, 22.25, 22.27, 22.27
2026-09-13, 04:26:38, 22.3, 22.5, 22.75, 22.75, 9999.0, 9999.0, 9999.0, 23.86, 9999.0, 22.7, 9999.0, 22.77, 22.5, 22.25, 22.27, 22.25
2026-09-13, 04:26:42, 22.3, 22.5, 22.75, 22.75, 9999.0, 9999.0, 9999.0, 23.91, 9999.0, 22.73, 9999.0, 22.75, 22.5, 22.25, 22.27, 22.25
2026-09-13, 04:26:46, 22.3, 22.5, 22.75, 22.75, 9999.0, 9999.0, 9999.0, 23.95, 9999.0, 22.75, 9999.0, 22.75, 22.5, 22.25, 22.27, 22.25
2026-09-13, 04:26:50, 22.3, 22.5, 22.75, 22.75, 9999.0, 9999.0, 9999.0, 23.98, 9999.0, 22.75, 9999.0, 22.75, 22.5, 22.25, 22.27, 22.25
2026-09-13, 04:26:54, 22.3, 22.5, 22.75, 22.75, 9999.0, 9999.0, 9999.0, 24.0, 9999.0, 22.75, 9999.0, 22.75, 22.5, 22.25, 22.27, 22.25
2026-09-13, 04:26:58, 22.32, 22.5, 22.75, 22.75, 9999.0, 9999.0, 9999.0, 24.02, 9999.0, 22.75, 9999.0, 22.75, 22.5, 22.25, 22.27, 22.25
2026-09-13, 04:27:02, 22.32, 22.5, 22.75, 22.75, 9999.0, 9999.0, 9999.0, 24.05, 9999.0, 22.75, 9999.0, 22.73, 22.5, 22.25, 22.27, 22.25
2026-09-13, 04:27:06, 22.3, 22.5, 22.75, 22.75, 9999.0, 9999.0, 9999.0, 24.09, 9999.0, 22.73, 9999.0, 22.73, 22.5, 22.25, 22.27, 22.25
2026-09-13, 04:27:10, 22.3, 22.5, 22.75, 22.75, 9999.0, 9999.0, 9999.0, 24.14, 9999.0, 22.7, 9999.0, 22.73, 22.5, 22.25, 22.25, 22.25
2026-09-13, 04:27:14, 22.3, 22.5, 22.75, 22.75, 9999.0, 9999.0, 9999.0, 24.07, 9999.0, 22.7, 9999.0, 22.73, 22.5, 22.25, 22.25, 22.25
2026-09-13, 04:27:18, 22.27, 22.5, 22.75, 22.75, 9999.0, 9999.0, 9999.0, 24.02, 9999.0, 22.68, 9999.0, 22.73, 22.5, 22.25, 22.25, 22.25
2026-09-13, 04:27:22, 22.27, 22.5, 22.75, 22.75, 9999.0, 9999.0, 9999.0, 23.98, 9999.0, 22.68, 9999.0, 22.73, 22.5, 22.27, 22.25, 22.25
2026-09-13, 04:27:26, 22.27, 22.5, 22.75, 22.75, 9999.0, 9999.0, 9999.0, 23.93, 9999.0, 22.68, 9999.0, 22.73, 22.5, 22.27, 22.25, 22.25
2026-09-13, 04:27:30, 22.3, 22.5, 22.75, 22.75, 9999.0, 9999.0, 9999.0, 23.89, 9999.0, 22.68, 9999.0, 22.73, 22.5, 22.27, 22.25, 22.25
2026-09-13, 04:27:34, 22.3, 22.5, 22.75, 22.75, 9999.0, 9999.0, 9999.0, 23.86, 9999.0, 22.68, 9999.0, 22.73, 22.5, 22.27, 22.27, 22.25
2026-09-13, 04:27:38, 22.3, 22.5, 22.75, 22.75, 9999.0, 9999.0, 9999.0, 23.82, 9999.0, 22.7, 9999.0, 22.73, 22.5, 22.27, 22.27, 22.25
2026-09-13, 04:27:42, 22.27, 22.5, 22.75, 22.75, 9999.0, 9999.0, 9999.0, 23.8, 9999.0, 22.73, 9999.0, 22.73, 22.5, 22.27, 22.27, 22.25
2026-09-13, 04:27:46, 22.27, 22.5, 22.75, 22.75, 9999.0, 9999.0, 9999.0, 23.84, 9999.0, 22.75, 9999.0, 22.75, 22.5, 22.27, 22.27, 22.25
2026-09-13, 04:27:50, 22.27, 22.5, 22.75, 22.75, 9999.0, 9999.0, 9999.0, 23.89, 9999.0, 22.8, 9999.0, 22.75, 22.5, 22.27, 22.27, 22.25
2026-09-13, 04:27:54, 22.27, 22.5, 22.75, 22.75, 9999.0, 9999.0, 9999.0, 23.91, 9999.0, 22.82, 9999.0, 22.73, 22.5, 22.27, 22.27, 22.25
2026-09-13, 04:27:58, 22.27, 22.5, 22.75, 22.75, 9999.0, 9999.0, 9999.0, 23.95, 9999.0, 22.82, 9999.0, 22.73, 22.5, 22.27, 22.27, 22.25
2026-09-13, 04:28:02, 22.27, 22.5, 22.75, 22.75, 9999.0, 9999.0, 9999.0, 24.0, 9999.0, 22.84, 9999.0, 22.73, 22.5, 22.27, 22.27, 22.25
2026-09-13, 04:28:07, 22.27, 22.5, 22.75, 22.75, 9999.0, 9999.0, 9999.0, 24.02, 9999.0, 22.84, 9999.0, 22.7, 22.5, 22.25, 22.27, 22.25
2026-09-13, 04:28:11, 22.27, 22.5, 22.75, 22.75, 9999.0, 9999.0, 9999.0, 24.05, 9999.0, 22.84, 9999.0, 22.68, 22.5, 22.25, 22.27, 22.25
2026-09-13, 04:28:15, 22.25, 22.5, 22.75, 22.75, 9999.0, 9999.0, 9999.0, 24.07, 9999.0, 22.82, 9999.0, 22.66, 22.5, 22.25, 22.27, 22.25
2026-09-13, 04:28:19, 22.25, 22.5, 22.75, 22.75, 9999.0, 9999.0, 9999.0, 24.09, 9999.0, 22.82, 9999.0, 22.64, 22.5, 22.25, 22.25, 22.25
2026-09-13, 04:28:23, 22.27, 22.5, 22.75, 22.75, 9999.0, 9999.0, 9999.0, 24.14, 9999.0, 22.8, 9999.0, 22.61, 22.5, 22.25, 22.25, 22.25
2026-09-13, 04:28:27, 22.27, 22.5, 22.75, 22.75, 9999.0, 9999.0, 9999.0, 24.16, 9999.0, 22.75, 9999.0, 22.61, 22.5, 22.25, 22.25, 22.25
2026-09-13, 04:28:31, 22.27, 22.5, 22.75, 22.75, 9999.0, 9999.0, 9999.0, 24.11, 9999.0, 22.73, 9999.0, 22.61, 22.5, 22.25, 22.25, 22.25
2026-09-13, 04:28:35, 22.27, 22.5, 22.75, 22.75, 9999.0, 9999.0, 9999.0, 24.07, 9999.0, 22.7, 9999.0, 22.61, 22.5, 22.25, 22.25, 22.25
2026-09-13, 04:28:39, 22.3, 22.5, 22.75, 22.75, 9999.0, 9999.0, 9999.0, 24.05, 9999.0, 22.68, 9999.0, 22.66, 22.5, 22.25, 22.27, 22.25
2026-09-13, 04:28:43, 22.32, 22.5, 22.75, 22.75, 9999.0, 9999.0, 9999.0, 24.02, 9999.0, 22.66, 9999.0, 22.66, 22.5, 22.25, 22.3, 22.25
2026-09-13, 04:28:47, 22.32, 22.5, 22.75, 22.75, 9999.0, 9999.0, 9999.0, 23.98, 9999.0, 22.66, 9999.0, 22.66, 22.5, 22.25, 22.3, 22.25
2026-09-13, 04:28:51, 22.32, 22.5, 22.75, 22.75, 9999.0, 9999.0, 9999.0, 23.95, 9999.0, 22.66, 9999.0, 22.68, 22.5, 22.25, 22.3, 22.25
2026-09-13, 04:28:55, 22.32, 22.5, 22.75, 22.75, 9999.0, 9999.0, 9999.0, 23.93, 9999.0, 22.68, 9999.0, 22.7, 22.5, 22.25, 22.3, 22.25
2026-09-13, 04:28:59, 22.32, 22.5, 22.75, 22.75, 9999.0, 9999.0, 9999.0, 23.91, 9999.0, 22.73, 9999.0, 22.73, 22.52, 22.25, 22.32, 22.25
2026-09-13, 04:29:03, 22.32, 22.5, 22.75, 22.75, 9999.0, 9999.0, 9999.0, 23.89, 9999.0, 22.75, 9999.0, 22.75, 22.52, 22.25, 22.32, 22.25
2026-09-13, 04:29:07, 22.32, 22.5, 22.75, 22.75, 9999.0, 9999.0, 9999.0, 23.93, 9999.0, 22.75, 9999.0, 22.77, 22.52, 22.25, 22.32, 22.25
2026-09-13, 04:29:11, 22.32, 22.5, 22.75, 22.75, 9999.0, 9999.0, 9999.0, 23.95, 9999.0, 22.77, 9999.0, 22.77, 22.52, 22.25, 22.32, 22.25
2026-09-13, 04:29:15, 22.32, 22.5, 22.75, 22.75, 9999.0, 9999.0, 9999.0, 23.98, 9999.0, 22.77, 9999.0, 22.77, 22.52, 22.25, 22.32, 22.25
2026-09-13, 04:29:19, 22.34, 22.5, 22.75, 22.75, 9999.0, 9999.0, 9999.0, 24.0, 9999.0, 22.77, 9999.0, 22.77, 22.52, 22.25, 22.32, 22.25
2026-09-13, 04:29:23, 22.32, 22.5, 22.75, 22.75, 9999.0, 9999.0, 9999.0, 24.02, 9999.0, 22.8, 9999.0, 22.73, 22.52, 22.25, 22.3, 22.25
2026-09-13, 04:29:27, 22.3, 22.5, 22.75, 22.75, 9999.0, 9999.0, 9999.0, 24.05, 9999.0, 22.82, 9999.0, 22.73, 22.52, 22.25, 22.27, 22.25
2026-09-13, 04:29:31, 22.3, 22.5, 22.75, 22.73, 9999.0, 9999.0, 9999.0, 24.09, 9999.0, 22.82, 9999.0, 22.7, 22.52, 22.25, 22.27, 22.25
2026-09-13, 04:29:35, 22.3, 22.5, 22.75, 22.73, 9999.0, 9999.0, 9999.0, 24.14, 9999.0, 22.8, 9999.0, 22.68, 22.52, 22.25, 22.27, 22.25
2026-09-13, 04:29:39, 22.3, 22.5, 22.75, 22.73, 9999.0, 9999.0, 9999.0, 24.18, 9999.0, 22.77, 9999.0, 22.66, 22.52, 22.25, 22.27, 22.25
2026-09-13, 04:29:43, 22.32, 22.5, 22.75, 22.73, 9999.0, 9999.0, 9999.0, 24.2, 9999.0, 22.75, 9999.0, 22.66, 22.5, 22.25, 22.25, 22.25
2026-09-13, 04:29:47, 22.34, 22.5, 22.75, 22.73, 9999.0, 9999.0, 9999.0, 24.23, 9999.0, 22.7, 9999.0, 22.66, 22.5, 22.25, 22.25, 22.25
2026-09-13, 04:29:51, 22.32, 22.5, 22.75, 22.73, 9999.0, 9999.0, 9999.0, 24.18, 9999.0, 22.7, 9999.0, 22.66, 22.5, 22.25, 22.25, 22.25
2026-09-13, 04:29:55, 22.32, 22.5, 22.75, 22.73, 9999.0, 9999.0, 9999.0, 24.16, 9999.0, 22.68, 9999.0, 22.66, 22.5, 22.25, 22.27, 22.25
2026-09-13, 04:29:59, 22.32, 22.5, 22.75, 22.73, 9999.0, 9999.0, 9999.0, 24.14, 9999.0, 22.66, 9999.0, 22.66, 22.5, 22.25, 22.27, 22.25
2026-09-13, 04:30:03, 22.3, 22.5, 22.75, 22.73, 9999.0, 9999.0, 9999.0, 24.09, 9999.0, 22.66, 9999.0, 22.66, 22.5, 22.25, 22.3, 22.25
