2026-09-25, 00:00:00, 1.65e-12, 1.64e-09
2026-09-25, 00:00:04, 1.59e-12, 1.64e-09
2026-09-25, 00:00:07, 1.54e-12, 1.63e-09
2026-09-25, 00:00:10, 1.59e-12, 1.64e-09
2026-09-25, 00:00:13, 1.53e-12, 1.64e-09
2026-09-25, 00:00:16, 1.58e-12, 1.64e-09
2026-09-25, 00:00:20, 1.57e-12, 1.67e-09
2026-09-25, 00:00:23, 1.56e-12, 1.64e-09
2026-09-25, 00:00:26, 1.65e-12, 1.63e-09
2026-09-25, 00:00:29, 1.77e-12, 1.64e-09
2026-09-25, 00:00:32, 1.61e-12, 1.63e-09
2026-09-25, 00:00:36, 1.64e-12, 1.64e-09
2026-09-25, 00:00:39, 1.61e-12, 1.64e-09
2026-09-25, 00:00:42, 1.63e-12, 1.63e-09
2026-09-25, 00:00:45, 1.64e-12, 1.64e-09
2026-09-25, 00:00:49, 1.62e-12, 1.64e-09
2026-09-25, 00:00:52, 1.51e-12, 1.63e-09
2026-09-25, 00:00:55, 1.6e-12, 1.64e-09
2026-09-25, 00:00:58, 1.54e-12, 1.64e-09
2026-09-25, 00:01:01, 1.65e-12, 1.62e-09
2026-09-25, 00:01:05, 1.59e-12, 1.63e-09
2026-09-25, 00:01:08, 1.4e-12, 1.62e-09
2026-09-25, 00:01:11, 1.63e-12, 1.62e-09
2026-09-25, 00:01:14, 1.57e-12, 1.63e-09
2026-09-25, 00:01:18, 1.64e-12, 1.64e-09
2026-09-25, 00:01:21, 1.6e-12, 1.64e-09
2026-09-25, 00:01:24, 1.57e-12, 1.67e-09
2026-09-25, 00:01:27, 1.63e-12, 1.66e-09
2026-09-25, 00:01:31, 1.66e-12, 1.66e-09
2026-09-25, 00:01:34, 1.54e-12, 1.66e-09
2026-09-25, 00:01:37, 1.55e-12, 1.69e-09
2026-09-25, 00:01:40, 1.57e-12, 1.64e-09
2026-09-25, 00:01:43, 1.61e-12, 1.64e-09
2026-09-25, 00:01:47, 1.63e-12, 1.64e-09
2026-09-25, 00:01:50, 1.47e-12, 1.61e-09
2026-09-25, 00:01:53, 1.55e-12, 1.63e-09
2026-09-25, 00:01:56, 1.62e-12, 1.63e-09
2026-09-25, 00:02:00, 1.6e-12, 1.63e-09
2026-09-25, 00:02:03, 1.54e-12, 1.64e-09
2026-09-25, 00:02:06, 1.6e-12, 1.62e-09
2026-09-25, 00:02:09, 1.61e-12, 1.62e-09
2026-09-25, 00:02:12, 1.49e-12, 1.62e-09
2026-09-25, 00:02:16, 1.63e-12, 1.63e-09
2026-09-25, 00:02:19, 1.59e-12, 1.62e-09
2026-09-25, 00:02:22, 1.59e-12, 1.64e-09
2026-09-25, 00:02:25, 1.61e-12, 1.64e-09
2026-09-25, 00:02:29, 1.6e-12, 1.64e-09
2026-09-25, 00:02:32, 1.63e-12, 1.64e-09
2026-09-25, 00:02:35, 1.58e-12, 1.64e-09
2026-09-25, 00:02:38, 1.52e-12, 1.63e-09
2026-09-25, 00:02:41, 1.48e-12, 1.63e-09
2026-09-25, 00:02:45, 1.55e-12, 1.63e-09
2026-09-25, 00:02:48, 1.55e-12, 1.64e-09
2026-09-25, 00:02:51, 1.58e-12, 1.62e-09
2026-09-25, 00:02:54, 1.54e-12, 1.63e-09
2026-09-25, 00:02:58, 1.51e-12, 1.63e-09
2026-09-25, 00:03:01, 1.55e-12, 1.62e-09
2026-09-25, 00:03:04, 1.61e-12, 1.61e-09
2026-09-25, 00:03:07, 1.64e-12, 1.62e-09
2026-09-25, 00:03:10, 1.56e-12, 1.63e-09
2026-09-25, 00:03:14, 1.62e-12, 1.63e-09
2026-09-25, 00:03:17, 1.67e-12, 1.63e-09
2026-09-25, 00:03:20, 1.56e-12, 1.63e-09
2026-09-25, 00:03:23, 1.46e-12, 1.63e-09
2026-09-25, 00:03:27, 1.47e-12, 1.64e-09
2026-09-25, 00:03:30, 1.57e-12, 1.64e-09
2026-09-25, 00:03:33, 1.63e-12, 1.64e-09
2026-09-25, 00:03:36, 1.58e-12, 1.64e-09
2026-09-25, 00:03:39, 1.59e-12, 1.64e-09
2026-09-25, 00:03:43, 1.66e-12, 1.64e-09
2026-09-25, 00:03:46, 1.59e-12, 1.63e-09
2026-09-25, 00:03:49, 1.77e-12, 1.64e-09
2026-09-25, 00:03:52, 1.68e-12, 1.64e-09
2026-09-25, 00:03:55, 1.58e-12, 1.63e-09
2026-09-25, 00:03:59, 1.76e-12, 1.63e-09
2026-09-25, 00:04:02, 1.57e-12, 1.66e-09
2026-09-25, 00:04:05, 1.6e-12, 1.64e-09
2026-09-25, 00:04:08, 1.74e-12, 1.65e-09
2026-09-25, 00:04:12, 1.61e-12, 1.64e-09
2026-09-25, 00:04:15, 1.56e-12, 1.66e-09
2026-09-25, 00:04:18, 1.58e-12, 1.66e-09
2026-09-25, 00:04:21, 1.66e-12, 1.62e-09
2026-09-25, 00:04:24, 1.58e-12, 1.62e-09
2026-09-25, 00:04:28, 1.59e-12, 1.62e-09
2026-09-25, 00:04:31, 1.67e-12, 1.63e-09
2026-09-25, 00:04:34, 1.57e-12, 1.63e-09
2026-09-25, 00:04:37, 1.72e-12, 1.64e-09
2026-09-25, 00:04:41, 1.46e-12, 1.63e-09
2026-09-25, 00:04:44, 1.58e-12, 1.64e-09
2026-09-25, 00:04:47, 1.56e-12, 1.64e-09
2026-09-25, 00:04:50, 1.59e-12, 1.65e-09
2026-09-25, 00:04:53, 1.55e-12, 1.66e-09
2026-09-25, 00:04:57, 1.72e-12, 1.68e-09
2026-09-25, 00:05:00, 1.61e-12, 1.66e-09
2026-09-25, 00:05:03, 1.54e-12, 1.63e-09
2026-09-25, 00:05:06, 1.68e-12, 1.64e-09
2026-09-25, 00:05:10, 1.63e-12, 1.63e-09
2026-09-25, 00:05:13, 1.59e-12, 1.63e-09
2026-09-25, 00:05:16, 1.45e-12, 1.63e-09
2026-09-25, 00:05:19, 1.6e-12, 1.62e-09
2026-09-25, 00:05:22, 1.7e-12, 1.64e-09
2026-09-25, 00:05:26, 1.55e-12, 1.62e-09
2026-09-25, 00:05:29, 1.61e-12, 1.63e-09
2026-09-25, 00:05:32, 1.5e-12, 1.63e-09
2026-09-25, 00:05:35, 1.59e-12, 1.64e-09
2026-09-25, 00:05:39, 1.65e-12, 1.64e-09
2026-09-25, 00:05:42, 1.58e-12, 1.64e-09
2026-09-25, 00:05:45, 1.52e-12, 1.64e-09
2026-09-25, 00:05:48, 1.56e-12, 1.63e-09
2026-09-25, 00:05:51, 1.57e-12, 1.63e-09
2026-09-25, 00:05:55, 1.6e-12, 1.64e-09
2026-09-25, 00:05:58, 1.54e-12, 1.64e-09
2026-09-25, 00:06:01, 1.62e-12, 1.63e-09
2026-09-25, 00:06:04, 1.54e-12, 1.64e-09
2026-09-25, 00:06:08, 1.63e-12, 1.64e-09
2026-09-25, 00:06:11, 1.55e-12, 1.65e-09
2026-09-25, 00:06:14, 1.57e-12, 1.64e-09
2026-09-25, 00:06:17, 1.66e-12, 1.64e-09
2026-09-25, 00:06:20, 1.6e-12, 1.64e-09
2026-09-25, 00:06:24, 1.72e-12, 1.64e-09
2026-09-25, 00:06:27, 1.56e-12, 1.64e-09
2026-09-25, 00:06:30, 1.46e-12, 1.64e-09
2026-09-25, 00:06:33, 1.61e-12, 1.64e-09
2026-09-25, 00:06:36, 1.53e-12, 1.64e-09
2026-09-25, 00:06:40, 1.59e-12, 1.64e-09
2026-09-25, 00:06:43, 1.53e-12, 1.63e-09
2026-09-25, 00:06:46, 1.69e-12, 1.63e-09
2026-09-25, 00:06:49, 1.59e-12, 1.64e-09
2026-09-25, 00:06:53, 1.55e-12, 1.63e-09
2026-09-25, 00:06:56, 1.49e-12, 1.65e-09
2026-09-25, 00:06:59, 1.62e-12, 1.65e-09
2026-09-25, 00:07:02, 1.55e-12, 1.64e-09
2026-09-25, 00:07:05, 1.59e-12, 1.64e-09
2026-09-25, 00:07:09, 1.61e-12, 1.63e-09
2026-09-25, 00:07:12, 1.61e-12, 1.65e-09
2026-09-25, 00:07:15, 1.55e-12, 1.64e-09
2026-09-25, 00:07:18, 1.78e-12, 1.65e-09
2026-09-25, 00:07:22, 1.61e-12, 1.64e-09
2026-09-25, 00:07:25, 1.58e-12, 1.64e-09
2026-09-25, 00:07:28, 1.65e-12, 1.66e-09
2026-09-25, 00:07:31, 1.66e-12, 1.66e-09
2026-09-25, 00:07:34, 1.57e-12, 1.65e-09
2026-09-25, 00:07:38, 1.64e-12, 1.67e-09
2026-09-25, 00:07:41, 1.59e-12, 1.66e-09
2026-09-25, 00:07:44, 1.59e-12, 1.64e-09
2026-09-25, 00:07:47, 1.62e-12, 1.65e-09
2026-09-25, 00:07:51, 1.6e-12, 1.65e-09
2026-09-25, 00:07:54, 1.52e-12, 1.65e-09
2026-09-25, 00:07:57, 1.66e-12, 1.64e-09
2026-09-25, 00:08:00, 1.6e-12, 1.64e-09
2026-09-25, 00:08:03, 1.59e-12, 1.65e-09
2026-09-25, 00:08:07, 1.65e-12, 1.65e-09
2026-09-25, 00:08:10, 1.61e-12, 1.64e-09
2026-09-25, 00:08:13, 1.59e-12, 1.64e-09
2026-09-25, 00:08:16, 1.57e-12, 1.64e-09
2026-09-25, 00:08:20, 1.64e-12, 1.64e-09
2026-09-25, 00:08:23, 1.52e-12, 1.64e-09
2026-09-25, 00:08:26, 1.56e-12, 1.63e-09
2026-09-25, 00:08:29, 1.61e-12, 1.62e-09
2026-09-25, 00:08:32, 1.62e-12, 1.63e-09
2026-09-25, 00:08:36, 1.65e-12, 1.61e-09
2026-09-25, 00:08:39, 1.69e-12, 1.6e-09
2026-09-25, 00:08:42, 1.52e-12, 1.62e-09
2026-09-25, 00:08:45, 1.56e-12, 1.62e-09
2026-09-25, 00:08:49, 1.6e-12, 1.63e-09
2026-09-25, 00:08:52, 1.54e-12, 1.63e-09
2026-09-25, 00:08:55, 1.57e-12, 1.64e-09
2026-09-25, 00:08:58, 1.62e-12, 1.63e-09
2026-09-25, 00:09:01, 1.57e-12, 1.63e-09
2026-09-25, 00:09:05, 1.6e-12, 1.63e-09
2026-09-25, 00:09:08, 1.61e-12, 1.63e-09
2026-09-25, 00:09:11, 1.57e-12, 1.63e-09
2026-09-25, 00:09:14, 1.58e-12, 1.63e-09
2026-09-25, 00:09:18, 1.57e-12, 1.62e-09
2026-09-25, 00:09:21, 1.62e-12, 1.63e-09
2026-09-25, 00:09:24, 1.62e-12, 1.62e-09
2026-09-25, 00:09:27, 1.63e-12, 1.63e-09
2026-09-25, 00:09:30, 1.61e-12, 1.62e-09
2026-09-25, 00:09:34, 1.59e-12, 1.62e-09
2026-09-25, 00:09:37, 1.59e-12, 1.67e-09
2026-09-25, 00:09:40, 1.56e-12, 1.66e-09
2026-09-25, 00:09:43, 1.63e-12, 1.63e-09
2026-09-25, 00:09:46, 1.57e-12, 1.63e-09
2026-09-25, 00:09:50, 1.66e-12, 1.63e-09
2026-09-25, 00:09:53, 1.58e-12, 1.63e-09
2026-09-25, 00:09:56, 1.62e-12, 1.64e-09
2026-09-25, 00:09:59, 1.58e-12, 1.64e-09
2026-09-25, 00:10:03, 1.58e-12, 1.63e-09
2026-09-25, 00:10:06, 1.54e-12, 1.63e-09
2026-09-25, 00:10:09, 1.59e-12, 1.63e-09
2026-09-25, 00:10:12, 1.55e-12, 1.63e-09
2026-09-25, 00:10:15, 1.56e-12, 1.63e-09
2026-09-25, 00:10:19, 1.47e-12, 1.63e-09
2026-09-25, 00:10:22, 1.59e-12, 1.62e-09
2026-09-25, 00:10:25, 1.59e-12, 1.62e-09
2026-09-25, 00:10:28, 1.61e-12, 1.63e-09
2026-09-25, 00:10:32, 1.53e-12, 1.63e-09
2026-09-25, 00:10:35, 1.64e-12, 1.63e-09
2026-09-25, 00:10:38, 1.58e-12, 1.62e-09
2026-09-25, 00:10:41, 1.5e-12, 1.61e-09
2026-09-25, 00:10:44, 1.57e-12, 1.61e-09
2026-09-25, 00:10:48, 1.58e-12, 1.61e-09
2026-09-25, 00:10:51, 1.63e-12, 1.61e-09
2026-09-25, 00:10:54, 1.51e-12, 1.61e-09
2026-09-25, 00:10:57, 1.6e-12, 1.61e-09
2026-09-25, 00:11:01, 1.63e-12, 1.62e-09
2026-09-25, 00:11:04, 1.57e-12, 1.62e-09
2026-09-25, 00:11:07, 1.63e-12, 1.61e-09
2026-09-25, 00:11:10, 1.54e-12, 1.62e-09
2026-09-25, 00:11:13, 1.6e-12, 1.62e-09
2026-09-25, 00:11:17, 1.58e-12, 1.61e-09
2026-09-25, 00:11:20, 1.6e-12, 1.61e-09
2026-09-25, 00:11:23, 1.55e-12, 1.62e-09
2026-09-25, 00:11:26, 1.46e-12, 1.63e-09
2026-09-25, 00:11:30, 1.61e-12, 1.62e-09
2026-09-25, 00:11:33, 1.52e-12, 1.61e-09
2026-09-25, 00:11:36, 1.52e-12, 1.61e-09
2026-09-25, 00:11:39, 1.57e-12, 1.62e-09
2026-09-25, 00:11:42, 1.69e-12, 1.62e-09
2026-09-25, 00:11:46, 1.55e-12, 1.62e-09
2026-09-25, 00:11:49, 1.6e-12, 1.62e-09
2026-09-25, 00:11:52, 1.58e-12, 1.63e-09
2026-09-25, 00:11:55, 1.59e-12, 1.63e-09
2026-09-25, 00:11:59, 1.51e-12, 1.62e-09
2026-09-25, 00:12:02, 1.56e-12, 1.62e-09
2026-09-25, 00:12:05, 1.6e-12, 1.62e-09
2026-09-25, 00:12:08, 1.56e-12, 1.61e-09
2026-09-25, 00:12:11, 1.59e-12, 1.61e-09
2026-09-25, 00:12:15, 1.58e-12, 1.62e-09
2026-09-25, 00:12:18, 1.65e-12, 1.63e-09
2026-09-25, 00:12:21, 1.56e-12, 1.62e-09
2026-09-25, 00:12:24, 1.59e-12, 1.62e-09
2026-09-25, 00:12:28, 1.61e-12, 1.61e-09
2026-09-25, 00:12:31, 1.65e-12, 1.64e-09
2026-09-25, 00:12:34, 1.6e-12, 1.65e-09
2026-09-25, 00:12:37, 1.59e-12, 1.65e-09
2026-09-25, 00:12:40, 1.58e-12, 1.64e-09
2026-09-25, 00:12:44, 1.59e-12, 1.62e-09
2026-09-25, 00:12:47, 1.58e-12, 1.55e-09
2026-09-25, 00:12:50, 1.56e-12, 1.56e-09
2026-09-25, 00:12:53, 1.6e-12, 1.56e-09
2026-09-25, 00:12:57, 1.56e-12, 1.59e-09
2026-09-25, 00:13:00, 1.54e-12, 1.63e-09
2026-09-25, 00:13:03, 1.58e-12, 1.63e-09
2026-09-25, 00:13:06, 1.6e-12, 1.62e-09
2026-09-25, 00:13:09, 1.58e-12, 1.61e-09
2026-09-25, 00:13:13, 1.59e-12, 1.62e-09
2026-09-25, 00:13:16, 1.57e-12, 1.62e-09
2026-09-25, 00:13:19, 1.61e-12, 1.62e-09
2026-09-25, 00:13:22, 1.61e-12, 1.61e-09
2026-09-25, 00:13:25, 1.54e-12, 1.61e-09
2026-09-25, 00:13:29, 1.64e-12, 1.65e-09
2026-09-25, 00:13:32, 1.64e-12, 1.65e-09
2026-09-25, 00:13:35, 1.57e-12, 1.67e-09
2026-09-25, 00:13:38, 1.58e-12, 1.65e-09
2026-09-25, 00:13:42, 1.49e-12, 1.66e-09
2026-09-25, 00:13:45, 1.6e-12, 1.65e-09
2026-09-25, 00:13:48, 1.66e-12, 1.66e-09
2026-09-25, 00:13:51, 1.6e-12, 1.66e-09
2026-09-25, 00:13:54, 1.61e-12, 1.67e-09
2026-09-25, 00:13:58, 1.63e-12, 1.68e-09
2026-09-25, 00:14:01, 1.7e-12, 1.66e-09
2026-09-25, 00:14:04, 1.54e-12, 1.67e-09
2026-09-25, 00:14:07, 1.6e-12, 1.66e-09
2026-09-25, 00:14:11, 1.53e-12, 1.66e-09
2026-09-25, 00:14:14, 1.64e-12, 1.67e-09
2026-09-25, 00:14:17, 1.57e-12, 1.68e-09
2026-09-25, 00:14:20, 1.59e-12, 1.68e-09
2026-09-25, 00:14:23, 1.56e-12, 1.68e-09
2026-09-25, 00:14:27, 1.77e-12, 1.62e-09
2026-09-25, 00:14:30, 1.62e-12, 1.65e-09
2026-09-25, 00:14:33, 1.55e-12, 1.64e-09
2026-09-25, 00:14:36, 1.59e-12, 1.65e-09
2026-09-25, 00:14:40, 1.63e-12, 1.64e-09
2026-09-25, 00:14:43, 1.64e-12, 1.65e-09
2026-09-25, 00:14:46, 1.62e-12, 1.63e-09
2026-09-25, 00:14:49, 1.63e-12, 1.64e-09
2026-09-25, 00:14:52, 1.57e-12, 1.64e-09
2026-09-25, 00:14:56, 1.52e-12, 1.65e-09
2026-09-25, 00:14:59, 1.61e-12, 1.64e-09
2026-09-25, 00:15:02, 1.57e-12, 1.64e-09
2026-09-25, 00:15:05, 1.58e-12, 1.63e-09
2026-09-25, 00:15:09, 1.61e-12, 1.63e-09
2026-09-25, 00:15:12, 1.55e-12, 1.69e-09
2026-09-25, 00:15:15, 1.65e-12, 1.69e-09
2026-09-25, 00:15:18, 1.59e-12, 1.69e-09
2026-09-25, 00:15:21, 1.63e-12, 1.69e-09
2026-09-25, 00:15:25, 1.61e-12, 1.64e-09
2026-09-25, 00:15:28, 1.61e-12, 1.65e-09
2026-09-25, 00:15:31, 1.59e-12, 1.65e-09
2026-09-25, 00:15:34, 1.59e-12, 1.65e-09
2026-09-25, 00:15:38, 1.54e-12, 1.65e-09
2026-09-25, 00:15:41, 1.61e-12, 1.66e-09
2026-09-25, 00:15:44, 1.59e-12, 1.65e-09
2026-09-25, 00:15:47, 1.62e-12, 1.65e-09
2026-09-25, 00:15:50, 1.57e-12, 1.65e-09
2026-09-25, 00:15:54, 1.56e-12, 1.64e-09
2026-09-25, 00:15:57, 1.61e-12, 1.65e-09
2026-09-25, 00:16:00, 1.66e-12, 1.65e-09
2026-09-25, 00:16:03, 1.61e-12, 1.66e-09
2026-09-25, 00:16:07, 1.49e-12, 1.65e-09
2026-09-25, 00:16:10, 1.55e-12, 1.65e-09
2026-09-25, 00:16:13, 1.54e-12, 1.66e-09
2026-09-25, 00:16:16, 1.47e-12, 1.66e-09
2026-09-25, 00:16:19, 1.53e-12, 1.64e-09
2026-09-25, 00:16:23, 1.43e-12, 1.66e-09
2026-09-25, 00:16:26, 1.59e-12, 1.66e-09
2026-09-25, 00:16:29, 1.58e-12, 1.65e-09
2026-09-25, 00:16:32, 1.62e-12, 1.65e-09
2026-09-25, 00:16:36, 1.6e-12, 1.66e-09
2026-09-25, 00:16:39, 1.56e-12, 1.66e-09
2026-09-25, 00:16:42, 1.55e-12, 1.66e-09
2026-09-25, 00:16:45, 1.6e-12, 1.66e-09
2026-09-25, 00:16:48, 1.64e-12, 1.65e-09
2026-09-25, 00:16:52, 1.52e-12, 1.65e-09
2026-09-25, 00:16:55, 1.63e-12, 1.65e-09
2026-09-25, 00:16:58, 1.64e-12, 1.65e-09
2026-09-25, 00:17:01, 1.62e-12, 1.65e-09
2026-09-25, 00:17:05, 1.61e-12, 1.64e-09
2026-09-25, 00:17:08, 1.61e-12, 1.64e-09
2026-09-25, 00:17:11, 1.61e-12, 1.65e-09
2026-09-25, 00:17:14, 1.54e-12, 1.65e-09
2026-09-25, 00:17:17, 1.63e-12, 1.65e-09
2026-09-25, 00:17:21, 1.6e-12, 1.63e-09
2026-09-25, 00:17:24, 1.6e-12, 1.63e-09
2026-09-25, 00:17:27, 1.57e-12, 1.64e-09
2026-09-25, 00:17:30, 1.56e-12, 1.65e-09
2026-09-25, 00:17:34, 1.61e-12, 1.65e-09
2026-09-25, 00:17:37, 1.61e-12, 1.65e-09
2026-09-25, 00:17:40, 1.54e-12, 1.65e-09
2026-09-25, 00:17:43, 1.58e-12, 1.64e-09
2026-09-25, 00:17:46, 1.61e-12, 1.64e-09
2026-09-25, 00:17:50, 1.62e-12, 1.66e-09
2026-09-25, 00:17:53, 1.52e-12, 1.65e-09
2026-09-25, 00:17:56, 1.62e-12, 1.64e-09
2026-09-25, 00:17:59, 1.58e-12, 1.64e-09
2026-09-25, 00:18:02, 1.55e-12, 1.64e-09
2026-09-25, 00:18:06, 1.61e-12, 1.65e-09
2026-09-25, 00:18:09, 1.53e-12, 1.65e-09
2026-09-25, 00:18:12, 1.59e-12, 1.64e-09
2026-09-25, 00:18:15, 1.58e-12, 1.63e-09
2026-09-25, 00:18:19, 1.54e-12, 1.63e-09
2026-09-25, 00:18:22, 1.64e-12, 1.65e-09
2026-09-25, 00:18:25, 1.65e-12, 1.64e-09
2026-09-25, 00:18:28, 1.71e-12, 1.64e-09
2026-09-25, 00:18:31, 1.63e-12, 1.66e-09
2026-09-25, 00:18:35, 1.59e-12, 1.64e-09
2026-09-25, 00:18:38, 1.68e-12, 1.63e-09
2026-09-25, 00:18:41, 1.52e-12, 1.63e-09
2026-09-25, 00:18:44, 1.62e-12, 1.63e-09
2026-09-25, 00:18:48, 1.57e-12, 1.65e-09
2026-09-25, 00:18:51, 1.62e-12, 1.66e-09
2026-09-25, 00:18:54, 1.61e-12, 1.64e-09
2026-09-25, 00:18:57, 1.6e-12, 1.64e-09
2026-09-25, 00:19:00, 1.61e-12, 1.65e-09
2026-09-25, 00:19:04, 1.56e-12, 1.64e-09
2026-09-25, 00:19:07, 1.57e-12, 1.65e-09
2026-09-25, 00:19:10, 1.62e-12, 1.64e-09
2026-09-25, 00:19:13, 1.63e-12, 1.64e-09
2026-09-25, 00:19:17, 1.62e-12, 1.65e-09
2026-09-25, 00:19:20, 1.6e-12, 1.64e-09
2026-09-25, 00:19:23, 1.6e-12, 1.65e-09
2026-09-25, 00:19:26, 1.65e-12, 1.65e-09
2026-09-25, 00:19:29, 1.62e-12, 1.65e-09
2026-09-25, 00:19:33, 1.52e-12, 1.64e-09
2026-09-25, 00:19:36, 1.58e-12, 1.63e-09
2026-09-25, 00:19:39, 1.58e-12, 1.64e-09
2026-09-25, 00:19:42, 1.65e-12, 1.62e-09
2026-09-25, 00:19:46, 1.58e-12, 1.62e-09
2026-09-25, 00:19:49, 1.58e-12, 1.63e-09
2026-09-25, 00:19:52, 1.57e-12, 1.63e-09
2026-09-25, 00:19:55, 1.58e-12, 1.63e-09
2026-09-25, 00:19:58, 1.59e-12, 1.65e-09
2026-09-25, 00:20:02, 1.61e-12, 1.63e-09
2026-09-25, 00:20:05, 1.55e-12, 1.59e-09
2026-09-25, 00:20:08, 1.68e-12, 1.59e-09
2026-09-25, 00:20:11, 1.59e-12, 1.58e-09
2026-09-25, 00:20:15, 1.57e-12, 1.58e-09
2026-09-25, 00:20:18, 1.59e-12, 1.59e-09
2026-09-25, 00:20:21, 1.57e-12, 1.59e-09
2026-09-25, 00:20:24, 1.66e-12, 1.58e-09
2026-09-25, 00:20:27, 1.58e-12, 1.59e-09
2026-09-25, 00:20:31, 1.55e-12, 1.57e-09
2026-09-25, 00:20:34, 1.57e-12, 1.58e-09
2026-09-25, 00:20:37, 1.67e-12, 1.58e-09
2026-09-25, 00:20:40, 1.52e-12, 1.58e-09
2026-09-25, 00:20:43, 1.57e-12, 1.62e-09
2026-09-25, 00:20:47, 1.56e-12, 1.62e-09
2026-09-25, 00:20:50, 1.69e-12, 1.68e-09
2026-09-25, 00:20:53, 1.58e-12, 1.64e-09
2026-09-25, 00:20:56, 1.65e-12, 1.63e-09
2026-09-25, 00:21:00, 1.64e-12, 1.64e-09
2026-09-25, 00:21:03, 1.68e-12, 1.64e-09
2026-09-25, 00:21:06, 1.62e-12, 1.64e-09
2026-09-25, 00:21:09, 1.54e-12, 1.64e-09
2026-09-25, 00:21:12, 1.61e-12, 1.64e-09
2026-09-25, 00:21:16, 1.6e-12, 1.63e-09
2026-09-25, 00:21:19, 1.63e-12, 1.64e-09
2026-09-25, 00:21:22, 1.57e-12, 1.63e-09
2026-09-25, 00:21:25, 1.62e-12, 1.64e-09
2026-09-25, 00:21:29, 1.55e-12, 1.64e-09
2026-09-25, 00:21:32, 1.56e-12, 1.64e-09
2026-09-25, 00:21:35, 1.59e-12, 1.65e-09
2026-09-25, 00:21:38, 1.49e-12, 1.65e-09
2026-09-25, 00:21:41, 1.59e-12, 1.64e-09
2026-09-25, 00:21:45, 1.62e-12, 1.65e-09
2026-09-25, 00:21:48, 1.61e-12, 1.63e-09
2026-09-25, 00:21:51, 1.59e-12, 1.64e-09
2026-09-25, 00:21:54, 1.55e-12, 1.63e-09
2026-09-25, 00:21:58, 1.62e-12, 1.63e-09
2026-09-25, 00:22:01, 1.64e-12, 1.64e-09
2026-09-25, 00:22:04, 1.59e-12, 1.63e-09
2026-09-25, 00:22:07, 1.53e-12, 1.63e-09
2026-09-25, 00:22:10, 1.48e-12, 1.62e-09
2026-09-25, 00:22:14, 1.6e-12, 1.65e-09
2026-09-25, 00:22:17, 1.61e-12, 1.63e-09
2026-09-25, 00:22:20, 1.59e-12, 1.63e-09
2026-09-25, 00:22:23, 1.59e-12, 1.62e-09
2026-09-25, 00:22:27, 1.6e-12, 1.62e-09
2026-09-25, 00:22:30, 1.63e-12, 1.62e-09
2026-09-25, 00:22:33, 1.58e-12, 1.62e-09
2026-09-25, 00:22:36, 1.68e-12, 1.62e-09
2026-09-25, 00:22:39, 1.56e-12, 1.63e-09
2026-09-25, 00:22:43, 1.62e-12, 1.62e-09
2026-09-25, 00:22:46, 1.66e-12, 1.62e-09
2026-09-25, 00:22:49, 1.57e-12, 1.62e-09
2026-09-25, 00:22:52, 1.6e-12, 1.62e-09
2026-09-25, 00:22:56, 1.56e-12, 1.62e-09
2026-09-25, 00:22:59, 1.64e-12, 1.62e-09
2026-09-25, 00:23:02, 1.62e-12, 1.62e-09
2026-09-25, 00:23:05, 1.62e-12, 1.63e-09
2026-09-25, 00:23:08, 1.6e-12, 1.61e-09
2026-09-25, 00:23:12, 1.63e-12, 1.63e-09
2026-09-25, 00:23:15, 1.51e-12, 1.62e-09
2026-09-25, 00:23:18, 1.56e-12, 1.61e-09
2026-09-25, 00:23:21, 1.62e-12, 1.61e-09
2026-09-25, 00:23:25, 1.62e-12, 1.61e-09
2026-09-25, 00:23:28, 1.63e-12, 1.61e-09
2026-09-25, 00:23:31, 1.63e-12, 1.62e-09
2026-09-25, 00:23:34, 1.59e-12, 1.61e-09
2026-09-25, 00:23:37, 1.56e-12, 1.62e-09
2026-09-25, 00:23:41, 1.54e-12, 1.67e-09
2026-09-25, 00:23:44, 1.58e-12, 1.67e-09
2026-09-25, 00:23:47, 1.55e-12, 1.64e-09
2026-09-25, 00:23:50, 1.59e-12, 1.62e-09
2026-09-25, 00:23:54, 1.66e-12, 1.63e-09
2026-09-25, 00:23:57, 1.65e-12, 1.63e-09
2026-09-25, 00:24:00, 1.6e-12, 1.62e-09
2026-09-25, 00:24:03, 1.55e-12, 1.62e-09
2026-09-25, 00:24:06, 1.63e-12, 1.62e-09
2026-09-25, 00:24:10, 1.58e-12, 1.62e-09
2026-09-25, 00:24:13, 1.63e-12, 1.63e-09
2026-09-25, 00:24:16, 1.58e-12, 1.64e-09
2026-09-25, 00:24:19, 1.65e-12, 1.63e-09
2026-09-25, 00:24:23, 1.58e-12, 1.62e-09
2026-09-25, 00:24:26, 1.65e-12, 1.65e-09
2026-09-25, 00:24:29, 1.62e-12, 1.62e-09
2026-09-25, 00:24:32, 1.58e-12, 1.67e-09
2026-09-25, 00:24:35, 1.55e-12, 1.67e-09
2026-09-25, 00:24:39, 1.5e-12, 1.66e-09
2026-09-25, 00:24:42, 1.59e-12, 1.63e-09
2026-09-25, 00:24:45, 1.47e-12, 1.62e-09
2026-09-25, 00:24:48, 1.64e-12, 1.67e-09
2026-09-25, 00:24:52, 1.62e-12, 1.62e-09
2026-09-25, 00:24:55, 1.57e-12, 1.63e-09
2026-09-25, 00:24:58, 1.58e-12, 1.62e-09
2026-09-25, 00:25:01, 1.61e-12, 1.62e-09
2026-09-25, 00:25:04, 1.58e-12, 1.59e-09
2026-09-25, 00:25:08, 1.57e-12, 1.59e-09
2026-09-25, 00:25:11, 1.62e-12, 1.6e-09
2026-09-25, 00:25:14, 1.59e-12, 1.6e-09
2026-09-25, 00:25:17, 1.64e-12, 1.62e-09
2026-09-25, 00:25:20, 1.54e-12, 1.59e-09
2026-09-25, 00:25:24, 1.61e-12, 1.61e-09
2026-09-25, 00:25:27, 1.57e-12, 1.63e-09
2026-09-25, 00:25:30, 1.56e-12, 1.63e-09
2026-09-25, 00:25:33, 1.64e-12, 1.62e-09
2026-09-25, 00:25:37, 1.69e-12, 1.61e-09
2026-09-25, 00:25:40, 1.64e-12, 1.63e-09
2026-09-25, 00:25:43, 1.62e-12, 1.63e-09
2026-09-25, 00:25:46, 1.59e-12, 1.6e-09
2026-09-25, 00:25:49, 1.77e-12, 1.63e-09
2026-09-25, 00:25:53, 1.62e-12, 1.62e-09
2026-09-25, 00:25:56, 1.61e-12, 1.61e-09
2026-09-25, 00:25:59, 1.56e-12, 1.64e-09
2026-09-25, 00:26:02, 1.55e-12, 1.62e-09
2026-09-25, 00:26:06, 1.57e-12, 1.62e-09
2026-09-25, 00:26:09, 1.53e-12, 1.62e-09
2026-09-25, 00:26:12, 1.65e-12, 1.63e-09
2026-09-25, 00:26:15, 1.57e-12, 1.62e-09
2026-09-25, 00:26:18, 1.57e-12, 1.66e-09
2026-09-25, 00:26:22, 1.64e-12, 1.63e-09
2026-09-25, 00:26:25, 1.57e-12, 1.62e-09
2026-09-25, 00:26:28, 1.39e-12, 1.62e-09
2026-09-25, 00:26:31, 1.55e-12, 1.61e-09
2026-09-25, 00:26:35, 1.62e-12, 1.62e-09
2026-09-25, 00:26:38, 1.62e-12, 1.62e-09
2026-09-25, 00:26:41, 1.6e-12, 1.62e-09
2026-09-25, 00:26:44, 1.53e-12, 1.62e-09
2026-09-25, 00:26:47, 1.64e-12, 1.64e-09
2026-09-25, 00:26:51, 1.64e-12, 1.63e-09
2026-09-25, 00:26:54, 1.64e-12, 1.61e-09
2026-09-25, 00:26:57, 1.59e-12, 1.61e-09
2026-09-25, 00:27:00, 1.67e-12, 1.61e-09
2026-09-25, 00:27:04, 1.62e-12, 1.62e-09
2026-09-25, 00:27:07, 1.63e-12, 1.62e-09
2026-09-25, 00:27:10, 1.6e-12, 1.62e-09
2026-09-25, 00:27:13, 1.57e-12, 1.61e-09
2026-09-25, 00:27:16, 1.53e-12, 1.61e-09
2026-09-25, 00:27:20, 1.63e-12, 1.61e-09
2026-09-25, 00:27:23, 1.62e-12, 1.61e-09
2026-09-25, 00:27:26, 1.6e-12, 1.61e-09
2026-09-25, 00:27:29, 1.6e-12, 1.61e-09
2026-09-25, 00:27:33, 1.62e-12, 1.61e-09
2026-09-25, 00:27:36, 1.62e-12, 1.6e-09
2026-09-25, 00:27:39, 1.54e-12, 1.6e-09
2026-09-25, 00:27:42, 1.66e-12, 1.6e-09
2026-09-25, 00:27:45, 1.73e-12, 1.6e-09
2026-09-25, 00:27:49, 1.58e-12, 1.61e-09
2026-09-25, 00:27:52, 1.57e-12, 1.6e-09
2026-09-25, 00:27:55, 1.63e-12, 1.6e-09
2026-09-25, 00:27:58, 1.47e-12, 1.6e-09
2026-09-25, 00:28:02, 1.62e-12, 1.61e-09
2026-09-25, 00:28:05, 1.6e-12, 1.61e-09
2026-09-25, 00:28:08, 1.46e-12, 1.6e-09
2026-09-25, 00:28:11, 1.63e-12, 1.6e-09
2026-09-25, 00:28:14, 1.63e-12, 1.6e-09
2026-09-25, 00:28:18, 1.55e-12, 1.61e-09
2026-09-25, 00:28:21, 1.6e-12, 1.6e-09
2026-09-25, 00:28:24, 1.64e-12, 1.61e-09
2026-09-25, 00:28:27, 1.49e-12, 1.6e-09
2026-09-25, 00:28:30, 1.63e-12, 1.6e-09
2026-09-25, 00:28:34, 1.62e-12, 1.61e-09
2026-09-25, 00:28:37, 1.59e-12, 1.6e-09
2026-09-25, 00:28:40, 1.67e-12, 1.6e-09
2026-09-25, 00:28:43, 1.53e-12, 1.6e-09
2026-09-25, 00:28:47, 1.6e-12, 1.59e-09
2026-09-25, 00:28:50, 1.62e-12, 1.6e-09
2026-09-25, 00:28:53, 1.54e-12, 1.59e-09
2026-09-25, 00:28:56, 1.54e-12, 1.6e-09
2026-09-25, 00:28:59, 1.57e-12, 1.61e-09
2026-09-25, 00:29:03, 1.6e-12, 1.59e-09
2026-09-25, 00:29:06, 1.59e-12, 1.58e-09
2026-09-25, 00:29:09, 1.66e-12, 1.58e-09
2026-09-25, 00:29:12, 1.52e-12, 1.59e-09
2026-09-25, 00:29:16, 1.63e-12, 1.58e-09
2026-09-25, 00:29:19, 1.57e-12, 1.58e-09
2026-09-25, 00:29:22, 1.59e-12, 1.58e-09
2026-09-25, 00:29:25, 1.62e-12, 1.58e-09
2026-09-25, 00:29:28, 1.57e-12, 1.58e-09
2026-09-25, 00:29:32, 1.53e-12, 1.59e-09
2026-09-25, 00:29:35, 1.55e-12, 1.58e-09
2026-09-25, 00:29:38, 1.61e-12, 1.58e-09
2026-09-25, 00:29:41, 1.51e-12, 1.58e-09
2026-09-25, 00:29:45, 1.62e-12, 1.58e-09
2026-09-25, 00:29:48, 1.63e-12, 1.58e-09
2026-09-25, 00:29:51, 1.58e-12, 1.6e-09
2026-09-25, 00:29:54, 1.59e-12, 1.59e-09
2026-09-25, 00:29:57, 1.55e-12, 1.59e-09
2026-09-25, 00:30:01, 1.6e-12, 1.6e-09
2026-09-25, 00:30:04, 1.59e-12, 1.59e-09
2026-09-25, 00:30:07, 1.68e-12, 1.6e-09
2026-09-25, 00:30:10, 1.62e-12, 1.59e-09
2026-09-25, 00:30:14, 1.57e-12, 1.59e-09
2026-09-25, 00:30:17, 1.62e-12, 1.59e-09
2026-09-25, 00:30:20, 1.55e-12, 1.59e-09
2026-09-25, 00:30:23, 1.51e-12, 1.6e-09
2026-09-25, 00:30:26, 1.57e-12, 1.6e-09
2026-09-25, 00:30:30, 1.55e-12, 1.59e-09
2026-09-25, 00:30:33, 1.56e-12, 1.59e-09
2026-09-25, 00:30:36, 1.62e-12, 1.61e-09
2026-09-25, 00:30:39, 1.52e-12, 1.6e-09
2026-09-25, 00:30:43, 1.45e-12, 1.6e-09
2026-09-25, 00:30:46, 1.62e-12, 1.6e-09
2026-09-25, 00:30:49, 1.62e-12, 1.6e-09
2026-09-25, 00:30:52, 1.61e-12, 1.59e-09
2026-09-25, 00:30:55, 1.58e-12, 1.59e-09
2026-09-25, 00:30:59, 1.58e-12, 1.6e-09
2026-09-25, 00:31:02, 1.6e-12, 1.59e-09
2026-09-25, 00:31:05, 1.6e-12, 1.59e-09
2026-09-25, 00:31:08, 1.58e-12, 1.59e-09
2026-09-25, 00:31:12, 1.61e-12, 1.59e-09
2026-09-25, 00:31:15, 1.59e-12, 1.59e-09
2026-09-25, 00:31:18, 1.67e-12, 1.59e-09
2026-09-25, 00:31:21, 1.57e-12, 1.59e-09
2026-09-25, 00:31:24, 1.69e-12, 1.59e-09
2026-09-25, 00:31:28, 1.57e-12, 1.59e-09
2026-09-25, 00:31:31, 1.59e-12, 1.59e-09
2026-09-25, 00:31:34, 1.57e-12, 1.6e-09
2026-09-25, 00:31:37, 1.56e-12, 1.59e-09
2026-09-25, 00:31:41, 1.59e-12, 1.59e-09
2026-09-25, 00:31:44, 1.57e-12, 1.59e-09
2026-09-25, 00:31:47, 1.65e-12, 1.6e-09
2026-09-25, 00:31:50, 1.6e-12, 1.59e-09
2026-09-25, 00:31:53, 1.6e-12, 1.59e-09
2026-09-25, 00:31:57, 1.45e-12, 1.58e-09
2026-09-25, 00:32:00, 1.58e-12, 1.59e-09
2026-09-25, 00:32:03, 1.55e-12, 1.59e-09
2026-09-25, 00:32:06, 1.64e-12, 1.59e-09
2026-09-25, 00:32:09, 1.58e-12, 1.59e-09
2026-09-25, 00:32:13, 1.58e-12, 1.59e-09
2026-09-25, 00:32:16, 1.64e-12, 1.59e-09
2026-09-25, 00:32:19, 1.61e-12, 1.6e-09
2026-09-25, 00:32:22, 1.6e-12, 1.59e-09
2026-09-25, 00:32:26, 1.62e-12, 1.59e-09
2026-09-25, 00:32:29, 1.71e-12, 1.6e-09
2026-09-25, 00:32:32, 1.58e-12, 1.6e-09
2026-09-25, 00:32:35, 1.59e-12, 1.6e-09
2026-09-25, 00:32:39, 1.56e-12, 1.62e-09
2026-09-25, 00:32:42, 1.6e-12, 1.61e-09
2026-09-25, 00:32:45, 1.55e-12, 1.58e-09
2026-09-25, 00:32:48, 1.59e-12, 1.6e-09
2026-09-25, 00:32:51, 1.58e-12, 1.59e-09
2026-09-25, 00:32:55, 1.59e-12, 1.6e-09
2026-09-25, 00:32:58, 1.61e-12, 1.58e-09
2026-09-25, 00:33:01, 1.59e-12, 1.59e-09
2026-09-25, 00:33:04, 1.6e-12, 1.58e-09
2026-09-25, 00:33:07, 1.57e-12, 1.57e-09
2026-09-25, 00:33:11, 1.63e-12, 1.59e-09
2026-09-25, 00:33:14, 1.6e-12, 1.58e-09
2026-09-25, 00:33:17, 1.55e-12, 1.6e-09
2026-09-25, 00:33:20, 1.64e-12, 1.58e-09
2026-09-25, 00:33:24, 1.53e-12, 1.59e-09
2026-09-25, 00:33:27, 1.5e-12, 1.59e-09
2026-09-25, 00:33:30, 1.51e-12, 1.61e-09
2026-09-25, 00:33:33, 1.62e-12, 1.59e-09
2026-09-25, 00:33:36, 1.63e-12, 1.59e-09
2026-09-25, 00:33:40, 1.57e-12, 1.59e-09
2026-09-25, 00:33:43, 1.67e-12, 1.58e-09
2026-09-25, 00:33:46, 1.62e-12, 1.59e-09
2026-09-25, 00:33:49, 1.65e-12, 1.58e-09
2026-09-25, 00:33:53, 1.58e-12, 1.6e-09
2026-09-25, 00:33:56, 1.66e-12, 1.6e-09
2026-09-25, 00:33:59, 1.62e-12, 1.58e-09
2026-09-25, 00:34:02, 1.57e-12, 1.58e-09
2026-09-25, 00:34:05, 1.52e-12, 1.58e-09
2026-09-25, 00:34:09, 1.58e-12, 1.58e-09
2026-09-25, 00:34:12, 1.59e-12, 1.58e-09
2026-09-25, 00:34:15, 1.53e-12, 1.58e-09
2026-09-25, 00:34:18, 1.62e-12, 1.58e-09
2026-09-25, 00:34:22, 1.51e-12, 1.58e-09
2026-09-25, 00:34:25, 1.62e-12, 1.58e-09
2026-09-25, 00:34:28, 1.6e-12, 1.58e-09
2026-09-25, 00:34:31, 1.58e-12, 1.58e-09
2026-09-25, 00:34:34, 1.68e-12, 1.6e-09
2026-09-25, 00:34:38, 1.56e-12, 1.59e-09
2026-09-25, 00:34:41, 1.61e-12, 1.58e-09
2026-09-25, 00:34:44, 1.62e-12, 1.58e-09
2026-09-25, 00:34:47, 1.64e-12, 1.59e-09
2026-09-25, 00:34:51, 1.62e-12, 1.58e-09
2026-09-25, 00:34:54, 1.58e-12, 1.58e-09
2026-09-25, 00:34:57, 1.57e-12, 1.58e-09
2026-09-25, 00:35:00, 1.53e-12, 1.59e-09
2026-09-25, 00:35:03, 1.62e-12, 1.6e-09
2026-09-25, 00:35:07, 1.52e-12, 1.58e-09
2026-09-25, 00:35:10, 1.62e-12, 1.59e-09
2026-09-25, 00:35:13, 1.68e-12, 1.58e-09
2026-09-25, 00:35:16, 1.62e-12, 1.58e-09
2026-09-25, 00:35:20, 1.54e-12, 1.57e-09
2026-09-25, 00:35:23, 1.43e-12, 1.58e-09
2026-09-25, 00:35:26, 1.62e-12, 1.58e-09
2026-09-25, 00:35:29, 1.58e-12, 1.58e-09
2026-09-25, 00:35:32, 1.59e-12, 1.58e-09
2026-09-25, 00:35:36, 1.71e-12, 1.58e-09
2026-09-25, 00:35:39, 1.63e-12, 1.58e-09
2026-09-25, 00:35:42, 1.57e-12, 1.58e-09
2026-09-25, 00:35:45, 1.66e-12, 1.58e-09
2026-09-25, 00:35:48, 1.61e-12, 1.59e-09
2026-09-25, 00:35:52, 1.6e-12, 1.59e-09
2026-09-25, 00:35:55, 1.6e-12, 1.58e-09
2026-09-25, 00:35:58, 1.57e-12, 1.58e-09
2026-09-25, 00:36:01, 1.66e-12, 1.58e-09
2026-09-25, 00:36:05, 1.56e-12, 1.59e-09
2026-09-25, 00:36:08, 1.51e-12, 1.59e-09
2026-09-25, 00:36:11, 1.59e-12, 1.59e-09
2026-09-25, 00:36:14, 1.59e-12, 1.59e-09
2026-09-25, 00:36:17, 1.61e-12, 1.59e-09
2026-09-25, 00:36:21, 1.58e-12, 1.59e-09
2026-09-25, 00:36:24, 1.6e-12, 1.58e-09
2026-09-25, 00:36:27, 1.62e-12, 1.59e-09
2026-09-25, 00:36:30, 1.6e-12, 1.59e-09
2026-09-25, 00:36:34, 1.63e-12, 1.6e-09
2026-09-25, 00:36:37, 1.58e-12, 1.59e-09
2026-09-25, 00:36:40, 1.56e-12, 1.6e-09
2026-09-25, 00:36:43, 1.55e-12, 1.59e-09
2026-09-25, 00:36:46, 1.57e-12, 1.59e-09
2026-09-25, 00:36:50, 1.64e-12, 1.59e-09
2026-09-25, 00:36:53, 1.52e-12, 1.59e-09
2026-09-25, 00:36:56, 1.58e-12, 1.6e-09
2026-09-25, 00:36:59, 1.6e-12, 1.61e-09
2026-09-25, 00:37:03, 1.56e-12, 1.59e-09
2026-09-25, 00:37:06, 1.6e-12, 1.6e-09
2026-09-25, 00:37:09, 1.51e-12, 1.59e-09
2026-09-25, 00:37:12, 1.49e-12, 1.59e-09
2026-09-25, 00:37:15, 1.71e-12, 1.6e-09
2026-09-25, 00:37:19, 1.54e-12, 1.59e-09
2026-09-25, 00:37:22, 1.57e-12, 1.59e-09
2026-09-25, 00:37:25, 1.54e-12, 1.59e-09
2026-09-25, 00:37:28, 1.67e-12, 1.6e-09
2026-09-25, 00:37:32, 1.56e-12, 1.59e-09
2026-09-25, 00:37:35, 1.58e-12, 1.59e-09
2026-09-25, 00:37:38, 1.52e-12, 1.6e-09
2026-09-25, 00:37:41, 1.65e-12, 1.59e-09
2026-09-25, 00:37:44, 1.63e-12, 1.61e-09
2026-09-25, 00:37:48, 1.64e-12, 1.59e-09
2026-09-25, 00:37:51, 1.58e-12, 1.59e-09
2026-09-25, 00:37:54, 1.53e-12, 1.58e-09
2026-09-25, 00:37:57, 1.48e-12, 1.59e-09
2026-09-25, 00:38:01, 1.58e-12, 1.59e-09
2026-09-25, 00:38:04, 1.48e-12, 1.61e-09
2026-09-25, 00:38:07, 1.59e-12, 1.59e-09
2026-09-25, 00:38:10, 1.55e-12, 1.6e-09
2026-09-25, 00:38:13, 1.61e-12, 1.59e-09
2026-09-25, 00:38:17, 1.63e-12, 1.6e-09
2026-09-25, 00:38:20, 1.6e-12, 1.59e-09
2026-09-25, 00:38:23, 1.6e-12, 1.6e-09
2026-09-25, 00:38:26, 1.59e-12, 1.59e-09
2026-09-25, 00:38:30, 1.55e-12, 1.58e-09
2026-09-25, 00:38:33, 1.55e-12, 1.6e-09
2026-09-25, 00:38:36, 1.59e-12, 1.59e-09
2026-09-25, 00:38:39, 1.61e-12, 1.6e-09
2026-09-25, 00:38:42, 1.58e-12, 1.6e-09
2026-09-25, 00:38:46, 1.54e-12, 1.6e-09
2026-09-25, 00:38:49, 1.55e-12, 1.6e-09
2026-09-25, 00:38:52, 1.62e-12, 1.59e-09
2026-09-25, 00:38:55, 1.57e-12, 1.59e-09
2026-09-25, 00:38:58, 1.56e-12, 1.59e-09
2026-09-25, 00:39:02, 1.63e-12, 1.6e-09
2026-09-25, 00:39:05, 1.61e-12, 1.58e-09
2026-09-25, 00:39:08, 1.6e-12, 1.6e-09
2026-09-25, 00:39:11, 1.55e-12, 1.6e-09
2026-09-25, 00:39:15, 1.58e-12, 1.59e-09
2026-09-25, 00:39:18, 1.63e-12, 1.6e-09
2026-09-25, 00:39:21, 1.59e-12, 1.6e-09
2026-09-25, 00:39:24, 1.61e-12, 1.59e-09
2026-09-25, 00:39:27, 1.68e-12, 1.6e-09
2026-09-25, 00:39:31, 1.46e-12, 1.6e-09
2026-09-25, 00:39:34, 1.53e-12, 1.59e-09
2026-09-25, 00:39:37, 1.54e-12, 1.59e-09
2026-09-25, 00:39:40, 1.59e-12, 1.6e-09
2026-09-25, 00:39:44, 1.64e-12, 1.59e-09
2026-09-25, 00:39:47, 1.55e-12, 1.6e-09
2026-09-25, 00:39:50, 1.6e-12, 1.6e-09
2026-09-25, 00:39:53, 1.59e-12, 1.6e-09
2026-09-25, 00:39:56, 1.55e-12, 1.59e-09
2026-09-25, 00:40:00, 1.62e-12, 1.6e-09
2026-09-25, 00:40:03, 1.6e-12, 1.59e-09
2026-09-25, 00:40:06, 1.74e-12, 1.6e-09
2026-09-25, 00:40:09, 1.57e-12, 1.6e-09
2026-09-25, 00:40:13, 1.61e-12, 1.6e-09
2026-09-25, 00:40:16, 1.54e-12, 1.58e-09
2026-09-25, 00:40:19, 1.7e-12, 1.59e-09
2026-09-25, 00:40:22, 1.57e-12, 1.58e-09
2026-09-25, 00:40:25, 1.55e-12, 1.58e-09
2026-09-25, 00:40:29, 1.56e-12, 1.57e-09
2026-09-25, 00:40:32, 1.56e-12, 1.61e-09
2026-09-25, 00:40:35, 1.64e-12, 1.61e-09
2026-09-25, 00:40:38, 1.6e-12, 1.6e-09
2026-09-25, 00:40:42, 1.59e-12, 1.6e-09
2026-09-25, 00:40:45, 1.58e-12, 1.58e-09
2026-09-25, 00:40:48, 1.57e-12, 1.58e-09
2026-09-25, 00:40:51, 1.63e-12, 1.58e-09
2026-09-25, 00:40:54, 1.6e-12, 1.59e-09
2026-09-25, 00:40:58, 1.62e-12, 1.6e-09
2026-09-25, 00:41:01, 1.64e-12, 1.59e-09
2026-09-25, 00:41:04, 1.56e-12, 1.6e-09
2026-09-25, 00:41:07, 1.6e-12, 1.59e-09
2026-09-25, 00:41:11, 1.51e-12, 1.59e-09
2026-09-25, 00:41:14, 1.6e-12, 1.6e-09
2026-09-25, 00:41:17, 1.61e-12, 1.61e-09
2026-09-25, 00:41:20, 1.59e-12, 1.59e-09
2026-09-25, 00:41:23, 1.62e-12, 1.59e-09
2026-09-25, 00:41:27, 1.61e-12, 1.59e-09
2026-09-25, 00:41:30, 1.62e-12, 1.6e-09
2026-09-25, 00:41:33, 1.56e-12, 1.6e-09
2026-09-25, 00:41:36, 1.65e-12, 1.6e-09
2026-09-25, 00:41:40, 1.48e-12, 1.63e-09
2026-09-25, 00:41:43, 1.6e-12, 1.62e-09
2026-09-25, 00:41:46, 1.62e-12, 1.62e-09
2026-09-25, 00:41:49, 1.56e-12, 1.57e-09
2026-09-25, 00:41:52, 1.69e-12, 1.56e-09
2026-09-25, 00:41:56, 1.71e-12, 1.57e-09
2026-09-25, 00:41:59, 1.62e-12, 1.56e-09
2026-09-25, 00:42:02, 1.57e-12, 1.61e-09
2026-09-25, 00:42:05, 1.65e-12, 1.6e-09
2026-09-25, 00:42:08, 1.6e-12, 1.61e-09
2026-09-25, 00:42:12, 1.55e-12, 1.61e-09
2026-09-25, 00:42:15, 1.59e-12, 1.6e-09
2026-09-25, 00:42:18, 1.66e-12, 1.6e-09
2026-09-25, 00:42:21, 1.61e-12, 1.62e-09
2026-09-25, 00:42:25, 1.64e-12, 1.61e-09
2026-09-25, 00:42:28, 1.61e-12, 1.61e-09
2026-09-25, 00:42:31, 1.66e-12, 1.61e-09
2026-09-25, 00:42:34, 1.66e-12, 1.6e-09
2026-09-25, 00:42:37, 1.53e-12, 1.61e-09
2026-09-25, 00:42:41, 1.35e-12, 1.61e-09
2026-09-25, 00:42:44, 1.51e-12, 1.61e-09
2026-09-25, 00:42:47, 1.6e-12, 1.6e-09
2026-09-25, 00:42:50, 1.52e-12, 1.6e-09
2026-09-25, 00:42:54, 1.51e-12, 1.59e-09
2026-09-25, 00:42:57, 1.56e-12, 1.61e-09
2026-09-25, 00:43:00, 1.63e-12, 1.6e-09
2026-09-25, 00:43:03, 1.53e-12, 1.61e-09
2026-09-25, 00:43:06, 1.61e-12, 1.6e-09
2026-09-25, 00:43:10, 1.64e-12, 1.59e-09
2026-09-25, 00:43:13, 1.5e-12, 1.59e-09
2026-09-25, 00:43:16, 1.58e-12, 1.59e-09
2026-09-25, 00:43:19, 1.59e-12, 1.59e-09
2026-09-25, 00:43:23, 1.54e-12, 1.61e-09
2026-09-25, 00:43:26, 1.63e-12, 1.6e-09
2026-09-25, 00:43:29, 1.61e-12, 1.6e-09
2026-09-25, 00:43:32, 1.59e-12, 1.6e-09
2026-09-25, 00:43:35, 1.59e-12, 1.6e-09
2026-09-25, 00:43:39, 1.6e-12, 1.62e-09
2026-09-25, 00:43:42, 1.62e-12, 1.6e-09
2026-09-25, 00:43:45, 1.58e-12, 1.6e-09
2026-09-25, 00:43:48, 1.56e-12, 1.62e-09
2026-09-25, 00:43:52, 1.61e-12, 1.61e-09
2026-09-25, 00:43:55, 1.58e-12, 1.62e-09
2026-09-25, 00:43:58, 1.67e-12, 1.6e-09
2026-09-25, 00:44:01, 1.62e-12, 1.6e-09
2026-09-25, 00:44:04, 1.6e-12, 1.6e-09
2026-09-25, 00:44:08, 1.6e-12, 1.6e-09
2026-09-25, 00:44:11, 1.62e-12, 1.6e-09
2026-09-25, 00:44:14, 1.61e-12, 1.59e-09
2026-09-25, 00:44:17, 1.6e-12, 1.59e-09
2026-09-25, 00:44:21, 1.58e-12, 1.6e-09
2026-09-25, 00:44:24, 1.59e-12, 1.6e-09
2026-09-25, 00:44:27, 1.78e-12, 1.59e-09
2026-09-25, 00:44:30, 1.64e-12, 1.59e-09
2026-09-25, 00:44:33, 1.66e-12, 1.62e-09
2026-09-25, 00:44:37, 1.64e-12, 1.6e-09
2026-09-25, 00:44:40, 1.53e-12, 1.59e-09
2026-09-25, 00:44:43, 1.65e-12, 1.59e-09
2026-09-25, 00:44:46, 1.66e-12, 1.61e-09
2026-09-25, 00:44:50, 1.55e-12, 1.62e-09
2026-09-25, 00:44:53, 1.56e-12, 1.63e-09
2026-09-25, 00:44:56, 1.59e-12, 1.61e-09
2026-09-25, 00:44:59, 1.6e-12, 1.61e-09
2026-09-25, 00:45:02, 1.59e-12, 1.6e-09
2026-09-25, 00:45:06, 1.62e-12, 1.6e-09
2026-09-25, 00:45:09, 1.58e-12, 1.6e-09
2026-09-25, 00:45:12, 1.63e-12, 1.6e-09
2026-09-25, 00:45:15, 1.56e-12, 1.61e-09
2026-09-25, 00:45:18, 1.69e-12, 1.6e-09
2026-09-25, 00:45:22, 1.58e-12, 1.6e-09
2026-09-25, 00:45:25, 1.6e-12, 1.59e-09
2026-09-25, 00:45:28, 1.57e-12, 1.6e-09
2026-09-25, 00:45:31, 1.68e-12, 1.6e-09
2026-09-25, 00:45:35, 1.63e-12, 1.6e-09
2026-09-25, 00:45:38, 1.55e-12, 1.6e-09
2026-09-25, 00:45:41, 1.61e-12, 1.61e-09
2026-09-25, 00:45:44, 1.54e-12, 1.61e-09
2026-09-25, 00:45:47, 1.59e-12, 1.6e-09
2026-09-25, 00:45:51, 1.52e-12, 1.6e-09
2026-09-25, 00:45:54, 1.66e-12, 1.59e-09
2026-09-25, 00:45:57, 1.57e-12, 1.59e-09
2026-09-25, 00:46:00, 1.61e-12, 1.6e-09
2026-09-25, 00:46:04, 1.49e-12, 1.61e-09
2026-09-25, 00:46:07, 1.58e-12, 1.6e-09
2026-09-25, 00:46:10, 1.63e-12, 1.6e-09
2026-09-25, 00:46:13, 1.59e-12, 1.6e-09
2026-09-25, 00:46:16, 1.65e-12, 1.6e-09
2026-09-25, 00:46:20, 1.64e-12, 1.6e-09
2026-09-25, 00:46:23, 1.64e-12, 1.6e-09
2026-09-25, 00:46:26, 1.63e-12, 1.6e-09
2026-09-25, 00:46:29, 1.59e-12, 1.6e-09
2026-09-25, 00:46:33, 1.55e-12, 1.6e-09
2026-09-25, 00:46:36, 1.59e-12, 1.6e-09
2026-09-25, 00:46:39, 1.39e-12, 1.6e-09
2026-09-25, 00:46:42, 1.63e-12, 1.6e-09
2026-09-25, 00:46:45, 1.49e-12, 1.61e-09
2026-09-25, 00:46:49, 1.62e-12, 1.6e-09
2026-09-25, 00:46:52, 1.6e-12, 1.59e-09
2026-09-25, 00:46:55, 1.66e-12, 1.59e-09
2026-09-25, 00:46:58, 1.53e-12, 1.6e-09
2026-09-25, 00:47:02, 1.61e-12, 1.6e-09
2026-09-25, 00:47:05, 1.58e-12, 1.6e-09
2026-09-25, 00:47:08, 1.55e-12, 1.6e-09
2026-09-25, 00:47:11, 1.59e-12, 1.6e-09
2026-09-25, 00:47:14, 1.55e-12, 1.6e-09
2026-09-25, 00:47:18, 1.59e-12, 1.6e-09
2026-09-25, 00:47:21, 1.58e-12, 1.6e-09
2026-09-25, 00:47:24, 1.45e-12, 1.61e-09
2026-09-25, 00:47:27, 1.61e-12, 1.61e-09
2026-09-25, 00:47:31, 1.57e-12, 1.61e-09
2026-09-25, 00:47:34, 1.65e-12, 1.6e-09
2026-09-25, 00:47:37, 1.63e-12, 1.62e-09
2026-09-25, 00:47:40, 1.58e-12, 1.63e-09
2026-09-25, 00:47:43, 1.59e-12, 1.62e-09
2026-09-25, 00:47:47, 1.52e-12, 1.62e-09
2026-09-25, 00:47:50, 1.54e-12, 1.61e-09
2026-09-25, 00:47:53, 1.57e-12, 1.56e-09
2026-09-25, 00:47:56, 1.59e-12, 1.57e-09
2026-09-25, 00:48:00, 1.59e-12, 1.56e-09
2026-09-25, 00:48:03, 1.58e-12, 1.57e-09
2026-09-25, 00:48:06, 1.63e-12, 1.57e-09
2026-09-25, 00:48:09, 1.62e-12, 1.55e-09
2026-09-25, 00:48:12, 1.65e-12, 1.58e-09
2026-09-25, 00:48:16, 1.59e-12, 1.62e-09
2026-09-25, 00:48:19, 1.46e-12, 1.61e-09
2026-09-25, 00:48:22, 1.47e-12, 1.61e-09
2026-09-25, 00:48:25, 1.6e-12, 1.61e-09
2026-09-25, 00:48:28, 1.54e-12, 1.61e-09
2026-09-25, 00:48:32, 1.42e-12, 1.6e-09
2026-09-25, 00:48:35, 1.43e-12, 1.61e-09
2026-09-25, 00:48:38, 1.68e-12, 1.61e-09
2026-09-25, 00:48:41, 1.55e-12, 1.61e-09
2026-09-25, 00:48:45, 1.55e-12, 1.61e-09
2026-09-25, 00:48:48, 1.53e-12, 1.61e-09
2026-09-25, 00:48:51, 1.59e-12, 1.61e-09
2026-09-25, 00:48:54, 1.57e-12, 1.61e-09
2026-09-25, 00:48:57, 1.6e-12, 1.61e-09
2026-09-25, 00:49:01, 1.54e-12, 1.61e-09
2026-09-25, 00:49:04, 1.48e-12, 1.61e-09
2026-09-25, 00:49:07, 1.55e-12, 1.61e-09
2026-09-25, 00:49:10, 1.66e-12, 1.63e-09
2026-09-25, 00:49:14, 1.65e-12, 1.6e-09
2026-09-25, 00:49:17, 1.65e-12, 1.61e-09
2026-09-25, 00:49:20, 1.58e-12, 1.61e-09
2026-09-25, 00:49:23, 1.57e-12, 1.61e-09
2026-09-25, 00:49:26, 1.64e-12, 1.6e-09
2026-09-25, 00:49:30, 1.53e-12, 1.61e-09
2026-09-25, 00:49:33, 1.67e-12, 1.61e-09
2026-09-25, 00:49:36, 1.6e-12, 1.6e-09
2026-09-25, 00:49:39, 1.63e-12, 1.61e-09
2026-09-25, 00:49:43, 1.56e-12, 1.62e-09
2026-09-25, 00:49:46, 1.6e-12, 1.61e-09
2026-09-25, 00:49:49, 1.62e-12, 1.61e-09
2026-09-25, 00:49:52, 1.65e-12, 1.6e-09
2026-09-25, 00:49:55, 1.68e-12, 1.61e-09
2026-09-25, 00:49:59, 1.46e-12, 1.61e-09
2026-09-25, 00:50:02, 1.59e-12, 1.6e-09
2026-09-25, 00:50:05, 1.56e-12, 1.61e-09
2026-09-25, 00:50:08, 1.61e-12, 1.62e-09
2026-09-25, 00:50:12, 1.62e-12, 1.61e-09
2026-09-25, 00:50:15, 1.56e-12, 1.61e-09
2026-09-25, 00:50:18, 1.48e-12, 1.61e-09
2026-09-25, 00:50:21, 1.63e-12, 1.61e-09
2026-09-25, 00:50:24, 1.56e-12, 1.62e-09
2026-09-25, 00:50:28, 1.55e-12, 1.61e-09
2026-09-25, 00:50:31, 1.58e-12, 1.61e-09
2026-09-25, 00:50:34, 1.6e-12, 1.61e-09
2026-09-25, 00:50:37, 1.57e-12, 1.62e-09
2026-09-25, 00:50:41, 1.57e-12, 1.61e-09
2026-09-25, 00:50:44, 1.57e-12, 1.61e-09
2026-09-25, 00:50:47, 1.59e-12, 1.61e-09
2026-09-25, 00:50:50, 1.73e-12, 1.62e-09
2026-09-25, 00:50:53, 1.49e-12, 1.61e-09
2026-09-25, 00:50:57, 1.58e-12, 1.61e-09
2026-09-25, 00:51:00, 1.5e-12, 1.6e-09
2026-09-25, 00:51:03, 1.59e-12, 1.6e-09
2026-09-25, 00:51:06, 1.61e-12, 1.59e-09
2026-09-25, 00:51:10, 1.6e-12, 1.61e-09
2026-09-25, 00:51:13, 1.56e-12, 1.6e-09
2026-09-25, 00:51:16, 1.57e-12, 1.61e-09
2026-09-25, 00:51:19, 1.57e-12, 1.6e-09
2026-09-25, 00:51:22, 1.58e-12, 1.61e-09
2026-09-25, 00:51:26, 1.58e-12, 1.61e-09
2026-09-25, 00:51:29, 1.46e-12, 1.59e-09
2026-09-25, 00:51:32, 1.59e-12, 1.6e-09
2026-09-25, 00:51:35, 1.67e-12, 1.59e-09
2026-09-25, 00:51:38, 1.55e-12, 1.59e-09
2026-09-25, 00:51:42, 1.59e-12, 1.59e-09
2026-09-25, 00:51:45, 1.61e-12, 1.59e-09
2026-09-25, 00:51:48, 1.59e-12, 1.59e-09
2026-09-25, 00:51:51, 1.57e-12, 1.59e-09
2026-09-25, 00:51:55, 1.52e-12, 1.59e-09
2026-09-25, 00:51:58, 1.58e-12, 1.59e-09
2026-09-25, 00:52:01, 1.61e-12, 1.59e-09
2026-09-25, 00:52:04, 1.61e-12, 1.59e-09
2026-09-25, 00:52:07, 1.71e-12, 1.59e-09
2026-09-25, 00:52:11, 1.54e-12, 1.59e-09
2026-09-25, 00:52:14, 1.6e-12, 1.59e-09
2026-09-25, 00:52:17, 1.57e-12, 1.59e-09
2026-09-25, 00:52:20, 1.53e-12, 1.59e-09
2026-09-25, 00:52:24, 1.59e-12, 1.59e-09
2026-09-25, 00:52:27, 1.61e-12, 1.6e-09
2026-09-25, 00:52:30, 1.6e-12, 1.59e-09
2026-09-25, 00:52:33, 1.6e-12, 1.6e-09
2026-09-25, 00:52:36, 1.6e-12, 1.58e-09
2026-09-25, 00:52:40, 1.58e-12, 1.59e-09
2026-09-25, 00:52:43, 1.59e-12, 1.59e-09
2026-09-25, 00:52:46, 1.55e-12, 1.59e-09
2026-09-25, 00:52:49, 1.61e-12, 1.59e-09
2026-09-25, 00:52:53, 1.59e-12, 1.59e-09
2026-09-25, 00:52:56, 1.62e-12, 1.59e-09
2026-09-25, 00:52:59, 1.58e-12, 1.59e-09
2026-09-25, 00:53:02, 1.55e-12, 1.58e-09
2026-09-25, 00:53:05, 1.76e-12, 1.59e-09
2026-09-25, 00:53:09, 1.56e-12, 1.59e-09
2026-09-25, 00:53:12, 1.64e-12, 1.59e-09
2026-09-25, 00:53:15, 1.54e-12, 1.58e-09
2026-09-25, 00:53:18, 1.54e-12, 1.59e-09
2026-09-25, 00:53:22, 1.53e-12, 1.59e-09
2026-09-25, 00:53:25, 1.49e-12, 1.58e-09
2026-09-25, 00:53:28, 1.59e-12, 1.58e-09
2026-09-25, 00:53:31, 1.54e-12, 1.58e-09
2026-09-25, 00:53:34, 1.66e-12, 1.59e-09
2026-09-25, 00:53:38, 1.58e-12, 1.58e-09
2026-09-25, 00:53:41, 1.59e-12, 1.59e-09
2026-09-25, 00:53:44, 1.57e-12, 1.58e-09
2026-09-25, 00:53:47, 1.76e-12, 1.6e-09
2026-09-25, 00:53:51, 1.6e-12, 1.59e-09
2026-09-25, 00:53:54, 1.63e-12, 1.59e-09
2026-09-25, 00:53:57, 1.57e-12, 1.59e-09
2026-09-25, 00:54:00, 1.68e-12, 1.59e-09
2026-09-25, 00:54:03, 1.58e-12, 1.58e-09
2026-09-25, 00:54:07, 1.68e-12, 1.59e-09
2026-09-25, 00:54:10, 1.58e-12, 1.58e-09
2026-09-25, 00:54:13, 1.54e-12, 1.59e-09
2026-09-25, 00:54:16, 1.55e-12, 1.59e-09
2026-09-25, 00:54:20, 1.61e-12, 1.58e-09
2026-09-25, 00:54:23, 1.61e-12, 1.6e-09
2026-09-25, 00:54:26, 1.64e-12, 1.6e-09
2026-09-25, 00:54:29, 1.58e-12, 1.6e-09
2026-09-25, 00:54:32, 1.49e-12, 1.6e-09
2026-09-25, 00:54:36, 1.6e-12, 1.58e-09
2026-09-25, 00:54:39, 1.61e-12, 1.59e-09
2026-09-25, 00:54:42, 1.62e-12, 1.6e-09
2026-09-25, 00:54:45, 1.72e-12, 1.61e-09
2026-09-25, 00:54:49, 1.64e-12, 1.6e-09
2026-09-25, 00:54:52, 1.65e-12, 1.6e-09
2026-09-25, 00:54:55, 1.6e-12, 1.6e-09
2026-09-25, 00:54:58, 1.53e-12, 1.6e-09
2026-09-25, 00:55:01, 1.52e-12, 1.6e-09
2026-09-25, 00:55:05, 1.57e-12, 1.59e-09
2026-09-25, 00:55:08, 1.58e-12, 1.59e-09
2026-09-25, 00:55:11, 1.58e-12, 1.6e-09
2026-09-25, 00:55:14, 1.6e-12, 1.59e-09
2026-09-25, 00:55:18, 1.62e-12, 1.59e-09
2026-09-25, 00:55:21, 1.59e-12, 1.62e-09
2026-09-25, 00:55:24, 1.61e-12, 1.59e-09
2026-09-25, 00:55:27, 1.65e-12, 1.6e-09
2026-09-25, 00:55:30, 1.53e-12, 1.6e-09
2026-09-25, 00:55:34, 1.56e-12, 1.61e-09
2026-09-25, 00:55:37, 1.57e-12, 1.6e-09
2026-09-25, 00:55:40, 1.56e-12, 1.6e-09
2026-09-25, 00:55:43, 1.59e-12, 1.6e-09
2026-09-25, 00:55:46, 1.58e-12, 1.6e-09
2026-09-25, 00:55:50, 1.64e-12, 1.6e-09
2026-09-25, 00:55:53, 1.68e-12, 1.6e-09
2026-09-25, 00:55:56, 1.67e-12, 1.6e-09
2026-09-25, 00:55:59, 1.62e-12, 1.6e-09
2026-09-25, 00:56:03, 1.61e-12, 1.59e-09
2026-09-25, 00:56:06, 1.59e-12, 1.61e-09
2026-09-25, 00:56:09, 1.7e-12, 1.61e-09
2026-09-25, 00:56:12, 1.56e-12, 1.61e-09
2026-09-25, 00:56:15, 1.52e-12, 1.6e-09
2026-09-25, 00:56:19, 1.61e-12, 1.6e-09
2026-09-25, 00:56:22, 1.61e-12, 1.62e-09
2026-09-25, 00:56:25, 1.54e-12, 1.6e-09
2026-09-25, 00:56:28, 1.5e-12, 1.64e-09
2026-09-25, 00:56:32, 1.59e-12, 1.63e-09
2026-09-25, 00:56:35, 1.54e-12, 1.57e-09
2026-09-25, 00:56:38, 1.58e-12, 1.64e-09
2026-09-25, 00:56:41, 1.68e-12, 1.64e-09
2026-09-25, 00:56:44, 1.59e-12, 1.64e-09
2026-09-25, 00:56:48, 1.58e-12, 1.63e-09
2026-09-25, 00:56:51, 1.63e-12, 1.65e-09
2026-09-25, 00:56:54, 1.62e-12, 1.64e-09
2026-09-25, 00:56:57, 1.55e-12, 1.63e-09
2026-09-25, 00:57:01, 1.6e-12, 1.57e-09
2026-09-25, 00:57:04, 1.62e-12, 1.57e-09
2026-09-25, 00:57:07, 1.55e-12, 1.57e-09
2026-09-25, 00:57:10, 1.55e-12, 1.57e-09
2026-09-25, 00:57:13, 1.45e-12, 1.57e-09
2026-09-25, 00:57:17, 1.64e-12, 1.56e-09
2026-09-25, 00:57:20, 1.59e-12, 1.59e-09
2026-09-25, 00:57:23, 1.58e-12, 1.59e-09
2026-09-25, 00:57:26, 1.56e-12, 1.59e-09
2026-09-25, 00:57:30, 1.57e-12, 1.58e-09
2026-09-25, 00:57:33, 1.55e-12, 1.58e-09
2026-09-25, 00:57:36, 1.56e-12, 1.58e-09
2026-09-25, 00:57:39, 1.65e-12, 1.62e-09
2026-09-25, 00:57:42, 1.56e-12, 1.59e-09
2026-09-25, 00:57:46, 1.53e-12, 1.59e-09
2026-09-25, 00:57:49, 1.62e-12, 1.59e-09
2026-09-25, 00:57:52, 1.57e-12, 1.59e-09
2026-09-25, 00:57:55, 1.66e-12, 1.59e-09
2026-09-25, 00:57:59, 1.59e-12, 1.61e-09
2026-09-25, 00:58:02, 1.62e-12, 1.59e-09
2026-09-25, 00:58:05, 1.55e-12, 1.59e-09
2026-09-25, 00:58:08, 1.64e-12, 1.61e-09
2026-09-25, 00:58:11, 1.43e-12, 1.63e-09
2026-09-25, 00:58:15, 1.54e-12, 1.63e-09
2026-09-25, 00:58:18, 1.63e-12, 1.63e-09
2026-09-25, 00:58:21, 1.53e-12, 1.62e-09
2026-09-25, 00:58:24, 1.62e-12, 1.62e-09
2026-09-25, 00:58:27, 1.59e-12, 1.59e-09
2026-09-25, 00:58:31, 1.68e-12, 1.59e-09
2026-09-25, 00:58:34, 1.52e-12, 1.59e-09
2026-09-25, 00:58:37, 1.55e-12, 1.59e-09
2026-09-25, 00:58:40, 1.53e-12, 1.6e-09
2026-09-25, 00:58:44, 1.65e-12, 1.61e-09
2026-09-25, 00:58:47, 1.7e-12, 1.62e-09
2026-09-25, 00:58:50, 1.48e-12, 1.61e-09
2026-09-25, 00:58:53, 1.59e-12, 1.62e-09
2026-09-25, 00:58:56, 1.56e-12, 1.62e-09
2026-09-25, 00:59:00, 1.61e-12, 1.61e-09
2026-09-25, 00:59:03, 1.56e-12, 1.61e-09
2026-09-25, 00:59:06, 1.58e-12, 1.62e-09
2026-09-25, 00:59:09, 1.6e-12, 1.62e-09
2026-09-25, 00:59:13, 1.59e-12, 1.62e-09
2026-09-25, 00:59:16, 1.59e-12, 1.6e-09
2026-09-25, 00:59:19, 1.65e-12, 1.6e-09
2026-09-25, 00:59:22, 1.79e-12, 1.59e-09
2026-09-25, 00:59:25, 1.61e-12, 1.59e-09
2026-09-25, 00:59:29, 1.62e-12, 1.6e-09
2026-09-25, 00:59:32, 1.74e-12, 1.6e-09
2026-09-25, 00:59:35, 1.55e-12, 1.59e-09
2026-09-25, 00:59:38, 1.59e-12, 1.59e-09
2026-09-25, 00:59:42, 1.61e-12, 1.59e-09
2026-09-25, 00:59:45, 1.61e-12, 1.59e-09
2026-09-25, 00:59:48, 1.57e-12, 1.6e-09
2026-09-25, 00:59:51, 1.59e-12, 1.58e-09
2026-09-25, 00:59:54, 1.58e-12, 1.58e-09
2026-09-25, 00:59:58, 1.55e-12, 1.58e-09
2026-09-25, 01:00:01, 1.54e-12, 1.59e-09
2026-09-25, 01:00:04, 1.52e-12, 1.58e-09
2026-09-25, 01:00:07, 1.65e-12, 1.58e-09
2026-09-25, 01:00:11, 1.57e-12, 1.58e-09
2026-09-25, 01:00:14, 1.57e-12, 1.58e-09
2026-09-25, 01:00:17, 1.58e-12, 1.58e-09
2026-09-25, 01:00:20, 1.65e-12, 1.59e-09
2026-09-25, 01:00:23, 1.67e-12, 1.59e-09
2026-09-25, 01:00:27, 1.57e-12, 1.58e-09
2026-09-25, 01:00:30, 1.66e-12, 1.57e-09
2026-09-25, 01:00:33, 1.58e-12, 1.59e-09
2026-09-25, 01:00:36, 1.52e-12, 1.58e-09
2026-09-25, 01:00:40, 1.59e-12, 1.58e-09
2026-09-25, 01:00:43, 1.55e-12, 1.58e-09
2026-09-25, 01:00:46, 1.61e-12, 1.57e-09
2026-09-25, 01:00:49, 1.6e-12, 1.57e-09
2026-09-25, 01:00:52, 1.66e-12, 1.58e-09
2026-09-25, 01:00:56, 1.58e-12, 1.57e-09
2026-09-25, 01:00:59, 1.57e-12, 1.57e-09
2026-09-25, 01:01:02, 1.46e-12, 1.57e-09
2026-09-25, 01:01:05, 1.66e-12, 1.58e-09
2026-09-25, 01:01:09, 1.57e-12, 1.57e-09
2026-09-25, 01:01:12, 1.59e-12, 1.57e-09
2026-09-25, 01:01:15, 1.67e-12, 1.58e-09
2026-09-25, 01:01:18, 1.55e-12, 1.58e-09
2026-09-25, 01:01:21, 1.63e-12, 1.59e-09
2026-09-25, 01:01:25, 1.56e-12, 1.58e-09
2026-09-25, 01:01:28, 1.6e-12, 1.57e-09
2026-09-25, 01:01:31, 1.57e-12, 1.57e-09
2026-09-25, 01:01:34, 1.56e-12, 1.58e-09
2026-09-25, 01:01:38, 1.57e-12, 1.58e-09
2026-09-25, 01:01:41, 1.6e-12, 1.58e-09
2026-09-25, 01:01:44, 1.6e-12, 1.58e-09
2026-09-25, 01:01:47, 1.53e-12, 1.57e-09
2026-09-25, 01:01:50, 1.69e-12, 1.58e-09
2026-09-25, 01:01:54, 1.66e-12, 1.58e-09
2026-09-25, 01:01:57, 1.58e-12, 1.58e-09
2026-09-25, 01:02:00, 1.76e-12, 1.58e-09
2026-09-25, 01:02:03, 1.55e-12, 1.58e-09
2026-09-25, 01:02:07, 1.61e-12, 1.57e-09
2026-09-25, 01:02:10, 1.58e-12, 1.58e-09
2026-09-25, 01:02:13, 1.64e-12, 1.57e-09
2026-09-25, 01:02:16, 1.63e-12, 1.57e-09
2026-09-25, 01:02:19, 1.49e-12, 1.58e-09
2026-09-25, 01:02:23, 1.58e-12, 1.57e-09
2026-09-25, 01:02:26, 1.71e-12, 1.58e-09
2026-09-25, 01:02:29, 1.66e-12, 1.57e-09
2026-09-25, 01:02:32, 1.63e-12, 1.56e-09
2026-09-25, 01:02:35, 1.64e-12, 1.55e-09
2026-09-25, 01:02:39, 1.63e-12, 1.56e-09
2026-09-25, 01:02:42, 1.62e-12, 1.56e-09
2026-09-25, 01:02:45, 1.6e-12, 1.56e-09
2026-09-25, 01:02:48, 1.61e-12, 1.56e-09
2026-09-25, 01:02:52, 1.59e-12, 1.55e-09
2026-09-25, 01:02:55, 1.66e-12, 1.55e-09
2026-09-25, 01:02:58, 1.62e-12, 1.51e-09
2026-09-25, 01:03:01, 1.6e-12, 1.55e-09
2026-09-25, 01:03:04, 1.62e-12, 1.56e-09
2026-09-25, 01:03:08, 1.59e-12, 1.56e-09
2026-09-25, 01:03:11, 1.58e-12, 1.55e-09
2026-09-25, 01:03:14, 1.68e-12, 1.56e-09
2026-09-25, 01:03:17, 1.63e-12, 1.55e-09
2026-09-25, 01:03:21, 1.61e-12, 1.55e-09
2026-09-25, 01:03:24, 1.61e-12, 1.56e-09
2026-09-25, 01:03:27, 1.57e-12, 1.56e-09
2026-09-25, 01:03:30, 1.61e-12, 1.56e-09
2026-09-25, 01:03:33, 1.6e-12, 1.55e-09
2026-09-25, 01:03:37, 1.58e-12, 1.55e-09
2026-09-25, 01:03:40, 1.55e-12, 1.56e-09
2026-09-25, 01:03:43, 1.57e-12, 1.56e-09
2026-09-25, 01:03:46, 1.6e-12, 1.56e-09
2026-09-25, 01:03:50, 1.58e-12, 1.56e-09
2026-09-25, 01:03:53, 1.66e-12, 1.56e-09
2026-09-25, 01:03:56, 1.51e-12, 1.55e-09
2026-09-25, 01:03:59, 1.65e-12, 1.56e-09
2026-09-25, 01:04:02, 1.64e-12, 1.57e-09
2026-09-25, 01:04:06, 1.64e-12, 1.56e-09
2026-09-25, 01:04:09, 1.59e-12, 1.56e-09
2026-09-25, 01:04:12, 1.58e-12, 1.57e-09
2026-09-25, 01:04:15, 1.6e-12, 1.58e-09
2026-09-25, 01:04:19, 1.64e-12, 1.57e-09
2026-09-25, 01:04:22, 1.5e-12, 1.58e-09
2026-09-25, 01:04:25, 1.69e-12, 1.58e-09
2026-09-25, 01:04:28, 1.58e-12, 1.57e-09
2026-09-25, 01:04:31, 1.6e-12, 1.58e-09
2026-09-25, 01:04:35, 1.64e-12, 1.58e-09
2026-09-25, 01:04:38, 1.64e-12, 1.58e-09
2026-09-25, 01:04:41, 1.49e-12, 1.58e-09
2026-09-25, 01:04:44, 1.62e-12, 1.57e-09
2026-09-25, 01:04:48, 1.62e-12, 1.58e-09
2026-09-25, 01:04:51, 1.61e-12, 1.57e-09
2026-09-25, 01:04:54, 1.67e-12, 1.58e-09
2026-09-25, 01:04:57, 1.64e-12, 1.57e-09
2026-09-25, 01:05:00, 1.66e-12, 1.58e-09
2026-09-25, 01:05:04, 1.6e-12, 1.57e-09
2026-09-25, 01:05:07, 1.55e-12, 1.57e-09
2026-09-25, 01:05:10, 1.58e-12, 1.57e-09
2026-09-25, 01:05:13, 1.59e-12, 1.56e-09
2026-09-25, 01:05:17, 1.58e-12, 1.57e-09
2026-09-25, 01:05:20, 1.56e-12, 1.57e-09
2026-09-25, 01:05:23, 1.59e-12, 1.58e-09
2026-09-25, 01:05:26, 1.67e-12, 1.57e-09
2026-09-25, 01:05:29, 1.62e-12, 1.57e-09
2026-09-25, 01:05:33, 1.63e-12, 1.57e-09
2026-09-25, 01:05:36, 1.62e-12, 1.56e-09
2026-09-25, 01:05:39, 1.57e-12, 1.56e-09
2026-09-25, 01:05:42, 1.67e-12, 1.58e-09
2026-09-25, 01:05:46, 1.65e-12, 1.58e-09
2026-09-25, 01:05:49, 1.58e-12, 1.57e-09
2026-09-25, 01:05:52, 1.59e-12, 1.58e-09
2026-09-25, 01:05:55, 1.57e-12, 1.58e-09
2026-09-25, 01:05:58, 1.64e-12, 1.58e-09
2026-09-25, 01:06:02, 1.58e-12, 1.58e-09
2026-09-25, 01:06:05, 1.6e-12, 1.58e-09
2026-09-25, 01:06:08, 1.69e-12, 1.57e-09
2026-09-25, 01:06:11, 1.61e-12, 1.58e-09
2026-09-25, 01:06:14, 1.57e-12, 1.6e-09
2026-09-25, 01:06:18, 1.6e-12, 1.59e-09
2026-09-25, 01:06:21, 1.57e-12, 1.59e-09
2026-09-25, 01:06:24, 1.55e-12, 1.59e-09
2026-09-25, 01:06:27, 1.61e-12, 1.59e-09
2026-09-25, 01:06:31, 1.67e-12, 1.58e-09
2026-09-25, 01:06:34, 1.61e-12, 1.58e-09
2026-09-25, 01:06:37, 1.55e-12, 1.58e-09
2026-09-25, 01:06:40, 1.57e-12, 1.58e-09
2026-09-25, 01:06:43, 1.59e-12, 1.59e-09
2026-09-25, 01:06:47, 1.63e-12, 1.59e-09
2026-09-25, 01:06:50, 1.53e-12, 1.58e-09
2026-09-25, 01:06:53, 1.63e-12, 1.57e-09
2026-09-25, 01:06:56, 1.58e-12, 1.58e-09
2026-09-25, 01:07:00, 1.65e-12, 1.58e-09
2026-09-25, 01:07:03, 1.74e-12, 1.58e-09
2026-09-25, 01:07:06, 1.47e-12, 1.58e-09
2026-09-25, 01:07:09, 1.58e-12, 1.57e-09
2026-09-25, 01:07:12, 1.59e-12, 1.63e-09
2026-09-25, 01:07:16, 1.56e-12, 1.62e-09
2026-09-25, 01:07:19, 1.52e-12, 1.62e-09
2026-09-25, 01:07:22, 1.82e-12, 1.61e-09
2026-09-25, 01:07:25, 1.62e-12, 1.58e-09
2026-09-25, 01:07:29, 1.65e-12, 1.56e-09
2026-09-25, 01:07:32, 1.61e-12, 1.57e-09
2026-09-25, 01:07:35, 1.57e-12, 1.56e-09
2026-09-25, 01:07:38, 1.56e-12, 1.56e-09
2026-09-25, 01:07:41, 1.6e-12, 1.56e-09
2026-09-25, 01:07:45, 1.6e-12, 1.56e-09
2026-09-25, 01:07:48, 1.64e-12, 1.56e-09
2026-09-25, 01:07:51, 1.63e-12, 1.56e-09
2026-09-25, 01:07:54, 1.6e-12, 1.58e-09
2026-09-25, 01:07:58, 1.62e-12, 1.59e-09
2026-09-25, 01:08:01, 1.65e-12, 1.59e-09
2026-09-25, 01:08:04, 1.57e-12, 1.59e-09
2026-09-25, 01:08:07, 1.57e-12, 1.59e-09
2026-09-25, 01:08:10, 1.61e-12, 1.59e-09
2026-09-25, 01:08:14, 1.58e-12, 1.59e-09
2026-09-25, 01:08:17, 1.58e-12, 1.59e-09
2026-09-25, 01:08:20, 1.42e-12, 1.59e-09
2026-09-25, 01:08:23, 1.6e-12, 1.59e-09
2026-09-25, 01:08:27, 1.6e-12, 1.58e-09
2026-09-25, 01:08:30, 1.56e-12, 1.59e-09
2026-09-25, 01:08:33, 1.61e-12, 1.58e-09
2026-09-25, 01:08:36, 1.56e-12, 1.63e-09
2026-09-25, 01:08:39, 1.56e-12, 1.59e-09
2026-09-25, 01:08:43, 1.6e-12, 1.59e-09
2026-09-25, 01:08:46, 1.58e-12, 1.57e-09
2026-09-25, 01:08:49, 1.62e-12, 1.58e-09
2026-09-25, 01:08:52, 1.63e-12, 1.6e-09
2026-09-25, 01:08:55, 1.59e-12, 1.6e-09
2026-09-25, 01:08:59, 1.61e-12, 1.6e-09
2026-09-25, 01:09:02, 1.64e-12, 1.58e-09
2026-09-25, 01:09:05, 1.63e-12, 1.58e-09
2026-09-25, 01:09:08, 1.61e-12, 1.59e-09
2026-09-25, 01:09:12, 1.58e-12, 1.6e-09
2026-09-25, 01:09:15, 1.62e-12, 1.58e-09
2026-09-25, 01:09:18, 1.53e-12, 1.58e-09
2026-09-25, 01:09:21, 1.62e-12, 1.58e-09
2026-09-25, 01:09:24, 1.61e-12, 1.59e-09
2026-09-25, 01:09:28, 1.59e-12, 1.58e-09
2026-09-25, 01:09:31, 1.58e-12, 1.59e-09
2026-09-25, 01:09:34, 1.63e-12, 1.59e-09
2026-09-25, 01:09:37, 1.53e-12, 1.58e-09
2026-09-25, 01:09:41, 1.58e-12, 1.59e-09
2026-09-25, 01:09:44, 1.61e-12, 1.58e-09
2026-09-25, 01:09:47, 1.58e-12, 1.58e-09
2026-09-25, 01:09:50, 1.56e-12, 1.6e-09
2026-09-25, 01:09:53, 1.55e-12, 1.58e-09
2026-09-25, 01:09:57, 1.56e-12, 1.59e-09
2026-09-25, 01:10:00, 1.57e-12, 1.58e-09
2026-09-25, 01:10:03, 1.62e-12, 1.58e-09
2026-09-25, 01:10:06, 1.62e-12, 1.59e-09
2026-09-25, 01:10:10, 1.61e-12, 1.59e-09
2026-09-25, 01:10:13, 1.54e-12, 1.59e-09
2026-09-25, 01:10:16, 1.6e-12, 1.58e-09
2026-09-25, 01:10:19, 1.61e-12, 1.59e-09
2026-09-25, 01:10:22, 1.6e-12, 1.58e-09
2026-09-25, 01:10:26, 1.53e-12, 1.59e-09
2026-09-25, 01:10:29, 1.58e-12, 1.58e-09
2026-09-25, 01:10:32, 1.66e-12, 1.59e-09
2026-09-25, 01:10:35, 1.57e-12, 1.59e-09
2026-09-25, 01:10:39, 1.56e-12, 1.59e-09
2026-09-25, 01:10:42, 1.54e-12, 1.59e-09
2026-09-25, 01:10:45, 1.63e-12, 1.59e-09
2026-09-25, 01:10:48, 1.63e-12, 1.59e-09
2026-09-25, 01:10:51, 1.53e-12, 1.59e-09
2026-09-25, 01:10:55, 1.5e-12, 1.59e-09
2026-09-25, 01:10:58, 1.65e-12, 1.59e-09
2026-09-25, 01:11:01, 1.58e-12, 1.59e-09
2026-09-25, 01:11:04, 1.62e-12, 1.59e-09
2026-09-25, 01:11:08, 1.6e-12, 1.59e-09
2026-09-25, 01:11:11, 1.49e-12, 1.58e-09
2026-09-25, 01:11:14, 1.62e-12, 1.59e-09
2026-09-25, 01:11:17, 1.65e-12, 1.58e-09
2026-09-25, 01:11:20, 1.62e-12, 1.58e-09
2026-09-25, 01:11:24, 1.68e-12, 1.58e-09
2026-09-25, 01:11:27, 1.63e-12, 1.58e-09
2026-09-25, 01:11:30, 1.55e-12, 1.58e-09
2026-09-25, 01:11:33, 1.62e-12, 1.58e-09
2026-09-25, 01:11:36, 1.62e-12, 1.59e-09
2026-09-25, 01:11:40, 1.54e-12, 1.6e-09
2026-09-25, 01:11:43, 1.59e-12, 1.59e-09
2026-09-25, 01:11:46, 1.71e-12, 1.59e-09
2026-09-25, 01:11:49, 1.6e-12, 1.59e-09
2026-09-25, 01:11:53, 1.65e-12, 1.6e-09
2026-09-25, 01:11:56, 1.63e-12, 1.59e-09
2026-09-25, 01:11:59, 1.51e-12, 1.58e-09
2026-09-25, 01:12:02, 1.65e-12, 1.59e-09
2026-09-25, 01:12:05, 1.51e-12, 1.58e-09
2026-09-25, 01:12:09, 1.72e-12, 1.58e-09
2026-09-25, 01:12:12, 1.63e-12, 1.59e-09
2026-09-25, 01:12:15, 1.61e-12, 1.58e-09
2026-09-25, 01:12:18, 1.61e-12, 1.58e-09
2026-09-25, 01:12:22, 1.63e-12, 1.58e-09
2026-09-25, 01:12:25, 1.53e-12, 1.59e-09
2026-09-25, 01:12:28, 1.63e-12, 1.58e-09
2026-09-25, 01:12:31, 1.62e-12, 1.58e-09
2026-09-25, 01:12:34, 1.6e-12, 1.58e-09
2026-09-25, 01:12:38, 1.6e-12, 1.58e-09
2026-09-25, 01:12:41, 1.63e-12, 1.58e-09
2026-09-25, 01:12:44, 1.63e-12, 1.58e-09
2026-09-25, 01:12:47, 1.51e-12, 1.58e-09
2026-09-25, 01:12:51, 1.68e-12, 1.58e-09
2026-09-25, 01:12:54, 1.59e-12, 1.59e-09
2026-09-25, 01:12:57, 1.67e-12, 1.6e-09
2026-09-25, 01:13:00, 1.68e-12, 1.6e-09
2026-09-25, 01:13:03, 1.64e-12, 1.63e-09
2026-09-25, 01:13:07, 1.61e-12, 1.63e-09
2026-09-25, 01:13:10, 1.63e-12, 1.62e-09
2026-09-25, 01:13:13, 1.54e-12, 1.61e-09
2026-09-25, 01:13:16, 1.53e-12, 1.62e-09
2026-09-25, 01:13:20, 1.62e-12, 1.62e-09
2026-09-25, 01:13:23, 1.56e-12, 1.62e-09
2026-09-25, 01:13:26, 1.77e-12, 1.63e-09
2026-09-25, 01:13:29, 1.43e-12, 1.63e-09
2026-09-25, 01:13:32, 1.64e-12, 1.63e-09
2026-09-25, 01:13:36, 1.56e-12, 1.63e-09
2026-09-25, 01:13:39, 1.62e-12, 1.63e-09
2026-09-25, 01:13:42, 1.64e-12, 1.63e-09
2026-09-25, 01:13:45, 1.62e-12, 1.63e-09
2026-09-25, 01:13:49, 1.6e-12, 1.63e-09
2026-09-25, 01:13:52, 1.63e-12, 1.58e-09
2026-09-25, 01:13:55, 1.48e-12, 1.57e-09
2026-09-25, 01:13:58, 1.61e-12, 1.63e-09
2026-09-25, 01:14:01, 1.47e-12, 1.63e-09
2026-09-25, 01:14:05, 1.63e-12, 1.63e-09
2026-09-25, 01:14:08, 1.57e-12, 1.63e-09
2026-09-25, 01:14:11, 1.67e-12, 1.6e-09
2026-09-25, 01:14:14, 1.68e-12, 1.62e-09
2026-09-25, 01:14:18, 1.59e-12, 1.63e-09
2026-09-25, 01:14:21, 1.67e-12, 1.61e-09
2026-09-25, 01:14:24, 1.74e-12, 1.56e-09
2026-09-25, 01:14:27, 1.45e-12, 1.6e-09
2026-09-25, 01:14:30, 1.51e-12, 1.58e-09
2026-09-25, 01:14:34, 1.62e-12, 1.58e-09
2026-09-25, 01:14:37, 1.55e-12, 1.63e-09
2026-09-25, 01:14:40, 1.54e-12, 1.59e-09
2026-09-25, 01:14:43, 1.64e-12, 1.62e-09
2026-09-25, 01:14:46, 1.59e-12, 1.61e-09
2026-09-25, 01:14:50, 1.5e-12, 1.63e-09
2026-09-25, 01:14:53, 1.63e-12, 1.62e-09
2026-09-25, 01:14:56, 1.59e-12, 1.62e-09
2026-09-25, 01:14:59, 1.55e-12, 1.62e-09
2026-09-25, 01:15:03, 1.63e-12, 1.63e-09
2026-09-25, 01:15:06, 1.58e-12, 1.62e-09
2026-09-25, 01:15:09, 1.52e-12, 1.62e-09
2026-09-25, 01:15:12, 1.62e-12, 1.63e-09
2026-09-25, 01:15:15, 1.56e-12, 1.63e-09
2026-09-25, 01:15:19, 1.62e-12, 1.62e-09
2026-09-25, 01:15:22, 1.59e-12, 1.63e-09
2026-09-25, 01:15:25, 1.75e-12, 1.63e-09
2026-09-25, 01:15:28, 1.6e-12, 1.57e-09
2026-09-25, 01:15:32, 1.62e-12, 1.62e-09
2026-09-25, 01:15:35, 1.64e-12, 1.64e-09
2026-09-25, 01:15:38, 1.46e-12, 1.64e-09
2026-09-25, 01:15:41, 1.57e-12, 1.63e-09
2026-09-25, 01:15:44, 1.53e-12, 1.61e-09
2026-09-25, 01:15:48, 1.63e-12, 1.62e-09
2026-09-25, 01:15:51, 1.6e-12, 1.64e-09
2026-09-25, 01:15:54, 1.57e-12, 1.62e-09
2026-09-25, 01:15:57, 1.62e-12, 1.63e-09
2026-09-25, 01:16:01, 1.64e-12, 1.63e-09
2026-09-25, 01:16:04, 1.61e-12, 1.65e-09
2026-09-25, 01:16:07, 1.63e-12, 1.71e-09
2026-09-25, 01:16:10, 1.59e-12, 1.65e-09
2026-09-25, 01:16:13, 1.59e-12, 1.65e-09
2026-09-25, 01:16:17, 1.64e-12, 1.64e-09
2026-09-25, 01:16:20, 1.57e-12, 1.64e-09
2026-09-25, 01:16:23, 1.61e-12, 1.64e-09
2026-09-25, 01:16:26, 1.53e-12, 1.66e-09
2026-09-25, 01:16:30, 1.54e-12, 1.65e-09
2026-09-25, 01:16:33, 1.6e-12, 1.65e-09
2026-09-25, 01:16:36, 1.54e-12, 1.64e-09
2026-09-25, 01:16:39, 1.58e-12, 1.64e-09
2026-09-25, 01:16:42, 1.51e-12, 1.63e-09
2026-09-25, 01:16:46, 1.62e-12, 1.64e-09
2026-09-25, 01:16:49, 1.66e-12, 1.65e-09
2026-09-25, 01:16:52, 1.45e-12, 1.65e-09
2026-09-25, 01:16:55, 1.53e-12, 1.65e-09
2026-09-25, 01:16:59, 1.6e-12, 1.66e-09
2026-09-25, 01:17:02, 1.58e-12, 1.63e-09
2026-09-25, 01:17:05, 1.61e-12, 1.6e-09
2026-09-25, 01:17:08, 1.59e-12, 1.65e-09
2026-09-25, 01:17:11, 1.6e-12, 1.63e-09
2026-09-25, 01:17:15, 1.65e-12, 1.64e-09
2026-09-25, 01:17:18, 1.57e-12, 1.64e-09
2026-09-25, 01:17:21, 1.6e-12, 1.63e-09
2026-09-25, 01:17:24, 1.62e-12, 1.63e-09
2026-09-25, 01:17:28, 1.52e-12, 1.63e-09
2026-09-25, 01:17:31, 1.6e-12, 1.63e-09
2026-09-25, 01:17:34, 1.63e-12, 1.55e-09
2026-09-25, 01:17:37, 1.57e-12, 1.55e-09
2026-09-25, 01:17:40, 1.63e-12, 1.49e-09
2026-09-25, 01:17:44, 1.5e-12, 1.61e-09
2026-09-25, 01:17:47, 1.6e-12, 1.62e-09
2026-09-25, 01:17:50, 1.57e-12, 1.62e-09
2026-09-25, 01:17:53, 1.62e-12, 1.55e-09
2026-09-25, 01:17:56, 1.56e-12, 1.53e-09
2026-09-25, 01:18:00, 1.6e-12, 1.61e-09
2026-09-25, 01:18:03, 1.59e-12, 1.62e-09
2026-09-25, 01:18:06, 1.6e-12, 1.56e-09
2026-09-25, 01:18:09, 1.58e-12, 1.57e-09
2026-09-25, 01:18:13, 1.61e-12, 1.56e-09
2026-09-25, 01:18:16, 1.61e-12, 1.61e-09
2026-09-25, 01:18:19, 1.6e-12, 1.56e-09
2026-09-25, 01:18:22, 1.63e-12, 1.57e-09
2026-09-25, 01:18:25, 1.59e-12, 1.58e-09
2026-09-25, 01:18:29, 1.54e-12, 1.62e-09
2026-09-25, 01:18:32, 1.59e-12, 1.58e-09
2026-09-25, 01:18:35, 1.55e-12, 1.63e-09
2026-09-25, 01:18:38, 1.45e-12, 1.61e-09
2026-09-25, 01:18:42, 1.56e-12, 1.6e-09
2026-09-25, 01:18:45, 1.57e-12, 1.63e-09
2026-09-25, 01:18:48, 1.62e-12, 1.64e-09
2026-09-25, 01:18:51, 1.59e-12, 1.61e-09
2026-09-25, 01:18:54, 1.59e-12, 1.63e-09
2026-09-25, 01:18:58, 1.61e-12, 1.61e-09
2026-09-25, 01:19:01, 1.58e-12, 1.56e-09
2026-09-25, 01:19:04, 1.51e-12, 1.63e-09
2026-09-25, 01:19:07, 1.66e-12, 1.57e-09
2026-09-25, 01:19:11, 1.6e-12, 1.64e-09
2026-09-25, 01:19:14, 1.63e-12, 1.62e-09
2026-09-25, 01:19:17, 1.58e-12, 1.62e-09
2026-09-25, 01:19:20, 1.56e-12, 1.63e-09
2026-09-25, 01:19:23, 1.51e-12, 1.64e-09
2026-09-25, 01:19:27, 1.61e-12, 1.64e-09
2026-09-25, 01:19:30, 1.65e-12, 1.65e-09
2026-09-25, 01:19:33, 1.51e-12, 1.64e-09
2026-09-25, 01:19:36, 1.59e-12, 1.64e-09
2026-09-25, 01:19:40, 1.62e-12, 1.64e-09
2026-09-25, 01:19:43, 1.53e-12, 1.65e-09
2026-09-25, 01:19:46, 1.61e-12, 1.63e-09
2026-09-25, 01:19:49, 1.63e-12, 1.63e-09
2026-09-25, 01:19:52, 1.61e-12, 1.63e-09
2026-09-25, 01:19:56, 1.66e-12, 1.63e-09
2026-09-25, 01:19:59, 1.73e-12, 1.63e-09
2026-09-25, 01:20:02, 1.62e-12, 1.64e-09
2026-09-25, 01:20:05, 1.71e-12, 1.64e-09
2026-09-25, 01:20:09, 1.6e-12, 1.62e-09
2026-09-25, 01:20:12, 1.57e-12, 1.62e-09
2026-09-25, 01:20:15, 1.6e-12, 1.56e-09
2026-09-25, 01:20:18, 1.59e-12, 1.6e-09
2026-09-25, 01:20:21, 1.61e-12, 1.57e-09
2026-09-25, 01:20:25, 1.59e-12, 1.55e-09
2026-09-25, 01:20:28, 1.57e-12, 1.6e-09
2026-09-25, 01:20:31, 1.55e-12, 1.51e-09
2026-09-25, 01:20:34, 1.59e-12, 1.56e-09
2026-09-25, 01:20:38, 1.69e-12, 1.61e-09
2026-09-25, 01:20:41, 1.55e-12, 1.58e-09
2026-09-25, 01:20:44, 1.57e-12, 1.6e-09
2026-09-25, 01:20:47, 1.61e-12, 1.61e-09
2026-09-25, 01:20:50, 1.59e-12, 1.59e-09
2026-09-25, 01:20:54, 1.6e-12, 1.63e-09
2026-09-25, 01:20:57, 1.69e-12, 1.59e-09
2026-09-25, 01:21:00, 1.63e-12, 1.57e-09
2026-09-25, 01:21:03, 1.56e-12, 1.58e-09
2026-09-25, 01:21:06, 1.55e-12, 1.57e-09
2026-09-25, 01:21:10, 1.57e-12, 1.58e-09
2026-09-25, 01:21:13, 1.58e-12, 1.63e-09
2026-09-25, 01:21:16, 1.61e-12, 1.63e-09
2026-09-25, 01:21:19, 1.6e-12, 1.63e-09
2026-09-25, 01:21:23, 1.55e-12, 1.65e-09
2026-09-25, 01:21:26, 1.6e-12, 1.63e-09
2026-09-25, 01:21:29, 1.53e-12, 1.63e-09
2026-09-25, 01:21:32, 1.62e-12, 1.62e-09
2026-09-25, 01:21:35, 1.59e-12, 1.62e-09
2026-09-25, 01:21:39, 1.67e-12, 1.63e-09
2026-09-25, 01:21:42, 1.66e-12, 1.63e-09
2026-09-25, 01:21:45, 1.64e-12, 1.64e-09
2026-09-25, 01:21:48, 1.57e-12, 1.63e-09
2026-09-25, 01:21:52, 1.6e-12, 1.62e-09
2026-09-25, 01:21:55, 1.65e-12, 1.66e-09
2026-09-25, 01:21:58, 1.61e-12, 1.59e-09
2026-09-25, 01:22:01, 1.59e-12, 1.6e-09
2026-09-25, 01:22:04, 1.64e-12, 1.58e-09
2026-09-25, 01:22:08, 1.58e-12, 1.6e-09
2026-09-25, 01:22:11, 1.57e-12, 1.62e-09
2026-09-25, 01:22:14, 1.62e-12, 1.62e-09
2026-09-25, 01:22:17, 1.56e-12, 1.64e-09
2026-09-25, 01:22:21, 1.62e-12, 1.65e-09
2026-09-25, 01:22:24, 1.55e-12, 1.63e-09
2026-09-25, 01:22:27, 1.53e-12, 1.64e-09
2026-09-25, 01:22:30, 1.57e-12, 1.61e-09
2026-09-25, 01:22:33, 1.71e-12, 1.64e-09
2026-09-25, 01:22:37, 1.54e-12, 1.61e-09
2026-09-25, 01:22:40, 1.59e-12, 1.59e-09
2026-09-25, 01:22:43, 1.58e-12, 1.58e-09
2026-09-25, 01:22:46, 1.53e-12, 1.58e-09
2026-09-25, 01:22:50, 1.59e-12, 1.62e-09
2026-09-25, 01:22:53, 1.57e-12, 1.69e-09
2026-09-25, 01:22:56, 1.64e-12, 1.69e-09
2026-09-25, 01:22:59, 1.59e-12, 1.69e-09
2026-09-25, 01:23:02, 1.59e-12, 1.69e-09
2026-09-25, 01:23:06, 1.55e-12, 1.64e-09
2026-09-25, 01:23:09, 1.58e-12, 1.64e-09
2026-09-25, 01:23:12, 1.63e-12, 1.64e-09
2026-09-25, 01:23:15, 1.65e-12, 1.63e-09
2026-09-25, 01:23:19, 1.6e-12, 1.63e-09
2026-09-25, 01:23:22, 1.51e-12, 1.63e-09
2026-09-25, 01:23:25, 1.63e-12, 1.63e-09
2026-09-25, 01:23:28, 1.54e-12, 1.63e-09
2026-09-25, 01:23:31, 1.56e-12, 1.63e-09
2026-09-25, 01:23:35, 1.58e-12, 1.64e-09
2026-09-25, 01:23:38, 1.59e-12, 1.63e-09
2026-09-25, 01:23:41, 1.73e-12, 1.63e-09
2026-09-25, 01:23:44, 1.61e-12, 1.64e-09
2026-09-25, 01:23:48, 1.55e-12, 1.64e-09
2026-09-25, 01:23:51, 1.63e-12, 1.64e-09
2026-09-25, 01:23:54, 1.58e-12, 1.7e-09
2026-09-25, 01:23:57, 1.61e-12, 1.64e-09
2026-09-25, 01:24:00, 1.6e-12, 1.63e-09
2026-09-25, 01:24:04, 1.56e-12, 1.64e-09
2026-09-25, 01:24:07, 1.57e-12, 1.62e-09
2026-09-25, 01:24:10, 1.63e-12, 1.62e-09
2026-09-25, 01:24:13, 1.6e-12, 1.63e-09
2026-09-25, 01:24:16, 1.58e-12, 1.63e-09
2026-09-25, 01:24:20, 1.6e-12, 1.63e-09
2026-09-25, 01:24:23, 1.66e-12, 1.63e-09
2026-09-25, 01:24:26, 1.55e-12, 1.62e-09
2026-09-25, 01:24:29, 1.6e-12, 1.57e-09
2026-09-25, 01:24:33, 1.58e-12, 1.58e-09
2026-09-25, 01:24:36, 1.54e-12, 1.57e-09
2026-09-25, 01:24:39, 1.63e-12, 1.6e-09
2026-09-25, 01:24:42, 1.61e-12, 1.63e-09
2026-09-25, 01:24:45, 1.55e-12, 1.64e-09
2026-09-25, 01:24:49, 1.55e-12, 1.64e-09
2026-09-25, 01:24:52, 1.64e-12, 1.64e-09
2026-09-25, 01:24:55, 1.54e-12, 1.62e-09
2026-09-25, 01:24:58, 1.51e-12, 1.62e-09
2026-09-25, 01:25:02, 1.59e-12, 1.63e-09
2026-09-25, 01:25:05, 1.54e-12, 1.62e-09
2026-09-25, 01:25:08, 1.65e-12, 1.62e-09
2026-09-25, 01:25:11, 1.61e-12, 1.63e-09
2026-09-25, 01:25:14, 1.54e-12, 1.63e-09
2026-09-25, 01:25:18, 1.59e-12, 1.62e-09
2026-09-25, 01:25:21, 1.64e-12, 1.63e-09
2026-09-25, 01:25:24, 1.58e-12, 1.63e-09
2026-09-25, 01:25:27, 1.6e-12, 1.64e-09
2026-09-25, 01:25:31, 1.56e-12, 1.65e-09
2026-09-25, 01:25:34, 1.6e-12, 1.64e-09
2026-09-25, 01:25:37, 1.53e-12, 1.63e-09
2026-09-25, 01:25:40, 1.55e-12, 1.59e-09
2026-09-25, 01:25:43, 1.61e-12, 1.63e-09
2026-09-25, 01:25:47, 1.56e-12, 1.62e-09
2026-09-25, 01:25:50, 1.69e-12, 1.63e-09
2026-09-25, 01:25:53, 1.51e-12, 1.63e-09
2026-09-25, 01:25:56, 1.66e-12, 1.6e-09
2026-09-25, 01:26:00, 1.69e-12, 1.63e-09
2026-09-25, 01:26:03, 1.51e-12, 1.62e-09
2026-09-25, 01:26:06, 1.63e-12, 1.62e-09
2026-09-25, 01:26:09, 1.56e-12, 1.63e-09
2026-09-25, 01:26:12, 1.6e-12, 1.63e-09
2026-09-25, 01:26:16, 1.5e-12, 1.59e-09
2026-09-25, 01:26:19, 1.61e-12, 1.62e-09
2026-09-25, 01:26:22, 1.64e-12, 1.63e-09
2026-09-25, 01:26:25, 1.57e-12, 1.62e-09
2026-09-25, 01:26:29, 1.51e-12, 1.62e-09
2026-09-25, 01:26:32, 1.6e-12, 1.63e-09
2026-09-25, 01:26:35, 1.61e-12, 1.61e-09
2026-09-25, 01:26:38, 1.66e-12, 1.62e-09
2026-09-25, 01:26:41, 1.5e-12, 1.63e-09
2026-09-25, 01:26:45, 1.61e-12, 1.63e-09
2026-09-25, 01:26:48, 1.52e-12, 1.63e-09
2026-09-25, 01:26:51, 1.57e-12, 1.63e-09
2026-09-25, 01:26:54, 1.56e-12, 1.63e-09
2026-09-25, 01:26:58, 1.55e-12, 1.62e-09
2026-09-25, 01:27:01, 1.58e-12, 1.63e-09
2026-09-25, 01:27:04, 1.6e-12, 1.63e-09
2026-09-25, 01:27:07, 1.55e-12, 1.63e-09
2026-09-25, 01:27:10, 1.63e-12, 1.62e-09
2026-09-25, 01:27:14, 1.63e-12, 1.63e-09
2026-09-25, 01:27:17, 1.56e-12, 1.63e-09
2026-09-25, 01:27:20, 1.53e-12, 1.63e-09
2026-09-25, 01:27:23, 1.57e-12, 1.63e-09
2026-09-25, 01:27:26, 1.68e-12, 1.63e-09
2026-09-25, 01:27:30, 1.49e-12, 1.66e-09
2026-09-25, 01:27:33, 1.58e-12, 1.61e-09
2026-09-25, 01:27:36, 1.65e-12, 1.68e-09
2026-09-25, 01:27:39, 1.61e-12, 1.66e-09
2026-09-25, 01:27:43, 1.58e-12, 1.65e-09
2026-09-25, 01:27:46, 1.66e-12, 1.67e-09
2026-09-25, 01:27:49, 1.6e-12, 1.67e-09
2026-09-25, 01:27:52, 1.57e-12, 1.66e-09
2026-09-25, 01:27:55, 1.63e-12, 1.54e-09
2026-09-25, 01:27:59, 1.58e-12, 1.56e-09
2026-09-25, 01:28:02, 1.59e-12, 1.55e-09
2026-09-25, 01:28:05, 1.57e-12, 1.62e-09
2026-09-25, 01:28:08, 1.56e-12, 1.68e-09
2026-09-25, 01:28:12, 1.64e-12, 1.68e-09
2026-09-25, 01:28:15, 1.61e-12, 1.65e-09
2026-09-25, 01:28:18, 1.57e-12, 1.65e-09
2026-09-25, 01:28:21, 1.65e-12, 1.68e-09
2026-09-25, 01:28:24, 1.58e-12, 1.68e-09
2026-09-25, 01:28:28, 1.57e-12, 1.67e-09
2026-09-25, 01:28:31, 1.61e-12, 1.68e-09
2026-09-25, 01:28:34, 1.61e-12, 1.67e-09
2026-09-25, 01:28:37, 1.58e-12, 1.68e-09
2026-09-25, 01:28:41, 1.61e-12, 1.68e-09
2026-09-25, 01:28:44, 1.54e-12, 1.66e-09
2026-09-25, 01:28:47, 1.61e-12, 1.68e-09
2026-09-25, 01:28:50, 1.54e-12, 1.68e-09
2026-09-25, 01:28:53, 1.61e-12, 1.68e-09
2026-09-25, 01:28:57, 1.6e-12, 1.67e-09
2026-09-25, 01:29:00, 1.57e-12, 1.74e-09
2026-09-25, 01:29:03, 1.67e-12, 1.69e-09
2026-09-25, 01:29:06, 1.58e-12, 1.68e-09
2026-09-25, 01:29:10, 1.72e-12, 1.6e-09
2026-09-25, 01:29:13, 1.6e-12, 1.68e-09
2026-09-25, 01:29:16, 1.61e-12, 1.68e-09
2026-09-25, 01:29:19, 1.59e-12, 1.7e-09
2026-09-25, 01:29:22, 1.63e-12, 1.7e-09
2026-09-25, 01:29:26, 1.69e-12, 1.68e-09
2026-09-25, 01:29:29, 1.62e-12, 1.68e-09
2026-09-25, 01:29:32, 1.56e-12, 1.68e-09
2026-09-25, 01:29:35, 1.59e-12, 1.69e-09
2026-09-25, 01:29:39, 1.6e-12, 1.69e-09
2026-09-25, 01:29:42, 1.53e-12, 1.65e-09
2026-09-25, 01:29:45, 1.55e-12, 1.68e-09
2026-09-25, 01:29:48, 1.6e-12, 1.69e-09
2026-09-25, 01:29:51, 1.62e-12, 1.67e-09
2026-09-25, 01:29:55, 1.59e-12, 1.68e-09
2026-09-25, 01:29:58, 1.57e-12, 1.68e-09
2026-09-25, 01:30:01, 1.58e-12, 1.69e-09
2026-09-25, 01:30:04, 1.62e-12, 1.68e-09
2026-09-25, 01:30:07, 1.62e-12, 1.68e-09
2026-09-25, 01:30:11, 1.6e-12, 1.7e-09
2026-09-25, 01:30:14, 1.52e-12, 1.69e-09
2026-09-25, 01:30:17, 1.57e-12, 1.69e-09
2026-09-25, 01:30:20, 1.59e-12, 1.69e-09
2026-09-25, 01:30:24, 1.63e-12, 1.67e-09
2026-09-25, 01:30:27, 1.59e-12, 1.71e-09
2026-09-25, 01:30:30, 1.6e-12, 1.71e-09
2026-09-25, 01:30:33, 1.55e-12, 1.7e-09
2026-09-25, 01:30:36, 1.64e-12, 1.7e-09
2026-09-25, 01:30:40, 1.56e-12, 1.7e-09
2026-09-25, 01:30:43, 1.65e-12, 1.71e-09
2026-09-25, 01:30:46, 1.55e-12, 1.71e-09
2026-09-25, 01:30:49, 1.59e-12, 1.7e-09
2026-09-25, 01:30:53, 1.59e-12, 1.71e-09
2026-09-25, 01:30:56, 1.72e-12, 1.7e-09
2026-09-25, 01:30:59, 1.56e-12, 1.69e-09
2026-09-25, 01:31:02, 1.6e-12, 1.7e-09
2026-09-25, 01:31:05, 1.64e-12, 1.7e-09
2026-09-25, 01:31:09, 1.6e-12, 1.69e-09
2026-09-25, 01:31:12, 1.62e-12, 1.7e-09
2026-09-25, 01:31:15, 1.59e-12, 1.69e-09
2026-09-25, 01:31:18, 1.53e-12, 1.7e-09
2026-09-25, 01:31:22, 1.67e-12, 1.7e-09
2026-09-25, 01:31:25, 1.54e-12, 1.7e-09
2026-09-25, 01:31:28, 1.47e-12, 1.7e-09
2026-09-25, 01:31:31, 1.63e-12, 1.7e-09
2026-09-25, 01:31:34, 1.63e-12, 1.69e-09
2026-09-25, 01:31:38, 1.71e-12, 1.68e-09
2026-09-25, 01:31:41, 1.56e-12, 1.7e-09
2026-09-25, 01:31:44, 1.6e-12, 1.7e-09
2026-09-25, 01:31:47, 1.57e-12, 1.68e-09
2026-09-25, 01:31:51, 1.77e-12, 1.7e-09
2026-09-25, 01:31:54, 1.63e-12, 1.71e-09
2026-09-25, 01:31:57, 1.6e-12, 1.7e-09
2026-09-25, 01:32:00, 1.56e-12, 1.7e-09
2026-09-25, 01:32:03, 1.6e-12, 1.68e-09
2026-09-25, 01:32:07, 1.6e-12, 1.69e-09
2026-09-25, 01:32:10, 1.64e-12, 1.69e-09
2026-09-25, 01:32:13, 1.58e-12, 1.67e-09
2026-09-25, 01:32:16, 1.43e-12, 1.69e-09
2026-09-25, 01:32:20, 1.53e-12, 1.68e-09
2026-09-25, 01:32:23, 1.63e-12, 1.66e-09
2026-09-25, 01:32:26, 1.59e-12, 1.69e-09
2026-09-25, 01:32:29, 1.62e-12, 1.69e-09
2026-09-25, 01:32:32, 1.53e-12, 1.68e-09
2026-09-25, 01:32:36, 1.59e-12, 1.68e-09
2026-09-25, 01:32:39, 1.56e-12, 1.69e-09
2026-09-25, 01:32:42, 1.65e-12, 1.69e-09
2026-09-25, 01:32:45, 1.64e-12, 1.68e-09
2026-09-25, 01:32:48, 1.56e-12, 1.66e-09
2026-09-25, 01:32:52, 1.59e-12, 1.69e-09
2026-09-25, 01:32:55, 1.58e-12, 1.67e-09
2026-09-25, 01:32:58, 1.65e-12, 1.69e-09
2026-09-25, 01:33:01, 1.6e-12, 1.64e-09
2026-09-25, 01:33:05, 1.57e-12, 1.69e-09
2026-09-25, 01:33:08, 1.57e-12, 1.69e-09
2026-09-25, 01:33:11, 1.61e-12, 1.69e-09
2026-09-25, 01:33:14, 1.51e-12, 1.69e-09
2026-09-25, 01:33:17, 1.6e-12, 1.7e-09
2026-09-25, 01:33:21, 1.61e-12, 1.68e-09
2026-09-25, 01:33:24, 1.58e-12, 1.68e-09
2026-09-25, 01:33:27, 1.6e-12, 1.67e-09
2026-09-25, 01:33:30, 1.7e-12, 1.69e-09
2026-09-25, 01:33:34, 1.61e-12, 1.69e-09
2026-09-25, 01:33:37, 1.65e-12, 1.74e-09
2026-09-25, 01:33:40, 1.63e-12, 1.74e-09
2026-09-25, 01:33:43, 1.65e-12, 1.7e-09
2026-09-25, 01:33:46, 1.61e-12, 1.68e-09
2026-09-25, 01:33:50, 1.61e-12, 1.6e-09
2026-09-25, 01:33:53, 1.62e-12, 1.7e-09
2026-09-25, 01:33:56, 1.53e-12, 1.69e-09
2026-09-25, 01:33:59, 1.57e-12, 1.68e-09
2026-09-25, 01:34:03, 1.54e-12, 1.68e-09
2026-09-25, 01:34:06, 1.59e-12, 1.69e-09
2026-09-25, 01:34:09, 1.58e-12, 1.68e-09
2026-09-25, 01:34:12, 1.57e-12, 1.68e-09
2026-09-25, 01:34:15, 1.55e-12, 1.67e-09
2026-09-25, 01:34:19, 1.55e-12, 1.71e-09
2026-09-25, 01:34:22, 1.6e-12, 1.71e-09
2026-09-25, 01:34:25, 1.55e-12, 1.72e-09
2026-09-25, 01:34:28, 1.65e-12, 1.72e-09
2026-09-25, 01:34:32, 1.57e-12, 1.69e-09
2026-09-25, 01:34:35, 1.46e-12, 1.7e-09
2026-09-25, 01:34:38, 1.57e-12, 1.68e-09
2026-09-25, 01:34:41, 1.63e-12, 1.7e-09
2026-09-25, 01:34:44, 1.57e-12, 1.71e-09
2026-09-25, 01:34:48, 1.59e-12, 1.69e-09
2026-09-25, 01:34:51, 1.62e-12, 1.71e-09
2026-09-25, 01:34:54, 1.57e-12, 1.7e-09
2026-09-25, 01:34:57, 1.57e-12, 1.69e-09
2026-09-25, 01:35:01, 1.56e-12, 1.7e-09
2026-09-25, 01:35:04, 1.78e-12, 1.68e-09
2026-09-25, 01:35:07, 1.57e-12, 1.72e-09
2026-09-25, 01:35:10, 1.55e-12, 1.68e-09
2026-09-25, 01:35:13, 1.6e-12, 1.71e-09
2026-09-25, 01:35:17, 1.67e-12, 1.68e-09
2026-09-25, 01:35:20, 1.54e-12, 1.68e-09
2026-09-25, 01:35:23, 1.61e-12, 1.71e-09
2026-09-25, 01:35:26, 1.61e-12, 1.7e-09
2026-09-25, 01:35:30, 1.57e-12, 1.68e-09
2026-09-25, 01:35:33, 1.62e-12, 1.67e-09
2026-09-25, 01:35:36, 1.64e-12, 1.69e-09
2026-09-25, 01:35:39, 1.69e-12, 1.7e-09
2026-09-25, 01:35:42, 1.62e-12, 1.7e-09
2026-09-25, 01:35:46, 1.6e-12, 1.71e-09
2026-09-25, 01:35:49, 1.55e-12, 1.68e-09
2026-09-25, 01:35:52, 1.76e-12, 1.69e-09
2026-09-25, 01:35:55, 1.56e-12, 1.69e-09
2026-09-25, 01:35:58, 1.62e-12, 1.67e-09
2026-09-25, 01:36:02, 1.68e-12, 1.69e-09
2026-09-25, 01:36:05, 1.55e-12, 1.7e-09
2026-09-25, 01:36:08, 1.5e-12, 1.71e-09
2026-09-25, 01:36:11, 1.68e-12, 1.7e-09
2026-09-25, 01:36:15, 1.59e-12, 1.72e-09
2026-09-25, 01:36:18, 1.56e-12, 1.72e-09
2026-09-25, 01:36:21, 1.57e-12, 1.7e-09
2026-09-25, 01:36:24, 1.62e-12, 1.69e-09
2026-09-25, 01:36:28, 1.5e-12, 1.71e-09
2026-09-25, 01:36:31, 1.59e-12, 1.7e-09
2026-09-25, 01:36:34, 1.63e-12, 1.71e-09
2026-09-25, 01:36:37, 1.59e-12, 1.73e-09
2026-09-25, 01:36:40, 1.64e-12, 1.71e-09
2026-09-25, 01:36:44, 1.63e-12, 1.71e-09
2026-09-25, 01:36:47, 1.64e-12, 1.73e-09
2026-09-25, 01:36:50, 1.51e-12, 1.72e-09
2026-09-25, 01:36:53, 1.67e-12, 1.72e-09
2026-09-25, 01:36:56, 1.6e-12, 1.66e-09
2026-09-25, 01:37:00, 1.58e-12, 1.65e-09
2026-09-25, 01:37:03, 1.57e-12, 1.68e-09
2026-09-25, 01:37:06, 1.59e-12, 1.51e-09
2026-09-25, 01:37:09, 1.67e-12, 1.54e-09
2026-09-25, 01:37:13, 1.47e-12, 1.69e-09
2026-09-25, 01:37:16, 1.55e-12, 1.67e-09
2026-09-25, 01:37:19, 1.58e-12, 1.68e-09
2026-09-25, 01:37:22, 1.61e-12, 1.67e-09
2026-09-25, 01:37:25, 1.56e-12, 1.68e-09
2026-09-25, 01:37:29, 1.56e-12, 1.71e-09
2026-09-25, 01:37:32, 1.61e-12, 1.66e-09
2026-09-25, 01:37:35, 1.58e-12, 1.71e-09
2026-09-25, 01:37:38, 1.58e-12, 1.66e-09
2026-09-25, 01:37:42, 1.58e-12, 1.7e-09
2026-09-25, 01:37:45, 1.61e-12, 1.71e-09
2026-09-25, 01:37:48, 1.6e-12, 1.7e-09
2026-09-25, 01:37:51, 1.58e-12, 1.64e-09
2026-09-25, 01:37:54, 1.64e-12, 1.67e-09
2026-09-25, 01:37:58, 1.61e-12, 1.67e-09
2026-09-25, 01:38:01, 1.66e-12, 1.58e-09
2026-09-25, 01:38:04, 1.61e-12, 1.74e-09
2026-09-25, 01:38:07, 1.63e-12, 1.73e-09
2026-09-25, 01:38:11, 1.62e-12, 1.72e-09
2026-09-25, 01:38:14, 1.6e-12, 1.74e-09
2026-09-25, 01:38:17, 1.57e-12, 1.72e-09
2026-09-25, 01:38:20, 1.57e-12, 1.73e-09
2026-09-25, 01:38:23, 1.58e-12, 1.74e-09
2026-09-25, 01:38:27, 1.66e-12, 1.75e-09
2026-09-25, 01:38:30, 1.61e-12, 1.73e-09
2026-09-25, 01:38:33, 1.54e-12, 1.75e-09
2026-09-25, 01:38:36, 1.59e-12, 1.72e-09
2026-09-25, 01:38:40, 1.59e-12, 1.68e-09
2026-09-25, 01:38:43, 1.56e-12, 1.71e-09
2026-09-25, 01:38:46, 1.62e-12, 1.74e-09
2026-09-25, 01:38:49, 1.62e-12, 1.72e-09
2026-09-25, 01:38:52, 1.58e-12, 1.72e-09
2026-09-25, 01:38:56, 1.67e-12, 1.66e-09
2026-09-25, 01:38:59, 1.72e-12, 1.72e-09
2026-09-25, 01:39:02, 1.62e-12, 1.73e-09
2026-09-25, 01:39:05, 1.56e-12, 1.72e-09
2026-09-25, 01:39:09, 1.56e-12, 1.67e-09
2026-09-25, 01:39:12, 1.66e-12, 1.69e-09
2026-09-25, 01:39:15, 1.58e-12, 1.72e-09
2026-09-25, 01:39:18, 1.58e-12, 1.7e-09
2026-09-25, 01:39:21, 1.65e-12, 1.7e-09
2026-09-25, 01:39:25, 1.65e-12, 1.64e-09
2026-09-25, 01:39:28, 1.6e-12, 1.73e-09
2026-09-25, 01:39:31, 1.52e-12, 1.74e-09
2026-09-25, 01:39:34, 1.57e-12, 1.73e-09
2026-09-25, 01:39:37, 1.55e-12, 1.72e-09
2026-09-25, 01:39:41, 1.57e-12, 1.66e-09
2026-09-25, 01:39:44, 1.57e-12, 1.74e-09
2026-09-25, 01:39:47, 1.59e-12, 1.68e-09
2026-09-25, 01:39:50, 1.54e-12, 1.72e-09
2026-09-25, 01:39:54, 1.63e-12, 1.71e-09
2026-09-25, 01:39:57, 1.57e-12, 1.72e-09
2026-09-25, 01:40:00, 1.65e-12, 1.73e-09
2026-09-25, 01:40:03, 1.59e-12, 1.7e-09
2026-09-25, 01:40:06, 1.61e-12, 1.72e-09
2026-09-25, 01:40:10, 1.59e-12, 1.72e-09
2026-09-25, 01:40:13, 1.65e-12, 1.71e-09
2026-09-25, 01:40:16, 1.75e-12, 1.69e-09
2026-09-25, 01:40:19, 1.55e-12, 1.72e-09
2026-09-25, 01:40:23, 1.62e-12, 1.72e-09
2026-09-25, 01:40:26, 1.59e-12, 1.74e-09
2026-09-25, 01:40:29, 1.6e-12, 1.78e-09
2026-09-25, 01:40:32, 1.59e-12, 1.79e-09
2026-09-25, 01:40:35, 1.58e-12, 1.82e-09
2026-09-25, 01:40:39, 1.59e-12, 1.76e-09
2026-09-25, 01:40:42, 1.63e-12, 1.81e-09
2026-09-25, 01:40:45, 1.42e-12, 1.81e-09
2026-09-25, 01:40:48, 1.69e-12, 1.79e-09
2026-09-25, 01:40:52, 1.55e-12, 1.8e-09
2026-09-25, 01:40:55, 1.63e-12, 1.81e-09
2026-09-25, 01:40:58, 1.56e-12, 1.8e-09
2026-09-25, 01:41:01, 1.58e-12, 1.82e-09
2026-09-25, 01:41:04, 1.61e-12, 1.8e-09
2026-09-25, 01:41:08, 1.61e-12, 1.81e-09
2026-09-25, 01:41:11, 1.59e-12, 1.84e-09
2026-09-25, 01:41:14, 1.55e-12, 1.86e-09
2026-09-25, 01:41:17, 1.6e-12, 1.85e-09
2026-09-25, 01:41:21, 1.57e-12, 1.86e-09
2026-09-25, 01:41:24, 1.6e-12, 1.87e-09
2026-09-25, 01:41:27, 1.54e-12, 1.81e-09
2026-09-25, 01:41:30, 1.67e-12, 1.81e-09
2026-09-25, 01:41:33, 1.63e-12, 1.82e-09
2026-09-25, 01:41:37, 1.58e-12, 1.89e-09
2026-09-25, 01:41:40, 1.61e-12, 1.82e-09
2026-09-25, 01:41:43, 1.74e-12, 1.75e-09
2026-09-25, 01:41:46, 1.45e-12, 1.84e-09
2026-09-25, 01:41:50, 1.6e-12, 1.81e-09
2026-09-25, 01:41:53, 1.58e-12, 1.78e-09
2026-09-25, 01:41:56, 1.57e-12, 1.77e-09
2026-09-25, 01:41:59, 1.62e-12, 1.83e-09
2026-09-25, 01:42:02, 1.58e-12, 1.7e-09
2026-09-25, 01:42:06, 1.58e-12, 1.74e-09
2026-09-25, 01:42:09, 1.69e-12, 1.7e-09
2026-09-25, 01:42:12, 1.52e-12, 1.69e-09
2026-09-25, 01:42:15, 1.66e-12, 1.68e-09
2026-09-25, 01:42:19, 1.66e-12, 1.69e-09
2026-09-25, 01:42:22, 1.62e-12, 1.68e-09
2026-09-25, 01:42:25, 1.56e-12, 1.8e-09
2026-09-25, 01:42:28, 1.63e-12, 1.8e-09
2026-09-25, 01:42:31, 1.63e-12, 1.81e-09
2026-09-25, 01:42:35, 1.66e-12, 1.81e-09
2026-09-25, 01:42:38, 1.53e-12, 1.77e-09
2026-09-25, 01:42:41, 1.61e-12, 1.8e-09
2026-09-25, 01:42:44, 1.55e-12, 1.81e-09
2026-09-25, 01:42:48, 1.64e-12, 1.8e-09
2026-09-25, 01:42:51, 1.63e-12, 1.81e-09
2026-09-25, 01:42:54, 1.63e-12, 1.81e-09
2026-09-25, 01:42:57, 1.44e-12, 1.73e-09
2026-09-25, 01:43:00, 1.52e-12, 1.75e-09
2026-09-25, 01:43:04, 1.64e-12, 1.8e-09
2026-09-25, 01:43:07, 1.62e-12, 1.81e-09
2026-09-25, 01:43:10, 1.65e-12, 1.82e-09
2026-09-25, 01:43:13, 1.57e-12, 1.82e-09
2026-09-25, 01:43:16, 1.58e-12, 1.81e-09
2026-09-25, 01:43:20, 1.63e-12, 1.77e-09
2026-09-25, 01:43:23, 1.6e-12, 1.75e-09
2026-09-25, 01:43:26, 1.58e-12, 1.74e-09
2026-09-25, 01:43:29, 1.68e-12, 1.73e-09
2026-09-25, 01:43:33, 1.54e-12, 1.74e-09
2026-09-25, 01:43:36, 1.68e-12, 1.73e-09
2026-09-25, 01:43:39, 1.64e-12, 1.73e-09
2026-09-25, 01:43:42, 1.49e-12, 1.73e-09
2026-09-25, 01:43:45, 1.53e-12, 1.73e-09
2026-09-25, 01:43:49, 1.56e-12, 1.74e-09
2026-09-25, 01:43:52, 1.65e-12, 1.73e-09
2026-09-25, 01:43:55, 1.61e-12, 1.73e-09
2026-09-25, 01:43:58, 1.57e-12, 1.73e-09
2026-09-25, 01:44:02, 1.65e-12, 1.82e-09
2026-09-25, 01:44:05, 1.67e-12, 1.84e-09
2026-09-25, 01:44:08, 1.55e-12, 1.8e-09
2026-09-25, 01:44:11, 1.6e-12, 1.81e-09
2026-09-25, 01:44:14, 1.56e-12, 1.77e-09
2026-09-25, 01:44:18, 1.56e-12, 1.82e-09
2026-09-25, 01:44:21, 1.55e-12, 1.81e-09
2026-09-25, 01:44:24, 1.65e-12, 1.82e-09
2026-09-25, 01:44:27, 1.59e-12, 1.83e-09
2026-09-25, 01:44:31, 1.63e-12, 1.83e-09
2026-09-25, 01:44:34, 1.61e-12, 1.8e-09
2026-09-25, 01:44:37, 1.56e-12, 1.82e-09
2026-09-25, 01:44:40, 1.58e-12, 1.82e-09
2026-09-25, 01:44:43, 1.74e-12, 1.83e-09
2026-09-25, 01:44:47, 1.67e-12, 1.79e-09
2026-09-25, 01:44:50, 1.59e-12, 1.79e-09
2026-09-25, 01:44:53, 1.52e-12, 1.79e-09
2026-09-25, 01:44:56, 1.62e-12, 1.8e-09
2026-09-25, 01:45:00, 1.64e-12, 1.81e-09
2026-09-25, 01:45:03, 1.59e-12, 1.81e-09
2026-09-25, 01:45:06, 1.6e-12, 1.86e-09
2026-09-25, 01:45:09, 1.62e-12, 1.8e-09
2026-09-25, 01:45:12, 1.61e-12, 1.8e-09
2026-09-25, 01:45:16, 1.57e-12, 1.8e-09
2026-09-25, 01:45:19, 1.58e-12, 1.81e-09
2026-09-25, 01:45:22, 1.75e-12, 1.8e-09
2026-09-25, 01:45:25, 1.56e-12, 1.79e-09
2026-09-25, 01:45:29, 1.6e-12, 1.81e-09
2026-09-25, 01:45:32, 1.56e-12, 1.79e-09
2026-09-25, 01:45:35, 1.58e-12, 1.78e-09
2026-09-25, 01:45:38, 1.6e-12, 1.78e-09
2026-09-25, 01:45:41, 1.66e-12, 1.83e-09
2026-09-25, 01:45:45, 1.58e-12, 1.9e-09
2026-09-25, 01:45:48, 1.62e-12, 1.82e-09
2026-09-25, 01:45:51, 1.52e-12, 1.82e-09
2026-09-25, 01:45:54, 1.55e-12, 1.8e-09
2026-09-25, 01:45:57, 1.44e-12, 1.78e-09
2026-09-25, 01:46:01, 1.54e-12, 1.79e-09
2026-09-25, 01:46:04, 1.58e-12, 1.8e-09
2026-09-25, 01:46:07, 1.57e-12, 1.8e-09
2026-09-25, 01:46:10, 1.62e-12, 1.8e-09
2026-09-25, 01:46:14, 1.57e-12, 1.8e-09
2026-09-25, 01:46:17, 1.64e-12, 1.79e-09
2026-09-25, 01:46:20, 1.65e-12, 1.81e-09
2026-09-25, 01:46:23, 1.62e-12, 1.82e-09
2026-09-25, 01:46:26, 1.58e-12, 1.82e-09
2026-09-25, 01:46:30, 1.59e-12, 1.81e-09
2026-09-25, 01:46:33, 1.72e-12, 1.74e-09
2026-09-25, 01:46:36, 1.56e-12, 1.8e-09
2026-09-25, 01:46:39, 1.55e-12, 1.8e-09
2026-09-25, 01:46:43, 1.63e-12, 1.75e-09
2026-09-25, 01:46:46, 1.67e-12, 1.79e-09
2026-09-25, 01:46:49, 1.64e-12, 1.72e-09
2026-09-25, 01:46:52, 1.59e-12, 1.77e-09
2026-09-25, 01:46:55, 1.59e-12, 1.82e-09
2026-09-25, 01:46:59, 1.63e-12, 1.8e-09
2026-09-25, 01:47:02, 1.59e-12, 1.81e-09
2026-09-25, 01:47:05, 1.59e-12, 1.8e-09
2026-09-25, 01:47:08, 1.62e-12, 1.82e-09
2026-09-25, 01:47:12, 1.55e-12, 1.82e-09
2026-09-25, 01:47:15, 1.63e-12, 1.78e-09
2026-09-25, 01:47:18, 1.52e-12, 1.84e-09
2026-09-25, 01:47:21, 1.61e-12, 1.82e-09
2026-09-25, 01:47:24, 1.62e-12, 1.76e-09
2026-09-25, 01:47:28, 1.51e-12, 1.79e-09
2026-09-25, 01:47:31, 1.55e-12, 1.8e-09
2026-09-25, 01:47:34, 1.64e-12, 1.8e-09
2026-09-25, 01:47:37, 1.62e-12, 1.82e-09
2026-09-25, 01:47:41, 1.57e-12, 1.75e-09
2026-09-25, 01:47:44, 1.62e-12, 1.76e-09
2026-09-25, 01:47:47, 1.56e-12, 1.8e-09
2026-09-25, 01:47:50, 1.68e-12, 1.8e-09
2026-09-25, 01:47:53, 1.6e-12, 1.8e-09
2026-09-25, 01:47:57, 1.62e-12, 1.79e-09
2026-09-25, 01:48:00, 1.59e-12, 1.79e-09
2026-09-25, 01:48:03, 1.65e-12, 1.8e-09
2026-09-25, 01:48:06, 1.59e-12, 1.79e-09
2026-09-25, 01:48:10, 1.64e-12, 1.82e-09
2026-09-25, 01:48:13, 1.62e-12, 1.84e-09
2026-09-25, 01:48:16, 1.56e-12, 1.84e-09
2026-09-25, 01:48:19, 1.63e-12, 1.8e-09
2026-09-25, 01:48:22, 1.6e-12, 1.74e-09
2026-09-25, 01:48:26, 1.61e-12, 1.7e-09
2026-09-25, 01:48:29, 1.55e-12, 1.71e-09
2026-09-25, 01:48:32, 1.56e-12, 1.78e-09
2026-09-25, 01:48:35, 1.47e-12, 1.78e-09
2026-09-25, 01:48:39, 1.58e-12, 1.77e-09
2026-09-25, 01:48:42, 1.71e-12, 1.73e-09
2026-09-25, 01:48:45, 1.61e-12, 1.77e-09
2026-09-25, 01:48:48, 1.6e-12, 1.76e-09
2026-09-25, 01:48:51, 1.52e-12, 1.78e-09
2026-09-25, 01:48:55, 1.62e-12, 1.79e-09
2026-09-25, 01:48:58, 1.56e-12, 1.79e-09
2026-09-25, 01:49:01, 1.56e-12, 1.79e-09
2026-09-25, 01:49:04, 1.58e-12, 1.78e-09
2026-09-25, 01:49:07, 1.58e-12, 1.79e-09
2026-09-25, 01:49:11, 1.63e-12, 1.81e-09
2026-09-25, 01:49:14, 1.57e-12, 1.8e-09
2026-09-25, 01:49:17, 1.64e-12, 1.8e-09
2026-09-25, 01:49:20, 1.55e-12, 1.8e-09
2026-09-25, 01:49:24, 1.52e-12, 1.81e-09
2026-09-25, 01:49:27, 1.6e-12, 1.77e-09
2026-09-25, 01:49:30, 1.6e-12, 1.74e-09
2026-09-25, 01:49:33, 1.61e-12, 1.7e-09
2026-09-25, 01:49:36, 1.53e-12, 1.67e-09
2026-09-25, 01:49:40, 1.57e-12, 1.65e-09
2026-09-25, 01:49:43, 1.6e-12, 1.66e-09
2026-09-25, 01:49:46, 1.57e-12, 1.67e-09
2026-09-25, 01:49:49, 1.58e-12, 1.68e-09
2026-09-25, 01:49:53, 1.6e-12, 1.69e-09
2026-09-25, 01:49:56, 1.58e-12, 1.68e-09
2026-09-25, 01:49:59, 1.65e-12, 1.68e-09
2026-09-25, 01:50:02, 1.58e-12, 1.74e-09
2026-09-25, 01:50:05, 1.52e-12, 1.79e-09
2026-09-25, 01:50:09, 1.62e-12, 1.76e-09
2026-09-25, 01:50:12, 1.57e-12, 1.74e-09
2026-09-25, 01:50:15, 1.61e-12, 1.79e-09
2026-09-25, 01:50:18, 1.63e-12, 1.81e-09
2026-09-25, 01:50:22, 1.59e-12, 1.74e-09
2026-09-25, 01:50:25, 1.56e-12, 1.74e-09
2026-09-25, 01:50:28, 1.49e-12, 1.75e-09
2026-09-25, 01:50:31, 1.61e-12, 1.77e-09
2026-09-25, 01:50:34, 1.6e-12, 1.75e-09
2026-09-25, 01:50:38, 1.55e-12, 1.75e-09
2026-09-25, 01:50:41, 1.54e-12, 1.7e-09
2026-09-25, 01:50:44, 1.55e-12, 1.71e-09
2026-09-25, 01:50:47, 1.69e-12, 1.71e-09
2026-09-25, 01:50:51, 1.64e-12, 1.7e-09
2026-09-25, 01:50:54, 1.57e-12, 1.73e-09
2026-09-25, 01:50:57, 1.6e-12, 1.7e-09
2026-09-25, 01:51:00, 1.55e-12, 1.68e-09
2026-09-25, 01:51:03, 1.61e-12, 1.65e-09
2026-09-25, 01:51:07, 1.66e-12, 1.68e-09
2026-09-25, 01:51:10, 1.53e-12, 1.68e-09
2026-09-25, 01:51:13, 1.56e-12, 1.67e-09
2026-09-25, 01:51:16, 1.56e-12, 1.68e-09
2026-09-25, 01:51:20, 1.61e-12, 1.66e-09
2026-09-25, 01:51:23, 1.63e-12, 1.65e-09
2026-09-25, 01:51:26, 1.55e-12, 1.66e-09
2026-09-25, 01:51:29, 1.42e-12, 1.65e-09
2026-09-25, 01:51:32, 1.56e-12, 1.66e-09
2026-09-25, 01:51:36, 1.52e-12, 1.64e-09
2026-09-25, 01:51:39, 1.56e-12, 1.65e-09
2026-09-25, 01:51:42, 1.6e-12, 1.65e-09
2026-09-25, 01:51:45, 1.55e-12, 1.65e-09
2026-09-25, 01:51:49, 1.58e-12, 1.64e-09
2026-09-25, 01:51:52, 1.61e-12, 1.65e-09
2026-09-25, 01:51:55, 1.6e-12, 1.66e-09
2026-09-25, 01:51:58, 1.6e-12, 1.63e-09
2026-09-25, 01:52:01, 1.58e-12, 1.65e-09
2026-09-25, 01:52:05, 1.62e-12, 1.62e-09
2026-09-25, 01:52:08, 1.64e-12, 1.62e-09
2026-09-25, 01:52:11, 1.67e-12, 1.62e-09
2026-09-25, 01:52:14, 1.6e-12, 1.63e-09
2026-09-25, 01:52:18, 1.63e-12, 1.64e-09
2026-09-25, 01:52:21, 1.64e-12, 1.64e-09
2026-09-25, 01:52:24, 1.57e-12, 1.63e-09
2026-09-25, 01:52:27, 1.55e-12, 1.62e-09
2026-09-25, 01:52:30, 1.57e-12, 1.62e-09
2026-09-25, 01:52:34, 1.53e-12, 1.62e-09
2026-09-25, 01:52:37, 1.57e-12, 1.62e-09
2026-09-25, 01:52:40, 1.48e-12, 1.63e-09
2026-09-25, 01:52:43, 1.54e-12, 1.65e-09
2026-09-25, 01:52:46, 1.64e-12, 1.64e-09
2026-09-25, 01:52:50, 1.6e-12, 1.65e-09
2026-09-25, 01:52:53, 1.6e-12, 1.65e-09
2026-09-25, 01:52:56, 1.58e-12, 1.66e-09
2026-09-25, 01:52:59, 1.58e-12, 1.67e-09
2026-09-25, 01:53:03, 1.54e-12, 1.64e-09
2026-09-25, 01:53:06, 1.59e-12, 1.66e-09
2026-09-25, 01:53:09, 1.58e-12, 1.69e-09
2026-09-25, 01:53:12, 1.55e-12, 1.67e-09
2026-09-25, 01:53:15, 1.58e-12, 1.67e-09
2026-09-25, 01:53:19, 1.61e-12, 1.67e-09
2026-09-25, 01:53:22, 1.74e-12, 1.65e-09
2026-09-25, 01:53:25, 1.56e-12, 1.65e-09
2026-09-25, 01:53:28, 1.58e-12, 1.64e-09
2026-09-25, 01:53:32, 1.64e-12, 1.64e-09
2026-09-25, 01:53:35, 1.61e-12, 1.63e-09
2026-09-25, 01:53:38, 1.61e-12, 1.63e-09
2026-09-25, 01:53:41, 1.62e-12, 1.63e-09
2026-09-25, 01:53:44, 1.59e-12, 1.64e-09
2026-09-25, 01:53:48, 1.61e-12, 1.64e-09
2026-09-25, 01:53:51, 1.44e-12, 1.65e-09
2026-09-25, 01:53:54, 1.56e-12, 1.66e-09
2026-09-25, 01:53:57, 1.63e-12, 1.65e-09
2026-09-25, 01:54:01, 1.53e-12, 1.67e-09
2026-09-25, 01:54:04, 1.58e-12, 1.69e-09
2026-09-25, 01:54:07, 1.62e-12, 1.69e-09
2026-09-25, 01:54:10, 1.6e-12, 1.68e-09
2026-09-25, 01:54:13, 1.58e-12, 1.69e-09
2026-09-25, 01:54:17, 1.55e-12, 1.66e-09
2026-09-25, 01:54:20, 1.73e-12, 1.66e-09
2026-09-25, 01:54:23, 1.62e-12, 1.66e-09
2026-09-25, 01:54:26, 1.72e-12, 1.67e-09
2026-09-25, 01:54:30, 1.55e-12, 1.67e-09
2026-09-25, 01:54:33, 1.53e-12, 1.67e-09
2026-09-25, 01:54:36, 1.58e-12, 1.68e-09
2026-09-25, 01:54:39, 1.6e-12, 1.68e-09
2026-09-25, 01:54:42, 1.63e-12, 1.68e-09
2026-09-25, 01:54:46, 1.58e-12, 1.68e-09
2026-09-25, 01:54:49, 1.61e-12, 1.73e-09
2026-09-25, 01:54:52, 1.53e-12, 1.73e-09
2026-09-25, 01:54:55, 1.59e-12, 1.73e-09
2026-09-25, 01:54:59, 1.7e-12, 1.73e-09
2026-09-25, 01:55:02, 1.59e-12, 1.76e-09
2026-09-25, 01:55:05, 1.55e-12, 1.79e-09
2026-09-25, 01:55:08, 1.59e-12, 1.8e-09
2026-09-25, 01:55:11, 1.56e-12, 1.75e-09
2026-09-25, 01:55:15, 1.62e-12, 1.76e-09
2026-09-25, 01:55:18, 1.58e-12, 1.72e-09
2026-09-25, 01:55:21, 1.46e-12, 1.67e-09
2026-09-25, 01:55:24, 1.55e-12, 1.65e-09
2026-09-25, 01:55:28, 1.57e-12, 1.66e-09
2026-09-25, 01:55:31, 1.58e-12, 1.65e-09
2026-09-25, 01:55:34, 1.52e-12, 1.64e-09
2026-09-25, 01:55:37, 1.52e-12, 1.62e-09
2026-09-25, 01:55:40, 1.5e-12, 1.63e-09
2026-09-25, 01:55:44, 1.59e-12, 1.64e-09
2026-09-25, 01:55:47, 1.61e-12, 1.63e-09
2026-09-25, 01:55:50, 1.61e-12, 1.63e-09
2026-09-25, 01:55:53, 1.57e-12, 1.66e-09
2026-09-25, 01:55:56, 1.63e-12, 1.67e-09
2026-09-25, 01:56:00, 1.57e-12, 1.67e-09
2026-09-25, 01:56:03, 1.53e-12, 1.67e-09
2026-09-25, 01:56:06, 1.51e-12, 1.67e-09
2026-09-25, 01:56:09, 1.58e-12, 1.68e-09
2026-09-25, 01:56:13, 1.62e-12, 1.68e-09
2026-09-25, 01:56:16, 1.61e-12, 1.78e-09
2026-09-25, 01:56:19, 1.7e-12, 1.79e-09
2026-09-25, 01:56:22, 1.52e-12, 1.81e-09
2026-09-25, 01:56:25, 1.57e-12, 1.77e-09
2026-09-25, 01:56:29, 1.59e-12, 1.79e-09
2026-09-25, 01:56:32, 1.62e-12, 1.71e-09
2026-09-25, 01:56:35, 1.56e-12, 1.75e-09
2026-09-25, 01:56:38, 1.54e-12, 1.77e-09
2026-09-25, 01:56:42, 1.57e-12, 1.8e-09
2026-09-25, 01:56:45, 1.6e-12, 1.83e-09
2026-09-25, 01:56:48, 1.6e-12, 1.83e-09
2026-09-25, 01:56:51, 1.55e-12, 1.83e-09
2026-09-25, 01:56:54, 1.53e-12, 1.78e-09
2026-09-25, 01:56:58, 1.59e-12, 1.78e-09
2026-09-25, 01:57:01, 1.63e-12, 1.79e-09
2026-09-25, 01:57:04, 1.63e-12, 1.78e-09
2026-09-25, 01:57:07, 1.55e-12, 1.76e-09
2026-09-25, 01:57:11, 1.59e-12, 1.75e-09
2026-09-25, 01:57:14, 1.58e-12, 1.77e-09
2026-09-25, 01:57:17, 1.53e-12, 1.75e-09
2026-09-25, 01:57:20, 1.57e-12, 1.74e-09
2026-09-25, 01:57:23, 1.56e-12, 1.74e-09
2026-09-25, 01:57:27, 1.57e-12, 1.74e-09
2026-09-25, 01:57:30, 1.63e-12, 1.75e-09
2026-09-25, 01:57:33, 1.59e-12, 1.74e-09
2026-09-25, 01:57:36, 1.6e-12, 1.74e-09
2026-09-25, 01:57:40, 1.6e-12, 1.71e-09
2026-09-25, 01:57:43, 1.54e-12, 1.74e-09
2026-09-25, 01:57:46, 1.63e-12, 1.75e-09
2026-09-25, 01:57:49, 1.65e-12, 1.78e-09
2026-09-25, 01:57:52, 1.61e-12, 1.76e-09
2026-09-25, 01:57:56, 1.61e-12, 1.76e-09
2026-09-25, 01:57:59, 1.63e-12, 1.76e-09
2026-09-25, 01:58:02, 1.55e-12, 1.75e-09
2026-09-25, 01:58:05, 1.62e-12, 1.77e-09
2026-09-25, 01:58:09, 1.54e-12, 1.75e-09
2026-09-25, 01:58:12, 1.61e-12, 1.76e-09
2026-09-25, 01:58:15, 1.53e-12, 1.75e-09
2026-09-25, 01:58:18, 1.64e-12, 1.77e-09
2026-09-25, 01:58:21, 1.56e-12, 1.76e-09
2026-09-25, 01:58:25, 1.54e-12, 1.74e-09
2026-09-25, 01:58:28, 1.7e-12, 1.75e-09
2026-09-25, 01:58:31, 1.62e-12, 1.78e-09
2026-09-25, 01:58:34, 1.58e-12, 1.76e-09
2026-09-25, 01:58:38, 1.65e-12, 1.77e-09
2026-09-25, 01:58:41, 1.63e-12, 1.76e-09
2026-09-25, 01:58:44, 1.52e-12, 1.75e-09
2026-09-25, 01:58:47, 1.59e-12, 1.77e-09
2026-09-25, 01:58:50, 1.57e-12, 1.78e-09
2026-09-25, 01:58:54, 1.63e-12, 1.78e-09
2026-09-25, 01:58:57, 1.62e-12, 1.79e-09
2026-09-25, 01:59:00, 1.64e-12, 1.79e-09
2026-09-25, 01:59:03, 1.55e-12, 1.77e-09
2026-09-25, 01:59:06, 1.52e-12, 1.77e-09
2026-09-25, 01:59:10, 1.61e-12, 1.78e-09
2026-09-25, 01:59:13, 1.67e-12, 1.76e-09
2026-09-25, 01:59:16, 1.56e-12, 1.77e-09
2026-09-25, 01:59:19, 1.61e-12, 1.77e-09
2026-09-25, 01:59:23, 1.48e-12, 1.76e-09
2026-09-25, 01:59:26, 1.61e-12, 1.77e-09
2026-09-25, 01:59:29, 1.6e-12, 1.76e-09
2026-09-25, 01:59:32, 1.6e-12, 1.75e-09
2026-09-25, 01:59:35, 1.61e-12, 1.75e-09
2026-09-25, 01:59:39, 1.59e-12, 1.74e-09
2026-09-25, 01:59:42, 1.54e-12, 1.76e-09
2026-09-25, 01:59:45, 1.59e-12, 1.75e-09
2026-09-25, 01:59:48, 1.63e-12, 1.78e-09
2026-09-25, 01:59:52, 1.57e-12, 1.77e-09
2026-09-25, 01:59:55, 1.61e-12, 1.78e-09
2026-09-25, 01:59:58, 1.51e-12, 1.78e-09
2026-09-25, 02:00:01, 1.6e-12, 1.79e-09
2026-09-25, 02:00:04, 1.59e-12, 1.78e-09
2026-09-25, 02:00:08, 1.58e-12, 1.79e-09
2026-09-25, 02:00:11, 1.71e-12, 1.79e-09
2026-09-25, 02:00:14, 1.41e-12, 1.8e-09
2026-09-25, 02:00:17, 1.59e-12, 1.79e-09
2026-09-25, 02:00:21, 1.6e-12, 1.77e-09
2026-09-25, 02:00:24, 1.63e-12, 1.78e-09
2026-09-25, 02:00:27, 1.6e-12, 1.78e-09
2026-09-25, 02:00:30, 1.55e-12, 1.77e-09
2026-09-25, 02:00:33, 1.55e-12, 1.77e-09
2026-09-25, 02:00:37, 1.61e-12, 1.67e-09
2026-09-25, 02:00:40, 1.6e-12, 1.67e-09
2026-09-25, 02:00:54, 1.63e-12, 1.78e-09
2026-09-25, 02:00:58, 1.59e-12, 1.74e-09
2026-09-25, 02:01:03, 1.58e-12, 1.75e-09
2026-09-25, 02:01:06, 1.56e-12, 1.79e-09
2026-09-25, 02:01:09, 1.59e-12, 1.78e-09
2026-09-25, 02:01:13, 1.62e-12, 1.75e-09
2026-09-25, 02:01:16, 1.6e-12, 1.74e-09
2026-09-25, 02:01:19, 1.67e-12, 1.74e-09
2026-09-25, 02:01:23, 1.51e-12, 1.74e-09
2026-09-25, 02:01:26, 1.62e-12, 1.74e-09
2026-09-25, 02:01:29, 1.57e-12, 1.75e-09
2026-09-25, 02:01:32, 1.61e-12, 1.74e-09
2026-09-25, 02:01:35, 1.6e-12, 1.74e-09
2026-09-25, 02:01:39, 1.63e-12, 1.77e-09
2026-09-25, 02:01:42, 1.52e-12, 1.74e-09
2026-09-25, 02:01:45, 1.56e-12, 1.72e-09
2026-09-25, 02:01:48, 1.6e-12, 1.71e-09
2026-09-25, 02:01:52, 1.55e-12, 1.73e-09
2026-09-25, 02:01:55, 1.48e-12, 1.75e-09
2026-09-25, 02:01:58, 1.56e-12, 1.72e-09
2026-09-25, 02:02:01, 1.47e-12, 1.74e-09
2026-09-25, 02:02:04, 1.62e-12, 1.77e-09
2026-09-25, 02:02:08, 1.57e-12, 1.77e-09
2026-09-25, 02:02:11, 1.58e-12, 1.75e-09
2026-09-25, 02:02:14, 1.53e-12, 1.75e-09
2026-09-25, 02:02:17, 1.56e-12, 1.75e-09
2026-09-25, 02:02:21, 1.57e-12, 1.74e-09
2026-09-25, 02:02:24, 1.6e-12, 1.76e-09
2026-09-25, 02:02:27, 1.56e-12, 1.75e-09
2026-09-25, 02:02:30, 1.56e-12, 1.8e-09
2026-09-25, 02:02:33, 1.57e-12, 1.78e-09
2026-09-25, 02:02:37, 1.61e-12, 1.76e-09
2026-09-25, 02:02:40, 1.55e-12, 1.78e-09
2026-09-25, 02:02:43, 1.52e-12, 1.8e-09
2026-09-25, 02:02:46, 1.64e-12, 1.79e-09
2026-09-25, 02:02:50, 1.63e-12, 1.78e-09
2026-09-25, 02:02:53, 1.57e-12, 1.77e-09
2026-09-25, 02:02:56, 1.61e-12, 1.78e-09
2026-09-25, 02:02:59, 1.59e-12, 1.78e-09
2026-09-25, 02:03:02, 1.62e-12, 1.79e-09
2026-09-25, 02:03:06, 1.53e-12, 1.81e-09
2026-09-25, 02:03:09, 1.58e-12, 1.81e-09
2026-09-25, 02:03:12, 1.58e-12, 1.78e-09
2026-09-25, 02:03:15, 1.66e-12, 1.78e-09
2026-09-25, 02:03:19, 1.56e-12, 1.76e-09
2026-09-25, 02:03:22, 1.57e-12, 1.83e-09
2026-09-25, 02:03:25, 1.61e-12, 1.8e-09
2026-09-25, 02:03:28, 1.61e-12, 1.78e-09
2026-09-25, 02:03:31, 1.53e-12, 1.79e-09
2026-09-25, 02:03:35, 1.59e-12, 1.77e-09
2026-09-25, 02:03:38, 1.67e-12, 1.76e-09
2026-09-25, 02:03:41, 1.53e-12, 1.78e-09
2026-09-25, 02:03:44, 1.56e-12, 1.77e-09
2026-09-25, 02:03:48, 1.57e-12, 1.74e-09
2026-09-25, 02:03:51, 1.62e-12, 1.74e-09
2026-09-25, 02:03:54, 1.58e-12, 1.74e-09
2026-09-25, 02:03:57, 1.54e-12, 1.75e-09
2026-09-25, 02:04:00, 1.56e-12, 1.74e-09
2026-09-25, 02:04:04, 1.62e-12, 1.76e-09
2026-09-25, 02:04:07, 1.58e-12, 1.74e-09
2026-09-25, 02:04:10, 1.58e-12, 1.77e-09
2026-09-25, 02:04:13, 1.57e-12, 1.74e-09
2026-09-25, 02:04:17, 1.59e-12, 1.74e-09
2026-09-25, 02:04:20, 1.59e-12, 1.76e-09
2026-09-25, 02:04:23, 1.7e-12, 1.76e-09
2026-09-25, 02:04:26, 1.54e-12, 1.74e-09
2026-09-25, 02:04:29, 1.55e-12, 1.75e-09
2026-09-25, 02:04:33, 1.57e-12, 1.76e-09
2026-09-25, 02:04:36, 1.67e-12, 1.78e-09
2026-09-25, 02:04:39, 1.78e-12, 1.77e-09
2026-09-25, 02:04:42, 1.59e-12, 1.76e-09
2026-09-25, 02:04:46, 1.58e-12, 1.78e-09
2026-09-25, 02:04:49, 1.65e-12, 1.76e-09
2026-09-25, 02:04:52, 1.57e-12, 1.74e-09
2026-09-25, 02:04:55, 1.6e-12, 1.77e-09
2026-09-25, 02:04:58, 1.66e-12, 1.75e-09
2026-09-25, 02:05:02, 1.64e-12, 1.76e-09
2026-09-25, 02:05:05, 1.58e-12, 1.77e-09
2026-09-25, 02:05:08, 1.6e-12, 1.78e-09
2026-09-25, 02:05:11, 1.63e-12, 1.77e-09
2026-09-25, 02:05:14, 1.55e-12, 1.76e-09
2026-09-25, 02:05:18, 1.62e-12, 1.77e-09
2026-09-25, 02:05:21, 1.71e-12, 1.78e-09
2026-09-25, 02:05:24, 1.61e-12, 1.79e-09
2026-09-25, 02:05:27, 1.62e-12, 1.79e-09
2026-09-25, 02:05:31, 1.68e-12, 1.81e-09
2026-09-25, 02:05:34, 1.64e-12, 1.8e-09
2026-09-25, 02:05:37, 1.64e-12, 1.8e-09
2026-09-25, 02:05:40, 1.6e-12, 1.81e-09
2026-09-25, 02:05:43, 1.62e-12, 1.8e-09
2026-09-25, 02:05:47, 1.54e-12, 1.79e-09
2026-09-25, 02:05:50, 1.51e-12, 1.78e-09
2026-09-25, 02:05:53, 1.59e-12, 1.76e-09
2026-09-25, 02:05:56, 1.57e-12, 1.73e-09
2026-09-25, 02:06:00, 1.6e-12, 1.78e-09
2026-09-25, 02:06:03, 1.6e-12, 1.75e-09
2026-09-25, 02:06:06, 1.55e-12, 1.76e-09
2026-09-25, 02:06:09, 1.61e-12, 1.76e-09
2026-09-25, 02:06:12, 1.56e-12, 1.75e-09
2026-09-25, 02:06:16, 1.6e-12, 1.76e-09
2026-09-25, 02:06:19, 1.58e-12, 1.77e-09
2026-09-25, 02:06:22, 1.55e-12, 1.78e-09
2026-09-25, 02:06:25, 1.57e-12, 1.78e-09
2026-09-25, 02:06:29, 1.63e-12, 1.77e-09
2026-09-25, 02:06:32, 1.64e-12, 1.78e-09
2026-09-25, 02:06:35, 1.6e-12, 1.78e-09
2026-09-25, 02:06:38, 1.54e-12, 1.79e-09
2026-09-25, 02:06:41, 1.61e-12, 1.78e-09
2026-09-25, 02:06:45, 1.65e-12, 1.75e-09
2026-09-25, 02:06:48, 1.51e-12, 1.75e-09
2026-09-25, 02:06:51, 1.61e-12, 1.76e-09
2026-09-25, 02:06:54, 1.63e-12, 1.77e-09
2026-09-25, 02:06:58, 1.56e-12, 1.77e-09
2026-09-25, 02:07:01, 1.73e-12, 1.79e-09
2026-09-25, 02:07:04, 1.48e-12, 1.8e-09
2026-09-25, 02:07:07, 1.76e-12, 1.79e-09
2026-09-25, 02:07:10, 1.56e-12, 1.77e-09
2026-09-25, 02:07:14, 1.59e-12, 1.77e-09
2026-09-25, 02:07:17, 1.6e-12, 1.78e-09
2026-09-25, 02:07:20, 1.65e-12, 1.76e-09
2026-09-25, 02:07:23, 1.61e-12, 1.77e-09
2026-09-25, 02:07:27, 1.58e-12, 1.76e-09
2026-09-25, 02:07:30, 1.6e-12, 1.76e-09
2026-09-25, 02:07:33, 1.5e-12, 1.78e-09
2026-09-25, 02:07:36, 1.59e-12, 1.74e-09
2026-09-25, 02:07:39, 1.54e-12, 1.75e-09
2026-09-25, 02:07:43, 1.59e-12, 1.77e-09
2026-09-25, 02:07:46, 1.55e-12, 1.77e-09
2026-09-25, 02:07:49, 1.56e-12, 1.81e-09
2026-09-25, 02:07:52, 1.59e-12, 1.8e-09
2026-09-25, 02:07:56, 1.54e-12, 1.8e-09
2026-09-25, 02:07:59, 1.55e-12, 1.82e-09
2026-09-25, 02:08:02, 1.6e-12, 1.8e-09
2026-09-25, 02:08:05, 1.65e-12, 1.8e-09
2026-09-25, 02:08:08, 1.6e-12, 1.81e-09
2026-09-25, 02:08:12, 1.64e-12, 1.81e-09
2026-09-25, 02:08:15, 1.49e-12, 1.8e-09
2026-09-25, 02:08:18, 1.57e-12, 1.82e-09
2026-09-25, 02:08:21, 1.61e-12, 1.81e-09
2026-09-25, 02:08:25, 1.58e-12, 1.79e-09
2026-09-25, 02:08:28, 1.57e-12, 1.77e-09
2026-09-25, 02:08:31, 1.59e-12, 1.72e-09
2026-09-25, 02:08:34, 1.59e-12, 1.72e-09
2026-09-25, 02:08:37, 1.57e-12, 1.72e-09
2026-09-25, 02:08:41, 1.64e-12, 1.75e-09
2026-09-25, 02:08:44, 1.59e-12, 1.74e-09
2026-09-25, 02:08:47, 1.6e-12, 1.73e-09
2026-09-25, 02:08:50, 1.71e-12, 1.71e-09
2026-09-25, 02:08:53, 1.55e-12, 1.71e-09
2026-09-25, 02:08:57, 1.57e-12, 1.72e-09
2026-09-25, 02:09:00, 1.62e-12, 1.71e-09
2026-09-25, 02:09:03, 1.51e-12, 1.71e-09
2026-09-25, 02:09:06, 1.57e-12, 1.7e-09
2026-09-25, 02:09:10, 1.65e-12, 1.7e-09
2026-09-25, 02:09:13, 1.57e-12, 1.74e-09
2026-09-25, 02:09:16, 1.58e-12, 1.75e-09
2026-09-25, 02:09:19, 1.62e-12, 1.71e-09
2026-09-25, 02:09:22, 1.76e-12, 1.72e-09
2026-09-25, 02:09:26, 1.54e-12, 1.71e-09
2026-09-25, 02:09:29, 1.48e-12, 1.72e-09
2026-09-25, 02:09:32, 1.62e-12, 1.72e-09
2026-09-25, 02:09:35, 1.6e-12, 1.75e-09
2026-09-25, 02:09:39, 1.59e-12, 1.75e-09
2026-09-25, 02:09:42, 1.59e-12, 1.72e-09
2026-09-25, 02:09:45, 1.59e-12, 1.72e-09
2026-09-25, 02:09:48, 1.53e-12, 1.73e-09
2026-09-25, 02:09:51, 1.64e-12, 1.73e-09
2026-09-25, 02:09:55, 1.63e-12, 1.74e-09
2026-09-25, 02:09:58, 1.63e-12, 1.75e-09
2026-09-25, 02:10:01, 1.56e-12, 1.73e-09
2026-09-25, 02:10:04, 1.67e-12, 1.71e-09
2026-09-25, 02:10:08, 1.59e-12, 1.73e-09
2026-09-25, 02:10:11, 1.6e-12, 1.77e-09
2026-09-25, 02:10:14, 1.56e-12, 1.74e-09
2026-09-25, 02:10:17, 1.61e-12, 1.74e-09
2026-09-25, 02:10:20, 1.68e-12, 1.75e-09
2026-09-25, 02:10:24, 1.54e-12, 1.75e-09
2026-09-25, 02:10:27, 1.61e-12, 1.72e-09
2026-09-25, 02:10:30, 1.57e-12, 1.72e-09
2026-09-25, 02:10:33, 1.64e-12, 1.75e-09
2026-09-25, 02:10:37, 1.62e-12, 1.76e-09
2026-09-25, 02:10:40, 1.61e-12, 1.74e-09
2026-09-25, 02:10:43, 1.59e-12, 1.75e-09
2026-09-25, 02:10:46, 1.64e-12, 1.77e-09
2026-09-25, 02:10:49, 1.57e-12, 1.75e-09
2026-09-25, 02:10:53, 1.62e-12, 1.75e-09
2026-09-25, 02:10:56, 1.56e-12, 1.74e-09
2026-09-25, 02:10:59, 1.61e-12, 1.74e-09
2026-09-25, 02:11:02, 1.62e-12, 1.76e-09
2026-09-25, 02:11:06, 1.61e-12, 1.74e-09
2026-09-25, 02:11:09, 1.57e-12, 1.75e-09
2026-09-25, 02:11:12, 1.56e-12, 1.78e-09
2026-09-25, 02:11:15, 1.59e-12, 1.76e-09
2026-09-25, 02:11:18, 1.64e-12, 1.75e-09
2026-09-25, 02:11:22, 1.8e-12, 1.77e-09
2026-09-25, 02:11:25, 1.61e-12, 1.77e-09
2026-09-25, 02:11:28, 1.55e-12, 1.77e-09
2026-09-25, 02:11:31, 1.59e-12, 1.73e-09
2026-09-25, 02:11:34, 1.64e-12, 1.76e-09
2026-09-25, 02:11:38, 1.58e-12, 1.74e-09
2026-09-25, 02:11:41, 1.55e-12, 1.76e-09
2026-09-25, 02:11:44, 1.58e-12, 1.76e-09
2026-09-25, 02:11:47, 1.68e-12, 1.73e-09
2026-09-25, 02:11:51, 1.6e-12, 1.75e-09
2026-09-25, 02:11:54, 1.58e-12, 1.71e-09
2026-09-25, 02:11:57, 1.53e-12, 1.71e-09
2026-09-25, 02:12:00, 1.6e-12, 1.73e-09
2026-09-25, 02:12:03, 1.53e-12, 1.75e-09
2026-09-25, 02:12:07, 1.45e-12, 1.75e-09
2026-09-25, 02:12:10, 1.58e-12, 1.75e-09
2026-09-25, 02:12:13, 1.65e-12, 1.73e-09
2026-09-25, 02:12:16, 1.62e-12, 1.73e-09
2026-09-25, 02:12:20, 1.42e-12, 1.74e-09
2026-09-25, 02:12:23, 1.52e-12, 1.76e-09
2026-09-25, 02:12:26, 1.57e-12, 1.75e-09
2026-09-25, 02:12:29, 1.5e-12, 1.77e-09
2026-09-25, 02:12:32, 1.58e-12, 1.75e-09
2026-09-25, 02:12:36, 1.6e-12, 1.71e-09
2026-09-25, 02:12:39, 1.67e-12, 1.72e-09
2026-09-25, 02:12:42, 1.64e-12, 1.7e-09
2026-09-25, 02:12:45, 1.64e-12, 1.7e-09
2026-09-25, 02:12:49, 1.58e-12, 1.69e-09
2026-09-25, 02:12:52, 1.64e-12, 1.7e-09
2026-09-25, 02:12:55, 1.56e-12, 1.7e-09
2026-09-25, 02:12:58, 1.59e-12, 1.69e-09
2026-09-25, 02:13:01, 1.63e-12, 1.7e-09
2026-09-25, 02:13:05, 1.65e-12, 1.72e-09
2026-09-25, 02:13:08, 1.71e-12, 1.71e-09
2026-09-25, 02:13:11, 1.53e-12, 1.71e-09
2026-09-25, 02:13:14, 1.58e-12, 1.72e-09
2026-09-25, 02:13:18, 1.54e-12, 1.71e-09
2026-09-25, 02:13:21, 1.6e-12, 1.72e-09
2026-09-25, 02:13:24, 1.59e-12, 1.71e-09
2026-09-25, 02:13:27, 1.71e-12, 1.71e-09
2026-09-25, 02:13:30, 1.62e-12, 1.72e-09
2026-09-25, 02:13:34, 1.52e-12, 1.71e-09
2026-09-25, 02:13:37, 1.53e-12, 1.72e-09
2026-09-25, 02:13:40, 1.56e-12, 1.7e-09
2026-09-25, 02:13:43, 1.57e-12, 1.7e-09
2026-09-25, 02:13:47, 1.53e-12, 1.7e-09
2026-09-25, 02:13:50, 1.48e-12, 1.7e-09
2026-09-25, 02:13:53, 1.65e-12, 1.71e-09
2026-09-25, 02:13:56, 1.59e-12, 1.71e-09
2026-09-25, 02:13:59, 1.61e-12, 1.7e-09
2026-09-25, 02:14:03, 1.63e-12, 1.71e-09
2026-09-25, 02:14:06, 1.61e-12, 1.69e-09
2026-09-25, 02:14:09, 1.65e-12, 1.69e-09
2026-09-25, 02:14:12, 1.6e-12, 1.69e-09
2026-09-25, 02:14:16, 1.62e-12, 1.7e-09
2026-09-25, 02:14:19, 1.53e-12, 1.67e-09
2026-09-25, 02:14:22, 1.58e-12, 1.68e-09
2026-09-25, 02:14:25, 1.42e-12, 1.67e-09
2026-09-25, 02:14:28, 1.58e-12, 1.69e-09
2026-09-25, 02:14:32, 1.51e-12, 1.68e-09
2026-09-25, 02:14:35, 1.58e-12, 1.68e-09
2026-09-25, 02:14:38, 1.53e-12, 1.68e-09
2026-09-25, 02:14:41, 1.54e-12, 1.7e-09
2026-09-25, 02:14:44, 1.57e-12, 1.7e-09
2026-09-25, 02:14:48, 1.58e-12, 1.7e-09
2026-09-25, 02:14:51, 1.51e-12, 1.71e-09
2026-09-25, 02:14:54, 1.58e-12, 1.7e-09
2026-09-25, 02:14:57, 1.62e-12, 1.69e-09
2026-09-25, 02:15:01, 1.57e-12, 1.69e-09
2026-09-25, 02:15:04, 1.56e-12, 1.7e-09
2026-09-25, 02:15:07, 1.47e-12, 1.7e-09
2026-09-25, 02:15:10, 1.58e-12, 1.7e-09
2026-09-25, 02:15:13, 1.5e-12, 1.68e-09
2026-09-25, 02:15:17, 1.59e-12, 1.7e-09
2026-09-25, 02:15:20, 1.52e-12, 1.71e-09
2026-09-25, 02:15:23, 1.62e-12, 1.7e-09
2026-09-25, 02:15:26, 1.57e-12, 1.71e-09
2026-09-25, 02:15:30, 1.59e-12, 1.69e-09
2026-09-25, 02:15:33, 1.69e-12, 1.7e-09
2026-09-25, 02:15:36, 1.56e-12, 1.7e-09
2026-09-25, 02:15:39, 1.54e-12, 1.7e-09
2026-09-25, 02:15:42, 1.62e-12, 1.71e-09
2026-09-25, 02:15:46, 1.54e-12, 1.72e-09
2026-09-25, 02:15:49, 1.62e-12, 1.72e-09
2026-09-25, 02:15:52, 1.53e-12, 1.7e-09
2026-09-25, 02:15:55, 1.41e-12, 1.71e-09
2026-09-25, 02:15:59, 1.59e-12, 1.72e-09
2026-09-25, 02:16:02, 1.68e-12, 1.7e-09
2026-09-25, 02:16:05, 1.62e-12, 1.7e-09
2026-09-25, 02:16:08, 1.64e-12, 1.69e-09
2026-09-25, 02:16:11, 1.58e-12, 1.69e-09
2026-09-25, 02:16:15, 1.63e-12, 1.7e-09
2026-09-25, 02:16:18, 1.5e-12, 1.72e-09
2026-09-25, 02:16:21, 1.62e-12, 1.71e-09
2026-09-25, 02:16:24, 1.61e-12, 1.7e-09
2026-09-25, 02:16:28, 1.58e-12, 1.71e-09
2026-09-25, 02:16:31, 1.59e-12, 1.71e-09
2026-09-25, 02:16:34, 1.53e-12, 1.69e-09
2026-09-25, 02:16:37, 1.62e-12, 1.69e-09
2026-09-25, 02:16:40, 1.6e-12, 1.7e-09
2026-09-25, 02:16:44, 1.54e-12, 1.71e-09
2026-09-25, 02:16:47, 1.58e-12, 1.71e-09
2026-09-25, 02:16:50, 1.56e-12, 1.71e-09
2026-09-25, 02:16:53, 1.65e-12, 1.7e-09
2026-09-25, 02:16:57, 1.56e-12, 1.69e-09
2026-09-25, 02:17:00, 1.62e-12, 1.71e-09
2026-09-25, 02:17:03, 1.53e-12, 1.7e-09
2026-09-25, 02:17:06, 1.65e-12, 1.7e-09
2026-09-25, 02:17:09, 1.66e-12, 1.69e-09
2026-09-25, 02:17:13, 1.58e-12, 1.7e-09
2026-09-25, 02:17:16, 1.6e-12, 1.7e-09
2026-09-25, 02:17:19, 1.63e-12, 1.71e-09
2026-09-25, 02:17:22, 1.61e-12, 1.68e-09
2026-09-25, 02:17:26, 1.56e-12, 1.67e-09
2026-09-25, 02:17:29, 1.58e-12, 1.69e-09
2026-09-25, 02:17:32, 1.4e-12, 1.7e-09
2026-09-25, 02:17:35, 1.59e-12, 1.7e-09
2026-09-25, 02:17:38, 1.58e-12, 1.69e-09
2026-09-25, 02:17:42, 1.62e-12, 1.69e-09
2026-09-25, 02:17:45, 1.5e-12, 1.7e-09
2026-09-25, 02:17:48, 1.49e-12, 1.71e-09
2026-09-25, 02:17:51, 1.59e-12, 1.73e-09
2026-09-25, 02:17:55, 1.56e-12, 1.71e-09
2026-09-25, 02:17:58, 1.64e-12, 1.71e-09
2026-09-25, 02:18:01, 1.6e-12, 1.71e-09
2026-09-25, 02:18:04, 1.58e-12, 1.7e-09
2026-09-25, 02:18:07, 1.49e-12, 1.7e-09
2026-09-25, 02:18:11, 1.59e-12, 1.71e-09
2026-09-25, 02:18:14, 1.55e-12, 1.71e-09
2026-09-25, 02:18:17, 1.56e-12, 1.7e-09
2026-09-25, 02:18:20, 1.62e-12, 1.7e-09
2026-09-25, 02:18:23, 1.64e-12, 1.7e-09
2026-09-25, 02:18:27, 1.59e-12, 1.7e-09
2026-09-25, 02:18:30, 1.57e-12, 1.7e-09
2026-09-25, 02:18:33, 1.6e-12, 1.7e-09
2026-09-25, 02:18:36, 1.58e-12, 1.73e-09
2026-09-25, 02:18:40, 1.6e-12, 1.71e-09
2026-09-25, 02:18:43, 1.6e-12, 1.7e-09
2026-09-25, 02:18:46, 1.59e-12, 1.69e-09
2026-09-25, 02:18:49, 1.63e-12, 1.7e-09
2026-09-25, 02:18:52, 1.53e-12, 1.69e-09
2026-09-25, 02:18:56, 1.57e-12, 1.68e-09
2026-09-25, 02:18:59, 1.6e-12, 1.67e-09
2026-09-25, 02:19:02, 1.57e-12, 1.69e-09
2026-09-25, 02:19:05, 1.59e-12, 1.69e-09
2026-09-25, 02:19:09, 1.58e-12, 1.69e-09
2026-09-25, 02:19:12, 1.64e-12, 1.69e-09
2026-09-25, 02:19:15, 1.59e-12, 1.7e-09
2026-09-25, 02:19:18, 1.58e-12, 1.7e-09
2026-09-25, 02:19:21, 1.55e-12, 1.68e-09
2026-09-25, 02:19:25, 1.65e-12, 1.7e-09
2026-09-25, 02:19:28, 1.61e-12, 1.7e-09
2026-09-25, 02:19:31, 1.74e-12, 1.69e-09
2026-09-25, 02:19:34, 1.63e-12, 1.7e-09
2026-09-25, 02:19:38, 1.53e-12, 1.69e-09
2026-09-25, 02:19:41, 1.67e-12, 1.7e-09
2026-09-25, 02:19:44, 1.64e-12, 1.7e-09
2026-09-25, 02:19:47, 1.66e-12, 1.69e-09
2026-09-25, 02:19:50, 1.62e-12, 1.71e-09
2026-09-25, 02:19:54, 1.58e-12, 1.7e-09
2026-09-25, 02:19:57, 1.44e-12, 1.7e-09
2026-09-25, 02:20:00, 1.64e-12, 1.69e-09
2026-09-25, 02:20:03, 1.64e-12, 1.68e-09
2026-09-25, 02:20:07, 1.61e-12, 1.68e-09
2026-09-25, 02:20:10, 1.6e-12, 1.68e-09
2026-09-25, 02:20:13, 1.57e-12, 1.68e-09
2026-09-25, 02:20:16, 1.63e-12, 1.69e-09
2026-09-25, 02:20:19, 1.57e-12, 1.69e-09
2026-09-25, 02:20:23, 1.65e-12, 1.7e-09
2026-09-25, 02:20:26, 1.59e-12, 1.71e-09
2026-09-25, 02:20:29, 1.6e-12, 1.69e-09
2026-09-25, 02:20:32, 1.61e-12, 1.68e-09
2026-09-25, 02:20:36, 1.58e-12, 1.71e-09
2026-09-25, 02:20:39, 1.59e-12, 1.69e-09
2026-09-25, 02:20:42, 1.57e-12, 1.7e-09
2026-09-25, 02:20:45, 1.51e-12, 1.71e-09
2026-09-25, 02:20:48, 1.58e-12, 1.71e-09
2026-09-25, 02:20:52, 1.52e-12, 1.71e-09
2026-09-25, 02:20:55, 1.61e-12, 1.7e-09
2026-09-25, 02:20:58, 1.45e-12, 1.7e-09
2026-09-25, 02:21:01, 1.58e-12, 1.7e-09
2026-09-25, 02:21:05, 1.59e-12, 1.7e-09
2026-09-25, 02:21:08, 1.65e-12, 1.7e-09
2026-09-25, 02:21:11, 1.67e-12, 1.71e-09
2026-09-25, 02:21:14, 1.55e-12, 1.7e-09
2026-09-25, 02:21:17, 1.58e-12, 1.68e-09
2026-09-25, 02:21:21, 1.56e-12, 1.71e-09
2026-09-25, 02:21:24, 1.62e-12, 1.71e-09
2026-09-25, 02:21:27, 1.59e-12, 1.7e-09
2026-09-25, 02:21:30, 1.61e-12, 1.7e-09
2026-09-25, 02:21:33, 1.54e-12, 1.7e-09
2026-09-25, 02:21:37, 1.74e-12, 1.7e-09
2026-09-25, 02:21:40, 1.57e-12, 1.7e-09
2026-09-25, 02:21:43, 1.66e-12, 1.7e-09
2026-09-25, 02:21:46, 1.58e-12, 1.72e-09
2026-09-25, 02:21:50, 1.57e-12, 1.71e-09
2026-09-25, 02:21:53, 1.66e-12, 1.7e-09
2026-09-25, 02:21:56, 1.6e-12, 1.7e-09
2026-09-25, 02:21:59, 1.38e-12, 1.69e-09
2026-09-25, 02:22:02, 1.62e-12, 1.68e-09
2026-09-25, 02:22:06, 1.62e-12, 1.68e-09
2026-09-25, 02:22:09, 1.54e-12, 1.7e-09
2026-09-25, 02:22:12, 1.64e-12, 1.69e-09
2026-09-25, 02:22:15, 1.51e-12, 1.69e-09
2026-09-25, 02:22:19, 1.57e-12, 1.69e-09
2026-09-25, 02:22:22, 1.58e-12, 1.72e-09
2026-09-25, 02:22:25, 1.56e-12, 1.7e-09
2026-09-25, 02:22:28, 1.56e-12, 1.7e-09
2026-09-25, 02:22:31, 1.55e-12, 1.7e-09
2026-09-25, 02:22:35, 1.6e-12, 1.69e-09
2026-09-25, 02:22:38, 1.61e-12, 1.69e-09
2026-09-25, 02:22:41, 1.68e-12, 1.7e-09
2026-09-25, 02:22:44, 1.56e-12, 1.69e-09
2026-09-25, 02:22:48, 1.62e-12, 1.69e-09
2026-09-25, 02:22:51, 1.58e-12, 1.68e-09
2026-09-25, 02:22:54, 1.6e-12, 1.69e-09
2026-09-25, 02:22:57, 1.61e-12, 1.69e-09
2026-09-25, 02:23:00, 1.44e-12, 1.69e-09
2026-09-25, 02:23:04, 1.43e-12, 1.7e-09
2026-09-25, 02:23:07, 1.61e-12, 1.68e-09
2026-09-25, 02:23:10, 1.58e-12, 1.68e-09
2026-09-25, 02:23:13, 1.57e-12, 1.68e-09
2026-09-25, 02:23:17, 1.61e-12, 1.68e-09
2026-09-25, 02:23:20, 1.62e-12, 1.68e-09
2026-09-25, 02:23:23, 1.61e-12, 1.69e-09
2026-09-25, 02:23:26, 1.6e-12, 1.68e-09
2026-09-25, 02:23:29, 1.61e-12, 1.68e-09
2026-09-25, 02:23:33, 1.59e-12, 1.68e-09
2026-09-25, 02:23:36, 1.62e-12, 1.69e-09
2026-09-25, 02:23:39, 1.61e-12, 1.69e-09
2026-09-25, 02:23:42, 1.65e-12, 1.69e-09
2026-09-25, 02:23:46, 1.56e-12, 1.69e-09
2026-09-25, 02:23:49, 1.54e-12, 1.69e-09
2026-09-25, 02:23:52, 1.57e-12, 1.7e-09
2026-09-25, 02:23:55, 1.58e-12, 1.7e-09
2026-09-25, 02:23:58, 1.6e-12, 1.68e-09
2026-09-25, 02:24:02, 1.63e-12, 1.7e-09
2026-09-25, 02:24:05, 1.59e-12, 1.7e-09
2026-09-25, 02:24:08, 1.65e-12, 1.69e-09
2026-09-25, 02:24:11, 1.57e-12, 1.69e-09
2026-09-25, 02:24:15, 1.58e-12, 1.69e-09
2026-09-25, 02:24:18, 1.69e-12, 1.7e-09
2026-09-25, 02:24:21, 1.59e-12, 1.7e-09
2026-09-25, 02:24:24, 1.65e-12, 1.7e-09
2026-09-25, 02:24:27, 1.59e-12, 1.71e-09
2026-09-25, 02:24:31, 1.55e-12, 1.7e-09
2026-09-25, 02:24:34, 1.64e-12, 1.7e-09
2026-09-25, 02:24:37, 1.62e-12, 1.7e-09
2026-09-25, 02:24:40, 1.52e-12, 1.68e-09
2026-09-25, 02:24:43, 1.57e-12, 1.7e-09
2026-09-25, 02:24:47, 1.55e-12, 1.72e-09
2026-09-25, 02:24:50, 1.58e-12, 1.71e-09
2026-09-25, 02:24:53, 1.63e-12, 1.72e-09
2026-09-25, 02:24:56, 1.6e-12, 1.71e-09
2026-09-25, 02:25:00, 1.59e-12, 1.7e-09
2026-09-25, 02:25:03, 1.64e-12, 1.71e-09
2026-09-25, 02:25:06, 1.58e-12, 1.7e-09
2026-09-25, 02:25:09, 1.67e-12, 1.69e-09
2026-09-25, 02:25:12, 1.55e-12, 1.69e-09
2026-09-25, 02:25:16, 1.69e-12, 1.71e-09
2026-09-25, 02:25:19, 1.61e-12, 1.68e-09
2026-09-25, 02:25:22, 1.64e-12, 1.67e-09
2026-09-25, 02:25:25, 1.55e-12, 1.69e-09
2026-09-25, 02:25:29, 1.55e-12, 1.68e-09
2026-09-25, 02:25:32, 1.45e-12, 1.68e-09
2026-09-25, 02:25:35, 1.55e-12, 1.66e-09
2026-09-25, 02:25:38, 1.53e-12, 1.78e-09
2026-09-25, 02:25:41, 1.58e-12, 1.65e-09
2026-09-25, 02:25:45, 1.56e-12, 1.66e-09
2026-09-25, 02:25:48, 1.63e-12, 1.65e-09
2026-09-25, 02:25:51, 1.6e-12, 1.67e-09
2026-09-25, 02:25:54, 1.71e-12, 1.66e-09
2026-09-25, 02:25:58, 1.6e-12, 1.66e-09
2026-09-25, 02:26:01, 1.55e-12, 1.67e-09
2026-09-25, 02:26:04, 1.65e-12, 1.66e-09
2026-09-25, 02:26:07, 1.64e-12, 1.68e-09
2026-09-25, 02:26:10, 1.57e-12, 1.69e-09
2026-09-25, 02:26:14, 1.56e-12, 1.68e-09
2026-09-25, 02:26:17, 1.6e-12, 1.69e-09
2026-09-25, 02:26:20, 1.59e-12, 1.69e-09
2026-09-25, 02:26:23, 1.77e-12, 1.68e-09
2026-09-25, 02:26:27, 1.67e-12, 1.69e-09
2026-09-25, 02:26:30, 1.58e-12, 1.67e-09
2026-09-25, 02:26:33, 1.59e-12, 1.66e-09
2026-09-25, 02:26:36, 1.61e-12, 1.68e-09
2026-09-25, 02:26:39, 1.53e-12, 1.69e-09
2026-09-25, 02:26:43, 1.42e-12, 1.68e-09
2026-09-25, 02:26:46, 1.62e-12, 1.7e-09
2026-09-25, 02:26:49, 1.37e-12, 1.69e-09
2026-09-25, 02:26:52, 1.57e-12, 1.69e-09
2026-09-25, 02:26:56, 1.75e-12, 1.67e-09
2026-09-25, 02:26:59, 1.58e-12, 1.68e-09
2026-09-25, 02:27:02, 1.53e-12, 1.68e-09
2026-09-25, 02:27:05, 1.66e-12, 1.68e-09
2026-09-25, 02:27:08, 1.56e-12, 1.68e-09
2026-09-25, 02:27:12, 1.6e-12, 1.68e-09
2026-09-25, 02:27:15, 1.56e-12, 1.69e-09
2026-09-25, 02:27:18, 1.6e-12, 1.7e-09
2026-09-25, 02:27:21, 1.57e-12, 1.71e-09
2026-09-25, 02:27:24, 1.63e-12, 1.71e-09
2026-09-25, 02:27:28, 1.6e-12, 1.71e-09
2026-09-25, 02:27:31, 1.58e-12, 1.7e-09
2026-09-25, 02:27:34, 1.61e-12, 1.7e-09
2026-09-25, 02:27:37, 1.62e-12, 1.69e-09
2026-09-25, 02:27:41, 1.57e-12, 1.69e-09
2026-09-25, 02:27:44, 1.72e-12, 1.69e-09
2026-09-25, 02:27:47, 1.6e-12, 1.7e-09
2026-09-25, 02:27:50, 1.53e-12, 1.69e-09
2026-09-25, 02:27:53, 1.54e-12, 1.7e-09
2026-09-25, 02:27:57, 1.6e-12, 1.69e-09
2026-09-25, 02:28:00, 1.54e-12, 1.7e-09
2026-09-25, 02:28:03, 1.75e-12, 1.69e-09
2026-09-25, 02:28:06, 1.61e-12, 1.69e-09
2026-09-25, 02:28:10, 1.61e-12, 1.68e-09
2026-09-25, 02:28:13, 1.6e-12, 1.68e-09
2026-09-25, 02:28:16, 1.61e-12, 1.68e-09
2026-09-25, 02:28:19, 1.59e-12, 1.66e-09
2026-09-25, 02:28:22, 1.51e-12, 1.69e-09
2026-09-25, 02:28:26, 1.56e-12, 1.67e-09
2026-09-25, 02:28:29, 1.57e-12, 1.66e-09
2026-09-25, 02:28:32, 1.56e-12, 1.67e-09
2026-09-25, 02:28:35, 1.6e-12, 1.67e-09
2026-09-25, 02:28:39, 1.55e-12, 1.66e-09
2026-09-25, 02:28:42, 1.63e-12, 1.68e-09
2026-09-25, 02:28:45, 1.63e-12, 1.67e-09
2026-09-25, 02:28:48, 1.52e-12, 1.7e-09
2026-09-25, 02:28:51, 1.58e-12, 1.66e-09
2026-09-25, 02:28:55, 1.56e-12, 1.67e-09
2026-09-25, 02:28:58, 1.62e-12, 1.68e-09
2026-09-25, 02:29:01, 1.56e-12, 1.67e-09
2026-09-25, 02:29:04, 1.54e-12, 1.67e-09
2026-09-25, 02:29:08, 1.66e-12, 1.66e-09
2026-09-25, 02:29:11, 1.57e-12, 1.66e-09
2026-09-25, 02:29:14, 1.46e-12, 1.66e-09
2026-09-25, 02:29:17, 1.63e-12, 1.68e-09
2026-09-25, 02:29:20, 1.69e-12, 1.69e-09
2026-09-25, 02:29:24, 1.64e-12, 1.7e-09
2026-09-25, 02:29:27, 1.58e-12, 1.71e-09
2026-09-25, 02:29:30, 1.58e-12, 1.71e-09
2026-09-25, 02:29:33, 1.59e-12, 1.71e-09
2026-09-25, 02:29:37, 1.58e-12, 1.71e-09
2026-09-25, 02:29:40, 1.62e-12, 1.71e-09
2026-09-25, 02:29:43, 1.63e-12, 1.71e-09
2026-09-25, 02:29:46, 1.65e-12, 1.71e-09
2026-09-25, 02:29:49, 1.58e-12, 1.7e-09
2026-09-25, 02:29:53, 1.62e-12, 1.7e-09
2026-09-25, 02:29:56, 1.64e-12, 1.7e-09
2026-09-25, 02:29:59, 1.59e-12, 1.7e-09
2026-09-25, 02:30:02, 1.69e-12, 1.7e-09
2026-09-25, 02:30:06, 1.43e-12, 1.71e-09
2026-09-25, 02:30:09, 1.62e-12, 1.7e-09
2026-09-25, 02:30:12, 1.6e-12, 1.7e-09
2026-09-25, 02:30:15, 1.56e-12, 1.7e-09
2026-09-25, 02:30:18, 1.61e-12, 1.7e-09
2026-09-25, 02:30:22, 1.5e-12, 1.73e-09
2026-09-25, 02:30:25, 1.71e-12, 1.71e-09
2026-09-25, 02:30:28, 1.66e-12, 1.71e-09
2026-09-25, 02:30:31, 1.54e-12, 1.72e-09
2026-09-25, 02:30:35, 1.58e-12, 1.7e-09
2026-09-25, 02:30:38, 1.57e-12, 1.7e-09
2026-09-25, 02:30:41, 1.56e-12, 1.71e-09
2026-09-25, 02:30:44, 1.71e-12, 1.72e-09
2026-09-25, 02:30:47, 1.68e-12, 1.71e-09
2026-09-25, 02:30:51, 1.63e-12, 1.7e-09
2026-09-25, 02:30:54, 1.53e-12, 1.72e-09
2026-09-25, 02:30:57, 1.56e-12, 1.71e-09
2026-09-25, 02:31:00, 1.63e-12, 1.71e-09
2026-09-25, 02:31:03, 1.58e-12, 1.73e-09
2026-09-25, 02:31:07, 1.68e-12, 1.72e-09
2026-09-25, 02:31:10, 1.63e-12, 1.65e-09
2026-09-25, 02:31:13, 1.61e-12, 1.65e-09
2026-09-25, 02:31:16, 1.61e-12, 1.65e-09
2026-09-25, 02:31:20, 1.51e-12, 1.71e-09
2026-09-25, 02:31:23, 1.55e-12, 1.72e-09
2026-09-25, 02:31:26, 1.59e-12, 1.71e-09
2026-09-25, 02:31:29, 1.59e-12, 1.71e-09
2026-09-25, 02:31:32, 1.62e-12, 1.72e-09
2026-09-25, 02:31:36, 1.59e-12, 1.71e-09
2026-09-25, 02:31:39, 1.6e-12, 1.7e-09
2026-09-25, 02:31:42, 1.52e-12, 1.71e-09
2026-09-25, 02:31:45, 1.56e-12, 1.72e-09
2026-09-25, 02:31:49, 1.69e-12, 1.71e-09
2026-09-25, 02:31:52, 1.63e-12, 1.7e-09
2026-09-25, 02:31:55, 1.56e-12, 1.71e-09
2026-09-25, 02:31:58, 1.61e-12, 1.71e-09
2026-09-25, 02:32:01, 1.55e-12, 1.71e-09
2026-09-25, 02:32:05, 1.6e-12, 1.71e-09
2026-09-25, 02:32:08, 1.62e-12, 1.71e-09
2026-09-25, 02:32:11, 1.57e-12, 1.71e-09
2026-09-25, 02:32:14, 1.59e-12, 1.71e-09
2026-09-25, 02:32:18, 1.57e-12, 1.71e-09
2026-09-25, 02:32:21, 1.58e-12, 1.71e-09
2026-09-25, 02:32:24, 1.6e-12, 1.71e-09
2026-09-25, 02:32:27, 1.59e-12, 1.71e-09
2026-09-25, 02:32:30, 1.62e-12, 1.7e-09
2026-09-25, 02:32:34, 1.57e-12, 1.73e-09
2026-09-25, 02:32:37, 1.55e-12, 1.72e-09
2026-09-25, 02:32:40, 1.58e-12, 1.72e-09
2026-09-25, 02:32:43, 1.51e-12, 1.71e-09
2026-09-25, 02:32:47, 1.62e-12, 1.72e-09
2026-09-25, 02:32:50, 1.59e-12, 1.7e-09
2026-09-25, 02:32:53, 1.51e-12, 1.72e-09
2026-09-25, 02:32:56, 1.63e-12, 1.71e-09
2026-09-25, 02:32:59, 1.61e-12, 1.68e-09
2026-09-25, 02:33:03, 1.62e-12, 1.69e-09
2026-09-25, 02:33:06, 1.6e-12, 1.7e-09
2026-09-25, 02:33:09, 1.61e-12, 1.67e-09
2026-09-25, 02:33:12, 1.55e-12, 1.68e-09
2026-09-25, 02:33:16, 1.56e-12, 1.67e-09
2026-09-25, 02:33:19, 1.64e-12, 1.67e-09
2026-09-25, 02:33:22, 1.61e-12, 1.68e-09
2026-09-25, 02:33:25, 1.58e-12, 1.69e-09
2026-09-25, 02:33:28, 1.69e-12, 1.67e-09
2026-09-25, 02:33:32, 1.57e-12, 1.68e-09
2026-09-25, 02:33:35, 1.56e-12, 1.66e-09
2026-09-25, 02:33:38, 1.63e-12, 1.68e-09
2026-09-25, 02:33:41, 1.59e-12, 1.67e-09
2026-09-25, 02:33:45, 1.54e-12, 1.67e-09
2026-09-25, 02:33:48, 1.55e-12, 1.67e-09
2026-09-25, 02:33:51, 1.55e-12, 1.68e-09
2026-09-25, 02:33:54, 1.63e-12, 1.67e-09
2026-09-25, 02:33:57, 1.61e-12, 1.68e-09
2026-09-25, 02:34:01, 1.61e-12, 1.68e-09
2026-09-25, 02:34:04, 1.59e-12, 1.68e-09
2026-09-25, 02:34:07, 1.58e-12, 1.67e-09
2026-09-25, 02:34:10, 1.65e-12, 1.68e-09
2026-09-25, 02:34:14, 1.51e-12, 1.68e-09
2026-09-25, 02:34:17, 1.49e-12, 1.69e-09
2026-09-25, 02:34:20, 1.64e-12, 1.69e-09
2026-09-25, 02:34:23, 1.56e-12, 1.71e-09
2026-09-25, 02:34:26, 1.64e-12, 1.68e-09
2026-09-25, 02:34:30, 1.58e-12, 1.69e-09
2026-09-25, 02:34:33, 1.6e-12, 1.68e-09
2026-09-25, 02:34:36, 1.53e-12, 1.7e-09
2026-09-25, 02:34:39, 1.56e-12, 1.7e-09
2026-09-25, 02:34:42, 1.57e-12, 1.69e-09
2026-09-25, 02:34:46, 1.59e-12, 1.7e-09
2026-09-25, 02:34:49, 1.59e-12, 1.7e-09
2026-09-25, 02:34:52, 1.59e-12, 1.7e-09
2026-09-25, 02:34:55, 1.63e-12, 1.7e-09
2026-09-25, 02:34:59, 1.6e-12, 1.69e-09
2026-09-25, 02:35:02, 1.57e-12, 1.68e-09
2026-09-25, 02:35:05, 1.63e-12, 1.69e-09
2026-09-25, 02:35:08, 1.57e-12, 1.72e-09
2026-09-25, 02:35:11, 1.55e-12, 1.7e-09
2026-09-25, 02:35:15, 1.6e-12, 1.69e-09
2026-09-25, 02:35:18, 1.57e-12, 1.69e-09
2026-09-25, 02:35:21, 1.58e-12, 1.7e-09
2026-09-25, 02:35:24, 1.64e-12, 1.7e-09
2026-09-25, 02:35:28, 1.58e-12, 1.7e-09
2026-09-25, 02:35:31, 1.62e-12, 1.7e-09
2026-09-25, 02:35:34, 1.55e-12, 1.7e-09
2026-09-25, 02:35:37, 1.63e-12, 1.69e-09
2026-09-25, 02:35:40, 1.57e-12, 1.7e-09
2026-09-25, 02:35:44, 1.6e-12, 1.69e-09
2026-09-25, 02:35:47, 1.62e-12, 1.69e-09
2026-09-25, 02:35:50, 1.59e-12, 1.7e-09
2026-09-25, 02:35:53, 1.65e-12, 1.68e-09
2026-09-25, 02:35:57, 1.57e-12, 1.68e-09
2026-09-25, 02:36:00, 1.55e-12, 1.73e-09
2026-09-25, 02:36:03, 1.59e-12, 1.67e-09
2026-09-25, 02:36:06, 1.75e-12, 1.67e-09
2026-09-25, 02:36:09, 1.66e-12, 1.67e-09
2026-09-25, 02:36:13, 1.51e-12, 1.68e-09
2026-09-25, 02:36:16, 1.61e-12, 1.69e-09
2026-09-25, 02:36:19, 1.63e-12, 1.69e-09
2026-09-25, 02:36:22, 1.59e-12, 1.69e-09
2026-09-25, 02:36:26, 1.53e-12, 1.69e-09
2026-09-25, 02:36:29, 1.53e-12, 1.73e-09
2026-09-25, 02:36:32, 1.55e-12, 1.73e-09
2026-09-25, 02:36:35, 1.59e-12, 1.72e-09
2026-09-25, 02:36:38, 1.65e-12, 1.66e-09
2026-09-25, 02:36:42, 1.58e-12, 1.65e-09
2026-09-25, 02:36:45, 1.59e-12, 1.65e-09
2026-09-25, 02:36:48, 1.58e-12, 1.65e-09
2026-09-25, 02:36:51, 1.61e-12, 1.65e-09
2026-09-25, 02:36:55, 1.57e-12, 1.64e-09
2026-09-25, 02:36:58, 1.57e-12, 1.65e-09
2026-09-25, 02:37:01, 1.58e-12, 1.64e-09
2026-09-25, 02:37:04, 1.54e-12, 1.63e-09
2026-09-25, 02:37:07, 1.57e-12, 1.64e-09
2026-09-25, 02:37:11, 1.51e-12, 1.64e-09
2026-09-25, 02:37:14, 1.6e-12, 1.64e-09
2026-09-25, 02:37:17, 1.61e-12, 1.64e-09
2026-09-25, 02:37:20, 1.58e-12, 1.64e-09
2026-09-25, 02:37:24, 1.55e-12, 1.66e-09
2026-09-25, 02:37:27, 1.6e-12, 1.66e-09
2026-09-25, 02:37:30, 1.6e-12, 1.66e-09
2026-09-25, 02:37:33, 1.68e-12, 1.64e-09
2026-09-25, 02:37:36, 1.58e-12, 1.62e-09
2026-09-25, 02:37:40, 1.62e-12, 1.65e-09
2026-09-25, 02:37:43, 1.57e-12, 1.65e-09
2026-09-25, 02:37:46, 1.63e-12, 1.65e-09
2026-09-25, 02:37:49, 1.62e-12, 1.66e-09
2026-09-25, 02:37:52, 1.63e-12, 1.68e-09
2026-09-25, 02:37:56, 1.6e-12, 1.66e-09
2026-09-25, 02:37:59, 1.58e-12, 1.67e-09
2026-09-25, 02:38:02, 1.62e-12, 1.67e-09
2026-09-25, 02:38:05, 1.58e-12, 1.67e-09
2026-09-25, 02:38:09, 1.62e-12, 1.67e-09
2026-09-25, 02:38:12, 1.67e-12, 1.67e-09
2026-09-25, 02:38:15, 1.62e-12, 1.67e-09
2026-09-25, 02:38:18, 1.63e-12, 1.67e-09
2026-09-25, 02:38:21, 1.59e-12, 1.65e-09
2026-09-25, 02:38:25, 1.61e-12, 1.63e-09
2026-09-25, 02:38:28, 1.54e-12, 1.68e-09
2026-09-25, 02:38:31, 1.73e-12, 1.68e-09
2026-09-25, 02:38:34, 1.51e-12, 1.7e-09
2026-09-25, 02:38:38, 1.62e-12, 1.71e-09
2026-09-25, 02:38:41, 1.56e-12, 1.7e-09
2026-09-25, 02:38:44, 1.56e-12, 1.7e-09
2026-09-25, 02:38:47, 1.77e-12, 1.69e-09
2026-09-25, 02:38:50, 1.53e-12, 1.69e-09
2026-09-25, 02:38:54, 1.55e-12, 1.69e-09
2026-09-25, 02:38:57, 1.61e-12, 1.7e-09
2026-09-25, 02:39:00, 1.59e-12, 1.7e-09
2026-09-25, 02:39:03, 1.64e-12, 1.7e-09
2026-09-25, 02:39:07, 1.59e-12, 1.7e-09
2026-09-25, 02:39:10, 1.59e-12, 1.7e-09
2026-09-25, 02:39:13, 1.6e-12, 1.69e-09
2026-09-25, 02:39:16, 1.57e-12, 1.68e-09
2026-09-25, 02:39:19, 1.57e-12, 1.7e-09
2026-09-25, 02:39:23, 1.51e-12, 1.69e-09
2026-09-25, 02:39:26, 1.51e-12, 1.69e-09
2026-09-25, 02:39:29, 1.49e-12, 1.7e-09
2026-09-25, 02:39:32, 1.6e-12, 1.7e-09
2026-09-25, 02:39:36, 1.62e-12, 1.69e-09
2026-09-25, 02:39:39, 1.59e-12, 1.7e-09
2026-09-25, 02:39:42, 1.75e-12, 1.69e-09
2026-09-25, 02:39:45, 1.66e-12, 1.7e-09
2026-09-25, 02:39:48, 1.57e-12, 1.7e-09
2026-09-25, 02:39:52, 1.6e-12, 1.7e-09
2026-09-25, 02:39:55, 1.64e-12, 1.7e-09
2026-09-25, 02:39:58, 1.55e-12, 1.69e-09
2026-09-25, 02:40:01, 1.55e-12, 1.69e-09
2026-09-25, 02:40:05, 1.53e-12, 1.69e-09
2026-09-25, 02:40:08, 1.56e-12, 1.69e-09
2026-09-25, 02:40:11, 1.58e-12, 1.69e-09
2026-09-25, 02:40:14, 1.54e-12, 1.69e-09
2026-09-25, 02:40:17, 1.57e-12, 1.67e-09
2026-09-25, 02:40:21, 1.59e-12, 1.68e-09
2026-09-25, 02:40:24, 1.58e-12, 1.69e-09
2026-09-25, 02:40:27, 1.56e-12, 1.68e-09
2026-09-25, 02:40:30, 1.75e-12, 1.67e-09
2026-09-25, 02:40:34, 1.59e-12, 1.68e-09
2026-09-25, 02:40:37, 1.6e-12, 1.68e-09
2026-09-25, 02:40:40, 1.6e-12, 1.67e-09
2026-09-25, 02:40:43, 1.56e-12, 1.7e-09
2026-09-25, 02:40:46, 1.6e-12, 1.69e-09
2026-09-25, 02:40:50, 1.6e-12, 1.7e-09
2026-09-25, 02:40:53, 1.6e-12, 1.71e-09
2026-09-25, 02:40:56, 1.64e-12, 1.72e-09
2026-09-25, 02:40:59, 1.59e-12, 1.72e-09
2026-09-25, 02:41:02, 1.66e-12, 1.7e-09
2026-09-25, 02:41:06, 1.68e-12, 1.7e-09
2026-09-25, 02:41:09, 1.62e-12, 1.7e-09
2026-09-25, 02:41:12, 1.67e-12, 1.7e-09
2026-09-25, 02:41:15, 1.59e-12, 1.69e-09
2026-09-25, 02:41:19, 1.57e-12, 1.7e-09
2026-09-25, 02:41:22, 1.61e-12, 1.69e-09
2026-09-25, 02:41:25, 1.49e-12, 1.69e-09
2026-09-25, 02:41:28, 1.58e-12, 1.69e-09
2026-09-25, 02:41:31, 1.58e-12, 1.7e-09
2026-09-25, 02:41:35, 1.59e-12, 1.69e-09
2026-09-25, 02:41:38, 1.56e-12, 1.69e-09
2026-09-25, 02:41:41, 1.53e-12, 1.69e-09
2026-09-25, 02:41:44, 1.62e-12, 1.69e-09
2026-09-25, 02:41:48, 1.61e-12, 1.71e-09
2026-09-25, 02:41:51, 1.61e-12, 1.7e-09
2026-09-25, 02:41:54, 1.65e-12, 1.69e-09
2026-09-25, 02:41:57, 1.6e-12, 1.69e-09
2026-09-25, 02:42:00, 1.57e-12, 1.68e-09
2026-09-25, 02:42:04, 1.55e-12, 1.68e-09
2026-09-25, 02:42:07, 1.68e-12, 1.7e-09
2026-09-25, 02:42:10, 1.53e-12, 1.7e-09
2026-09-25, 02:42:13, 1.54e-12, 1.7e-09
2026-09-25, 02:42:17, 1.61e-12, 1.69e-09
2026-09-25, 02:42:20, 1.61e-12, 1.69e-09
2026-09-25, 02:42:23, 1.64e-12, 1.69e-09
2026-09-25, 02:42:26, 1.57e-12, 1.7e-09
2026-09-25, 02:42:29, 1.66e-12, 1.69e-09
2026-09-25, 02:42:33, 1.58e-12, 1.69e-09
2026-09-25, 02:42:36, 1.64e-12, 1.69e-09
2026-09-25, 02:42:39, 1.56e-12, 1.69e-09
2026-09-25, 02:42:42, 1.55e-12, 1.7e-09
2026-09-25, 02:42:46, 1.52e-12, 1.69e-09
2026-09-25, 02:42:49, 1.52e-12, 1.69e-09
2026-09-25, 02:42:52, 1.64e-12, 1.71e-09
2026-09-25, 02:42:55, 1.58e-12, 1.71e-09
2026-09-25, 02:42:58, 1.59e-12, 1.71e-09
2026-09-25, 02:43:02, 1.59e-12, 1.7e-09
2026-09-25, 02:43:05, 1.52e-12, 1.69e-09
2026-09-25, 02:43:08, 1.71e-12, 1.7e-09
2026-09-25, 02:43:11, 1.67e-12, 1.7e-09
2026-09-25, 02:43:15, 1.59e-12, 1.7e-09
2026-09-25, 02:43:18, 1.61e-12, 1.7e-09
2026-09-25, 02:43:21, 1.65e-12, 1.7e-09
2026-09-25, 02:43:24, 1.54e-12, 1.71e-09
2026-09-25, 02:43:27, 1.57e-12, 1.71e-09
2026-09-25, 02:43:31, 1.56e-12, 1.71e-09
2026-09-25, 02:43:34, 1.62e-12, 1.66e-09
2026-09-25, 02:43:37, 1.57e-12, 1.66e-09
2026-09-25, 02:43:40, 1.48e-12, 1.7e-09
2026-09-25, 02:43:43, 1.55e-12, 1.7e-09
2026-09-25, 02:43:47, 1.69e-12, 1.68e-09
2026-09-25, 02:43:50, 1.61e-12, 1.68e-09
2026-09-25, 02:43:53, 1.69e-12, 1.65e-09
2026-09-25, 02:43:56, 1.71e-12, 1.66e-09
2026-09-25, 02:44:00, 1.63e-12, 1.71e-09
2026-09-25, 02:44:03, 1.6e-12, 1.7e-09
2026-09-25, 02:44:06, 1.58e-12, 1.7e-09
2026-09-25, 02:44:09, 1.71e-12, 1.72e-09
2026-09-25, 02:44:12, 1.55e-12, 1.71e-09
2026-09-25, 02:44:16, 1.54e-12, 1.7e-09
2026-09-25, 02:44:19, 1.47e-12, 1.7e-09
2026-09-25, 02:44:22, 1.59e-12, 1.67e-09
2026-09-25, 02:44:25, 1.52e-12, 1.68e-09
2026-09-25, 02:44:29, 1.59e-12, 1.69e-09
2026-09-25, 02:44:32, 1.53e-12, 1.69e-09
2026-09-25, 02:44:35, 1.59e-12, 1.7e-09
2026-09-25, 02:44:38, 1.56e-12, 1.7e-09
2026-09-25, 02:44:41, 1.65e-12, 1.7e-09
2026-09-25, 02:44:45, 1.58e-12, 1.7e-09
2026-09-25, 02:44:48, 1.57e-12, 1.71e-09
2026-09-25, 02:44:51, 1.54e-12, 1.7e-09
2026-09-25, 02:44:54, 1.53e-12, 1.67e-09
2026-09-25, 02:44:58, 1.47e-12, 1.65e-09
2026-09-25, 02:45:01, 1.64e-12, 1.69e-09
2026-09-25, 02:45:04, 1.62e-12, 1.64e-09
