2026-09-11, 00:00:02, 22.3, 22.5, 22.75, 22.75, 9999.0, 9999.0, 9999.0, 24.07, 9999.0, 22.7, 9999.0, 22.7, 22.5, 22.25, 22.32, 22.27
2026-09-11, 00:00:06, 22.3, 22.5, 22.75, 22.75, 9999.0, 9999.0, 9999.0, 24.11, 9999.0, 22.68, 9999.0, 22.7, 22.5, 22.25, 22.34, 22.27
2026-09-11, 00:00:10, 22.3, 22.5, 22.77, 22.75, 9999.0, 9999.0, 9999.0, 24.05, 9999.0, 22.66, 9999.0, 22.7, 22.5, 22.25, 22.34, 22.25
2026-09-11, 00:00:15, 22.3, 22.5, 22.77, 22.75, 9999.0, 9999.0, 9999.0, 24.0, 9999.0, 22.66, 9999.0, 22.7, 22.5, 22.25, 22.34, 22.25
2026-09-11, 00:00:19, 22.3, 22.5, 22.77, 22.75, 9999.0, 9999.0, 9999.0, 23.95, 9999.0, 22.64, 9999.0, 22.7, 22.5, 22.25, 22.32, 22.25
2026-09-11, 00:00:23, 22.3, 22.5, 22.77, 22.75, 9999.0, 9999.0, 9999.0, 23.91, 9999.0, 22.64, 9999.0, 22.7, 22.5, 22.25, 22.32, 22.25
2026-09-11, 00:00:27, 22.3, 22.5, 22.77, 22.75, 9999.0, 9999.0, 9999.0, 23.89, 9999.0, 22.64, 9999.0, 22.7, 22.5, 22.25, 22.34, 22.25
2026-09-11, 00:00:31, 22.3, 22.5, 22.77, 22.75, 9999.0, 9999.0, 9999.0, 23.86, 9999.0, 22.66, 9999.0, 22.7, 22.5, 22.25, 22.36, 22.25
2026-09-11, 00:00:35, 22.3, 22.5, 22.77, 22.75, 9999.0, 9999.0, 9999.0, 23.82, 9999.0, 22.7, 9999.0, 22.7, 22.5, 22.25, 22.39, 22.25
2026-09-11, 00:00:39, 22.27, 22.5, 22.77, 22.75, 9999.0, 9999.0, 9999.0, 23.77, 9999.0, 22.73, 9999.0, 22.73, 22.5, 22.25, 22.39, 22.25
2026-09-11, 00:00:43, 22.27, 22.5, 22.77, 22.75, 9999.0, 9999.0, 9999.0, 23.82, 9999.0, 22.75, 9999.0, 22.75, 22.5, 22.25, 22.41, 22.25
2026-09-11, 00:00:47, 22.25, 22.5, 22.77, 22.75, 9999.0, 9999.0, 9999.0, 23.84, 9999.0, 22.77, 9999.0, 22.75, 22.5, 22.25, 22.43, 22.25
2026-09-11, 00:00:51, 22.25, 22.5, 22.77, 22.75, 9999.0, 9999.0, 9999.0, 23.86, 9999.0, 22.8, 9999.0, 22.75, 22.5, 22.25, 22.43, 22.25
2026-09-11, 00:00:55, 22.27, 22.5, 22.75, 22.75, 9999.0, 9999.0, 9999.0, 23.91, 9999.0, 22.82, 9999.0, 22.75, 22.5, 22.25, 22.45, 22.25
2026-09-11, 00:00:59, 22.27, 22.5, 22.75, 22.75, 9999.0, 9999.0, 9999.0, 23.95, 9999.0, 22.82, 9999.0, 22.75, 22.5, 22.25, 22.43, 22.25
2026-09-11, 00:01:03, 22.27, 22.5, 22.75, 22.75, 9999.0, 9999.0, 9999.0, 24.0, 9999.0, 22.82, 9999.0, 22.75, 22.5, 22.25, 22.43, 22.27
2026-09-11, 00:01:07, 22.27, 22.5, 22.75, 22.75, 9999.0, 9999.0, 9999.0, 24.02, 9999.0, 22.8, 9999.0, 22.73, 22.5, 22.25, 22.41, 22.27
2026-09-11, 00:01:11, 22.3, 22.5, 22.75, 22.75, 9999.0, 9999.0, 9999.0, 24.05, 9999.0, 22.77, 9999.0, 22.7, 22.5, 22.27, 22.39, 22.27
2026-09-11, 00:01:15, 22.3, 22.5, 22.75, 22.75, 9999.0, 9999.0, 9999.0, 24.07, 9999.0, 22.77, 9999.0, 22.68, 22.5, 22.27, 22.36, 22.27
2026-09-11, 00:01:19, 22.3, 22.5, 22.75, 22.75, 9999.0, 9999.0, 9999.0, 24.11, 9999.0, 22.73, 9999.0, 22.68, 22.5, 22.27, 22.34, 22.27
2026-09-11, 00:01:23, 22.3, 22.5, 22.75, 22.75, 9999.0, 9999.0, 9999.0, 24.16, 9999.0, 22.68, 9999.0, 22.68, 22.5, 22.27, 22.34, 22.3
2026-09-11, 00:01:27, 22.3, 22.5, 22.75, 22.75, 9999.0, 9999.0, 9999.0, 24.11, 9999.0, 22.64, 9999.0, 22.68, 22.5, 22.27, 22.32, 22.32
2026-09-11, 00:01:31, 22.3, 22.5, 22.75, 22.75, 9999.0, 9999.0, 9999.0, 24.09, 9999.0, 22.61, 9999.0, 22.7, 22.5, 22.27, 22.3, 22.32
2026-09-11, 00:01:35, 22.3, 22.5, 22.75, 22.75, 9999.0, 9999.0, 9999.0, 24.05, 9999.0, 22.59, 9999.0, 22.7, 22.5, 22.27, 22.27, 22.32
2026-09-11, 00:01:39, 22.27, 22.5, 22.75, 22.75, 9999.0, 9999.0, 9999.0, 24.0, 9999.0, 22.59, 9999.0, 22.7, 22.5, 22.27, 22.27, 22.32
2026-09-11, 00:01:43, 22.27, 22.5, 22.75, 22.75, 9999.0, 9999.0, 9999.0, 23.95, 9999.0, 22.59, 9999.0, 22.7, 22.5, 22.27, 22.27, 22.32
2026-09-11, 00:01:47, 22.27, 22.5, 22.75, 22.75, 9999.0, 9999.0, 9999.0, 23.89, 9999.0, 22.61, 9999.0, 22.7, 22.5, 22.27, 22.27, 22.3
2026-09-11, 00:01:51, 22.27, 22.5, 22.75, 22.75, 9999.0, 9999.0, 9999.0, 23.86, 9999.0, 22.64, 9999.0, 22.73, 22.5, 22.27, 22.27, 22.3
2026-09-11, 00:01:55, 22.25, 22.5, 22.77, 22.75, 9999.0, 9999.0, 9999.0, 23.84, 9999.0, 22.66, 9999.0, 22.75, 22.5, 22.25, 22.3, 22.3
2026-09-11, 00:01:59, 22.25, 22.5, 22.77, 22.75, 9999.0, 9999.0, 9999.0, 23.8, 9999.0, 22.66, 9999.0, 22.77, 22.5, 22.25, 22.32, 22.3
2026-09-11, 00:02:03, 22.27, 22.5, 22.77, 22.75, 9999.0, 9999.0, 9999.0, 23.82, 9999.0, 22.68, 9999.0, 22.77, 22.5, 22.25, 22.32, 22.3
2026-09-11, 00:02:07, 22.27, 22.5, 22.77, 22.75, 9999.0, 9999.0, 9999.0, 23.84, 9999.0, 22.68, 9999.0, 22.77, 22.5, 22.25, 22.32, 22.27
2026-09-11, 00:02:11, 22.27, 22.5, 22.77, 22.75, 9999.0, 9999.0, 9999.0, 23.86, 9999.0, 22.68, 9999.0, 22.77, 22.5, 22.25, 22.32, 22.25
2026-09-11, 00:02:15, 22.27, 22.5, 22.77, 22.75, 9999.0, 9999.0, 9999.0, 23.89, 9999.0, 22.66, 9999.0, 22.75, 22.5, 22.25, 22.32, 22.25
2026-09-11, 00:02:19, 22.27, 22.5, 22.77, 22.75, 9999.0, 9999.0, 9999.0, 23.93, 9999.0, 22.66, 9999.0, 22.75, 22.5, 22.25, 22.34, 22.25
2026-09-11, 00:02:23, 22.27, 22.5, 22.77, 22.75, 9999.0, 9999.0, 9999.0, 23.95, 9999.0, 22.64, 9999.0, 22.75, 22.5, 22.25, 22.32, 22.25
2026-09-11, 00:02:27, 22.27, 22.5, 22.77, 22.75, 9999.0, 9999.0, 9999.0, 23.98, 9999.0, 22.61, 9999.0, 22.75, 22.5, 22.25, 22.32, 22.25
2026-09-11, 00:02:31, 22.27, 22.5, 22.77, 22.75, 9999.0, 9999.0, 9999.0, 24.02, 9999.0, 22.59, 9999.0, 22.73, 22.5, 22.25, 22.32, 22.25
2026-09-11, 00:02:35, 22.27, 22.5, 22.77, 22.75, 9999.0, 9999.0, 9999.0, 24.05, 9999.0, 22.57, 9999.0, 22.7, 22.5, 22.25, 22.32, 22.27
2026-09-11, 00:02:39, 22.27, 22.5, 22.75, 22.75, 9999.0, 9999.0, 9999.0, 24.07, 9999.0, 22.55, 9999.0, 22.7, 22.5, 22.25, 22.3, 22.3
2026-09-11, 00:02:43, 22.27, 22.5, 22.75, 22.75, 9999.0, 9999.0, 9999.0, 24.11, 9999.0, 22.52, 9999.0, 22.7, 22.5, 22.25, 22.27, 22.3
2026-09-11, 00:02:47, 22.25, 22.5, 22.75, 22.75, 9999.0, 9999.0, 9999.0, 24.07, 9999.0, 22.5, 9999.0, 22.7, 22.5, 22.25, 22.27, 22.3
2026-09-11, 00:02:51, 22.25, 22.5, 22.75, 22.75, 9999.0, 9999.0, 9999.0, 24.02, 9999.0, 22.5, 9999.0, 22.73, 22.5, 22.27, 22.27, 22.3
2026-09-11, 00:02:55, 22.25, 22.5, 22.75, 22.75, 9999.0, 9999.0, 9999.0, 23.98, 9999.0, 22.5, 9999.0, 22.73, 22.5, 22.3, 22.3, 22.32
2026-09-11, 00:02:59, 22.27, 22.5, 22.75, 22.75, 9999.0, 9999.0, 9999.0, 23.93, 9999.0, 22.5, 9999.0, 22.73, 22.5, 22.3, 22.3, 22.32
2026-09-11, 00:03:03, 22.27, 22.5, 22.75, 22.75, 9999.0, 9999.0, 9999.0, 23.86, 9999.0, 22.5, 9999.0, 22.73, 22.5, 22.3, 22.3, 22.32
2026-09-11, 00:03:07, 22.27, 22.5, 22.75, 22.75, 9999.0, 9999.0, 9999.0, 23.82, 9999.0, 22.52, 9999.0, 22.73, 22.5, 22.3, 22.32, 22.32
2026-09-11, 00:03:11, 22.27, 22.5, 22.75, 22.75, 9999.0, 9999.0, 9999.0, 23.77, 9999.0, 22.55, 9999.0, 22.73, 22.5, 22.3, 22.32, 22.32
2026-09-11, 00:03:15, 22.27, 22.5, 22.75, 22.75, 9999.0, 9999.0, 9999.0, 23.75, 9999.0, 22.57, 9999.0, 22.75, 22.5, 22.3, 22.32, 22.32
2026-09-11, 00:03:19, 22.27, 22.5, 22.75, 22.75, 9999.0, 9999.0, 9999.0, 23.8, 9999.0, 22.59, 9999.0, 22.77, 22.5, 22.3, 22.34, 22.3
2026-09-11, 00:03:23, 22.27, 22.5, 22.75, 22.75, 9999.0, 9999.0, 9999.0, 23.82, 9999.0, 22.61, 9999.0, 22.77, 22.5, 22.3, 22.34, 22.27
2026-09-11, 00:03:27, 22.3, 22.5, 22.75, 22.75, 9999.0, 9999.0, 9999.0, 23.84, 9999.0, 22.61, 9999.0, 22.77, 22.5, 22.3, 22.34, 22.27
2026-09-11, 00:03:31, 22.3, 22.5, 22.75, 22.75, 9999.0, 9999.0, 9999.0, 23.89, 9999.0, 22.61, 9999.0, 22.75, 22.5, 22.3, 22.34, 22.27
2026-09-11, 00:03:35, 22.3, 22.5, 22.75, 22.75, 9999.0, 9999.0, 9999.0, 23.93, 9999.0, 22.61, 9999.0, 22.73, 22.5, 22.27, 22.34, 22.27
2026-09-11, 00:03:39, 22.3, 22.5, 22.75, 22.75, 9999.0, 9999.0, 9999.0, 23.98, 9999.0, 22.61, 9999.0, 22.7, 22.5, 22.25, 22.32, 22.25
2026-09-11, 00:03:43, 22.27, 22.5, 22.75, 22.75, 9999.0, 9999.0, 9999.0, 24.0, 9999.0, 22.61, 9999.0, 22.68, 22.5, 22.25, 22.32, 22.25
2026-09-11, 00:03:47, 22.27, 22.5, 22.75, 22.75, 9999.0, 9999.0, 9999.0, 24.05, 9999.0, 22.61, 9999.0, 22.68, 22.5, 22.25, 22.3, 22.25
2026-09-11, 00:03:51, 22.27, 22.5, 22.75, 22.75, 9999.0, 9999.0, 9999.0, 24.11, 9999.0, 22.59, 9999.0, 22.66, 22.5, 22.25, 22.27, 22.25
2026-09-11, 00:03:55, 22.27, 22.5, 22.75, 22.75, 9999.0, 9999.0, 9999.0, 24.16, 9999.0, 22.57, 9999.0, 22.66, 22.5, 22.25, 22.27, 22.25
2026-09-11, 00:03:59, 22.27, 22.5, 22.75, 22.75, 9999.0, 9999.0, 9999.0, 24.18, 9999.0, 22.55, 9999.0, 22.66, 22.5, 22.25, 22.3, 22.25
2026-09-11, 00:04:04, 22.27, 22.5, 22.75, 22.75, 9999.0, 9999.0, 9999.0, 24.14, 9999.0, 22.52, 9999.0, 22.66, 22.5, 22.25, 22.27, 22.25
2026-09-11, 00:04:08, 22.27, 22.5, 22.75, 22.75, 9999.0, 9999.0, 9999.0, 24.09, 9999.0, 22.5, 9999.0, 22.68, 22.5, 22.25, 22.3, 22.25
2026-09-11, 00:04:12, 22.27, 22.5, 22.75, 22.75, 9999.0, 9999.0, 9999.0, 24.05, 9999.0, 22.5, 9999.0, 22.68, 22.5, 22.25, 22.32, 22.25
2026-09-11, 00:04:16, 22.27, 22.5, 22.75, 22.75, 9999.0, 9999.0, 9999.0, 24.0, 9999.0, 22.5, 9999.0, 22.7, 22.5, 22.25, 22.32, 22.25
2026-09-11, 00:04:20, 22.27, 22.5, 22.75, 22.75, 9999.0, 9999.0, 9999.0, 23.95, 9999.0, 22.52, 9999.0, 22.7, 22.5, 22.25, 22.34, 22.27
2026-09-11, 00:04:24, 22.27, 22.5, 22.75, 22.75, 9999.0, 9999.0, 9999.0, 23.91, 9999.0, 22.52, 9999.0, 22.73, 22.52, 22.25, 22.34, 22.27
2026-09-11, 00:04:28, 22.27, 22.5, 22.75, 22.75, 9999.0, 9999.0, 9999.0, 23.89, 9999.0, 22.55, 9999.0, 22.75, 22.52, 22.25, 22.34, 22.27
2026-09-11, 00:04:32, 22.27, 22.5, 22.75, 22.75, 9999.0, 9999.0, 9999.0, 23.84, 9999.0, 22.57, 9999.0, 22.75, 22.52, 22.25, 22.34, 22.3
2026-09-11, 00:04:36, 22.27, 22.5, 22.75, 22.75, 9999.0, 9999.0, 9999.0, 23.77, 9999.0, 22.59, 9999.0, 22.77, 22.52, 22.25, 22.36, 22.3
2026-09-11, 00:04:40, 22.27, 22.5, 22.75, 22.75, 9999.0, 9999.0, 9999.0, 23.8, 9999.0, 22.59, 9999.0, 22.77, 22.52, 22.25, 22.36, 22.32
2026-09-11, 00:04:44, 22.27, 22.5, 22.75, 22.75, 9999.0, 9999.0, 9999.0, 23.82, 9999.0, 22.59, 9999.0, 22.77, 22.52, 22.25, 22.34, 22.34
2026-09-11, 00:04:48, 22.27, 22.5, 22.75, 22.75, 9999.0, 9999.0, 9999.0, 23.84, 9999.0, 22.59, 9999.0, 22.77, 22.52, 22.25, 22.34, 22.34
2026-09-11, 00:04:52, 22.3, 22.5, 22.75, 22.75, 9999.0, 9999.0, 9999.0, 23.86, 9999.0, 22.59, 9999.0, 22.75, 22.52, 22.25, 22.32, 22.34
2026-09-11, 00:04:56, 22.27, 22.5, 22.75, 22.75, 9999.0, 9999.0, 9999.0, 23.89, 9999.0, 22.59, 9999.0, 22.75, 22.52, 22.25, 22.3, 22.36
2026-09-11, 00:05:00, 22.27, 22.5, 22.75, 22.75, 9999.0, 9999.0, 9999.0, 23.91, 9999.0, 22.59, 9999.0, 22.73, 22.52, 22.25, 22.32, 22.39
2026-09-11, 00:05:04, 22.27, 22.5, 22.75, 22.75, 9999.0, 9999.0, 9999.0, 23.91, 9999.0, 22.57, 9999.0, 22.7, 22.52, 22.25, 22.3, 22.36
2026-09-11, 00:05:08, 22.27, 22.5, 22.75, 22.75, 9999.0, 9999.0, 9999.0, 23.93, 9999.0, 22.57, 9999.0, 22.68, 22.5, 22.25, 22.32, 22.36
2026-09-11, 00:05:12, 22.3, 22.5, 22.75, 22.75, 9999.0, 9999.0, 9999.0, 23.95, 9999.0, 22.55, 9999.0, 22.66, 22.5, 22.25, 22.32, 22.36
2026-09-11, 00:05:16, 22.3, 22.5, 22.75, 22.75, 9999.0, 9999.0, 9999.0, 24.0, 9999.0, 22.52, 9999.0, 22.66, 22.48, 22.25, 22.32, 22.34
2026-09-11, 00:05:20, 22.3, 22.5, 22.75, 22.75, 9999.0, 9999.0, 9999.0, 24.02, 9999.0, 22.5, 9999.0, 22.66, 22.48, 22.25, 22.3, 22.34
2026-09-11, 00:05:24, 22.32, 22.5, 22.75, 22.75, 9999.0, 9999.0, 9999.0, 23.98, 9999.0, 22.5, 9999.0, 22.68, 22.48, 22.25, 22.32, 22.32
2026-09-11, 00:05:28, 22.34, 22.5, 22.75, 22.75, 9999.0, 9999.0, 9999.0, 23.93, 9999.0, 22.48, 9999.0, 22.68, 22.48, 22.25, 22.34, 22.32
2026-09-11, 00:05:32, 22.34, 22.5, 22.75, 22.75, 9999.0, 9999.0, 9999.0, 23.89, 9999.0, 22.48, 9999.0, 22.7, 22.48, 22.25, 22.36, 22.32
2026-09-11, 00:05:36, 22.32, 22.5, 22.75, 22.75, 9999.0, 9999.0, 9999.0, 23.86, 9999.0, 22.48, 9999.0, 22.7, 22.48, 22.25, 22.36, 22.32
2026-09-11, 00:05:40, 22.32, 22.5, 22.75, 22.75, 9999.0, 9999.0, 9999.0, 23.84, 9999.0, 22.48, 9999.0, 22.7, 22.48, 22.25, 22.39, 22.3
2026-09-11, 00:05:44, 22.32, 22.5, 22.75, 22.75, 9999.0, 9999.0, 9999.0, 23.82, 9999.0, 22.48, 9999.0, 22.73, 22.48, 22.25, 22.39, 22.27
2026-09-11, 00:05:48, 22.34, 22.5, 22.75, 22.75, 9999.0, 9999.0, 9999.0, 23.82, 9999.0, 22.5, 9999.0, 22.75, 22.48, 22.25, 22.41, 22.27
2026-09-11, 00:05:52, 22.34, 22.5, 22.75, 22.75, 9999.0, 9999.0, 9999.0, 23.77, 9999.0, 22.5, 9999.0, 22.77, 22.48, 22.25, 22.39, 22.27
2026-09-11, 00:05:56, 22.32, 22.5, 22.75, 22.75, 9999.0, 9999.0, 9999.0, 23.8, 9999.0, 22.5, 9999.0, 22.8, 22.48, 22.25, 22.39, 22.3
2026-09-11, 00:06:00, 22.32, 22.5, 22.75, 22.75, 9999.0, 9999.0, 9999.0, 23.82, 9999.0, 22.52, 9999.0, 22.8, 22.5, 22.25, 22.39, 22.3
2026-09-11, 00:06:04, 22.32, 22.5, 22.75, 22.75, 9999.0, 9999.0, 9999.0, 23.86, 9999.0, 22.55, 9999.0, 22.8, 22.5, 22.25, 22.39, 22.3
2026-09-11, 00:06:08, 22.3, 22.5, 22.75, 22.75, 9999.0, 9999.0, 9999.0, 23.91, 9999.0, 22.55, 9999.0, 22.77, 22.5, 22.25, 22.36, 22.3
2026-09-11, 00:06:12, 22.27, 22.5, 22.75, 22.75, 9999.0, 9999.0, 9999.0, 23.95, 9999.0, 22.55, 9999.0, 22.75, 22.5, 22.25, 22.36, 22.27
2026-09-11, 00:06:16, 22.27, 22.5, 22.75, 22.75, 9999.0, 9999.0, 9999.0, 23.98, 9999.0, 22.55, 9999.0, 22.73, 22.5, 22.25, 22.36, 22.27
2026-09-11, 00:06:20, 22.27, 22.5, 22.75, 22.75, 9999.0, 9999.0, 9999.0, 24.0, 9999.0, 22.52, 9999.0, 22.7, 22.5, 22.27, 22.36, 22.27
2026-09-11, 00:06:24, 22.27, 22.5, 22.75, 22.75, 9999.0, 9999.0, 9999.0, 24.02, 9999.0, 22.5, 9999.0, 22.7, 22.5, 22.27, 22.34, 22.27
2026-09-11, 00:06:28, 22.27, 22.5, 22.75, 22.75, 9999.0, 9999.0, 9999.0, 24.05, 9999.0, 22.5, 9999.0, 22.7, 22.5, 22.27, 22.32, 22.27
2026-09-11, 00:06:32, 22.25, 22.5, 22.75, 22.75, 9999.0, 9999.0, 9999.0, 24.07, 9999.0, 22.48, 9999.0, 22.7, 22.5, 22.27, 22.32, 22.27
2026-09-11, 00:06:36, 22.25, 22.5, 22.75, 22.75, 9999.0, 9999.0, 9999.0, 24.11, 9999.0, 22.45, 9999.0, 22.7, 22.5, 22.27, 22.32, 22.27
2026-09-11, 00:06:40, 22.25, 22.5, 22.75, 22.75, 9999.0, 9999.0, 9999.0, 24.07, 9999.0, 22.45, 9999.0, 22.7, 22.5, 22.27, 22.34, 22.25
2026-09-11, 00:06:44, 22.27, 22.5, 22.75, 22.75, 9999.0, 9999.0, 9999.0, 24.05, 9999.0, 22.41, 9999.0, 22.73, 22.5, 22.27, 22.34, 22.25
2026-09-11, 00:06:48, 22.27, 22.5, 22.75, 22.75, 9999.0, 9999.0, 9999.0, 24.0, 9999.0, 22.36, 9999.0, 22.73, 22.5, 22.27, 22.36, 22.25
2026-09-11, 00:06:52, 22.3, 22.5, 22.75, 22.75, 9999.0, 9999.0, 9999.0, 23.95, 9999.0, 22.36, 9999.0, 22.73, 22.5, 22.27, 22.36, 22.25
2026-09-11, 00:06:56, 22.3, 22.5, 22.75, 22.75, 9999.0, 9999.0, 9999.0, 23.91, 9999.0, 22.39, 9999.0, 22.75, 22.5, 22.27, 22.34, 22.25
2026-09-11, 00:07:00, 22.32, 22.5, 22.75, 22.75, 9999.0, 9999.0, 9999.0, 23.86, 9999.0, 22.39, 9999.0, 22.75, 22.5, 22.27, 22.34, 22.27
2026-09-11, 00:07:04, 22.34, 22.5, 22.75, 22.75, 9999.0, 9999.0, 9999.0, 23.82, 9999.0, 22.43, 9999.0, 22.77, 22.5, 22.25, 22.34, 22.27
2026-09-11, 00:07:08, 22.34, 22.5, 22.75, 22.75, 9999.0, 9999.0, 9999.0, 23.77, 9999.0, 22.45, 9999.0, 22.77, 22.5, 22.25, 22.34, 22.27
2026-09-11, 00:07:12, 22.34, 22.5, 22.75, 22.75, 9999.0, 9999.0, 9999.0, 23.82, 9999.0, 22.48, 9999.0, 22.77, 22.5, 22.25, 22.34, 22.27
2026-09-11, 00:07:16, 22.34, 22.5, 22.75, 22.75, 9999.0, 9999.0, 9999.0, 23.84, 9999.0, 22.48, 9999.0, 22.77, 22.5, 22.25, 22.34, 22.27
2026-09-11, 00:07:20, 22.34, 22.5, 22.75, 22.75, 9999.0, 9999.0, 9999.0, 23.86, 9999.0, 22.5, 9999.0, 22.77, 22.5, 22.25, 22.34, 22.27
2026-09-11, 00:07:24, 22.34, 22.5, 22.75, 22.75, 9999.0, 9999.0, 9999.0, 23.91, 9999.0, 22.5, 9999.0, 22.77, 22.5, 22.25, 22.32, 22.27
2026-09-11, 00:07:28, 22.32, 22.5, 22.75, 22.75, 9999.0, 9999.0, 9999.0, 23.93, 9999.0, 22.52, 9999.0, 22.75, 22.5, 22.25, 22.32, 22.27
2026-09-11, 00:07:32, 22.34, 22.5, 22.75, 22.75, 9999.0, 9999.0, 9999.0, 23.95, 9999.0, 22.52, 9999.0, 22.75, 22.5, 22.25, 22.3, 22.27
2026-09-11, 00:07:36, 22.32, 22.5, 22.75, 22.75, 9999.0, 9999.0, 9999.0, 23.98, 9999.0, 22.52, 9999.0, 22.75, 22.5, 22.25, 22.3, 22.27
2026-09-11, 00:07:40, 22.32, 22.5, 22.75, 22.75, 9999.0, 9999.0, 9999.0, 24.0, 9999.0, 22.5, 9999.0, 22.73, 22.5, 22.25, 22.3, 22.27
2026-09-11, 00:07:44, 22.3, 22.5, 22.75, 22.75, 9999.0, 9999.0, 9999.0, 24.05, 9999.0, 22.48, 9999.0, 22.73, 22.5, 22.25, 22.27, 22.25
2026-09-11, 00:07:48, 22.27, 22.5, 22.75, 22.75, 9999.0, 9999.0, 9999.0, 24.09, 9999.0, 22.43, 9999.0, 22.73, 22.5, 22.25, 22.3, 22.25
2026-09-11, 00:07:53, 22.3, 22.5, 22.75, 22.75, 9999.0, 9999.0, 9999.0, 24.11, 9999.0, 22.41, 9999.0, 22.73, 22.5, 22.25, 22.32, 22.25
2026-09-11, 00:07:57, 22.3, 22.5, 22.75, 22.75, 9999.0, 9999.0, 9999.0, 24.07, 9999.0, 22.36, 9999.0, 22.73, 22.5, 22.25, 22.32, 22.25
2026-09-11, 00:08:01, 22.32, 22.5, 22.75, 22.75, 9999.0, 9999.0, 9999.0, 24.02, 9999.0, 22.34, 9999.0, 22.75, 22.5, 22.25, 22.32, 22.25
2026-09-11, 00:08:05, 22.32, 22.5, 22.75, 22.75, 9999.0, 9999.0, 9999.0, 23.98, 9999.0, 22.32, 9999.0, 22.77, 22.5, 22.25, 22.32, 22.25
2026-09-11, 00:08:09, 22.32, 22.5, 22.75, 22.75, 9999.0, 9999.0, 9999.0, 23.93, 9999.0, 22.32, 9999.0, 22.77, 22.5, 22.25, 22.32, 22.25
2026-09-11, 00:08:13, 22.32, 22.5, 22.75, 22.75, 9999.0, 9999.0, 9999.0, 23.89, 9999.0, 22.32, 9999.0, 22.77, 22.5, 22.25, 22.34, 22.25
2026-09-11, 00:08:17, 22.3, 22.5, 22.75, 22.75, 9999.0, 9999.0, 9999.0, 23.84, 9999.0, 22.34, 9999.0, 22.77, 22.5, 22.25, 22.34, 22.27
2026-09-11, 00:08:21, 22.3, 22.5, 22.75, 22.75, 9999.0, 9999.0, 9999.0, 23.8, 9999.0, 22.36, 9999.0, 22.77, 22.5, 22.25, 22.34, 22.27
2026-09-11, 00:08:25, 22.32, 22.5, 22.75, 22.75, 9999.0, 9999.0, 9999.0, 23.75, 9999.0, 22.39, 9999.0, 22.8, 22.5, 22.25, 22.36, 22.3
2026-09-11, 00:08:29, 22.32, 22.5, 22.75, 22.75, 9999.0, 9999.0, 9999.0, 23.8, 9999.0, 22.41, 9999.0, 22.8, 22.5, 22.25, 22.39, 22.3
2026-09-11, 00:08:33, 22.32, 22.5, 22.75, 22.75, 9999.0, 9999.0, 9999.0, 23.82, 9999.0, 22.43, 9999.0, 22.8, 22.5, 22.25, 22.39, 22.3
2026-09-11, 00:08:37, 22.32, 22.5, 22.75, 22.75, 9999.0, 9999.0, 9999.0, 23.86, 9999.0, 22.45, 9999.0, 22.8, 22.5, 22.25, 22.36, 22.3
2026-09-11, 00:08:41, 22.34, 22.5, 22.75, 22.75, 9999.0, 9999.0, 9999.0, 23.89, 9999.0, 22.48, 9999.0, 22.8, 22.5, 22.25, 22.36, 22.32
2026-09-11, 00:08:45, 22.32, 22.5, 22.75, 22.75, 9999.0, 9999.0, 9999.0, 23.91, 9999.0, 22.48, 9999.0, 22.77, 22.5, 22.25, 22.34, 22.34
2026-09-11, 00:08:49, 22.32, 22.5, 22.75, 22.75, 9999.0, 9999.0, 9999.0, 23.93, 9999.0, 22.48, 9999.0, 22.75, 22.5, 22.25, 22.34, 22.36
2026-09-11, 00:08:53, 22.32, 22.5, 22.75, 22.75, 9999.0, 9999.0, 9999.0, 23.95, 9999.0, 22.45, 9999.0, 22.75, 22.5, 22.25, 22.34, 22.36
2026-09-11, 00:08:57, 22.34, 22.5, 22.75, 22.75, 9999.0, 9999.0, 9999.0, 23.98, 9999.0, 22.43, 9999.0, 22.73, 22.5, 22.25, 22.32, 22.36
2026-09-11, 00:09:01, 22.34, 22.5, 22.75, 22.75, 9999.0, 9999.0, 9999.0, 24.02, 9999.0, 22.41, 9999.0, 22.73, 22.5, 22.25, 22.32, 22.34
2026-09-11, 00:09:05, 22.34, 22.5, 22.75, 22.75, 9999.0, 9999.0, 9999.0, 24.07, 9999.0, 22.36, 9999.0, 22.7, 22.5, 22.25, 22.32, 22.34
2026-09-11, 00:09:09, 22.32, 22.5, 22.75, 22.75, 9999.0, 9999.0, 9999.0, 24.11, 9999.0, 22.34, 9999.0, 22.7, 22.5, 22.25, 22.3, 22.34
2026-09-11, 00:09:13, 22.32, 22.5, 22.75, 22.75, 9999.0, 9999.0, 9999.0, 24.05, 9999.0, 22.32, 9999.0, 22.7, 22.5, 22.25, 22.27, 22.34
2026-09-11, 00:09:17, 22.34, 22.5, 22.75, 22.75, 9999.0, 9999.0, 9999.0, 24.0, 9999.0, 22.3, 9999.0, 22.73, 22.5, 22.25, 22.27, 22.36
2026-09-11, 00:09:21, 22.34, 22.5, 22.75, 22.75, 9999.0, 9999.0, 9999.0, 23.95, 9999.0, 22.27, 9999.0, 22.75, 22.5, 22.25, 22.27, 22.36
2026-09-11, 00:09:25, 22.32, 22.5, 22.75, 22.75, 9999.0, 9999.0, 9999.0, 23.91, 9999.0, 22.25, 9999.0, 22.77, 22.5, 22.25, 22.3, 22.34
2026-09-11, 00:09:29, 22.32, 22.5, 22.75, 22.75, 9999.0, 9999.0, 9999.0, 23.89, 9999.0, 22.27, 9999.0, 22.77, 22.5, 22.25, 22.3, 22.32
2026-09-11, 00:09:33, 22.34, 22.5, 22.75, 22.75, 9999.0, 9999.0, 9999.0, 23.86, 9999.0, 22.27, 9999.0, 22.77, 22.5, 22.25, 22.3, 22.3
2026-09-11, 00:09:37, 22.34, 22.5, 22.75, 22.75, 9999.0, 9999.0, 9999.0, 23.82, 9999.0, 22.3, 9999.0, 22.77, 22.5, 22.25, 22.3, 22.3
2026-09-11, 00:09:41, 22.34, 22.5, 22.75, 22.75, 9999.0, 9999.0, 9999.0, 23.77, 9999.0, 22.32, 9999.0, 22.8, 22.5, 22.25, 22.3, 22.3
2026-09-11, 00:09:45, 22.34, 22.5, 22.75, 22.75, 9999.0, 9999.0, 9999.0, 23.73, 9999.0, 22.34, 9999.0, 22.8, 22.5, 22.25, 22.3, 22.3
2026-09-11, 00:09:49, 22.34, 22.5, 22.75, 22.75, 9999.0, 9999.0, 9999.0, 23.75, 9999.0, 22.36, 9999.0, 22.82, 22.5, 22.25, 22.3, 22.3
2026-09-11, 00:09:53, 22.34, 22.5, 22.75, 22.75, 9999.0, 9999.0, 9999.0, 23.77, 9999.0, 22.39, 9999.0, 22.82, 22.5, 22.25, 22.3, 22.3
2026-09-11, 00:09:57, 22.34, 22.5, 22.75, 22.75, 9999.0, 9999.0, 9999.0, 23.82, 9999.0, 22.39, 9999.0, 22.82, 22.5, 22.25, 22.32, 22.3
2026-09-11, 00:10:01, 22.32, 22.5, 22.75, 22.75, 9999.0, 9999.0, 9999.0, 23.86, 9999.0, 22.39, 9999.0, 22.8, 22.5, 22.25, 22.3, 22.3
2026-09-11, 00:10:05, 22.3, 22.5, 22.75, 22.75, 9999.0, 9999.0, 9999.0, 23.89, 9999.0, 22.39, 9999.0, 22.77, 22.5, 22.25, 22.3, 22.32
2026-09-11, 00:10:09, 22.3, 22.5, 22.75, 22.75, 9999.0, 9999.0, 9999.0, 23.91, 9999.0, 22.39, 9999.0, 22.73, 22.5, 22.25, 22.3, 22.32
2026-09-11, 00:10:13, 22.3, 22.5, 22.75, 22.75, 9999.0, 9999.0, 9999.0, 23.93, 9999.0, 22.36, 9999.0, 22.7, 22.5, 22.25, 22.3, 22.34
2026-09-11, 00:10:17, 22.27, 22.5, 22.75, 22.75, 9999.0, 9999.0, 9999.0, 23.95, 9999.0, 22.36, 9999.0, 22.68, 22.5, 22.25, 22.32, 22.34
2026-09-11, 00:10:21, 22.27, 22.5, 22.75, 22.75, 9999.0, 9999.0, 9999.0, 24.0, 9999.0, 22.34, 9999.0, 22.66, 22.5, 22.25, 22.34, 22.34
2026-09-11, 00:10:25, 22.25, 22.5, 22.75, 22.75, 9999.0, 9999.0, 9999.0, 24.05, 9999.0, 22.3, 9999.0, 22.66, 22.5, 22.25, 22.34, 22.36
2026-09-11, 00:10:29, 22.25, 22.5, 22.75, 22.75, 9999.0, 9999.0, 9999.0, 24.09, 9999.0, 22.25, 9999.0, 22.66, 22.5, 22.25, 22.34, 22.36
2026-09-11, 00:10:33, 22.27, 22.5, 22.75, 22.75, 9999.0, 9999.0, 9999.0, 24.05, 9999.0, 22.2, 9999.0, 22.66, 22.5, 22.25, 22.36, 22.39
2026-09-11, 00:10:37, 22.27, 22.5, 22.75, 22.75, 9999.0, 9999.0, 9999.0, 24.0, 9999.0, 22.18, 9999.0, 22.66, 22.5, 22.25, 22.36, 22.36
2026-09-11, 00:10:41, 22.3, 22.5, 22.75, 22.75, 9999.0, 9999.0, 9999.0, 23.95, 9999.0, 22.18, 9999.0, 22.68, 22.5, 22.25, 22.34, 22.39
2026-09-11, 00:10:45, 22.3, 22.5, 22.75, 22.75, 9999.0, 9999.0, 9999.0, 23.91, 9999.0, 22.18, 9999.0, 22.68, 22.5, 22.25, 22.34, 22.39
2026-09-11, 00:10:49, 22.3, 22.5, 22.75, 22.75, 9999.0, 9999.0, 9999.0, 23.86, 9999.0, 22.18, 9999.0, 22.68, 22.5, 22.25, 22.34, 22.36
2026-09-11, 00:10:53, 22.3, 22.5, 22.75, 22.75, 9999.0, 9999.0, 9999.0, 23.82, 9999.0, 22.2, 9999.0, 22.7, 22.5, 22.25, 22.32, 22.36
2026-09-11, 00:10:57, 22.3, 22.5, 22.75, 22.75, 9999.0, 9999.0, 9999.0, 23.77, 9999.0, 22.23, 9999.0, 22.73, 22.5, 22.25, 22.32, 22.34
2026-09-11, 00:11:01, 22.3, 22.5, 22.75, 22.75, 9999.0, 9999.0, 9999.0, 23.73, 9999.0, 22.25, 9999.0, 22.75, 22.5, 22.25, 22.32, 22.34
2026-09-11, 00:11:05, 22.3, 22.5, 22.75, 22.75, 9999.0, 9999.0, 9999.0, 23.75, 9999.0, 22.27, 9999.0, 22.77, 22.5, 22.25, 22.32, 22.34
2026-09-11, 00:11:09, 22.32, 22.5, 22.75, 22.75, 9999.0, 9999.0, 9999.0, 23.77, 9999.0, 22.32, 9999.0, 22.77, 22.5, 22.25, 22.34, 22.32
2026-09-11, 00:11:13, 22.32, 22.5, 22.75, 22.75, 9999.0, 9999.0, 9999.0, 23.77, 9999.0, 22.34, 9999.0, 22.77, 22.5, 22.25, 22.34, 22.32
2026-09-11, 00:11:17, 22.3, 22.5, 22.75, 22.75, 9999.0, 9999.0, 9999.0, 23.8, 9999.0, 22.36, 9999.0, 22.75, 22.5, 22.25, 22.32, 22.3
2026-09-11, 00:11:21, 22.3, 22.5, 22.75, 22.75, 9999.0, 9999.0, 9999.0, 23.82, 9999.0, 22.36, 9999.0, 22.75, 22.5, 22.25, 22.32, 22.3
2026-09-11, 00:11:25, 22.27, 22.5, 22.75, 22.75, 9999.0, 9999.0, 9999.0, 23.84, 9999.0, 22.36, 9999.0, 22.7, 22.5, 22.25, 22.32, 22.27
2026-09-11, 00:11:29, 22.27, 22.5, 22.75, 22.75, 9999.0, 9999.0, 9999.0, 23.86, 9999.0, 22.36, 9999.0, 22.68, 22.5, 22.25, 22.34, 22.25
2026-09-11, 00:11:33, 22.27, 22.5, 22.75, 22.75, 9999.0, 9999.0, 9999.0, 23.91, 9999.0, 22.36, 9999.0, 22.66, 22.5, 22.25, 22.34, 22.25
2026-09-11, 00:11:38, 22.3, 22.5, 22.75, 22.75, 9999.0, 9999.0, 9999.0, 23.95, 9999.0, 22.34, 9999.0, 22.64, 22.5, 22.25, 22.34, 22.25
2026-09-11, 00:11:42, 22.3, 22.5, 22.75, 22.75, 9999.0, 9999.0, 9999.0, 24.0, 9999.0, 22.3, 9999.0, 22.64, 22.5, 22.25, 22.36, 22.25
2026-09-11, 00:11:46, 22.32, 22.5, 22.75, 22.75, 9999.0, 9999.0, 9999.0, 24.02, 9999.0, 22.25, 9999.0, 22.64, 22.5, 22.25, 22.34, 22.25
2026-09-11, 00:11:50, 22.34, 22.5, 22.75, 22.75, 9999.0, 9999.0, 9999.0, 23.98, 9999.0, 22.23, 9999.0, 22.64, 22.5, 22.25, 22.32, 22.25
2026-09-11, 00:11:54, 22.32, 22.5, 22.75, 22.75, 9999.0, 9999.0, 9999.0, 23.93, 9999.0, 22.18, 9999.0, 22.66, 22.5, 22.25, 22.3, 22.25
2026-09-11, 00:11:58, 22.32, 22.5, 22.75, 22.75, 9999.0, 9999.0, 9999.0, 23.91, 9999.0, 22.16, 9999.0, 22.66, 22.5, 22.25, 22.3, 22.25
2026-09-11, 00:12:02, 22.32, 22.5, 22.75, 22.75, 9999.0, 9999.0, 9999.0, 23.86, 9999.0, 22.18, 9999.0, 22.68, 22.5, 22.27, 22.3, 22.25
2026-09-11, 00:12:06, 22.34, 22.5, 22.75, 22.75, 9999.0, 9999.0, 9999.0, 23.82, 9999.0, 22.18, 9999.0, 22.68, 22.5, 22.27, 22.3, 22.25
2026-09-11, 00:12:10, 22.36, 22.5, 22.75, 22.75, 9999.0, 9999.0, 9999.0, 23.77, 9999.0, 22.18, 9999.0, 22.7, 22.5, 22.27, 22.3, 22.25
2026-09-11, 00:12:14, 22.39, 22.5, 22.75, 22.75, 9999.0, 9999.0, 9999.0, 23.73, 9999.0, 22.2, 9999.0, 22.73, 22.5, 22.27, 22.3, 22.25
2026-09-11, 00:12:18, 22.39, 22.5, 22.75, 22.75, 9999.0, 9999.0, 9999.0, 23.68, 9999.0, 22.2, 9999.0, 22.75, 22.5, 22.27, 22.32, 22.27
2026-09-11, 00:12:22, 22.36, 22.5, 22.75, 22.75, 9999.0, 9999.0, 9999.0, 23.7, 9999.0, 22.23, 9999.0, 22.77, 22.5, 22.27, 22.34, 22.27
2026-09-11, 00:12:26, 22.36, 22.5, 22.75, 22.75, 9999.0, 9999.0, 9999.0, 23.7, 9999.0, 22.25, 9999.0, 22.77, 22.5, 22.27, 22.32, 22.3
2026-09-11, 00:12:30, 22.34, 22.5, 22.75, 22.75, 9999.0, 9999.0, 9999.0, 23.73, 9999.0, 22.27, 9999.0, 22.77, 22.5, 22.27, 22.34, 22.3
2026-09-11, 00:12:34, 22.32, 22.5, 22.75, 22.75, 9999.0, 9999.0, 9999.0, 23.75, 9999.0, 22.27, 9999.0, 22.77, 22.5, 22.27, 22.36, 22.3
2026-09-11, 00:12:38, 22.32, 22.5, 22.75, 22.75, 9999.0, 9999.0, 9999.0, 23.77, 9999.0, 22.3, 9999.0, 22.75, 22.5, 22.27, 22.36, 22.32
2026-09-11, 00:12:42, 22.34, 22.5, 22.75, 22.75, 9999.0, 9999.0, 9999.0, 23.77, 9999.0, 22.32, 9999.0, 22.75, 22.5, 22.27, 22.39, 22.32
2026-09-11, 00:12:46, 22.34, 22.5, 22.75, 22.75, 9999.0, 9999.0, 9999.0, 23.8, 9999.0, 22.3, 9999.0, 22.75, 22.5, 22.25, 22.41, 22.32
2026-09-11, 00:12:50, 22.32, 22.5, 22.75, 22.75, 9999.0, 9999.0, 9999.0, 23.82, 9999.0, 22.27, 9999.0, 22.73, 22.5, 22.25, 22.41, 22.34
2026-09-11, 00:12:54, 22.32, 22.5, 22.75, 22.75, 9999.0, 9999.0, 9999.0, 23.84, 9999.0, 22.27, 9999.0, 22.73, 22.5, 22.25, 22.43, 22.34
2026-09-11, 00:12:58, 22.3, 22.5, 22.75, 22.75, 9999.0, 9999.0, 9999.0, 23.86, 9999.0, 22.25, 9999.0, 22.73, 22.5, 22.25, 22.41, 22.36
2026-09-11, 00:13:02, 22.3, 22.5, 22.75, 22.75, 9999.0, 9999.0, 9999.0, 23.89, 9999.0, 22.23, 9999.0, 22.73, 22.5, 22.25, 22.39, 22.34
2026-09-11, 00:13:06, 22.32, 22.5, 22.75, 22.75, 9999.0, 9999.0, 9999.0, 23.84, 9999.0, 22.18, 9999.0, 22.73, 22.5, 22.25, 22.39, 22.36
2026-09-11, 00:13:10, 22.32, 22.5, 22.75, 22.75, 9999.0, 9999.0, 9999.0, 23.82, 9999.0, 22.16, 9999.0, 22.75, 22.5, 22.25, 22.39, 22.36
2026-09-11, 00:13:14, 22.32, 22.5, 22.75, 22.75, 9999.0, 9999.0, 9999.0, 23.8, 9999.0, 22.14, 9999.0, 22.77, 22.5, 22.25, 22.36, 22.39
2026-09-11, 00:13:18, 22.34, 22.5, 22.75, 22.75, 9999.0, 9999.0, 9999.0, 23.77, 9999.0, 22.14, 9999.0, 22.8, 22.5, 22.25, 22.34, 22.41
2026-09-11, 00:13:22, 22.36, 22.5, 22.75, 22.75, 9999.0, 9999.0, 9999.0, 23.73, 9999.0, 22.14, 9999.0, 22.8, 22.5, 22.25, 22.36, 22.41
2026-09-11, 00:13:26, 22.34, 22.5, 22.75, 22.75, 9999.0, 9999.0, 9999.0, 23.7, 9999.0, 22.14, 9999.0, 22.8, 22.5, 22.25, 22.36, 22.43
2026-09-11, 00:13:30, 22.34, 22.5, 22.75, 22.75, 9999.0, 9999.0, 9999.0, 23.68, 9999.0, 22.14, 9999.0, 22.8, 22.5, 22.25, 22.34, 22.45
2026-09-11, 00:13:34, 22.34, 22.5, 22.75, 22.75, 9999.0, 9999.0, 9999.0, 23.66, 9999.0, 22.16, 9999.0, 22.82, 22.5, 22.25, 22.34, 22.45
2026-09-11, 00:13:38, 22.32, 22.5, 22.75, 22.75, 9999.0, 9999.0, 9999.0, 23.64, 9999.0, 22.16, 9999.0, 22.82, 22.5, 22.27, 22.32, 22.45
2026-09-11, 00:13:42, 22.34, 22.5, 22.75, 22.75, 9999.0, 9999.0, 9999.0, 23.68, 9999.0, 22.16, 9999.0, 22.82, 22.5, 22.27, 22.32, 22.45
2026-09-11, 00:13:46, 22.34, 22.5, 22.75, 22.75, 9999.0, 9999.0, 9999.0, 23.73, 9999.0, 22.18, 9999.0, 22.82, 22.5, 22.27, 22.34, 22.45
2026-09-11, 00:13:50, 22.32, 22.5, 22.75, 22.75, 9999.0, 9999.0, 9999.0, 23.75, 9999.0, 22.2, 9999.0, 22.82, 22.5, 22.27, 22.32, 22.43
2026-09-11, 00:13:54, 22.32, 22.5, 22.75, 22.75, 9999.0, 9999.0, 9999.0, 23.77, 9999.0, 22.2, 9999.0, 22.8, 22.5, 22.27, 22.34, 22.41
2026-09-11, 00:13:58, 22.32, 22.5, 22.75, 22.75, 9999.0, 9999.0, 9999.0, 23.8, 9999.0, 22.2, 9999.0, 22.77, 22.5, 22.27, 22.36, 22.41
2026-09-11, 00:14:02, 22.3, 22.5, 22.75, 22.75, 9999.0, 9999.0, 9999.0, 23.82, 9999.0, 22.18, 9999.0, 22.75, 22.5, 22.27, 22.39, 22.41
2026-09-11, 00:14:06, 22.27, 22.5, 22.75, 22.75, 9999.0, 9999.0, 9999.0, 23.84, 9999.0, 22.16, 9999.0, 22.73, 22.5, 22.27, 22.39, 22.39
2026-09-11, 00:14:10, 22.27, 22.5, 22.75, 22.75, 9999.0, 9999.0, 9999.0, 23.86, 9999.0, 22.14, 9999.0, 22.7, 22.5, 22.27, 22.39, 22.39
2026-09-11, 00:14:14, 22.27, 22.5, 22.75, 22.75, 9999.0, 9999.0, 9999.0, 23.89, 9999.0, 22.11, 9999.0, 22.7, 22.5, 22.27, 22.41, 22.36
2026-09-11, 00:14:18, 22.27, 22.5, 22.75, 22.75, 9999.0, 9999.0, 9999.0, 23.91, 9999.0, 22.09, 9999.0, 22.7, 22.5, 22.27, 22.43, 22.34
2026-09-11, 00:14:22, 22.27, 22.5, 22.75, 22.75, 9999.0, 9999.0, 9999.0, 23.93, 9999.0, 22.07, 9999.0, 22.7, 22.5, 22.25, 22.45, 22.34
2026-09-11, 00:14:26, 22.27, 22.5, 22.75, 22.75, 9999.0, 9999.0, 9999.0, 23.89, 9999.0, 22.05, 9999.0, 22.73, 22.5, 22.25, 22.45, 22.34
2026-09-11, 00:14:30, 22.27, 22.5, 22.75, 22.75, 9999.0, 9999.0, 9999.0, 23.84, 9999.0, 22.0, 9999.0, 22.73, 22.5, 22.25, 22.45, 22.34
2026-09-11, 00:14:34, 22.3, 22.5, 22.75, 22.75, 9999.0, 9999.0, 9999.0, 23.8, 9999.0, 21.95, 9999.0, 22.73, 22.5, 22.25, 22.45, 22.36
2026-09-11, 00:14:38, 22.3, 22.5, 22.75, 22.75, 9999.0, 9999.0, 9999.0, 23.75, 9999.0, 21.95, 9999.0, 22.73, 22.5, 22.27, 22.45, 22.36
2026-09-11, 00:14:42, 22.3, 22.5, 22.75, 22.75, 9999.0, 9999.0, 9999.0, 23.7, 9999.0, 21.95, 9999.0, 22.73, 22.5, 22.27, 22.45, 22.34
2026-09-11, 00:14:46, 22.3, 22.5, 22.75, 22.75, 9999.0, 9999.0, 9999.0, 23.66, 9999.0, 21.98, 9999.0, 22.73, 22.5, 22.27, 22.45, 22.34
2026-09-11, 00:14:50, 22.3, 22.5, 22.75, 22.75, 9999.0, 9999.0, 9999.0, 23.64, 9999.0, 22.0, 9999.0, 22.75, 22.5, 22.27, 22.43, 22.36
2026-09-11, 00:14:54, 22.3, 22.5, 22.75, 22.75, 9999.0, 9999.0, 9999.0, 23.59, 9999.0, 22.02, 9999.0, 22.77, 22.5, 22.27, 22.41, 22.36
2026-09-11, 00:14:58, 22.32, 22.5, 22.75, 22.75, 9999.0, 9999.0, 9999.0, 23.61, 9999.0, 22.05, 9999.0, 22.77, 22.5, 22.27, 22.39, 22.39
2026-09-11, 00:15:02, 22.32, 22.5, 22.75, 22.75, 9999.0, 9999.0, 9999.0, 23.64, 9999.0, 22.05, 9999.0, 22.77, 22.5, 22.27, 22.39, 22.41
2026-09-11, 00:15:06, 22.32, 22.5, 22.75, 22.75, 9999.0, 9999.0, 9999.0, 23.64, 9999.0, 22.07, 9999.0, 22.77, 22.5, 22.27, 22.39, 22.41
2026-09-11, 00:15:10, 22.3, 22.5, 22.75, 22.75, 9999.0, 9999.0, 9999.0, 23.66, 9999.0, 22.07, 9999.0, 22.75, 22.5, 22.27, 22.41, 22.41
2026-09-11, 00:15:14, 22.3, 22.5, 22.75, 22.75, 9999.0, 9999.0, 9999.0, 23.66, 9999.0, 22.09, 9999.0, 22.75, 22.5, 22.27, 22.39, 22.41
2026-09-11, 00:15:18, 22.27, 22.5, 22.75, 22.75, 9999.0, 9999.0, 9999.0, 23.68, 9999.0, 22.11, 9999.0, 22.75, 22.5, 22.27, 22.39, 22.41
2026-09-11, 00:15:23, 22.27, 22.5, 22.75, 22.75, 9999.0, 9999.0, 9999.0, 23.7, 9999.0, 22.11, 9999.0, 22.73, 22.5, 22.25, 22.39, 22.41
2026-09-11, 00:15:27, 22.3, 22.5, 22.75, 22.75, 9999.0, 9999.0, 9999.0, 23.73, 9999.0, 22.11, 9999.0, 22.7, 22.5, 22.25, 22.39, 22.43
2026-09-11, 00:15:31, 22.3, 22.5, 22.75, 22.75, 9999.0, 9999.0, 9999.0, 23.75, 9999.0, 22.09, 9999.0, 22.7, 22.5, 22.25, 22.39, 22.43
2026-09-11, 00:15:35, 22.32, 22.5, 22.75, 22.75, 9999.0, 9999.0, 9999.0, 23.77, 9999.0, 22.07, 9999.0, 22.7, 22.5, 22.25, 22.39, 22.43
2026-09-11, 00:15:39, 22.32, 22.5, 22.75, 22.75, 9999.0, 9999.0, 9999.0, 23.8, 9999.0, 22.02, 9999.0, 22.7, 22.5, 22.25, 22.41, 22.41
2026-09-11, 00:15:43, 22.32, 22.5, 22.75, 22.75, 9999.0, 9999.0, 9999.0, 23.77, 9999.0, 21.98, 9999.0, 22.7, 22.5, 22.25, 22.41, 22.39
2026-09-11, 00:15:47, 22.32, 22.5, 22.75, 22.75, 9999.0, 9999.0, 9999.0, 23.73, 9999.0, 21.95, 9999.0, 22.73, 22.5, 22.25, 22.41, 22.39
2026-09-11, 00:15:51, 22.34, 22.5, 22.75, 22.75, 9999.0, 9999.0, 9999.0, 23.7, 9999.0, 21.91, 9999.0, 22.75, 22.5, 22.25, 22.41, 22.41
2026-09-11, 00:15:55, 22.34, 22.5, 22.75, 22.75, 9999.0, 9999.0, 9999.0, 23.66, 9999.0, 21.91, 9999.0, 22.75, 22.5, 22.27, 22.41, 22.41
2026-09-11, 00:15:59, 22.34, 22.5, 22.75, 22.75, 9999.0, 9999.0, 9999.0, 23.64, 9999.0, 21.91, 9999.0, 22.75, 22.5, 22.27, 22.41, 22.43
2026-09-11, 00:16:03, 22.36, 22.5, 22.75, 22.77, 9999.0, 9999.0, 9999.0, 23.61, 9999.0, 21.91, 9999.0, 22.75, 22.5, 22.27, 22.41, 22.43
2026-09-11, 00:16:07, 22.36, 22.5, 22.75, 22.77, 9999.0, 9999.0, 9999.0, 23.59, 9999.0, 21.93, 9999.0, 22.77, 22.5, 22.27, 22.41, 22.45
2026-09-11, 00:16:11, 22.34, 22.5, 22.75, 22.8, 9999.0, 9999.0, 9999.0, 23.55, 9999.0, 21.95, 9999.0, 22.8, 22.5, 22.27, 22.41, 22.45
2026-09-11, 00:16:15, 22.34, 22.5, 22.75, 22.8, 9999.0, 9999.0, 9999.0, 23.57, 9999.0, 21.98, 9999.0, 22.8, 22.5, 22.27, 22.39, 22.45
2026-09-11, 00:16:19, 22.32, 22.5, 22.75, 22.8, 9999.0, 9999.0, 9999.0, 23.59, 9999.0, 21.98, 9999.0, 22.8, 22.5, 22.27, 22.41, 22.45
2026-09-11, 00:16:23, 22.32, 22.5, 22.75, 22.8, 9999.0, 9999.0, 9999.0, 23.64, 9999.0, 22.0, 9999.0, 22.8, 22.5, 22.27, 22.41, 22.48
2026-09-11, 00:16:27, 22.3, 22.5, 22.75, 22.82, 9999.0, 9999.0, 9999.0, 23.66, 9999.0, 22.02, 9999.0, 22.8, 22.5, 22.27, 22.41, 22.5
2026-09-11, 00:16:31, 22.3, 22.5, 22.75, 22.82, 9999.0, 9999.0, 9999.0, 23.7, 9999.0, 22.05, 9999.0, 22.77, 22.5, 22.27, 22.41, 22.5
2026-09-11, 00:16:35, 22.27, 22.5, 22.75, 22.84, 9999.0, 9999.0, 9999.0, 23.73, 9999.0, 22.07, 9999.0, 22.75, 22.5, 22.27, 22.39, 22.5
2026-09-11, 00:16:39, 22.3, 22.5, 22.75, 22.84, 9999.0, 9999.0, 9999.0, 23.75, 9999.0, 22.07, 9999.0, 22.75, 22.5, 22.27, 22.39, 22.5
2026-09-11, 00:16:43, 22.3, 22.5, 22.75, 22.84, 9999.0, 9999.0, 9999.0, 23.77, 9999.0, 22.07, 9999.0, 22.73, 22.5, 22.27, 22.41, 22.5
2026-09-11, 00:16:47, 22.3, 22.5, 22.75, 22.82, 9999.0, 9999.0, 9999.0, 23.8, 9999.0, 22.09, 9999.0, 22.73, 22.5, 22.27, 22.43, 22.5
2026-09-11, 00:16:51, 22.3, 22.5, 22.75, 22.82, 9999.0, 9999.0, 9999.0, 23.82, 9999.0, 22.07, 9999.0, 22.73, 22.5, 22.27, 22.41, 22.5
2026-09-11, 00:16:55, 22.3, 22.5, 22.75, 22.8, 9999.0, 9999.0, 9999.0, 23.86, 9999.0, 22.05, 9999.0, 22.75, 22.5, 22.27, 22.41, 22.5
2026-09-11, 00:16:59, 22.3, 22.5, 22.75, 22.8, 9999.0, 9999.0, 9999.0, 23.82, 9999.0, 22.0, 9999.0, 22.75, 22.5, 22.27, 22.43, 22.5
2026-09-11, 00:17:03, 22.32, 22.5, 22.75, 22.8, 9999.0, 9999.0, 9999.0, 23.8, 9999.0, 21.98, 9999.0, 22.77, 22.5, 22.3, 22.41, 22.5
2026-09-11, 00:17:07, 22.32, 22.5, 22.75, 22.82, 9999.0, 9999.0, 9999.0, 23.75, 9999.0, 21.98, 9999.0, 22.77, 22.5, 22.3, 22.41, 22.5
2026-09-11, 00:17:11, 22.34, 22.5, 22.75, 22.8, 9999.0, 9999.0, 9999.0, 23.7, 9999.0, 21.98, 9999.0, 22.77, 22.5, 22.3, 22.43, 22.5
2026-09-11, 00:17:15, 22.36, 22.5, 22.75, 22.8, 9999.0, 9999.0, 9999.0, 23.66, 9999.0, 22.0, 9999.0, 22.77, 22.5, 22.32, 22.43, 22.5
2026-09-11, 00:17:19, 22.36, 22.5, 22.75, 22.8, 9999.0, 9999.0, 9999.0, 23.64, 9999.0, 22.0, 9999.0, 22.77, 22.5, 22.32, 22.45, 22.5
2026-09-11, 00:17:23, 22.34, 22.5, 22.75, 22.8, 9999.0, 9999.0, 9999.0, 23.61, 9999.0, 22.02, 9999.0, 22.77, 22.5, 22.3, 22.45, 22.5
2026-09-11, 00:17:27, 22.34, 22.5, 22.75, 22.8, 9999.0, 9999.0, 9999.0, 23.59, 9999.0, 22.05, 9999.0, 22.8, 22.5, 22.3, 22.45, 22.5
2026-09-11, 00:17:31, 22.32, 22.5, 22.75, 22.8, 9999.0, 9999.0, 9999.0, 23.57, 9999.0, 22.05, 9999.0, 22.8, 22.5, 22.3, 22.43, 22.5
2026-09-11, 00:17:35, 22.32, 22.5, 22.75, 22.8, 9999.0, 9999.0, 9999.0, 23.59, 9999.0, 22.07, 9999.0, 22.8, 22.5, 22.3, 22.45, 22.5
2026-09-11, 00:17:39, 22.34, 22.5, 22.75, 22.8, 9999.0, 9999.0, 9999.0, 23.61, 9999.0, 22.07, 9999.0, 22.77, 22.5, 22.3, 22.45, 22.48
2026-09-11, 00:17:43, 22.34, 22.5, 22.75, 22.82, 9999.0, 9999.0, 9999.0, 23.66, 9999.0, 22.09, 9999.0, 22.77, 22.5, 22.3, 22.43, 22.48
2026-09-11, 00:17:47, 22.32, 22.5, 22.75, 22.82, 9999.0, 9999.0, 9999.0, 23.68, 9999.0, 22.14, 9999.0, 22.75, 22.5, 22.27, 22.45, 22.48
2026-09-11, 00:17:51, 22.32, 22.5, 22.75, 22.8, 9999.0, 9999.0, 9999.0, 23.73, 9999.0, 22.16, 9999.0, 22.75, 22.5, 22.27, 22.45, 22.48
2026-09-11, 00:17:55, 22.3, 22.5, 22.75, 22.8, 9999.0, 9999.0, 9999.0, 23.75, 9999.0, 22.18, 9999.0, 22.73, 22.5, 22.3, 22.43, 22.48
2026-09-11, 00:17:59, 22.3, 22.5, 22.77, 22.8, 9999.0, 9999.0, 9999.0, 23.77, 9999.0, 22.16, 9999.0, 22.7, 22.5, 22.27, 22.43, 22.45
2026-09-11, 00:18:03, 22.3, 22.5, 22.77, 22.8, 9999.0, 9999.0, 9999.0, 23.8, 9999.0, 22.16, 9999.0, 22.7, 22.5, 22.27, 22.43, 22.45
2026-09-11, 00:18:07, 22.32, 22.5, 22.77, 22.8, 9999.0, 9999.0, 9999.0, 23.82, 9999.0, 22.14, 9999.0, 22.68, 22.5, 22.27, 22.43, 22.45
2026-09-11, 00:18:11, 22.32, 22.5, 22.77, 22.82, 9999.0, 9999.0, 9999.0, 23.84, 9999.0, 22.11, 9999.0, 22.68, 22.5, 22.27, 22.41, 22.45
2026-09-11, 00:18:15, 22.34, 22.5, 22.77, 22.84, 9999.0, 9999.0, 9999.0, 23.84, 9999.0, 22.09, 9999.0, 22.68, 22.5, 22.27, 22.41, 22.45
2026-09-11, 00:18:19, 22.34, 22.5, 22.77, 22.86, 9999.0, 9999.0, 9999.0, 23.8, 9999.0, 22.07, 9999.0, 22.68, 22.5, 22.27, 22.41, 22.43
2026-09-11, 00:18:23, 22.34, 22.5, 22.77, 22.89, 9999.0, 9999.0, 9999.0, 23.75, 9999.0, 22.07, 9999.0, 22.7, 22.5, 22.27, 22.41, 22.45
2026-09-11, 00:18:27, 22.34, 22.5, 22.77, 22.86, 9999.0, 9999.0, 9999.0, 23.7, 9999.0, 22.07, 9999.0, 22.73, 22.5, 22.27, 22.43, 22.43
2026-09-11, 00:18:31, 22.36, 22.5, 22.77, 22.86, 9999.0, 9999.0, 9999.0, 23.66, 9999.0, 22.07, 9999.0, 22.73, 22.5, 22.27, 22.43, 22.43
2026-09-11, 00:18:35, 22.36, 22.5, 22.77, 22.86, 9999.0, 9999.0, 9999.0, 23.61, 9999.0, 22.07, 9999.0, 22.73, 22.5, 22.27, 22.43, 22.43
2026-09-11, 00:18:39, 22.36, 22.5, 22.77, 22.86, 9999.0, 9999.0, 9999.0, 23.57, 9999.0, 22.07, 9999.0, 22.75, 22.5, 22.25, 22.45, 22.43
2026-09-11, 00:18:43, 22.36, 22.5, 22.75, 22.86, 9999.0, 9999.0, 9999.0, 23.55, 9999.0, 22.11, 9999.0, 22.77, 22.5, 22.25, 22.45, 22.45
2026-09-11, 00:18:47, 22.36, 22.5, 22.75, 22.86, 9999.0, 9999.0, 9999.0, 23.5, 9999.0, 22.14, 9999.0, 22.77, 22.5, 22.27, 22.43, 22.45
2026-09-11, 00:18:51, 22.34, 22.5, 22.75, 22.86, 9999.0, 9999.0, 9999.0, 23.55, 9999.0, 22.18, 9999.0, 22.8, 22.5, 22.27, 22.43, 22.45
2026-09-11, 00:18:55, 22.34, 22.5, 22.75, 22.84, 9999.0, 9999.0, 9999.0, 23.59, 9999.0, 22.2, 9999.0, 22.8, 22.5, 22.27, 22.45, 22.43
2026-09-11, 00:18:59, 22.32, 22.5, 22.75, 22.82, 9999.0, 9999.0, 9999.0, 23.64, 9999.0, 22.25, 9999.0, 22.8, 22.5, 22.27, 22.48, 22.43
2026-09-11, 00:19:03, 22.32, 22.5, 22.75, 22.82, 9999.0, 9999.0, 9999.0, 23.68, 9999.0, 22.27, 9999.0, 22.8, 22.5, 22.27, 22.48, 22.45
2026-09-11, 00:19:07, 22.3, 22.5, 22.75, 22.8, 9999.0, 9999.0, 9999.0, 23.73, 9999.0, 22.3, 9999.0, 22.77, 22.5, 22.27, 22.45, 22.45
2026-09-11, 00:19:12, 22.3, 22.5, 22.75, 22.8, 9999.0, 9999.0, 9999.0, 23.75, 9999.0, 22.3, 9999.0, 22.75, 22.5, 22.27, 22.45, 22.48
2026-09-11, 00:19:16, 22.27, 22.5, 22.75, 22.82, 9999.0, 9999.0, 9999.0, 23.77, 9999.0, 22.3, 9999.0, 22.73, 22.5, 22.27, 22.43, 22.48
2026-09-11, 00:19:20, 22.27, 22.5, 22.75, 22.82, 9999.0, 9999.0, 9999.0, 23.8, 9999.0, 22.3, 9999.0, 22.73, 22.5, 22.27, 22.41, 22.48
2026-09-11, 00:19:24, 22.27, 22.5, 22.75, 22.84, 9999.0, 9999.0, 9999.0, 23.84, 9999.0, 22.27, 9999.0, 22.73, 22.5, 22.27, 22.41, 22.48
2026-09-11, 00:19:28, 22.25, 22.5, 22.75, 22.84, 9999.0, 9999.0, 9999.0, 23.86, 9999.0, 22.23, 9999.0, 22.73, 22.5, 22.27, 22.41, 22.48
2026-09-11, 00:19:32, 22.25, 22.5, 22.75, 22.82, 9999.0, 9999.0, 9999.0, 23.91, 9999.0, 22.2, 9999.0, 22.73, 22.5, 22.25, 22.43, 22.48
2026-09-11, 00:19:36, 22.25, 22.5, 22.75, 22.82, 9999.0, 9999.0, 9999.0, 23.84, 9999.0, 22.16, 9999.0, 22.73, 22.5, 22.25, 22.41, 22.48
2026-09-11, 00:19:40, 22.25, 22.5, 22.75, 22.82, 9999.0, 9999.0, 9999.0, 23.77, 9999.0, 22.16, 9999.0, 22.75, 22.5, 22.25, 22.39, 22.5
2026-09-11, 00:19:44, 22.25, 22.5, 22.75, 22.82, 9999.0, 9999.0, 9999.0, 23.73, 9999.0, 22.11, 9999.0, 22.77, 22.5, 22.25, 22.39, 22.48
2026-09-11, 00:19:48, 22.25, 22.5, 22.77, 22.8, 9999.0, 9999.0, 9999.0, 23.68, 9999.0, 22.14, 9999.0, 22.77, 22.5, 22.25, 22.36, 22.45
2026-09-11, 00:19:52, 22.25, 22.5, 22.8, 22.8, 9999.0, 9999.0, 9999.0, 23.64, 9999.0, 22.14, 9999.0, 22.77, 22.5, 22.25, 22.39, 22.45
2026-09-11, 00:19:56, 22.25, 22.5, 22.82, 22.8, 9999.0, 9999.0, 9999.0, 23.61, 9999.0, 22.16, 9999.0, 22.77, 22.5, 22.25, 22.36, 22.45
2026-09-11, 00:20:00, 22.25, 22.5, 22.82, 22.77, 9999.0, 9999.0, 9999.0, 23.57, 9999.0, 22.18, 9999.0, 22.8, 22.5, 22.25, 22.36, 22.45
2026-09-11, 00:20:04, 22.25, 22.5, 22.82, 22.77, 9999.0, 9999.0, 9999.0, 23.55, 9999.0, 22.18, 9999.0, 22.8, 22.5, 22.27, 22.39, 22.45
2026-09-11, 00:20:08, 22.25, 22.5, 22.82, 22.75, 9999.0, 9999.0, 9999.0, 23.52, 9999.0, 22.23, 9999.0, 22.8, 22.5, 22.27, 22.39, 22.45
2026-09-11, 00:20:12, 22.27, 22.5, 22.84, 22.75, 9999.0, 9999.0, 9999.0, 23.57, 9999.0, 22.25, 9999.0, 22.8, 22.5, 22.27, 22.36, 22.45
2026-09-11, 00:20:16, 22.27, 22.5, 22.84, 22.75, 9999.0, 9999.0, 9999.0, 23.59, 9999.0, 22.27, 9999.0, 22.8, 22.52, 22.27, 22.36, 22.45
2026-09-11, 00:20:20, 22.27, 22.5, 22.84, 22.75, 9999.0, 9999.0, 9999.0, 23.64, 9999.0, 22.32, 9999.0, 22.8, 22.52, 22.27, 22.39, 22.43
2026-09-11, 00:20:24, 22.27, 22.5, 22.84, 22.75, 9999.0, 9999.0, 9999.0, 23.68, 9999.0, 22.32, 9999.0, 22.77, 22.52, 22.27, 22.41, 22.43
2026-09-11, 00:20:28, 22.27, 22.5, 22.84, 22.75, 9999.0, 9999.0, 9999.0, 23.73, 9999.0, 22.34, 9999.0, 22.75, 22.52, 22.27, 22.41, 22.45
2026-09-11, 00:20:32, 22.27, 22.5, 22.82, 22.75, 9999.0, 9999.0, 9999.0, 23.75, 9999.0, 22.32, 9999.0, 22.75, 22.52, 22.27, 22.43, 22.45
2026-09-11, 00:20:36, 22.27, 22.5, 22.82, 22.77, 9999.0, 9999.0, 9999.0, 23.77, 9999.0, 22.32, 9999.0, 22.73, 22.52, 22.27, 22.43, 22.45
2026-09-11, 00:20:40, 22.3, 22.5, 22.8, 22.77, 9999.0, 9999.0, 9999.0, 23.8, 9999.0, 22.32, 9999.0, 22.73, 22.52, 22.3, 22.45, 22.45
2026-09-11, 00:20:44, 22.3, 22.5, 22.8, 22.8, 9999.0, 9999.0, 9999.0, 23.84, 9999.0, 22.3, 9999.0, 22.7, 22.52, 22.3, 22.48, 22.45
2026-09-11, 00:20:48, 22.3, 22.5, 22.8, 22.82, 9999.0, 9999.0, 9999.0, 23.86, 9999.0, 22.3, 9999.0, 22.7, 22.52, 22.27, 22.45, 22.43
2026-09-11, 00:20:52, 22.32, 22.5, 22.8, 22.82, 9999.0, 9999.0, 9999.0, 23.89, 9999.0, 22.27, 9999.0, 22.7, 22.52, 22.27, 22.45, 22.43
2026-09-11, 00:20:56, 22.3, 22.5, 22.77, 22.82, 9999.0, 9999.0, 9999.0, 23.84, 9999.0, 22.27, 9999.0, 22.73, 22.52, 22.27, 22.48, 22.43
2026-09-11, 00:21:00, 22.3, 22.5, 22.77, 22.82, 9999.0, 9999.0, 9999.0, 23.82, 9999.0, 22.27, 9999.0, 22.75, 22.5, 22.27, 22.48, 22.43
2026-09-11, 00:21:04, 22.3, 22.5, 22.77, 22.82, 9999.0, 9999.0, 9999.0, 23.8, 9999.0, 22.25, 9999.0, 22.75, 22.5, 22.27, 22.48, 22.45
2026-09-11, 00:21:08, 22.3, 22.5, 22.77, 22.84, 9999.0, 9999.0, 9999.0, 23.75, 9999.0, 22.27, 9999.0, 22.75, 22.5, 22.27, 22.48, 22.45
2026-09-11, 00:21:12, 22.3, 22.5, 22.8, 22.84, 9999.0, 9999.0, 9999.0, 23.7, 9999.0, 22.27, 9999.0, 22.75, 22.5, 22.27, 22.45, 22.45
2026-09-11, 00:21:16, 22.3, 22.5, 22.8, 22.84, 9999.0, 9999.0, 9999.0, 23.68, 9999.0, 22.3, 9999.0, 22.75, 22.5, 22.27, 22.43, 22.48
2026-09-11, 00:21:20, 22.3, 22.5, 22.77, 22.82, 9999.0, 9999.0, 9999.0, 23.64, 9999.0, 22.32, 9999.0, 22.77, 22.5, 22.27, 22.41, 22.48
2026-09-11, 00:21:24, 22.27, 22.5, 22.77, 22.82, 9999.0, 9999.0, 9999.0, 23.59, 9999.0, 22.34, 9999.0, 22.77, 22.5, 22.25, 22.41, 22.48
2026-09-11, 00:21:28, 22.27, 22.5, 22.77, 22.8, 9999.0, 9999.0, 9999.0, 23.61, 9999.0, 22.36, 9999.0, 22.8, 22.5, 22.25, 22.41, 22.48
2026-09-11, 00:21:32, 22.27, 22.5, 22.77, 22.77, 9999.0, 9999.0, 9999.0, 23.64, 9999.0, 22.39, 9999.0, 22.8, 22.5, 22.25, 22.43, 22.5
2026-09-11, 00:21:36, 22.25, 22.5, 22.77, 22.77, 9999.0, 9999.0, 9999.0, 23.66, 9999.0, 22.41, 9999.0, 22.8, 22.5, 22.25, 22.43, 22.5
2026-09-11, 00:21:40, 22.25, 22.5, 22.77, 22.77, 9999.0, 9999.0, 9999.0, 23.68, 9999.0, 22.43, 9999.0, 22.77, 22.5, 22.25, 22.41, 22.5
2026-09-11, 00:21:44, 22.27, 22.5, 22.77, 22.77, 9999.0, 9999.0, 9999.0, 23.7, 9999.0, 22.45, 9999.0, 22.75, 22.5, 22.25, 22.39, 22.5
2026-09-11, 00:21:48, 22.27, 22.5, 22.77, 22.77, 9999.0, 9999.0, 9999.0, 23.7, 9999.0, 22.48, 9999.0, 22.75, 22.5, 22.25, 22.39, 22.5
2026-09-11, 00:21:52, 22.3, 22.5, 22.77, 22.75, 9999.0, 9999.0, 9999.0, 23.73, 9999.0, 22.45, 9999.0, 22.75, 22.5, 22.27, 22.39, 22.5
2026-09-11, 00:21:56, 22.3, 22.5, 22.75, 22.75, 9999.0, 9999.0, 9999.0, 23.75, 9999.0, 22.45, 9999.0, 22.75, 22.5, 22.27, 22.39, 22.5
2026-09-11, 00:22:00, 22.32, 22.5, 22.75, 22.75, 9999.0, 9999.0, 9999.0, 23.77, 9999.0, 22.45, 9999.0, 22.75, 22.5, 22.27, 22.41, 22.5
2026-09-11, 00:22:04, 22.32, 22.5, 22.75, 22.75, 9999.0, 9999.0, 9999.0, 23.82, 9999.0, 22.43, 9999.0, 22.75, 22.5, 22.27, 22.41, 22.5
2026-09-11, 00:22:08, 22.32, 22.5, 22.75, 22.75, 9999.0, 9999.0, 9999.0, 23.86, 9999.0, 22.41, 9999.0, 22.75, 22.5, 22.27, 22.41, 22.5
2026-09-11, 00:22:12, 22.34, 22.5, 22.75, 22.75, 9999.0, 9999.0, 9999.0, 23.84, 9999.0, 22.39, 9999.0, 22.75, 22.5, 22.3, 22.41, 22.5
2026-09-11, 00:22:16, 22.36, 22.5, 22.75, 22.75, 9999.0, 9999.0, 9999.0, 23.8, 9999.0, 22.36, 9999.0, 22.77, 22.5, 22.3, 22.41, 22.5
2026-09-11, 00:22:20, 22.39, 22.5, 22.75, 22.75, 9999.0, 9999.0, 9999.0, 23.75, 9999.0, 22.34, 9999.0, 22.8, 22.5, 22.3, 22.41, 22.5
2026-09-11, 00:22:24, 22.39, 22.5, 22.75, 22.75, 9999.0, 9999.0, 9999.0, 23.7, 9999.0, 22.34, 9999.0, 22.8, 22.5, 22.3, 22.43, 22.5
2026-09-11, 00:22:28, 22.39, 22.5, 22.75, 22.75, 9999.0, 9999.0, 9999.0, 23.66, 9999.0, 22.34, 9999.0, 22.8, 22.5, 22.3, 22.45, 22.5
2026-09-11, 00:22:32, 22.39, 22.5, 22.75, 22.75, 9999.0, 9999.0, 9999.0, 23.64, 9999.0, 22.34, 9999.0, 22.8, 22.52, 22.3, 22.45, 22.5
2026-09-11, 00:22:36, 22.36, 22.5, 22.75, 22.75, 9999.0, 9999.0, 9999.0, 23.61, 9999.0, 22.39, 9999.0, 22.8, 22.52, 22.27, 22.45, 22.5
2026-09-11, 00:22:40, 22.36, 22.5, 22.75, 22.75, 9999.0, 9999.0, 9999.0, 23.59, 9999.0, 22.43, 9999.0, 22.8, 22.52, 22.27, 22.48, 22.5
2026-09-11, 00:22:44, 22.34, 22.5, 22.75, 22.75, 9999.0, 9999.0, 9999.0, 23.64, 9999.0, 22.45, 9999.0, 22.8, 22.52, 22.27, 22.48, 22.5
2026-09-11, 00:22:48, 22.34, 22.5, 22.75, 22.75, 9999.0, 9999.0, 9999.0, 23.68, 9999.0, 22.5, 9999.0, 22.8, 22.52, 22.27, 22.5, 22.5
2026-09-11, 00:22:52, 22.34, 22.5, 22.75, 22.75, 9999.0, 9999.0, 9999.0, 23.73, 9999.0, 22.55, 9999.0, 22.8, 22.52, 22.27, 22.5, 22.48
2026-09-11, 00:22:56, 22.32, 22.5, 22.75, 22.75, 9999.0, 9999.0, 9999.0, 23.75, 9999.0, 22.57, 9999.0, 22.8, 22.55, 22.25, 22.5, 22.48
2026-09-11, 00:23:00, 22.3, 22.5, 22.75, 22.75, 9999.0, 9999.0, 9999.0, 23.8, 9999.0, 22.59, 9999.0, 22.77, 22.55, 22.25, 22.5, 22.48
2026-09-11, 00:23:05, 22.27, 22.5, 22.75, 22.75, 9999.0, 9999.0, 9999.0, 23.84, 9999.0, 22.61, 9999.0, 22.75, 22.55, 22.25, 22.5, 22.48
2026-09-11, 00:23:09, 22.27, 22.5, 22.75, 22.75, 9999.0, 9999.0, 9999.0, 23.89, 9999.0, 22.61, 9999.0, 22.75, 22.55, 22.25, 22.5, 22.48
2026-09-11, 00:23:13, 22.25, 22.5, 22.75, 22.75, 9999.0, 9999.0, 9999.0, 23.93, 9999.0, 22.59, 9999.0, 22.75, 22.55, 22.25, 22.5, 22.48
2026-09-11, 00:23:17, 22.27, 22.5, 22.75, 22.75, 9999.0, 9999.0, 9999.0, 23.98, 9999.0, 22.59, 9999.0, 22.75, 22.52, 22.25, 22.5, 22.48
2026-09-11, 00:23:21, 22.27, 22.5, 22.75, 22.77, 9999.0, 9999.0, 9999.0, 24.02, 9999.0, 22.57, 9999.0, 22.75, 22.52, 22.25, 22.48, 22.45
2026-09-11, 00:23:25, 22.27, 22.5, 22.75, 22.8, 9999.0, 9999.0, 9999.0, 24.07, 9999.0, 22.55, 9999.0, 22.75, 22.52, 22.25, 22.48, 22.45
2026-09-11, 00:23:29, 22.3, 22.5, 22.75, 22.8, 9999.0, 9999.0, 9999.0, 24.02, 9999.0, 22.52, 9999.0, 22.75, 22.52, 22.25, 22.45, 22.45
2026-09-11, 00:23:33, 22.32, 22.5, 22.75, 22.8, 9999.0, 9999.0, 9999.0, 23.98, 9999.0, 22.5, 9999.0, 22.77, 22.52, 22.25, 22.45, 22.43
2026-09-11, 00:23:37, 22.32, 22.5, 22.75, 22.8, 9999.0, 9999.0, 9999.0, 23.93, 9999.0, 22.45, 9999.0, 22.77, 22.52, 22.25, 22.43, 22.45
2026-09-11, 00:23:41, 22.32, 22.5, 22.75, 22.8, 9999.0, 9999.0, 9999.0, 23.91, 9999.0, 22.45, 9999.0, 22.77, 22.5, 22.25, 22.43, 22.45
2026-09-11, 00:23:45, 22.32, 22.5, 22.75, 22.8, 9999.0, 9999.0, 9999.0, 23.89, 9999.0, 22.45, 9999.0, 22.77, 22.5, 22.25, 22.43, 22.45
2026-09-11, 00:23:49, 22.34, 22.5, 22.75, 22.8, 9999.0, 9999.0, 9999.0, 23.84, 9999.0, 22.45, 9999.0, 22.77, 22.5, 22.25, 22.43, 22.45
2026-09-11, 00:23:53, 22.34, 22.5, 22.75, 22.8, 9999.0, 9999.0, 9999.0, 23.8, 9999.0, 22.48, 9999.0, 22.77, 22.5, 22.25, 22.43, 22.43
2026-09-11, 00:23:57, 22.34, 22.5, 22.75, 22.8, 9999.0, 9999.0, 9999.0, 23.75, 9999.0, 22.52, 9999.0, 22.77, 22.5, 22.25, 22.43, 22.41
2026-09-11, 00:24:01, 22.32, 22.5, 22.75, 22.8, 9999.0, 9999.0, 9999.0, 23.8, 9999.0, 22.55, 9999.0, 22.77, 22.5, 22.25, 22.43, 22.41
2026-09-11, 00:24:05, 22.34, 22.5, 22.75, 22.77, 9999.0, 9999.0, 9999.0, 23.82, 9999.0, 22.57, 9999.0, 22.77, 22.5, 22.25, 22.45, 22.41
2026-09-11, 00:24:09, 22.34, 22.5, 22.75, 22.75, 9999.0, 9999.0, 9999.0, 23.84, 9999.0, 22.59, 9999.0, 22.77, 22.5, 22.25, 22.45, 22.41
2026-09-11, 00:24:13, 22.32, 22.5, 22.75, 22.75, 9999.0, 9999.0, 9999.0, 23.86, 9999.0, 22.61, 9999.0, 22.77, 22.5, 22.25, 22.48, 22.41
2026-09-11, 00:24:17, 22.3, 22.5, 22.75, 22.75, 9999.0, 9999.0, 9999.0, 23.89, 9999.0, 22.61, 9999.0, 22.73, 22.5, 22.25, 22.45, 22.41
2026-09-11, 00:24:21, 22.3, 22.5, 22.75, 22.75, 9999.0, 9999.0, 9999.0, 23.91, 9999.0, 22.64, 9999.0, 22.73, 22.5, 22.25, 22.45, 22.39
2026-09-11, 00:24:25, 22.3, 22.5, 22.75, 22.77, 9999.0, 9999.0, 9999.0, 23.93, 9999.0, 22.64, 9999.0, 22.73, 22.5, 22.25, 22.43, 22.39
2026-09-11, 00:24:29, 22.3, 22.5, 22.75, 22.77, 9999.0, 9999.0, 9999.0, 23.95, 9999.0, 22.64, 9999.0, 22.7, 22.5, 22.25, 22.43, 22.39
2026-09-11, 00:24:33, 22.27, 22.5, 22.75, 22.77, 9999.0, 9999.0, 9999.0, 24.0, 9999.0, 22.64, 9999.0, 22.68, 22.5, 22.25, 22.41, 22.39
2026-09-11, 00:24:37, 22.27, 22.5, 22.75, 22.77, 9999.0, 9999.0, 9999.0, 24.05, 9999.0, 22.61, 9999.0, 22.68, 22.5, 22.25, 22.41, 22.39
2026-09-11, 00:24:41, 22.3, 22.5, 22.75, 22.77, 9999.0, 9999.0, 9999.0, 24.09, 9999.0, 22.59, 9999.0, 22.68, 22.5, 22.25, 22.41, 22.39
2026-09-11, 00:24:45, 22.32, 22.5, 22.75, 22.77, 9999.0, 9999.0, 9999.0, 24.02, 9999.0, 22.57, 9999.0, 22.68, 22.5, 22.25, 22.41, 22.36
2026-09-11, 00:24:49, 22.3, 22.5, 22.75, 22.77, 9999.0, 9999.0, 9999.0, 23.98, 9999.0, 22.55, 9999.0, 22.7, 22.5, 22.25, 22.41, 22.36
2026-09-11, 00:24:53, 22.3, 22.5, 22.75, 22.77, 9999.0, 9999.0, 9999.0, 23.93, 9999.0, 22.52, 9999.0, 22.73, 22.5, 22.25, 22.41, 22.34
2026-09-11, 00:24:57, 22.3, 22.5, 22.75, 22.77, 9999.0, 9999.0, 9999.0, 23.91, 9999.0, 22.5, 9999.0, 22.73, 22.5, 22.25, 22.41, 22.32
2026-09-11, 00:25:01, 22.32, 22.5, 22.75, 22.77, 9999.0, 9999.0, 9999.0, 23.89, 9999.0, 22.52, 9999.0, 22.75, 22.5, 22.25, 22.43, 22.32
2026-09-11, 00:25:05, 22.34, 22.5, 22.75, 22.77, 9999.0, 9999.0, 9999.0, 23.84, 9999.0, 22.55, 9999.0, 22.75, 22.5, 22.25, 22.45, 22.32
2026-09-11, 00:25:09, 22.36, 22.5, 22.75, 22.75, 9999.0, 9999.0, 9999.0, 23.8, 9999.0, 22.59, 9999.0, 22.75, 22.5, 22.25, 22.48, 22.32
2026-09-11, 00:25:13, 22.36, 22.5, 22.75, 22.75, 9999.0, 9999.0, 9999.0, 23.75, 9999.0, 22.61, 9999.0, 22.77, 22.5, 22.25, 22.48, 22.32
2026-09-11, 00:25:17, 22.36, 22.5, 22.75, 22.75, 9999.0, 9999.0, 9999.0, 23.7, 9999.0, 22.64, 9999.0, 22.8, 22.52, 22.25, 22.5, 22.32
2026-09-11, 00:25:21, 22.36, 22.5, 22.75, 22.75, 9999.0, 9999.0, 9999.0, 23.73, 9999.0, 22.66, 9999.0, 22.8, 22.52, 22.25, 22.48, 22.32
2026-09-11, 00:25:25, 22.34, 22.5, 22.75, 22.75, 9999.0, 9999.0, 9999.0, 23.75, 9999.0, 22.68, 9999.0, 22.8, 22.52, 22.25, 22.45, 22.32
2026-09-11, 00:25:29, 22.32, 22.5, 22.75, 22.75, 9999.0, 9999.0, 9999.0, 23.8, 9999.0, 22.7, 9999.0, 22.8, 22.52, 22.25, 22.45, 22.32
2026-09-11, 00:25:33, 22.32, 22.5, 22.75, 22.75, 9999.0, 9999.0, 9999.0, 23.84, 9999.0, 22.7, 9999.0, 22.77, 22.52, 22.25, 22.45, 22.32
2026-09-11, 00:25:37, 22.34, 22.5, 22.75, 22.75, 9999.0, 9999.0, 9999.0, 23.86, 9999.0, 22.7, 9999.0, 22.75, 22.52, 22.25, 22.43, 22.32
2026-09-11, 00:25:41, 22.34, 22.5, 22.75, 22.75, 9999.0, 9999.0, 9999.0, 23.89, 9999.0, 22.7, 9999.0, 22.73, 22.52, 22.25, 22.41, 22.32
2026-09-11, 00:25:45, 22.32, 22.5, 22.75, 22.75, 9999.0, 9999.0, 9999.0, 23.91, 9999.0, 22.68, 9999.0, 22.7, 22.52, 22.25, 22.39, 22.34
2026-09-11, 00:25:49, 22.32, 22.5, 22.75, 22.75, 9999.0, 9999.0, 9999.0, 23.95, 9999.0, 22.68, 9999.0, 22.68, 22.52, 22.25, 22.36, 22.34
2026-09-11, 00:25:53, 22.32, 22.5, 22.75, 22.75, 9999.0, 9999.0, 9999.0, 24.0, 9999.0, 22.64, 9999.0, 22.66, 22.52, 22.25, 22.34, 22.32
2026-09-11, 00:25:57, 22.32, 22.5, 22.75, 22.75, 9999.0, 9999.0, 9999.0, 24.05, 9999.0, 22.61, 9999.0, 22.66, 22.52, 22.25, 22.32, 22.32
2026-09-11, 00:26:01, 22.32, 22.5, 22.75, 22.77, 9999.0, 9999.0, 9999.0, 24.09, 9999.0, 22.59, 9999.0, 22.66, 22.5, 22.25, 22.32, 22.3
2026-09-11, 00:26:05, 22.32, 22.5, 22.75, 22.77, 9999.0, 9999.0, 9999.0, 24.05, 9999.0, 22.57, 9999.0, 22.68, 22.5, 22.25, 22.32, 22.3
2026-09-11, 00:26:09, 22.32, 22.5, 22.75, 22.77, 9999.0, 9999.0, 9999.0, 24.0, 9999.0, 22.55, 9999.0, 22.7, 22.5, 22.25, 22.32, 22.3
2026-09-11, 00:26:13, 22.34, 22.5, 22.75, 22.77, 9999.0, 9999.0, 9999.0, 23.95, 9999.0, 22.52, 9999.0, 22.7, 22.5, 22.25, 22.3, 22.3
2026-09-11, 00:26:17, 22.34, 22.5, 22.75, 22.77, 9999.0, 9999.0, 9999.0, 23.91, 9999.0, 22.55, 9999.0, 22.73, 22.5, 22.25, 22.3, 22.3
2026-09-11, 00:26:21, 22.34, 22.5, 22.75, 22.77, 9999.0, 9999.0, 9999.0, 23.89, 9999.0, 22.57, 9999.0, 22.73, 22.5, 22.25, 22.32, 22.3
2026-09-11, 00:26:25, 22.34, 22.5, 22.75, 22.77, 9999.0, 9999.0, 9999.0, 23.86, 9999.0, 22.61, 9999.0, 22.75, 22.5, 22.25, 22.32, 22.3
2026-09-11, 00:26:29, 22.34, 22.5, 22.75, 22.77, 9999.0, 9999.0, 9999.0, 23.84, 9999.0, 22.64, 9999.0, 22.77, 22.5, 22.25, 22.34, 22.27
2026-09-11, 00:26:33, 22.34, 22.5, 22.75, 22.77, 9999.0, 9999.0, 9999.0, 23.8, 9999.0, 22.64, 9999.0, 22.8, 22.5, 22.25, 22.34, 22.3
2026-09-11, 00:26:37, 22.32, 22.5, 22.75, 22.77, 9999.0, 9999.0, 9999.0, 23.84, 9999.0, 22.66, 9999.0, 22.82, 22.5, 22.25, 22.34, 22.3
2026-09-11, 00:26:41, 22.32, 22.5, 22.75, 22.77, 9999.0, 9999.0, 9999.0, 23.86, 9999.0, 22.68, 9999.0, 22.82, 22.5, 22.25, 22.36, 22.27
2026-09-11, 00:26:45, 22.32, 22.5, 22.75, 22.75, 9999.0, 9999.0, 9999.0, 23.89, 9999.0, 22.7, 9999.0, 22.82, 22.5, 22.25, 22.36, 22.27
2026-09-11, 00:26:49, 22.32, 22.5, 22.75, 22.75, 9999.0, 9999.0, 9999.0, 23.93, 9999.0, 22.73, 9999.0, 22.8, 22.5, 22.25, 22.36, 22.27
2026-09-11, 00:26:53, 22.32, 22.5, 22.75, 22.75, 9999.0, 9999.0, 9999.0, 23.95, 9999.0, 22.75, 9999.0, 22.77, 22.5, 22.25, 22.39, 22.27
2026-09-11, 00:26:58, 22.32, 22.5, 22.75, 22.75, 9999.0, 9999.0, 9999.0, 23.98, 9999.0, 22.77, 9999.0, 22.77, 22.5, 22.25, 22.39, 22.27
2026-09-11, 00:27:02, 22.32, 22.5, 22.75, 22.75, 9999.0, 9999.0, 9999.0, 24.0, 9999.0, 22.77, 9999.0, 22.73, 22.5, 22.25, 22.36, 22.27
2026-09-11, 00:27:06, 22.3, 22.5, 22.75, 22.75, 9999.0, 9999.0, 9999.0, 24.05, 9999.0, 22.77, 9999.0, 22.73, 22.5, 22.25, 22.34, 22.27
2026-09-11, 00:27:10, 22.3, 22.5, 22.75, 22.75, 9999.0, 9999.0, 9999.0, 24.07, 9999.0, 22.75, 9999.0, 22.7, 22.5, 22.25, 22.34, 22.27
2026-09-11, 00:27:14, 22.3, 22.5, 22.75, 22.75, 9999.0, 9999.0, 9999.0, 24.09, 9999.0, 22.73, 9999.0, 22.7, 22.5, 22.25, 22.32, 22.27
2026-09-11, 00:27:18, 22.27, 22.5, 22.75, 22.75, 9999.0, 9999.0, 9999.0, 24.14, 9999.0, 22.7, 9999.0, 22.7, 22.5, 22.25, 22.32, 22.27
2026-09-11, 00:27:22, 22.27, 22.5, 22.75, 22.75, 9999.0, 9999.0, 9999.0, 24.09, 9999.0, 22.68, 9999.0, 22.73, 22.5, 22.25, 22.34, 22.27
2026-09-11, 00:27:26, 22.27, 22.5, 22.75, 22.75, 9999.0, 9999.0, 9999.0, 24.07, 9999.0, 22.66, 9999.0, 22.75, 22.5, 22.25, 22.32, 22.3
2026-09-11, 00:27:30, 22.3, 22.5, 22.75, 22.75, 9999.0, 9999.0, 9999.0, 24.02, 9999.0, 22.64, 9999.0, 22.77, 22.5, 22.25, 22.3, 22.3
2026-09-11, 00:27:34, 22.3, 22.5, 22.75, 22.75, 9999.0, 9999.0, 9999.0, 23.98, 9999.0, 22.64, 9999.0, 22.8, 22.5, 22.25, 22.32, 22.3
2026-09-11, 00:27:38, 22.32, 22.5, 22.75, 22.75, 9999.0, 9999.0, 9999.0, 23.95, 9999.0, 22.64, 9999.0, 22.8, 22.5, 22.25, 22.32, 22.3
2026-09-11, 00:27:42, 22.3, 22.5, 22.75, 22.75, 9999.0, 9999.0, 9999.0, 23.93, 9999.0, 22.64, 9999.0, 22.8, 22.5, 22.25, 22.32, 22.3
2026-09-11, 00:27:46, 22.3, 22.5, 22.75, 22.75, 9999.0, 9999.0, 9999.0, 23.91, 9999.0, 22.66, 9999.0, 22.82, 22.5, 22.25, 22.34, 22.3
2026-09-11, 00:27:50, 22.32, 22.5, 22.75, 22.75, 9999.0, 9999.0, 9999.0, 23.86, 9999.0, 22.68, 9999.0, 22.82, 22.5, 22.25, 22.36, 22.3
2026-09-11, 00:27:54, 22.32, 22.5, 22.75, 22.75, 9999.0, 9999.0, 9999.0, 23.91, 9999.0, 22.68, 9999.0, 22.84, 22.5, 22.25, 22.39, 22.3
2026-09-11, 00:27:58, 22.34, 22.5, 22.75, 22.75, 9999.0, 9999.0, 9999.0, 23.93, 9999.0, 22.7, 9999.0, 22.84, 22.5, 22.25, 22.39, 22.3
2026-09-11, 00:28:02, 22.34, 22.5, 22.75, 22.75, 9999.0, 9999.0, 9999.0, 23.95, 9999.0, 22.73, 9999.0, 22.82, 22.5, 22.25, 22.39, 22.27
2026-09-11, 00:28:06, 22.34, 22.5, 22.75, 22.75, 9999.0, 9999.0, 9999.0, 23.98, 9999.0, 22.75, 9999.0, 22.8, 22.5, 22.25, 22.36, 22.27
2026-09-11, 00:28:10, 22.36, 22.5, 22.75, 22.75, 9999.0, 9999.0, 9999.0, 24.0, 9999.0, 22.77, 9999.0, 22.75, 22.5, 22.25, 22.36, 22.25
2026-09-11, 00:28:14, 22.34, 22.5, 22.75, 22.75, 9999.0, 9999.0, 9999.0, 24.02, 9999.0, 22.8, 9999.0, 22.7, 22.5, 22.25, 22.36, 22.25
2026-09-11, 00:28:18, 22.34, 22.5, 22.75, 22.75, 9999.0, 9999.0, 9999.0, 24.05, 9999.0, 22.8, 9999.0, 22.66, 22.5, 22.25, 22.36, 22.25
2026-09-11, 00:28:22, 22.32, 22.5, 22.75, 22.75, 9999.0, 9999.0, 9999.0, 24.07, 9999.0, 22.8, 9999.0, 22.64, 22.5, 22.25, 22.34, 22.27
2026-09-11, 00:28:26, 22.32, 22.5, 22.75, 22.75, 9999.0, 9999.0, 9999.0, 24.09, 9999.0, 22.77, 9999.0, 22.61, 22.5, 22.25, 22.36, 22.27
2026-09-11, 00:28:30, 22.32, 22.5, 22.75, 22.75, 9999.0, 9999.0, 9999.0, 24.11, 9999.0, 22.73, 9999.0, 22.61, 22.5, 22.25, 22.36, 22.27
2026-09-11, 00:28:34, 22.3, 22.5, 22.75, 22.75, 9999.0, 9999.0, 9999.0, 24.14, 9999.0, 22.68, 9999.0, 22.61, 22.5, 22.25, 22.36, 22.27
2026-09-11, 00:28:38, 22.3, 22.5, 22.75, 22.75, 9999.0, 9999.0, 9999.0, 24.09, 9999.0, 22.68, 9999.0, 22.61, 22.5, 22.25, 22.34, 22.27
2026-09-11, 00:28:42, 22.27, 22.5, 22.75, 22.75, 9999.0, 9999.0, 9999.0, 24.05, 9999.0, 22.66, 9999.0, 22.64, 22.5, 22.25, 22.34, 22.27
2026-09-11, 00:28:46, 22.3, 22.5, 22.75, 22.75, 9999.0, 9999.0, 9999.0, 24.0, 9999.0, 22.64, 9999.0, 22.68, 22.5, 22.25, 22.34, 22.27
2026-09-11, 00:28:50, 22.3, 22.5, 22.75, 22.75, 9999.0, 9999.0, 9999.0, 23.95, 9999.0, 22.64, 9999.0, 22.7, 22.5, 22.25, 22.34, 22.27
2026-09-11, 00:28:54, 22.27, 22.5, 22.75, 22.75, 9999.0, 9999.0, 9999.0, 23.91, 9999.0, 22.64, 9999.0, 22.73, 22.5, 22.25, 22.34, 22.27
2026-09-11, 00:28:58, 22.27, 22.5, 22.75, 22.75, 9999.0, 9999.0, 9999.0, 23.89, 9999.0, 22.64, 9999.0, 22.75, 22.5, 22.25, 22.34, 22.27
2026-09-11, 00:29:02, 22.27, 22.5, 22.75, 22.75, 9999.0, 9999.0, 9999.0, 23.84, 9999.0, 22.66, 9999.0, 22.77, 22.5, 22.25, 22.32, 22.27
2026-09-11, 00:29:06, 22.27, 22.5, 22.75, 22.75, 9999.0, 9999.0, 9999.0, 23.82, 9999.0, 22.68, 9999.0, 22.8, 22.5, 22.25, 22.34, 22.25
2026-09-11, 00:29:10, 22.27, 22.5, 22.75, 22.75, 9999.0, 9999.0, 9999.0, 23.86, 9999.0, 22.7, 9999.0, 22.82, 22.5, 22.25, 22.32, 22.25
2026-09-11, 00:29:14, 22.3, 22.5, 22.75, 22.75, 9999.0, 9999.0, 9999.0, 23.89, 9999.0, 22.73, 9999.0, 22.82, 22.5, 22.25, 22.3, 22.25
2026-09-11, 00:29:18, 22.32, 22.5, 22.75, 22.75, 9999.0, 9999.0, 9999.0, 23.91, 9999.0, 22.75, 9999.0, 22.82, 22.5, 22.25, 22.3, 22.27
2026-09-11, 00:29:22, 22.32, 22.5, 22.75, 22.75, 9999.0, 9999.0, 9999.0, 23.93, 9999.0, 22.75, 9999.0, 22.82, 22.5, 22.25, 22.3, 22.27
2026-09-11, 00:29:26, 22.32, 22.5, 22.75, 22.75, 9999.0, 9999.0, 9999.0, 23.98, 9999.0, 22.77, 9999.0, 22.8, 22.5, 22.25, 22.3, 22.27
2026-09-11, 00:29:30, 22.3, 22.5, 22.75, 22.75, 9999.0, 9999.0, 9999.0, 24.02, 9999.0, 22.8, 9999.0, 22.75, 22.5, 22.25, 22.32, 22.27
2026-09-11, 00:29:34, 22.3, 22.5, 22.75, 22.75, 9999.0, 9999.0, 9999.0, 24.05, 9999.0, 22.77, 9999.0, 22.73, 22.5, 22.25, 22.32, 22.27
2026-09-11, 00:29:38, 22.3, 22.5, 22.75, 22.75, 9999.0, 9999.0, 9999.0, 24.07, 9999.0, 22.77, 9999.0, 22.73, 22.5, 22.25, 22.32, 22.27
2026-09-11, 00:29:42, 22.3, 22.5, 22.75, 22.75, 9999.0, 9999.0, 9999.0, 24.09, 9999.0, 22.77, 9999.0, 22.7, 22.5, 22.25, 22.32, 22.27
2026-09-11, 00:29:46, 22.3, 22.5, 22.75, 22.75, 9999.0, 9999.0, 9999.0, 24.14, 9999.0, 22.73, 9999.0, 22.7, 22.5, 22.25, 22.32, 22.27
2026-09-11, 00:29:50, 22.3, 22.5, 22.75, 22.75, 9999.0, 9999.0, 9999.0, 24.16, 9999.0, 22.68, 9999.0, 22.7, 22.5, 22.25, 22.3, 22.27
2026-09-11, 00:29:54, 22.3, 22.5, 22.75, 22.75, 9999.0, 9999.0, 9999.0, 24.11, 9999.0, 22.66, 9999.0, 22.7, 22.5, 22.25, 22.3, 22.27
2026-09-11, 00:29:58, 22.3, 22.5, 22.75, 22.75, 9999.0, 9999.0, 9999.0, 24.09, 9999.0, 22.64, 9999.0, 22.73, 22.5, 22.25, 22.3, 22.27
2026-09-11, 00:30:02, 22.27, 22.5, 22.75, 22.75, 9999.0, 9999.0, 9999.0, 24.05, 9999.0, 22.61, 9999.0, 22.73, 22.5, 22.25, 22.27, 22.27
2026-09-11, 00:30:06, 22.27, 22.5, 22.77, 22.75, 9999.0, 9999.0, 9999.0, 24.0, 9999.0, 22.61, 9999.0, 22.73, 22.5, 22.25, 22.27, 22.3
2026-09-11, 00:30:10, 22.27, 22.5, 22.77, 22.75, 9999.0, 9999.0, 9999.0, 23.95, 9999.0, 22.61, 9999.0, 22.73, 22.5, 22.25, 22.27, 22.3
2026-09-11, 00:30:14, 22.27, 22.5, 22.77, 22.75, 9999.0, 9999.0, 9999.0, 23.91, 9999.0, 22.61, 9999.0, 22.75, 22.5, 22.25, 22.27, 22.3
2026-09-11, 00:30:18, 22.27, 22.5, 22.77, 22.75, 9999.0, 9999.0, 9999.0, 23.89, 9999.0, 22.64, 9999.0, 22.75, 22.5, 22.25, 22.3, 22.3
2026-09-11, 00:30:22, 22.3, 22.5, 22.77, 22.75, 9999.0, 9999.0, 9999.0, 23.86, 9999.0, 22.64, 9999.0, 22.75, 22.5, 22.25, 22.32, 22.3
2026-09-11, 00:30:26, 22.32, 22.5, 22.77, 22.75, 9999.0, 9999.0, 9999.0, 23.82, 9999.0, 22.64, 9999.0, 22.77, 22.5, 22.25, 22.34, 22.3
2026-09-11, 00:30:30, 22.32, 22.5, 22.77, 22.75, 9999.0, 9999.0, 9999.0, 23.84, 9999.0, 22.66, 9999.0, 22.77, 22.5, 22.25, 22.34, 22.3
2026-09-11, 00:30:34, 22.32, 22.5, 22.77, 22.75, 9999.0, 9999.0, 9999.0, 23.86, 9999.0, 22.68, 9999.0, 22.77, 22.5, 22.25, 22.34, 22.32
2026-09-11, 00:30:38, 22.32, 22.5, 22.77, 22.75, 9999.0, 9999.0, 9999.0, 23.89, 9999.0, 22.7, 9999.0, 22.77, 22.5, 22.25, 22.34, 22.34
2026-09-11, 00:30:42, 22.3, 22.5, 22.77, 22.75, 9999.0, 9999.0, 9999.0, 23.91, 9999.0, 22.73, 9999.0, 22.75, 22.5, 22.25, 22.36, 22.34
2026-09-11, 00:30:46, 22.32, 22.5, 22.77, 22.75, 9999.0, 9999.0, 9999.0, 23.95, 9999.0, 22.73, 9999.0, 22.75, 22.5, 22.25, 22.36, 22.32
2026-09-11, 00:30:51, 22.32, 22.5, 22.75, 22.75, 9999.0, 9999.0, 9999.0, 23.98, 9999.0, 22.73, 9999.0, 22.75, 22.5, 22.25, 22.36, 22.3
2026-09-11, 00:30:55, 22.32, 22.5, 22.75, 22.75, 9999.0, 9999.0, 9999.0, 24.0, 9999.0, 22.73, 9999.0, 22.73, 22.5, 22.25, 22.39, 22.3
2026-09-11, 00:30:59, 22.34, 22.5, 22.75, 22.75, 9999.0, 9999.0, 9999.0, 24.02, 9999.0, 22.7, 9999.0, 22.7, 22.5, 22.25, 22.36, 22.32
2026-09-11, 00:31:03, 22.34, 22.5, 22.75, 22.75, 9999.0, 9999.0, 9999.0, 24.05, 9999.0, 22.68, 9999.0, 22.68, 22.5, 22.25, 22.34, 22.32
2026-09-11, 00:31:07, 22.32, 22.5, 22.75, 22.75, 9999.0, 9999.0, 9999.0, 24.07, 9999.0, 22.66, 9999.0, 22.68, 22.5, 22.25, 22.32, 22.32
2026-09-11, 00:31:11, 22.3, 22.5, 22.75, 22.75, 9999.0, 9999.0, 9999.0, 24.11, 9999.0, 22.64, 9999.0, 22.68, 22.5, 22.25, 22.3, 22.32
2026-09-11, 00:31:15, 22.32, 22.5, 22.75, 22.75, 9999.0, 9999.0, 9999.0, 24.09, 9999.0, 22.61, 9999.0, 22.68, 22.5, 22.25, 22.3, 22.32
2026-09-11, 00:31:19, 22.32, 22.5, 22.75, 22.75, 9999.0, 9999.0, 9999.0, 24.07, 9999.0, 22.59, 9999.0, 22.7, 22.5, 22.25, 22.3, 22.3
2026-09-11, 00:31:23, 22.32, 22.5, 22.75, 22.75, 9999.0, 9999.0, 9999.0, 24.02, 9999.0, 22.55, 9999.0, 22.7, 22.5, 22.25, 22.3, 22.27
2026-09-11, 00:31:27, 22.32, 22.5, 22.75, 22.75, 9999.0, 9999.0, 9999.0, 23.98, 9999.0, 22.55, 9999.0, 22.7, 22.5, 22.25, 22.3, 22.3
2026-09-11, 00:31:31, 22.32, 22.5, 22.75, 22.75, 9999.0, 9999.0, 9999.0, 23.93, 9999.0, 22.57, 9999.0, 22.7, 22.5, 22.25, 22.3, 22.3
2026-09-11, 00:31:35, 22.32, 22.5, 22.75, 22.75, 9999.0, 9999.0, 9999.0, 23.91, 9999.0, 22.57, 9999.0, 22.7, 22.5, 22.25, 22.3, 22.3
2026-09-11, 00:31:39, 22.34, 22.5, 22.75, 22.75, 9999.0, 9999.0, 9999.0, 23.89, 9999.0, 22.57, 9999.0, 22.73, 22.5, 22.27, 22.3, 22.3
2026-09-11, 00:31:43, 22.34, 22.5, 22.75, 22.75, 9999.0, 9999.0, 9999.0, 23.86, 9999.0, 22.59, 9999.0, 22.75, 22.5, 22.27, 22.32, 22.27
2026-09-11, 00:31:47, 22.36, 22.5, 22.75, 22.75, 9999.0, 9999.0, 9999.0, 23.89, 9999.0, 22.61, 9999.0, 22.77, 22.5, 22.27, 22.34, 22.27
2026-09-11, 00:31:51, 22.36, 22.5, 22.75, 22.75, 9999.0, 9999.0, 9999.0, 23.91, 9999.0, 22.64, 9999.0, 22.77, 22.5, 22.27, 22.36, 22.27
2026-09-11, 00:31:55, 22.39, 22.5, 22.75, 22.75, 9999.0, 9999.0, 9999.0, 23.93, 9999.0, 22.66, 9999.0, 22.77, 22.5, 22.27, 22.36, 22.27
2026-09-11, 00:31:59, 22.36, 22.5, 22.75, 22.75, 9999.0, 9999.0, 9999.0, 23.95, 9999.0, 22.68, 9999.0, 22.77, 22.5, 22.27, 22.36, 22.27
2026-09-11, 00:32:03, 22.36, 22.5, 22.75, 22.75, 9999.0, 9999.0, 9999.0, 23.98, 9999.0, 22.68, 9999.0, 22.75, 22.5, 22.27, 22.36, 22.27
2026-09-11, 00:32:07, 22.36, 22.5, 22.75, 22.75, 9999.0, 9999.0, 9999.0, 24.0, 9999.0, 22.7, 9999.0, 22.75, 22.5, 22.27, 22.36, 22.3
2026-09-11, 00:32:11, 22.39, 22.5, 22.75, 22.75, 9999.0, 9999.0, 9999.0, 24.02, 9999.0, 22.68, 9999.0, 22.73, 22.5, 22.27, 22.36, 22.27
2026-09-11, 00:32:15, 22.36, 22.5, 22.75, 22.75, 9999.0, 9999.0, 9999.0, 24.05, 9999.0, 22.66, 9999.0, 22.7, 22.5, 22.3, 22.39, 22.27
2026-09-11, 00:32:19, 22.39, 22.5, 22.75, 22.75, 9999.0, 9999.0, 9999.0, 24.07, 9999.0, 22.64, 9999.0, 22.68, 22.5, 22.3, 22.39, 22.27
2026-09-11, 00:32:23, 22.36, 22.5, 22.75, 22.75, 9999.0, 9999.0, 9999.0, 24.09, 9999.0, 22.61, 9999.0, 22.68, 22.5, 22.27, 22.36, 22.27
2026-09-11, 00:32:27, 22.34, 22.5, 22.75, 22.75, 9999.0, 9999.0, 9999.0, 24.11, 9999.0, 22.59, 9999.0, 22.68, 22.5, 22.27, 22.34, 22.27
2026-09-11, 00:32:31, 22.34, 22.5, 22.75, 22.75, 9999.0, 9999.0, 9999.0, 24.09, 9999.0, 22.57, 9999.0, 22.68, 22.5, 22.3, 22.34, 22.27
2026-09-11, 00:32:35, 22.34, 22.5, 22.75, 22.75, 9999.0, 9999.0, 9999.0, 24.05, 9999.0, 22.52, 9999.0, 22.7, 22.5, 22.3, 22.32, 22.27
2026-09-11, 00:32:39, 22.32, 22.5, 22.75, 22.75, 9999.0, 9999.0, 9999.0, 24.0, 9999.0, 22.5, 9999.0, 22.7, 22.5, 22.32, 22.32, 22.3
2026-09-11, 00:32:43, 22.32, 22.5, 22.75, 22.75, 9999.0, 9999.0, 9999.0, 23.95, 9999.0, 22.48, 9999.0, 22.7, 22.5, 22.32, 22.32, 22.32
2026-09-11, 00:32:47, 22.32, 22.5, 22.75, 22.75, 9999.0, 9999.0, 9999.0, 23.91, 9999.0, 22.48, 9999.0, 22.7, 22.5, 22.32, 22.32, 22.32
2026-09-11, 00:32:51, 22.34, 22.5, 22.75, 22.75, 9999.0, 9999.0, 9999.0, 23.89, 9999.0, 22.48, 9999.0, 22.7, 22.5, 22.32, 22.34, 22.32
2026-09-11, 00:32:55, 22.32, 22.5, 22.75, 22.75, 9999.0, 9999.0, 9999.0, 23.84, 9999.0, 22.5, 9999.0, 22.73, 22.5, 22.32, 22.32, 22.32
2026-09-11, 00:32:59, 22.32, 22.5, 22.75, 22.75, 9999.0, 9999.0, 9999.0, 23.82, 9999.0, 22.52, 9999.0, 22.75, 22.5, 22.3, 22.3, 22.34
2026-09-11, 00:33:03, 22.3, 22.5, 22.75, 22.75, 9999.0, 9999.0, 9999.0, 23.86, 9999.0, 22.55, 9999.0, 22.77, 22.5, 22.3, 22.3, 22.34
2026-09-11, 00:33:07, 22.32, 22.5, 22.75, 22.75, 9999.0, 9999.0, 9999.0, 23.91, 9999.0, 22.57, 9999.0, 22.77, 22.5, 22.3, 22.3, 22.34
2026-09-11, 00:33:11, 22.32, 22.5, 22.75, 22.75, 9999.0, 9999.0, 9999.0, 23.93, 9999.0, 22.59, 9999.0, 22.77, 22.5, 22.3, 22.32, 22.34
2026-09-11, 00:33:15, 22.32, 22.5, 22.75, 22.75, 9999.0, 9999.0, 9999.0, 23.95, 9999.0, 22.59, 9999.0, 22.77, 22.5, 22.27, 22.3, 22.34
2026-09-11, 00:33:19, 22.32, 22.5, 22.75, 22.75, 9999.0, 9999.0, 9999.0, 23.98, 9999.0, 22.61, 9999.0, 22.75, 22.5, 22.3, 22.3, 22.34
2026-09-11, 00:33:23, 22.32, 22.5, 22.75, 22.75, 9999.0, 9999.0, 9999.0, 24.0, 9999.0, 22.61, 9999.0, 22.73, 22.5, 22.27, 22.32, 22.32
2026-09-11, 00:33:27, 22.32, 22.5, 22.75, 22.75, 9999.0, 9999.0, 9999.0, 24.02, 9999.0, 22.61, 9999.0, 22.7, 22.5, 22.27, 22.32, 22.3
2026-09-11, 00:33:31, 22.32, 22.5, 22.75, 22.75, 9999.0, 9999.0, 9999.0, 24.05, 9999.0, 22.61, 9999.0, 22.68, 22.5, 22.27, 22.32, 22.3
2026-09-11, 00:33:35, 22.32, 22.5, 22.75, 22.75, 9999.0, 9999.0, 9999.0, 24.07, 9999.0, 22.61, 9999.0, 22.66, 22.5, 22.27, 22.3, 22.27
2026-09-11, 00:33:39, 22.32, 22.5, 22.75, 22.75, 9999.0, 9999.0, 9999.0, 24.11, 9999.0, 22.59, 9999.0, 22.66, 22.5, 22.27, 22.3, 22.27
2026-09-11, 00:33:43, 22.32, 22.5, 22.75, 22.75, 9999.0, 9999.0, 9999.0, 24.14, 9999.0, 22.57, 9999.0, 22.66, 22.5, 22.27, 22.3, 22.25
2026-09-11, 00:33:47, 22.32, 22.5, 22.75, 22.75, 9999.0, 9999.0, 9999.0, 24.09, 9999.0, 22.55, 9999.0, 22.66, 22.5, 22.27, 22.32, 22.25
2026-09-11, 00:33:51, 22.3, 22.5, 22.75, 22.75, 9999.0, 9999.0, 9999.0, 24.02, 9999.0, 22.5, 9999.0, 22.68, 22.5, 22.27, 22.32, 22.25
2026-09-11, 00:33:55, 22.3, 22.5, 22.75, 22.75, 9999.0, 9999.0, 9999.0, 23.98, 9999.0, 22.48, 9999.0, 22.68, 22.5, 22.27, 22.32, 22.27
2026-09-11, 00:33:59, 22.3, 22.5, 22.75, 22.75, 9999.0, 9999.0, 9999.0, 23.93, 9999.0, 22.48, 9999.0, 22.68, 22.5, 22.27, 22.32, 22.27
2026-09-11, 00:34:03, 22.3, 22.5, 22.75, 22.75, 9999.0, 9999.0, 9999.0, 23.91, 9999.0, 22.48, 9999.0, 22.68, 22.5, 22.25, 22.34, 22.27
2026-09-11, 00:34:07, 22.3, 22.5, 22.75, 22.75, 9999.0, 9999.0, 9999.0, 23.89, 9999.0, 22.48, 9999.0, 22.7, 22.5, 22.25, 22.32, 22.27
2026-09-11, 00:34:11, 22.3, 22.5, 22.75, 22.75, 9999.0, 9999.0, 9999.0, 23.84, 9999.0, 22.5, 9999.0, 22.73, 22.5, 22.25, 22.32, 22.27
2026-09-11, 00:34:15, 22.3, 22.5, 22.75, 22.75, 9999.0, 9999.0, 9999.0, 23.8, 9999.0, 22.52, 9999.0, 22.75, 22.5, 22.25, 22.32, 22.27
2026-09-11, 00:34:19, 22.3, 22.5, 22.75, 22.75, 9999.0, 9999.0, 9999.0, 23.75, 9999.0, 22.55, 9999.0, 22.77, 22.5, 22.25, 22.34, 22.27
2026-09-11, 00:34:23, 22.3, 22.5, 22.75, 22.75, 9999.0, 9999.0, 9999.0, 23.77, 9999.0, 22.57, 9999.0, 22.77, 22.5, 22.25, 22.34, 22.27
2026-09-11, 00:34:27, 22.3, 22.5, 22.75, 22.75, 9999.0, 9999.0, 9999.0, 23.8, 9999.0, 22.57, 9999.0, 22.77, 22.5, 22.25, 22.34, 22.27
2026-09-11, 00:34:31, 22.32, 22.5, 22.75, 22.75, 9999.0, 9999.0, 9999.0, 23.82, 9999.0, 22.57, 9999.0, 22.77, 22.5, 22.25, 22.32, 22.27
2026-09-11, 00:34:35, 22.32, 22.5, 22.75, 22.75, 9999.0, 9999.0, 9999.0, 23.84, 9999.0, 22.59, 9999.0, 22.75, 22.5, 22.25, 22.32, 22.27
2026-09-11, 00:34:39, 22.32, 22.5, 22.75, 22.75, 9999.0, 9999.0, 9999.0, 23.86, 9999.0, 22.59, 9999.0, 22.73, 22.5, 22.25, 22.3, 22.25
2026-09-11, 00:34:44, 22.32, 22.5, 22.75, 22.75, 9999.0, 9999.0, 9999.0, 23.89, 9999.0, 22.59, 9999.0, 22.7, 22.5, 22.25, 22.3, 22.25
2026-09-11, 00:34:48, 22.32, 22.5, 22.75, 22.75, 9999.0, 9999.0, 9999.0, 23.91, 9999.0, 22.57, 9999.0, 22.7, 22.5, 22.25, 22.27, 22.25
2026-09-11, 00:34:52, 22.32, 22.5, 22.75, 22.75, 9999.0, 9999.0, 9999.0, 23.93, 9999.0, 22.57, 9999.0, 22.68, 22.5, 22.25, 22.3, 22.25
2026-09-11, 00:34:56, 22.32, 22.5, 22.75, 22.75, 9999.0, 9999.0, 9999.0, 23.98, 9999.0, 22.55, 9999.0, 22.66, 22.5, 22.25, 22.3, 22.25
2026-09-11, 00:35:00, 22.32, 22.5, 22.75, 22.75, 9999.0, 9999.0, 9999.0, 24.02, 9999.0, 22.5, 9999.0, 22.66, 22.5, 22.25, 22.3, 22.25
2026-09-11, 00:35:04, 22.32, 22.5, 22.75, 22.75, 9999.0, 9999.0, 9999.0, 24.07, 9999.0, 22.45, 9999.0, 22.66, 22.5, 22.25, 22.27, 22.25
2026-09-11, 00:35:08, 22.32, 22.5, 22.75, 22.75, 9999.0, 9999.0, 9999.0, 24.02, 9999.0, 22.41, 9999.0, 22.66, 22.5, 22.25, 22.27, 22.25
2026-09-11, 00:35:12, 22.32, 22.5, 22.75, 22.75, 9999.0, 9999.0, 9999.0, 23.98, 9999.0, 22.39, 9999.0, 22.68, 22.5, 22.25, 22.27, 22.27
2026-09-11, 00:35:16, 22.3, 22.5, 22.75, 22.75, 9999.0, 9999.0, 9999.0, 23.93, 9999.0, 22.36, 9999.0, 22.68, 22.5, 22.25, 22.27, 22.27
2026-09-11, 00:35:20, 22.32, 22.5, 22.75, 22.75, 9999.0, 9999.0, 9999.0, 23.91, 9999.0, 22.36, 9999.0, 22.68, 22.5, 22.25, 22.27, 22.27
2026-09-11, 00:35:24, 22.32, 22.5, 22.75, 22.75, 9999.0, 9999.0, 9999.0, 23.86, 9999.0, 22.36, 9999.0, 22.7, 22.5, 22.25, 22.3, 22.27
2026-09-11, 00:35:28, 22.32, 22.5, 22.75, 22.75, 9999.0, 9999.0, 9999.0, 23.82, 9999.0, 22.36, 9999.0, 22.73, 22.5, 22.25, 22.32, 22.27
2026-09-11, 00:35:32, 22.34, 22.5, 22.75, 22.75, 9999.0, 9999.0, 9999.0, 23.77, 9999.0, 22.41, 9999.0, 22.73, 22.5, 22.25, 22.32, 22.27
2026-09-11, 00:35:36, 22.34, 22.5, 22.75, 22.75, 9999.0, 9999.0, 9999.0, 23.73, 9999.0, 22.41, 9999.0, 22.75, 22.5, 22.25, 22.3, 22.27
2026-09-11, 00:35:40, 22.34, 22.5, 22.75, 22.75, 9999.0, 9999.0, 9999.0, 23.75, 9999.0, 22.41, 9999.0, 22.77, 22.5, 22.25, 22.3, 22.27
2026-09-11, 00:35:44, 22.36, 22.5, 22.75, 22.75, 9999.0, 9999.0, 9999.0, 23.77, 9999.0, 22.43, 9999.0, 22.77, 22.5, 22.25, 22.32, 22.27
2026-09-11, 00:35:48, 22.34, 22.5, 22.75, 22.75, 9999.0, 9999.0, 9999.0, 23.77, 9999.0, 22.45, 9999.0, 22.77, 22.5, 22.25, 22.34, 22.3
2026-09-11, 00:35:52, 22.34, 22.5, 22.75, 22.75, 9999.0, 9999.0, 9999.0, 23.8, 9999.0, 22.48, 9999.0, 22.77, 22.5, 22.25, 22.34, 22.3
2026-09-11, 00:35:56, 22.34, 22.5, 22.75, 22.75, 9999.0, 9999.0, 9999.0, 23.82, 9999.0, 22.48, 9999.0, 22.75, 22.5, 22.25, 22.34, 22.3
2026-09-11, 00:36:00, 22.36, 22.5, 22.75, 22.75, 9999.0, 9999.0, 9999.0, 23.84, 9999.0, 22.5, 9999.0, 22.75, 22.5, 22.25, 22.34, 22.3
2026-09-11, 00:36:04, 22.34, 22.5, 22.75, 22.75, 9999.0, 9999.0, 9999.0, 23.84, 9999.0, 22.48, 9999.0, 22.73, 22.5, 22.25, 22.34, 22.3
2026-09-11, 00:36:08, 22.36, 22.5, 22.75, 22.75, 9999.0, 9999.0, 9999.0, 23.89, 9999.0, 22.45, 9999.0, 22.7, 22.5, 22.25, 22.34, 22.3
2026-09-11, 00:36:12, 22.34, 22.5, 22.75, 22.75, 9999.0, 9999.0, 9999.0, 23.91, 9999.0, 22.43, 9999.0, 22.68, 22.5, 22.25, 22.32, 22.32
2026-09-11, 00:36:16, 22.34, 22.5, 22.75, 22.75, 9999.0, 9999.0, 9999.0, 23.95, 9999.0, 22.39, 9999.0, 22.68, 22.5, 22.25, 22.32, 22.32
2026-09-11, 00:36:20, 22.34, 22.5, 22.75, 22.75, 9999.0, 9999.0, 9999.0, 23.98, 9999.0, 22.36, 9999.0, 22.68, 22.5, 22.25, 22.32, 22.32
2026-09-11, 00:36:24, 22.36, 22.5, 22.75, 22.75, 9999.0, 9999.0, 9999.0, 23.93, 9999.0, 22.34, 9999.0, 22.68, 22.5, 22.25, 22.32, 22.32
2026-09-11, 00:36:28, 22.34, 22.5, 22.75, 22.75, 9999.0, 9999.0, 9999.0, 23.89, 9999.0, 22.32, 9999.0, 22.68, 22.5, 22.27, 22.3, 22.32
2026-09-11, 00:36:32, 22.34, 22.5, 22.75, 22.75, 9999.0, 9999.0, 9999.0, 23.86, 9999.0, 22.3, 9999.0, 22.68, 22.5, 22.3, 22.27, 22.3
2026-09-11, 00:36:36, 22.34, 22.5, 22.75, 22.75, 9999.0, 9999.0, 9999.0, 23.84, 9999.0, 22.3, 9999.0, 22.68, 22.5, 22.3, 22.3, 22.3
2026-09-11, 00:36:40, 22.36, 22.5, 22.75, 22.75, 9999.0, 9999.0, 9999.0, 23.8, 9999.0, 22.3, 9999.0, 22.68, 22.5, 22.3, 22.3, 22.27
2026-09-11, 00:36:44, 22.34, 22.5, 22.75, 22.75, 9999.0, 9999.0, 9999.0, 23.75, 9999.0, 22.3, 9999.0, 22.68, 22.5, 22.3, 22.32, 22.27
2026-09-11, 00:36:48, 22.34, 22.5, 22.75, 22.75, 9999.0, 9999.0, 9999.0, 23.73, 9999.0, 22.32, 9999.0, 22.7, 22.52, 22.3, 22.32, 22.27
2026-09-11, 00:36:52, 22.32, 22.5, 22.75, 22.75, 9999.0, 9999.0, 9999.0, 23.68, 9999.0, 22.34, 9999.0, 22.73, 22.52, 22.3, 22.32, 22.27
2026-09-11, 00:36:56, 22.34, 22.5, 22.75, 22.75, 9999.0, 9999.0, 9999.0, 23.75, 9999.0, 22.36, 9999.0, 22.75, 22.55, 22.3, 22.34, 22.25
2026-09-11, 00:37:00, 22.32, 22.5, 22.75, 22.75, 9999.0, 9999.0, 9999.0, 23.77, 9999.0, 22.39, 9999.0, 22.75, 22.55, 22.3, 22.34, 22.25
2026-09-11, 00:37:04, 22.34, 22.5, 22.75, 22.75, 9999.0, 9999.0, 9999.0, 23.82, 9999.0, 22.41, 9999.0, 22.75, 22.55, 22.3, 22.34, 22.25
2026-09-11, 00:37:08, 22.34, 22.5, 22.75, 22.75, 9999.0, 9999.0, 9999.0, 23.86, 9999.0, 22.41, 9999.0, 22.75, 22.55, 22.3, 22.34, 22.25
2026-09-11, 00:37:12, 22.34, 22.5, 22.75, 22.75, 9999.0, 9999.0, 9999.0, 23.89, 9999.0, 22.43, 9999.0, 22.75, 22.55, 22.27, 22.34, 22.25
2026-09-11, 00:37:16, 22.34, 22.5, 22.75, 22.75, 9999.0, 9999.0, 9999.0, 23.91, 9999.0, 22.43, 9999.0, 22.75, 22.55, 22.25, 22.36, 22.25
2026-09-11, 00:37:20, 22.36, 22.5, 22.75, 22.75, 9999.0, 9999.0, 9999.0, 23.91, 9999.0, 22.41, 9999.0, 22.75, 22.55, 22.25, 22.34, 22.25
2026-09-11, 00:37:24, 22.36, 22.5, 22.75, 22.75, 9999.0, 9999.0, 9999.0, 23.93, 9999.0, 22.41, 9999.0, 22.75, 22.55, 22.25, 22.36, 22.25
2026-09-11, 00:37:28, 22.36, 22.5, 22.75, 22.75, 9999.0, 9999.0, 9999.0, 23.98, 9999.0, 22.39, 9999.0, 22.73, 22.55, 22.25, 22.34, 22.25
2026-09-11, 00:37:32, 22.36, 22.5, 22.75, 22.75, 9999.0, 9999.0, 9999.0, 24.0, 9999.0, 22.36, 9999.0, 22.73, 22.52, 22.25, 22.34, 22.27
2026-09-11, 00:37:36, 22.36, 22.5, 22.75, 22.75, 9999.0, 9999.0, 9999.0, 24.02, 9999.0, 22.34, 9999.0, 22.73, 22.52, 22.25, 22.32, 22.3
2026-09-11, 00:37:40, 22.34, 22.5, 22.75, 22.75, 9999.0, 9999.0, 9999.0, 23.95, 9999.0, 22.32, 9999.0, 22.73, 22.5, 22.25, 22.32, 22.3
2026-09-11, 00:37:44, 22.34, 22.5, 22.75, 22.75, 9999.0, 9999.0, 9999.0, 23.91, 9999.0, 22.3, 9999.0, 22.75, 22.5, 22.25, 22.32, 22.3
2026-09-11, 00:37:48, 22.32, 22.5, 22.75, 22.75, 9999.0, 9999.0, 9999.0, 23.86, 9999.0, 22.27, 9999.0, 22.77, 22.5, 22.25, 22.34, 22.3
2026-09-11, 00:37:52, 22.3, 22.5, 22.75, 22.75, 9999.0, 9999.0, 9999.0, 23.8, 9999.0, 22.3, 9999.0, 22.77, 22.5, 22.25, 22.34, 22.3
2026-09-11, 00:37:56, 22.32, 22.5, 22.75, 22.75, 9999.0, 9999.0, 9999.0, 23.75, 9999.0, 22.27, 9999.0, 22.77, 22.5, 22.25, 22.34, 22.3
2026-09-11, 00:38:00, 22.32, 22.5, 22.75, 22.75, 9999.0, 9999.0, 9999.0, 23.7, 9999.0, 22.27, 9999.0, 22.77, 22.5, 22.25, 22.34, 22.3
2026-09-11, 00:38:04, 22.3, 22.5, 22.75, 22.75, 9999.0, 9999.0, 9999.0, 23.68, 9999.0, 22.3, 9999.0, 22.77, 22.5, 22.25, 22.34, 22.32
2026-09-11, 00:38:08, 22.27, 22.5, 22.75, 22.75, 9999.0, 9999.0, 9999.0, 23.66, 9999.0, 22.32, 9999.0, 22.77, 22.5, 22.25, 22.32, 22.34
2026-09-11, 00:38:12, 22.3, 22.5, 22.75, 22.75, 9999.0, 9999.0, 9999.0, 23.68, 9999.0, 22.34, 9999.0, 22.8, 22.5, 22.25, 22.32, 22.34
2026-09-11, 00:38:16, 22.32, 22.5, 22.75, 22.75, 9999.0, 9999.0, 9999.0, 23.73, 9999.0, 22.36, 9999.0, 22.8, 22.5, 22.27, 22.32, 22.32
2026-09-11, 00:38:20, 22.34, 22.5, 22.75, 22.75, 9999.0, 9999.0, 9999.0, 23.75, 9999.0, 22.39, 9999.0, 22.8, 22.52, 22.27, 22.32, 22.32
2026-09-11, 00:38:24, 22.34, 22.5, 22.75, 22.75, 9999.0, 9999.0, 9999.0, 23.8, 9999.0, 22.41, 9999.0, 22.8, 22.52, 22.27, 22.3, 22.32
2026-09-11, 00:38:28, 22.36, 22.5, 22.75, 22.75, 9999.0, 9999.0, 9999.0, 23.82, 9999.0, 22.41, 9999.0, 22.77, 22.52, 22.27, 22.32, 22.32
2026-09-11, 00:38:32, 22.39, 22.5, 22.75, 22.75, 9999.0, 9999.0, 9999.0, 23.84, 9999.0, 22.41, 9999.0, 22.75, 22.52, 22.27, 22.3, 22.34
2026-09-11, 00:38:36, 22.39, 22.5, 22.75, 22.75, 9999.0, 9999.0, 9999.0, 23.86, 9999.0, 22.39, 9999.0, 22.75, 22.52, 22.27, 22.3, 22.36
2026-09-11, 00:38:41, 22.36, 22.5, 22.75, 22.75, 9999.0, 9999.0, 9999.0, 23.89, 9999.0, 22.39, 9999.0, 22.75, 22.52, 22.27, 22.32, 22.36
2026-09-11, 00:38:45, 22.39, 22.5, 22.75, 22.75, 9999.0, 9999.0, 9999.0, 23.91, 9999.0, 22.39, 9999.0, 22.73, 22.52, 22.27, 22.3, 22.36
2026-09-11, 00:38:49, 22.39, 22.5, 22.75, 22.75, 9999.0, 9999.0, 9999.0, 23.93, 9999.0, 22.36, 9999.0, 22.73, 22.52, 22.27, 22.3, 22.34
2026-09-11, 00:38:53, 22.41, 22.5, 22.75, 22.75, 9999.0, 9999.0, 9999.0, 23.95, 9999.0, 22.34, 9999.0, 22.73, 22.52, 22.27, 22.3, 22.32
2026-09-11, 00:38:57, 22.41, 22.5, 22.75, 22.75, 9999.0, 9999.0, 9999.0, 23.91, 9999.0, 22.3, 9999.0, 22.73, 22.52, 22.27, 22.3, 22.32
2026-09-11, 00:39:01, 22.39, 22.5, 22.75, 22.75, 9999.0, 9999.0, 9999.0, 23.86, 9999.0, 22.25, 9999.0, 22.75, 22.52, 22.25, 22.3, 22.32
2026-09-11, 00:39:05, 22.36, 22.5, 22.75, 22.75, 9999.0, 9999.0, 9999.0, 23.84, 9999.0, 22.2, 9999.0, 22.77, 22.5, 22.25, 22.3, 22.3
2026-09-11, 00:39:09, 22.36, 22.5, 22.75, 22.75, 9999.0, 9999.0, 9999.0, 23.77, 9999.0, 22.18, 9999.0, 22.8, 22.5, 22.25, 22.3, 22.3
2026-09-11, 00:39:13, 22.34, 22.5, 22.75, 22.75, 9999.0, 9999.0, 9999.0, 23.73, 9999.0, 22.18, 9999.0, 22.8, 22.5, 22.25, 22.27, 22.3
2026-09-11, 00:39:17, 22.32, 22.5, 22.75, 22.75, 9999.0, 9999.0, 9999.0, 23.68, 9999.0, 22.18, 9999.0, 22.8, 22.5, 22.25, 22.27, 22.27
2026-09-11, 00:39:21, 22.32, 22.5, 22.75, 22.75, 9999.0, 9999.0, 9999.0, 23.66, 9999.0, 22.2, 9999.0, 22.8, 22.5, 22.25, 22.3, 22.27
2026-09-11, 00:39:25, 22.32, 22.5, 22.75, 22.75, 9999.0, 9999.0, 9999.0, 23.64, 9999.0, 22.23, 9999.0, 22.8, 22.5, 22.25, 22.27, 22.27
2026-09-11, 00:39:29, 22.32, 22.5, 22.75, 22.75, 9999.0, 9999.0, 9999.0, 23.68, 9999.0, 22.25, 9999.0, 22.82, 22.5, 22.25, 22.27, 22.3
2026-09-11, 00:39:33, 22.32, 22.5, 22.77, 22.75, 9999.0, 9999.0, 9999.0, 23.73, 9999.0, 22.27, 9999.0, 22.82, 22.5, 22.25, 22.3, 22.32
2026-09-11, 00:39:37, 22.3, 22.5, 22.77, 22.75, 9999.0, 9999.0, 9999.0, 23.77, 9999.0, 22.3, 9999.0, 22.82, 22.5, 22.25, 22.3, 22.34
2026-09-11, 00:39:41, 22.3, 22.5, 22.77, 22.75, 9999.0, 9999.0, 9999.0, 23.8, 9999.0, 22.32, 9999.0, 22.82, 22.5, 22.25, 22.3, 22.34
2026-09-11, 00:39:45, 22.3, 22.5, 22.77, 22.75, 9999.0, 9999.0, 9999.0, 23.82, 9999.0, 22.34, 9999.0, 22.8, 22.5, 22.25, 22.32, 22.34
2026-09-11, 00:39:49, 22.3, 22.5, 22.77, 22.75, 9999.0, 9999.0, 9999.0, 23.84, 9999.0, 22.36, 9999.0, 22.77, 22.5, 22.25, 22.32, 22.34
2026-09-11, 00:39:53, 22.3, 22.5, 22.77, 22.75, 9999.0, 9999.0, 9999.0, 23.86, 9999.0, 22.34, 9999.0, 22.75, 22.5, 22.25, 22.32, 22.34
2026-09-11, 00:39:57, 22.3, 22.5, 22.77, 22.75, 9999.0, 9999.0, 9999.0, 23.89, 9999.0, 22.34, 9999.0, 22.73, 22.5, 22.25, 22.32, 22.34
2026-09-11, 00:40:01, 22.3, 22.5, 22.77, 22.75, 9999.0, 9999.0, 9999.0, 23.91, 9999.0, 22.34, 9999.0, 22.7, 22.5, 22.25, 22.32, 22.34
2026-09-11, 00:40:05, 22.3, 22.5, 22.77, 22.75, 9999.0, 9999.0, 9999.0, 23.93, 9999.0, 22.32, 9999.0, 22.7, 22.5, 22.25, 22.32, 22.32
2026-09-11, 00:40:09, 22.3, 22.5, 22.77, 22.75, 9999.0, 9999.0, 9999.0, 23.95, 9999.0, 22.3, 9999.0, 22.7, 22.5, 22.25, 22.34, 22.32
2026-09-11, 00:40:13, 22.27, 22.5, 22.77, 22.75, 9999.0, 9999.0, 9999.0, 23.91, 9999.0, 22.25, 9999.0, 22.7, 22.5, 22.25, 22.34, 22.3
2026-09-11, 00:40:17, 22.27, 22.5, 22.75, 22.75, 9999.0, 9999.0, 9999.0, 23.84, 9999.0, 22.23, 9999.0, 22.73, 22.5, 22.25, 22.34, 22.3
2026-09-11, 00:40:21, 22.27, 22.5, 22.77, 22.75, 9999.0, 9999.0, 9999.0, 23.8, 9999.0, 22.18, 9999.0, 22.75, 22.5, 22.25, 22.34, 22.27
2026-09-11, 00:40:25, 22.25, 22.5, 22.77, 22.75, 9999.0, 9999.0, 9999.0, 23.77, 9999.0, 22.16, 9999.0, 22.77, 22.5, 22.25, 22.34, 22.27
2026-09-11, 00:40:29, 22.27, 22.5, 22.77, 22.75, 9999.0, 9999.0, 9999.0, 23.73, 9999.0, 22.16, 9999.0, 22.8, 22.5, 22.27, 22.32, 22.3
2026-09-11, 00:40:33, 22.27, 22.5, 22.77, 22.75, 9999.0, 9999.0, 9999.0, 23.68, 9999.0, 22.16, 9999.0, 22.8, 22.5, 22.27, 22.34, 22.3
2026-09-11, 00:40:37, 22.27, 22.5, 22.77, 22.75, 9999.0, 9999.0, 9999.0, 23.66, 9999.0, 22.2, 9999.0, 22.8, 22.5, 22.27, 22.34, 22.3
2026-09-11, 00:40:41, 22.27, 22.5, 22.77, 22.75, 9999.0, 9999.0, 9999.0, 23.61, 9999.0, 22.2, 9999.0, 22.82, 22.5, 22.27, 22.34, 22.3
2026-09-11, 00:40:45, 22.3, 22.5, 22.77, 22.75, 9999.0, 9999.0, 9999.0, 23.59, 9999.0, 22.2, 9999.0, 22.84, 22.5, 22.27, 22.36, 22.3
2026-09-11, 00:40:49, 22.3, 22.5, 22.77, 22.75, 9999.0, 9999.0, 9999.0, 23.64, 9999.0, 22.2, 9999.0, 22.84, 22.5, 22.27, 22.34, 22.3
2026-09-11, 00:40:53, 22.3, 22.5, 22.77, 22.75, 9999.0, 9999.0, 9999.0, 23.68, 9999.0, 22.2, 9999.0, 22.82, 22.5, 22.27, 22.32, 22.3
2026-09-11, 00:40:57, 22.3, 22.5, 22.77, 22.75, 9999.0, 9999.0, 9999.0, 23.7, 9999.0, 22.23, 9999.0, 22.82, 22.5, 22.27, 22.34, 22.3
2026-09-11, 00:41:01, 22.3, 22.5, 22.77, 22.75, 9999.0, 9999.0, 9999.0, 23.75, 9999.0, 22.23, 9999.0, 22.8, 22.5, 22.27, 22.34, 22.27
2026-09-11, 00:41:05, 22.3, 22.5, 22.75, 22.75, 9999.0, 9999.0, 9999.0, 23.77, 9999.0, 22.25, 9999.0, 22.77, 22.5, 22.27, 22.34, 22.27
2026-09-11, 00:41:09, 22.3, 22.5, 22.75, 22.75, 9999.0, 9999.0, 9999.0, 23.77, 9999.0, 22.27, 9999.0, 22.73, 22.5, 22.27, 22.34, 22.27
2026-09-11, 00:41:13, 22.3, 22.5, 22.75, 22.75, 9999.0, 9999.0, 9999.0, 23.8, 9999.0, 22.25, 9999.0, 22.68, 22.5, 22.25, 22.34, 22.25
2026-09-11, 00:41:17, 22.3, 22.5, 22.75, 22.75, 9999.0, 9999.0, 9999.0, 23.84, 9999.0, 22.23, 9999.0, 22.68, 22.5, 22.25, 22.32, 22.25
2026-09-11, 00:41:21, 22.32, 22.5, 22.75, 22.75, 9999.0, 9999.0, 9999.0, 23.86, 9999.0, 22.18, 9999.0, 22.68, 22.5, 22.25, 22.32, 22.25
2026-09-11, 00:41:25, 22.34, 22.5, 22.75, 22.75, 9999.0, 9999.0, 9999.0, 23.91, 9999.0, 22.18, 9999.0, 22.68, 22.5, 22.25, 22.32, 22.25
2026-09-11, 00:41:29, 22.34, 22.5, 22.75, 22.75, 9999.0, 9999.0, 9999.0, 23.93, 9999.0, 22.16, 9999.0, 22.68, 22.5, 22.25, 22.3, 22.27
2026-09-11, 00:41:33, 22.34, 22.5, 22.75, 22.75, 9999.0, 9999.0, 9999.0, 23.89, 9999.0, 22.14, 9999.0, 22.7, 22.5, 22.25, 22.32, 22.3
2026-09-11, 00:41:37, 22.36, 22.5, 22.75, 22.75, 9999.0, 9999.0, 9999.0, 23.84, 9999.0, 22.11, 9999.0, 22.75, 22.5, 22.27, 22.32, 22.32
2026-09-11, 00:41:41, 22.36, 22.5, 22.75, 22.75, 9999.0, 9999.0, 9999.0, 23.8, 9999.0, 22.09, 9999.0, 22.75, 22.5, 22.27, 22.3, 22.32
2026-09-11, 00:41:45, 22.36, 22.5, 22.75, 22.75, 9999.0, 9999.0, 9999.0, 23.75, 9999.0, 22.09, 9999.0, 22.75, 22.5, 22.27, 22.3, 22.32
2026-09-11, 00:41:49, 22.36, 22.5, 22.75, 22.77, 9999.0, 9999.0, 9999.0, 23.68, 9999.0, 22.09, 9999.0, 22.75, 22.5, 22.3, 22.3, 22.34
2026-09-11, 00:41:53, 22.36, 22.5, 22.75, 22.77, 9999.0, 9999.0, 9999.0, 23.66, 9999.0, 22.09, 9999.0, 22.77, 22.5, 22.3, 22.32, 22.34
2026-09-11, 00:41:57, 22.34, 22.5, 22.75, 22.77, 9999.0, 9999.0, 9999.0, 23.61, 9999.0, 22.11, 9999.0, 22.8, 22.5, 22.3, 22.32, 22.36
2026-09-11, 00:42:01, 22.34, 22.5, 22.75, 22.8, 9999.0, 9999.0, 9999.0, 23.55, 9999.0, 22.14, 9999.0, 22.8, 22.52, 22.3, 22.32, 22.39
2026-09-11, 00:42:05, 22.32, 22.5, 22.77, 22.8, 9999.0, 9999.0, 9999.0, 23.57, 9999.0, 22.16, 9999.0, 22.8, 22.52, 22.3, 22.34, 22.41
2026-09-11, 00:42:09, 22.3, 22.5, 22.77, 22.8, 9999.0, 9999.0, 9999.0, 23.59, 9999.0, 22.16, 9999.0, 22.8, 22.52, 22.32, 22.34, 22.41
2026-09-11, 00:42:13, 22.27, 22.5, 22.8, 22.8, 9999.0, 9999.0, 9999.0, 23.61, 9999.0, 22.18, 9999.0, 22.8, 22.52, 22.32, 22.34, 22.41
2026-09-11, 00:42:17, 22.27, 22.5, 22.8, 22.8, 9999.0, 9999.0, 9999.0, 23.64, 9999.0, 22.2, 9999.0, 22.77, 22.52, 22.32, 22.32, 22.41
2026-09-11, 00:42:21, 22.25, 22.5, 22.8, 22.8, 9999.0, 9999.0, 9999.0, 23.66, 9999.0, 22.2, 9999.0, 22.75, 22.52, 22.3, 22.34, 22.41
2026-09-11, 00:42:25, 22.25, 22.5, 22.8, 22.82, 9999.0, 9999.0, 9999.0, 23.68, 9999.0, 22.2, 9999.0, 22.75, 22.52, 22.3, 22.34, 22.43
2026-09-11, 00:42:29, 22.25, 22.5, 22.8, 22.84, 9999.0, 9999.0, 9999.0, 23.7, 9999.0, 22.2, 9999.0, 22.73, 22.52, 22.3, 22.32, 22.43
2026-09-11, 00:42:34, 22.25, 22.5, 22.8, 22.82, 9999.0, 9999.0, 9999.0, 23.75, 9999.0, 22.18, 9999.0, 22.7, 22.52, 22.27, 22.34, 22.41
2026-09-11, 00:42:38, 22.27, 22.5, 22.8, 22.84, 9999.0, 9999.0, 9999.0, 23.77, 9999.0, 22.16, 9999.0, 22.68, 22.52, 22.27, 22.32, 22.41
2026-09-11, 00:42:42, 22.3, 22.5, 22.8, 22.84, 9999.0, 9999.0, 9999.0, 23.82, 9999.0, 22.14, 9999.0, 22.68, 22.52, 22.27, 22.32, 22.41
2026-09-11, 00:42:46, 22.3, 22.5, 22.8, 22.82, 9999.0, 9999.0, 9999.0, 23.86, 9999.0, 22.11, 9999.0, 22.68, 22.5, 22.27, 22.32, 22.41
2026-09-11, 00:42:50, 22.3, 22.5, 22.77, 22.82, 9999.0, 9999.0, 9999.0, 23.82, 9999.0, 22.09, 9999.0, 22.68, 22.5, 22.27, 22.32, 22.41
2026-09-11, 00:42:54, 22.3, 22.5, 22.77, 22.82, 9999.0, 9999.0, 9999.0, 23.77, 9999.0, 22.07, 9999.0, 22.7, 22.5, 22.25, 22.34, 22.41
2026-09-11, 00:42:58, 22.3, 22.5, 22.75, 22.84, 9999.0, 9999.0, 9999.0, 23.73, 9999.0, 22.05, 9999.0, 22.7, 22.5, 22.27, 22.34, 22.39
2026-09-11, 00:43:02, 22.32, 22.5, 22.75, 22.84, 9999.0, 9999.0, 9999.0, 23.68, 9999.0, 22.05, 9999.0, 22.7, 22.5, 22.27, 22.36, 22.36
2026-09-11, 00:43:06, 22.34, 22.5, 22.75, 22.84, 9999.0, 9999.0, 9999.0, 23.64, 9999.0, 22.07, 9999.0, 22.7, 22.5, 22.27, 22.34, 22.36
2026-09-11, 00:43:10, 22.34, 22.5, 22.75, 22.84, 9999.0, 9999.0, 9999.0, 23.61, 9999.0, 22.09, 9999.0, 22.7, 22.5, 22.27, 22.34, 22.34
2026-09-11, 00:43:14, 22.34, 22.5, 22.75, 22.82, 9999.0, 9999.0, 9999.0, 23.59, 9999.0, 22.09, 9999.0, 22.73, 22.5, 22.27, 22.34, 22.36
2026-09-11, 00:43:18, 22.34, 22.5, 22.75, 22.82, 9999.0, 9999.0, 9999.0, 23.57, 9999.0, 22.11, 9999.0, 22.75, 22.5, 22.27, 22.34, 22.39
2026-09-11, 00:43:22, 22.32, 22.5, 22.75, 22.8, 9999.0, 9999.0, 9999.0, 23.61, 9999.0, 22.14, 9999.0, 22.77, 22.5, 22.27, 22.34, 22.41
2026-09-11, 00:43:26, 22.32, 22.5, 22.77, 22.8, 9999.0, 9999.0, 9999.0, 23.64, 9999.0, 22.16, 9999.0, 22.77, 22.5, 22.27, 22.34, 22.39
2026-09-11, 00:43:30, 22.32, 22.5, 22.8, 22.8, 9999.0, 9999.0, 9999.0, 23.66, 9999.0, 22.18, 9999.0, 22.77, 22.52, 22.27, 22.36, 22.39
2026-09-11, 00:43:34, 22.32, 22.5, 22.8, 22.8, 9999.0, 9999.0, 9999.0, 23.7, 9999.0, 22.2, 9999.0, 22.77, 22.52, 22.27, 22.36, 22.39
2026-09-11, 00:43:38, 22.32, 22.5, 22.8, 22.8, 9999.0, 9999.0, 9999.0, 23.75, 9999.0, 22.23, 9999.0, 22.75, 22.52, 22.3, 22.34, 22.39
2026-09-11, 00:43:42, 22.32, 22.5, 22.8, 22.77, 9999.0, 9999.0, 9999.0, 23.8, 9999.0, 22.25, 9999.0, 22.75, 22.52, 22.27, 22.34, 22.39
2026-09-11, 00:43:46, 22.32, 22.5, 22.8, 22.77, 9999.0, 9999.0, 9999.0, 23.82, 9999.0, 22.25, 9999.0, 22.75, 22.52, 22.27, 22.32, 22.39
2026-09-11, 00:43:50, 22.32, 22.5, 22.8, 22.77, 9999.0, 9999.0, 9999.0, 23.84, 9999.0, 22.25, 9999.0, 22.73, 22.52, 22.27, 22.32, 22.36
2026-09-11, 00:43:54, 22.32, 22.5, 22.8, 22.75, 9999.0, 9999.0, 9999.0, 23.86, 9999.0, 22.23, 9999.0, 22.73, 22.52, 22.27, 22.32, 22.36
2026-09-11, 00:43:58, 22.32, 22.5, 22.82, 22.75, 9999.0, 9999.0, 9999.0, 23.89, 9999.0, 22.2, 9999.0, 22.73, 22.52, 22.27, 22.32, 22.36
2026-09-11, 00:44:02, 22.34, 22.5, 22.82, 22.77, 9999.0, 9999.0, 9999.0, 23.89, 9999.0, 22.18, 9999.0, 22.73, 22.52, 22.27, 22.3, 22.36
2026-09-11, 00:44:06, 22.36, 22.5, 22.82, 22.8, 9999.0, 9999.0, 9999.0, 23.82, 9999.0, 22.16, 9999.0, 22.73, 22.52, 22.27, 22.32, 22.36
2026-09-11, 00:44:10, 22.34, 22.5, 22.8, 22.82, 9999.0, 9999.0, 9999.0, 23.8, 9999.0, 22.14, 9999.0, 22.75, 22.52, 22.3, 22.34, 22.39
2026-09-11, 00:44:14, 22.34, 22.5, 22.77, 22.84, 9999.0, 9999.0, 9999.0, 23.75, 9999.0, 22.11, 9999.0, 22.77, 22.5, 22.3, 22.34, 22.39
2026-09-11, 00:44:18, 22.34, 22.5, 22.77, 22.86, 9999.0, 9999.0, 9999.0, 23.7, 9999.0, 22.11, 9999.0, 22.77, 22.5, 22.3, 22.34, 22.39
2026-09-11, 00:44:22, 22.34, 22.5, 22.77, 22.89, 9999.0, 9999.0, 9999.0, 23.66, 9999.0, 22.11, 9999.0, 22.77, 22.5, 22.3, 22.34, 22.41
2026-09-11, 00:44:26, 22.34, 22.5, 22.77, 22.89, 9999.0, 9999.0, 9999.0, 23.61, 9999.0, 22.11, 9999.0, 22.77, 22.52, 22.3, 22.36, 22.43
2026-09-11, 00:44:30, 22.32, 22.5, 22.77, 22.89, 9999.0, 9999.0, 9999.0, 23.59, 9999.0, 22.14, 9999.0, 22.77, 22.55, 22.3, 22.36, 22.45
2026-09-11, 00:44:34, 22.32, 22.5, 22.77, 22.89, 9999.0, 9999.0, 9999.0, 23.55, 9999.0, 22.16, 9999.0, 22.8, 22.55, 22.3, 22.39, 22.48
2026-09-11, 00:44:38, 22.34, 22.5, 22.77, 22.89, 9999.0, 9999.0, 9999.0, 23.59, 9999.0, 22.2, 9999.0, 22.8, 22.57, 22.3, 22.39, 22.5
2026-09-11, 00:44:42, 22.34, 22.5, 22.75, 22.89, 9999.0, 9999.0, 9999.0, 23.61, 9999.0, 22.23, 9999.0, 22.8, 22.57, 22.3, 22.39, 22.5
2026-09-11, 00:44:46, 22.34, 22.5, 22.75, 22.86, 9999.0, 9999.0, 9999.0, 23.66, 9999.0, 22.27, 9999.0, 22.8, 22.57, 22.3, 22.39, 22.5
2026-09-11, 00:44:50, 22.32, 22.5, 22.75, 22.84, 9999.0, 9999.0, 9999.0, 23.7, 9999.0, 22.32, 9999.0, 22.8, 22.57, 22.3, 22.39, 22.48
2026-09-11, 00:44:54, 22.34, 22.5, 22.75, 22.82, 9999.0, 9999.0, 9999.0, 23.73, 9999.0, 22.34, 9999.0, 22.77, 22.57, 22.27, 22.39, 22.45
2026-09-11, 00:44:58, 22.34, 22.5, 22.75, 22.8, 9999.0, 9999.0, 9999.0, 23.75, 9999.0, 22.36, 9999.0, 22.75, 22.57, 22.27, 22.39, 22.45
2026-09-11, 00:45:02, 22.34, 22.5, 22.75, 22.77, 9999.0, 9999.0, 9999.0, 23.77, 9999.0, 22.36, 9999.0, 22.75, 22.57, 22.27, 22.39, 22.45
2026-09-11, 00:45:06, 22.36, 22.5, 22.75, 22.75, 9999.0, 9999.0, 9999.0, 23.8, 9999.0, 22.36, 9999.0, 22.75, 22.57, 22.25, 22.41, 22.45
2026-09-11, 00:45:10, 22.36, 22.5, 22.75, 22.75, 9999.0, 9999.0, 9999.0, 23.82, 9999.0, 22.36, 9999.0, 22.75, 22.55, 22.25, 22.39, 22.45
2026-09-11, 00:45:14, 22.36, 22.5, 22.75, 22.75, 9999.0, 9999.0, 9999.0, 23.84, 9999.0, 22.32, 9999.0, 22.75, 22.52, 22.25, 22.39, 22.45
2026-09-11, 00:45:18, 22.36, 22.5, 22.75, 22.75, 9999.0, 9999.0, 9999.0, 23.86, 9999.0, 22.27, 9999.0, 22.75, 22.52, 22.25, 22.39, 22.45
2026-09-11, 00:45:22, 22.34, 22.5, 22.77, 22.75, 9999.0, 9999.0, 9999.0, 23.82, 9999.0, 22.23, 9999.0, 22.75, 22.5, 22.25, 22.39, 22.45
2026-09-11, 00:45:26, 22.36, 22.5, 22.77, 22.75, 9999.0, 9999.0, 9999.0, 23.77, 9999.0, 22.2, 9999.0, 22.77, 22.5, 22.25, 22.41, 22.45
2026-09-11, 00:45:30, 22.34, 22.5, 22.77, 22.75, 9999.0, 9999.0, 9999.0, 23.73, 9999.0, 22.16, 9999.0, 22.8, 22.5, 22.25, 22.41, 22.45
2026-09-11, 00:45:34, 22.36, 22.5, 22.8, 22.75, 9999.0, 9999.0, 9999.0, 23.68, 9999.0, 22.16, 9999.0, 22.8, 22.5, 22.25, 22.39, 22.48
2026-09-11, 00:45:38, 22.34, 22.5, 22.8, 22.75, 9999.0, 9999.0, 9999.0, 23.64, 9999.0, 22.16, 9999.0, 22.8, 22.5, 22.25, 22.36, 22.5
2026-09-11, 00:45:42, 22.34, 22.5, 22.8, 22.75, 9999.0, 9999.0, 9999.0, 23.61, 9999.0, 22.16, 9999.0, 22.8, 22.52, 22.25, 22.36, 22.5
2026-09-11, 00:45:46, 22.34, 22.5, 22.8, 22.75, 9999.0, 9999.0, 9999.0, 23.57, 9999.0, 22.18, 9999.0, 22.8, 22.52, 22.25, 22.36, 22.5
2026-09-11, 00:45:50, 22.32, 22.5, 22.8, 22.75, 9999.0, 9999.0, 9999.0, 23.52, 9999.0, 22.2, 9999.0, 22.8, 22.52, 22.25, 22.34, 22.5
2026-09-11, 00:45:54, 22.34, 22.5, 22.8, 22.75, 9999.0, 9999.0, 9999.0, 23.57, 9999.0, 22.23, 9999.0, 22.8, 22.52, 22.25, 22.34, 22.5
2026-09-11, 00:45:58, 22.36, 22.5, 22.82, 22.75, 9999.0, 9999.0, 9999.0, 23.59, 9999.0, 22.27, 9999.0, 22.8, 22.52, 22.25, 22.36, 22.48
2026-09-11, 00:46:02, 22.36, 22.5, 22.82, 22.75, 9999.0, 9999.0, 9999.0, 23.64, 9999.0, 22.32, 9999.0, 22.8, 22.52, 22.25, 22.36, 22.48
2026-09-11, 00:46:06, 22.39, 22.5, 22.8, 22.75, 9999.0, 9999.0, 9999.0, 23.66, 9999.0, 22.34, 9999.0, 22.8, 22.52, 22.25, 22.36, 22.48
2026-09-11, 00:46:10, 22.36, 22.5, 22.82, 22.75, 9999.0, 9999.0, 9999.0, 23.7, 9999.0, 22.39, 9999.0, 22.77, 22.52, 22.25, 22.36, 22.45
2026-09-11, 00:46:14, 22.39, 22.5, 22.82, 22.75, 9999.0, 9999.0, 9999.0, 23.75, 9999.0, 22.43, 9999.0, 22.75, 22.52, 22.25, 22.36, 22.43
2026-09-11, 00:46:18, 22.36, 22.5, 22.8, 22.77, 9999.0, 9999.0, 9999.0, 23.8, 9999.0, 22.41, 9999.0, 22.75, 22.52, 22.25, 22.36, 22.43
2026-09-11, 00:46:23, 22.36, 22.5, 22.8, 22.77, 9999.0, 9999.0, 9999.0, 23.84, 9999.0, 22.41, 9999.0, 22.75, 22.52, 22.25, 22.39, 22.43
2026-09-11, 00:46:27, 22.39, 22.5, 22.8, 22.77, 9999.0, 9999.0, 9999.0, 23.89, 9999.0, 22.41, 9999.0, 22.75, 22.5, 22.25, 22.39, 22.43
2026-09-11, 00:46:31, 22.39, 22.5, 22.8, 22.77, 9999.0, 9999.0, 9999.0, 23.93, 9999.0, 22.39, 9999.0, 22.75, 22.5, 22.25, 22.39, 22.41
2026-09-11, 00:46:35, 22.41, 22.5, 22.8, 22.77, 9999.0, 9999.0, 9999.0, 23.98, 9999.0, 22.36, 9999.0, 22.75, 22.5, 22.25, 22.39, 22.41
2026-09-11, 00:46:39, 22.39, 22.5, 22.8, 22.77, 9999.0, 9999.0, 9999.0, 23.93, 9999.0, 22.34, 9999.0, 22.75, 22.5, 22.25, 22.39, 22.39
2026-09-11, 00:46:43, 22.39, 22.5, 22.77, 22.77, 9999.0, 9999.0, 9999.0, 23.91, 9999.0, 22.32, 9999.0, 22.77, 22.5, 22.25, 22.39, 22.41
2026-09-11, 00:46:47, 22.39, 22.5, 22.77, 22.77, 9999.0, 9999.0, 9999.0, 23.89, 9999.0, 22.3, 9999.0, 22.77, 22.5, 22.25, 22.39, 22.41
2026-09-11, 00:46:51, 22.39, 22.5, 22.77, 22.77, 9999.0, 9999.0, 9999.0, 23.84, 9999.0, 22.32, 9999.0, 22.77, 22.5, 22.25, 22.39, 22.41
2026-09-11, 00:46:55, 22.39, 22.5, 22.75, 22.77, 9999.0, 9999.0, 9999.0, 23.8, 9999.0, 22.32, 9999.0, 22.77, 22.5, 22.27, 22.39, 22.43
2026-09-11, 00:46:59, 22.36, 22.5, 22.75, 22.8, 9999.0, 9999.0, 9999.0, 23.75, 9999.0, 22.3, 9999.0, 22.77, 22.52, 22.27, 22.39, 22.45
2026-09-11, 00:47:03, 22.36, 22.5, 22.75, 22.77, 9999.0, 9999.0, 9999.0, 23.7, 9999.0, 22.32, 9999.0, 22.77, 22.52, 22.27, 22.39, 22.45
2026-09-11, 00:47:07, 22.36, 22.5, 22.75, 22.77, 9999.0, 9999.0, 9999.0, 23.66, 9999.0, 22.34, 9999.0, 22.77, 22.52, 22.27, 22.39, 22.45
2026-09-11, 00:47:11, 22.34, 22.5, 22.75, 22.77, 9999.0, 9999.0, 9999.0, 23.68, 9999.0, 22.36, 9999.0, 22.77, 22.52, 22.27, 22.36, 22.45
2026-09-11, 00:47:15, 22.34, 22.5, 22.75, 22.77, 9999.0, 9999.0, 9999.0, 23.7, 9999.0, 22.39, 9999.0, 22.77, 22.52, 22.27, 22.36, 22.45
2026-09-11, 00:47:19, 22.32, 22.5, 22.75, 22.8, 9999.0, 9999.0, 9999.0, 23.73, 9999.0, 22.41, 9999.0, 22.77, 22.52, 22.27, 22.39, 22.45
2026-09-11, 00:47:23, 22.34, 22.5, 22.75, 22.8, 9999.0, 9999.0, 9999.0, 23.75, 9999.0, 22.43, 9999.0, 22.77, 22.52, 22.27, 22.41, 22.48
2026-09-11, 00:47:27, 22.34, 22.5, 22.75, 22.8, 9999.0, 9999.0, 9999.0, 23.77, 9999.0, 22.45, 9999.0, 22.75, 22.52, 22.27, 22.39, 22.48
2026-09-11, 00:47:31, 22.34, 22.5, 22.75, 22.8, 9999.0, 9999.0, 9999.0, 23.77, 9999.0, 22.48, 9999.0, 22.75, 22.52, 22.27, 22.39, 22.45
2026-09-11, 00:47:35, 22.32, 22.5, 22.75, 22.8, 9999.0, 9999.0, 9999.0, 23.8, 9999.0, 22.48, 9999.0, 22.75, 22.52, 22.27, 22.39, 22.45
2026-09-11, 00:47:39, 22.32, 22.5, 22.75, 22.8, 9999.0, 9999.0, 9999.0, 23.82, 9999.0, 22.48, 9999.0, 22.75, 22.52, 22.25, 22.39, 22.43
2026-09-11, 00:47:43, 22.32, 22.5, 22.75, 22.8, 9999.0, 9999.0, 9999.0, 23.86, 9999.0, 22.5, 9999.0, 22.75, 22.5, 22.25, 22.39, 22.43
2026-09-11, 00:47:47, 22.34, 22.5, 22.75, 22.8, 9999.0, 9999.0, 9999.0, 23.89, 9999.0, 22.5, 9999.0, 22.73, 22.5, 22.25, 22.39, 22.43
2026-09-11, 00:47:51, 22.34, 22.5, 22.75, 22.8, 9999.0, 9999.0, 9999.0, 23.91, 9999.0, 22.5, 9999.0, 22.73, 22.5, 22.25, 22.36, 22.43
2026-09-11, 00:47:55, 22.34, 22.5, 22.75, 22.8, 9999.0, 9999.0, 9999.0, 23.86, 9999.0, 22.5, 9999.0, 22.73, 22.5, 22.25, 22.39, 22.41
2026-09-11, 00:47:59, 22.36, 22.5, 22.75, 22.8, 9999.0, 9999.0, 9999.0, 23.84, 9999.0, 22.5, 9999.0, 22.75, 22.5, 22.25, 22.36, 22.41
2026-09-11, 00:48:03, 22.39, 22.5, 22.77, 22.77, 9999.0, 9999.0, 9999.0, 23.82, 9999.0, 22.5, 9999.0, 22.77, 22.5, 22.25, 22.36, 22.39
2026-09-11, 00:48:07, 22.36, 22.5, 22.77, 22.77, 9999.0, 9999.0, 9999.0, 23.77, 9999.0, 22.5, 9999.0, 22.8, 22.5, 22.25, 22.36, 22.36
2026-09-11, 00:48:11, 22.34, 22.5, 22.77, 22.77, 9999.0, 9999.0, 9999.0, 23.73, 9999.0, 22.52, 9999.0, 22.8, 22.5, 22.25, 22.39, 22.36
2026-09-11, 00:48:15, 22.32, 22.5, 22.77, 22.77, 9999.0, 9999.0, 9999.0, 23.7, 9999.0, 22.52, 9999.0, 22.8, 22.5, 22.25, 22.39, 22.39
2026-09-11, 00:48:19, 22.34, 22.5, 22.77, 22.77, 9999.0, 9999.0, 9999.0, 23.68, 9999.0, 22.55, 9999.0, 22.8, 22.5, 22.25, 22.39, 22.39
2026-09-11, 00:48:23, 22.34, 22.5, 22.77, 22.8, 9999.0, 9999.0, 9999.0, 23.66, 9999.0, 22.57, 9999.0, 22.8, 22.5, 22.25, 22.36, 22.39
2026-09-11, 00:48:27, 22.36, 22.5, 22.8, 22.77, 9999.0, 9999.0, 9999.0, 23.61, 9999.0, 22.59, 9999.0, 22.8, 22.5, 22.25, 22.39, 22.39
2026-09-11, 00:48:31, 22.34, 22.5, 22.82, 22.77, 9999.0, 9999.0, 9999.0, 23.64, 9999.0, 22.59, 9999.0, 22.82, 22.5, 22.25, 22.41, 22.36
2026-09-11, 00:48:35, 22.36, 22.5, 22.82, 22.77, 9999.0, 9999.0, 9999.0, 23.66, 9999.0, 22.59, 9999.0, 22.82, 22.5, 22.25, 22.41, 22.36
2026-09-11, 00:48:39, 22.39, 22.5, 22.82, 22.77, 9999.0, 9999.0, 9999.0, 23.68, 9999.0, 22.59, 9999.0, 22.82, 22.5, 22.25, 22.41, 22.39
2026-09-11, 00:48:43, 22.36, 22.5, 22.82, 22.77, 9999.0, 9999.0, 9999.0, 23.7, 9999.0, 22.59, 9999.0, 22.8, 22.5, 22.25, 22.41, 22.41
2026-09-11, 00:48:47, 22.34, 22.5, 22.8, 22.77, 9999.0, 9999.0, 9999.0, 23.73, 9999.0, 22.59, 9999.0, 22.77, 22.5, 22.25, 22.41, 22.43
2026-09-11, 00:48:51, 22.36, 22.5, 22.8, 22.77, 9999.0, 9999.0, 9999.0, 23.75, 9999.0, 22.59, 9999.0, 22.75, 22.5, 22.25, 22.39, 22.45
2026-09-11, 00:48:55, 22.39, 22.5, 22.8, 22.77, 9999.0, 9999.0, 9999.0, 23.77, 9999.0, 22.57, 9999.0, 22.73, 22.5, 22.25, 22.36, 22.43
2026-09-11, 00:48:59, 22.39, 22.5, 22.8, 22.77, 9999.0, 9999.0, 9999.0, 23.82, 9999.0, 22.57, 9999.0, 22.7, 22.5, 22.25, 22.34, 22.43
2026-09-11, 00:49:03, 22.36, 22.5, 22.8, 22.77, 9999.0, 9999.0, 9999.0, 23.86, 9999.0, 22.52, 9999.0, 22.7, 22.5, 22.25, 22.34, 22.41
2026-09-11, 00:49:07, 22.36, 22.5, 22.8, 22.75, 9999.0, 9999.0, 9999.0, 23.89, 9999.0, 22.5, 9999.0, 22.7, 22.5, 22.25, 22.34, 22.43
2026-09-11, 00:49:11, 22.34, 22.5, 22.77, 22.77, 9999.0, 9999.0, 9999.0, 23.91, 9999.0, 22.45, 9999.0, 22.7, 22.5, 22.25, 22.34, 22.41
2026-09-11, 00:49:15, 22.36, 22.5, 22.75, 22.77, 9999.0, 9999.0, 9999.0, 23.89, 9999.0, 22.43, 9999.0, 22.73, 22.5, 22.25, 22.34, 22.43
2026-09-11, 00:49:19, 22.36, 22.5, 22.75, 22.8, 9999.0, 9999.0, 9999.0, 23.86, 9999.0, 22.41, 9999.0, 22.75, 22.5, 22.25, 22.34, 22.43
2026-09-11, 00:49:23, 22.36, 22.5, 22.75, 22.8, 9999.0, 9999.0, 9999.0, 23.84, 9999.0, 22.39, 9999.0, 22.75, 22.5, 22.25, 22.32, 22.43
2026-09-11, 00:49:27, 22.36, 22.5, 22.77, 22.8, 9999.0, 9999.0, 9999.0, 23.8, 9999.0, 22.39, 9999.0, 22.77, 22.5, 22.25, 22.34, 22.41
2026-09-11, 00:49:31, 22.39, 22.5, 22.77, 22.8, 9999.0, 9999.0, 9999.0, 23.75, 9999.0, 22.39, 9999.0, 22.77, 22.5, 22.25, 22.34, 22.41
2026-09-11, 00:49:35, 22.39, 22.5, 22.77, 22.8, 9999.0, 9999.0, 9999.0, 23.73, 9999.0, 22.41, 9999.0, 22.77, 22.5, 22.25, 22.36, 22.41
2026-09-11, 00:49:39, 22.36, 22.5, 22.77, 22.82, 9999.0, 9999.0, 9999.0, 23.7, 9999.0, 22.43, 9999.0, 22.8, 22.5, 22.25, 22.39, 22.41
2026-09-11, 00:49:43, 22.39, 22.5, 22.77, 22.82, 9999.0, 9999.0, 9999.0, 23.66, 9999.0, 22.43, 9999.0, 22.82, 22.5, 22.25, 22.39, 22.41
2026-09-11, 00:49:47, 22.41, 22.5, 22.8, 22.82, 9999.0, 9999.0, 9999.0, 23.68, 9999.0, 22.48, 9999.0, 22.82, 22.5, 22.25, 22.39, 22.43
2026-09-11, 00:49:51, 22.43, 22.5, 22.8, 22.82, 9999.0, 9999.0, 9999.0, 23.73, 9999.0, 22.48, 9999.0, 22.82, 22.5, 22.25, 22.41, 22.43
2026-09-11, 00:49:55, 22.45, 22.5, 22.8, 22.8, 9999.0, 9999.0, 9999.0, 23.77, 9999.0, 22.5, 9999.0, 22.82, 22.5, 22.25, 22.39, 22.45
2026-09-11, 00:49:59, 22.43, 22.5, 22.8, 22.8, 9999.0, 9999.0, 9999.0, 23.82, 9999.0, 22.52, 9999.0, 22.8, 22.5, 22.25, 22.39, 22.43
2026-09-11, 00:50:03, 22.41, 22.5, 22.8, 22.77, 9999.0, 9999.0, 9999.0, 23.84, 9999.0, 22.55, 9999.0, 22.77, 22.5, 22.25, 22.41, 22.43
2026-09-11, 00:50:08, 22.39, 22.5, 22.8, 22.77, 9999.0, 9999.0, 9999.0, 23.86, 9999.0, 22.57, 9999.0, 22.75, 22.5, 22.25, 22.41, 22.41
2026-09-11, 00:50:12, 22.41, 22.5, 22.8, 22.8, 9999.0, 9999.0, 9999.0, 23.91, 9999.0, 22.57, 9999.0, 22.7, 22.5, 22.25, 22.41, 22.41
2026-09-11, 00:50:16, 22.39, 22.5, 22.8, 22.8, 9999.0, 9999.0, 9999.0, 23.95, 9999.0, 22.57, 9999.0, 22.7, 22.5, 22.25, 22.39, 22.41
2026-09-11, 00:50:20, 22.36, 22.5, 22.8, 22.8, 9999.0, 9999.0, 9999.0, 24.0, 9999.0, 22.55, 9999.0, 22.68, 22.5, 22.25, 22.36, 22.41
2026-09-11, 00:50:24, 22.36, 22.5, 22.8, 22.77, 9999.0, 9999.0, 9999.0, 24.05, 9999.0, 22.52, 9999.0, 22.68, 22.5, 22.25, 22.34, 22.41
2026-09-11, 00:50:28, 22.34, 22.5, 22.8, 22.77, 9999.0, 9999.0, 9999.0, 24.09, 9999.0, 22.52, 9999.0, 22.68, 22.5, 22.25, 22.36, 22.39
2026-09-11, 00:50:32, 22.34, 22.5, 22.77, 22.77, 9999.0, 9999.0, 9999.0, 24.05, 9999.0, 22.5, 9999.0, 22.68, 22.5, 22.25, 22.39, 22.39
2026-09-11, 00:50:36, 22.32, 22.5, 22.77, 22.8, 9999.0, 9999.0, 9999.0, 24.0, 9999.0, 22.5, 9999.0, 22.7, 22.5, 22.25, 22.39, 22.36
2026-09-11, 00:50:40, 22.3, 22.5, 22.77, 22.8, 9999.0, 9999.0, 9999.0, 23.95, 9999.0, 22.5, 9999.0, 22.7, 22.5, 22.25, 22.41, 22.34
2026-09-11, 00:50:44, 22.3, 22.5, 22.77, 22.8, 9999.0, 9999.0, 9999.0, 23.89, 9999.0, 22.5, 9999.0, 22.7, 22.5, 22.25, 22.41, 22.36
2026-09-11, 00:50:48, 22.3, 22.5, 22.77, 22.8, 9999.0, 9999.0, 9999.0, 23.84, 9999.0, 22.5, 9999.0, 22.7, 22.5, 22.25, 22.39, 22.36
2026-09-11, 00:50:52, 22.3, 22.5, 22.77, 22.8, 9999.0, 9999.0, 9999.0, 23.8, 9999.0, 22.52, 9999.0, 22.73, 22.52, 22.25, 22.39, 22.39
2026-09-11, 00:50:56, 22.27, 22.5, 22.77, 22.77, 9999.0, 9999.0, 9999.0, 23.75, 9999.0, 22.55, 9999.0, 22.75, 22.52, 22.25, 22.36, 22.39
2026-09-11, 00:51:00, 22.27, 22.5, 22.8, 22.77, 9999.0, 9999.0, 9999.0, 23.7, 9999.0, 22.57, 9999.0, 22.75, 22.52, 22.25, 22.36, 22.36
2026-09-11, 00:51:04, 22.27, 22.5, 22.8, 22.77, 9999.0, 9999.0, 9999.0, 23.75, 9999.0, 22.59, 9999.0, 22.77, 22.52, 22.25, 22.36, 22.36
2026-09-11, 00:51:08, 22.3, 22.5, 22.8, 22.77, 9999.0, 9999.0, 9999.0, 23.77, 9999.0, 22.61, 9999.0, 22.77, 22.52, 22.25, 22.39, 22.39
2026-09-11, 00:51:12, 22.32, 22.5, 22.8, 22.77, 9999.0, 9999.0, 9999.0, 23.8, 9999.0, 22.64, 9999.0, 22.77, 22.52, 22.25, 22.36, 22.39
2026-09-11, 00:51:16, 22.3, 22.5, 22.8, 22.77, 9999.0, 9999.0, 9999.0, 23.84, 9999.0, 22.64, 9999.0, 22.75, 22.52, 22.25, 22.34, 22.39
2026-09-11, 00:51:20, 22.32, 22.5, 22.8, 22.75, 9999.0, 9999.0, 9999.0, 23.86, 9999.0, 22.64, 9999.0, 22.73, 22.52, 22.25, 22.34, 22.39
2026-09-11, 00:51:24, 22.32, 22.5, 22.8, 22.75, 9999.0, 9999.0, 9999.0, 23.89, 9999.0, 22.64, 9999.0, 22.7, 22.52, 22.25, 22.32, 22.39
2026-09-11, 00:51:28, 22.34, 22.5, 22.8, 22.75, 9999.0, 9999.0, 9999.0, 23.93, 9999.0, 22.64, 9999.0, 22.7, 22.52, 22.25, 22.32, 22.36
2026-09-11, 00:51:32, 22.36, 22.5, 22.8, 22.75, 9999.0, 9999.0, 9999.0, 23.98, 9999.0, 22.64, 9999.0, 22.7, 22.52, 22.25, 22.34, 22.36
2026-09-11, 00:51:36, 22.36, 22.5, 22.8, 22.75, 9999.0, 9999.0, 9999.0, 24.02, 9999.0, 22.61, 9999.0, 22.68, 22.5, 22.25, 22.34, 22.34
2026-09-11, 00:51:40, 22.36, 22.5, 22.77, 22.75, 9999.0, 9999.0, 9999.0, 24.07, 9999.0, 22.59, 9999.0, 22.68, 22.5, 22.25, 22.34, 22.36
2026-09-11, 00:51:44, 22.39, 22.5, 22.75, 22.75, 9999.0, 9999.0, 9999.0, 24.09, 9999.0, 22.57, 9999.0, 22.68, 22.5, 22.25, 22.34, 22.36
2026-09-11, 00:51:48, 22.39, 22.5, 22.75, 22.75, 9999.0, 9999.0, 9999.0, 24.02, 9999.0, 22.55, 9999.0, 22.68, 22.5, 22.25, 22.34, 22.36
2026-09-11, 00:51:52, 22.36, 22.5, 22.75, 22.75, 9999.0, 9999.0, 9999.0, 23.98, 9999.0, 22.52, 9999.0, 22.7, 22.5, 22.25, 22.34, 22.34
2026-09-11, 00:51:56, 22.34, 22.5, 22.75, 22.75, 9999.0, 9999.0, 9999.0, 23.93, 9999.0, 22.5, 9999.0, 22.7, 22.5, 22.25, 22.34, 22.34
2026-09-11, 00:52:00, 22.34, 22.5, 22.75, 22.75, 9999.0, 9999.0, 9999.0, 23.89, 9999.0, 22.52, 9999.0, 22.75, 22.5, 22.25, 22.36, 22.32
2026-09-11, 00:52:04, 22.34, 22.5, 22.75, 22.75, 9999.0, 9999.0, 9999.0, 23.86, 9999.0, 22.55, 9999.0, 22.75, 22.5, 22.25, 22.36, 22.34
2026-09-11, 00:52:08, 22.34, 22.5, 22.75, 22.75, 9999.0, 9999.0, 9999.0, 23.84, 9999.0, 22.57, 9999.0, 22.77, 22.5, 22.25, 22.39, 22.34
2026-09-11, 00:52:12, 22.34, 22.5, 22.75, 22.75, 9999.0, 9999.0, 9999.0, 23.82, 9999.0, 22.59, 9999.0, 22.77, 22.5, 22.25, 22.39, 22.36
2026-09-11, 00:52:16, 22.32, 22.5, 22.75, 22.75, 9999.0, 9999.0, 9999.0, 23.77, 9999.0, 22.61, 9999.0, 22.77, 22.5, 22.25, 22.36, 22.34
2026-09-11, 00:52:20, 22.32, 22.5, 22.75, 22.75, 9999.0, 9999.0, 9999.0, 23.82, 9999.0, 22.64, 9999.0, 22.8, 22.5, 22.25, 22.36, 22.34
2026-09-11, 00:52:24, 22.34, 22.5, 22.75, 22.75, 9999.0, 9999.0, 9999.0, 23.84, 9999.0, 22.66, 9999.0, 22.8, 22.5, 22.25, 22.39, 22.32
2026-09-11, 00:52:28, 22.32, 22.5, 22.75, 22.75, 9999.0, 9999.0, 9999.0, 23.89, 9999.0, 22.68, 9999.0, 22.8, 22.5, 22.25, 22.41, 22.32
2026-09-11, 00:52:32, 22.32, 22.5, 22.75, 22.75, 9999.0, 9999.0, 9999.0, 23.93, 9999.0, 22.7, 9999.0, 22.8, 22.5, 22.25, 22.41, 22.3
2026-09-11, 00:52:36, 22.32, 22.5, 22.75, 22.75, 9999.0, 9999.0, 9999.0, 23.98, 9999.0, 22.73, 9999.0, 22.75, 22.5, 22.25, 22.39, 22.3
2026-09-11, 00:52:40, 22.34, 22.5, 22.75, 22.75, 9999.0, 9999.0, 9999.0, 24.0, 9999.0, 22.75, 9999.0, 22.75, 22.5, 22.25, 22.39, 22.3
2026-09-11, 00:52:44, 22.34, 22.5, 22.75, 22.75, 9999.0, 9999.0, 9999.0, 24.02, 9999.0, 22.75, 9999.0, 22.7, 22.5, 22.25, 22.39, 22.3
2026-09-11, 00:52:48, 22.32, 22.5, 22.75, 22.75, 9999.0, 9999.0, 9999.0, 24.05, 9999.0, 22.75, 9999.0, 22.68, 22.5, 22.25, 22.36, 22.3
2026-09-11, 00:52:52, 22.32, 22.5, 22.75, 22.75, 9999.0, 9999.0, 9999.0, 24.07, 9999.0, 22.75, 9999.0, 22.66, 22.5, 22.25, 22.34, 22.3
2026-09-11, 00:52:56, 22.3, 22.5, 22.75, 22.75, 9999.0, 9999.0, 9999.0, 24.09, 9999.0, 22.75, 9999.0, 22.66, 22.5, 22.25, 22.34, 22.27
2026-09-11, 00:53:00, 22.3, 22.5, 22.75, 22.75, 9999.0, 9999.0, 9999.0, 24.11, 9999.0, 22.73, 9999.0, 22.66, 22.5, 22.25, 22.34, 22.27
2026-09-11, 00:53:04, 22.32, 22.5, 22.75, 22.75, 9999.0, 9999.0, 9999.0, 24.05, 9999.0, 22.7, 9999.0, 22.66, 22.5, 22.25, 22.34, 22.27
2026-09-11, 00:53:08, 22.32, 22.5, 22.75, 22.75, 9999.0, 9999.0, 9999.0, 24.0, 9999.0, 22.68, 9999.0, 22.68, 22.5, 22.25, 22.32, 22.27
2026-09-11, 00:53:12, 22.34, 22.5, 22.77, 22.75, 9999.0, 9999.0, 9999.0, 23.95, 9999.0, 22.66, 9999.0, 22.68, 22.5, 22.25, 22.3, 22.27
2026-09-11, 00:53:16, 22.36, 22.5, 22.8, 22.75, 9999.0, 9999.0, 9999.0, 23.91, 9999.0, 22.66, 9999.0, 22.68, 22.5, 22.25, 22.3, 22.27
2026-09-11, 00:53:20, 22.39, 22.5, 22.8, 22.75, 9999.0, 9999.0, 9999.0, 23.86, 9999.0, 22.66, 9999.0, 22.7, 22.5, 22.25, 22.32, 22.27
2026-09-11, 00:53:24, 22.39, 22.5, 22.8, 22.75, 9999.0, 9999.0, 9999.0, 23.84, 9999.0, 22.66, 9999.0, 22.7, 22.5, 22.25, 22.34, 22.27
2026-09-11, 00:53:28, 22.41, 22.5, 22.8, 22.75, 9999.0, 9999.0, 9999.0, 23.82, 9999.0, 22.68, 9999.0, 22.73, 22.5, 22.25, 22.32, 22.27
2026-09-11, 00:53:32, 22.41, 22.5, 22.8, 22.75, 9999.0, 9999.0, 9999.0, 23.8, 9999.0, 22.68, 9999.0, 22.75, 22.5, 22.25, 22.34, 22.25
2026-09-11, 00:53:36, 22.41, 22.5, 22.8, 22.75, 9999.0, 9999.0, 9999.0, 23.84, 9999.0, 22.68, 9999.0, 22.77, 22.5, 22.25, 22.36, 22.25
2026-09-11, 00:53:40, 22.41, 22.5, 22.8, 22.75, 9999.0, 9999.0, 9999.0, 23.89, 9999.0, 22.68, 9999.0, 22.77, 22.5, 22.25, 22.36, 22.25
2026-09-11, 00:53:44, 22.43, 22.5, 22.8, 22.75, 9999.0, 9999.0, 9999.0, 23.93, 9999.0, 22.7, 9999.0, 22.77, 22.5, 22.25, 22.39, 22.25
2026-09-11, 00:53:48, 22.43, 22.5, 22.8, 22.75, 9999.0, 9999.0, 9999.0, 23.98, 9999.0, 22.73, 9999.0, 22.77, 22.5, 22.25, 22.39, 22.27
2026-09-11, 00:53:53, 22.41, 22.5, 22.8, 22.75, 9999.0, 9999.0, 9999.0, 24.02, 9999.0, 22.75, 9999.0, 22.75, 22.5, 22.25, 22.41, 22.27
2026-09-11, 00:53:57, 22.39, 22.5, 22.77, 22.75, 9999.0, 9999.0, 9999.0, 24.05, 9999.0, 22.77, 9999.0, 22.75, 22.5, 22.25, 22.43, 22.27
2026-09-11, 00:54:01, 22.36, 22.5, 22.75, 22.75, 9999.0, 9999.0, 9999.0, 24.07, 9999.0, 22.77, 9999.0, 22.73, 22.5, 22.25, 22.43, 22.27
2026-09-11, 00:54:05, 22.34, 22.5, 22.75, 22.75, 9999.0, 9999.0, 9999.0, 24.09, 9999.0, 22.75, 9999.0, 22.7, 22.5, 22.25, 22.43, 22.27
2026-09-11, 00:54:09, 22.34, 22.5, 22.75, 22.75, 9999.0, 9999.0, 9999.0, 24.14, 9999.0, 22.73, 9999.0, 22.68, 22.5, 22.25, 22.41, 22.27
2026-09-11, 00:54:13, 22.32, 22.5, 22.75, 22.75, 9999.0, 9999.0, 9999.0, 24.16, 9999.0, 22.68, 9999.0, 22.68, 22.5, 22.25, 22.41, 22.27
2026-09-11, 00:54:17, 22.32, 22.5, 22.75, 22.75, 9999.0, 9999.0, 9999.0, 24.18, 9999.0, 22.66, 9999.0, 22.68, 22.5, 22.25, 22.39, 22.27
2026-09-11, 00:54:21, 22.32, 22.5, 22.77, 22.75, 9999.0, 9999.0, 9999.0, 24.11, 9999.0, 22.64, 9999.0, 22.68, 22.5, 22.25, 22.36, 22.27
2026-09-11, 00:54:25, 22.32, 22.5, 22.77, 22.75, 9999.0, 9999.0, 9999.0, 24.07, 9999.0, 22.61, 9999.0, 22.68, 22.5, 22.25, 22.36, 22.27
2026-09-11, 00:54:29, 22.32, 22.5, 22.77, 22.75, 9999.0, 9999.0, 9999.0, 24.05, 9999.0, 22.59, 9999.0, 22.68, 22.5, 22.25, 22.36, 22.27
2026-09-11, 00:54:33, 22.3, 22.5, 22.77, 22.75, 9999.0, 9999.0, 9999.0, 24.0, 9999.0, 22.57, 9999.0, 22.68, 22.5, 22.25, 22.36, 22.25
2026-09-11, 00:54:37, 22.32, 22.5, 22.77, 22.75, 9999.0, 9999.0, 9999.0, 23.95, 9999.0, 22.57, 9999.0, 22.68, 22.5, 22.25, 22.34, 22.25
2026-09-11, 00:54:41, 22.32, 22.5, 22.77, 22.75, 9999.0, 9999.0, 9999.0, 23.93, 9999.0, 22.55, 9999.0, 22.68, 22.5, 22.25, 22.32, 22.25
2026-09-11, 00:54:45, 22.34, 22.5, 22.77, 22.75, 9999.0, 9999.0, 9999.0, 23.91, 9999.0, 22.55, 9999.0, 22.7, 22.5, 22.25, 22.34, 22.25
2026-09-11, 00:54:49, 22.34, 22.5, 22.77, 22.75, 9999.0, 9999.0, 9999.0, 23.89, 9999.0, 22.57, 9999.0, 22.73, 22.5, 22.25, 22.32, 22.25
2026-09-11, 00:54:53, 22.32, 22.5, 22.77, 22.75, 9999.0, 9999.0, 9999.0, 23.82, 9999.0, 22.59, 9999.0, 22.75, 22.5, 22.25, 22.32, 22.25
2026-09-11, 00:54:57, 22.32, 22.5, 22.77, 22.75, 9999.0, 9999.0, 9999.0, 23.86, 9999.0, 22.61, 9999.0, 22.75, 22.5, 22.25, 22.32, 22.25
2026-09-11, 00:55:01, 22.32, 22.5, 22.77, 22.75, 9999.0, 9999.0, 9999.0, 23.89, 9999.0, 22.64, 9999.0, 22.75, 22.5, 22.25, 22.34, 22.25
2026-09-11, 00:55:05, 22.32, 22.5, 22.75, 22.75, 9999.0, 9999.0, 9999.0, 23.93, 9999.0, 22.66, 9999.0, 22.75, 22.5, 22.25, 22.34, 22.25
2026-09-11, 00:55:09, 22.34, 22.5, 22.75, 22.75, 9999.0, 9999.0, 9999.0, 23.95, 9999.0, 22.68, 9999.0, 22.75, 22.5, 22.25, 22.32, 22.25
2026-09-11, 00:55:13, 22.34, 22.5, 22.75, 22.75, 9999.0, 9999.0, 9999.0, 23.98, 9999.0, 22.68, 9999.0, 22.73, 22.5, 22.25, 22.3, 22.25
2026-09-11, 00:55:17, 22.34, 22.5, 22.75, 22.75, 9999.0, 9999.0, 9999.0, 24.0, 9999.0, 22.68, 9999.0, 22.7, 22.5, 22.25, 22.32, 22.25
2026-09-11, 00:55:21, 22.32, 22.5, 22.75, 22.75, 9999.0, 9999.0, 9999.0, 24.02, 9999.0, 22.66, 9999.0, 22.68, 22.5, 22.25, 22.32, 22.25
2026-09-11, 00:55:25, 22.32, 22.5, 22.75, 22.75, 9999.0, 9999.0, 9999.0, 24.05, 9999.0, 22.66, 9999.0, 22.66, 22.5, 22.25, 22.32, 22.25
2026-09-11, 00:55:29, 22.3, 22.5, 22.75, 22.75, 9999.0, 9999.0, 9999.0, 24.07, 9999.0, 22.64, 9999.0, 22.64, 22.5, 22.25, 22.3, 22.25
2026-09-11, 00:55:33, 22.3, 22.5, 22.75, 22.75, 9999.0, 9999.0, 9999.0, 24.09, 9999.0, 22.61, 9999.0, 22.64, 22.5, 22.25, 22.3, 22.25
2026-09-11, 00:55:37, 22.3, 22.5, 22.75, 22.75, 9999.0, 9999.0, 9999.0, 24.14, 9999.0, 22.59, 9999.0, 22.64, 22.5, 22.25, 22.3, 22.25
2026-09-11, 00:55:41, 22.3, 22.5, 22.75, 22.75, 9999.0, 9999.0, 9999.0, 24.09, 9999.0, 22.57, 9999.0, 22.64, 22.5, 22.25, 22.3, 22.25
2026-09-11, 00:55:45, 22.32, 22.5, 22.75, 22.75, 9999.0, 9999.0, 9999.0, 24.07, 9999.0, 22.55, 9999.0, 22.64, 22.5, 22.25, 22.27, 22.25
2026-09-11, 00:55:49, 22.32, 22.5, 22.75, 22.75, 9999.0, 9999.0, 9999.0, 24.02, 9999.0, 22.52, 9999.0, 22.64, 22.5, 22.25, 22.27, 22.25
2026-09-11, 00:55:53, 22.3, 22.5, 22.75, 22.75, 9999.0, 9999.0, 9999.0, 23.98, 9999.0, 22.52, 9999.0, 22.64, 22.5, 22.25, 22.27, 22.25
2026-09-11, 00:55:57, 22.27, 22.5, 22.75, 22.75, 9999.0, 9999.0, 9999.0, 23.93, 9999.0, 22.52, 9999.0, 22.66, 22.5, 22.25, 22.3, 22.25
2026-09-11, 00:56:01, 22.27, 22.5, 22.75, 22.75, 9999.0, 9999.0, 9999.0, 23.89, 9999.0, 22.55, 9999.0, 22.68, 22.5, 22.25, 22.27, 22.25
2026-09-11, 00:56:05, 22.27, 22.5, 22.75, 22.75, 9999.0, 9999.0, 9999.0, 23.84, 9999.0, 22.57, 9999.0, 22.7, 22.52, 22.25, 22.27, 22.25
2026-09-11, 00:56:09, 22.27, 22.5, 22.75, 22.75, 9999.0, 9999.0, 9999.0, 23.8, 9999.0, 22.59, 9999.0, 22.73, 22.52, 22.25, 22.27, 22.25
2026-09-11, 00:56:13, 22.27, 22.5, 22.75, 22.75, 9999.0, 9999.0, 9999.0, 23.82, 9999.0, 22.61, 9999.0, 22.75, 22.52, 22.25, 22.27, 22.25
2026-09-11, 00:56:17, 22.27, 22.5, 22.75, 22.75, 9999.0, 9999.0, 9999.0, 23.84, 9999.0, 22.64, 9999.0, 22.75, 22.52, 22.25, 22.27, 22.25
2026-09-11, 00:56:21, 22.27, 22.5, 22.75, 22.75, 9999.0, 9999.0, 9999.0, 23.86, 9999.0, 22.64, 9999.0, 22.75, 22.52, 22.25, 22.27, 22.25
2026-09-11, 00:56:25, 22.27, 22.5, 22.75, 22.75, 9999.0, 9999.0, 9999.0, 23.89, 9999.0, 22.64, 9999.0, 22.75, 22.52, 22.25, 22.27, 22.25
2026-09-11, 00:56:29, 22.25, 22.5, 22.75, 22.75, 9999.0, 9999.0, 9999.0, 23.91, 9999.0, 22.64, 9999.0, 22.73, 22.52, 22.25, 22.27, 22.25
2026-09-11, 00:56:33, 22.27, 22.5, 22.75, 22.75, 9999.0, 9999.0, 9999.0, 23.93, 9999.0, 22.64, 9999.0, 22.7, 22.52, 22.25, 22.27, 22.25
2026-09-11, 00:56:37, 22.27, 22.5, 22.75, 22.75, 9999.0, 9999.0, 9999.0, 23.95, 9999.0, 22.61, 9999.0, 22.68, 22.52, 22.25, 22.27, 22.25
2026-09-11, 00:56:41, 22.27, 22.5, 22.75, 22.75, 9999.0, 9999.0, 9999.0, 23.98, 9999.0, 22.61, 9999.0, 22.66, 22.52, 22.25, 22.25, 22.25
2026-09-11, 00:56:45, 22.27, 22.5, 22.75, 22.75, 9999.0, 9999.0, 9999.0, 24.02, 9999.0, 22.59, 9999.0, 22.64, 22.52, 22.25, 22.25, 22.25
2026-09-11, 00:56:49, 22.27, 22.5, 22.75, 22.75, 9999.0, 9999.0, 9999.0, 24.07, 9999.0, 22.57, 9999.0, 22.64, 22.48, 22.25, 22.25, 22.25
2026-09-11, 00:56:53, 22.27, 22.5, 22.75, 22.75, 9999.0, 9999.0, 9999.0, 24.09, 9999.0, 22.55, 9999.0, 22.64, 22.48, 22.25, 22.25, 22.25
2026-09-11, 00:56:57, 22.27, 22.5, 22.75, 22.75, 9999.0, 9999.0, 9999.0, 24.07, 9999.0, 22.52, 9999.0, 22.64, 22.48, 22.25, 22.25, 22.25
2026-09-11, 00:57:01, 22.27, 22.5, 22.75, 22.75, 9999.0, 9999.0, 9999.0, 24.02, 9999.0, 22.5, 9999.0, 22.64, 22.48, 22.25, 22.27, 22.25
2026-09-11, 00:57:05, 22.27, 22.5, 22.75, 22.75, 9999.0, 9999.0, 9999.0, 23.98, 9999.0, 22.48, 9999.0, 22.64, 22.48, 22.25, 22.27, 22.25
2026-09-11, 00:57:09, 22.27, 22.5, 22.75, 22.75, 9999.0, 9999.0, 9999.0, 23.93, 9999.0, 22.48, 9999.0, 22.64, 22.48, 22.25, 22.27, 22.25
2026-09-11, 00:57:13, 22.27, 22.5, 22.75, 22.75, 9999.0, 9999.0, 9999.0, 23.89, 9999.0, 22.48, 9999.0, 22.66, 22.48, 22.25, 22.3, 22.25
2026-09-11, 00:57:17, 22.25, 22.5, 22.75, 22.75, 9999.0, 9999.0, 9999.0, 23.86, 9999.0, 22.5, 9999.0, 22.68, 22.48, 22.25, 22.3, 22.25
2026-09-11, 00:57:21, 22.25, 22.5, 22.75, 22.75, 9999.0, 9999.0, 9999.0, 23.84, 9999.0, 22.52, 9999.0, 22.7, 22.48, 22.25, 22.3, 22.25
2026-09-11, 00:57:25, 22.27, 22.5, 22.75, 22.75, 9999.0, 9999.0, 9999.0, 23.8, 9999.0, 22.55, 9999.0, 22.73, 22.48, 22.25, 22.3, 22.25
2026-09-11, 00:57:29, 22.27, 22.5, 22.75, 22.75, 9999.0, 9999.0, 9999.0, 23.82, 9999.0, 22.57, 9999.0, 22.75, 22.48, 22.25, 22.32, 22.25
2026-09-11, 00:57:33, 22.27, 22.5, 22.75, 22.75, 9999.0, 9999.0, 9999.0, 23.84, 9999.0, 22.57, 9999.0, 22.75, 22.5, 22.25, 22.32, 22.25
2026-09-11, 00:57:37, 22.27, 22.5, 22.75, 22.75, 9999.0, 9999.0, 9999.0, 23.89, 9999.0, 22.57, 9999.0, 22.75, 22.5, 22.25, 22.32, 22.25
2026-09-11, 00:57:42, 22.27, 22.5, 22.75, 22.75, 9999.0, 9999.0, 9999.0, 23.91, 9999.0, 22.57, 9999.0, 22.75, 22.5, 22.25, 22.32, 22.25
2026-09-11, 00:57:46, 22.27, 22.5, 22.75, 22.75, 9999.0, 9999.0, 9999.0, 23.95, 9999.0, 22.57, 9999.0, 22.73, 22.5, 22.25, 22.3, 22.25
2026-09-11, 00:57:50, 22.27, 22.5, 22.75, 22.75, 9999.0, 9999.0, 9999.0, 23.98, 9999.0, 22.59, 9999.0, 22.73, 22.5, 22.25, 22.3, 22.25
2026-09-11, 00:57:54, 22.27, 22.5, 22.75, 22.75, 9999.0, 9999.0, 9999.0, 24.0, 9999.0, 22.59, 9999.0, 22.7, 22.5, 22.25, 22.3, 22.25
2026-09-11, 00:57:58, 22.27, 22.5, 22.75, 22.75, 9999.0, 9999.0, 9999.0, 24.02, 9999.0, 22.59, 9999.0, 22.68, 22.5, 22.25, 22.27, 22.25
2026-09-11, 00:58:02, 22.27, 22.5, 22.75, 22.75, 9999.0, 9999.0, 9999.0, 24.05, 9999.0, 22.57, 9999.0, 22.66, 22.5, 22.25, 22.27, 22.25
2026-09-11, 00:58:06, 22.27, 22.5, 22.75, 22.75, 9999.0, 9999.0, 9999.0, 24.07, 9999.0, 22.55, 9999.0, 22.66, 22.5, 22.25, 22.27, 22.25
2026-09-11, 00:58:10, 22.25, 22.5, 22.75, 22.75, 9999.0, 9999.0, 9999.0, 24.09, 9999.0, 22.5, 9999.0, 22.66, 22.5, 22.25, 22.27, 22.25
2026-09-11, 00:58:14, 22.25, 22.5, 22.75, 22.75, 9999.0, 9999.0, 9999.0, 24.05, 9999.0, 22.45, 9999.0, 22.66, 22.5, 22.25, 22.25, 22.25
2026-09-11, 00:58:18, 22.25, 22.5, 22.75, 22.75, 9999.0, 9999.0, 9999.0, 24.0, 9999.0, 22.43, 9999.0, 22.66, 22.5, 22.25, 22.25, 22.25
2026-09-11, 00:58:22, 22.25, 22.5, 22.75, 22.75, 9999.0, 9999.0, 9999.0, 23.95, 9999.0, 22.41, 9999.0, 22.66, 22.5, 22.25, 22.25, 22.25
2026-09-11, 00:58:26, 22.25, 22.5, 22.75, 22.75, 9999.0, 9999.0, 9999.0, 23.91, 9999.0, 22.41, 9999.0, 22.66, 22.5, 22.25, 22.25, 22.25
2026-09-11, 00:58:30, 22.27, 22.5, 22.75, 22.75, 9999.0, 9999.0, 9999.0, 23.86, 9999.0, 22.41, 9999.0, 22.68, 22.5, 22.25, 22.25, 22.25
2026-09-11, 00:58:34, 22.27, 22.5, 22.75, 22.75, 9999.0, 9999.0, 9999.0, 23.82, 9999.0, 22.41, 9999.0, 22.68, 22.5, 22.25, 22.25, 22.25
2026-09-11, 00:58:38, 22.27, 22.5, 22.75, 22.75, 9999.0, 9999.0, 9999.0, 23.77, 9999.0, 22.43, 9999.0, 22.7, 22.5, 22.25, 22.25, 22.25
2026-09-11, 00:58:42, 22.27, 22.5, 22.75, 22.75, 9999.0, 9999.0, 9999.0, 23.73, 9999.0, 22.45, 9999.0, 22.73, 22.5, 22.25, 22.25, 22.25
2026-09-11, 00:58:46, 22.27, 22.5, 22.75, 22.75, 9999.0, 9999.0, 9999.0, 23.68, 9999.0, 22.48, 9999.0, 22.75, 22.5, 22.25, 22.25, 22.25
2026-09-11, 00:58:50, 22.3, 22.5, 22.75, 22.75, 9999.0, 9999.0, 9999.0, 23.7, 9999.0, 22.5, 9999.0, 22.75, 22.5, 22.25, 22.25, 22.25
2026-09-11, 00:58:54, 22.32, 22.5, 22.75, 22.75, 9999.0, 9999.0, 9999.0, 23.75, 9999.0, 22.55, 9999.0, 22.73, 22.5, 22.25, 22.25, 22.25
2026-09-11, 00:58:58, 22.32, 22.5, 22.75, 22.75, 9999.0, 9999.0, 9999.0, 23.8, 9999.0, 22.57, 9999.0, 22.73, 22.5, 22.25, 22.25, 22.25
2026-09-11, 00:59:02, 22.32, 22.5, 22.75, 22.75, 9999.0, 9999.0, 9999.0, 23.82, 9999.0, 22.59, 9999.0, 22.7, 22.5, 22.25, 22.25, 22.25
2026-09-11, 00:59:06, 22.32, 22.5, 22.75, 22.75, 9999.0, 9999.0, 9999.0, 23.84, 9999.0, 22.61, 9999.0, 22.68, 22.5, 22.25, 22.27, 22.25
2026-09-11, 00:59:10, 22.32, 22.5, 22.75, 22.75, 9999.0, 9999.0, 9999.0, 23.86, 9999.0, 22.61, 9999.0, 22.66, 22.5, 22.25, 22.27, 22.25
2026-09-11, 00:59:14, 22.3, 22.5, 22.75, 22.75, 9999.0, 9999.0, 9999.0, 23.86, 9999.0, 22.61, 9999.0, 22.66, 22.5, 22.25, 22.27, 22.25
2026-09-11, 00:59:18, 22.3, 22.5, 22.75, 22.75, 9999.0, 9999.0, 9999.0, 23.91, 9999.0, 22.61, 9999.0, 22.64, 22.5, 22.25, 22.27, 22.25
2026-09-11, 00:59:22, 22.3, 22.48, 22.75, 22.75, 9999.0, 9999.0, 9999.0, 23.93, 9999.0, 22.59, 9999.0, 22.61, 22.5, 22.25, 22.27, 22.25
2026-09-11, 00:59:26, 22.3, 22.48, 22.75, 22.75, 9999.0, 9999.0, 9999.0, 23.95, 9999.0, 22.55, 9999.0, 22.61, 22.5, 22.25, 22.27, 22.25
2026-09-11, 00:59:30, 22.3, 22.48, 22.75, 22.75, 9999.0, 9999.0, 9999.0, 23.98, 9999.0, 22.52, 9999.0, 22.61, 22.5, 22.25, 22.27, 22.25
2026-09-11, 00:59:34, 22.27, 22.48, 22.75, 22.75, 9999.0, 9999.0, 9999.0, 23.93, 9999.0, 22.48, 9999.0, 22.64, 22.5, 22.25, 22.3, 22.25
2026-09-11, 00:59:38, 22.25, 22.48, 22.75, 22.75, 9999.0, 9999.0, 9999.0, 23.89, 9999.0, 22.43, 9999.0, 22.66, 22.5, 22.25, 22.3, 22.25
2026-09-11, 00:59:42, 22.25, 22.48, 22.75, 22.75, 9999.0, 9999.0, 9999.0, 23.84, 9999.0, 22.41, 9999.0, 22.66, 22.5, 22.25, 22.3, 22.25
2026-09-11, 00:59:46, 22.25, 22.48, 22.75, 22.75, 9999.0, 9999.0, 9999.0, 23.82, 9999.0, 22.41, 9999.0, 22.68, 22.5, 22.25, 22.3, 22.25
2026-09-11, 00:59:50, 22.25, 22.48, 22.75, 22.75, 9999.0, 9999.0, 9999.0, 23.8, 9999.0, 22.41, 9999.0, 22.7, 22.5, 22.25, 22.27, 22.25
2026-09-11, 00:59:54, 22.25, 22.48, 22.75, 22.75, 9999.0, 9999.0, 9999.0, 23.75, 9999.0, 22.41, 9999.0, 22.73, 22.5, 22.25, 22.27, 22.25
2026-09-11, 00:59:58, 22.25, 22.48, 22.75, 22.75, 9999.0, 9999.0, 9999.0, 23.73, 9999.0, 22.43, 9999.0, 22.73, 22.5, 22.25, 22.27, 22.25
2026-09-11, 01:00:02, 22.25, 22.48, 22.75, 22.75, 9999.0, 9999.0, 9999.0, 23.68, 9999.0, 22.43, 9999.0, 22.75, 22.5, 22.25, 22.27, 22.27
2026-09-11, 01:00:06, 22.25, 22.5, 22.75, 22.75, 9999.0, 9999.0, 9999.0, 23.73, 9999.0, 22.45, 9999.0, 22.77, 22.5, 22.25, 22.3, 22.27
2026-09-11, 01:00:10, 22.25, 22.5, 22.75, 22.75, 9999.0, 9999.0, 9999.0, 23.77, 9999.0, 22.48, 9999.0, 22.77, 22.5, 22.25, 22.3, 22.27
2026-09-11, 01:00:14, 22.25, 22.5, 22.75, 22.75, 9999.0, 9999.0, 9999.0, 23.82, 9999.0, 22.48, 9999.0, 22.75, 22.5, 22.25, 22.3, 22.27
2026-09-11, 01:00:18, 22.25, 22.5, 22.75, 22.75, 9999.0, 9999.0, 9999.0, 23.86, 9999.0, 22.5, 9999.0, 22.7, 22.5, 22.25, 22.27, 22.27
2026-09-11, 01:00:22, 22.25, 22.5, 22.75, 22.75, 9999.0, 9999.0, 9999.0, 23.89, 9999.0, 22.5, 9999.0, 22.7, 22.5, 22.25, 22.27, 22.27
2026-09-11, 01:00:26, 22.25, 22.5, 22.75, 22.75, 9999.0, 9999.0, 9999.0, 23.89, 9999.0, 22.52, 9999.0, 22.68, 22.5, 22.25, 22.27, 22.27
2026-09-11, 01:00:30, 22.25, 22.5, 22.75, 22.75, 9999.0, 9999.0, 9999.0, 23.91, 9999.0, 22.5, 9999.0, 22.68, 22.5, 22.25, 22.27, 22.27
2026-09-11, 01:00:34, 22.25, 22.5, 22.75, 22.75, 9999.0, 9999.0, 9999.0, 23.93, 9999.0, 22.48, 9999.0, 22.66, 22.5, 22.25, 22.27, 22.27
2026-09-11, 01:00:38, 22.27, 22.5, 22.75, 22.75, 9999.0, 9999.0, 9999.0, 23.98, 9999.0, 22.45, 9999.0, 22.64, 22.5, 22.25, 22.27, 22.27
2026-09-11, 01:00:42, 22.27, 22.5, 22.75, 22.75, 9999.0, 9999.0, 9999.0, 24.02, 9999.0, 22.41, 9999.0, 22.64, 22.5, 22.25, 22.27, 22.27
2026-09-11, 01:00:46, 22.3, 22.5, 22.75, 22.75, 9999.0, 9999.0, 9999.0, 24.05, 9999.0, 22.39, 9999.0, 22.64, 22.5, 22.25, 22.27, 22.25
2026-09-11, 01:00:50, 22.3, 22.5, 22.75, 22.75, 9999.0, 9999.0, 9999.0, 24.0, 9999.0, 22.34, 9999.0, 22.64, 22.5, 22.25, 22.27, 22.25
2026-09-11, 01:00:54, 22.3, 22.5, 22.75, 22.75, 9999.0, 9999.0, 9999.0, 23.95, 9999.0, 22.32, 9999.0, 22.64, 22.5, 22.25, 22.27, 22.25
2026-09-11, 01:00:58, 22.3, 22.5, 22.75, 22.75, 9999.0, 9999.0, 9999.0, 23.91, 9999.0, 22.3, 9999.0, 22.66, 22.5, 22.25, 22.3, 22.25
2026-09-11, 01:01:02, 22.3, 22.5, 22.75, 22.75, 9999.0, 9999.0, 9999.0, 23.86, 9999.0, 22.3, 9999.0, 22.68, 22.5, 22.25, 22.3, 22.25
2026-09-11, 01:01:06, 22.3, 22.5, 22.75, 22.75, 9999.0, 9999.0, 9999.0, 23.84, 9999.0, 22.32, 9999.0, 22.68, 22.5, 22.25, 22.32, 22.25
2026-09-11, 01:01:11, 22.3, 22.5, 22.75, 22.75, 9999.0, 9999.0, 9999.0, 23.82, 9999.0, 22.32, 9999.0, 22.7, 22.5, 22.25, 22.34, 22.25
2026-09-11, 01:01:15, 22.3, 22.5, 22.75, 22.75, 9999.0, 9999.0, 9999.0, 23.77, 9999.0, 22.36, 9999.0, 22.7, 22.5, 22.25, 22.34, 22.25
2026-09-11, 01:01:19, 22.3, 22.5, 22.75, 22.75, 9999.0, 9999.0, 9999.0, 23.73, 9999.0, 22.39, 9999.0, 22.73, 22.5, 22.25, 22.34, 22.25
2026-09-11, 01:01:23, 22.3, 22.48, 22.75, 22.75, 9999.0, 9999.0, 9999.0, 23.75, 9999.0, 22.41, 9999.0, 22.75, 22.5, 22.25, 22.34, 22.25
2026-09-11, 01:01:27, 22.3, 22.48, 22.75, 22.75, 9999.0, 9999.0, 9999.0, 23.77, 9999.0, 22.43, 9999.0, 22.75, 22.5, 22.25, 22.36, 22.25
2026-09-11, 01:01:31, 22.27, 22.48, 22.75, 22.75, 9999.0, 9999.0, 9999.0, 23.8, 9999.0, 22.45, 9999.0, 22.73, 22.5, 22.25, 22.36, 22.25
2026-09-11, 01:01:35, 22.27, 22.48, 22.75, 22.75, 9999.0, 9999.0, 9999.0, 23.82, 9999.0, 22.48, 9999.0, 22.73, 22.5, 22.25, 22.34, 22.27
2026-09-11, 01:01:39, 22.27, 22.48, 22.75, 22.75, 9999.0, 9999.0, 9999.0, 23.84, 9999.0, 22.48, 9999.0, 22.73, 22.5, 22.25, 22.34, 22.27
2026-09-11, 01:01:43, 22.27, 22.48, 22.75, 22.75, 9999.0, 9999.0, 9999.0, 23.86, 9999.0, 22.48, 9999.0, 22.7, 22.5, 22.25, 22.32, 22.27
2026-09-11, 01:01:47, 22.27, 22.48, 22.75, 22.75, 9999.0, 9999.0, 9999.0, 23.89, 9999.0, 22.45, 9999.0, 22.68, 22.5, 22.25, 22.32, 22.27
2026-09-11, 01:01:51, 22.27, 22.48, 22.75, 22.75, 9999.0, 9999.0, 9999.0, 23.91, 9999.0, 22.43, 9999.0, 22.66, 22.5, 22.25, 22.3, 22.27
2026-09-11, 01:01:55, 22.27, 22.48, 22.75, 22.75, 9999.0, 9999.0, 9999.0, 23.95, 9999.0, 22.41, 9999.0, 22.64, 22.48, 22.25, 22.27, 22.27
2026-09-11, 01:01:59, 22.27, 22.48, 22.75, 22.75, 9999.0, 9999.0, 9999.0, 23.98, 9999.0, 22.36, 9999.0, 22.64, 22.48, 22.25, 22.27, 22.27
2026-09-11, 01:02:03, 22.27, 22.48, 22.75, 22.75, 9999.0, 9999.0, 9999.0, 24.02, 9999.0, 22.34, 9999.0, 22.64, 22.48, 22.25, 22.27, 22.27
2026-09-11, 01:02:07, 22.25, 22.5, 22.75, 22.75, 9999.0, 9999.0, 9999.0, 24.0, 9999.0, 22.3, 9999.0, 22.64, 22.48, 22.25, 22.27, 22.27
2026-09-11, 01:02:11, 22.25, 22.5, 22.75, 22.75, 9999.0, 9999.0, 9999.0, 23.95, 9999.0, 22.27, 9999.0, 22.64, 22.48, 22.25, 22.25, 22.27
2026-09-11, 01:02:15, 22.25, 22.5, 22.75, 22.75, 9999.0, 9999.0, 9999.0, 23.93, 9999.0, 22.23, 9999.0, 22.66, 22.48, 22.25, 22.25, 22.27
2026-09-11, 01:02:19, 22.25, 22.5, 22.75, 22.75, 9999.0, 9999.0, 9999.0, 23.89, 9999.0, 22.23, 9999.0, 22.66, 22.48, 22.25, 22.25, 22.25
2026-09-11, 01:02:23, 22.25, 22.5, 22.75, 22.75, 9999.0, 9999.0, 9999.0, 23.86, 9999.0, 22.23, 9999.0, 22.66, 22.48, 22.25, 22.27, 22.25
2026-09-11, 01:02:27, 22.25, 22.5, 22.75, 22.75, 9999.0, 9999.0, 9999.0, 23.82, 9999.0, 22.25, 9999.0, 22.68, 22.48, 22.25, 22.27, 22.25
2026-09-11, 01:02:31, 22.25, 22.5, 22.75, 22.75, 9999.0, 9999.0, 9999.0, 23.77, 9999.0, 22.3, 9999.0, 22.7, 22.48, 22.25, 22.27, 22.25
2026-09-11, 01:02:35, 22.25, 22.5, 22.75, 22.75, 9999.0, 9999.0, 9999.0, 23.73, 9999.0, 22.32, 9999.0, 22.73, 22.48, 22.25, 22.27, 22.25
2026-09-11, 01:02:39, 22.25, 22.5, 22.75, 22.75, 9999.0, 9999.0, 9999.0, 23.75, 9999.0, 22.34, 9999.0, 22.75, 22.5, 22.25, 22.27, 22.25
2026-09-11, 01:02:43, 22.25, 22.5, 22.75, 22.75, 9999.0, 9999.0, 9999.0, 23.8, 9999.0, 22.34, 9999.0, 22.75, 22.5, 22.25, 22.27, 22.25
2026-09-11, 01:02:47, 22.25, 22.5, 22.75, 22.75, 9999.0, 9999.0, 9999.0, 23.82, 9999.0, 22.36, 9999.0, 22.75, 22.5, 22.25, 22.3, 22.25
2026-09-11, 01:02:51, 22.25, 22.5, 22.75, 22.75, 9999.0, 9999.0, 9999.0, 23.82, 9999.0, 22.39, 9999.0, 22.73, 22.5, 22.25, 22.32, 22.25
2026-09-11, 01:02:55, 22.25, 22.5, 22.75, 22.75, 9999.0, 9999.0, 9999.0, 23.84, 9999.0, 22.39, 9999.0, 22.7, 22.5, 22.25, 22.32, 22.25
2026-09-11, 01:02:59, 22.25, 22.5, 22.75, 22.75, 9999.0, 9999.0, 9999.0, 23.86, 9999.0, 22.41, 9999.0, 22.7, 22.5, 22.25, 22.32, 22.25
2026-09-11, 01:03:03, 22.25, 22.5, 22.75, 22.75, 9999.0, 9999.0, 9999.0, 23.89, 9999.0, 22.39, 9999.0, 22.68, 22.5, 22.25, 22.32, 22.25
2026-09-11, 01:03:07, 22.25, 22.5, 22.75, 22.75, 9999.0, 9999.0, 9999.0, 23.89, 9999.0, 22.39, 9999.0, 22.66, 22.5, 22.25, 22.3, 22.25
2026-09-11, 01:03:11, 22.25, 22.5, 22.75, 22.75, 9999.0, 9999.0, 9999.0, 23.91, 9999.0, 22.36, 9999.0, 22.64, 22.5, 22.25, 22.3, 22.25
2026-09-11, 01:03:15, 22.25, 22.5, 22.75, 22.75, 9999.0, 9999.0, 9999.0, 23.93, 9999.0, 22.3, 9999.0, 22.64, 22.5, 22.25, 22.3, 22.25
2026-09-11, 01:03:19, 22.25, 22.5, 22.75, 22.75, 9999.0, 9999.0, 9999.0, 23.95, 9999.0, 22.27, 9999.0, 22.64, 22.5, 22.25, 22.3, 22.25
2026-09-11, 01:03:23, 22.25, 22.5, 22.75, 22.75, 9999.0, 9999.0, 9999.0, 23.91, 9999.0, 22.25, 9999.0, 22.64, 22.5, 22.25, 22.32, 22.25
2026-09-11, 01:03:27, 22.25, 22.5, 22.75, 22.75, 9999.0, 9999.0, 9999.0, 23.86, 9999.0, 22.23, 9999.0, 22.66, 22.5, 22.25, 22.32, 22.27
2026-09-11, 01:03:31, 22.25, 22.5, 22.75, 22.75, 9999.0, 9999.0, 9999.0, 23.8, 9999.0, 22.18, 9999.0, 22.66, 22.5, 22.25, 22.3, 22.27
2026-09-11, 01:03:35, 22.25, 22.5, 22.75, 22.75, 9999.0, 9999.0, 9999.0, 23.75, 9999.0, 22.18, 9999.0, 22.7, 22.5, 22.25, 22.27, 22.27
2026-09-11, 01:03:39, 22.25, 22.5, 22.75, 22.75, 9999.0, 9999.0, 9999.0, 23.7, 9999.0, 22.18, 9999.0, 22.73, 22.5, 22.25, 22.27, 22.27
2026-09-11, 01:03:43, 22.27, 22.48, 22.75, 22.75, 9999.0, 9999.0, 9999.0, 23.66, 9999.0, 22.18, 9999.0, 22.73, 22.5, 22.25, 22.3, 22.27
2026-09-11, 01:03:47, 22.3, 22.48, 22.75, 22.75, 9999.0, 9999.0, 9999.0, 23.64, 9999.0, 22.18, 9999.0, 22.75, 22.5, 22.25, 22.3, 22.27
2026-09-11, 01:03:51, 22.3, 22.48, 22.75, 22.75, 9999.0, 9999.0, 9999.0, 23.59, 9999.0, 22.2, 9999.0, 22.77, 22.5, 22.25, 22.32, 22.27
2026-09-11, 01:03:55, 22.3, 22.48, 22.75, 22.75, 9999.0, 9999.0, 9999.0, 23.64, 9999.0, 22.2, 9999.0, 22.8, 22.5, 22.25, 22.32, 22.27
2026-09-11, 01:03:59, 22.3, 22.48, 22.75, 22.75, 9999.0, 9999.0, 9999.0, 23.68, 9999.0, 22.23, 9999.0, 22.8, 22.5, 22.25, 22.32, 22.27
2026-09-11, 01:04:03, 22.3, 22.48, 22.75, 22.75, 9999.0, 9999.0, 9999.0, 23.7, 9999.0, 22.23, 9999.0, 22.77, 22.5, 22.25, 22.32, 22.27
2026-09-11, 01:04:07, 22.3, 22.48, 22.75, 22.75, 9999.0, 9999.0, 9999.0, 23.73, 9999.0, 22.23, 9999.0, 22.77, 22.5, 22.25, 22.3, 22.27
2026-09-11, 01:04:11, 22.3, 22.48, 22.75, 22.75, 9999.0, 9999.0, 9999.0, 23.73, 9999.0, 22.25, 9999.0, 22.75, 22.5, 22.25, 22.3, 22.25
2026-09-11, 01:04:15, 22.3, 22.48, 22.75, 22.75, 9999.0, 9999.0, 9999.0, 23.75, 9999.0, 22.25, 9999.0, 22.73, 22.5, 22.25, 22.3, 22.25
2026-09-11, 01:04:19, 22.3, 22.48, 22.75, 22.75, 9999.0, 9999.0, 9999.0, 23.77, 9999.0, 22.25, 9999.0, 22.68, 22.5, 22.25, 22.3, 22.25
2026-09-11, 01:04:23, 22.3, 22.48, 22.75, 22.75, 9999.0, 9999.0, 9999.0, 23.8, 9999.0, 22.25, 9999.0, 22.66, 22.5, 22.25, 22.3, 22.27
2026-09-11, 01:04:27, 22.27, 22.5, 22.75, 22.75, 9999.0, 9999.0, 9999.0, 23.82, 9999.0, 22.25, 9999.0, 22.64, 22.5, 22.25, 22.27, 22.27
2026-09-11, 01:04:31, 22.25, 22.5, 22.75, 22.75, 9999.0, 9999.0, 9999.0, 23.84, 9999.0, 22.23, 9999.0, 22.64, 22.5, 22.25, 22.27, 22.27
2026-09-11, 01:04:35, 22.25, 22.5, 22.75, 22.75, 9999.0, 9999.0, 9999.0, 23.89, 9999.0, 22.18, 9999.0, 22.64, 22.5, 22.25, 22.25, 22.27
2026-09-11, 01:04:39, 22.25, 22.5, 22.75, 22.75, 9999.0, 9999.0, 9999.0, 23.84, 9999.0, 22.16, 9999.0, 22.64, 22.5, 22.25, 22.27, 22.27
2026-09-11, 01:04:43, 22.25, 22.5, 22.75, 22.75, 9999.0, 9999.0, 9999.0, 23.8, 9999.0, 22.14, 9999.0, 22.64, 22.5, 22.25, 22.27, 22.27
2026-09-11, 01:04:47, 22.25, 22.5, 22.75, 22.75, 9999.0, 9999.0, 9999.0, 23.77, 9999.0, 22.11, 9999.0, 22.66, 22.5, 22.25, 22.27, 22.27
2026-09-11, 01:04:51, 22.27, 22.5, 22.75, 22.75, 9999.0, 9999.0, 9999.0, 23.73, 9999.0, 22.11, 9999.0, 22.66, 22.5, 22.25, 22.3, 22.27
2026-09-11, 01:04:55, 22.27, 22.5, 22.75, 22.75, 9999.0, 9999.0, 9999.0, 23.7, 9999.0, 22.11, 9999.0, 22.66, 22.5, 22.25, 22.3, 22.27
2026-09-11, 01:05:00, 22.27, 22.5, 22.75, 22.75, 9999.0, 9999.0, 9999.0, 23.68, 9999.0, 22.14, 9999.0, 22.68, 22.5, 22.25, 22.32, 22.27
2026-09-11, 01:05:04, 22.27, 22.5, 22.75, 22.75, 9999.0, 9999.0, 9999.0, 23.66, 9999.0, 22.16, 9999.0, 22.7, 22.5, 22.25, 22.32, 22.27
2026-09-11, 01:05:08, 22.27, 22.5, 22.75, 22.75, 9999.0, 9999.0, 9999.0, 23.64, 9999.0, 22.18, 9999.0, 22.73, 22.5, 22.25, 22.32, 22.25
2026-09-11, 01:05:12, 22.3, 22.5, 22.75, 22.75, 9999.0, 9999.0, 9999.0, 23.68, 9999.0, 22.18, 9999.0, 22.75, 22.5, 22.25, 22.32, 22.25
2026-09-11, 01:05:16, 22.3, 22.5, 22.75, 22.75, 9999.0, 9999.0, 9999.0, 23.73, 9999.0, 22.2, 9999.0, 22.75, 22.5, 22.25, 22.32, 22.25
2026-09-11, 01:05:20, 22.3, 22.48, 22.75, 22.75, 9999.0, 9999.0, 9999.0, 23.75, 9999.0, 22.23, 9999.0, 22.75, 22.5, 22.25, 22.32, 22.27
2026-09-11, 01:05:24, 22.3, 22.45, 22.75, 22.75, 9999.0, 9999.0, 9999.0, 23.77, 9999.0, 22.25, 9999.0, 22.75, 22.5, 22.25, 22.3, 22.27
2026-09-11, 01:05:28, 22.3, 22.45, 22.75, 22.75, 9999.0, 9999.0, 9999.0, 23.8, 9999.0, 22.25, 9999.0, 22.73, 22.5, 22.25, 22.3, 22.27
2026-09-11, 01:05:32, 22.3, 22.45, 22.75, 22.75, 9999.0, 9999.0, 9999.0, 23.82, 9999.0, 22.27, 9999.0, 22.7, 22.5, 22.25, 22.32, 22.27
2026-09-11, 01:05:36, 22.27, 22.45, 22.75, 22.75, 9999.0, 9999.0, 9999.0, 23.84, 9999.0, 22.27, 9999.0, 22.7, 22.5, 22.25, 22.3, 22.27
2026-09-11, 01:05:40, 22.27, 22.45, 22.75, 22.75, 9999.0, 9999.0, 9999.0, 23.86, 9999.0, 22.27, 9999.0, 22.68, 22.5, 22.25, 22.3, 22.27
2026-09-11, 01:05:44, 22.27, 22.45, 22.75, 22.75, 9999.0, 9999.0, 9999.0, 23.89, 9999.0, 22.25, 9999.0, 22.66, 22.5, 22.25, 22.27, 22.3
2026-09-11, 01:05:48, 22.27, 22.45, 22.75, 22.75, 9999.0, 9999.0, 9999.0, 23.91, 9999.0, 22.2, 9999.0, 22.66, 22.5, 22.25, 22.27, 22.3
2026-09-11, 01:05:52, 22.27, 22.45, 22.75, 22.75, 9999.0, 9999.0, 9999.0, 23.93, 9999.0, 22.16, 9999.0, 22.66, 22.5, 22.25, 22.27, 22.3
2026-09-11, 01:05:56, 22.25, 22.45, 22.75, 22.75, 9999.0, 9999.0, 9999.0, 23.89, 9999.0, 22.14, 9999.0, 22.66, 22.5, 22.25, 22.3, 22.3
2026-09-11, 01:06:00, 22.25, 22.45, 22.75, 22.75, 9999.0, 9999.0, 9999.0, 23.82, 9999.0, 22.11, 9999.0, 22.68, 22.5, 22.27, 22.3, 22.3
2026-09-11, 01:06:04, 22.25, 22.48, 22.75, 22.75, 9999.0, 9999.0, 9999.0, 23.77, 9999.0, 22.09, 9999.0, 22.7, 22.5, 22.27, 22.3, 22.27
2026-09-11, 01:06:08, 22.25, 22.5, 22.75, 22.75, 9999.0, 9999.0, 9999.0, 23.73, 9999.0, 22.07, 9999.0, 22.7, 22.5, 22.27, 22.3, 22.27
2026-09-11, 01:06:12, 22.25, 22.5, 22.75, 22.75, 9999.0, 9999.0, 9999.0, 23.68, 9999.0, 22.09, 9999.0, 22.73, 22.5, 22.27, 22.3, 22.27
2026-09-11, 01:06:16, 22.25, 22.5, 22.75, 22.75, 9999.0, 9999.0, 9999.0, 23.64, 9999.0, 22.09, 9999.0, 22.75, 22.5, 22.27, 22.27, 22.27
2026-09-11, 01:06:20, 22.27, 22.5, 22.75, 22.75, 9999.0, 9999.0, 9999.0, 23.61, 9999.0, 22.09, 9999.0, 22.75, 22.5, 22.27, 22.3, 22.27
2026-09-11, 01:06:24, 22.27, 22.5, 22.75, 22.75, 9999.0, 9999.0, 9999.0, 23.59, 9999.0, 22.09, 9999.0, 22.77, 22.5, 22.27, 22.3, 22.27
2026-09-11, 01:06:28, 22.27, 22.5, 22.75, 22.75, 9999.0, 9999.0, 9999.0, 23.57, 9999.0, 22.11, 9999.0, 22.8, 22.5, 22.27, 22.3, 22.25
2026-09-11, 01:06:32, 22.27, 22.5, 22.75, 22.75, 9999.0, 9999.0, 9999.0, 23.61, 9999.0, 22.14, 9999.0, 22.8, 22.5, 22.27, 22.3, 22.27
2026-09-11, 01:06:36, 22.27, 22.5, 22.75, 22.75, 9999.0, 9999.0, 9999.0, 23.64, 9999.0, 22.16, 9999.0, 22.8, 22.5, 22.27, 22.3, 22.27
2026-09-11, 01:06:40, 22.27, 22.5, 22.75, 22.75, 9999.0, 9999.0, 9999.0, 23.66, 9999.0, 22.18, 9999.0, 22.8, 22.5, 22.27, 22.3, 22.27
2026-09-11, 01:06:44, 22.27, 22.5, 22.75, 22.75, 9999.0, 9999.0, 9999.0, 23.7, 9999.0, 22.18, 9999.0, 22.77, 22.5, 22.25, 22.3, 22.27
2026-09-11, 01:06:48, 22.27, 22.5, 22.75, 22.75, 9999.0, 9999.0, 9999.0, 23.75, 9999.0, 22.18, 9999.0, 22.73, 22.5, 22.25, 22.3, 22.3
2026-09-11, 01:06:52, 22.27, 22.5, 22.75, 22.75, 9999.0, 9999.0, 9999.0, 23.77, 9999.0, 22.2, 9999.0, 22.7, 22.5, 22.25, 22.3, 22.3
2026-09-11, 01:06:56, 22.27, 22.5, 22.75, 22.75, 9999.0, 9999.0, 9999.0, 23.8, 9999.0, 22.18, 9999.0, 22.68, 22.5, 22.25, 22.3, 22.3
2026-09-11, 01:07:00, 22.27, 22.5, 22.75, 22.75, 9999.0, 9999.0, 9999.0, 23.82, 9999.0, 22.16, 9999.0, 22.66, 22.5, 22.25, 22.32, 22.3
2026-09-11, 01:07:04, 22.25, 22.5, 22.75, 22.75, 9999.0, 9999.0, 9999.0, 23.84, 9999.0, 22.14, 9999.0, 22.64, 22.5, 22.25, 22.3, 22.3
2026-09-11, 01:07:08, 22.25, 22.5, 22.75, 22.75, 9999.0, 9999.0, 9999.0, 23.86, 9999.0, 22.11, 9999.0, 22.64, 22.5, 22.25, 22.32, 22.3
2026-09-11, 01:07:12, 22.25, 22.5, 22.75, 22.75, 9999.0, 9999.0, 9999.0, 23.89, 9999.0, 22.09, 9999.0, 22.64, 22.5, 22.25, 22.32, 22.32
2026-09-11, 01:07:16, 22.25, 22.48, 22.75, 22.75, 9999.0, 9999.0, 9999.0, 23.82, 9999.0, 22.07, 9999.0, 22.66, 22.5, 22.25, 22.32, 22.3
2026-09-11, 01:07:20, 22.25, 22.48, 22.75, 22.75, 9999.0, 9999.0, 9999.0, 23.77, 9999.0, 22.02, 9999.0, 22.66, 22.5, 22.25, 22.34, 22.32
2026-09-11, 01:07:24, 22.25, 22.48, 22.75, 22.75, 9999.0, 9999.0, 9999.0, 23.75, 9999.0, 21.98, 9999.0, 22.66, 22.5, 22.25, 22.32, 22.32
2026-09-11, 01:07:28, 22.25, 22.45, 22.75, 22.75, 9999.0, 9999.0, 9999.0, 23.7, 9999.0, 21.98, 9999.0, 22.66, 22.5, 22.25, 22.32, 22.32
2026-09-11, 01:07:32, 22.27, 22.45, 22.75, 22.75, 9999.0, 9999.0, 9999.0, 23.66, 9999.0, 21.98, 9999.0, 22.68, 22.5, 22.25, 22.32, 22.3
2026-09-11, 01:07:36, 22.27, 22.43, 22.75, 22.75, 9999.0, 9999.0, 9999.0, 23.61, 9999.0, 21.98, 9999.0, 22.7, 22.5, 22.25, 22.34, 22.32
2026-09-11, 01:07:40, 22.27, 22.43, 22.75, 22.75, 9999.0, 9999.0, 9999.0, 23.59, 9999.0, 22.0, 9999.0, 22.73, 22.5, 22.25, 22.34, 22.32
2026-09-11, 01:07:44, 22.27, 22.43, 22.75, 22.75, 9999.0, 9999.0, 9999.0, 23.55, 9999.0, 22.02, 9999.0, 22.75, 22.5, 22.25, 22.32, 22.32
2026-09-11, 01:07:48, 22.27, 22.43, 22.75, 22.75, 9999.0, 9999.0, 9999.0, 23.57, 9999.0, 22.02, 9999.0, 22.77, 22.5, 22.25, 22.32, 22.32
2026-09-11, 01:07:52, 22.27, 22.43, 22.75, 22.75, 9999.0, 9999.0, 9999.0, 23.59, 9999.0, 22.02, 9999.0, 22.77, 22.5, 22.25, 22.3, 22.32
2026-09-11, 01:07:56, 22.27, 22.43, 22.75, 22.75, 9999.0, 9999.0, 9999.0, 23.61, 9999.0, 22.02, 9999.0, 22.77, 22.5, 22.25, 22.32, 22.32
2026-09-11, 01:08:00, 22.27, 22.45, 22.75, 22.75, 9999.0, 9999.0, 9999.0, 23.66, 9999.0, 22.02, 9999.0, 22.75, 22.5, 22.25, 22.34, 22.32
2026-09-11, 01:08:04, 22.27, 22.45, 22.75, 22.75, 9999.0, 9999.0, 9999.0, 23.68, 9999.0, 22.05, 9999.0, 22.73, 22.5, 22.25, 22.32, 22.3
2026-09-11, 01:08:08, 22.27, 22.45, 22.75, 22.75, 9999.0, 9999.0, 9999.0, 23.68, 9999.0, 22.07, 9999.0, 22.7, 22.5, 22.25, 22.32, 22.3
2026-09-11, 01:08:12, 22.27, 22.48, 22.75, 22.75, 9999.0, 9999.0, 9999.0, 23.7, 9999.0, 22.05, 9999.0, 22.68, 22.5, 22.25, 22.32, 22.3
2026-09-11, 01:08:16, 22.25, 22.48, 22.75, 22.75, 9999.0, 9999.0, 9999.0, 23.73, 9999.0, 22.05, 9999.0, 22.66, 22.5, 22.25, 22.32, 22.32
2026-09-11, 01:08:20, 22.25, 22.5, 22.75, 22.75, 9999.0, 9999.0, 9999.0, 23.77, 9999.0, 22.02, 9999.0, 22.66, 22.5, 22.25, 22.3, 22.32
2026-09-11, 01:08:24, 22.25, 22.5, 22.75, 22.75, 9999.0, 9999.0, 9999.0, 23.8, 9999.0, 22.0, 9999.0, 22.66, 22.5, 22.25, 22.3, 22.32
2026-09-11, 01:08:28, 22.25, 22.48, 22.75, 22.75, 9999.0, 9999.0, 9999.0, 23.82, 9999.0, 21.98, 9999.0, 22.66, 22.5, 22.25, 22.3, 22.32
2026-09-11, 01:08:33, 22.25, 22.48, 22.75, 22.75, 9999.0, 9999.0, 9999.0, 23.77, 9999.0, 21.98, 9999.0, 22.68, 22.5, 22.25, 22.32, 22.34
2026-09-11, 01:08:37, 22.25, 22.48, 22.75, 22.75, 9999.0, 9999.0, 9999.0, 23.73, 9999.0, 21.95, 9999.0, 22.7, 22.5, 22.25, 22.32, 22.34
2026-09-11, 01:08:41, 22.25, 22.48, 22.75, 22.75, 9999.0, 9999.0, 9999.0, 23.68, 9999.0, 21.93, 9999.0, 22.7, 22.5, 22.25, 22.32, 22.32
2026-09-11, 01:08:45, 22.25, 22.48, 22.75, 22.75, 9999.0, 9999.0, 9999.0, 23.64, 9999.0, 21.95, 9999.0, 22.7, 22.5, 22.25, 22.3, 22.32
2026-09-11, 01:08:49, 22.25, 22.48, 22.75, 22.75, 9999.0, 9999.0, 9999.0, 23.61, 9999.0, 21.95, 9999.0, 22.73, 22.5, 22.25, 22.3, 22.32
2026-09-11, 01:08:53, 22.25, 22.48, 22.75, 22.75, 9999.0, 9999.0, 9999.0, 23.57, 9999.0, 21.95, 9999.0, 22.75, 22.5, 22.25, 22.3, 22.32
2026-09-11, 01:08:57, 22.25, 22.48, 22.75, 22.75, 9999.0, 9999.0, 9999.0, 23.52, 9999.0, 22.0, 9999.0, 22.77, 22.5, 22.25, 22.3, 22.32
2026-09-11, 01:09:01, 22.25, 22.48, 22.75, 22.75, 9999.0, 9999.0, 9999.0, 23.48, 9999.0, 22.02, 9999.0, 22.8, 22.5, 22.25, 22.3, 22.3
2026-09-11, 01:09:05, 22.25, 22.48, 22.75, 22.75, 9999.0, 9999.0, 9999.0, 23.5, 9999.0, 22.02, 9999.0, 22.8, 22.5, 22.25, 22.32, 22.27
2026-09-11, 01:09:09, 22.25, 22.45, 22.75, 22.75, 9999.0, 9999.0, 9999.0, 23.52, 9999.0, 22.05, 9999.0, 22.8, 22.5, 22.25, 22.34, 22.27
2026-09-11, 01:09:13, 22.25, 22.48, 22.75, 22.75, 9999.0, 9999.0, 9999.0, 23.55, 9999.0, 22.07, 9999.0, 22.8, 22.5, 22.25, 22.34, 22.27
2026-09-11, 01:09:17, 22.25, 22.48, 22.75, 22.75, 9999.0, 9999.0, 9999.0, 23.59, 9999.0, 22.07, 9999.0, 22.77, 22.5, 22.25, 22.32, 22.25
2026-09-11, 01:09:21, 22.25, 22.48, 22.75, 22.75, 9999.0, 9999.0, 9999.0, 23.61, 9999.0, 22.09, 9999.0, 22.75, 22.5, 22.25, 22.34, 22.25
2026-09-11, 01:09:25, 22.25, 22.48, 22.75, 22.75, 9999.0, 9999.0, 9999.0, 23.64, 9999.0, 22.11, 9999.0, 22.73, 22.5, 22.25, 22.32, 22.27
2026-09-11, 01:09:29, 22.25, 22.48, 22.75, 22.75, 9999.0, 9999.0, 9999.0, 23.66, 9999.0, 22.07, 9999.0, 22.73, 22.5, 22.25, 22.32, 22.3
2026-09-11, 01:09:33, 22.25, 22.48, 22.75, 22.75, 9999.0, 9999.0, 9999.0, 23.68, 9999.0, 22.05, 9999.0, 22.73, 22.5, 22.25, 22.32, 22.3
2026-09-11, 01:09:37, 22.25, 22.48, 22.75, 22.75, 9999.0, 9999.0, 9999.0, 23.73, 9999.0, 22.05, 9999.0, 22.7, 22.5, 22.25, 22.32, 22.3
2026-09-11, 01:09:41, 22.25, 22.45, 22.75, 22.75, 9999.0, 9999.0, 9999.0, 23.77, 9999.0, 22.02, 9999.0, 22.7, 22.5, 22.25, 22.32, 22.32
2026-09-11, 01:09:45, 22.25, 22.45, 22.75, 22.75, 9999.0, 9999.0, 9999.0, 23.82, 9999.0, 21.98, 9999.0, 22.7, 22.5, 22.25, 22.32, 22.32
2026-09-11, 01:09:49, 22.25, 22.45, 22.75, 22.75, 9999.0, 9999.0, 9999.0, 23.77, 9999.0, 21.98, 9999.0, 22.7, 22.5, 22.25, 22.3, 22.34
2026-09-11, 01:09:53, 22.25, 22.48, 22.75, 22.75, 9999.0, 9999.0, 9999.0, 23.73, 9999.0, 21.95, 9999.0, 22.73, 22.5, 22.25, 22.3, 22.34
2026-09-11, 01:09:57, 22.25, 22.48, 22.75, 22.75, 9999.0, 9999.0, 9999.0, 23.68, 9999.0, 21.93, 9999.0, 22.73, 22.5, 22.25, 22.3, 22.34
2026-09-11, 01:10:01, 22.25, 22.48, 22.75, 22.75, 9999.0, 9999.0, 9999.0, 23.64, 9999.0, 21.95, 9999.0, 22.73, 22.5, 22.25, 22.3, 22.34
2026-09-11, 01:10:05, 22.25, 22.48, 22.75, 22.75, 9999.0, 9999.0, 9999.0, 23.59, 9999.0, 21.98, 9999.0, 22.73, 22.5, 22.25, 22.27, 22.36
2026-09-11, 01:10:09, 22.25, 22.48, 22.75, 22.75, 9999.0, 9999.0, 9999.0, 23.55, 9999.0, 22.0, 9999.0, 22.75, 22.5, 22.25, 22.27, 22.36
2026-09-11, 01:10:13, 22.25, 22.48, 22.75, 22.75, 9999.0, 9999.0, 9999.0, 23.5, 9999.0, 22.07, 9999.0, 22.75, 22.52, 22.25, 22.27, 22.36
2026-09-11, 01:10:17, 22.25, 22.48, 22.75, 22.75, 9999.0, 9999.0, 9999.0, 23.45, 9999.0, 22.11, 9999.0, 22.75, 22.52, 22.25, 22.27, 22.36
2026-09-11, 01:10:21, 22.25, 22.48, 22.75, 22.75, 9999.0, 9999.0, 9999.0, 23.5, 9999.0, 22.14, 9999.0, 22.77, 22.52, 22.25, 22.3, 22.39
2026-09-11, 01:10:25, 22.25, 22.5, 22.75, 22.75, 9999.0, 9999.0, 9999.0, 23.52, 9999.0, 22.16, 9999.0, 22.77, 22.52, 22.25, 22.32, 22.39
2026-09-11, 01:10:29, 22.25, 22.5, 22.75, 22.75, 9999.0, 9999.0, 9999.0, 23.55, 9999.0, 22.18, 9999.0, 22.77, 22.52, 22.25, 22.32, 22.41
2026-09-11, 01:10:33, 22.25, 22.5, 22.75, 22.75, 9999.0, 9999.0, 9999.0, 23.59, 9999.0, 22.2, 9999.0, 22.77, 22.52, 22.25, 22.32, 22.41
2026-09-11, 01:10:37, 22.25, 22.5, 22.75, 22.75, 9999.0, 9999.0, 9999.0, 23.61, 9999.0, 22.2, 9999.0, 22.75, 22.52, 22.27, 22.3, 22.43
2026-09-11, 01:10:41, 22.25, 22.5, 22.75, 22.75, 9999.0, 9999.0, 9999.0, 23.66, 9999.0, 22.2, 9999.0, 22.75, 22.52, 22.27, 22.32, 22.45
2026-09-11, 01:10:45, 22.25, 22.5, 22.75, 22.75, 9999.0, 9999.0, 9999.0, 23.68, 9999.0, 22.18, 9999.0, 22.75, 22.52, 22.27, 22.34, 22.45
2026-09-11, 01:10:49, 22.25, 22.5, 22.75, 22.75, 9999.0, 9999.0, 9999.0, 23.7, 9999.0, 22.16, 9999.0, 22.73, 22.52, 22.27, 22.34, 22.45
2026-09-11, 01:10:53, 22.25, 22.5, 22.75, 22.75, 9999.0, 9999.0, 9999.0, 23.75, 9999.0, 22.14, 9999.0, 22.7, 22.52, 22.27, 22.34, 22.45
2026-09-11, 01:10:57, 22.25, 22.5, 22.75, 22.75, 9999.0, 9999.0, 9999.0, 23.8, 9999.0, 22.09, 9999.0, 22.7, 22.5, 22.27, 22.34, 22.43
2026-09-11, 01:11:01, 22.25, 22.48, 22.75, 22.75, 9999.0, 9999.0, 9999.0, 23.82, 9999.0, 22.09, 9999.0, 22.7, 22.5, 22.27, 22.36, 22.43
2026-09-11, 01:11:05, 22.25, 22.48, 22.75, 22.75, 9999.0, 9999.0, 9999.0, 23.77, 9999.0, 22.07, 9999.0, 22.7, 22.5, 22.27, 22.34, 22.41
2026-09-11, 01:11:09, 22.25, 22.48, 22.75, 22.75, 9999.0, 9999.0, 9999.0, 23.75, 9999.0, 22.05, 9999.0, 22.73, 22.5, 22.27, 22.34, 22.39
2026-09-11, 01:11:13, 22.25, 22.48, 22.75, 22.75, 9999.0, 9999.0, 9999.0, 23.7, 9999.0, 22.05, 9999.0, 22.75, 22.5, 22.27, 22.34, 22.39
2026-09-11, 01:11:17, 22.25, 22.48, 22.75, 22.75, 9999.0, 9999.0, 9999.0, 23.66, 9999.0, 22.05, 9999.0, 22.75, 22.5, 22.27, 22.36, 22.39
2026-09-11, 01:11:21, 22.25, 22.48, 22.75, 22.75, 9999.0, 9999.0, 9999.0, 23.64, 9999.0, 22.07, 9999.0, 22.75, 22.5, 22.25, 22.36, 22.39
2026-09-11, 01:11:25, 22.25, 22.48, 22.75, 22.75, 9999.0, 9999.0, 9999.0, 23.61, 9999.0, 22.09, 9999.0, 22.75, 22.5, 22.25, 22.36, 22.39
2026-09-11, 01:11:29, 22.25, 22.48, 22.75, 22.75, 9999.0, 9999.0, 9999.0, 23.57, 9999.0, 22.11, 9999.0, 22.75, 22.5, 22.25, 22.36, 22.39
2026-09-11, 01:11:33, 22.25, 22.48, 22.75, 22.75, 9999.0, 9999.0, 9999.0, 23.55, 9999.0, 22.14, 9999.0, 22.77, 22.5, 22.25, 22.36, 22.39
2026-09-11, 01:11:37, 22.25, 22.48, 22.77, 22.75, 9999.0, 9999.0, 9999.0, 23.59, 9999.0, 22.18, 9999.0, 22.8, 22.5, 22.25, 22.36, 22.39
2026-09-11, 01:11:41, 22.25, 22.48, 22.77, 22.75, 9999.0, 9999.0, 9999.0, 23.61, 9999.0, 22.2, 9999.0, 22.8, 22.5, 22.25, 22.36, 22.41
2026-09-11, 01:11:45, 22.25, 22.5, 22.77, 22.75, 9999.0, 9999.0, 9999.0, 23.66, 9999.0, 22.2, 9999.0, 22.8, 22.5, 22.25, 22.36, 22.43
2026-09-11, 01:11:49, 22.25, 22.5, 22.77, 22.75, 9999.0, 9999.0, 9999.0, 23.68, 9999.0, 22.23, 9999.0, 22.8, 22.5, 22.25, 22.36, 22.43
2026-09-11, 01:11:53, 22.25, 22.5, 22.77, 22.75, 9999.0, 9999.0, 9999.0, 23.7, 9999.0, 22.23, 9999.0, 22.77, 22.5, 22.25, 22.36, 22.43
2026-09-11, 01:11:57, 22.25, 22.5, 22.77, 22.75, 9999.0, 9999.0, 9999.0, 23.73, 9999.0, 22.25, 9999.0, 22.73, 22.5, 22.25, 22.36, 22.41
2026-09-11, 01:12:01, 22.25, 22.5, 22.77, 22.77, 9999.0, 9999.0, 9999.0, 23.75, 9999.0, 22.25, 9999.0, 22.7, 22.5, 22.25, 22.34, 22.41
2026-09-11, 01:12:05, 22.25, 22.5, 22.77, 22.77, 9999.0, 9999.0, 9999.0, 23.77, 9999.0, 22.25, 9999.0, 22.7, 22.5, 22.25, 22.34, 22.41
2026-09-11, 01:12:09, 22.25, 22.5, 22.77, 22.77, 9999.0, 9999.0, 9999.0, 23.8, 9999.0, 22.25, 9999.0, 22.68, 22.5, 22.25, 22.32, 22.41
2026-09-11, 01:12:13, 22.25, 22.5, 22.77, 22.77, 9999.0, 9999.0, 9999.0, 23.84, 9999.0, 22.25, 9999.0, 22.66, 22.5, 22.25, 22.3, 22.43
2026-09-11, 01:12:17, 22.25, 22.5, 22.77, 22.77, 9999.0, 9999.0, 9999.0, 23.89, 9999.0, 22.23, 9999.0, 22.66, 22.5, 22.25, 22.3, 22.43
2026-09-11, 01:12:21, 22.25, 22.5, 22.75, 22.77, 9999.0, 9999.0, 9999.0, 23.84, 9999.0, 22.18, 9999.0, 22.66, 22.5, 22.25, 22.3, 22.43
2026-09-11, 01:12:26, 22.25, 22.5, 22.75, 22.77, 9999.0, 9999.0, 9999.0, 23.8, 9999.0, 22.16, 9999.0, 22.68, 22.5, 22.25, 22.3, 22.41
2026-09-11, 01:12:30, 22.25, 22.5, 22.75, 22.77, 9999.0, 9999.0, 9999.0, 23.75, 9999.0, 22.14, 9999.0, 22.7, 22.5, 22.25, 22.3, 22.41
2026-09-11, 01:12:34, 22.25, 22.5, 22.75, 22.77, 9999.0, 9999.0, 9999.0, 23.7, 9999.0, 22.11, 9999.0, 22.7, 22.5, 22.25, 22.32, 22.41
2026-09-11, 01:12:38, 22.27, 22.5, 22.75, 22.77, 9999.0, 9999.0, 9999.0, 23.66, 9999.0, 22.14, 9999.0, 22.7, 22.5, 22.25, 22.32, 22.43
2026-09-11, 01:12:42, 22.27, 22.5, 22.75, 22.8, 9999.0, 9999.0, 9999.0, 23.64, 9999.0, 22.14, 9999.0, 22.73, 22.5, 22.25, 22.32, 22.45
2026-09-11, 01:12:46, 22.27, 22.5, 22.75, 22.77, 9999.0, 9999.0, 9999.0, 23.61, 9999.0, 22.16, 9999.0, 22.75, 22.5, 22.25, 22.34, 22.45
2026-09-11, 01:12:50, 22.27, 22.5, 22.75, 22.77, 9999.0, 9999.0, 9999.0, 23.59, 9999.0, 22.18, 9999.0, 22.75, 22.5, 22.25, 22.34, 22.45
2026-09-11, 01:12:54, 22.27, 22.5, 22.75, 22.77, 9999.0, 9999.0, 9999.0, 23.57, 9999.0, 22.2, 9999.0, 22.77, 22.5, 22.25, 22.34, 22.45
2026-09-11, 01:12:58, 22.27, 22.5, 22.75, 22.77, 9999.0, 9999.0, 9999.0, 23.61, 9999.0, 22.23, 9999.0, 22.8, 22.5, 22.25, 22.34, 22.45
2026-09-11, 01:13:02, 22.27, 22.5, 22.75, 22.77, 9999.0, 9999.0, 9999.0, 23.64, 9999.0, 22.27, 9999.0, 22.8, 22.5, 22.25, 22.36, 22.43
2026-09-11, 01:13:06, 22.27, 22.5, 22.75, 22.77, 9999.0, 9999.0, 9999.0, 23.66, 9999.0, 22.3, 9999.0, 22.8, 22.5, 22.25, 22.36, 22.43
2026-09-11, 01:13:10, 22.27, 22.5, 22.75, 22.77, 9999.0, 9999.0, 9999.0, 23.7, 9999.0, 22.32, 9999.0, 22.77, 22.5, 22.25, 22.39, 22.43
2026-09-11, 01:13:14, 22.27, 22.5, 22.75, 22.77, 9999.0, 9999.0, 9999.0, 23.75, 9999.0, 22.34, 9999.0, 22.75, 22.5, 22.25, 22.39, 22.41
2026-09-11, 01:13:18, 22.27, 22.5, 22.75, 22.77, 9999.0, 9999.0, 9999.0, 23.8, 9999.0, 22.36, 9999.0, 22.73, 22.5, 22.25, 22.39, 22.41
2026-09-11, 01:13:22, 22.25, 22.5, 22.75, 22.77, 9999.0, 9999.0, 9999.0, 23.82, 9999.0, 22.36, 9999.0, 22.73, 22.5, 22.25, 22.39, 22.39
2026-09-11, 01:13:26, 22.25, 22.5, 22.75, 22.75, 9999.0, 9999.0, 9999.0, 23.86, 9999.0, 22.36, 9999.0, 22.7, 22.5, 22.25, 22.39, 22.36
2026-09-11, 01:13:30, 22.25, 22.5, 22.75, 22.75, 9999.0, 9999.0, 9999.0, 23.89, 9999.0, 22.34, 9999.0, 22.68, 22.5, 22.25, 22.36, 22.36
2026-09-11, 01:13:34, 22.25, 22.48, 22.75, 22.75, 9999.0, 9999.0, 9999.0, 23.91, 9999.0, 22.32, 9999.0, 22.68, 22.5, 22.25, 22.39, 22.36
2026-09-11, 01:13:38, 22.25, 22.48, 22.75, 22.75, 9999.0, 9999.0, 9999.0, 23.93, 9999.0, 22.3, 9999.0, 22.68, 22.5, 22.25, 22.41, 22.34
2026-09-11, 01:13:42, 22.25, 22.48, 22.75, 22.75, 9999.0, 9999.0, 9999.0, 23.86, 9999.0, 22.27, 9999.0, 22.68, 22.5, 22.25, 22.41, 22.34
2026-09-11, 01:13:46, 22.25, 22.48, 22.77, 22.75, 9999.0, 9999.0, 9999.0, 23.82, 9999.0, 22.25, 9999.0, 22.7, 22.5, 22.25, 22.39, 22.34
2026-09-11, 01:13:50, 22.25, 22.48, 22.77, 22.75, 9999.0, 9999.0, 9999.0, 23.77, 9999.0, 22.25, 9999.0, 22.73, 22.5, 22.25, 22.41, 22.32
2026-09-11, 01:13:54, 22.25, 22.48, 22.77, 22.75, 9999.0, 9999.0, 9999.0, 23.73, 9999.0, 22.27, 9999.0, 22.75, 22.5, 22.25, 22.41, 22.34
2026-09-11, 01:13:58, 22.27, 22.48, 22.77, 22.75, 9999.0, 9999.0, 9999.0, 23.68, 9999.0, 22.3, 9999.0, 22.75, 22.5, 22.25, 22.41, 22.34
2026-09-11, 01:14:02, 22.27, 22.48, 22.77, 22.75, 9999.0, 9999.0, 9999.0, 23.64, 9999.0, 22.32, 9999.0, 22.77, 22.5, 22.25, 22.41, 22.36
2026-09-11, 01:14:06, 22.27, 22.48, 22.77, 22.75, 9999.0, 9999.0, 9999.0, 23.61, 9999.0, 22.34, 9999.0, 22.77, 22.5, 22.25, 22.41, 22.39
2026-09-11, 01:14:10, 22.27, 22.48, 22.77, 22.75, 9999.0, 9999.0, 9999.0, 23.57, 9999.0, 22.36, 9999.0, 22.8, 22.5, 22.25, 22.43, 22.39
2026-09-11, 01:14:14, 22.27, 22.48, 22.77, 22.75, 9999.0, 9999.0, 9999.0, 23.61, 9999.0, 22.39, 9999.0, 22.82, 22.5, 22.25, 22.45, 22.36
2026-09-11, 01:14:18, 22.27, 22.48, 22.77, 22.75, 9999.0, 9999.0, 9999.0, 23.64, 9999.0, 22.41, 9999.0, 22.82, 22.5, 22.25, 22.43, 22.36
2026-09-11, 01:14:22, 22.27, 22.48, 22.77, 22.75, 9999.0, 9999.0, 9999.0, 23.66, 9999.0, 22.43, 9999.0, 22.82, 22.5, 22.25, 22.43, 22.36
2026-09-11, 01:14:26, 22.27, 22.48, 22.8, 22.75, 9999.0, 9999.0, 9999.0, 23.7, 9999.0, 22.45, 9999.0, 22.82, 22.5, 22.25, 22.45, 22.34
2026-09-11, 01:14:30, 22.27, 22.48, 22.77, 22.75, 9999.0, 9999.0, 9999.0, 23.75, 9999.0, 22.48, 9999.0, 22.8, 22.5, 22.25, 22.48, 22.36
2026-09-11, 01:14:34, 22.27, 22.48, 22.77, 22.75, 9999.0, 9999.0, 9999.0, 23.77, 9999.0, 22.48, 9999.0, 22.77, 22.5, 22.25, 22.48, 22.39
2026-09-11, 01:14:38, 22.27, 22.48, 22.77, 22.75, 9999.0, 9999.0, 9999.0, 23.8, 9999.0, 22.48, 9999.0, 22.73, 22.5, 22.25, 22.45, 22.39
2026-09-11, 01:14:42, 22.25, 22.48, 22.77, 22.75, 9999.0, 9999.0, 9999.0, 23.82, 9999.0, 22.48, 9999.0, 22.73, 22.5, 22.25, 22.43, 22.39
2026-09-11, 01:14:46, 22.25, 22.48, 22.77, 22.75, 9999.0, 9999.0, 9999.0, 23.86, 9999.0, 22.48, 9999.0, 22.7, 22.5, 22.25, 22.41, 22.39
2026-09-11, 01:14:50, 22.25, 22.48, 22.77, 22.75, 9999.0, 9999.0, 9999.0, 23.89, 9999.0, 22.48, 9999.0, 22.7, 22.5, 22.25, 22.41, 22.39
2026-09-11, 01:14:54, 22.25, 22.48, 22.77, 22.75, 9999.0, 9999.0, 9999.0, 23.91, 9999.0, 22.45, 9999.0, 22.7, 22.5, 22.25, 22.41, 22.39
2026-09-11, 01:14:58, 22.25, 22.48, 22.77, 22.75, 9999.0, 9999.0, 9999.0, 23.86, 9999.0, 22.43, 9999.0, 22.7, 22.5, 22.25, 22.41, 22.41
2026-09-11, 01:15:02, 22.25, 22.5, 22.77, 22.75, 9999.0, 9999.0, 9999.0, 23.84, 9999.0, 22.43, 9999.0, 22.73, 22.5, 22.25, 22.43, 22.41
2026-09-11, 01:15:06, 22.25, 22.5, 22.77, 22.75, 9999.0, 9999.0, 9999.0, 23.8, 9999.0, 22.43, 9999.0, 22.73, 22.5, 22.25, 22.41, 22.43
2026-09-11, 01:15:10, 22.25, 22.5, 22.77, 22.75, 9999.0, 9999.0, 9999.0, 23.75, 9999.0, 22.43, 9999.0, 22.73, 22.5, 22.25, 22.41, 22.43
2026-09-11, 01:15:14, 22.25, 22.5, 22.77, 22.75, 9999.0, 9999.0, 9999.0, 23.7, 9999.0, 22.43, 9999.0, 22.73, 22.5, 22.25, 22.41, 22.43
2026-09-11, 01:15:18, 22.27, 22.5, 22.77, 22.75, 9999.0, 9999.0, 9999.0, 23.68, 9999.0, 22.48, 9999.0, 22.73, 22.5, 22.25, 22.41, 22.41
2026-09-11, 01:15:22, 22.27, 22.5, 22.77, 22.75, 9999.0, 9999.0, 9999.0, 23.66, 9999.0, 22.5, 9999.0, 22.75, 22.5, 22.25, 22.43, 22.41
2026-09-11, 01:15:26, 22.27, 22.5, 22.77, 22.75, 9999.0, 9999.0, 9999.0, 23.64, 9999.0, 22.52, 9999.0, 22.75, 22.5, 22.25, 22.43, 22.43
2026-09-11, 01:15:30, 22.27, 22.5, 22.77, 22.75, 9999.0, 9999.0, 9999.0, 23.66, 9999.0, 22.55, 9999.0, 22.77, 22.5, 22.25, 22.45, 22.43
2026-09-11, 01:15:34, 22.27, 22.5, 22.77, 22.75, 9999.0, 9999.0, 9999.0, 23.7, 9999.0, 22.57, 9999.0, 22.77, 22.5, 22.25, 22.43, 22.41
2026-09-11, 01:15:38, 22.27, 22.5, 22.77, 22.75, 9999.0, 9999.0, 9999.0, 23.75, 9999.0, 22.59, 9999.0, 22.77, 22.5, 22.25, 22.41, 22.43
2026-09-11, 01:15:42, 22.27, 22.5, 22.77, 22.75, 9999.0, 9999.0, 9999.0, 23.8, 9999.0, 22.61, 9999.0, 22.77, 22.5, 22.25, 22.41, 22.43
2026-09-11, 01:15:46, 22.27, 22.5, 22.77, 22.75, 9999.0, 9999.0, 9999.0, 23.82, 9999.0, 22.61, 9999.0, 22.75, 22.5, 22.25, 22.41, 22.41
2026-09-11, 01:15:50, 22.27, 22.5, 22.77, 22.75, 9999.0, 9999.0, 9999.0, 23.86, 9999.0, 22.61, 9999.0, 22.73, 22.5, 22.25, 22.43, 22.39
2026-09-11, 01:15:54, 22.27, 22.5, 22.75, 22.75, 9999.0, 9999.0, 9999.0, 23.91, 9999.0, 22.61, 9999.0, 22.73, 22.5, 22.25, 22.41, 22.41
2026-09-11, 01:15:58, 22.27, 22.5, 22.75, 22.75, 9999.0, 9999.0, 9999.0, 23.95, 9999.0, 22.61, 9999.0, 22.73, 22.5, 22.27, 22.41, 22.39
2026-09-11, 01:16:02, 22.25, 22.5, 22.75, 22.75, 9999.0, 9999.0, 9999.0, 24.0, 9999.0, 22.59, 9999.0, 22.7, 22.5, 22.27, 22.39, 22.39
2026-09-11, 01:16:06, 22.25, 22.5, 22.75, 22.75, 9999.0, 9999.0, 9999.0, 24.02, 9999.0, 22.57, 9999.0, 22.7, 22.5, 22.27, 22.36, 22.36
2026-09-11, 01:16:10, 22.27, 22.5, 22.75, 22.75, 9999.0, 9999.0, 9999.0, 24.07, 9999.0, 22.52, 9999.0, 22.7, 22.5, 22.27, 22.36, 22.36
2026-09-11, 01:16:15, 22.27, 22.5, 22.75, 22.75, 9999.0, 9999.0, 9999.0, 24.02, 9999.0, 22.5, 9999.0, 22.7, 22.5, 22.27, 22.36, 22.34
2026-09-11, 01:16:19, 22.27, 22.5, 22.75, 22.75, 9999.0, 9999.0, 9999.0, 23.98, 9999.0, 22.48, 9999.0, 22.73, 22.5, 22.27, 22.36, 22.34
2026-09-11, 01:16:23, 22.27, 22.5, 22.75, 22.75, 9999.0, 9999.0, 9999.0, 23.93, 9999.0, 22.48, 9999.0, 22.73, 22.5, 22.27, 22.39, 22.32
2026-09-11, 01:16:27, 22.3, 22.5, 22.75, 22.75, 9999.0, 9999.0, 9999.0, 23.89, 9999.0, 22.5, 9999.0, 22.73, 22.5, 22.27, 22.39, 22.3
2026-09-11, 01:16:31, 22.3, 22.5, 22.75, 22.77, 9999.0, 9999.0, 9999.0, 23.84, 9999.0, 22.5, 9999.0, 22.73, 22.5, 22.27, 22.36, 22.3
2026-09-11, 01:16:35, 22.3, 22.5, 22.75, 22.77, 9999.0, 9999.0, 9999.0, 23.8, 9999.0, 22.52, 9999.0, 22.75, 22.52, 22.27, 22.34, 22.3
2026-09-11, 01:16:39, 22.3, 22.5, 22.75, 22.77, 9999.0, 9999.0, 9999.0, 23.75, 9999.0, 22.55, 9999.0, 22.75, 22.52, 22.27, 22.36, 22.27
2026-09-11, 01:16:43, 22.32, 22.5, 22.75, 22.77, 9999.0, 9999.0, 9999.0, 23.7, 9999.0, 22.57, 9999.0, 22.75, 22.52, 22.25, 22.36, 22.27
2026-09-11, 01:16:47, 22.34, 22.5, 22.75, 22.77, 9999.0, 9999.0, 9999.0, 23.73, 9999.0, 22.59, 9999.0, 22.77, 22.52, 22.25, 22.39, 22.27
2026-09-11, 01:16:51, 22.34, 22.48, 22.75, 22.77, 9999.0, 9999.0, 9999.0, 23.77, 9999.0, 22.61, 9999.0, 22.77, 22.52, 22.25, 22.41, 22.27
2026-09-11, 01:16:55, 22.32, 22.48, 22.75, 22.77, 9999.0, 9999.0, 9999.0, 23.8, 9999.0, 22.66, 9999.0, 22.77, 22.52, 22.25, 22.43, 22.25
2026-09-11, 01:16:59, 22.34, 22.48, 22.75, 22.77, 9999.0, 9999.0, 9999.0, 23.82, 9999.0, 22.68, 9999.0, 22.75, 22.52, 22.25, 22.41, 22.25
2026-09-11, 01:17:03, 22.34, 22.48, 22.75, 22.77, 9999.0, 9999.0, 9999.0, 23.84, 9999.0, 22.68, 9999.0, 22.7, 22.52, 22.25, 22.41, 22.27
2026-09-11, 01:17:07, 22.34, 22.48, 22.75, 22.77, 9999.0, 9999.0, 9999.0, 23.86, 9999.0, 22.68, 9999.0, 22.7, 22.52, 22.25, 22.39, 22.3
2026-09-11, 01:17:11, 22.32, 22.48, 22.75, 22.77, 9999.0, 9999.0, 9999.0, 23.89, 9999.0, 22.66, 9999.0, 22.7, 22.52, 22.25, 22.39, 22.3
2026-09-11, 01:17:15, 22.32, 22.48, 22.75, 22.75, 9999.0, 9999.0, 9999.0, 23.93, 9999.0, 22.66, 9999.0, 22.68, 22.52, 22.25, 22.39, 22.3
2026-09-11, 01:17:19, 22.32, 22.48, 22.75, 22.75, 9999.0, 9999.0, 9999.0, 23.98, 9999.0, 22.64, 9999.0, 22.66, 22.5, 22.25, 22.39, 22.3
2026-09-11, 01:17:23, 22.32, 22.48, 22.75, 22.75, 9999.0, 9999.0, 9999.0, 24.02, 9999.0, 22.61, 9999.0, 22.66, 22.5, 22.25, 22.36, 22.32
2026-09-11, 01:17:27, 22.3, 22.48, 22.75, 22.75, 9999.0, 9999.0, 9999.0, 24.07, 9999.0, 22.59, 9999.0, 22.66, 22.5, 22.25, 22.34, 22.32
2026-09-11, 01:17:31, 22.3, 22.48, 22.75, 22.75, 9999.0, 9999.0, 9999.0, 24.02, 9999.0, 22.57, 9999.0, 22.66, 22.5, 22.25, 22.34, 22.32
2026-09-11, 01:17:35, 22.3, 22.48, 22.75, 22.75, 9999.0, 9999.0, 9999.0, 24.0, 9999.0, 22.55, 9999.0, 22.66, 22.5, 22.25, 22.32, 22.34
2026-09-11, 01:17:39, 22.3, 22.48, 22.75, 22.75, 9999.0, 9999.0, 9999.0, 23.95, 9999.0, 22.52, 9999.0, 22.68, 22.5, 22.25, 22.3, 22.34
2026-09-11, 01:17:43, 22.27, 22.48, 22.75, 22.75, 9999.0, 9999.0, 9999.0, 23.93, 9999.0, 22.52, 9999.0, 22.7, 22.5, 22.25, 22.3, 22.34
2026-09-11, 01:17:47, 22.27, 22.48, 22.75, 22.75, 9999.0, 9999.0, 9999.0, 23.91, 9999.0, 22.55, 9999.0, 22.73, 22.5, 22.25, 22.3, 22.32
2026-09-11, 01:17:51, 22.27, 22.48, 22.75, 22.75, 9999.0, 9999.0, 9999.0, 23.89, 9999.0, 22.57, 9999.0, 22.73, 22.5, 22.25, 22.3, 22.3
2026-09-11, 01:17:55, 22.27, 22.48, 22.75, 22.75, 9999.0, 9999.0, 9999.0, 23.84, 9999.0, 22.59, 9999.0, 22.73, 22.5, 22.25, 22.27, 22.3
2026-09-11, 01:17:59, 22.27, 22.48, 22.75, 22.75, 9999.0, 9999.0, 9999.0, 23.8, 9999.0, 22.61, 9999.0, 22.75, 22.5, 22.25, 22.3, 22.3
2026-09-11, 01:18:03, 22.3, 22.48, 22.75, 22.75, 9999.0, 9999.0, 9999.0, 23.84, 9999.0, 22.64, 9999.0, 22.77, 22.5, 22.25, 22.32, 22.3
2026-09-11, 01:18:07, 22.3, 22.48, 22.75, 22.75, 9999.0, 9999.0, 9999.0, 23.86, 9999.0, 22.66, 9999.0, 22.77, 22.5, 22.25, 22.32, 22.27
2026-09-11, 01:18:11, 22.3, 22.48, 22.75, 22.75, 9999.0, 9999.0, 9999.0, 23.89, 9999.0, 22.68, 9999.0, 22.77, 22.5, 22.25, 22.32, 22.27
2026-09-11, 01:18:15, 22.27, 22.48, 22.75, 22.75, 9999.0, 9999.0, 9999.0, 23.93, 9999.0, 22.7, 9999.0, 22.77, 22.5, 22.25, 22.3, 22.27
2026-09-11, 01:18:19, 22.27, 22.5, 22.75, 22.75, 9999.0, 9999.0, 9999.0, 23.95, 9999.0, 22.73, 9999.0, 22.77, 22.5, 22.25, 22.3, 22.25
2026-09-11, 01:18:23, 22.27, 22.5, 22.75, 22.75, 9999.0, 9999.0, 9999.0, 23.98, 9999.0, 22.75, 9999.0, 22.75, 22.5, 22.25, 22.3, 22.25
2026-09-11, 01:18:27, 22.27, 22.5, 22.75, 22.75, 9999.0, 9999.0, 9999.0, 24.0, 9999.0, 22.75, 9999.0, 22.75, 22.5, 22.25, 22.3, 22.25
2026-09-11, 01:18:31, 22.27, 22.5, 22.75, 22.75, 9999.0, 9999.0, 9999.0, 24.02, 9999.0, 22.75, 9999.0, 22.73, 22.5, 22.25, 22.32, 22.25
2026-09-11, 01:18:35, 22.27, 22.5, 22.75, 22.75, 9999.0, 9999.0, 9999.0, 24.05, 9999.0, 22.75, 9999.0, 22.7, 22.5, 22.25, 22.32, 22.25
2026-09-11, 01:18:39, 22.27, 22.5, 22.75, 22.75, 9999.0, 9999.0, 9999.0, 24.09, 9999.0, 22.75, 9999.0, 22.7, 22.5, 22.25, 22.32, 22.27
2026-09-11, 01:18:43, 22.27, 22.5, 22.75, 22.75, 9999.0, 9999.0, 9999.0, 24.14, 9999.0, 22.73, 9999.0, 22.7, 22.5, 22.25, 22.3, 22.27
2026-09-11, 01:18:47, 22.25, 22.5, 22.75, 22.75, 9999.0, 9999.0, 9999.0, 24.07, 9999.0, 22.7, 9999.0, 22.7, 22.5, 22.25, 22.27, 22.3
2026-09-11, 01:18:51, 22.25, 22.5, 22.75, 22.75, 9999.0, 9999.0, 9999.0, 24.02, 9999.0, 22.68, 9999.0, 22.73, 22.5, 22.25, 22.3, 22.3
2026-09-11, 01:18:55, 22.25, 22.5, 22.75, 22.75, 9999.0, 9999.0, 9999.0, 23.98, 9999.0, 22.66, 9999.0, 22.73, 22.5, 22.25, 22.3, 22.32
2026-09-11, 01:18:59, 22.25, 22.5, 22.75, 22.75, 9999.0, 9999.0, 9999.0, 23.93, 9999.0, 22.66, 9999.0, 22.73, 22.5, 22.25, 22.32, 22.32
2026-09-11, 01:19:03, 22.25, 22.5, 22.75, 22.75, 9999.0, 9999.0, 9999.0, 23.89, 9999.0, 22.66, 9999.0, 22.73, 22.5, 22.25, 22.34, 22.32
2026-09-11, 01:19:07, 22.25, 22.5, 22.75, 22.75, 9999.0, 9999.0, 9999.0, 23.86, 9999.0, 22.66, 9999.0, 22.73, 22.5, 22.25, 22.34, 22.32
2026-09-11, 01:19:11, 22.25, 22.5, 22.75, 22.75, 9999.0, 9999.0, 9999.0, 23.84, 9999.0, 22.68, 9999.0, 22.73, 22.5, 22.25, 22.34, 22.32
2026-09-11, 01:19:15, 22.25, 22.5, 22.75, 22.75, 9999.0, 9999.0, 9999.0, 23.82, 9999.0, 22.68, 9999.0, 22.75, 22.5, 22.25, 22.34, 22.32
2026-09-11, 01:19:19, 22.25, 22.5, 22.75, 22.75, 9999.0, 9999.0, 9999.0, 23.86, 9999.0, 22.68, 9999.0, 22.77, 22.5, 22.25, 22.34, 22.32
2026-09-11, 01:19:23, 22.25, 22.5, 22.75, 22.75, 9999.0, 9999.0, 9999.0, 23.89, 9999.0, 22.68, 9999.0, 22.77, 22.5, 22.25, 22.34, 22.3
2026-09-11, 01:19:27, 22.25, 22.5, 22.75, 22.75, 9999.0, 9999.0, 9999.0, 23.91, 9999.0, 22.7, 9999.0, 22.77, 22.5, 22.25, 22.34, 22.3
2026-09-11, 01:19:31, 22.25, 22.5, 22.75, 22.75, 9999.0, 9999.0, 9999.0, 23.95, 9999.0, 22.73, 9999.0, 22.77, 22.5, 22.25, 22.34, 22.27
2026-09-11, 01:19:35, 22.25, 22.5, 22.75, 22.75, 9999.0, 9999.0, 9999.0, 23.98, 9999.0, 22.75, 9999.0, 22.75, 22.5, 22.25, 22.32, 22.27
2026-09-11, 01:19:39, 22.25, 22.5, 22.75, 22.75, 9999.0, 9999.0, 9999.0, 24.0, 9999.0, 22.77, 9999.0, 22.73, 22.5, 22.25, 22.32, 22.25
2026-09-11, 01:19:43, 22.25, 22.5, 22.75, 22.75, 9999.0, 9999.0, 9999.0, 24.02, 9999.0, 22.75, 9999.0, 22.7, 22.5, 22.25, 22.3, 22.25
2026-09-11, 01:19:47, 22.25, 22.5, 22.75, 22.75, 9999.0, 9999.0, 9999.0, 24.05, 9999.0, 22.73, 9999.0, 22.68, 22.5, 22.25, 22.27, 22.25
2026-09-11, 01:19:51, 22.25, 22.5, 22.75, 22.75, 9999.0, 9999.0, 9999.0, 24.07, 9999.0, 22.73, 9999.0, 22.66, 22.5, 22.25, 22.27, 22.27
2026-09-11, 01:19:55, 22.25, 22.5, 22.75, 22.75, 9999.0, 9999.0, 9999.0, 24.09, 9999.0, 22.7, 9999.0, 22.66, 22.5, 22.25, 22.27, 22.27
2026-09-11, 01:19:59, 22.25, 22.5, 22.75, 22.75, 9999.0, 9999.0, 9999.0, 24.11, 9999.0, 22.68, 9999.0, 22.66, 22.5, 22.25, 22.25, 22.27
2026-09-11, 01:20:04, 22.25, 22.5, 22.75, 22.75, 9999.0, 9999.0, 9999.0, 24.05, 9999.0, 22.66, 9999.0, 22.66, 22.5, 22.25, 22.25, 22.27
2026-09-11, 01:20:08, 22.25, 22.5, 22.75, 22.75, 9999.0, 9999.0, 9999.0, 24.02, 9999.0, 22.64, 9999.0, 22.66, 22.5, 22.25, 22.25, 22.27
2026-09-11, 01:20:12, 22.25, 22.5, 22.75, 22.75, 9999.0, 9999.0, 9999.0, 23.98, 9999.0, 22.61, 9999.0, 22.66, 22.5, 22.25, 22.25, 22.27
2026-09-11, 01:20:16, 22.25, 22.5, 22.75, 22.75, 9999.0, 9999.0, 9999.0, 23.93, 9999.0, 22.61, 9999.0, 22.66, 22.5, 22.25, 22.25, 22.27
2026-09-11, 01:20:20, 22.27, 22.5, 22.75, 22.75, 9999.0, 9999.0, 9999.0, 23.91, 9999.0, 22.61, 9999.0, 22.66, 22.5, 22.25, 22.25, 22.27
2026-09-11, 01:20:24, 22.27, 22.5, 22.75, 22.75, 9999.0, 9999.0, 9999.0, 23.89, 9999.0, 22.61, 9999.0, 22.68, 22.5, 22.25, 22.25, 22.27
2026-09-11, 01:20:28, 22.27, 22.5, 22.75, 22.75, 9999.0, 9999.0, 9999.0, 23.86, 9999.0, 22.64, 9999.0, 22.7, 22.5, 22.25, 22.25, 22.27
2026-09-11, 01:20:32, 22.27, 22.5, 22.75, 22.75, 9999.0, 9999.0, 9999.0, 23.82, 9999.0, 22.66, 9999.0, 22.73, 22.5, 22.25, 22.25, 22.27
2026-09-11, 01:20:36, 22.27, 22.5, 22.75, 22.75, 9999.0, 9999.0, 9999.0, 23.86, 9999.0, 22.66, 9999.0, 22.75, 22.5, 22.25, 22.25, 22.25
2026-09-11, 01:20:40, 22.27, 22.5, 22.75, 22.75, 9999.0, 9999.0, 9999.0, 23.89, 9999.0, 22.66, 9999.0, 22.75, 22.5, 22.25, 22.25, 22.25
2026-09-11, 01:20:44, 22.27, 22.5, 22.75, 22.75, 9999.0, 9999.0, 9999.0, 23.93, 9999.0, 22.68, 9999.0, 22.75, 22.5, 22.25, 22.25, 22.25
2026-09-11, 01:20:48, 22.27, 22.5, 22.75, 22.75, 9999.0, 9999.0, 9999.0, 23.98, 9999.0, 22.7, 9999.0, 22.75, 22.5, 22.25, 22.25, 22.25
2026-09-11, 01:20:52, 22.27, 22.5, 22.75, 22.75, 9999.0, 9999.0, 9999.0, 24.0, 9999.0, 22.73, 9999.0, 22.75, 22.5, 22.25, 22.25, 22.25
2026-09-11, 01:20:56, 22.27, 22.5, 22.75, 22.75, 9999.0, 9999.0, 9999.0, 24.02, 9999.0, 22.75, 9999.0, 22.73, 22.5, 22.25, 22.25, 22.25
2026-09-11, 01:21:00, 22.27, 22.5, 22.75, 22.75, 9999.0, 9999.0, 9999.0, 24.05, 9999.0, 22.75, 9999.0, 22.7, 22.5, 22.25, 22.25, 22.25
2026-09-11, 01:21:04, 22.25, 22.48, 22.75, 22.75, 9999.0, 9999.0, 9999.0, 24.07, 9999.0, 22.75, 9999.0, 22.68, 22.5, 22.25, 22.25, 22.25
2026-09-11, 01:21:08, 22.25, 22.48, 22.75, 22.75, 9999.0, 9999.0, 9999.0, 24.09, 9999.0, 22.73, 9999.0, 22.66, 22.5, 22.25, 22.25, 22.25
2026-09-11, 01:21:12, 22.25, 22.48, 22.75, 22.75, 9999.0, 9999.0, 9999.0, 24.11, 9999.0, 22.7, 9999.0, 22.66, 22.5, 22.25, 22.25, 22.25
2026-09-11, 01:21:16, 22.25, 22.48, 22.75, 22.75, 9999.0, 9999.0, 9999.0, 24.16, 9999.0, 22.68, 9999.0, 22.66, 22.5, 22.25, 22.25, 22.25
2026-09-11, 01:21:20, 22.25, 22.48, 22.75, 22.75, 9999.0, 9999.0, 9999.0, 24.11, 9999.0, 22.66, 9999.0, 22.66, 22.48, 22.25, 22.25, 22.25
2026-09-11, 01:21:24, 22.25, 22.48, 22.75, 22.75, 9999.0, 9999.0, 9999.0, 24.07, 9999.0, 22.64, 9999.0, 22.68, 22.48, 22.25, 22.25, 22.25
2026-09-11, 01:21:28, 22.25, 22.48, 22.75, 22.75, 9999.0, 9999.0, 9999.0, 24.0, 9999.0, 22.61, 9999.0, 22.68, 22.48, 22.25, 22.27, 22.25
2026-09-11, 01:21:32, 22.25, 22.48, 22.75, 22.75, 9999.0, 9999.0, 9999.0, 23.95, 9999.0, 22.59, 9999.0, 22.68, 22.48, 22.25, 22.27, 22.25
2026-09-11, 01:21:36, 22.25, 22.48, 22.75, 22.75, 9999.0, 9999.0, 9999.0, 23.91, 9999.0, 22.59, 9999.0, 22.68, 22.48, 22.25, 22.27, 22.25
2026-09-11, 01:21:40, 22.25, 22.48, 22.75, 22.75, 9999.0, 9999.0, 9999.0, 23.89, 9999.0, 22.59, 9999.0, 22.7, 22.48, 22.25, 22.27, 22.25
2026-09-11, 01:21:44, 22.25, 22.48, 22.75, 22.75, 9999.0, 9999.0, 9999.0, 23.86, 9999.0, 22.59, 9999.0, 22.73, 22.48, 22.25, 22.27, 22.25
2026-09-11, 01:21:48, 22.25, 22.5, 22.75, 22.75, 9999.0, 9999.0, 9999.0, 23.82, 9999.0, 22.59, 9999.0, 22.75, 22.48, 22.25, 22.27, 22.25
2026-09-11, 01:21:52, 22.25, 22.5, 22.75, 22.75, 9999.0, 9999.0, 9999.0, 23.77, 9999.0, 22.61, 9999.0, 22.77, 22.48, 22.25, 22.27, 22.25
2026-09-11, 01:21:56, 22.25, 22.5, 22.75, 22.75, 9999.0, 9999.0, 9999.0, 23.8, 9999.0, 22.64, 9999.0, 22.77, 22.48, 22.25, 22.27, 22.25
2026-09-11, 01:22:00, 22.25, 22.5, 22.75, 22.75, 9999.0, 9999.0, 9999.0, 23.82, 9999.0, 22.66, 9999.0, 22.77, 22.48, 22.25, 22.27, 22.25
2026-09-11, 01:22:04, 22.25, 22.5, 22.75, 22.75, 9999.0, 9999.0, 9999.0, 23.84, 9999.0, 22.68, 9999.0, 22.77, 22.5, 22.25, 22.27, 22.25
2026-09-11, 01:22:08, 22.25, 22.5, 22.75, 22.75, 9999.0, 9999.0, 9999.0, 23.89, 9999.0, 22.7, 9999.0, 22.73, 22.5, 22.25, 22.27, 22.25
2026-09-11, 01:22:12, 22.25, 22.5, 22.75, 22.75, 9999.0, 9999.0, 9999.0, 23.93, 9999.0, 22.7, 9999.0, 22.7, 22.5, 22.25, 22.25, 22.25
2026-09-11, 01:22:16, 22.25, 22.5, 22.75, 22.75, 9999.0, 9999.0, 9999.0, 23.95, 9999.0, 22.73, 9999.0, 22.68, 22.5, 22.25, 22.25, 22.25
2026-09-11, 01:22:20, 22.25, 22.5, 22.75, 22.75, 9999.0, 9999.0, 9999.0, 23.98, 9999.0, 22.7, 9999.0, 22.68, 22.5, 22.25, 22.25, 22.25
2026-09-11, 01:22:24, 22.25, 22.5, 22.75, 22.75, 9999.0, 9999.0, 9999.0, 24.0, 9999.0, 22.68, 9999.0, 22.66, 22.5, 22.25, 22.25, 22.25
2026-09-11, 01:22:28, 22.25, 22.5, 22.75, 22.75, 9999.0, 9999.0, 9999.0, 24.02, 9999.0, 22.66, 9999.0, 22.66, 22.5, 22.25, 22.25, 22.25
2026-09-11, 01:22:32, 22.25, 22.5, 22.75, 22.75, 9999.0, 9999.0, 9999.0, 24.07, 9999.0, 22.64, 9999.0, 22.66, 22.5, 22.25, 22.25, 22.25
2026-09-11, 01:22:36, 22.25, 22.5, 22.75, 22.75, 9999.0, 9999.0, 9999.0, 24.09, 9999.0, 22.61, 9999.0, 22.66, 22.5, 22.25, 22.25, 22.25
2026-09-11, 01:22:40, 22.25, 22.5, 22.75, 22.75, 9999.0, 9999.0, 9999.0, 24.07, 9999.0, 22.59, 9999.0, 22.66, 22.5, 22.25, 22.25, 22.25
2026-09-11, 01:22:44, 22.25, 22.5, 22.75, 22.75, 9999.0, 9999.0, 9999.0, 24.02, 9999.0, 22.57, 9999.0, 22.66, 22.5, 22.25, 22.25, 22.25
2026-09-11, 01:22:48, 22.25, 22.5, 22.75, 22.75, 9999.0, 9999.0, 9999.0, 23.98, 9999.0, 22.55, 9999.0, 22.66, 22.5, 22.25, 22.25, 22.25
2026-09-11, 01:22:52, 22.25, 22.5, 22.75, 22.75, 9999.0, 9999.0, 9999.0, 23.93, 9999.0, 22.52, 9999.0, 22.68, 22.5, 22.25, 22.27, 22.25
2026-09-11, 01:22:56, 22.25, 22.5, 22.75, 22.75, 9999.0, 9999.0, 9999.0, 23.89, 9999.0, 22.52, 9999.0, 22.7, 22.5, 22.25, 22.27, 22.25
2026-09-11, 01:23:00, 22.25, 22.5, 22.75, 22.75, 9999.0, 9999.0, 9999.0, 23.84, 9999.0, 22.52, 9999.0, 22.73, 22.5, 22.25, 22.27, 22.25
2026-09-11, 01:23:04, 22.25, 22.5, 22.75, 22.75, 9999.0, 9999.0, 9999.0, 23.8, 9999.0, 22.55, 9999.0, 22.73, 22.5, 22.25, 22.27, 22.25
2026-09-11, 01:23:08, 22.25, 22.5, 22.75, 22.75, 9999.0, 9999.0, 9999.0, 23.75, 9999.0, 22.57, 9999.0, 22.75, 22.5, 22.25, 22.3, 22.25
2026-09-11, 01:23:12, 22.25, 22.5, 22.75, 22.75, 9999.0, 9999.0, 9999.0, 23.8, 9999.0, 22.59, 9999.0, 22.75, 22.5, 22.25, 22.3, 22.25
2026-09-11, 01:23:16, 22.25, 22.5, 22.75, 22.75, 9999.0, 9999.0, 9999.0, 23.82, 9999.0, 22.61, 9999.0, 22.75, 22.5, 22.25, 22.3, 22.25
2026-09-11, 01:23:20, 22.25, 22.5, 22.75, 22.75, 9999.0, 9999.0, 9999.0, 23.86, 9999.0, 22.64, 9999.0, 22.73, 22.5, 22.25, 22.3, 22.25
2026-09-11, 01:23:24, 22.25, 22.5, 22.75, 22.75, 9999.0, 9999.0, 9999.0, 23.89, 9999.0, 22.66, 9999.0, 22.7, 22.5, 22.25, 22.3, 22.25
2026-09-11, 01:23:29, 22.25, 22.5, 22.75, 22.75, 9999.0, 9999.0, 9999.0, 23.93, 9999.0, 22.68, 9999.0, 22.68, 22.5, 22.25, 22.3, 22.25
2026-09-11, 01:23:33, 22.25, 22.5, 22.75, 22.75, 9999.0, 9999.0, 9999.0, 23.95, 9999.0, 22.7, 9999.0, 22.66, 22.5, 22.25, 22.3, 22.25
2026-09-11, 01:23:37, 22.27, 22.5, 22.75, 22.75, 9999.0, 9999.0, 9999.0, 23.98, 9999.0, 22.7, 9999.0, 22.64, 22.5, 22.25, 22.27, 22.25
2026-09-11, 01:23:41, 22.27, 22.5, 22.75, 22.75, 9999.0, 9999.0, 9999.0, 24.0, 9999.0, 22.7, 9999.0, 22.61, 22.5, 22.25, 22.27, 22.25
2026-09-11, 01:23:45, 22.27, 22.5, 22.75, 22.75, 9999.0, 9999.0, 9999.0, 24.05, 9999.0, 22.68, 9999.0, 22.59, 22.5, 22.25, 22.27, 22.25
2026-09-11, 01:23:49, 22.27, 22.5, 22.75, 22.75, 9999.0, 9999.0, 9999.0, 24.07, 9999.0, 22.66, 9999.0, 22.59, 22.5, 22.25, 22.27, 22.25
2026-09-11, 01:23:53, 22.27, 22.5, 22.75, 22.75, 9999.0, 9999.0, 9999.0, 24.09, 9999.0, 22.64, 9999.0, 22.59, 22.5, 22.25, 22.25, 22.25
2026-09-11, 01:23:57, 22.27, 22.5, 22.75, 22.75, 9999.0, 9999.0, 9999.0, 24.02, 9999.0, 22.61, 9999.0, 22.59, 22.5, 22.25, 22.25, 22.25
2026-09-11, 01:24:01, 22.27, 22.5, 22.75, 22.75, 9999.0, 9999.0, 9999.0, 23.98, 9999.0, 22.57, 9999.0, 22.59, 22.5, 22.25, 22.25, 22.25
2026-09-11, 01:24:05, 22.27, 22.5, 22.75, 22.75, 9999.0, 9999.0, 9999.0, 23.93, 9999.0, 22.55, 9999.0, 22.61, 22.5, 22.25, 22.27, 22.25
2026-09-11, 01:24:09, 22.27, 22.5, 22.75, 22.75, 9999.0, 9999.0, 9999.0, 23.89, 9999.0, 22.55, 9999.0, 22.64, 22.5, 22.25, 22.27, 22.25
2026-09-11, 01:24:13, 22.27, 22.5, 22.75, 22.75, 9999.0, 9999.0, 9999.0, 23.84, 9999.0, 22.52, 9999.0, 22.66, 22.5, 22.25, 22.3, 22.25
2026-09-11, 01:24:17, 22.27, 22.5, 22.75, 22.75, 9999.0, 9999.0, 9999.0, 23.82, 9999.0, 22.52, 9999.0, 22.68, 22.5, 22.25, 22.3, 22.25
2026-09-11, 01:24:21, 22.25, 22.5, 22.75, 22.75, 9999.0, 9999.0, 9999.0, 23.8, 9999.0, 22.55, 9999.0, 22.7, 22.5, 22.25, 22.3, 22.25
2026-09-11, 01:24:25, 22.25, 22.5, 22.75, 22.75, 9999.0, 9999.0, 9999.0, 23.75, 9999.0, 22.57, 9999.0, 22.73, 22.5, 22.25, 22.3, 22.25
2026-09-11, 01:24:29, 22.25, 22.5, 22.75, 22.75, 9999.0, 9999.0, 9999.0, 23.77, 9999.0, 22.57, 9999.0, 22.75, 22.5, 22.25, 22.3, 22.25
2026-09-11, 01:24:33, 22.25, 22.5, 22.75, 22.75, 9999.0, 9999.0, 9999.0, 23.82, 9999.0, 22.57, 9999.0, 22.73, 22.5, 22.25, 22.3, 22.25
2026-09-11, 01:24:37, 22.25, 22.5, 22.75, 22.75, 9999.0, 9999.0, 9999.0, 23.86, 9999.0, 22.57, 9999.0, 22.73, 22.5, 22.25, 22.3, 22.25
2026-09-11, 01:24:41, 22.25, 22.48, 22.75, 22.75, 9999.0, 9999.0, 9999.0, 23.91, 9999.0, 22.57, 9999.0, 22.73, 22.5, 22.25, 22.3, 22.25
2026-09-11, 01:24:45, 22.25, 22.48, 22.75, 22.75, 9999.0, 9999.0, 9999.0, 23.93, 9999.0, 22.59, 9999.0, 22.73, 22.5, 22.25, 22.3, 22.25
2026-09-11, 01:24:49, 22.25, 22.48, 22.75, 22.75, 9999.0, 9999.0, 9999.0, 23.95, 9999.0, 22.61, 9999.0, 22.7, 22.5, 22.25, 22.27, 22.25
2026-09-11, 01:24:53, 22.25, 22.48, 22.75, 22.75, 9999.0, 9999.0, 9999.0, 23.98, 9999.0, 22.59, 9999.0, 22.68, 22.5, 22.25, 22.27, 22.25
2026-09-11, 01:24:57, 22.25, 22.48, 22.75, 22.75, 9999.0, 9999.0, 9999.0, 24.0, 9999.0, 22.59, 9999.0, 22.66, 22.5, 22.25, 22.25, 22.25
2026-09-11, 01:25:01, 22.25, 22.48, 22.75, 22.75, 9999.0, 9999.0, 9999.0, 24.02, 9999.0, 22.57, 9999.0, 22.64, 22.5, 22.25, 22.25, 22.25
2026-09-11, 01:25:05, 22.25, 22.48, 22.75, 22.75, 9999.0, 9999.0, 9999.0, 24.05, 9999.0, 22.55, 9999.0, 22.64, 22.5, 22.25, 22.25, 22.25
2026-09-11, 01:25:09, 22.25, 22.48, 22.75, 22.75, 9999.0, 9999.0, 9999.0, 24.09, 9999.0, 22.52, 9999.0, 22.64, 22.48, 22.25, 22.25, 22.25
2026-09-11, 01:25:13, 22.25, 22.48, 22.75, 22.75, 9999.0, 9999.0, 9999.0, 24.05, 9999.0, 22.52, 9999.0, 22.64, 22.48, 22.25, 22.25, 22.25
2026-09-11, 01:25:17, 22.27, 22.48, 22.75, 22.75, 9999.0, 9999.0, 9999.0, 24.0, 9999.0, 22.5, 9999.0, 22.68, 22.48, 22.25, 22.25, 22.25
2026-09-11, 01:25:21, 22.27, 22.48, 22.75, 22.75, 9999.0, 9999.0, 9999.0, 23.95, 9999.0, 22.48, 9999.0, 22.68, 22.48, 22.25, 22.25, 22.25
2026-09-11, 01:25:25, 22.27, 22.5, 22.75, 22.75, 9999.0, 9999.0, 9999.0, 23.91, 9999.0, 22.48, 9999.0, 22.68, 22.48, 22.25, 22.25, 22.25
2026-09-11, 01:25:29, 22.27, 22.5, 22.75, 22.75, 9999.0, 9999.0, 9999.0, 23.89, 9999.0, 22.48, 9999.0, 22.68, 22.48, 22.25, 22.25, 22.25
2026-09-11, 01:25:33, 22.27, 22.5, 22.75, 22.75, 9999.0, 9999.0, 9999.0, 23.84, 9999.0, 22.45, 9999.0, 22.7, 22.48, 22.25, 22.25, 22.25
2026-09-11, 01:25:37, 22.27, 22.5, 22.75, 22.75, 9999.0, 9999.0, 9999.0, 23.8, 9999.0, 22.48, 9999.0, 22.73, 22.48, 22.25, 22.25, 22.25
2026-09-11, 01:25:41, 22.27, 22.5, 22.75, 22.75, 9999.0, 9999.0, 9999.0, 23.75, 9999.0, 22.48, 9999.0, 22.75, 22.48, 22.25, 22.25, 22.25
2026-09-11, 01:25:45, 22.27, 22.5, 22.75, 22.75, 9999.0, 9999.0, 9999.0, 23.77, 9999.0, 22.5, 9999.0, 22.77, 22.48, 22.25, 22.25, 22.25
2026-09-11, 01:25:49, 22.27, 22.5, 22.75, 22.75, 9999.0, 9999.0, 9999.0, 23.8, 9999.0, 22.5, 9999.0, 22.77, 22.48, 22.25, 22.25, 22.25
2026-09-11, 01:25:53, 22.27, 22.5, 22.75, 22.75, 9999.0, 9999.0, 9999.0, 23.82, 9999.0, 22.5, 9999.0, 22.77, 22.5, 22.25, 22.25, 22.25
2026-09-11, 01:25:58, 22.3, 22.5, 22.75, 22.75, 9999.0, 9999.0, 9999.0, 23.84, 9999.0, 22.5, 9999.0, 22.75, 22.5, 22.25, 22.25, 22.25
2026-09-11, 01:26:02, 22.27, 22.5, 22.75, 22.75, 9999.0, 9999.0, 9999.0, 23.86, 9999.0, 22.52, 9999.0, 22.73, 22.5, 22.25, 22.25, 22.25
2026-09-11, 01:26:06, 22.27, 22.5, 22.75, 22.75, 9999.0, 9999.0, 9999.0, 23.91, 9999.0, 22.55, 9999.0, 22.7, 22.5, 22.25, 22.25, 22.25
2026-09-11, 01:26:10, 22.27, 22.5, 22.75, 22.75, 9999.0, 9999.0, 9999.0, 23.93, 9999.0, 22.55, 9999.0, 22.68, 22.5, 22.25, 22.25, 22.25
2026-09-11, 01:26:14, 22.27, 22.5, 22.75, 22.75, 9999.0, 9999.0, 9999.0, 23.93, 9999.0, 22.52, 9999.0, 22.66, 22.48, 22.25, 22.25, 22.25
2026-09-11, 01:26:18, 22.27, 22.5, 22.75, 22.75, 9999.0, 9999.0, 9999.0, 23.98, 9999.0, 22.52, 9999.0, 22.64, 22.48, 22.25, 22.25, 22.25
2026-09-11, 01:26:22, 22.27, 22.5, 22.75, 22.75, 9999.0, 9999.0, 9999.0, 24.02, 9999.0, 22.5, 9999.0, 22.64, 22.48, 22.25, 22.25, 22.25
2026-09-11, 01:26:26, 22.27, 22.5, 22.75, 22.75, 9999.0, 9999.0, 9999.0, 24.07, 9999.0, 22.48, 9999.0, 22.64, 22.48, 22.25, 22.25, 22.25
2026-09-11, 01:26:30, 22.27, 22.5, 22.75, 22.75, 9999.0, 9999.0, 9999.0, 24.05, 9999.0, 22.45, 9999.0, 22.64, 22.48, 22.25, 22.25, 22.25
2026-09-11, 01:26:34, 22.27, 22.5, 22.75, 22.75, 9999.0, 9999.0, 9999.0, 24.0, 9999.0, 22.43, 9999.0, 22.66, 22.48, 22.25, 22.25, 22.25
2026-09-11, 01:26:38, 22.27, 22.5, 22.75, 22.75, 9999.0, 9999.0, 9999.0, 23.95, 9999.0, 22.41, 9999.0, 22.66, 22.48, 22.25, 22.25, 22.25
2026-09-11, 01:26:42, 22.25, 22.5, 22.75, 22.75, 9999.0, 9999.0, 9999.0, 23.93, 9999.0, 22.39, 9999.0, 22.68, 22.48, 22.25, 22.25, 22.25
2026-09-11, 01:26:46, 22.25, 22.5, 22.75, 22.75, 9999.0, 9999.0, 9999.0, 23.91, 9999.0, 22.39, 9999.0, 22.68, 22.48, 22.25, 22.25, 22.25
2026-09-11, 01:26:50, 22.25, 22.5, 22.75, 22.75, 9999.0, 9999.0, 9999.0, 23.86, 9999.0, 22.39, 9999.0, 22.7, 22.48, 22.25, 22.25, 22.25
2026-09-11, 01:26:54, 22.25, 22.5, 22.75, 22.75, 9999.0, 9999.0, 9999.0, 23.82, 9999.0, 22.41, 9999.0, 22.73, 22.48, 22.25, 22.25, 22.25
2026-09-11, 01:26:58, 22.25, 22.5, 22.75, 22.75, 9999.0, 9999.0, 9999.0, 23.8, 9999.0, 22.45, 9999.0, 22.75, 22.5, 22.25, 22.25, 22.25
2026-09-11, 01:27:02, 22.25, 22.5, 22.75, 22.75, 9999.0, 9999.0, 9999.0, 23.75, 9999.0, 22.48, 9999.0, 22.77, 22.5, 22.25, 22.25, 22.25
2026-09-11, 01:27:06, 22.25, 22.5, 22.75, 22.75, 9999.0, 9999.0, 9999.0, 23.77, 9999.0, 22.48, 9999.0, 22.77, 22.5, 22.25, 22.25, 22.25
2026-09-11, 01:27:10, 22.25, 22.5, 22.75, 22.75, 9999.0, 9999.0, 9999.0, 23.8, 9999.0, 22.5, 9999.0, 22.75, 22.5, 22.25, 22.25, 22.25
2026-09-11, 01:27:14, 22.25, 22.5, 22.75, 22.75, 9999.0, 9999.0, 9999.0, 23.8, 9999.0, 22.5, 9999.0, 22.73, 22.5, 22.25, 22.25, 22.25
2026-09-11, 01:27:18, 22.25, 22.5, 22.75, 22.75, 9999.0, 9999.0, 9999.0, 23.82, 9999.0, 22.5, 9999.0, 22.68, 22.5, 22.25, 22.25, 22.25
2026-09-11, 01:27:22, 22.25, 22.5, 22.75, 22.75, 9999.0, 9999.0, 9999.0, 23.84, 9999.0, 22.52, 9999.0, 22.66, 22.5, 22.25, 22.25, 22.25
2026-09-11, 01:27:26, 22.25, 22.5, 22.75, 22.75, 9999.0, 9999.0, 9999.0, 23.86, 9999.0, 22.55, 9999.0, 22.64, 22.5, 22.25, 22.25, 22.25
2026-09-11, 01:27:30, 22.25, 22.5, 22.75, 22.75, 9999.0, 9999.0, 9999.0, 23.89, 9999.0, 22.55, 9999.0, 22.61, 22.48, 22.25, 22.25, 22.25
2026-09-11, 01:27:34, 22.25, 22.5, 22.75, 22.75, 9999.0, 9999.0, 9999.0, 23.89, 9999.0, 22.55, 9999.0, 22.59, 22.48, 22.25, 22.25, 22.25
2026-09-11, 01:27:38, 22.25, 22.5, 22.75, 22.75, 9999.0, 9999.0, 9999.0, 23.93, 9999.0, 22.5, 9999.0, 22.57, 22.48, 22.25, 22.25, 22.25
2026-09-11, 01:27:42, 22.25, 22.5, 22.75, 22.75, 9999.0, 9999.0, 9999.0, 23.95, 9999.0, 22.45, 9999.0, 22.57, 22.48, 22.25, 22.25, 22.25
2026-09-11, 01:27:46, 22.25, 22.5, 22.75, 22.75, 9999.0, 9999.0, 9999.0, 23.98, 9999.0, 22.41, 9999.0, 22.57, 22.48, 22.25, 22.25, 22.25
2026-09-11, 01:27:50, 22.25, 22.5, 22.75, 22.75, 9999.0, 9999.0, 9999.0, 23.93, 9999.0, 22.39, 9999.0, 22.57, 22.48, 22.25, 22.25, 22.25
2026-09-11, 01:27:54, 22.25, 22.5, 22.75, 22.75, 9999.0, 9999.0, 9999.0, 23.89, 9999.0, 22.36, 9999.0, 22.59, 22.48, 22.25, 22.25, 22.25
2026-09-11, 01:27:58, 22.25, 22.5, 22.75, 22.75, 9999.0, 9999.0, 9999.0, 23.86, 9999.0, 22.34, 9999.0, 22.61, 22.48, 22.25, 22.25, 22.25
2026-09-11, 01:28:02, 22.25, 22.5, 22.75, 22.75, 9999.0, 9999.0, 9999.0, 23.84, 9999.0, 22.34, 9999.0, 22.64, 22.48, 22.25, 22.25, 22.25
2026-09-11, 01:28:06, 22.25, 22.5, 22.75, 22.75, 9999.0, 9999.0, 9999.0, 23.8, 9999.0, 22.34, 9999.0, 22.66, 22.48, 22.25, 22.25, 22.25
2026-09-11, 01:28:10, 22.25, 22.5, 22.75, 22.75, 9999.0, 9999.0, 9999.0, 23.75, 9999.0, 22.34, 9999.0, 22.68, 22.48, 22.25, 22.25, 22.25
2026-09-11, 01:28:14, 22.25, 22.5, 22.75, 22.75, 9999.0, 9999.0, 9999.0, 23.7, 9999.0, 22.36, 9999.0, 22.7, 22.5, 22.25, 22.25, 22.25
2026-09-11, 01:28:18, 22.25, 22.5, 22.75, 22.75, 9999.0, 9999.0, 9999.0, 23.68, 9999.0, 22.36, 9999.0, 22.73, 22.5, 22.25, 22.25, 22.25
2026-09-11, 01:28:22, 22.25, 22.5, 22.75, 22.75, 9999.0, 9999.0, 9999.0, 23.73, 9999.0, 22.39, 9999.0, 22.75, 22.5, 22.25, 22.25, 22.25
2026-09-11, 01:28:26, 22.25, 22.5, 22.75, 22.75, 9999.0, 9999.0, 9999.0, 23.77, 9999.0, 22.41, 9999.0, 22.75, 22.5, 22.25, 22.25, 22.25
2026-09-11, 01:28:30, 22.25, 22.5, 22.75, 22.75, 9999.0, 9999.0, 9999.0, 23.82, 9999.0, 22.43, 9999.0, 22.75, 22.5, 22.25, 22.25, 22.25
2026-09-11, 01:28:34, 22.25, 22.5, 22.75, 22.75, 9999.0, 9999.0, 9999.0, 23.84, 9999.0, 22.45, 9999.0, 22.73, 22.5, 22.25, 22.25, 22.25
2026-09-11, 01:28:38, 22.25, 22.5, 22.75, 22.75, 9999.0, 9999.0, 9999.0, 23.86, 9999.0, 22.48, 9999.0, 22.7, 22.5, 22.25, 22.25, 22.25
2026-09-11, 01:28:42, 22.25, 22.5, 22.75, 22.75, 9999.0, 9999.0, 9999.0, 23.89, 9999.0, 22.5, 9999.0, 22.68, 22.5, 22.25, 22.25, 22.25
2026-09-11, 01:28:46, 22.25, 22.5, 22.75, 22.75, 9999.0, 9999.0, 9999.0, 23.91, 9999.0, 22.5, 9999.0, 22.66, 22.5, 22.25, 22.25, 22.25
2026-09-11, 01:28:50, 22.25, 22.5, 22.75, 22.75, 9999.0, 9999.0, 9999.0, 23.93, 9999.0, 22.48, 9999.0, 22.64, 22.5, 22.25, 22.25, 22.25
2026-09-11, 01:28:54, 22.25, 22.5, 22.75, 22.75, 9999.0, 9999.0, 9999.0, 23.98, 9999.0, 22.45, 9999.0, 22.61, 22.5, 22.25, 22.25, 22.25
2026-09-11, 01:28:58, 22.25, 22.5, 22.75, 22.75, 9999.0, 9999.0, 9999.0, 24.0, 9999.0, 22.41, 9999.0, 22.61, 22.5, 22.25, 22.25, 22.25
2026-09-11, 01:29:02, 22.25, 22.48, 22.75, 22.75, 9999.0, 9999.0, 9999.0, 24.02, 9999.0, 22.39, 9999.0, 22.61, 22.5, 22.25, 22.25, 22.25
2026-09-11, 01:29:06, 22.25, 22.48, 22.75, 22.75, 9999.0, 9999.0, 9999.0, 23.95, 9999.0, 22.34, 9999.0, 22.61, 22.5, 22.25, 22.25, 22.25
2026-09-11, 01:29:10, 22.25, 22.48, 22.75, 22.75, 9999.0, 9999.0, 9999.0, 23.89, 9999.0, 22.3, 9999.0, 22.61, 22.5, 22.25, 22.25, 22.25
2026-09-11, 01:29:14, 22.25, 22.48, 22.75, 22.75, 9999.0, 9999.0, 9999.0, 23.82, 9999.0, 22.27, 9999.0, 22.61, 22.5, 22.25, 22.25, 22.25
2026-09-11, 01:29:18, 22.25, 22.45, 22.75, 22.75, 9999.0, 9999.0, 9999.0, 23.77, 9999.0, 22.23, 9999.0, 22.64, 22.5, 22.25, 22.25, 22.25
2026-09-11, 01:29:22, 22.25, 22.45, 22.75, 22.75, 9999.0, 9999.0, 9999.0, 23.73, 9999.0, 22.2, 9999.0, 22.66, 22.48, 22.25, 22.25, 22.25
2026-09-11, 01:29:26, 22.25, 22.45, 22.75, 22.75, 9999.0, 9999.0, 9999.0, 23.68, 9999.0, 22.18, 9999.0, 22.68, 22.48, 22.25, 22.25, 22.25
2026-09-11, 01:29:30, 22.25, 22.45, 22.75, 22.75, 9999.0, 9999.0, 9999.0, 23.64, 9999.0, 22.2, 9999.0, 22.7, 22.48, 22.25, 22.25, 22.25
2026-09-11, 01:29:34, 22.25, 22.45, 22.75, 22.75, 9999.0, 9999.0, 9999.0, 23.61, 9999.0, 22.23, 9999.0, 22.73, 22.48, 22.25, 22.25, 22.25
2026-09-11, 01:29:38, 22.25, 22.45, 22.75, 22.75, 9999.0, 9999.0, 9999.0, 23.57, 9999.0, 22.25, 9999.0, 22.75, 22.48, 22.25, 22.25, 22.25
2026-09-11, 01:29:42, 22.25, 22.45, 22.75, 22.75, 9999.0, 9999.0, 9999.0, 23.61, 9999.0, 22.27, 9999.0, 22.75, 22.48, 22.25, 22.25, 22.25
2026-09-11, 01:29:47, 22.25, 22.48, 22.75, 22.75, 9999.0, 9999.0, 9999.0, 23.66, 9999.0, 22.27, 9999.0, 22.73, 22.48, 22.25, 22.25, 22.25
2026-09-11, 01:29:51, 22.25, 22.48, 22.75, 22.75, 9999.0, 9999.0, 9999.0, 23.68, 9999.0, 22.3, 9999.0, 22.7, 22.48, 22.25, 22.25, 22.25
2026-09-11, 01:29:55, 22.25, 22.48, 22.75, 22.75, 9999.0, 9999.0, 9999.0, 23.73, 9999.0, 22.32, 9999.0, 22.68, 22.48, 22.25, 22.25, 22.25
2026-09-11, 01:29:59, 22.25, 22.48, 22.75, 22.75, 9999.0, 9999.0, 9999.0, 23.77, 9999.0, 22.32, 9999.0, 22.68, 22.48, 22.25, 22.27, 22.25
2026-09-11, 01:30:03, 22.25, 22.5, 22.75, 22.75, 9999.0, 9999.0, 9999.0, 23.82, 9999.0, 22.36, 9999.0, 22.68, 22.48, 22.25, 22.27, 22.25
2026-09-11, 01:30:07, 22.25, 22.5, 22.75, 22.75, 9999.0, 9999.0, 9999.0, 23.84, 9999.0, 22.36, 9999.0, 22.66, 22.5, 22.25, 22.27, 22.25
2026-09-11, 01:30:11, 22.25, 22.5, 22.75, 22.75, 9999.0, 9999.0, 9999.0, 23.86, 9999.0, 22.36, 9999.0, 22.64, 22.5, 22.25, 22.27, 22.25
2026-09-11, 01:30:15, 22.25, 22.5, 22.75, 22.75, 9999.0, 9999.0, 9999.0, 23.91, 9999.0, 22.34, 9999.0, 22.61, 22.5, 22.25, 22.27, 22.25
2026-09-11, 01:30:19, 22.25, 22.5, 22.75, 22.75, 9999.0, 9999.0, 9999.0, 23.93, 9999.0, 22.32, 9999.0, 22.61, 22.5, 22.25, 22.27, 22.25
2026-09-11, 01:30:23, 22.25, 22.5, 22.75, 22.75, 9999.0, 9999.0, 9999.0, 23.95, 9999.0, 22.3, 9999.0, 22.61, 22.5, 22.25, 22.27, 22.25
2026-09-11, 01:30:27, 22.25, 22.5, 22.75, 22.75, 9999.0, 9999.0, 9999.0, 23.91, 9999.0, 22.27, 9999.0, 22.61, 22.5, 22.25, 22.27, 22.25
2026-09-11, 01:30:31, 22.25, 22.5, 22.75, 22.75, 9999.0, 9999.0, 9999.0, 23.84, 9999.0, 22.27, 9999.0, 22.64, 22.5, 22.25, 22.27, 22.25
2026-09-11, 01:30:35, 22.25, 22.5, 22.75, 22.75, 9999.0, 9999.0, 9999.0, 23.8, 9999.0, 22.27, 9999.0, 22.66, 22.5, 22.25, 22.27, 22.25
2026-09-11, 01:30:39, 22.25, 22.5, 22.75, 22.75, 9999.0, 9999.0, 9999.0, 23.75, 9999.0, 22.3, 9999.0, 22.68, 22.5, 22.25, 22.27, 22.25
2026-09-11, 01:30:43, 22.25, 22.5, 22.75, 22.75, 9999.0, 9999.0, 9999.0, 23.7, 9999.0, 22.3, 9999.0, 22.68, 22.5, 22.25, 22.25, 22.25
2026-09-11, 01:30:47, 22.25, 22.5, 22.75, 22.75, 9999.0, 9999.0, 9999.0, 23.66, 9999.0, 22.27, 9999.0, 22.68, 22.5, 22.25, 22.25, 22.25
2026-09-11, 01:30:51, 22.25, 22.5, 22.75, 22.75, 9999.0, 9999.0, 9999.0, 23.64, 9999.0, 22.3, 9999.0, 22.7, 22.5, 22.25, 22.25, 22.25
2026-09-11, 01:30:55, 22.25, 22.5, 22.75, 22.75, 9999.0, 9999.0, 9999.0, 23.61, 9999.0, 22.32, 9999.0, 22.73, 22.5, 22.25, 22.25, 22.25
2026-09-11, 01:30:59, 22.25, 22.5, 22.75, 22.75, 9999.0, 9999.0, 9999.0, 23.64, 9999.0, 22.34, 9999.0, 22.75, 22.5, 22.25, 22.25, 22.25
2026-09-11, 01:31:03, 22.25, 22.5, 22.75, 22.75, 9999.0, 9999.0, 9999.0, 23.68, 9999.0, 22.36, 9999.0, 22.75, 22.5, 22.25, 22.25, 22.25
2026-09-11, 01:31:07, 22.25, 22.5, 22.75, 22.75, 9999.0, 9999.0, 9999.0, 23.7, 9999.0, 22.36, 9999.0, 22.75, 22.5, 22.25, 22.25, 22.25
2026-09-11, 01:31:11, 22.25, 22.5, 22.75, 22.75, 9999.0, 9999.0, 9999.0, 23.73, 9999.0, 22.36, 9999.0, 22.75, 22.5, 22.25, 22.25, 22.25
2026-09-11, 01:31:15, 22.25, 22.5, 22.75, 22.75, 9999.0, 9999.0, 9999.0, 23.77, 9999.0, 22.36, 9999.0, 22.73, 22.5, 22.25, 22.25, 22.25
2026-09-11, 01:31:19, 22.25, 22.5, 22.75, 22.75, 9999.0, 9999.0, 9999.0, 23.82, 9999.0, 22.36, 9999.0, 22.7, 22.5, 22.25, 22.25, 22.25
2026-09-11, 01:31:23, 22.25, 22.5, 22.75, 22.75, 9999.0, 9999.0, 9999.0, 23.84, 9999.0, 22.34, 9999.0, 22.68, 22.5, 22.25, 22.25, 22.25
2026-09-11, 01:31:27, 22.25, 22.48, 22.75, 22.75, 9999.0, 9999.0, 9999.0, 23.86, 9999.0, 22.34, 9999.0, 22.66, 22.5, 22.25, 22.25, 22.25
2026-09-11, 01:31:32, 22.25, 22.48, 22.75, 22.75, 9999.0, 9999.0, 9999.0, 23.89, 9999.0, 22.34, 9999.0, 22.64, 22.5, 22.25, 22.25, 22.25
2026-09-11, 01:31:36, 22.25, 22.48, 22.75, 22.75, 9999.0, 9999.0, 9999.0, 23.91, 9999.0, 22.3, 9999.0, 22.64, 22.5, 22.25, 22.25, 22.25
2026-09-11, 01:31:40, 22.25, 22.48, 22.75, 22.75, 9999.0, 9999.0, 9999.0, 23.93, 9999.0, 22.27, 9999.0, 22.64, 22.5, 22.25, 22.25, 22.25
2026-09-11, 01:31:44, 22.25, 22.48, 22.75, 22.75, 9999.0, 9999.0, 9999.0, 23.89, 9999.0, 22.23, 9999.0, 22.64, 22.5, 22.25, 22.25, 22.25
2026-09-11, 01:31:48, 22.25, 22.48, 22.75, 22.75, 9999.0, 9999.0, 9999.0, 23.82, 9999.0, 22.2, 9999.0, 22.64, 22.5, 22.25, 22.25, 22.25
2026-09-11, 01:31:52, 22.25, 22.45, 22.75, 22.75, 9999.0, 9999.0, 9999.0, 23.77, 9999.0, 22.18, 9999.0, 22.64, 22.5, 22.25, 22.25, 22.25
2026-09-11, 01:31:56, 22.27, 22.43, 22.75, 22.75, 9999.0, 9999.0, 9999.0, 23.73, 9999.0, 22.16, 9999.0, 22.64, 22.5, 22.25, 22.25, 22.25
2026-09-11, 01:32:00, 22.27, 22.43, 22.75, 22.75, 9999.0, 9999.0, 9999.0, 23.68, 9999.0, 22.16, 9999.0, 22.66, 22.5, 22.25, 22.25, 22.25
2026-09-11, 01:32:04, 22.27, 22.43, 22.75, 22.75, 9999.0, 9999.0, 9999.0, 23.64, 9999.0, 22.16, 9999.0, 22.68, 22.5, 22.25, 22.25, 22.25
2026-09-11, 01:32:08, 22.27, 22.43, 22.75, 22.75, 9999.0, 9999.0, 9999.0, 23.61, 9999.0, 22.18, 9999.0, 22.7, 22.5, 22.25, 22.25, 22.25
2026-09-11, 01:32:12, 22.27, 22.45, 22.75, 22.75, 9999.0, 9999.0, 9999.0, 23.59, 9999.0, 22.18, 9999.0, 22.73, 22.5, 22.25, 22.25, 22.25
2026-09-11, 01:32:16, 22.27, 22.45, 22.75, 22.75, 9999.0, 9999.0, 9999.0, 23.57, 9999.0, 22.18, 9999.0, 22.75, 22.5, 22.25, 22.25, 22.25
2026-09-11, 01:32:20, 22.27, 22.45, 22.75, 22.75, 9999.0, 9999.0, 9999.0, 23.61, 9999.0, 22.2, 9999.0, 22.75, 22.5, 22.25, 22.25, 22.25
2026-09-11, 01:32:24, 22.27, 22.45, 22.75, 22.75, 9999.0, 9999.0, 9999.0, 23.64, 9999.0, 22.2, 9999.0, 22.75, 22.5, 22.25, 22.25, 22.25
2026-09-11, 01:32:28, 22.27, 22.45, 22.75, 22.75, 9999.0, 9999.0, 9999.0, 23.66, 9999.0, 22.23, 9999.0, 22.75, 22.5, 22.25, 22.27, 22.25
2026-09-11, 01:32:32, 22.27, 22.45, 22.75, 22.75, 9999.0, 9999.0, 9999.0, 23.73, 9999.0, 22.23, 9999.0, 22.75, 22.5, 22.25, 22.27, 22.25
2026-09-11, 01:32:36, 22.27, 22.48, 22.75, 22.75, 9999.0, 9999.0, 9999.0, 23.77, 9999.0, 22.25, 9999.0, 22.75, 22.5, 22.25, 22.27, 22.25
2026-09-11, 01:32:40, 22.25, 22.5, 22.75, 22.75, 9999.0, 9999.0, 9999.0, 23.8, 9999.0, 22.27, 9999.0, 22.73, 22.5, 22.25, 22.27, 22.25
2026-09-11, 01:32:44, 22.25, 22.5, 22.75, 22.75, 9999.0, 9999.0, 9999.0, 23.82, 9999.0, 22.27, 9999.0, 22.7, 22.5, 22.25, 22.27, 22.25
2026-09-11, 01:32:48, 22.25, 22.5, 22.75, 22.75, 9999.0, 9999.0, 9999.0, 23.84, 9999.0, 22.27, 9999.0, 22.68, 22.5, 22.25, 22.27, 22.25
2026-09-11, 01:32:52, 22.25, 22.5, 22.75, 22.75, 9999.0, 9999.0, 9999.0, 23.86, 9999.0, 22.25, 9999.0, 22.66, 22.5, 22.25, 22.27, 22.25
2026-09-11, 01:32:56, 22.25, 22.5, 22.75, 22.75, 9999.0, 9999.0, 9999.0, 23.89, 9999.0, 22.25, 9999.0, 22.66, 22.5, 22.25, 22.27, 22.25
2026-09-11, 01:33:00, 22.25, 22.5, 22.75, 22.75, 9999.0, 9999.0, 9999.0, 23.89, 9999.0, 22.25, 9999.0, 22.66, 22.5, 22.25, 22.27, 22.25
2026-09-11, 01:33:04, 22.25, 22.5, 22.75, 22.75, 9999.0, 9999.0, 9999.0, 23.84, 9999.0, 22.23, 9999.0, 22.66, 22.5, 22.25, 22.27, 22.25
2026-09-11, 01:33:08, 22.25, 22.5, 22.75, 22.75, 9999.0, 9999.0, 9999.0, 23.82, 9999.0, 22.2, 9999.0, 22.66, 22.5, 22.25, 22.27, 22.25
2026-09-11, 01:33:12, 22.25, 22.5, 22.75, 22.75, 9999.0, 9999.0, 9999.0, 23.77, 9999.0, 22.18, 9999.0, 22.66, 22.5, 22.25, 22.25, 22.25
2026-09-11, 01:33:16, 22.25, 22.5, 22.75, 22.75, 9999.0, 9999.0, 9999.0, 23.7, 9999.0, 22.18, 9999.0, 22.66, 22.5, 22.25, 22.25, 22.25
2026-09-11, 01:33:20, 22.25, 22.5, 22.75, 22.75, 9999.0, 9999.0, 9999.0, 23.66, 9999.0, 22.18, 9999.0, 22.66, 22.5, 22.25, 22.25, 22.25
2026-09-11, 01:33:24, 22.25, 22.5, 22.75, 22.75, 9999.0, 9999.0, 9999.0, 23.61, 9999.0, 22.2, 9999.0, 22.68, 22.5, 22.25, 22.25, 22.25
2026-09-11, 01:33:28, 22.25, 22.5, 22.75, 22.75, 9999.0, 9999.0, 9999.0, 23.59, 9999.0, 22.23, 9999.0, 22.7, 22.5, 22.25, 22.25, 22.25
2026-09-11, 01:33:32, 22.25, 22.5, 22.75, 22.75, 9999.0, 9999.0, 9999.0, 23.55, 9999.0, 22.25, 9999.0, 22.73, 22.5, 22.25, 22.25, 22.25
2026-09-11, 01:33:36, 22.25, 22.5, 22.75, 22.75, 9999.0, 9999.0, 9999.0, 23.57, 9999.0, 22.25, 9999.0, 22.75, 22.5, 22.25, 22.25, 22.25
2026-09-11, 01:33:40, 22.25, 22.5, 22.75, 22.75, 9999.0, 9999.0, 9999.0, 23.59, 9999.0, 22.25, 9999.0, 22.75, 22.5, 22.25, 22.25, 22.25
2026-09-11, 01:33:44, 22.25, 22.5, 22.75, 22.75, 9999.0, 9999.0, 9999.0, 23.64, 9999.0, 22.25, 9999.0, 22.75, 22.5, 22.25, 22.25, 22.25
2026-09-11, 01:33:48, 22.25, 22.5, 22.75, 22.75, 9999.0, 9999.0, 9999.0, 23.66, 9999.0, 22.27, 9999.0, 22.75, 22.5, 22.25, 22.25, 22.25
2026-09-11, 01:33:52, 22.25, 22.5, 22.75, 22.75, 9999.0, 9999.0, 9999.0, 23.68, 9999.0, 22.3, 9999.0, 22.73, 22.5, 22.25, 22.25, 22.25
2026-09-11, 01:33:56, 22.25, 22.5, 22.75, 22.75, 9999.0, 9999.0, 9999.0, 23.7, 9999.0, 22.32, 9999.0, 22.7, 22.5, 22.25, 22.25, 22.25
2026-09-11, 01:34:00, 22.25, 22.5, 22.75, 22.75, 9999.0, 9999.0, 9999.0, 23.73, 9999.0, 22.3, 9999.0, 22.68, 22.5, 22.25, 22.25, 22.25
2026-09-11, 01:34:04, 22.25, 22.5, 22.75, 22.75, 9999.0, 9999.0, 9999.0, 23.75, 9999.0, 22.27, 9999.0, 22.66, 22.5, 22.25, 22.25, 22.25
2026-09-11, 01:34:08, 22.25, 22.5, 22.75, 22.75, 9999.0, 9999.0, 9999.0, 23.8, 9999.0, 22.23, 9999.0, 22.64, 22.5, 22.25, 22.25, 22.25
2026-09-11, 01:34:12, 22.25, 22.5, 22.75, 22.75, 9999.0, 9999.0, 9999.0, 23.8, 9999.0, 22.18, 9999.0, 22.64, 22.5, 22.25, 22.25, 22.25
2026-09-11, 01:34:16, 22.25, 22.5, 22.75, 22.75, 9999.0, 9999.0, 9999.0, 23.84, 9999.0, 22.14, 9999.0, 22.64, 22.5, 22.25, 22.25, 22.25
2026-09-11, 01:34:20, 22.25, 22.5, 22.75, 22.75, 9999.0, 9999.0, 9999.0, 23.82, 9999.0, 22.11, 9999.0, 22.64, 22.5, 22.25, 22.25, 22.25
2026-09-11, 01:34:24, 22.25, 22.5, 22.75, 22.75, 9999.0, 9999.0, 9999.0, 23.77, 9999.0, 22.09, 9999.0, 22.64, 22.5, 22.25, 22.25, 22.25
2026-09-11, 01:34:28, 22.25, 22.5, 22.75, 22.75, 9999.0, 9999.0, 9999.0, 23.73, 9999.0, 22.07, 9999.0, 22.64, 22.5, 22.25, 22.25, 22.25
2026-09-11, 01:34:33, 22.25, 22.5, 22.75, 22.75, 9999.0, 9999.0, 9999.0, 23.68, 9999.0, 22.07, 9999.0, 22.64, 22.5, 22.25, 22.25, 22.25
2026-09-11, 01:34:37, 22.25, 22.5, 22.75, 22.75, 9999.0, 9999.0, 9999.0, 23.64, 9999.0, 22.07, 9999.0, 22.66, 22.5, 22.25, 22.25, 22.25
2026-09-11, 01:34:41, 22.25, 22.5, 22.75, 22.75, 9999.0, 9999.0, 9999.0, 23.61, 9999.0, 22.05, 9999.0, 22.68, 22.5, 22.25, 22.25, 22.25
2026-09-11, 01:34:45, 22.25, 22.5, 22.75, 22.75, 9999.0, 9999.0, 9999.0, 23.57, 9999.0, 22.07, 9999.0, 22.7, 22.5, 22.25, 22.25, 22.25
2026-09-11, 01:34:49, 22.25, 22.5, 22.75, 22.75, 9999.0, 9999.0, 9999.0, 23.55, 9999.0, 22.09, 9999.0, 22.73, 22.5, 22.25, 22.25, 22.25
2026-09-11, 01:34:53, 22.25, 22.5, 22.75, 22.75, 9999.0, 9999.0, 9999.0, 23.59, 9999.0, 22.11, 9999.0, 22.75, 22.5, 22.25, 22.25, 22.25
2026-09-11, 01:34:57, 22.25, 22.5, 22.75, 22.75, 9999.0, 9999.0, 9999.0, 23.64, 9999.0, 22.14, 9999.0, 22.75, 22.5, 22.25, 22.25, 22.27
2026-09-11, 01:35:01, 22.25, 22.5, 22.75, 22.75, 9999.0, 9999.0, 9999.0, 23.66, 9999.0, 22.16, 9999.0, 22.75, 22.5, 22.25, 22.27, 22.27
2026-09-11, 01:35:05, 22.25, 22.5, 22.75, 22.75, 9999.0, 9999.0, 9999.0, 23.68, 9999.0, 22.18, 9999.0, 22.75, 22.5, 22.25, 22.27, 22.3
2026-09-11, 01:35:09, 22.25, 22.5, 22.75, 22.75, 9999.0, 9999.0, 9999.0, 23.73, 9999.0, 22.18, 9999.0, 22.75, 22.5, 22.25, 22.27, 22.3
2026-09-11, 01:35:13, 22.25, 22.5, 22.75, 22.75, 9999.0, 9999.0, 9999.0, 23.75, 9999.0, 22.2, 9999.0, 22.73, 22.5, 22.25, 22.27, 22.3
2026-09-11, 01:35:17, 22.25, 22.5, 22.75, 22.75, 9999.0, 9999.0, 9999.0, 23.77, 9999.0, 22.2, 9999.0, 22.7, 22.5, 22.25, 22.27, 22.3
2026-09-11, 01:35:21, 22.25, 22.5, 22.75, 22.75, 9999.0, 9999.0, 9999.0, 23.77, 9999.0, 22.18, 9999.0, 22.68, 22.5, 22.25, 22.27, 22.3
2026-09-11, 01:35:25, 22.25, 22.5, 22.75, 22.75, 9999.0, 9999.0, 9999.0, 23.8, 9999.0, 22.18, 9999.0, 22.66, 22.5, 22.25, 22.27, 22.3
2026-09-11, 01:35:29, 22.25, 22.5, 22.75, 22.75, 9999.0, 9999.0, 9999.0, 23.84, 9999.0, 22.16, 9999.0, 22.64, 22.5, 22.25, 22.27, 22.3
2026-09-11, 01:35:33, 22.25, 22.5, 22.75, 22.75, 9999.0, 9999.0, 9999.0, 23.86, 9999.0, 22.14, 9999.0, 22.64, 22.5, 22.25, 22.27, 22.3
2026-09-11, 01:35:37, 22.25, 22.5, 22.75, 22.75, 9999.0, 9999.0, 9999.0, 23.82, 9999.0, 22.11, 9999.0, 22.64, 22.5, 22.25, 22.27, 22.32
2026-09-11, 01:35:41, 22.25, 22.5, 22.75, 22.75, 9999.0, 9999.0, 9999.0, 23.77, 9999.0, 22.09, 9999.0, 22.64, 22.5, 22.25, 22.27, 22.32
2026-09-11, 01:35:45, 22.25, 22.48, 22.75, 22.75, 9999.0, 9999.0, 9999.0, 23.73, 9999.0, 22.07, 9999.0, 22.64, 22.5, 22.25, 22.25, 22.34
2026-09-11, 01:35:49, 22.25, 22.45, 22.75, 22.75, 9999.0, 9999.0, 9999.0, 23.68, 9999.0, 22.05, 9999.0, 22.64, 22.5, 22.25, 22.25, 22.32
2026-09-11, 01:35:53, 22.25, 22.45, 22.75, 22.75, 9999.0, 9999.0, 9999.0, 23.64, 9999.0, 22.07, 9999.0, 22.64, 22.5, 22.25, 22.27, 22.32
2026-09-11, 01:35:57, 22.25, 22.43, 22.75, 22.75, 9999.0, 9999.0, 9999.0, 23.61, 9999.0, 22.07, 9999.0, 22.66, 22.5, 22.25, 22.27, 22.32
2026-09-11, 01:36:01, 22.25, 22.43, 22.75, 22.75, 9999.0, 9999.0, 9999.0, 23.59, 9999.0, 22.07, 9999.0, 22.68, 22.5, 22.25, 22.27, 22.34
2026-09-11, 01:36:05, 22.25, 22.43, 22.75, 22.75, 9999.0, 9999.0, 9999.0, 23.57, 9999.0, 22.09, 9999.0, 22.7, 22.5, 22.25, 22.27, 22.36
2026-09-11, 01:36:09, 22.25, 22.43, 22.75, 22.75, 9999.0, 9999.0, 9999.0, 23.52, 9999.0, 22.11, 9999.0, 22.73, 22.5, 22.25, 22.27, 22.36
2026-09-11, 01:36:13, 22.25, 22.43, 22.75, 22.75, 9999.0, 9999.0, 9999.0, 23.55, 9999.0, 22.14, 9999.0, 22.75, 22.5, 22.25, 22.27, 22.36
2026-09-11, 01:36:17, 22.25, 22.43, 22.75, 22.75, 9999.0, 9999.0, 9999.0, 23.57, 9999.0, 22.16, 9999.0, 22.75, 22.5, 22.25, 22.3, 22.36
2026-09-11, 01:36:21, 22.25, 22.43, 22.75, 22.75, 9999.0, 9999.0, 9999.0, 23.59, 9999.0, 22.18, 9999.0, 22.75, 22.5, 22.25, 22.3, 22.34
2026-09-11, 01:36:25, 22.25, 22.43, 22.75, 22.75, 9999.0, 9999.0, 9999.0, 23.64, 9999.0, 22.18, 9999.0, 22.75, 22.5, 22.25, 22.3, 22.32
2026-09-11, 01:36:29, 22.25, 22.45, 22.75, 22.75, 9999.0, 9999.0, 9999.0, 23.66, 9999.0, 22.2, 9999.0, 22.75, 22.5, 22.25, 22.32, 22.3
2026-09-11, 01:36:33, 22.25, 22.45, 22.75, 22.75, 9999.0, 9999.0, 9999.0, 23.68, 9999.0, 22.23, 9999.0, 22.73, 22.5, 22.25, 22.32, 22.3
2026-09-11, 01:36:37, 22.25, 22.45, 22.75, 22.75, 9999.0, 9999.0, 9999.0, 23.7, 9999.0, 22.2, 9999.0, 22.7, 22.5, 22.25, 22.3, 22.3
2026-09-11, 01:36:41, 22.25, 22.48, 22.75, 22.75, 9999.0, 9999.0, 9999.0, 23.73, 9999.0, 22.18, 9999.0, 22.68, 22.5, 22.25, 22.3, 22.3
2026-09-11, 01:36:45, 22.25, 22.45, 22.75, 22.77, 9999.0, 9999.0, 9999.0, 23.75, 9999.0, 22.16, 9999.0, 22.66, 22.5, 22.25, 22.3, 22.27
2026-09-11, 01:36:49, 22.25, 22.45, 22.75, 22.77, 9999.0, 9999.0, 9999.0, 23.8, 9999.0, 22.16, 9999.0, 22.66, 22.5, 22.25, 22.3, 22.25
2026-09-11, 01:36:53, 22.25, 22.45, 22.75, 22.77, 9999.0, 9999.0, 9999.0, 23.82, 9999.0, 22.14, 9999.0, 22.66, 22.5, 22.25, 22.3, 22.25
2026-09-11, 01:36:57, 22.25, 22.45, 22.75, 22.77, 9999.0, 9999.0, 9999.0, 23.77, 9999.0, 22.11, 9999.0, 22.66, 22.5, 22.25, 22.32, 22.25
2026-09-11, 01:37:01, 22.25, 22.45, 22.75, 22.77, 9999.0, 9999.0, 9999.0, 23.73, 9999.0, 22.09, 9999.0, 22.66, 22.5, 22.25, 22.32, 22.27
2026-09-11, 01:37:05, 22.25, 22.45, 22.75, 22.77, 9999.0, 9999.0, 9999.0, 23.68, 9999.0, 22.07, 9999.0, 22.66, 22.5, 22.25, 22.32, 22.27
2026-09-11, 01:37:09, 22.25, 22.45, 22.75, 22.8, 9999.0, 9999.0, 9999.0, 23.64, 9999.0, 22.09, 9999.0, 22.66, 22.5, 22.25, 22.34, 22.27
2026-09-11, 01:37:13, 22.25, 22.45, 22.75, 22.8, 9999.0, 9999.0, 9999.0, 23.61, 9999.0, 22.09, 9999.0, 22.66, 22.5, 22.25, 22.32, 22.27
2026-09-11, 01:37:17, 22.25, 22.48, 22.75, 22.8, 9999.0, 9999.0, 9999.0, 23.59, 9999.0, 22.11, 9999.0, 22.68, 22.5, 22.25, 22.34, 22.27
2026-09-11, 01:37:21, 22.25, 22.45, 22.75, 22.8, 9999.0, 9999.0, 9999.0, 23.55, 9999.0, 22.16, 9999.0, 22.7, 22.5, 22.25, 22.34, 22.27
2026-09-11, 01:37:25, 22.25, 22.43, 22.75, 22.8, 9999.0, 9999.0, 9999.0, 23.5, 9999.0, 22.2, 9999.0, 22.73, 22.5, 22.25, 22.34, 22.3
2026-09-11, 01:37:29, 22.25, 22.45, 22.75, 22.77, 9999.0, 9999.0, 9999.0, 23.52, 9999.0, 22.23, 9999.0, 22.75, 22.5, 22.25, 22.34, 22.32
2026-09-11, 01:37:33, 22.27, 22.45, 22.75, 22.77, 9999.0, 9999.0, 9999.0, 23.57, 9999.0, 22.23, 9999.0, 22.75, 22.5, 22.25, 22.36, 22.34
2026-09-11, 01:37:37, 22.27, 22.45, 22.75, 22.77, 9999.0, 9999.0, 9999.0, 23.61, 9999.0, 22.25, 9999.0, 22.75, 22.5, 22.25, 22.36, 22.34
2026-09-11, 01:37:41, 22.27, 22.43, 22.75, 22.77, 9999.0, 9999.0, 9999.0, 23.64, 9999.0, 22.27, 9999.0, 22.73, 22.5, 22.25, 22.34, 22.34
2026-09-11, 01:37:45, 22.27, 22.43, 22.75, 22.77, 9999.0, 9999.0, 9999.0, 23.66, 9999.0, 22.3, 9999.0, 22.73, 22.5, 22.25, 22.32, 22.34
2026-09-11, 01:37:49, 22.27, 22.41, 22.75, 22.77, 9999.0, 9999.0, 9999.0, 23.68, 9999.0, 22.32, 9999.0, 22.73, 22.5, 22.25, 22.34, 22.34
2026-09-11, 01:37:53, 22.27, 22.39, 22.75, 22.75, 9999.0, 9999.0, 9999.0, 23.68, 9999.0, 22.32, 9999.0, 22.73, 22.5, 22.25, 22.32, 22.34
2026-09-11, 01:37:57, 22.27, 22.39, 22.75, 22.75, 9999.0, 9999.0, 9999.0, 23.7, 9999.0, 22.32, 9999.0, 22.7, 22.5, 22.25, 22.34, 22.34
2026-09-11, 01:38:01, 22.27, 22.39, 22.75, 22.75, 9999.0, 9999.0, 9999.0, 23.73, 9999.0, 22.3, 9999.0, 22.68, 22.5, 22.25, 22.32, 22.34
2026-09-11, 01:38:05, 22.27, 22.41, 22.75, 22.75, 9999.0, 9999.0, 9999.0, 23.77, 9999.0, 22.27, 9999.0, 22.68, 22.5, 22.25, 22.32, 22.34
2026-09-11, 01:38:09, 22.27, 22.43, 22.75, 22.75, 9999.0, 9999.0, 9999.0, 23.8, 9999.0, 22.25, 9999.0, 22.68, 22.5, 22.25, 22.32, 22.34
2026-09-11, 01:38:13, 22.27, 22.43, 22.75, 22.75, 9999.0, 9999.0, 9999.0, 23.75, 9999.0, 22.25, 9999.0, 22.68, 22.5, 22.25, 22.32, 22.32
2026-09-11, 01:38:17, 22.25, 22.43, 22.75, 22.75, 9999.0, 9999.0, 9999.0, 23.68, 9999.0, 22.23, 9999.0, 22.7, 22.5, 22.25, 22.3, 22.32
2026-09-11, 01:38:22, 22.25, 22.43, 22.75, 22.75, 9999.0, 9999.0, 9999.0, 23.64, 9999.0, 22.2, 9999.0, 22.7, 22.5, 22.25, 22.3, 22.34
2026-09-11, 01:38:26, 22.25, 22.45, 22.75, 22.75, 9999.0, 9999.0, 9999.0, 23.61, 9999.0, 22.2, 9999.0, 22.73, 22.5, 22.25, 22.3, 22.36
2026-09-11, 01:38:30, 22.25, 22.45, 22.75, 22.75, 9999.0, 9999.0, 9999.0, 23.59, 9999.0, 22.2, 9999.0, 22.73, 22.5, 22.25, 22.3, 22.34
2026-09-11, 01:38:34, 22.25, 22.48, 22.75, 22.75, 9999.0, 9999.0, 9999.0, 23.55, 9999.0, 22.2, 9999.0, 22.73, 22.5, 22.25, 22.27, 22.34
2026-09-11, 01:38:38, 22.25, 22.5, 22.75, 22.75, 9999.0, 9999.0, 9999.0, 23.52, 9999.0, 22.23, 9999.0, 22.73, 22.5, 22.25, 22.3, 22.36
2026-09-11, 01:38:42, 22.25, 22.48, 22.75, 22.75, 9999.0, 9999.0, 9999.0, 23.5, 9999.0, 22.25, 9999.0, 22.75, 22.5, 22.25, 22.27, 22.36
2026-09-11, 01:38:46, 22.25, 22.48, 22.75, 22.75, 9999.0, 9999.0, 9999.0, 23.55, 9999.0, 22.27, 9999.0, 22.77, 22.5, 22.25, 22.27, 22.36
2026-09-11, 01:38:50, 22.25, 22.48, 22.75, 22.77, 9999.0, 9999.0, 9999.0, 23.57, 9999.0, 22.27, 9999.0, 22.77, 22.5, 22.25, 22.27, 22.36
2026-09-11, 01:38:54, 22.25, 22.48, 22.75, 22.77, 9999.0, 9999.0, 9999.0, 23.61, 9999.0, 22.27, 9999.0, 22.77, 22.5, 22.25, 22.27, 22.34
2026-09-11, 01:38:58, 22.25, 22.48, 22.75, 22.77, 9999.0, 9999.0, 9999.0, 23.66, 9999.0, 22.27, 9999.0, 22.77, 22.5, 22.25, 22.27, 22.34
2026-09-11, 01:39:02, 22.25, 22.48, 22.75, 22.77, 9999.0, 9999.0, 9999.0, 23.7, 9999.0, 22.3, 9999.0, 22.73, 22.5, 22.25, 22.27, 22.32
2026-09-11, 01:39:06, 22.25, 22.48, 22.75, 22.77, 9999.0, 9999.0, 9999.0, 23.73, 9999.0, 22.34, 9999.0, 22.73, 22.5, 22.25, 22.27, 22.32
2026-09-11, 01:39:10, 22.25, 22.45, 22.75, 22.77, 9999.0, 9999.0, 9999.0, 23.75, 9999.0, 22.34, 9999.0, 22.73, 22.5, 22.25, 22.27, 22.3
2026-09-11, 01:39:14, 22.25, 22.43, 22.75, 22.77, 9999.0, 9999.0, 9999.0, 23.77, 9999.0, 22.34, 9999.0, 22.73, 22.5, 22.25, 22.27, 22.3
2026-09-11, 01:39:18, 22.25, 22.43, 22.75, 22.8, 9999.0, 9999.0, 9999.0, 23.82, 9999.0, 22.34, 9999.0, 22.7, 22.5, 22.25, 22.27, 22.3
2026-09-11, 01:39:22, 22.25, 22.41, 22.75, 22.8, 9999.0, 9999.0, 9999.0, 23.86, 9999.0, 22.32, 9999.0, 22.68, 22.5, 22.25, 22.25, 22.27
2026-09-11, 01:39:26, 22.25, 22.43, 22.75, 22.8, 9999.0, 9999.0, 9999.0, 23.89, 9999.0, 22.3, 9999.0, 22.68, 22.5, 22.25, 22.25, 22.27
2026-09-11, 01:39:30, 22.25, 22.43, 22.75, 22.8, 9999.0, 9999.0, 9999.0, 23.84, 9999.0, 22.27, 9999.0, 22.68, 22.5, 22.25, 22.25, 22.27
2026-09-11, 01:39:34, 22.25, 22.43, 22.75, 22.77, 9999.0, 9999.0, 9999.0, 23.82, 9999.0, 22.27, 9999.0, 22.68, 22.5, 22.25, 22.25, 22.27
2026-09-11, 01:39:38, 22.25, 22.43, 22.75, 22.77, 9999.0, 9999.0, 9999.0, 23.8, 9999.0, 22.27, 9999.0, 22.68, 22.5, 22.25, 22.25, 22.27
2026-09-11, 01:39:42, 22.25, 22.43, 22.75, 22.77, 9999.0, 9999.0, 9999.0, 23.77, 9999.0, 22.27, 9999.0, 22.7, 22.5, 22.25, 22.25, 22.27
2026-09-11, 01:39:46, 22.25, 22.43, 22.75, 22.77, 9999.0, 9999.0, 9999.0, 23.73, 9999.0, 22.3, 9999.0, 22.73, 22.5, 22.25, 22.25, 22.27
2026-09-11, 01:39:50, 22.25, 22.43, 22.75, 22.77, 9999.0, 9999.0, 9999.0, 23.7, 9999.0, 22.27, 9999.0, 22.73, 22.5, 22.25, 22.25, 22.25
2026-09-11, 01:39:54, 22.25, 22.43, 22.75, 22.77, 9999.0, 9999.0, 9999.0, 23.68, 9999.0, 22.3, 9999.0, 22.73, 22.5, 22.25, 22.25, 22.25
2026-09-11, 01:39:58, 22.25, 22.45, 22.75, 22.77, 9999.0, 9999.0, 9999.0, 23.66, 9999.0, 22.32, 9999.0, 22.73, 22.5, 22.25, 22.25, 22.25
2026-09-11, 01:40:02, 22.25, 22.45, 22.75, 22.75, 9999.0, 9999.0, 9999.0, 23.61, 9999.0, 22.34, 9999.0, 22.75, 22.5, 22.25, 22.27, 22.27
2026-09-11, 01:40:06, 22.25, 22.45, 22.75, 22.75, 9999.0, 9999.0, 9999.0, 23.64, 9999.0, 22.36, 9999.0, 22.77, 22.5, 22.25, 22.3, 22.27
2026-09-11, 01:40:10, 22.25, 22.45, 22.75, 22.75, 9999.0, 9999.0, 9999.0, 23.68, 9999.0, 22.36, 9999.0, 22.77, 22.5, 22.25, 22.3, 22.27
2026-09-11, 01:40:14, 22.25, 22.45, 22.75, 22.75, 9999.0, 9999.0, 9999.0, 23.7, 9999.0, 22.39, 9999.0, 22.77, 22.5, 22.25, 22.3, 22.3
2026-09-11, 01:40:18, 22.25, 22.45, 22.75, 22.75, 9999.0, 9999.0, 9999.0, 23.73, 9999.0, 22.39, 9999.0, 22.77, 22.5, 22.25, 22.3, 22.3
2026-09-11, 01:40:22, 22.25, 22.45, 22.75, 22.75, 9999.0, 9999.0, 9999.0, 23.75, 9999.0, 22.39, 9999.0, 22.77, 22.5, 22.25, 22.32, 22.3
2026-09-11, 01:40:26, 22.27, 22.43, 22.75, 22.75, 9999.0, 9999.0, 9999.0, 23.75, 9999.0, 22.41, 9999.0, 22.75, 22.5, 22.25, 22.32, 22.3
2026-09-11, 01:40:30, 22.27, 22.43, 22.75, 22.75, 9999.0, 9999.0, 9999.0, 23.77, 9999.0, 22.39, 9999.0, 22.73, 22.5, 22.25, 22.32, 22.3
2026-09-11, 01:40:34, 22.27, 22.43, 22.75, 22.75, 9999.0, 9999.0, 9999.0, 23.8, 9999.0, 22.39, 9999.0, 22.7, 22.5, 22.25, 22.32, 22.3
2026-09-11, 01:40:38, 22.27, 22.45, 22.75, 22.75, 9999.0, 9999.0, 9999.0, 23.82, 9999.0, 22.36, 9999.0, 22.68, 22.5, 22.25, 22.32, 22.3
2026-09-11, 01:40:42, 22.3, 22.45, 22.75, 22.75, 9999.0, 9999.0, 9999.0, 23.84, 9999.0, 22.34, 9999.0, 22.68, 22.5, 22.25, 22.32, 22.3
2026-09-11, 01:40:46, 22.32, 22.45, 22.75, 22.75, 9999.0, 9999.0, 9999.0, 23.89, 9999.0, 22.32, 9999.0, 22.68, 22.5, 22.25, 22.3, 22.27
2026-09-11, 01:40:50, 22.32, 22.48, 22.75, 22.75, 9999.0, 9999.0, 9999.0, 23.86, 9999.0, 22.3, 9999.0, 22.68, 22.5, 22.25, 22.3, 22.27
2026-09-11, 01:40:54, 22.32, 22.48, 22.75, 22.75, 9999.0, 9999.0, 9999.0, 23.82, 9999.0, 22.3, 9999.0, 22.7, 22.5, 22.25, 22.32, 22.27
2026-09-11, 01:40:58, 22.32, 22.48, 22.75, 22.75, 9999.0, 9999.0, 9999.0, 23.77, 9999.0, 22.27, 9999.0, 22.73, 22.5, 22.25, 22.32, 22.25
2026-09-11, 01:41:02, 22.32, 22.48, 22.75, 22.75, 9999.0, 9999.0, 9999.0, 23.73, 9999.0, 22.3, 9999.0, 22.73, 22.5, 22.25, 22.34, 22.25
2026-09-11, 01:41:06, 22.32, 22.48, 22.75, 22.75, 9999.0, 9999.0, 9999.0, 23.68, 9999.0, 22.32, 9999.0, 22.73, 22.5, 22.25, 22.32, 22.25
2026-09-11, 01:41:10, 22.3, 22.5, 22.75, 22.75, 9999.0, 9999.0, 9999.0, 23.66, 9999.0, 22.32, 9999.0, 22.73, 22.5, 22.25, 22.32, 22.25
2026-09-11, 01:41:14, 22.3, 22.5, 22.75, 22.75, 9999.0, 9999.0, 9999.0, 23.64, 9999.0, 22.34, 9999.0, 22.75, 22.5, 22.25, 22.32, 22.25
2026-09-11, 01:41:18, 22.3, 22.5, 22.75, 22.75, 9999.0, 9999.0, 9999.0, 23.61, 9999.0, 22.36, 9999.0, 22.77, 22.5, 22.25, 22.32, 22.27
2026-09-11, 01:41:22, 22.3, 22.5, 22.75, 22.75, 9999.0, 9999.0, 9999.0, 23.66, 9999.0, 22.39, 9999.0, 22.8, 22.5, 22.25, 22.32, 22.27
2026-09-11, 01:41:26, 22.27, 22.5, 22.75, 22.75, 9999.0, 9999.0, 9999.0, 23.7, 9999.0, 22.41, 9999.0, 22.8, 22.5, 22.25, 22.34, 22.27
2026-09-11, 01:41:30, 22.25, 22.5, 22.75, 22.75, 9999.0, 9999.0, 9999.0, 23.73, 9999.0, 22.43, 9999.0, 22.8, 22.5, 22.25, 22.34, 22.27
2026-09-11, 01:41:34, 22.25, 22.48, 22.75, 22.75, 9999.0, 9999.0, 9999.0, 23.77, 9999.0, 22.45, 9999.0, 22.8, 22.5, 22.25, 22.34, 22.27
2026-09-11, 01:41:38, 22.25, 22.48, 22.75, 22.75, 9999.0, 9999.0, 9999.0, 23.8, 9999.0, 22.45, 9999.0, 22.75, 22.5, 22.25, 22.32, 22.27
2026-09-11, 01:41:42, 22.25, 22.45, 22.75, 22.75, 9999.0, 9999.0, 9999.0, 23.82, 9999.0, 22.48, 9999.0, 22.7, 22.5, 22.25, 22.32, 22.27
2026-09-11, 01:41:46, 22.25, 22.45, 22.75, 22.75, 9999.0, 9999.0, 9999.0, 23.84, 9999.0, 22.45, 9999.0, 22.68, 22.5, 22.25, 22.3, 22.27
2026-09-11, 01:41:50, 22.25, 22.45, 22.75, 22.75, 9999.0, 9999.0, 9999.0, 23.86, 9999.0, 22.43, 9999.0, 22.66, 22.5, 22.25, 22.32, 22.27
2026-09-11, 01:41:54, 22.25, 22.45, 22.75, 22.75, 9999.0, 9999.0, 9999.0, 23.91, 9999.0, 22.43, 9999.0, 22.64, 22.5, 22.25, 22.32, 22.27
2026-09-11, 01:41:58, 22.25, 22.43, 22.75, 22.75, 9999.0, 9999.0, 9999.0, 23.95, 9999.0, 22.41, 9999.0, 22.64, 22.5, 22.25, 22.32, 22.27
2026-09-11, 01:42:02, 22.25, 22.43, 22.75, 22.75, 9999.0, 9999.0, 9999.0, 23.98, 9999.0, 22.39, 9999.0, 22.64, 22.5, 22.25, 22.32, 22.25
2026-09-11, 01:42:06, 22.25, 22.43, 22.75, 22.75, 9999.0, 9999.0, 9999.0, 23.93, 9999.0, 22.36, 9999.0, 22.64, 22.5, 22.25, 22.32, 22.25
2026-09-11, 01:42:10, 22.25, 22.43, 22.75, 22.75, 9999.0, 9999.0, 9999.0, 23.89, 9999.0, 22.34, 9999.0, 22.66, 22.5, 22.25, 22.3, 22.25
2026-09-11, 01:42:15, 22.25, 22.43, 22.75, 22.75, 9999.0, 9999.0, 9999.0, 23.86, 9999.0, 22.32, 9999.0, 22.68, 22.5, 22.25, 22.3, 22.25
2026-09-11, 01:42:19, 22.25, 22.45, 22.75, 22.75, 9999.0, 9999.0, 9999.0, 23.8, 9999.0, 22.32, 9999.0, 22.68, 22.5, 22.25, 22.3, 22.25
2026-09-11, 01:42:23, 22.25, 22.45, 22.75, 22.75, 9999.0, 9999.0, 9999.0, 23.75, 9999.0, 22.34, 9999.0, 22.7, 22.5, 22.25, 22.3, 22.27
2026-09-11, 01:42:27, 22.25, 22.48, 22.75, 22.75, 9999.0, 9999.0, 9999.0, 23.73, 9999.0, 22.34, 9999.0, 22.73, 22.5, 22.25, 22.3, 22.27
2026-09-11, 01:42:31, 22.25, 22.48, 22.75, 22.75, 9999.0, 9999.0, 9999.0, 23.7, 9999.0, 22.39, 9999.0, 22.75, 22.5, 22.25, 22.3, 22.27
2026-09-11, 01:42:35, 22.25, 22.45, 22.75, 22.75, 9999.0, 9999.0, 9999.0, 23.68, 9999.0, 22.41, 9999.0, 22.77, 22.5, 22.25, 22.27, 22.27
2026-09-11, 01:42:39, 22.25, 22.45, 22.75, 22.75, 9999.0, 9999.0, 9999.0, 23.7, 9999.0, 22.41, 9999.0, 22.8, 22.5, 22.25, 22.27, 22.27
2026-09-11, 01:42:43, 22.25, 22.48, 22.75, 22.75, 9999.0, 9999.0, 9999.0, 23.73, 9999.0, 22.43, 9999.0, 22.8, 22.5, 22.25, 22.27, 22.27
2026-09-11, 01:42:47, 22.25, 22.48, 22.75, 22.75, 9999.0, 9999.0, 9999.0, 23.75, 9999.0, 22.45, 9999.0, 22.8, 22.5, 22.25, 22.27, 22.27
2026-09-11, 01:42:51, 22.25, 22.45, 22.75, 22.75, 9999.0, 9999.0, 9999.0, 23.8, 9999.0, 22.48, 9999.0, 22.8, 22.5, 22.25, 22.27, 22.27
2026-09-11, 01:42:55, 22.25, 22.45, 22.75, 22.75, 9999.0, 9999.0, 9999.0, 23.82, 9999.0, 22.5, 9999.0, 22.75, 22.5, 22.25, 22.27, 22.27
2026-09-11, 01:42:59, 22.25, 22.45, 22.75, 22.75, 9999.0, 9999.0, 9999.0, 23.84, 9999.0, 22.52, 9999.0, 22.7, 22.5, 22.25, 22.27, 22.3
2026-09-11, 01:43:03, 22.25, 22.45, 22.75, 22.75, 9999.0, 9999.0, 9999.0, 23.89, 9999.0, 22.52, 9999.0, 22.7, 22.5, 22.25, 22.25, 22.3
2026-09-11, 01:43:07, 22.25, 22.45, 22.75, 22.75, 9999.0, 9999.0, 9999.0, 23.91, 9999.0, 22.5, 9999.0, 22.68, 22.5, 22.25, 22.25, 22.27
2026-09-11, 01:43:11, 22.25, 22.45, 22.75, 22.75, 9999.0, 9999.0, 9999.0, 23.95, 9999.0, 22.48, 9999.0, 22.66, 22.5, 22.25, 22.25, 22.27
2026-09-11, 01:43:15, 22.25, 22.45, 22.75, 22.75, 9999.0, 9999.0, 9999.0, 24.0, 9999.0, 22.43, 9999.0, 22.66, 22.5, 22.25, 22.25, 22.27
2026-09-11, 01:43:19, 22.25, 22.48, 22.75, 22.75, 9999.0, 9999.0, 9999.0, 24.02, 9999.0, 22.41, 9999.0, 22.66, 22.5, 22.25, 22.25, 22.27
2026-09-11, 01:43:23, 22.25, 22.48, 22.75, 22.75, 9999.0, 9999.0, 9999.0, 24.0, 9999.0, 22.39, 9999.0, 22.66, 22.5, 22.25, 22.25, 22.27
2026-09-11, 01:43:27, 22.25, 22.48, 22.75, 22.75, 9999.0, 9999.0, 9999.0, 23.95, 9999.0, 22.36, 9999.0, 22.66, 22.5, 22.25, 22.25, 22.27
2026-09-11, 01:43:31, 22.25, 22.48, 22.75, 22.75, 9999.0, 9999.0, 9999.0, 23.93, 9999.0, 22.34, 9999.0, 22.66, 22.5, 22.25, 22.25, 22.27
2026-09-11, 01:43:35, 22.25, 22.48, 22.75, 22.75, 9999.0, 9999.0, 9999.0, 23.89, 9999.0, 22.32, 9999.0, 22.66, 22.5, 22.25, 22.25, 22.27
2026-09-11, 01:43:39, 22.25, 22.48, 22.75, 22.75, 9999.0, 9999.0, 9999.0, 23.84, 9999.0, 22.32, 9999.0, 22.68, 22.5, 22.25, 22.27, 22.27
2026-09-11, 01:43:43, 22.25, 22.48, 22.75, 22.75, 9999.0, 9999.0, 9999.0, 23.8, 9999.0, 22.3, 9999.0, 22.7, 22.5, 22.25, 22.27, 22.25
2026-09-11, 01:43:47, 22.25, 22.48, 22.75, 22.75, 9999.0, 9999.0, 9999.0, 23.75, 9999.0, 22.32, 9999.0, 22.7, 22.5, 22.25, 22.27, 22.25
2026-09-11, 01:43:51, 22.25, 22.48, 22.75, 22.75, 9999.0, 9999.0, 9999.0, 23.73, 9999.0, 22.36, 9999.0, 22.73, 22.5, 22.25, 22.27, 22.25
2026-09-11, 01:43:55, 22.25, 22.45, 22.75, 22.75, 9999.0, 9999.0, 9999.0, 23.68, 9999.0, 22.39, 9999.0, 22.75, 22.5, 22.25, 22.27, 22.25
2026-09-11, 01:43:59, 22.25, 22.45, 22.75, 22.75, 9999.0, 9999.0, 9999.0, 23.7, 9999.0, 22.41, 9999.0, 22.75, 22.5, 22.25, 22.27, 22.25
2026-09-11, 01:44:03, 22.25, 22.45, 22.75, 22.75, 9999.0, 9999.0, 9999.0, 23.75, 9999.0, 22.43, 9999.0, 22.75, 22.5, 22.25, 22.27, 22.25
2026-09-11, 01:44:07, 22.25, 22.43, 22.75, 22.75, 9999.0, 9999.0, 9999.0, 23.77, 9999.0, 22.45, 9999.0, 22.75, 22.5, 22.25, 22.27, 22.25
2026-09-11, 01:44:11, 22.25, 22.43, 22.75, 22.75, 9999.0, 9999.0, 9999.0, 23.8, 9999.0, 22.48, 9999.0, 22.75, 22.5, 22.25, 22.27, 22.25
2026-09-11, 01:44:15, 22.25, 22.43, 22.75, 22.75, 9999.0, 9999.0, 9999.0, 23.82, 9999.0, 22.5, 9999.0, 22.73, 22.5, 22.25, 22.27, 22.25
2026-09-11, 01:44:19, 22.25, 22.45, 22.75, 22.75, 9999.0, 9999.0, 9999.0, 23.84, 9999.0, 22.52, 9999.0, 22.73, 22.5, 22.25, 22.27, 22.25
2026-09-11, 01:44:23, 22.25, 22.45, 22.75, 22.75, 9999.0, 9999.0, 9999.0, 23.86, 9999.0, 22.5, 9999.0, 22.7, 22.5, 22.25, 22.25, 22.25
2026-09-11, 01:44:27, 22.25, 22.43, 22.75, 22.75, 9999.0, 9999.0, 9999.0, 23.91, 9999.0, 22.5, 9999.0, 22.68, 22.5, 22.25, 22.25, 22.25
2026-09-11, 01:44:31, 22.25, 22.43, 22.75, 22.75, 9999.0, 9999.0, 9999.0, 23.95, 9999.0, 22.45, 9999.0, 22.66, 22.5, 22.25, 22.25, 22.25
2026-09-11, 01:44:35, 22.25, 22.43, 22.75, 22.75, 9999.0, 9999.0, 9999.0, 24.0, 9999.0, 22.41, 9999.0, 22.66, 22.5, 22.25, 22.25, 22.25
2026-09-11, 01:44:39, 22.25, 22.45, 22.75, 22.75, 9999.0, 9999.0, 9999.0, 24.02, 9999.0, 22.39, 9999.0, 22.66, 22.5, 22.25, 22.25, 22.25
2026-09-11, 01:44:43, 22.25, 22.45, 22.75, 22.75, 9999.0, 9999.0, 9999.0, 23.98, 9999.0, 22.36, 9999.0, 22.66, 22.5, 22.25, 22.25, 22.25
2026-09-11, 01:44:47, 22.25, 22.45, 22.75, 22.75, 9999.0, 9999.0, 9999.0, 23.93, 9999.0, 22.34, 9999.0, 22.66, 22.5, 22.25, 22.25, 22.25
2026-09-11, 01:44:51, 22.25, 22.48, 22.75, 22.75, 9999.0, 9999.0, 9999.0, 23.89, 9999.0, 22.32, 9999.0, 22.66, 22.5, 22.25, 22.25, 22.25
2026-09-11, 01:44:55, 22.25, 22.48, 22.75, 22.75, 9999.0, 9999.0, 9999.0, 23.86, 9999.0, 22.32, 9999.0, 22.66, 22.5, 22.25, 22.25, 22.25
2026-09-11, 01:44:59, 22.25, 22.48, 22.75, 22.75, 9999.0, 9999.0, 9999.0, 23.82, 9999.0, 22.32, 9999.0, 22.68, 22.5, 22.25, 22.25, 22.25
2026-09-11, 01:45:03, 22.25, 22.48, 22.75, 22.75, 9999.0, 9999.0, 9999.0, 23.77, 9999.0, 22.34, 9999.0, 22.68, 22.5, 22.25, 22.25, 22.25
2026-09-11, 01:45:07, 22.25, 22.45, 22.75, 22.75, 9999.0, 9999.0, 9999.0, 23.75, 9999.0, 22.39, 9999.0, 22.7, 22.5, 22.25, 22.25, 22.25
2026-09-11, 01:45:11, 22.25, 22.48, 22.75, 22.75, 9999.0, 9999.0, 9999.0, 23.7, 9999.0, 22.43, 9999.0, 22.73, 22.5, 22.25, 22.25, 22.25
2026-09-11, 01:45:15, 22.25, 22.48, 22.75, 22.75, 9999.0, 9999.0, 9999.0, 23.73, 9999.0, 22.45, 9999.0, 22.75, 22.5, 22.25, 22.25, 22.25
2026-09-11, 01:45:21, 22.25, 22.48, 22.75, 22.75, 9999.0, 9999.0, 9999.0, 23.75, 9999.0, 22.48, 9999.0, 22.75, 22.5, 22.25, 22.25, 22.25
2026-09-11, 01:45:25, 22.25, 22.48, 22.75, 22.75, 9999.0, 9999.0, 9999.0, 23.8, 9999.0, 22.5, 9999.0, 22.75, 22.5, 22.25, 22.25, 22.27
2026-09-11, 01:45:29, 22.25, 22.48, 22.75, 22.75, 9999.0, 9999.0, 9999.0, 23.82, 9999.0, 22.52, 9999.0, 22.73, 22.5, 22.25, 22.25, 22.27
2026-09-11, 01:45:33, 22.25, 22.45, 22.75, 22.75, 9999.0, 9999.0, 9999.0, 23.86, 9999.0, 22.55, 9999.0, 22.7, 22.5, 22.25, 22.25, 22.27
2026-09-11, 01:45:37, 22.25, 22.45, 22.75, 22.75, 9999.0, 9999.0, 9999.0, 23.89, 9999.0, 22.57, 9999.0, 22.68, 22.5, 22.25, 22.25, 22.27
2026-09-11, 01:45:41, 22.25, 22.45, 22.75, 22.75, 9999.0, 9999.0, 9999.0, 23.91, 9999.0, 22.57, 9999.0, 22.66, 22.5, 22.25, 22.25, 22.27
2026-09-11, 01:45:45, 22.25, 22.45, 22.75, 22.75, 9999.0, 9999.0, 9999.0, 23.95, 9999.0, 22.57, 9999.0, 22.64, 22.5, 22.25, 22.25, 22.27
2026-09-11, 01:45:49, 22.25, 22.45, 22.75, 22.75, 9999.0, 9999.0, 9999.0, 24.0, 9999.0, 22.55, 9999.0, 22.61, 22.5, 22.25, 22.25, 22.27
2026-09-11, 01:45:53, 22.25, 22.48, 22.75, 22.75, 9999.0, 9999.0, 9999.0, 24.05, 9999.0, 22.52, 9999.0, 22.61, 22.5, 22.25, 22.25, 22.27
2026-09-11, 01:45:57, 22.25, 22.48, 22.75, 22.75, 9999.0, 9999.0, 9999.0, 24.09, 9999.0, 22.48, 9999.0, 22.61, 22.5, 22.25, 22.25, 22.27
2026-09-11, 01:46:01, 22.25, 22.48, 22.75, 22.75, 9999.0, 9999.0, 9999.0, 24.05, 9999.0, 22.45, 9999.0, 22.61, 22.5, 22.25, 22.25, 22.27
2026-09-11, 01:46:05, 22.25, 22.48, 22.75, 22.75, 9999.0, 9999.0, 9999.0, 24.0, 9999.0, 22.43, 9999.0, 22.61, 22.5, 22.25, 22.25, 22.27
2026-09-11, 01:46:09, 22.25, 22.45, 22.75, 22.75, 9999.0, 9999.0, 9999.0, 23.95, 9999.0, 22.41, 9999.0, 22.61, 22.5, 22.25, 22.25, 22.25
2026-09-11, 01:46:13, 22.25, 22.45, 22.75, 22.75, 9999.0, 9999.0, 9999.0, 23.93, 9999.0, 22.41, 9999.0, 22.64, 22.5, 22.25, 22.25, 22.25
2026-09-11, 01:46:17, 22.25, 22.48, 22.75, 22.75, 9999.0, 9999.0, 9999.0, 23.86, 9999.0, 22.41, 9999.0, 22.66, 22.5, 22.25, 22.25, 22.25
2026-09-11, 01:46:21, 22.25, 22.48, 22.75, 22.75, 9999.0, 9999.0, 9999.0, 23.82, 9999.0, 22.41, 9999.0, 22.68, 22.5, 22.25, 22.25, 22.25
2026-09-11, 01:46:25, 22.25, 22.48, 22.75, 22.75, 9999.0, 9999.0, 9999.0, 23.77, 9999.0, 22.43, 9999.0, 22.7, 22.5, 22.25, 22.25, 22.25
2026-09-11, 01:46:29, 22.25, 22.48, 22.75, 22.75, 9999.0, 9999.0, 9999.0, 23.73, 9999.0, 22.45, 9999.0, 22.73, 22.5, 22.25, 22.25, 22.25
2026-09-11, 01:46:33, 22.27, 22.48, 22.75, 22.75, 9999.0, 9999.0, 9999.0, 23.68, 9999.0, 22.48, 9999.0, 22.75, 22.5, 22.25, 22.25, 22.25
2026-09-11, 01:46:37, 22.27, 22.48, 22.75, 22.75, 9999.0, 9999.0, 9999.0, 23.7, 9999.0, 22.5, 9999.0, 22.75, 22.5, 22.25, 22.25, 22.25
2026-09-11, 01:46:41, 22.27, 22.48, 22.75, 22.75, 9999.0, 9999.0, 9999.0, 23.73, 9999.0, 22.55, 9999.0, 22.75, 22.5, 22.25, 22.25, 22.25
2026-09-11, 01:46:45, 22.27, 22.48, 22.75, 22.75, 9999.0, 9999.0, 9999.0, 23.77, 9999.0, 22.59, 9999.0, 22.73, 22.5, 22.25, 22.25, 22.25
2026-09-11, 01:46:49, 22.27, 22.48, 22.75, 22.75, 9999.0, 9999.0, 9999.0, 23.8, 9999.0, 22.64, 9999.0, 22.73, 22.5, 22.25, 22.25, 22.25
2026-09-11, 01:46:53, 22.27, 22.5, 22.75, 22.75, 9999.0, 9999.0, 9999.0, 23.82, 9999.0, 22.68, 9999.0, 22.7, 22.5, 22.25, 22.25, 22.25
2026-09-11, 01:46:57, 22.27, 22.5, 22.75, 22.75, 9999.0, 9999.0, 9999.0, 23.84, 9999.0, 22.68, 9999.0, 22.68, 22.5, 22.25, 22.25, 22.25
2026-09-11, 01:47:01, 22.27, 22.5, 22.75, 22.75, 9999.0, 9999.0, 9999.0, 23.89, 9999.0, 22.68, 9999.0, 22.66, 22.5, 22.25, 22.25, 22.25
2026-09-11, 01:47:05, 22.27, 22.5, 22.75, 22.75, 9999.0, 9999.0, 9999.0, 23.93, 9999.0, 22.68, 9999.0, 22.64, 22.5, 22.25, 22.25, 22.25
2026-09-11, 01:47:09, 22.27, 22.48, 22.75, 22.75, 9999.0, 9999.0, 9999.0, 23.98, 9999.0, 22.66, 9999.0, 22.61, 22.48, 22.25, 22.25, 22.25
2026-09-11, 01:47:13, 22.27, 22.48, 22.75, 22.75, 9999.0, 9999.0, 9999.0, 24.02, 9999.0, 22.64, 9999.0, 22.61, 22.48, 22.25, 22.25, 22.25
2026-09-11, 01:47:17, 22.25, 22.48, 22.75, 22.75, 9999.0, 9999.0, 9999.0, 24.07, 9999.0, 22.61, 9999.0, 22.61, 22.48, 22.25, 22.25, 22.25
2026-09-11, 01:47:21, 22.25, 22.45, 22.75, 22.75, 9999.0, 9999.0, 9999.0, 24.02, 9999.0, 22.59, 9999.0, 22.61, 22.48, 22.25, 22.25, 22.25
2026-09-11, 01:47:25, 22.25, 22.45, 22.75, 22.75, 9999.0, 9999.0, 9999.0, 23.98, 9999.0, 22.57, 9999.0, 22.61, 22.48, 22.25, 22.25, 22.25
2026-09-11, 01:47:29, 22.25, 22.45, 22.75, 22.75, 9999.0, 9999.0, 9999.0, 23.93, 9999.0, 22.55, 9999.0, 22.64, 22.48, 22.25, 22.25, 22.25
2026-09-11, 01:47:33, 22.25, 22.43, 22.75, 22.75, 9999.0, 9999.0, 9999.0, 23.89, 9999.0, 22.55, 9999.0, 22.64, 22.48, 22.25, 22.25, 22.25
2026-09-11, 01:47:37, 22.25, 22.43, 22.75, 22.75, 9999.0, 9999.0, 9999.0, 23.86, 9999.0, 22.52, 9999.0, 22.66, 22.48, 22.25, 22.25, 22.25
2026-09-11, 01:47:41, 22.25, 22.43, 22.75, 22.75, 9999.0, 9999.0, 9999.0, 23.82, 9999.0, 22.55, 9999.0, 22.68, 22.48, 22.25, 22.25, 22.25
2026-09-11, 01:47:46, 22.25, 22.43, 22.75, 22.75, 9999.0, 9999.0, 9999.0, 23.77, 9999.0, 22.57, 9999.0, 22.7, 22.48, 22.25, 22.25, 22.25
2026-09-11, 01:47:50, 22.25, 22.43, 22.75, 22.75, 9999.0, 9999.0, 9999.0, 23.73, 9999.0, 22.59, 9999.0, 22.73, 22.48, 22.25, 22.25, 22.25
2026-09-11, 01:47:54, 22.25, 22.45, 22.75, 22.75, 9999.0, 9999.0, 9999.0, 23.77, 9999.0, 22.61, 9999.0, 22.75, 22.5, 22.25, 22.25, 22.25
2026-09-11, 01:47:58, 22.25, 22.45, 22.75, 22.75, 9999.0, 9999.0, 9999.0, 23.82, 9999.0, 22.64, 9999.0, 22.75, 22.5, 22.25, 22.25, 22.25
2026-09-11, 01:48:02, 22.25, 22.45, 22.75, 22.75, 9999.0, 9999.0, 9999.0, 23.84, 9999.0, 22.66, 9999.0, 22.75, 22.5, 22.25, 22.25, 22.25
2026-09-11, 01:48:06, 22.25, 22.45, 22.75, 22.75, 9999.0, 9999.0, 9999.0, 23.86, 9999.0, 22.68, 9999.0, 22.75, 22.5, 22.25, 22.25, 22.25
2026-09-11, 01:48:10, 22.25, 22.43, 22.75, 22.75, 9999.0, 9999.0, 9999.0, 23.91, 9999.0, 22.68, 9999.0, 22.73, 22.5, 22.25, 22.25, 22.25
2026-09-11, 01:48:14, 22.25, 22.43, 22.75, 22.75, 9999.0, 9999.0, 9999.0, 23.93, 9999.0, 22.68, 9999.0, 22.7, 22.5, 22.25, 22.25, 22.25
2026-09-11, 01:48:18, 22.25, 22.45, 22.75, 22.75, 9999.0, 9999.0, 9999.0, 23.98, 9999.0, 22.66, 9999.0, 22.68, 22.5, 22.25, 22.25, 22.25
2026-09-11, 01:48:22, 22.25, 22.45, 22.75, 22.73, 9999.0, 9999.0, 9999.0, 24.0, 9999.0, 22.66, 9999.0, 22.66, 22.5, 22.25, 22.25, 22.25
2026-09-11, 01:48:26, 22.25, 22.45, 22.75, 22.73, 9999.0, 9999.0, 9999.0, 24.05, 9999.0, 22.64, 9999.0, 22.64, 22.5, 22.25, 22.25, 22.25
2026-09-11, 01:48:30, 22.25, 22.45, 22.75, 22.73, 9999.0, 9999.0, 9999.0, 24.09, 9999.0, 22.64, 9999.0, 22.64, 22.5, 22.25, 22.25, 22.25
2026-09-11, 01:48:34, 22.25, 22.45, 22.75, 22.73, 9999.0, 9999.0, 9999.0, 24.11, 9999.0, 22.61, 9999.0, 22.64, 22.5, 22.25, 22.25, 22.25
2026-09-11, 01:48:38, 22.27, 22.45, 22.75, 22.73, 9999.0, 9999.0, 9999.0, 24.07, 9999.0, 22.59, 9999.0, 22.61, 22.48, 22.25, 22.25, 22.25
2026-09-11, 01:48:42, 22.27, 22.45, 22.75, 22.73, 9999.0, 9999.0, 9999.0, 24.0, 9999.0, 22.57, 9999.0, 22.61, 22.48, 22.25, 22.25, 22.25
2026-09-11, 01:48:46, 22.27, 22.45, 22.75, 22.73, 9999.0, 9999.0, 9999.0, 23.95, 9999.0, 22.52, 9999.0, 22.61, 22.48, 22.25, 22.25, 22.25
2026-09-11, 01:48:50, 22.27, 22.48, 22.75, 22.73, 9999.0, 9999.0, 9999.0, 23.93, 9999.0, 22.48, 9999.0, 22.61, 22.48, 22.25, 22.25, 22.25
2026-09-11, 01:48:54, 22.27, 22.5, 22.73, 22.73, 9999.0, 9999.0, 9999.0, 23.89, 9999.0, 22.5, 9999.0, 22.64, 22.48, 22.25, 22.25, 22.25
2026-09-11, 01:48:58, 22.27, 22.5, 22.73, 22.73, 9999.0, 9999.0, 9999.0, 23.86, 9999.0, 22.52, 9999.0, 22.66, 22.45, 22.25, 22.25, 22.25
2026-09-11, 01:49:02, 22.27, 22.5, 22.73, 22.73, 9999.0, 9999.0, 9999.0, 23.84, 9999.0, 22.55, 9999.0, 22.68, 22.45, 22.25, 22.25, 22.25
2026-09-11, 01:49:06, 22.27, 22.48, 22.73, 22.75, 9999.0, 9999.0, 9999.0, 23.8, 9999.0, 22.57, 9999.0, 22.7, 22.45, 22.25, 22.25, 22.25
2026-09-11, 01:49:10, 22.27, 22.48, 22.73, 22.75, 9999.0, 9999.0, 9999.0, 23.75, 9999.0, 22.59, 9999.0, 22.73, 22.45, 22.25, 22.25, 22.25
2026-09-11, 01:49:14, 22.27, 22.48, 22.73, 22.75, 9999.0, 9999.0, 9999.0, 23.77, 9999.0, 22.59, 9999.0, 22.73, 22.45, 22.25, 22.25, 22.25
2026-09-11, 01:49:18, 22.27, 22.48, 22.73, 22.75, 9999.0, 9999.0, 9999.0, 23.82, 9999.0, 22.61, 9999.0, 22.7, 22.45, 22.25, 22.25, 22.25
2026-09-11, 01:49:22, 22.25, 22.48, 22.73, 22.75, 9999.0, 9999.0, 9999.0, 23.84, 9999.0, 22.64, 9999.0, 22.73, 22.48, 22.25, 22.25, 22.25
2026-09-11, 01:49:26, 22.25, 22.48, 22.73, 22.75, 9999.0, 9999.0, 9999.0, 23.89, 9999.0, 22.66, 9999.0, 22.7, 22.48, 22.25, 22.25, 22.25
2026-09-11, 01:49:30, 22.25, 22.48, 22.73, 22.75, 9999.0, 9999.0, 9999.0, 23.91, 9999.0, 22.7, 9999.0, 22.68, 22.48, 22.25, 22.25, 22.25
2026-09-11, 01:49:34, 22.25, 22.48, 22.73, 22.75, 9999.0, 9999.0, 9999.0, 23.93, 9999.0, 22.75, 9999.0, 22.66, 22.48, 22.25, 22.25, 22.25
2026-09-11, 01:49:38, 22.25, 22.48, 22.75, 22.75, 9999.0, 9999.0, 9999.0, 23.95, 9999.0, 22.73, 9999.0, 22.64, 22.48, 22.25, 22.25, 22.25
2026-09-11, 01:49:42, 22.25, 22.48, 22.75, 22.75, 9999.0, 9999.0, 9999.0, 23.98, 9999.0, 22.73, 9999.0, 22.61, 22.5, 22.25, 22.25, 22.25
2026-09-11, 01:49:46, 22.25, 22.48, 22.75, 22.75, 9999.0, 9999.0, 9999.0, 24.0, 9999.0, 22.7, 9999.0, 22.59, 22.5, 22.25, 22.25, 22.25
2026-09-11, 01:49:50, 22.25, 22.5, 22.75, 22.75, 9999.0, 9999.0, 9999.0, 24.05, 9999.0, 22.68, 9999.0, 22.59, 22.5, 22.25, 22.25, 22.25
2026-09-11, 01:49:54, 22.25, 22.5, 22.75, 22.75, 9999.0, 9999.0, 9999.0, 24.09, 9999.0, 22.66, 9999.0, 22.59, 22.48, 22.25, 22.25, 22.25
2026-09-11, 01:49:58, 22.25, 22.5, 22.75, 22.75, 9999.0, 9999.0, 9999.0, 24.05, 9999.0, 22.64, 9999.0, 22.59, 22.45, 22.25, 22.25, 22.25
2026-09-11, 01:50:02, 22.25, 22.5, 22.75, 22.75, 9999.0, 9999.0, 9999.0, 24.0, 9999.0, 22.59, 9999.0, 22.61, 22.45, 22.25, 22.25, 22.25
2026-09-11, 01:50:06, 22.25, 22.5, 22.75, 22.75, 9999.0, 9999.0, 9999.0, 23.95, 9999.0, 22.55, 9999.0, 22.61, 22.45, 22.25, 22.25, 22.25
2026-09-11, 01:50:10, 22.25, 22.5, 22.75, 22.75, 9999.0, 9999.0, 9999.0, 23.91, 9999.0, 22.52, 9999.0, 22.64, 22.45, 22.25, 22.25, 22.25
2026-09-11, 01:50:14, 22.25, 22.5, 22.75, 22.75, 9999.0, 9999.0, 9999.0, 23.89, 9999.0, 22.5, 9999.0, 22.66, 22.45, 22.25, 22.27, 22.25
2026-09-11, 01:50:18, 22.25, 22.5, 22.75, 22.75, 9999.0, 9999.0, 9999.0, 23.84, 9999.0, 22.48, 9999.0, 22.68, 22.45, 22.25, 22.27, 22.25
2026-09-11, 01:50:22, 22.25, 22.5, 22.75, 22.73, 9999.0, 9999.0, 9999.0, 23.8, 9999.0, 22.5, 9999.0, 22.7, 22.45, 22.25, 22.27, 22.25
2026-09-11, 01:50:26, 22.25, 22.48, 22.75, 22.73, 9999.0, 9999.0, 9999.0, 23.75, 9999.0, 22.5, 9999.0, 22.73, 22.45, 22.25, 22.27, 22.25
2026-09-11, 01:50:30, 22.25, 22.48, 22.75, 22.7, 9999.0, 9999.0, 9999.0, 23.77, 9999.0, 22.52, 9999.0, 22.75, 22.45, 22.25, 22.27, 22.25
2026-09-11, 01:50:34, 22.25, 22.45, 22.75, 22.7, 9999.0, 9999.0, 9999.0, 23.8, 9999.0, 22.55, 9999.0, 22.73, 22.45, 22.25, 22.27, 22.25
2026-09-11, 01:50:38, 22.25, 22.45, 22.75, 22.7, 9999.0, 9999.0, 9999.0, 23.82, 9999.0, 22.57, 9999.0, 22.7, 22.48, 22.25, 22.27, 22.25
2026-09-11, 01:50:42, 22.25, 22.45, 22.75, 22.7, 9999.0, 9999.0, 9999.0, 23.86, 9999.0, 22.57, 9999.0, 22.68, 22.5, 22.25, 22.27, 22.25
2026-09-11, 01:50:46, 22.25, 22.45, 22.75, 22.7, 9999.0, 9999.0, 9999.0, 23.91, 9999.0, 22.59, 9999.0, 22.68, 22.5, 22.25, 22.27, 22.25
2026-09-11, 01:50:50, 22.25, 22.45, 22.75, 22.7, 9999.0, 9999.0, 9999.0, 23.95, 9999.0, 22.61, 9999.0, 22.66, 22.5, 22.25, 22.27, 22.25
2026-09-11, 01:50:54, 22.25, 22.45, 22.75, 22.7, 9999.0, 9999.0, 9999.0, 23.98, 9999.0, 22.61, 9999.0, 22.64, 22.5, 22.25, 22.27, 22.25
2026-09-11, 01:50:58, 22.25, 22.45, 22.75, 22.7, 9999.0, 9999.0, 9999.0, 24.0, 9999.0, 22.61, 9999.0, 22.61, 22.5, 22.25, 22.25, 22.25
2026-09-11, 01:51:02, 22.25, 22.45, 22.75, 22.7, 9999.0, 9999.0, 9999.0, 24.05, 9999.0, 22.61, 9999.0, 22.59, 22.48, 22.25, 22.25, 22.25
2026-09-11, 01:51:06, 22.25, 22.45, 22.75, 22.73, 9999.0, 9999.0, 9999.0, 24.09, 9999.0, 22.59, 9999.0, 22.57, 22.48, 22.25, 22.25, 22.25
2026-09-11, 01:51:10, 22.25, 22.48, 22.75, 22.73, 9999.0, 9999.0, 9999.0, 24.14, 9999.0, 22.57, 9999.0, 22.57, 22.48, 22.25, 22.25, 22.25
2026-09-11, 01:51:14, 22.25, 22.45, 22.75, 22.75, 9999.0, 9999.0, 9999.0, 24.09, 9999.0, 22.55, 9999.0, 22.57, 22.48, 22.25, 22.25, 22.25
2026-09-11, 01:51:18, 22.25, 22.45, 22.75, 22.75, 9999.0, 9999.0, 9999.0, 24.05, 9999.0, 22.5, 9999.0, 22.59, 22.48, 22.25, 22.25, 22.25
2026-09-11, 01:51:22, 22.25, 22.45, 22.75, 22.75, 9999.0, 9999.0, 9999.0, 24.0, 9999.0, 22.45, 9999.0, 22.61, 22.45, 22.25, 22.25, 22.25
2026-09-11, 01:51:26, 22.25, 22.45, 22.75, 22.75, 9999.0, 9999.0, 9999.0, 23.95, 9999.0, 22.43, 9999.0, 22.64, 22.45, 22.25, 22.25, 22.25
2026-09-11, 01:51:30, 22.25, 22.45, 22.75, 22.75, 9999.0, 9999.0, 9999.0, 23.91, 9999.0, 22.43, 9999.0, 22.64, 22.45, 22.25, 22.25, 22.25
2026-09-11, 01:51:35, 22.25, 22.45, 22.75, 22.75, 9999.0, 9999.0, 9999.0, 23.86, 9999.0, 22.43, 9999.0, 22.66, 22.45, 22.25, 22.25, 22.25
2026-09-11, 01:51:39, 22.25, 22.45, 22.75, 22.75, 9999.0, 9999.0, 9999.0, 23.82, 9999.0, 22.43, 9999.0, 22.68, 22.45, 22.25, 22.25, 22.25
2026-09-11, 01:51:43, 22.25, 22.45, 22.75, 22.75, 9999.0, 9999.0, 9999.0, 23.77, 9999.0, 22.45, 9999.0, 22.7, 22.45, 22.25, 22.25, 22.25
2026-09-11, 01:51:47, 22.25, 22.45, 22.75, 22.75, 9999.0, 9999.0, 9999.0, 23.73, 9999.0, 22.45, 9999.0, 22.73, 22.48, 22.25, 22.25, 22.25
2026-09-11, 01:51:51, 22.25, 22.45, 22.75, 22.75, 9999.0, 9999.0, 9999.0, 23.75, 9999.0, 22.45, 9999.0, 22.75, 22.48, 22.25, 22.25, 22.25
2026-09-11, 01:51:55, 22.25, 22.45, 22.75, 22.75, 9999.0, 9999.0, 9999.0, 23.77, 9999.0, 22.45, 9999.0, 22.73, 22.48, 22.25, 22.25, 22.25
2026-09-11, 01:51:59, 22.25, 22.48, 22.75, 22.75, 9999.0, 9999.0, 9999.0, 23.82, 9999.0, 22.45, 9999.0, 22.7, 22.48, 22.25, 22.25, 22.25
2026-09-11, 01:52:03, 22.25, 22.5, 22.75, 22.75, 9999.0, 9999.0, 9999.0, 23.84, 9999.0, 22.48, 9999.0, 22.68, 22.48, 22.25, 22.25, 22.25
2026-09-11, 01:52:07, 22.25, 22.48, 22.75, 22.75, 9999.0, 9999.0, 9999.0, 23.86, 9999.0, 22.5, 9999.0, 22.68, 22.5, 22.25, 22.25, 22.25
2026-09-11, 01:52:11, 22.25, 22.48, 22.75, 22.75, 9999.0, 9999.0, 9999.0, 23.89, 9999.0, 22.5, 9999.0, 22.66, 22.48, 22.25, 22.25, 22.25
2026-09-11, 01:52:15, 22.25, 22.48, 22.75, 22.75, 9999.0, 9999.0, 9999.0, 23.91, 9999.0, 22.48, 9999.0, 22.64, 22.48, 22.25, 22.25, 22.25
2026-09-11, 01:52:19, 22.25, 22.48, 22.75, 22.75, 9999.0, 9999.0, 9999.0, 23.93, 9999.0, 22.45, 9999.0, 22.61, 22.48, 22.25, 22.25, 22.25
2026-09-11, 01:52:23, 22.25, 22.48, 22.75, 22.75, 9999.0, 9999.0, 9999.0, 23.98, 9999.0, 22.43, 9999.0, 22.59, 22.48, 22.25, 22.25, 22.25
2026-09-11, 01:52:27, 22.25, 22.48, 22.75, 22.75, 9999.0, 9999.0, 9999.0, 24.02, 9999.0, 22.39, 9999.0, 22.59, 22.48, 22.25, 22.25, 22.25
2026-09-11, 01:52:31, 22.25, 22.45, 22.75, 22.75, 9999.0, 9999.0, 9999.0, 24.07, 9999.0, 22.36, 9999.0, 22.59, 22.48, 22.25, 22.25, 22.25
2026-09-11, 01:52:35, 22.25, 22.45, 22.75, 22.75, 9999.0, 9999.0, 9999.0, 24.02, 9999.0, 22.34, 9999.0, 22.59, 22.48, 22.25, 22.25, 22.25
2026-09-11, 01:52:39, 22.25, 22.45, 22.75, 22.75, 9999.0, 9999.0, 9999.0, 23.98, 9999.0, 22.32, 9999.0, 22.64, 22.48, 22.25, 22.25, 22.25
2026-09-11, 01:52:43, 22.25, 22.45, 22.75, 22.75, 9999.0, 9999.0, 9999.0, 23.93, 9999.0, 22.3, 9999.0, 22.66, 22.48, 22.25, 22.25, 22.25
2026-09-11, 01:52:47, 22.25, 22.43, 22.75, 22.75, 9999.0, 9999.0, 9999.0, 23.91, 9999.0, 22.3, 9999.0, 22.68, 22.48, 22.25, 22.25, 22.25
2026-09-11, 01:52:51, 22.25, 22.45, 22.75, 22.75, 9999.0, 9999.0, 9999.0, 23.89, 9999.0, 22.27, 9999.0, 22.68, 22.48, 22.25, 22.25, 22.25
2026-09-11, 01:52:55, 22.25, 22.45, 22.75, 22.75, 9999.0, 9999.0, 9999.0, 23.86, 9999.0, 22.27, 9999.0, 22.7, 22.5, 22.25, 22.25, 22.25
2026-09-11, 01:52:59, 22.25, 22.45, 22.75, 22.75, 9999.0, 9999.0, 9999.0, 23.82, 9999.0, 22.3, 9999.0, 22.73, 22.5, 22.25, 22.25, 22.25
2026-09-11, 01:53:03, 22.25, 22.45, 22.75, 22.75, 9999.0, 9999.0, 9999.0, 23.77, 9999.0, 22.32, 9999.0, 22.75, 22.5, 22.25, 22.25, 22.25
2026-09-11, 01:53:07, 22.25, 22.45, 22.75, 22.75, 9999.0, 9999.0, 9999.0, 23.73, 9999.0, 22.34, 9999.0, 22.77, 22.5, 22.25, 22.25, 22.25
2026-09-11, 01:53:11, 22.25, 22.45, 22.75, 22.75, 9999.0, 9999.0, 9999.0, 23.75, 9999.0, 22.36, 9999.0, 22.77, 22.5, 22.25, 22.25, 22.25
2026-09-11, 01:53:15, 22.25, 22.48, 22.75, 22.75, 9999.0, 9999.0, 9999.0, 23.75, 9999.0, 22.36, 9999.0, 22.75, 22.5, 22.25, 22.25, 22.25
2026-09-11, 01:53:19, 22.25, 22.48, 22.75, 22.75, 9999.0, 9999.0, 9999.0, 23.77, 9999.0, 22.36, 9999.0, 22.73, 22.5, 22.25, 22.25, 22.25
2026-09-11, 01:53:23, 22.25, 22.48, 22.75, 22.75, 9999.0, 9999.0, 9999.0, 23.8, 9999.0, 22.36, 9999.0, 22.7, 22.5, 22.25, 22.27, 22.25
2026-09-11, 01:53:27, 22.25, 22.48, 22.75, 22.75, 9999.0, 9999.0, 9999.0, 23.82, 9999.0, 22.36, 9999.0, 22.68, 22.5, 22.25, 22.27, 22.25
2026-09-11, 01:53:31, 22.25, 22.5, 22.75, 22.75, 9999.0, 9999.0, 9999.0, 23.84, 9999.0, 22.34, 9999.0, 22.66, 22.5, 22.25, 22.27, 22.25
2026-09-11, 01:53:35, 22.25, 22.5, 22.75, 22.75, 9999.0, 9999.0, 9999.0, 23.84, 9999.0, 22.34, 9999.0, 22.64, 22.5, 22.25, 22.27, 22.25
2026-09-11, 01:53:39, 22.25, 22.5, 22.75, 22.75, 9999.0, 9999.0, 9999.0, 23.84, 9999.0, 22.34, 9999.0, 22.61, 22.5, 22.25, 22.27, 22.25
2026-09-11, 01:53:43, 22.25, 22.5, 22.75, 22.75, 9999.0, 9999.0, 9999.0, 23.86, 9999.0, 22.32, 9999.0, 22.59, 22.5, 22.25, 22.27, 22.25
2026-09-11, 01:53:47, 22.25, 22.5, 22.75, 22.75, 9999.0, 9999.0, 9999.0, 23.89, 9999.0, 22.3, 9999.0, 22.59, 22.5, 22.25, 22.27, 22.25
2026-09-11, 01:53:51, 22.25, 22.5, 22.75, 22.75, 9999.0, 9999.0, 9999.0, 23.91, 9999.0, 22.25, 9999.0, 22.59, 22.5, 22.25, 22.27, 22.25
2026-09-11, 01:53:55, 22.25, 22.5, 22.75, 22.75, 9999.0, 9999.0, 9999.0, 23.86, 9999.0, 22.2, 9999.0, 22.59, 22.5, 22.25, 22.27, 22.25
2026-09-11, 01:53:59, 22.25, 22.5, 22.75, 22.75, 9999.0, 9999.0, 9999.0, 23.82, 9999.0, 22.18, 9999.0, 22.61, 22.5, 22.25, 22.27, 22.25
2026-09-11, 01:54:03, 22.25, 22.5, 22.75, 22.75, 9999.0, 9999.0, 9999.0, 23.77, 9999.0, 22.16, 9999.0, 22.64, 22.5, 22.25, 22.27, 22.25
2026-09-11, 01:54:07, 22.25, 22.5, 22.75, 22.75, 9999.0, 9999.0, 9999.0, 23.73, 9999.0, 22.16, 9999.0, 22.64, 22.5, 22.25, 22.25, 22.25
2026-09-11, 01:54:11, 22.25, 22.5, 22.75, 22.75, 9999.0, 9999.0, 9999.0, 23.68, 9999.0, 22.14, 9999.0, 22.66, 22.5, 22.25, 22.25, 22.25
2026-09-11, 01:54:15, 22.25, 22.5, 22.75, 22.75, 9999.0, 9999.0, 9999.0, 23.64, 9999.0, 22.11, 9999.0, 22.68, 22.5, 22.25, 22.25, 22.25
2026-09-11, 01:54:19, 22.25, 22.5, 22.75, 22.75, 9999.0, 9999.0, 9999.0, 23.61, 9999.0, 22.11, 9999.0, 22.7, 22.5, 22.25, 22.25, 22.25
2026-09-11, 01:54:23, 22.25, 22.5, 22.75, 22.75, 9999.0, 9999.0, 9999.0, 23.59, 9999.0, 22.14, 9999.0, 22.73, 22.5, 22.25, 22.25, 22.25
2026-09-11, 01:54:27, 22.25, 22.5, 22.75, 22.75, 9999.0, 9999.0, 9999.0, 23.64, 9999.0, 22.14, 9999.0, 22.75, 22.5, 22.25, 22.25, 22.25
2026-09-11, 01:54:31, 22.25, 22.5, 22.75, 22.75, 9999.0, 9999.0, 9999.0, 23.68, 9999.0, 22.14, 9999.0, 22.75, 22.5, 22.25, 22.25, 22.25
2026-09-11, 01:54:35, 22.25, 22.5, 22.75, 22.75, 9999.0, 9999.0, 9999.0, 23.7, 9999.0, 22.16, 9999.0, 22.75, 22.5, 22.25, 22.25, 22.25
2026-09-11, 01:54:39, 22.25, 22.5, 22.75, 22.75, 9999.0, 9999.0, 9999.0, 23.73, 9999.0, 22.18, 9999.0, 22.73, 22.5, 22.25, 22.25, 22.25
2026-09-11, 01:54:43, 22.25, 22.5, 22.75, 22.75, 9999.0, 9999.0, 9999.0, 23.75, 9999.0, 22.2, 9999.0, 22.73, 22.5, 22.25, 22.25, 22.25
2026-09-11, 01:54:47, 22.25, 22.48, 22.75, 22.75, 9999.0, 9999.0, 9999.0, 23.77, 9999.0, 22.2, 9999.0, 22.73, 22.5, 22.25, 22.25, 22.25
2026-09-11, 01:54:51, 22.25, 22.48, 22.75, 22.75, 9999.0, 9999.0, 9999.0, 23.8, 9999.0, 22.18, 9999.0, 22.7, 22.5, 22.25, 22.25, 22.25
2026-09-11, 01:54:55, 22.25, 22.48, 22.75, 22.75, 9999.0, 9999.0, 9999.0, 23.82, 9999.0, 22.18, 9999.0, 22.68, 22.5, 22.25, 22.25, 22.25
2026-09-11, 01:54:59, 22.25, 22.48, 22.75, 22.75, 9999.0, 9999.0, 9999.0, 23.84, 9999.0, 22.18, 9999.0, 22.66, 22.5, 22.25, 22.25, 22.25
2026-09-11, 01:55:03, 22.25, 22.48, 22.75, 22.75, 9999.0, 9999.0, 9999.0, 23.86, 9999.0, 22.16, 9999.0, 22.64, 22.5, 22.25, 22.25, 22.25
2026-09-11, 01:55:07, 22.25, 22.48, 22.75, 22.75, 9999.0, 9999.0, 9999.0, 23.89, 9999.0, 22.11, 9999.0, 22.64, 22.5, 22.25, 22.25, 22.25
2026-09-11, 01:55:11, 22.25, 22.48, 22.75, 22.75, 9999.0, 9999.0, 9999.0, 23.82, 9999.0, 22.09, 9999.0, 22.64, 22.5, 22.25, 22.25, 22.25
2026-09-11, 01:55:15, 22.25, 22.48, 22.75, 22.75, 9999.0, 9999.0, 9999.0, 23.75, 9999.0, 22.07, 9999.0, 22.64, 22.5, 22.25, 22.25, 22.25
2026-09-11, 01:55:19, 22.25, 22.48, 22.75, 22.75, 9999.0, 9999.0, 9999.0, 23.7, 9999.0, 22.05, 9999.0, 22.64, 22.5, 22.25, 22.25, 22.25
2026-09-11, 01:55:24, 22.25, 22.48, 22.75, 22.75, 9999.0, 9999.0, 9999.0, 23.68, 9999.0, 22.02, 9999.0, 22.66, 22.5, 22.25, 22.25, 22.25
2026-09-11, 01:55:28, 22.25, 22.48, 22.75, 22.75, 9999.0, 9999.0, 9999.0, 23.66, 9999.0, 22.0, 9999.0, 22.66, 22.5, 22.25, 22.25, 22.25
2026-09-11, 01:55:32, 22.25, 22.5, 22.75, 22.75, 9999.0, 9999.0, 9999.0, 23.64, 9999.0, 22.0, 9999.0, 22.66, 22.5, 22.25, 22.25, 22.25
2026-09-11, 01:55:36, 22.25, 22.5, 22.75, 22.75, 9999.0, 9999.0, 9999.0, 23.61, 9999.0, 22.02, 9999.0, 22.68, 22.5, 22.25, 22.25, 22.25
2026-09-11, 01:55:40, 22.25, 22.5, 22.75, 22.75, 9999.0, 9999.0, 9999.0, 23.59, 9999.0, 22.05, 9999.0, 22.7, 22.5, 22.25, 22.25, 22.25
2026-09-11, 01:55:44, 22.25, 22.48, 22.75, 22.75, 9999.0, 9999.0, 9999.0, 23.55, 9999.0, 22.07, 9999.0, 22.73, 22.5, 22.25, 22.25, 22.25
2026-09-11, 01:55:48, 22.27, 22.45, 22.75, 22.75, 9999.0, 9999.0, 9999.0, 23.57, 9999.0, 22.09, 9999.0, 22.75, 22.5, 22.25, 22.25, 22.25
2026-09-11, 01:55:52, 22.27, 22.45, 22.75, 22.75, 9999.0, 9999.0, 9999.0, 23.59, 9999.0, 22.11, 9999.0, 22.75, 22.5, 22.25, 22.25, 22.25
2026-09-11, 01:55:56, 22.27, 22.45, 22.75, 22.75, 9999.0, 9999.0, 9999.0, 23.64, 9999.0, 22.11, 9999.0, 22.75, 22.5, 22.25, 22.25, 22.25
2026-09-11, 01:56:00, 22.27, 22.45, 22.75, 22.75, 9999.0, 9999.0, 9999.0, 23.66, 9999.0, 22.11, 9999.0, 22.75, 22.5, 22.25, 22.25, 22.25
2026-09-11, 01:56:04, 22.27, 22.45, 22.75, 22.75, 9999.0, 9999.0, 9999.0, 23.68, 9999.0, 22.11, 9999.0, 22.75, 22.5, 22.25, 22.25, 22.25
2026-09-11, 01:56:08, 22.27, 22.43, 22.75, 22.75, 9999.0, 9999.0, 9999.0, 23.68, 9999.0, 22.11, 9999.0, 22.73, 22.5, 22.25, 22.25, 22.25
2026-09-11, 01:56:12, 22.27, 22.43, 22.75, 22.75, 9999.0, 9999.0, 9999.0, 23.68, 9999.0, 22.11, 9999.0, 22.7, 22.5, 22.25, 22.25, 22.25
2026-09-11, 01:56:16, 22.27, 22.43, 22.75, 22.75, 9999.0, 9999.0, 9999.0, 23.68, 9999.0, 22.11, 9999.0, 22.68, 22.5, 22.25, 22.25, 22.25
2026-09-11, 01:56:20, 22.27, 22.43, 22.75, 22.75, 9999.0, 9999.0, 9999.0, 23.7, 9999.0, 22.09, 9999.0, 22.66, 22.5, 22.25, 22.25, 22.25
2026-09-11, 01:56:24, 22.27, 22.43, 22.75, 22.75, 9999.0, 9999.0, 9999.0, 23.7, 9999.0, 22.07, 9999.0, 22.66, 22.5, 22.25, 22.25, 22.25
2026-09-11, 01:56:28, 22.27, 22.45, 22.75, 22.75, 9999.0, 9999.0, 9999.0, 23.73, 9999.0, 22.05, 9999.0, 22.66, 22.5, 22.25, 22.25, 22.25
2026-09-11, 01:56:32, 22.25, 22.48, 22.75, 22.75, 9999.0, 9999.0, 9999.0, 23.68, 9999.0, 22.02, 9999.0, 22.66, 22.5, 22.25, 22.25, 22.25
2026-09-11, 01:56:36, 22.25, 22.48, 22.75, 22.75, 9999.0, 9999.0, 9999.0, 23.64, 9999.0, 22.0, 9999.0, 22.68, 22.5, 22.25, 22.25, 22.25
2026-09-11, 01:56:40, 22.25, 22.48, 22.75, 22.75, 9999.0, 9999.0, 9999.0, 23.59, 9999.0, 21.98, 9999.0, 22.68, 22.5, 22.25, 22.25, 22.25
2026-09-11, 01:56:44, 22.25, 22.48, 22.75, 22.75, 9999.0, 9999.0, 9999.0, 23.57, 9999.0, 21.98, 9999.0, 22.68, 22.5, 22.25, 22.27, 22.25
2026-09-11, 01:56:48, 22.25, 22.48, 22.75, 22.75, 9999.0, 9999.0, 9999.0, 23.55, 9999.0, 21.98, 9999.0, 22.68, 22.5, 22.25, 22.27, 22.25
2026-09-11, 01:56:52, 22.25, 22.5, 22.75, 22.75, 9999.0, 9999.0, 9999.0, 23.52, 9999.0, 22.0, 9999.0, 22.7, 22.5, 22.25, 22.27, 22.25
2026-09-11, 01:56:56, 22.27, 22.5, 22.75, 22.75, 9999.0, 9999.0, 9999.0, 23.52, 9999.0, 22.02, 9999.0, 22.73, 22.5, 22.25, 22.27, 22.25
2026-09-11, 01:57:00, 22.27, 22.48, 22.75, 22.75, 9999.0, 9999.0, 9999.0, 23.5, 9999.0, 22.05, 9999.0, 22.75, 22.5, 22.25, 22.27, 22.25
2026-09-11, 01:57:04, 22.27, 22.48, 22.75, 22.75, 9999.0, 9999.0, 9999.0, 23.45, 9999.0, 22.07, 9999.0, 22.77, 22.5, 22.25, 22.27, 22.25
2026-09-11, 01:57:08, 22.27, 22.48, 22.75, 22.75, 9999.0, 9999.0, 9999.0, 23.5, 9999.0, 22.09, 9999.0, 22.77, 22.5, 22.25, 22.27, 22.25
2026-09-11, 01:57:12, 22.27, 22.48, 22.75, 22.75, 9999.0, 9999.0, 9999.0, 23.55, 9999.0, 22.11, 9999.0, 22.77, 22.5, 22.25, 22.27, 22.25
2026-09-11, 01:57:16, 22.27, 22.48, 22.75, 22.75, 9999.0, 9999.0, 9999.0, 23.59, 9999.0, 22.14, 9999.0, 22.77, 22.5, 22.25, 22.27, 22.25
2026-09-11, 01:57:20, 22.27, 22.48, 22.75, 22.75, 9999.0, 9999.0, 9999.0, 23.61, 9999.0, 22.16, 9999.0, 22.73, 22.5, 22.25, 22.27, 22.25
2026-09-11, 01:57:24, 22.27, 22.48, 22.75, 22.75, 9999.0, 9999.0, 9999.0, 23.64, 9999.0, 22.18, 9999.0, 22.7, 22.5, 22.25, 22.27, 22.25
2026-09-11, 01:57:28, 22.27, 22.48, 22.75, 22.75, 9999.0, 9999.0, 9999.0, 23.66, 9999.0, 22.18, 9999.0, 22.68, 22.5, 22.25, 22.25, 22.25
2026-09-11, 01:57:32, 22.27, 22.48, 22.75, 22.75, 9999.0, 9999.0, 9999.0, 23.68, 9999.0, 22.18, 9999.0, 22.66, 22.5, 22.25, 22.25, 22.27
2026-09-11, 01:57:36, 22.27, 22.45, 22.75, 22.75, 9999.0, 9999.0, 9999.0, 23.7, 9999.0, 22.16, 9999.0, 22.64, 22.5, 22.25, 22.25, 22.27
2026-09-11, 01:57:40, 22.25, 22.45, 22.75, 22.75, 9999.0, 9999.0, 9999.0, 23.73, 9999.0, 22.14, 9999.0, 22.61, 22.5, 22.25, 22.25, 22.27
2026-09-11, 01:57:44, 22.25, 22.48, 22.75, 22.75, 9999.0, 9999.0, 9999.0, 23.77, 9999.0, 22.11, 9999.0, 22.61, 22.5, 22.25, 22.25, 22.27
2026-09-11, 01:57:48, 22.25, 22.48, 22.75, 22.75, 9999.0, 9999.0, 9999.0, 23.82, 9999.0, 22.11, 9999.0, 22.61, 22.5, 22.25, 22.25, 22.27
2026-09-11, 01:57:52, 22.25, 22.48, 22.75, 22.75, 9999.0, 9999.0, 9999.0, 23.77, 9999.0, 22.09, 9999.0, 22.61, 22.5, 22.25, 22.25, 22.3
2026-09-11, 01:57:56, 22.25, 22.45, 22.75, 22.75, 9999.0, 9999.0, 9999.0, 23.73, 9999.0, 22.07, 9999.0, 22.64, 22.5, 22.25, 22.25, 22.3
2026-09-11, 01:58:00, 22.25, 22.43, 22.75, 22.75, 9999.0, 9999.0, 9999.0, 23.68, 9999.0, 22.05, 9999.0, 22.64, 22.5, 22.25, 22.27, 22.3
2026-09-11, 01:58:04, 22.25, 22.43, 22.75, 22.75, 9999.0, 9999.0, 9999.0, 23.66, 9999.0, 22.05, 9999.0, 22.66, 22.5, 22.25, 22.27, 22.32
2026-09-11, 01:58:08, 22.25, 22.43, 22.75, 22.75, 9999.0, 9999.0, 9999.0, 23.64, 9999.0, 22.07, 9999.0, 22.68, 22.5, 22.25, 22.27, 22.32
2026-09-11, 01:58:12, 22.25, 22.43, 22.75, 22.75, 9999.0, 9999.0, 9999.0, 23.61, 9999.0, 22.09, 9999.0, 22.7, 22.5, 22.25, 22.27, 22.32
2026-09-11, 01:58:16, 22.25, 22.43, 22.75, 22.75, 9999.0, 9999.0, 9999.0, 23.59, 9999.0, 22.14, 9999.0, 22.73, 22.5, 22.25, 22.3, 22.3
2026-09-11, 01:58:20, 22.25, 22.45, 22.75, 22.75, 9999.0, 9999.0, 9999.0, 23.55, 9999.0, 22.18, 9999.0, 22.75, 22.5, 22.25, 22.3, 22.32
2026-09-11, 01:58:24, 22.25, 22.45, 22.75, 22.75, 9999.0, 9999.0, 9999.0, 23.57, 9999.0, 22.2, 9999.0, 22.77, 22.5, 22.25, 22.3, 22.32
2026-09-11, 01:58:28, 22.25, 22.45, 22.75, 22.75, 9999.0, 9999.0, 9999.0, 23.59, 9999.0, 22.23, 9999.0, 22.77, 22.5, 22.25, 22.32, 22.32
2026-09-11, 01:58:32, 22.25, 22.45, 22.75, 22.75, 9999.0, 9999.0, 9999.0, 23.61, 9999.0, 22.23, 9999.0, 22.77, 22.5, 22.25, 22.32, 22.34
2026-09-11, 01:58:36, 22.25, 22.43, 22.75, 22.75, 9999.0, 9999.0, 9999.0, 23.64, 9999.0, 22.25, 9999.0, 22.77, 22.5, 22.25, 22.32, 22.32
2026-09-11, 01:58:40, 22.25, 22.45, 22.75, 22.75, 9999.0, 9999.0, 9999.0, 23.66, 9999.0, 22.27, 9999.0, 22.73, 22.5, 22.25, 22.32, 22.32
2026-09-11, 01:58:44, 22.25, 22.48, 22.75, 22.75, 9999.0, 9999.0, 9999.0, 23.68, 9999.0, 22.3, 9999.0, 22.7, 22.5, 22.25, 22.3, 22.32
2026-09-11, 01:58:48, 22.25, 22.48, 22.75, 22.75, 9999.0, 9999.0, 9999.0, 23.7, 9999.0, 22.27, 9999.0, 22.68, 22.5, 22.25, 22.3, 22.3
2026-09-11, 01:58:52, 22.25, 22.45, 22.75, 22.75, 9999.0, 9999.0, 9999.0, 23.73, 9999.0, 22.25, 9999.0, 22.66, 22.5, 22.25, 22.3, 22.32
2026-09-11, 01:58:56, 22.27, 22.45, 22.75, 22.75, 9999.0, 9999.0, 9999.0, 23.75, 9999.0, 22.23, 9999.0, 22.64, 22.5, 22.25, 22.3, 22.32
2026-09-11, 01:59:00, 22.27, 22.45, 22.75, 22.75, 9999.0, 9999.0, 9999.0, 23.77, 9999.0, 22.18, 9999.0, 22.61, 22.5, 22.25, 22.27, 22.34
2026-09-11, 01:59:04, 22.27, 22.45, 22.75, 22.75, 9999.0, 9999.0, 9999.0, 23.82, 9999.0, 22.14, 9999.0, 22.61, 22.5, 22.25, 22.27, 22.34
2026-09-11, 01:59:08, 22.27, 22.45, 22.75, 22.75, 9999.0, 9999.0, 9999.0, 23.77, 9999.0, 22.11, 9999.0, 22.61, 22.5, 22.25, 22.27, 22.36
2026-09-11, 01:59:13, 22.27, 22.45, 22.75, 22.75, 9999.0, 9999.0, 9999.0, 23.75, 9999.0, 22.09, 9999.0, 22.61, 22.5, 22.25, 22.25, 22.36
2026-09-11, 01:59:17, 22.27, 22.45, 22.75, 22.75, 9999.0, 9999.0, 9999.0, 23.7, 9999.0, 22.07, 9999.0, 22.61, 22.5, 22.25, 22.25, 22.36
2026-09-11, 01:59:21, 22.27, 22.48, 22.75, 22.77, 9999.0, 9999.0, 9999.0, 23.68, 9999.0, 22.05, 9999.0, 22.61, 22.5, 22.25, 22.25, 22.39
2026-09-11, 01:59:25, 22.27, 22.48, 22.75, 22.77, 9999.0, 9999.0, 9999.0, 23.66, 9999.0, 22.05, 9999.0, 22.64, 22.5, 22.25, 22.25, 22.39
2026-09-11, 01:59:29, 22.27, 22.48, 22.75, 22.77, 9999.0, 9999.0, 9999.0, 23.64, 9999.0, 22.05, 9999.0, 22.66, 22.5, 22.25, 22.25, 22.41
2026-09-11, 01:59:33, 22.27, 22.48, 22.75, 22.77, 9999.0, 9999.0, 9999.0, 23.61, 9999.0, 22.07, 9999.0, 22.68, 22.5, 22.25, 22.25, 22.41
2026-09-11, 01:59:37, 22.27, 22.48, 22.75, 22.77, 9999.0, 9999.0, 9999.0, 23.59, 9999.0, 22.11, 9999.0, 22.7, 22.5, 22.25, 22.25, 22.39
2026-09-11, 01:59:41, 22.25, 22.48, 22.75, 22.77, 9999.0, 9999.0, 9999.0, 23.57, 9999.0, 22.16, 9999.0, 22.73, 22.5, 22.25, 22.25, 22.39
2026-09-11, 01:59:45, 22.25, 22.48, 22.75, 22.77, 9999.0, 9999.0, 9999.0, 23.61, 9999.0, 22.2, 9999.0, 22.75, 22.5, 22.25, 22.27, 22.36
2026-09-11, 01:59:49, 22.25, 22.48, 22.75, 22.77, 9999.0, 9999.0, 9999.0, 23.64, 9999.0, 22.25, 9999.0, 22.75, 22.5, 22.25, 22.27, 22.34
2026-09-11, 01:59:53, 22.25, 22.48, 22.75, 22.77, 9999.0, 9999.0, 9999.0, 23.68, 9999.0, 22.3, 9999.0, 22.75, 22.5, 22.25, 22.27, 22.32
2026-09-11, 01:59:57, 22.25, 22.48, 22.75, 22.77, 9999.0, 9999.0, 9999.0, 23.7, 9999.0, 22.32, 9999.0, 22.73, 22.5, 22.25, 22.27, 22.32
2026-09-11, 02:00:01, 22.25, 22.48, 22.75, 22.8, 9999.0, 9999.0, 9999.0, 23.75, 9999.0, 22.34, 9999.0, 22.7, 22.5, 22.25, 22.27, 22.3
2026-09-11, 02:00:05, 22.25, 22.48, 22.75, 22.8, 9999.0, 9999.0, 9999.0, 23.77, 9999.0, 22.36, 9999.0, 22.68, 22.5, 22.25, 22.27, 22.27
2026-09-11, 02:00:09, 22.25, 22.48, 22.75, 22.8, 9999.0, 9999.0, 9999.0, 23.8, 9999.0, 22.36, 9999.0, 22.66, 22.5, 22.25, 22.3, 22.3
2026-09-11, 02:00:13, 22.25, 22.48, 22.75, 22.8, 9999.0, 9999.0, 9999.0, 23.82, 9999.0, 22.34, 9999.0, 22.64, 22.5, 22.25, 22.3, 22.3
2026-09-11, 02:00:17, 22.25, 22.48, 22.75, 22.8, 9999.0, 9999.0, 9999.0, 23.84, 9999.0, 22.34, 9999.0, 22.61, 22.5, 22.25, 22.3, 22.32
2026-09-11, 02:00:21, 22.25, 22.48, 22.75, 22.8, 9999.0, 9999.0, 9999.0, 23.86, 9999.0, 22.32, 9999.0, 22.59, 22.5, 22.25, 22.3, 22.32
2026-09-11, 02:00:25, 22.25, 22.48, 22.75, 22.8, 9999.0, 9999.0, 9999.0, 23.89, 9999.0, 22.3, 9999.0, 22.59, 22.5, 22.25, 22.3, 22.34
2026-09-11, 02:00:29, 22.25, 22.48, 22.75, 22.8, 9999.0, 9999.0, 9999.0, 23.84, 9999.0, 22.27, 9999.0, 22.59, 22.5, 22.25, 22.27, 22.34
2026-09-11, 02:00:33, 22.25, 22.48, 22.75, 22.8, 9999.0, 9999.0, 9999.0, 23.8, 9999.0, 22.25, 9999.0, 22.59, 22.5, 22.25, 22.3, 22.36
2026-09-11, 02:00:37, 22.25, 22.48, 22.75, 22.8, 9999.0, 9999.0, 9999.0, 23.75, 9999.0, 22.23, 9999.0, 22.59, 22.5, 22.25, 22.3, 22.39
2026-09-11, 02:00:41, 22.25, 22.48, 22.75, 22.8, 9999.0, 9999.0, 9999.0, 23.7, 9999.0, 22.23, 9999.0, 22.64, 22.5, 22.25, 22.32, 22.39
2026-09-11, 02:00:45, 22.25, 22.48, 22.75, 22.77, 9999.0, 9999.0, 9999.0, 23.66, 9999.0, 22.25, 9999.0, 22.66, 22.5, 22.25, 22.32, 22.41
2026-09-11, 02:00:49, 22.25, 22.48, 22.75, 22.75, 9999.0, 9999.0, 9999.0, 23.64, 9999.0, 22.25, 9999.0, 22.68, 22.5, 22.25, 22.32, 22.43
2026-09-11, 02:00:53, 22.25, 22.48, 22.75, 22.75, 9999.0, 9999.0, 9999.0, 23.59, 9999.0, 22.27, 9999.0, 22.7, 22.5, 22.25, 22.3, 22.43
2026-09-11, 02:00:57, 22.25, 22.48, 22.75, 22.75, 9999.0, 9999.0, 9999.0, 23.57, 9999.0, 22.32, 9999.0, 22.73, 22.5, 22.25, 22.32, 22.41
2026-09-11, 02:01:01, 22.25, 22.48, 22.75, 22.75, 9999.0, 9999.0, 9999.0, 23.52, 9999.0, 22.34, 9999.0, 22.75, 22.5, 22.25, 22.32, 22.39
2026-09-11, 02:01:05, 22.27, 22.5, 22.75, 22.75, 9999.0, 9999.0, 9999.0, 23.55, 9999.0, 22.36, 9999.0, 22.77, 22.5, 22.25, 22.34, 22.39
2026-09-11, 02:01:09, 22.27, 22.5, 22.75, 22.75, 9999.0, 9999.0, 9999.0, 23.59, 9999.0, 22.39, 9999.0, 22.77, 22.5, 22.25, 22.34, 22.39
2026-09-11, 02:01:13, 22.27, 22.5, 22.75, 22.75, 9999.0, 9999.0, 9999.0, 23.61, 9999.0, 22.41, 9999.0, 22.77, 22.5, 22.25, 22.36, 22.39
2026-09-11, 02:01:17, 22.27, 22.5, 22.75, 22.75, 9999.0, 9999.0, 9999.0, 23.66, 9999.0, 22.43, 9999.0, 22.77, 22.5, 22.25, 22.34, 22.36
2026-09-11, 02:01:21, 22.27, 22.5, 22.75, 22.75, 9999.0, 9999.0, 9999.0, 23.7, 9999.0, 22.45, 9999.0, 22.75, 22.5, 22.25, 22.34, 22.36
2026-09-11, 02:01:25, 22.27, 22.48, 22.75, 22.75, 9999.0, 9999.0, 9999.0, 23.75, 9999.0, 22.45, 9999.0, 22.7, 22.5, 22.25, 22.32, 22.39
2026-09-11, 02:01:29, 22.27, 22.48, 22.75, 22.75, 9999.0, 9999.0, 9999.0, 23.77, 9999.0, 22.43, 9999.0, 22.68, 22.5, 22.25, 22.32, 22.39
2026-09-11, 02:01:33, 22.27, 22.48, 22.75, 22.75, 9999.0, 9999.0, 9999.0, 23.8, 9999.0, 22.43, 9999.0, 22.66, 22.5, 22.25, 22.32, 22.36
2026-09-11, 02:01:37, 22.27, 22.48, 22.75, 22.77, 9999.0, 9999.0, 9999.0, 23.84, 9999.0, 22.41, 9999.0, 22.64, 22.5, 22.25, 22.32, 22.36
2026-09-11, 02:01:41, 22.27, 22.48, 22.75, 22.77, 9999.0, 9999.0, 9999.0, 23.89, 9999.0, 22.39, 9999.0, 22.64, 22.5, 22.25, 22.3, 22.36
2026-09-11, 02:01:45, 22.27, 22.48, 22.75, 22.8, 9999.0, 9999.0, 9999.0, 23.93, 9999.0, 22.36, 9999.0, 22.64, 22.5, 22.25, 22.32, 22.39
2026-09-11, 02:01:49, 22.25, 22.48, 22.75, 22.8, 9999.0, 9999.0, 9999.0, 23.91, 9999.0, 22.34, 9999.0, 22.64, 22.5, 22.25, 22.3, 22.39
2026-09-11, 02:01:53, 22.25, 22.48, 22.75, 22.8, 9999.0, 9999.0, 9999.0, 23.84, 9999.0, 22.32, 9999.0, 22.66, 22.5, 22.25, 22.3, 22.36
2026-09-11, 02:01:57, 22.25, 22.48, 22.75, 22.8, 9999.0, 9999.0, 9999.0, 23.8, 9999.0, 22.3, 9999.0, 22.68, 22.5, 22.25, 22.3, 22.36
2026-09-11, 02:02:01, 22.25, 22.48, 22.75, 22.8, 9999.0, 9999.0, 9999.0, 23.75, 9999.0, 22.27, 9999.0, 22.68, 22.5, 22.25, 22.32, 22.36
2026-09-11, 02:02:05, 22.25, 22.48, 22.75, 22.8, 9999.0, 9999.0, 9999.0, 23.7, 9999.0, 22.27, 9999.0, 22.7, 22.5, 22.25, 22.34, 22.36
2026-09-11, 02:02:09, 22.25, 22.5, 22.75, 22.82, 9999.0, 9999.0, 9999.0, 23.66, 9999.0, 22.3, 9999.0, 22.73, 22.5, 22.25, 22.36, 22.34
2026-09-11, 02:02:13, 22.25, 22.5, 22.75, 22.84, 9999.0, 9999.0, 9999.0, 23.64, 9999.0, 22.32, 9999.0, 22.75, 22.5, 22.25, 22.36, 22.32
2026-09-11, 02:02:17, 22.25, 22.5, 22.75, 22.84, 9999.0, 9999.0, 9999.0, 23.61, 9999.0, 22.34, 9999.0, 22.77, 22.5, 22.25, 22.36, 22.34
2026-09-11, 02:02:21, 22.25, 22.5, 22.75, 22.82, 9999.0, 9999.0, 9999.0, 23.59, 9999.0, 22.36, 9999.0, 22.8, 22.5, 22.25, 22.39, 22.32
2026-09-11, 02:02:25, 22.25, 22.5, 22.75, 22.82, 9999.0, 9999.0, 9999.0, 23.61, 9999.0, 22.39, 9999.0, 22.8, 22.5, 22.25, 22.39, 22.32
2026-09-11, 02:02:29, 22.25, 22.5, 22.75, 22.8, 9999.0, 9999.0, 9999.0, 23.66, 9999.0, 22.41, 9999.0, 22.8, 22.5, 22.25, 22.36, 22.3
2026-09-11, 02:02:33, 22.25, 22.5, 22.75, 22.8, 9999.0, 9999.0, 9999.0, 23.68, 9999.0, 22.43, 9999.0, 22.8, 22.5, 22.25, 22.36, 22.3
2026-09-11, 02:02:37, 22.25, 22.5, 22.75, 22.8, 9999.0, 9999.0, 9999.0, 23.73, 9999.0, 22.45, 9999.0, 22.77, 22.5, 22.25, 22.39, 22.32
2026-09-11, 02:02:41, 22.25, 22.5, 22.75, 22.8, 9999.0, 9999.0, 9999.0, 23.77, 9999.0, 22.48, 9999.0, 22.75, 22.5, 22.25, 22.36, 22.32
2026-09-11, 02:02:45, 22.25, 22.5, 22.75, 22.8, 9999.0, 9999.0, 9999.0, 23.82, 9999.0, 22.5, 9999.0, 22.75, 22.5, 22.25, 22.36, 22.32
2026-09-11, 02:02:49, 22.25, 22.5, 22.75, 22.8, 9999.0, 9999.0, 9999.0, 23.84, 9999.0, 22.5, 9999.0, 22.75, 22.5, 22.25, 22.36, 22.3
2026-09-11, 02:02:53, 22.25, 22.5, 22.75, 22.77, 9999.0, 9999.0, 9999.0, 23.86, 9999.0, 22.5, 9999.0, 22.75, 22.5, 22.25, 22.34, 22.3
2026-09-11, 02:02:57, 22.25, 22.5, 22.75, 22.75, 9999.0, 9999.0, 9999.0, 23.89, 9999.0, 22.5, 9999.0, 22.73, 22.5, 22.25, 22.34, 22.3
2026-09-11, 02:03:02, 22.25, 22.48, 22.75, 22.75, 9999.0, 9999.0, 9999.0, 23.91, 9999.0, 22.5, 9999.0, 22.73, 22.5, 22.25, 22.34, 22.3
2026-09-11, 02:03:06, 22.25, 22.45, 22.75, 22.75, 9999.0, 9999.0, 9999.0, 23.93, 9999.0, 22.5, 9999.0, 22.73, 22.5, 22.25, 22.32, 22.3
2026-09-11, 02:03:10, 22.25, 22.45, 22.75, 22.75, 9999.0, 9999.0, 9999.0, 23.89, 9999.0, 22.5, 9999.0, 22.73, 22.5, 22.25, 22.32, 22.3
2026-09-11, 02:03:14, 22.25, 22.45, 22.75, 22.75, 9999.0, 9999.0, 9999.0, 23.84, 9999.0, 22.5, 9999.0, 22.75, 22.5, 22.25, 22.32, 22.3
2026-09-11, 02:03:18, 22.25, 22.43, 22.77, 22.75, 9999.0, 9999.0, 9999.0, 23.8, 9999.0, 22.5, 9999.0, 22.77, 22.5, 22.25, 22.32, 22.3
2026-09-11, 02:03:22, 22.25, 22.43, 22.77, 22.75, 9999.0, 9999.0, 9999.0, 23.75, 9999.0, 22.5, 9999.0, 22.77, 22.5, 22.25, 22.3, 22.27
2026-09-11, 02:03:26, 22.25, 22.43, 22.77, 22.75, 9999.0, 9999.0, 9999.0, 23.7, 9999.0, 22.5, 9999.0, 22.77, 22.5, 22.25, 22.3, 22.27
2026-09-11, 02:03:30, 22.25, 22.43, 22.77, 22.75, 9999.0, 9999.0, 9999.0, 23.66, 9999.0, 22.52, 9999.0, 22.77, 22.5, 22.25, 22.27, 22.27
2026-09-11, 02:03:34, 22.25, 22.43, 22.77, 22.75, 9999.0, 9999.0, 9999.0, 23.64, 9999.0, 22.55, 9999.0, 22.77, 22.5, 22.25, 22.25, 22.3
2026-09-11, 02:03:38, 22.25, 22.43, 22.77, 22.75, 9999.0, 9999.0, 9999.0, 23.61, 9999.0, 22.57, 9999.0, 22.77, 22.5, 22.25, 22.27, 22.32
2026-09-11, 02:03:42, 22.25, 22.43, 22.77, 22.75, 9999.0, 9999.0, 9999.0, 23.66, 9999.0, 22.59, 9999.0, 22.8, 22.5, 22.25, 22.27, 22.34
2026-09-11, 02:03:46, 22.25, 22.45, 22.77, 22.75, 9999.0, 9999.0, 9999.0, 23.7, 9999.0, 22.59, 9999.0, 22.8, 22.5, 22.25, 22.27, 22.32
2026-09-11, 02:03:50, 22.25, 22.48, 22.77, 22.75, 9999.0, 9999.0, 9999.0, 23.75, 9999.0, 22.59, 9999.0, 22.8, 22.5, 22.25, 22.27, 22.32
2026-09-11, 02:03:54, 22.25, 22.48, 22.77, 22.75, 9999.0, 9999.0, 9999.0, 23.77, 9999.0, 22.59, 9999.0, 22.8, 22.5, 22.25, 22.27, 22.32
2026-09-11, 02:03:58, 22.25, 22.48, 22.77, 22.75, 9999.0, 9999.0, 9999.0, 23.8, 9999.0, 22.59, 9999.0, 22.75, 22.5, 22.25, 22.27, 22.32
2026-09-11, 02:04:02, 22.25, 22.5, 22.75, 22.75, 9999.0, 9999.0, 9999.0, 23.84, 9999.0, 22.59, 9999.0, 22.7, 22.5, 22.25, 22.27, 22.32
2026-09-11, 02:04:06, 22.25, 22.5, 22.75, 22.75, 9999.0, 9999.0, 9999.0, 23.89, 9999.0, 22.59, 9999.0, 22.68, 22.5, 22.25, 22.27, 22.32
2026-09-11, 02:04:10, 22.25, 22.5, 22.75, 22.75, 9999.0, 9999.0, 9999.0, 23.91, 9999.0, 22.59, 9999.0, 22.66, 22.5, 22.25, 22.3, 22.32
2026-09-11, 02:04:14, 22.25, 22.5, 22.75, 22.75, 9999.0, 9999.0, 9999.0, 23.95, 9999.0, 22.57, 9999.0, 22.64, 22.5, 22.25, 22.32, 22.32
2026-09-11, 02:04:18, 22.27, 22.5, 22.75, 22.75, 9999.0, 9999.0, 9999.0, 24.0, 9999.0, 22.55, 9999.0, 22.61, 22.5, 22.25, 22.32, 22.3
2026-09-11, 02:04:22, 22.27, 22.5, 22.75, 22.75, 9999.0, 9999.0, 9999.0, 24.02, 9999.0, 22.52, 9999.0, 22.61, 22.5, 22.25, 22.3, 22.27
2026-09-11, 02:04:26, 22.27, 22.5, 22.75, 22.75, 9999.0, 9999.0, 9999.0, 23.98, 9999.0, 22.5, 9999.0, 22.61, 22.5, 22.25, 22.3, 22.25
2026-09-11, 02:04:30, 22.27, 22.5, 22.75, 22.75, 9999.0, 9999.0, 9999.0, 23.93, 9999.0, 22.5, 9999.0, 22.61, 22.5, 22.25, 22.32, 22.25
2026-09-11, 02:04:34, 22.27, 22.5, 22.75, 22.75, 9999.0, 9999.0, 9999.0, 23.89, 9999.0, 22.5, 9999.0, 22.64, 22.5, 22.25, 22.32, 22.25
2026-09-11, 02:04:38, 22.3, 22.48, 22.75, 22.75, 9999.0, 9999.0, 9999.0, 23.86, 9999.0, 22.5, 9999.0, 22.66, 22.5, 22.25, 22.34, 22.25
2026-09-11, 02:04:42, 22.3, 22.48, 22.75, 22.75, 9999.0, 9999.0, 9999.0, 23.84, 9999.0, 22.52, 9999.0, 22.68, 22.5, 22.25, 22.34, 22.27
2026-09-11, 02:04:46, 22.3, 22.48, 22.75, 22.75, 9999.0, 9999.0, 9999.0, 23.82, 9999.0, 22.52, 9999.0, 22.7, 22.5, 22.25, 22.36, 22.27
2026-09-11, 02:04:50, 22.3, 22.48, 22.75, 22.75, 9999.0, 9999.0, 9999.0, 23.77, 9999.0, 22.55, 9999.0, 22.73, 22.52, 22.25, 22.36, 22.27
2026-09-11, 02:04:54, 22.3, 22.48, 22.75, 22.75, 9999.0, 9999.0, 9999.0, 23.75, 9999.0, 22.57, 9999.0, 22.75, 22.52, 22.25, 22.34, 22.27
2026-09-11, 02:04:58, 22.3, 22.48, 22.75, 22.75, 9999.0, 9999.0, 9999.0, 23.7, 9999.0, 22.59, 9999.0, 22.77, 22.52, 22.25, 22.32, 22.3
2026-09-11, 02:05:02, 22.27, 22.48, 22.75, 22.75, 9999.0, 9999.0, 9999.0, 23.73, 9999.0, 22.61, 9999.0, 22.8, 22.52, 22.25, 22.32, 22.3
2026-09-11, 02:05:06, 22.27, 22.48, 22.75, 22.75, 9999.0, 9999.0, 9999.0, 23.77, 9999.0, 22.64, 9999.0, 22.8, 22.52, 22.25, 22.32, 22.3
2026-09-11, 02:05:10, 22.27, 22.48, 22.75, 22.75, 9999.0, 9999.0, 9999.0, 23.82, 9999.0, 22.66, 9999.0, 22.8, 22.52, 22.25, 22.34, 22.3
2026-09-11, 02:05:14, 22.27, 22.48, 22.75, 22.75, 9999.0, 9999.0, 9999.0, 23.84, 9999.0, 22.66, 9999.0, 22.8, 22.52, 22.25, 22.32, 22.3
2026-09-11, 02:05:18, 22.27, 22.48, 22.75, 22.75, 9999.0, 9999.0, 9999.0, 23.86, 9999.0, 22.66, 9999.0, 22.77, 22.52, 22.25, 22.32, 22.3
2026-09-11, 02:05:22, 22.25, 22.5, 22.75, 22.75, 9999.0, 9999.0, 9999.0, 23.89, 9999.0, 22.66, 9999.0, 22.73, 22.52, 22.25, 22.3, 22.3
2026-09-11, 02:05:26, 22.25, 22.5, 22.75, 22.75, 9999.0, 9999.0, 9999.0, 23.91, 9999.0, 22.64, 9999.0, 22.7, 22.52, 22.25, 22.3, 22.27
2026-09-11, 02:05:30, 22.25, 22.5, 22.75, 22.75, 9999.0, 9999.0, 9999.0, 23.93, 9999.0, 22.64, 9999.0, 22.68, 22.52, 22.25, 22.27, 22.27
2026-09-11, 02:05:34, 22.25, 22.5, 22.75, 22.75, 9999.0, 9999.0, 9999.0, 23.98, 9999.0, 22.61, 9999.0, 22.66, 22.5, 22.25, 22.27, 22.27
2026-09-11, 02:05:38, 22.25, 22.5, 22.75, 22.75, 9999.0, 9999.0, 9999.0, 24.02, 9999.0, 22.59, 9999.0, 22.66, 22.5, 22.25, 22.27, 22.27
2026-09-11, 02:05:42, 22.25, 22.5, 22.75, 22.75, 9999.0, 9999.0, 9999.0, 24.07, 9999.0, 22.57, 9999.0, 22.66, 22.5, 22.25, 22.27, 22.25
2026-09-11, 02:05:46, 22.25, 22.5, 22.75, 22.75, 9999.0, 9999.0, 9999.0, 24.02, 9999.0, 22.55, 9999.0, 22.66, 22.5, 22.25, 22.27, 22.25
2026-09-11, 02:05:50, 22.25, 22.48, 22.75, 22.75, 9999.0, 9999.0, 9999.0, 23.98, 9999.0, 22.52, 9999.0, 22.66, 22.5, 22.25, 22.27, 22.25
2026-09-11, 02:05:54, 22.25, 22.48, 22.75, 22.75, 9999.0, 9999.0, 9999.0, 23.93, 9999.0, 22.5, 9999.0, 22.66, 22.5, 22.25, 22.25, 22.25
2026-09-11, 02:05:58, 22.25, 22.48, 22.75, 22.75, 9999.0, 9999.0, 9999.0, 23.91, 9999.0, 22.5, 9999.0, 22.66, 22.5, 22.25, 22.25, 22.25
2026-09-11, 02:06:02, 22.25, 22.48, 22.75, 22.75, 9999.0, 9999.0, 9999.0, 23.89, 9999.0, 22.52, 9999.0, 22.66, 22.5, 22.25, 22.25, 22.25
2026-09-11, 02:06:06, 22.25, 22.48, 22.75, 22.75, 9999.0, 9999.0, 9999.0, 23.86, 9999.0, 22.55, 9999.0, 22.68, 22.5, 22.25, 22.25, 22.25
2026-09-11, 02:06:10, 22.25, 22.48, 22.75, 22.75, 9999.0, 9999.0, 9999.0, 23.82, 9999.0, 22.57, 9999.0, 22.7, 22.5, 22.25, 22.25, 22.25
2026-09-11, 02:06:14, 22.25, 22.48, 22.75, 22.75, 9999.0, 9999.0, 9999.0, 23.77, 9999.0, 22.59, 9999.0, 22.73, 22.5, 22.25, 22.25, 22.25
2026-09-11, 02:06:18, 22.25, 22.48, 22.75, 22.75, 9999.0, 9999.0, 9999.0, 23.73, 9999.0, 22.61, 9999.0, 22.75, 22.5, 22.25, 22.27, 22.25
2026-09-11, 02:06:22, 22.25, 22.48, 22.75, 22.75, 9999.0, 9999.0, 9999.0, 23.75, 9999.0, 22.64, 9999.0, 22.75, 22.5, 22.25, 22.27, 22.25
2026-09-11, 02:06:26, 22.25, 22.48, 22.75, 22.75, 9999.0, 9999.0, 9999.0, 23.77, 9999.0, 22.66, 9999.0, 22.75, 22.5, 22.25, 22.27, 22.25
2026-09-11, 02:06:30, 22.25, 22.48, 22.75, 22.75, 9999.0, 9999.0, 9999.0, 23.82, 9999.0, 22.68, 9999.0, 22.75, 22.5, 22.25, 22.27, 22.25
2026-09-11, 02:06:34, 22.25, 22.5, 22.75, 22.75, 9999.0, 9999.0, 9999.0, 23.86, 9999.0, 22.7, 9999.0, 22.73, 22.5, 22.25, 22.27, 22.25
2026-09-11, 02:06:38, 22.25, 22.5, 22.75, 22.75, 9999.0, 9999.0, 9999.0, 23.91, 9999.0, 22.73, 9999.0, 22.7, 22.5, 22.25, 22.27, 22.25
2026-09-11, 02:06:43, 22.25, 22.5, 22.75, 22.75, 9999.0, 9999.0, 9999.0, 23.93, 9999.0, 22.75, 9999.0, 22.7, 22.5, 22.25, 22.27, 22.25
2026-09-11, 02:06:47, 22.27, 22.5, 22.75, 22.75, 9999.0, 9999.0, 9999.0, 23.95, 9999.0, 22.73, 9999.0, 22.7, 22.5, 22.25, 22.27, 22.25
2026-09-11, 02:06:51, 22.27, 22.5, 22.75, 22.75, 9999.0, 9999.0, 9999.0, 23.98, 9999.0, 22.73, 9999.0, 22.68, 22.5, 22.25, 22.27, 22.25
2026-09-11, 02:06:55, 22.27, 22.5, 22.75, 22.75, 9999.0, 9999.0, 9999.0, 24.02, 9999.0, 22.73, 9999.0, 22.66, 22.5, 22.25, 22.27, 22.25
2026-09-11, 02:06:59, 22.27, 22.5, 22.75, 22.75, 9999.0, 9999.0, 9999.0, 24.07, 9999.0, 22.7, 9999.0, 22.66, 22.5, 22.25, 22.27, 22.25
2026-09-11, 02:07:03, 22.27, 22.5, 22.75, 22.75, 9999.0, 9999.0, 9999.0, 24.11, 9999.0, 22.68, 9999.0, 22.66, 22.5, 22.25, 22.25, 22.25
2026-09-11, 02:07:07, 22.27, 22.5, 22.75, 22.75, 9999.0, 9999.0, 9999.0, 24.09, 9999.0, 22.66, 9999.0, 22.66, 22.5, 22.25, 22.25, 22.25
2026-09-11, 02:07:11, 22.27, 22.5, 22.75, 22.75, 9999.0, 9999.0, 9999.0, 24.05, 9999.0, 22.64, 9999.0, 22.68, 22.5, 22.25, 22.25, 22.25
2026-09-11, 02:07:15, 22.27, 22.5, 22.75, 22.75, 9999.0, 9999.0, 9999.0, 24.0, 9999.0, 22.61, 9999.0, 22.7, 22.5, 22.25, 22.27, 22.25
2026-09-11, 02:07:19, 22.27, 22.5, 22.75, 22.75, 9999.0, 9999.0, 9999.0, 23.95, 9999.0, 22.59, 9999.0, 22.73, 22.5, 22.25, 22.27, 22.25
2026-09-11, 02:07:23, 22.27, 22.5, 22.75, 22.75, 9999.0, 9999.0, 9999.0, 23.91, 9999.0, 22.59, 9999.0, 22.75, 22.5, 22.25, 22.27, 22.25
2026-09-11, 02:07:27, 22.27, 22.5, 22.75, 22.75, 9999.0, 9999.0, 9999.0, 23.89, 9999.0, 22.59, 9999.0, 22.75, 22.5, 22.25, 22.3, 22.25
2026-09-11, 02:07:31, 22.25, 22.5, 22.75, 22.75, 9999.0, 9999.0, 9999.0, 23.86, 9999.0, 22.61, 9999.0, 22.75, 22.5, 22.25, 22.3, 22.25
2026-09-11, 02:07:35, 22.25, 22.5, 22.75, 22.75, 9999.0, 9999.0, 9999.0, 23.84, 9999.0, 22.61, 9999.0, 22.77, 22.5, 22.25, 22.3, 22.25
2026-09-11, 02:07:39, 22.25, 22.5, 22.75, 22.75, 9999.0, 9999.0, 9999.0, 23.82, 9999.0, 22.61, 9999.0, 22.8, 22.5, 22.25, 22.3, 22.25
2026-09-11, 02:07:43, 22.25, 22.5, 22.75, 22.75, 9999.0, 9999.0, 9999.0, 23.86, 9999.0, 22.64, 9999.0, 22.8, 22.5, 22.25, 22.3, 22.25
2026-09-11, 02:07:47, 22.25, 22.5, 22.75, 22.75, 9999.0, 9999.0, 9999.0, 23.89, 9999.0, 22.66, 9999.0, 22.8, 22.5, 22.25, 22.3, 22.25
2026-09-11, 02:07:51, 22.25, 22.5, 22.75, 22.75, 9999.0, 9999.0, 9999.0, 23.91, 9999.0, 22.68, 9999.0, 22.8, 22.5, 22.25, 22.3, 22.25
2026-09-11, 02:07:55, 22.25, 22.5, 22.75, 22.75, 9999.0, 9999.0, 9999.0, 23.95, 9999.0, 22.7, 9999.0, 22.75, 22.5, 22.25, 22.3, 22.25
2026-09-11, 02:07:59, 22.25, 22.5, 22.75, 22.75, 9999.0, 9999.0, 9999.0, 24.0, 9999.0, 22.73, 9999.0, 22.7, 22.5, 22.25, 22.27, 22.25
2026-09-11, 02:08:03, 22.25, 22.5, 22.75, 22.75, 9999.0, 9999.0, 9999.0, 24.05, 9999.0, 22.75, 9999.0, 22.68, 22.5, 22.25, 22.27, 22.25
2026-09-11, 02:08:07, 22.25, 22.5, 22.75, 22.75, 9999.0, 9999.0, 9999.0, 24.07, 9999.0, 22.73, 9999.0, 22.66, 22.5, 22.25, 22.27, 22.25
2026-09-11, 02:08:11, 22.25, 22.5, 22.75, 22.75, 9999.0, 9999.0, 9999.0, 24.09, 9999.0, 22.73, 9999.0, 22.64, 22.5, 22.25, 22.25, 22.25
2026-09-11, 02:08:15, 22.25, 22.5, 22.75, 22.75, 9999.0, 9999.0, 9999.0, 24.14, 9999.0, 22.7, 9999.0, 22.61, 22.5, 22.25, 22.25, 22.25
2026-09-11, 02:08:19, 22.25, 22.5, 22.75, 22.75, 9999.0, 9999.0, 9999.0, 24.16, 9999.0, 22.7, 9999.0, 22.61, 22.5, 22.25, 22.25, 22.25
2026-09-11, 02:08:23, 22.25, 22.5, 22.75, 22.75, 9999.0, 9999.0, 9999.0, 24.18, 9999.0, 22.68, 9999.0, 22.61, 22.5, 22.25, 22.25, 22.25
2026-09-11, 02:08:27, 22.25, 22.5, 22.75, 22.75, 9999.0, 9999.0, 9999.0, 24.14, 9999.0, 22.66, 9999.0, 22.61, 22.5, 22.25, 22.25, 22.25
2026-09-11, 02:08:31, 22.25, 22.5, 22.75, 22.75, 9999.0, 9999.0, 9999.0, 24.11, 9999.0, 22.64, 9999.0, 22.61, 22.5, 22.25, 22.25, 22.25
2026-09-11, 02:08:35, 22.25, 22.5, 22.75, 22.75, 9999.0, 9999.0, 9999.0, 24.07, 9999.0, 22.61, 9999.0, 22.61, 22.5, 22.25, 22.25, 22.25
2026-09-11, 02:08:39, 22.25, 22.5, 22.75, 22.75, 9999.0, 9999.0, 9999.0, 24.02, 9999.0, 22.61, 9999.0, 22.64, 22.5, 22.25, 22.25, 22.25
2026-09-11, 02:08:43, 22.25, 22.5, 22.75, 22.75, 9999.0, 9999.0, 9999.0, 23.98, 9999.0, 22.61, 9999.0, 22.66, 22.5, 22.25, 22.25, 22.25
2026-09-11, 02:08:47, 22.25, 22.5, 22.75, 22.75, 9999.0, 9999.0, 9999.0, 23.93, 9999.0, 22.61, 9999.0, 22.68, 22.5, 22.25, 22.25, 22.25
2026-09-11, 02:08:51, 22.25, 22.5, 22.75, 22.75, 9999.0, 9999.0, 9999.0, 23.91, 9999.0, 22.64, 9999.0, 22.7, 22.5, 22.25, 22.25, 22.25
2026-09-11, 02:08:55, 22.25, 22.5, 22.75, 22.75, 9999.0, 9999.0, 9999.0, 23.86, 9999.0, 22.64, 9999.0, 22.73, 22.5, 22.25, 22.25, 22.25
2026-09-11, 02:08:59, 22.25, 22.48, 22.75, 22.75, 9999.0, 9999.0, 9999.0, 23.8, 9999.0, 22.66, 9999.0, 22.73, 22.5, 22.25, 22.25, 22.25
2026-09-11, 02:09:03, 22.25, 22.48, 22.75, 22.75, 9999.0, 9999.0, 9999.0, 23.82, 9999.0, 22.66, 9999.0, 22.73, 22.5, 22.25, 22.25, 22.25
2026-09-11, 02:09:07, 22.25, 22.48, 22.75, 22.75, 9999.0, 9999.0, 9999.0, 23.84, 9999.0, 22.68, 9999.0, 22.7, 22.5, 22.25, 22.25, 22.25
2026-09-11, 02:09:11, 22.25, 22.48, 22.75, 22.75, 9999.0, 9999.0, 9999.0, 23.86, 9999.0, 22.7, 9999.0, 22.7, 22.5, 22.25, 22.25, 22.25
2026-09-11, 02:09:15, 22.25, 22.48, 22.75, 22.75, 9999.0, 9999.0, 9999.0, 23.89, 9999.0, 22.73, 9999.0, 22.68, 22.5, 22.25, 22.25, 22.25
2026-09-11, 02:09:19, 22.25, 22.45, 22.75, 22.75, 9999.0, 9999.0, 9999.0, 23.91, 9999.0, 22.75, 9999.0, 22.66, 22.5, 22.25, 22.25, 22.25
2026-09-11, 02:09:23, 22.25, 22.45, 22.75, 22.75, 9999.0, 9999.0, 9999.0, 23.93, 9999.0, 22.75, 9999.0, 22.64, 22.5, 22.25, 22.27, 22.25
2026-09-11, 02:09:27, 22.25, 22.45, 22.75, 22.75, 9999.0, 9999.0, 9999.0, 23.95, 9999.0, 22.73, 9999.0, 22.61, 22.5, 22.25, 22.27, 22.25
2026-09-11, 02:09:31, 22.25, 22.45, 22.75, 22.75, 9999.0, 9999.0, 9999.0, 23.98, 9999.0, 22.7, 9999.0, 22.59, 22.5, 22.25, 22.27, 22.25
2026-09-11, 02:09:35, 22.25, 22.45, 22.75, 22.75, 9999.0, 9999.0, 9999.0, 24.0, 9999.0, 22.68, 9999.0, 22.57, 22.5, 22.25, 22.27, 22.25
2026-09-11, 02:09:39, 22.25, 22.45, 22.75, 22.75, 9999.0, 9999.0, 9999.0, 24.05, 9999.0, 22.68, 9999.0, 22.57, 22.5, 22.25, 22.27, 22.25
2026-09-11, 02:09:43, 22.25, 22.48, 22.75, 22.75, 9999.0, 9999.0, 9999.0, 24.09, 9999.0, 22.66, 9999.0, 22.59, 22.5, 22.25, 22.27, 22.25
2026-09-11, 02:09:47, 22.25, 22.48, 22.75, 22.75, 9999.0, 9999.0, 9999.0, 24.07, 9999.0, 22.64, 9999.0, 22.59, 22.5, 22.25, 22.27, 22.25
2026-09-11, 02:09:51, 22.25, 22.48, 22.75, 22.75, 9999.0, 9999.0, 9999.0, 24.05, 9999.0, 22.61, 9999.0, 22.61, 22.5, 22.25, 22.27, 22.25
2026-09-11, 02:09:55, 22.25, 22.48, 22.75, 22.75, 9999.0, 9999.0, 9999.0, 24.0, 9999.0, 22.59, 9999.0, 22.61, 22.5, 22.25, 22.27, 22.25
2026-09-11, 02:09:59, 22.25, 22.48, 22.75, 22.75, 9999.0, 9999.0, 9999.0, 23.95, 9999.0, 22.59, 9999.0, 22.64, 22.5, 22.25, 22.27, 22.25
2026-09-11, 02:10:03, 22.25, 22.5, 22.75, 22.75, 9999.0, 9999.0, 9999.0, 23.93, 9999.0, 22.59, 9999.0, 22.66, 22.5, 22.25, 22.27, 22.25
2026-09-11, 02:10:07, 22.25, 22.5, 22.75, 22.75, 9999.0, 9999.0, 9999.0, 23.89, 9999.0, 22.59, 9999.0, 22.68, 22.5, 22.25, 22.25, 22.25
2026-09-11, 02:10:11, 22.25, 22.5, 22.75, 22.75, 9999.0, 9999.0, 9999.0, 23.86, 9999.0, 22.61, 9999.0, 22.7, 22.5, 22.25, 22.25, 22.25
2026-09-11, 02:10:15, 22.25, 22.5, 22.75, 22.75, 9999.0, 9999.0, 9999.0, 23.82, 9999.0, 22.64, 9999.0, 22.73, 22.5, 22.25, 22.25, 22.25
2026-09-11, 02:10:19, 22.25, 22.5, 22.75, 22.75, 9999.0, 9999.0, 9999.0, 23.86, 9999.0, 22.66, 9999.0, 22.75, 22.5, 22.25, 22.25, 22.25
2026-09-11, 02:10:23, 22.25, 22.5, 22.75, 22.75, 9999.0, 9999.0, 9999.0, 23.89, 9999.0, 22.66, 9999.0, 22.75, 22.5, 22.25, 22.25, 22.25
2026-09-11, 02:10:28, 22.25, 22.5, 22.75, 22.75, 9999.0, 9999.0, 9999.0, 23.93, 9999.0, 22.68, 9999.0, 22.75, 22.5, 22.25, 22.25, 22.25
2026-09-11, 02:10:32, 22.25, 22.5, 22.75, 22.75, 9999.0, 9999.0, 9999.0, 23.95, 9999.0, 22.7, 9999.0, 22.75, 22.5, 22.25, 22.25, 22.25
2026-09-11, 02:10:36, 22.25, 22.5, 22.75, 22.75, 9999.0, 9999.0, 9999.0, 23.95, 9999.0, 22.73, 9999.0, 22.73, 22.5, 22.25, 22.25, 22.25
2026-09-11, 02:10:40, 22.25, 22.5, 22.75, 22.75, 9999.0, 9999.0, 9999.0, 23.98, 9999.0, 22.75, 9999.0, 22.7, 22.5, 22.25, 22.25, 22.25
2026-09-11, 02:10:44, 22.25, 22.5, 22.75, 22.75, 9999.0, 9999.0, 9999.0, 24.0, 9999.0, 22.75, 9999.0, 22.68, 22.5, 22.25, 22.25, 22.25
2026-09-11, 02:10:48, 22.25, 22.5, 22.75, 22.75, 9999.0, 9999.0, 9999.0, 24.02, 9999.0, 22.75, 9999.0, 22.66, 22.5, 22.25, 22.25, 22.25
2026-09-11, 02:10:52, 22.25, 22.5, 22.75, 22.75, 9999.0, 9999.0, 9999.0, 24.07, 9999.0, 22.73, 9999.0, 22.64, 22.5, 22.25, 22.25, 22.25
2026-09-11, 02:10:56, 22.25, 22.5, 22.75, 22.75, 9999.0, 9999.0, 9999.0, 24.09, 9999.0, 22.7, 9999.0, 22.61, 22.48, 22.25, 22.25, 22.25
2026-09-11, 02:11:00, 22.25, 22.5, 22.75, 22.75, 9999.0, 9999.0, 9999.0, 24.14, 9999.0, 22.68, 9999.0, 22.61, 22.48, 22.25, 22.25, 22.25
2026-09-11, 02:11:04, 22.25, 22.5, 22.75, 22.75, 9999.0, 9999.0, 9999.0, 24.09, 9999.0, 22.66, 9999.0, 22.61, 22.48, 22.25, 22.25, 22.25
2026-09-11, 02:11:08, 22.25, 22.5, 22.75, 22.75, 9999.0, 9999.0, 9999.0, 24.05, 9999.0, 22.64, 9999.0, 22.61, 22.48, 22.25, 22.25, 22.25
2026-09-11, 02:11:12, 22.25, 22.5, 22.75, 22.75, 9999.0, 9999.0, 9999.0, 23.98, 9999.0, 22.61, 9999.0, 22.61, 22.48, 22.25, 22.25, 22.25
2026-09-11, 02:11:16, 22.27, 22.5, 22.75, 22.75, 9999.0, 9999.0, 9999.0, 23.93, 9999.0, 22.59, 9999.0, 22.61, 22.48, 22.25, 22.25, 22.25
2026-09-11, 02:11:20, 22.27, 22.5, 22.75, 22.75, 9999.0, 9999.0, 9999.0, 23.91, 9999.0, 22.59, 9999.0, 22.64, 22.48, 22.25, 22.25, 22.25
2026-09-11, 02:11:24, 22.27, 22.5, 22.75, 22.75, 9999.0, 9999.0, 9999.0, 23.89, 9999.0, 22.59, 9999.0, 22.66, 22.48, 22.25, 22.25, 22.25
2026-09-11, 02:11:28, 22.27, 22.5, 22.75, 22.75, 9999.0, 9999.0, 9999.0, 23.86, 9999.0, 22.59, 9999.0, 22.68, 22.48, 22.25, 22.25, 22.25
2026-09-11, 02:11:32, 22.27, 22.5, 22.75, 22.75, 9999.0, 9999.0, 9999.0, 23.82, 9999.0, 22.59, 9999.0, 22.7, 22.48, 22.25, 22.25, 22.25
2026-09-11, 02:11:36, 22.27, 22.5, 22.75, 22.75, 9999.0, 9999.0, 9999.0, 23.77, 9999.0, 22.61, 9999.0, 22.73, 22.48, 22.25, 22.25, 22.25
2026-09-11, 02:11:40, 22.27, 22.5, 22.75, 22.75, 9999.0, 9999.0, 9999.0, 23.82, 9999.0, 22.64, 9999.0, 22.75, 22.5, 22.25, 22.25, 22.25
2026-09-11, 02:11:44, 22.27, 22.5, 22.75, 22.75, 9999.0, 9999.0, 9999.0, 23.84, 9999.0, 22.66, 9999.0, 22.75, 22.5, 22.25, 22.25, 22.25
2026-09-11, 02:11:48, 22.27, 22.5, 22.75, 22.75, 9999.0, 9999.0, 9999.0, 23.86, 9999.0, 22.68, 9999.0, 22.73, 22.5, 22.25, 22.25, 22.25
2026-09-11, 02:11:52, 22.27, 22.5, 22.75, 22.75, 9999.0, 9999.0, 9999.0, 23.91, 9999.0, 22.68, 9999.0, 22.7, 22.5, 22.25, 22.25, 22.25
2026-09-11, 02:11:56, 22.27, 22.5, 22.75, 22.75, 9999.0, 9999.0, 9999.0, 23.95, 9999.0, 22.68, 9999.0, 22.68, 22.5, 22.25, 22.25, 22.25
2026-09-11, 02:12:00, 22.25, 22.5, 22.75, 22.75, 9999.0, 9999.0, 9999.0, 24.0, 9999.0, 22.7, 9999.0, 22.66, 22.5, 22.25, 22.25, 22.25
2026-09-11, 02:12:04, 22.25, 22.48, 22.75, 22.75, 9999.0, 9999.0, 9999.0, 24.02, 9999.0, 22.68, 9999.0, 22.64, 22.5, 22.25, 22.25, 22.25
2026-09-11, 02:12:08, 22.25, 22.48, 22.75, 22.75, 9999.0, 9999.0, 9999.0, 24.05, 9999.0, 22.66, 9999.0, 22.61, 22.5, 22.25, 22.25, 22.25
2026-09-11, 02:12:12, 22.25, 22.48, 22.75, 22.75, 9999.0, 9999.0, 9999.0, 24.07, 9999.0, 22.64, 9999.0, 22.59, 22.5, 22.25, 22.25, 22.25
2026-09-11, 02:12:16, 22.25, 22.48, 22.75, 22.75, 9999.0, 9999.0, 9999.0, 24.11, 9999.0, 22.61, 9999.0, 22.59, 22.5, 22.25, 22.25, 22.25
2026-09-11, 02:12:20, 22.25, 22.48, 22.75, 22.75, 9999.0, 9999.0, 9999.0, 24.16, 9999.0, 22.59, 9999.0, 22.59, 22.48, 22.25, 22.25, 22.25
2026-09-11, 02:12:24, 22.25, 22.48, 22.75, 22.75, 9999.0, 9999.0, 9999.0, 24.11, 9999.0, 22.57, 9999.0, 22.59, 22.48, 22.25, 22.25, 22.25
2026-09-11, 02:12:28, 22.25, 22.48, 22.75, 22.75, 9999.0, 9999.0, 9999.0, 24.07, 9999.0, 22.55, 9999.0, 22.59, 22.48, 22.25, 22.25, 22.25
2026-09-11, 02:12:32, 22.25, 22.48, 22.75, 22.75, 9999.0, 9999.0, 9999.0, 24.02, 9999.0, 22.52, 9999.0, 22.61, 22.48, 22.25, 22.25, 22.25
2026-09-11, 02:12:36, 22.25, 22.48, 22.75, 22.75, 9999.0, 9999.0, 9999.0, 23.98, 9999.0, 22.55, 9999.0, 22.64, 22.48, 22.25, 22.25, 22.25
2026-09-11, 02:12:40, 22.25, 22.48, 22.75, 22.75, 9999.0, 9999.0, 9999.0, 23.93, 9999.0, 22.55, 9999.0, 22.66, 22.45, 22.25, 22.25, 22.25
2026-09-11, 02:12:44, 22.25, 22.48, 22.75, 22.75, 9999.0, 9999.0, 9999.0, 23.89, 9999.0, 22.52, 9999.0, 22.68, 22.45, 22.25, 22.25, 22.25
2026-09-11, 02:12:48, 22.25, 22.5, 22.75, 22.75, 9999.0, 9999.0, 9999.0, 23.86, 9999.0, 22.55, 9999.0, 22.7, 22.45, 22.25, 22.27, 22.25
2026-09-11, 02:12:52, 22.25, 22.5, 22.75, 22.75, 9999.0, 9999.0, 9999.0, 23.82, 9999.0, 22.57, 9999.0, 22.73, 22.45, 22.25, 22.27, 22.25
2026-09-11, 02:12:56, 22.25, 22.48, 22.75, 22.75, 9999.0, 9999.0, 9999.0, 23.77, 9999.0, 22.59, 9999.0, 22.75, 22.45, 22.25, 22.27, 22.25
2026-09-11, 02:13:00, 22.25, 22.48, 22.75, 22.75, 9999.0, 9999.0, 9999.0, 23.82, 9999.0, 22.61, 9999.0, 22.75, 22.45, 22.25, 22.27, 22.25
2026-09-11, 02:13:04, 22.25, 22.48, 22.75, 22.75, 9999.0, 9999.0, 9999.0, 23.84, 9999.0, 22.61, 9999.0, 22.73, 22.48, 22.25, 22.27, 22.25
2026-09-11, 02:13:08, 22.25, 22.48, 22.75, 22.75, 9999.0, 9999.0, 9999.0, 23.86, 9999.0, 22.61, 9999.0, 22.7, 22.48, 22.25, 22.27, 22.25
2026-09-11, 02:13:12, 22.25, 22.48, 22.75, 22.75, 9999.0, 9999.0, 9999.0, 23.91, 9999.0, 22.64, 9999.0, 22.7, 22.48, 22.23, 22.27, 22.25
2026-09-11, 02:13:16, 22.25, 22.48, 22.75, 22.75, 9999.0, 9999.0, 9999.0, 23.95, 9999.0, 22.64, 9999.0, 22.68, 22.45, 22.23, 22.27, 22.25
2026-09-11, 02:13:20, 22.25, 22.45, 22.75, 22.75, 9999.0, 9999.0, 9999.0, 23.98, 9999.0, 22.61, 9999.0, 22.66, 22.45, 22.23, 22.27, 22.25
2026-09-11, 02:13:24, 22.25, 22.45, 22.75, 22.75, 9999.0, 9999.0, 9999.0, 24.0, 9999.0, 22.61, 9999.0, 22.64, 22.48, 22.23, 22.27, 22.25
2026-09-11, 02:13:28, 22.25, 22.45, 22.75, 22.75, 9999.0, 9999.0, 9999.0, 24.02, 9999.0, 22.61, 9999.0, 22.61, 22.48, 22.23, 22.27, 22.25
2026-09-11, 02:13:32, 22.25, 22.45, 22.75, 22.75, 9999.0, 9999.0, 9999.0, 24.05, 9999.0, 22.59, 9999.0, 22.59, 22.48, 22.23, 22.25, 22.25
2026-09-11, 02:13:36, 22.25, 22.45, 22.75, 22.75, 9999.0, 9999.0, 9999.0, 24.09, 9999.0, 22.57, 9999.0, 22.59, 22.48, 22.23, 22.25, 22.25
2026-09-11, 02:13:40, 22.25, 22.48, 22.75, 22.75, 9999.0, 9999.0, 9999.0, 24.14, 9999.0, 22.52, 9999.0, 22.57, 22.48, 22.23, 22.25, 22.25
2026-09-11, 02:13:44, 22.25, 22.48, 22.75, 22.75, 9999.0, 9999.0, 9999.0, 24.07, 9999.0, 22.5, 9999.0, 22.57, 22.48, 22.23, 22.25, 22.25
2026-09-11, 02:13:48, 22.25, 22.48, 22.75, 22.75, 9999.0, 9999.0, 9999.0, 24.02, 9999.0, 22.48, 9999.0, 22.59, 22.48, 22.23, 22.25, 22.25
2026-09-11, 02:13:52, 22.25, 22.48, 22.75, 22.75, 9999.0, 9999.0, 9999.0, 23.98, 9999.0, 22.45, 9999.0, 22.61, 22.48, 22.23, 22.25, 22.25
2026-09-11, 02:13:56, 22.25, 22.48, 22.75, 22.75, 9999.0, 9999.0, 9999.0, 23.93, 9999.0, 22.43, 9999.0, 22.61, 22.48, 22.25, 22.25, 22.25
2026-09-11, 02:14:00, 22.25, 22.48, 22.75, 22.75, 9999.0, 9999.0, 9999.0, 23.89, 9999.0, 22.43, 9999.0, 22.64, 22.5, 22.25, 22.25, 22.25
2026-09-11, 02:14:04, 22.25, 22.5, 22.75, 22.75, 9999.0, 9999.0, 9999.0, 23.86, 9999.0, 22.43, 9999.0, 22.66, 22.5, 22.25, 22.27, 22.25
2026-09-11, 02:14:08, 22.25, 22.5, 22.75, 22.75, 9999.0, 9999.0, 9999.0, 23.84, 9999.0, 22.43, 9999.0, 22.68, 22.5, 22.25, 22.27, 22.25
2026-09-11, 02:14:12, 22.25, 22.5, 22.75, 22.75, 9999.0, 9999.0, 9999.0, 23.8, 9999.0, 22.43, 9999.0, 22.7, 22.5, 22.25, 22.27, 22.25
2026-09-11, 02:14:16, 22.25, 22.5, 22.75, 22.75, 9999.0, 9999.0, 9999.0, 23.84, 9999.0, 22.43, 9999.0, 22.7, 22.5, 22.25, 22.27, 22.25
2026-09-11, 02:14:21, 22.25, 22.5, 22.75, 22.75, 9999.0, 9999.0, 9999.0, 23.86, 9999.0, 22.43, 9999.0, 22.68, 22.5, 22.25, 22.27, 22.25
2026-09-11, 02:14:25, 22.25, 22.5, 22.75, 22.75, 9999.0, 9999.0, 9999.0, 23.89, 9999.0, 22.45, 9999.0, 22.68, 22.5, 22.25, 22.27, 22.25
2026-09-11, 02:14:29, 22.25, 22.5, 22.75, 22.75, 9999.0, 9999.0, 9999.0, 23.93, 9999.0, 22.45, 9999.0, 22.66, 22.5, 22.25, 22.27, 22.25
2026-09-11, 02:14:33, 22.25, 22.5, 22.75, 22.75, 9999.0, 9999.0, 9999.0, 23.98, 9999.0, 22.48, 9999.0, 22.66, 22.5, 22.25, 22.27, 22.25
2026-09-11, 02:14:37, 22.25, 22.5, 22.75, 22.75, 9999.0, 9999.0, 9999.0, 24.02, 9999.0, 22.5, 9999.0, 22.64, 22.5, 22.25, 22.27, 22.25
2026-09-11, 02:14:41, 22.25, 22.5, 22.75, 22.75, 9999.0, 9999.0, 9999.0, 24.05, 9999.0, 22.5, 9999.0, 22.61, 22.5, 22.25, 22.27, 22.25
2026-09-11, 02:14:45, 22.25, 22.5, 22.75, 22.75, 9999.0, 9999.0, 9999.0, 24.07, 9999.0, 22.5, 9999.0, 22.59, 22.5, 22.25, 22.27, 22.25
2026-09-11, 02:14:49, 22.25, 22.5, 22.75, 22.75, 9999.0, 9999.0, 9999.0, 24.09, 9999.0, 22.5, 9999.0, 22.57, 22.5, 22.25, 22.25, 22.25
2026-09-11, 02:14:53, 22.25, 22.5, 22.75, 22.73, 9999.0, 9999.0, 9999.0, 24.11, 9999.0, 22.5, 9999.0, 22.55, 22.5, 22.25, 22.25, 22.25
2026-09-11, 02:14:57, 22.25, 22.5, 22.75, 22.73, 9999.0, 9999.0, 9999.0, 24.16, 9999.0, 22.48, 9999.0, 22.55, 22.5, 22.25, 22.25, 22.25
2026-09-11, 02:15:01, 22.25, 22.5, 22.75, 22.73, 9999.0, 9999.0, 9999.0, 24.09, 9999.0, 22.45, 9999.0, 22.57, 22.5, 22.25, 22.25, 22.25
2026-09-11, 02:15:05, 22.25, 22.5, 22.75, 22.73, 9999.0, 9999.0, 9999.0, 24.05, 9999.0, 22.43, 9999.0, 22.59, 22.5, 22.25, 22.25, 22.25
