2026-09-22, 00:00:01, 22.5, 22.68, 23.0, 23.0, 9999.0, 9999.0, 9999.0, 24.0, 9999.0, 22.7, 9999.0, 22.93, 22.7, 22.5, 22.5, 22.5
2026-09-22, 00:00:05, 22.5, 22.7, 23.0, 23.0, 9999.0, 9999.0, 9999.0, 23.98, 9999.0, 22.73, 9999.0, 22.95, 22.7, 22.5, 22.5, 22.5
2026-09-22, 00:00:09, 22.5, 22.7, 23.0, 23.0, 9999.0, 9999.0, 9999.0, 23.93, 9999.0, 22.75, 9999.0, 22.98, 22.7, 22.5, 22.5, 22.5
2026-09-22, 00:00:13, 22.5, 22.73, 23.0, 23.0, 9999.0, 9999.0, 9999.0, 23.95, 9999.0, 22.77, 9999.0, 23.0, 22.7, 22.5, 22.5, 22.5
2026-09-22, 00:00:17, 22.5, 22.73, 23.0, 23.0, 9999.0, 9999.0, 9999.0, 24.0, 9999.0, 22.8, 9999.0, 23.0, 22.7, 22.5, 22.5, 22.5
2026-09-22, 00:00:21, 22.5, 22.73, 23.0, 23.0, 9999.0, 9999.0, 9999.0, 24.02, 9999.0, 22.8, 9999.0, 22.98, 22.73, 22.5, 22.5, 22.5
2026-09-22, 00:00:25, 22.5, 22.7, 23.0, 23.0, 9999.0, 9999.0, 9999.0, 24.05, 9999.0, 22.82, 9999.0, 22.95, 22.73, 22.5, 22.5, 22.5
2026-09-22, 00:00:29, 22.5, 22.7, 23.0, 23.0, 9999.0, 9999.0, 9999.0, 24.07, 9999.0, 22.84, 9999.0, 22.93, 22.73, 22.5, 22.5, 22.5
2026-09-22, 00:00:33, 22.5, 22.7, 23.0, 23.0, 9999.0, 9999.0, 9999.0, 24.09, 9999.0, 22.86, 9999.0, 22.91, 22.75, 22.5, 22.5, 22.5
2026-09-22, 00:00:37, 22.5, 22.68, 23.0, 23.0, 9999.0, 9999.0, 9999.0, 24.09, 9999.0, 22.86, 9999.0, 22.89, 22.73, 22.5, 22.5, 22.5
2026-09-22, 00:00:41, 22.5, 22.7, 23.0, 23.0, 9999.0, 9999.0, 9999.0, 24.14, 9999.0, 22.86, 9999.0, 22.86, 22.7, 22.5, 22.5, 22.5
2026-09-22, 00:00:45, 22.5, 22.7, 23.0, 23.0, 9999.0, 9999.0, 9999.0, 24.18, 9999.0, 22.84, 9999.0, 22.84, 22.7, 22.5, 22.5, 22.5
2026-09-22, 00:00:49, 22.5, 22.7, 23.0, 23.0, 9999.0, 9999.0, 9999.0, 24.2, 9999.0, 22.82, 9999.0, 22.84, 22.7, 22.5, 22.5, 22.5
2026-09-22, 00:00:53, 22.5, 22.7, 23.0, 23.0, 9999.0, 9999.0, 9999.0, 24.23, 9999.0, 22.8, 9999.0, 22.84, 22.7, 22.5, 22.5, 22.5
2026-09-22, 00:00:57, 22.5, 22.7, 23.0, 23.0, 9999.0, 9999.0, 9999.0, 24.18, 9999.0, 22.77, 9999.0, 22.84, 22.7, 22.5, 22.5, 22.48
2026-09-22, 00:01:01, 22.5, 22.7, 23.0, 23.0, 9999.0, 9999.0, 9999.0, 24.14, 9999.0, 22.75, 9999.0, 22.84, 22.7, 22.5, 22.5, 22.48
2026-09-22, 00:01:05, 22.5, 22.7, 23.0, 23.0, 9999.0, 9999.0, 9999.0, 24.11, 9999.0, 22.75, 9999.0, 22.86, 22.7, 22.5, 22.5, 22.48
2026-09-22, 00:01:09, 22.5, 22.73, 23.0, 23.0, 9999.0, 9999.0, 9999.0, 24.09, 9999.0, 22.77, 9999.0, 22.89, 22.7, 22.5, 22.5, 22.48
2026-09-22, 00:01:13, 22.5, 22.7, 23.0, 22.98, 9999.0, 9999.0, 9999.0, 24.07, 9999.0, 22.77, 9999.0, 22.91, 22.7, 22.5, 22.5, 22.48
2026-09-22, 00:01:17, 22.5, 22.68, 23.0, 22.98, 9999.0, 9999.0, 9999.0, 24.02, 9999.0, 22.8, 9999.0, 22.93, 22.7, 22.5, 22.5, 22.48
2026-09-22, 00:01:21, 22.5, 22.68, 23.0, 22.98, 9999.0, 9999.0, 9999.0, 24.0, 9999.0, 22.82, 9999.0, 22.95, 22.73, 22.5, 22.5, 22.48
2026-09-22, 00:01:25, 22.5, 22.66, 23.0, 22.98, 9999.0, 9999.0, 9999.0, 23.95, 9999.0, 22.84, 9999.0, 22.98, 22.75, 22.5, 22.5, 22.48
2026-09-22, 00:01:29, 22.5, 22.66, 23.0, 22.98, 9999.0, 9999.0, 9999.0, 23.98, 9999.0, 22.86, 9999.0, 23.0, 22.75, 22.5, 22.5, 22.48
2026-09-22, 00:01:33, 22.5, 22.66, 23.0, 22.98, 9999.0, 9999.0, 9999.0, 24.02, 9999.0, 22.89, 9999.0, 23.0, 22.75, 22.5, 22.5, 22.48
2026-09-22, 00:01:37, 22.5, 22.66, 23.0, 22.98, 9999.0, 9999.0, 9999.0, 24.07, 9999.0, 22.89, 9999.0, 22.98, 22.75, 22.5, 22.5, 22.48
2026-09-22, 00:01:41, 22.5, 22.66, 23.0, 22.98, 9999.0, 9999.0, 9999.0, 24.11, 9999.0, 22.89, 9999.0, 22.98, 22.75, 22.5, 22.5, 22.5
2026-09-22, 00:01:45, 22.5, 22.64, 23.0, 22.98, 9999.0, 9999.0, 9999.0, 24.14, 9999.0, 22.89, 9999.0, 22.95, 22.75, 22.5, 22.5, 22.5
2026-09-22, 00:01:49, 22.5, 22.64, 23.0, 22.98, 9999.0, 9999.0, 9999.0, 24.16, 9999.0, 22.89, 9999.0, 22.93, 22.75, 22.5, 22.5, 22.5
2026-09-22, 00:01:53, 22.5, 22.64, 23.0, 22.98, 9999.0, 9999.0, 9999.0, 24.18, 9999.0, 22.86, 9999.0, 22.91, 22.75, 22.5, 22.5, 22.5
2026-09-22, 00:01:57, 22.5, 22.66, 23.0, 23.0, 9999.0, 9999.0, 9999.0, 24.2, 9999.0, 22.86, 9999.0, 22.89, 22.73, 22.5, 22.5, 22.5
2026-09-22, 00:02:01, 22.5, 22.68, 23.0, 23.0, 9999.0, 9999.0, 9999.0, 24.25, 9999.0, 22.84, 9999.0, 22.86, 22.7, 22.5, 22.5, 22.5
2026-09-22, 00:02:05, 22.5, 22.7, 23.0, 23.0, 9999.0, 9999.0, 9999.0, 24.27, 9999.0, 22.82, 9999.0, 22.86, 22.68, 22.5, 22.5, 22.5
2026-09-22, 00:02:09, 22.5, 22.73, 22.98, 23.0, 9999.0, 9999.0, 9999.0, 24.32, 9999.0, 22.8, 9999.0, 22.86, 22.66, 22.5, 22.5, 22.5
2026-09-22, 00:02:13, 22.5, 22.73, 22.98, 23.0, 9999.0, 9999.0, 9999.0, 24.27, 9999.0, 22.77, 9999.0, 22.86, 22.66, 22.5, 22.5, 22.5
2026-09-22, 00:02:17, 22.5, 22.7, 22.98, 23.0, 9999.0, 9999.0, 9999.0, 24.23, 9999.0, 22.75, 9999.0, 22.86, 22.66, 22.5, 22.5, 22.5
2026-09-22, 00:02:21, 22.5, 22.7, 22.98, 23.0, 9999.0, 9999.0, 9999.0, 24.18, 9999.0, 22.75, 9999.0, 22.89, 22.66, 22.5, 22.5, 22.5
2026-09-22, 00:02:25, 22.5, 22.7, 22.98, 23.0, 9999.0, 9999.0, 9999.0, 24.14, 9999.0, 22.77, 9999.0, 22.89, 22.64, 22.5, 22.5, 22.5
2026-09-22, 00:02:29, 22.5, 22.73, 22.98, 23.0, 9999.0, 9999.0, 9999.0, 24.11, 9999.0, 22.8, 9999.0, 22.91, 22.64, 22.5, 22.5, 22.5
2026-09-22, 00:02:33, 22.5, 22.73, 22.98, 23.0, 9999.0, 9999.0, 9999.0, 24.07, 9999.0, 22.82, 9999.0, 22.93, 22.64, 22.5, 22.5, 22.5
2026-09-22, 00:02:38, 22.5, 22.73, 22.98, 23.0, 9999.0, 9999.0, 9999.0, 24.02, 9999.0, 22.84, 9999.0, 22.95, 22.64, 22.5, 22.5, 22.5
2026-09-22, 00:02:42, 22.5, 22.73, 22.98, 23.0, 9999.0, 9999.0, 9999.0, 23.98, 9999.0, 22.86, 9999.0, 22.98, 22.66, 22.5, 22.5, 22.5
2026-09-22, 00:02:46, 22.5, 22.73, 22.98, 23.0, 9999.0, 9999.0, 9999.0, 24.0, 9999.0, 22.89, 9999.0, 23.0, 22.68, 22.5, 22.5, 22.5
2026-09-22, 00:02:50, 22.5, 22.73, 22.98, 23.0, 9999.0, 9999.0, 9999.0, 24.05, 9999.0, 22.91, 9999.0, 22.98, 22.7, 22.5, 22.5, 22.5
2026-09-22, 00:02:54, 22.5, 22.73, 23.0, 23.0, 9999.0, 9999.0, 9999.0, 24.05, 9999.0, 22.93, 9999.0, 22.95, 22.73, 22.5, 22.5, 22.5
2026-09-22, 00:02:58, 22.5, 22.73, 23.0, 23.0, 9999.0, 9999.0, 9999.0, 24.07, 9999.0, 22.95, 9999.0, 22.95, 22.73, 22.5, 22.5, 22.5
2026-09-22, 00:03:02, 22.5, 22.73, 23.0, 23.0, 9999.0, 9999.0, 9999.0, 24.09, 9999.0, 22.98, 9999.0, 22.93, 22.73, 22.5, 22.5, 22.5
2026-09-22, 00:03:06, 22.5, 22.73, 23.0, 23.0, 9999.0, 9999.0, 9999.0, 24.11, 9999.0, 23.0, 9999.0, 22.91, 22.73, 22.5, 22.5, 22.5
2026-09-22, 00:03:10, 22.5, 22.7, 23.0, 23.0, 9999.0, 9999.0, 9999.0, 24.14, 9999.0, 22.98, 9999.0, 22.89, 22.73, 22.5, 22.5, 22.5
2026-09-22, 00:03:14, 22.5, 22.68, 23.0, 23.0, 9999.0, 9999.0, 9999.0, 24.16, 9999.0, 22.98, 9999.0, 22.86, 22.7, 22.5, 22.5, 22.5
2026-09-22, 00:03:18, 22.5, 22.68, 23.0, 23.0, 9999.0, 9999.0, 9999.0, 24.2, 9999.0, 22.95, 9999.0, 22.84, 22.68, 22.5, 22.5, 22.5
2026-09-22, 00:03:22, 22.5, 22.68, 23.0, 23.0, 9999.0, 9999.0, 9999.0, 24.25, 9999.0, 22.93, 9999.0, 22.84, 22.66, 22.5, 22.5, 22.5
2026-09-22, 00:03:26, 22.5, 22.68, 23.0, 23.0, 9999.0, 9999.0, 9999.0, 24.3, 9999.0, 22.91, 9999.0, 22.84, 22.66, 22.5, 22.5, 22.5
2026-09-22, 00:03:30, 22.5, 22.66, 23.0, 23.0, 9999.0, 9999.0, 9999.0, 24.25, 9999.0, 22.89, 9999.0, 22.84, 22.66, 22.5, 22.5, 22.5
2026-09-22, 00:03:34, 22.5, 22.66, 23.0, 23.0, 9999.0, 9999.0, 9999.0, 24.2, 9999.0, 22.86, 9999.0, 22.86, 22.66, 22.5, 22.5, 22.5
2026-09-22, 00:03:38, 22.5, 22.66, 23.0, 23.0, 9999.0, 9999.0, 9999.0, 24.18, 9999.0, 22.84, 9999.0, 22.89, 22.66, 22.5, 22.5, 22.5
2026-09-22, 00:03:42, 22.5, 22.66, 23.0, 23.0, 9999.0, 9999.0, 9999.0, 24.16, 9999.0, 22.84, 9999.0, 22.89, 22.64, 22.5, 22.5, 22.5
2026-09-22, 00:03:46, 22.5, 22.68, 23.0, 23.0, 9999.0, 9999.0, 9999.0, 24.14, 9999.0, 22.84, 9999.0, 22.91, 22.64, 22.5, 22.5, 22.5
2026-09-22, 00:03:50, 22.5, 22.68, 23.0, 23.0, 9999.0, 9999.0, 9999.0, 24.09, 9999.0, 22.84, 9999.0, 22.93, 22.64, 22.5, 22.5, 22.5
2026-09-22, 00:03:54, 22.5, 22.7, 23.0, 23.0, 9999.0, 9999.0, 9999.0, 24.05, 9999.0, 22.86, 9999.0, 22.95, 22.66, 22.5, 22.5, 22.5
2026-09-22, 00:03:58, 22.5, 22.73, 23.0, 22.98, 9999.0, 9999.0, 9999.0, 24.0, 9999.0, 22.86, 9999.0, 22.98, 22.68, 22.5, 22.5, 22.5
2026-09-22, 00:04:02, 22.5, 22.73, 23.0, 22.98, 9999.0, 9999.0, 9999.0, 24.05, 9999.0, 22.89, 9999.0, 23.0, 22.7, 22.5, 22.5, 22.5
2026-09-22, 00:04:06, 22.5, 22.73, 23.0, 22.98, 9999.0, 9999.0, 9999.0, 24.07, 9999.0, 22.91, 9999.0, 22.98, 22.73, 22.5, 22.5, 22.5
2026-09-22, 00:04:10, 22.5, 22.7, 23.0, 22.98, 9999.0, 9999.0, 9999.0, 24.09, 9999.0, 22.93, 9999.0, 22.98, 22.73, 22.5, 22.5, 22.5
2026-09-22, 00:04:14, 22.5, 22.73, 23.0, 22.98, 9999.0, 9999.0, 9999.0, 24.14, 9999.0, 22.95, 9999.0, 22.98, 22.73, 22.5, 22.5, 22.5
2026-09-22, 00:04:18, 22.5, 22.73, 23.0, 22.98, 9999.0, 9999.0, 9999.0, 24.16, 9999.0, 22.95, 9999.0, 22.95, 22.73, 22.5, 22.5, 22.5
2026-09-22, 00:04:22, 22.5, 22.73, 23.0, 22.98, 9999.0, 9999.0, 9999.0, 24.18, 9999.0, 22.95, 9999.0, 22.93, 22.73, 22.5, 22.5, 22.5
2026-09-22, 00:04:26, 22.5, 22.73, 23.0, 22.98, 9999.0, 9999.0, 9999.0, 24.2, 9999.0, 22.93, 9999.0, 22.91, 22.73, 22.5, 22.5, 22.5
2026-09-22, 00:04:30, 22.5, 22.73, 23.0, 22.98, 9999.0, 9999.0, 9999.0, 24.23, 9999.0, 22.89, 9999.0, 22.89, 22.73, 22.5, 22.5, 22.5
2026-09-22, 00:04:34, 22.5, 22.73, 23.0, 22.98, 9999.0, 9999.0, 9999.0, 24.27, 9999.0, 22.84, 9999.0, 22.86, 22.73, 22.5, 22.5, 22.5
2026-09-22, 00:04:38, 22.5, 22.7, 23.0, 22.98, 9999.0, 9999.0, 9999.0, 24.32, 9999.0, 22.82, 9999.0, 22.86, 22.73, 22.5, 22.5, 22.5
2026-09-22, 00:04:42, 22.5, 22.7, 23.0, 22.98, 9999.0, 9999.0, 9999.0, 24.36, 9999.0, 22.77, 9999.0, 22.86, 22.7, 22.5, 22.5, 22.5
2026-09-22, 00:04:46, 22.5, 22.7, 23.0, 22.98, 9999.0, 9999.0, 9999.0, 24.3, 9999.0, 22.73, 9999.0, 22.86, 22.7, 22.5, 22.5, 22.5
2026-09-22, 00:04:50, 22.5, 22.7, 23.0, 22.98, 9999.0, 9999.0, 9999.0, 24.25, 9999.0, 22.68, 9999.0, 22.89, 22.7, 22.5, 22.5, 22.5
2026-09-22, 00:04:54, 22.5, 22.73, 23.0, 22.98, 9999.0, 9999.0, 9999.0, 24.2, 9999.0, 22.64, 9999.0, 22.89, 22.7, 22.5, 22.5, 22.5
2026-09-22, 00:04:58, 22.5, 22.73, 23.0, 22.98, 9999.0, 9999.0, 9999.0, 24.16, 9999.0, 22.61, 9999.0, 22.89, 22.7, 22.5, 22.5, 22.5
2026-09-22, 00:05:02, 22.5, 22.73, 23.0, 22.98, 9999.0, 9999.0, 9999.0, 24.11, 9999.0, 22.61, 9999.0, 22.91, 22.7, 22.5, 22.5, 22.5
2026-09-22, 00:05:06, 22.5, 22.7, 22.98, 22.98, 9999.0, 9999.0, 9999.0, 24.07, 9999.0, 22.61, 9999.0, 22.93, 22.7, 22.5, 22.5, 22.5
2026-09-22, 00:05:10, 22.5, 22.68, 22.98, 22.98, 9999.0, 9999.0, 9999.0, 24.02, 9999.0, 22.64, 9999.0, 22.95, 22.73, 22.5, 22.5, 22.5
2026-09-22, 00:05:14, 22.5, 22.68, 22.98, 22.98, 9999.0, 9999.0, 9999.0, 23.98, 9999.0, 22.66, 9999.0, 22.95, 22.73, 22.5, 22.5, 22.5
2026-09-22, 00:05:18, 22.5, 22.68, 22.98, 22.98, 9999.0, 9999.0, 9999.0, 24.0, 9999.0, 22.68, 9999.0, 22.98, 22.73, 22.5, 22.5, 22.48
2026-09-22, 00:05:22, 22.5, 22.7, 22.98, 22.98, 9999.0, 9999.0, 9999.0, 24.02, 9999.0, 22.68, 9999.0, 22.95, 22.73, 22.5, 22.5, 22.48
2026-09-22, 00:05:26, 22.5, 22.7, 22.98, 23.0, 9999.0, 9999.0, 9999.0, 24.05, 9999.0, 22.7, 9999.0, 22.93, 22.73, 22.5, 22.5, 22.48
2026-09-22, 00:05:30, 22.5, 22.7, 22.98, 23.0, 9999.0, 9999.0, 9999.0, 24.09, 9999.0, 22.73, 9999.0, 22.91, 22.73, 22.5, 22.5, 22.48
2026-09-22, 00:05:34, 22.5, 22.7, 22.98, 23.0, 9999.0, 9999.0, 9999.0, 24.14, 9999.0, 22.75, 9999.0, 22.89, 22.73, 22.5, 22.5, 22.48
2026-09-22, 00:05:38, 22.5, 22.7, 22.98, 23.0, 9999.0, 9999.0, 9999.0, 24.16, 9999.0, 22.77, 9999.0, 22.86, 22.7, 22.5, 22.5, 22.48
2026-09-22, 00:05:42, 22.5, 22.7, 22.98, 22.98, 9999.0, 9999.0, 9999.0, 24.18, 9999.0, 22.77, 9999.0, 22.84, 22.7, 22.5, 22.5, 22.48
2026-09-22, 00:05:46, 22.5, 22.7, 22.98, 22.98, 9999.0, 9999.0, 9999.0, 24.23, 9999.0, 22.77, 9999.0, 22.82, 22.68, 22.5, 22.5, 22.48
2026-09-22, 00:05:50, 22.5, 22.73, 22.98, 22.98, 9999.0, 9999.0, 9999.0, 24.27, 9999.0, 22.75, 9999.0, 22.8, 22.68, 22.5, 22.5, 22.48
2026-09-22, 00:05:54, 22.5, 22.75, 22.98, 22.98, 9999.0, 9999.0, 9999.0, 24.32, 9999.0, 22.7, 9999.0, 22.8, 22.66, 22.5, 22.5, 22.48
2026-09-22, 00:05:58, 22.5, 22.75, 22.98, 22.98, 9999.0, 9999.0, 9999.0, 24.36, 9999.0, 22.68, 9999.0, 22.82, 22.66, 22.5, 22.5, 22.48
2026-09-22, 00:06:02, 22.5, 22.73, 22.98, 22.98, 9999.0, 9999.0, 9999.0, 24.32, 9999.0, 22.66, 9999.0, 22.82, 22.64, 22.5, 22.5, 22.5
2026-09-22, 00:06:06, 22.5, 22.73, 22.98, 22.98, 9999.0, 9999.0, 9999.0, 24.27, 9999.0, 22.64, 9999.0, 22.84, 22.64, 22.5, 22.5, 22.5
2026-09-22, 00:06:10, 22.5, 22.73, 22.98, 22.98, 9999.0, 9999.0, 9999.0, 24.23, 9999.0, 22.61, 9999.0, 22.86, 22.64, 22.5, 22.5, 22.5
2026-09-22, 00:06:14, 22.5, 22.73, 22.98, 22.98, 9999.0, 9999.0, 9999.0, 24.18, 9999.0, 22.61, 9999.0, 22.89, 22.61, 22.5, 22.5, 22.5
2026-09-22, 00:06:19, 22.5, 22.73, 22.98, 22.98, 9999.0, 9999.0, 9999.0, 24.14, 9999.0, 22.59, 9999.0, 22.91, 22.61, 22.5, 22.5, 22.5
2026-09-22, 00:06:23, 22.5, 22.73, 22.98, 22.98, 9999.0, 9999.0, 9999.0, 24.11, 9999.0, 22.59, 9999.0, 22.93, 22.64, 22.5, 22.5, 22.5
2026-09-22, 00:06:27, 22.5, 22.7, 22.98, 23.0, 9999.0, 9999.0, 9999.0, 24.07, 9999.0, 22.59, 9999.0, 22.95, 22.64, 22.5, 22.5, 22.5
2026-09-22, 00:06:31, 22.5, 22.7, 22.98, 23.0, 9999.0, 9999.0, 9999.0, 24.02, 9999.0, 22.59, 9999.0, 22.98, 22.66, 22.5, 22.5, 22.5
2026-09-22, 00:06:35, 22.5, 22.7, 23.0, 23.0, 9999.0, 9999.0, 9999.0, 24.05, 9999.0, 22.61, 9999.0, 23.0, 22.66, 22.5, 22.5, 22.5
2026-09-22, 00:06:39, 22.5, 22.7, 23.0, 23.0, 9999.0, 9999.0, 9999.0, 24.07, 9999.0, 22.64, 9999.0, 23.0, 22.68, 22.5, 22.5, 22.5
2026-09-22, 00:06:43, 22.5, 22.7, 23.0, 23.0, 9999.0, 9999.0, 9999.0, 24.09, 9999.0, 22.64, 9999.0, 22.98, 22.68, 22.5, 22.5, 22.5
2026-09-22, 00:06:47, 22.5, 22.73, 23.0, 23.0, 9999.0, 9999.0, 9999.0, 24.14, 9999.0, 22.64, 9999.0, 22.95, 22.7, 22.5, 22.48, 22.5
2026-09-22, 00:06:51, 22.5, 22.73, 23.0, 23.0, 9999.0, 9999.0, 9999.0, 24.16, 9999.0, 22.64, 9999.0, 22.93, 22.68, 22.5, 22.48, 22.5
2026-09-22, 00:06:55, 22.5, 22.7, 23.0, 23.0, 9999.0, 9999.0, 9999.0, 24.18, 9999.0, 22.64, 9999.0, 22.91, 22.7, 22.5, 22.48, 22.5
2026-09-22, 00:06:59, 22.5, 22.68, 23.0, 23.0, 9999.0, 9999.0, 9999.0, 24.2, 9999.0, 22.61, 9999.0, 22.89, 22.73, 22.5, 22.48, 22.5
2026-09-22, 00:07:03, 22.5, 22.68, 23.0, 23.0, 9999.0, 9999.0, 9999.0, 24.23, 9999.0, 22.61, 9999.0, 22.86, 22.73, 22.48, 22.48, 22.5
2026-09-22, 00:07:07, 22.5, 22.66, 23.0, 23.0, 9999.0, 9999.0, 9999.0, 24.25, 9999.0, 22.59, 9999.0, 22.84, 22.73, 22.48, 22.48, 22.5
2026-09-22, 00:07:11, 22.5, 22.68, 23.0, 23.0, 9999.0, 9999.0, 9999.0, 24.3, 9999.0, 22.57, 9999.0, 22.84, 22.73, 22.48, 22.48, 22.5
2026-09-22, 00:07:15, 22.5, 22.68, 23.0, 23.0, 9999.0, 9999.0, 9999.0, 24.32, 9999.0, 22.55, 9999.0, 22.84, 22.7, 22.48, 22.48, 22.5
2026-09-22, 00:07:19, 22.5, 22.68, 23.0, 23.0, 9999.0, 9999.0, 9999.0, 24.27, 9999.0, 22.5, 9999.0, 22.84, 22.7, 22.48, 22.48, 22.5
2026-09-22, 00:07:23, 22.5, 22.68, 23.0, 23.0, 9999.0, 9999.0, 9999.0, 24.23, 9999.0, 22.48, 9999.0, 22.84, 22.7, 22.48, 22.48, 22.5
2026-09-22, 00:07:27, 22.5, 22.68, 23.0, 23.0, 9999.0, 9999.0, 9999.0, 24.18, 9999.0, 22.45, 9999.0, 22.86, 22.68, 22.48, 22.48, 22.5
2026-09-22, 00:07:31, 22.5, 22.68, 23.0, 23.0, 9999.0, 9999.0, 9999.0, 24.14, 9999.0, 22.48, 9999.0, 22.89, 22.68, 22.48, 22.5, 22.5
2026-09-22, 00:07:35, 22.5, 22.68, 23.0, 23.0, 9999.0, 9999.0, 9999.0, 24.11, 9999.0, 22.5, 9999.0, 22.91, 22.7, 22.48, 22.5, 22.5
2026-09-22, 00:07:39, 22.5, 22.68, 23.0, 23.0, 9999.0, 9999.0, 9999.0, 24.07, 9999.0, 22.5, 9999.0, 22.93, 22.7, 22.48, 22.5, 22.5
2026-09-22, 00:07:43, 22.5, 22.7, 23.0, 23.0, 9999.0, 9999.0, 9999.0, 24.02, 9999.0, 22.52, 9999.0, 22.95, 22.7, 22.48, 22.5, 22.5
2026-09-22, 00:07:47, 22.5, 22.7, 23.0, 23.0, 9999.0, 9999.0, 9999.0, 23.98, 9999.0, 22.52, 9999.0, 22.98, 22.7, 22.5, 22.5, 22.5
2026-09-22, 00:07:51, 22.5, 22.73, 23.0, 23.0, 9999.0, 9999.0, 9999.0, 24.0, 9999.0, 22.52, 9999.0, 23.0, 22.7, 22.5, 22.5, 22.5
2026-09-22, 00:07:55, 22.5, 22.73, 23.0, 23.0, 9999.0, 9999.0, 9999.0, 24.02, 9999.0, 22.52, 9999.0, 23.0, 22.7, 22.5, 22.5, 22.5
2026-09-22, 00:07:59, 22.5, 22.73, 23.0, 23.0, 9999.0, 9999.0, 9999.0, 24.07, 9999.0, 22.52, 9999.0, 22.98, 22.73, 22.5, 22.5, 22.5
2026-09-22, 00:08:03, 22.5, 22.73, 23.0, 23.0, 9999.0, 9999.0, 9999.0, 24.09, 9999.0, 22.55, 9999.0, 22.98, 22.73, 22.5, 22.5, 22.5
2026-09-22, 00:08:07, 22.5, 22.7, 23.0, 23.0, 9999.0, 9999.0, 9999.0, 24.11, 9999.0, 22.55, 9999.0, 22.95, 22.7, 22.5, 22.5, 22.5
2026-09-22, 00:08:11, 22.5, 22.7, 23.0, 23.0, 9999.0, 9999.0, 9999.0, 24.14, 9999.0, 22.55, 9999.0, 22.93, 22.73, 22.5, 22.5, 22.5
2026-09-22, 00:08:15, 22.5, 22.7, 23.0, 22.98, 9999.0, 9999.0, 9999.0, 24.16, 9999.0, 22.5, 9999.0, 22.91, 22.73, 22.5, 22.5, 22.5
2026-09-22, 00:08:19, 22.5, 22.7, 23.0, 22.98, 9999.0, 9999.0, 9999.0, 24.18, 9999.0, 22.48, 9999.0, 22.89, 22.73, 22.48, 22.5, 22.5
2026-09-22, 00:08:23, 22.5, 22.7, 23.0, 22.95, 9999.0, 9999.0, 9999.0, 24.23, 9999.0, 22.45, 9999.0, 22.86, 22.7, 22.48, 22.5, 22.5
2026-09-22, 00:08:27, 22.5, 22.7, 23.0, 22.95, 9999.0, 9999.0, 9999.0, 24.25, 9999.0, 22.41, 9999.0, 22.86, 22.68, 22.48, 22.5, 22.5
2026-09-22, 00:08:31, 22.5, 22.68, 23.0, 22.95, 9999.0, 9999.0, 9999.0, 24.27, 9999.0, 22.39, 9999.0, 22.84, 22.68, 22.48, 22.5, 22.5
2026-09-22, 00:08:35, 22.5, 22.68, 23.0, 22.95, 9999.0, 9999.0, 9999.0, 24.23, 9999.0, 22.36, 9999.0, 22.84, 22.66, 22.48, 22.5, 22.5
2026-09-22, 00:08:39, 22.5, 22.68, 23.0, 22.95, 9999.0, 9999.0, 9999.0, 24.18, 9999.0, 22.32, 9999.0, 22.84, 22.66, 22.48, 22.5, 22.5
2026-09-22, 00:08:43, 22.5, 22.68, 23.0, 22.95, 9999.0, 9999.0, 9999.0, 24.14, 9999.0, 22.27, 9999.0, 22.86, 22.66, 22.48, 22.5, 22.5
2026-09-22, 00:08:47, 22.5, 22.66, 23.0, 22.95, 9999.0, 9999.0, 9999.0, 24.11, 9999.0, 22.25, 9999.0, 22.86, 22.66, 22.48, 22.5, 22.5
2026-09-22, 00:08:51, 22.5, 22.68, 23.0, 22.93, 9999.0, 9999.0, 9999.0, 24.07, 9999.0, 22.23, 9999.0, 22.89, 22.68, 22.48, 22.5, 22.5
2026-09-22, 00:08:55, 22.5, 22.68, 23.0, 22.93, 9999.0, 9999.0, 9999.0, 24.02, 9999.0, 22.25, 9999.0, 22.91, 22.68, 22.48, 22.5, 22.5
2026-09-22, 00:08:59, 22.5, 22.68, 23.0, 22.95, 9999.0, 9999.0, 9999.0, 23.98, 9999.0, 22.27, 9999.0, 22.93, 22.68, 22.48, 22.5, 22.5
2026-09-22, 00:09:03, 22.5, 22.66, 23.0, 22.95, 9999.0, 9999.0, 9999.0, 23.93, 9999.0, 22.27, 9999.0, 22.95, 22.68, 22.5, 22.5, 22.5
2026-09-22, 00:09:07, 22.5, 22.68, 23.0, 22.95, 9999.0, 9999.0, 9999.0, 23.95, 9999.0, 22.3, 9999.0, 22.98, 22.7, 22.5, 22.5, 22.5
2026-09-22, 00:09:11, 22.5, 22.68, 23.0, 22.95, 9999.0, 9999.0, 9999.0, 24.0, 9999.0, 22.32, 9999.0, 22.98, 22.73, 22.5, 22.5, 22.5
2026-09-22, 00:09:15, 22.5, 22.7, 23.0, 22.95, 9999.0, 9999.0, 9999.0, 24.02, 9999.0, 22.32, 9999.0, 23.0, 22.73, 22.5, 22.5, 22.5
2026-09-22, 00:09:19, 22.5, 22.7, 23.0, 22.95, 9999.0, 9999.0, 9999.0, 24.05, 9999.0, 22.32, 9999.0, 22.98, 22.75, 22.5, 22.5, 22.5
2026-09-22, 00:09:23, 22.5, 22.7, 23.0, 22.95, 9999.0, 9999.0, 9999.0, 24.07, 9999.0, 22.32, 9999.0, 22.95, 22.75, 22.5, 22.5, 22.5
2026-09-22, 00:09:27, 22.5, 22.7, 23.0, 22.95, 9999.0, 9999.0, 9999.0, 24.07, 9999.0, 22.34, 9999.0, 22.93, 22.75, 22.5, 22.5, 22.5
2026-09-22, 00:09:31, 22.5, 22.7, 23.0, 22.95, 9999.0, 9999.0, 9999.0, 24.07, 9999.0, 22.34, 9999.0, 22.91, 22.75, 22.5, 22.5, 22.5
2026-09-22, 00:09:35, 22.5, 22.68, 23.0, 22.98, 9999.0, 9999.0, 9999.0, 24.09, 9999.0, 22.34, 9999.0, 22.89, 22.75, 22.5, 22.5, 22.5
2026-09-22, 00:09:39, 22.5, 22.68, 23.0, 22.95, 9999.0, 9999.0, 9999.0, 24.11, 9999.0, 22.32, 9999.0, 22.86, 22.75, 22.5, 22.5, 22.5
2026-09-22, 00:09:43, 22.5, 22.68, 23.0, 22.95, 9999.0, 9999.0, 9999.0, 24.11, 9999.0, 22.3, 9999.0, 22.86, 22.73, 22.5, 22.5, 22.5
2026-09-22, 00:09:47, 22.5, 22.7, 23.0, 22.95, 9999.0, 9999.0, 9999.0, 24.11, 9999.0, 22.27, 9999.0, 22.86, 22.73, 22.5, 22.5, 22.5
2026-09-22, 00:09:51, 22.5, 22.7, 23.0, 22.98, 9999.0, 9999.0, 9999.0, 24.05, 9999.0, 22.25, 9999.0, 22.86, 22.73, 22.5, 22.5, 22.5
2026-09-22, 00:09:55, 22.5, 22.68, 23.0, 22.98, 9999.0, 9999.0, 9999.0, 23.98, 9999.0, 22.23, 9999.0, 22.86, 22.73, 22.5, 22.5, 22.5
2026-09-22, 00:09:59, 22.5, 22.68, 23.0, 22.98, 9999.0, 9999.0, 9999.0, 23.93, 9999.0, 22.2, 9999.0, 22.86, 22.73, 22.5, 22.5, 22.5
2026-09-22, 00:10:04, 22.5, 22.68, 23.0, 22.98, 9999.0, 9999.0, 9999.0, 23.89, 9999.0, 22.2, 9999.0, 22.89, 22.7, 22.5, 22.5, 22.5
2026-09-22, 00:10:08, 22.5, 22.68, 23.0, 22.98, 9999.0, 9999.0, 9999.0, 23.84, 9999.0, 22.23, 9999.0, 22.91, 22.7, 22.5, 22.5, 22.5
2026-09-22, 00:10:12, 22.5, 22.68, 23.0, 22.98, 9999.0, 9999.0, 9999.0, 23.82, 9999.0, 22.23, 9999.0, 22.93, 22.7, 22.5, 22.5, 22.5
2026-09-22, 00:10:16, 22.5, 22.7, 23.0, 22.98, 9999.0, 9999.0, 9999.0, 23.77, 9999.0, 22.25, 9999.0, 22.95, 22.7, 22.5, 22.5, 22.5
2026-09-22, 00:10:20, 22.5, 22.7, 23.0, 22.98, 9999.0, 9999.0, 9999.0, 23.73, 9999.0, 22.25, 9999.0, 22.98, 22.7, 22.5, 22.5, 22.5
2026-09-22, 00:10:24, 22.5, 22.68, 23.0, 23.0, 9999.0, 9999.0, 9999.0, 23.75, 9999.0, 22.27, 9999.0, 23.0, 22.7, 22.5, 22.5, 22.5
2026-09-22, 00:10:28, 22.5, 22.66, 23.0, 23.0, 9999.0, 9999.0, 9999.0, 23.8, 9999.0, 22.27, 9999.0, 23.0, 22.73, 22.5, 22.5, 22.5
2026-09-22, 00:10:32, 22.5, 22.64, 23.0, 23.0, 9999.0, 9999.0, 9999.0, 23.84, 9999.0, 22.27, 9999.0, 23.0, 22.73, 22.5, 22.5, 22.5
2026-09-22, 00:10:36, 22.5, 22.61, 23.0, 23.0, 9999.0, 9999.0, 9999.0, 23.89, 9999.0, 22.27, 9999.0, 22.98, 22.73, 22.5, 22.5, 22.5
2026-09-22, 00:10:40, 22.5, 22.64, 23.0, 23.0, 9999.0, 9999.0, 9999.0, 23.91, 9999.0, 22.27, 9999.0, 22.95, 22.7, 22.5, 22.5, 22.5
2026-09-22, 00:10:44, 22.5, 22.64, 23.0, 23.0, 9999.0, 9999.0, 9999.0, 23.93, 9999.0, 22.3, 9999.0, 22.93, 22.7, 22.5, 22.5, 22.5
2026-09-22, 00:10:48, 22.5, 22.61, 23.0, 23.0, 9999.0, 9999.0, 9999.0, 23.95, 9999.0, 22.3, 9999.0, 22.91, 22.73, 22.5, 22.5, 22.5
2026-09-22, 00:10:52, 22.5, 22.59, 23.0, 23.0, 9999.0, 9999.0, 9999.0, 23.98, 9999.0, 22.27, 9999.0, 22.89, 22.73, 22.5, 22.5, 22.5
2026-09-22, 00:10:56, 22.5, 22.59, 23.0, 23.0, 9999.0, 9999.0, 9999.0, 24.0, 9999.0, 22.27, 9999.0, 22.86, 22.73, 22.5, 22.5, 22.5
2026-09-22, 00:11:00, 22.5, 22.59, 23.0, 23.0, 9999.0, 9999.0, 9999.0, 24.05, 9999.0, 22.23, 9999.0, 22.86, 22.73, 22.5, 22.5, 22.5
2026-09-22, 00:11:04, 22.5, 22.61, 23.0, 23.0, 9999.0, 9999.0, 9999.0, 24.09, 9999.0, 22.2, 9999.0, 22.86, 22.73, 22.5, 22.5, 22.5
2026-09-22, 00:11:08, 22.5, 22.64, 23.0, 23.0, 9999.0, 9999.0, 9999.0, 24.07, 9999.0, 22.16, 9999.0, 22.86, 22.73, 22.5, 22.5, 22.5
2026-09-22, 00:11:12, 22.5, 22.66, 23.0, 23.0, 9999.0, 9999.0, 9999.0, 24.05, 9999.0, 22.14, 9999.0, 22.86, 22.73, 22.5, 22.5, 22.5
2026-09-22, 00:11:16, 22.5, 22.66, 23.0, 23.0, 9999.0, 9999.0, 9999.0, 24.0, 9999.0, 22.11, 9999.0, 22.86, 22.73, 22.5, 22.5, 22.5
2026-09-22, 00:11:20, 22.5, 22.68, 23.0, 23.0, 9999.0, 9999.0, 9999.0, 23.95, 9999.0, 22.11, 9999.0, 22.89, 22.73, 22.5, 22.5, 22.5
2026-09-22, 00:11:24, 22.5, 22.68, 23.0, 23.0, 9999.0, 9999.0, 9999.0, 23.91, 9999.0, 22.11, 9999.0, 22.91, 22.75, 22.5, 22.5, 22.5
2026-09-22, 00:11:28, 22.5, 22.66, 23.0, 23.0, 9999.0, 9999.0, 9999.0, 23.86, 9999.0, 22.11, 9999.0, 22.93, 22.75, 22.5, 22.5, 22.5
2026-09-22, 00:11:32, 22.5, 22.68, 23.0, 23.0, 9999.0, 9999.0, 9999.0, 23.82, 9999.0, 22.14, 9999.0, 22.95, 22.75, 22.5, 22.5, 22.5
2026-09-22, 00:11:36, 22.5, 22.7, 23.0, 23.0, 9999.0, 9999.0, 9999.0, 23.77, 9999.0, 22.18, 9999.0, 22.98, 22.75, 22.5, 22.5, 22.5
2026-09-22, 00:11:40, 22.5, 22.68, 23.0, 23.0, 9999.0, 9999.0, 9999.0, 23.82, 9999.0, 22.2, 9999.0, 23.0, 22.75, 22.5, 22.5, 22.5
2026-09-22, 00:11:44, 22.5, 22.66, 23.0, 23.0, 9999.0, 9999.0, 9999.0, 23.84, 9999.0, 22.23, 9999.0, 23.0, 22.75, 22.5, 22.5, 22.5
2026-09-22, 00:11:48, 22.5, 22.66, 23.0, 23.0, 9999.0, 9999.0, 9999.0, 23.86, 9999.0, 22.25, 9999.0, 23.0, 22.75, 22.5, 22.5, 22.5
2026-09-22, 00:11:52, 22.5, 22.64, 23.0, 23.0, 9999.0, 9999.0, 9999.0, 23.89, 9999.0, 22.27, 9999.0, 22.98, 22.75, 22.5, 22.5, 22.5
2026-09-22, 00:11:56, 22.5, 22.64, 23.0, 23.0, 9999.0, 9999.0, 9999.0, 23.91, 9999.0, 22.3, 9999.0, 22.95, 22.75, 22.48, 22.5, 22.5
2026-09-22, 00:12:00, 22.5, 22.66, 23.0, 23.0, 9999.0, 9999.0, 9999.0, 23.95, 9999.0, 22.32, 9999.0, 22.93, 22.73, 22.48, 22.5, 22.5
2026-09-22, 00:12:04, 22.5, 22.66, 23.0, 23.0, 9999.0, 9999.0, 9999.0, 23.98, 9999.0, 22.32, 9999.0, 22.91, 22.73, 22.48, 22.5, 22.5
2026-09-22, 00:12:08, 22.5, 22.64, 23.0, 23.0, 9999.0, 9999.0, 9999.0, 24.02, 9999.0, 22.32, 9999.0, 22.89, 22.73, 22.48, 22.5, 22.5
2026-09-22, 00:12:12, 22.5, 22.66, 23.0, 23.0, 9999.0, 9999.0, 9999.0, 24.07, 9999.0, 22.32, 9999.0, 22.86, 22.73, 22.48, 22.5, 22.5
2026-09-22, 00:12:16, 22.5, 22.66, 23.0, 23.0, 9999.0, 9999.0, 9999.0, 24.11, 9999.0, 22.3, 9999.0, 22.86, 22.73, 22.48, 22.5, 22.5
2026-09-22, 00:12:20, 22.5, 22.66, 23.0, 23.0, 9999.0, 9999.0, 9999.0, 24.14, 9999.0, 22.25, 9999.0, 22.86, 22.73, 22.48, 22.5, 22.5
2026-09-22, 00:12:24, 22.5, 22.66, 23.0, 23.0, 9999.0, 9999.0, 9999.0, 24.09, 9999.0, 22.2, 9999.0, 22.86, 22.7, 22.48, 22.5, 22.5
2026-09-22, 00:12:28, 22.5, 22.68, 23.0, 23.0, 9999.0, 9999.0, 9999.0, 24.05, 9999.0, 22.18, 9999.0, 22.86, 22.7, 22.48, 22.5, 22.5
2026-09-22, 00:12:32, 22.5, 22.68, 23.0, 23.0, 9999.0, 9999.0, 9999.0, 24.0, 9999.0, 22.16, 9999.0, 22.86, 22.7, 22.48, 22.52, 22.5
2026-09-22, 00:12:36, 22.5, 22.68, 23.0, 23.0, 9999.0, 9999.0, 9999.0, 23.95, 9999.0, 22.16, 9999.0, 22.89, 22.7, 22.48, 22.52, 22.52
2026-09-22, 00:12:40, 22.5, 22.68, 23.0, 23.0, 9999.0, 9999.0, 9999.0, 23.91, 9999.0, 22.16, 9999.0, 22.91, 22.7, 22.5, 22.52, 22.52
2026-09-22, 00:12:44, 22.5, 22.66, 23.0, 23.0, 9999.0, 9999.0, 9999.0, 23.84, 9999.0, 22.16, 9999.0, 22.93, 22.73, 22.5, 22.52, 22.52
2026-09-22, 00:12:48, 22.5, 22.66, 23.0, 23.0, 9999.0, 9999.0, 9999.0, 23.82, 9999.0, 22.18, 9999.0, 22.95, 22.73, 22.5, 22.52, 22.52
2026-09-22, 00:12:52, 22.5, 22.68, 23.0, 23.0, 9999.0, 9999.0, 9999.0, 23.8, 9999.0, 22.2, 9999.0, 22.98, 22.73, 22.5, 22.52, 22.52
2026-09-22, 00:12:56, 22.5, 22.68, 23.0, 23.0, 9999.0, 9999.0, 9999.0, 23.82, 9999.0, 22.23, 9999.0, 23.0, 22.73, 22.5, 22.52, 22.52
2026-09-22, 00:13:00, 22.5, 22.68, 23.0, 23.0, 9999.0, 9999.0, 9999.0, 23.84, 9999.0, 22.23, 9999.0, 23.0, 22.73, 22.5, 22.52, 22.52
2026-09-22, 00:13:04, 22.5, 22.68, 23.0, 23.0, 9999.0, 9999.0, 9999.0, 23.89, 9999.0, 22.25, 9999.0, 22.98, 22.73, 22.5, 22.52, 22.52
2026-09-22, 00:13:08, 22.5, 22.7, 23.0, 23.0, 9999.0, 9999.0, 9999.0, 23.91, 9999.0, 22.27, 9999.0, 22.95, 22.75, 22.5, 22.52, 22.52
2026-09-22, 00:13:12, 22.5, 22.68, 23.0, 23.0, 9999.0, 9999.0, 9999.0, 23.93, 9999.0, 22.3, 9999.0, 22.93, 22.75, 22.5, 22.52, 22.52
2026-09-22, 00:13:16, 22.5, 22.68, 23.0, 23.0, 9999.0, 9999.0, 9999.0, 23.95, 9999.0, 22.3, 9999.0, 22.91, 22.75, 22.5, 22.5, 22.52
2026-09-22, 00:13:20, 22.5, 22.7, 23.0, 23.0, 9999.0, 9999.0, 9999.0, 23.95, 9999.0, 22.3, 9999.0, 22.89, 22.75, 22.5, 22.5, 22.5
2026-09-22, 00:13:24, 22.5, 22.68, 23.0, 23.0, 9999.0, 9999.0, 9999.0, 23.98, 9999.0, 22.3, 9999.0, 22.86, 22.75, 22.5, 22.5, 22.5
2026-09-22, 00:13:28, 22.5, 22.7, 23.0, 23.0, 9999.0, 9999.0, 9999.0, 24.02, 9999.0, 22.3, 9999.0, 22.84, 22.75, 22.5, 22.5, 22.5
2026-09-22, 00:13:32, 22.5, 22.7, 23.0, 23.0, 9999.0, 9999.0, 9999.0, 24.05, 9999.0, 22.27, 9999.0, 22.84, 22.75, 22.5, 22.5, 22.5
2026-09-22, 00:13:36, 22.5, 22.7, 23.0, 23.0, 9999.0, 9999.0, 9999.0, 24.05, 9999.0, 22.25, 9999.0, 22.84, 22.73, 22.5, 22.5, 22.5
2026-09-22, 00:13:41, 22.5, 22.7, 23.0, 23.0, 9999.0, 9999.0, 9999.0, 24.0, 9999.0, 22.23, 9999.0, 22.84, 22.73, 22.5, 22.5, 22.5
2026-09-22, 00:13:45, 22.5, 22.68, 23.0, 23.0, 9999.0, 9999.0, 9999.0, 23.95, 9999.0, 22.2, 9999.0, 22.86, 22.73, 22.5, 22.5, 22.5
2026-09-22, 00:13:49, 22.5, 22.68, 23.0, 23.0, 9999.0, 9999.0, 9999.0, 23.91, 9999.0, 22.2, 9999.0, 22.91, 22.73, 22.5, 22.5, 22.5
2026-09-22, 00:13:53, 22.5, 22.68, 23.0, 23.0, 9999.0, 9999.0, 9999.0, 23.86, 9999.0, 22.23, 9999.0, 22.93, 22.73, 22.5, 22.5, 22.5
2026-09-22, 00:13:57, 22.5, 22.7, 23.0, 23.0, 9999.0, 9999.0, 9999.0, 23.82, 9999.0, 22.23, 9999.0, 22.95, 22.73, 22.5, 22.5, 22.5
2026-09-22, 00:14:01, 22.5, 22.68, 23.0, 23.0, 9999.0, 9999.0, 9999.0, 23.8, 9999.0, 22.27, 9999.0, 22.98, 22.73, 22.5, 22.5, 22.5
2026-09-22, 00:14:05, 22.5, 22.66, 23.0, 23.0, 9999.0, 9999.0, 9999.0, 23.77, 9999.0, 22.3, 9999.0, 23.0, 22.73, 22.5, 22.5, 22.5
2026-09-22, 00:14:09, 22.5, 22.66, 23.0, 23.0, 9999.0, 9999.0, 9999.0, 23.73, 9999.0, 22.32, 9999.0, 23.02, 22.73, 22.5, 22.5, 22.5
2026-09-22, 00:14:13, 22.5, 22.66, 23.0, 23.0, 9999.0, 9999.0, 9999.0, 23.77, 9999.0, 22.34, 9999.0, 23.05, 22.73, 22.5, 22.5, 22.5
2026-09-22, 00:14:17, 22.5, 22.66, 23.0, 23.0, 9999.0, 9999.0, 9999.0, 23.82, 9999.0, 22.34, 9999.0, 23.05, 22.73, 22.5, 22.5, 22.52
2026-09-22, 00:14:21, 22.5, 22.64, 23.0, 23.0, 9999.0, 9999.0, 9999.0, 23.86, 9999.0, 22.34, 9999.0, 23.05, 22.75, 22.5, 22.5, 22.52
2026-09-22, 00:14:25, 22.5, 22.61, 23.0, 23.0, 9999.0, 9999.0, 9999.0, 23.91, 9999.0, 22.36, 9999.0, 23.02, 22.75, 22.5, 22.5, 22.52
2026-09-22, 00:14:29, 22.5, 22.64, 23.0, 23.0, 9999.0, 9999.0, 9999.0, 23.95, 9999.0, 22.39, 9999.0, 22.98, 22.73, 22.5, 22.5, 22.52
2026-09-22, 00:14:33, 22.5, 22.64, 23.0, 23.0, 9999.0, 9999.0, 9999.0, 23.98, 9999.0, 22.39, 9999.0, 22.93, 22.73, 22.5, 22.5, 22.52
2026-09-22, 00:14:37, 22.5, 22.64, 23.0, 23.0, 9999.0, 9999.0, 9999.0, 24.0, 9999.0, 22.36, 9999.0, 22.91, 22.7, 22.5, 22.5, 22.52
2026-09-22, 00:14:41, 22.5, 22.61, 23.0, 23.0, 9999.0, 9999.0, 9999.0, 24.05, 9999.0, 22.36, 9999.0, 22.89, 22.7, 22.5, 22.5, 22.52
2026-09-22, 00:14:45, 22.5, 22.64, 23.0, 23.0, 9999.0, 9999.0, 9999.0, 24.07, 9999.0, 22.34, 9999.0, 22.86, 22.68, 22.5, 22.5, 22.52
2026-09-22, 00:14:49, 22.5, 22.64, 23.0, 23.0, 9999.0, 9999.0, 9999.0, 24.11, 9999.0, 22.32, 9999.0, 22.86, 22.66, 22.5, 22.5, 22.55
2026-09-22, 00:14:53, 22.5, 22.64, 23.0, 23.0, 9999.0, 9999.0, 9999.0, 24.16, 9999.0, 22.3, 9999.0, 22.86, 22.66, 22.5, 22.5, 22.55
2026-09-22, 00:14:57, 22.5, 22.61, 23.0, 23.0, 9999.0, 9999.0, 9999.0, 24.11, 9999.0, 22.27, 9999.0, 22.86, 22.66, 22.5, 22.5, 22.55
2026-09-22, 00:15:01, 22.5, 22.61, 23.0, 23.0, 9999.0, 9999.0, 9999.0, 24.05, 9999.0, 22.27, 9999.0, 22.86, 22.66, 22.5, 22.5, 22.52
2026-09-22, 00:15:05, 22.5, 22.61, 23.0, 23.0, 9999.0, 9999.0, 9999.0, 24.0, 9999.0, 22.27, 9999.0, 22.86, 22.64, 22.5, 22.5, 22.55
2026-09-22, 00:15:09, 22.5, 22.61, 23.0, 23.0, 9999.0, 9999.0, 9999.0, 23.95, 9999.0, 22.25, 9999.0, 22.89, 22.64, 22.5, 22.5, 22.55
2026-09-22, 00:15:13, 22.5, 22.61, 23.0, 23.0, 9999.0, 9999.0, 9999.0, 23.89, 9999.0, 22.27, 9999.0, 22.91, 22.66, 22.5, 22.5, 22.55
2026-09-22, 00:15:17, 22.5, 22.61, 23.0, 23.0, 9999.0, 9999.0, 9999.0, 23.84, 9999.0, 22.3, 9999.0, 22.93, 22.66, 22.5, 22.5, 22.55
2026-09-22, 00:15:21, 22.5, 22.61, 23.0, 23.0, 9999.0, 9999.0, 9999.0, 23.8, 9999.0, 22.32, 9999.0, 22.95, 22.68, 22.5, 22.5, 22.55
2026-09-22, 00:15:25, 22.5, 22.64, 23.0, 23.0, 9999.0, 9999.0, 9999.0, 23.75, 9999.0, 22.34, 9999.0, 22.98, 22.68, 22.5, 22.5, 22.55
2026-09-22, 00:15:29, 22.5, 22.64, 23.0, 23.0, 9999.0, 9999.0, 9999.0, 23.77, 9999.0, 22.36, 9999.0, 23.0, 22.7, 22.5, 22.5, 22.55
2026-09-22, 00:15:33, 22.5, 22.64, 23.0, 23.0, 9999.0, 9999.0, 9999.0, 23.8, 9999.0, 22.39, 9999.0, 23.0, 22.73, 22.5, 22.5, 22.52
2026-09-22, 00:15:37, 22.5, 22.66, 23.0, 23.0, 9999.0, 9999.0, 9999.0, 23.82, 9999.0, 22.41, 9999.0, 23.0, 22.73, 22.5, 22.5, 22.52
2026-09-22, 00:15:41, 22.5, 22.66, 23.0, 23.0, 9999.0, 9999.0, 9999.0, 23.82, 9999.0, 22.41, 9999.0, 23.0, 22.73, 22.5, 22.5, 22.52
2026-09-22, 00:15:45, 22.5, 22.64, 23.0, 23.0, 9999.0, 9999.0, 9999.0, 23.84, 9999.0, 22.43, 9999.0, 22.98, 22.73, 22.5, 22.5, 22.52
2026-09-22, 00:15:49, 22.5, 22.64, 23.0, 23.0, 9999.0, 9999.0, 9999.0, 23.86, 9999.0, 22.45, 9999.0, 22.98, 22.73, 22.5, 22.5, 22.5
2026-09-22, 00:15:53, 22.5, 22.64, 23.0, 23.0, 9999.0, 9999.0, 9999.0, 23.89, 9999.0, 22.45, 9999.0, 22.95, 22.7, 22.5, 22.5, 22.5
2026-09-22, 00:15:57, 22.5, 22.61, 23.0, 23.0, 9999.0, 9999.0, 9999.0, 23.93, 9999.0, 22.45, 9999.0, 22.93, 22.7, 22.5, 22.5, 22.5
2026-09-22, 00:16:01, 22.5, 22.59, 23.0, 23.0, 9999.0, 9999.0, 9999.0, 23.98, 9999.0, 22.43, 9999.0, 22.91, 22.68, 22.5, 22.5, 22.5
2026-09-22, 00:16:05, 22.5, 22.57, 23.0, 23.0, 9999.0, 9999.0, 9999.0, 24.02, 9999.0, 22.41, 9999.0, 22.91, 22.68, 22.5, 22.5, 22.5
2026-09-22, 00:16:09, 22.5, 22.55, 23.0, 23.0, 9999.0, 9999.0, 9999.0, 24.05, 9999.0, 22.39, 9999.0, 22.91, 22.68, 22.5, 22.5, 22.5
2026-09-22, 00:16:13, 22.5, 22.52, 23.0, 23.0, 9999.0, 9999.0, 9999.0, 24.0, 9999.0, 22.36, 9999.0, 22.91, 22.68, 22.5, 22.5, 22.5
2026-09-22, 00:16:17, 22.5, 22.55, 23.0, 23.0, 9999.0, 9999.0, 9999.0, 23.95, 9999.0, 22.34, 9999.0, 22.91, 22.68, 22.5, 22.5, 22.5
2026-09-22, 00:16:21, 22.5, 22.55, 23.0, 23.0, 9999.0, 9999.0, 9999.0, 23.91, 9999.0, 22.32, 9999.0, 22.91, 22.68, 22.5, 22.5, 22.5
2026-09-22, 00:16:25, 22.5, 22.55, 23.0, 23.0, 9999.0, 9999.0, 9999.0, 23.89, 9999.0, 22.34, 9999.0, 22.91, 22.68, 22.5, 22.5, 22.5
2026-09-22, 00:16:29, 22.5, 22.55, 23.0, 23.0, 9999.0, 9999.0, 9999.0, 23.86, 9999.0, 22.34, 9999.0, 22.93, 22.68, 22.5, 22.5, 22.5
2026-09-22, 00:16:33, 22.5, 22.57, 23.0, 23.0, 9999.0, 9999.0, 9999.0, 23.82, 9999.0, 22.34, 9999.0, 22.93, 22.7, 22.5, 22.5, 22.5
2026-09-22, 00:16:37, 22.5, 22.59, 23.0, 23.0, 9999.0, 9999.0, 9999.0, 23.77, 9999.0, 22.39, 9999.0, 22.95, 22.73, 22.5, 22.5, 22.5
2026-09-22, 00:16:41, 22.5, 22.59, 23.0, 23.0, 9999.0, 9999.0, 9999.0, 23.73, 9999.0, 22.39, 9999.0, 22.98, 22.73, 22.5, 22.5, 22.5
2026-09-22, 00:16:45, 22.5, 22.59, 23.0, 23.0, 9999.0, 9999.0, 9999.0, 23.75, 9999.0, 22.41, 9999.0, 22.98, 22.75, 22.5, 22.5, 22.5
2026-09-22, 00:16:49, 22.5, 22.61, 23.0, 23.0, 9999.0, 9999.0, 9999.0, 23.77, 9999.0, 22.43, 9999.0, 22.98, 22.75, 22.5, 22.5, 22.5
2026-09-22, 00:16:53, 22.5, 22.61, 23.0, 23.0, 9999.0, 9999.0, 9999.0, 23.8, 9999.0, 22.48, 9999.0, 22.95, 22.75, 22.5, 22.5, 22.5
2026-09-22, 00:16:57, 22.5, 22.64, 23.0, 23.0, 9999.0, 9999.0, 9999.0, 23.84, 9999.0, 22.5, 9999.0, 22.93, 22.75, 22.5, 22.5, 22.5
2026-09-22, 00:17:01, 22.5, 22.64, 23.0, 23.0, 9999.0, 9999.0, 9999.0, 23.86, 9999.0, 22.52, 9999.0, 22.91, 22.75, 22.5, 22.5, 22.5
2026-09-22, 00:17:05, 22.5, 22.61, 23.0, 23.0, 9999.0, 9999.0, 9999.0, 23.89, 9999.0, 22.55, 9999.0, 22.89, 22.75, 22.5, 22.5, 22.5
2026-09-22, 00:17:09, 22.5, 22.61, 23.0, 23.0, 9999.0, 9999.0, 9999.0, 23.91, 9999.0, 22.55, 9999.0, 22.86, 22.75, 22.5, 22.5, 22.5
2026-09-22, 00:17:13, 22.5, 22.61, 23.0, 23.0, 9999.0, 9999.0, 9999.0, 23.93, 9999.0, 22.52, 9999.0, 22.84, 22.75, 22.5, 22.5, 22.5
2026-09-22, 00:17:17, 22.5, 22.61, 23.0, 23.0, 9999.0, 9999.0, 9999.0, 23.98, 9999.0, 22.52, 9999.0, 22.82, 22.73, 22.5, 22.5, 22.5
2026-09-22, 00:17:21, 22.5, 22.61, 23.0, 23.0, 9999.0, 9999.0, 9999.0, 24.02, 9999.0, 22.48, 9999.0, 22.82, 22.73, 22.5, 22.5, 22.5
2026-09-22, 00:17:26, 22.5, 22.61, 23.0, 23.0, 9999.0, 9999.0, 9999.0, 24.05, 9999.0, 22.45, 9999.0, 22.82, 22.73, 22.5, 22.52, 22.5
2026-09-22, 00:17:30, 22.5, 22.61, 23.0, 23.0, 9999.0, 9999.0, 9999.0, 24.0, 9999.0, 22.43, 9999.0, 22.84, 22.73, 22.5, 22.52, 22.5
2026-09-22, 00:17:34, 22.5, 22.59, 23.0, 23.0, 9999.0, 9999.0, 9999.0, 23.95, 9999.0, 22.41, 9999.0, 22.84, 22.73, 22.5, 22.52, 22.5
2026-09-22, 00:17:38, 22.5, 22.59, 23.0, 23.0, 9999.0, 9999.0, 9999.0, 23.93, 9999.0, 22.36, 9999.0, 22.86, 22.73, 22.5, 22.52, 22.5
2026-09-22, 00:17:42, 22.5, 22.57, 23.0, 23.0, 9999.0, 9999.0, 9999.0, 23.89, 9999.0, 22.36, 9999.0, 22.89, 22.73, 22.5, 22.52, 22.5
2026-09-22, 00:17:46, 22.5, 22.57, 23.0, 23.0, 9999.0, 9999.0, 9999.0, 23.86, 9999.0, 22.36, 9999.0, 22.91, 22.73, 22.5, 22.52, 22.5
2026-09-22, 00:17:50, 22.5, 22.57, 23.0, 23.0, 9999.0, 9999.0, 9999.0, 23.84, 9999.0, 22.39, 9999.0, 22.93, 22.73, 22.5, 22.52, 22.5
2026-09-22, 00:17:54, 22.5, 22.59, 23.0, 23.0, 9999.0, 9999.0, 9999.0, 23.8, 9999.0, 22.41, 9999.0, 22.95, 22.73, 22.5, 22.52, 22.5
2026-09-22, 00:17:58, 22.5, 22.61, 23.0, 23.0, 9999.0, 9999.0, 9999.0, 23.75, 9999.0, 22.45, 9999.0, 22.98, 22.73, 22.5, 22.52, 22.5
2026-09-22, 00:18:02, 22.5, 22.59, 23.0, 23.0, 9999.0, 9999.0, 9999.0, 23.77, 9999.0, 22.48, 9999.0, 23.0, 22.75, 22.5, 22.52, 22.5
2026-09-22, 00:18:06, 22.5, 22.57, 23.0, 23.0, 9999.0, 9999.0, 9999.0, 23.8, 9999.0, 22.52, 9999.0, 23.0, 22.75, 22.5, 22.52, 22.5
2026-09-22, 00:18:10, 22.5, 22.57, 23.0, 23.0, 9999.0, 9999.0, 9999.0, 23.84, 9999.0, 22.55, 9999.0, 23.0, 22.75, 22.5, 22.5, 22.5
2026-09-22, 00:18:14, 22.5, 22.57, 23.0, 23.0, 9999.0, 9999.0, 9999.0, 23.89, 9999.0, 22.57, 9999.0, 23.0, 22.75, 22.5, 22.5, 22.5
2026-09-22, 00:18:18, 22.5, 22.57, 23.0, 23.0, 9999.0, 9999.0, 9999.0, 23.93, 9999.0, 22.59, 9999.0, 22.98, 22.75, 22.5, 22.5, 22.5
2026-09-22, 00:18:22, 22.5, 22.59, 23.0, 23.0, 9999.0, 9999.0, 9999.0, 23.95, 9999.0, 22.61, 9999.0, 22.95, 22.75, 22.5, 22.5, 22.5
2026-09-22, 00:18:26, 22.5, 22.61, 23.0, 23.0, 9999.0, 9999.0, 9999.0, 23.98, 9999.0, 22.61, 9999.0, 22.93, 22.75, 22.5, 22.5, 22.5
2026-09-22, 00:18:30, 22.5, 22.61, 23.0, 23.0, 9999.0, 9999.0, 9999.0, 24.0, 9999.0, 22.61, 9999.0, 22.91, 22.73, 22.5, 22.5, 22.5
2026-09-22, 00:18:34, 22.5, 22.64, 23.0, 23.0, 9999.0, 9999.0, 9999.0, 24.02, 9999.0, 22.59, 9999.0, 22.89, 22.73, 22.5, 22.5, 22.5
2026-09-22, 00:18:38, 22.5, 22.61, 23.0, 23.0, 9999.0, 9999.0, 9999.0, 24.07, 9999.0, 22.57, 9999.0, 22.89, 22.7, 22.5, 22.5, 22.5
2026-09-22, 00:18:42, 22.5, 22.61, 23.0, 23.0, 9999.0, 9999.0, 9999.0, 24.11, 9999.0, 22.55, 9999.0, 22.89, 22.7, 22.5, 22.5, 22.5
2026-09-22, 00:18:46, 22.5, 22.61, 23.0, 23.0, 9999.0, 9999.0, 9999.0, 24.07, 9999.0, 22.52, 9999.0, 22.89, 22.7, 22.5, 22.5, 22.5
2026-09-22, 00:18:50, 22.5, 22.61, 23.0, 23.0, 9999.0, 9999.0, 9999.0, 24.02, 9999.0, 22.5, 9999.0, 22.89, 22.7, 22.5, 22.5, 22.5
2026-09-22, 00:18:54, 22.5, 22.61, 23.0, 23.0, 9999.0, 9999.0, 9999.0, 23.98, 9999.0, 22.48, 9999.0, 22.89, 22.7, 22.5, 22.5, 22.5
2026-09-22, 00:18:58, 22.5, 22.61, 23.0, 23.0, 9999.0, 9999.0, 9999.0, 23.93, 9999.0, 22.48, 9999.0, 22.89, 22.7, 22.5, 22.5, 22.5
2026-09-22, 00:19:02, 22.5, 22.64, 23.0, 23.0, 9999.0, 9999.0, 9999.0, 23.89, 9999.0, 22.48, 9999.0, 22.91, 22.7, 22.5, 22.5, 22.5
2026-09-22, 00:19:06, 22.5, 22.64, 23.0, 23.0, 9999.0, 9999.0, 9999.0, 23.86, 9999.0, 22.5, 9999.0, 22.93, 22.7, 22.5, 22.5, 22.5
2026-09-22, 00:19:10, 22.5, 22.64, 23.0, 22.98, 9999.0, 9999.0, 9999.0, 23.82, 9999.0, 22.52, 9999.0, 22.95, 22.7, 22.5, 22.5, 22.5
2026-09-22, 00:19:14, 22.5, 22.64, 23.0, 22.98, 9999.0, 9999.0, 9999.0, 23.77, 9999.0, 22.55, 9999.0, 22.98, 22.73, 22.5, 22.5, 22.5
2026-09-22, 00:19:18, 22.5, 22.64, 23.0, 22.98, 9999.0, 9999.0, 9999.0, 23.82, 9999.0, 22.57, 9999.0, 23.0, 22.73, 22.5, 22.5, 22.5
2026-09-22, 00:19:22, 22.5, 22.66, 23.0, 22.98, 9999.0, 9999.0, 9999.0, 23.84, 9999.0, 22.59, 9999.0, 23.0, 22.75, 22.5, 22.5, 22.5
2026-09-22, 00:19:26, 22.5, 22.64, 23.0, 22.98, 9999.0, 9999.0, 9999.0, 23.86, 9999.0, 22.61, 9999.0, 23.0, 22.75, 22.48, 22.5, 22.5
2026-09-22, 00:19:30, 22.5, 22.64, 23.0, 22.98, 9999.0, 9999.0, 9999.0, 23.89, 9999.0, 22.61, 9999.0, 22.98, 22.75, 22.48, 22.5, 22.5
2026-09-22, 00:19:34, 22.5, 22.64, 23.0, 22.98, 9999.0, 9999.0, 9999.0, 23.91, 9999.0, 22.61, 9999.0, 22.95, 22.75, 22.48, 22.5, 22.5
2026-09-22, 00:19:38, 22.5, 22.66, 23.0, 22.98, 9999.0, 9999.0, 9999.0, 23.93, 9999.0, 22.64, 9999.0, 22.93, 22.75, 22.48, 22.5, 22.5
2026-09-22, 00:19:42, 22.5, 22.66, 23.0, 22.98, 9999.0, 9999.0, 9999.0, 23.95, 9999.0, 22.64, 9999.0, 22.91, 22.75, 22.48, 22.5, 22.5
2026-09-22, 00:19:46, 22.5, 22.66, 23.0, 22.98, 9999.0, 9999.0, 9999.0, 24.0, 9999.0, 22.64, 9999.0, 22.89, 22.75, 22.48, 22.5, 22.5
2026-09-22, 00:19:50, 22.5, 22.66, 23.0, 22.98, 9999.0, 9999.0, 9999.0, 24.02, 9999.0, 22.61, 9999.0, 22.89, 22.73, 22.48, 22.5, 22.5
2026-09-22, 00:19:54, 22.5, 22.64, 23.0, 23.0, 9999.0, 9999.0, 9999.0, 24.07, 9999.0, 22.59, 9999.0, 22.89, 22.7, 22.48, 22.5, 22.5
2026-09-22, 00:19:58, 22.5, 22.61, 23.0, 23.0, 9999.0, 9999.0, 9999.0, 24.11, 9999.0, 22.57, 9999.0, 22.89, 22.68, 22.48, 22.5, 22.5
2026-09-22, 00:20:02, 22.5, 22.61, 23.0, 23.0, 9999.0, 9999.0, 9999.0, 24.05, 9999.0, 22.55, 9999.0, 22.91, 22.68, 22.48, 22.5, 22.5
2026-09-22, 00:20:06, 22.5, 22.61, 23.0, 23.0, 9999.0, 9999.0, 9999.0, 24.02, 9999.0, 22.52, 9999.0, 22.91, 22.66, 22.48, 22.5, 22.5
2026-09-22, 00:20:10, 22.5, 22.61, 23.0, 23.0, 9999.0, 9999.0, 9999.0, 23.98, 9999.0, 22.52, 9999.0, 22.91, 22.66, 22.5, 22.5, 22.5
2026-09-22, 00:20:14, 22.5, 22.64, 23.0, 23.0, 9999.0, 9999.0, 9999.0, 23.95, 9999.0, 22.55, 9999.0, 22.93, 22.66, 22.5, 22.5, 22.5
2026-09-22, 00:20:18, 22.5, 22.66, 23.0, 23.0, 9999.0, 9999.0, 9999.0, 23.93, 9999.0, 22.57, 9999.0, 22.95, 22.66, 22.5, 22.5, 22.5
2026-09-22, 00:20:22, 22.5, 22.66, 23.0, 23.0, 9999.0, 9999.0, 9999.0, 23.91, 9999.0, 22.59, 9999.0, 22.98, 22.66, 22.5, 22.5, 22.5
2026-09-22, 00:20:26, 22.5, 22.66, 23.0, 23.0, 9999.0, 9999.0, 9999.0, 23.89, 9999.0, 22.61, 9999.0, 23.0, 22.66, 22.5, 22.5, 22.5
2026-09-22, 00:20:30, 22.5, 22.66, 23.0, 23.0, 9999.0, 9999.0, 9999.0, 23.91, 9999.0, 22.64, 9999.0, 23.02, 22.66, 22.5, 22.5, 22.5
2026-09-22, 00:20:34, 22.5, 22.66, 23.0, 23.0, 9999.0, 9999.0, 9999.0, 23.93, 9999.0, 22.66, 9999.0, 23.02, 22.68, 22.5, 22.5, 22.5
2026-09-22, 00:20:38, 22.5, 22.66, 23.0, 23.0, 9999.0, 9999.0, 9999.0, 23.95, 9999.0, 22.68, 9999.0, 23.0, 22.7, 22.5, 22.5, 22.5
2026-09-22, 00:20:42, 22.5, 22.68, 23.0, 23.0, 9999.0, 9999.0, 9999.0, 23.98, 9999.0, 22.7, 9999.0, 22.98, 22.73, 22.5, 22.5, 22.5
2026-09-22, 00:20:46, 22.5, 22.68, 23.0, 23.0, 9999.0, 9999.0, 9999.0, 24.02, 9999.0, 22.73, 9999.0, 22.93, 22.73, 22.5, 22.5, 22.5
2026-09-22, 00:20:50, 22.5, 22.68, 23.0, 23.0, 9999.0, 9999.0, 9999.0, 24.05, 9999.0, 22.75, 9999.0, 22.91, 22.75, 22.5, 22.5, 22.5
2026-09-22, 00:20:54, 22.5, 22.68, 23.0, 23.0, 9999.0, 9999.0, 9999.0, 24.07, 9999.0, 22.73, 9999.0, 22.89, 22.73, 22.5, 22.5, 22.5
2026-09-22, 00:20:58, 22.5, 22.66, 23.0, 23.0, 9999.0, 9999.0, 9999.0, 24.09, 9999.0, 22.73, 9999.0, 22.86, 22.7, 22.5, 22.5, 22.5
2026-09-22, 00:21:02, 22.5, 22.64, 23.0, 23.0, 9999.0, 9999.0, 9999.0, 24.11, 9999.0, 22.7, 9999.0, 22.84, 22.7, 22.5, 22.5, 22.5
2026-09-22, 00:21:06, 22.5, 22.64, 23.0, 23.0, 9999.0, 9999.0, 9999.0, 24.16, 9999.0, 22.68, 9999.0, 22.84, 22.7, 22.5, 22.5, 22.5
2026-09-22, 00:21:10, 22.5, 22.66, 23.0, 23.0, 9999.0, 9999.0, 9999.0, 24.18, 9999.0, 22.66, 9999.0, 22.84, 22.7, 22.5, 22.5, 22.5
2026-09-22, 00:21:15, 22.5, 22.66, 23.0, 23.0, 9999.0, 9999.0, 9999.0, 24.14, 9999.0, 22.64, 9999.0, 22.84, 22.68, 22.5, 22.5, 22.5
2026-09-22, 00:21:19, 22.5, 22.64, 23.0, 23.0, 9999.0, 9999.0, 9999.0, 24.11, 9999.0, 22.61, 9999.0, 22.84, 22.68, 22.5, 22.5, 22.5
2026-09-22, 00:21:23, 22.5, 22.66, 23.0, 23.0, 9999.0, 9999.0, 9999.0, 24.07, 9999.0, 22.59, 9999.0, 22.86, 22.68, 22.5, 22.5, 22.5
2026-09-22, 00:21:27, 22.5, 22.64, 23.0, 23.0, 9999.0, 9999.0, 9999.0, 24.02, 9999.0, 22.59, 9999.0, 22.89, 22.66, 22.5, 22.5, 22.5
2026-09-22, 00:21:31, 22.5, 22.64, 23.0, 23.0, 9999.0, 9999.0, 9999.0, 23.98, 9999.0, 22.59, 9999.0, 22.91, 22.66, 22.5, 22.5, 22.5
2026-09-22, 00:21:35, 22.5, 22.61, 23.0, 22.98, 9999.0, 9999.0, 9999.0, 23.93, 9999.0, 22.59, 9999.0, 22.93, 22.66, 22.5, 22.5, 22.5
2026-09-22, 00:21:39, 22.5, 22.64, 23.0, 22.98, 9999.0, 9999.0, 9999.0, 23.91, 9999.0, 22.64, 9999.0, 22.95, 22.68, 22.5, 22.5, 22.5
2026-09-22, 00:21:43, 22.5, 22.66, 23.0, 22.98, 9999.0, 9999.0, 9999.0, 23.89, 9999.0, 22.66, 9999.0, 22.98, 22.7, 22.5, 22.5, 22.5
2026-09-22, 00:21:47, 22.5, 22.66, 23.0, 22.98, 9999.0, 9999.0, 9999.0, 23.93, 9999.0, 22.7, 9999.0, 23.0, 22.7, 22.5, 22.5, 22.5
2026-09-22, 00:21:51, 22.5, 22.64, 23.0, 22.98, 9999.0, 9999.0, 9999.0, 23.95, 9999.0, 22.73, 9999.0, 23.0, 22.68, 22.5, 22.5, 22.5
2026-09-22, 00:21:55, 22.5, 22.61, 23.0, 22.98, 9999.0, 9999.0, 9999.0, 24.0, 9999.0, 22.75, 9999.0, 23.0, 22.68, 22.5, 22.5, 22.5
2026-09-22, 00:21:59, 22.5, 22.59, 23.0, 22.98, 9999.0, 9999.0, 9999.0, 24.02, 9999.0, 22.77, 9999.0, 22.98, 22.7, 22.5, 22.5, 22.5
2026-09-22, 00:22:03, 22.5, 22.59, 23.0, 22.98, 9999.0, 9999.0, 9999.0, 24.05, 9999.0, 22.8, 9999.0, 22.95, 22.7, 22.5, 22.5, 22.5
2026-09-22, 00:22:07, 22.5, 22.59, 23.0, 22.98, 9999.0, 9999.0, 9999.0, 24.09, 9999.0, 22.8, 9999.0, 22.93, 22.68, 22.5, 22.5, 22.5
2026-09-22, 00:22:11, 22.5, 22.61, 23.0, 22.98, 9999.0, 9999.0, 9999.0, 24.14, 9999.0, 22.77, 9999.0, 22.91, 22.7, 22.5, 22.5, 22.5
2026-09-22, 00:22:15, 22.5, 22.59, 23.0, 22.98, 9999.0, 9999.0, 9999.0, 24.18, 9999.0, 22.75, 9999.0, 22.89, 22.68, 22.48, 22.5, 22.5
2026-09-22, 00:22:19, 22.5, 22.61, 23.0, 23.0, 9999.0, 9999.0, 9999.0, 24.23, 9999.0, 22.75, 9999.0, 22.86, 22.68, 22.48, 22.5, 22.5
2026-09-22, 00:22:23, 22.5, 22.61, 23.0, 23.0, 9999.0, 9999.0, 9999.0, 24.27, 9999.0, 22.73, 9999.0, 22.86, 22.68, 22.48, 22.5, 22.5
2026-09-22, 00:22:27, 22.5, 22.59, 23.0, 23.0, 9999.0, 9999.0, 9999.0, 24.3, 9999.0, 22.68, 9999.0, 22.84, 22.66, 22.48, 22.5, 22.5
2026-09-22, 00:22:31, 22.5, 22.61, 23.0, 23.0, 9999.0, 9999.0, 9999.0, 24.25, 9999.0, 22.64, 9999.0, 22.84, 22.66, 22.45, 22.5, 22.5
2026-09-22, 00:22:35, 22.5, 22.64, 23.0, 23.0, 9999.0, 9999.0, 9999.0, 24.2, 9999.0, 22.61, 9999.0, 22.84, 22.68, 22.45, 22.5, 22.5
2026-09-22, 00:22:39, 22.5, 22.66, 23.0, 23.0, 9999.0, 9999.0, 9999.0, 24.16, 9999.0, 22.59, 9999.0, 22.84, 22.68, 22.45, 22.5, 22.5
2026-09-22, 00:22:43, 22.5, 22.68, 23.0, 23.0, 9999.0, 9999.0, 9999.0, 24.14, 9999.0, 22.59, 9999.0, 22.86, 22.68, 22.45, 22.5, 22.5
2026-09-22, 00:22:47, 22.5, 22.68, 23.0, 23.0, 9999.0, 9999.0, 9999.0, 24.11, 9999.0, 22.59, 9999.0, 22.89, 22.68, 22.43, 22.5, 22.5
2026-09-22, 00:22:51, 22.5, 22.66, 23.0, 23.0, 9999.0, 9999.0, 9999.0, 24.07, 9999.0, 22.61, 9999.0, 22.91, 22.7, 22.43, 22.5, 22.5
2026-09-22, 00:22:55, 22.5, 22.64, 23.0, 23.0, 9999.0, 9999.0, 9999.0, 24.02, 9999.0, 22.66, 9999.0, 22.93, 22.7, 22.43, 22.5, 22.5
2026-09-22, 00:22:59, 22.5, 22.64, 23.0, 23.0, 9999.0, 9999.0, 9999.0, 23.98, 9999.0, 22.68, 9999.0, 22.95, 22.73, 22.45, 22.5, 22.5
2026-09-22, 00:23:03, 22.5, 22.64, 23.0, 23.0, 9999.0, 9999.0, 9999.0, 24.0, 9999.0, 22.68, 9999.0, 22.98, 22.73, 22.43, 22.5, 22.5
2026-09-22, 00:23:07, 22.5, 22.61, 23.0, 23.0, 9999.0, 9999.0, 9999.0, 24.02, 9999.0, 22.68, 9999.0, 22.95, 22.73, 22.43, 22.5, 22.5
2026-09-22, 00:23:11, 22.5, 22.64, 23.0, 23.0, 9999.0, 9999.0, 9999.0, 24.07, 9999.0, 22.7, 9999.0, 22.95, 22.75, 22.43, 22.5, 22.5
2026-09-22, 00:23:15, 22.5, 22.61, 23.0, 23.0, 9999.0, 9999.0, 9999.0, 24.09, 9999.0, 22.73, 9999.0, 22.93, 22.75, 22.45, 22.5, 22.5
2026-09-22, 00:23:19, 22.5, 22.59, 23.0, 23.0, 9999.0, 9999.0, 9999.0, 24.11, 9999.0, 22.75, 9999.0, 22.91, 22.73, 22.45, 22.5, 22.5
2026-09-22, 00:23:23, 22.5, 22.57, 23.0, 23.0, 9999.0, 9999.0, 9999.0, 24.14, 9999.0, 22.77, 9999.0, 22.89, 22.73, 22.45, 22.5, 22.5
2026-09-22, 00:23:27, 22.5, 22.57, 23.0, 23.0, 9999.0, 9999.0, 9999.0, 24.14, 9999.0, 22.75, 9999.0, 22.86, 22.73, 22.45, 22.5, 22.5
2026-09-22, 00:23:31, 22.5, 22.57, 23.0, 23.0, 9999.0, 9999.0, 9999.0, 24.14, 9999.0, 22.73, 9999.0, 22.84, 22.7, 22.48, 22.5, 22.5
2026-09-22, 00:23:35, 22.5, 22.57, 23.0, 23.0, 9999.0, 9999.0, 9999.0, 24.16, 9999.0, 22.7, 9999.0, 22.82, 22.68, 22.48, 22.5, 22.5
2026-09-22, 00:23:39, 22.5, 22.57, 23.0, 23.0, 9999.0, 9999.0, 9999.0, 24.18, 9999.0, 22.68, 9999.0, 22.82, 22.68, 22.48, 22.5, 22.5
2026-09-22, 00:23:43, 22.5, 22.59, 23.0, 23.0, 9999.0, 9999.0, 9999.0, 24.2, 9999.0, 22.66, 9999.0, 22.82, 22.66, 22.48, 22.5, 22.5
2026-09-22, 00:23:47, 22.5, 22.59, 23.0, 23.0, 9999.0, 9999.0, 9999.0, 24.16, 9999.0, 22.64, 9999.0, 22.82, 22.66, 22.5, 22.5, 22.5
2026-09-22, 00:23:51, 22.5, 22.59, 23.0, 22.98, 9999.0, 9999.0, 9999.0, 24.11, 9999.0, 22.61, 9999.0, 22.84, 22.66, 22.5, 22.5, 22.5
2026-09-22, 00:23:55, 22.5, 22.59, 23.0, 22.98, 9999.0, 9999.0, 9999.0, 24.05, 9999.0, 22.59, 9999.0, 22.86, 22.66, 22.5, 22.5, 22.5
2026-09-22, 00:23:59, 22.5, 22.61, 23.0, 22.98, 9999.0, 9999.0, 9999.0, 24.0, 9999.0, 22.59, 9999.0, 22.89, 22.64, 22.5, 22.5, 22.5
2026-09-22, 00:24:03, 22.5, 22.64, 23.0, 22.98, 9999.0, 9999.0, 9999.0, 23.95, 9999.0, 22.59, 9999.0, 22.91, 22.66, 22.5, 22.5, 22.5
2026-09-22, 00:24:07, 22.5, 22.64, 23.0, 22.98, 9999.0, 9999.0, 9999.0, 23.91, 9999.0, 22.59, 9999.0, 22.93, 22.66, 22.5, 22.5, 22.5
2026-09-22, 00:24:11, 22.5, 22.64, 23.0, 22.98, 9999.0, 9999.0, 9999.0, 23.89, 9999.0, 22.64, 9999.0, 22.95, 22.66, 22.5, 22.5, 22.5
2026-09-22, 00:24:15, 22.5, 22.64, 23.0, 22.98, 9999.0, 9999.0, 9999.0, 23.86, 9999.0, 22.66, 9999.0, 22.95, 22.68, 22.5, 22.5, 22.5
2026-09-22, 00:24:19, 22.5, 22.66, 23.0, 22.98, 9999.0, 9999.0, 9999.0, 23.91, 9999.0, 22.68, 9999.0, 22.95, 22.68, 22.5, 22.5, 22.5
2026-09-22, 00:24:23, 22.5, 22.68, 23.0, 22.98, 9999.0, 9999.0, 9999.0, 23.95, 9999.0, 22.68, 9999.0, 22.93, 22.66, 22.5, 22.5, 22.5
2026-09-22, 00:24:27, 22.5, 22.66, 23.0, 22.98, 9999.0, 9999.0, 9999.0, 23.98, 9999.0, 22.7, 9999.0, 22.91, 22.68, 22.5, 22.5, 22.5
2026-09-22, 00:24:31, 22.5, 22.64, 23.0, 22.98, 9999.0, 9999.0, 9999.0, 24.0, 9999.0, 22.73, 9999.0, 22.89, 22.66, 22.5, 22.5, 22.5
2026-09-22, 00:24:35, 22.5, 22.66, 23.0, 23.0, 9999.0, 9999.0, 9999.0, 24.02, 9999.0, 22.73, 9999.0, 22.86, 22.64, 22.5, 22.5, 22.5
2026-09-22, 00:24:39, 22.5, 22.64, 23.0, 23.0, 9999.0, 9999.0, 9999.0, 24.05, 9999.0, 22.73, 9999.0, 22.84, 22.61, 22.5, 22.5, 22.5
2026-09-22, 00:24:43, 22.5, 22.61, 23.0, 23.0, 9999.0, 9999.0, 9999.0, 24.07, 9999.0, 22.73, 9999.0, 22.82, 22.64, 22.48, 22.5, 22.5
2026-09-22, 00:24:47, 22.5, 22.61, 23.0, 23.0, 9999.0, 9999.0, 9999.0, 24.09, 9999.0, 22.7, 9999.0, 22.8, 22.61, 22.48, 22.5, 22.5
2026-09-22, 00:24:51, 22.5, 22.64, 23.0, 23.0, 9999.0, 9999.0, 9999.0, 24.14, 9999.0, 22.68, 9999.0, 22.8, 22.61, 22.45, 22.5, 22.5
2026-09-22, 00:24:55, 22.5, 22.64, 23.0, 23.0, 9999.0, 9999.0, 9999.0, 24.16, 9999.0, 22.64, 9999.0, 22.8, 22.59, 22.43, 22.5, 22.5
2026-09-22, 00:24:59, 22.5, 22.64, 23.0, 23.0, 9999.0, 9999.0, 9999.0, 24.18, 9999.0, 22.61, 9999.0, 22.82, 22.59, 22.41, 22.5, 22.5
2026-09-22, 00:25:04, 22.5, 22.64, 23.0, 23.0, 9999.0, 9999.0, 9999.0, 24.14, 9999.0, 22.59, 9999.0, 22.86, 22.61, 22.41, 22.5, 22.5
2026-09-22, 00:25:08, 22.5, 22.61, 23.0, 22.98, 9999.0, 9999.0, 9999.0, 24.07, 9999.0, 22.57, 9999.0, 22.89, 22.64, 22.41, 22.5, 22.5
2026-09-22, 00:25:12, 22.5, 22.64, 23.0, 22.98, 9999.0, 9999.0, 9999.0, 24.02, 9999.0, 22.57, 9999.0, 22.91, 22.64, 22.41, 22.5, 22.5
2026-09-22, 00:25:16, 22.5, 22.64, 23.0, 22.98, 9999.0, 9999.0, 9999.0, 23.98, 9999.0, 22.57, 9999.0, 22.93, 22.66, 22.41, 22.5, 22.5
2026-09-22, 00:25:20, 22.5, 22.64, 22.98, 22.98, 9999.0, 9999.0, 9999.0, 23.93, 9999.0, 22.59, 9999.0, 22.95, 22.68, 22.41, 22.5, 22.5
2026-09-22, 00:25:24, 22.5, 22.66, 22.98, 22.98, 9999.0, 9999.0, 9999.0, 23.91, 9999.0, 22.61, 9999.0, 22.98, 22.7, 22.41, 22.5, 22.5
2026-09-22, 00:25:28, 22.5, 22.68, 22.98, 22.98, 9999.0, 9999.0, 9999.0, 23.89, 9999.0, 22.61, 9999.0, 23.0, 22.7, 22.43, 22.5, 22.5
2026-09-22, 00:25:32, 22.5, 22.68, 22.98, 22.98, 9999.0, 9999.0, 9999.0, 23.93, 9999.0, 22.66, 9999.0, 23.02, 22.73, 22.43, 22.5, 22.5
2026-09-22, 00:25:36, 22.5, 22.68, 22.98, 22.98, 9999.0, 9999.0, 9999.0, 23.95, 9999.0, 22.68, 9999.0, 23.02, 22.73, 22.45, 22.5, 22.5
2026-09-22, 00:25:40, 22.5, 22.68, 22.98, 22.98, 9999.0, 9999.0, 9999.0, 24.0, 9999.0, 22.7, 9999.0, 23.02, 22.73, 22.48, 22.5, 22.5
2026-09-22, 00:25:44, 22.5, 22.68, 22.98, 22.98, 9999.0, 9999.0, 9999.0, 24.02, 9999.0, 22.73, 9999.0, 23.0, 22.73, 22.5, 22.5, 22.5
2026-09-22, 00:25:48, 22.5, 22.66, 22.98, 22.98, 9999.0, 9999.0, 9999.0, 24.05, 9999.0, 22.75, 9999.0, 22.98, 22.73, 22.5, 22.5, 22.5
2026-09-22, 00:25:52, 22.5, 22.68, 22.98, 23.0, 9999.0, 9999.0, 9999.0, 24.09, 9999.0, 22.77, 9999.0, 22.95, 22.7, 22.5, 22.5, 22.5
2026-09-22, 00:25:56, 22.5, 22.68, 22.98, 23.0, 9999.0, 9999.0, 9999.0, 24.14, 9999.0, 22.77, 9999.0, 22.93, 22.68, 22.5, 22.5, 22.5
2026-09-22, 00:26:00, 22.5, 22.7, 22.98, 23.0, 9999.0, 9999.0, 9999.0, 24.18, 9999.0, 22.75, 9999.0, 22.91, 22.68, 22.5, 22.5, 22.5
2026-09-22, 00:26:04, 22.5, 22.7, 23.0, 23.0, 9999.0, 9999.0, 9999.0, 24.23, 9999.0, 22.73, 9999.0, 22.89, 22.68, 22.48, 22.5, 22.5
2026-09-22, 00:26:08, 22.5, 22.7, 22.98, 23.0, 9999.0, 9999.0, 9999.0, 24.27, 9999.0, 22.7, 9999.0, 22.86, 22.68, 22.48, 22.5, 22.5
2026-09-22, 00:26:12, 22.5, 22.7, 22.98, 23.0, 9999.0, 9999.0, 9999.0, 24.32, 9999.0, 22.68, 9999.0, 22.86, 22.68, 22.48, 22.5, 22.5
2026-09-22, 00:26:16, 22.5, 22.68, 22.98, 23.0, 9999.0, 9999.0, 9999.0, 24.27, 9999.0, 22.64, 9999.0, 22.86, 22.68, 22.48, 22.5, 22.5
2026-09-22, 00:26:20, 22.5, 22.66, 22.98, 23.0, 9999.0, 9999.0, 9999.0, 24.23, 9999.0, 22.61, 9999.0, 22.86, 22.68, 22.48, 22.5, 22.5
2026-09-22, 00:26:24, 22.5, 22.66, 22.98, 23.0, 9999.0, 9999.0, 9999.0, 24.18, 9999.0, 22.59, 9999.0, 22.86, 22.7, 22.48, 22.5, 22.5
2026-09-22, 00:26:28, 22.5, 22.66, 22.98, 23.0, 9999.0, 9999.0, 9999.0, 24.16, 9999.0, 22.59, 9999.0, 22.89, 22.68, 22.48, 22.5, 22.5
2026-09-22, 00:26:32, 22.5, 22.68, 22.98, 23.0, 9999.0, 9999.0, 9999.0, 24.14, 9999.0, 22.57, 9999.0, 22.89, 22.68, 22.45, 22.5, 22.5
2026-09-22, 00:26:36, 22.5, 22.66, 22.98, 23.0, 9999.0, 9999.0, 9999.0, 24.09, 9999.0, 22.57, 9999.0, 22.91, 22.7, 22.43, 22.5, 22.5
2026-09-22, 00:26:40, 22.5, 22.64, 22.98, 23.0, 9999.0, 9999.0, 9999.0, 24.05, 9999.0, 22.57, 9999.0, 22.91, 22.73, 22.43, 22.5, 22.5
2026-09-22, 00:26:44, 22.5, 22.61, 22.98, 23.0, 9999.0, 9999.0, 9999.0, 23.98, 9999.0, 22.59, 9999.0, 22.93, 22.73, 22.43, 22.5, 22.5
2026-09-22, 00:26:48, 22.5, 22.61, 22.98, 22.98, 9999.0, 9999.0, 9999.0, 24.0, 9999.0, 22.61, 9999.0, 22.95, 22.73, 22.45, 22.5, 22.5
2026-09-22, 00:26:52, 22.5, 22.59, 23.0, 22.98, 9999.0, 9999.0, 9999.0, 24.02, 9999.0, 22.64, 9999.0, 22.95, 22.73, 22.45, 22.5, 22.5
2026-09-22, 00:26:56, 22.5, 22.57, 23.0, 22.98, 9999.0, 9999.0, 9999.0, 24.02, 9999.0, 22.66, 9999.0, 22.93, 22.73, 22.45, 22.5, 22.5
2026-09-22, 00:27:00, 22.5, 22.59, 23.0, 22.98, 9999.0, 9999.0, 9999.0, 24.05, 9999.0, 22.68, 9999.0, 22.91, 22.7, 22.45, 22.5, 22.5
2026-09-22, 00:27:04, 22.5, 22.61, 23.0, 22.98, 9999.0, 9999.0, 9999.0, 24.07, 9999.0, 22.7, 9999.0, 22.89, 22.68, 22.45, 22.5, 22.5
2026-09-22, 00:27:08, 22.5, 22.59, 23.0, 22.98, 9999.0, 9999.0, 9999.0, 24.09, 9999.0, 22.73, 9999.0, 22.86, 22.68, 22.45, 22.5, 22.5
2026-09-22, 00:27:12, 22.5, 22.59, 23.0, 22.98, 9999.0, 9999.0, 9999.0, 24.11, 9999.0, 22.7, 9999.0, 22.84, 22.7, 22.45, 22.5, 22.5
2026-09-22, 00:27:16, 22.5, 22.59, 23.0, 22.98, 9999.0, 9999.0, 9999.0, 24.11, 9999.0, 22.7, 9999.0, 22.82, 22.7, 22.48, 22.5, 22.5
2026-09-22, 00:27:20, 22.5, 22.59, 23.0, 22.98, 9999.0, 9999.0, 9999.0, 24.14, 9999.0, 22.68, 9999.0, 22.8, 22.7, 22.5, 22.5, 22.5
2026-09-22, 00:27:24, 22.5, 22.59, 23.0, 22.98, 9999.0, 9999.0, 9999.0, 24.16, 9999.0, 22.66, 9999.0, 22.82, 22.68, 22.5, 22.5, 22.5
2026-09-22, 00:27:28, 22.5, 22.61, 23.0, 22.98, 9999.0, 9999.0, 9999.0, 24.2, 9999.0, 22.64, 9999.0, 22.82, 22.68, 22.5, 22.5, 22.5
2026-09-22, 00:27:32, 22.5, 22.59, 23.0, 23.0, 9999.0, 9999.0, 9999.0, 24.16, 9999.0, 22.61, 9999.0, 22.82, 22.68, 22.5, 22.5, 22.5
2026-09-22, 00:27:36, 22.5, 22.61, 23.0, 23.0, 9999.0, 9999.0, 9999.0, 24.11, 9999.0, 22.57, 9999.0, 22.84, 22.68, 22.48, 22.5, 22.5
2026-09-22, 00:27:40, 22.5, 22.64, 22.98, 23.0, 9999.0, 9999.0, 9999.0, 24.09, 9999.0, 22.52, 9999.0, 22.86, 22.68, 22.48, 22.5, 22.5
2026-09-22, 00:27:44, 22.5, 22.64, 22.98, 23.0, 9999.0, 9999.0, 9999.0, 24.05, 9999.0, 22.52, 9999.0, 22.89, 22.7, 22.48, 22.5, 22.5
2026-09-22, 00:27:48, 22.5, 22.64, 22.98, 23.0, 9999.0, 9999.0, 9999.0, 24.0, 9999.0, 22.52, 9999.0, 22.91, 22.73, 22.48, 22.5, 22.5
2026-09-22, 00:27:52, 22.5, 22.66, 22.98, 23.0, 9999.0, 9999.0, 9999.0, 23.95, 9999.0, 22.52, 9999.0, 22.93, 22.73, 22.48, 22.5, 22.5
2026-09-22, 00:27:56, 22.5, 22.68, 22.98, 23.0, 9999.0, 9999.0, 9999.0, 23.91, 9999.0, 22.55, 9999.0, 22.95, 22.73, 22.48, 22.5, 22.5
2026-09-22, 00:28:00, 22.5, 22.68, 22.98, 23.0, 9999.0, 9999.0, 9999.0, 23.86, 9999.0, 22.57, 9999.0, 22.98, 22.73, 22.45, 22.5, 22.5
2026-09-22, 00:28:04, 22.5, 22.7, 22.98, 23.0, 9999.0, 9999.0, 9999.0, 23.91, 9999.0, 22.59, 9999.0, 23.0, 22.73, 22.45, 22.5, 22.5
2026-09-22, 00:28:08, 22.5, 22.7, 22.98, 23.0, 9999.0, 9999.0, 9999.0, 23.93, 9999.0, 22.59, 9999.0, 23.0, 22.75, 22.45, 22.5, 22.5
2026-09-22, 00:28:12, 22.5, 22.7, 22.98, 23.0, 9999.0, 9999.0, 9999.0, 23.95, 9999.0, 22.59, 9999.0, 22.98, 22.75, 22.45, 22.5, 22.5
2026-09-22, 00:28:16, 22.5, 22.73, 22.98, 23.0, 9999.0, 9999.0, 9999.0, 23.98, 9999.0, 22.59, 9999.0, 22.98, 22.75, 22.45, 22.5, 22.5
2026-09-22, 00:28:20, 22.5, 22.73, 22.98, 23.0, 9999.0, 9999.0, 9999.0, 24.0, 9999.0, 22.61, 9999.0, 22.95, 22.75, 22.48, 22.5, 22.5
2026-09-22, 00:28:24, 22.5, 22.73, 23.0, 23.0, 9999.0, 9999.0, 9999.0, 24.0, 9999.0, 22.64, 9999.0, 22.93, 22.75, 22.48, 22.5, 22.5
2026-09-22, 00:28:28, 22.5, 22.73, 22.98, 23.0, 9999.0, 9999.0, 9999.0, 24.02, 9999.0, 22.61, 9999.0, 22.91, 22.73, 22.48, 22.5, 22.5
2026-09-22, 00:28:32, 22.5, 22.73, 22.98, 23.0, 9999.0, 9999.0, 9999.0, 24.05, 9999.0, 22.59, 9999.0, 22.89, 22.73, 22.48, 22.5, 22.5
2026-09-22, 00:28:36, 22.5, 22.7, 22.98, 23.0, 9999.0, 9999.0, 9999.0, 24.07, 9999.0, 22.57, 9999.0, 22.86, 22.73, 22.48, 22.5, 22.5
2026-09-22, 00:28:40, 22.5, 22.68, 22.98, 23.0, 9999.0, 9999.0, 9999.0, 24.09, 9999.0, 22.55, 9999.0, 22.86, 22.73, 22.48, 22.5, 22.5
2026-09-22, 00:28:45, 22.5, 22.68, 22.98, 23.0, 9999.0, 9999.0, 9999.0, 24.14, 9999.0, 22.5, 9999.0, 22.86, 22.73, 22.5, 22.5, 22.5
2026-09-22, 00:28:49, 22.5, 22.66, 22.98, 23.0, 9999.0, 9999.0, 9999.0, 24.09, 9999.0, 22.48, 9999.0, 22.86, 22.73, 22.5, 22.5, 22.5
2026-09-22, 00:28:53, 22.5, 22.68, 22.98, 23.0, 9999.0, 9999.0, 9999.0, 24.07, 9999.0, 22.48, 9999.0, 22.86, 22.73, 22.5, 22.5, 22.5
2026-09-22, 00:28:57, 22.5, 22.66, 22.98, 23.0, 9999.0, 9999.0, 9999.0, 24.05, 9999.0, 22.48, 9999.0, 22.89, 22.73, 22.5, 22.5, 22.5
2026-09-22, 00:29:01, 22.5, 22.66, 22.98, 23.0, 9999.0, 9999.0, 9999.0, 24.0, 9999.0, 22.5, 9999.0, 22.89, 22.73, 22.5, 22.5, 22.5
2026-09-22, 00:29:05, 22.5, 22.66, 22.98, 23.0, 9999.0, 9999.0, 9999.0, 23.95, 9999.0, 22.5, 9999.0, 22.91, 22.73, 22.5, 22.5, 22.5
2026-09-22, 00:29:09, 22.5, 22.66, 22.98, 23.0, 9999.0, 9999.0, 9999.0, 23.93, 9999.0, 22.52, 9999.0, 22.93, 22.73, 22.5, 22.5, 22.5
2026-09-22, 00:29:13, 22.5, 22.66, 23.0, 23.0, 9999.0, 9999.0, 9999.0, 23.91, 9999.0, 22.55, 9999.0, 22.95, 22.75, 22.5, 22.5, 22.5
2026-09-22, 00:29:17, 22.5, 22.66, 23.0, 23.0, 9999.0, 9999.0, 9999.0, 23.86, 9999.0, 22.55, 9999.0, 22.95, 22.75, 22.5, 22.5, 22.5
2026-09-22, 00:29:21, 22.5, 22.66, 23.0, 23.0, 9999.0, 9999.0, 9999.0, 23.91, 9999.0, 22.55, 9999.0, 22.98, 22.75, 22.5, 22.5, 22.5
2026-09-22, 00:29:25, 22.5, 22.66, 23.0, 23.0, 9999.0, 9999.0, 9999.0, 23.93, 9999.0, 22.55, 9999.0, 22.98, 22.75, 22.5, 22.5, 22.5
2026-09-22, 00:29:29, 22.5, 22.66, 23.0, 23.0, 9999.0, 9999.0, 9999.0, 23.95, 9999.0, 22.57, 9999.0, 22.98, 22.75, 22.5, 22.5, 22.5
2026-09-22, 00:29:33, 22.5, 22.68, 23.0, 23.0, 9999.0, 9999.0, 9999.0, 23.98, 9999.0, 22.57, 9999.0, 22.95, 22.75, 22.5, 22.5, 22.5
2026-09-22, 00:29:37, 22.5, 22.68, 23.0, 23.0, 9999.0, 9999.0, 9999.0, 24.0, 9999.0, 22.57, 9999.0, 22.93, 22.75, 22.5, 22.5, 22.5
2026-09-22, 00:29:41, 22.5, 22.7, 23.0, 23.0, 9999.0, 9999.0, 9999.0, 24.0, 9999.0, 22.57, 9999.0, 22.91, 22.75, 22.5, 22.5, 22.5
2026-09-22, 00:29:45, 22.5, 22.7, 23.0, 23.0, 9999.0, 9999.0, 9999.0, 24.02, 9999.0, 22.55, 9999.0, 22.89, 22.73, 22.5, 22.5, 22.5
2026-09-22, 00:29:49, 22.5, 22.7, 23.0, 23.0, 9999.0, 9999.0, 9999.0, 24.05, 9999.0, 22.55, 9999.0, 22.86, 22.7, 22.5, 22.5, 22.5
2026-09-22, 00:29:53, 22.5, 22.7, 23.0, 23.0, 9999.0, 9999.0, 9999.0, 24.07, 9999.0, 22.52, 9999.0, 22.84, 22.7, 22.5, 22.5, 22.5
2026-09-22, 00:29:57, 22.5, 22.7, 23.0, 23.0, 9999.0, 9999.0, 9999.0, 24.09, 9999.0, 22.5, 9999.0, 22.84, 22.7, 22.5, 22.5, 22.5
2026-09-22, 00:30:01, 22.5, 22.7, 23.0, 23.0, 9999.0, 9999.0, 9999.0, 24.14, 9999.0, 22.48, 9999.0, 22.86, 22.68, 22.5, 22.5, 22.5
2026-09-22, 00:30:05, 22.5, 22.7, 23.0, 23.0, 9999.0, 9999.0, 9999.0, 24.09, 9999.0, 22.48, 9999.0, 22.86, 22.66, 22.5, 22.5, 22.5
2026-09-22, 00:30:09, 22.5, 22.73, 23.0, 23.0, 9999.0, 9999.0, 9999.0, 24.05, 9999.0, 22.45, 9999.0, 22.86, 22.66, 22.5, 22.5, 22.5
2026-09-22, 00:30:13, 22.5, 22.73, 23.0, 23.0, 9999.0, 9999.0, 9999.0, 24.02, 9999.0, 22.43, 9999.0, 22.86, 22.66, 22.5, 22.5, 22.5
2026-09-22, 00:30:17, 22.5, 22.7, 23.0, 23.0, 9999.0, 9999.0, 9999.0, 23.98, 9999.0, 22.43, 9999.0, 22.89, 22.66, 22.5, 22.5, 22.5
2026-09-22, 00:30:21, 22.5, 22.7, 23.0, 23.0, 9999.0, 9999.0, 9999.0, 23.93, 9999.0, 22.43, 9999.0, 22.91, 22.66, 22.5, 22.5, 22.5
2026-09-22, 00:30:25, 22.5, 22.68, 23.0, 23.0, 9999.0, 9999.0, 9999.0, 23.91, 9999.0, 22.45, 9999.0, 22.93, 22.66, 22.5, 22.5, 22.5
2026-09-22, 00:30:29, 22.5, 22.68, 23.0, 23.0, 9999.0, 9999.0, 9999.0, 23.89, 9999.0, 22.48, 9999.0, 22.95, 22.68, 22.5, 22.5, 22.5
2026-09-22, 00:30:33, 22.5, 22.66, 23.0, 23.0, 9999.0, 9999.0, 9999.0, 23.84, 9999.0, 22.48, 9999.0, 22.98, 22.7, 22.5, 22.5, 22.5
2026-09-22, 00:30:37, 22.5, 22.66, 23.0, 23.0, 9999.0, 9999.0, 9999.0, 23.89, 9999.0, 22.48, 9999.0, 23.0, 22.7, 22.5, 22.5, 22.5
2026-09-22, 00:30:41, 22.5, 22.66, 23.0, 23.0, 9999.0, 9999.0, 9999.0, 23.91, 9999.0, 22.48, 9999.0, 22.98, 22.7, 22.5, 22.5, 22.5
2026-09-22, 00:30:45, 22.5, 22.66, 23.0, 23.0, 9999.0, 9999.0, 9999.0, 23.93, 9999.0, 22.5, 9999.0, 22.95, 22.73, 22.5, 22.5, 22.5
2026-09-22, 00:30:49, 22.5, 22.68, 23.0, 23.0, 9999.0, 9999.0, 9999.0, 23.95, 9999.0, 22.5, 9999.0, 22.93, 22.75, 22.5, 22.5, 22.5
2026-09-22, 00:30:53, 22.5, 22.66, 23.0, 23.0, 9999.0, 9999.0, 9999.0, 24.0, 9999.0, 22.52, 9999.0, 22.91, 22.75, 22.5, 22.5, 22.5
2026-09-22, 00:30:57, 22.5, 22.66, 23.0, 23.0, 9999.0, 9999.0, 9999.0, 24.0, 9999.0, 22.55, 9999.0, 22.89, 22.75, 22.5, 22.5, 22.5
2026-09-22, 00:31:01, 22.5, 22.68, 23.0, 23.0, 9999.0, 9999.0, 9999.0, 24.02, 9999.0, 22.52, 9999.0, 22.86, 22.75, 22.5, 22.5, 22.5
2026-09-22, 00:31:05, 22.5, 22.68, 23.0, 23.0, 9999.0, 9999.0, 9999.0, 24.05, 9999.0, 22.5, 9999.0, 22.84, 22.73, 22.5, 22.5, 22.5
2026-09-22, 00:31:09, 22.5, 22.7, 23.0, 23.0, 9999.0, 9999.0, 9999.0, 24.07, 9999.0, 22.45, 9999.0, 22.84, 22.7, 22.5, 22.5, 22.5
2026-09-22, 00:31:13, 22.5, 22.7, 23.0, 23.0, 9999.0, 9999.0, 9999.0, 24.09, 9999.0, 22.41, 9999.0, 22.84, 22.7, 22.5, 22.5, 22.5
2026-09-22, 00:31:17, 22.5, 22.73, 23.0, 23.0, 9999.0, 9999.0, 9999.0, 24.14, 9999.0, 22.39, 9999.0, 22.84, 22.68, 22.5, 22.5, 22.5
2026-09-22, 00:31:21, 22.5, 22.73, 23.0, 23.0, 9999.0, 9999.0, 9999.0, 24.07, 9999.0, 22.36, 9999.0, 22.84, 22.68, 22.5, 22.5, 22.5
2026-09-22, 00:31:25, 22.5, 22.73, 23.0, 23.0, 9999.0, 9999.0, 9999.0, 24.02, 9999.0, 22.34, 9999.0, 22.86, 22.68, 22.5, 22.5, 22.5
2026-09-22, 00:31:29, 22.5, 22.73, 23.0, 23.0, 9999.0, 9999.0, 9999.0, 23.98, 9999.0, 22.34, 9999.0, 22.89, 22.68, 22.5, 22.5, 22.5
2026-09-22, 00:31:33, 22.5, 22.7, 23.0, 23.0, 9999.0, 9999.0, 9999.0, 23.93, 9999.0, 22.34, 9999.0, 22.91, 22.68, 22.48, 22.5, 22.5
2026-09-22, 00:31:37, 22.5, 22.73, 23.0, 23.0, 9999.0, 9999.0, 9999.0, 23.86, 9999.0, 22.34, 9999.0, 22.93, 22.68, 22.48, 22.5, 22.5
2026-09-22, 00:31:41, 22.5, 22.73, 23.0, 23.0, 9999.0, 9999.0, 9999.0, 23.84, 9999.0, 22.36, 9999.0, 22.95, 22.68, 22.48, 22.5, 22.5
2026-09-22, 00:31:45, 22.5, 22.73, 23.0, 23.0, 9999.0, 9999.0, 9999.0, 23.8, 9999.0, 22.39, 9999.0, 22.98, 22.68, 22.48, 22.5, 22.5
2026-09-22, 00:31:49, 22.5, 22.7, 23.0, 23.0, 9999.0, 9999.0, 9999.0, 23.84, 9999.0, 22.41, 9999.0, 23.0, 22.7, 22.48, 22.5, 22.5
2026-09-22, 00:31:53, 22.5, 22.7, 23.0, 23.0, 9999.0, 9999.0, 9999.0, 23.89, 9999.0, 22.43, 9999.0, 23.0, 22.73, 22.48, 22.5, 22.5
2026-09-22, 00:31:57, 22.5, 22.7, 23.0, 23.0, 9999.0, 9999.0, 9999.0, 23.91, 9999.0, 22.45, 9999.0, 23.0, 22.73, 22.48, 22.5, 22.5
2026-09-22, 00:32:01, 22.5, 22.68, 23.0, 23.0, 9999.0, 9999.0, 9999.0, 23.93, 9999.0, 22.48, 9999.0, 23.0, 22.75, 22.48, 22.5, 22.5
2026-09-22, 00:32:05, 22.5, 22.66, 23.0, 23.0, 9999.0, 9999.0, 9999.0, 23.98, 9999.0, 22.5, 9999.0, 22.98, 22.75, 22.48, 22.5, 22.5
2026-09-22, 00:32:09, 22.5, 22.66, 23.0, 23.0, 9999.0, 9999.0, 9999.0, 24.0, 9999.0, 22.5, 9999.0, 22.95, 22.75, 22.48, 22.5, 22.5
2026-09-22, 00:32:13, 22.5, 22.66, 23.0, 23.0, 9999.0, 9999.0, 9999.0, 24.02, 9999.0, 22.5, 9999.0, 22.93, 22.75, 22.48, 22.5, 22.5
2026-09-22, 00:32:17, 22.5, 22.66, 23.0, 23.0, 9999.0, 9999.0, 9999.0, 24.05, 9999.0, 22.48, 9999.0, 22.91, 22.73, 22.5, 22.5, 22.5
2026-09-22, 00:32:21, 22.5, 22.66, 23.0, 23.0, 9999.0, 9999.0, 9999.0, 24.09, 9999.0, 22.45, 9999.0, 22.89, 22.73, 22.5, 22.5, 22.5
2026-09-22, 00:32:26, 22.5, 22.66, 23.0, 23.0, 9999.0, 9999.0, 9999.0, 24.11, 9999.0, 22.41, 9999.0, 22.89, 22.7, 22.5, 22.5, 22.5
2026-09-22, 00:32:30, 22.5, 22.66, 23.0, 23.0, 9999.0, 9999.0, 9999.0, 24.16, 9999.0, 22.39, 9999.0, 22.89, 22.68, 22.5, 22.5, 22.5
2026-09-22, 00:32:34, 22.5, 22.68, 23.0, 23.0, 9999.0, 9999.0, 9999.0, 24.09, 9999.0, 22.36, 9999.0, 22.89, 22.66, 22.5, 22.5, 22.5
2026-09-22, 00:32:38, 22.5, 22.68, 23.0, 23.0, 9999.0, 9999.0, 9999.0, 24.02, 9999.0, 22.34, 9999.0, 22.91, 22.66, 22.5, 22.5, 22.5
2026-09-22, 00:32:42, 22.5, 22.66, 23.0, 23.0, 9999.0, 9999.0, 9999.0, 23.98, 9999.0, 22.32, 9999.0, 22.91, 22.66, 22.5, 22.5, 22.5
2026-09-22, 00:32:46, 22.5, 22.66, 23.0, 23.0, 9999.0, 9999.0, 9999.0, 23.91, 9999.0, 22.32, 9999.0, 22.91, 22.66, 22.5, 22.5, 22.5
2026-09-22, 00:32:50, 22.5, 22.66, 23.0, 23.0, 9999.0, 9999.0, 9999.0, 23.84, 9999.0, 22.3, 9999.0, 22.93, 22.66, 22.5, 22.5, 22.5
2026-09-22, 00:32:54, 22.5, 22.66, 23.0, 23.0, 9999.0, 9999.0, 9999.0, 23.8, 9999.0, 22.32, 9999.0, 22.95, 22.66, 22.5, 22.5, 22.5
2026-09-22, 00:32:58, 22.5, 22.66, 23.0, 23.0, 9999.0, 9999.0, 9999.0, 23.75, 9999.0, 22.32, 9999.0, 22.98, 22.66, 22.5, 22.5, 22.5
2026-09-22, 00:33:02, 22.5, 22.68, 23.0, 23.0, 9999.0, 9999.0, 9999.0, 23.7, 9999.0, 22.34, 9999.0, 23.0, 22.68, 22.5, 22.5, 22.5
2026-09-22, 00:33:06, 22.5, 22.66, 23.0, 23.0, 9999.0, 9999.0, 9999.0, 23.73, 9999.0, 22.36, 9999.0, 23.02, 22.68, 22.5, 22.5, 22.5
2026-09-22, 00:33:10, 22.5, 22.66, 23.0, 23.0, 9999.0, 9999.0, 9999.0, 23.75, 9999.0, 22.39, 9999.0, 23.0, 22.7, 22.5, 22.5, 22.5
2026-09-22, 00:33:14, 22.5, 22.64, 23.0, 23.0, 9999.0, 9999.0, 9999.0, 23.77, 9999.0, 22.39, 9999.0, 23.0, 22.73, 22.5, 22.5, 22.5
2026-09-22, 00:33:18, 22.5, 22.64, 23.0, 23.0, 9999.0, 9999.0, 9999.0, 23.8, 9999.0, 22.39, 9999.0, 22.98, 22.75, 22.5, 22.5, 22.5
2026-09-22, 00:33:22, 22.5, 22.61, 23.0, 23.0, 9999.0, 9999.0, 9999.0, 23.82, 9999.0, 22.39, 9999.0, 22.93, 22.75, 22.5, 22.5, 22.5
2026-09-22, 00:33:26, 22.5, 22.61, 23.0, 23.0, 9999.0, 9999.0, 9999.0, 23.84, 9999.0, 22.41, 9999.0, 22.91, 22.75, 22.5, 22.5, 22.5
2026-09-22, 00:33:30, 22.5, 22.61, 23.0, 23.0, 9999.0, 9999.0, 9999.0, 23.89, 9999.0, 22.39, 9999.0, 22.89, 22.75, 22.5, 22.5, 22.5
2026-09-22, 00:33:34, 22.5, 22.64, 23.0, 23.0, 9999.0, 9999.0, 9999.0, 23.93, 9999.0, 22.41, 9999.0, 22.86, 22.75, 22.5, 22.5, 22.5
2026-09-22, 00:33:38, 22.5, 22.64, 23.0, 23.0, 9999.0, 9999.0, 9999.0, 23.98, 9999.0, 22.39, 9999.0, 22.84, 22.73, 22.5, 22.5, 22.5
2026-09-22, 00:33:42, 22.5, 22.61, 23.0, 23.0, 9999.0, 9999.0, 9999.0, 24.02, 9999.0, 22.36, 9999.0, 22.84, 22.73, 22.5, 22.5, 22.5
2026-09-22, 00:33:46, 22.5, 22.61, 23.0, 23.0, 9999.0, 9999.0, 9999.0, 24.07, 9999.0, 22.36, 9999.0, 22.84, 22.7, 22.5, 22.5, 22.5
2026-09-22, 00:33:50, 22.5, 22.61, 23.0, 23.0, 9999.0, 9999.0, 9999.0, 24.02, 9999.0, 22.36, 9999.0, 22.84, 22.7, 22.5, 22.5, 22.5
2026-09-22, 00:33:54, 22.5, 22.61, 23.0, 23.0, 9999.0, 9999.0, 9999.0, 23.98, 9999.0, 22.34, 9999.0, 22.86, 22.7, 22.5, 22.5, 22.5
2026-09-22, 00:33:58, 22.5, 22.61, 23.0, 23.0, 9999.0, 9999.0, 9999.0, 23.93, 9999.0, 22.34, 9999.0, 22.86, 22.7, 22.5, 22.5, 22.5
2026-09-22, 00:34:02, 22.5, 22.59, 23.0, 23.0, 9999.0, 9999.0, 9999.0, 23.91, 9999.0, 22.36, 9999.0, 22.89, 22.7, 22.5, 22.5, 22.5
2026-09-22, 00:34:06, 22.5, 22.59, 23.0, 23.0, 9999.0, 9999.0, 9999.0, 23.89, 9999.0, 22.39, 9999.0, 22.91, 22.7, 22.5, 22.5, 22.5
2026-09-22, 00:34:10, 22.5, 22.61, 23.0, 23.0, 9999.0, 9999.0, 9999.0, 23.84, 9999.0, 22.39, 9999.0, 22.93, 22.7, 22.5, 22.5, 22.5
2026-09-22, 00:34:14, 22.5, 22.64, 23.0, 23.0, 9999.0, 9999.0, 9999.0, 23.8, 9999.0, 22.43, 9999.0, 22.95, 22.7, 22.5, 22.5, 22.5
2026-09-22, 00:34:18, 22.5, 22.61, 23.0, 23.0, 9999.0, 9999.0, 9999.0, 23.75, 9999.0, 22.43, 9999.0, 22.98, 22.7, 22.5, 22.5, 22.5
2026-09-22, 00:34:22, 22.5, 22.61, 23.0, 23.0, 9999.0, 9999.0, 9999.0, 23.77, 9999.0, 22.45, 9999.0, 23.0, 22.73, 22.5, 22.5, 22.5
2026-09-22, 00:34:26, 22.5, 22.61, 23.0, 23.0, 9999.0, 9999.0, 9999.0, 23.8, 9999.0, 22.48, 9999.0, 22.98, 22.73, 22.5, 22.5, 22.5
2026-09-22, 00:34:30, 22.5, 22.59, 23.0, 23.0, 9999.0, 9999.0, 9999.0, 23.82, 9999.0, 22.48, 9999.0, 22.98, 22.75, 22.5, 22.5, 22.5
2026-09-22, 00:34:34, 22.5, 22.61, 23.0, 23.0, 9999.0, 9999.0, 9999.0, 23.84, 9999.0, 22.45, 9999.0, 22.98, 22.75, 22.48, 22.5, 22.5
2026-09-22, 00:34:38, 22.5, 22.61, 23.0, 23.0, 9999.0, 9999.0, 9999.0, 23.86, 9999.0, 22.45, 9999.0, 22.98, 22.75, 22.48, 22.5, 22.5
2026-09-22, 00:34:42, 22.5, 22.61, 23.0, 23.0, 9999.0, 9999.0, 9999.0, 23.89, 9999.0, 22.45, 9999.0, 22.98, 22.75, 22.48, 22.5, 22.5
2026-09-22, 00:34:46, 22.5, 22.64, 23.0, 23.0, 9999.0, 9999.0, 9999.0, 23.91, 9999.0, 22.43, 9999.0, 22.95, 22.73, 22.48, 22.5, 22.5
2026-09-22, 00:34:50, 22.5, 22.66, 23.0, 23.0, 9999.0, 9999.0, 9999.0, 23.91, 9999.0, 22.41, 9999.0, 22.93, 22.73, 22.48, 22.5, 22.5
2026-09-22, 00:34:54, 22.5, 22.66, 23.0, 23.0, 9999.0, 9999.0, 9999.0, 23.95, 9999.0, 22.39, 9999.0, 22.91, 22.73, 22.48, 22.5, 22.5
2026-09-22, 00:34:58, 22.5, 22.64, 23.0, 23.0, 9999.0, 9999.0, 9999.0, 23.98, 9999.0, 22.34, 9999.0, 22.91, 22.73, 22.48, 22.5, 22.5
2026-09-22, 00:35:02, 22.5, 22.66, 23.0, 23.0, 9999.0, 9999.0, 9999.0, 24.0, 9999.0, 22.32, 9999.0, 22.91, 22.73, 22.48, 22.5, 22.5
2026-09-22, 00:35:06, 22.5, 22.64, 23.0, 23.0, 9999.0, 9999.0, 9999.0, 23.95, 9999.0, 22.3, 9999.0, 22.91, 22.73, 22.48, 22.5, 22.5
2026-09-22, 00:35:10, 22.5, 22.66, 23.0, 23.0, 9999.0, 9999.0, 9999.0, 23.91, 9999.0, 22.27, 9999.0, 22.95, 22.73, 22.48, 22.5, 22.5
2026-09-22, 00:35:14, 22.5, 22.68, 23.0, 23.0, 9999.0, 9999.0, 9999.0, 23.86, 9999.0, 22.23, 9999.0, 22.95, 22.73, 22.48, 22.5, 22.5
2026-09-22, 00:35:18, 22.5, 22.66, 23.0, 23.0, 9999.0, 9999.0, 9999.0, 23.82, 9999.0, 22.25, 9999.0, 22.95, 22.73, 22.5, 22.5, 22.5
2026-09-22, 00:35:22, 22.5, 22.66, 23.0, 23.0, 9999.0, 9999.0, 9999.0, 23.77, 9999.0, 22.25, 9999.0, 22.95, 22.73, 22.5, 22.5, 22.5
2026-09-22, 00:35:26, 22.5, 22.68, 23.0, 23.0, 9999.0, 9999.0, 9999.0, 23.73, 9999.0, 22.27, 9999.0, 22.95, 22.73, 22.5, 22.5, 22.5
2026-09-22, 00:35:30, 22.5, 22.68, 23.0, 23.0, 9999.0, 9999.0, 9999.0, 23.68, 9999.0, 22.3, 9999.0, 22.98, 22.75, 22.5, 22.5, 22.5
2026-09-22, 00:35:34, 22.5, 22.66, 23.0, 23.0, 9999.0, 9999.0, 9999.0, 23.64, 9999.0, 22.32, 9999.0, 23.0, 22.75, 22.5, 22.5, 22.5
2026-09-22, 00:35:38, 22.5, 22.66, 23.0, 23.0, 9999.0, 9999.0, 9999.0, 23.66, 9999.0, 22.34, 9999.0, 23.02, 22.75, 22.5, 22.5, 22.5
2026-09-22, 00:35:42, 22.5, 22.66, 23.0, 23.0, 9999.0, 9999.0, 9999.0, 23.68, 9999.0, 22.36, 9999.0, 23.02, 22.75, 22.5, 22.5, 22.5
2026-09-22, 00:35:46, 22.5, 22.66, 23.0, 23.0, 9999.0, 9999.0, 9999.0, 23.7, 9999.0, 22.39, 9999.0, 23.02, 22.75, 22.5, 22.5, 22.5
2026-09-22, 00:35:50, 22.5, 22.68, 23.0, 23.0, 9999.0, 9999.0, 9999.0, 23.73, 9999.0, 22.39, 9999.0, 23.0, 22.75, 22.5, 22.5, 22.5
2026-09-22, 00:35:54, 22.5, 22.68, 23.0, 23.0, 9999.0, 9999.0, 9999.0, 23.75, 9999.0, 22.41, 9999.0, 22.98, 22.75, 22.5, 22.5, 22.5
2026-09-22, 00:35:58, 22.5, 22.68, 23.0, 23.0, 9999.0, 9999.0, 9999.0, 23.77, 9999.0, 22.43, 9999.0, 22.95, 22.75, 22.5, 22.5, 22.5
2026-09-22, 00:36:02, 22.5, 22.7, 23.0, 23.0, 9999.0, 9999.0, 9999.0, 23.8, 9999.0, 22.41, 9999.0, 22.93, 22.75, 22.48, 22.5, 22.5
2026-09-22, 00:36:06, 22.5, 22.7, 23.0, 23.0, 9999.0, 9999.0, 9999.0, 23.82, 9999.0, 22.41, 9999.0, 22.91, 22.75, 22.48, 22.5, 22.5
2026-09-22, 00:36:10, 22.5, 22.7, 23.0, 23.0, 9999.0, 9999.0, 9999.0, 23.84, 9999.0, 22.39, 9999.0, 22.89, 22.75, 22.48, 22.5, 22.5
2026-09-22, 00:36:15, 22.5, 22.7, 23.0, 23.0, 9999.0, 9999.0, 9999.0, 23.86, 9999.0, 22.36, 9999.0, 22.89, 22.75, 22.45, 22.5, 22.5
2026-09-22, 00:36:19, 22.5, 22.73, 23.0, 23.0, 9999.0, 9999.0, 9999.0, 23.91, 9999.0, 22.34, 9999.0, 22.89, 22.75, 22.45, 22.5, 22.5
2026-09-22, 00:36:23, 22.5, 22.73, 23.0, 23.0, 9999.0, 9999.0, 9999.0, 23.86, 9999.0, 22.32, 9999.0, 22.89, 22.75, 22.45, 22.5, 22.5
2026-09-22, 00:36:27, 22.5, 22.75, 23.0, 23.0, 9999.0, 9999.0, 9999.0, 23.82, 9999.0, 22.3, 9999.0, 22.89, 22.75, 22.45, 22.52, 22.5
2026-09-22, 00:36:31, 22.5, 22.75, 23.0, 23.0, 9999.0, 9999.0, 9999.0, 23.8, 9999.0, 22.27, 9999.0, 22.89, 22.75, 22.45, 22.52, 22.5
2026-09-22, 00:36:35, 22.5, 22.73, 23.0, 23.02, 9999.0, 9999.0, 9999.0, 23.75, 9999.0, 22.3, 9999.0, 22.91, 22.75, 22.45, 22.52, 22.5
2026-09-22, 00:36:39, 22.5, 22.73, 23.0, 23.02, 9999.0, 9999.0, 9999.0, 23.7, 9999.0, 22.3, 9999.0, 22.91, 22.75, 22.45, 22.52, 22.5
2026-09-22, 00:36:43, 22.5, 22.73, 23.0, 23.02, 9999.0, 9999.0, 9999.0, 23.66, 9999.0, 22.32, 9999.0, 22.93, 22.75, 22.45, 22.52, 22.5
2026-09-22, 00:36:47, 22.5, 22.73, 23.0, 23.02, 9999.0, 9999.0, 9999.0, 23.64, 9999.0, 22.34, 9999.0, 22.95, 22.75, 22.48, 22.52, 22.5
2026-09-22, 00:36:51, 22.5, 22.73, 23.0, 23.02, 9999.0, 9999.0, 9999.0, 23.61, 9999.0, 22.36, 9999.0, 22.98, 22.75, 22.48, 22.52, 22.5
2026-09-22, 00:36:55, 22.5, 22.73, 23.0, 23.02, 9999.0, 9999.0, 9999.0, 23.66, 9999.0, 22.39, 9999.0, 23.0, 22.75, 22.48, 22.52, 22.5
2026-09-22, 00:36:59, 22.5, 22.73, 23.0, 23.02, 9999.0, 9999.0, 9999.0, 23.7, 9999.0, 22.41, 9999.0, 23.0, 22.75, 22.5, 22.52, 22.5
2026-09-22, 00:37:03, 22.5, 22.73, 23.0, 23.02, 9999.0, 9999.0, 9999.0, 23.73, 9999.0, 22.43, 9999.0, 23.0, 22.75, 22.5, 22.52, 22.5
2026-09-22, 00:37:07, 22.5, 22.73, 23.0, 23.02, 9999.0, 9999.0, 9999.0, 23.75, 9999.0, 22.45, 9999.0, 23.0, 22.75, 22.5, 22.52, 22.5
2026-09-22, 00:37:11, 22.5, 22.7, 23.0, 23.02, 9999.0, 9999.0, 9999.0, 23.8, 9999.0, 22.45, 9999.0, 23.0, 22.75, 22.5, 22.5, 22.5
2026-09-22, 00:37:15, 22.5, 22.7, 23.0, 23.02, 9999.0, 9999.0, 9999.0, 23.82, 9999.0, 22.45, 9999.0, 23.0, 22.75, 22.5, 22.5, 22.5
2026-09-22, 00:37:19, 22.5, 22.73, 23.0, 23.0, 9999.0, 9999.0, 9999.0, 23.84, 9999.0, 22.43, 9999.0, 23.0, 22.75, 22.5, 22.5, 22.5
2026-09-22, 00:37:23, 22.5, 22.73, 23.0, 23.0, 9999.0, 9999.0, 9999.0, 23.86, 9999.0, 22.41, 9999.0, 22.98, 22.75, 22.5, 22.5, 22.5
2026-09-22, 00:37:27, 22.5, 22.7, 23.0, 23.0, 9999.0, 9999.0, 9999.0, 23.89, 9999.0, 22.41, 9999.0, 22.98, 22.75, 22.5, 22.5, 22.5
2026-09-22, 00:37:31, 22.5, 22.68, 23.0, 23.0, 9999.0, 9999.0, 9999.0, 23.91, 9999.0, 22.39, 9999.0, 22.98, 22.75, 22.5, 22.5, 22.5
2026-09-22, 00:37:35, 22.5, 22.66, 23.0, 23.0, 9999.0, 9999.0, 9999.0, 23.93, 9999.0, 22.36, 9999.0, 22.98, 22.75, 22.5, 22.5, 22.5
2026-09-22, 00:37:39, 22.5, 22.64, 23.0, 23.0, 9999.0, 9999.0, 9999.0, 23.89, 9999.0, 22.34, 9999.0, 23.0, 22.75, 22.5, 22.5, 22.5
2026-09-22, 00:37:43, 22.5, 22.61, 23.0, 23.02, 9999.0, 9999.0, 9999.0, 23.84, 9999.0, 22.32, 9999.0, 23.0, 22.75, 22.5, 22.5, 22.5
2026-09-22, 00:37:47, 22.5, 22.61, 23.0, 23.02, 9999.0, 9999.0, 9999.0, 23.82, 9999.0, 22.32, 9999.0, 23.0, 22.75, 22.5, 22.5, 22.5
2026-09-22, 00:37:51, 22.5, 22.61, 23.0, 23.02, 9999.0, 9999.0, 9999.0, 23.8, 9999.0, 22.32, 9999.0, 23.0, 22.75, 22.5, 22.5, 22.5
2026-09-22, 00:37:55, 22.5, 22.61, 23.0, 23.02, 9999.0, 9999.0, 9999.0, 23.75, 9999.0, 22.34, 9999.0, 23.0, 22.75, 22.5, 22.5, 22.5
2026-09-22, 00:37:59, 22.5, 22.59, 23.0, 23.02, 9999.0, 9999.0, 9999.0, 23.7, 9999.0, 22.36, 9999.0, 23.0, 22.75, 22.5, 22.5, 22.5
2026-09-22, 00:38:03, 22.5, 22.59, 23.0, 23.02, 9999.0, 9999.0, 9999.0, 23.68, 9999.0, 22.41, 9999.0, 23.0, 22.75, 22.5, 22.5, 22.5
2026-09-22, 00:38:07, 22.5, 22.57, 23.0, 23.02, 9999.0, 9999.0, 9999.0, 23.73, 9999.0, 22.43, 9999.0, 23.02, 22.75, 22.5, 22.5, 22.5
2026-09-22, 00:38:11, 22.5, 22.59, 23.0, 23.02, 9999.0, 9999.0, 9999.0, 23.77, 9999.0, 22.43, 9999.0, 23.02, 22.75, 22.5, 22.5, 22.5
2026-09-22, 00:38:15, 22.5, 22.61, 23.0, 23.02, 9999.0, 9999.0, 9999.0, 23.82, 9999.0, 22.45, 9999.0, 23.0, 22.75, 22.5, 22.5, 22.5
2026-09-22, 00:38:19, 22.5, 22.64, 23.0, 23.02, 9999.0, 9999.0, 9999.0, 23.86, 9999.0, 22.48, 9999.0, 22.98, 22.75, 22.5, 22.5, 22.5
2026-09-22, 00:38:23, 22.5, 22.64, 23.0, 23.02, 9999.0, 9999.0, 9999.0, 23.89, 9999.0, 22.48, 9999.0, 22.95, 22.75, 22.48, 22.5, 22.5
2026-09-22, 00:38:27, 22.5, 22.64, 23.0, 23.0, 9999.0, 9999.0, 9999.0, 23.91, 9999.0, 22.48, 9999.0, 22.95, 22.75, 22.48, 22.5, 22.5
2026-09-22, 00:38:31, 22.5, 22.64, 23.0, 23.0, 9999.0, 9999.0, 9999.0, 23.93, 9999.0, 22.45, 9999.0, 22.93, 22.75, 22.48, 22.5, 22.5
2026-09-22, 00:38:35, 22.5, 22.64, 23.0, 23.0, 9999.0, 9999.0, 9999.0, 23.93, 9999.0, 22.43, 9999.0, 22.91, 22.75, 22.48, 22.5, 22.5
2026-09-22, 00:38:39, 22.5, 22.64, 23.0, 23.0, 9999.0, 9999.0, 9999.0, 23.98, 9999.0, 22.41, 9999.0, 22.89, 22.75, 22.48, 22.5, 22.5
2026-09-22, 00:38:43, 22.5, 22.64, 23.0, 23.0, 9999.0, 9999.0, 9999.0, 24.02, 9999.0, 22.39, 9999.0, 22.89, 22.75, 22.48, 22.5, 22.5
2026-09-22, 00:38:47, 22.5, 22.61, 23.0, 23.0, 9999.0, 9999.0, 9999.0, 24.07, 9999.0, 22.34, 9999.0, 22.89, 22.75, 22.48, 22.5, 22.5
2026-09-22, 00:38:51, 22.5, 22.64, 23.0, 23.0, 9999.0, 9999.0, 9999.0, 24.05, 9999.0, 22.32, 9999.0, 22.89, 22.75, 22.48, 22.5, 22.5
2026-09-22, 00:38:55, 22.5, 22.61, 23.0, 23.0, 9999.0, 9999.0, 9999.0, 24.0, 9999.0, 22.3, 9999.0, 22.91, 22.75, 22.48, 22.5, 22.52
2026-09-22, 00:38:59, 22.5, 22.61, 23.0, 23.0, 9999.0, 9999.0, 9999.0, 23.95, 9999.0, 22.27, 9999.0, 22.95, 22.75, 22.48, 22.5, 22.52
2026-09-22, 00:39:03, 22.5, 22.61, 23.0, 23.0, 9999.0, 9999.0, 9999.0, 23.91, 9999.0, 22.27, 9999.0, 22.98, 22.75, 22.48, 22.5, 22.52
2026-09-22, 00:39:07, 22.5, 22.61, 23.0, 23.0, 9999.0, 9999.0, 9999.0, 23.89, 9999.0, 22.3, 9999.0, 22.98, 22.75, 22.5, 22.5, 22.52
2026-09-22, 00:39:11, 22.5, 22.61, 23.0, 23.0, 9999.0, 9999.0, 9999.0, 23.84, 9999.0, 22.32, 9999.0, 22.98, 22.75, 22.5, 22.5, 22.52
2026-09-22, 00:39:15, 22.5, 22.61, 23.0, 23.0, 9999.0, 9999.0, 9999.0, 23.8, 9999.0, 22.36, 9999.0, 23.0, 22.75, 22.5, 22.5, 22.52
2026-09-22, 00:39:19, 22.5, 22.61, 23.0, 23.0, 9999.0, 9999.0, 9999.0, 23.77, 9999.0, 22.39, 9999.0, 23.02, 22.75, 22.5, 22.5, 22.52
2026-09-22, 00:39:23, 22.5, 22.64, 23.0, 23.0, 9999.0, 9999.0, 9999.0, 23.8, 9999.0, 22.41, 9999.0, 23.05, 22.75, 22.5, 22.5, 22.52
2026-09-22, 00:39:27, 22.5, 22.66, 23.0, 23.0, 9999.0, 9999.0, 9999.0, 23.84, 9999.0, 22.43, 9999.0, 23.02, 22.75, 22.5, 22.5, 22.52
2026-09-22, 00:39:31, 22.5, 22.68, 23.0, 23.0, 9999.0, 9999.0, 9999.0, 23.86, 9999.0, 22.45, 9999.0, 23.02, 22.75, 22.5, 22.5, 22.52
2026-09-22, 00:39:35, 22.5, 22.68, 23.0, 23.0, 9999.0, 9999.0, 9999.0, 23.89, 9999.0, 22.48, 9999.0, 23.02, 22.75, 22.5, 22.5, 22.52
2026-09-22, 00:39:39, 22.5, 22.7, 23.0, 23.0, 9999.0, 9999.0, 9999.0, 23.93, 9999.0, 22.5, 9999.0, 23.0, 22.75, 22.5, 22.5, 22.5
2026-09-22, 00:39:43, 22.5, 22.68, 23.0, 23.0, 9999.0, 9999.0, 9999.0, 23.98, 9999.0, 22.52, 9999.0, 22.95, 22.75, 22.48, 22.5, 22.5
2026-09-22, 00:39:47, 22.5, 22.68, 23.0, 23.0, 9999.0, 9999.0, 9999.0, 24.0, 9999.0, 22.5, 9999.0, 22.93, 22.75, 22.48, 22.5, 22.5
2026-09-22, 00:39:51, 22.5, 22.68, 23.0, 23.0, 9999.0, 9999.0, 9999.0, 24.02, 9999.0, 22.48, 9999.0, 22.91, 22.75, 22.48, 22.5, 22.5
2026-09-22, 00:39:56, 22.5, 22.7, 23.0, 23.0, 9999.0, 9999.0, 9999.0, 24.07, 9999.0, 22.48, 9999.0, 22.89, 22.75, 22.48, 22.5, 22.5
2026-09-22, 00:40:00, 22.5, 22.7, 23.0, 23.0, 9999.0, 9999.0, 9999.0, 24.11, 9999.0, 22.45, 9999.0, 22.89, 22.75, 22.48, 22.5, 22.5
2026-09-22, 00:40:04, 22.5, 22.7, 23.0, 23.0, 9999.0, 9999.0, 9999.0, 24.16, 9999.0, 22.45, 9999.0, 22.89, 22.75, 22.45, 22.5, 22.5
2026-09-22, 00:40:08, 22.5, 22.68, 23.0, 23.0, 9999.0, 9999.0, 9999.0, 24.11, 9999.0, 22.45, 9999.0, 22.89, 22.75, 22.45, 22.5, 22.5
2026-09-22, 00:40:12, 22.5, 22.66, 23.0, 23.0, 9999.0, 9999.0, 9999.0, 24.05, 9999.0, 22.45, 9999.0, 22.91, 22.75, 22.45, 22.5, 22.5
2026-09-22, 00:40:16, 22.5, 22.64, 23.0, 23.0, 9999.0, 9999.0, 9999.0, 24.0, 9999.0, 22.43, 9999.0, 22.91, 22.75, 22.45, 22.5, 22.5
2026-09-22, 00:40:20, 22.5, 22.64, 23.0, 23.0, 9999.0, 9999.0, 9999.0, 23.95, 9999.0, 22.43, 9999.0, 22.91, 22.75, 22.45, 22.5, 22.5
2026-09-22, 00:40:24, 22.5, 22.61, 23.0, 23.0, 9999.0, 9999.0, 9999.0, 23.89, 9999.0, 22.43, 9999.0, 22.91, 22.75, 22.45, 22.5, 22.5
2026-09-22, 00:40:28, 22.5, 22.64, 23.0, 23.0, 9999.0, 9999.0, 9999.0, 23.82, 9999.0, 22.43, 9999.0, 22.93, 22.75, 22.48, 22.5, 22.5
2026-09-22, 00:40:32, 22.5, 22.61, 23.0, 23.0, 9999.0, 9999.0, 9999.0, 23.77, 9999.0, 22.48, 9999.0, 22.95, 22.75, 22.48, 22.5, 22.5
2026-09-22, 00:40:36, 22.5, 22.61, 23.0, 23.0, 9999.0, 9999.0, 9999.0, 23.73, 9999.0, 22.52, 9999.0, 22.95, 22.75, 22.48, 22.5, 22.5
2026-09-22, 00:40:40, 22.5, 22.59, 23.0, 23.0, 9999.0, 9999.0, 9999.0, 23.77, 9999.0, 22.52, 9999.0, 22.95, 22.75, 22.48, 22.5, 22.5
2026-09-22, 00:40:44, 22.5, 22.57, 23.0, 23.0, 9999.0, 9999.0, 9999.0, 23.8, 9999.0, 22.55, 9999.0, 22.93, 22.75, 22.45, 22.5, 22.5
2026-09-22, 00:40:48, 22.5, 22.57, 23.0, 23.0, 9999.0, 9999.0, 9999.0, 23.82, 9999.0, 22.57, 9999.0, 22.91, 22.75, 22.48, 22.5, 22.5
2026-09-22, 00:40:52, 22.5, 22.59, 23.0, 23.0, 9999.0, 9999.0, 9999.0, 23.84, 9999.0, 22.59, 9999.0, 22.89, 22.75, 22.48, 22.5, 22.5
2026-09-22, 00:40:56, 22.5, 22.61, 23.0, 23.0, 9999.0, 9999.0, 9999.0, 23.89, 9999.0, 22.61, 9999.0, 22.89, 22.75, 22.48, 22.5, 22.5
2026-09-22, 00:41:00, 22.5, 22.64, 23.0, 23.0, 9999.0, 9999.0, 9999.0, 23.91, 9999.0, 22.64, 9999.0, 22.86, 22.75, 22.48, 22.5, 22.5
2026-09-22, 00:41:04, 22.5, 22.64, 23.0, 23.0, 9999.0, 9999.0, 9999.0, 23.93, 9999.0, 22.64, 9999.0, 22.84, 22.75, 22.48, 22.5, 22.5
2026-09-22, 00:41:08, 22.5, 22.66, 23.0, 23.0, 9999.0, 9999.0, 9999.0, 23.98, 9999.0, 22.64, 9999.0, 22.82, 22.73, 22.48, 22.5, 22.5
2026-09-22, 00:41:12, 22.5, 22.66, 23.0, 23.0, 9999.0, 9999.0, 9999.0, 24.02, 9999.0, 22.64, 9999.0, 22.8, 22.73, 22.48, 22.5, 22.5
2026-09-22, 00:41:16, 22.5, 22.68, 23.0, 23.0, 9999.0, 9999.0, 9999.0, 24.09, 9999.0, 22.61, 9999.0, 22.8, 22.73, 22.48, 22.5, 22.5
2026-09-22, 00:41:20, 22.5, 22.7, 23.0, 23.0, 9999.0, 9999.0, 9999.0, 24.14, 9999.0, 22.57, 9999.0, 22.82, 22.73, 22.48, 22.5, 22.5
2026-09-22, 00:41:24, 22.5, 22.73, 23.0, 23.0, 9999.0, 9999.0, 9999.0, 24.09, 9999.0, 22.57, 9999.0, 22.84, 22.73, 22.48, 22.5, 22.5
2026-09-22, 00:41:28, 22.5, 22.75, 23.0, 23.0, 9999.0, 9999.0, 9999.0, 24.07, 9999.0, 22.52, 9999.0, 22.86, 22.73, 22.5, 22.5, 22.5
2026-09-22, 00:41:32, 22.5, 22.73, 23.0, 23.0, 9999.0, 9999.0, 9999.0, 24.02, 9999.0, 22.48, 9999.0, 22.91, 22.73, 22.5, 22.5, 22.5
2026-09-22, 00:41:36, 22.5, 22.73, 23.0, 23.0, 9999.0, 9999.0, 9999.0, 24.0, 9999.0, 22.48, 9999.0, 22.93, 22.73, 22.5, 22.5, 22.5
2026-09-22, 00:41:40, 22.5, 22.7, 23.0, 23.0, 9999.0, 9999.0, 9999.0, 23.95, 9999.0, 22.48, 9999.0, 22.93, 22.73, 22.5, 22.5, 22.5
2026-09-22, 00:41:44, 22.5, 22.7, 23.0, 23.0, 9999.0, 9999.0, 9999.0, 23.93, 9999.0, 22.5, 9999.0, 22.95, 22.73, 22.5, 22.5, 22.5
2026-09-22, 00:41:48, 22.5, 22.68, 23.0, 23.0, 9999.0, 9999.0, 9999.0, 23.89, 9999.0, 22.52, 9999.0, 22.98, 22.73, 22.5, 22.5, 22.5
2026-09-22, 00:41:52, 22.5, 22.66, 23.0, 23.0, 9999.0, 9999.0, 9999.0, 23.84, 9999.0, 22.55, 9999.0, 23.0, 22.75, 22.5, 22.5, 22.5
2026-09-22, 00:41:56, 22.5, 22.66, 23.0, 23.0, 9999.0, 9999.0, 9999.0, 23.89, 9999.0, 22.57, 9999.0, 23.0, 22.75, 22.5, 22.5, 22.5
2026-09-22, 00:42:00, 22.5, 22.66, 23.0, 23.0, 9999.0, 9999.0, 9999.0, 23.91, 9999.0, 22.59, 9999.0, 23.0, 22.75, 22.5, 22.5, 22.5
2026-09-22, 00:42:04, 22.5, 22.66, 23.0, 23.0, 9999.0, 9999.0, 9999.0, 23.93, 9999.0, 22.64, 9999.0, 23.0, 22.75, 22.5, 22.5, 22.5
2026-09-22, 00:42:08, 22.5, 22.66, 23.0, 23.0, 9999.0, 9999.0, 9999.0, 23.95, 9999.0, 22.66, 9999.0, 22.98, 22.75, 22.5, 22.5, 22.5
2026-09-22, 00:42:12, 22.5, 22.66, 23.0, 23.0, 9999.0, 9999.0, 9999.0, 23.98, 9999.0, 22.68, 9999.0, 22.95, 22.75, 22.5, 22.5, 22.5
2026-09-22, 00:42:16, 22.5, 22.68, 23.0, 23.0, 9999.0, 9999.0, 9999.0, 24.02, 9999.0, 22.7, 9999.0, 22.91, 22.75, 22.5, 22.5, 22.5
2026-09-22, 00:42:20, 22.5, 22.68, 23.0, 23.0, 9999.0, 9999.0, 9999.0, 24.07, 9999.0, 22.68, 9999.0, 22.89, 22.75, 22.5, 22.5, 22.5
2026-09-22, 00:42:24, 22.5, 22.7, 23.0, 23.0, 9999.0, 9999.0, 9999.0, 24.09, 9999.0, 22.66, 9999.0, 22.86, 22.75, 22.5, 22.5, 22.5
2026-09-22, 00:42:28, 22.5, 22.68, 23.0, 23.0, 9999.0, 9999.0, 9999.0, 24.11, 9999.0, 22.64, 9999.0, 22.84, 22.75, 22.5, 22.5, 22.5
2026-09-22, 00:42:32, 22.5, 22.7, 23.0, 23.0, 9999.0, 9999.0, 9999.0, 24.16, 9999.0, 22.61, 9999.0, 22.84, 22.75, 22.5, 22.5, 22.5
2026-09-22, 00:42:36, 22.5, 22.7, 23.0, 23.0, 9999.0, 9999.0, 9999.0, 24.2, 9999.0, 22.59, 9999.0, 22.84, 22.73, 22.5, 22.5, 22.5
2026-09-22, 00:42:40, 22.5, 22.68, 23.0, 23.0, 9999.0, 9999.0, 9999.0, 24.16, 9999.0, 22.57, 9999.0, 22.86, 22.73, 22.5, 22.5, 22.5
2026-09-22, 00:42:44, 22.5, 22.68, 23.0, 23.0, 9999.0, 9999.0, 9999.0, 24.11, 9999.0, 22.55, 9999.0, 22.86, 22.73, 22.5, 22.5, 22.5
2026-09-22, 00:42:48, 22.5, 22.68, 23.0, 23.0, 9999.0, 9999.0, 9999.0, 24.07, 9999.0, 22.52, 9999.0, 22.86, 22.7, 22.5, 22.5, 22.5
2026-09-22, 00:42:52, 22.5, 22.68, 23.0, 23.0, 9999.0, 9999.0, 9999.0, 24.02, 9999.0, 22.52, 9999.0, 22.89, 22.7, 22.5, 22.5, 22.5
2026-09-22, 00:42:56, 22.5, 22.68, 23.0, 23.0, 9999.0, 9999.0, 9999.0, 23.98, 9999.0, 22.55, 9999.0, 22.91, 22.7, 22.5, 22.5, 22.5
2026-09-22, 00:43:00, 22.5, 22.66, 23.0, 23.0, 9999.0, 9999.0, 9999.0, 23.93, 9999.0, 22.59, 9999.0, 22.93, 22.7, 22.5, 22.5, 22.5
2026-09-22, 00:43:04, 22.5, 22.66, 23.0, 23.0, 9999.0, 9999.0, 9999.0, 23.89, 9999.0, 22.61, 9999.0, 22.95, 22.7, 22.5, 22.5, 22.5
2026-09-22, 00:43:08, 22.5, 22.66, 23.0, 23.0, 9999.0, 9999.0, 9999.0, 23.86, 9999.0, 22.66, 9999.0, 22.95, 22.7, 22.5, 22.5, 22.5
2026-09-22, 00:43:12, 22.5, 22.66, 23.0, 23.0, 9999.0, 9999.0, 9999.0, 23.91, 9999.0, 22.68, 9999.0, 22.98, 22.7, 22.48, 22.5, 22.5
2026-09-22, 00:43:16, 22.5, 22.66, 23.0, 23.0, 9999.0, 9999.0, 9999.0, 23.95, 9999.0, 22.7, 9999.0, 22.95, 22.7, 22.48, 22.5, 22.5
2026-09-22, 00:43:20, 22.5, 22.68, 23.0, 23.0, 9999.0, 9999.0, 9999.0, 24.0, 9999.0, 22.73, 9999.0, 22.93, 22.73, 22.48, 22.5, 22.5
2026-09-22, 00:43:24, 22.5, 22.7, 23.0, 23.0, 9999.0, 9999.0, 9999.0, 24.02, 9999.0, 22.75, 9999.0, 22.93, 22.73, 22.48, 22.5, 22.5
2026-09-22, 00:43:28, 22.5, 22.7, 23.0, 23.0, 9999.0, 9999.0, 9999.0, 24.05, 9999.0, 22.77, 9999.0, 22.93, 22.73, 22.48, 22.5, 22.5
2026-09-22, 00:43:32, 22.5, 22.7, 23.0, 23.0, 9999.0, 9999.0, 9999.0, 24.09, 9999.0, 22.8, 9999.0, 22.91, 22.75, 22.45, 22.5, 22.5
2026-09-22, 00:43:36, 22.5, 22.68, 23.0, 23.0, 9999.0, 9999.0, 9999.0, 24.14, 9999.0, 22.8, 9999.0, 22.89, 22.75, 22.45, 22.5, 22.5
2026-09-22, 00:43:40, 22.5, 22.68, 23.0, 23.0, 9999.0, 9999.0, 9999.0, 24.16, 9999.0, 22.8, 9999.0, 22.86, 22.75, 22.45, 22.5, 22.5
2026-09-22, 00:43:44, 22.5, 22.68, 23.0, 23.0, 9999.0, 9999.0, 9999.0, 24.18, 9999.0, 22.75, 9999.0, 22.84, 22.75, 22.45, 22.5, 22.5
2026-09-22, 00:43:48, 22.5, 22.66, 23.0, 23.0, 9999.0, 9999.0, 9999.0, 24.2, 9999.0, 22.73, 9999.0, 22.84, 22.73, 22.45, 22.5, 22.5
2026-09-22, 00:43:53, 22.5, 22.66, 23.0, 23.0, 9999.0, 9999.0, 9999.0, 24.23, 9999.0, 22.68, 9999.0, 22.86, 22.7, 22.45, 22.5, 22.5
2026-09-22, 00:43:57, 22.5, 22.68, 23.0, 23.0, 9999.0, 9999.0, 9999.0, 24.18, 9999.0, 22.66, 9999.0, 22.86, 22.7, 22.48, 22.5, 22.5
2026-09-22, 00:44:01, 22.5, 22.66, 23.0, 23.0, 9999.0, 9999.0, 9999.0, 24.14, 9999.0, 22.64, 9999.0, 22.89, 22.7, 22.48, 22.5, 22.5
2026-09-22, 00:44:05, 22.5, 22.66, 23.0, 23.0, 9999.0, 9999.0, 9999.0, 24.07, 9999.0, 22.64, 9999.0, 22.91, 22.7, 22.48, 22.5, 22.5
2026-09-22, 00:44:09, 22.5, 22.64, 23.0, 23.0, 9999.0, 9999.0, 9999.0, 24.02, 9999.0, 22.64, 9999.0, 22.91, 22.7, 22.48, 22.5, 22.5
2026-09-22, 00:44:13, 22.5, 22.64, 23.0, 23.0, 9999.0, 9999.0, 9999.0, 23.98, 9999.0, 22.64, 9999.0, 22.91, 22.68, 22.48, 22.5, 22.5
2026-09-22, 00:44:17, 22.5, 22.64, 23.0, 23.0, 9999.0, 9999.0, 9999.0, 23.93, 9999.0, 22.64, 9999.0, 22.93, 22.68, 22.5, 22.5, 22.5
2026-09-22, 00:44:21, 22.5, 22.64, 23.0, 23.0, 9999.0, 9999.0, 9999.0, 23.89, 9999.0, 22.66, 9999.0, 22.95, 22.68, 22.5, 22.5, 22.5
2026-09-22, 00:44:25, 22.5, 22.64, 23.0, 23.0, 9999.0, 9999.0, 9999.0, 23.86, 9999.0, 22.66, 9999.0, 22.95, 22.68, 22.5, 22.5, 22.5
2026-09-22, 00:44:29, 22.5, 22.66, 23.0, 23.0, 9999.0, 9999.0, 9999.0, 23.91, 9999.0, 22.68, 9999.0, 22.95, 22.68, 22.5, 22.5, 22.5
2026-09-22, 00:44:33, 22.5, 22.68, 23.0, 23.0, 9999.0, 9999.0, 9999.0, 23.95, 9999.0, 22.7, 9999.0, 22.95, 22.68, 22.5, 22.5, 22.5
2026-09-22, 00:44:37, 22.5, 22.66, 23.0, 23.0, 9999.0, 9999.0, 9999.0, 23.98, 9999.0, 22.73, 9999.0, 22.93, 22.7, 22.5, 22.5, 22.5
2026-09-22, 00:44:41, 22.5, 22.66, 23.0, 23.0, 9999.0, 9999.0, 9999.0, 24.0, 9999.0, 22.75, 9999.0, 22.91, 22.7, 22.5, 22.5, 22.5
2026-09-22, 00:44:45, 22.5, 22.68, 23.0, 23.0, 9999.0, 9999.0, 9999.0, 24.02, 9999.0, 22.77, 9999.0, 22.89, 22.7, 22.5, 22.5, 22.5
2026-09-22, 00:44:49, 22.5, 22.66, 23.0, 23.0, 9999.0, 9999.0, 9999.0, 24.05, 9999.0, 22.77, 9999.0, 22.89, 22.68, 22.5, 22.5, 22.5
2026-09-22, 00:44:53, 22.5, 22.66, 23.0, 23.0, 9999.0, 9999.0, 9999.0, 24.07, 9999.0, 22.77, 9999.0, 22.86, 22.66, 22.5, 22.5, 22.5
2026-09-22, 00:44:57, 22.5, 22.66, 23.0, 23.0, 9999.0, 9999.0, 9999.0, 24.09, 9999.0, 22.77, 9999.0, 22.84, 22.66, 22.5, 22.5, 22.5
2026-09-22, 00:45:01, 22.5, 22.66, 23.0, 23.0, 9999.0, 9999.0, 9999.0, 24.11, 9999.0, 22.77, 9999.0, 22.82, 22.66, 22.5, 22.5, 22.5
2026-09-22, 00:45:05, 22.5, 22.66, 23.0, 23.0, 9999.0, 9999.0, 9999.0, 24.14, 9999.0, 22.73, 9999.0, 22.82, 22.66, 22.5, 22.5, 22.5
2026-09-22, 00:45:09, 22.5, 22.66, 23.0, 23.0, 9999.0, 9999.0, 9999.0, 24.16, 9999.0, 22.73, 9999.0, 22.84, 22.66, 22.5, 22.5, 22.5
2026-09-22, 00:45:13, 22.5, 22.66, 23.0, 23.0, 9999.0, 9999.0, 9999.0, 24.11, 9999.0, 22.73, 9999.0, 22.84, 22.66, 22.48, 22.5, 22.5
2026-09-22, 00:45:17, 22.5, 22.66, 23.0, 23.0, 9999.0, 9999.0, 9999.0, 24.07, 9999.0, 22.73, 9999.0, 22.84, 22.68, 22.48, 22.5, 22.5
2026-09-22, 00:45:21, 22.5, 22.66, 23.0, 23.0, 9999.0, 9999.0, 9999.0, 24.05, 9999.0, 22.7, 9999.0, 22.86, 22.66, 22.48, 22.5, 22.5
2026-09-22, 00:45:25, 22.5, 22.66, 23.0, 23.0, 9999.0, 9999.0, 9999.0, 24.0, 9999.0, 22.73, 9999.0, 22.89, 22.64, 22.48, 22.5, 22.5
2026-09-22, 00:45:29, 22.52, 22.66, 23.0, 23.0, 9999.0, 9999.0, 9999.0, 23.98, 9999.0, 22.73, 9999.0, 22.91, 22.64, 22.48, 22.5, 22.5
2026-09-22, 00:45:33, 22.52, 22.68, 23.0, 23.0, 9999.0, 9999.0, 9999.0, 23.95, 9999.0, 22.73, 9999.0, 22.91, 22.66, 22.48, 22.5, 22.5
2026-09-22, 00:45:37, 22.52, 22.7, 23.0, 23.0, 9999.0, 9999.0, 9999.0, 23.93, 9999.0, 22.75, 9999.0, 22.93, 22.68, 22.48, 22.5, 22.5
2026-09-22, 00:45:41, 22.52, 22.68, 23.0, 23.0, 9999.0, 9999.0, 9999.0, 23.91, 9999.0, 22.77, 9999.0, 22.93, 22.7, 22.48, 22.5, 22.5
2026-09-22, 00:45:45, 22.52, 22.66, 23.0, 23.0, 9999.0, 9999.0, 9999.0, 23.89, 9999.0, 22.77, 9999.0, 22.95, 22.7, 22.48, 22.5, 22.5
2026-09-22, 00:45:49, 22.52, 22.68, 23.0, 23.0, 9999.0, 9999.0, 9999.0, 23.93, 9999.0, 22.82, 9999.0, 22.93, 22.7, 22.48, 22.5, 22.5
2026-09-22, 00:45:53, 22.52, 22.68, 23.0, 22.98, 9999.0, 9999.0, 9999.0, 23.98, 9999.0, 22.84, 9999.0, 22.91, 22.7, 22.45, 22.5, 22.5
2026-09-22, 00:45:57, 22.52, 22.68, 23.0, 22.95, 9999.0, 9999.0, 9999.0, 24.0, 9999.0, 22.84, 9999.0, 22.91, 22.7, 22.48, 22.5, 22.5
2026-09-22, 00:46:01, 22.52, 22.66, 23.0, 22.95, 9999.0, 9999.0, 9999.0, 24.02, 9999.0, 22.84, 9999.0, 22.89, 22.7, 22.48, 22.5, 22.5
2026-09-22, 00:46:05, 22.52, 22.68, 22.98, 22.95, 9999.0, 9999.0, 9999.0, 24.05, 9999.0, 22.86, 9999.0, 22.86, 22.73, 22.48, 22.5, 22.5
2026-09-22, 00:46:09, 22.52, 22.68, 22.98, 22.93, 9999.0, 9999.0, 9999.0, 24.09, 9999.0, 22.84, 9999.0, 22.84, 22.73, 22.48, 22.5, 22.5
2026-09-22, 00:46:13, 22.5, 22.66, 22.98, 22.91, 9999.0, 9999.0, 9999.0, 24.11, 9999.0, 22.84, 9999.0, 22.82, 22.7, 22.48, 22.5, 22.5
2026-09-22, 00:46:17, 22.5, 22.64, 22.98, 22.91, 9999.0, 9999.0, 9999.0, 24.16, 9999.0, 22.84, 9999.0, 22.8, 22.7, 22.48, 22.5, 22.5
2026-09-22, 00:46:21, 22.5, 22.64, 22.98, 22.91, 9999.0, 9999.0, 9999.0, 24.2, 9999.0, 22.82, 9999.0, 22.77, 22.7, 22.48, 22.5, 22.5
2026-09-22, 00:46:25, 22.5, 22.66, 22.98, 22.91, 9999.0, 9999.0, 9999.0, 24.25, 9999.0, 22.8, 9999.0, 22.77, 22.7, 22.48, 22.5, 22.5
2026-09-22, 00:46:29, 22.5, 22.68, 22.98, 22.91, 9999.0, 9999.0, 9999.0, 24.27, 9999.0, 22.8, 9999.0, 22.77, 22.7, 22.48, 22.5, 22.5
2026-09-22, 00:46:33, 22.5, 22.66, 22.98, 22.91, 9999.0, 9999.0, 9999.0, 24.23, 9999.0, 22.77, 9999.0, 22.8, 22.68, 22.48, 22.5, 22.5
2026-09-22, 00:46:37, 22.5, 22.64, 22.98, 22.91, 9999.0, 9999.0, 9999.0, 24.18, 9999.0, 22.75, 9999.0, 22.82, 22.68, 22.5, 22.5, 22.5
2026-09-22, 00:46:41, 22.5, 22.64, 22.98, 22.93, 9999.0, 9999.0, 9999.0, 24.16, 9999.0, 22.75, 9999.0, 22.84, 22.68, 22.48, 22.5, 22.5
2026-09-22, 00:46:45, 22.5, 22.64, 22.98, 22.93, 9999.0, 9999.0, 9999.0, 24.14, 9999.0, 22.77, 9999.0, 22.86, 22.68, 22.48, 22.5, 22.5
2026-09-22, 00:46:49, 22.5, 22.64, 23.0, 22.93, 9999.0, 9999.0, 9999.0, 24.11, 9999.0, 22.77, 9999.0, 22.89, 22.68, 22.48, 22.5, 22.5
2026-09-22, 00:46:53, 22.5, 22.64, 23.0, 22.93, 9999.0, 9999.0, 9999.0, 24.07, 9999.0, 22.8, 9999.0, 22.91, 22.7, 22.48, 22.5, 22.5
2026-09-22, 00:46:57, 22.5, 22.66, 23.0, 22.93, 9999.0, 9999.0, 9999.0, 24.02, 9999.0, 22.82, 9999.0, 22.93, 22.73, 22.48, 22.5, 22.5
2026-09-22, 00:47:01, 22.5, 22.66, 23.0, 22.93, 9999.0, 9999.0, 9999.0, 23.98, 9999.0, 22.84, 9999.0, 22.95, 22.73, 22.48, 22.5, 22.5
2026-09-22, 00:47:05, 22.5, 22.64, 23.0, 22.93, 9999.0, 9999.0, 9999.0, 24.0, 9999.0, 22.86, 9999.0, 22.98, 22.73, 22.48, 22.5, 22.48
2026-09-22, 00:47:09, 22.5, 22.64, 23.0, 22.93, 9999.0, 9999.0, 9999.0, 24.02, 9999.0, 22.86, 9999.0, 22.98, 22.73, 22.48, 22.5, 22.48
2026-09-22, 00:47:13, 22.5, 22.64, 23.0, 22.91, 9999.0, 9999.0, 9999.0, 24.07, 9999.0, 22.86, 9999.0, 22.95, 22.7, 22.48, 22.5, 22.48
2026-09-22, 00:47:17, 22.5, 22.66, 23.0, 22.91, 9999.0, 9999.0, 9999.0, 24.09, 9999.0, 22.86, 9999.0, 22.93, 22.73, 22.48, 22.5, 22.48
2026-09-22, 00:47:21, 22.5, 22.68, 23.0, 22.93, 9999.0, 9999.0, 9999.0, 24.11, 9999.0, 22.86, 9999.0, 22.91, 22.73, 22.48, 22.5, 22.48
2026-09-22, 00:47:25, 22.5, 22.68, 23.0, 22.93, 9999.0, 9999.0, 9999.0, 24.14, 9999.0, 22.86, 9999.0, 22.89, 22.73, 22.48, 22.5, 22.48
2026-09-22, 00:47:29, 22.5, 22.7, 23.0, 22.91, 9999.0, 9999.0, 9999.0, 24.16, 9999.0, 22.84, 9999.0, 22.86, 22.7, 22.48, 22.5, 22.48
2026-09-22, 00:47:33, 22.5, 22.7, 22.98, 22.89, 9999.0, 9999.0, 9999.0, 24.18, 9999.0, 22.84, 9999.0, 22.84, 22.68, 22.48, 22.5, 22.48
2026-09-22, 00:47:37, 22.5, 22.7, 22.98, 22.91, 9999.0, 9999.0, 9999.0, 24.23, 9999.0, 22.82, 9999.0, 22.82, 22.66, 22.48, 22.5, 22.48
2026-09-22, 00:47:41, 22.5, 22.7, 22.98, 22.91, 9999.0, 9999.0, 9999.0, 24.27, 9999.0, 22.8, 9999.0, 22.82, 22.64, 22.48, 22.5, 22.48
2026-09-22, 00:47:46, 22.5, 22.7, 22.98, 22.91, 9999.0, 9999.0, 9999.0, 24.32, 9999.0, 22.75, 9999.0, 22.82, 22.61, 22.48, 22.5, 22.48
2026-09-22, 00:47:50, 22.5, 22.73, 22.98, 22.89, 9999.0, 9999.0, 9999.0, 24.27, 9999.0, 22.73, 9999.0, 22.82, 22.61, 22.48, 22.5, 22.5
2026-09-22, 00:47:54, 22.5, 22.7, 22.98, 22.89, 9999.0, 9999.0, 9999.0, 24.23, 9999.0, 22.73, 9999.0, 22.84, 22.61, 22.48, 22.5, 22.5
2026-09-22, 00:47:58, 22.5, 22.7, 22.98, 22.89, 9999.0, 9999.0, 9999.0, 24.18, 9999.0, 22.7, 9999.0, 22.86, 22.64, 22.48, 22.5, 22.5
2026-09-22, 00:48:02, 22.5, 22.68, 22.98, 22.89, 9999.0, 9999.0, 9999.0, 24.16, 9999.0, 22.7, 9999.0, 22.89, 22.64, 22.48, 22.5, 22.5
2026-09-22, 00:48:06, 22.5, 22.68, 22.98, 22.86, 9999.0, 9999.0, 9999.0, 24.14, 9999.0, 22.73, 9999.0, 22.91, 22.61, 22.48, 22.5, 22.5
2026-09-22, 00:48:10, 22.5, 22.68, 22.98, 22.86, 9999.0, 9999.0, 9999.0, 24.09, 9999.0, 22.75, 9999.0, 22.93, 22.61, 22.5, 22.5, 22.5
2026-09-22, 00:48:14, 22.5, 22.68, 22.98, 22.89, 9999.0, 9999.0, 9999.0, 24.05, 9999.0, 22.77, 9999.0, 22.95, 22.64, 22.5, 22.5, 22.5
2026-09-22, 00:48:18, 22.5, 22.66, 23.0, 22.91, 9999.0, 9999.0, 9999.0, 24.0, 9999.0, 22.77, 9999.0, 22.98, 22.66, 22.5, 22.5, 22.5
2026-09-22, 00:48:22, 22.5, 22.66, 23.0, 22.91, 9999.0, 9999.0, 9999.0, 24.02, 9999.0, 22.8, 9999.0, 23.0, 22.68, 22.5, 22.5, 22.5
2026-09-22, 00:48:26, 22.5, 22.66, 22.98, 22.93, 9999.0, 9999.0, 9999.0, 24.05, 9999.0, 22.82, 9999.0, 23.0, 22.7, 22.5, 22.5, 22.5
2026-09-22, 00:48:30, 22.5, 22.66, 22.98, 22.93, 9999.0, 9999.0, 9999.0, 24.07, 9999.0, 22.84, 9999.0, 23.0, 22.73, 22.5, 22.5, 22.5
2026-09-22, 00:48:34, 22.5, 22.64, 22.98, 22.95, 9999.0, 9999.0, 9999.0, 24.11, 9999.0, 22.84, 9999.0, 23.0, 22.73, 22.5, 22.5, 22.5
2026-09-22, 00:48:38, 22.5, 22.66, 22.98, 22.93, 9999.0, 9999.0, 9999.0, 24.16, 9999.0, 22.84, 9999.0, 22.98, 22.73, 22.5, 22.5, 22.5
2026-09-22, 00:48:42, 22.5, 22.64, 22.98, 22.95, 9999.0, 9999.0, 9999.0, 24.18, 9999.0, 22.86, 9999.0, 22.95, 22.73, 22.5, 22.5, 22.5
2026-09-22, 00:48:46, 22.5, 22.66, 22.98, 22.95, 9999.0, 9999.0, 9999.0, 24.18, 9999.0, 22.86, 9999.0, 22.93, 22.73, 22.48, 22.5, 22.5
2026-09-22, 00:48:50, 22.5, 22.64, 22.98, 22.98, 9999.0, 9999.0, 9999.0, 24.2, 9999.0, 22.84, 9999.0, 22.91, 22.75, 22.48, 22.5, 22.5
2026-09-22, 00:48:54, 22.5, 22.64, 22.98, 22.95, 9999.0, 9999.0, 9999.0, 24.25, 9999.0, 22.82, 9999.0, 22.89, 22.73, 22.48, 22.5, 22.5
2026-09-22, 00:48:58, 22.5, 22.64, 22.98, 22.93, 9999.0, 9999.0, 9999.0, 24.3, 9999.0, 22.8, 9999.0, 22.86, 22.73, 22.48, 22.5, 22.5
2026-09-22, 00:49:02, 22.5, 22.66, 22.98, 22.93, 9999.0, 9999.0, 9999.0, 24.32, 9999.0, 22.8, 9999.0, 22.84, 22.7, 22.48, 22.5, 22.5
2026-09-22, 00:49:06, 22.5, 22.66, 22.95, 22.93, 9999.0, 9999.0, 9999.0, 24.27, 9999.0, 22.75, 9999.0, 22.84, 22.68, 22.48, 22.5, 22.5
2026-09-22, 00:49:10, 22.5, 22.64, 22.98, 22.93, 9999.0, 9999.0, 9999.0, 24.23, 9999.0, 22.7, 9999.0, 22.84, 22.68, 22.48, 22.5, 22.5
2026-09-22, 00:49:14, 22.5, 22.66, 22.98, 22.91, 9999.0, 9999.0, 9999.0, 24.18, 9999.0, 22.68, 9999.0, 22.84, 22.68, 22.48, 22.5, 22.5
2026-09-22, 00:49:18, 22.5, 22.66, 22.98, 22.91, 9999.0, 9999.0, 9999.0, 24.11, 9999.0, 22.66, 9999.0, 22.84, 22.68, 22.48, 22.5, 22.5
2026-09-22, 00:49:22, 22.5, 22.64, 22.95, 22.93, 9999.0, 9999.0, 9999.0, 24.07, 9999.0, 22.66, 9999.0, 22.86, 22.66, 22.48, 22.5, 22.5
2026-09-22, 00:49:26, 22.5, 22.66, 22.95, 22.93, 9999.0, 9999.0, 9999.0, 24.02, 9999.0, 22.66, 9999.0, 22.89, 22.66, 22.48, 22.5, 22.5
2026-09-22, 00:49:30, 22.5, 22.64, 22.95, 22.91, 9999.0, 9999.0, 9999.0, 24.0, 9999.0, 22.66, 9999.0, 22.91, 22.66, 22.5, 22.5, 22.5
2026-09-22, 00:49:34, 22.5, 22.66, 22.93, 22.91, 9999.0, 9999.0, 9999.0, 23.95, 9999.0, 22.68, 9999.0, 22.91, 22.66, 22.5, 22.5, 22.5
2026-09-22, 00:49:38, 22.5, 22.66, 22.93, 22.93, 9999.0, 9999.0, 9999.0, 23.91, 9999.0, 22.68, 9999.0, 22.93, 22.68, 22.5, 22.5, 22.5
2026-09-22, 00:49:42, 22.5, 22.66, 22.93, 22.93, 9999.0, 9999.0, 9999.0, 23.93, 9999.0, 22.68, 9999.0, 22.95, 22.68, 22.5, 22.5, 22.5
2026-09-22, 00:49:46, 22.5, 22.66, 22.93, 22.93, 9999.0, 9999.0, 9999.0, 23.95, 9999.0, 22.68, 9999.0, 22.95, 22.7, 22.5, 22.5, 22.5
2026-09-22, 00:49:50, 22.5, 22.66, 22.95, 22.93, 9999.0, 9999.0, 9999.0, 24.0, 9999.0, 22.7, 9999.0, 22.93, 22.73, 22.48, 22.5, 22.5
2026-09-22, 00:49:54, 22.5, 22.68, 22.93, 22.93, 9999.0, 9999.0, 9999.0, 24.02, 9999.0, 22.73, 9999.0, 22.91, 22.73, 22.48, 22.5, 22.5
2026-09-22, 00:49:58, 22.5, 22.68, 22.91, 22.95, 9999.0, 9999.0, 9999.0, 24.05, 9999.0, 22.75, 9999.0, 22.89, 22.73, 22.48, 22.5, 22.5
2026-09-22, 00:50:02, 22.5, 22.68, 22.91, 22.95, 9999.0, 9999.0, 9999.0, 24.09, 9999.0, 22.75, 9999.0, 22.86, 22.73, 22.48, 22.5, 22.5
2026-09-22, 00:50:06, 22.5, 22.7, 22.93, 22.95, 9999.0, 9999.0, 9999.0, 24.11, 9999.0, 22.73, 9999.0, 22.84, 22.75, 22.48, 22.5, 22.5
2026-09-22, 00:50:10, 22.5, 22.7, 22.93, 22.95, 9999.0, 9999.0, 9999.0, 24.16, 9999.0, 22.73, 9999.0, 22.82, 22.75, 22.48, 22.5, 22.5
2026-09-22, 00:50:14, 22.5, 22.73, 22.93, 22.95, 9999.0, 9999.0, 9999.0, 24.2, 9999.0, 22.7, 9999.0, 22.8, 22.75, 22.48, 22.5, 22.5
2026-09-22, 00:50:18, 22.5, 22.73, 22.95, 22.95, 9999.0, 9999.0, 9999.0, 24.23, 9999.0, 22.66, 9999.0, 22.82, 22.75, 22.48, 22.5, 22.5
2026-09-22, 00:50:22, 22.5, 22.73, 22.95, 22.95, 9999.0, 9999.0, 9999.0, 24.25, 9999.0, 22.64, 9999.0, 22.82, 22.75, 22.48, 22.5, 22.5
2026-09-22, 00:50:26, 22.5, 22.73, 22.95, 22.95, 9999.0, 9999.0, 9999.0, 24.2, 9999.0, 22.61, 9999.0, 22.82, 22.73, 22.48, 22.5, 22.5
2026-09-22, 00:50:30, 22.5, 22.73, 22.95, 22.95, 9999.0, 9999.0, 9999.0, 24.18, 9999.0, 22.59, 9999.0, 22.84, 22.73, 22.48, 22.5, 22.5
2026-09-22, 00:50:34, 22.5, 22.7, 22.95, 22.95, 9999.0, 9999.0, 9999.0, 24.14, 9999.0, 22.57, 9999.0, 22.86, 22.73, 22.5, 22.5, 22.48
2026-09-22, 00:50:38, 22.5, 22.7, 22.98, 22.95, 9999.0, 9999.0, 9999.0, 24.11, 9999.0, 22.57, 9999.0, 22.89, 22.73, 22.5, 22.5, 22.48
2026-09-22, 00:50:42, 22.5, 22.7, 23.0, 22.93, 9999.0, 9999.0, 9999.0, 24.09, 9999.0, 22.57, 9999.0, 22.89, 22.73, 22.5, 22.5, 22.48
2026-09-22, 00:50:46, 22.5, 22.73, 23.0, 22.93, 9999.0, 9999.0, 9999.0, 24.05, 9999.0, 22.59, 9999.0, 22.91, 22.73, 22.5, 22.5, 22.48
2026-09-22, 00:50:50, 22.5, 22.73, 23.0, 22.93, 9999.0, 9999.0, 9999.0, 24.0, 9999.0, 22.61, 9999.0, 22.91, 22.73, 22.5, 22.5, 22.48
2026-09-22, 00:50:54, 22.5, 22.73, 23.0, 22.93, 9999.0, 9999.0, 9999.0, 23.95, 9999.0, 22.61, 9999.0, 22.93, 22.73, 22.5, 22.5, 22.48
2026-09-22, 00:50:58, 22.5, 22.73, 23.0, 22.95, 9999.0, 9999.0, 9999.0, 23.98, 9999.0, 22.64, 9999.0, 22.95, 22.73, 22.5, 22.5, 22.48
2026-09-22, 00:51:02, 22.5, 22.73, 23.0, 22.95, 9999.0, 9999.0, 9999.0, 24.02, 9999.0, 22.66, 9999.0, 22.93, 22.73, 22.5, 22.5, 22.48
2026-09-22, 00:51:06, 22.5, 22.73, 22.98, 22.93, 9999.0, 9999.0, 9999.0, 24.07, 9999.0, 22.68, 9999.0, 22.93, 22.73, 22.5, 22.5, 22.48
2026-09-22, 00:51:10, 22.5, 22.73, 22.98, 22.95, 9999.0, 9999.0, 9999.0, 24.09, 9999.0, 22.7, 9999.0, 22.91, 22.75, 22.5, 22.5, 22.48
2026-09-22, 00:51:14, 22.5, 22.73, 22.98, 22.93, 9999.0, 9999.0, 9999.0, 24.11, 9999.0, 22.73, 9999.0, 22.89, 22.75, 22.5, 22.5, 22.48
2026-09-22, 00:51:18, 22.5, 22.73, 22.98, 22.93, 9999.0, 9999.0, 9999.0, 24.14, 9999.0, 22.73, 9999.0, 22.86, 22.75, 22.5, 22.5, 22.5
2026-09-22, 00:51:22, 22.5, 22.73, 22.98, 22.91, 9999.0, 9999.0, 9999.0, 24.14, 9999.0, 22.73, 9999.0, 22.84, 22.75, 22.5, 22.5, 22.5
2026-09-22, 00:51:26, 22.5, 22.73, 22.98, 22.93, 9999.0, 9999.0, 9999.0, 24.16, 9999.0, 22.7, 9999.0, 22.84, 22.73, 22.5, 22.5, 22.5
2026-09-22, 00:51:30, 22.5, 22.73, 22.98, 22.93, 9999.0, 9999.0, 9999.0, 24.2, 9999.0, 22.68, 9999.0, 22.82, 22.73, 22.5, 22.5, 22.5
2026-09-22, 00:51:35, 22.5, 22.73, 22.98, 22.91, 9999.0, 9999.0, 9999.0, 24.25, 9999.0, 22.66, 9999.0, 22.84, 22.7, 22.5, 22.5, 22.5
2026-09-22, 00:51:39, 22.5, 22.73, 22.98, 22.91, 9999.0, 9999.0, 9999.0, 24.3, 9999.0, 22.64, 9999.0, 22.84, 22.68, 22.48, 22.5, 22.5
2026-09-22, 00:51:43, 22.5, 22.73, 22.98, 22.91, 9999.0, 9999.0, 9999.0, 24.25, 9999.0, 22.61, 9999.0, 22.84, 22.66, 22.48, 22.5, 22.5
2026-09-22, 00:51:47, 22.5, 22.73, 22.98, 22.91, 9999.0, 9999.0, 9999.0, 24.2, 9999.0, 22.59, 9999.0, 22.86, 22.66, 22.48, 22.5, 22.5
2026-09-22, 00:51:51, 22.5, 22.73, 23.0, 22.93, 9999.0, 9999.0, 9999.0, 24.16, 9999.0, 22.57, 9999.0, 22.86, 22.66, 22.48, 22.5, 22.5
2026-09-22, 00:51:55, 22.5, 22.73, 22.98, 22.93, 9999.0, 9999.0, 9999.0, 24.14, 9999.0, 22.55, 9999.0, 22.89, 22.66, 22.48, 22.5, 22.5
2026-09-22, 00:51:59, 22.5, 22.73, 22.98, 22.95, 9999.0, 9999.0, 9999.0, 24.11, 9999.0, 22.55, 9999.0, 22.91, 22.66, 22.48, 22.5, 22.5
2026-09-22, 00:52:03, 22.5, 22.73, 22.98, 22.95, 9999.0, 9999.0, 9999.0, 24.09, 9999.0, 22.57, 9999.0, 22.93, 22.66, 22.48, 22.5, 22.5
2026-09-22, 00:52:07, 22.5, 22.73, 22.98, 22.98, 9999.0, 9999.0, 9999.0, 24.07, 9999.0, 22.57, 9999.0, 22.95, 22.66, 22.48, 22.5, 22.5
2026-09-22, 00:52:11, 22.5, 22.7, 22.98, 22.98, 9999.0, 9999.0, 9999.0, 24.02, 9999.0, 22.59, 9999.0, 22.98, 22.68, 22.48, 22.5, 22.5
2026-09-22, 00:52:15, 22.5, 22.68, 22.98, 22.98, 9999.0, 9999.0, 9999.0, 24.05, 9999.0, 22.61, 9999.0, 23.0, 22.68, 22.48, 22.5, 22.5
2026-09-22, 00:52:19, 22.5, 22.68, 22.98, 23.0, 9999.0, 9999.0, 9999.0, 24.07, 9999.0, 22.64, 9999.0, 23.0, 22.68, 22.45, 22.5, 22.5
2026-09-22, 00:52:23, 22.5, 22.68, 22.98, 23.0, 9999.0, 9999.0, 9999.0, 24.09, 9999.0, 22.66, 9999.0, 23.0, 22.7, 22.48, 22.5, 22.5
2026-09-22, 00:52:27, 22.5, 22.66, 22.98, 22.98, 9999.0, 9999.0, 9999.0, 24.11, 9999.0, 22.68, 9999.0, 22.98, 22.73, 22.48, 22.5, 22.5
2026-09-22, 00:52:31, 22.5, 22.66, 22.98, 22.98, 9999.0, 9999.0, 9999.0, 24.14, 9999.0, 22.7, 9999.0, 22.95, 22.73, 22.48, 22.5, 22.5
2026-09-22, 00:52:35, 22.5, 22.64, 22.98, 22.98, 9999.0, 9999.0, 9999.0, 24.16, 9999.0, 22.7, 9999.0, 22.93, 22.7, 22.48, 22.5, 22.5
2026-09-22, 00:52:39, 22.5, 22.64, 23.0, 22.98, 9999.0, 9999.0, 9999.0, 24.16, 9999.0, 22.7, 9999.0, 22.91, 22.68, 22.48, 22.5, 22.5
2026-09-22, 00:52:43, 22.5, 22.64, 23.0, 22.95, 9999.0, 9999.0, 9999.0, 24.16, 9999.0, 22.68, 9999.0, 22.89, 22.66, 22.48, 22.5, 22.5
2026-09-22, 00:52:47, 22.5, 22.66, 23.0, 22.95, 9999.0, 9999.0, 9999.0, 24.16, 9999.0, 22.66, 9999.0, 22.86, 22.66, 22.48, 22.5, 22.5
2026-09-22, 00:52:51, 22.5, 22.64, 23.0, 22.95, 9999.0, 9999.0, 9999.0, 24.18, 9999.0, 22.64, 9999.0, 22.86, 22.66, 22.48, 22.5, 22.5
2026-09-22, 00:52:55, 22.5, 22.66, 23.0, 22.95, 9999.0, 9999.0, 9999.0, 24.2, 9999.0, 22.61, 9999.0, 22.86, 22.64, 22.48, 22.5, 22.5
2026-09-22, 00:52:59, 22.5, 22.66, 23.0, 22.93, 9999.0, 9999.0, 9999.0, 24.16, 9999.0, 22.59, 9999.0, 22.86, 22.61, 22.48, 22.5, 22.5
2026-09-22, 00:53:03, 22.5, 22.64, 23.0, 22.93, 9999.0, 9999.0, 9999.0, 24.11, 9999.0, 22.57, 9999.0, 22.86, 22.64, 22.5, 22.5, 22.5
2026-09-22, 00:53:07, 22.5, 22.64, 23.0, 22.93, 9999.0, 9999.0, 9999.0, 24.07, 9999.0, 22.55, 9999.0, 22.86, 22.64, 22.5, 22.5, 22.5
2026-09-22, 00:53:11, 22.5, 22.66, 23.0, 22.95, 9999.0, 9999.0, 9999.0, 24.05, 9999.0, 22.52, 9999.0, 22.89, 22.61, 22.5, 22.5, 22.5
2026-09-22, 00:53:15, 22.5, 22.64, 23.0, 22.93, 9999.0, 9999.0, 9999.0, 24.0, 9999.0, 22.52, 9999.0, 22.91, 22.61, 22.5, 22.5, 22.48
2026-09-22, 00:53:19, 22.5, 22.66, 23.0, 22.91, 9999.0, 9999.0, 9999.0, 23.95, 9999.0, 22.52, 9999.0, 22.93, 22.64, 22.5, 22.5, 22.48
2026-09-22, 00:53:23, 22.5, 22.66, 23.0, 22.91, 9999.0, 9999.0, 9999.0, 23.93, 9999.0, 22.55, 9999.0, 22.95, 22.66, 22.5, 22.5, 22.48
2026-09-22, 00:53:27, 22.5, 22.66, 23.0, 22.93, 9999.0, 9999.0, 9999.0, 23.91, 9999.0, 22.57, 9999.0, 22.98, 22.68, 22.5, 22.5, 22.45
2026-09-22, 00:53:31, 22.5, 22.66, 23.0, 22.93, 9999.0, 9999.0, 9999.0, 23.86, 9999.0, 22.59, 9999.0, 23.0, 22.66, 22.48, 22.5, 22.45
2026-09-22, 00:53:35, 22.5, 22.66, 23.0, 22.91, 9999.0, 9999.0, 9999.0, 23.91, 9999.0, 22.61, 9999.0, 22.98, 22.66, 22.48, 22.5, 22.45
2026-09-22, 00:53:39, 22.5, 22.66, 23.0, 22.91, 9999.0, 9999.0, 9999.0, 23.95, 9999.0, 22.61, 9999.0, 22.95, 22.68, 22.48, 22.5, 22.45
2026-09-22, 00:53:43, 22.5, 22.68, 23.0, 22.93, 9999.0, 9999.0, 9999.0, 23.98, 9999.0, 22.61, 9999.0, 22.93, 22.7, 22.48, 22.5, 22.45
2026-09-22, 00:53:47, 22.5, 22.68, 23.0, 22.93, 9999.0, 9999.0, 9999.0, 24.0, 9999.0, 22.61, 9999.0, 22.91, 22.7, 22.48, 22.5, 22.45
2026-09-22, 00:53:51, 22.5, 22.68, 23.0, 22.93, 9999.0, 9999.0, 9999.0, 24.02, 9999.0, 22.61, 9999.0, 22.89, 22.7, 22.48, 22.5, 22.45
2026-09-22, 00:53:55, 22.5, 22.68, 22.98, 22.93, 9999.0, 9999.0, 9999.0, 24.05, 9999.0, 22.61, 9999.0, 22.86, 22.7, 22.48, 22.5, 22.45
2026-09-22, 00:53:59, 22.5, 22.68, 22.98, 22.95, 9999.0, 9999.0, 9999.0, 24.07, 9999.0, 22.59, 9999.0, 22.84, 22.68, 22.48, 22.5, 22.48
2026-09-22, 00:54:03, 22.5, 22.66, 22.95, 22.98, 9999.0, 9999.0, 9999.0, 24.09, 9999.0, 22.59, 9999.0, 22.82, 22.68, 22.48, 22.5, 22.48
2026-09-22, 00:54:07, 22.5, 22.66, 22.95, 22.98, 9999.0, 9999.0, 9999.0, 24.11, 9999.0, 22.57, 9999.0, 22.8, 22.68, 22.48, 22.5, 22.48
2026-09-22, 00:54:11, 22.5, 22.66, 22.95, 22.98, 9999.0, 9999.0, 9999.0, 24.14, 9999.0, 22.55, 9999.0, 22.8, 22.66, 22.48, 22.5, 22.5
2026-09-22, 00:54:15, 22.5, 22.64, 22.95, 22.95, 9999.0, 9999.0, 9999.0, 24.18, 9999.0, 22.5, 9999.0, 22.8, 22.66, 22.5, 22.5, 22.5
2026-09-22, 00:54:19, 22.5, 22.66, 22.95, 22.95, 9999.0, 9999.0, 9999.0, 24.14, 9999.0, 22.45, 9999.0, 22.82, 22.66, 22.5, 22.5, 22.5
2026-09-22, 00:54:23, 22.5, 22.66, 22.95, 22.95, 9999.0, 9999.0, 9999.0, 24.07, 9999.0, 22.45, 9999.0, 22.84, 22.64, 22.5, 22.5, 22.5
2026-09-22, 00:54:27, 22.5, 22.66, 22.95, 22.95, 9999.0, 9999.0, 9999.0, 24.02, 9999.0, 22.43, 9999.0, 22.86, 22.64, 22.5, 22.5, 22.5
2026-09-22, 00:54:31, 22.5, 22.66, 22.93, 22.95, 9999.0, 9999.0, 9999.0, 23.98, 9999.0, 22.43, 9999.0, 22.89, 22.64, 22.5, 22.5, 22.5
2026-09-22, 00:54:35, 22.5, 22.64, 22.93, 22.95, 9999.0, 9999.0, 9999.0, 23.93, 9999.0, 22.43, 9999.0, 22.91, 22.61, 22.5, 22.5, 22.5
2026-09-22, 00:54:39, 22.5, 22.64, 22.95, 22.95, 9999.0, 9999.0, 9999.0, 23.89, 9999.0, 22.45, 9999.0, 22.91, 22.64, 22.48, 22.5, 22.5
2026-09-22, 00:54:43, 22.5, 22.66, 22.95, 22.95, 9999.0, 9999.0, 9999.0, 23.86, 9999.0, 22.48, 9999.0, 22.93, 22.66, 22.48, 22.5, 22.5
2026-09-22, 00:54:47, 22.5, 22.66, 22.98, 22.95, 9999.0, 9999.0, 9999.0, 23.84, 9999.0, 22.5, 9999.0, 22.95, 22.66, 22.45, 22.5, 22.5
2026-09-22, 00:54:51, 22.5, 22.64, 22.98, 22.95, 9999.0, 9999.0, 9999.0, 23.89, 9999.0, 22.5, 9999.0, 22.95, 22.66, 22.45, 22.5, 22.5
2026-09-22, 00:54:55, 22.5, 22.64, 22.98, 22.95, 9999.0, 9999.0, 9999.0, 23.93, 9999.0, 22.5, 9999.0, 22.93, 22.68, 22.45, 22.5, 22.5
2026-09-22, 00:54:59, 22.5, 22.64, 22.98, 22.98, 9999.0, 9999.0, 9999.0, 23.98, 9999.0, 22.52, 9999.0, 22.91, 22.7, 22.45, 22.5, 22.5
2026-09-22, 00:55:03, 22.5, 22.64, 22.98, 22.98, 9999.0, 9999.0, 9999.0, 24.0, 9999.0, 22.55, 9999.0, 22.89, 22.7, 22.45, 22.5, 22.5
2026-09-22, 00:55:07, 22.5, 22.64, 22.98, 22.98, 9999.0, 9999.0, 9999.0, 24.05, 9999.0, 22.55, 9999.0, 22.86, 22.73, 22.45, 22.5, 22.5
2026-09-22, 00:55:11, 22.5, 22.61, 22.98, 22.98, 9999.0, 9999.0, 9999.0, 24.09, 9999.0, 22.57, 9999.0, 22.84, 22.73, 22.45, 22.5, 22.5
2026-09-22, 00:55:15, 22.5, 22.64, 23.0, 22.98, 9999.0, 9999.0, 9999.0, 24.14, 9999.0, 22.57, 9999.0, 22.82, 22.7, 22.45, 22.5, 22.5
2026-09-22, 00:55:19, 22.5, 22.66, 23.0, 22.95, 9999.0, 9999.0, 9999.0, 24.18, 9999.0, 22.57, 9999.0, 22.8, 22.7, 22.45, 22.5, 22.5
2026-09-22, 00:55:23, 22.5, 22.64, 23.0, 22.95, 9999.0, 9999.0, 9999.0, 24.23, 9999.0, 22.55, 9999.0, 22.8, 22.7, 22.48, 22.5, 22.5
2026-09-22, 00:55:27, 22.5, 22.64, 23.0, 22.95, 9999.0, 9999.0, 9999.0, 24.25, 9999.0, 22.52, 9999.0, 22.8, 22.7, 22.48, 22.5, 22.5
2026-09-22, 00:55:32, 22.5, 22.66, 23.0, 22.95, 9999.0, 9999.0, 9999.0, 24.3, 9999.0, 22.48, 9999.0, 22.77, 22.68, 22.5, 22.5, 22.5
2026-09-22, 00:55:36, 22.5, 22.68, 22.98, 22.95, 9999.0, 9999.0, 9999.0, 24.25, 9999.0, 22.45, 9999.0, 22.8, 22.66, 22.5, 22.5, 22.5
2026-09-22, 00:55:40, 22.5, 22.68, 22.95, 22.95, 9999.0, 9999.0, 9999.0, 24.2, 9999.0, 22.43, 9999.0, 22.82, 22.66, 22.5, 22.5, 22.5
2026-09-22, 00:55:44, 22.5, 22.7, 22.95, 22.95, 9999.0, 9999.0, 9999.0, 24.14, 9999.0, 22.41, 9999.0, 22.84, 22.66, 22.48, 22.5, 22.5
2026-09-22, 00:55:48, 22.5, 22.7, 22.95, 22.98, 9999.0, 9999.0, 9999.0, 24.09, 9999.0, 22.41, 9999.0, 22.86, 22.66, 22.48, 22.5, 22.5
2026-09-22, 00:55:52, 22.5, 22.7, 22.95, 22.98, 9999.0, 9999.0, 9999.0, 24.05, 9999.0, 22.41, 9999.0, 22.89, 22.64, 22.48, 22.5, 22.5
2026-09-22, 00:55:56, 22.5, 22.7, 22.95, 22.98, 9999.0, 9999.0, 9999.0, 24.0, 9999.0, 22.41, 9999.0, 22.91, 22.64, 22.48, 22.5, 22.5
2026-09-22, 00:56:00, 22.5, 22.68, 22.95, 22.98, 9999.0, 9999.0, 9999.0, 23.95, 9999.0, 22.43, 9999.0, 22.93, 22.66, 22.48, 22.5, 22.5
2026-09-22, 00:56:04, 22.5, 22.66, 22.95, 23.0, 9999.0, 9999.0, 9999.0, 23.89, 9999.0, 22.45, 9999.0, 22.95, 22.68, 22.48, 22.5, 22.5
2026-09-22, 00:56:08, 22.5, 22.66, 22.93, 23.0, 9999.0, 9999.0, 9999.0, 23.89, 9999.0, 22.45, 9999.0, 22.95, 22.68, 22.48, 22.5, 22.5
2026-09-22, 00:56:12, 22.5, 22.66, 22.91, 23.0, 9999.0, 9999.0, 9999.0, 23.93, 9999.0, 22.45, 9999.0, 22.93, 22.68, 22.48, 22.5, 22.5
2026-09-22, 00:56:16, 22.5, 22.66, 22.91, 23.0, 9999.0, 9999.0, 9999.0, 23.93, 9999.0, 22.48, 9999.0, 22.93, 22.7, 22.48, 22.5, 22.5
2026-09-22, 00:56:20, 22.5, 22.66, 22.93, 23.0, 9999.0, 9999.0, 9999.0, 23.95, 9999.0, 22.5, 9999.0, 22.91, 22.73, 22.48, 22.5, 22.5
2026-09-22, 00:56:24, 22.5, 22.66, 22.95, 23.0, 9999.0, 9999.0, 9999.0, 23.98, 9999.0, 22.52, 9999.0, 22.89, 22.7, 22.48, 22.5, 22.5
2026-09-22, 00:56:28, 22.5, 22.64, 22.95, 22.98, 9999.0, 9999.0, 9999.0, 24.0, 9999.0, 22.55, 9999.0, 22.86, 22.7, 22.48, 22.5, 22.5
2026-09-22, 00:56:32, 22.5, 22.64, 22.93, 22.98, 9999.0, 9999.0, 9999.0, 24.02, 9999.0, 22.55, 9999.0, 22.84, 22.7, 22.48, 22.5, 22.5
2026-09-22, 00:56:36, 22.5, 22.64, 22.93, 22.98, 9999.0, 9999.0, 9999.0, 24.05, 9999.0, 22.55, 9999.0, 22.82, 22.73, 22.45, 22.5, 22.5
2026-09-22, 00:56:40, 22.5, 22.66, 22.93, 22.98, 9999.0, 9999.0, 9999.0, 24.07, 9999.0, 22.52, 9999.0, 22.8, 22.7, 22.45, 22.48, 22.5
2026-09-22, 00:56:44, 22.5, 22.68, 22.93, 22.98, 9999.0, 9999.0, 9999.0, 24.09, 9999.0, 22.48, 9999.0, 22.8, 22.68, 22.45, 22.48, 22.5
2026-09-22, 00:56:48, 22.5, 22.7, 22.93, 22.98, 9999.0, 9999.0, 9999.0, 24.14, 9999.0, 22.43, 9999.0, 22.8, 22.66, 22.45, 22.48, 22.5
2026-09-22, 00:56:52, 22.5, 22.73, 22.95, 22.95, 9999.0, 9999.0, 9999.0, 24.11, 9999.0, 22.41, 9999.0, 22.82, 22.64, 22.45, 22.48, 22.5
2026-09-22, 00:56:56, 22.5, 22.73, 22.98, 22.95, 9999.0, 9999.0, 9999.0, 24.07, 9999.0, 22.39, 9999.0, 22.84, 22.64, 22.45, 22.48, 22.5
2026-09-22, 00:57:00, 22.5, 22.73, 22.98, 22.95, 9999.0, 9999.0, 9999.0, 24.02, 9999.0, 22.36, 9999.0, 22.86, 22.64, 22.45, 22.48, 22.5
2026-09-22, 00:57:04, 22.5, 22.73, 22.98, 22.95, 9999.0, 9999.0, 9999.0, 23.98, 9999.0, 22.36, 9999.0, 22.89, 22.61, 22.45, 22.48, 22.5
2026-09-22, 00:57:08, 22.5, 22.7, 22.98, 22.95, 9999.0, 9999.0, 9999.0, 23.93, 9999.0, 22.36, 9999.0, 22.91, 22.61, 22.45, 22.48, 22.5
2026-09-22, 00:57:12, 22.5, 22.73, 22.98, 22.98, 9999.0, 9999.0, 9999.0, 23.91, 9999.0, 22.36, 9999.0, 22.93, 22.61, 22.48, 22.48, 22.5
2026-09-22, 00:57:16, 22.5, 22.73, 23.0, 22.98, 9999.0, 9999.0, 9999.0, 23.86, 9999.0, 22.39, 9999.0, 22.95, 22.61, 22.48, 22.48, 22.5
2026-09-22, 00:57:20, 22.5, 22.7, 23.0, 22.98, 9999.0, 9999.0, 9999.0, 23.82, 9999.0, 22.39, 9999.0, 22.98, 22.61, 22.5, 22.48, 22.5
2026-09-22, 00:57:24, 22.5, 22.68, 23.0, 22.98, 9999.0, 9999.0, 9999.0, 23.86, 9999.0, 22.41, 9999.0, 22.98, 22.64, 22.5, 22.5, 22.5
2026-09-22, 00:57:28, 22.5, 22.66, 23.0, 22.98, 9999.0, 9999.0, 9999.0, 23.89, 9999.0, 22.43, 9999.0, 22.95, 22.66, 22.48, 22.5, 22.5
2026-09-22, 00:57:32, 22.5, 22.64, 23.0, 22.98, 9999.0, 9999.0, 9999.0, 23.91, 9999.0, 22.45, 9999.0, 22.93, 22.68, 22.48, 22.5, 22.5
2026-09-22, 00:57:36, 22.5, 22.61, 23.0, 22.98, 9999.0, 9999.0, 9999.0, 23.93, 9999.0, 22.48, 9999.0, 22.91, 22.7, 22.45, 22.5, 22.5
2026-09-22, 00:57:40, 22.5, 22.61, 23.0, 22.98, 9999.0, 9999.0, 9999.0, 23.95, 9999.0, 22.48, 9999.0, 22.89, 22.7, 22.45, 22.5, 22.5
2026-09-22, 00:57:44, 22.5, 22.61, 23.0, 22.98, 9999.0, 9999.0, 9999.0, 24.0, 9999.0, 22.48, 9999.0, 22.86, 22.7, 22.45, 22.5, 22.5
2026-09-22, 00:57:48, 22.5, 22.61, 23.0, 22.98, 9999.0, 9999.0, 9999.0, 24.02, 9999.0, 22.45, 9999.0, 22.84, 22.73, 22.45, 22.5, 22.5
2026-09-22, 00:57:52, 22.5, 22.64, 23.0, 22.98, 9999.0, 9999.0, 9999.0, 24.05, 9999.0, 22.43, 9999.0, 22.82, 22.73, 22.45, 22.5, 22.5
2026-09-22, 00:57:56, 22.5, 22.64, 23.0, 22.98, 9999.0, 9999.0, 9999.0, 24.07, 9999.0, 22.41, 9999.0, 22.8, 22.73, 22.45, 22.5, 22.5
2026-09-22, 00:58:00, 22.5, 22.64, 23.0, 22.98, 9999.0, 9999.0, 9999.0, 24.11, 9999.0, 22.36, 9999.0, 22.8, 22.7, 22.45, 22.5, 22.5
2026-09-22, 00:58:04, 22.5, 22.66, 23.0, 22.95, 9999.0, 9999.0, 9999.0, 24.16, 9999.0, 22.34, 9999.0, 22.8, 22.68, 22.45, 22.5, 22.5
2026-09-22, 00:58:08, 22.5, 22.68, 23.0, 22.95, 9999.0, 9999.0, 9999.0, 24.11, 9999.0, 22.32, 9999.0, 22.82, 22.66, 22.45, 22.5, 22.5
2026-09-22, 00:58:12, 22.5, 22.7, 23.0, 22.95, 9999.0, 9999.0, 9999.0, 24.09, 9999.0, 22.27, 9999.0, 22.84, 22.64, 22.48, 22.5, 22.5
2026-09-22, 00:58:16, 22.5, 22.73, 23.0, 22.93, 9999.0, 9999.0, 9999.0, 24.07, 9999.0, 22.25, 9999.0, 22.86, 22.61, 22.48, 22.5, 22.5
2026-09-22, 00:58:20, 22.5, 22.75, 23.0, 22.95, 9999.0, 9999.0, 9999.0, 24.02, 9999.0, 22.25, 9999.0, 22.89, 22.61, 22.5, 22.5, 22.5
2026-09-22, 00:58:24, 22.5, 22.73, 23.0, 22.95, 9999.0, 9999.0, 9999.0, 23.98, 9999.0, 22.27, 9999.0, 22.91, 22.59, 22.5, 22.5, 22.5
2026-09-22, 00:58:28, 22.5, 22.7, 23.0, 22.93, 9999.0, 9999.0, 9999.0, 23.93, 9999.0, 22.3, 9999.0, 22.93, 22.59, 22.5, 22.5, 22.5
2026-09-22, 00:58:32, 22.5, 22.68, 23.0, 22.93, 9999.0, 9999.0, 9999.0, 23.89, 9999.0, 22.32, 9999.0, 22.95, 22.59, 22.5, 22.5, 22.5
2026-09-22, 00:58:36, 22.5, 22.68, 23.0, 22.91, 9999.0, 9999.0, 9999.0, 23.84, 9999.0, 22.34, 9999.0, 22.95, 22.61, 22.5, 22.5, 22.5
2026-09-22, 00:58:40, 22.5, 22.66, 23.0, 22.91, 9999.0, 9999.0, 9999.0, 23.86, 9999.0, 22.36, 9999.0, 22.98, 22.61, 22.5, 22.5, 22.5
2026-09-22, 00:58:44, 22.5, 22.64, 23.0, 22.91, 9999.0, 9999.0, 9999.0, 23.89, 9999.0, 22.39, 9999.0, 22.95, 22.61, 22.5, 22.5, 22.5
2026-09-22, 00:58:48, 22.5, 22.64, 23.0, 22.93, 9999.0, 9999.0, 9999.0, 23.89, 9999.0, 22.41, 9999.0, 22.93, 22.64, 22.5, 22.5, 22.5
2026-09-22, 00:58:52, 22.5, 22.61, 23.0, 22.91, 9999.0, 9999.0, 9999.0, 23.89, 9999.0, 22.43, 9999.0, 22.91, 22.66, 22.5, 22.5, 22.5
2026-09-22, 00:58:56, 22.5, 22.59, 23.0, 22.91, 9999.0, 9999.0, 9999.0, 23.89, 9999.0, 22.45, 9999.0, 22.89, 22.66, 22.5, 22.5, 22.5
2026-09-22, 00:59:00, 22.5, 22.59, 23.0, 22.93, 9999.0, 9999.0, 9999.0, 23.89, 9999.0, 22.48, 9999.0, 22.86, 22.68, 22.5, 22.5, 22.5
2026-09-22, 00:59:04, 22.5, 22.57, 23.0, 22.93, 9999.0, 9999.0, 9999.0, 23.89, 9999.0, 22.45, 9999.0, 22.84, 22.68, 22.5, 22.5, 22.5
2026-09-22, 00:59:08, 22.5, 22.57, 23.0, 22.93, 9999.0, 9999.0, 9999.0, 23.89, 9999.0, 22.43, 9999.0, 22.82, 22.68, 22.5, 22.5, 22.5
2026-09-22, 00:59:12, 22.5, 22.57, 23.0, 22.95, 9999.0, 9999.0, 9999.0, 23.91, 9999.0, 22.41, 9999.0, 22.8, 22.66, 22.5, 22.5, 22.5
2026-09-22, 00:59:16, 22.5, 22.57, 23.0, 22.95, 9999.0, 9999.0, 9999.0, 23.93, 9999.0, 22.39, 9999.0, 22.8, 22.64, 22.5, 22.5, 22.5
2026-09-22, 00:59:20, 22.5, 22.57, 23.0, 22.98, 9999.0, 9999.0, 9999.0, 23.95, 9999.0, 22.36, 9999.0, 22.82, 22.61, 22.5, 22.5, 22.5
2026-09-22, 00:59:25, 22.5, 22.59, 23.0, 22.98, 9999.0, 9999.0, 9999.0, 23.91, 9999.0, 22.34, 9999.0, 22.82, 22.59, 22.5, 22.5, 22.5
2026-09-22, 00:59:29, 22.5, 22.59, 23.0, 22.98, 9999.0, 9999.0, 9999.0, 23.86, 9999.0, 22.32, 9999.0, 22.84, 22.61, 22.5, 22.5, 22.5
2026-09-22, 00:59:33, 22.5, 22.59, 23.0, 22.98, 9999.0, 9999.0, 9999.0, 23.84, 9999.0, 22.3, 9999.0, 22.86, 22.61, 22.5, 22.5, 22.5
2026-09-22, 00:59:37, 22.5, 22.61, 22.98, 23.0, 9999.0, 9999.0, 9999.0, 23.82, 9999.0, 22.3, 9999.0, 22.89, 22.61, 22.5, 22.5, 22.5
2026-09-22, 00:59:41, 22.5, 22.61, 22.98, 23.0, 9999.0, 9999.0, 9999.0, 23.8, 9999.0, 22.32, 9999.0, 22.91, 22.61, 22.5, 22.5, 22.5
2026-09-22, 00:59:45, 22.5, 22.61, 22.98, 23.0, 9999.0, 9999.0, 9999.0, 23.77, 9999.0, 22.32, 9999.0, 22.93, 22.61, 22.5, 22.5, 22.5
2026-09-22, 00:59:49, 22.5, 22.64, 22.98, 23.0, 9999.0, 9999.0, 9999.0, 23.75, 9999.0, 22.34, 9999.0, 22.95, 22.61, 22.5, 22.5, 22.5
2026-09-22, 00:59:53, 22.5, 22.64, 22.98, 23.0, 9999.0, 9999.0, 9999.0, 23.73, 9999.0, 22.36, 9999.0, 22.98, 22.64, 22.5, 22.5, 22.5
2026-09-22, 00:59:57, 22.5, 22.64, 22.98, 23.0, 9999.0, 9999.0, 9999.0, 23.77, 9999.0, 22.36, 9999.0, 22.98, 22.66, 22.5, 22.5, 22.5
2026-09-22, 01:00:01, 22.5, 22.64, 22.98, 23.0, 9999.0, 9999.0, 9999.0, 23.82, 9999.0, 22.36, 9999.0, 22.95, 22.68, 22.5, 22.5, 22.5
2026-09-22, 01:00:05, 22.5, 22.61, 22.98, 23.0, 9999.0, 9999.0, 9999.0, 23.86, 9999.0, 22.36, 9999.0, 22.93, 22.7, 22.5, 22.5, 22.5
2026-09-22, 01:00:09, 22.5, 22.59, 22.98, 23.0, 9999.0, 9999.0, 9999.0, 23.91, 9999.0, 22.36, 9999.0, 22.91, 22.7, 22.5, 22.5, 22.5
2026-09-22, 01:00:13, 22.5, 22.61, 22.98, 23.0, 9999.0, 9999.0, 9999.0, 23.95, 9999.0, 22.36, 9999.0, 22.89, 22.7, 22.5, 22.5, 22.5
2026-09-22, 01:00:17, 22.5, 22.59, 22.98, 23.0, 9999.0, 9999.0, 9999.0, 23.98, 9999.0, 22.34, 9999.0, 22.86, 22.7, 22.5, 22.5, 22.5
2026-09-22, 01:00:21, 22.5, 22.57, 23.0, 23.0, 9999.0, 9999.0, 9999.0, 24.0, 9999.0, 22.32, 9999.0, 22.84, 22.68, 22.5, 22.5, 22.5
2026-09-22, 01:00:25, 22.5, 22.57, 22.98, 23.0, 9999.0, 9999.0, 9999.0, 24.02, 9999.0, 22.3, 9999.0, 22.82, 22.68, 22.5, 22.5, 22.5
2026-09-22, 01:00:29, 22.5, 22.55, 22.98, 22.98, 9999.0, 9999.0, 9999.0, 24.05, 9999.0, 22.27, 9999.0, 22.8, 22.66, 22.5, 22.5, 22.5
2026-09-22, 01:00:34, 22.5, 22.52, 22.98, 22.98, 9999.0, 9999.0, 9999.0, 24.09, 9999.0, 22.25, 9999.0, 22.8, 22.64, 22.5, 22.5, 22.5
2026-09-22, 01:00:38, 22.5, 22.55, 22.98, 22.98, 9999.0, 9999.0, 9999.0, 24.14, 9999.0, 22.2, 9999.0, 22.8, 22.64, 22.5, 22.5, 22.5
2026-09-22, 01:00:42, 22.5, 22.55, 22.98, 22.98, 9999.0, 9999.0, 9999.0, 24.09, 9999.0, 22.18, 9999.0, 22.82, 22.64, 22.5, 22.5, 22.5
2026-09-22, 01:00:46, 22.5, 22.55, 22.98, 22.98, 9999.0, 9999.0, 9999.0, 24.05, 9999.0, 22.16, 9999.0, 22.84, 22.64, 22.48, 22.5, 22.5
2026-09-22, 01:00:50, 22.5, 22.55, 22.95, 22.98, 9999.0, 9999.0, 9999.0, 24.0, 9999.0, 22.14, 9999.0, 22.86, 22.64, 22.48, 22.5, 22.5
2026-09-22, 01:00:54, 22.5, 22.55, 22.95, 22.98, 9999.0, 9999.0, 9999.0, 23.95, 9999.0, 22.14, 9999.0, 22.89, 22.66, 22.48, 22.5, 22.5
2026-09-22, 01:00:58, 22.5, 22.52, 22.95, 22.98, 9999.0, 9999.0, 9999.0, 23.89, 9999.0, 22.14, 9999.0, 22.91, 22.64, 22.48, 22.5, 22.5
2026-09-22, 01:01:02, 22.5, 22.55, 22.95, 22.98, 9999.0, 9999.0, 9999.0, 23.84, 9999.0, 22.16, 9999.0, 22.93, 22.64, 22.48, 22.5, 22.5
2026-09-22, 01:01:06, 22.5, 22.55, 22.95, 22.98, 9999.0, 9999.0, 9999.0, 23.8, 9999.0, 22.18, 9999.0, 22.95, 22.66, 22.48, 22.5, 22.5
2026-09-22, 01:01:10, 22.5, 22.57, 22.98, 22.98, 9999.0, 9999.0, 9999.0, 23.75, 9999.0, 22.18, 9999.0, 22.98, 22.68, 22.45, 22.5, 22.5
2026-09-22, 01:01:14, 22.5, 22.57, 22.98, 23.0, 9999.0, 9999.0, 9999.0, 23.77, 9999.0, 22.18, 9999.0, 23.0, 22.7, 22.45, 22.5, 22.5
2026-09-22, 01:01:18, 22.5, 22.59, 22.98, 23.0, 9999.0, 9999.0, 9999.0, 23.8, 9999.0, 22.18, 9999.0, 23.0, 22.73, 22.45, 22.5, 22.5
2026-09-22, 01:01:22, 22.5, 22.57, 22.98, 23.0, 9999.0, 9999.0, 9999.0, 23.82, 9999.0, 22.23, 9999.0, 23.0, 22.73, 22.45, 22.5, 22.5
2026-09-22, 01:01:26, 22.5, 22.57, 22.98, 23.0, 9999.0, 9999.0, 9999.0, 23.84, 9999.0, 22.25, 9999.0, 22.98, 22.73, 22.45, 22.5, 22.5
2026-09-22, 01:01:30, 22.5, 22.59, 22.98, 23.0, 9999.0, 9999.0, 9999.0, 23.86, 9999.0, 22.27, 9999.0, 22.95, 22.73, 22.48, 22.5, 22.5
2026-09-22, 01:01:34, 22.5, 22.59, 23.0, 22.98, 9999.0, 9999.0, 9999.0, 23.89, 9999.0, 22.3, 9999.0, 22.93, 22.73, 22.48, 22.5, 22.5
2026-09-22, 01:01:38, 22.5, 22.59, 23.0, 22.98, 9999.0, 9999.0, 9999.0, 23.91, 9999.0, 22.3, 9999.0, 22.91, 22.73, 22.48, 22.5, 22.5
2026-09-22, 01:01:42, 22.5, 22.59, 23.0, 22.98, 9999.0, 9999.0, 9999.0, 23.95, 9999.0, 22.27, 9999.0, 22.89, 22.75, 22.48, 22.5, 22.5
2026-09-22, 01:01:46, 22.5, 22.57, 23.0, 22.98, 9999.0, 9999.0, 9999.0, 24.0, 9999.0, 22.27, 9999.0, 22.86, 22.75, 22.48, 22.48, 22.5
2026-09-22, 01:01:50, 22.5, 22.59, 23.0, 22.98, 9999.0, 9999.0, 9999.0, 24.05, 9999.0, 22.25, 9999.0, 22.86, 22.75, 22.45, 22.48, 22.5
2026-09-22, 01:01:54, 22.5, 22.57, 23.0, 22.98, 9999.0, 9999.0, 9999.0, 24.07, 9999.0, 22.25, 9999.0, 22.86, 22.75, 22.48, 22.48, 22.5
2026-09-22, 01:01:58, 22.5, 22.57, 23.0, 22.98, 9999.0, 9999.0, 9999.0, 24.02, 9999.0, 22.23, 9999.0, 22.86, 22.75, 22.48, 22.48, 22.5
2026-09-22, 01:02:02, 22.5, 22.57, 23.0, 22.98, 9999.0, 9999.0, 9999.0, 23.98, 9999.0, 22.2, 9999.0, 22.86, 22.75, 22.48, 22.48, 22.5
2026-09-22, 01:02:06, 22.5, 22.59, 23.0, 22.95, 9999.0, 9999.0, 9999.0, 23.93, 9999.0, 22.16, 9999.0, 22.89, 22.75, 22.48, 22.48, 22.5
2026-09-22, 01:02:10, 22.5, 22.59, 23.0, 22.95, 9999.0, 9999.0, 9999.0, 23.86, 9999.0, 22.16, 9999.0, 22.91, 22.75, 22.48, 22.48, 22.5
2026-09-22, 01:02:14, 22.5, 22.57, 23.0, 22.95, 9999.0, 9999.0, 9999.0, 23.82, 9999.0, 22.16, 9999.0, 22.93, 22.75, 22.48, 22.48, 22.5
2026-09-22, 01:02:18, 22.5, 22.57, 23.0, 22.98, 9999.0, 9999.0, 9999.0, 23.77, 9999.0, 22.14, 9999.0, 22.95, 22.75, 22.48, 22.48, 22.5
2026-09-22, 01:02:22, 22.5, 22.59, 23.0, 22.98, 9999.0, 9999.0, 9999.0, 23.73, 9999.0, 22.16, 9999.0, 22.98, 22.75, 22.48, 22.48, 22.5
2026-09-22, 01:02:26, 22.5, 22.61, 23.0, 22.98, 9999.0, 9999.0, 9999.0, 23.68, 9999.0, 22.18, 9999.0, 23.0, 22.75, 22.48, 22.48, 22.5
2026-09-22, 01:02:30, 22.5, 22.64, 23.0, 22.98, 9999.0, 9999.0, 9999.0, 23.7, 9999.0, 22.18, 9999.0, 23.02, 22.75, 22.48, 22.5, 22.5
2026-09-22, 01:02:34, 22.5, 22.61, 23.0, 22.98, 9999.0, 9999.0, 9999.0, 23.73, 9999.0, 22.18, 9999.0, 23.02, 22.75, 22.5, 22.5, 22.5
2026-09-22, 01:02:38, 22.5, 22.61, 22.98, 22.98, 9999.0, 9999.0, 9999.0, 23.77, 9999.0, 22.18, 9999.0, 23.0, 22.75, 22.5, 22.5, 22.5
2026-09-22, 01:02:42, 22.5, 22.61, 22.98, 22.98, 9999.0, 9999.0, 9999.0, 23.82, 9999.0, 22.2, 9999.0, 22.98, 22.75, 22.5, 22.5, 22.5
2026-09-22, 01:02:46, 22.5, 22.59, 22.98, 22.98, 9999.0, 9999.0, 9999.0, 23.84, 9999.0, 22.23, 9999.0, 22.95, 22.75, 22.5, 22.5, 22.5
2026-09-22, 01:02:50, 22.5, 22.57, 22.98, 23.0, 9999.0, 9999.0, 9999.0, 23.86, 9999.0, 22.25, 9999.0, 22.91, 22.75, 22.5, 22.5, 22.5
2026-09-22, 01:02:54, 22.5, 22.57, 22.98, 23.0, 9999.0, 9999.0, 9999.0, 23.91, 9999.0, 22.25, 9999.0, 22.89, 22.73, 22.5, 22.5, 22.5
2026-09-22, 01:02:58, 22.5, 22.57, 22.98, 23.0, 9999.0, 9999.0, 9999.0, 23.95, 9999.0, 22.23, 9999.0, 22.86, 22.7, 22.5, 22.5, 22.5
2026-09-22, 01:03:02, 22.5, 22.57, 22.98, 22.98, 9999.0, 9999.0, 9999.0, 24.0, 9999.0, 22.23, 9999.0, 22.84, 22.68, 22.5, 22.5, 22.5
2026-09-22, 01:03:06, 22.5, 22.55, 22.98, 22.98, 9999.0, 9999.0, 9999.0, 24.02, 9999.0, 22.18, 9999.0, 22.84, 22.68, 22.5, 22.5, 22.5
2026-09-22, 01:03:10, 22.5, 22.52, 22.98, 22.98, 9999.0, 9999.0, 9999.0, 24.07, 9999.0, 22.16, 9999.0, 22.84, 22.66, 22.5, 22.5, 22.5
2026-09-22, 01:03:14, 22.5, 22.5, 22.98, 22.98, 9999.0, 9999.0, 9999.0, 24.02, 9999.0, 22.14, 9999.0, 22.84, 22.64, 22.5, 22.5, 22.5
2026-09-22, 01:03:18, 22.5, 22.5, 22.98, 22.98, 9999.0, 9999.0, 9999.0, 23.98, 9999.0, 22.11, 9999.0, 22.86, 22.64, 22.5, 22.5, 22.5
2026-09-22, 01:03:22, 22.5, 22.5, 23.0, 22.98, 9999.0, 9999.0, 9999.0, 23.91, 9999.0, 22.09, 9999.0, 22.89, 22.64, 22.5, 22.5, 22.5
2026-09-22, 01:03:26, 22.5, 22.5, 22.98, 22.98, 9999.0, 9999.0, 9999.0, 23.84, 9999.0, 22.09, 9999.0, 22.91, 22.64, 22.5, 22.5, 22.5
2026-09-22, 01:03:30, 22.5, 22.5, 22.98, 22.98, 9999.0, 9999.0, 9999.0, 23.8, 9999.0, 22.09, 9999.0, 22.93, 22.61, 22.5, 22.5, 22.5
2026-09-22, 01:03:34, 22.5, 22.5, 22.98, 22.98, 9999.0, 9999.0, 9999.0, 23.75, 9999.0, 22.09, 9999.0, 22.95, 22.61, 22.5, 22.5, 22.5
2026-09-22, 01:03:38, 22.5, 22.52, 22.98, 22.98, 9999.0, 9999.0, 9999.0, 23.7, 9999.0, 22.11, 9999.0, 22.98, 22.64, 22.5, 22.5, 22.5
2026-09-22, 01:03:42, 22.5, 22.55, 22.98, 22.98, 9999.0, 9999.0, 9999.0, 23.66, 9999.0, 22.16, 9999.0, 23.0, 22.66, 22.5, 22.5, 22.5
2026-09-22, 01:03:46, 22.5, 22.55, 22.98, 23.0, 9999.0, 9999.0, 9999.0, 23.68, 9999.0, 22.18, 9999.0, 23.02, 22.68, 22.5, 22.5, 22.5
2026-09-22, 01:03:50, 22.5, 22.57, 22.95, 23.0, 9999.0, 9999.0, 9999.0, 23.73, 9999.0, 22.2, 9999.0, 23.02, 22.68, 22.5, 22.5, 22.5
2026-09-22, 01:03:54, 22.5, 22.57, 22.93, 23.0, 9999.0, 9999.0, 9999.0, 23.75, 9999.0, 22.23, 9999.0, 23.02, 22.7, 22.5, 22.5, 22.5
2026-09-22, 01:03:58, 22.5, 22.57, 22.93, 22.98, 9999.0, 9999.0, 9999.0, 23.8, 9999.0, 22.25, 9999.0, 23.02, 22.73, 22.5, 22.5, 22.5
2026-09-22, 01:04:02, 22.5, 22.57, 22.93, 22.98, 9999.0, 9999.0, 9999.0, 23.82, 9999.0, 22.27, 9999.0, 22.98, 22.73, 22.5, 22.5, 22.5
2026-09-22, 01:04:07, 22.5, 22.57, 22.93, 22.98, 9999.0, 9999.0, 9999.0, 23.86, 9999.0, 22.3, 9999.0, 22.95, 22.73, 22.5, 22.5, 22.5
2026-09-22, 01:04:11, 22.5, 22.57, 22.95, 22.98, 9999.0, 9999.0, 9999.0, 23.91, 9999.0, 22.3, 9999.0, 22.93, 22.7, 22.5, 22.5, 22.5
2026-09-22, 01:04:15, 22.5, 22.57, 22.95, 22.98, 9999.0, 9999.0, 9999.0, 23.93, 9999.0, 22.3, 9999.0, 22.91, 22.7, 22.5, 22.5, 22.5
2026-09-22, 01:04:19, 22.5, 22.57, 22.95, 22.98, 9999.0, 9999.0, 9999.0, 23.98, 9999.0, 22.3, 9999.0, 22.89, 22.7, 22.5, 22.5, 22.5
2026-09-22, 01:04:23, 22.5, 22.55, 22.95, 22.98, 9999.0, 9999.0, 9999.0, 24.02, 9999.0, 22.27, 9999.0, 22.89, 22.7, 22.5, 22.5, 22.5
2026-09-22, 01:04:27, 22.5, 22.52, 22.95, 22.98, 9999.0, 9999.0, 9999.0, 24.05, 9999.0, 22.23, 9999.0, 22.89, 22.68, 22.5, 22.5, 22.5
2026-09-22, 01:04:31, 22.5, 22.52, 22.95, 22.98, 9999.0, 9999.0, 9999.0, 24.0, 9999.0, 22.2, 9999.0, 22.89, 22.66, 22.5, 22.5, 22.5
2026-09-22, 01:04:35, 22.5, 22.5, 22.98, 22.98, 9999.0, 9999.0, 9999.0, 23.95, 9999.0, 22.18, 9999.0, 22.89, 22.64, 22.5, 22.5, 22.5
2026-09-22, 01:04:39, 22.5, 22.5, 23.0, 22.98, 9999.0, 9999.0, 9999.0, 23.91, 9999.0, 22.16, 9999.0, 22.89, 22.64, 22.5, 22.5, 22.5
2026-09-22, 01:04:43, 22.5, 22.5, 23.0, 23.0, 9999.0, 9999.0, 9999.0, 23.86, 9999.0, 22.16, 9999.0, 22.89, 22.64, 22.5, 22.5, 22.5
2026-09-22, 01:04:47, 22.5, 22.5, 23.0, 23.0, 9999.0, 9999.0, 9999.0, 23.82, 9999.0, 22.16, 9999.0, 22.91, 22.64, 22.5, 22.5, 22.5
2026-09-22, 01:04:51, 22.5, 22.5, 23.0, 23.0, 9999.0, 9999.0, 9999.0, 23.77, 9999.0, 22.16, 9999.0, 22.93, 22.64, 22.5, 22.5, 22.5
2026-09-22, 01:04:55, 22.5, 22.52, 23.0, 23.0, 9999.0, 9999.0, 9999.0, 23.73, 9999.0, 22.18, 9999.0, 22.95, 22.66, 22.5, 22.5, 22.5
2026-09-22, 01:04:59, 22.5, 22.52, 23.0, 23.0, 9999.0, 9999.0, 9999.0, 23.7, 9999.0, 22.2, 9999.0, 22.98, 22.68, 22.5, 22.5, 22.5
2026-09-22, 01:05:03, 22.5, 22.52, 23.0, 23.0, 9999.0, 9999.0, 9999.0, 23.75, 9999.0, 22.2, 9999.0, 22.98, 22.68, 22.5, 22.5, 22.5
2026-09-22, 01:05:07, 22.5, 22.55, 23.0, 23.0, 9999.0, 9999.0, 9999.0, 23.77, 9999.0, 22.2, 9999.0, 22.98, 22.68, 22.5, 22.5, 22.5
2026-09-22, 01:05:11, 22.5, 22.57, 23.0, 23.0, 9999.0, 9999.0, 9999.0, 23.82, 9999.0, 22.23, 9999.0, 22.98, 22.7, 22.5, 22.5, 22.5
2026-09-22, 01:05:15, 22.5, 22.59, 23.0, 23.0, 9999.0, 9999.0, 9999.0, 23.84, 9999.0, 22.25, 9999.0, 22.95, 22.73, 22.5, 22.5, 22.5
2026-09-22, 01:05:19, 22.5, 22.59, 23.0, 23.0, 9999.0, 9999.0, 9999.0, 23.89, 9999.0, 22.27, 9999.0, 22.93, 22.75, 22.5, 22.5, 22.5
2026-09-22, 01:05:23, 22.5, 22.59, 23.0, 22.98, 9999.0, 9999.0, 9999.0, 23.91, 9999.0, 22.3, 9999.0, 22.91, 22.75, 22.5, 22.5, 22.5
2026-09-22, 01:05:27, 22.5, 22.59, 23.0, 22.98, 9999.0, 9999.0, 9999.0, 23.93, 9999.0, 22.3, 9999.0, 22.89, 22.75, 22.5, 22.5, 22.5
2026-09-22, 01:05:31, 22.5, 22.59, 23.0, 22.98, 9999.0, 9999.0, 9999.0, 23.95, 9999.0, 22.3, 9999.0, 22.86, 22.75, 22.5, 22.5, 22.5
2026-09-22, 01:05:35, 22.5, 22.59, 23.0, 22.98, 9999.0, 9999.0, 9999.0, 24.0, 9999.0, 22.3, 9999.0, 22.84, 22.75, 22.5, 22.5, 22.5
2026-09-22, 01:05:39, 22.5, 22.57, 23.0, 22.98, 9999.0, 9999.0, 9999.0, 24.05, 9999.0, 22.27, 9999.0, 22.84, 22.75, 22.5, 22.5, 22.5
2026-09-22, 01:05:43, 22.5, 22.59, 22.98, 22.98, 9999.0, 9999.0, 9999.0, 24.09, 9999.0, 22.25, 9999.0, 22.84, 22.75, 22.5, 22.5, 22.5
2026-09-22, 01:05:47, 22.5, 22.61, 22.98, 22.98, 9999.0, 9999.0, 9999.0, 24.02, 9999.0, 22.25, 9999.0, 22.86, 22.75, 22.5, 22.5, 22.5
2026-09-22, 01:05:51, 22.5, 22.61, 22.98, 22.98, 9999.0, 9999.0, 9999.0, 23.98, 9999.0, 22.23, 9999.0, 22.86, 22.75, 22.5, 22.5, 22.5
2026-09-22, 01:05:55, 22.5, 22.61, 22.98, 22.98, 9999.0, 9999.0, 9999.0, 23.93, 9999.0, 22.23, 9999.0, 22.86, 22.75, 22.5, 22.5, 22.5
2026-09-22, 01:05:59, 22.5, 22.61, 22.95, 22.98, 9999.0, 9999.0, 9999.0, 23.89, 9999.0, 22.23, 9999.0, 22.89, 22.75, 22.5, 22.5, 22.5
2026-09-22, 01:06:03, 22.5, 22.64, 22.95, 22.98, 9999.0, 9999.0, 9999.0, 23.82, 9999.0, 22.23, 9999.0, 22.91, 22.75, 22.5, 22.5, 22.5
2026-09-22, 01:06:07, 22.5, 22.64, 22.95, 23.0, 9999.0, 9999.0, 9999.0, 23.77, 9999.0, 22.23, 9999.0, 22.93, 22.75, 22.5, 22.5, 22.5
2026-09-22, 01:06:11, 22.5, 22.66, 22.95, 23.0, 9999.0, 9999.0, 9999.0, 23.73, 9999.0, 22.25, 9999.0, 22.95, 22.75, 22.5, 22.5, 22.5
2026-09-22, 01:06:15, 22.5, 22.66, 22.95, 23.0, 9999.0, 9999.0, 9999.0, 23.7, 9999.0, 22.27, 9999.0, 22.98, 22.75, 22.5, 22.5, 22.5
2026-09-22, 01:06:19, 22.5, 22.68, 22.93, 23.0, 9999.0, 9999.0, 9999.0, 23.73, 9999.0, 22.3, 9999.0, 22.98, 22.75, 22.5, 22.5, 22.5
2026-09-22, 01:06:23, 22.5, 22.68, 22.91, 23.0, 9999.0, 9999.0, 9999.0, 23.75, 9999.0, 22.32, 9999.0, 22.98, 22.75, 22.5, 22.5, 22.5
2026-09-22, 01:06:27, 22.5, 22.66, 22.93, 22.98, 9999.0, 9999.0, 9999.0, 23.75, 9999.0, 22.34, 9999.0, 22.98, 22.75, 22.5, 22.5, 22.5
2026-09-22, 01:06:31, 22.5, 22.64, 22.93, 22.98, 9999.0, 9999.0, 9999.0, 23.77, 9999.0, 22.34, 9999.0, 22.98, 22.75, 22.48, 22.5, 22.5
2026-09-22, 01:06:35, 22.5, 22.61, 22.93, 22.98, 9999.0, 9999.0, 9999.0, 23.8, 9999.0, 22.36, 9999.0, 22.95, 22.75, 22.48, 22.5, 22.5
2026-09-22, 01:06:39, 22.5, 22.61, 22.93, 22.98, 9999.0, 9999.0, 9999.0, 23.82, 9999.0, 22.36, 9999.0, 22.93, 22.75, 22.48, 22.5, 22.5
2026-09-22, 01:06:43, 22.5, 22.59, 22.95, 22.98, 9999.0, 9999.0, 9999.0, 23.86, 9999.0, 22.36, 9999.0, 22.91, 22.75, 22.48, 22.5, 22.5
2026-09-22, 01:06:47, 22.5, 22.57, 22.93, 22.98, 9999.0, 9999.0, 9999.0, 23.89, 9999.0, 22.36, 9999.0, 22.89, 22.75, 22.48, 22.5, 22.5
2026-09-22, 01:06:51, 22.5, 22.57, 22.91, 22.95, 9999.0, 9999.0, 9999.0, 23.93, 9999.0, 22.36, 9999.0, 22.86, 22.75, 22.48, 22.5, 22.5
2026-09-22, 01:06:55, 22.5, 22.55, 22.91, 22.93, 9999.0, 9999.0, 9999.0, 23.95, 9999.0, 22.34, 9999.0, 22.86, 22.75, 22.45, 22.5, 22.5
2026-09-22, 01:06:59, 22.5, 22.57, 22.91, 22.93, 9999.0, 9999.0, 9999.0, 23.98, 9999.0, 22.32, 9999.0, 22.86, 22.75, 22.45, 22.5, 22.5
2026-09-22, 01:07:03, 22.5, 22.55, 22.93, 22.93, 9999.0, 9999.0, 9999.0, 23.93, 9999.0, 22.3, 9999.0, 22.89, 22.73, 22.45, 22.5, 22.5
2026-09-22, 01:07:07, 22.5, 22.57, 22.93, 22.93, 9999.0, 9999.0, 9999.0, 23.89, 9999.0, 22.27, 9999.0, 22.89, 22.73, 22.45, 22.5, 22.5
2026-09-22, 01:07:11, 22.5, 22.57, 22.93, 22.93, 9999.0, 9999.0, 9999.0, 23.86, 9999.0, 22.25, 9999.0, 22.89, 22.73, 22.45, 22.5, 22.5
2026-09-22, 01:07:15, 22.5, 22.59, 22.93, 22.93, 9999.0, 9999.0, 9999.0, 23.84, 9999.0, 22.27, 9999.0, 22.89, 22.73, 22.48, 22.5, 22.5
2026-09-22, 01:07:19, 22.5, 22.59, 22.91, 22.93, 9999.0, 9999.0, 9999.0, 23.82, 9999.0, 22.3, 9999.0, 22.91, 22.73, 22.48, 22.5, 22.5
2026-09-22, 01:07:23, 22.5, 22.57, 22.91, 22.93, 9999.0, 9999.0, 9999.0, 23.8, 9999.0, 22.3, 9999.0, 22.93, 22.73, 22.48, 22.5, 22.5
2026-09-22, 01:07:27, 22.5, 22.59, 22.91, 22.93, 9999.0, 9999.0, 9999.0, 23.75, 9999.0, 22.32, 9999.0, 22.95, 22.73, 22.48, 22.5, 22.5
2026-09-22, 01:07:31, 22.5, 22.61, 22.93, 22.93, 9999.0, 9999.0, 9999.0, 23.73, 9999.0, 22.34, 9999.0, 22.98, 22.73, 22.48, 22.5, 22.5
2026-09-22, 01:07:35, 22.5, 22.61, 22.95, 22.95, 9999.0, 9999.0, 9999.0, 23.75, 9999.0, 22.36, 9999.0, 23.0, 22.73, 22.48, 22.5, 22.5
2026-09-22, 01:07:40, 22.5, 22.61, 22.93, 22.98, 9999.0, 9999.0, 9999.0, 23.8, 9999.0, 22.39, 9999.0, 23.0, 22.73, 22.5, 22.5, 22.5
2026-09-22, 01:07:44, 22.5, 22.61, 22.93, 22.95, 9999.0, 9999.0, 9999.0, 23.84, 9999.0, 22.41, 9999.0, 23.0, 22.73, 22.5, 22.5, 22.5
2026-09-22, 01:07:48, 22.5, 22.61, 22.93, 22.95, 9999.0, 9999.0, 9999.0, 23.89, 9999.0, 22.43, 9999.0, 23.0, 22.75, 22.5, 22.5, 22.5
2026-09-22, 01:07:52, 22.5, 22.59, 22.93, 22.95, 9999.0, 9999.0, 9999.0, 23.93, 9999.0, 22.45, 9999.0, 22.98, 22.75, 22.5, 22.5, 22.5
2026-09-22, 01:07:56, 22.5, 22.61, 22.93, 22.98, 9999.0, 9999.0, 9999.0, 23.98, 9999.0, 22.45, 9999.0, 22.95, 22.75, 22.5, 22.5, 22.5
2026-09-22, 01:08:00, 22.5, 22.59, 22.93, 22.98, 9999.0, 9999.0, 9999.0, 24.0, 9999.0, 22.45, 9999.0, 22.93, 22.75, 22.5, 22.5, 22.5
2026-09-22, 01:08:04, 22.5, 22.59, 22.95, 22.98, 9999.0, 9999.0, 9999.0, 24.02, 9999.0, 22.43, 9999.0, 22.91, 22.73, 22.5, 22.5, 22.5
2026-09-22, 01:08:08, 22.5, 22.61, 22.95, 22.98, 9999.0, 9999.0, 9999.0, 24.05, 9999.0, 22.43, 9999.0, 22.89, 22.73, 22.5, 22.5, 22.5
2026-09-22, 01:08:12, 22.5, 22.59, 22.95, 22.98, 9999.0, 9999.0, 9999.0, 24.09, 9999.0, 22.43, 9999.0, 22.89, 22.73, 22.5, 22.5, 22.5
2026-09-22, 01:08:16, 22.5, 22.59, 22.93, 22.98, 9999.0, 9999.0, 9999.0, 24.14, 9999.0, 22.41, 9999.0, 22.89, 22.7, 22.5, 22.5, 22.5
2026-09-22, 01:08:20, 22.5, 22.59, 22.93, 22.98, 9999.0, 9999.0, 9999.0, 24.11, 9999.0, 22.39, 9999.0, 22.89, 22.7, 22.5, 22.5, 22.5
2026-09-22, 01:08:24, 22.5, 22.61, 22.93, 22.98, 9999.0, 9999.0, 9999.0, 24.09, 9999.0, 22.36, 9999.0, 22.91, 22.7, 22.5, 22.5, 22.5
2026-09-22, 01:08:28, 22.5, 22.61, 22.93, 23.0, 9999.0, 9999.0, 9999.0, 24.07, 9999.0, 22.34, 9999.0, 22.91, 22.7, 22.5, 22.5, 22.5
2026-09-22, 01:08:32, 22.5, 22.64, 22.91, 23.0, 9999.0, 9999.0, 9999.0, 24.02, 9999.0, 22.32, 9999.0, 22.91, 22.7, 22.5, 22.5, 22.5
2026-09-22, 01:08:36, 22.5, 22.66, 22.93, 23.0, 9999.0, 9999.0, 9999.0, 23.98, 9999.0, 22.32, 9999.0, 22.93, 22.7, 22.5, 22.5, 22.5
2026-09-22, 01:08:40, 22.5, 22.64, 22.93, 23.0, 9999.0, 9999.0, 9999.0, 23.93, 9999.0, 22.34, 9999.0, 22.95, 22.7, 22.5, 22.5, 22.5
2026-09-22, 01:08:44, 22.5, 22.64, 22.93, 23.0, 9999.0, 9999.0, 9999.0, 23.91, 9999.0, 22.36, 9999.0, 22.98, 22.7, 22.5, 22.5, 22.5
2026-09-22, 01:08:48, 22.5, 22.66, 22.93, 23.0, 9999.0, 9999.0, 9999.0, 23.86, 9999.0, 22.41, 9999.0, 23.0, 22.73, 22.5, 22.5, 22.5
2026-09-22, 01:08:52, 22.5, 22.64, 22.93, 23.0, 9999.0, 9999.0, 9999.0, 23.82, 9999.0, 22.45, 9999.0, 23.02, 22.73, 22.5, 22.5, 22.5
2026-09-22, 01:08:56, 22.5, 22.66, 22.91, 23.0, 9999.0, 9999.0, 9999.0, 23.86, 9999.0, 22.45, 9999.0, 23.02, 22.73, 22.5, 22.5, 22.5
2026-09-22, 01:09:00, 22.5, 22.64, 22.93, 22.98, 9999.0, 9999.0, 9999.0, 23.89, 9999.0, 22.48, 9999.0, 23.02, 22.75, 22.5, 22.5, 22.5
2026-09-22, 01:09:04, 22.5, 22.64, 22.93, 22.98, 9999.0, 9999.0, 9999.0, 23.91, 9999.0, 22.5, 9999.0, 23.02, 22.75, 22.5, 22.5, 22.5
2026-09-22, 01:09:08, 22.5, 22.64, 22.95, 22.98, 9999.0, 9999.0, 9999.0, 23.93, 9999.0, 22.52, 9999.0, 22.98, 22.75, 22.5, 22.5, 22.5
2026-09-22, 01:09:12, 22.5, 22.61, 22.95, 22.98, 9999.0, 9999.0, 9999.0, 23.93, 9999.0, 22.55, 9999.0, 22.95, 22.75, 22.5, 22.5, 22.5
2026-09-22, 01:09:16, 22.5, 22.61, 22.95, 22.98, 9999.0, 9999.0, 9999.0, 23.95, 9999.0, 22.57, 9999.0, 22.93, 22.75, 22.48, 22.5, 22.5
2026-09-22, 01:09:20, 22.5, 22.59, 22.93, 22.98, 9999.0, 9999.0, 9999.0, 23.98, 9999.0, 22.55, 9999.0, 22.91, 22.73, 22.48, 22.5, 22.5
2026-09-22, 01:09:24, 22.5, 22.61, 22.93, 22.98, 9999.0, 9999.0, 9999.0, 24.02, 9999.0, 22.55, 9999.0, 22.89, 22.73, 22.48, 22.5, 22.5
2026-09-22, 01:09:28, 22.5, 22.61, 22.93, 22.95, 9999.0, 9999.0, 9999.0, 24.05, 9999.0, 22.52, 9999.0, 22.86, 22.7, 22.48, 22.5, 22.5
2026-09-22, 01:09:32, 22.5, 22.61, 22.91, 22.93, 9999.0, 9999.0, 9999.0, 24.09, 9999.0, 22.5, 9999.0, 22.84, 22.7, 22.48, 22.5, 22.5
2026-09-22, 01:09:36, 22.5, 22.61, 22.91, 22.93, 9999.0, 9999.0, 9999.0, 24.11, 9999.0, 22.48, 9999.0, 22.84, 22.68, 22.48, 22.5, 22.5
2026-09-22, 01:09:40, 22.5, 22.59, 22.93, 22.93, 9999.0, 9999.0, 9999.0, 24.07, 9999.0, 22.48, 9999.0, 22.84, 22.68, 22.48, 22.5, 22.5
2026-09-22, 01:09:44, 22.5, 22.61, 22.91, 22.93, 9999.0, 9999.0, 9999.0, 24.05, 9999.0, 22.48, 9999.0, 22.84, 22.68, 22.48, 22.5, 22.5
2026-09-22, 01:09:48, 22.5, 22.64, 22.91, 22.93, 9999.0, 9999.0, 9999.0, 24.0, 9999.0, 22.48, 9999.0, 22.84, 22.66, 22.48, 22.5, 22.5
2026-09-22, 01:09:52, 22.5, 22.64, 22.91, 22.93, 9999.0, 9999.0, 9999.0, 23.95, 9999.0, 22.5, 9999.0, 22.86, 22.66, 22.48, 22.5, 22.5
2026-09-22, 01:09:56, 22.5, 22.64, 22.91, 22.93, 9999.0, 9999.0, 9999.0, 23.93, 9999.0, 22.52, 9999.0, 22.86, 22.66, 22.48, 22.5, 22.5
2026-09-22, 01:10:00, 22.5, 22.64, 22.93, 22.93, 9999.0, 9999.0, 9999.0, 23.91, 9999.0, 22.55, 9999.0, 22.89, 22.66, 22.5, 22.5, 22.5
2026-09-22, 01:10:04, 22.5, 22.64, 22.95, 22.93, 9999.0, 9999.0, 9999.0, 23.89, 9999.0, 22.59, 9999.0, 22.91, 22.68, 22.5, 22.5, 22.5
2026-09-22, 01:10:08, 22.5, 22.64, 22.95, 22.93, 9999.0, 9999.0, 9999.0, 23.82, 9999.0, 22.61, 9999.0, 22.93, 22.68, 22.5, 22.5, 22.5
2026-09-22, 01:10:12, 22.5, 22.66, 22.95, 22.95, 9999.0, 9999.0, 9999.0, 23.86, 9999.0, 22.64, 9999.0, 22.95, 22.7, 22.5, 22.5, 22.5
2026-09-22, 01:10:16, 22.5, 22.66, 22.95, 22.98, 9999.0, 9999.0, 9999.0, 23.91, 9999.0, 22.66, 9999.0, 22.98, 22.7, 22.5, 22.5, 22.5
2026-09-22, 01:10:20, 22.5, 22.66, 22.93, 22.98, 9999.0, 9999.0, 9999.0, 23.98, 9999.0, 22.68, 9999.0, 22.95, 22.73, 22.5, 22.5, 22.5
2026-09-22, 01:10:24, 22.5, 22.66, 22.91, 22.98, 9999.0, 9999.0, 9999.0, 24.0, 9999.0, 22.7, 9999.0, 22.93, 22.73, 22.5, 22.5, 22.5
2026-09-22, 01:10:28, 22.5, 22.64, 22.91, 23.0, 9999.0, 9999.0, 9999.0, 24.02, 9999.0, 22.7, 9999.0, 22.91, 22.73, 22.5, 22.5, 22.5
2026-09-22, 01:10:32, 22.5, 22.64, 22.91, 23.0, 9999.0, 9999.0, 9999.0, 24.07, 9999.0, 22.7, 9999.0, 22.89, 22.73, 22.5, 22.5, 22.5
2026-09-22, 01:10:36, 22.5, 22.64, 22.89, 23.0, 9999.0, 9999.0, 9999.0, 24.11, 9999.0, 22.68, 9999.0, 22.86, 22.7, 22.5, 22.5, 22.5
2026-09-22, 01:10:40, 22.5, 22.64, 22.89, 23.0, 9999.0, 9999.0, 9999.0, 24.14, 9999.0, 22.66, 9999.0, 22.86, 22.7, 22.5, 22.5, 22.5
2026-09-22, 01:10:44, 22.5, 22.64, 22.89, 23.0, 9999.0, 9999.0, 9999.0, 24.18, 9999.0, 22.66, 9999.0, 22.84, 22.68, 22.5, 22.5, 22.5
2026-09-22, 01:10:48, 22.5, 22.66, 22.89, 23.0, 9999.0, 9999.0, 9999.0, 24.23, 9999.0, 22.64, 9999.0, 22.84, 22.68, 22.5, 22.5, 22.5
2026-09-22, 01:10:52, 22.5, 22.66, 22.89, 23.0, 9999.0, 9999.0, 9999.0, 24.27, 9999.0, 22.61, 9999.0, 22.82, 22.66, 22.5, 22.5, 22.5
2026-09-22, 01:10:56, 22.5, 22.66, 22.89, 23.0, 9999.0, 9999.0, 9999.0, 24.23, 9999.0, 22.59, 9999.0, 22.82, 22.64, 22.5, 22.5, 22.5
2026-09-22, 01:11:00, 22.5, 22.66, 22.89, 23.0, 9999.0, 9999.0, 9999.0, 24.18, 9999.0, 22.57, 9999.0, 22.82, 22.64, 22.5, 22.5, 22.5
2026-09-22, 01:11:04, 22.5, 22.66, 22.89, 23.0, 9999.0, 9999.0, 9999.0, 24.11, 9999.0, 22.55, 9999.0, 22.84, 22.64, 22.5, 22.5, 22.5
2026-09-22, 01:11:08, 22.5, 22.66, 22.91, 23.0, 9999.0, 9999.0, 9999.0, 24.07, 9999.0, 22.55, 9999.0, 22.86, 22.64, 22.5, 22.5, 22.5
2026-09-22, 01:11:12, 22.5, 22.66, 22.93, 23.0, 9999.0, 9999.0, 9999.0, 24.02, 9999.0, 22.57, 9999.0, 22.89, 22.64, 22.5, 22.5, 22.5
2026-09-22, 01:11:16, 22.5, 22.66, 22.91, 23.0, 9999.0, 9999.0, 9999.0, 23.98, 9999.0, 22.61, 9999.0, 22.91, 22.66, 22.5, 22.5, 22.5
2026-09-22, 01:11:20, 22.5, 22.66, 22.93, 23.0, 9999.0, 9999.0, 9999.0, 23.93, 9999.0, 22.66, 9999.0, 22.93, 22.68, 22.5, 22.5, 22.5
2026-09-22, 01:11:25, 22.5, 22.68, 22.91, 23.0, 9999.0, 9999.0, 9999.0, 23.91, 9999.0, 22.68, 9999.0, 22.95, 22.68, 22.5, 22.5, 22.5
2026-09-22, 01:11:29, 22.5, 22.68, 22.91, 23.0, 9999.0, 9999.0, 9999.0, 23.93, 9999.0, 22.68, 9999.0, 22.98, 22.7, 22.5, 22.5, 22.5
2026-09-22, 01:11:33, 22.5, 22.68, 22.91, 23.0, 9999.0, 9999.0, 9999.0, 23.93, 9999.0, 22.7, 9999.0, 22.98, 22.68, 22.5, 22.5, 22.5
2026-09-22, 01:11:37, 22.5, 22.66, 22.91, 23.0, 9999.0, 9999.0, 9999.0, 23.95, 9999.0, 22.73, 9999.0, 23.0, 22.7, 22.5, 22.5, 22.5
2026-09-22, 01:11:41, 22.5, 22.66, 22.91, 23.0, 9999.0, 9999.0, 9999.0, 23.98, 9999.0, 22.75, 9999.0, 22.98, 22.73, 22.5, 22.5, 22.5
2026-09-22, 01:11:45, 22.5, 22.64, 22.93, 22.98, 9999.0, 9999.0, 9999.0, 24.0, 9999.0, 22.77, 9999.0, 22.95, 22.73, 22.5, 22.5, 22.5
2026-09-22, 01:11:49, 22.5, 22.64, 22.95, 22.98, 9999.0, 9999.0, 9999.0, 24.05, 9999.0, 22.8, 9999.0, 22.93, 22.73, 22.5, 22.5, 22.5
2026-09-22, 01:11:53, 22.5, 22.66, 22.95, 22.98, 9999.0, 9999.0, 9999.0, 24.09, 9999.0, 22.8, 9999.0, 22.91, 22.73, 22.5, 22.5, 22.5
2026-09-22, 01:11:57, 22.5, 22.66, 22.93, 22.95, 9999.0, 9999.0, 9999.0, 24.11, 9999.0, 22.8, 9999.0, 22.89, 22.73, 22.5, 22.5, 22.5
2026-09-22, 01:12:01, 22.5, 22.66, 22.95, 22.95, 9999.0, 9999.0, 9999.0, 24.14, 9999.0, 22.77, 9999.0, 22.86, 22.73, 22.5, 22.5, 22.5
2026-09-22, 01:12:05, 22.5, 22.64, 22.95, 22.95, 9999.0, 9999.0, 9999.0, 24.16, 9999.0, 22.75, 9999.0, 22.86, 22.7, 22.5, 22.5, 22.5
2026-09-22, 01:12:09, 22.5, 22.64, 22.98, 22.95, 9999.0, 9999.0, 9999.0, 24.18, 9999.0, 22.73, 9999.0, 22.86, 22.68, 22.5, 22.5, 22.5
2026-09-22, 01:12:13, 22.5, 22.64, 22.95, 22.95, 9999.0, 9999.0, 9999.0, 24.14, 9999.0, 22.7, 9999.0, 22.86, 22.68, 22.5, 22.5, 22.5
2026-09-22, 01:12:17, 22.5, 22.61, 22.95, 22.95, 9999.0, 9999.0, 9999.0, 24.09, 9999.0, 22.7, 9999.0, 22.86, 22.7, 22.5, 22.5, 22.5
2026-09-22, 01:12:21, 22.5, 22.61, 22.95, 22.95, 9999.0, 9999.0, 9999.0, 24.05, 9999.0, 22.68, 9999.0, 22.86, 22.7, 22.5, 22.5, 22.5
2026-09-22, 01:12:25, 22.5, 22.61, 22.93, 22.95, 9999.0, 9999.0, 9999.0, 24.02, 9999.0, 22.68, 9999.0, 22.89, 22.7, 22.5, 22.5, 22.5
2026-09-22, 01:12:29, 22.5, 22.64, 22.93, 22.98, 9999.0, 9999.0, 9999.0, 23.98, 9999.0, 22.68, 9999.0, 22.91, 22.68, 22.5, 22.5, 22.5
2026-09-22, 01:12:33, 22.5, 22.66, 22.93, 22.98, 9999.0, 9999.0, 9999.0, 23.93, 9999.0, 22.7, 9999.0, 22.93, 22.68, 22.5, 22.5, 22.5
2026-09-22, 01:12:37, 22.5, 22.66, 22.91, 22.98, 9999.0, 9999.0, 9999.0, 23.89, 9999.0, 22.73, 9999.0, 22.95, 22.68, 22.5, 22.5, 22.5
2026-09-22, 01:12:41, 22.5, 22.68, 22.93, 23.0, 9999.0, 9999.0, 9999.0, 23.86, 9999.0, 22.75, 9999.0, 22.98, 22.68, 22.5, 22.5, 22.5
2026-09-22, 01:12:45, 22.5, 22.68, 22.93, 23.0, 9999.0, 9999.0, 9999.0, 23.91, 9999.0, 22.77, 9999.0, 23.0, 22.68, 22.5, 22.5, 22.5
2026-09-22, 01:12:49, 22.5, 22.7, 22.93, 23.0, 9999.0, 9999.0, 9999.0, 23.95, 9999.0, 22.77, 9999.0, 22.98, 22.7, 22.5, 22.5, 22.5
2026-09-22, 01:12:53, 22.5, 22.68, 22.93, 23.0, 9999.0, 9999.0, 9999.0, 23.98, 9999.0, 22.8, 9999.0, 22.98, 22.73, 22.5, 22.5, 22.5
2026-09-22, 01:12:57, 22.5, 22.68, 22.95, 23.0, 9999.0, 9999.0, 9999.0, 24.0, 9999.0, 22.82, 9999.0, 22.95, 22.73, 22.5, 22.5, 22.5
2026-09-22, 01:13:01, 22.5, 22.7, 22.95, 23.0, 9999.0, 9999.0, 9999.0, 24.05, 9999.0, 22.82, 9999.0, 22.93, 22.73, 22.5, 22.5, 22.5
2026-09-22, 01:13:05, 22.5, 22.73, 22.95, 23.0, 9999.0, 9999.0, 9999.0, 24.09, 9999.0, 22.84, 9999.0, 22.91, 22.73, 22.5, 22.5, 22.5
2026-09-22, 01:13:09, 22.5, 22.7, 22.98, 23.0, 9999.0, 9999.0, 9999.0, 24.09, 9999.0, 22.84, 9999.0, 22.89, 22.7, 22.5, 22.5, 22.5
2026-09-22, 01:13:13, 22.5, 22.68, 22.98, 23.0, 9999.0, 9999.0, 9999.0, 24.11, 9999.0, 22.84, 9999.0, 22.86, 22.73, 22.5, 22.5, 22.5
2026-09-22, 01:13:17, 22.5, 22.68, 22.98, 23.0, 9999.0, 9999.0, 9999.0, 24.16, 9999.0, 22.82, 9999.0, 22.84, 22.7, 22.48, 22.5, 22.5
2026-09-22, 01:13:21, 22.5, 22.68, 23.0, 23.0, 9999.0, 9999.0, 9999.0, 24.18, 9999.0, 22.8, 9999.0, 22.84, 22.68, 22.48, 22.5, 22.5
2026-09-22, 01:13:25, 22.5, 22.68, 23.0, 23.0, 9999.0, 9999.0, 9999.0, 24.2, 9999.0, 22.77, 9999.0, 22.84, 22.66, 22.48, 22.5, 22.5
2026-09-22, 01:13:29, 22.5, 22.68, 23.0, 23.0, 9999.0, 9999.0, 9999.0, 24.16, 9999.0, 22.75, 9999.0, 22.84, 22.64, 22.48, 22.5, 22.5
2026-09-22, 01:13:33, 22.5, 22.68, 23.0, 23.0, 9999.0, 9999.0, 9999.0, 24.11, 9999.0, 22.73, 9999.0, 22.86, 22.64, 22.48, 22.5, 22.5
2026-09-22, 01:13:37, 22.5, 22.7, 23.0, 23.0, 9999.0, 9999.0, 9999.0, 24.09, 9999.0, 22.73, 9999.0, 22.86, 22.61, 22.48, 22.5, 22.5
2026-09-22, 01:13:41, 22.5, 22.7, 23.0, 23.0, 9999.0, 9999.0, 9999.0, 24.07, 9999.0, 22.73, 9999.0, 22.89, 22.61, 22.48, 22.5, 22.5
2026-09-22, 01:13:45, 22.5, 22.68, 23.0, 23.0, 9999.0, 9999.0, 9999.0, 24.02, 9999.0, 22.73, 9999.0, 22.91, 22.61, 22.48, 22.5, 22.5
2026-09-22, 01:13:49, 22.5, 22.68, 23.0, 23.0, 9999.0, 9999.0, 9999.0, 23.98, 9999.0, 22.75, 9999.0, 22.93, 22.61, 22.48, 22.5, 22.5
2026-09-22, 01:13:53, 22.5, 22.7, 23.0, 23.0, 9999.0, 9999.0, 9999.0, 23.95, 9999.0, 22.77, 9999.0, 22.95, 22.64, 22.45, 22.5, 22.5
2026-09-22, 01:13:57, 22.5, 22.7, 23.0, 23.0, 9999.0, 9999.0, 9999.0, 23.93, 9999.0, 22.8, 9999.0, 22.98, 22.64, 22.43, 22.5, 22.5
2026-09-22, 01:14:01, 22.5, 22.7, 23.0, 23.0, 9999.0, 9999.0, 9999.0, 23.95, 9999.0, 22.82, 9999.0, 23.0, 22.66, 22.45, 22.5, 22.5
2026-09-22, 01:14:05, 22.5, 22.7, 23.0, 23.0, 9999.0, 9999.0, 9999.0, 24.0, 9999.0, 22.84, 9999.0, 23.0, 22.66, 22.45, 22.5, 22.5
2026-09-22, 01:14:09, 22.5, 22.68, 22.98, 23.0, 9999.0, 9999.0, 9999.0, 24.02, 9999.0, 22.86, 9999.0, 22.98, 22.68, 22.45, 22.5, 22.5
2026-09-22, 01:14:13, 22.5, 22.68, 22.98, 23.0, 9999.0, 9999.0, 9999.0, 24.05, 9999.0, 22.86, 9999.0, 22.95, 22.7, 22.45, 22.5, 22.5
2026-09-22, 01:14:17, 22.5, 22.68, 22.98, 23.0, 9999.0, 9999.0, 9999.0, 24.07, 9999.0, 22.89, 9999.0, 22.93, 22.7, 22.45, 22.5, 22.5
2026-09-22, 01:14:21, 22.5, 22.68, 22.98, 23.0, 9999.0, 9999.0, 9999.0, 24.09, 9999.0, 22.89, 9999.0, 22.91, 22.73, 22.45, 22.5, 22.5
2026-09-22, 01:14:25, 22.5, 22.68, 22.98, 23.0, 9999.0, 9999.0, 9999.0, 24.11, 9999.0, 22.89, 9999.0, 22.89, 22.73, 22.45, 22.5, 22.5
2026-09-22, 01:14:29, 22.5, 22.7, 22.98, 23.0, 9999.0, 9999.0, 9999.0, 24.16, 9999.0, 22.89, 9999.0, 22.86, 22.7, 22.45, 22.5, 22.5
2026-09-22, 01:14:33, 22.5, 22.68, 22.98, 23.0, 9999.0, 9999.0, 9999.0, 24.2, 9999.0, 22.86, 9999.0, 22.84, 22.7, 22.45, 22.5, 22.5
2026-09-22, 01:14:37, 22.5, 22.68, 22.98, 23.0, 9999.0, 9999.0, 9999.0, 24.25, 9999.0, 22.84, 9999.0, 22.84, 22.68, 22.48, 22.5, 22.5
2026-09-22, 01:14:41, 22.5, 22.68, 22.98, 23.0, 9999.0, 9999.0, 9999.0, 24.27, 9999.0, 22.82, 9999.0, 22.84, 22.68, 22.5, 22.5, 22.5
2026-09-22, 01:14:45, 22.5, 22.66, 22.98, 23.0, 9999.0, 9999.0, 9999.0, 24.23, 9999.0, 22.8, 9999.0, 22.84, 22.68, 22.5, 22.5, 22.5
2026-09-22, 01:14:49, 22.5, 22.66, 22.98, 23.0, 9999.0, 9999.0, 9999.0, 24.18, 9999.0, 22.75, 9999.0, 22.84, 22.7, 22.5, 22.5, 22.5
2026-09-22, 01:14:53, 22.5, 22.68, 22.98, 23.0, 9999.0, 9999.0, 9999.0, 24.14, 9999.0, 22.7, 9999.0, 22.86, 22.7, 22.5, 22.5, 22.5
2026-09-22, 01:14:57, 22.5, 22.66, 22.98, 23.0, 9999.0, 9999.0, 9999.0, 24.11, 9999.0, 22.7, 9999.0, 22.89, 22.68, 22.5, 22.5, 22.5
2026-09-22, 01:15:01, 22.5, 22.66, 22.98, 23.0, 9999.0, 9999.0, 9999.0, 24.07, 9999.0, 22.7, 9999.0, 22.91, 22.68, 22.5, 22.5, 22.5
2026-09-22, 01:15:05, 22.5, 22.66, 22.98, 23.0, 9999.0, 9999.0, 9999.0, 24.02, 9999.0, 22.73, 9999.0, 22.93, 22.68, 22.5, 22.5, 22.5
2026-09-22, 01:15:09, 22.5, 22.66, 22.98, 23.0, 9999.0, 9999.0, 9999.0, 23.98, 9999.0, 22.75, 9999.0, 22.95, 22.68, 22.5, 22.5, 22.5
2026-09-22, 01:15:13, 22.5, 22.66, 22.98, 23.0, 9999.0, 9999.0, 9999.0, 23.93, 9999.0, 22.77, 9999.0, 22.98, 22.7, 22.5, 22.5, 22.5
2026-09-22, 01:15:18, 22.5, 22.66, 22.98, 23.0, 9999.0, 9999.0, 9999.0, 23.95, 9999.0, 22.77, 9999.0, 22.98, 22.7, 22.5, 22.5, 22.48
2026-09-22, 01:15:22, 22.5, 22.66, 22.98, 23.0, 9999.0, 9999.0, 9999.0, 23.98, 9999.0, 22.77, 9999.0, 22.98, 22.73, 22.5, 22.5, 22.48
2026-09-22, 01:15:26, 22.5, 22.66, 22.98, 23.0, 9999.0, 9999.0, 9999.0, 24.02, 9999.0, 22.77, 9999.0, 22.95, 22.7, 22.5, 22.5, 22.48
2026-09-22, 01:15:30, 22.5, 22.66, 22.98, 23.0, 9999.0, 9999.0, 9999.0, 24.05, 9999.0, 22.8, 9999.0, 22.93, 22.7, 22.5, 22.5, 22.48
2026-09-22, 01:15:34, 22.5, 22.66, 22.98, 23.0, 9999.0, 9999.0, 9999.0, 24.07, 9999.0, 22.82, 9999.0, 22.91, 22.7, 22.5, 22.5, 22.48
2026-09-22, 01:15:38, 22.5, 22.66, 23.0, 23.0, 9999.0, 9999.0, 9999.0, 24.11, 9999.0, 22.84, 9999.0, 22.89, 22.7, 22.5, 22.5, 22.48
2026-09-22, 01:15:42, 22.5, 22.68, 23.0, 23.0, 9999.0, 9999.0, 9999.0, 24.14, 9999.0, 22.84, 9999.0, 22.86, 22.7, 22.5, 22.5, 22.48
2026-09-22, 01:15:46, 22.5, 22.66, 23.0, 23.0, 9999.0, 9999.0, 9999.0, 24.18, 9999.0, 22.84, 9999.0, 22.84, 22.7, 22.5, 22.5, 22.48
2026-09-22, 01:15:50, 22.5, 22.66, 23.0, 23.0, 9999.0, 9999.0, 9999.0, 24.2, 9999.0, 22.82, 9999.0, 22.82, 22.68, 22.5, 22.5, 22.48
2026-09-22, 01:15:54, 22.5, 22.66, 23.0, 23.0, 9999.0, 9999.0, 9999.0, 24.25, 9999.0, 22.77, 9999.0, 22.82, 22.66, 22.5, 22.5, 22.48
2026-09-22, 01:15:58, 22.5, 22.66, 22.98, 23.0, 9999.0, 9999.0, 9999.0, 24.27, 9999.0, 22.75, 9999.0, 22.82, 22.64, 22.5, 22.5, 22.48
2026-09-22, 01:16:02, 22.5, 22.66, 22.98, 23.0, 9999.0, 9999.0, 9999.0, 24.23, 9999.0, 22.73, 9999.0, 22.84, 22.64, 22.5, 22.5, 22.5
2026-09-22, 01:16:06, 22.5, 22.66, 22.98, 23.0, 9999.0, 9999.0, 9999.0, 24.18, 9999.0, 22.7, 9999.0, 22.84, 22.64, 22.5, 22.5, 22.5
2026-09-22, 01:16:10, 22.5, 22.66, 22.98, 23.0, 9999.0, 9999.0, 9999.0, 24.11, 9999.0, 22.68, 9999.0, 22.86, 22.64, 22.5, 22.5, 22.5
2026-09-22, 01:16:14, 22.5, 22.66, 22.98, 22.98, 9999.0, 9999.0, 9999.0, 24.07, 9999.0, 22.66, 9999.0, 22.89, 22.64, 22.5, 22.5, 22.5
2026-09-22, 01:16:18, 22.5, 22.66, 22.98, 22.98, 9999.0, 9999.0, 9999.0, 24.02, 9999.0, 22.66, 9999.0, 22.91, 22.64, 22.5, 22.5, 22.5
2026-09-22, 01:16:22, 22.5, 22.66, 22.98, 22.95, 9999.0, 9999.0, 9999.0, 23.98, 9999.0, 22.68, 9999.0, 22.93, 22.64, 22.5, 22.5, 22.5
2026-09-22, 01:16:26, 22.5, 22.66, 22.98, 22.95, 9999.0, 9999.0, 9999.0, 23.93, 9999.0, 22.7, 9999.0, 22.95, 22.66, 22.5, 22.5, 22.5
2026-09-22, 01:16:30, 22.5, 22.68, 22.98, 22.95, 9999.0, 9999.0, 9999.0, 23.89, 9999.0, 22.73, 9999.0, 22.98, 22.66, 22.5, 22.5, 22.5
2026-09-22, 01:16:34, 22.5, 22.68, 22.98, 22.95, 9999.0, 9999.0, 9999.0, 23.93, 9999.0, 22.75, 9999.0, 23.0, 22.68, 22.5, 22.5, 22.5
2026-09-22, 01:16:38, 22.5, 22.68, 22.98, 22.95, 9999.0, 9999.0, 9999.0, 23.95, 9999.0, 22.77, 9999.0, 23.0, 22.68, 22.5, 22.5, 22.5
2026-09-22, 01:16:42, 22.5, 22.68, 23.0, 22.95, 9999.0, 9999.0, 9999.0, 24.0, 9999.0, 22.77, 9999.0, 22.98, 22.68, 22.5, 22.5, 22.5
2026-09-22, 01:16:46, 22.5, 22.7, 23.0, 22.93, 9999.0, 9999.0, 9999.0, 24.02, 9999.0, 22.8, 9999.0, 22.95, 22.68, 22.5, 22.5, 22.5
2026-09-22, 01:16:50, 22.5, 22.7, 23.0, 22.93, 9999.0, 9999.0, 9999.0, 24.07, 9999.0, 22.82, 9999.0, 22.93, 22.66, 22.5, 22.5, 22.5
2026-09-22, 01:16:54, 22.5, 22.73, 22.98, 22.93, 9999.0, 9999.0, 9999.0, 24.11, 9999.0, 22.84, 9999.0, 22.91, 22.66, 22.5, 22.5, 22.5
2026-09-22, 01:16:58, 22.5, 22.75, 22.98, 22.93, 9999.0, 9999.0, 9999.0, 24.16, 9999.0, 22.84, 9999.0, 22.89, 22.64, 22.5, 22.5, 22.5
2026-09-22, 01:17:02, 22.5, 22.75, 22.98, 22.93, 9999.0, 9999.0, 9999.0, 24.2, 9999.0, 22.82, 9999.0, 22.86, 22.61, 22.5, 22.5, 22.5
2026-09-22, 01:17:06, 22.5, 22.73, 22.98, 22.95, 9999.0, 9999.0, 9999.0, 24.25, 9999.0, 22.77, 9999.0, 22.84, 22.59, 22.5, 22.5, 22.5
2026-09-22, 01:17:10, 22.5, 22.7, 22.98, 22.95, 9999.0, 9999.0, 9999.0, 24.3, 9999.0, 22.73, 9999.0, 22.84, 22.57, 22.5, 22.5, 22.5
2026-09-22, 01:17:14, 22.5, 22.7, 22.98, 22.95, 9999.0, 9999.0, 9999.0, 24.32, 9999.0, 22.68, 9999.0, 22.82, 22.55, 22.5, 22.5, 22.5
2026-09-22, 01:17:18, 22.5, 22.68, 22.98, 22.95, 9999.0, 9999.0, 9999.0, 24.27, 9999.0, 22.64, 9999.0, 22.82, 22.55, 22.48, 22.5, 22.5
2026-09-22, 01:17:22, 22.5, 22.68, 22.98, 22.95, 9999.0, 9999.0, 9999.0, 24.23, 9999.0, 22.61, 9999.0, 22.82, 22.57, 22.48, 22.5, 22.5
2026-09-22, 01:17:26, 22.5, 22.68, 22.98, 22.95, 9999.0, 9999.0, 9999.0, 24.18, 9999.0, 22.59, 9999.0, 22.84, 22.59, 22.48, 22.5, 22.5
2026-09-22, 01:17:30, 22.5, 22.68, 22.98, 22.98, 9999.0, 9999.0, 9999.0, 24.14, 9999.0, 22.59, 9999.0, 22.86, 22.59, 22.48, 22.5, 22.5
2026-09-22, 01:17:34, 22.5, 22.68, 22.98, 22.98, 9999.0, 9999.0, 9999.0, 24.07, 9999.0, 22.59, 9999.0, 22.89, 22.59, 22.48, 22.5, 22.5
2026-09-22, 01:17:38, 22.5, 22.68, 23.0, 22.98, 9999.0, 9999.0, 9999.0, 24.02, 9999.0, 22.59, 9999.0, 22.91, 22.61, 22.48, 22.5, 22.5
2026-09-22, 01:17:42, 22.5, 22.68, 23.0, 23.0, 9999.0, 9999.0, 9999.0, 23.98, 9999.0, 22.59, 9999.0, 22.93, 22.64, 22.48, 22.5, 22.5
2026-09-22, 01:17:46, 22.5, 22.68, 23.0, 23.0, 9999.0, 9999.0, 9999.0, 23.93, 9999.0, 22.61, 9999.0, 22.95, 22.66, 22.48, 22.5, 22.5
2026-09-22, 01:17:50, 22.5, 22.7, 23.0, 23.0, 9999.0, 9999.0, 9999.0, 23.95, 9999.0, 22.64, 9999.0, 22.95, 22.68, 22.48, 22.5, 22.5
2026-09-22, 01:17:54, 22.5, 22.73, 23.0, 23.0, 9999.0, 9999.0, 9999.0, 23.98, 9999.0, 22.64, 9999.0, 22.93, 22.7, 22.48, 22.5, 22.5
2026-09-22, 01:17:58, 22.5, 22.73, 23.0, 23.0, 9999.0, 9999.0, 9999.0, 24.02, 9999.0, 22.64, 9999.0, 22.93, 22.73, 22.48, 22.5, 22.5
2026-09-22, 01:18:02, 22.5, 22.75, 23.0, 23.0, 9999.0, 9999.0, 9999.0, 24.05, 9999.0, 22.64, 9999.0, 22.91, 22.73, 22.5, 22.5, 22.5
2026-09-22, 01:18:06, 22.5, 22.75, 23.0, 23.0, 9999.0, 9999.0, 9999.0, 24.07, 9999.0, 22.64, 9999.0, 22.89, 22.73, 22.5, 22.5, 22.5
2026-09-22, 01:18:10, 22.5, 22.75, 23.0, 23.0, 9999.0, 9999.0, 9999.0, 24.09, 9999.0, 22.64, 9999.0, 22.86, 22.73, 22.5, 22.5, 22.5
2026-09-22, 01:18:14, 22.5, 22.75, 23.0, 22.98, 9999.0, 9999.0, 9999.0, 24.11, 9999.0, 22.61, 9999.0, 22.84, 22.7, 22.5, 22.5, 22.5
2026-09-22, 01:18:18, 22.5, 22.75, 23.0, 22.98, 9999.0, 9999.0, 9999.0, 24.16, 9999.0, 22.59, 9999.0, 22.82, 22.7, 22.5, 22.5, 22.5
2026-09-22, 01:18:22, 22.5, 22.75, 23.0, 22.98, 9999.0, 9999.0, 9999.0, 24.2, 9999.0, 22.57, 9999.0, 22.8, 22.68, 22.5, 22.5, 22.5
2026-09-22, 01:18:26, 22.5, 22.75, 23.0, 22.95, 9999.0, 9999.0, 9999.0, 24.23, 9999.0, 22.55, 9999.0, 22.77, 22.66, 22.5, 22.5, 22.5
2026-09-22, 01:18:30, 22.5, 22.75, 23.0, 22.95, 9999.0, 9999.0, 9999.0, 24.25, 9999.0, 22.52, 9999.0, 22.77, 22.64, 22.48, 22.5, 22.5
2026-09-22, 01:18:34, 22.5, 22.75, 23.0, 22.95, 9999.0, 9999.0, 9999.0, 24.2, 9999.0, 22.5, 9999.0, 22.8, 22.61, 22.48, 22.5, 22.5
2026-09-22, 01:18:38, 22.5, 22.75, 23.0, 22.95, 9999.0, 9999.0, 9999.0, 24.16, 9999.0, 22.5, 9999.0, 22.82, 22.61, 22.48, 22.5, 22.5
2026-09-22, 01:18:42, 22.5, 22.75, 23.0, 22.95, 9999.0, 9999.0, 9999.0, 24.11, 9999.0, 22.5, 9999.0, 22.84, 22.61, 22.48, 22.5, 22.5
2026-09-22, 01:18:46, 22.5, 22.75, 23.0, 22.95, 9999.0, 9999.0, 9999.0, 24.07, 9999.0, 22.52, 9999.0, 22.86, 22.59, 22.48, 22.5, 22.5
2026-09-22, 01:18:50, 22.5, 22.73, 23.0, 22.95, 9999.0, 9999.0, 9999.0, 24.02, 9999.0, 22.55, 9999.0, 22.89, 22.59, 22.45, 22.5, 22.5
2026-09-22, 01:18:54, 22.5, 22.7, 23.0, 22.95, 9999.0, 9999.0, 9999.0, 23.98, 9999.0, 22.57, 9999.0, 22.91, 22.59, 22.43, 22.5, 22.5
2026-09-22, 01:18:58, 22.5, 22.68, 23.0, 22.98, 9999.0, 9999.0, 9999.0, 23.95, 9999.0, 22.59, 9999.0, 22.93, 22.61, 22.41, 22.5, 22.5
2026-09-22, 01:19:03, 22.5, 22.66, 23.0, 22.98, 9999.0, 9999.0, 9999.0, 23.91, 9999.0, 22.61, 9999.0, 22.95, 22.64, 22.41, 22.5, 22.5
2026-09-22, 01:19:07, 22.5, 22.66, 22.98, 22.98, 9999.0, 9999.0, 9999.0, 23.93, 9999.0, 22.64, 9999.0, 22.95, 22.66, 22.41, 22.5, 22.5
2026-09-22, 01:19:11, 22.5, 22.64, 22.98, 23.0, 9999.0, 9999.0, 9999.0, 23.98, 9999.0, 22.66, 9999.0, 22.95, 22.68, 22.41, 22.5, 22.5
2026-09-22, 01:19:15, 22.5, 22.64, 22.98, 23.0, 9999.0, 9999.0, 9999.0, 24.0, 9999.0, 22.68, 9999.0, 22.93, 22.68, 22.43, 22.5, 22.5
2026-09-22, 01:19:19, 22.5, 22.64, 22.98, 23.0, 9999.0, 9999.0, 9999.0, 24.02, 9999.0, 22.7, 9999.0, 22.91, 22.68, 22.41, 22.5, 22.5
2026-09-22, 01:19:23, 22.5, 22.64, 22.98, 23.0, 9999.0, 9999.0, 9999.0, 24.05, 9999.0, 22.73, 9999.0, 22.89, 22.68, 22.41, 22.5, 22.5
2026-09-22, 01:19:27, 22.5, 22.64, 22.98, 23.0, 9999.0, 9999.0, 9999.0, 24.07, 9999.0, 22.73, 9999.0, 22.86, 22.68, 22.39, 22.5, 22.48
2026-09-22, 01:19:31, 22.5, 22.61, 22.98, 23.0, 9999.0, 9999.0, 9999.0, 24.09, 9999.0, 22.7, 9999.0, 22.84, 22.7, 22.36, 22.5, 22.48
2026-09-22, 01:19:35, 22.5, 22.64, 22.95, 23.0, 9999.0, 9999.0, 9999.0, 24.11, 9999.0, 22.68, 9999.0, 22.82, 22.68, 22.39, 22.5, 22.48
2026-09-22, 01:19:39, 22.5, 22.64, 22.95, 23.0, 9999.0, 9999.0, 9999.0, 24.14, 9999.0, 22.66, 9999.0, 22.8, 22.66, 22.41, 22.5, 22.48
2026-09-22, 01:19:43, 22.5, 22.66, 22.95, 23.0, 9999.0, 9999.0, 9999.0, 24.16, 9999.0, 22.64, 9999.0, 22.8, 22.66, 22.41, 22.5, 22.48
2026-09-22, 01:19:47, 22.5, 22.68, 22.95, 23.0, 9999.0, 9999.0, 9999.0, 24.18, 9999.0, 22.59, 9999.0, 22.77, 22.64, 22.41, 22.5, 22.48
2026-09-22, 01:19:51, 22.5, 22.68, 22.98, 23.0, 9999.0, 9999.0, 9999.0, 24.14, 9999.0, 22.57, 9999.0, 22.77, 22.64, 22.39, 22.5, 22.48
2026-09-22, 01:19:55, 22.5, 22.7, 22.98, 23.0, 9999.0, 9999.0, 9999.0, 24.09, 9999.0, 22.52, 9999.0, 22.8, 22.64, 22.39, 22.5, 22.48
2026-09-22, 01:19:59, 22.5, 22.7, 22.98, 23.0, 9999.0, 9999.0, 9999.0, 24.05, 9999.0, 22.5, 9999.0, 22.82, 22.66, 22.39, 22.5, 22.48
2026-09-22, 01:20:03, 22.5, 22.7, 22.98, 23.0, 9999.0, 9999.0, 9999.0, 24.0, 9999.0, 22.45, 9999.0, 22.84, 22.68, 22.41, 22.5, 22.48
2026-09-22, 01:20:07, 22.5, 22.68, 22.98, 22.98, 9999.0, 9999.0, 9999.0, 23.95, 9999.0, 22.43, 9999.0, 22.86, 22.68, 22.41, 22.5, 22.48
2026-09-22, 01:20:11, 22.5, 22.66, 22.98, 22.98, 9999.0, 9999.0, 9999.0, 23.91, 9999.0, 22.43, 9999.0, 22.89, 22.68, 22.43, 22.5, 22.5
2026-09-22, 01:20:15, 22.5, 22.66, 22.98, 22.98, 9999.0, 9999.0, 9999.0, 23.86, 9999.0, 22.45, 9999.0, 22.91, 22.68, 22.43, 22.5, 22.5
2026-09-22, 01:20:19, 22.5, 22.66, 23.0, 22.98, 9999.0, 9999.0, 9999.0, 23.84, 9999.0, 22.48, 9999.0, 22.93, 22.7, 22.43, 22.5, 22.5
2026-09-22, 01:20:23, 22.5, 22.68, 23.0, 22.98, 9999.0, 9999.0, 9999.0, 23.8, 9999.0, 22.5, 9999.0, 22.95, 22.73, 22.43, 22.5, 22.5
2026-09-22, 01:20:27, 22.5, 22.68, 23.0, 22.95, 9999.0, 9999.0, 9999.0, 23.82, 9999.0, 22.5, 9999.0, 22.93, 22.73, 22.45, 22.5, 22.5
2026-09-22, 01:20:31, 22.5, 22.68, 23.0, 22.95, 9999.0, 9999.0, 9999.0, 23.84, 9999.0, 22.52, 9999.0, 22.93, 22.73, 22.45, 22.5, 22.5
2026-09-22, 01:20:35, 22.5, 22.66, 23.0, 22.95, 9999.0, 9999.0, 9999.0, 23.86, 9999.0, 22.52, 9999.0, 22.95, 22.7, 22.48, 22.5, 22.5
2026-09-22, 01:20:39, 22.5, 22.64, 23.0, 22.95, 9999.0, 9999.0, 9999.0, 23.89, 9999.0, 22.55, 9999.0, 22.93, 22.68, 22.48, 22.5, 22.5
2026-09-22, 01:20:43, 22.5, 22.61, 23.0, 22.95, 9999.0, 9999.0, 9999.0, 23.93, 9999.0, 22.55, 9999.0, 22.91, 22.68, 22.48, 22.5, 22.5
2026-09-22, 01:20:47, 22.5, 22.61, 23.0, 22.95, 9999.0, 9999.0, 9999.0, 23.95, 9999.0, 22.57, 9999.0, 22.89, 22.68, 22.48, 22.5, 22.5
2026-09-22, 01:20:51, 22.5, 22.61, 23.0, 22.98, 9999.0, 9999.0, 9999.0, 23.98, 9999.0, 22.55, 9999.0, 22.86, 22.66, 22.48, 22.48, 22.5
2026-09-22, 01:20:55, 22.5, 22.64, 23.0, 22.98, 9999.0, 9999.0, 9999.0, 24.0, 9999.0, 22.52, 9999.0, 22.84, 22.66, 22.48, 22.48, 22.5
2026-09-22, 01:20:59, 22.5, 22.66, 23.0, 22.98, 9999.0, 9999.0, 9999.0, 24.07, 9999.0, 22.48, 9999.0, 22.82, 22.64, 22.5, 22.48, 22.5
2026-09-22, 01:21:03, 22.5, 22.66, 23.0, 22.98, 9999.0, 9999.0, 9999.0, 24.09, 9999.0, 22.43, 9999.0, 22.82, 22.61, 22.5, 22.48, 22.5
2026-09-22, 01:21:07, 22.5, 22.66, 23.0, 22.95, 9999.0, 9999.0, 9999.0, 24.14, 9999.0, 22.39, 9999.0, 22.82, 22.61, 22.5, 22.48, 22.48
2026-09-22, 01:21:11, 22.5, 22.66, 23.0, 22.98, 9999.0, 9999.0, 9999.0, 24.11, 9999.0, 22.36, 9999.0, 22.84, 22.59, 22.5, 22.48, 22.48
2026-09-22, 01:21:15, 22.5, 22.64, 23.0, 22.98, 9999.0, 9999.0, 9999.0, 24.07, 9999.0, 22.34, 9999.0, 22.86, 22.59, 22.5, 22.48, 22.48
2026-09-22, 01:21:19, 22.5, 22.66, 23.0, 22.95, 9999.0, 9999.0, 9999.0, 24.02, 9999.0, 22.32, 9999.0, 22.86, 22.59, 22.5, 22.48, 22.48
2026-09-22, 01:21:23, 22.5, 22.68, 23.0, 22.95, 9999.0, 9999.0, 9999.0, 23.98, 9999.0, 22.32, 9999.0, 22.89, 22.61, 22.5, 22.48, 22.48
2026-09-22, 01:21:27, 22.5, 22.7, 23.0, 22.95, 9999.0, 9999.0, 9999.0, 23.93, 9999.0, 22.32, 9999.0, 22.91, 22.59, 22.5, 22.48, 22.48
2026-09-22, 01:21:31, 22.5, 22.7, 23.0, 22.95, 9999.0, 9999.0, 9999.0, 23.91, 9999.0, 22.32, 9999.0, 22.93, 22.59, 22.5, 22.48, 22.48
2026-09-22, 01:21:35, 22.5, 22.73, 23.0, 22.95, 9999.0, 9999.0, 9999.0, 23.89, 9999.0, 22.34, 9999.0, 22.95, 22.61, 22.5, 22.5, 22.48
2026-09-22, 01:21:39, 22.5, 22.73, 23.0, 22.95, 9999.0, 9999.0, 9999.0, 23.86, 9999.0, 22.36, 9999.0, 22.98, 22.61, 22.5, 22.5, 22.48
2026-09-22, 01:21:43, 22.5, 22.73, 23.0, 22.95, 9999.0, 9999.0, 9999.0, 23.89, 9999.0, 22.39, 9999.0, 23.0, 22.61, 22.5, 22.5, 22.48
2026-09-22, 01:21:47, 22.5, 22.7, 23.0, 22.95, 9999.0, 9999.0, 9999.0, 23.91, 9999.0, 22.41, 9999.0, 23.0, 22.61, 22.5, 22.5, 22.48
2026-09-22, 01:21:51, 22.5, 22.7, 23.0, 22.98, 9999.0, 9999.0, 9999.0, 23.93, 9999.0, 22.43, 9999.0, 23.0, 22.59, 22.5, 22.5, 22.5
2026-09-22, 01:21:55, 22.5, 22.7, 22.98, 22.98, 9999.0, 9999.0, 9999.0, 23.95, 9999.0, 22.45, 9999.0, 22.98, 22.59, 22.5, 22.5, 22.5
2026-09-22, 01:21:59, 22.5, 22.73, 22.98, 22.98, 9999.0, 9999.0, 9999.0, 24.0, 9999.0, 22.48, 9999.0, 22.95, 22.61, 22.5, 22.5, 22.5
2026-09-22, 01:22:03, 22.5, 22.7, 22.98, 23.0, 9999.0, 9999.0, 9999.0, 24.05, 9999.0, 22.48, 9999.0, 22.93, 22.61, 22.5, 22.5, 22.5
2026-09-22, 01:22:07, 22.5, 22.68, 22.98, 23.0, 9999.0, 9999.0, 9999.0, 24.07, 9999.0, 22.45, 9999.0, 22.91, 22.61, 22.5, 22.5, 22.5
2026-09-22, 01:22:11, 22.5, 22.66, 22.98, 23.0, 9999.0, 9999.0, 9999.0, 24.09, 9999.0, 22.43, 9999.0, 22.89, 22.61, 22.5, 22.5, 22.5
2026-09-22, 01:22:15, 22.5, 22.64, 22.98, 22.98, 9999.0, 9999.0, 9999.0, 24.11, 9999.0, 22.41, 9999.0, 22.86, 22.59, 22.5, 22.5, 22.5
2026-09-22, 01:22:19, 22.5, 22.61, 22.98, 22.98, 9999.0, 9999.0, 9999.0, 24.14, 9999.0, 22.39, 9999.0, 22.86, 22.57, 22.5, 22.5, 22.5
2026-09-22, 01:22:23, 22.5, 22.59, 22.98, 22.95, 9999.0, 9999.0, 9999.0, 24.16, 9999.0, 22.36, 9999.0, 22.86, 22.55, 22.5, 22.5, 22.5
2026-09-22, 01:22:27, 22.5, 22.57, 22.98, 22.95, 9999.0, 9999.0, 9999.0, 24.11, 9999.0, 22.34, 9999.0, 22.86, 22.57, 22.48, 22.5, 22.5
2026-09-22, 01:22:31, 22.5, 22.59, 22.98, 22.95, 9999.0, 9999.0, 9999.0, 24.07, 9999.0, 22.32, 9999.0, 22.86, 22.59, 22.45, 22.5, 22.5
2026-09-22, 01:22:35, 22.5, 22.59, 22.98, 22.93, 9999.0, 9999.0, 9999.0, 24.02, 9999.0, 22.3, 9999.0, 22.86, 22.61, 22.45, 22.5, 22.5
2026-09-22, 01:22:39, 22.5, 22.59, 23.0, 22.93, 9999.0, 9999.0, 9999.0, 23.98, 9999.0, 22.3, 9999.0, 22.89, 22.61, 22.45, 22.5, 22.5
2026-09-22, 01:22:43, 22.5, 22.59, 23.0, 22.91, 9999.0, 9999.0, 9999.0, 23.93, 9999.0, 22.3, 9999.0, 22.91, 22.61, 22.45, 22.5, 22.5
2026-09-22, 01:22:47, 22.5, 22.59, 23.0, 22.91, 9999.0, 9999.0, 9999.0, 23.89, 9999.0, 22.32, 9999.0, 22.93, 22.64, 22.45, 22.5, 22.5
2026-09-22, 01:22:52, 22.5, 22.59, 22.98, 22.91, 9999.0, 9999.0, 9999.0, 23.86, 9999.0, 22.36, 9999.0, 22.95, 22.64, 22.45, 22.5, 22.5
2026-09-22, 01:22:56, 22.5, 22.59, 22.95, 22.91, 9999.0, 9999.0, 9999.0, 23.84, 9999.0, 22.39, 9999.0, 22.98, 22.66, 22.45, 22.5, 22.5
2026-09-22, 01:23:00, 22.5, 22.59, 22.95, 22.93, 9999.0, 9999.0, 9999.0, 23.8, 9999.0, 22.41, 9999.0, 23.0, 22.68, 22.45, 22.48, 22.5
2026-09-22, 01:23:04, 22.5, 22.59, 22.95, 22.93, 9999.0, 9999.0, 9999.0, 23.82, 9999.0, 22.43, 9999.0, 22.98, 22.7, 22.45, 22.48, 22.5
2026-09-22, 01:23:08, 22.5, 22.59, 22.95, 22.95, 9999.0, 9999.0, 9999.0, 23.84, 9999.0, 22.45, 9999.0, 22.95, 22.73, 22.45, 22.48, 22.5
2026-09-22, 01:23:12, 22.5, 22.61, 22.95, 22.95, 9999.0, 9999.0, 9999.0, 23.86, 9999.0, 22.48, 9999.0, 22.93, 22.73, 22.48, 22.48, 22.5
2026-09-22, 01:23:16, 22.5, 22.61, 22.95, 22.95, 9999.0, 9999.0, 9999.0, 23.91, 9999.0, 22.48, 9999.0, 22.91, 22.73, 22.5, 22.48, 22.5
2026-09-22, 01:23:20, 22.5, 22.61, 22.95, 22.98, 9999.0, 9999.0, 9999.0, 23.93, 9999.0, 22.48, 9999.0, 22.89, 22.73, 22.5, 22.48, 22.5
2026-09-22, 01:23:24, 22.5, 22.61, 22.93, 22.98, 9999.0, 9999.0, 9999.0, 23.95, 9999.0, 22.45, 9999.0, 22.86, 22.75, 22.5, 22.48, 22.5
2026-09-22, 01:23:28, 22.5, 22.59, 22.93, 23.0, 9999.0, 9999.0, 9999.0, 23.98, 9999.0, 22.43, 9999.0, 22.84, 22.73, 22.5, 22.48, 22.5
2026-09-22, 01:23:32, 22.5, 22.59, 22.93, 23.0, 9999.0, 9999.0, 9999.0, 24.0, 9999.0, 22.41, 9999.0, 22.82, 22.7, 22.5, 22.48, 22.5
2026-09-22, 01:23:36, 22.5, 22.59, 22.95, 23.0, 9999.0, 9999.0, 9999.0, 24.02, 9999.0, 22.36, 9999.0, 22.8, 22.68, 22.5, 22.48, 22.5
2026-09-22, 01:23:40, 22.5, 22.59, 22.95, 23.0, 9999.0, 9999.0, 9999.0, 24.05, 9999.0, 22.34, 9999.0, 22.8, 22.66, 22.5, 22.48, 22.5
2026-09-22, 01:23:44, 22.5, 22.59, 22.95, 23.0, 9999.0, 9999.0, 9999.0, 24.09, 9999.0, 22.32, 9999.0, 22.8, 22.66, 22.5, 22.5, 22.5
2026-09-22, 01:23:48, 22.5, 22.59, 22.95, 23.0, 9999.0, 9999.0, 9999.0, 24.05, 9999.0, 22.3, 9999.0, 22.82, 22.66, 22.5, 22.5, 22.5
2026-09-22, 01:23:52, 22.5, 22.59, 22.95, 23.0, 9999.0, 9999.0, 9999.0, 24.0, 9999.0, 22.27, 9999.0, 22.84, 22.66, 22.5, 22.5, 22.5
2026-09-22, 01:23:56, 22.5, 22.59, 22.95, 23.0, 9999.0, 9999.0, 9999.0, 23.95, 9999.0, 22.23, 9999.0, 22.86, 22.66, 22.5, 22.5, 22.5
2026-09-22, 01:24:00, 22.5, 22.59, 22.95, 23.0, 9999.0, 9999.0, 9999.0, 23.91, 9999.0, 22.23, 9999.0, 22.89, 22.66, 22.5, 22.5, 22.5
2026-09-22, 01:24:04, 22.5, 22.59, 22.95, 23.0, 9999.0, 9999.0, 9999.0, 23.89, 9999.0, 22.23, 9999.0, 22.91, 22.66, 22.5, 22.48, 22.5
2026-09-22, 01:24:08, 22.5, 22.57, 22.98, 23.0, 9999.0, 9999.0, 9999.0, 23.86, 9999.0, 22.25, 9999.0, 22.93, 22.66, 22.5, 22.48, 22.5
2026-09-22, 01:24:12, 22.5, 22.57, 22.98, 23.0, 9999.0, 9999.0, 9999.0, 23.84, 9999.0, 22.27, 9999.0, 22.95, 22.68, 22.5, 22.48, 22.5
2026-09-22, 01:24:16, 22.5, 22.59, 22.95, 23.0, 9999.0, 9999.0, 9999.0, 23.8, 9999.0, 22.27, 9999.0, 22.98, 22.7, 22.5, 22.48, 22.5
2026-09-22, 01:24:20, 22.5, 22.61, 22.95, 23.0, 9999.0, 9999.0, 9999.0, 23.84, 9999.0, 22.3, 9999.0, 23.0, 22.73, 22.5, 22.48, 22.5
2026-09-22, 01:24:24, 22.5, 22.64, 22.98, 23.0, 9999.0, 9999.0, 9999.0, 23.89, 9999.0, 22.3, 9999.0, 22.98, 22.73, 22.5, 22.48, 22.5
2026-09-22, 01:24:28, 22.5, 22.64, 22.98, 23.0, 9999.0, 9999.0, 9999.0, 23.91, 9999.0, 22.3, 9999.0, 22.95, 22.73, 22.5, 22.48, 22.5
2026-09-22, 01:24:32, 22.5, 22.64, 22.98, 23.0, 9999.0, 9999.0, 9999.0, 23.95, 9999.0, 22.3, 9999.0, 22.93, 22.7, 22.5, 22.48, 22.5
2026-09-22, 01:24:36, 22.5, 22.66, 22.98, 23.0, 9999.0, 9999.0, 9999.0, 24.0, 9999.0, 22.3, 9999.0, 22.91, 22.7, 22.5, 22.48, 22.5
2026-09-22, 01:24:40, 22.5, 22.64, 22.98, 23.0, 9999.0, 9999.0, 9999.0, 24.02, 9999.0, 22.32, 9999.0, 22.89, 22.68, 22.5, 22.48, 22.5
2026-09-22, 01:24:44, 22.5, 22.64, 22.98, 23.0, 9999.0, 9999.0, 9999.0, 24.05, 9999.0, 22.32, 9999.0, 22.86, 22.66, 22.5, 22.48, 22.5
2026-09-22, 01:24:48, 22.5, 22.61, 22.95, 23.0, 9999.0, 9999.0, 9999.0, 24.07, 9999.0, 22.32, 9999.0, 22.84, 22.64, 22.5, 22.5, 22.5
2026-09-22, 01:24:52, 22.5, 22.64, 22.95, 23.0, 9999.0, 9999.0, 9999.0, 24.09, 9999.0, 22.3, 9999.0, 22.82, 22.61, 22.5, 22.5, 22.5
2026-09-22, 01:24:56, 22.5, 22.64, 22.95, 23.0, 9999.0, 9999.0, 9999.0, 24.11, 9999.0, 22.27, 9999.0, 22.82, 22.61, 22.5, 22.5, 22.5
2026-09-22, 01:25:00, 22.5, 22.61, 22.98, 23.0, 9999.0, 9999.0, 9999.0, 24.14, 9999.0, 22.25, 9999.0, 22.82, 22.59, 22.5, 22.5, 22.5
2026-09-22, 01:25:04, 22.5, 22.61, 22.98, 22.98, 9999.0, 9999.0, 9999.0, 24.07, 9999.0, 22.2, 9999.0, 22.82, 22.57, 22.5, 22.5, 22.5
2026-09-22, 01:25:08, 22.5, 22.59, 22.98, 22.98, 9999.0, 9999.0, 9999.0, 24.0, 9999.0, 22.18, 9999.0, 22.84, 22.59, 22.5, 22.5, 22.5
2026-09-22, 01:25:12, 22.5, 22.59, 22.98, 22.98, 9999.0, 9999.0, 9999.0, 23.95, 9999.0, 22.16, 9999.0, 22.86, 22.59, 22.5, 22.5, 22.5
2026-09-22, 01:25:16, 22.5, 22.59, 22.98, 22.98, 9999.0, 9999.0, 9999.0, 23.91, 9999.0, 22.16, 9999.0, 22.89, 22.61, 22.5, 22.5, 22.5
2026-09-22, 01:25:20, 22.5, 22.59, 22.98, 22.98, 9999.0, 9999.0, 9999.0, 23.86, 9999.0, 22.16, 9999.0, 22.91, 22.59, 22.5, 22.5, 22.5
2026-09-22, 01:25:24, 22.5, 22.59, 22.98, 22.98, 9999.0, 9999.0, 9999.0, 23.82, 9999.0, 22.16, 9999.0, 22.93, 22.61, 22.5, 22.5, 22.5
2026-09-22, 01:25:28, 22.5, 22.57, 22.98, 22.98, 9999.0, 9999.0, 9999.0, 23.77, 9999.0, 22.18, 9999.0, 22.95, 22.64, 22.5, 22.5, 22.5
2026-09-22, 01:25:32, 22.5, 22.57, 23.0, 22.98, 9999.0, 9999.0, 9999.0, 23.73, 9999.0, 22.2, 9999.0, 22.98, 22.66, 22.5, 22.5, 22.5
2026-09-22, 01:25:36, 22.5, 22.55, 23.0, 22.98, 9999.0, 9999.0, 9999.0, 23.77, 9999.0, 22.23, 9999.0, 23.0, 22.68, 22.5, 22.5, 22.5
2026-09-22, 01:25:40, 22.5, 22.55, 23.0, 22.98, 9999.0, 9999.0, 9999.0, 23.8, 9999.0, 22.23, 9999.0, 23.0, 22.66, 22.5, 22.5, 22.5
2026-09-22, 01:25:44, 22.5, 22.55, 23.0, 22.98, 9999.0, 9999.0, 9999.0, 23.84, 9999.0, 22.25, 9999.0, 22.98, 22.66, 22.5, 22.5, 22.5
2026-09-22, 01:25:48, 22.5, 22.52, 23.0, 23.0, 9999.0, 9999.0, 9999.0, 23.89, 9999.0, 22.27, 9999.0, 22.95, 22.68, 22.5, 22.5, 22.5
2026-09-22, 01:25:52, 22.5, 22.52, 23.0, 23.0, 9999.0, 9999.0, 9999.0, 23.91, 9999.0, 22.3, 9999.0, 22.93, 22.68, 22.5, 22.5, 22.5
2026-09-22, 01:25:56, 22.5, 22.52, 23.0, 23.0, 9999.0, 9999.0, 9999.0, 23.93, 9999.0, 22.32, 9999.0, 22.91, 22.66, 22.5, 22.5, 22.5
2026-09-22, 01:26:00, 22.5, 22.52, 23.0, 23.0, 9999.0, 9999.0, 9999.0, 23.95, 9999.0, 22.32, 9999.0, 22.89, 22.64, 22.5, 22.5, 22.5
2026-09-22, 01:26:04, 22.5, 22.5, 23.0, 23.0, 9999.0, 9999.0, 9999.0, 23.95, 9999.0, 22.3, 9999.0, 22.86, 22.64, 22.5, 22.5, 22.5
2026-09-22, 01:26:08, 22.5, 22.5, 23.0, 23.0, 9999.0, 9999.0, 9999.0, 24.0, 9999.0, 22.27, 9999.0, 22.84, 22.61, 22.48, 22.5, 22.5
2026-09-22, 01:26:12, 22.5, 22.5, 22.98, 23.0, 9999.0, 9999.0, 9999.0, 24.05, 9999.0, 22.25, 9999.0, 22.84, 22.59, 22.48, 22.5, 22.5
2026-09-22, 01:26:16, 22.5, 22.5, 22.98, 23.0, 9999.0, 9999.0, 9999.0, 24.07, 9999.0, 22.23, 9999.0, 22.84, 22.57, 22.48, 22.5, 22.5
2026-09-22, 01:26:20, 22.5, 22.5, 22.98, 23.0, 9999.0, 9999.0, 9999.0, 24.0, 9999.0, 22.18, 9999.0, 22.84, 22.55, 22.48, 22.5, 22.5
2026-09-22, 01:26:24, 22.5, 22.52, 22.98, 23.0, 9999.0, 9999.0, 9999.0, 23.95, 9999.0, 22.16, 9999.0, 22.84, 22.57, 22.48, 22.5, 22.5
2026-09-22, 01:26:28, 22.5, 22.55, 22.98, 23.0, 9999.0, 9999.0, 9999.0, 23.91, 9999.0, 22.14, 9999.0, 22.86, 22.59, 22.48, 22.5, 22.5
2026-09-22, 01:26:32, 22.5, 22.55, 22.95, 23.0, 9999.0, 9999.0, 9999.0, 23.86, 9999.0, 22.11, 9999.0, 22.89, 22.57, 22.48, 22.5, 22.5
2026-09-22, 01:26:37, 22.5, 22.55, 22.93, 23.0, 9999.0, 9999.0, 9999.0, 23.84, 9999.0, 22.11, 9999.0, 22.91, 22.57, 22.48, 22.5, 22.5
2026-09-22, 01:26:41, 22.5, 22.57, 22.93, 23.0, 9999.0, 9999.0, 9999.0, 23.8, 9999.0, 22.11, 9999.0, 22.93, 22.59, 22.48, 22.5, 22.5
2026-09-22, 01:26:45, 22.5, 22.57, 22.93, 23.0, 9999.0, 9999.0, 9999.0, 23.75, 9999.0, 22.14, 9999.0, 22.95, 22.61, 22.48, 22.5, 22.5
2026-09-22, 01:26:49, 22.5, 22.57, 22.93, 23.0, 9999.0, 9999.0, 9999.0, 23.73, 9999.0, 22.18, 9999.0, 22.98, 22.64, 22.48, 22.5, 22.5
2026-09-22, 01:26:53, 22.5, 22.57, 22.93, 23.0, 9999.0, 9999.0, 9999.0, 23.68, 9999.0, 22.2, 9999.0, 22.98, 22.66, 22.5, 22.5, 22.5
2026-09-22, 01:26:57, 22.5, 22.59, 22.95, 23.0, 9999.0, 9999.0, 9999.0, 23.7, 9999.0, 22.2, 9999.0, 22.98, 22.68, 22.5, 22.5, 22.5
2026-09-22, 01:27:01, 22.5, 22.61, 22.95, 23.0, 9999.0, 9999.0, 9999.0, 23.75, 9999.0, 22.2, 9999.0, 22.95, 22.7, 22.5, 22.5, 22.5
2026-09-22, 01:27:05, 22.5, 22.61, 22.95, 23.0, 9999.0, 9999.0, 9999.0, 23.8, 9999.0, 22.23, 9999.0, 22.93, 22.73, 22.48, 22.5, 22.5
2026-09-22, 01:27:09, 22.5, 22.59, 22.95, 23.0, 9999.0, 9999.0, 9999.0, 23.84, 9999.0, 22.25, 9999.0, 22.91, 22.7, 22.48, 22.5, 22.5
2026-09-22, 01:27:13, 22.5, 22.59, 22.95, 23.0, 9999.0, 9999.0, 9999.0, 23.86, 9999.0, 22.27, 9999.0, 22.89, 22.68, 22.48, 22.5, 22.5
2026-09-22, 01:27:17, 22.5, 22.61, 22.98, 23.0, 9999.0, 9999.0, 9999.0, 23.89, 9999.0, 22.3, 9999.0, 22.86, 22.7, 22.48, 22.5, 22.5
2026-09-22, 01:27:21, 22.5, 22.61, 23.0, 23.0, 9999.0, 9999.0, 9999.0, 23.91, 9999.0, 22.27, 9999.0, 22.84, 22.68, 22.48, 22.5, 22.5
2026-09-22, 01:27:25, 22.5, 22.61, 23.0, 23.0, 9999.0, 9999.0, 9999.0, 23.95, 9999.0, 22.25, 9999.0, 22.82, 22.66, 22.48, 22.5, 22.5
2026-09-22, 01:27:29, 22.5, 22.64, 23.0, 23.0, 9999.0, 9999.0, 9999.0, 24.0, 9999.0, 22.2, 9999.0, 22.8, 22.64, 22.45, 22.5, 22.5
2026-09-22, 01:27:33, 22.5, 22.64, 23.0, 23.0, 9999.0, 9999.0, 9999.0, 24.05, 9999.0, 22.16, 9999.0, 22.8, 22.61, 22.45, 22.5, 22.5
2026-09-22, 01:27:37, 22.5, 22.64, 23.0, 23.0, 9999.0, 9999.0, 9999.0, 24.09, 9999.0, 22.14, 9999.0, 22.82, 22.61, 22.43, 22.5, 22.5
2026-09-22, 01:27:41, 22.5, 22.61, 23.0, 23.0, 9999.0, 9999.0, 9999.0, 24.07, 9999.0, 22.11, 9999.0, 22.82, 22.61, 22.43, 22.5, 22.5
2026-09-22, 01:27:45, 22.5, 22.59, 23.0, 23.0, 9999.0, 9999.0, 9999.0, 24.02, 9999.0, 22.09, 9999.0, 22.84, 22.61, 22.43, 22.5, 22.5
2026-09-22, 01:27:49, 22.5, 22.61, 23.0, 23.0, 9999.0, 9999.0, 9999.0, 23.98, 9999.0, 22.07, 9999.0, 22.86, 22.61, 22.45, 22.5, 22.5
2026-09-22, 01:27:53, 22.5, 22.64, 23.0, 23.0, 9999.0, 9999.0, 9999.0, 23.93, 9999.0, 22.07, 9999.0, 22.89, 22.61, 22.45, 22.5, 22.5
2026-09-22, 01:27:57, 22.5, 22.64, 22.98, 23.0, 9999.0, 9999.0, 9999.0, 23.91, 9999.0, 22.05, 9999.0, 22.91, 22.61, 22.45, 22.5, 22.5
2026-09-22, 01:28:01, 22.5, 22.61, 22.98, 23.0, 9999.0, 9999.0, 9999.0, 23.86, 9999.0, 22.05, 9999.0, 22.93, 22.61, 22.45, 22.5, 22.5
2026-09-22, 01:28:05, 22.5, 22.64, 22.98, 23.0, 9999.0, 9999.0, 9999.0, 23.82, 9999.0, 22.07, 9999.0, 22.95, 22.64, 22.45, 22.5, 22.5
2026-09-22, 01:28:09, 22.5, 22.61, 22.98, 23.0, 9999.0, 9999.0, 9999.0, 23.77, 9999.0, 22.11, 9999.0, 22.98, 22.66, 22.45, 22.5, 22.5
2026-09-22, 01:28:13, 22.5, 22.59, 22.98, 23.0, 9999.0, 9999.0, 9999.0, 23.8, 9999.0, 22.14, 9999.0, 22.98, 22.68, 22.48, 22.5, 22.5
2026-09-22, 01:28:17, 22.5, 22.61, 22.98, 22.98, 9999.0, 9999.0, 9999.0, 23.82, 9999.0, 22.16, 9999.0, 22.98, 22.7, 22.48, 22.5, 22.5
2026-09-22, 01:28:21, 22.5, 22.64, 22.98, 22.98, 9999.0, 9999.0, 9999.0, 23.84, 9999.0, 22.18, 9999.0, 22.98, 22.7, 22.5, 22.5, 22.5
2026-09-22, 01:28:25, 22.5, 22.64, 22.98, 22.98, 9999.0, 9999.0, 9999.0, 23.86, 9999.0, 22.2, 9999.0, 22.95, 22.7, 22.48, 22.5, 22.5
2026-09-22, 01:28:29, 22.5, 22.64, 22.98, 22.98, 9999.0, 9999.0, 9999.0, 23.91, 9999.0, 22.2, 9999.0, 22.93, 22.7, 22.48, 22.5, 22.5
2026-09-22, 01:28:33, 22.5, 22.64, 22.95, 22.98, 9999.0, 9999.0, 9999.0, 23.93, 9999.0, 22.2, 9999.0, 22.91, 22.7, 22.48, 22.5, 22.5
2026-09-22, 01:28:37, 22.5, 22.61, 22.95, 22.98, 9999.0, 9999.0, 9999.0, 23.95, 9999.0, 22.18, 9999.0, 22.89, 22.7, 22.48, 22.5, 22.5
2026-09-22, 01:28:41, 22.5, 22.59, 22.98, 22.98, 9999.0, 9999.0, 9999.0, 23.95, 9999.0, 22.18, 9999.0, 22.86, 22.73, 22.48, 22.5, 22.5
2026-09-22, 01:28:45, 22.5, 22.59, 22.98, 22.98, 9999.0, 9999.0, 9999.0, 24.0, 9999.0, 22.16, 9999.0, 22.84, 22.7, 22.48, 22.5, 22.5
2026-09-22, 01:28:49, 22.5, 22.57, 22.98, 22.98, 9999.0, 9999.0, 9999.0, 24.05, 9999.0, 22.14, 9999.0, 22.82, 22.7, 22.45, 22.5, 22.5
2026-09-22, 01:28:53, 22.5, 22.59, 22.98, 22.95, 9999.0, 9999.0, 9999.0, 24.07, 9999.0, 22.09, 9999.0, 22.82, 22.68, 22.45, 22.5, 22.5
2026-09-22, 01:28:57, 22.5, 22.59, 22.98, 22.95, 9999.0, 9999.0, 9999.0, 24.02, 9999.0, 22.07, 9999.0, 22.82, 22.68, 22.45, 22.5, 22.5
2026-09-22, 01:29:01, 22.5, 22.57, 22.98, 22.98, 9999.0, 9999.0, 9999.0, 23.98, 9999.0, 22.05, 9999.0, 22.82, 22.68, 22.45, 22.5, 22.5
2026-09-22, 01:29:05, 22.5, 22.57, 22.98, 22.98, 9999.0, 9999.0, 9999.0, 23.93, 9999.0, 22.02, 9999.0, 22.82, 22.68, 22.45, 22.5, 22.5
2026-09-22, 01:29:09, 22.5, 22.57, 22.98, 22.98, 9999.0, 9999.0, 9999.0, 23.89, 9999.0, 22.0, 9999.0, 22.84, 22.66, 22.48, 22.5, 22.5
2026-09-22, 01:29:13, 22.5, 22.57, 22.98, 22.98, 9999.0, 9999.0, 9999.0, 23.82, 9999.0, 22.02, 9999.0, 22.86, 22.64, 22.48, 22.5, 22.5
2026-09-22, 01:29:17, 22.5, 22.55, 23.0, 22.95, 9999.0, 9999.0, 9999.0, 23.77, 9999.0, 22.05, 9999.0, 22.89, 22.64, 22.48, 22.5, 22.5
2026-09-22, 01:29:21, 22.5, 22.55, 23.0, 22.95, 9999.0, 9999.0, 9999.0, 23.73, 9999.0, 22.07, 9999.0, 22.91, 22.66, 22.48, 22.5, 22.5
2026-09-22, 01:29:25, 22.5, 22.57, 23.0, 22.95, 9999.0, 9999.0, 9999.0, 23.7, 9999.0, 22.09, 9999.0, 22.93, 22.66, 22.48, 22.5, 22.5
2026-09-22, 01:29:29, 22.5, 22.59, 23.0, 22.95, 9999.0, 9999.0, 9999.0, 23.66, 9999.0, 22.11, 9999.0, 22.95, 22.68, 22.48, 22.5, 22.5
2026-09-22, 01:29:33, 22.5, 22.61, 23.0, 22.95, 9999.0, 9999.0, 9999.0, 23.68, 9999.0, 22.14, 9999.0, 22.98, 22.68, 22.5, 22.5, 22.5
2026-09-22, 01:29:37, 22.5, 22.59, 23.0, 22.98, 9999.0, 9999.0, 9999.0, 23.7, 9999.0, 22.16, 9999.0, 22.95, 22.7, 22.5, 22.5, 22.5
2026-09-22, 01:29:41, 22.5, 22.59, 23.0, 22.98, 9999.0, 9999.0, 9999.0, 23.73, 9999.0, 22.18, 9999.0, 22.95, 22.7, 22.5, 22.5, 22.5
2026-09-22, 01:29:45, 22.5, 22.61, 23.0, 22.98, 9999.0, 9999.0, 9999.0, 23.75, 9999.0, 22.18, 9999.0, 22.93, 22.7, 22.5, 22.5, 22.5
2026-09-22, 01:29:49, 22.5, 22.61, 23.0, 22.98, 9999.0, 9999.0, 9999.0, 23.75, 9999.0, 22.18, 9999.0, 22.91, 22.7, 22.5, 22.5, 22.5
2026-09-22, 01:29:53, 22.5, 22.61, 22.98, 22.98, 9999.0, 9999.0, 9999.0, 23.75, 9999.0, 22.2, 9999.0, 22.89, 22.7, 22.5, 22.5, 22.5
2026-09-22, 01:29:57, 22.5, 22.64, 22.98, 22.98, 9999.0, 9999.0, 9999.0, 23.77, 9999.0, 22.18, 9999.0, 22.86, 22.73, 22.5, 22.5, 22.5
2026-09-22, 01:30:01, 22.5, 22.64, 22.98, 23.0, 9999.0, 9999.0, 9999.0, 23.8, 9999.0, 22.16, 9999.0, 22.84, 22.7, 22.48, 22.5, 22.5
2026-09-22, 01:30:05, 22.5, 22.64, 22.98, 23.0, 9999.0, 9999.0, 9999.0, 23.82, 9999.0, 22.14, 9999.0, 22.82, 22.7, 22.48, 22.5, 22.5
2026-09-22, 01:30:09, 22.5, 22.61, 22.98, 22.98, 9999.0, 9999.0, 9999.0, 23.84, 9999.0, 22.11, 9999.0, 22.82, 22.7, 22.48, 22.5, 22.5
2026-09-22, 01:30:13, 22.5, 22.61, 22.98, 22.98, 9999.0, 9999.0, 9999.0, 23.86, 9999.0, 22.09, 9999.0, 22.82, 22.7, 22.48, 22.5, 22.5
2026-09-22, 01:30:17, 22.5, 22.61, 22.98, 22.98, 9999.0, 9999.0, 9999.0, 23.82, 9999.0, 22.07, 9999.0, 22.82, 22.68, 22.48, 22.5, 22.5
2026-09-22, 01:30:21, 22.5, 22.61, 22.98, 22.98, 9999.0, 9999.0, 9999.0, 23.8, 9999.0, 22.05, 9999.0, 22.84, 22.68, 22.48, 22.5, 22.5
2026-09-22, 01:30:25, 22.5, 22.64, 22.98, 22.98, 9999.0, 9999.0, 9999.0, 23.77, 9999.0, 22.02, 9999.0, 22.86, 22.68, 22.48, 22.5, 22.5
2026-09-22, 01:30:30, 22.5, 22.61, 22.98, 22.98, 9999.0, 9999.0, 9999.0, 23.73, 9999.0, 22.05, 9999.0, 22.89, 22.68, 22.48, 22.5, 22.5
2026-09-22, 01:30:34, 22.5, 22.59, 22.95, 22.98, 9999.0, 9999.0, 9999.0, 23.7, 9999.0, 22.07, 9999.0, 22.91, 22.66, 22.48, 22.5, 22.5
2026-09-22, 01:30:38, 22.5, 22.59, 22.98, 22.98, 9999.0, 9999.0, 9999.0, 23.68, 9999.0, 22.07, 9999.0, 22.93, 22.68, 22.48, 22.5, 22.5
2026-09-22, 01:30:42, 22.5, 22.59, 22.98, 22.98, 9999.0, 9999.0, 9999.0, 23.66, 9999.0, 22.11, 9999.0, 22.95, 22.68, 22.48, 22.5, 22.5
2026-09-22, 01:30:46, 22.5, 22.59, 22.98, 22.98, 9999.0, 9999.0, 9999.0, 23.64, 9999.0, 22.16, 9999.0, 22.98, 22.7, 22.5, 22.5, 22.5
2026-09-22, 01:30:50, 22.5, 22.59, 22.98, 22.98, 9999.0, 9999.0, 9999.0, 23.61, 9999.0, 22.18, 9999.0, 23.0, 22.7, 22.5, 22.5, 22.5
2026-09-22, 01:30:54, 22.5, 22.61, 22.98, 23.0, 9999.0, 9999.0, 9999.0, 23.66, 9999.0, 22.23, 9999.0, 23.0, 22.7, 22.5, 22.5, 22.5
2026-09-22, 01:30:58, 22.5, 22.61, 22.98, 23.0, 9999.0, 9999.0, 9999.0, 23.68, 9999.0, 22.25, 9999.0, 23.0, 22.7, 22.5, 22.5, 22.5
2026-09-22, 01:31:02, 22.5, 22.59, 22.98, 23.0, 9999.0, 9999.0, 9999.0, 23.7, 9999.0, 22.27, 9999.0, 23.0, 22.73, 22.5, 22.5, 22.5
2026-09-22, 01:31:06, 22.5, 22.59, 22.98, 23.0, 9999.0, 9999.0, 9999.0, 23.73, 9999.0, 22.3, 9999.0, 22.98, 22.73, 22.5, 22.5, 22.5
2026-09-22, 01:31:10, 22.5, 22.59, 22.98, 23.0, 9999.0, 9999.0, 9999.0, 23.73, 9999.0, 22.32, 9999.0, 22.95, 22.73, 22.5, 22.5, 22.5
2026-09-22, 01:31:14, 22.5, 22.61, 22.98, 23.0, 9999.0, 9999.0, 9999.0, 23.75, 9999.0, 22.32, 9999.0, 22.93, 22.73, 22.5, 22.5, 22.5
2026-09-22, 01:31:18, 22.5, 22.64, 23.0, 23.0, 9999.0, 9999.0, 9999.0, 23.77, 9999.0, 22.32, 9999.0, 22.91, 22.73, 22.5, 22.5, 22.5
2026-09-22, 01:31:22, 22.5, 22.64, 23.0, 23.0, 9999.0, 9999.0, 9999.0, 23.8, 9999.0, 22.32, 9999.0, 22.89, 22.73, 22.5, 22.5, 22.5
2026-09-22, 01:31:26, 22.5, 22.64, 22.98, 23.0, 9999.0, 9999.0, 9999.0, 23.82, 9999.0, 22.3, 9999.0, 22.86, 22.73, 22.5, 22.5, 22.5
2026-09-22, 01:31:30, 22.5, 22.64, 22.98, 23.0, 9999.0, 9999.0, 9999.0, 23.84, 9999.0, 22.25, 9999.0, 22.86, 22.73, 22.5, 22.5, 22.5
2026-09-22, 01:31:34, 22.5, 22.66, 22.98, 23.0, 9999.0, 9999.0, 9999.0, 23.86, 9999.0, 22.25, 9999.0, 22.86, 22.73, 22.5, 22.5, 22.5
2026-09-22, 01:31:38, 22.5, 22.66, 22.98, 23.0, 9999.0, 9999.0, 9999.0, 23.82, 9999.0, 22.23, 9999.0, 22.86, 22.73, 22.5, 22.5, 22.5
2026-09-22, 01:31:42, 22.5, 22.64, 22.98, 23.0, 9999.0, 9999.0, 9999.0, 23.8, 9999.0, 22.23, 9999.0, 22.86, 22.73, 22.5, 22.5, 22.5
2026-09-22, 01:31:46, 22.5, 22.64, 22.98, 23.0, 9999.0, 9999.0, 9999.0, 23.77, 9999.0, 22.23, 9999.0, 22.86, 22.73, 22.5, 22.5, 22.5
2026-09-22, 01:31:50, 22.5, 22.64, 22.98, 23.0, 9999.0, 9999.0, 9999.0, 23.73, 9999.0, 22.25, 9999.0, 22.89, 22.73, 22.5, 22.5, 22.5
2026-09-22, 01:31:54, 22.5, 22.64, 22.98, 23.0, 9999.0, 9999.0, 9999.0, 23.7, 9999.0, 22.27, 9999.0, 22.91, 22.73, 22.48, 22.5, 22.5
2026-09-22, 01:31:58, 22.5, 22.61, 22.98, 23.0, 9999.0, 9999.0, 9999.0, 23.68, 9999.0, 22.3, 9999.0, 22.93, 22.73, 22.48, 22.5, 22.5
2026-09-22, 01:32:02, 22.5, 22.59, 22.98, 23.0, 9999.0, 9999.0, 9999.0, 23.66, 9999.0, 22.32, 9999.0, 22.95, 22.75, 22.48, 22.5, 22.52
2026-09-22, 01:32:06, 22.5, 22.61, 22.98, 23.0, 9999.0, 9999.0, 9999.0, 23.64, 9999.0, 22.34, 9999.0, 22.95, 22.75, 22.45, 22.5, 22.52
2026-09-22, 01:32:10, 22.5, 22.61, 23.0, 23.0, 9999.0, 9999.0, 9999.0, 23.68, 9999.0, 22.36, 9999.0, 22.98, 22.75, 22.45, 22.5, 22.52
2026-09-22, 01:32:14, 22.5, 22.64, 23.0, 23.0, 9999.0, 9999.0, 9999.0, 23.73, 9999.0, 22.41, 9999.0, 22.98, 22.75, 22.45, 22.5, 22.52
2026-09-22, 01:32:18, 22.5, 22.64, 22.98, 23.0, 9999.0, 9999.0, 9999.0, 23.75, 9999.0, 22.43, 9999.0, 22.95, 22.75, 22.45, 22.5, 22.52
2026-09-22, 01:32:22, 22.5, 22.61, 22.98, 23.0, 9999.0, 9999.0, 9999.0, 23.77, 9999.0, 22.45, 9999.0, 22.95, 22.75, 22.45, 22.5, 22.52
2026-09-22, 01:32:26, 22.5, 22.61, 22.95, 23.0, 9999.0, 9999.0, 9999.0, 23.8, 9999.0, 22.48, 9999.0, 22.93, 22.75, 22.45, 22.5, 22.52
2026-09-22, 01:32:30, 22.5, 22.64, 22.95, 23.0, 9999.0, 9999.0, 9999.0, 23.82, 9999.0, 22.48, 9999.0, 22.91, 22.75, 22.45, 22.5, 22.52
2026-09-22, 01:32:34, 22.5, 22.64, 22.93, 23.0, 9999.0, 9999.0, 9999.0, 23.84, 9999.0, 22.45, 9999.0, 22.89, 22.73, 22.45, 22.5, 22.52
2026-09-22, 01:32:38, 22.5, 22.61, 22.93, 23.0, 9999.0, 9999.0, 9999.0, 23.89, 9999.0, 22.43, 9999.0, 22.86, 22.73, 22.48, 22.5, 22.52
2026-09-22, 01:32:42, 22.5, 22.61, 22.93, 23.0, 9999.0, 9999.0, 9999.0, 23.93, 9999.0, 22.41, 9999.0, 22.84, 22.73, 22.45, 22.5, 22.52
2026-09-22, 01:32:46, 22.5, 22.61, 22.93, 23.0, 9999.0, 9999.0, 9999.0, 23.98, 9999.0, 22.39, 9999.0, 22.84, 22.7, 22.43, 22.5, 22.5
2026-09-22, 01:32:50, 22.5, 22.59, 22.93, 23.0, 9999.0, 9999.0, 9999.0, 24.0, 9999.0, 22.36, 9999.0, 22.86, 22.7, 22.45, 22.5, 22.5
2026-09-22, 01:32:54, 22.5, 22.57, 22.93, 23.0, 9999.0, 9999.0, 9999.0, 23.95, 9999.0, 22.34, 9999.0, 22.86, 22.68, 22.45, 22.5, 22.5
2026-09-22, 01:32:58, 22.5, 22.57, 22.91, 23.0, 9999.0, 9999.0, 9999.0, 23.91, 9999.0, 22.32, 9999.0, 22.86, 22.68, 22.45, 22.5, 22.5
2026-09-22, 01:33:02, 22.5, 22.57, 22.93, 23.0, 9999.0, 9999.0, 9999.0, 23.89, 9999.0, 22.3, 9999.0, 22.89, 22.68, 22.45, 22.5, 22.5
2026-09-22, 01:33:06, 22.5, 22.57, 22.93, 23.0, 9999.0, 9999.0, 9999.0, 23.84, 9999.0, 22.3, 9999.0, 22.89, 22.68, 22.45, 22.5, 22.5
2026-09-22, 01:33:10, 22.5, 22.59, 22.95, 23.0, 9999.0, 9999.0, 9999.0, 23.8, 9999.0, 22.3, 9999.0, 22.91, 22.68, 22.45, 22.5, 22.5
2026-09-22, 01:33:14, 22.5, 22.57, 22.95, 23.0, 9999.0, 9999.0, 9999.0, 23.75, 9999.0, 22.32, 9999.0, 22.93, 22.68, 22.45, 22.5, 22.5
2026-09-22, 01:33:18, 22.5, 22.59, 22.98, 23.0, 9999.0, 9999.0, 9999.0, 23.73, 9999.0, 22.36, 9999.0, 22.95, 22.7, 22.45, 22.5, 22.5
2026-09-22, 01:33:22, 22.5, 22.61, 22.98, 23.0, 9999.0, 9999.0, 9999.0, 23.68, 9999.0, 22.39, 9999.0, 22.98, 22.7, 22.45, 22.5, 22.5
2026-09-22, 01:33:26, 22.5, 22.64, 22.98, 23.0, 9999.0, 9999.0, 9999.0, 23.7, 9999.0, 22.41, 9999.0, 23.0, 22.7, 22.48, 22.5, 22.5
2026-09-22, 01:33:30, 22.5, 22.66, 22.98, 23.0, 9999.0, 9999.0, 9999.0, 23.73, 9999.0, 22.43, 9999.0, 23.0, 22.73, 22.5, 22.5, 22.5
2026-09-22, 01:33:34, 22.5, 22.66, 22.98, 23.0, 9999.0, 9999.0, 9999.0, 23.77, 9999.0, 22.45, 9999.0, 22.98, 22.73, 22.5, 22.5, 22.5
2026-09-22, 01:33:38, 22.5, 22.66, 22.98, 23.0, 9999.0, 9999.0, 9999.0, 23.82, 9999.0, 22.48, 9999.0, 22.98, 22.73, 22.5, 22.5, 22.5
2026-09-22, 01:33:42, 22.5, 22.66, 23.0, 23.0, 9999.0, 9999.0, 9999.0, 23.84, 9999.0, 22.5, 9999.0, 22.98, 22.73, 22.5, 22.5, 22.5
2026-09-22, 01:33:46, 22.5, 22.66, 23.0, 23.0, 9999.0, 9999.0, 9999.0, 23.86, 9999.0, 22.52, 9999.0, 22.95, 22.73, 22.5, 22.5, 22.5
2026-09-22, 01:33:50, 22.5, 22.66, 23.0, 23.0, 9999.0, 9999.0, 9999.0, 23.91, 9999.0, 22.52, 9999.0, 22.93, 22.73, 22.5, 22.5, 22.5
2026-09-22, 01:33:54, 22.5, 22.64, 23.0, 23.0, 9999.0, 9999.0, 9999.0, 23.95, 9999.0, 22.52, 9999.0, 22.91, 22.73, 22.5, 22.5, 22.5
2026-09-22, 01:33:58, 22.5, 22.66, 23.0, 23.0, 9999.0, 9999.0, 9999.0, 24.0, 9999.0, 22.52, 9999.0, 22.89, 22.7, 22.5, 22.5, 22.5
2026-09-22, 01:34:02, 22.5, 22.64, 23.0, 23.0, 9999.0, 9999.0, 9999.0, 24.05, 9999.0, 22.5, 9999.0, 22.86, 22.68, 22.5, 22.5, 22.5
2026-09-22, 01:34:06, 22.5, 22.61, 23.0, 23.0, 9999.0, 9999.0, 9999.0, 24.09, 9999.0, 22.5, 9999.0, 22.86, 22.68, 22.5, 22.5, 22.5
2026-09-22, 01:34:10, 22.5, 22.59, 23.0, 23.0, 9999.0, 9999.0, 9999.0, 24.07, 9999.0, 22.48, 9999.0, 22.84, 22.68, 22.5, 22.5, 22.5
2026-09-22, 01:34:14, 22.5, 22.57, 23.0, 23.0, 9999.0, 9999.0, 9999.0, 24.02, 9999.0, 22.45, 9999.0, 22.84, 22.68, 22.5, 22.5, 22.5
2026-09-22, 01:34:18, 22.5, 22.59, 23.0, 23.0, 9999.0, 9999.0, 9999.0, 23.98, 9999.0, 22.45, 9999.0, 22.86, 22.68, 22.5, 22.5, 22.5
2026-09-22, 01:34:23, 22.5, 22.61, 22.98, 23.0, 9999.0, 9999.0, 9999.0, 23.93, 9999.0, 22.43, 9999.0, 22.86, 22.7, 22.48, 22.5, 22.5
2026-09-22, 01:34:27, 22.5, 22.59, 22.98, 23.0, 9999.0, 9999.0, 9999.0, 23.91, 9999.0, 22.43, 9999.0, 22.86, 22.7, 22.48, 22.5, 22.5
2026-09-22, 01:34:31, 22.5, 22.59, 22.98, 23.0, 9999.0, 9999.0, 9999.0, 23.89, 9999.0, 22.43, 9999.0, 22.89, 22.7, 22.48, 22.5, 22.5
2026-09-22, 01:34:35, 22.5, 22.59, 22.98, 23.0, 9999.0, 9999.0, 9999.0, 23.84, 9999.0, 22.45, 9999.0, 22.91, 22.7, 22.48, 22.5, 22.5
2026-09-22, 01:34:39, 22.5, 22.61, 22.98, 23.0, 9999.0, 9999.0, 9999.0, 23.82, 9999.0, 22.45, 9999.0, 22.93, 22.7, 22.48, 22.5, 22.5
2026-09-22, 01:34:43, 22.5, 22.59, 22.98, 23.0, 9999.0, 9999.0, 9999.0, 23.77, 9999.0, 22.48, 9999.0, 22.93, 22.73, 22.48, 22.5, 22.5
2026-09-22, 01:34:47, 22.5, 22.61, 22.98, 23.0, 9999.0, 9999.0, 9999.0, 23.82, 9999.0, 22.48, 9999.0, 22.95, 22.75, 22.48, 22.5, 22.5
2026-09-22, 01:34:51, 22.5, 22.64, 22.98, 23.0, 9999.0, 9999.0, 9999.0, 23.84, 9999.0, 22.48, 9999.0, 22.93, 22.75, 22.48, 22.5, 22.5
2026-09-22, 01:34:55, 22.5, 22.66, 22.98, 23.0, 9999.0, 9999.0, 9999.0, 23.86, 9999.0, 22.5, 9999.0, 22.93, 22.75, 22.48, 22.5, 22.5
2026-09-22, 01:34:59, 22.5, 22.68, 22.98, 23.0, 9999.0, 9999.0, 9999.0, 23.91, 9999.0, 22.52, 9999.0, 22.91, 22.75, 22.48, 22.5, 22.5
2026-09-22, 01:35:03, 22.5, 22.66, 22.98, 23.0, 9999.0, 9999.0, 9999.0, 23.95, 9999.0, 22.52, 9999.0, 22.89, 22.75, 22.48, 22.5, 22.5
2026-09-22, 01:35:07, 22.5, 22.64, 23.0, 23.0, 9999.0, 9999.0, 9999.0, 24.0, 9999.0, 22.55, 9999.0, 22.86, 22.75, 22.5, 22.5, 22.5
2026-09-22, 01:35:11, 22.5, 22.66, 23.0, 23.0, 9999.0, 9999.0, 9999.0, 24.02, 9999.0, 22.52, 9999.0, 22.84, 22.75, 22.5, 22.5, 22.5
2026-09-22, 01:35:15, 22.5, 22.66, 22.98, 23.0, 9999.0, 9999.0, 9999.0, 24.07, 9999.0, 22.52, 9999.0, 22.82, 22.75, 22.5, 22.5, 22.5
2026-09-22, 01:35:19, 22.5, 22.66, 22.95, 23.0, 9999.0, 9999.0, 9999.0, 24.11, 9999.0, 22.48, 9999.0, 22.8, 22.75, 22.48, 22.5, 22.5
2026-09-22, 01:35:23, 22.5, 22.66, 22.95, 23.0, 9999.0, 9999.0, 9999.0, 24.14, 9999.0, 22.48, 9999.0, 22.8, 22.73, 22.48, 22.5, 22.5
2026-09-22, 01:35:27, 22.5, 22.68, 22.95, 23.0, 9999.0, 9999.0, 9999.0, 24.18, 9999.0, 22.43, 9999.0, 22.82, 22.73, 22.48, 22.5, 22.5
2026-09-22, 01:35:31, 22.5, 22.68, 22.95, 23.0, 9999.0, 9999.0, 9999.0, 24.11, 9999.0, 22.41, 9999.0, 22.84, 22.73, 22.48, 22.5, 22.5
2026-09-22, 01:35:35, 22.5, 22.66, 22.95, 23.0, 9999.0, 9999.0, 9999.0, 24.07, 9999.0, 22.39, 9999.0, 22.86, 22.73, 22.48, 22.5, 22.5
2026-09-22, 01:35:39, 22.5, 22.66, 22.95, 23.0, 9999.0, 9999.0, 9999.0, 24.02, 9999.0, 22.36, 9999.0, 22.91, 22.73, 22.48, 22.5, 22.5
2026-09-22, 01:35:43, 22.5, 22.64, 22.95, 23.0, 9999.0, 9999.0, 9999.0, 23.98, 9999.0, 22.36, 9999.0, 22.93, 22.73, 22.48, 22.5, 22.5
2026-09-22, 01:35:47, 22.5, 22.64, 22.95, 23.0, 9999.0, 9999.0, 9999.0, 23.93, 9999.0, 22.36, 9999.0, 22.95, 22.73, 22.48, 22.5, 22.5
2026-09-22, 01:35:51, 22.5, 22.64, 22.95, 23.0, 9999.0, 9999.0, 9999.0, 23.89, 9999.0, 22.39, 9999.0, 22.98, 22.73, 22.48, 22.5, 22.5
2026-09-22, 01:35:55, 22.5, 22.64, 22.95, 23.0, 9999.0, 9999.0, 9999.0, 23.86, 9999.0, 22.43, 9999.0, 23.0, 22.73, 22.48, 22.5, 22.5
2026-09-22, 01:35:59, 22.5, 22.61, 22.98, 23.0, 9999.0, 9999.0, 9999.0, 23.8, 9999.0, 22.45, 9999.0, 23.02, 22.73, 22.48, 22.5, 22.5
2026-09-22, 01:36:03, 22.5, 22.64, 23.0, 23.0, 9999.0, 9999.0, 9999.0, 23.84, 9999.0, 22.5, 9999.0, 23.05, 22.73, 22.5, 22.5, 22.5
2026-09-22, 01:36:07, 22.5, 22.64, 23.0, 23.0, 9999.0, 9999.0, 9999.0, 23.86, 9999.0, 22.52, 9999.0, 23.02, 22.75, 22.5, 22.5, 22.5
2026-09-22, 01:36:11, 22.5, 22.61, 23.0, 23.0, 9999.0, 9999.0, 9999.0, 23.89, 9999.0, 22.55, 9999.0, 23.0, 22.75, 22.5, 22.5, 22.5
2026-09-22, 01:36:15, 22.5, 22.59, 23.0, 22.98, 9999.0, 9999.0, 9999.0, 23.93, 9999.0, 22.57, 9999.0, 22.95, 22.75, 22.48, 22.5, 22.5
2026-09-22, 01:36:19, 22.5, 22.59, 23.0, 22.98, 9999.0, 9999.0, 9999.0, 23.98, 9999.0, 22.61, 9999.0, 22.93, 22.75, 22.48, 22.5, 22.5
2026-09-22, 01:36:23, 22.5, 22.57, 23.0, 22.98, 9999.0, 9999.0, 9999.0, 24.02, 9999.0, 22.66, 9999.0, 22.89, 22.75, 22.48, 22.5, 22.5
2026-09-22, 01:36:27, 22.5, 22.57, 23.0, 22.98, 9999.0, 9999.0, 9999.0, 24.05, 9999.0, 22.66, 9999.0, 22.86, 22.75, 22.48, 22.5, 22.5
2026-09-22, 01:36:31, 22.5, 22.57, 23.0, 22.98, 9999.0, 9999.0, 9999.0, 24.07, 9999.0, 22.66, 9999.0, 22.84, 22.75, 22.48, 22.5, 22.5
2026-09-22, 01:36:35, 22.5, 22.57, 23.0, 22.98, 9999.0, 9999.0, 9999.0, 24.11, 9999.0, 22.64, 9999.0, 22.82, 22.75, 22.45, 22.5, 22.5
2026-09-22, 01:36:39, 22.5, 22.57, 23.0, 22.98, 9999.0, 9999.0, 9999.0, 24.14, 9999.0, 22.61, 9999.0, 22.82, 22.73, 22.45, 22.5, 22.5
2026-09-22, 01:36:43, 22.5, 22.59, 23.0, 22.98, 9999.0, 9999.0, 9999.0, 24.18, 9999.0, 22.59, 9999.0, 22.82, 22.73, 22.45, 22.5, 22.5
2026-09-22, 01:36:47, 22.5, 22.57, 23.0, 22.98, 9999.0, 9999.0, 9999.0, 24.14, 9999.0, 22.57, 9999.0, 22.82, 22.73, 22.45, 22.5, 22.5
2026-09-22, 01:36:51, 22.5, 22.57, 23.0, 22.98, 9999.0, 9999.0, 9999.0, 24.09, 9999.0, 22.55, 9999.0, 22.84, 22.73, 22.45, 22.5, 22.5
2026-09-22, 01:36:55, 22.5, 22.57, 23.0, 22.98, 9999.0, 9999.0, 9999.0, 24.05, 9999.0, 22.55, 9999.0, 22.86, 22.73, 22.45, 22.5, 22.5
2026-09-22, 01:36:59, 22.5, 22.57, 23.0, 23.0, 9999.0, 9999.0, 9999.0, 24.0, 9999.0, 22.57, 9999.0, 22.89, 22.73, 22.48, 22.5, 22.5
2026-09-22, 01:37:03, 22.5, 22.59, 23.0, 22.98, 9999.0, 9999.0, 9999.0, 23.95, 9999.0, 22.57, 9999.0, 22.91, 22.73, 22.48, 22.5, 22.5
2026-09-22, 01:37:07, 22.5, 22.59, 23.0, 22.98, 9999.0, 9999.0, 9999.0, 23.91, 9999.0, 22.57, 9999.0, 22.91, 22.73, 22.48, 22.5, 22.5
2026-09-22, 01:37:11, 22.5, 22.59, 22.98, 22.98, 9999.0, 9999.0, 9999.0, 23.89, 9999.0, 22.61, 9999.0, 22.91, 22.73, 22.48, 22.5, 22.5
2026-09-22, 01:37:15, 22.5, 22.61, 22.98, 22.98, 9999.0, 9999.0, 9999.0, 23.86, 9999.0, 22.64, 9999.0, 22.93, 22.73, 22.48, 22.5, 22.5
2026-09-22, 01:37:19, 22.5, 22.64, 22.98, 22.98, 9999.0, 9999.0, 9999.0, 23.86, 9999.0, 22.66, 9999.0, 22.93, 22.73, 22.48, 22.5, 22.5
2026-09-22, 01:37:23, 22.5, 22.64, 22.98, 22.98, 9999.0, 9999.0, 9999.0, 23.91, 9999.0, 22.68, 9999.0, 22.93, 22.75, 22.48, 22.5, 22.5
2026-09-22, 01:37:27, 22.5, 22.61, 22.98, 22.98, 9999.0, 9999.0, 9999.0, 23.93, 9999.0, 22.7, 9999.0, 22.93, 22.75, 22.48, 22.5, 22.5
2026-09-22, 01:37:31, 22.5, 22.61, 22.98, 22.98, 9999.0, 9999.0, 9999.0, 23.95, 9999.0, 22.7, 9999.0, 22.91, 22.75, 22.48, 22.5, 22.5
2026-09-22, 01:37:35, 22.5, 22.61, 22.95, 22.98, 9999.0, 9999.0, 9999.0, 24.0, 9999.0, 22.73, 9999.0, 22.89, 22.75, 22.48, 22.5, 22.5
2026-09-22, 01:37:39, 22.5, 22.61, 22.95, 22.98, 9999.0, 9999.0, 9999.0, 24.05, 9999.0, 22.73, 9999.0, 22.86, 22.73, 22.45, 22.5, 22.5
2026-09-22, 01:37:43, 22.5, 22.64, 22.95, 22.95, 9999.0, 9999.0, 9999.0, 24.07, 9999.0, 22.7, 9999.0, 22.84, 22.7, 22.45, 22.5, 22.5
2026-09-22, 01:37:47, 22.5, 22.64, 22.95, 22.95, 9999.0, 9999.0, 9999.0, 24.11, 9999.0, 22.7, 9999.0, 22.82, 22.7, 22.43, 22.5, 22.5
2026-09-22, 01:37:51, 22.5, 22.66, 22.95, 22.95, 9999.0, 9999.0, 9999.0, 24.14, 9999.0, 22.7, 9999.0, 22.82, 22.7, 22.41, 22.5, 22.5
2026-09-22, 01:37:55, 22.5, 22.66, 22.98, 22.95, 9999.0, 9999.0, 9999.0, 24.16, 9999.0, 22.66, 9999.0, 22.84, 22.68, 22.41, 22.5, 22.5
2026-09-22, 01:37:59, 22.5, 22.64, 22.98, 22.93, 9999.0, 9999.0, 9999.0, 24.18, 9999.0, 22.66, 9999.0, 22.84, 22.66, 22.41, 22.5, 22.5
2026-09-22, 01:38:03, 22.5, 22.64, 22.98, 22.91, 9999.0, 9999.0, 9999.0, 24.16, 9999.0, 22.66, 9999.0, 22.86, 22.64, 22.43, 22.5, 22.5
2026-09-22, 01:38:07, 22.5, 22.61, 22.98, 22.89, 9999.0, 9999.0, 9999.0, 24.11, 9999.0, 22.66, 9999.0, 22.86, 22.64, 22.43, 22.5, 22.5
2026-09-22, 01:38:11, 22.5, 22.64, 22.98, 22.89, 9999.0, 9999.0, 9999.0, 24.09, 9999.0, 22.66, 9999.0, 22.86, 22.64, 22.43, 22.5, 22.5
2026-09-22, 01:38:16, 22.5, 22.64, 22.95, 22.89, 9999.0, 9999.0, 9999.0, 24.05, 9999.0, 22.68, 9999.0, 22.89, 22.61, 22.43, 22.5, 22.5
2026-09-22, 01:38:20, 22.5, 22.61, 22.98, 22.89, 9999.0, 9999.0, 9999.0, 24.0, 9999.0, 22.7, 9999.0, 22.91, 22.61, 22.43, 22.5, 22.5
2026-09-22, 01:38:24, 22.5, 22.61, 22.95, 22.89, 9999.0, 9999.0, 9999.0, 23.95, 9999.0, 22.75, 9999.0, 22.93, 22.64, 22.43, 22.5, 22.5
2026-09-22, 01:38:28, 22.5, 22.59, 22.93, 22.91, 9999.0, 9999.0, 9999.0, 23.93, 9999.0, 22.8, 9999.0, 22.95, 22.66, 22.41, 22.5, 22.5
2026-09-22, 01:38:32, 22.5, 22.57, 22.93, 22.93, 9999.0, 9999.0, 9999.0, 23.89, 9999.0, 22.82, 9999.0, 22.98, 22.66, 22.43, 22.5, 22.5
2026-09-22, 01:38:36, 22.5, 22.57, 22.93, 22.93, 9999.0, 9999.0, 9999.0, 23.93, 9999.0, 22.84, 9999.0, 22.98, 22.66, 22.45, 22.5, 22.5
2026-09-22, 01:38:40, 22.5, 22.57, 22.93, 22.93, 9999.0, 9999.0, 9999.0, 23.98, 9999.0, 22.86, 9999.0, 22.98, 22.68, 22.45, 22.5, 22.5
2026-09-22, 01:38:44, 22.5, 22.57, 22.93, 22.95, 9999.0, 9999.0, 9999.0, 24.02, 9999.0, 22.86, 9999.0, 22.95, 22.7, 22.43, 22.5, 22.5
2026-09-22, 01:38:48, 22.5, 22.55, 22.93, 22.98, 9999.0, 9999.0, 9999.0, 24.05, 9999.0, 22.86, 9999.0, 22.93, 22.73, 22.43, 22.5, 22.5
2026-09-22, 01:38:52, 22.5, 22.55, 22.91, 23.0, 9999.0, 9999.0, 9999.0, 24.07, 9999.0, 22.86, 9999.0, 22.91, 22.73, 22.43, 22.5, 22.5
2026-09-22, 01:38:56, 22.5, 22.55, 22.89, 23.0, 9999.0, 9999.0, 9999.0, 24.09, 9999.0, 22.86, 9999.0, 22.89, 22.73, 22.43, 22.5, 22.5
2026-09-22, 01:39:00, 22.5, 22.57, 22.91, 22.98, 9999.0, 9999.0, 9999.0, 24.14, 9999.0, 22.86, 9999.0, 22.86, 22.73, 22.41, 22.5, 22.5
2026-09-22, 01:39:04, 22.5, 22.57, 22.91, 22.98, 9999.0, 9999.0, 9999.0, 24.16, 9999.0, 22.84, 9999.0, 22.84, 22.7, 22.39, 22.5, 22.5
2026-09-22, 01:39:08, 22.5, 22.59, 22.93, 22.95, 9999.0, 9999.0, 9999.0, 24.18, 9999.0, 22.82, 9999.0, 22.82, 22.68, 22.41, 22.5, 22.5
2026-09-22, 01:39:12, 22.5, 22.61, 22.95, 22.95, 9999.0, 9999.0, 9999.0, 24.2, 9999.0, 22.8, 9999.0, 22.82, 22.66, 22.43, 22.5, 22.5
2026-09-22, 01:39:16, 22.5, 22.61, 22.95, 22.95, 9999.0, 9999.0, 9999.0, 24.23, 9999.0, 22.77, 9999.0, 22.8, 22.64, 22.41, 22.5, 22.5
2026-09-22, 01:39:20, 22.5, 22.59, 22.95, 22.93, 9999.0, 9999.0, 9999.0, 24.18, 9999.0, 22.75, 9999.0, 22.82, 22.61, 22.41, 22.5, 22.5
2026-09-22, 01:39:24, 22.5, 22.59, 22.95, 22.93, 9999.0, 9999.0, 9999.0, 24.14, 9999.0, 22.75, 9999.0, 22.84, 22.59, 22.41, 22.5, 22.5
2026-09-22, 01:39:28, 22.5, 22.59, 22.95, 22.93, 9999.0, 9999.0, 9999.0, 24.09, 9999.0, 22.73, 9999.0, 22.86, 22.57, 22.43, 22.5, 22.5
2026-09-22, 01:39:32, 22.5, 22.61, 22.93, 22.91, 9999.0, 9999.0, 9999.0, 24.05, 9999.0, 22.75, 9999.0, 22.89, 22.55, 22.43, 22.5, 22.5
2026-09-22, 01:39:36, 22.5, 22.61, 22.93, 22.89, 9999.0, 9999.0, 9999.0, 24.0, 9999.0, 22.77, 9999.0, 22.89, 22.55, 22.43, 22.5, 22.5
2026-09-22, 01:39:40, 22.5, 22.59, 22.93, 22.89, 9999.0, 9999.0, 9999.0, 23.98, 9999.0, 22.77, 9999.0, 22.91, 22.55, 22.43, 22.5, 22.5
2026-09-22, 01:39:44, 22.5, 22.59, 22.91, 22.91, 9999.0, 9999.0, 9999.0, 23.93, 9999.0, 22.8, 9999.0, 22.93, 22.57, 22.45, 22.5, 22.5
2026-09-22, 01:39:48, 22.5, 22.59, 22.91, 22.89, 9999.0, 9999.0, 9999.0, 23.91, 9999.0, 22.82, 9999.0, 22.93, 22.57, 22.48, 22.5, 22.5
2026-09-22, 01:39:52, 22.5, 22.59, 22.91, 22.91, 9999.0, 9999.0, 9999.0, 23.95, 9999.0, 22.82, 9999.0, 22.93, 22.59, 22.48, 22.5, 22.5
2026-09-22, 01:39:56, 22.5, 22.57, 22.89, 22.91, 9999.0, 9999.0, 9999.0, 24.0, 9999.0, 22.84, 9999.0, 22.91, 22.61, 22.48, 22.5, 22.5
2026-09-22, 01:40:00, 22.5, 22.59, 22.89, 22.91, 9999.0, 9999.0, 9999.0, 24.05, 9999.0, 22.84, 9999.0, 22.91, 22.64, 22.5, 22.5, 22.5
2026-09-22, 01:40:04, 22.5, 22.61, 22.86, 22.93, 9999.0, 9999.0, 9999.0, 24.07, 9999.0, 22.84, 9999.0, 22.89, 22.66, 22.48, 22.5, 22.5
2026-09-22, 01:40:08, 22.5, 22.64, 22.86, 22.91, 9999.0, 9999.0, 9999.0, 24.09, 9999.0, 22.84, 9999.0, 22.84, 22.68, 22.48, 22.5, 22.5
2026-09-22, 01:40:12, 22.5, 22.64, 22.86, 22.89, 9999.0, 9999.0, 9999.0, 24.11, 9999.0, 22.86, 9999.0, 22.82, 22.7, 22.48, 22.5, 22.5
2026-09-22, 01:40:16, 22.5, 22.64, 22.86, 22.91, 9999.0, 9999.0, 9999.0, 24.16, 9999.0, 22.84, 9999.0, 22.8, 22.73, 22.48, 22.5, 22.5
2026-09-22, 01:40:20, 22.5, 22.64, 22.89, 22.91, 9999.0, 9999.0, 9999.0, 24.18, 9999.0, 22.82, 9999.0, 22.8, 22.7, 22.48, 22.5, 22.5
2026-09-22, 01:40:24, 22.5, 22.64, 22.91, 22.91, 9999.0, 9999.0, 9999.0, 24.2, 9999.0, 22.82, 9999.0, 22.77, 22.7, 22.45, 22.5, 22.5
2026-09-22, 01:40:28, 22.5, 22.61, 22.91, 22.89, 9999.0, 9999.0, 9999.0, 24.23, 9999.0, 22.8, 9999.0, 22.77, 22.68, 22.43, 22.5, 22.5
2026-09-22, 01:40:32, 22.5, 22.64, 22.91, 22.91, 9999.0, 9999.0, 9999.0, 24.27, 9999.0, 22.77, 9999.0, 22.8, 22.68, 22.43, 22.5, 22.5
2026-09-22, 01:40:36, 22.5, 22.61, 22.91, 22.91, 9999.0, 9999.0, 9999.0, 24.23, 9999.0, 22.77, 9999.0, 22.82, 22.68, 22.41, 22.5, 22.5
2026-09-22, 01:40:40, 22.5, 22.64, 22.91, 22.91, 9999.0, 9999.0, 9999.0, 24.18, 9999.0, 22.75, 9999.0, 22.84, 22.68, 22.41, 22.5, 22.5
2026-09-22, 01:40:44, 22.5, 22.61, 22.89, 22.89, 9999.0, 9999.0, 9999.0, 24.14, 9999.0, 22.75, 9999.0, 22.86, 22.68, 22.41, 22.5, 22.5
2026-09-22, 01:40:48, 22.5, 22.61, 22.91, 22.86, 9999.0, 9999.0, 9999.0, 24.11, 9999.0, 22.77, 9999.0, 22.89, 22.68, 22.43, 22.5, 22.5
2026-09-22, 01:40:52, 22.5, 22.59, 22.89, 22.89, 9999.0, 9999.0, 9999.0, 24.09, 9999.0, 22.77, 9999.0, 22.91, 22.68, 22.43, 22.5, 22.5
2026-09-22, 01:40:56, 22.5, 22.61, 22.89, 22.89, 9999.0, 9999.0, 9999.0, 24.07, 9999.0, 22.8, 9999.0, 22.93, 22.66, 22.43, 22.5, 22.5
2026-09-22, 01:41:00, 22.5, 22.59, 22.89, 22.89, 9999.0, 9999.0, 9999.0, 24.05, 9999.0, 22.82, 9999.0, 22.93, 22.66, 22.43, 22.5, 22.5
2026-09-22, 01:41:04, 22.5, 22.61, 22.86, 22.91, 9999.0, 9999.0, 9999.0, 24.02, 9999.0, 22.84, 9999.0, 22.93, 22.66, 22.43, 22.5, 22.5
2026-09-22, 01:41:08, 22.5, 22.64, 22.84, 22.89, 9999.0, 9999.0, 9999.0, 24.05, 9999.0, 22.84, 9999.0, 22.95, 22.66, 22.43, 22.5, 22.5
2026-09-22, 01:41:12, 22.5, 22.64, 22.86, 22.91, 9999.0, 9999.0, 9999.0, 24.09, 9999.0, 22.86, 9999.0, 22.93, 22.68, 22.43, 22.5, 22.5
2026-09-22, 01:41:16, 22.5, 22.64, 22.86, 22.91, 9999.0, 9999.0, 9999.0, 24.09, 9999.0, 22.89, 9999.0, 22.91, 22.68, 22.43, 22.5, 22.5
2026-09-22, 01:41:20, 22.5, 22.64, 22.86, 22.89, 9999.0, 9999.0, 9999.0, 24.11, 9999.0, 22.91, 9999.0, 22.89, 22.68, 22.43, 22.5, 22.48
2026-09-22, 01:41:24, 22.5, 22.61, 22.89, 22.89, 9999.0, 9999.0, 9999.0, 24.14, 9999.0, 22.93, 9999.0, 22.86, 22.66, 22.43, 22.5, 22.48
2026-09-22, 01:41:28, 22.5, 22.64, 22.91, 22.91, 9999.0, 9999.0, 9999.0, 24.16, 9999.0, 22.93, 9999.0, 22.84, 22.64, 22.43, 22.5, 22.48
2026-09-22, 01:41:32, 22.5, 22.64, 22.91, 22.93, 9999.0, 9999.0, 9999.0, 24.18, 9999.0, 22.91, 9999.0, 22.82, 22.61, 22.43, 22.5, 22.48
2026-09-22, 01:41:36, 22.5, 22.66, 22.93, 22.93, 9999.0, 9999.0, 9999.0, 24.2, 9999.0, 22.91, 9999.0, 22.8, 22.61, 22.43, 22.5, 22.48
2026-09-22, 01:41:40, 22.5, 22.64, 22.93, 22.93, 9999.0, 9999.0, 9999.0, 24.23, 9999.0, 22.89, 9999.0, 22.77, 22.64, 22.41, 22.5, 22.48
2026-09-22, 01:41:44, 22.5, 22.66, 22.93, 22.93, 9999.0, 9999.0, 9999.0, 24.25, 9999.0, 22.86, 9999.0, 22.8, 22.61, 22.41, 22.5, 22.48
2026-09-22, 01:41:48, 22.5, 22.64, 22.95, 22.91, 9999.0, 9999.0, 9999.0, 24.27, 9999.0, 22.84, 9999.0, 22.8, 22.64, 22.41, 22.5, 22.48
2026-09-22, 01:41:52, 22.5, 22.64, 22.98, 22.91, 9999.0, 9999.0, 9999.0, 24.23, 9999.0, 22.84, 9999.0, 22.8, 22.64, 22.43, 22.5, 22.48
2026-09-22, 01:41:56, 22.5, 22.64, 22.98, 22.91, 9999.0, 9999.0, 9999.0, 24.18, 9999.0, 22.82, 9999.0, 22.82, 22.64, 22.45, 22.5, 22.48
2026-09-22, 01:42:00, 22.5, 22.64, 22.98, 22.89, 9999.0, 9999.0, 9999.0, 24.16, 9999.0, 22.8, 9999.0, 22.84, 22.66, 22.45, 22.5, 22.48
2026-09-22, 01:42:05, 22.5, 22.66, 22.98, 22.91, 9999.0, 9999.0, 9999.0, 24.11, 9999.0, 22.8, 9999.0, 22.86, 22.64, 22.48, 22.5, 22.48
2026-09-22, 01:42:09, 22.5, 22.68, 22.98, 22.89, 9999.0, 9999.0, 9999.0, 24.09, 9999.0, 22.77, 9999.0, 22.89, 22.64, 22.48, 22.5, 22.48
2026-09-22, 01:42:13, 22.5, 22.68, 22.95, 22.86, 9999.0, 9999.0, 9999.0, 24.05, 9999.0, 22.8, 9999.0, 22.91, 22.66, 22.48, 22.5, 22.48
2026-09-22, 01:42:17, 22.5, 22.68, 22.95, 22.84, 9999.0, 9999.0, 9999.0, 24.0, 9999.0, 22.82, 9999.0, 22.91, 22.68, 22.48, 22.5, 22.45
2026-09-22, 01:42:21, 22.5, 22.66, 22.95, 22.82, 9999.0, 9999.0, 9999.0, 23.95, 9999.0, 22.84, 9999.0, 22.93, 22.68, 22.48, 22.5, 22.45
2026-09-22, 01:42:25, 22.5, 22.68, 22.93, 22.84, 9999.0, 9999.0, 9999.0, 23.98, 9999.0, 22.86, 9999.0, 22.95, 22.68, 22.5, 22.5, 22.45
2026-09-22, 01:42:29, 22.5, 22.66, 22.93, 22.82, 9999.0, 9999.0, 9999.0, 24.0, 9999.0, 22.89, 9999.0, 22.93, 22.7, 22.48, 22.5, 22.45
2026-09-22, 01:42:33, 22.5, 22.68, 22.93, 22.82, 9999.0, 9999.0, 9999.0, 24.05, 9999.0, 22.91, 9999.0, 22.93, 22.7, 22.48, 22.5, 22.45
2026-09-22, 01:42:37, 22.5, 22.68, 22.93, 22.84, 9999.0, 9999.0, 9999.0, 24.09, 9999.0, 22.91, 9999.0, 22.91, 22.7, 22.45, 22.5, 22.45
2026-09-22, 01:42:41, 22.5, 22.68, 22.91, 22.84, 9999.0, 9999.0, 9999.0, 24.11, 9999.0, 22.91, 9999.0, 22.89, 22.7, 22.45, 22.5, 22.45
2026-09-22, 01:42:45, 22.5, 22.66, 22.91, 22.84, 9999.0, 9999.0, 9999.0, 24.14, 9999.0, 22.91, 9999.0, 22.86, 22.68, 22.45, 22.5, 22.45
2026-09-22, 01:42:49, 22.5, 22.64, 22.91, 22.82, 9999.0, 9999.0, 9999.0, 24.18, 9999.0, 22.89, 9999.0, 22.84, 22.7, 22.43, 22.5, 22.48
2026-09-22, 01:42:53, 22.5, 22.61, 22.91, 22.82, 9999.0, 9999.0, 9999.0, 24.2, 9999.0, 22.89, 9999.0, 22.82, 22.7, 22.43, 22.5, 22.48
2026-09-22, 01:42:57, 22.5, 22.61, 22.93, 22.82, 9999.0, 9999.0, 9999.0, 24.25, 9999.0, 22.86, 9999.0, 22.8, 22.68, 22.41, 22.5, 22.45
2026-09-22, 01:43:01, 22.5, 22.59, 22.93, 22.84, 9999.0, 9999.0, 9999.0, 24.3, 9999.0, 22.84, 9999.0, 22.82, 22.68, 22.41, 22.5, 22.48
2026-09-22, 01:43:05, 22.5, 22.59, 22.91, 22.84, 9999.0, 9999.0, 9999.0, 24.34, 9999.0, 22.82, 9999.0, 22.82, 22.66, 22.41, 22.5, 22.48
2026-09-22, 01:43:09, 22.5, 22.57, 22.93, 22.84, 9999.0, 9999.0, 9999.0, 24.3, 9999.0, 22.8, 9999.0, 22.82, 22.66, 22.41, 22.5, 22.48
2026-09-22, 01:43:13, 22.5, 22.59, 22.95, 22.86, 9999.0, 9999.0, 9999.0, 24.25, 9999.0, 22.77, 9999.0, 22.84, 22.66, 22.43, 22.5, 22.48
2026-09-22, 01:43:17, 22.5, 22.59, 22.95, 22.89, 9999.0, 9999.0, 9999.0, 24.2, 9999.0, 22.75, 9999.0, 22.86, 22.66, 22.43, 22.5, 22.48
2026-09-22, 01:43:21, 22.5, 22.59, 22.93, 22.89, 9999.0, 9999.0, 9999.0, 24.16, 9999.0, 22.77, 9999.0, 22.89, 22.64, 22.45, 22.5, 22.48
2026-09-22, 01:43:25, 22.5, 22.61, 22.95, 22.89, 9999.0, 9999.0, 9999.0, 24.14, 9999.0, 22.77, 9999.0, 22.91, 22.61, 22.45, 22.5, 22.48
2026-09-22, 01:43:29, 22.5, 22.64, 22.95, 22.91, 9999.0, 9999.0, 9999.0, 24.09, 9999.0, 22.8, 9999.0, 22.93, 22.61, 22.45, 22.5, 22.48
2026-09-22, 01:43:33, 22.5, 22.64, 22.95, 22.91, 9999.0, 9999.0, 9999.0, 24.05, 9999.0, 22.82, 9999.0, 22.95, 22.61, 22.48, 22.5, 22.48
2026-09-22, 01:43:37, 22.5, 22.66, 22.95, 22.93, 9999.0, 9999.0, 9999.0, 24.0, 9999.0, 22.84, 9999.0, 22.98, 22.64, 22.48, 22.5, 22.48
2026-09-22, 01:43:41, 22.5, 22.64, 22.93, 22.95, 9999.0, 9999.0, 9999.0, 24.02, 9999.0, 22.86, 9999.0, 22.98, 22.66, 22.5, 22.5, 22.48
2026-09-22, 01:43:45, 22.5, 22.66, 22.93, 22.95, 9999.0, 9999.0, 9999.0, 24.05, 9999.0, 22.86, 9999.0, 22.95, 22.66, 22.5, 22.5, 22.48
2026-09-22, 01:43:49, 22.5, 22.66, 22.95, 22.95, 9999.0, 9999.0, 9999.0, 24.07, 9999.0, 22.86, 9999.0, 22.93, 22.66, 22.5, 22.5, 22.48
2026-09-22, 01:43:53, 22.5, 22.68, 22.95, 22.95, 9999.0, 9999.0, 9999.0, 24.09, 9999.0, 22.86, 9999.0, 22.91, 22.66, 22.48, 22.5, 22.48
2026-09-22, 01:43:57, 22.5, 22.66, 22.95, 22.95, 9999.0, 9999.0, 9999.0, 24.11, 9999.0, 22.86, 9999.0, 22.89, 22.64, 22.45, 22.5, 22.48
2026-09-22, 01:44:01, 22.5, 22.66, 22.95, 22.93, 9999.0, 9999.0, 9999.0, 24.14, 9999.0, 22.86, 9999.0, 22.86, 22.64, 22.45, 22.5, 22.48
2026-09-22, 01:44:05, 22.5, 22.66, 22.95, 22.93, 9999.0, 9999.0, 9999.0, 24.16, 9999.0, 22.84, 9999.0, 22.84, 22.66, 22.45, 22.5, 22.48
2026-09-22, 01:44:09, 22.5, 22.64, 22.93, 22.91, 9999.0, 9999.0, 9999.0, 24.18, 9999.0, 22.84, 9999.0, 22.82, 22.66, 22.45, 22.5, 22.48
2026-09-22, 01:44:13, 22.5, 22.64, 22.93, 22.91, 9999.0, 9999.0, 9999.0, 24.23, 9999.0, 22.82, 9999.0, 22.8, 22.66, 22.45, 22.5, 22.48
2026-09-22, 01:44:17, 22.5, 22.66, 22.93, 22.93, 9999.0, 9999.0, 9999.0, 24.27, 9999.0, 22.8, 9999.0, 22.77, 22.64, 22.45, 22.5, 22.48
2026-09-22, 01:44:21, 22.5, 22.64, 22.93, 22.93, 9999.0, 9999.0, 9999.0, 24.3, 9999.0, 22.77, 9999.0, 22.77, 22.61, 22.43, 22.5, 22.45
2026-09-22, 01:44:25, 22.5, 22.64, 22.93, 22.91, 9999.0, 9999.0, 9999.0, 24.25, 9999.0, 22.75, 9999.0, 22.8, 22.59, 22.43, 22.5, 22.48
2026-09-22, 01:44:29, 22.5, 22.64, 22.93, 22.91, 9999.0, 9999.0, 9999.0, 24.2, 9999.0, 22.73, 9999.0, 22.82, 22.59, 22.43, 22.5, 22.48
2026-09-22, 01:44:33, 22.5, 22.66, 22.93, 22.93, 9999.0, 9999.0, 9999.0, 24.16, 9999.0, 22.7, 9999.0, 22.84, 22.61, 22.43, 22.5, 22.48
2026-09-22, 01:44:37, 22.5, 22.64, 22.93, 22.93, 9999.0, 9999.0, 9999.0, 24.14, 9999.0, 22.7, 9999.0, 22.86, 22.59, 22.45, 22.5, 22.48
2026-09-22, 01:44:41, 22.5, 22.66, 22.93, 22.93, 9999.0, 9999.0, 9999.0, 24.11, 9999.0, 22.7, 9999.0, 22.86, 22.61, 22.48, 22.5, 22.48
2026-09-22, 01:44:45, 22.5, 22.66, 22.93, 22.95, 9999.0, 9999.0, 9999.0, 24.07, 9999.0, 22.73, 9999.0, 22.89, 22.61, 22.45, 22.5, 22.48
2026-09-22, 01:44:49, 22.5, 22.66, 22.93, 22.95, 9999.0, 9999.0, 9999.0, 24.02, 9999.0, 22.75, 9999.0, 22.91, 22.61, 22.45, 22.5, 22.48
2026-09-22, 01:44:53, 22.5, 22.68, 22.93, 22.98, 9999.0, 9999.0, 9999.0, 23.98, 9999.0, 22.77, 9999.0, 22.91, 22.61, 22.45, 22.5, 22.48
2026-09-22, 01:44:57, 22.5, 22.68, 22.93, 22.98, 9999.0, 9999.0, 9999.0, 24.0, 9999.0, 22.77, 9999.0, 22.91, 22.61, 22.43, 22.5, 22.48
2026-09-22, 01:45:01, 22.5, 22.68, 22.93, 22.98, 9999.0, 9999.0, 9999.0, 24.02, 9999.0, 22.77, 9999.0, 22.93, 22.61, 22.41, 22.5, 22.48
2026-09-22, 01:45:05, 22.5, 22.68, 22.93, 22.98, 9999.0, 9999.0, 9999.0, 24.05, 9999.0, 22.77, 9999.0, 22.91, 22.61, 22.41, 22.5, 22.5
2026-09-22, 01:45:09, 22.5, 22.7, 22.95, 22.98, 9999.0, 9999.0, 9999.0, 24.07, 9999.0, 22.77, 9999.0, 22.89, 22.64, 22.41, 22.5, 22.5
2026-09-22, 01:45:13, 22.5, 22.7, 22.95, 22.98, 9999.0, 9999.0, 9999.0, 24.09, 9999.0, 22.8, 9999.0, 22.86, 22.64, 22.39, 22.5, 22.48
2026-09-22, 01:45:17, 22.5, 22.7, 22.95, 22.98, 9999.0, 9999.0, 9999.0, 24.11, 9999.0, 22.82, 9999.0, 22.84, 22.61, 22.39, 22.5, 22.48
2026-09-22, 01:45:21, 22.5, 22.7, 22.95, 22.95, 9999.0, 9999.0, 9999.0, 24.14, 9999.0, 22.8, 9999.0, 22.82, 22.64, 22.39, 22.5, 22.48
2026-09-22, 01:45:25, 22.5, 22.7, 22.95, 22.93, 9999.0, 9999.0, 9999.0, 24.16, 9999.0, 22.77, 9999.0, 22.82, 22.61, 22.39, 22.5, 22.48
2026-09-22, 01:45:29, 22.5, 22.7, 22.95, 22.91, 9999.0, 9999.0, 9999.0, 24.2, 9999.0, 22.75, 9999.0, 22.8, 22.59, 22.39, 22.5, 22.48
2026-09-22, 01:45:33, 22.5, 22.7, 22.98, 22.91, 9999.0, 9999.0, 9999.0, 24.25, 9999.0, 22.7, 9999.0, 22.8, 22.57, 22.39, 22.5, 22.48
2026-09-22, 01:45:37, 22.5, 22.7, 23.0, 22.91, 9999.0, 9999.0, 9999.0, 24.3, 9999.0, 22.66, 9999.0, 22.82, 22.57, 22.39, 22.5, 22.45
2026-09-22, 01:45:41, 22.5, 22.7, 23.0, 22.89, 9999.0, 9999.0, 9999.0, 24.25, 9999.0, 22.64, 9999.0, 22.84, 22.57, 22.41, 22.5, 22.45
2026-09-22, 01:45:46, 22.5, 22.7, 23.0, 22.89, 9999.0, 9999.0, 9999.0, 24.2, 9999.0, 22.61, 9999.0, 22.84, 22.57, 22.43, 22.5, 22.45
2026-09-22, 01:45:50, 22.5, 22.7, 23.0, 22.86, 9999.0, 9999.0, 9999.0, 24.18, 9999.0, 22.59, 9999.0, 22.86, 22.59, 22.45, 22.5, 22.45
2026-09-22, 01:45:54, 22.5, 22.7, 23.0, 22.89, 9999.0, 9999.0, 9999.0, 24.14, 9999.0, 22.59, 9999.0, 22.86, 22.57, 22.45, 22.5, 22.43
2026-09-22, 01:45:58, 22.5, 22.68, 23.0, 22.89, 9999.0, 9999.0, 9999.0, 24.09, 9999.0, 22.59, 9999.0, 22.89, 22.57, 22.48, 22.5, 22.45
2026-09-22, 01:46:02, 22.5, 22.66, 23.0, 22.89, 9999.0, 9999.0, 9999.0, 24.05, 9999.0, 22.59, 9999.0, 22.91, 22.57, 22.48, 22.5, 22.45
2026-09-22, 01:46:06, 22.5, 22.68, 23.0, 22.91, 9999.0, 9999.0, 9999.0, 24.0, 9999.0, 22.61, 9999.0, 22.93, 22.57, 22.48, 22.5, 22.45
2026-09-22, 01:46:10, 22.5, 22.68, 23.0, 22.93, 9999.0, 9999.0, 9999.0, 23.95, 9999.0, 22.64, 9999.0, 22.95, 22.59, 22.48, 22.5, 22.45
2026-09-22, 01:46:14, 22.5, 22.66, 23.0, 22.95, 9999.0, 9999.0, 9999.0, 23.98, 9999.0, 22.64, 9999.0, 22.98, 22.61, 22.5, 22.5, 22.45
2026-09-22, 01:46:18, 22.5, 22.64, 23.0, 22.95, 9999.0, 9999.0, 9999.0, 24.0, 9999.0, 22.66, 9999.0, 22.95, 22.64, 22.48, 22.5, 22.45
2026-09-22, 01:46:22, 22.5, 22.64, 23.0, 22.93, 9999.0, 9999.0, 9999.0, 24.0, 9999.0, 22.68, 9999.0, 22.93, 22.66, 22.48, 22.5, 22.48
2026-09-22, 01:46:26, 22.5, 22.61, 23.0, 22.95, 9999.0, 9999.0, 9999.0, 24.02, 9999.0, 22.68, 9999.0, 22.91, 22.68, 22.48, 22.48, 22.48
2026-09-22, 01:46:30, 22.5, 22.61, 23.0, 22.93, 9999.0, 9999.0, 9999.0, 24.05, 9999.0, 22.68, 9999.0, 22.89, 22.68, 22.48, 22.48, 22.48
2026-09-22, 01:46:34, 22.5, 22.61, 23.0, 22.95, 9999.0, 9999.0, 9999.0, 24.07, 9999.0, 22.68, 9999.0, 22.86, 22.66, 22.48, 22.48, 22.48
2026-09-22, 01:46:38, 22.5, 22.59, 23.0, 22.95, 9999.0, 9999.0, 9999.0, 24.09, 9999.0, 22.66, 9999.0, 22.86, 22.68, 22.45, 22.48, 22.5
2026-09-22, 01:46:42, 22.5, 22.61, 22.98, 22.95, 9999.0, 9999.0, 9999.0, 24.11, 9999.0, 22.64, 9999.0, 22.84, 22.66, 22.43, 22.48, 22.5
2026-09-22, 01:46:46, 22.5, 22.64, 22.98, 22.93, 9999.0, 9999.0, 9999.0, 24.14, 9999.0, 22.61, 9999.0, 22.82, 22.66, 22.43, 22.48, 22.5
2026-09-22, 01:46:50, 22.5, 22.64, 22.98, 22.93, 9999.0, 9999.0, 9999.0, 24.16, 9999.0, 22.59, 9999.0, 22.82, 22.64, 22.43, 22.48, 22.5
2026-09-22, 01:46:54, 22.5, 22.64, 22.98, 22.93, 9999.0, 9999.0, 9999.0, 24.18, 9999.0, 22.57, 9999.0, 22.8, 22.61, 22.43, 22.48, 22.5
2026-09-22, 01:46:58, 22.5, 22.66, 22.98, 22.91, 9999.0, 9999.0, 9999.0, 24.14, 9999.0, 22.55, 9999.0, 22.8, 22.61, 22.41, 22.48, 22.48
2026-09-22, 01:47:02, 22.5, 22.68, 22.95, 22.91, 9999.0, 9999.0, 9999.0, 24.09, 9999.0, 22.52, 9999.0, 22.82, 22.61, 22.43, 22.48, 22.48
2026-09-22, 01:47:06, 22.5, 22.66, 22.95, 22.93, 9999.0, 9999.0, 9999.0, 24.05, 9999.0, 22.48, 9999.0, 22.84, 22.61, 22.43, 22.48, 22.48
2026-09-22, 01:47:10, 22.5, 22.66, 22.95, 22.91, 9999.0, 9999.0, 9999.0, 24.0, 9999.0, 22.48, 9999.0, 22.86, 22.59, 22.43, 22.5, 22.45
2026-09-22, 01:47:14, 22.5, 22.66, 22.95, 22.93, 9999.0, 9999.0, 9999.0, 23.95, 9999.0, 22.48, 9999.0, 22.89, 22.59, 22.41, 22.5, 22.45
2026-09-22, 01:47:18, 22.5, 22.66, 22.95, 22.93, 9999.0, 9999.0, 9999.0, 23.91, 9999.0, 22.48, 9999.0, 22.91, 22.61, 22.39, 22.5, 22.45
2026-09-22, 01:47:22, 22.5, 22.66, 22.95, 22.93, 9999.0, 9999.0, 9999.0, 23.89, 9999.0, 22.5, 9999.0, 22.93, 22.61, 22.39, 22.5, 22.45
2026-09-22, 01:47:26, 22.5, 22.64, 22.98, 22.93, 9999.0, 9999.0, 9999.0, 23.86, 9999.0, 22.5, 9999.0, 22.93, 22.64, 22.41, 22.5, 22.45
2026-09-22, 01:47:30, 22.5, 22.61, 22.98, 22.95, 9999.0, 9999.0, 9999.0, 23.91, 9999.0, 22.52, 9999.0, 22.93, 22.66, 22.39, 22.5, 22.45
2026-09-22, 01:47:34, 22.5, 22.61, 22.98, 22.95, 9999.0, 9999.0, 9999.0, 23.93, 9999.0, 22.52, 9999.0, 22.91, 22.68, 22.36, 22.5, 22.45
2026-09-22, 01:47:38, 22.5, 22.61, 22.98, 22.95, 9999.0, 9999.0, 9999.0, 23.95, 9999.0, 22.52, 9999.0, 22.91, 22.68, 22.36, 22.5, 22.45
2026-09-22, 01:47:42, 22.5, 22.59, 22.98, 22.98, 9999.0, 9999.0, 9999.0, 23.98, 9999.0, 22.52, 9999.0, 22.89, 22.68, 22.39, 22.5, 22.45
2026-09-22, 01:47:46, 22.5, 22.59, 23.0, 22.98, 9999.0, 9999.0, 9999.0, 23.98, 9999.0, 22.52, 9999.0, 22.86, 22.66, 22.39, 22.5, 22.45
2026-09-22, 01:47:50, 22.5, 22.61, 23.0, 22.98, 9999.0, 9999.0, 9999.0, 24.0, 9999.0, 22.52, 9999.0, 22.84, 22.66, 22.39, 22.5, 22.45
2026-09-22, 01:47:54, 22.5, 22.61, 23.0, 23.0, 9999.0, 9999.0, 9999.0, 24.02, 9999.0, 22.5, 9999.0, 22.82, 22.68, 22.39, 22.5, 22.48
2026-09-22, 01:47:58, 22.5, 22.59, 23.0, 23.0, 9999.0, 9999.0, 9999.0, 24.05, 9999.0, 22.48, 9999.0, 22.8, 22.7, 22.41, 22.5, 22.45
2026-09-22, 01:48:02, 22.5, 22.59, 23.0, 23.0, 9999.0, 9999.0, 9999.0, 24.07, 9999.0, 22.45, 9999.0, 22.77, 22.68, 22.43, 22.5, 22.45
2026-09-22, 01:48:06, 22.5, 22.59, 23.0, 23.0, 9999.0, 9999.0, 9999.0, 24.09, 9999.0, 22.43, 9999.0, 22.75, 22.66, 22.45, 22.5, 22.45
2026-09-22, 01:48:10, 22.5, 22.61, 23.0, 23.0, 9999.0, 9999.0, 9999.0, 24.11, 9999.0, 22.41, 9999.0, 22.77, 22.64, 22.45, 22.5, 22.43
2026-09-22, 01:48:14, 22.5, 22.64, 23.0, 22.98, 9999.0, 9999.0, 9999.0, 24.07, 9999.0, 22.36, 9999.0, 22.8, 22.61, 22.45, 22.5, 22.43
2026-09-22, 01:48:18, 22.5, 22.64, 23.0, 22.98, 9999.0, 9999.0, 9999.0, 24.02, 9999.0, 22.34, 9999.0, 22.82, 22.59, 22.48, 22.5, 22.43
2026-09-22, 01:48:22, 22.5, 22.61, 22.98, 22.95, 9999.0, 9999.0, 9999.0, 23.98, 9999.0, 22.32, 9999.0, 22.84, 22.61, 22.48, 22.5, 22.41
2026-09-22, 01:48:26, 22.5, 22.64, 22.98, 22.93, 9999.0, 9999.0, 9999.0, 23.93, 9999.0, 22.3, 9999.0, 22.86, 22.61, 22.48, 22.5, 22.43
2026-09-22, 01:48:30, 22.5, 22.64, 22.98, 22.93, 9999.0, 9999.0, 9999.0, 23.91, 9999.0, 22.3, 9999.0, 22.89, 22.64, 22.48, 22.5, 22.43
2026-09-22, 01:48:34, 22.5, 22.61, 22.98, 22.93, 9999.0, 9999.0, 9999.0, 23.89, 9999.0, 22.3, 9999.0, 22.91, 22.61, 22.48, 22.48, 22.43
2026-09-22, 01:48:38, 22.5, 22.61, 22.98, 22.93, 9999.0, 9999.0, 9999.0, 23.86, 9999.0, 22.32, 9999.0, 22.93, 22.61, 22.48, 22.48, 22.41
2026-09-22, 01:48:42, 22.5, 22.61, 22.98, 22.93, 9999.0, 9999.0, 9999.0, 23.82, 9999.0, 22.34, 9999.0, 22.95, 22.59, 22.48, 22.48, 22.43
2026-09-22, 01:48:46, 22.5, 22.61, 22.98, 22.93, 9999.0, 9999.0, 9999.0, 23.77, 9999.0, 22.36, 9999.0, 22.98, 22.59, 22.48, 22.48, 22.41
2026-09-22, 01:48:50, 22.5, 22.61, 22.98, 22.93, 9999.0, 9999.0, 9999.0, 23.8, 9999.0, 22.36, 9999.0, 23.0, 22.61, 22.48, 22.48, 22.41
2026-09-22, 01:48:54, 22.5, 22.59, 22.98, 22.93, 9999.0, 9999.0, 9999.0, 23.82, 9999.0, 22.39, 9999.0, 22.98, 22.64, 22.48, 22.48, 22.43
2026-09-22, 01:48:58, 22.5, 22.57, 22.95, 22.95, 9999.0, 9999.0, 9999.0, 23.84, 9999.0, 22.41, 9999.0, 22.95, 22.66, 22.48, 22.48, 22.43
2026-09-22, 01:49:02, 22.5, 22.57, 22.95, 22.95, 9999.0, 9999.0, 9999.0, 23.86, 9999.0, 22.43, 9999.0, 22.93, 22.66, 22.48, 22.48, 22.43
2026-09-22, 01:49:06, 22.5, 22.57, 22.95, 22.98, 9999.0, 9999.0, 9999.0, 23.89, 9999.0, 22.43, 9999.0, 22.91, 22.64, 22.48, 22.48, 22.45
2026-09-22, 01:49:10, 22.5, 22.55, 22.95, 23.0, 9999.0, 9999.0, 9999.0, 23.91, 9999.0, 22.43, 9999.0, 22.89, 22.64, 22.48, 22.48, 22.45
2026-09-22, 01:49:14, 22.5, 22.52, 22.95, 23.0, 9999.0, 9999.0, 9999.0, 23.91, 9999.0, 22.41, 9999.0, 22.86, 22.64, 22.48, 22.48, 22.45
2026-09-22, 01:49:18, 22.5, 22.55, 22.95, 23.0, 9999.0, 9999.0, 9999.0, 23.93, 9999.0, 22.41, 9999.0, 22.84, 22.64, 22.45, 22.5, 22.45
2026-09-22, 01:49:22, 22.5, 22.55, 22.93, 22.98, 9999.0, 9999.0, 9999.0, 23.95, 9999.0, 22.39, 9999.0, 22.82, 22.64, 22.43, 22.5, 22.48
2026-09-22, 01:49:27, 22.5, 22.55, 22.93, 22.98, 9999.0, 9999.0, 9999.0, 24.0, 9999.0, 22.36, 9999.0, 22.82, 22.64, 22.41, 22.5, 22.48
2026-09-22, 01:49:31, 22.5, 22.55, 22.93, 22.98, 9999.0, 9999.0, 9999.0, 24.05, 9999.0, 22.34, 9999.0, 22.8, 22.64, 22.41, 22.5, 22.5
2026-09-22, 01:49:35, 22.5, 22.55, 22.93, 22.98, 9999.0, 9999.0, 9999.0, 24.0, 9999.0, 22.3, 9999.0, 22.8, 22.61, 22.41, 22.5, 22.48
2026-09-22, 01:49:39, 22.5, 22.55, 22.93, 22.98, 9999.0, 9999.0, 9999.0, 23.95, 9999.0, 22.25, 9999.0, 22.82, 22.61, 22.41, 22.5, 22.48
2026-09-22, 01:49:43, 22.5, 22.55, 22.95, 22.98, 9999.0, 9999.0, 9999.0, 23.91, 9999.0, 22.2, 9999.0, 22.84, 22.61, 22.43, 22.5, 22.48
2026-09-22, 01:49:47, 22.5, 22.52, 22.95, 22.98, 9999.0, 9999.0, 9999.0, 23.89, 9999.0, 22.18, 9999.0, 22.86, 22.64, 22.43, 22.5, 22.48
2026-09-22, 01:49:51, 22.5, 22.52, 22.98, 22.98, 9999.0, 9999.0, 9999.0, 23.86, 9999.0, 22.18, 9999.0, 22.89, 22.66, 22.43, 22.48, 22.48
2026-09-22, 01:49:55, 22.5, 22.55, 22.98, 22.98, 9999.0, 9999.0, 9999.0, 23.82, 9999.0, 22.2, 9999.0, 22.91, 22.66, 22.43, 22.48, 22.48
2026-09-22, 01:49:59, 22.5, 22.57, 22.98, 22.98, 9999.0, 9999.0, 9999.0, 23.8, 9999.0, 22.23, 9999.0, 22.93, 22.66, 22.43, 22.48, 22.48
2026-09-22, 01:50:03, 22.5, 22.55, 22.98, 22.98, 9999.0, 9999.0, 9999.0, 23.75, 9999.0, 22.25, 9999.0, 22.93, 22.68, 22.45, 22.48, 22.48
2026-09-22, 01:50:07, 22.5, 22.55, 23.0, 22.98, 9999.0, 9999.0, 9999.0, 23.77, 9999.0, 22.27, 9999.0, 22.95, 22.68, 22.48, 22.48, 22.48
2026-09-22, 01:50:11, 22.5, 22.55, 23.0, 22.98, 9999.0, 9999.0, 9999.0, 23.8, 9999.0, 22.3, 9999.0, 22.93, 22.7, 22.48, 22.45, 22.48
2026-09-22, 01:50:15, 22.5, 22.57, 23.0, 22.95, 9999.0, 9999.0, 9999.0, 23.82, 9999.0, 22.32, 9999.0, 22.93, 22.73, 22.48, 22.45, 22.48
2026-09-22, 01:50:19, 22.5, 22.57, 23.0, 22.93, 9999.0, 9999.0, 9999.0, 23.86, 9999.0, 22.36, 9999.0, 22.91, 22.75, 22.48, 22.45, 22.5
2026-09-22, 01:50:23, 22.5, 22.57, 23.0, 22.93, 9999.0, 9999.0, 9999.0, 23.89, 9999.0, 22.39, 9999.0, 22.89, 22.75, 22.45, 22.45, 22.5
2026-09-22, 01:50:27, 22.5, 22.57, 23.0, 22.93, 9999.0, 9999.0, 9999.0, 23.91, 9999.0, 22.41, 9999.0, 22.86, 22.75, 22.43, 22.45, 22.5
2026-09-22, 01:50:31, 22.5, 22.57, 23.0, 22.93, 9999.0, 9999.0, 9999.0, 23.93, 9999.0, 22.41, 9999.0, 22.84, 22.75, 22.41, 22.45, 22.48
2026-09-22, 01:50:35, 22.5, 22.57, 22.98, 22.91, 9999.0, 9999.0, 9999.0, 23.95, 9999.0, 22.41, 9999.0, 22.82, 22.75, 22.41, 22.48, 22.48
2026-09-22, 01:50:39, 22.5, 22.55, 22.98, 22.91, 9999.0, 9999.0, 9999.0, 24.0, 9999.0, 22.39, 9999.0, 22.8, 22.75, 22.41, 22.48, 22.48
2026-09-22, 01:50:43, 22.5, 22.55, 22.98, 22.91, 9999.0, 9999.0, 9999.0, 24.05, 9999.0, 22.36, 9999.0, 22.8, 22.73, 22.41, 22.48, 22.48
2026-09-22, 01:50:47, 22.5, 22.57, 22.98, 22.91, 9999.0, 9999.0, 9999.0, 24.09, 9999.0, 22.34, 9999.0, 22.82, 22.7, 22.41, 22.48, 22.48
2026-09-22, 01:50:51, 22.5, 22.57, 22.95, 22.91, 9999.0, 9999.0, 9999.0, 24.05, 9999.0, 22.32, 9999.0, 22.82, 22.7, 22.41, 22.48, 22.48
2026-09-22, 01:50:55, 22.5, 22.57, 22.95, 22.91, 9999.0, 9999.0, 9999.0, 24.02, 9999.0, 22.3, 9999.0, 22.84, 22.68, 22.43, 22.5, 22.48
2026-09-22, 01:50:59, 22.5, 22.55, 22.95, 22.91, 9999.0, 9999.0, 9999.0, 23.98, 9999.0, 22.27, 9999.0, 22.86, 22.68, 22.43, 22.5, 22.48
2026-09-22, 01:51:03, 22.5, 22.57, 22.95, 22.93, 9999.0, 9999.0, 9999.0, 23.93, 9999.0, 22.27, 9999.0, 22.89, 22.68, 22.41, 22.5, 22.48
2026-09-22, 01:51:07, 22.5, 22.57, 22.95, 22.91, 9999.0, 9999.0, 9999.0, 23.91, 9999.0, 22.27, 9999.0, 22.91, 22.68, 22.43, 22.5, 22.48
2026-09-22, 01:51:11, 22.5, 22.59, 22.93, 22.91, 9999.0, 9999.0, 9999.0, 23.89, 9999.0, 22.3, 9999.0, 22.93, 22.68, 22.45, 22.5, 22.48
2026-09-22, 01:51:15, 22.5, 22.59, 22.93, 22.91, 9999.0, 9999.0, 9999.0, 23.84, 9999.0, 22.32, 9999.0, 22.95, 22.68, 22.48, 22.5, 22.5
2026-09-22, 01:51:19, 22.5, 22.61, 22.95, 22.93, 9999.0, 9999.0, 9999.0, 23.8, 9999.0, 22.34, 9999.0, 22.98, 22.66, 22.48, 22.5, 22.5
2026-09-22, 01:51:23, 22.5, 22.61, 22.95, 22.93, 9999.0, 9999.0, 9999.0, 23.84, 9999.0, 22.36, 9999.0, 23.0, 22.66, 22.48, 22.5, 22.5
2026-09-22, 01:51:27, 22.5, 22.59, 22.95, 22.91, 9999.0, 9999.0, 9999.0, 23.86, 9999.0, 22.39, 9999.0, 23.0, 22.66, 22.48, 22.5, 22.5
2026-09-22, 01:51:31, 22.5, 22.59, 22.95, 22.91, 9999.0, 9999.0, 9999.0, 23.89, 9999.0, 22.41, 9999.0, 22.98, 22.68, 22.45, 22.5, 22.5
2026-09-22, 01:51:35, 22.5, 22.61, 22.98, 22.93, 9999.0, 9999.0, 9999.0, 23.93, 9999.0, 22.43, 9999.0, 22.95, 22.68, 22.45, 22.5, 22.5
2026-09-22, 01:51:39, 22.5, 22.61, 22.98, 22.93, 9999.0, 9999.0, 9999.0, 23.93, 9999.0, 22.45, 9999.0, 22.93, 22.68, 22.45, 22.5, 22.5
2026-09-22, 01:51:43, 22.5, 22.61, 22.98, 22.95, 9999.0, 9999.0, 9999.0, 23.95, 9999.0, 22.48, 9999.0, 22.91, 22.68, 22.45, 22.5, 22.5
2026-09-22, 01:51:47, 22.5, 22.61, 22.98, 22.93, 9999.0, 9999.0, 9999.0, 23.98, 9999.0, 22.45, 9999.0, 22.89, 22.66, 22.48, 22.5, 22.5
2026-09-22, 01:51:51, 22.5, 22.61, 22.98, 22.95, 9999.0, 9999.0, 9999.0, 23.98, 9999.0, 22.45, 9999.0, 22.86, 22.64, 22.48, 22.5, 22.5
2026-09-22, 01:51:55, 22.5, 22.59, 23.0, 22.95, 9999.0, 9999.0, 9999.0, 24.0, 9999.0, 22.43, 9999.0, 22.84, 22.64, 22.48, 22.5, 22.5
2026-09-22, 01:51:59, 22.5, 22.61, 23.0, 22.95, 9999.0, 9999.0, 9999.0, 24.02, 9999.0, 22.41, 9999.0, 22.82, 22.61, 22.48, 22.5, 22.5
2026-09-22, 01:52:03, 22.5, 22.61, 23.0, 22.95, 9999.0, 9999.0, 9999.0, 24.05, 9999.0, 22.39, 9999.0, 22.8, 22.61, 22.48, 22.5, 22.5
2026-09-22, 01:52:07, 22.5, 22.64, 23.0, 22.95, 9999.0, 9999.0, 9999.0, 23.98, 9999.0, 22.36, 9999.0, 22.8, 22.61, 22.48, 22.5, 22.5
2026-09-22, 01:52:11, 22.5, 22.66, 23.0, 22.98, 9999.0, 9999.0, 9999.0, 23.93, 9999.0, 22.34, 9999.0, 22.8, 22.64, 22.48, 22.5, 22.5
2026-09-22, 01:52:15, 22.5, 22.64, 23.0, 22.98, 9999.0, 9999.0, 9999.0, 23.89, 9999.0, 22.32, 9999.0, 22.82, 22.64, 22.5, 22.5, 22.5
2026-09-22, 01:52:19, 22.5, 22.64, 23.0, 22.98, 9999.0, 9999.0, 9999.0, 23.84, 9999.0, 22.32, 9999.0, 22.84, 22.64, 22.5, 22.5, 22.5
2026-09-22, 01:52:23, 22.5, 22.64, 22.98, 22.98, 9999.0, 9999.0, 9999.0, 23.82, 9999.0, 22.32, 9999.0, 22.86, 22.66, 22.5, 22.5, 22.5
2026-09-22, 01:52:27, 22.5, 22.64, 22.98, 22.98, 9999.0, 9999.0, 9999.0, 23.77, 9999.0, 22.32, 9999.0, 22.89, 22.66, 22.5, 22.5, 22.5
2026-09-22, 01:52:31, 22.5, 22.61, 22.98, 23.0, 9999.0, 9999.0, 9999.0, 23.73, 9999.0, 22.34, 9999.0, 22.89, 22.68, 22.5, 22.5, 22.5
2026-09-22, 01:52:35, 22.5, 22.64, 22.98, 23.0, 9999.0, 9999.0, 9999.0, 23.7, 9999.0, 22.36, 9999.0, 22.91, 22.7, 22.5, 22.5, 22.5
2026-09-22, 01:52:39, 22.5, 22.66, 22.98, 23.0, 9999.0, 9999.0, 9999.0, 23.75, 9999.0, 22.39, 9999.0, 22.93, 22.7, 22.5, 22.5, 22.5
2026-09-22, 01:52:43, 22.5, 22.66, 22.98, 23.0, 9999.0, 9999.0, 9999.0, 23.8, 9999.0, 22.41, 9999.0, 22.95, 22.73, 22.5, 22.5, 22.5
2026-09-22, 01:52:47, 22.5, 22.66, 22.98, 23.0, 9999.0, 9999.0, 9999.0, 23.84, 9999.0, 22.43, 9999.0, 22.98, 22.75, 22.5, 22.5, 22.5
2026-09-22, 01:52:51, 22.5, 22.66, 22.98, 23.0, 9999.0, 9999.0, 9999.0, 23.89, 9999.0, 22.45, 9999.0, 22.95, 22.73, 22.5, 22.5, 22.5
2026-09-22, 01:52:55, 22.5, 22.66, 22.98, 22.98, 9999.0, 9999.0, 9999.0, 23.93, 9999.0, 22.48, 9999.0, 22.93, 22.7, 22.5, 22.5, 22.5
2026-09-22, 01:52:59, 22.5, 22.68, 22.98, 22.98, 9999.0, 9999.0, 9999.0, 23.98, 9999.0, 22.5, 9999.0, 22.91, 22.68, 22.5, 22.5, 22.5
2026-09-22, 01:53:03, 22.5, 22.66, 22.98, 22.98, 9999.0, 9999.0, 9999.0, 24.0, 9999.0, 22.48, 9999.0, 22.89, 22.68, 22.48, 22.5, 22.5
2026-09-22, 01:53:07, 22.5, 22.68, 22.98, 22.98, 9999.0, 9999.0, 9999.0, 24.02, 9999.0, 22.45, 9999.0, 22.86, 22.66, 22.48, 22.5, 22.5
2026-09-22, 01:53:12, 22.5, 22.7, 22.98, 22.98, 9999.0, 9999.0, 9999.0, 24.07, 9999.0, 22.45, 9999.0, 22.84, 22.66, 22.48, 22.5, 22.5
2026-09-22, 01:53:16, 22.5, 22.7, 22.98, 22.98, 9999.0, 9999.0, 9999.0, 24.11, 9999.0, 22.43, 9999.0, 22.86, 22.64, 22.48, 22.5, 22.5
2026-09-22, 01:53:20, 22.5, 22.68, 22.98, 22.98, 9999.0, 9999.0, 9999.0, 24.16, 9999.0, 22.41, 9999.0, 22.86, 22.61, 22.48, 22.5, 22.5
2026-09-22, 01:53:24, 22.5, 22.66, 22.98, 22.98, 9999.0, 9999.0, 9999.0, 24.09, 9999.0, 22.39, 9999.0, 22.84, 22.59, 22.48, 22.5, 22.5
2026-09-22, 01:53:28, 22.5, 22.66, 22.98, 22.98, 9999.0, 9999.0, 9999.0, 24.05, 9999.0, 22.36, 9999.0, 22.84, 22.59, 22.48, 22.5, 22.5
2026-09-22, 01:53:32, 22.5, 22.64, 22.98, 22.98, 9999.0, 9999.0, 9999.0, 24.0, 9999.0, 22.34, 9999.0, 22.84, 22.59, 22.48, 22.5, 22.5
2026-09-22, 01:53:36, 22.5, 22.61, 22.98, 22.95, 9999.0, 9999.0, 9999.0, 23.95, 9999.0, 22.34, 9999.0, 22.86, 22.61, 22.48, 22.5, 22.5
2026-09-22, 01:53:40, 22.5, 22.59, 22.98, 22.98, 9999.0, 9999.0, 9999.0, 23.91, 9999.0, 22.34, 9999.0, 22.89, 22.61, 22.48, 22.5, 22.5
2026-09-22, 01:53:44, 22.5, 22.57, 22.98, 22.98, 9999.0, 9999.0, 9999.0, 23.86, 9999.0, 22.34, 9999.0, 22.89, 22.64, 22.48, 22.5, 22.5
2026-09-22, 01:53:48, 22.5, 22.59, 22.98, 22.98, 9999.0, 9999.0, 9999.0, 23.84, 9999.0, 22.36, 9999.0, 22.91, 22.64, 22.5, 22.5, 22.5
2026-09-22, 01:53:52, 22.5, 22.57, 23.0, 22.98, 9999.0, 9999.0, 9999.0, 23.8, 9999.0, 22.39, 9999.0, 22.93, 22.66, 22.5, 22.5, 22.5
2026-09-22, 01:53:56, 22.5, 22.55, 22.98, 22.98, 9999.0, 9999.0, 9999.0, 23.82, 9999.0, 22.39, 9999.0, 22.95, 22.66, 22.48, 22.5, 22.5
2026-09-22, 01:54:00, 22.5, 22.57, 22.98, 22.98, 9999.0, 9999.0, 9999.0, 23.84, 9999.0, 22.41, 9999.0, 22.93, 22.68, 22.45, 22.5, 22.5
2026-09-22, 01:54:04, 22.5, 22.57, 22.98, 22.98, 9999.0, 9999.0, 9999.0, 23.86, 9999.0, 22.43, 9999.0, 22.91, 22.7, 22.45, 22.5, 22.5
2026-09-22, 01:54:08, 22.5, 22.57, 22.98, 22.98, 9999.0, 9999.0, 9999.0, 23.91, 9999.0, 22.45, 9999.0, 22.91, 22.73, 22.43, 22.5, 22.5
2026-09-22, 01:54:12, 22.5, 22.57, 22.98, 22.95, 9999.0, 9999.0, 9999.0, 23.95, 9999.0, 22.48, 9999.0, 22.89, 22.7, 22.43, 22.5, 22.5
2026-09-22, 01:54:16, 22.5, 22.57, 22.98, 22.95, 9999.0, 9999.0, 9999.0, 23.98, 9999.0, 22.5, 9999.0, 22.86, 22.68, 22.41, 22.5, 22.5
2026-09-22, 01:54:20, 22.5, 22.57, 22.98, 22.98, 9999.0, 9999.0, 9999.0, 24.0, 9999.0, 22.5, 9999.0, 22.84, 22.66, 22.41, 22.5, 22.5
2026-09-22, 01:54:24, 22.5, 22.57, 22.98, 22.98, 9999.0, 9999.0, 9999.0, 24.02, 9999.0, 22.5, 9999.0, 22.82, 22.66, 22.39, 22.5, 22.5
2026-09-22, 01:54:28, 22.5, 22.57, 22.98, 22.98, 9999.0, 9999.0, 9999.0, 24.05, 9999.0, 22.5, 9999.0, 22.82, 22.64, 22.39, 22.5, 22.5
2026-09-22, 01:54:32, 22.5, 22.55, 22.98, 22.98, 9999.0, 9999.0, 9999.0, 24.07, 9999.0, 22.5, 9999.0, 22.82, 22.61, 22.39, 22.5, 22.5
2026-09-22, 01:54:36, 22.5, 22.55, 22.98, 22.98, 9999.0, 9999.0, 9999.0, 24.11, 9999.0, 22.5, 9999.0, 22.8, 22.61, 22.39, 22.5, 22.5
2026-09-22, 01:54:40, 22.5, 22.55, 23.0, 22.98, 9999.0, 9999.0, 9999.0, 24.09, 9999.0, 22.5, 9999.0, 22.77, 22.59, 22.39, 22.5, 22.5
2026-09-22, 01:54:44, 22.5, 22.52, 23.0, 22.98, 9999.0, 9999.0, 9999.0, 24.07, 9999.0, 22.48, 9999.0, 22.8, 22.59, 22.41, 22.5, 22.5
2026-09-22, 01:54:48, 22.5, 22.55, 23.0, 22.98, 9999.0, 9999.0, 9999.0, 24.02, 9999.0, 22.48, 9999.0, 22.82, 22.57, 22.41, 22.5, 22.5
2026-09-22, 01:54:52, 22.5, 22.57, 23.0, 22.98, 9999.0, 9999.0, 9999.0, 23.98, 9999.0, 22.45, 9999.0, 22.84, 22.55, 22.43, 22.5, 22.5
2026-09-22, 01:54:56, 22.5, 22.57, 23.0, 23.0, 9999.0, 9999.0, 9999.0, 23.93, 9999.0, 22.45, 9999.0, 22.86, 22.55, 22.43, 22.5, 22.5
2026-09-22, 01:55:00, 22.5, 22.57, 23.0, 23.0, 9999.0, 9999.0, 9999.0, 23.91, 9999.0, 22.45, 9999.0, 22.89, 22.57, 22.45, 22.5, 22.5
2026-09-22, 01:55:04, 22.5, 22.59, 23.0, 23.0, 9999.0, 9999.0, 9999.0, 23.89, 9999.0, 22.48, 9999.0, 22.91, 22.59, 22.45, 22.5, 22.5
2026-09-22, 01:55:08, 22.5, 22.61, 23.0, 23.0, 9999.0, 9999.0, 9999.0, 23.86, 9999.0, 22.5, 9999.0, 22.91, 22.61, 22.45, 22.5, 22.5
2026-09-22, 01:55:12, 22.5, 22.61, 23.0, 23.0, 9999.0, 9999.0, 9999.0, 23.82, 9999.0, 22.52, 9999.0, 22.91, 22.61, 22.45, 22.5, 22.5
2026-09-22, 01:55:16, 22.5, 22.64, 23.0, 23.0, 9999.0, 9999.0, 9999.0, 23.86, 9999.0, 22.55, 9999.0, 22.89, 22.64, 22.45, 22.48, 22.5
2026-09-22, 01:55:20, 22.5, 22.66, 23.0, 23.0, 9999.0, 9999.0, 9999.0, 23.89, 9999.0, 22.55, 9999.0, 22.89, 22.64, 22.45, 22.45, 22.5
2026-09-22, 01:55:24, 22.5, 22.66, 23.0, 23.0, 9999.0, 9999.0, 9999.0, 23.91, 9999.0, 22.55, 9999.0, 22.89, 22.66, 22.45, 22.45, 22.5
2026-09-22, 01:55:28, 22.5, 22.68, 22.98, 23.0, 9999.0, 9999.0, 9999.0, 23.93, 9999.0, 22.57, 9999.0, 22.86, 22.66, 22.45, 22.45, 22.5
2026-09-22, 01:55:32, 22.5, 22.66, 22.98, 23.0, 9999.0, 9999.0, 9999.0, 23.98, 9999.0, 22.57, 9999.0, 22.84, 22.68, 22.45, 22.45, 22.5
2026-09-22, 01:55:36, 22.5, 22.66, 22.98, 22.98, 9999.0, 9999.0, 9999.0, 24.0, 9999.0, 22.59, 9999.0, 22.82, 22.7, 22.45, 22.45, 22.5
2026-09-22, 01:55:40, 22.5, 22.66, 22.95, 22.98, 9999.0, 9999.0, 9999.0, 24.02, 9999.0, 22.59, 9999.0, 22.8, 22.7, 22.45, 22.45, 22.5
2026-09-22, 01:55:44, 22.5, 22.68, 22.95, 22.95, 9999.0, 9999.0, 9999.0, 24.07, 9999.0, 22.59, 9999.0, 22.77, 22.7, 22.45, 22.45, 22.5
2026-09-22, 01:55:48, 22.5, 22.68, 22.95, 22.95, 9999.0, 9999.0, 9999.0, 24.09, 9999.0, 22.57, 9999.0, 22.75, 22.68, 22.43, 22.45, 22.5
2026-09-22, 01:55:52, 22.5, 22.68, 22.95, 22.95, 9999.0, 9999.0, 9999.0, 24.11, 9999.0, 22.55, 9999.0, 22.75, 22.66, 22.45, 22.45, 22.5
2026-09-22, 01:55:56, 22.5, 22.68, 22.95, 22.95, 9999.0, 9999.0, 9999.0, 24.16, 9999.0, 22.52, 9999.0, 22.75, 22.66, 22.45, 22.45, 22.5
2026-09-22, 01:56:00, 22.5, 22.68, 22.93, 22.95, 9999.0, 9999.0, 9999.0, 24.11, 9999.0, 22.5, 9999.0, 22.77, 22.66, 22.45, 22.48, 22.5
2026-09-22, 01:56:04, 22.5, 22.66, 22.93, 22.95, 9999.0, 9999.0, 9999.0, 24.09, 9999.0, 22.5, 9999.0, 22.8, 22.66, 22.45, 22.5, 22.5
2026-09-22, 01:56:08, 22.5, 22.68, 22.93, 22.95, 9999.0, 9999.0, 9999.0, 24.05, 9999.0, 22.48, 9999.0, 22.82, 22.66, 22.48, 22.5, 22.5
2026-09-22, 01:56:12, 22.5, 22.66, 22.95, 22.95, 9999.0, 9999.0, 9999.0, 24.0, 9999.0, 22.48, 9999.0, 22.84, 22.64, 22.48, 22.5, 22.5
2026-09-22, 01:56:16, 22.5, 22.66, 22.95, 22.95, 9999.0, 9999.0, 9999.0, 23.95, 9999.0, 22.48, 9999.0, 22.86, 22.61, 22.48, 22.5, 22.5
2026-09-22, 01:56:20, 22.5, 22.66, 22.95, 22.95, 9999.0, 9999.0, 9999.0, 23.93, 9999.0, 22.5, 9999.0, 22.89, 22.61, 22.48, 22.48, 22.5
2026-09-22, 01:56:24, 22.5, 22.66, 22.98, 22.95, 9999.0, 9999.0, 9999.0, 23.91, 9999.0, 22.52, 9999.0, 22.91, 22.64, 22.48, 22.48, 22.48
2026-09-22, 01:56:28, 22.5, 22.64, 22.98, 22.98, 9999.0, 9999.0, 9999.0, 23.86, 9999.0, 22.55, 9999.0, 22.93, 22.61, 22.45, 22.48, 22.48
2026-09-22, 01:56:32, 22.5, 22.61, 22.95, 22.98, 9999.0, 9999.0, 9999.0, 23.89, 9999.0, 22.59, 9999.0, 22.93, 22.64, 22.45, 22.48, 22.48
2026-09-22, 01:56:36, 22.5, 22.59, 22.93, 22.98, 9999.0, 9999.0, 9999.0, 23.91, 9999.0, 22.61, 9999.0, 22.93, 22.66, 22.45, 22.48, 22.48
2026-09-22, 01:56:40, 22.5, 22.59, 22.93, 22.98, 9999.0, 9999.0, 9999.0, 23.93, 9999.0, 22.64, 9999.0, 22.93, 22.68, 22.43, 22.48, 22.45
2026-09-22, 01:56:44, 22.5, 22.57, 22.95, 22.98, 9999.0, 9999.0, 9999.0, 23.95, 9999.0, 22.64, 9999.0, 22.91, 22.66, 22.43, 22.48, 22.45
2026-09-22, 01:56:49, 22.5, 22.59, 22.95, 22.98, 9999.0, 9999.0, 9999.0, 23.98, 9999.0, 22.66, 9999.0, 22.89, 22.66, 22.41, 22.48, 22.45
2026-09-22, 01:56:53, 22.5, 22.59, 22.95, 22.98, 9999.0, 9999.0, 9999.0, 24.02, 9999.0, 22.68, 9999.0, 22.86, 22.66, 22.39, 22.48, 22.45
2026-09-22, 01:56:57, 22.5, 22.59, 22.93, 22.95, 9999.0, 9999.0, 9999.0, 24.07, 9999.0, 22.68, 9999.0, 22.84, 22.68, 22.39, 22.48, 22.45
2026-09-22, 01:57:01, 22.5, 22.59, 22.93, 22.93, 9999.0, 9999.0, 9999.0, 24.09, 9999.0, 22.68, 9999.0, 22.82, 22.68, 22.36, 22.48, 22.45
2026-09-22, 01:57:05, 22.5, 22.57, 22.91, 22.95, 9999.0, 9999.0, 9999.0, 24.11, 9999.0, 22.66, 9999.0, 22.8, 22.66, 22.36, 22.5, 22.45
2026-09-22, 01:57:09, 22.5, 22.57, 22.91, 22.95, 9999.0, 9999.0, 9999.0, 24.14, 9999.0, 22.64, 9999.0, 22.77, 22.64, 22.36, 22.5, 22.48
2026-09-22, 01:57:13, 22.5, 22.59, 22.91, 22.95, 9999.0, 9999.0, 9999.0, 24.16, 9999.0, 22.61, 9999.0, 22.75, 22.64, 22.39, 22.5, 22.45
2026-09-22, 01:57:17, 22.5, 22.59, 22.91, 22.95, 9999.0, 9999.0, 9999.0, 24.14, 9999.0, 22.57, 9999.0, 22.77, 22.64, 22.41, 22.5, 22.45
2026-09-22, 01:57:21, 22.5, 22.61, 22.91, 22.93, 9999.0, 9999.0, 9999.0, 24.09, 9999.0, 22.55, 9999.0, 22.8, 22.61, 22.41, 22.5, 22.45
2026-09-22, 01:57:25, 22.5, 22.61, 22.91, 22.93, 9999.0, 9999.0, 9999.0, 24.05, 9999.0, 22.52, 9999.0, 22.82, 22.59, 22.43, 22.5, 22.48
2026-09-22, 01:57:29, 22.5, 22.61, 22.91, 22.93, 9999.0, 9999.0, 9999.0, 24.0, 9999.0, 22.55, 9999.0, 22.84, 22.59, 22.43, 22.5, 22.48
2026-09-22, 01:57:33, 22.5, 22.59, 22.91, 22.93, 9999.0, 9999.0, 9999.0, 23.95, 9999.0, 22.52, 9999.0, 22.86, 22.59, 22.45, 22.5, 22.48
2026-09-22, 01:57:37, 22.5, 22.57, 22.89, 22.93, 9999.0, 9999.0, 9999.0, 23.91, 9999.0, 22.55, 9999.0, 22.86, 22.59, 22.48, 22.5, 22.48
2026-09-22, 01:57:41, 22.5, 22.57, 22.89, 22.95, 9999.0, 9999.0, 9999.0, 23.86, 9999.0, 22.57, 9999.0, 22.89, 22.59, 22.48, 22.5, 22.48
2026-09-22, 01:57:45, 22.5, 22.57, 22.89, 22.95, 9999.0, 9999.0, 9999.0, 23.82, 9999.0, 22.59, 9999.0, 22.89, 22.61, 22.5, 22.5, 22.48
2026-09-22, 01:57:49, 22.5, 22.59, 22.91, 22.95, 9999.0, 9999.0, 9999.0, 23.86, 9999.0, 22.61, 9999.0, 22.91, 22.64, 22.48, 22.5, 22.48
2026-09-22, 01:57:53, 22.5, 22.59, 22.91, 22.93, 9999.0, 9999.0, 9999.0, 23.91, 9999.0, 22.64, 9999.0, 22.91, 22.66, 22.45, 22.5, 22.48
2026-09-22, 01:57:57, 22.5, 22.57, 22.91, 22.93, 9999.0, 9999.0, 9999.0, 23.93, 9999.0, 22.66, 9999.0, 22.91, 22.66, 22.45, 22.5, 22.5
2026-09-22, 01:58:01, 22.5, 22.59, 22.91, 22.93, 9999.0, 9999.0, 9999.0, 23.95, 9999.0, 22.66, 9999.0, 22.91, 22.64, 22.45, 22.5, 22.5
2026-09-22, 01:58:05, 22.5, 22.59, 22.91, 22.95, 9999.0, 9999.0, 9999.0, 24.0, 9999.0, 22.66, 9999.0, 22.89, 22.66, 22.45, 22.5, 22.5
2026-09-22, 01:58:09, 22.5, 22.61, 22.89, 22.95, 9999.0, 9999.0, 9999.0, 24.05, 9999.0, 22.68, 9999.0, 22.86, 22.66, 22.43, 22.5, 22.5
2026-09-22, 01:58:13, 22.5, 22.61, 22.86, 22.95, 9999.0, 9999.0, 9999.0, 24.09, 9999.0, 22.68, 9999.0, 22.84, 22.66, 22.41, 22.5, 22.5
2026-09-22, 01:58:17, 22.5, 22.64, 22.86, 22.95, 9999.0, 9999.0, 9999.0, 24.14, 9999.0, 22.68, 9999.0, 22.82, 22.64, 22.41, 22.5, 22.5
2026-09-22, 01:58:21, 22.5, 22.64, 22.89, 22.93, 9999.0, 9999.0, 9999.0, 24.18, 9999.0, 22.68, 9999.0, 22.82, 22.61, 22.41, 22.5, 22.5
2026-09-22, 01:58:25, 22.5, 22.64, 22.91, 22.91, 9999.0, 9999.0, 9999.0, 24.2, 9999.0, 22.66, 9999.0, 22.8, 22.59, 22.39, 22.48, 22.5
2026-09-22, 01:58:29, 22.5, 22.64, 22.91, 22.93, 9999.0, 9999.0, 9999.0, 24.25, 9999.0, 22.64, 9999.0, 22.82, 22.57, 22.39, 22.45, 22.5
2026-09-22, 01:58:33, 22.5, 22.64, 22.91, 22.93, 9999.0, 9999.0, 9999.0, 24.2, 9999.0, 22.61, 9999.0, 22.82, 22.55, 22.41, 22.45, 22.5
2026-09-22, 01:58:37, 22.5, 22.64, 22.91, 22.95, 9999.0, 9999.0, 9999.0, 24.16, 9999.0, 22.59, 9999.0, 22.84, 22.55, 22.43, 22.45, 22.5
2026-09-22, 01:58:41, 22.5, 22.66, 22.91, 22.95, 9999.0, 9999.0, 9999.0, 24.14, 9999.0, 22.57, 9999.0, 22.86, 22.55, 22.41, 22.45, 22.5
2026-09-22, 01:58:45, 22.5, 22.66, 22.91, 22.95, 9999.0, 9999.0, 9999.0, 24.09, 9999.0, 22.59, 9999.0, 22.86, 22.57, 22.41, 22.45, 22.5
2026-09-22, 01:58:49, 22.5, 22.64, 22.91, 22.95, 9999.0, 9999.0, 9999.0, 24.05, 9999.0, 22.61, 9999.0, 22.89, 22.55, 22.39, 22.45, 22.5
2026-09-22, 01:58:53, 22.5, 22.61, 22.91, 22.95, 9999.0, 9999.0, 9999.0, 24.0, 9999.0, 22.61, 9999.0, 22.91, 22.57, 22.41, 22.45, 22.5
2026-09-22, 01:58:57, 22.5, 22.64, 22.93, 22.95, 9999.0, 9999.0, 9999.0, 23.95, 9999.0, 22.64, 9999.0, 22.93, 22.57, 22.43, 22.45, 22.5
2026-09-22, 01:59:01, 22.5, 22.61, 22.93, 22.95, 9999.0, 9999.0, 9999.0, 23.91, 9999.0, 22.66, 9999.0, 22.95, 22.59, 22.43, 22.45, 22.5
2026-09-22, 01:59:05, 22.5, 22.61, 22.93, 22.98, 9999.0, 9999.0, 9999.0, 23.93, 9999.0, 22.66, 9999.0, 22.95, 22.61, 22.43, 22.45, 22.5
2026-09-22, 01:59:09, 22.5, 22.64, 22.93, 22.98, 9999.0, 9999.0, 9999.0, 23.98, 9999.0, 22.7, 9999.0, 22.95, 22.64, 22.43, 22.48, 22.5
2026-09-22, 01:59:13, 22.5, 22.64, 22.91, 22.98, 9999.0, 9999.0, 9999.0, 24.02, 9999.0, 22.75, 9999.0, 22.93, 22.66, 22.43, 22.5, 22.5
2026-09-22, 01:59:17, 22.5, 22.61, 22.89, 22.95, 9999.0, 9999.0, 9999.0, 24.05, 9999.0, 22.77, 9999.0, 22.93, 22.68, 22.41, 22.5, 22.5
2026-09-22, 01:59:21, 22.5, 22.59, 22.89, 22.93, 9999.0, 9999.0, 9999.0, 24.07, 9999.0, 22.8, 9999.0, 22.91, 22.68, 22.41, 22.5, 22.5
2026-09-22, 01:59:25, 22.5, 22.59, 22.86, 22.91, 9999.0, 9999.0, 9999.0, 24.09, 9999.0, 22.82, 9999.0, 22.89, 22.68, 22.41, 22.5, 22.5
2026-09-22, 01:59:29, 22.5, 22.59, 22.89, 22.89, 9999.0, 9999.0, 9999.0, 24.14, 9999.0, 22.82, 9999.0, 22.86, 22.66, 22.41, 22.5, 22.5
2026-09-22, 01:59:33, 22.5, 22.59, 22.91, 22.86, 9999.0, 9999.0, 9999.0, 24.16, 9999.0, 22.82, 9999.0, 22.84, 22.66, 22.41, 22.5, 22.5
2026-09-22, 01:59:37, 22.5, 22.59, 22.93, 22.86, 9999.0, 9999.0, 9999.0, 24.2, 9999.0, 22.82, 9999.0, 22.82, 22.64, 22.41, 22.5, 22.5
2026-09-22, 01:59:41, 22.5, 22.57, 22.91, 22.86, 9999.0, 9999.0, 9999.0, 24.25, 9999.0, 22.77, 9999.0, 22.8, 22.66, 22.41, 22.5, 22.5
2026-09-22, 01:59:45, 22.5, 22.57, 22.89, 22.84, 9999.0, 9999.0, 9999.0, 24.27, 9999.0, 22.77, 9999.0, 22.8, 22.64, 22.39, 22.5, 22.5
2026-09-22, 01:59:49, 22.5, 22.57, 22.89, 22.82, 9999.0, 9999.0, 9999.0, 24.23, 9999.0, 22.77, 9999.0, 22.82, 22.61, 22.36, 22.5, 22.5
2026-09-22, 01:59:53, 22.5, 22.57, 22.89, 22.82, 9999.0, 9999.0, 9999.0, 24.18, 9999.0, 22.73, 9999.0, 22.84, 22.59, 22.39, 22.5, 22.5
2026-09-22, 01:59:57, 22.5, 22.59, 22.89, 22.8, 9999.0, 9999.0, 9999.0, 24.14, 9999.0, 22.68, 9999.0, 22.86, 22.59, 22.39, 22.5, 22.5
2026-09-22, 02:00:01, 22.5, 22.59, 22.89, 22.8, 9999.0, 9999.0, 9999.0, 24.09, 9999.0, 22.66, 9999.0, 22.86, 22.57, 22.41, 22.5, 22.5
2026-09-22, 02:00:05, 22.5, 22.59, 22.89, 22.8, 9999.0, 9999.0, 9999.0, 24.05, 9999.0, 22.66, 9999.0, 22.89, 22.55, 22.39, 22.5, 22.5
2026-09-22, 02:00:09, 22.5, 22.59, 22.91, 22.8, 9999.0, 9999.0, 9999.0, 24.0, 9999.0, 22.66, 9999.0, 22.91, 22.55, 22.39, 22.5, 22.5
2026-09-22, 02:00:13, 22.5, 22.59, 22.89, 22.8, 9999.0, 9999.0, 9999.0, 23.95, 9999.0, 22.66, 9999.0, 22.91, 22.57, 22.39, 22.5, 22.5
2026-09-22, 02:00:17, 22.5, 22.61, 22.89, 22.8, 9999.0, 9999.0, 9999.0, 23.93, 9999.0, 22.66, 9999.0, 22.91, 22.59, 22.41, 22.5, 22.5
2026-09-22, 02:00:21, 22.5, 22.61, 22.89, 22.77, 9999.0, 9999.0, 9999.0, 23.89, 9999.0, 22.66, 9999.0, 22.91, 22.61, 22.39, 22.5, 22.5
2026-09-22, 02:00:26, 22.5, 22.61, 22.89, 22.75, 9999.0, 9999.0, 9999.0, 23.91, 9999.0, 22.7, 9999.0, 22.91, 22.59, 22.39, 22.5, 22.5
2026-09-22, 02:00:30, 22.5, 22.61, 22.89, 22.75, 9999.0, 9999.0, 9999.0, 23.95, 9999.0, 22.73, 9999.0, 22.89, 22.59, 22.41, 22.5, 22.5
2026-09-22, 02:00:34, 22.5, 22.61, 22.86, 22.77, 9999.0, 9999.0, 9999.0, 23.98, 9999.0, 22.75, 9999.0, 22.86, 22.61, 22.41, 22.5, 22.5
2026-09-22, 02:00:38, 22.5, 22.61, 22.86, 22.8, 9999.0, 9999.0, 9999.0, 24.0, 9999.0, 22.77, 9999.0, 22.84, 22.61, 22.39, 22.5, 22.5
2026-09-22, 02:00:42, 22.5, 22.61, 22.86, 22.82, 9999.0, 9999.0, 9999.0, 24.02, 9999.0, 22.8, 9999.0, 22.82, 22.59, 22.36, 22.5, 22.5
2026-09-22, 02:00:46, 22.5, 22.61, 22.86, 22.84, 9999.0, 9999.0, 9999.0, 24.07, 9999.0, 22.82, 9999.0, 22.8, 22.61, 22.34, 22.5, 22.5
2026-09-22, 02:00:50, 22.5, 22.61, 22.84, 22.84, 9999.0, 9999.0, 9999.0, 24.11, 9999.0, 22.82, 9999.0, 22.77, 22.61, 22.34, 22.5, 22.5
2026-09-22, 02:00:54, 22.5, 22.61, 22.84, 22.84, 9999.0, 9999.0, 9999.0, 24.16, 9999.0, 22.82, 9999.0, 22.75, 22.61, 22.36, 22.5, 22.5
2026-09-22, 02:00:58, 22.5, 22.59, 22.84, 22.86, 9999.0, 9999.0, 9999.0, 24.2, 9999.0, 22.82, 9999.0, 22.75, 22.59, 22.34, 22.5, 22.5
2026-09-22, 02:01:02, 22.5, 22.57, 22.82, 22.89, 9999.0, 9999.0, 9999.0, 24.23, 9999.0, 22.8, 9999.0, 22.77, 22.57, 22.32, 22.5, 22.5
2026-09-22, 02:01:06, 22.5, 22.59, 22.8, 22.89, 9999.0, 9999.0, 9999.0, 24.25, 9999.0, 22.77, 9999.0, 22.8, 22.55, 22.32, 22.5, 22.48
2026-09-22, 02:01:10, 22.5, 22.59, 22.82, 22.89, 9999.0, 9999.0, 9999.0, 24.2, 9999.0, 22.75, 9999.0, 22.82, 22.55, 22.32, 22.5, 22.48
2026-09-22, 02:01:14, 22.5, 22.59, 22.84, 22.91, 9999.0, 9999.0, 9999.0, 24.16, 9999.0, 22.7, 9999.0, 22.84, 22.57, 22.3, 22.5, 22.45
2026-09-22, 02:01:18, 22.5, 22.59, 22.86, 22.89, 9999.0, 9999.0, 9999.0, 24.14, 9999.0, 22.66, 9999.0, 22.86, 22.55, 22.32, 22.5, 22.45
2026-09-22, 02:01:22, 22.5, 22.57, 22.86, 22.89, 9999.0, 9999.0, 9999.0, 24.09, 9999.0, 22.66, 9999.0, 22.89, 22.55, 22.34, 22.5, 22.45
2026-09-22, 02:01:26, 22.5, 22.57, 22.86, 22.86, 9999.0, 9999.0, 9999.0, 24.05, 9999.0, 22.66, 9999.0, 22.89, 22.55, 22.36, 22.5, 22.45
2026-09-22, 02:01:30, 22.5, 22.57, 22.89, 22.84, 9999.0, 9999.0, 9999.0, 24.0, 9999.0, 22.66, 9999.0, 22.91, 22.55, 22.39, 22.5, 22.43
2026-09-22, 02:01:34, 22.5, 22.59, 22.89, 22.86, 9999.0, 9999.0, 9999.0, 23.95, 9999.0, 22.66, 9999.0, 22.91, 22.55, 22.41, 22.5, 22.43
2026-09-22, 02:01:38, 22.5, 22.59, 22.86, 22.89, 9999.0, 9999.0, 9999.0, 23.91, 9999.0, 22.66, 9999.0, 22.91, 22.55, 22.39, 22.5, 22.43
2026-09-22, 02:01:42, 22.5, 22.59, 22.86, 22.86, 9999.0, 9999.0, 9999.0, 23.93, 9999.0, 22.68, 9999.0, 22.93, 22.57, 22.41, 22.48, 22.43
2026-09-22, 02:01:46, 22.5, 22.59, 22.89, 22.86, 9999.0, 9999.0, 9999.0, 23.98, 9999.0, 22.7, 9999.0, 22.91, 22.59, 22.43, 22.48, 22.41
2026-09-22, 02:01:50, 22.5, 22.59, 22.89, 22.86, 9999.0, 9999.0, 9999.0, 24.02, 9999.0, 22.73, 9999.0, 22.89, 22.59, 22.45, 22.48, 22.43
2026-09-22, 02:01:54, 22.5, 22.59, 22.89, 22.89, 9999.0, 9999.0, 9999.0, 24.05, 9999.0, 22.73, 9999.0, 22.86, 22.61, 22.45, 22.48, 22.43
2026-09-22, 02:01:58, 22.5, 22.59, 22.89, 22.86, 9999.0, 9999.0, 9999.0, 24.07, 9999.0, 22.75, 9999.0, 22.84, 22.61, 22.48, 22.48, 22.45
2026-09-22, 02:02:02, 22.5, 22.61, 22.86, 22.86, 9999.0, 9999.0, 9999.0, 24.09, 9999.0, 22.77, 9999.0, 22.82, 22.64, 22.48, 22.48, 22.45
2026-09-22, 02:02:06, 22.48, 22.64, 22.84, 22.86, 9999.0, 9999.0, 9999.0, 24.14, 9999.0, 22.77, 9999.0, 22.8, 22.66, 22.48, 22.48, 22.43
2026-09-22, 02:02:10, 22.48, 22.61, 22.84, 22.86, 9999.0, 9999.0, 9999.0, 24.16, 9999.0, 22.77, 9999.0, 22.8, 22.68, 22.45, 22.48, 22.43
2026-09-22, 02:02:14, 22.48, 22.64, 22.84, 22.86, 9999.0, 9999.0, 9999.0, 24.2, 9999.0, 22.77, 9999.0, 22.77, 22.66, 22.45, 22.48, 22.45
2026-09-22, 02:02:18, 22.48, 22.61, 22.84, 22.84, 9999.0, 9999.0, 9999.0, 24.23, 9999.0, 22.77, 9999.0, 22.8, 22.66, 22.43, 22.45, 22.45
2026-09-22, 02:02:22, 22.48, 22.61, 22.84, 22.82, 9999.0, 9999.0, 9999.0, 24.25, 9999.0, 22.77, 9999.0, 22.82, 22.66, 22.43, 22.43, 22.45
2026-09-22, 02:02:26, 22.48, 22.64, 22.86, 22.82, 9999.0, 9999.0, 9999.0, 24.2, 9999.0, 22.73, 9999.0, 22.82, 22.64, 22.43, 22.43, 22.45
2026-09-22, 02:02:30, 22.48, 22.64, 22.86, 22.8, 9999.0, 9999.0, 9999.0, 24.16, 9999.0, 22.73, 9999.0, 22.84, 22.61, 22.43, 22.43, 22.45
2026-09-22, 02:02:34, 22.48, 22.64, 22.86, 22.82, 9999.0, 9999.0, 9999.0, 24.11, 9999.0, 22.73, 9999.0, 22.86, 22.64, 22.43, 22.43, 22.43
2026-09-22, 02:02:38, 22.48, 22.66, 22.84, 22.82, 9999.0, 9999.0, 9999.0, 24.09, 9999.0, 22.7, 9999.0, 22.89, 22.64, 22.41, 22.43, 22.43
2026-09-22, 02:02:42, 22.48, 22.68, 22.82, 22.84, 9999.0, 9999.0, 9999.0, 24.05, 9999.0, 22.7, 9999.0, 22.91, 22.64, 22.39, 22.43, 22.43
2026-09-22, 02:02:46, 22.48, 22.68, 22.82, 22.86, 9999.0, 9999.0, 9999.0, 24.0, 9999.0, 22.7, 9999.0, 22.93, 22.61, 22.39, 22.43, 22.43
2026-09-22, 02:02:50, 22.5, 22.66, 22.84, 22.86, 9999.0, 9999.0, 9999.0, 23.95, 9999.0, 22.73, 9999.0, 22.95, 22.61, 22.36, 22.43, 22.45
2026-09-22, 02:02:54, 22.5, 22.66, 22.84, 22.86, 9999.0, 9999.0, 9999.0, 23.93, 9999.0, 22.75, 9999.0, 22.95, 22.59, 22.39, 22.43, 22.45
2026-09-22, 02:02:58, 22.5, 22.64, 22.84, 22.89, 9999.0, 9999.0, 9999.0, 23.89, 9999.0, 22.75, 9999.0, 22.95, 22.61, 22.36, 22.43, 22.45
2026-09-22, 02:03:02, 22.5, 22.64, 22.86, 22.89, 9999.0, 9999.0, 9999.0, 23.93, 9999.0, 22.77, 9999.0, 22.95, 22.61, 22.39, 22.45, 22.45
2026-09-22, 02:03:06, 22.5, 22.61, 22.86, 22.91, 9999.0, 9999.0, 9999.0, 23.98, 9999.0, 22.77, 9999.0, 22.93, 22.61, 22.39, 22.48, 22.45
2026-09-22, 02:03:10, 22.5, 22.59, 22.86, 22.91, 9999.0, 9999.0, 9999.0, 24.0, 9999.0, 22.8, 9999.0, 22.91, 22.64, 22.39, 22.5, 22.45
2026-09-22, 02:03:14, 22.5, 22.59, 22.86, 22.91, 9999.0, 9999.0, 9999.0, 24.02, 9999.0, 22.8, 9999.0, 22.89, 22.66, 22.39, 22.5, 22.48
2026-09-22, 02:03:18, 22.5, 22.57, 22.86, 22.91, 9999.0, 9999.0, 9999.0, 24.05, 9999.0, 22.8, 9999.0, 22.86, 22.66, 22.36, 22.5, 22.5
2026-09-22, 02:03:22, 22.5, 22.57, 22.89, 22.91, 9999.0, 9999.0, 9999.0, 24.07, 9999.0, 22.82, 9999.0, 22.84, 22.64, 22.39, 22.5, 22.5
2026-09-22, 02:03:26, 22.5, 22.55, 22.91, 22.91, 9999.0, 9999.0, 9999.0, 24.11, 9999.0, 22.82, 9999.0, 22.82, 22.61, 22.41, 22.5, 22.5
2026-09-22, 02:03:30, 22.5, 22.52, 22.93, 22.89, 9999.0, 9999.0, 9999.0, 24.16, 9999.0, 22.82, 9999.0, 22.8, 22.61, 22.41, 22.5, 22.5
2026-09-22, 02:03:34, 22.5, 22.52, 22.93, 22.89, 9999.0, 9999.0, 9999.0, 24.2, 9999.0, 22.77, 9999.0, 22.77, 22.59, 22.41, 22.48, 22.5
2026-09-22, 02:03:38, 22.5, 22.55, 22.93, 22.89, 9999.0, 9999.0, 9999.0, 24.25, 9999.0, 22.73, 9999.0, 22.8, 22.59, 22.41, 22.48, 22.5
2026-09-22, 02:03:42, 22.5, 22.57, 22.93, 22.86, 9999.0, 9999.0, 9999.0, 24.3, 9999.0, 22.7, 9999.0, 22.8, 22.59, 22.43, 22.48, 22.48
2026-09-22, 02:03:46, 22.5, 22.57, 22.91, 22.89, 9999.0, 9999.0, 9999.0, 24.27, 9999.0, 22.66, 9999.0, 22.8, 22.61, 22.41, 22.48, 22.48
2026-09-22, 02:03:50, 22.5, 22.59, 22.91, 22.89, 9999.0, 9999.0, 9999.0, 24.23, 9999.0, 22.64, 9999.0, 22.82, 22.64, 22.43, 22.48, 22.48
2026-09-22, 02:03:54, 22.5, 22.61, 22.91, 22.91, 9999.0, 9999.0, 9999.0, 24.2, 9999.0, 22.61, 9999.0, 22.84, 22.64, 22.43, 22.48, 22.48
2026-09-22, 02:03:58, 22.5, 22.64, 22.91, 22.91, 9999.0, 9999.0, 9999.0, 24.18, 9999.0, 22.64, 9999.0, 22.86, 22.64, 22.43, 22.48, 22.48
2026-09-22, 02:04:02, 22.5, 22.64, 22.93, 22.89, 9999.0, 9999.0, 9999.0, 24.16, 9999.0, 22.64, 9999.0, 22.89, 22.64, 22.45, 22.48, 22.45
2026-09-22, 02:04:06, 22.5, 22.61, 22.93, 22.86, 9999.0, 9999.0, 9999.0, 24.11, 9999.0, 22.66, 9999.0, 22.91, 22.64, 22.45, 22.48, 22.45
2026-09-22, 02:04:10, 22.5, 22.64, 22.91, 22.84, 9999.0, 9999.0, 9999.0, 24.07, 9999.0, 22.66, 9999.0, 22.93, 22.64, 22.45, 22.48, 22.45
2026-09-22, 02:04:14, 22.5, 22.66, 22.89, 22.86, 9999.0, 9999.0, 9999.0, 24.02, 9999.0, 22.68, 9999.0, 22.95, 22.64, 22.43, 22.48, 22.45
2026-09-22, 02:04:19, 22.5, 22.66, 22.89, 22.84, 9999.0, 9999.0, 9999.0, 24.05, 9999.0, 22.7, 9999.0, 22.95, 22.66, 22.43, 22.5, 22.45
2026-09-22, 02:04:23, 22.5, 22.64, 22.91, 22.84, 9999.0, 9999.0, 9999.0, 24.07, 9999.0, 22.73, 9999.0, 22.95, 22.66, 22.41, 22.5, 22.45
2026-09-22, 02:04:27, 22.5, 22.61, 22.89, 22.84, 9999.0, 9999.0, 9999.0, 24.07, 9999.0, 22.75, 9999.0, 22.95, 22.64, 22.41, 22.5, 22.48
2026-09-22, 02:04:31, 22.5, 22.64, 22.91, 22.84, 9999.0, 9999.0, 9999.0, 24.07, 9999.0, 22.77, 9999.0, 22.93, 22.61, 22.43, 22.5, 22.48
2026-09-22, 02:04:35, 22.5, 22.64, 22.93, 22.82, 9999.0, 9999.0, 9999.0, 24.09, 9999.0, 22.8, 9999.0, 22.91, 22.59, 22.41, 22.5, 22.45
2026-09-22, 02:04:39, 22.5, 22.64, 22.91, 22.82, 9999.0, 9999.0, 9999.0, 24.11, 9999.0, 22.8, 9999.0, 22.89, 22.59, 22.39, 22.5, 22.43
2026-09-22, 02:04:43, 22.5, 22.61, 22.89, 22.82, 9999.0, 9999.0, 9999.0, 24.14, 9999.0, 22.75, 9999.0, 22.86, 22.57, 22.39, 22.5, 22.41
2026-09-22, 02:04:47, 22.5, 22.64, 22.89, 22.82, 9999.0, 9999.0, 9999.0, 24.16, 9999.0, 22.73, 9999.0, 22.84, 22.55, 22.39, 22.5, 22.43
2026-09-22, 02:04:51, 22.5, 22.66, 22.89, 22.84, 9999.0, 9999.0, 9999.0, 24.2, 9999.0, 22.68, 9999.0, 22.82, 22.55, 22.39, 22.5, 22.41
2026-09-22, 02:04:55, 22.5, 22.66, 22.89, 22.86, 9999.0, 9999.0, 9999.0, 24.23, 9999.0, 22.66, 9999.0, 22.82, 22.57, 22.39, 22.5, 22.39
2026-09-22, 02:04:59, 22.5, 22.64, 22.91, 22.84, 9999.0, 9999.0, 9999.0, 24.25, 9999.0, 22.64, 9999.0, 22.8, 22.57, 22.41, 22.5, 22.39
2026-09-22, 02:05:03, 22.5, 22.64, 22.89, 22.86, 9999.0, 9999.0, 9999.0, 24.2, 9999.0, 22.61, 9999.0, 22.8, 22.55, 22.43, 22.48, 22.39
2026-09-22, 02:05:07, 22.5, 22.64, 22.89, 22.89, 9999.0, 9999.0, 9999.0, 24.16, 9999.0, 22.59, 9999.0, 22.8, 22.55, 22.45, 22.48, 22.39
2026-09-22, 02:05:11, 22.5, 22.64, 22.91, 22.91, 9999.0, 9999.0, 9999.0, 24.14, 9999.0, 22.57, 9999.0, 22.82, 22.57, 22.45, 22.48, 22.39
2026-09-22, 02:05:15, 22.5, 22.61, 22.89, 22.89, 9999.0, 9999.0, 9999.0, 24.09, 9999.0, 22.57, 9999.0, 22.84, 22.59, 22.45, 22.48, 22.39
2026-09-22, 02:05:19, 22.5, 22.61, 22.89, 22.89, 9999.0, 9999.0, 9999.0, 24.05, 9999.0, 22.57, 9999.0, 22.84, 22.59, 22.48, 22.48, 22.41
2026-09-22, 02:05:23, 22.5, 22.59, 22.91, 22.86, 9999.0, 9999.0, 9999.0, 24.0, 9999.0, 22.59, 9999.0, 22.86, 22.59, 22.5, 22.48, 22.41
2026-09-22, 02:05:27, 22.5, 22.61, 22.91, 22.89, 9999.0, 9999.0, 9999.0, 23.95, 9999.0, 22.61, 9999.0, 22.89, 22.61, 22.5, 22.48, 22.43
2026-09-22, 02:05:31, 22.5, 22.61, 22.91, 22.91, 9999.0, 9999.0, 9999.0, 23.91, 9999.0, 22.64, 9999.0, 22.89, 22.64, 22.5, 22.48, 22.41
2026-09-22, 02:05:35, 22.5, 22.59, 22.91, 22.91, 9999.0, 9999.0, 9999.0, 23.93, 9999.0, 22.66, 9999.0, 22.89, 22.66, 22.5, 22.45, 22.43
2026-09-22, 02:05:39, 22.5, 22.59, 22.93, 22.89, 9999.0, 9999.0, 9999.0, 23.98, 9999.0, 22.68, 9999.0, 22.86, 22.66, 22.5, 22.43, 22.45
2026-09-22, 02:05:43, 22.5, 22.61, 22.91, 22.89, 9999.0, 9999.0, 9999.0, 24.02, 9999.0, 22.68, 9999.0, 22.86, 22.66, 22.48, 22.43, 22.45
2026-09-22, 02:05:47, 22.5, 22.64, 22.91, 22.89, 9999.0, 9999.0, 9999.0, 24.05, 9999.0, 22.7, 9999.0, 22.86, 22.68, 22.45, 22.45, 22.43
2026-09-22, 02:05:51, 22.5, 22.64, 22.91, 22.86, 9999.0, 9999.0, 9999.0, 24.07, 9999.0, 22.7, 9999.0, 22.84, 22.7, 22.45, 22.45, 22.41
2026-09-22, 02:05:55, 22.5, 22.64, 22.91, 22.86, 9999.0, 9999.0, 9999.0, 24.09, 9999.0, 22.73, 9999.0, 22.82, 22.68, 22.45, 22.45, 22.41
2026-09-22, 02:05:59, 22.5, 22.64, 22.93, 22.89, 9999.0, 9999.0, 9999.0, 24.14, 9999.0, 22.7, 9999.0, 22.8, 22.66, 22.43, 22.45, 22.41
2026-09-22, 02:06:03, 22.5, 22.64, 22.91, 22.91, 9999.0, 9999.0, 9999.0, 24.18, 9999.0, 22.68, 9999.0, 22.8, 22.66, 22.43, 22.45, 22.41
2026-09-22, 02:06:07, 22.5, 22.66, 22.89, 22.91, 9999.0, 9999.0, 9999.0, 24.23, 9999.0, 22.66, 9999.0, 22.77, 22.64, 22.41, 22.45, 22.43
2026-09-22, 02:06:11, 22.5, 22.64, 22.89, 22.89, 9999.0, 9999.0, 9999.0, 24.27, 9999.0, 22.64, 9999.0, 22.75, 22.64, 22.41, 22.43, 22.43
2026-09-22, 02:06:15, 22.5, 22.61, 22.86, 22.86, 9999.0, 9999.0, 9999.0, 24.3, 9999.0, 22.61, 9999.0, 22.77, 22.61, 22.41, 22.41, 22.45
2026-09-22, 02:06:19, 22.5, 22.64, 22.86, 22.84, 9999.0, 9999.0, 9999.0, 24.25, 9999.0, 22.59, 9999.0, 22.77, 22.59, 22.39, 22.43, 22.43
2026-09-22, 02:06:23, 22.5, 22.61, 22.86, 22.84, 9999.0, 9999.0, 9999.0, 24.2, 9999.0, 22.57, 9999.0, 22.8, 22.59, 22.36, 22.45, 22.43
2026-09-22, 02:06:27, 22.5, 22.59, 22.89, 22.84, 9999.0, 9999.0, 9999.0, 24.16, 9999.0, 22.52, 9999.0, 22.82, 22.61, 22.39, 22.45, 22.43
2026-09-22, 02:06:31, 22.5, 22.59, 22.91, 22.84, 9999.0, 9999.0, 9999.0, 24.14, 9999.0, 22.5, 9999.0, 22.84, 22.59, 22.39, 22.45, 22.45
2026-09-22, 02:06:35, 22.5, 22.59, 22.91, 22.86, 9999.0, 9999.0, 9999.0, 24.09, 9999.0, 22.5, 9999.0, 22.86, 22.59, 22.39, 22.43, 22.45
2026-09-22, 02:06:39, 22.5, 22.61, 22.91, 22.84, 9999.0, 9999.0, 9999.0, 24.05, 9999.0, 22.48, 9999.0, 22.89, 22.59, 22.39, 22.43, 22.43
2026-09-22, 02:06:43, 22.5, 22.61, 22.91, 22.82, 9999.0, 9999.0, 9999.0, 24.0, 9999.0, 22.5, 9999.0, 22.91, 22.61, 22.41, 22.43, 22.41
2026-09-22, 02:06:47, 22.5, 22.59, 22.93, 22.82, 9999.0, 9999.0, 9999.0, 23.95, 9999.0, 22.52, 9999.0, 22.93, 22.64, 22.39, 22.43, 22.41
2026-09-22, 02:06:51, 22.5, 22.57, 22.93, 22.84, 9999.0, 9999.0, 9999.0, 23.91, 9999.0, 22.52, 9999.0, 22.93, 22.66, 22.41, 22.41, 22.41
2026-09-22, 02:06:55, 22.5, 22.57, 22.93, 22.84, 9999.0, 9999.0, 9999.0, 23.93, 9999.0, 22.52, 9999.0, 22.93, 22.64, 22.41, 22.43, 22.41
2026-09-22, 02:06:59, 22.5, 22.57, 22.95, 22.84, 9999.0, 9999.0, 9999.0, 23.98, 9999.0, 22.52, 9999.0, 22.91, 22.66, 22.39, 22.45, 22.41
2026-09-22, 02:07:03, 22.5, 22.55, 22.95, 22.84, 9999.0, 9999.0, 9999.0, 24.02, 9999.0, 22.52, 9999.0, 22.91, 22.66, 22.39, 22.45, 22.43
2026-09-22, 02:07:07, 22.5, 22.57, 22.95, 22.86, 9999.0, 9999.0, 9999.0, 24.05, 9999.0, 22.52, 9999.0, 22.89, 22.64, 22.39, 22.45, 22.43
2026-09-22, 02:07:11, 22.5, 22.57, 22.95, 22.86, 9999.0, 9999.0, 9999.0, 24.07, 9999.0, 22.55, 9999.0, 22.86, 22.64, 22.36, 22.45, 22.43
2026-09-22, 02:07:15, 22.5, 22.55, 22.93, 22.86, 9999.0, 9999.0, 9999.0, 24.09, 9999.0, 22.55, 9999.0, 22.84, 22.64, 22.36, 22.45, 22.43
2026-09-22, 02:07:19, 22.5, 22.55, 22.93, 22.84, 9999.0, 9999.0, 9999.0, 24.14, 9999.0, 22.52, 9999.0, 22.82, 22.61, 22.36, 22.48, 22.43
2026-09-22, 02:07:23, 22.5, 22.52, 22.93, 22.84, 9999.0, 9999.0, 9999.0, 24.18, 9999.0, 22.5, 9999.0, 22.8, 22.61, 22.36, 22.48, 22.43
2026-09-22, 02:07:27, 22.5, 22.52, 22.91, 22.86, 9999.0, 9999.0, 9999.0, 24.23, 9999.0, 22.45, 9999.0, 22.77, 22.59, 22.36, 22.48, 22.45
2026-09-22, 02:07:31, 22.5, 22.55, 22.91, 22.86, 9999.0, 9999.0, 9999.0, 24.25, 9999.0, 22.41, 9999.0, 22.77, 22.57, 22.36, 22.45, 22.45
2026-09-22, 02:07:35, 22.5, 22.55, 22.93, 22.86, 9999.0, 9999.0, 9999.0, 24.27, 9999.0, 22.39, 9999.0, 22.77, 22.55, 22.36, 22.45, 22.45
2026-09-22, 02:07:39, 22.5, 22.55, 22.93, 22.89, 9999.0, 9999.0, 9999.0, 24.23, 9999.0, 22.36, 9999.0, 22.8, 22.57, 22.36, 22.45, 22.45
2026-09-22, 02:07:43, 22.5, 22.55, 22.93, 22.91, 9999.0, 9999.0, 9999.0, 24.18, 9999.0, 22.34, 9999.0, 22.82, 22.55, 22.39, 22.45, 22.43
2026-09-22, 02:07:47, 22.5, 22.55, 22.93, 22.93, 9999.0, 9999.0, 9999.0, 24.11, 9999.0, 22.32, 9999.0, 22.84, 22.55, 22.41, 22.45, 22.43
2026-09-22, 02:07:51, 22.5, 22.52, 22.93, 22.91, 9999.0, 9999.0, 9999.0, 24.07, 9999.0, 22.3, 9999.0, 22.86, 22.57, 22.41, 22.45, 22.43
2026-09-22, 02:07:55, 22.5, 22.55, 22.93, 22.91, 9999.0, 9999.0, 9999.0, 24.02, 9999.0, 22.27, 9999.0, 22.89, 22.55, 22.41, 22.45, 22.43
2026-09-22, 02:07:59, 22.5, 22.55, 22.95, 22.89, 9999.0, 9999.0, 9999.0, 23.98, 9999.0, 22.27, 9999.0, 22.91, 22.57, 22.43, 22.45, 22.43
2026-09-22, 02:08:03, 22.5, 22.57, 22.95, 22.89, 9999.0, 9999.0, 9999.0, 23.93, 9999.0, 22.3, 9999.0, 22.93, 22.59, 22.41, 22.45, 22.45
2026-09-22, 02:08:07, 22.5, 22.57, 22.95, 22.89, 9999.0, 9999.0, 9999.0, 23.89, 9999.0, 22.32, 9999.0, 22.93, 22.61, 22.41, 22.45, 22.48
2026-09-22, 02:08:12, 22.5, 22.57, 22.98, 22.86, 9999.0, 9999.0, 9999.0, 23.91, 9999.0, 22.32, 9999.0, 22.95, 22.64, 22.39, 22.45, 22.48
2026-09-22, 02:08:16, 22.5, 22.55, 22.98, 22.84, 9999.0, 9999.0, 9999.0, 23.93, 9999.0, 22.32, 9999.0, 22.93, 22.64, 22.39, 22.48, 22.48
2026-09-22, 02:08:20, 22.5, 22.55, 22.95, 22.82, 9999.0, 9999.0, 9999.0, 23.95, 9999.0, 22.32, 9999.0, 22.93, 22.64, 22.39, 22.5, 22.48
2026-09-22, 02:08:24, 22.5, 22.57, 22.98, 22.82, 9999.0, 9999.0, 9999.0, 23.98, 9999.0, 22.32, 9999.0, 22.91, 22.64, 22.39, 22.5, 22.48
2026-09-22, 02:08:28, 22.5, 22.57, 22.95, 22.8, 9999.0, 9999.0, 9999.0, 24.0, 9999.0, 22.32, 9999.0, 22.89, 22.64, 22.39, 22.5, 22.48
2026-09-22, 02:08:32, 22.5, 22.57, 22.93, 22.77, 9999.0, 9999.0, 9999.0, 24.02, 9999.0, 22.32, 9999.0, 22.86, 22.66, 22.36, 22.5, 22.48
2026-09-22, 02:08:36, 22.5, 22.57, 22.93, 22.8, 9999.0, 9999.0, 9999.0, 24.05, 9999.0, 22.32, 9999.0, 22.84, 22.64, 22.39, 22.5, 22.48
2026-09-22, 02:08:40, 22.5, 22.55, 22.91, 22.8, 9999.0, 9999.0, 9999.0, 24.07, 9999.0, 22.32, 9999.0, 22.82, 22.64, 22.39, 22.5, 22.48
2026-09-22, 02:08:44, 22.5, 22.55, 22.91, 22.82, 9999.0, 9999.0, 9999.0, 24.09, 9999.0, 22.3, 9999.0, 22.8, 22.61, 22.39, 22.5, 22.48
2026-09-22, 02:08:48, 22.5, 22.52, 22.91, 22.82, 9999.0, 9999.0, 9999.0, 24.11, 9999.0, 22.27, 9999.0, 22.8, 22.59, 22.39, 22.5, 22.48
2026-09-22, 02:08:52, 22.5, 22.52, 22.91, 22.84, 9999.0, 9999.0, 9999.0, 24.14, 9999.0, 22.23, 9999.0, 22.8, 22.57, 22.39, 22.5, 22.45
2026-09-22, 02:08:56, 22.5, 22.52, 22.91, 22.86, 9999.0, 9999.0, 9999.0, 24.07, 9999.0, 22.2, 9999.0, 22.8, 22.55, 22.41, 22.5, 22.45
2026-09-22, 02:09:00, 22.5, 22.52, 22.91, 22.89, 9999.0, 9999.0, 9999.0, 24.02, 9999.0, 22.18, 9999.0, 22.82, 22.57, 22.43, 22.5, 22.45
2026-09-22, 02:09:04, 22.5, 22.52, 22.93, 22.91, 9999.0, 9999.0, 9999.0, 23.98, 9999.0, 22.16, 9999.0, 22.84, 22.57, 22.43, 22.48, 22.45
2026-09-22, 02:09:08, 22.5, 22.5, 22.93, 22.91, 9999.0, 9999.0, 9999.0, 23.93, 9999.0, 22.16, 9999.0, 22.86, 22.55, 22.43, 22.48, 22.45
2026-09-22, 02:09:12, 22.5, 22.5, 22.95, 22.93, 9999.0, 9999.0, 9999.0, 23.89, 9999.0, 22.16, 9999.0, 22.89, 22.55, 22.43, 22.48, 22.48
2026-09-22, 02:09:16, 22.5, 22.5, 22.98, 22.93, 9999.0, 9999.0, 9999.0, 23.86, 9999.0, 22.16, 9999.0, 22.91, 22.55, 22.43, 22.48, 22.48
2026-09-22, 02:09:20, 22.5, 22.5, 22.98, 22.93, 9999.0, 9999.0, 9999.0, 23.82, 9999.0, 22.16, 9999.0, 22.91, 22.57, 22.43, 22.48, 22.48
2026-09-22, 02:09:24, 22.5, 22.5, 22.98, 22.95, 9999.0, 9999.0, 9999.0, 23.8, 9999.0, 22.16, 9999.0, 22.93, 22.57, 22.45, 22.48, 22.48
2026-09-22, 02:09:28, 22.5, 22.5, 22.95, 22.95, 9999.0, 9999.0, 9999.0, 23.84, 9999.0, 22.16, 9999.0, 22.93, 22.59, 22.45, 22.48, 22.48
2026-09-22, 02:09:32, 22.5, 22.52, 22.95, 22.98, 9999.0, 9999.0, 9999.0, 23.86, 9999.0, 22.16, 9999.0, 22.91, 22.61, 22.48, 22.48, 22.48
2026-09-22, 02:09:36, 22.5, 22.52, 22.93, 22.98, 9999.0, 9999.0, 9999.0, 23.89, 9999.0, 22.18, 9999.0, 22.91, 22.64, 22.48, 22.48, 22.5
2026-09-22, 02:09:40, 22.5, 22.52, 22.93, 22.98, 9999.0, 9999.0, 9999.0, 23.91, 9999.0, 22.2, 9999.0, 22.89, 22.64, 22.48, 22.48, 22.5
2026-09-22, 02:09:44, 22.5, 22.52, 22.93, 22.98, 9999.0, 9999.0, 9999.0, 23.93, 9999.0, 22.2, 9999.0, 22.86, 22.64, 22.48, 22.48, 22.5
2026-09-22, 02:09:48, 22.5, 22.52, 22.93, 22.98, 9999.0, 9999.0, 9999.0, 23.95, 9999.0, 22.2, 9999.0, 22.84, 22.64, 22.48, 22.5, 22.5
2026-09-22, 02:09:52, 22.5, 22.52, 22.93, 22.98, 9999.0, 9999.0, 9999.0, 23.98, 9999.0, 22.18, 9999.0, 22.82, 22.66, 22.45, 22.5, 22.5
2026-09-22, 02:09:56, 22.5, 22.52, 22.93, 22.98, 9999.0, 9999.0, 9999.0, 24.0, 9999.0, 22.16, 9999.0, 22.8, 22.66, 22.45, 22.5, 22.5
2026-09-22, 02:10:00, 22.5, 22.52, 22.91, 23.0, 9999.0, 9999.0, 9999.0, 24.02, 9999.0, 22.14, 9999.0, 22.77, 22.64, 22.48, 22.48, 22.5
2026-09-22, 02:10:04, 22.5, 22.52, 22.91, 23.0, 9999.0, 9999.0, 9999.0, 24.07, 9999.0, 22.11, 9999.0, 22.8, 22.61, 22.48, 22.48, 22.5
2026-09-22, 02:10:08, 22.5, 22.52, 22.93, 23.0, 9999.0, 9999.0, 9999.0, 24.09, 9999.0, 22.09, 9999.0, 22.8, 22.61, 22.48, 22.48, 22.5
2026-09-22, 02:10:12, 22.5, 22.52, 22.95, 22.98, 9999.0, 9999.0, 9999.0, 24.05, 9999.0, 22.07, 9999.0, 22.82, 22.61, 22.45, 22.48, 22.5
2026-09-22, 02:10:16, 22.5, 22.52, 22.95, 22.98, 9999.0, 9999.0, 9999.0, 24.0, 9999.0, 22.05, 9999.0, 22.84, 22.61, 22.45, 22.48, 22.5
2026-09-22, 02:10:20, 22.5, 22.52, 22.98, 22.98, 9999.0, 9999.0, 9999.0, 23.95, 9999.0, 22.02, 9999.0, 22.86, 22.61, 22.45, 22.48, 22.5
2026-09-22, 02:10:24, 22.5, 22.55, 22.95, 22.98, 9999.0, 9999.0, 9999.0, 23.93, 9999.0, 22.02, 9999.0, 22.89, 22.61, 22.45, 22.48, 22.5
2026-09-22, 02:10:28, 22.5, 22.57, 22.95, 22.95, 9999.0, 9999.0, 9999.0, 23.91, 9999.0, 22.02, 9999.0, 22.91, 22.59, 22.45, 22.48, 22.5
2026-09-22, 02:10:32, 22.48, 22.59, 22.95, 22.95, 9999.0, 9999.0, 9999.0, 23.86, 9999.0, 22.05, 9999.0, 22.93, 22.61, 22.45, 22.48, 22.5
2026-09-22, 02:10:36, 22.48, 22.61, 22.95, 22.95, 9999.0, 9999.0, 9999.0, 23.82, 9999.0, 22.07, 9999.0, 22.95, 22.61, 22.48, 22.48, 22.5
2026-09-22, 02:10:40, 22.45, 22.64, 22.95, 22.95, 9999.0, 9999.0, 9999.0, 23.77, 9999.0, 22.11, 9999.0, 22.95, 22.64, 22.48, 22.48, 22.5
2026-09-22, 02:10:44, 22.45, 22.66, 22.98, 22.95, 9999.0, 9999.0, 9999.0, 23.8, 9999.0, 22.14, 9999.0, 22.98, 22.66, 22.48, 22.5, 22.5
2026-09-22, 02:10:48, 22.45, 22.68, 22.98, 22.95, 9999.0, 9999.0, 9999.0, 23.82, 9999.0, 22.16, 9999.0, 22.95, 22.68, 22.48, 22.5, 22.5
2026-09-22, 02:10:52, 22.45, 22.7, 22.98, 22.95, 9999.0, 9999.0, 9999.0, 23.82, 9999.0, 22.18, 9999.0, 22.95, 22.68, 22.48, 22.5, 22.5
2026-09-22, 02:10:56, 22.45, 22.7, 22.98, 22.98, 9999.0, 9999.0, 9999.0, 23.82, 9999.0, 22.2, 9999.0, 22.93, 22.66, 22.5, 22.5, 22.5
2026-09-22, 02:11:00, 22.45, 22.68, 22.98, 22.98, 9999.0, 9999.0, 9999.0, 23.84, 9999.0, 22.2, 9999.0, 22.91, 22.64, 22.48, 22.5, 22.5
2026-09-22, 02:11:04, 22.45, 22.68, 22.98, 22.98, 9999.0, 9999.0, 9999.0, 23.86, 9999.0, 22.2, 9999.0, 22.89, 22.61, 22.48, 22.48, 22.5
2026-09-22, 02:11:08, 22.45, 22.66, 23.0, 22.95, 9999.0, 9999.0, 9999.0, 23.86, 9999.0, 22.18, 9999.0, 22.86, 22.61, 22.48, 22.48, 22.5
2026-09-22, 02:11:12, 22.45, 22.64, 23.0, 22.98, 9999.0, 9999.0, 9999.0, 23.86, 9999.0, 22.18, 9999.0, 22.84, 22.61, 22.48, 22.48, 22.5
2026-09-22, 02:11:16, 22.48, 22.61, 23.0, 22.98, 9999.0, 9999.0, 9999.0, 23.89, 9999.0, 22.18, 9999.0, 22.82, 22.59, 22.48, 22.48, 22.5
2026-09-22, 02:11:20, 22.48, 22.59, 23.0, 22.98, 9999.0, 9999.0, 9999.0, 23.91, 9999.0, 22.18, 9999.0, 22.82, 22.57, 22.48, 22.48, 22.5
2026-09-22, 02:11:24, 22.5, 22.59, 23.0, 22.98, 9999.0, 9999.0, 9999.0, 23.93, 9999.0, 22.14, 9999.0, 22.84, 22.55, 22.48, 22.48, 22.5
2026-09-22, 02:11:28, 22.5, 22.57, 23.0, 22.98, 9999.0, 9999.0, 9999.0, 23.89, 9999.0, 22.11, 9999.0, 22.84, 22.52, 22.48, 22.48, 22.5
2026-09-22, 02:11:32, 22.5, 22.55, 23.0, 22.98, 9999.0, 9999.0, 9999.0, 23.84, 9999.0, 22.09, 9999.0, 22.86, 22.52, 22.48, 22.48, 22.5
2026-09-22, 02:11:36, 22.5, 22.55, 23.0, 22.98, 9999.0, 9999.0, 9999.0, 23.82, 9999.0, 22.07, 9999.0, 22.86, 22.55, 22.48, 22.48, 22.5
2026-09-22, 02:11:40, 22.5, 22.55, 23.0, 22.98, 9999.0, 9999.0, 9999.0, 23.8, 9999.0, 22.05, 9999.0, 22.89, 22.57, 22.48, 22.48, 22.5
2026-09-22, 02:11:44, 22.5, 22.55, 23.0, 22.95, 9999.0, 9999.0, 9999.0, 23.77, 9999.0, 22.07, 9999.0, 22.91, 22.59, 22.5, 22.48, 22.5
2026-09-22, 02:11:48, 22.5, 22.55, 23.0, 22.95, 9999.0, 9999.0, 9999.0, 23.75, 9999.0, 22.09, 9999.0, 22.93, 22.61, 22.5, 22.5, 22.5
2026-09-22, 02:11:52, 22.5, 22.55, 23.0, 22.98, 9999.0, 9999.0, 9999.0, 23.75, 9999.0, 22.14, 9999.0, 22.95, 22.64, 22.5, 22.5, 22.5
2026-09-22, 02:11:56, 22.5, 22.55, 23.0, 22.98, 9999.0, 9999.0, 9999.0, 23.73, 9999.0, 22.16, 9999.0, 22.98, 22.66, 22.5, 22.5, 22.5
2026-09-22, 02:12:01, 22.5, 22.55, 23.0, 22.98, 9999.0, 9999.0, 9999.0, 23.7, 9999.0, 22.16, 9999.0, 23.0, 22.68, 22.5, 22.5, 22.5
2026-09-22, 02:12:05, 22.5, 22.55, 23.0, 22.98, 9999.0, 9999.0, 9999.0, 23.77, 9999.0, 22.16, 9999.0, 23.0, 22.7, 22.5, 22.5, 22.5
2026-09-22, 02:12:09, 22.5, 22.52, 23.0, 22.98, 9999.0, 9999.0, 9999.0, 23.82, 9999.0, 22.18, 9999.0, 23.0, 22.7, 22.5, 22.5, 22.5
2026-09-22, 02:12:13, 22.5, 22.52, 23.0, 22.98, 9999.0, 9999.0, 9999.0, 23.86, 9999.0, 22.2, 9999.0, 22.98, 22.73, 22.5, 22.5, 22.5
2026-09-22, 02:12:17, 22.5, 22.52, 23.0, 22.98, 9999.0, 9999.0, 9999.0, 23.89, 9999.0, 22.23, 9999.0, 22.95, 22.73, 22.5, 22.5, 22.5
2026-09-22, 02:12:21, 22.5, 22.52, 23.0, 22.95, 9999.0, 9999.0, 9999.0, 23.91, 9999.0, 22.25, 9999.0, 22.93, 22.73, 22.5, 22.5, 22.5
2026-09-22, 02:12:25, 22.5, 22.52, 23.0, 22.95, 9999.0, 9999.0, 9999.0, 23.93, 9999.0, 22.27, 9999.0, 22.91, 22.73, 22.5, 22.5, 22.5
2026-09-22, 02:12:29, 22.5, 22.52, 23.0, 22.98, 9999.0, 9999.0, 9999.0, 23.95, 9999.0, 22.27, 9999.0, 22.89, 22.7, 22.5, 22.5, 22.5
2026-09-22, 02:12:33, 22.5, 22.52, 23.0, 22.98, 9999.0, 9999.0, 9999.0, 23.98, 9999.0, 22.27, 9999.0, 22.86, 22.68, 22.5, 22.5, 22.5
2026-09-22, 02:12:37, 22.5, 22.52, 23.0, 22.98, 9999.0, 9999.0, 9999.0, 24.0, 9999.0, 22.25, 9999.0, 22.84, 22.66, 22.5, 22.5, 22.5
2026-09-22, 02:12:41, 22.5, 22.52, 23.0, 22.98, 9999.0, 9999.0, 9999.0, 24.05, 9999.0, 22.25, 9999.0, 22.84, 22.66, 22.5, 22.5, 22.5
2026-09-22, 02:12:45, 22.5, 22.55, 23.0, 22.98, 9999.0, 9999.0, 9999.0, 24.07, 9999.0, 22.23, 9999.0, 22.84, 22.64, 22.5, 22.5, 22.5
2026-09-22, 02:12:49, 22.5, 22.55, 23.0, 22.98, 9999.0, 9999.0, 9999.0, 24.0, 9999.0, 22.23, 9999.0, 22.84, 22.64, 22.5, 22.5, 22.5
2026-09-22, 02:12:53, 22.5, 22.55, 23.0, 22.98, 9999.0, 9999.0, 9999.0, 23.95, 9999.0, 22.2, 9999.0, 22.84, 22.66, 22.5, 22.5, 22.5
2026-09-22, 02:12:57, 22.5, 22.55, 22.98, 22.98, 9999.0, 9999.0, 9999.0, 23.91, 9999.0, 22.18, 9999.0, 22.86, 22.66, 22.5, 22.5, 22.5
2026-09-22, 02:13:01, 22.5, 22.55, 22.98, 22.95, 9999.0, 9999.0, 9999.0, 23.89, 9999.0, 22.2, 9999.0, 22.89, 22.66, 22.5, 22.5, 22.5
2026-09-22, 02:13:05, 22.5, 22.52, 22.98, 22.98, 9999.0, 9999.0, 9999.0, 23.84, 9999.0, 22.2, 9999.0, 22.91, 22.66, 22.5, 22.5, 22.5
2026-09-22, 02:13:09, 22.5, 22.52, 22.98, 22.98, 9999.0, 9999.0, 9999.0, 23.8, 9999.0, 22.23, 9999.0, 22.93, 22.66, 22.48, 22.5, 22.5
2026-09-22, 02:13:13, 22.5, 22.52, 22.95, 22.98, 9999.0, 9999.0, 9999.0, 23.75, 9999.0, 22.25, 9999.0, 22.95, 22.68, 22.48, 22.5, 22.5
2026-09-22, 02:13:17, 22.5, 22.52, 22.95, 22.98, 9999.0, 9999.0, 9999.0, 23.7, 9999.0, 22.27, 9999.0, 22.98, 22.7, 22.48, 22.5, 22.5
2026-09-22, 02:13:21, 22.5, 22.52, 22.95, 22.98, 9999.0, 9999.0, 9999.0, 23.73, 9999.0, 22.3, 9999.0, 23.0, 22.73, 22.48, 22.5, 22.5
2026-09-22, 02:13:25, 22.5, 22.52, 22.95, 22.98, 9999.0, 9999.0, 9999.0, 23.73, 9999.0, 22.32, 9999.0, 22.98, 22.73, 22.48, 22.5, 22.5
2026-09-22, 02:13:29, 22.5, 22.5, 22.95, 22.98, 9999.0, 9999.0, 9999.0, 23.75, 9999.0, 22.34, 9999.0, 22.95, 22.73, 22.48, 22.5, 22.5
2026-09-22, 02:13:33, 22.5, 22.52, 22.95, 22.98, 9999.0, 9999.0, 9999.0, 23.77, 9999.0, 22.34, 9999.0, 22.93, 22.73, 22.48, 22.5, 22.5
2026-09-22, 02:13:37, 22.5, 22.55, 22.95, 22.98, 9999.0, 9999.0, 9999.0, 23.8, 9999.0, 22.36, 9999.0, 22.91, 22.73, 22.48, 22.5, 22.5
2026-09-22, 02:13:41, 22.5, 22.57, 22.98, 22.98, 9999.0, 9999.0, 9999.0, 23.82, 9999.0, 22.39, 9999.0, 22.89, 22.73, 22.45, 22.5, 22.5
2026-09-22, 02:13:45, 22.5, 22.59, 22.98, 23.0, 9999.0, 9999.0, 9999.0, 23.82, 9999.0, 22.36, 9999.0, 22.86, 22.73, 22.45, 22.5, 22.5
2026-09-22, 02:13:49, 22.5, 22.59, 22.98, 23.0, 9999.0, 9999.0, 9999.0, 23.86, 9999.0, 22.36, 9999.0, 22.84, 22.73, 22.45, 22.5, 22.5
2026-09-22, 02:13:53, 22.5, 22.59, 22.98, 22.98, 9999.0, 9999.0, 9999.0, 23.91, 9999.0, 22.34, 9999.0, 22.82, 22.7, 22.48, 22.5, 22.5
2026-09-22, 02:13:57, 22.5, 22.59, 23.0, 22.98, 9999.0, 9999.0, 9999.0, 23.93, 9999.0, 22.32, 9999.0, 22.8, 22.7, 22.48, 22.5, 22.5
2026-09-22, 02:14:01, 22.5, 22.59, 23.0, 22.98, 9999.0, 9999.0, 9999.0, 23.95, 9999.0, 22.3, 9999.0, 22.8, 22.7, 22.48, 22.5, 22.5
2026-09-22, 02:14:05, 22.5, 22.61, 23.0, 22.98, 9999.0, 9999.0, 9999.0, 23.91, 9999.0, 22.27, 9999.0, 22.8, 22.7, 22.48, 22.5, 22.5
2026-09-22, 02:14:09, 22.5, 22.64, 23.0, 22.98, 9999.0, 9999.0, 9999.0, 23.89, 9999.0, 22.25, 9999.0, 22.82, 22.7, 22.48, 22.5, 22.5
2026-09-22, 02:14:13, 22.5, 22.64, 23.0, 22.98, 9999.0, 9999.0, 9999.0, 23.86, 9999.0, 22.25, 9999.0, 22.84, 22.73, 22.48, 22.5, 22.5
2026-09-22, 02:14:17, 22.5, 22.61, 23.0, 22.98, 9999.0, 9999.0, 9999.0, 23.84, 9999.0, 22.27, 9999.0, 22.86, 22.73, 22.48, 22.5, 22.5
2026-09-22, 02:14:21, 22.5, 22.59, 23.0, 22.98, 9999.0, 9999.0, 9999.0, 23.82, 9999.0, 22.3, 9999.0, 22.89, 22.7, 22.48, 22.5, 22.5
2026-09-22, 02:14:25, 22.5, 22.57, 23.0, 22.98, 9999.0, 9999.0, 9999.0, 23.77, 9999.0, 22.32, 9999.0, 22.91, 22.7, 22.5, 22.5, 22.5
2026-09-22, 02:14:29, 22.5, 22.55, 23.0, 22.98, 9999.0, 9999.0, 9999.0, 23.75, 9999.0, 22.34, 9999.0, 22.93, 22.7, 22.5, 22.5, 22.5
2026-09-22, 02:14:33, 22.5, 22.55, 23.0, 22.98, 9999.0, 9999.0, 9999.0, 23.7, 9999.0, 22.36, 9999.0, 22.95, 22.7, 22.5, 22.5, 22.5
2026-09-22, 02:14:37, 22.5, 22.55, 23.0, 23.0, 9999.0, 9999.0, 9999.0, 23.73, 9999.0, 22.39, 9999.0, 22.98, 22.73, 22.5, 22.5, 22.5
2026-09-22, 02:14:41, 22.5, 22.55, 23.0, 23.0, 9999.0, 9999.0, 9999.0, 23.77, 9999.0, 22.41, 9999.0, 23.0, 22.73, 22.5, 22.5, 22.5
2026-09-22, 02:14:45, 22.5, 22.55, 22.98, 23.0, 9999.0, 9999.0, 9999.0, 23.82, 9999.0, 22.43, 9999.0, 22.98, 22.73, 22.48, 22.5, 22.5
2026-09-22, 02:14:49, 22.5, 22.55, 22.98, 23.0, 9999.0, 9999.0, 9999.0, 23.86, 9999.0, 22.45, 9999.0, 22.95, 22.73, 22.45, 22.5, 22.5
2026-09-22, 02:14:53, 22.5, 22.52, 22.95, 23.0, 9999.0, 9999.0, 9999.0, 23.89, 9999.0, 22.45, 9999.0, 22.93, 22.73, 22.45, 22.5, 22.5
2026-09-22, 02:14:57, 22.5, 22.55, 22.95, 23.0, 9999.0, 9999.0, 9999.0, 23.91, 9999.0, 22.45, 9999.0, 22.91, 22.73, 22.45, 22.5, 22.5
2026-09-22, 02:15:01, 22.5, 22.57, 22.95, 23.0, 9999.0, 9999.0, 9999.0, 23.93, 9999.0, 22.43, 9999.0, 22.89, 22.73, 22.45, 22.5, 22.5
2026-09-22, 02:15:05, 22.5, 22.57, 22.95, 23.0, 9999.0, 9999.0, 9999.0, 23.95, 9999.0, 22.41, 9999.0, 22.86, 22.75, 22.45, 22.5, 22.5
2026-09-22, 02:15:09, 22.5, 22.57, 22.93, 23.0, 9999.0, 9999.0, 9999.0, 24.0, 9999.0, 22.39, 9999.0, 22.84, 22.75, 22.45, 22.5, 22.5
2026-09-22, 02:15:13, 22.5, 22.59, 22.93, 22.98, 9999.0, 9999.0, 9999.0, 24.05, 9999.0, 22.36, 9999.0, 22.82, 22.75, 22.43, 22.5, 22.5
2026-09-22, 02:15:17, 22.5, 22.59, 22.93, 22.98, 9999.0, 9999.0, 9999.0, 24.09, 9999.0, 22.34, 9999.0, 22.82, 22.75, 22.43, 22.5, 22.5
2026-09-22, 02:15:21, 22.5, 22.59, 22.93, 22.98, 9999.0, 9999.0, 9999.0, 24.05, 9999.0, 22.32, 9999.0, 22.8, 22.73, 22.43, 22.5, 22.5
2026-09-22, 02:15:25, 22.5, 22.59, 22.93, 22.98, 9999.0, 9999.0, 9999.0, 24.0, 9999.0, 22.3, 9999.0, 22.8, 22.73, 22.43, 22.5, 22.5
2026-09-22, 02:15:29, 22.5, 22.61, 22.95, 22.98, 9999.0, 9999.0, 9999.0, 23.95, 9999.0, 22.27, 9999.0, 22.82, 22.73, 22.43, 22.5, 22.5
2026-09-22, 02:15:33, 22.5, 22.59, 22.95, 22.98, 9999.0, 9999.0, 9999.0, 23.91, 9999.0, 22.25, 9999.0, 22.84, 22.73, 22.45, 22.5, 22.5
2026-09-22, 02:15:37, 22.5, 22.59, 22.98, 22.98, 9999.0, 9999.0, 9999.0, 23.89, 9999.0, 22.27, 9999.0, 22.86, 22.7, 22.45, 22.5, 22.5
2026-09-22, 02:15:41, 22.5, 22.59, 22.98, 22.98, 9999.0, 9999.0, 9999.0, 23.84, 9999.0, 22.27, 9999.0, 22.89, 22.68, 22.45, 22.5, 22.5
2026-09-22, 02:15:45, 22.5, 22.59, 22.98, 22.98, 9999.0, 9999.0, 9999.0, 23.8, 9999.0, 22.3, 9999.0, 22.91, 22.68, 22.45, 22.5, 22.5
2026-09-22, 02:15:49, 22.5, 22.59, 22.98, 22.98, 9999.0, 9999.0, 9999.0, 23.75, 9999.0, 22.32, 9999.0, 22.93, 22.68, 22.43, 22.5, 22.5
2026-09-22, 02:15:54, 22.5, 22.61, 23.0, 22.98, 9999.0, 9999.0, 9999.0, 23.7, 9999.0, 22.34, 9999.0, 22.95, 22.68, 22.43, 22.5, 22.5
2026-09-22, 02:15:58, 22.5, 22.61, 23.0, 23.0, 9999.0, 9999.0, 9999.0, 23.75, 9999.0, 22.36, 9999.0, 22.98, 22.68, 22.45, 22.5, 22.5
2026-09-22, 02:16:02, 22.5, 22.61, 23.0, 23.0, 9999.0, 9999.0, 9999.0, 23.75, 9999.0, 22.39, 9999.0, 22.98, 22.66, 22.43, 22.5, 22.5
2026-09-22, 02:16:06, 22.5, 22.61, 23.0, 23.0, 9999.0, 9999.0, 9999.0, 23.8, 9999.0, 22.41, 9999.0, 22.98, 22.68, 22.43, 22.5, 22.5
2026-09-22, 02:16:10, 22.5, 22.64, 23.0, 23.0, 9999.0, 9999.0, 9999.0, 23.82, 9999.0, 22.43, 9999.0, 22.95, 22.66, 22.43, 22.5, 22.5
2026-09-22, 02:16:14, 22.5, 22.61, 23.0, 23.0, 9999.0, 9999.0, 9999.0, 23.84, 9999.0, 22.43, 9999.0, 22.93, 22.66, 22.43, 22.5, 22.5
2026-09-22, 02:16:18, 22.5, 22.61, 22.98, 23.0, 9999.0, 9999.0, 9999.0, 23.86, 9999.0, 22.45, 9999.0, 22.91, 22.66, 22.41, 22.5, 22.5
2026-09-22, 02:16:22, 22.5, 22.61, 22.98, 23.0, 9999.0, 9999.0, 9999.0, 23.89, 9999.0, 22.45, 9999.0, 22.89, 22.66, 22.41, 22.5, 22.5
2026-09-22, 02:16:26, 22.5, 22.59, 22.98, 23.0, 9999.0, 9999.0, 9999.0, 23.93, 9999.0, 22.48, 9999.0, 22.86, 22.66, 22.41, 22.5, 22.5
2026-09-22, 02:16:30, 22.5, 22.57, 22.98, 23.0, 9999.0, 9999.0, 9999.0, 23.98, 9999.0, 22.45, 9999.0, 22.84, 22.64, 22.41, 22.5, 22.5
2026-09-22, 02:16:34, 22.5, 22.57, 22.98, 23.0, 9999.0, 9999.0, 9999.0, 24.0, 9999.0, 22.43, 9999.0, 22.84, 22.61, 22.43, 22.5, 22.5
2026-09-22, 02:16:38, 22.5, 22.55, 22.98, 23.0, 9999.0, 9999.0, 9999.0, 24.05, 9999.0, 22.41, 9999.0, 22.84, 22.61, 22.43, 22.5, 22.5
2026-09-22, 02:16:42, 22.5, 22.52, 22.98, 23.0, 9999.0, 9999.0, 9999.0, 23.98, 9999.0, 22.39, 9999.0, 22.84, 22.61, 22.43, 22.5, 22.5
2026-09-22, 02:16:46, 22.5, 22.52, 22.98, 22.98, 9999.0, 9999.0, 9999.0, 23.95, 9999.0, 22.36, 9999.0, 22.84, 22.61, 22.45, 22.5, 22.5
2026-09-22, 02:16:50, 22.5, 22.55, 22.98, 22.95, 9999.0, 9999.0, 9999.0, 23.91, 9999.0, 22.34, 9999.0, 22.86, 22.61, 22.45, 22.5, 22.5
2026-09-22, 02:16:54, 22.5, 22.52, 22.98, 22.95, 9999.0, 9999.0, 9999.0, 23.89, 9999.0, 22.34, 9999.0, 22.89, 22.61, 22.43, 22.5, 22.5
2026-09-22, 02:16:58, 22.5, 22.52, 22.98, 22.95, 9999.0, 9999.0, 9999.0, 23.86, 9999.0, 22.36, 9999.0, 22.91, 22.61, 22.43, 22.5, 22.5
2026-09-22, 02:17:02, 22.5, 22.52, 22.98, 22.95, 9999.0, 9999.0, 9999.0, 23.84, 9999.0, 22.36, 9999.0, 22.93, 22.61, 22.45, 22.5, 22.5
2026-09-22, 02:17:06, 22.5, 22.52, 22.98, 22.95, 9999.0, 9999.0, 9999.0, 23.82, 9999.0, 22.39, 9999.0, 22.95, 22.61, 22.45, 22.5, 22.5
2026-09-22, 02:17:10, 22.5, 22.55, 22.98, 22.95, 9999.0, 9999.0, 9999.0, 23.8, 9999.0, 22.39, 9999.0, 22.98, 22.64, 22.43, 22.5, 22.5
2026-09-22, 02:17:14, 22.5, 22.55, 22.98, 22.95, 9999.0, 9999.0, 9999.0, 23.84, 9999.0, 22.41, 9999.0, 23.0, 22.66, 22.43, 22.5, 22.5
2026-09-22, 02:17:18, 22.5, 22.55, 22.95, 22.95, 9999.0, 9999.0, 9999.0, 23.89, 9999.0, 22.43, 9999.0, 22.98, 22.68, 22.43, 22.5, 22.5
2026-09-22, 02:17:22, 22.5, 22.55, 22.95, 22.95, 9999.0, 9999.0, 9999.0, 23.91, 9999.0, 22.45, 9999.0, 22.95, 22.68, 22.43, 22.5, 22.5
2026-09-22, 02:17:26, 22.5, 22.55, 22.95, 22.95, 9999.0, 9999.0, 9999.0, 23.95, 9999.0, 22.48, 9999.0, 22.93, 22.68, 22.43, 22.5, 22.5
2026-09-22, 02:17:30, 22.5, 22.55, 22.93, 22.95, 9999.0, 9999.0, 9999.0, 24.0, 9999.0, 22.5, 9999.0, 22.91, 22.7, 22.41, 22.5, 22.5
2026-09-22, 02:17:34, 22.5, 22.52, 22.91, 22.98, 9999.0, 9999.0, 9999.0, 24.02, 9999.0, 22.52, 9999.0, 22.89, 22.7, 22.41, 22.5, 22.5
2026-09-22, 02:17:38, 22.5, 22.52, 22.91, 22.98, 9999.0, 9999.0, 9999.0, 24.05, 9999.0, 22.52, 9999.0, 22.86, 22.73, 22.43, 22.5, 22.5
2026-09-22, 02:17:42, 22.5, 22.52, 22.91, 22.98, 9999.0, 9999.0, 9999.0, 24.07, 9999.0, 22.52, 9999.0, 22.84, 22.73, 22.45, 22.5, 22.5
2026-09-22, 02:17:46, 22.5, 22.55, 22.93, 22.98, 9999.0, 9999.0, 9999.0, 24.11, 9999.0, 22.52, 9999.0, 22.82, 22.73, 22.45, 22.5, 22.5
2026-09-22, 02:17:50, 22.5, 22.57, 22.91, 22.98, 9999.0, 9999.0, 9999.0, 24.14, 9999.0, 22.5, 9999.0, 22.82, 22.73, 22.45, 22.5, 22.5
2026-09-22, 02:17:54, 22.5, 22.55, 22.91, 22.98, 9999.0, 9999.0, 9999.0, 24.16, 9999.0, 22.5, 9999.0, 22.82, 22.7, 22.48, 22.5, 22.5
2026-09-22, 02:17:58, 22.5, 22.57, 22.89, 22.98, 9999.0, 9999.0, 9999.0, 24.11, 9999.0, 22.5, 9999.0, 22.82, 22.68, 22.48, 22.5, 22.5
2026-09-22, 02:18:02, 22.5, 22.57, 22.91, 22.98, 9999.0, 9999.0, 9999.0, 24.09, 9999.0, 22.5, 9999.0, 22.84, 22.68, 22.48, 22.5, 22.5
2026-09-22, 02:18:06, 22.5, 22.59, 22.91, 22.98, 9999.0, 9999.0, 9999.0, 24.05, 9999.0, 22.5, 9999.0, 22.86, 22.66, 22.48, 22.5, 22.5
2026-09-22, 02:18:10, 22.5, 22.59, 22.91, 22.98, 9999.0, 9999.0, 9999.0, 24.0, 9999.0, 22.5, 9999.0, 22.89, 22.66, 22.48, 22.5, 22.5
2026-09-22, 02:18:14, 22.5, 22.61, 22.93, 22.98, 9999.0, 9999.0, 9999.0, 23.95, 9999.0, 22.5, 9999.0, 22.91, 22.66, 22.5, 22.5, 22.5
2026-09-22, 02:18:18, 22.5, 22.61, 22.93, 22.95, 9999.0, 9999.0, 9999.0, 23.93, 9999.0, 22.52, 9999.0, 22.93, 22.66, 22.5, 22.5, 22.5
2026-09-22, 02:18:22, 22.5, 22.61, 22.93, 22.95, 9999.0, 9999.0, 9999.0, 23.91, 9999.0, 22.55, 9999.0, 22.95, 22.66, 22.5, 22.5, 22.5
2026-09-22, 02:18:26, 22.5, 22.61, 22.91, 22.95, 9999.0, 9999.0, 9999.0, 23.86, 9999.0, 22.57, 9999.0, 22.98, 22.66, 22.5, 22.5, 22.5
2026-09-22, 02:18:30, 22.5, 22.59, 22.89, 22.95, 9999.0, 9999.0, 9999.0, 23.86, 9999.0, 22.59, 9999.0, 23.0, 22.66, 22.5, 22.5, 22.5
2026-09-22, 02:18:34, 22.5, 22.57, 22.91, 22.93, 9999.0, 9999.0, 9999.0, 23.89, 9999.0, 22.61, 9999.0, 23.0, 22.68, 22.5, 22.5, 22.5
2026-09-22, 02:18:38, 22.5, 22.59, 22.91, 22.93, 9999.0, 9999.0, 9999.0, 23.91, 9999.0, 22.64, 9999.0, 22.98, 22.68, 22.5, 22.5, 22.5
2026-09-22, 02:18:42, 22.5, 22.57, 22.93, 22.93, 9999.0, 9999.0, 9999.0, 23.93, 9999.0, 22.66, 9999.0, 22.95, 22.7, 22.5, 22.5, 22.5
2026-09-22, 02:18:46, 22.5, 22.57, 22.93, 22.93, 9999.0, 9999.0, 9999.0, 23.95, 9999.0, 22.68, 9999.0, 22.93, 22.68, 22.5, 22.5, 22.5
2026-09-22, 02:18:50, 22.5, 22.57, 22.91, 22.91, 9999.0, 9999.0, 9999.0, 24.0, 9999.0, 22.68, 9999.0, 22.91, 22.68, 22.5, 22.5, 22.5
2026-09-22, 02:18:54, 22.5, 22.59, 22.91, 22.91, 9999.0, 9999.0, 9999.0, 24.02, 9999.0, 22.68, 9999.0, 22.89, 22.66, 22.48, 22.5, 22.5
2026-09-22, 02:18:58, 22.5, 22.57, 22.91, 22.93, 9999.0, 9999.0, 9999.0, 24.05, 9999.0, 22.68, 9999.0, 22.86, 22.66, 22.48, 22.5, 22.5
2026-09-22, 02:19:02, 22.5, 22.59, 22.93, 22.95, 9999.0, 9999.0, 9999.0, 24.07, 9999.0, 22.66, 9999.0, 22.84, 22.64, 22.48, 22.5, 22.5
2026-09-22, 02:19:06, 22.5, 22.59, 22.91, 22.95, 9999.0, 9999.0, 9999.0, 24.09, 9999.0, 22.64, 9999.0, 22.84, 22.61, 22.48, 22.5, 22.5
2026-09-22, 02:19:10, 22.5, 22.61, 22.91, 22.95, 9999.0, 9999.0, 9999.0, 24.14, 9999.0, 22.61, 9999.0, 22.82, 22.59, 22.48, 22.5, 22.5
2026-09-22, 02:19:14, 22.5, 22.61, 22.93, 22.95, 9999.0, 9999.0, 9999.0, 24.11, 9999.0, 22.59, 9999.0, 22.82, 22.59, 22.48, 22.5, 22.5
2026-09-22, 02:19:18, 22.5, 22.61, 22.93, 22.95, 9999.0, 9999.0, 9999.0, 24.07, 9999.0, 22.57, 9999.0, 22.82, 22.59, 22.48, 22.5, 22.5
2026-09-22, 02:19:22, 22.5, 22.61, 22.93, 22.95, 9999.0, 9999.0, 9999.0, 24.05, 9999.0, 22.55, 9999.0, 22.84, 22.61, 22.48, 22.5, 22.5
2026-09-22, 02:19:26, 22.5, 22.64, 22.91, 22.95, 9999.0, 9999.0, 9999.0, 24.0, 9999.0, 22.55, 9999.0, 22.86, 22.61, 22.45, 22.5, 22.5
2026-09-22, 02:19:30, 22.5, 22.66, 22.89, 22.95, 9999.0, 9999.0, 9999.0, 23.95, 9999.0, 22.55, 9999.0, 22.89, 22.64, 22.45, 22.5, 22.5
2026-09-22, 02:19:34, 22.5, 22.64, 22.91, 22.98, 9999.0, 9999.0, 9999.0, 23.91, 9999.0, 22.57, 9999.0, 22.91, 22.66, 22.45, 22.5, 22.5
2026-09-22, 02:19:38, 22.5, 22.64, 22.89, 22.98, 9999.0, 9999.0, 9999.0, 23.86, 9999.0, 22.61, 9999.0, 22.93, 22.68, 22.48, 22.5, 22.5
2026-09-22, 02:19:42, 22.5, 22.64, 22.89, 22.98, 9999.0, 9999.0, 9999.0, 23.84, 9999.0, 22.64, 9999.0, 22.95, 22.68, 22.48, 22.5, 22.5
2026-09-22, 02:19:47, 22.5, 22.61, 22.89, 22.98, 9999.0, 9999.0, 9999.0, 23.89, 9999.0, 22.66, 9999.0, 22.95, 22.7, 22.48, 22.5, 22.5
2026-09-22, 02:19:51, 22.5, 22.61, 22.91, 22.98, 9999.0, 9999.0, 9999.0, 23.93, 9999.0, 22.68, 9999.0, 22.95, 22.7, 22.45, 22.5, 22.5
2026-09-22, 02:19:55, 22.5, 22.59, 22.93, 22.95, 9999.0, 9999.0, 9999.0, 23.95, 9999.0, 22.7, 9999.0, 22.95, 22.73, 22.45, 22.5, 22.5
2026-09-22, 02:19:59, 22.5, 22.59, 22.93, 22.95, 9999.0, 9999.0, 9999.0, 23.98, 9999.0, 22.73, 9999.0, 22.93, 22.73, 22.45, 22.5, 22.5
2026-09-22, 02:20:03, 22.5, 22.59, 22.93, 22.98, 9999.0, 9999.0, 9999.0, 24.02, 9999.0, 22.75, 9999.0, 22.91, 22.73, 22.45, 22.5, 22.5
2026-09-22, 02:20:07, 22.5, 22.59, 22.93, 22.98, 9999.0, 9999.0, 9999.0, 24.05, 9999.0, 22.77, 9999.0, 22.89, 22.7, 22.45, 22.5, 22.5
2026-09-22, 02:20:11, 22.5, 22.57, 22.93, 22.98, 9999.0, 9999.0, 9999.0, 24.07, 9999.0, 22.77, 9999.0, 22.86, 22.7, 22.48, 22.5, 22.5
2026-09-22, 02:20:15, 22.5, 22.55, 22.95, 22.98, 9999.0, 9999.0, 9999.0, 24.09, 9999.0, 22.75, 9999.0, 22.84, 22.68, 22.48, 22.5, 22.5
2026-09-22, 02:20:19, 22.5, 22.55, 22.95, 22.98, 9999.0, 9999.0, 9999.0, 24.14, 9999.0, 22.73, 9999.0, 22.82, 22.68, 22.48, 22.5, 22.5
2026-09-22, 02:20:23, 22.5, 22.55, 22.95, 22.98, 9999.0, 9999.0, 9999.0, 24.18, 9999.0, 22.68, 9999.0, 22.8, 22.68, 22.48, 22.5, 22.5
2026-09-22, 02:20:27, 22.5, 22.57, 22.95, 22.95, 9999.0, 9999.0, 9999.0, 24.2, 9999.0, 22.68, 9999.0, 22.8, 22.66, 22.48, 22.5, 22.5
2026-09-22, 02:20:31, 22.5, 22.59, 22.95, 22.95, 9999.0, 9999.0, 9999.0, 24.16, 9999.0, 22.68, 9999.0, 22.82, 22.64, 22.48, 22.5, 22.5
2026-09-22, 02:20:35, 22.5, 22.61, 22.95, 22.95, 9999.0, 9999.0, 9999.0, 24.11, 9999.0, 22.66, 9999.0, 22.82, 22.66, 22.5, 22.5, 22.5
2026-09-22, 02:20:39, 22.5, 22.61, 22.95, 22.98, 9999.0, 9999.0, 9999.0, 24.09, 9999.0, 22.64, 9999.0, 22.84, 22.64, 22.5, 22.5, 22.5
2026-09-22, 02:20:43, 22.5, 22.64, 22.95, 22.98, 9999.0, 9999.0, 9999.0, 24.07, 9999.0, 22.66, 9999.0, 22.86, 22.64, 22.5, 22.5, 22.5
2026-09-22, 02:20:47, 22.5, 22.66, 22.93, 22.98, 9999.0, 9999.0, 9999.0, 24.02, 9999.0, 22.66, 9999.0, 22.89, 22.64, 22.5, 22.5, 22.5
2026-09-22, 02:20:51, 22.5, 22.66, 22.93, 22.98, 9999.0, 9999.0, 9999.0, 23.98, 9999.0, 22.66, 9999.0, 22.91, 22.66, 22.48, 22.5, 22.5
2026-09-22, 02:20:55, 22.5, 22.66, 22.93, 22.98, 9999.0, 9999.0, 9999.0, 23.95, 9999.0, 22.68, 9999.0, 22.93, 22.66, 22.48, 22.5, 22.5
2026-09-22, 02:20:59, 22.5, 22.68, 22.91, 22.95, 9999.0, 9999.0, 9999.0, 23.93, 9999.0, 22.73, 9999.0, 22.95, 22.68, 22.48, 22.5, 22.5
2026-09-22, 02:21:03, 22.5, 22.68, 22.89, 22.95, 9999.0, 9999.0, 9999.0, 23.89, 9999.0, 22.75, 9999.0, 22.95, 22.68, 22.48, 22.5, 22.5
2026-09-22, 02:21:07, 22.5, 22.66, 22.91, 22.93, 9999.0, 9999.0, 9999.0, 23.93, 9999.0, 22.8, 9999.0, 22.98, 22.68, 22.45, 22.5, 22.5
2026-09-22, 02:21:11, 22.5, 22.64, 22.89, 22.95, 9999.0, 9999.0, 9999.0, 23.98, 9999.0, 22.8, 9999.0, 22.95, 22.7, 22.45, 22.5, 22.5
2026-09-22, 02:21:15, 22.5, 22.61, 22.89, 22.95, 9999.0, 9999.0, 9999.0, 24.02, 9999.0, 22.82, 9999.0, 22.93, 22.73, 22.45, 22.5, 22.5
2026-09-22, 02:21:19, 22.5, 22.59, 22.86, 22.95, 9999.0, 9999.0, 9999.0, 24.07, 9999.0, 22.86, 9999.0, 22.91, 22.73, 22.45, 22.5, 22.5
2026-09-22, 02:21:23, 22.5, 22.59, 22.84, 22.95, 9999.0, 9999.0, 9999.0, 24.09, 9999.0, 22.89, 9999.0, 22.89, 22.73, 22.45, 22.5, 22.5
2026-09-22, 02:21:27, 22.5, 22.57, 22.84, 22.95, 9999.0, 9999.0, 9999.0, 24.11, 9999.0, 22.86, 9999.0, 22.86, 22.7, 22.45, 22.5, 22.5
2026-09-22, 02:21:31, 22.5, 22.57, 22.86, 22.95, 9999.0, 9999.0, 9999.0, 24.16, 9999.0, 22.84, 9999.0, 22.84, 22.7, 22.45, 22.5, 22.5
2026-09-22, 02:21:35, 22.5, 22.55, 22.86, 22.95, 9999.0, 9999.0, 9999.0, 24.2, 9999.0, 22.84, 9999.0, 22.82, 22.68, 22.48, 22.5, 22.5
2026-09-22, 02:21:39, 22.5, 22.57, 22.89, 22.95, 9999.0, 9999.0, 9999.0, 24.25, 9999.0, 22.82, 9999.0, 22.8, 22.68, 22.48, 22.5, 22.5
2026-09-22, 02:21:43, 22.5, 22.57, 22.91, 22.98, 9999.0, 9999.0, 9999.0, 24.27, 9999.0, 22.8, 9999.0, 22.8, 22.66, 22.48, 22.5, 22.5
2026-09-22, 02:21:47, 22.5, 22.59, 22.93, 22.98, 9999.0, 9999.0, 9999.0, 24.3, 9999.0, 22.77, 9999.0, 22.8, 22.64, 22.48, 22.5, 22.5
2026-09-22, 02:21:51, 22.5, 22.61, 22.93, 23.0, 9999.0, 9999.0, 9999.0, 24.25, 9999.0, 22.73, 9999.0, 22.8, 22.64, 22.5, 22.5, 22.5
2026-09-22, 02:21:55, 22.5, 22.64, 22.95, 23.0, 9999.0, 9999.0, 9999.0, 24.2, 9999.0, 22.7, 9999.0, 22.82, 22.64, 22.48, 22.5, 22.5
2026-09-22, 02:21:59, 22.5, 22.66, 22.95, 23.0, 9999.0, 9999.0, 9999.0, 24.16, 9999.0, 22.66, 9999.0, 22.84, 22.64, 22.48, 22.5, 22.5
2026-09-22, 02:22:03, 22.5, 22.68, 22.98, 23.0, 9999.0, 9999.0, 9999.0, 24.11, 9999.0, 22.64, 9999.0, 22.86, 22.61, 22.48, 22.5, 22.5
2026-09-22, 02:22:07, 22.5, 22.7, 22.98, 23.0, 9999.0, 9999.0, 9999.0, 24.07, 9999.0, 22.64, 9999.0, 22.89, 22.64, 22.48, 22.5, 22.5
2026-09-22, 02:22:11, 22.5, 22.73, 22.98, 23.0, 9999.0, 9999.0, 9999.0, 24.02, 9999.0, 22.66, 9999.0, 22.91, 22.66, 22.48, 22.5, 22.5
2026-09-22, 02:22:15, 22.5, 22.7, 22.98, 23.0, 9999.0, 9999.0, 9999.0, 23.98, 9999.0, 22.7, 9999.0, 22.93, 22.66, 22.48, 22.5, 22.5
2026-09-22, 02:22:19, 22.5, 22.7, 22.98, 22.98, 9999.0, 9999.0, 9999.0, 23.93, 9999.0, 22.73, 9999.0, 22.95, 22.68, 22.48, 22.5, 22.5
2026-09-22, 02:22:23, 22.5, 22.7, 22.95, 22.98, 9999.0, 9999.0, 9999.0, 23.95, 9999.0, 22.75, 9999.0, 22.95, 22.68, 22.45, 22.5, 22.5
2026-09-22, 02:22:27, 22.5, 22.68, 22.95, 22.98, 9999.0, 9999.0, 9999.0, 24.0, 9999.0, 22.75, 9999.0, 22.93, 22.7, 22.45, 22.5, 22.5
2026-09-22, 02:22:31, 22.5, 22.68, 22.93, 22.98, 9999.0, 9999.0, 9999.0, 24.05, 9999.0, 22.8, 9999.0, 22.93, 22.73, 22.45, 22.5, 22.5
2026-09-22, 02:22:35, 22.5, 22.66, 22.93, 22.98, 9999.0, 9999.0, 9999.0, 24.07, 9999.0, 22.84, 9999.0, 22.91, 22.73, 22.45, 22.5, 22.5
2026-09-22, 02:22:39, 22.5, 22.66, 22.93, 22.98, 9999.0, 9999.0, 9999.0, 24.09, 9999.0, 22.86, 9999.0, 22.89, 22.7, 22.48, 22.5, 22.5
2026-09-22, 02:22:43, 22.5, 22.64, 22.93, 22.98, 9999.0, 9999.0, 9999.0, 24.11, 9999.0, 22.89, 9999.0, 22.86, 22.7, 22.48, 22.5, 22.5
2026-09-22, 02:22:47, 22.5, 22.64, 22.93, 22.98, 9999.0, 9999.0, 9999.0, 24.14, 9999.0, 22.89, 9999.0, 22.84, 22.7, 22.48, 22.5, 22.5
2026-09-22, 02:22:51, 22.5, 22.61, 22.93, 22.98, 9999.0, 9999.0, 9999.0, 24.18, 9999.0, 22.89, 9999.0, 22.82, 22.7, 22.45, 22.5, 22.5
2026-09-22, 02:22:55, 22.5, 22.59, 22.93, 22.98, 9999.0, 9999.0, 9999.0, 24.23, 9999.0, 22.86, 9999.0, 22.8, 22.68, 22.45, 22.5, 22.5
2026-09-22, 02:22:59, 22.5, 22.61, 22.91, 22.98, 9999.0, 9999.0, 9999.0, 24.25, 9999.0, 22.84, 9999.0, 22.8, 22.66, 22.45, 22.5, 22.5
2026-09-22, 02:23:03, 22.5, 22.61, 22.91, 22.98, 9999.0, 9999.0, 9999.0, 24.27, 9999.0, 22.82, 9999.0, 22.8, 22.64, 22.45, 22.5, 22.5
2026-09-22, 02:23:07, 22.5, 22.59, 22.93, 22.98, 9999.0, 9999.0, 9999.0, 24.23, 9999.0, 22.8, 9999.0, 22.82, 22.64, 22.48, 22.5, 22.5
2026-09-22, 02:23:11, 22.5, 22.61, 22.93, 22.98, 9999.0, 9999.0, 9999.0, 24.18, 9999.0, 22.8, 9999.0, 22.84, 22.64, 22.48, 22.5, 22.5
2026-09-22, 02:23:15, 22.5, 22.59, 22.95, 22.98, 9999.0, 9999.0, 9999.0, 24.14, 9999.0, 22.77, 9999.0, 22.86, 22.64, 22.48, 22.5, 22.5
2026-09-22, 02:23:19, 22.5, 22.59, 22.93, 22.95, 9999.0, 9999.0, 9999.0, 24.11, 9999.0, 22.75, 9999.0, 22.89, 22.61, 22.48, 22.5, 22.5
2026-09-22, 02:23:23, 22.5, 22.59, 22.91, 22.95, 9999.0, 9999.0, 9999.0, 24.09, 9999.0, 22.75, 9999.0, 22.91, 22.61, 22.45, 22.5, 22.5
2026-09-22, 02:23:27, 22.5, 22.61, 22.91, 22.95, 9999.0, 9999.0, 9999.0, 24.05, 9999.0, 22.75, 9999.0, 22.93, 22.61, 22.45, 22.5, 22.5
2026-09-22, 02:23:31, 22.5, 22.61, 22.91, 22.95, 9999.0, 9999.0, 9999.0, 24.0, 9999.0, 22.77, 9999.0, 22.95, 22.64, 22.45, 22.5, 22.5
2026-09-22, 02:23:35, 22.5, 22.61, 22.91, 22.95, 9999.0, 9999.0, 9999.0, 23.95, 9999.0, 22.8, 9999.0, 22.98, 22.64, 22.48, 22.5, 22.5
2026-09-22, 02:23:39, 22.5, 22.61, 22.91, 22.93, 9999.0, 9999.0, 9999.0, 23.98, 9999.0, 22.82, 9999.0, 23.0, 22.66, 22.48, 22.5, 22.5
2026-09-22, 02:23:44, 22.5, 22.61, 22.93, 22.93, 9999.0, 9999.0, 9999.0, 24.02, 9999.0, 22.84, 9999.0, 22.98, 22.66, 22.48, 22.48, 22.5
2026-09-22, 02:23:48, 22.5, 22.64, 22.93, 22.93, 9999.0, 9999.0, 9999.0, 24.07, 9999.0, 22.86, 9999.0, 22.95, 22.66, 22.48, 22.48, 22.5
2026-09-22, 02:23:52, 22.5, 22.66, 22.91, 22.93, 9999.0, 9999.0, 9999.0, 24.11, 9999.0, 22.89, 9999.0, 22.93, 22.66, 22.45, 22.48, 22.5
2026-09-22, 02:23:56, 22.5, 22.66, 22.89, 22.93, 9999.0, 9999.0, 9999.0, 24.14, 9999.0, 22.89, 9999.0, 22.91, 22.66, 22.45, 22.48, 22.5
2026-09-22, 02:24:00, 22.5, 22.68, 22.89, 22.93, 9999.0, 9999.0, 9999.0, 24.16, 9999.0, 22.89, 9999.0, 22.89, 22.64, 22.45, 22.45, 22.5
2026-09-22, 02:24:04, 22.5, 22.68, 22.91, 22.95, 9999.0, 9999.0, 9999.0, 24.18, 9999.0, 22.89, 9999.0, 22.86, 22.64, 22.45, 22.45, 22.5
2026-09-22, 02:24:08, 22.5, 22.66, 22.93, 22.95, 9999.0, 9999.0, 9999.0, 24.2, 9999.0, 22.89, 9999.0, 22.84, 22.64, 22.48, 22.45, 22.5
2026-09-22, 02:24:12, 22.5, 22.64, 22.93, 22.95, 9999.0, 9999.0, 9999.0, 24.25, 9999.0, 22.89, 9999.0, 22.82, 22.61, 22.48, 22.45, 22.5
2026-09-22, 02:24:16, 22.5, 22.61, 22.93, 22.95, 9999.0, 9999.0, 9999.0, 24.3, 9999.0, 22.86, 9999.0, 22.82, 22.59, 22.48, 22.45, 22.5
2026-09-22, 02:24:20, 22.5, 22.61, 22.95, 22.95, 9999.0, 9999.0, 9999.0, 24.32, 9999.0, 22.84, 9999.0, 22.82, 22.57, 22.48, 22.45, 22.5
2026-09-22, 02:24:24, 22.5, 22.61, 22.95, 22.98, 9999.0, 9999.0, 9999.0, 24.27, 9999.0, 22.82, 9999.0, 22.82, 22.55, 22.48, 22.45, 22.5
2026-09-22, 02:24:28, 22.5, 22.61, 22.95, 22.98, 9999.0, 9999.0, 9999.0, 24.23, 9999.0, 22.77, 9999.0, 22.84, 22.55, 22.48, 22.48, 22.5
2026-09-22, 02:24:32, 22.5, 22.59, 22.95, 23.0, 9999.0, 9999.0, 9999.0, 24.18, 9999.0, 22.75, 9999.0, 22.86, 22.57, 22.48, 22.48, 22.5
2026-09-22, 02:24:36, 22.5, 22.59, 22.98, 23.0, 9999.0, 9999.0, 9999.0, 24.14, 9999.0, 22.75, 9999.0, 22.89, 22.55, 22.5, 22.48, 22.5
2026-09-22, 02:24:40, 22.5, 22.59, 23.0, 22.98, 9999.0, 9999.0, 9999.0, 24.09, 9999.0, 22.75, 9999.0, 22.91, 22.55, 22.5, 22.48, 22.5
2026-09-22, 02:24:44, 22.5, 22.59, 23.0, 22.98, 9999.0, 9999.0, 9999.0, 24.05, 9999.0, 22.77, 9999.0, 22.93, 22.57, 22.5, 22.5, 22.5
2026-09-22, 02:24:48, 22.5, 22.61, 23.0, 22.98, 9999.0, 9999.0, 9999.0, 24.0, 9999.0, 22.8, 9999.0, 22.95, 22.59, 22.5, 22.5, 22.5
2026-09-22, 02:24:52, 22.5, 22.64, 23.0, 22.98, 9999.0, 9999.0, 9999.0, 23.95, 9999.0, 22.82, 9999.0, 22.98, 22.61, 22.5, 22.5, 22.5
2026-09-22, 02:24:56, 22.5, 22.66, 23.0, 22.98, 9999.0, 9999.0, 9999.0, 24.0, 9999.0, 22.84, 9999.0, 23.0, 22.64, 22.5, 22.5, 22.5
2026-09-22, 02:25:00, 22.5, 22.68, 23.0, 22.98, 9999.0, 9999.0, 9999.0, 24.02, 9999.0, 22.84, 9999.0, 23.0, 22.66, 22.5, 22.5, 22.5
2026-09-22, 02:25:04, 22.5, 22.68, 23.0, 22.95, 9999.0, 9999.0, 9999.0, 24.07, 9999.0, 22.84, 9999.0, 22.98, 22.68, 22.5, 22.48, 22.5
2026-09-22, 02:25:08, 22.5, 22.7, 23.0, 22.95, 9999.0, 9999.0, 9999.0, 24.11, 9999.0, 22.84, 9999.0, 22.95, 22.68, 22.5, 22.48, 22.5
2026-09-22, 02:25:12, 22.5, 22.7, 23.0, 22.93, 9999.0, 9999.0, 9999.0, 24.14, 9999.0, 22.86, 9999.0, 22.93, 22.68, 22.5, 22.48, 22.5
2026-09-22, 02:25:16, 22.5, 22.73, 23.0, 22.93, 9999.0, 9999.0, 9999.0, 24.16, 9999.0, 22.86, 9999.0, 22.91, 22.66, 22.5, 22.48, 22.5
2026-09-22, 02:25:20, 22.5, 22.7, 23.0, 22.91, 9999.0, 9999.0, 9999.0, 24.18, 9999.0, 22.84, 9999.0, 22.89, 22.66, 22.5, 22.48, 22.5
2026-09-22, 02:25:24, 22.5, 22.68, 23.0, 22.91, 9999.0, 9999.0, 9999.0, 24.23, 9999.0, 22.84, 9999.0, 22.86, 22.64, 22.48, 22.48, 22.5
2026-09-22, 02:25:28, 22.5, 22.66, 23.0, 22.91, 9999.0, 9999.0, 9999.0, 24.27, 9999.0, 22.82, 9999.0, 22.84, 22.61, 22.45, 22.48, 22.5
2026-09-22, 02:25:32, 22.5, 22.66, 23.0, 22.91, 9999.0, 9999.0, 9999.0, 24.32, 9999.0, 22.8, 9999.0, 22.84, 22.59, 22.45, 22.48, 22.5
2026-09-22, 02:25:36, 22.5, 22.64, 23.0, 22.91, 9999.0, 9999.0, 9999.0, 24.34, 9999.0, 22.75, 9999.0, 22.82, 22.57, 22.45, 22.48, 22.5
2026-09-22, 02:25:40, 22.5, 22.61, 23.0, 22.91, 9999.0, 9999.0, 9999.0, 24.27, 9999.0, 22.7, 9999.0, 22.82, 22.55, 22.45, 22.48, 22.5
2026-09-22, 02:25:44, 22.5, 22.61, 23.0, 22.91, 9999.0, 9999.0, 9999.0, 24.23, 9999.0, 22.68, 9999.0, 22.82, 22.52, 22.45, 22.48, 22.5
2026-09-22, 02:25:48, 22.5, 22.61, 23.0, 22.93, 9999.0, 9999.0, 9999.0, 24.18, 9999.0, 22.66, 9999.0, 22.84, 22.5, 22.45, 22.5, 22.5
2026-09-22, 02:25:52, 22.5, 22.59, 23.0, 22.93, 9999.0, 9999.0, 9999.0, 24.14, 9999.0, 22.66, 9999.0, 22.86, 22.52, 22.43, 22.5, 22.5
2026-09-22, 02:25:56, 22.5, 22.59, 23.0, 22.95, 9999.0, 9999.0, 9999.0, 24.09, 9999.0, 22.66, 9999.0, 22.89, 22.52, 22.43, 22.5, 22.5
2026-09-22, 02:26:00, 22.5, 22.59, 23.0, 22.95, 9999.0, 9999.0, 9999.0, 24.05, 9999.0, 22.66, 9999.0, 22.91, 22.55, 22.43, 22.5, 22.48
2026-09-22, 02:26:04, 22.5, 22.61, 23.0, 22.98, 9999.0, 9999.0, 9999.0, 24.0, 9999.0, 22.68, 9999.0, 22.93, 22.57, 22.43, 22.5, 22.48
2026-09-22, 02:26:08, 22.5, 22.61, 23.0, 23.0, 9999.0, 9999.0, 9999.0, 23.95, 9999.0, 22.7, 9999.0, 22.95, 22.59, 22.43, 22.5, 22.48
2026-09-22, 02:26:12, 22.5, 22.61, 23.0, 23.0, 9999.0, 9999.0, 9999.0, 23.98, 9999.0, 22.73, 9999.0, 22.95, 22.61, 22.45, 22.5, 22.48
2026-09-22, 02:26:16, 22.5, 22.61, 23.0, 23.0, 9999.0, 9999.0, 9999.0, 24.0, 9999.0, 22.73, 9999.0, 22.93, 22.64, 22.45, 22.5, 22.48
2026-09-22, 02:26:20, 22.5, 22.61, 23.0, 23.0, 9999.0, 9999.0, 9999.0, 24.05, 9999.0, 22.75, 9999.0, 22.93, 22.66, 22.43, 22.5, 22.48
2026-09-22, 02:26:24, 22.5, 22.61, 22.98, 23.0, 9999.0, 9999.0, 9999.0, 24.09, 9999.0, 22.77, 9999.0, 22.91, 22.68, 22.43, 22.5, 22.48
2026-09-22, 02:26:28, 22.5, 22.59, 22.98, 23.0, 9999.0, 9999.0, 9999.0, 24.11, 9999.0, 22.8, 9999.0, 22.89, 22.7, 22.43, 22.5, 22.48
2026-09-22, 02:26:32, 22.5, 22.61, 22.98, 23.0, 9999.0, 9999.0, 9999.0, 24.14, 9999.0, 22.8, 9999.0, 22.86, 22.73, 22.43, 22.5, 22.48
2026-09-22, 02:26:36, 22.5, 22.61, 22.98, 22.98, 9999.0, 9999.0, 9999.0, 24.16, 9999.0, 22.8, 9999.0, 22.84, 22.73, 22.45, 22.5, 22.48
2026-09-22, 02:26:40, 22.5, 22.61, 22.98, 22.98, 9999.0, 9999.0, 9999.0, 24.2, 9999.0, 22.77, 9999.0, 22.82, 22.75, 22.45, 22.5, 22.48
2026-09-22, 02:26:44, 22.5, 22.61, 22.98, 22.98, 9999.0, 9999.0, 9999.0, 24.25, 9999.0, 22.75, 9999.0, 22.8, 22.73, 22.45, 22.5, 22.5
2026-09-22, 02:26:48, 22.5, 22.61, 22.98, 22.95, 9999.0, 9999.0, 9999.0, 24.27, 9999.0, 22.7, 9999.0, 22.8, 22.7, 22.43, 22.5, 22.5
2026-09-22, 02:26:52, 22.5, 22.64, 22.98, 22.95, 9999.0, 9999.0, 9999.0, 24.3, 9999.0, 22.66, 9999.0, 22.8, 22.68, 22.45, 22.5, 22.5
2026-09-22, 02:26:56, 22.5, 22.64, 22.98, 22.95, 9999.0, 9999.0, 9999.0, 24.25, 9999.0, 22.61, 9999.0, 22.82, 22.68, 22.43, 22.5, 22.5
2026-09-22, 02:27:00, 22.5, 22.61, 22.98, 22.95, 9999.0, 9999.0, 9999.0, 24.2, 9999.0, 22.59, 9999.0, 22.84, 22.68, 22.43, 22.5, 22.5
2026-09-22, 02:27:04, 22.5, 22.61, 22.98, 22.95, 9999.0, 9999.0, 9999.0, 24.16, 9999.0, 22.57, 9999.0, 22.86, 22.66, 22.45, 22.5, 22.5
2026-09-22, 02:27:08, 22.5, 22.61, 23.0, 22.95, 9999.0, 9999.0, 9999.0, 24.09, 9999.0, 22.55, 9999.0, 22.89, 22.64, 22.45, 22.5, 22.5
2026-09-22, 02:27:12, 22.5, 22.61, 23.0, 22.93, 9999.0, 9999.0, 9999.0, 24.05, 9999.0, 22.55, 9999.0, 22.91, 22.64, 22.45, 22.5, 22.5
2026-09-22, 02:27:16, 22.5, 22.61, 23.0, 22.91, 9999.0, 9999.0, 9999.0, 24.0, 9999.0, 22.55, 9999.0, 22.93, 22.61, 22.43, 22.5, 22.5
2026-09-22, 02:27:20, 22.5, 22.61, 23.0, 22.93, 9999.0, 9999.0, 9999.0, 23.95, 9999.0, 22.55, 9999.0, 22.95, 22.61, 22.43, 22.5, 22.5
2026-09-22, 02:27:24, 22.5, 22.61, 23.0, 22.93, 9999.0, 9999.0, 9999.0, 23.91, 9999.0, 22.57, 9999.0, 22.95, 22.61, 22.43, 22.5, 22.5
2026-09-22, 02:27:28, 22.5, 22.59, 23.0, 22.93, 9999.0, 9999.0, 9999.0, 23.86, 9999.0, 22.59, 9999.0, 22.95, 22.64, 22.43, 22.5, 22.5
2026-09-22, 02:27:33, 22.5, 22.57, 23.0, 22.95, 9999.0, 9999.0, 9999.0, 23.91, 9999.0, 22.61, 9999.0, 22.95, 22.64, 22.45, 22.5, 22.5
2026-09-22, 02:27:37, 22.5, 22.55, 23.0, 22.95, 9999.0, 9999.0, 9999.0, 23.93, 9999.0, 22.64, 9999.0, 22.93, 22.66, 22.43, 22.5, 22.5
2026-09-22, 02:27:41, 22.5, 22.55, 23.0, 22.95, 9999.0, 9999.0, 9999.0, 23.95, 9999.0, 22.66, 9999.0, 22.91, 22.64, 22.43, 22.5, 22.5
2026-09-22, 02:27:45, 22.5, 22.55, 23.0, 22.95, 9999.0, 9999.0, 9999.0, 23.98, 9999.0, 22.66, 9999.0, 22.89, 22.61, 22.43, 22.5, 22.5
2026-09-22, 02:27:49, 22.5, 22.57, 23.0, 22.95, 9999.0, 9999.0, 9999.0, 24.0, 9999.0, 22.66, 9999.0, 22.86, 22.61, 22.43, 22.5, 22.5
2026-09-22, 02:27:53, 22.5, 22.57, 23.0, 22.95, 9999.0, 9999.0, 9999.0, 24.02, 9999.0, 22.66, 9999.0, 22.84, 22.64, 22.43, 22.5, 22.5
2026-09-22, 02:27:57, 22.5, 22.59, 23.0, 22.98, 9999.0, 9999.0, 9999.0, 24.05, 9999.0, 22.64, 9999.0, 22.82, 22.61, 22.43, 22.5, 22.5
2026-09-22, 02:28:01, 22.5, 22.57, 22.98, 23.0, 9999.0, 9999.0, 9999.0, 24.07, 9999.0, 22.61, 9999.0, 22.8, 22.61, 22.45, 22.5, 22.5
2026-09-22, 02:28:05, 22.5, 22.59, 22.98, 23.0, 9999.0, 9999.0, 9999.0, 24.11, 9999.0, 22.57, 9999.0, 22.77, 22.59, 22.45, 22.5, 22.5
2026-09-22, 02:28:09, 22.5, 22.59, 22.98, 22.98, 9999.0, 9999.0, 9999.0, 24.14, 9999.0, 22.52, 9999.0, 22.8, 22.57, 22.43, 22.5, 22.5
2026-09-22, 02:28:13, 22.5, 22.59, 22.98, 22.98, 9999.0, 9999.0, 9999.0, 24.16, 9999.0, 22.48, 9999.0, 22.8, 22.55, 22.43, 22.5, 22.5
2026-09-22, 02:28:17, 22.5, 22.59, 22.98, 22.98, 9999.0, 9999.0, 9999.0, 24.09, 9999.0, 22.43, 9999.0, 22.8, 22.57, 22.43, 22.5, 22.5
2026-09-22, 02:28:21, 22.5, 22.61, 22.98, 22.98, 9999.0, 9999.0, 9999.0, 24.05, 9999.0, 22.39, 9999.0, 22.82, 22.57, 22.43, 22.5, 22.5
2026-09-22, 02:28:25, 22.5, 22.61, 22.98, 22.98, 9999.0, 9999.0, 9999.0, 24.0, 9999.0, 22.32, 9999.0, 22.84, 22.59, 22.45, 22.5, 22.5
2026-09-22, 02:28:29, 22.5, 22.64, 22.98, 22.98, 9999.0, 9999.0, 9999.0, 23.95, 9999.0, 22.3, 9999.0, 22.86, 22.59, 22.45, 22.5, 22.5
2026-09-22, 02:28:33, 22.5, 22.64, 22.98, 22.98, 9999.0, 9999.0, 9999.0, 23.91, 9999.0, 22.27, 9999.0, 22.89, 22.59, 22.45, 22.5, 22.5
2026-09-22, 02:28:37, 22.5, 22.66, 22.98, 22.95, 9999.0, 9999.0, 9999.0, 23.89, 9999.0, 22.27, 9999.0, 22.91, 22.59, 22.45, 22.5, 22.5
2026-09-22, 02:28:41, 22.5, 22.64, 22.98, 22.95, 9999.0, 9999.0, 9999.0, 23.84, 9999.0, 22.27, 9999.0, 22.93, 22.61, 22.45, 22.5, 22.5
2026-09-22, 02:28:45, 22.5, 22.66, 23.0, 22.95, 9999.0, 9999.0, 9999.0, 23.8, 9999.0, 22.3, 9999.0, 22.93, 22.61, 22.45, 22.5, 22.5
2026-09-22, 02:28:49, 22.5, 22.64, 23.0, 22.93, 9999.0, 9999.0, 9999.0, 23.82, 9999.0, 22.32, 9999.0, 22.95, 22.64, 22.45, 22.5, 22.5
2026-09-22, 02:28:53, 22.5, 22.61, 23.0, 22.93, 9999.0, 9999.0, 9999.0, 23.84, 9999.0, 22.34, 9999.0, 22.95, 22.64, 22.45, 22.5, 22.5
2026-09-22, 02:28:57, 22.5, 22.61, 23.0, 22.93, 9999.0, 9999.0, 9999.0, 23.86, 9999.0, 22.36, 9999.0, 22.95, 22.66, 22.45, 22.5, 22.5
2026-09-22, 02:29:01, 22.5, 22.64, 23.0, 22.93, 9999.0, 9999.0, 9999.0, 23.91, 9999.0, 22.36, 9999.0, 22.93, 22.66, 22.45, 22.5, 22.5
2026-09-22, 02:29:05, 22.5, 22.61, 23.0, 22.93, 9999.0, 9999.0, 9999.0, 23.95, 9999.0, 22.36, 9999.0, 22.91, 22.66, 22.48, 22.5, 22.5
2026-09-22, 02:29:09, 22.5, 22.64, 23.0, 22.93, 9999.0, 9999.0, 9999.0, 23.98, 9999.0, 22.39, 9999.0, 22.89, 22.64, 22.48, 22.5, 22.5
2026-09-22, 02:29:13, 22.5, 22.64, 23.0, 22.93, 9999.0, 9999.0, 9999.0, 24.0, 9999.0, 22.39, 9999.0, 22.86, 22.64, 22.48, 22.5, 22.5
2026-09-22, 02:29:17, 22.5, 22.61, 23.0, 22.93, 9999.0, 9999.0, 9999.0, 24.02, 9999.0, 22.36, 9999.0, 22.84, 22.64, 22.48, 22.5, 22.5
2026-09-22, 02:29:21, 22.5, 22.59, 23.0, 22.95, 9999.0, 9999.0, 9999.0, 24.05, 9999.0, 22.32, 9999.0, 22.82, 22.61, 22.48, 22.5, 22.5
2026-09-22, 02:29:25, 22.5, 22.61, 22.98, 22.95, 9999.0, 9999.0, 9999.0, 24.09, 9999.0, 22.27, 9999.0, 22.82, 22.59, 22.48, 22.5, 22.5
2026-09-22, 02:29:29, 22.5, 22.61, 22.98, 22.95, 9999.0, 9999.0, 9999.0, 24.14, 9999.0, 22.25, 9999.0, 22.82, 22.59, 22.48, 22.5, 22.5
2026-09-22, 02:29:33, 22.5, 22.61, 22.98, 22.98, 9999.0, 9999.0, 9999.0, 24.07, 9999.0, 22.2, 9999.0, 22.82, 22.59, 22.48, 22.5, 22.5
2026-09-22, 02:29:37, 22.5, 22.64, 22.98, 23.0, 9999.0, 9999.0, 9999.0, 24.02, 9999.0, 22.16, 9999.0, 22.82, 22.59, 22.5, 22.5, 22.5
2026-09-22, 02:29:41, 22.5, 22.66, 22.98, 22.98, 9999.0, 9999.0, 9999.0, 23.98, 9999.0, 22.11, 9999.0, 22.84, 22.57, 22.5, 22.5, 22.5
2026-09-22, 02:29:45, 22.5, 22.64, 22.98, 22.98, 9999.0, 9999.0, 9999.0, 23.93, 9999.0, 22.11, 9999.0, 22.86, 22.55, 22.5, 22.5, 22.5
2026-09-22, 02:29:49, 22.5, 22.64, 22.98, 22.98, 9999.0, 9999.0, 9999.0, 23.89, 9999.0, 22.11, 9999.0, 22.89, 22.55, 22.5, 22.5, 22.5
2026-09-22, 02:29:53, 22.5, 22.64, 22.98, 22.98, 9999.0, 9999.0, 9999.0, 23.84, 9999.0, 22.11, 9999.0, 22.89, 22.57, 22.5, 22.5, 22.5
2026-09-22, 02:29:57, 22.5, 22.64, 22.98, 22.98, 9999.0, 9999.0, 9999.0, 23.8, 9999.0, 22.14, 9999.0, 22.91, 22.59, 22.5, 22.5, 22.5
2026-09-22, 02:30:01, 22.5, 22.64, 22.98, 22.98, 9999.0, 9999.0, 9999.0, 23.75, 9999.0, 22.18, 9999.0, 22.93, 22.61, 22.5, 22.5, 22.5
2026-09-22, 02:30:05, 22.5, 22.64, 22.98, 22.98, 9999.0, 9999.0, 9999.0, 23.77, 9999.0, 22.2, 9999.0, 22.95, 22.61, 22.48, 22.5, 22.48
2026-09-22, 02:30:09, 22.5, 22.64, 23.0, 22.98, 9999.0, 9999.0, 9999.0, 23.8, 9999.0, 22.23, 9999.0, 22.93, 22.64, 22.48, 22.5, 22.48
2026-09-22, 02:30:13, 22.5, 22.61, 23.0, 22.98, 9999.0, 9999.0, 9999.0, 23.82, 9999.0, 22.23, 9999.0, 22.95, 22.64, 22.48, 22.5, 22.48
2026-09-22, 02:30:17, 22.5, 22.61, 23.0, 22.98, 9999.0, 9999.0, 9999.0, 23.84, 9999.0, 22.25, 9999.0, 22.93, 22.61, 22.48, 22.5, 22.48
2026-09-22, 02:30:21, 22.5, 22.59, 23.0, 22.98, 9999.0, 9999.0, 9999.0, 23.86, 9999.0, 22.27, 9999.0, 22.91, 22.64, 22.48, 22.5, 22.48
2026-09-22, 02:30:25, 22.5, 22.59, 23.0, 23.0, 9999.0, 9999.0, 9999.0, 23.89, 9999.0, 22.27, 9999.0, 22.89, 22.66, 22.48, 22.5, 22.48
2026-09-22, 02:30:29, 22.5, 22.61, 23.0, 23.0, 9999.0, 9999.0, 9999.0, 23.91, 9999.0, 22.27, 9999.0, 22.86, 22.66, 22.48, 22.5, 22.48
2026-09-22, 02:30:33, 22.5, 22.61, 23.0, 23.0, 9999.0, 9999.0, 9999.0, 23.91, 9999.0, 22.25, 9999.0, 22.84, 22.64, 22.48, 22.5, 22.48
2026-09-22, 02:30:37, 22.5, 22.61, 23.0, 23.0, 9999.0, 9999.0, 9999.0, 23.95, 9999.0, 22.23, 9999.0, 22.84, 22.61, 22.48, 22.5, 22.48
2026-09-22, 02:30:41, 22.5, 22.61, 23.0, 23.0, 9999.0, 9999.0, 9999.0, 24.0, 9999.0, 22.18, 9999.0, 22.82, 22.61, 22.45, 22.5, 22.48
2026-09-22, 02:30:45, 22.5, 22.61, 22.98, 23.0, 9999.0, 9999.0, 9999.0, 24.02, 9999.0, 22.16, 9999.0, 22.82, 22.59, 22.45, 22.5, 22.48
2026-09-22, 02:30:49, 22.5, 22.61, 22.98, 23.0, 9999.0, 9999.0, 9999.0, 23.98, 9999.0, 22.16, 9999.0, 22.8, 22.61, 22.45, 22.5, 22.5
2026-09-22, 02:30:53, 22.5, 22.59, 22.98, 23.0, 9999.0, 9999.0, 9999.0, 23.93, 9999.0, 22.14, 9999.0, 22.82, 22.61, 22.43, 22.5, 22.5
2026-09-22, 02:30:57, 22.5, 22.59, 22.95, 23.0, 9999.0, 9999.0, 9999.0, 23.89, 9999.0, 22.14, 9999.0, 22.82, 22.64, 22.43, 22.5, 22.5
2026-09-22, 02:31:01, 22.5, 22.59, 22.95, 23.0, 9999.0, 9999.0, 9999.0, 23.86, 9999.0, 22.11, 9999.0, 22.84, 22.66, 22.43, 22.5, 22.5
2026-09-22, 02:31:05, 22.5, 22.61, 22.95, 23.0, 9999.0, 9999.0, 9999.0, 23.82, 9999.0, 22.11, 9999.0, 22.86, 22.64, 22.43, 22.5, 22.5
2026-09-22, 02:31:09, 22.5, 22.61, 22.95, 23.0, 9999.0, 9999.0, 9999.0, 23.77, 9999.0, 22.14, 9999.0, 22.89, 22.61, 22.43, 22.5, 22.5
2026-09-22, 02:31:13, 22.5, 22.59, 22.95, 23.0, 9999.0, 9999.0, 9999.0, 23.75, 9999.0, 22.14, 9999.0, 22.91, 22.64, 22.43, 22.5, 22.5
2026-09-22, 02:31:17, 22.5, 22.59, 22.95, 23.0, 9999.0, 9999.0, 9999.0, 23.73, 9999.0, 22.18, 9999.0, 22.93, 22.66, 22.43, 22.5, 22.5
2026-09-22, 02:31:22, 22.5, 22.57, 22.95, 23.0, 9999.0, 9999.0, 9999.0, 23.7, 9999.0, 22.23, 9999.0, 22.93, 22.68, 22.43, 22.5, 22.5
2026-09-22, 02:31:26, 22.5, 22.55, 22.95, 23.0, 9999.0, 9999.0, 9999.0, 23.73, 9999.0, 22.27, 9999.0, 22.93, 22.68, 22.45, 22.5, 22.5
2026-09-22, 02:31:30, 22.5, 22.57, 22.98, 23.0, 9999.0, 9999.0, 9999.0, 23.77, 9999.0, 22.27, 9999.0, 22.91, 22.68, 22.45, 22.5, 22.5
2026-09-22, 02:31:34, 22.5, 22.59, 22.98, 23.0, 9999.0, 9999.0, 9999.0, 23.82, 9999.0, 22.27, 9999.0, 22.91, 22.68, 22.48, 22.5, 22.5
2026-09-22, 02:31:38, 22.5, 22.61, 22.98, 23.0, 9999.0, 9999.0, 9999.0, 23.84, 9999.0, 22.3, 9999.0, 22.89, 22.66, 22.5, 22.5, 22.5
2026-09-22, 02:31:42, 22.5, 22.64, 23.0, 23.0, 9999.0, 9999.0, 9999.0, 23.86, 9999.0, 22.3, 9999.0, 22.86, 22.64, 22.5, 22.5, 22.5
2026-09-22, 02:31:46, 22.5, 22.66, 23.0, 23.0, 9999.0, 9999.0, 9999.0, 23.89, 9999.0, 22.32, 9999.0, 22.84, 22.64, 22.5, 22.5, 22.5
2026-09-22, 02:31:50, 22.5, 22.64, 23.0, 23.0, 9999.0, 9999.0, 9999.0, 23.91, 9999.0, 22.32, 9999.0, 22.82, 22.66, 22.5, 22.5, 22.5
2026-09-22, 02:31:54, 22.5, 22.64, 23.0, 23.0, 9999.0, 9999.0, 9999.0, 23.95, 9999.0, 22.32, 9999.0, 22.8, 22.66, 22.5, 22.5, 22.5
2026-09-22, 02:31:58, 22.5, 22.64, 23.0, 23.0, 9999.0, 9999.0, 9999.0, 23.98, 9999.0, 22.3, 9999.0, 22.77, 22.64, 22.5, 22.5, 22.5
2026-09-22, 02:32:02, 22.5, 22.64, 23.0, 23.0, 9999.0, 9999.0, 9999.0, 24.0, 9999.0, 22.25, 9999.0, 22.77, 22.61, 22.5, 22.5, 22.5
2026-09-22, 02:32:06, 22.5, 22.64, 23.0, 23.0, 9999.0, 9999.0, 9999.0, 24.0, 9999.0, 22.23, 9999.0, 22.8, 22.61, 22.5, 22.5, 22.5
2026-09-22, 02:32:10, 22.5, 22.64, 23.0, 23.0, 9999.0, 9999.0, 9999.0, 23.95, 9999.0, 22.2, 9999.0, 22.82, 22.61, 22.5, 22.5, 22.5
2026-09-22, 02:32:14, 22.5, 22.61, 23.0, 23.0, 9999.0, 9999.0, 9999.0, 23.91, 9999.0, 22.2, 9999.0, 22.84, 22.64, 22.5, 22.5, 22.5
2026-09-22, 02:32:18, 22.5, 22.59, 23.0, 23.0, 9999.0, 9999.0, 9999.0, 23.86, 9999.0, 22.18, 9999.0, 22.86, 22.64, 22.5, 22.5, 22.5
2026-09-22, 02:32:22, 22.5, 22.57, 23.0, 23.0, 9999.0, 9999.0, 9999.0, 23.84, 9999.0, 22.18, 9999.0, 22.89, 22.66, 22.5, 22.5, 22.5
2026-09-22, 02:32:26, 22.5, 22.57, 23.0, 23.0, 9999.0, 9999.0, 9999.0, 23.82, 9999.0, 22.18, 9999.0, 22.91, 22.68, 22.5, 22.5, 22.5
2026-09-22, 02:32:30, 22.5, 22.55, 23.0, 23.0, 9999.0, 9999.0, 9999.0, 23.8, 9999.0, 22.18, 9999.0, 22.93, 22.68, 22.5, 22.5, 22.5
2026-09-22, 02:32:34, 22.5, 22.57, 23.0, 23.0, 9999.0, 9999.0, 9999.0, 23.77, 9999.0, 22.2, 9999.0, 22.95, 22.68, 22.5, 22.5, 22.5
2026-09-22, 02:32:38, 22.5, 22.55, 23.0, 23.0, 9999.0, 9999.0, 9999.0, 23.73, 9999.0, 22.23, 9999.0, 22.98, 22.7, 22.5, 22.5, 22.5
2026-09-22, 02:32:42, 22.5, 22.55, 23.0, 23.0, 9999.0, 9999.0, 9999.0, 23.75, 9999.0, 22.25, 9999.0, 22.98, 22.73, 22.5, 22.5, 22.5
2026-09-22, 02:32:46, 22.5, 22.55, 23.0, 23.0, 9999.0, 9999.0, 9999.0, 23.8, 9999.0, 22.27, 9999.0, 22.95, 22.75, 22.5, 22.5, 22.5
2026-09-22, 02:32:50, 22.5, 22.57, 23.0, 23.0, 9999.0, 9999.0, 9999.0, 23.84, 9999.0, 22.27, 9999.0, 22.93, 22.75, 22.5, 22.5, 22.5
2026-09-22, 02:32:54, 22.5, 22.59, 23.0, 23.0, 9999.0, 9999.0, 9999.0, 23.89, 9999.0, 22.27, 9999.0, 22.91, 22.75, 22.5, 22.5, 22.5
2026-09-22, 02:32:58, 22.5, 22.61, 23.0, 23.0, 9999.0, 9999.0, 9999.0, 23.91, 9999.0, 22.27, 9999.0, 22.89, 22.75, 22.48, 22.5, 22.5
2026-09-22, 02:33:02, 22.5, 22.61, 23.0, 23.0, 9999.0, 9999.0, 9999.0, 23.93, 9999.0, 22.3, 9999.0, 22.86, 22.75, 22.48, 22.5, 22.5
2026-09-22, 02:33:06, 22.5, 22.61, 23.0, 23.0, 9999.0, 9999.0, 9999.0, 23.95, 9999.0, 22.3, 9999.0, 22.84, 22.73, 22.48, 22.5, 22.5
2026-09-22, 02:33:10, 22.5, 22.61, 23.0, 23.0, 9999.0, 9999.0, 9999.0, 23.95, 9999.0, 22.3, 9999.0, 22.82, 22.7, 22.48, 22.5, 22.5
2026-09-22, 02:33:14, 22.5, 22.61, 23.0, 23.0, 9999.0, 9999.0, 9999.0, 23.98, 9999.0, 22.3, 9999.0, 22.8, 22.68, 22.48, 22.5, 22.5
2026-09-22, 02:33:18, 22.5, 22.59, 23.0, 23.0, 9999.0, 9999.0, 9999.0, 24.02, 9999.0, 22.27, 9999.0, 22.8, 22.68, 22.48, 22.5, 22.5
2026-09-22, 02:33:22, 22.5, 22.61, 23.0, 23.0, 9999.0, 9999.0, 9999.0, 24.05, 9999.0, 22.23, 9999.0, 22.8, 22.66, 22.48, 22.5, 22.5
2026-09-22, 02:33:26, 22.5, 22.61, 23.0, 23.0, 9999.0, 9999.0, 9999.0, 24.0, 9999.0, 22.2, 9999.0, 22.82, 22.64, 22.48, 22.5, 22.5
2026-09-22, 02:33:30, 22.5, 22.61, 23.0, 23.0, 9999.0, 9999.0, 9999.0, 23.95, 9999.0, 22.18, 9999.0, 22.84, 22.64, 22.48, 22.5, 22.5
2026-09-22, 02:33:34, 22.5, 22.61, 23.0, 23.0, 9999.0, 9999.0, 9999.0, 23.91, 9999.0, 22.16, 9999.0, 22.86, 22.64, 22.48, 22.5, 22.5
2026-09-22, 02:33:38, 22.5, 22.61, 23.0, 22.98, 9999.0, 9999.0, 9999.0, 23.84, 9999.0, 22.14, 9999.0, 22.89, 22.61, 22.48, 22.5, 22.5
2026-09-22, 02:33:42, 22.5, 22.61, 23.0, 22.98, 9999.0, 9999.0, 9999.0, 23.8, 9999.0, 22.14, 9999.0, 22.91, 22.61, 22.5, 22.5, 22.5
2026-09-22, 02:33:46, 22.5, 22.64, 23.0, 22.98, 9999.0, 9999.0, 9999.0, 23.75, 9999.0, 22.14, 9999.0, 22.93, 22.61, 22.48, 22.5, 22.5
2026-09-22, 02:33:50, 22.5, 22.66, 23.0, 22.98, 9999.0, 9999.0, 9999.0, 23.7, 9999.0, 22.16, 9999.0, 22.95, 22.64, 22.48, 22.5, 22.5
2026-09-22, 02:33:54, 22.5, 22.66, 23.0, 22.98, 9999.0, 9999.0, 9999.0, 23.68, 9999.0, 22.18, 9999.0, 22.98, 22.66, 22.48, 22.5, 22.5
2026-09-22, 02:33:58, 22.5, 22.66, 23.0, 22.98, 9999.0, 9999.0, 9999.0, 23.64, 9999.0, 22.2, 9999.0, 23.0, 22.68, 22.48, 22.5, 22.5
2026-09-22, 02:34:02, 22.5, 22.66, 23.0, 22.98, 9999.0, 9999.0, 9999.0, 23.66, 9999.0, 22.23, 9999.0, 23.0, 22.68, 22.48, 22.5, 22.5
2026-09-22, 02:34:06, 22.5, 22.64, 23.0, 22.98, 9999.0, 9999.0, 9999.0, 23.7, 9999.0, 22.27, 9999.0, 23.0, 22.7, 22.45, 22.5, 22.5
2026-09-22, 02:34:10, 22.5, 22.64, 23.0, 22.95, 9999.0, 9999.0, 9999.0, 23.75, 9999.0, 22.32, 9999.0, 22.98, 22.7, 22.45, 22.5, 22.5
2026-09-22, 02:34:14, 22.5, 22.64, 23.0, 22.95, 9999.0, 9999.0, 9999.0, 23.8, 9999.0, 22.34, 9999.0, 22.95, 22.7, 22.45, 22.5, 22.5
2026-09-22, 02:34:18, 22.5, 22.64, 23.0, 22.95, 9999.0, 9999.0, 9999.0, 23.82, 9999.0, 22.36, 9999.0, 22.93, 22.68, 22.45, 22.5, 22.5
2026-09-22, 02:34:22, 22.5, 22.61, 22.98, 22.95, 9999.0, 9999.0, 9999.0, 23.86, 9999.0, 22.39, 9999.0, 22.91, 22.68, 22.45, 22.5, 22.5
2026-09-22, 02:34:26, 22.5, 22.59, 22.98, 22.95, 9999.0, 9999.0, 9999.0, 23.91, 9999.0, 22.39, 9999.0, 22.89, 22.66, 22.45, 22.5, 22.5
2026-09-22, 02:34:30, 22.5, 22.57, 22.98, 22.95, 9999.0, 9999.0, 9999.0, 23.95, 9999.0, 22.39, 9999.0, 22.86, 22.66, 22.48, 22.5, 22.5
2026-09-22, 02:34:34, 22.5, 22.57, 22.98, 22.95, 9999.0, 9999.0, 9999.0, 24.0, 9999.0, 22.36, 9999.0, 22.84, 22.66, 22.48, 22.5, 22.5
2026-09-22, 02:34:38, 22.5, 22.57, 22.95, 22.93, 9999.0, 9999.0, 9999.0, 24.05, 9999.0, 22.34, 9999.0, 22.84, 22.66, 22.45, 22.5, 22.5
2026-09-22, 02:34:42, 22.5, 22.57, 22.95, 22.91, 9999.0, 9999.0, 9999.0, 24.09, 9999.0, 22.32, 9999.0, 22.82, 22.66, 22.43, 22.5, 22.5
2026-09-22, 02:34:46, 22.5, 22.57, 22.95, 22.91, 9999.0, 9999.0, 9999.0, 24.05, 9999.0, 22.3, 9999.0, 22.82, 22.64, 22.43, 22.5, 22.5
2026-09-22, 02:34:50, 22.5, 22.57, 22.95, 22.91, 9999.0, 9999.0, 9999.0, 24.0, 9999.0, 22.27, 9999.0, 22.82, 22.64, 22.45, 22.5, 22.5
2026-09-22, 02:34:54, 22.5, 22.57, 22.95, 22.93, 9999.0, 9999.0, 9999.0, 23.95, 9999.0, 22.25, 9999.0, 22.84, 22.66, 22.45, 22.5, 22.5
2026-09-22, 02:34:58, 22.5, 22.57, 22.95, 22.93, 9999.0, 9999.0, 9999.0, 23.91, 9999.0, 22.27, 9999.0, 22.86, 22.66, 22.45, 22.5, 22.5
2026-09-22, 02:35:02, 22.5, 22.55, 22.93, 22.93, 9999.0, 9999.0, 9999.0, 23.89, 9999.0, 22.27, 9999.0, 22.86, 22.68, 22.45, 22.5, 22.5
2026-09-22, 02:35:06, 22.5, 22.57, 22.95, 22.95, 9999.0, 9999.0, 9999.0, 23.84, 9999.0, 22.3, 9999.0, 22.89, 22.7, 22.45, 22.5, 22.5
2026-09-22, 02:35:10, 22.5, 22.59, 22.95, 22.95, 9999.0, 9999.0, 9999.0, 23.8, 9999.0, 22.32, 9999.0, 22.91, 22.73, 22.45, 22.5, 22.5
2026-09-22, 02:35:14, 22.5, 22.61, 22.95, 22.95, 9999.0, 9999.0, 9999.0, 23.75, 9999.0, 22.34, 9999.0, 22.93, 22.73, 22.45, 22.5, 22.5
2026-09-22, 02:35:19, 22.5, 22.61, 22.95, 22.95, 9999.0, 9999.0, 9999.0, 23.77, 9999.0, 22.36, 9999.0, 22.95, 22.73, 22.45, 22.5, 22.5
2026-09-22, 02:35:23, 22.5, 22.61, 22.98, 22.98, 9999.0, 9999.0, 9999.0, 23.8, 9999.0, 22.39, 9999.0, 22.93, 22.73, 22.48, 22.5, 22.5
2026-09-22, 02:35:27, 22.5, 22.61, 22.98, 22.98, 9999.0, 9999.0, 9999.0, 23.82, 9999.0, 22.41, 9999.0, 22.95, 22.73, 22.5, 22.5, 22.5
2026-09-22, 02:35:31, 22.5, 22.64, 22.98, 22.98, 9999.0, 9999.0, 9999.0, 23.84, 9999.0, 22.43, 9999.0, 22.93, 22.75, 22.5, 22.5, 22.5
2026-09-22, 02:35:35, 22.5, 22.64, 22.98, 22.98, 9999.0, 9999.0, 9999.0, 23.86, 9999.0, 22.45, 9999.0, 22.91, 22.75, 22.48, 22.5, 22.5
2026-09-22, 02:35:39, 22.5, 22.64, 22.98, 22.98, 9999.0, 9999.0, 9999.0, 23.89, 9999.0, 22.45, 9999.0, 22.89, 22.75, 22.48, 22.5, 22.5
2026-09-22, 02:35:43, 22.5, 22.66, 22.98, 22.95, 9999.0, 9999.0, 9999.0, 23.91, 9999.0, 22.43, 9999.0, 22.86, 22.73, 22.48, 22.5, 22.5
2026-09-22, 02:35:47, 22.5, 22.66, 23.0, 22.95, 9999.0, 9999.0, 9999.0, 23.93, 9999.0, 22.43, 9999.0, 22.86, 22.7, 22.48, 22.5, 22.5
2026-09-22, 02:35:51, 22.5, 22.66, 23.0, 22.95, 9999.0, 9999.0, 9999.0, 23.98, 9999.0, 22.41, 9999.0, 22.84, 22.68, 22.48, 22.5, 22.5
2026-09-22, 02:35:55, 22.5, 22.64, 23.0, 22.95, 9999.0, 9999.0, 9999.0, 24.02, 9999.0, 22.39, 9999.0, 22.84, 22.68, 22.48, 22.5, 22.5
2026-09-22, 02:35:59, 22.5, 22.64, 22.98, 22.95, 9999.0, 9999.0, 9999.0, 24.07, 9999.0, 22.36, 9999.0, 22.84, 22.66, 22.48, 22.5, 22.5
2026-09-22, 02:36:03, 22.5, 22.61, 22.95, 22.95, 9999.0, 9999.0, 9999.0, 24.02, 9999.0, 22.34, 9999.0, 22.84, 22.66, 22.48, 22.5, 22.5
2026-09-22, 02:36:07, 22.5, 22.59, 22.95, 22.95, 9999.0, 9999.0, 9999.0, 23.98, 9999.0, 22.32, 9999.0, 22.86, 22.66, 22.48, 22.5, 22.5
2026-09-22, 02:36:11, 22.5, 22.59, 22.95, 22.98, 9999.0, 9999.0, 9999.0, 23.93, 9999.0, 22.3, 9999.0, 22.86, 22.66, 22.48, 22.5, 22.5
2026-09-22, 02:36:15, 22.5, 22.59, 22.95, 22.98, 9999.0, 9999.0, 9999.0, 23.91, 9999.0, 22.3, 9999.0, 22.89, 22.66, 22.48, 22.5, 22.5
2026-09-22, 02:36:19, 22.5, 22.61, 22.95, 22.95, 9999.0, 9999.0, 9999.0, 23.89, 9999.0, 22.3, 9999.0, 22.91, 22.64, 22.5, 22.5, 22.5
2026-09-22, 02:36:23, 22.5, 22.61, 22.93, 22.93, 9999.0, 9999.0, 9999.0, 23.86, 9999.0, 22.32, 9999.0, 22.93, 22.64, 22.5, 22.5, 22.5
2026-09-22, 02:36:27, 22.5, 22.59, 22.93, 22.93, 9999.0, 9999.0, 9999.0, 23.84, 9999.0, 22.36, 9999.0, 22.95, 22.64, 22.48, 22.5, 22.5
2026-09-22, 02:36:31, 22.5, 22.59, 22.91, 22.93, 9999.0, 9999.0, 9999.0, 23.8, 9999.0, 22.41, 9999.0, 22.98, 22.66, 22.48, 22.5, 22.5
2026-09-22, 02:36:35, 22.5, 22.57, 22.91, 22.93, 9999.0, 9999.0, 9999.0, 23.84, 9999.0, 22.43, 9999.0, 23.0, 22.68, 22.48, 22.5, 22.5
2026-09-22, 02:36:39, 22.5, 22.57, 22.91, 22.91, 9999.0, 9999.0, 9999.0, 23.86, 9999.0, 22.45, 9999.0, 23.0, 22.68, 22.48, 22.5, 22.5
2026-09-22, 02:36:43, 22.5, 22.55, 22.93, 22.91, 9999.0, 9999.0, 9999.0, 23.89, 9999.0, 22.48, 9999.0, 22.98, 22.7, 22.48, 22.5, 22.5
2026-09-22, 02:36:47, 22.5, 22.57, 22.95, 22.91, 9999.0, 9999.0, 9999.0, 23.93, 9999.0, 22.5, 9999.0, 22.95, 22.68, 22.48, 22.5, 22.5
2026-09-22, 02:36:51, 22.5, 22.59, 22.95, 22.91, 9999.0, 9999.0, 9999.0, 23.95, 9999.0, 22.52, 9999.0, 22.93, 22.66, 22.45, 22.5, 22.5
2026-09-22, 02:36:55, 22.5, 22.59, 22.95, 22.91, 9999.0, 9999.0, 9999.0, 23.98, 9999.0, 22.55, 9999.0, 22.91, 22.66, 22.45, 22.5, 22.5
2026-09-22, 02:36:59, 22.5, 22.57, 22.95, 22.91, 9999.0, 9999.0, 9999.0, 24.0, 9999.0, 22.55, 9999.0, 22.89, 22.66, 22.45, 22.5, 22.5
2026-09-22, 02:37:03, 22.5, 22.55, 22.95, 22.93, 9999.0, 9999.0, 9999.0, 24.02, 9999.0, 22.52, 9999.0, 22.86, 22.68, 22.45, 22.5, 22.5
2026-09-22, 02:37:07, 22.5, 22.55, 22.98, 22.95, 9999.0, 9999.0, 9999.0, 24.05, 9999.0, 22.52, 9999.0, 22.84, 22.68, 22.43, 22.5, 22.5
2026-09-22, 02:37:11, 22.5, 22.57, 22.95, 22.98, 9999.0, 9999.0, 9999.0, 24.07, 9999.0, 22.5, 9999.0, 22.84, 22.68, 22.45, 22.5, 22.5
2026-09-22, 02:37:15, 22.5, 22.57, 22.98, 22.98, 9999.0, 9999.0, 9999.0, 24.11, 9999.0, 22.48, 9999.0, 22.84, 22.66, 22.45, 22.5, 22.5
2026-09-22, 02:37:19, 22.5, 22.57, 22.98, 22.98, 9999.0, 9999.0, 9999.0, 24.05, 9999.0, 22.45, 9999.0, 22.84, 22.64, 22.45, 22.5, 22.5
2026-09-22, 02:37:23, 22.5, 22.57, 22.98, 23.0, 9999.0, 9999.0, 9999.0, 24.0, 9999.0, 22.45, 9999.0, 22.84, 22.64, 22.45, 22.5, 22.5
2026-09-22, 02:37:27, 22.5, 22.59, 22.95, 22.98, 9999.0, 9999.0, 9999.0, 23.95, 9999.0, 22.43, 9999.0, 22.86, 22.64, 22.43, 22.5, 22.5
2026-09-22, 02:37:31, 22.5, 22.57, 22.95, 22.95, 9999.0, 9999.0, 9999.0, 23.91, 9999.0, 22.43, 9999.0, 22.89, 22.66, 22.43, 22.5, 22.5
2026-09-22, 02:37:35, 22.5, 22.57, 22.95, 22.95, 9999.0, 9999.0, 9999.0, 23.89, 9999.0, 22.43, 9999.0, 22.91, 22.66, 22.45, 22.5, 22.5
2026-09-22, 02:37:39, 22.5, 22.57, 22.95, 22.95, 9999.0, 9999.0, 9999.0, 23.86, 9999.0, 22.43, 9999.0, 22.93, 22.66, 22.45, 22.5, 22.5
2026-09-22, 02:37:43, 22.5, 22.57, 22.95, 22.93, 9999.0, 9999.0, 9999.0, 23.84, 9999.0, 22.45, 9999.0, 22.95, 22.66, 22.45, 22.5, 22.5
2026-09-22, 02:37:47, 22.5, 22.57, 22.95, 22.93, 9999.0, 9999.0, 9999.0, 23.82, 9999.0, 22.5, 9999.0, 22.98, 22.66, 22.45, 22.5, 22.5
2026-09-22, 02:37:51, 22.5, 22.57, 22.95, 22.93, 9999.0, 9999.0, 9999.0, 23.86, 9999.0, 22.52, 9999.0, 23.0, 22.66, 22.48, 22.5, 22.5
2026-09-22, 02:37:55, 22.5, 22.55, 22.95, 22.93, 9999.0, 9999.0, 9999.0, 23.89, 9999.0, 22.55, 9999.0, 23.0, 22.68, 22.48, 22.5, 22.5
2026-09-22, 02:37:59, 22.5, 22.57, 22.95, 22.93, 9999.0, 9999.0, 9999.0, 23.91, 9999.0, 22.55, 9999.0, 22.98, 22.7, 22.48, 22.48, 22.5
2026-09-22, 02:38:03, 22.5, 22.57, 22.95, 22.93, 9999.0, 9999.0, 9999.0, 23.95, 9999.0, 22.57, 9999.0, 22.95, 22.7, 22.48, 22.48, 22.5
2026-09-22, 02:38:07, 22.5, 22.57, 22.95, 22.93, 9999.0, 9999.0, 9999.0, 23.98, 9999.0, 22.57, 9999.0, 22.93, 22.7, 22.48, 22.48, 22.5
2026-09-22, 02:38:11, 22.5, 22.55, 22.98, 22.95, 9999.0, 9999.0, 9999.0, 24.0, 9999.0, 22.59, 9999.0, 22.91, 22.68, 22.5, 22.48, 22.5
2026-09-22, 02:38:15, 22.5, 22.55, 22.98, 22.95, 9999.0, 9999.0, 9999.0, 24.05, 9999.0, 22.59, 9999.0, 22.89, 22.66, 22.5, 22.48, 22.5
2026-09-22, 02:38:19, 22.5, 22.52, 22.98, 22.93, 9999.0, 9999.0, 9999.0, 24.07, 9999.0, 22.59, 9999.0, 22.86, 22.68, 22.5, 22.48, 22.5
2026-09-22, 02:38:23, 22.5, 22.52, 22.95, 22.93, 9999.0, 9999.0, 9999.0, 24.09, 9999.0, 22.59, 9999.0, 22.84, 22.68, 22.5, 22.48, 22.5
2026-09-22, 02:38:27, 22.5, 22.55, 22.95, 22.93, 9999.0, 9999.0, 9999.0, 24.11, 9999.0, 22.57, 9999.0, 22.82, 22.68, 22.5, 22.48, 22.5
2026-09-22, 02:38:31, 22.5, 22.55, 22.93, 22.93, 9999.0, 9999.0, 9999.0, 24.14, 9999.0, 22.55, 9999.0, 22.82, 22.68, 22.5, 22.48, 22.5
2026-09-22, 02:38:35, 22.5, 22.57, 22.91, 22.93, 9999.0, 9999.0, 9999.0, 24.09, 9999.0, 22.52, 9999.0, 22.82, 22.68, 22.5, 22.48, 22.5
2026-09-22, 02:38:39, 22.5, 22.57, 22.93, 22.93, 9999.0, 9999.0, 9999.0, 24.07, 9999.0, 22.5, 9999.0, 22.82, 22.68, 22.5, 22.48, 22.5
2026-09-22, 02:38:43, 22.5, 22.57, 22.93, 22.93, 9999.0, 9999.0, 9999.0, 24.05, 9999.0, 22.5, 9999.0, 22.84, 22.66, 22.5, 22.5, 22.5
2026-09-22, 02:38:47, 22.5, 22.59, 22.91, 22.93, 9999.0, 9999.0, 9999.0, 24.0, 9999.0, 22.5, 9999.0, 22.86, 22.68, 22.5, 22.5, 22.5
2026-09-22, 02:38:51, 22.5, 22.59, 22.91, 22.91, 9999.0, 9999.0, 9999.0, 23.98, 9999.0, 22.5, 9999.0, 22.89, 22.66, 22.5, 22.5, 22.5
2026-09-22, 02:38:55, 22.5, 22.59, 22.91, 22.91, 9999.0, 9999.0, 9999.0, 23.95, 9999.0, 22.5, 9999.0, 22.91, 22.68, 22.5, 22.5, 22.5
2026-09-22, 02:38:59, 22.5, 22.59, 22.91, 22.91, 9999.0, 9999.0, 9999.0, 23.91, 9999.0, 22.52, 9999.0, 22.93, 22.7, 22.5, 22.5, 22.5
2026-09-22, 02:39:03, 22.5, 22.59, 22.91, 22.93, 9999.0, 9999.0, 9999.0, 23.89, 9999.0, 22.55, 9999.0, 22.95, 22.7, 22.5, 22.5, 22.5
2026-09-22, 02:39:08, 22.5, 22.61, 22.93, 22.93, 9999.0, 9999.0, 9999.0, 23.84, 9999.0, 22.57, 9999.0, 22.98, 22.7, 22.5, 22.5, 22.5
2026-09-22, 02:39:12, 22.5, 22.61, 22.93, 22.95, 9999.0, 9999.0, 9999.0, 23.89, 9999.0, 22.59, 9999.0, 23.0, 22.7, 22.5, 22.5, 22.5
2026-09-22, 02:39:16, 22.5, 22.61, 22.95, 22.93, 9999.0, 9999.0, 9999.0, 23.93, 9999.0, 22.61, 9999.0, 23.0, 22.7, 22.5, 22.5, 22.5
2026-09-22, 02:39:20, 22.5, 22.59, 22.98, 22.93, 9999.0, 9999.0, 9999.0, 23.95, 9999.0, 22.64, 9999.0, 22.98, 22.68, 22.48, 22.5, 22.5
2026-09-22, 02:39:24, 22.5, 22.59, 22.95, 22.93, 9999.0, 9999.0, 9999.0, 23.98, 9999.0, 22.66, 9999.0, 22.95, 22.68, 22.48, 22.5, 22.5
2026-09-22, 02:39:28, 22.48, 22.59, 22.95, 22.93, 9999.0, 9999.0, 9999.0, 24.0, 9999.0, 22.68, 9999.0, 22.93, 22.68, 22.48, 22.5, 22.5
2026-09-22, 02:39:32, 22.48, 22.57, 22.98, 22.93, 9999.0, 9999.0, 9999.0, 24.05, 9999.0, 22.7, 9999.0, 22.91, 22.66, 22.48, 22.5, 22.5
2026-09-22, 02:39:36, 22.48, 22.57, 22.98, 22.95, 9999.0, 9999.0, 9999.0, 24.07, 9999.0, 22.7, 9999.0, 22.89, 22.68, 22.48, 22.5, 22.5
2026-09-22, 02:39:40, 22.48, 22.59, 22.98, 22.95, 9999.0, 9999.0, 9999.0, 24.11, 9999.0, 22.7, 9999.0, 22.86, 22.66, 22.48, 22.5, 22.5
2026-09-22, 02:39:44, 22.48, 22.61, 22.95, 22.98, 9999.0, 9999.0, 9999.0, 24.16, 9999.0, 22.68, 9999.0, 22.84, 22.64, 22.48, 22.5, 22.5
2026-09-22, 02:39:48, 22.48, 22.61, 22.95, 22.98, 9999.0, 9999.0, 9999.0, 24.18, 9999.0, 22.66, 9999.0, 22.84, 22.64, 22.45, 22.5, 22.5
2026-09-22, 02:39:52, 22.48, 22.61, 22.95, 22.98, 9999.0, 9999.0, 9999.0, 24.23, 9999.0, 22.64, 9999.0, 22.82, 22.61, 22.43, 22.5, 22.5
2026-09-22, 02:39:56, 22.48, 22.59, 22.93, 22.98, 9999.0, 9999.0, 9999.0, 24.18, 9999.0, 22.61, 9999.0, 22.82, 22.61, 22.41, 22.5, 22.5
2026-09-22, 02:40:00, 22.48, 22.61, 22.93, 23.0, 9999.0, 9999.0, 9999.0, 24.14, 9999.0, 22.59, 9999.0, 22.82, 22.61, 22.41, 22.5, 22.5
2026-09-22, 02:40:04, 22.48, 22.64, 22.91, 23.0, 9999.0, 9999.0, 9999.0, 24.11, 9999.0, 22.57, 9999.0, 22.84, 22.64, 22.43, 22.5, 22.5
2026-09-22, 02:40:08, 22.48, 22.64, 22.91, 23.0, 9999.0, 9999.0, 9999.0, 24.09, 9999.0, 22.57, 9999.0, 22.86, 22.64, 22.43, 22.5, 22.5
2026-09-22, 02:40:12, 22.5, 22.61, 22.89, 23.0, 9999.0, 9999.0, 9999.0, 24.07, 9999.0, 22.57, 9999.0, 22.89, 22.66, 22.41, 22.5, 22.5
2026-09-22, 02:40:16, 22.5, 22.61, 22.89, 23.0, 9999.0, 9999.0, 9999.0, 24.02, 9999.0, 22.57, 9999.0, 22.91, 22.68, 22.41, 22.5, 22.5
2026-09-22, 02:40:20, 22.5, 22.64, 22.86, 23.0, 9999.0, 9999.0, 9999.0, 24.0, 9999.0, 22.61, 9999.0, 22.93, 22.68, 22.41, 22.5, 22.5
2026-09-22, 02:40:24, 22.5, 22.61, 22.86, 23.0, 9999.0, 9999.0, 9999.0, 23.95, 9999.0, 22.64, 9999.0, 22.95, 22.7, 22.41, 22.5, 22.5
2026-09-22, 02:40:28, 22.5, 22.61, 22.89, 23.0, 9999.0, 9999.0, 9999.0, 23.98, 9999.0, 22.66, 9999.0, 22.98, 22.73, 22.41, 22.5, 22.5
2026-09-22, 02:40:32, 22.5, 22.64, 22.89, 23.0, 9999.0, 9999.0, 9999.0, 24.02, 9999.0, 22.68, 9999.0, 22.95, 22.73, 22.43, 22.5, 22.5
2026-09-22, 02:40:36, 22.5, 22.64, 22.89, 23.0, 9999.0, 9999.0, 9999.0, 24.05, 9999.0, 22.7, 9999.0, 22.95, 22.75, 22.45, 22.5, 22.5
2026-09-22, 02:40:40, 22.5, 22.64, 22.91, 23.0, 9999.0, 9999.0, 9999.0, 24.07, 9999.0, 22.73, 9999.0, 22.93, 22.73, 22.48, 22.5, 22.5
2026-09-22, 02:40:44, 22.5, 22.64, 22.91, 23.0, 9999.0, 9999.0, 9999.0, 24.09, 9999.0, 22.75, 9999.0, 22.91, 22.73, 22.45, 22.5, 22.5
2026-09-22, 02:40:48, 22.5, 22.64, 22.93, 23.0, 9999.0, 9999.0, 9999.0, 24.11, 9999.0, 22.77, 9999.0, 22.89, 22.73, 22.45, 22.5, 22.5
2026-09-22, 02:40:52, 22.5, 22.64, 22.95, 23.0, 9999.0, 9999.0, 9999.0, 24.14, 9999.0, 22.75, 9999.0, 22.86, 22.73, 22.45, 22.5, 22.5
2026-09-22, 02:40:56, 22.5, 22.66, 22.98, 22.98, 9999.0, 9999.0, 9999.0, 24.16, 9999.0, 22.75, 9999.0, 22.84, 22.73, 22.48, 22.5, 22.5
2026-09-22, 02:41:00, 22.5, 22.66, 22.98, 22.98, 9999.0, 9999.0, 9999.0, 24.2, 9999.0, 22.75, 9999.0, 22.82, 22.73, 22.45, 22.5, 22.5
2026-09-22, 02:41:04, 22.5, 22.64, 23.0, 22.98, 9999.0, 9999.0, 9999.0, 24.23, 9999.0, 22.73, 9999.0, 22.82, 22.7, 22.45, 22.5, 22.5
2026-09-22, 02:41:08, 22.5, 22.66, 23.0, 22.98, 9999.0, 9999.0, 9999.0, 24.25, 9999.0, 22.73, 9999.0, 22.82, 22.68, 22.45, 22.5, 22.5
2026-09-22, 02:41:12, 22.5, 22.66, 23.0, 22.98, 9999.0, 9999.0, 9999.0, 24.2, 9999.0, 22.73, 9999.0, 22.82, 22.68, 22.45, 22.5, 22.5
2026-09-22, 02:41:16, 22.5, 22.64, 23.0, 22.98, 9999.0, 9999.0, 9999.0, 24.16, 9999.0, 22.7, 9999.0, 22.84, 22.68, 22.45, 22.5, 22.5
2026-09-22, 02:41:20, 22.5, 22.61, 23.0, 22.98, 9999.0, 9999.0, 9999.0, 24.14, 9999.0, 22.68, 9999.0, 22.86, 22.68, 22.45, 22.5, 22.5
2026-09-22, 02:41:24, 22.5, 22.64, 23.0, 22.98, 9999.0, 9999.0, 9999.0, 24.11, 9999.0, 22.68, 9999.0, 22.89, 22.7, 22.45, 22.5, 22.5
2026-09-22, 02:41:28, 22.5, 22.61, 22.98, 22.98, 9999.0, 9999.0, 9999.0, 24.07, 9999.0, 22.68, 9999.0, 22.91, 22.68, 22.48, 22.5, 22.5
2026-09-22, 02:41:32, 22.5, 22.59, 22.98, 22.98, 9999.0, 9999.0, 9999.0, 24.02, 9999.0, 22.68, 9999.0, 22.93, 22.68, 22.48, 22.5, 22.5
2026-09-22, 02:41:36, 22.5, 22.59, 22.98, 22.98, 9999.0, 9999.0, 9999.0, 23.98, 9999.0, 22.73, 9999.0, 22.95, 22.68, 22.48, 22.5, 22.5
2026-09-22, 02:41:40, 22.5, 22.57, 22.98, 23.0, 9999.0, 9999.0, 9999.0, 23.93, 9999.0, 22.75, 9999.0, 22.98, 22.68, 22.48, 22.5, 22.5
2026-09-22, 02:41:44, 22.5, 22.57, 22.98, 23.0, 9999.0, 9999.0, 9999.0, 23.95, 9999.0, 22.77, 9999.0, 23.0, 22.68, 22.48, 22.5, 22.5
2026-09-22, 02:41:48, 22.5, 22.57, 22.98, 23.0, 9999.0, 9999.0, 9999.0, 24.0, 9999.0, 22.8, 9999.0, 22.98, 22.7, 22.45, 22.5, 22.5
2026-09-22, 02:41:52, 22.5, 22.55, 22.98, 23.0, 9999.0, 9999.0, 9999.0, 24.05, 9999.0, 22.82, 9999.0, 22.95, 22.73, 22.45, 22.5, 22.5
2026-09-22, 02:41:56, 22.5, 22.52, 22.98, 22.98, 9999.0, 9999.0, 9999.0, 24.07, 9999.0, 22.84, 9999.0, 22.93, 22.73, 22.43, 22.5, 22.5
2026-09-22, 02:42:00, 22.5, 22.52, 22.98, 22.98, 9999.0, 9999.0, 9999.0, 24.09, 9999.0, 22.86, 9999.0, 22.91, 22.73, 22.43, 22.5, 22.5
2026-09-22, 02:42:04, 22.5, 22.52, 22.98, 22.95, 9999.0, 9999.0, 9999.0, 24.11, 9999.0, 22.89, 9999.0, 22.89, 22.7, 22.43, 22.5, 22.5
2026-09-22, 02:42:08, 22.5, 22.5, 22.98, 22.95, 9999.0, 9999.0, 9999.0, 24.11, 9999.0, 22.89, 9999.0, 22.86, 22.7, 22.43, 22.5, 22.5
2026-09-22, 02:42:12, 22.5, 22.5, 23.0, 22.95, 9999.0, 9999.0, 9999.0, 24.16, 9999.0, 22.89, 9999.0, 22.84, 22.7, 22.43, 22.5, 22.5
2026-09-22, 02:42:16, 22.5, 22.5, 23.0, 22.95, 9999.0, 9999.0, 9999.0, 24.2, 9999.0, 22.89, 9999.0, 22.82, 22.68, 22.43, 22.5, 22.5
2026-09-22, 02:42:20, 22.5, 22.5, 22.98, 22.95, 9999.0, 9999.0, 9999.0, 24.23, 9999.0, 22.86, 9999.0, 22.82, 22.66, 22.43, 22.5, 22.5
2026-09-22, 02:42:24, 22.5, 22.5, 22.95, 22.95, 9999.0, 9999.0, 9999.0, 24.25, 9999.0, 22.82, 9999.0, 22.82, 22.66, 22.43, 22.5, 22.5
2026-09-22, 02:42:28, 22.5, 22.5, 22.93, 22.95, 9999.0, 9999.0, 9999.0, 24.2, 9999.0, 22.77, 9999.0, 22.82, 22.66, 22.45, 22.5, 22.5
2026-09-22, 02:42:32, 22.5, 22.52, 22.93, 22.95, 9999.0, 9999.0, 9999.0, 24.16, 9999.0, 22.73, 9999.0, 22.84, 22.66, 22.48, 22.5, 22.5
2026-09-22, 02:42:36, 22.5, 22.52, 22.93, 22.93, 9999.0, 9999.0, 9999.0, 24.11, 9999.0, 22.68, 9999.0, 22.86, 22.66, 22.48, 22.5, 22.5
2026-09-22, 02:42:40, 22.5, 22.52, 22.93, 22.95, 9999.0, 9999.0, 9999.0, 24.09, 9999.0, 22.68, 9999.0, 22.89, 22.66, 22.5, 22.5, 22.5
2026-09-22, 02:42:44, 22.5, 22.55, 22.93, 22.95, 9999.0, 9999.0, 9999.0, 24.07, 9999.0, 22.68, 9999.0, 22.91, 22.66, 22.5, 22.5, 22.5
2026-09-22, 02:42:49, 22.5, 22.57, 22.93, 22.98, 9999.0, 9999.0, 9999.0, 24.02, 9999.0, 22.68, 9999.0, 22.93, 22.68, 22.5, 22.5, 22.5
2026-09-22, 02:42:53, 22.5, 22.57, 22.93, 22.98, 9999.0, 9999.0, 9999.0, 24.0, 9999.0, 22.7, 9999.0, 22.95, 22.68, 22.5, 22.5, 22.5
2026-09-22, 02:42:57, 22.5, 22.59, 22.93, 22.95, 9999.0, 9999.0, 9999.0, 23.95, 9999.0, 22.73, 9999.0, 22.98, 22.7, 22.5, 22.5, 22.5
2026-09-22, 02:43:01, 22.5, 22.59, 22.93, 22.95, 9999.0, 9999.0, 9999.0, 23.98, 9999.0, 22.73, 9999.0, 23.0, 22.73, 22.5, 22.5, 22.5
2026-09-22, 02:43:05, 22.5, 22.59, 22.95, 22.95, 9999.0, 9999.0, 9999.0, 24.02, 9999.0, 22.73, 9999.0, 23.0, 22.75, 22.5, 22.5, 22.5
2026-09-22, 02:43:09, 22.5, 22.59, 22.98, 22.95, 9999.0, 9999.0, 9999.0, 24.05, 9999.0, 22.75, 9999.0, 22.98, 22.75, 22.48, 22.5, 22.5
2026-09-22, 02:43:13, 22.5, 22.59, 23.0, 22.95, 9999.0, 9999.0, 9999.0, 24.07, 9999.0, 22.77, 9999.0, 22.95, 22.75, 22.45, 22.5, 22.5
2026-09-22, 02:43:17, 22.5, 22.57, 23.0, 22.95, 9999.0, 9999.0, 9999.0, 24.09, 9999.0, 22.8, 9999.0, 22.93, 22.73, 22.45, 22.5, 22.5
2026-09-22, 02:43:21, 22.5, 22.59, 23.0, 22.98, 9999.0, 9999.0, 9999.0, 24.11, 9999.0, 22.82, 9999.0, 22.91, 22.7, 22.43, 22.5, 22.5
2026-09-22, 02:43:25, 22.5, 22.59, 23.0, 22.98, 9999.0, 9999.0, 9999.0, 24.14, 9999.0, 22.8, 9999.0, 22.89, 22.68, 22.43, 22.5, 22.5
2026-09-22, 02:43:29, 22.5, 22.57, 23.0, 22.98, 9999.0, 9999.0, 9999.0, 24.14, 9999.0, 22.8, 9999.0, 22.86, 22.68, 22.43, 22.5, 22.5
2026-09-22, 02:43:33, 22.5, 22.55, 23.0, 22.98, 9999.0, 9999.0, 9999.0, 24.18, 9999.0, 22.8, 9999.0, 22.84, 22.66, 22.43, 22.5, 22.5
2026-09-22, 02:43:37, 22.5, 22.55, 23.0, 22.98, 9999.0, 9999.0, 9999.0, 24.23, 9999.0, 22.77, 9999.0, 22.84, 22.66, 22.43, 22.5, 22.5
2026-09-22, 02:43:41, 22.5, 22.55, 23.0, 22.98, 9999.0, 9999.0, 9999.0, 24.27, 9999.0, 22.75, 9999.0, 22.84, 22.64, 22.43, 22.5, 22.5
2026-09-22, 02:43:45, 22.5, 22.57, 23.0, 22.98, 9999.0, 9999.0, 9999.0, 24.23, 9999.0, 22.73, 9999.0, 22.84, 22.61, 22.43, 22.5, 22.5
2026-09-22, 02:43:49, 22.5, 22.59, 23.0, 22.98, 9999.0, 9999.0, 9999.0, 24.18, 9999.0, 22.7, 9999.0, 22.84, 22.61, 22.43, 22.5, 22.5
2026-09-22, 02:43:53, 22.5, 22.61, 23.0, 22.98, 9999.0, 9999.0, 9999.0, 24.16, 9999.0, 22.68, 9999.0, 22.86, 22.59, 22.45, 22.5, 22.5
2026-09-22, 02:43:57, 22.5, 22.64, 23.0, 22.98, 9999.0, 9999.0, 9999.0, 24.14, 9999.0, 22.68, 9999.0, 22.89, 22.59, 22.45, 22.5, 22.5
2026-09-22, 02:44:01, 22.5, 22.64, 23.0, 22.98, 9999.0, 9999.0, 9999.0, 24.09, 9999.0, 22.7, 9999.0, 22.91, 22.61, 22.45, 22.5, 22.5
2026-09-22, 02:44:05, 22.5, 22.64, 23.0, 22.98, 9999.0, 9999.0, 9999.0, 24.05, 9999.0, 22.7, 9999.0, 22.93, 22.64, 22.48, 22.5, 22.5
2026-09-22, 02:44:09, 22.5, 22.66, 23.0, 22.98, 9999.0, 9999.0, 9999.0, 24.0, 9999.0, 22.73, 9999.0, 22.95, 22.66, 22.48, 22.5, 22.5
2026-09-22, 02:44:13, 22.5, 22.68, 23.0, 22.98, 9999.0, 9999.0, 9999.0, 23.98, 9999.0, 22.75, 9999.0, 22.98, 22.66, 22.45, 22.5, 22.5
2026-09-22, 02:44:17, 22.5, 22.7, 23.0, 22.98, 9999.0, 9999.0, 9999.0, 24.0, 9999.0, 22.77, 9999.0, 23.0, 22.68, 22.45, 22.5, 22.5
2026-09-22, 02:44:21, 22.5, 22.7, 23.0, 22.98, 9999.0, 9999.0, 9999.0, 24.02, 9999.0, 22.8, 9999.0, 23.0, 22.68, 22.43, 22.5, 22.5
2026-09-22, 02:44:25, 22.5, 22.68, 23.0, 23.0, 9999.0, 9999.0, 9999.0, 24.05, 9999.0, 22.8, 9999.0, 22.98, 22.68, 22.41, 22.5, 22.5
2026-09-22, 02:44:29, 22.5, 22.66, 23.0, 22.98, 9999.0, 9999.0, 9999.0, 24.07, 9999.0, 22.82, 9999.0, 22.95, 22.68, 22.41, 22.5, 22.5
2026-09-22, 02:44:33, 22.5, 22.64, 23.0, 22.98, 9999.0, 9999.0, 9999.0, 24.09, 9999.0, 22.84, 9999.0, 22.93, 22.66, 22.41, 22.5, 22.5
2026-09-22, 02:44:37, 22.5, 22.64, 23.0, 22.98, 9999.0, 9999.0, 9999.0, 24.11, 9999.0, 22.84, 9999.0, 22.91, 22.68, 22.41, 22.5, 22.5
2026-09-22, 02:44:41, 22.5, 22.64, 23.0, 22.98, 9999.0, 9999.0, 9999.0, 24.14, 9999.0, 22.82, 9999.0, 22.89, 22.66, 22.41, 22.5, 22.5
2026-09-22, 02:44:45, 22.5, 22.64, 23.0, 22.98, 9999.0, 9999.0, 9999.0, 24.16, 9999.0, 22.77, 9999.0, 22.86, 22.66, 22.41, 22.5, 22.5
2026-09-22, 02:44:49, 22.5, 22.64, 23.0, 22.98, 9999.0, 9999.0, 9999.0, 24.2, 9999.0, 22.75, 9999.0, 22.84, 22.66, 22.39, 22.5, 22.5
2026-09-22, 02:44:53, 22.5, 22.61, 23.0, 22.98, 9999.0, 9999.0, 9999.0, 24.23, 9999.0, 22.7, 9999.0, 22.82, 22.64, 22.39, 22.5, 22.5
2026-09-22, 02:44:57, 22.5, 22.61, 22.98, 22.98, 9999.0, 9999.0, 9999.0, 24.25, 9999.0, 22.66, 9999.0, 22.82, 22.61, 22.41, 22.5, 22.5
2026-09-22, 02:45:01, 22.5, 22.61, 22.98, 22.98, 9999.0, 9999.0, 9999.0, 24.2, 9999.0, 22.61, 9999.0, 22.82, 22.59, 22.39, 22.5, 22.5
2026-09-22, 02:45:05, 22.5, 22.64, 22.98, 22.98, 9999.0, 9999.0, 9999.0, 24.16, 9999.0, 22.57, 9999.0, 22.82, 22.57, 22.41, 22.5, 22.5
2026-09-22, 02:45:09, 22.5, 22.66, 22.98, 22.98, 9999.0, 9999.0, 9999.0, 24.11, 9999.0, 22.57, 9999.0, 22.84, 22.59, 22.43, 22.5, 22.5
2026-09-22, 02:45:13, 22.5, 22.66, 22.98, 23.0, 9999.0, 9999.0, 9999.0, 24.07, 9999.0, 22.57, 9999.0, 22.86, 22.59, 22.43, 22.5, 22.5
2026-09-22, 02:45:17, 22.5, 22.68, 22.98, 23.0, 9999.0, 9999.0, 9999.0, 24.02, 9999.0, 22.57, 9999.0, 22.89, 22.61, 22.43, 22.5, 22.5
2026-09-22, 02:45:21, 22.5, 22.66, 22.98, 23.0, 9999.0, 9999.0, 9999.0, 23.98, 9999.0, 22.59, 9999.0, 22.91, 22.61, 22.43, 22.5, 22.5
2026-09-22, 02:45:25, 22.5, 22.66, 22.98, 23.0, 9999.0, 9999.0, 9999.0, 23.93, 9999.0, 22.61, 9999.0, 22.93, 22.64, 22.45, 22.5, 22.5
2026-09-22, 02:45:29, 22.5, 22.68, 22.98, 23.0, 9999.0, 9999.0, 9999.0, 23.91, 9999.0, 22.66, 9999.0, 22.95, 22.64, 22.45, 22.5, 22.5
2026-09-22, 02:45:33, 22.5, 22.66, 22.98, 23.0, 9999.0, 9999.0, 9999.0, 23.93, 9999.0, 22.7, 9999.0, 22.98, 22.61, 22.45, 22.5, 22.5
2026-09-22, 02:45:37, 22.5, 22.66, 22.98, 22.98, 9999.0, 9999.0, 9999.0, 23.98, 9999.0, 22.73, 9999.0, 22.98, 22.64, 22.45, 22.5, 22.5
2026-09-22, 02:45:41, 22.5, 22.66, 23.0, 22.98, 9999.0, 9999.0, 9999.0, 24.0, 9999.0, 22.75, 9999.0, 22.95, 22.66, 22.45, 22.5, 22.5
2026-09-22, 02:45:45, 22.5, 22.66, 23.0, 22.98, 9999.0, 9999.0, 9999.0, 24.05, 9999.0, 22.75, 9999.0, 22.93, 22.68, 22.48, 22.5, 22.5
2026-09-22, 02:45:49, 22.5, 22.66, 22.98, 22.98, 9999.0, 9999.0, 9999.0, 24.07, 9999.0, 22.77, 9999.0, 22.91, 22.68, 22.48, 22.5, 22.5
2026-09-22, 02:45:53, 22.5, 22.64, 22.98, 22.98, 9999.0, 9999.0, 9999.0, 24.09, 9999.0, 22.75, 9999.0, 22.89, 22.66, 22.48, 22.5, 22.5
2026-09-22, 02:45:57, 22.5, 22.66, 22.98, 22.98, 9999.0, 9999.0, 9999.0, 24.11, 9999.0, 22.73, 9999.0, 22.86, 22.68, 22.48, 22.5, 22.5
2026-09-22, 02:46:01, 22.5, 22.66, 22.98, 22.98, 9999.0, 9999.0, 9999.0, 24.14, 9999.0, 22.7, 9999.0, 22.84, 22.66, 22.48, 22.5, 22.5
2026-09-22, 02:46:05, 22.5, 22.68, 22.98, 22.98, 9999.0, 9999.0, 9999.0, 24.18, 9999.0, 22.68, 9999.0, 22.82, 22.64, 22.48, 22.5, 22.5
2026-09-22, 02:46:09, 22.5, 22.66, 22.98, 22.98, 9999.0, 9999.0, 9999.0, 24.2, 9999.0, 22.66, 9999.0, 22.82, 22.64, 22.45, 22.5, 22.5
2026-09-22, 02:46:13, 22.5, 22.64, 22.98, 22.98, 9999.0, 9999.0, 9999.0, 24.23, 9999.0, 22.61, 9999.0, 22.82, 22.61, 22.43, 22.5, 22.5
2026-09-22, 02:46:17, 22.5, 22.64, 22.98, 22.98, 9999.0, 9999.0, 9999.0, 24.18, 9999.0, 22.57, 9999.0, 22.82, 22.64, 22.45, 22.5, 22.5
2026-09-22, 02:46:21, 22.5, 22.64, 22.98, 23.0, 9999.0, 9999.0, 9999.0, 24.14, 9999.0, 22.55, 9999.0, 22.84, 22.64, 22.45, 22.5, 22.5
2026-09-22, 02:46:25, 22.5, 22.61, 22.98, 22.98, 9999.0, 9999.0, 9999.0, 24.11, 9999.0, 22.52, 9999.0, 22.86, 22.61, 22.45, 22.5, 22.5
2026-09-22, 02:46:30, 22.5, 22.61, 22.98, 22.95, 9999.0, 9999.0, 9999.0, 24.05, 9999.0, 22.52, 9999.0, 22.89, 22.59, 22.45, 22.5, 22.5
2026-09-22, 02:46:34, 22.5, 22.59, 23.0, 22.95, 9999.0, 9999.0, 9999.0, 24.0, 9999.0, 22.5, 9999.0, 22.91, 22.59, 22.43, 22.5, 22.5
2026-09-22, 02:46:38, 22.5, 22.59, 23.0, 22.95, 9999.0, 9999.0, 9999.0, 23.98, 9999.0, 22.52, 9999.0, 22.93, 22.61, 22.43, 22.5, 22.5
2026-09-22, 02:46:42, 22.5, 22.57, 23.0, 22.95, 9999.0, 9999.0, 9999.0, 23.95, 9999.0, 22.55, 9999.0, 22.95, 22.61, 22.41, 22.5, 22.5
2026-09-22, 02:46:46, 22.5, 22.55, 23.0, 22.95, 9999.0, 9999.0, 9999.0, 23.93, 9999.0, 22.57, 9999.0, 22.98, 22.64, 22.41, 22.5, 22.5
2026-09-22, 02:46:50, 22.5, 22.55, 23.0, 22.93, 9999.0, 9999.0, 9999.0, 23.98, 9999.0, 22.59, 9999.0, 23.0, 22.66, 22.41, 22.5, 22.5
2026-09-22, 02:46:54, 22.5, 22.55, 23.0, 22.91, 9999.0, 9999.0, 9999.0, 24.02, 9999.0, 22.61, 9999.0, 22.98, 22.66, 22.41, 22.5, 22.5
2026-09-22, 02:46:58, 22.5, 22.55, 22.98, 22.91, 9999.0, 9999.0, 9999.0, 24.07, 9999.0, 22.64, 9999.0, 22.95, 22.66, 22.41, 22.5, 22.5
2026-09-22, 02:47:02, 22.5, 22.57, 22.98, 22.91, 9999.0, 9999.0, 9999.0, 24.09, 9999.0, 22.64, 9999.0, 22.93, 22.66, 22.39, 22.5, 22.5
2026-09-22, 02:47:06, 22.5, 22.59, 22.98, 22.91, 9999.0, 9999.0, 9999.0, 24.11, 9999.0, 22.64, 9999.0, 22.91, 22.66, 22.39, 22.5, 22.5
2026-09-22, 02:47:10, 22.5, 22.61, 22.95, 22.91, 9999.0, 9999.0, 9999.0, 24.14, 9999.0, 22.64, 9999.0, 22.89, 22.66, 22.36, 22.5, 22.5
2026-09-22, 02:47:14, 22.5, 22.59, 22.95, 22.91, 9999.0, 9999.0, 9999.0, 24.16, 9999.0, 22.64, 9999.0, 22.86, 22.68, 22.36, 22.5, 22.5
2026-09-22, 02:47:18, 22.5, 22.59, 22.95, 22.91, 9999.0, 9999.0, 9999.0, 24.18, 9999.0, 22.64, 9999.0, 22.84, 22.68, 22.39, 22.5, 22.5
2026-09-22, 02:47:22, 22.5, 22.61, 22.95, 22.91, 9999.0, 9999.0, 9999.0, 24.2, 9999.0, 22.61, 9999.0, 22.82, 22.66, 22.39, 22.5, 22.5
2026-09-22, 02:47:26, 22.5, 22.64, 22.95, 22.91, 9999.0, 9999.0, 9999.0, 24.23, 9999.0, 22.59, 9999.0, 22.8, 22.64, 22.41, 22.5, 22.5
2026-09-22, 02:47:30, 22.5, 22.64, 22.95, 22.91, 9999.0, 9999.0, 9999.0, 24.25, 9999.0, 22.55, 9999.0, 22.8, 22.61, 22.41, 22.5, 22.5
2026-09-22, 02:47:34, 22.5, 22.61, 22.95, 22.91, 9999.0, 9999.0, 9999.0, 24.18, 9999.0, 22.5, 9999.0, 22.8, 22.59, 22.41, 22.5, 22.48
2026-09-22, 02:47:38, 22.5, 22.61, 22.95, 22.93, 9999.0, 9999.0, 9999.0, 24.14, 9999.0, 22.45, 9999.0, 22.82, 22.59, 22.41, 22.5, 22.48
2026-09-22, 02:47:42, 22.5, 22.64, 22.98, 22.93, 9999.0, 9999.0, 9999.0, 24.07, 9999.0, 22.41, 9999.0, 22.84, 22.61, 22.43, 22.5, 22.48
2026-09-22, 02:47:46, 22.5, 22.61, 22.98, 22.93, 9999.0, 9999.0, 9999.0, 24.02, 9999.0, 22.41, 9999.0, 22.86, 22.59, 22.45, 22.5, 22.48
2026-09-22, 02:47:50, 22.5, 22.61, 22.98, 22.93, 9999.0, 9999.0, 9999.0, 23.98, 9999.0, 22.41, 9999.0, 22.89, 22.59, 22.43, 22.5, 22.48
2026-09-22, 02:47:54, 22.5, 22.61, 23.0, 22.93, 9999.0, 9999.0, 9999.0, 23.93, 9999.0, 22.41, 9999.0, 22.91, 22.59, 22.45, 22.5, 22.48
2026-09-22, 02:47:58, 22.5, 22.61, 23.0, 22.95, 9999.0, 9999.0, 9999.0, 23.91, 9999.0, 22.43, 9999.0, 22.93, 22.59, 22.45, 22.5, 22.48
2026-09-22, 02:48:02, 22.5, 22.61, 23.0, 22.95, 9999.0, 9999.0, 9999.0, 23.89, 9999.0, 22.43, 9999.0, 22.93, 22.61, 22.45, 22.5, 22.48
2026-09-22, 02:48:06, 22.5, 22.59, 23.0, 22.95, 9999.0, 9999.0, 9999.0, 23.91, 9999.0, 22.43, 9999.0, 22.93, 22.64, 22.43, 22.5, 22.48
2026-09-22, 02:48:10, 22.5, 22.57, 23.0, 22.93, 9999.0, 9999.0, 9999.0, 23.93, 9999.0, 22.43, 9999.0, 22.93, 22.66, 22.43, 22.5, 22.48
2026-09-22, 02:48:14, 22.5, 22.59, 23.0, 22.93, 9999.0, 9999.0, 9999.0, 23.95, 9999.0, 22.45, 9999.0, 22.91, 22.68, 22.43, 22.5, 22.48
2026-09-22, 02:48:18, 22.5, 22.61, 23.0, 22.95, 9999.0, 9999.0, 9999.0, 23.98, 9999.0, 22.48, 9999.0, 22.91, 22.68, 22.41, 22.5, 22.5
2026-09-22, 02:48:22, 22.5, 22.61, 23.0, 22.95, 9999.0, 9999.0, 9999.0, 24.0, 9999.0, 22.5, 9999.0, 22.89, 22.68, 22.43, 22.5, 22.5
2026-09-22, 02:48:26, 22.5, 22.61, 23.0, 22.95, 9999.0, 9999.0, 9999.0, 24.02, 9999.0, 22.52, 9999.0, 22.86, 22.66, 22.43, 22.5, 22.5
2026-09-22, 02:48:30, 22.5, 22.61, 23.0, 22.95, 9999.0, 9999.0, 9999.0, 24.07, 9999.0, 22.52, 9999.0, 22.84, 22.68, 22.43, 22.5, 22.5
2026-09-22, 02:48:34, 22.5, 22.59, 23.0, 22.95, 9999.0, 9999.0, 9999.0, 24.09, 9999.0, 22.5, 9999.0, 22.82, 22.66, 22.45, 22.5, 22.5
2026-09-22, 02:48:38, 22.5, 22.57, 23.0, 22.95, 9999.0, 9999.0, 9999.0, 24.11, 9999.0, 22.48, 9999.0, 22.8, 22.66, 22.45, 22.5, 22.5
2026-09-22, 02:48:42, 22.5, 22.57, 23.0, 22.93, 9999.0, 9999.0, 9999.0, 24.11, 9999.0, 22.43, 9999.0, 22.8, 22.64, 22.45, 22.5, 22.5
2026-09-22, 02:48:46, 22.5, 22.57, 23.0, 22.91, 9999.0, 9999.0, 9999.0, 24.11, 9999.0, 22.41, 9999.0, 22.8, 22.61, 22.45, 22.5, 22.5
2026-09-22, 02:48:50, 22.5, 22.57, 23.0, 22.91, 9999.0, 9999.0, 9999.0, 24.05, 9999.0, 22.39, 9999.0, 22.82, 22.59, 22.48, 22.5, 22.5
2026-09-22, 02:48:54, 22.5, 22.57, 23.0, 22.93, 9999.0, 9999.0, 9999.0, 24.0, 9999.0, 22.36, 9999.0, 22.84, 22.59, 22.48, 22.5, 22.5
2026-09-22, 02:48:58, 22.5, 22.55, 23.0, 22.93, 9999.0, 9999.0, 9999.0, 23.95, 9999.0, 22.34, 9999.0, 22.86, 22.59, 22.48, 22.5, 22.5
2026-09-22, 02:49:02, 22.5, 22.52, 23.0, 22.91, 9999.0, 9999.0, 9999.0, 23.91, 9999.0, 22.34, 9999.0, 22.86, 22.61, 22.5, 22.5, 22.5
2026-09-22, 02:49:06, 22.5, 22.52, 23.0, 22.91, 9999.0, 9999.0, 9999.0, 23.86, 9999.0, 22.34, 9999.0, 22.89, 22.59, 22.5, 22.5, 22.5
2026-09-22, 02:49:10, 22.5, 22.5, 23.0, 22.89, 9999.0, 9999.0, 9999.0, 23.84, 9999.0, 22.34, 9999.0, 22.91, 22.61, 22.5, 22.5, 22.5
2026-09-22, 02:49:14, 22.5, 22.5, 23.0, 22.89, 9999.0, 9999.0, 9999.0, 23.8, 9999.0, 22.34, 9999.0, 22.93, 22.61, 22.5, 22.5, 22.5
2026-09-22, 02:49:18, 22.5, 22.5, 23.0, 22.89, 9999.0, 9999.0, 9999.0, 23.77, 9999.0, 22.36, 9999.0, 22.95, 22.64, 22.5, 22.5, 22.5
2026-09-22, 02:49:22, 22.5, 22.5, 23.0, 22.91, 9999.0, 9999.0, 9999.0, 23.82, 9999.0, 22.39, 9999.0, 22.98, 22.64, 22.5, 22.5, 22.5
2026-09-22, 02:49:26, 22.5, 22.5, 23.0, 22.93, 9999.0, 9999.0, 9999.0, 23.86, 9999.0, 22.41, 9999.0, 22.95, 22.66, 22.5, 22.5, 22.5
2026-09-22, 02:49:30, 22.5, 22.5, 23.0, 22.95, 9999.0, 9999.0, 9999.0, 23.91, 9999.0, 22.43, 9999.0, 22.98, 22.66, 22.48, 22.5, 22.5
2026-09-22, 02:49:34, 22.5, 22.5, 23.0, 22.95, 9999.0, 9999.0, 9999.0, 23.93, 9999.0, 22.45, 9999.0, 22.95, 22.68, 22.48, 22.5, 22.5
2026-09-22, 02:49:38, 22.5, 22.5, 23.0, 22.95, 9999.0, 9999.0, 9999.0, 23.98, 9999.0, 22.48, 9999.0, 22.93, 22.66, 22.48, 22.5, 22.5
2026-09-22, 02:49:42, 22.5, 22.5, 23.0, 22.95, 9999.0, 9999.0, 9999.0, 24.0, 9999.0, 22.48, 9999.0, 22.91, 22.64, 22.48, 22.5, 22.5
2026-09-22, 02:49:46, 22.5, 22.5, 23.0, 22.95, 9999.0, 9999.0, 9999.0, 24.02, 9999.0, 22.45, 9999.0, 22.89, 22.61, 22.48, 22.5, 22.5
2026-09-22, 02:49:50, 22.5, 22.5, 23.0, 22.95, 9999.0, 9999.0, 9999.0, 24.05, 9999.0, 22.43, 9999.0, 22.86, 22.61, 22.48, 22.5, 22.48
2026-09-22, 02:49:54, 22.5, 22.5, 23.0, 22.98, 9999.0, 9999.0, 9999.0, 24.07, 9999.0, 22.43, 9999.0, 22.84, 22.59, 22.48, 22.5, 22.48
2026-09-22, 02:49:58, 22.5, 22.5, 23.0, 22.98, 9999.0, 9999.0, 9999.0, 24.07, 9999.0, 22.41, 9999.0, 22.84, 22.57, 22.48, 22.5, 22.48
2026-09-22, 02:50:02, 22.5, 22.52, 23.0, 22.98, 9999.0, 9999.0, 9999.0, 24.07, 9999.0, 22.39, 9999.0, 22.82, 22.55, 22.48, 22.5, 22.48
2026-09-22, 02:50:06, 22.5, 22.52, 23.0, 22.98, 9999.0, 9999.0, 9999.0, 24.0, 9999.0, 22.36, 9999.0, 22.82, 22.55, 22.48, 22.5, 22.48
2026-09-22, 02:50:11, 22.5, 22.52, 23.0, 22.98, 9999.0, 9999.0, 9999.0, 23.95, 9999.0, 22.34, 9999.0, 22.84, 22.52, 22.48, 22.5, 22.48
2026-09-22, 02:50:15, 22.5, 22.52, 23.0, 22.98, 9999.0, 9999.0, 9999.0, 23.91, 9999.0, 22.32, 9999.0, 22.84, 22.52, 22.5, 22.5, 22.48
2026-09-22, 02:50:19, 22.5, 22.52, 23.0, 22.98, 9999.0, 9999.0, 9999.0, 23.89, 9999.0, 22.32, 9999.0, 22.86, 22.5, 22.5, 22.5, 22.48
2026-09-22, 02:50:23, 22.5, 22.55, 23.0, 22.98, 9999.0, 9999.0, 9999.0, 23.82, 9999.0, 22.3, 9999.0, 22.89, 22.52, 22.5, 22.5, 22.48
2026-09-22, 02:50:27, 22.5, 22.55, 23.0, 22.98, 9999.0, 9999.0, 9999.0, 23.77, 9999.0, 22.32, 9999.0, 22.91, 22.55, 22.5, 22.5, 22.48
2026-09-22, 02:50:31, 22.5, 22.55, 23.0, 23.0, 9999.0, 9999.0, 9999.0, 23.73, 9999.0, 22.34, 9999.0, 22.93, 22.57, 22.5, 22.5, 22.48
2026-09-22, 02:50:35, 22.5, 22.55, 23.0, 23.0, 9999.0, 9999.0, 9999.0, 23.68, 9999.0, 22.36, 9999.0, 22.95, 22.59, 22.5, 22.5, 22.5
2026-09-22, 02:50:39, 22.5, 22.55, 23.0, 23.0, 9999.0, 9999.0, 9999.0, 23.7, 9999.0, 22.36, 9999.0, 22.98, 22.61, 22.48, 22.5, 22.5
2026-09-22, 02:50:43, 22.5, 22.55, 23.0, 23.0, 9999.0, 9999.0, 9999.0, 23.75, 9999.0, 22.39, 9999.0, 22.95, 22.64, 22.45, 22.5, 22.5
2026-09-22, 02:50:47, 22.5, 22.52, 23.0, 23.0, 9999.0, 9999.0, 9999.0, 23.77, 9999.0, 22.41, 9999.0, 22.95, 22.66, 22.45, 22.5, 22.5
2026-09-22, 02:50:51, 22.5, 22.52, 22.98, 23.0, 9999.0, 9999.0, 9999.0, 23.8, 9999.0, 22.43, 9999.0, 22.93, 22.68, 22.45, 22.5, 22.5
2026-09-22, 02:50:55, 22.5, 22.52, 22.98, 23.0, 9999.0, 9999.0, 9999.0, 23.82, 9999.0, 22.43, 9999.0, 22.91, 22.7, 22.45, 22.5, 22.5
2026-09-22, 02:50:59, 22.5, 22.55, 22.98, 23.0, 9999.0, 9999.0, 9999.0, 23.84, 9999.0, 22.43, 9999.0, 22.89, 22.73, 22.45, 22.5, 22.48
2026-09-22, 02:51:03, 22.5, 22.57, 22.98, 23.0, 9999.0, 9999.0, 9999.0, 23.86, 9999.0, 22.41, 9999.0, 22.86, 22.75, 22.45, 22.5, 22.48
2026-09-22, 02:51:07, 22.5, 22.57, 22.98, 23.0, 9999.0, 9999.0, 9999.0, 23.89, 9999.0, 22.41, 9999.0, 22.84, 22.75, 22.45, 22.5, 22.48
2026-09-22, 02:51:11, 22.5, 22.57, 22.98, 23.0, 9999.0, 9999.0, 9999.0, 23.93, 9999.0, 22.39, 9999.0, 22.82, 22.73, 22.45, 22.5, 22.48
2026-09-22, 02:51:15, 22.5, 22.57, 22.98, 23.0, 9999.0, 9999.0, 9999.0, 23.98, 9999.0, 22.36, 9999.0, 22.82, 22.7, 22.45, 22.5, 22.48
2026-09-22, 02:51:19, 22.5, 22.57, 22.98, 23.0, 9999.0, 9999.0, 9999.0, 24.0, 9999.0, 22.34, 9999.0, 22.82, 22.68, 22.45, 22.5, 22.45
2026-09-22, 02:51:23, 22.5, 22.57, 22.98, 23.0, 9999.0, 9999.0, 9999.0, 23.95, 9999.0, 22.32, 9999.0, 22.82, 22.66, 22.48, 22.5, 22.45
2026-09-22, 02:51:27, 22.5, 22.59, 22.98, 23.0, 9999.0, 9999.0, 9999.0, 23.91, 9999.0, 22.3, 9999.0, 22.84, 22.66, 22.5, 22.5, 22.45
2026-09-22, 02:51:31, 22.5, 22.61, 22.98, 23.0, 9999.0, 9999.0, 9999.0, 23.89, 9999.0, 22.27, 9999.0, 22.86, 22.64, 22.5, 22.5, 22.45
2026-09-22, 02:51:35, 22.5, 22.61, 23.0, 23.0, 9999.0, 9999.0, 9999.0, 23.84, 9999.0, 22.27, 9999.0, 22.89, 22.64, 22.5, 22.5, 22.45
2026-09-22, 02:51:39, 22.5, 22.61, 23.0, 23.0, 9999.0, 9999.0, 9999.0, 23.8, 9999.0, 22.3, 9999.0, 22.91, 22.64, 22.5, 22.5, 22.45
2026-09-22, 02:51:43, 22.5, 22.61, 23.0, 23.0, 9999.0, 9999.0, 9999.0, 23.75, 9999.0, 22.32, 9999.0, 22.93, 22.64, 22.5, 22.5, 22.48
2026-09-22, 02:51:47, 22.5, 22.61, 23.0, 23.0, 9999.0, 9999.0, 9999.0, 23.7, 9999.0, 22.34, 9999.0, 22.95, 22.64, 22.5, 22.5, 22.48
2026-09-22, 02:51:51, 22.5, 22.61, 23.0, 23.0, 9999.0, 9999.0, 9999.0, 23.68, 9999.0, 22.36, 9999.0, 22.98, 22.64, 22.5, 22.5, 22.48
2026-09-22, 02:51:55, 22.5, 22.61, 23.0, 23.0, 9999.0, 9999.0, 9999.0, 23.7, 9999.0, 22.39, 9999.0, 23.0, 22.66, 22.5, 22.5, 22.48
2026-09-22, 02:51:59, 22.5, 22.61, 23.0, 23.0, 9999.0, 9999.0, 9999.0, 23.7, 9999.0, 22.41, 9999.0, 22.98, 22.68, 22.5, 22.5, 22.48
2026-09-22, 02:52:03, 22.5, 22.61, 23.0, 23.0, 9999.0, 9999.0, 9999.0, 23.73, 9999.0, 22.43, 9999.0, 22.98, 22.7, 22.48, 22.5, 22.5
2026-09-22, 02:52:07, 22.5, 22.61, 23.0, 23.0, 9999.0, 9999.0, 9999.0, 23.75, 9999.0, 22.45, 9999.0, 22.95, 22.73, 22.48, 22.5, 22.5
2026-09-22, 02:52:11, 22.5, 22.59, 23.0, 23.0, 9999.0, 9999.0, 9999.0, 23.77, 9999.0, 22.48, 9999.0, 22.93, 22.73, 22.48, 22.5, 22.5
2026-09-22, 02:52:15, 22.5, 22.57, 23.0, 23.0, 9999.0, 9999.0, 9999.0, 23.8, 9999.0, 22.5, 9999.0, 22.91, 22.75, 22.48, 22.5, 22.5
2026-09-22, 02:52:19, 22.5, 22.57, 23.0, 23.0, 9999.0, 9999.0, 9999.0, 23.82, 9999.0, 22.5, 9999.0, 22.89, 22.73, 22.48, 22.5, 22.5
2026-09-22, 02:52:23, 22.5, 22.59, 23.0, 23.0, 9999.0, 9999.0, 9999.0, 23.86, 9999.0, 22.48, 9999.0, 22.86, 22.73, 22.48, 22.48, 22.5
2026-09-22, 02:52:27, 22.5, 22.57, 23.0, 23.0, 9999.0, 9999.0, 9999.0, 23.91, 9999.0, 22.48, 9999.0, 22.84, 22.7, 22.48, 22.48, 22.5
2026-09-22, 02:52:31, 22.5, 22.55, 23.0, 23.0, 9999.0, 9999.0, 9999.0, 23.95, 9999.0, 22.48, 9999.0, 22.84, 22.68, 22.48, 22.48, 22.5
2026-09-22, 02:52:35, 22.5, 22.52, 23.0, 23.0, 9999.0, 9999.0, 9999.0, 23.98, 9999.0, 22.45, 9999.0, 22.82, 22.66, 22.48, 22.48, 22.5
2026-09-22, 02:52:39, 22.5, 22.55, 23.0, 23.0, 9999.0, 9999.0, 9999.0, 23.93, 9999.0, 22.43, 9999.0, 22.82, 22.64, 22.45, 22.48, 22.5
2026-09-22, 02:52:43, 22.5, 22.55, 23.0, 23.0, 9999.0, 9999.0, 9999.0, 23.91, 9999.0, 22.41, 9999.0, 22.84, 22.64, 22.45, 22.48, 22.5
2026-09-22, 02:52:47, 22.5, 22.57, 23.0, 23.0, 9999.0, 9999.0, 9999.0, 23.89, 9999.0, 22.39, 9999.0, 22.84, 22.64, 22.48, 22.48, 22.5
2026-09-22, 02:52:51, 22.5, 22.57, 23.0, 23.0, 9999.0, 9999.0, 9999.0, 23.86, 9999.0, 22.39, 9999.0, 22.86, 22.64, 22.48, 22.48, 22.5
2026-09-22, 02:52:55, 22.5, 22.59, 23.0, 23.0, 9999.0, 9999.0, 9999.0, 23.82, 9999.0, 22.39, 9999.0, 22.89, 22.64, 22.45, 22.48, 22.5
2026-09-22, 02:52:59, 22.5, 22.59, 22.98, 23.0, 9999.0, 9999.0, 9999.0, 23.77, 9999.0, 22.39, 9999.0, 22.91, 22.64, 22.45, 22.48, 22.5
2026-09-22, 02:53:03, 22.5, 22.61, 22.98, 23.0, 9999.0, 9999.0, 9999.0, 23.75, 9999.0, 22.41, 9999.0, 22.93, 22.66, 22.45, 22.48, 22.5
2026-09-22, 02:53:07, 22.5, 22.61, 22.98, 23.0, 9999.0, 9999.0, 9999.0, 23.7, 9999.0, 22.43, 9999.0, 22.95, 22.66, 22.45, 22.5, 22.5
2026-09-22, 02:53:11, 22.5, 22.61, 22.98, 23.0, 9999.0, 9999.0, 9999.0, 23.73, 9999.0, 22.43, 9999.0, 22.95, 22.68, 22.45, 22.5, 22.5
2026-09-22, 02:53:15, 22.5, 22.64, 22.98, 23.0, 9999.0, 9999.0, 9999.0, 23.75, 9999.0, 22.43, 9999.0, 22.93, 22.7, 22.45, 22.5, 22.5
2026-09-22, 02:53:19, 22.5, 22.66, 22.98, 23.0, 9999.0, 9999.0, 9999.0, 23.8, 9999.0, 22.45, 9999.0, 22.93, 22.73, 22.45, 22.5, 22.5
2026-09-22, 02:53:23, 22.5, 22.64, 22.98, 23.0, 9999.0, 9999.0, 9999.0, 23.84, 9999.0, 22.48, 9999.0, 22.91, 22.75, 22.48, 22.5, 22.5
2026-09-22, 02:53:27, 22.5, 22.66, 22.98, 23.0, 9999.0, 9999.0, 9999.0, 23.89, 9999.0, 22.5, 9999.0, 22.89, 22.75, 22.48, 22.5, 22.5
2026-09-22, 02:53:31, 22.5, 22.64, 22.98, 23.0, 9999.0, 9999.0, 9999.0, 23.91, 9999.0, 22.52, 9999.0, 22.86, 22.75, 22.48, 22.5, 22.5
2026-09-22, 02:53:35, 22.5, 22.64, 22.98, 23.0, 9999.0, 9999.0, 9999.0, 23.93, 9999.0, 22.52, 9999.0, 22.84, 22.75, 22.48, 22.5, 22.5
2026-09-22, 02:53:39, 22.5, 22.61, 22.98, 23.0, 9999.0, 9999.0, 9999.0, 23.98, 9999.0, 22.52, 9999.0, 22.82, 22.75, 22.5, 22.5, 22.5
2026-09-22, 02:53:43, 22.5, 22.61, 23.0, 23.0, 9999.0, 9999.0, 9999.0, 24.02, 9999.0, 22.52, 9999.0, 22.8, 22.73, 22.5, 22.5, 22.5
2026-09-22, 02:53:47, 22.5, 22.59, 23.0, 23.0, 9999.0, 9999.0, 9999.0, 24.07, 9999.0, 22.48, 9999.0, 22.77, 22.73, 22.5, 22.5, 22.5
2026-09-22, 02:53:51, 22.5, 22.59, 23.0, 23.0, 9999.0, 9999.0, 9999.0, 24.11, 9999.0, 22.45, 9999.0, 22.77, 22.7, 22.5, 22.5, 22.5
2026-09-22, 02:53:55, 22.5, 22.59, 23.0, 23.0, 9999.0, 9999.0, 9999.0, 24.07, 9999.0, 22.43, 9999.0, 22.8, 22.7, 22.5, 22.5, 22.5
2026-09-22, 02:53:59, 22.5, 22.57, 23.0, 23.0, 9999.0, 9999.0, 9999.0, 24.02, 9999.0, 22.41, 9999.0, 22.82, 22.7, 22.5, 22.5, 22.5
2026-09-22, 02:54:04, 22.5, 22.55, 23.0, 23.0, 9999.0, 9999.0, 9999.0, 23.98, 9999.0, 22.39, 9999.0, 22.84, 22.7, 22.5, 22.5, 22.5
2026-09-22, 02:54:08, 22.5, 22.55, 22.98, 23.0, 9999.0, 9999.0, 9999.0, 23.93, 9999.0, 22.39, 9999.0, 22.86, 22.7, 22.48, 22.5, 22.5
2026-09-22, 02:54:12, 22.5, 22.55, 22.98, 23.0, 9999.0, 9999.0, 9999.0, 23.86, 9999.0, 22.39, 9999.0, 22.89, 22.7, 22.48, 22.5, 22.5
2026-09-22, 02:54:16, 22.5, 22.55, 22.95, 23.0, 9999.0, 9999.0, 9999.0, 23.82, 9999.0, 22.39, 9999.0, 22.89, 22.7, 22.45, 22.5, 22.5
2026-09-22, 02:54:20, 22.5, 22.55, 22.95, 23.0, 9999.0, 9999.0, 9999.0, 23.77, 9999.0, 22.41, 9999.0, 22.91, 22.7, 22.45, 22.5, 22.5
2026-09-22, 02:54:24, 22.5, 22.57, 22.95, 23.0, 9999.0, 9999.0, 9999.0, 23.73, 9999.0, 22.43, 9999.0, 22.91, 22.68, 22.45, 22.5, 22.5
2026-09-22, 02:54:28, 22.5, 22.57, 22.95, 23.0, 9999.0, 9999.0, 9999.0, 23.75, 9999.0, 22.45, 9999.0, 22.93, 22.7, 22.45, 22.5, 22.5
2026-09-22, 02:54:32, 22.5, 22.57, 22.95, 23.0, 9999.0, 9999.0, 9999.0, 23.77, 9999.0, 22.48, 9999.0, 22.93, 22.7, 22.43, 22.5, 22.5
2026-09-22, 02:54:36, 22.5, 22.57, 22.95, 23.0, 9999.0, 9999.0, 9999.0, 23.8, 9999.0, 22.5, 9999.0, 22.93, 22.73, 22.41, 22.5, 22.5
2026-09-22, 02:54:40, 22.5, 22.59, 22.93, 23.0, 9999.0, 9999.0, 9999.0, 23.84, 9999.0, 22.52, 9999.0, 22.91, 22.73, 22.39, 22.5, 22.5
2026-09-22, 02:54:44, 22.5, 22.61, 22.91, 23.0, 9999.0, 9999.0, 9999.0, 23.89, 9999.0, 22.55, 9999.0, 22.89, 22.73, 22.39, 22.5, 22.5
2026-09-22, 02:54:48, 22.5, 22.61, 22.91, 23.0, 9999.0, 9999.0, 9999.0, 23.91, 9999.0, 22.57, 9999.0, 22.86, 22.73, 22.36, 22.5, 22.5
2026-09-22, 02:54:52, 22.5, 22.61, 22.93, 23.0, 9999.0, 9999.0, 9999.0, 23.93, 9999.0, 22.57, 9999.0, 22.84, 22.7, 22.39, 22.5, 22.5
2026-09-22, 02:54:56, 22.5, 22.59, 22.93, 23.0, 9999.0, 9999.0, 9999.0, 23.98, 9999.0, 22.57, 9999.0, 22.82, 22.68, 22.39, 22.5, 22.5
2026-09-22, 02:55:00, 22.5, 22.59, 22.95, 23.0, 9999.0, 9999.0, 9999.0, 24.02, 9999.0, 22.57, 9999.0, 22.82, 22.66, 22.41, 22.5, 22.48
2026-09-22, 02:55:04, 22.5, 22.61, 22.95, 23.0, 9999.0, 9999.0, 9999.0, 24.07, 9999.0, 22.52, 9999.0, 22.82, 22.64, 22.39, 22.5, 22.45
2026-09-22, 02:55:08, 22.5, 22.61, 22.95, 23.0, 9999.0, 9999.0, 9999.0, 24.11, 9999.0, 22.48, 9999.0, 22.84, 22.64, 22.39, 22.5, 22.45
2026-09-22, 02:55:12, 22.5, 22.61, 22.95, 23.0, 9999.0, 9999.0, 9999.0, 24.09, 9999.0, 22.45, 9999.0, 22.84, 22.64, 22.36, 22.5, 22.45
2026-09-22, 02:55:16, 22.5, 22.61, 22.95, 23.0, 9999.0, 9999.0, 9999.0, 24.05, 9999.0, 22.43, 9999.0, 22.86, 22.64, 22.39, 22.5, 22.45
2026-09-22, 02:55:20, 22.5, 22.61, 22.95, 23.0, 9999.0, 9999.0, 9999.0, 24.0, 9999.0, 22.41, 9999.0, 22.86, 22.64, 22.39, 22.5, 22.45
2026-09-22, 02:55:24, 22.5, 22.59, 22.98, 23.0, 9999.0, 9999.0, 9999.0, 23.95, 9999.0, 22.41, 9999.0, 22.89, 22.61, 22.41, 22.5, 22.45
2026-09-22, 02:55:28, 22.5, 22.59, 23.0, 23.0, 9999.0, 9999.0, 9999.0, 23.91, 9999.0, 22.41, 9999.0, 22.91, 22.59, 22.41, 22.5, 22.45
2026-09-22, 02:55:32, 22.5, 22.59, 22.98, 23.0, 9999.0, 9999.0, 9999.0, 23.86, 9999.0, 22.43, 9999.0, 22.93, 22.59, 22.41, 22.5, 22.45
2026-09-22, 02:55:36, 22.5, 22.59, 22.98, 23.0, 9999.0, 9999.0, 9999.0, 23.84, 9999.0, 22.45, 9999.0, 22.95, 22.61, 22.41, 22.5, 22.45
2026-09-22, 02:55:40, 22.5, 22.59, 22.98, 23.0, 9999.0, 9999.0, 9999.0, 23.82, 9999.0, 22.48, 9999.0, 22.98, 22.64, 22.39, 22.5, 22.45
2026-09-22, 02:55:44, 22.5, 22.59, 22.95, 23.0, 9999.0, 9999.0, 9999.0, 23.84, 9999.0, 22.5, 9999.0, 22.98, 22.66, 22.39, 22.5, 22.48
2026-09-22, 02:55:48, 22.5, 22.57, 22.93, 23.0, 9999.0, 9999.0, 9999.0, 23.86, 9999.0, 22.55, 9999.0, 22.98, 22.68, 22.41, 22.5, 22.5
2026-09-22, 02:55:52, 22.5, 22.55, 22.93, 23.0, 9999.0, 9999.0, 9999.0, 23.89, 9999.0, 22.59, 9999.0, 22.98, 22.7, 22.41, 22.5, 22.5
2026-09-22, 02:55:56, 22.5, 22.57, 22.93, 23.0, 9999.0, 9999.0, 9999.0, 23.91, 9999.0, 22.59, 9999.0, 22.95, 22.68, 22.43, 22.5, 22.5
2026-09-22, 02:56:00, 22.5, 22.57, 22.93, 23.0, 9999.0, 9999.0, 9999.0, 23.95, 9999.0, 22.61, 9999.0, 22.93, 22.68, 22.43, 22.5, 22.5
2026-09-22, 02:56:04, 22.5, 22.55, 22.93, 23.0, 9999.0, 9999.0, 9999.0, 24.0, 9999.0, 22.66, 9999.0, 22.91, 22.68, 22.45, 22.5, 22.5
2026-09-22, 02:56:08, 22.5, 22.55, 22.93, 23.0, 9999.0, 9999.0, 9999.0, 24.02, 9999.0, 22.68, 9999.0, 22.89, 22.7, 22.45, 22.5, 22.5
2026-09-22, 02:56:12, 22.5, 22.52, 22.93, 23.0, 9999.0, 9999.0, 9999.0, 24.05, 9999.0, 22.68, 9999.0, 22.86, 22.7, 22.45, 22.5, 22.5
2026-09-22, 02:56:16, 22.5, 22.52, 22.95, 23.0, 9999.0, 9999.0, 9999.0, 24.09, 9999.0, 22.66, 9999.0, 22.84, 22.68, 22.48, 22.5, 22.5
2026-09-22, 02:56:20, 22.5, 22.55, 22.95, 23.0, 9999.0, 9999.0, 9999.0, 24.11, 9999.0, 22.64, 9999.0, 22.84, 22.66, 22.48, 22.5, 22.5
2026-09-22, 02:56:24, 22.5, 22.55, 22.95, 23.0, 9999.0, 9999.0, 9999.0, 24.14, 9999.0, 22.61, 9999.0, 22.84, 22.66, 22.5, 22.5, 22.5
2026-09-22, 02:56:28, 22.5, 22.57, 22.98, 23.0, 9999.0, 9999.0, 9999.0, 24.11, 9999.0, 22.59, 9999.0, 22.86, 22.66, 22.5, 22.5, 22.5
2026-09-22, 02:56:32, 22.5, 22.57, 23.0, 23.0, 9999.0, 9999.0, 9999.0, 24.07, 9999.0, 22.57, 9999.0, 22.86, 22.66, 22.5, 22.5, 22.5
2026-09-22, 02:56:36, 22.5, 22.57, 23.0, 23.0, 9999.0, 9999.0, 9999.0, 24.02, 9999.0, 22.55, 9999.0, 22.86, 22.66, 22.48, 22.5, 22.5
2026-09-22, 02:56:40, 22.5, 22.57, 23.0, 23.0, 9999.0, 9999.0, 9999.0, 23.98, 9999.0, 22.57, 9999.0, 22.89, 22.68, 22.48, 22.5, 22.5
2026-09-22, 02:56:44, 22.5, 22.57, 23.0, 23.0, 9999.0, 9999.0, 9999.0, 23.93, 9999.0, 22.59, 9999.0, 22.91, 22.68, 22.48, 22.5, 22.5
2026-09-22, 02:56:48, 22.5, 22.59, 23.0, 23.0, 9999.0, 9999.0, 9999.0, 23.89, 9999.0, 22.59, 9999.0, 22.93, 22.68, 22.48, 22.5, 22.5
2026-09-22, 02:56:52, 22.5, 22.59, 23.0, 23.0, 9999.0, 9999.0, 9999.0, 23.86, 9999.0, 22.61, 9999.0, 22.95, 22.66, 22.48, 22.5, 22.5
2026-09-22, 02:56:56, 22.5, 22.59, 23.0, 23.0, 9999.0, 9999.0, 9999.0, 23.84, 9999.0, 22.66, 9999.0, 22.98, 22.68, 22.48, 22.5, 22.5
2026-09-22, 02:57:00, 22.5, 22.59, 23.0, 23.0, 9999.0, 9999.0, 9999.0, 23.89, 9999.0, 22.7, 9999.0, 23.0, 22.7, 22.48, 22.5, 22.5
2026-09-22, 02:57:04, 22.5, 22.57, 23.0, 23.0, 9999.0, 9999.0, 9999.0, 23.93, 9999.0, 22.73, 9999.0, 22.98, 22.73, 22.48, 22.5, 22.5
2026-09-22, 02:57:08, 22.5, 22.57, 23.0, 22.98, 9999.0, 9999.0, 9999.0, 23.95, 9999.0, 22.75, 9999.0, 22.95, 22.7, 22.45, 22.5, 22.5
2026-09-22, 02:57:12, 22.5, 22.55, 23.0, 22.98, 9999.0, 9999.0, 9999.0, 23.98, 9999.0, 22.77, 9999.0, 22.93, 22.7, 22.43, 22.5, 22.5
2026-09-22, 02:57:16, 22.5, 22.55, 23.0, 22.98, 9999.0, 9999.0, 9999.0, 24.02, 9999.0, 22.8, 9999.0, 22.91, 22.7, 22.41, 22.5, 22.5
2026-09-22, 02:57:20, 22.5, 22.55, 23.0, 22.98, 9999.0, 9999.0, 9999.0, 24.07, 9999.0, 22.82, 9999.0, 22.89, 22.68, 22.43, 22.5, 22.5
2026-09-22, 02:57:24, 22.5, 22.55, 22.98, 22.98, 9999.0, 9999.0, 9999.0, 24.09, 9999.0, 22.82, 9999.0, 22.86, 22.66, 22.41, 22.5, 22.5
2026-09-22, 02:57:28, 22.5, 22.57, 22.95, 22.98, 9999.0, 9999.0, 9999.0, 24.11, 9999.0, 22.82, 9999.0, 22.84, 22.64, 22.41, 22.5, 22.5
2026-09-22, 02:57:32, 22.5, 22.55, 22.95, 22.98, 9999.0, 9999.0, 9999.0, 24.14, 9999.0, 22.82, 9999.0, 22.82, 22.64, 22.39, 22.5, 22.5
2026-09-22, 02:57:36, 22.5, 22.55, 22.95, 22.98, 9999.0, 9999.0, 9999.0, 24.18, 9999.0, 22.77, 9999.0, 22.82, 22.66, 22.39, 22.5, 22.5
2026-09-22, 02:57:40, 22.5, 22.57, 22.95, 22.95, 9999.0, 9999.0, 9999.0, 24.2, 9999.0, 22.75, 9999.0, 22.82, 22.64, 22.39, 22.5, 22.5
2026-09-22, 02:57:44, 22.5, 22.57, 22.95, 22.93, 9999.0, 9999.0, 9999.0, 24.16, 9999.0, 22.7, 9999.0, 22.82, 22.64, 22.39, 22.5, 22.48
2026-09-22, 02:57:48, 22.5, 22.57, 22.95, 22.93, 9999.0, 9999.0, 9999.0, 24.11, 9999.0, 22.68, 9999.0, 22.84, 22.64, 22.36, 22.5, 22.48
2026-09-22, 02:57:52, 22.5, 22.57, 22.95, 22.95, 9999.0, 9999.0, 9999.0, 24.07, 9999.0, 22.66, 9999.0, 22.86, 22.66, 22.39, 22.5, 22.48
2026-09-22, 02:57:57, 22.5, 22.57, 22.95, 22.93, 9999.0, 9999.0, 9999.0, 24.05, 9999.0, 22.66, 9999.0, 22.89, 22.64, 22.39, 22.5, 22.48
2026-09-22, 02:58:01, 22.5, 22.57, 22.95, 22.93, 9999.0, 9999.0, 9999.0, 24.0, 9999.0, 22.66, 9999.0, 22.91, 22.64, 22.41, 22.5, 22.48
2026-09-22, 02:58:05, 22.5, 22.57, 22.93, 22.93, 9999.0, 9999.0, 9999.0, 23.95, 9999.0, 22.66, 9999.0, 22.93, 22.66, 22.41, 22.5, 22.48
2026-09-22, 02:58:09, 22.5, 22.57, 22.93, 22.93, 9999.0, 9999.0, 9999.0, 23.93, 9999.0, 22.68, 9999.0, 22.95, 22.68, 22.41, 22.5, 22.48
2026-09-22, 02:58:13, 22.5, 22.57, 22.95, 22.93, 9999.0, 9999.0, 9999.0, 23.89, 9999.0, 22.7, 9999.0, 22.95, 22.7, 22.41, 22.5, 22.48
2026-09-22, 02:58:17, 22.5, 22.59, 22.93, 22.91, 9999.0, 9999.0, 9999.0, 23.93, 9999.0, 22.73, 9999.0, 22.98, 22.68, 22.43, 22.5, 22.48
2026-09-22, 02:58:21, 22.5, 22.59, 22.93, 22.91, 9999.0, 9999.0, 9999.0, 23.95, 9999.0, 22.75, 9999.0, 22.98, 22.68, 22.41, 22.5, 22.48
2026-09-22, 02:58:25, 22.5, 22.59, 22.93, 22.91, 9999.0, 9999.0, 9999.0, 24.0, 9999.0, 22.75, 9999.0, 22.98, 22.7, 22.39, 22.5, 22.48
2026-09-22, 02:58:29, 22.5, 22.61, 22.91, 22.93, 9999.0, 9999.0, 9999.0, 24.02, 9999.0, 22.77, 9999.0, 22.95, 22.7, 22.36, 22.5, 22.5
2026-09-22, 02:58:33, 22.5, 22.61, 22.91, 22.93, 9999.0, 9999.0, 9999.0, 24.05, 9999.0, 22.8, 9999.0, 22.93, 22.7, 22.39, 22.5, 22.5
2026-09-22, 02:58:37, 22.5, 22.64, 22.91, 22.91, 9999.0, 9999.0, 9999.0, 24.09, 9999.0, 22.82, 9999.0, 22.91, 22.68, 22.39, 22.5, 22.5
2026-09-22, 02:58:41, 22.5, 22.64, 22.89, 22.93, 9999.0, 9999.0, 9999.0, 24.09, 9999.0, 22.82, 9999.0, 22.89, 22.7, 22.41, 22.5, 22.5
2026-09-22, 02:58:45, 22.5, 22.66, 22.89, 22.93, 9999.0, 9999.0, 9999.0, 24.11, 9999.0, 22.82, 9999.0, 22.86, 22.7, 22.41, 22.5, 22.5
2026-09-22, 02:58:49, 22.5, 22.66, 22.91, 22.93, 9999.0, 9999.0, 9999.0, 24.16, 9999.0, 22.8, 9999.0, 22.84, 22.68, 22.41, 22.5, 22.5
2026-09-22, 02:58:53, 22.5, 22.66, 22.91, 22.91, 9999.0, 9999.0, 9999.0, 24.18, 9999.0, 22.75, 9999.0, 22.84, 22.68, 22.41, 22.5, 22.5
2026-09-22, 02:58:57, 22.5, 22.64, 22.91, 22.89, 9999.0, 9999.0, 9999.0, 24.23, 9999.0, 22.7, 9999.0, 22.84, 22.68, 22.41, 22.5, 22.5
2026-09-22, 02:59:01, 22.5, 22.64, 22.93, 22.89, 9999.0, 9999.0, 9999.0, 24.18, 9999.0, 22.66, 9999.0, 22.84, 22.7, 22.39, 22.5, 22.5
2026-09-22, 02:59:05, 22.5, 22.64, 22.91, 22.89, 9999.0, 9999.0, 9999.0, 24.14, 9999.0, 22.64, 9999.0, 22.84, 22.7, 22.41, 22.5, 22.5
2026-09-22, 02:59:09, 22.5, 22.61, 22.89, 22.91, 9999.0, 9999.0, 9999.0, 24.07, 9999.0, 22.61, 9999.0, 22.84, 22.68, 22.43, 22.5, 22.5
2026-09-22, 02:59:13, 22.5, 22.59, 22.89, 22.91, 9999.0, 9999.0, 9999.0, 24.02, 9999.0, 22.61, 9999.0, 22.86, 22.68, 22.43, 22.5, 22.5
2026-09-22, 02:59:17, 22.5, 22.61, 22.89, 22.91, 9999.0, 9999.0, 9999.0, 23.98, 9999.0, 22.61, 9999.0, 22.89, 22.68, 22.43, 22.5, 22.5
2026-09-22, 02:59:21, 22.5, 22.59, 22.86, 22.93, 9999.0, 9999.0, 9999.0, 23.93, 9999.0, 22.61, 9999.0, 22.89, 22.7, 22.43, 22.5, 22.5
2026-09-22, 02:59:25, 22.5, 22.59, 22.89, 22.93, 9999.0, 9999.0, 9999.0, 23.91, 9999.0, 22.64, 9999.0, 22.91, 22.7, 22.43, 22.5, 22.5
2026-09-22, 02:59:29, 22.5, 22.57, 22.89, 22.93, 9999.0, 9999.0, 9999.0, 23.89, 9999.0, 22.66, 9999.0, 22.91, 22.7, 22.43, 22.5, 22.5
2026-09-22, 02:59:33, 22.5, 22.59, 22.86, 22.93, 9999.0, 9999.0, 9999.0, 23.91, 9999.0, 22.7, 9999.0, 22.93, 22.73, 22.43, 22.5, 22.5
2026-09-22, 02:59:37, 22.5, 22.57, 22.86, 22.95, 9999.0, 9999.0, 9999.0, 23.95, 9999.0, 22.75, 9999.0, 22.93, 22.73, 22.45, 22.5, 22.5
2026-09-22, 02:59:41, 22.5, 22.57, 22.84, 22.98, 9999.0, 9999.0, 9999.0, 24.0, 9999.0, 22.77, 9999.0, 22.93, 22.73, 22.45, 22.5, 22.48
2026-09-22, 02:59:45, 22.5, 22.55, 22.84, 23.0, 9999.0, 9999.0, 9999.0, 24.02, 9999.0, 22.8, 9999.0, 22.91, 22.73, 22.45, 22.5, 22.48
2026-09-22, 02:59:49, 22.5, 22.55, 22.86, 23.0, 9999.0, 9999.0, 9999.0, 24.05, 9999.0, 22.82, 9999.0, 22.89, 22.7, 22.45, 22.5, 22.48
2026-09-22, 02:59:53, 22.5, 22.55, 22.89, 23.0, 9999.0, 9999.0, 9999.0, 24.09, 9999.0, 22.84, 9999.0, 22.86, 22.73, 22.45, 22.5, 22.48
2026-09-22, 02:59:57, 22.5, 22.57, 22.91, 22.98, 9999.0, 9999.0, 9999.0, 24.14, 9999.0, 22.84, 9999.0, 22.84, 22.73, 22.48, 22.5, 22.48
2026-09-22, 03:00:01, 22.5, 22.55, 22.91, 22.95, 9999.0, 9999.0, 9999.0, 24.16, 9999.0, 22.84, 9999.0, 22.82, 22.7, 22.45, 22.5, 22.48
2026-09-22, 03:00:05, 22.5, 22.57, 22.93, 22.93, 9999.0, 9999.0, 9999.0, 24.2, 9999.0, 22.84, 9999.0, 22.82, 22.68, 22.43, 22.5, 22.48
2026-09-22, 03:00:09, 22.5, 22.57, 22.93, 22.91, 9999.0, 9999.0, 9999.0, 24.23, 9999.0, 22.82, 9999.0, 22.8, 22.66, 22.41, 22.5, 22.48
2026-09-22, 03:00:13, 22.5, 22.57, 22.93, 22.91, 9999.0, 9999.0, 9999.0, 24.25, 9999.0, 22.8, 9999.0, 22.82, 22.66, 22.41, 22.5, 22.48
2026-09-22, 03:00:17, 22.5, 22.55, 22.95, 22.89, 9999.0, 9999.0, 9999.0, 24.2, 9999.0, 22.77, 9999.0, 22.82, 22.64, 22.39, 22.48, 22.48
2026-09-22, 03:00:21, 22.5, 22.55, 22.98, 22.89, 9999.0, 9999.0, 9999.0, 24.16, 9999.0, 22.75, 9999.0, 22.82, 22.64, 22.39, 22.48, 22.45
2026-09-22, 03:00:25, 22.5, 22.57, 23.0, 22.86, 9999.0, 9999.0, 9999.0, 24.11, 9999.0, 22.75, 9999.0, 22.84, 22.61, 22.39, 22.48, 22.45
2026-09-22, 03:00:29, 22.5, 22.59, 23.0, 22.86, 9999.0, 9999.0, 9999.0, 24.09, 9999.0, 22.77, 9999.0, 22.86, 22.59, 22.41, 22.48, 22.45
2026-09-22, 03:00:33, 22.5, 22.59, 23.0, 22.84, 9999.0, 9999.0, 9999.0, 24.07, 9999.0, 22.8, 9999.0, 22.89, 22.61, 22.41, 22.48, 22.45
2026-09-22, 03:00:37, 22.5, 22.59, 22.98, 22.84, 9999.0, 9999.0, 9999.0, 24.02, 9999.0, 22.82, 9999.0, 22.91, 22.61, 22.41, 22.48, 22.45
2026-09-22, 03:00:41, 22.5, 22.57, 22.95, 22.86, 9999.0, 9999.0, 9999.0, 23.98, 9999.0, 22.86, 9999.0, 22.93, 22.61, 22.41, 22.48, 22.45
2026-09-22, 03:00:45, 22.5, 22.59, 22.95, 22.89, 9999.0, 9999.0, 9999.0, 23.95, 9999.0, 22.89, 9999.0, 22.95, 22.64, 22.43, 22.48, 22.45
2026-09-22, 03:00:49, 22.5, 22.59, 22.95, 22.89, 9999.0, 9999.0, 9999.0, 24.0, 9999.0, 22.91, 9999.0, 22.98, 22.66, 22.45, 22.48, 22.45
2026-09-22, 03:00:53, 22.5, 22.59, 22.95, 22.89, 9999.0, 9999.0, 9999.0, 24.05, 9999.0, 22.93, 9999.0, 22.98, 22.68, 22.48, 22.48, 22.45
2026-09-22, 03:00:57, 22.5, 22.61, 22.95, 22.89, 9999.0, 9999.0, 9999.0, 24.09, 9999.0, 22.93, 9999.0, 22.98, 22.66, 22.48, 22.48, 22.45
2026-09-22, 03:01:01, 22.5, 22.64, 22.95, 22.89, 9999.0, 9999.0, 9999.0, 24.14, 9999.0, 22.93, 9999.0, 22.95, 22.68, 22.5, 22.5, 22.43
2026-09-22, 03:01:05, 22.5, 22.64, 22.93, 22.86, 9999.0, 9999.0, 9999.0, 24.16, 9999.0, 22.93, 9999.0, 22.93, 22.66, 22.5, 22.5, 22.45
2026-09-22, 03:01:09, 22.5, 22.61, 22.93, 22.89, 9999.0, 9999.0, 9999.0, 24.18, 9999.0, 22.93, 9999.0, 22.91, 22.66, 22.5, 22.5, 22.48
2026-09-22, 03:01:13, 22.5, 22.59, 22.93, 22.86, 9999.0, 9999.0, 9999.0, 24.2, 9999.0, 22.91, 9999.0, 22.89, 22.66, 22.5, 22.5, 22.48
2026-09-22, 03:01:17, 22.5, 22.59, 22.93, 22.86, 9999.0, 9999.0, 9999.0, 24.23, 9999.0, 22.91, 9999.0, 22.86, 22.64, 22.5, 22.5, 22.48
2026-09-22, 03:01:21, 22.5, 22.59, 22.93, 22.84, 9999.0, 9999.0, 9999.0, 24.27, 9999.0, 22.89, 9999.0, 22.82, 22.61, 22.48, 22.5, 22.48
2026-09-22, 03:01:25, 22.5, 22.61, 22.95, 22.84, 9999.0, 9999.0, 9999.0, 24.32, 9999.0, 22.84, 9999.0, 22.82, 22.59, 22.48, 22.5, 22.45
2026-09-22, 03:01:29, 22.5, 22.61, 22.93, 22.84, 9999.0, 9999.0, 9999.0, 24.34, 9999.0, 22.82, 9999.0, 22.8, 22.57, 22.48, 22.5, 22.43
2026-09-22, 03:01:33, 22.5, 22.59, 22.93, 22.86, 9999.0, 9999.0, 9999.0, 24.27, 9999.0, 22.8, 9999.0, 22.8, 22.55, 22.48, 22.5, 22.43
2026-09-22, 03:01:37, 22.5, 22.61, 22.93, 22.89, 9999.0, 9999.0, 9999.0, 24.23, 9999.0, 22.77, 9999.0, 22.82, 22.55, 22.48, 22.5, 22.43
2026-09-22, 03:01:41, 22.5, 22.61, 22.93, 22.89, 9999.0, 9999.0, 9999.0, 24.18, 9999.0, 22.77, 9999.0, 22.82, 22.57, 22.48, 22.5, 22.43
2026-09-22, 03:01:45, 22.5, 22.61, 22.93, 22.91, 9999.0, 9999.0, 9999.0, 24.14, 9999.0, 22.8, 9999.0, 22.82, 22.55, 22.48, 22.5, 22.45
2026-09-22, 03:01:50, 22.5, 22.64, 22.95, 22.93, 9999.0, 9999.0, 9999.0, 24.11, 9999.0, 22.82, 9999.0, 22.84, 22.55, 22.45, 22.5, 22.45
2026-09-22, 03:01:54, 22.5, 22.66, 22.95, 22.93, 9999.0, 9999.0, 9999.0, 24.09, 9999.0, 22.84, 9999.0, 22.86, 22.57, 22.43, 22.5, 22.45
2026-09-22, 03:01:58, 22.5, 22.66, 22.95, 22.95, 9999.0, 9999.0, 9999.0, 24.05, 9999.0, 22.86, 9999.0, 22.89, 22.59, 22.43, 22.5, 22.45
2026-09-22, 03:02:02, 22.5, 22.66, 22.93, 22.98, 9999.0, 9999.0, 9999.0, 24.0, 9999.0, 22.86, 9999.0, 22.91, 22.61, 22.41, 22.5, 22.45
2026-09-22, 03:02:06, 22.5, 22.68, 22.95, 22.98, 9999.0, 9999.0, 9999.0, 24.02, 9999.0, 22.89, 9999.0, 22.93, 22.64, 22.41, 22.48, 22.45
2026-09-22, 03:02:10, 22.5, 22.68, 22.93, 22.98, 9999.0, 9999.0, 9999.0, 24.05, 9999.0, 22.91, 9999.0, 22.91, 22.66, 22.39, 22.48, 22.48
2026-09-22, 03:02:14, 22.48, 22.68, 22.95, 22.95, 9999.0, 9999.0, 9999.0, 24.09, 9999.0, 22.93, 9999.0, 22.91, 22.68, 22.36, 22.48, 22.5
2026-09-22, 03:02:18, 22.48, 22.7, 22.95, 22.93, 9999.0, 9999.0, 9999.0, 24.14, 9999.0, 22.95, 9999.0, 22.89, 22.7, 22.36, 22.48, 22.5
2026-09-22, 03:02:22, 22.48, 22.7, 22.95, 22.93, 9999.0, 9999.0, 9999.0, 24.16, 9999.0, 22.98, 9999.0, 22.86, 22.68, 22.36, 22.48, 22.5
2026-09-22, 03:02:26, 22.48, 22.7, 22.95, 22.93, 9999.0, 9999.0, 9999.0, 24.2, 9999.0, 22.98, 9999.0, 22.84, 22.68, 22.34, 22.48, 22.5
2026-09-22, 03:02:30, 22.48, 22.7, 22.95, 22.93, 9999.0, 9999.0, 9999.0, 24.23, 9999.0, 22.98, 9999.0, 22.84, 22.68, 22.34, 22.48, 22.5
2026-09-22, 03:02:34, 22.48, 22.68, 22.95, 22.93, 9999.0, 9999.0, 9999.0, 24.25, 9999.0, 22.98, 9999.0, 22.82, 22.7, 22.34, 22.48, 22.5
2026-09-22, 03:02:38, 22.48, 22.66, 22.95, 22.93, 9999.0, 9999.0, 9999.0, 24.27, 9999.0, 22.95, 9999.0, 22.8, 22.68, 22.36, 22.48, 22.5
2026-09-22, 03:02:42, 22.48, 22.68, 22.93, 22.93, 9999.0, 9999.0, 9999.0, 24.32, 9999.0, 22.93, 9999.0, 22.8, 22.66, 22.36, 22.48, 22.5
2026-09-22, 03:02:46, 22.48, 22.68, 22.95, 22.91, 9999.0, 9999.0, 9999.0, 24.36, 9999.0, 22.91, 9999.0, 22.77, 22.64, 22.36, 22.48, 22.5
2026-09-22, 03:02:50, 22.48, 22.66, 22.95, 22.93, 9999.0, 9999.0, 9999.0, 24.32, 9999.0, 22.89, 9999.0, 22.8, 22.61, 22.39, 22.5, 22.5
2026-09-22, 03:02:54, 22.48, 22.64, 22.98, 22.93, 9999.0, 9999.0, 9999.0, 24.27, 9999.0, 22.84, 9999.0, 22.82, 22.59, 22.41, 22.5, 22.5
2026-09-22, 03:02:58, 22.5, 22.61, 22.98, 22.95, 9999.0, 9999.0, 9999.0, 24.23, 9999.0, 22.82, 9999.0, 22.84, 22.59, 22.43, 22.5, 22.5
2026-09-22, 03:03:02, 22.5, 22.59, 22.98, 22.95, 9999.0, 9999.0, 9999.0, 24.18, 9999.0, 22.8, 9999.0, 22.86, 22.59, 22.43, 22.48, 22.5
2026-09-22, 03:03:06, 22.5, 22.59, 22.98, 22.93, 9999.0, 9999.0, 9999.0, 24.14, 9999.0, 22.77, 9999.0, 22.89, 22.61, 22.43, 22.48, 22.5
2026-09-22, 03:03:10, 22.5, 22.59, 22.98, 22.93, 9999.0, 9999.0, 9999.0, 24.07, 9999.0, 22.77, 9999.0, 22.91, 22.61, 22.45, 22.48, 22.48
2026-09-22, 03:03:14, 22.5, 22.57, 22.98, 22.93, 9999.0, 9999.0, 9999.0, 24.02, 9999.0, 22.77, 9999.0, 22.93, 22.64, 22.45, 22.48, 22.48
2026-09-22, 03:03:18, 22.5, 22.57, 22.98, 22.93, 9999.0, 9999.0, 9999.0, 23.98, 9999.0, 22.77, 9999.0, 22.95, 22.64, 22.45, 22.48, 22.48
2026-09-22, 03:03:22, 22.5, 22.57, 22.95, 22.93, 9999.0, 9999.0, 9999.0, 24.0, 9999.0, 22.8, 9999.0, 22.95, 22.66, 22.43, 22.48, 22.48
2026-09-22, 03:03:26, 22.5, 22.55, 22.98, 22.93, 9999.0, 9999.0, 9999.0, 24.02, 9999.0, 22.8, 9999.0, 22.93, 22.68, 22.41, 22.48, 22.48
2026-09-22, 03:03:30, 22.5, 22.57, 22.98, 22.95, 9999.0, 9999.0, 9999.0, 24.05, 9999.0, 22.8, 9999.0, 22.93, 22.7, 22.43, 22.48, 22.48
2026-09-22, 03:03:34, 22.5, 22.59, 22.95, 22.95, 9999.0, 9999.0, 9999.0, 24.09, 9999.0, 22.8, 9999.0, 22.91, 22.7, 22.43, 22.48, 22.48
2026-09-22, 03:03:38, 22.5, 22.61, 22.95, 22.93, 9999.0, 9999.0, 9999.0, 24.14, 9999.0, 22.82, 9999.0, 22.89, 22.7, 22.43, 22.48, 22.48
2026-09-22, 03:03:42, 22.5, 22.61, 22.95, 22.93, 9999.0, 9999.0, 9999.0, 24.16, 9999.0, 22.82, 9999.0, 22.86, 22.68, 22.43, 22.48, 22.45
2026-09-22, 03:03:46, 22.5, 22.64, 22.93, 22.95, 9999.0, 9999.0, 9999.0, 24.18, 9999.0, 22.82, 9999.0, 22.84, 22.66, 22.43, 22.48, 22.45
2026-09-22, 03:03:50, 22.5, 22.64, 22.93, 22.95, 9999.0, 9999.0, 9999.0, 24.23, 9999.0, 22.82, 9999.0, 22.82, 22.64, 22.43, 22.48, 22.45
2026-09-22, 03:03:54, 22.5, 22.61, 22.93, 22.95, 9999.0, 9999.0, 9999.0, 24.27, 9999.0, 22.82, 9999.0, 22.8, 22.61, 22.41, 22.48, 22.45
2026-09-22, 03:03:58, 22.5, 22.61, 22.93, 22.95, 9999.0, 9999.0, 9999.0, 24.32, 9999.0, 22.8, 9999.0, 22.77, 22.59, 22.41, 22.48, 22.43
2026-09-22, 03:04:02, 22.5, 22.61, 22.93, 22.93, 9999.0, 9999.0, 9999.0, 24.36, 9999.0, 22.77, 9999.0, 22.75, 22.57, 22.43, 22.48, 22.43
2026-09-22, 03:04:06, 22.5, 22.61, 22.95, 22.93, 9999.0, 9999.0, 9999.0, 24.32, 9999.0, 22.75, 9999.0, 22.77, 22.55, 22.45, 22.48, 22.43
2026-09-22, 03:04:10, 22.5, 22.64, 22.95, 22.91, 9999.0, 9999.0, 9999.0, 24.27, 9999.0, 22.73, 9999.0, 22.8, 22.52, 22.48, 22.48, 22.43
2026-09-22, 03:04:14, 22.5, 22.64, 22.95, 22.91, 9999.0, 9999.0, 9999.0, 24.23, 9999.0, 22.7, 9999.0, 22.82, 22.5, 22.45, 22.48, 22.43
2026-09-22, 03:04:18, 22.5, 22.64, 22.95, 22.89, 9999.0, 9999.0, 9999.0, 24.18, 9999.0, 22.7, 9999.0, 22.84, 22.5, 22.45, 22.48, 22.43
2026-09-22, 03:04:22, 22.5, 22.64, 22.95, 22.89, 9999.0, 9999.0, 9999.0, 24.14, 9999.0, 22.7, 9999.0, 22.86, 22.52, 22.45, 22.48, 22.43
2026-09-22, 03:04:26, 22.5, 22.66, 22.95, 22.89, 9999.0, 9999.0, 9999.0, 24.09, 9999.0, 22.7, 9999.0, 22.89, 22.55, 22.43, 22.48, 22.45
2026-09-22, 03:04:30, 22.5, 22.64, 22.98, 22.89, 9999.0, 9999.0, 9999.0, 24.05, 9999.0, 22.73, 9999.0, 22.91, 22.57, 22.43, 22.5, 22.45
2026-09-22, 03:04:34, 22.5, 22.61, 22.95, 22.91, 9999.0, 9999.0, 9999.0, 24.0, 9999.0, 22.75, 9999.0, 22.91, 22.59, 22.43, 22.48, 22.43
2026-09-22, 03:04:38, 22.5, 22.64, 22.95, 22.91, 9999.0, 9999.0, 9999.0, 24.02, 9999.0, 22.75, 9999.0, 22.91, 22.61, 22.45, 22.48, 22.45
2026-09-22, 03:04:42, 22.5, 22.66, 22.95, 22.89, 9999.0, 9999.0, 9999.0, 24.05, 9999.0, 22.75, 9999.0, 22.91, 22.61, 22.43, 22.48, 22.48
2026-09-22, 03:04:46, 22.5, 22.66, 22.93, 22.91, 9999.0, 9999.0, 9999.0, 24.07, 9999.0, 22.77, 9999.0, 22.91, 22.61, 22.43, 22.48, 22.45
2026-09-22, 03:04:50, 22.5, 22.68, 22.93, 22.91, 9999.0, 9999.0, 9999.0, 24.09, 9999.0, 22.77, 9999.0, 22.89, 22.61, 22.41, 22.45, 22.43
2026-09-22, 03:04:54, 22.5, 22.66, 22.91, 22.93, 9999.0, 9999.0, 9999.0, 24.11, 9999.0, 22.8, 9999.0, 22.86, 22.64, 22.41, 22.45, 22.41
2026-09-22, 03:04:58, 22.48, 22.66, 22.91, 22.91, 9999.0, 9999.0, 9999.0, 24.14, 9999.0, 22.82, 9999.0, 22.84, 22.66, 22.41, 22.45, 22.39
2026-09-22, 03:05:02, 22.48, 22.66, 22.91, 22.91, 9999.0, 9999.0, 9999.0, 24.16, 9999.0, 22.82, 9999.0, 22.82, 22.66, 22.41, 22.45, 22.36
2026-09-22, 03:05:06, 22.48, 22.66, 22.89, 22.93, 9999.0, 9999.0, 9999.0, 24.16, 9999.0, 22.8, 9999.0, 22.8, 22.64, 22.41, 22.45, 22.36
2026-09-22, 03:05:10, 22.48, 22.66, 22.89, 22.93, 9999.0, 9999.0, 9999.0, 24.2, 9999.0, 22.77, 9999.0, 22.77, 22.64, 22.41, 22.43, 22.34
2026-09-22, 03:05:14, 22.48, 22.68, 22.89, 22.91, 9999.0, 9999.0, 9999.0, 24.23, 9999.0, 22.73, 9999.0, 22.77, 22.61, 22.41, 22.43, 22.32
2026-09-22, 03:05:18, 22.48, 22.68, 22.91, 22.91, 9999.0, 9999.0, 9999.0, 24.25, 9999.0, 22.68, 9999.0, 22.8, 22.59, 22.39, 22.45, 22.34
2026-09-22, 03:05:22, 22.48, 22.66, 22.89, 22.91, 9999.0, 9999.0, 9999.0, 24.2, 9999.0, 22.66, 9999.0, 22.82, 22.59, 22.39, 22.45, 22.34
2026-09-22, 03:05:26, 22.48, 22.64, 22.86, 22.93, 9999.0, 9999.0, 9999.0, 24.16, 9999.0, 22.64, 9999.0, 22.84, 22.61, 22.41, 22.45, 22.34
2026-09-22, 03:05:30, 22.48, 22.64, 22.89, 22.93, 9999.0, 9999.0, 9999.0, 24.11, 9999.0, 22.59, 9999.0, 22.86, 22.61, 22.39, 22.43, 22.34
2026-09-22, 03:05:34, 22.48, 22.64, 22.89, 22.93, 9999.0, 9999.0, 9999.0, 24.09, 9999.0, 22.59, 9999.0, 22.89, 22.61, 22.41, 22.45, 22.36
2026-09-22, 03:05:39, 22.48, 22.64, 22.91, 22.93, 9999.0, 9999.0, 9999.0, 24.05, 9999.0, 22.57, 9999.0, 22.91, 22.59, 22.39, 22.45, 22.39
2026-09-22, 03:05:43, 22.5, 22.61, 22.91, 22.95, 9999.0, 9999.0, 9999.0, 24.0, 9999.0, 22.57, 9999.0, 22.91, 22.59, 22.41, 22.43, 22.41
2026-09-22, 03:05:47, 22.5, 22.61, 22.93, 22.98, 9999.0, 9999.0, 9999.0, 23.95, 9999.0, 22.57, 9999.0, 22.91, 22.61, 22.41, 22.43, 22.41
2026-09-22, 03:05:51, 22.5, 22.61, 22.93, 22.98, 9999.0, 9999.0, 9999.0, 23.93, 9999.0, 22.59, 9999.0, 22.93, 22.64, 22.39, 22.43, 22.41
2026-09-22, 03:05:55, 22.5, 22.59, 22.93, 22.98, 9999.0, 9999.0, 9999.0, 23.95, 9999.0, 22.61, 9999.0, 22.95, 22.61, 22.41, 22.45, 22.43
2026-09-22, 03:05:59, 22.5, 22.57, 22.93, 23.0, 9999.0, 9999.0, 9999.0, 24.0, 9999.0, 22.64, 9999.0, 22.93, 22.61, 22.39, 22.45, 22.43
2026-09-22, 03:06:03, 22.5, 22.59, 22.93, 23.0, 9999.0, 9999.0, 9999.0, 24.02, 9999.0, 22.64, 9999.0, 22.91, 22.64, 22.41, 22.45, 22.43
2026-09-22, 03:06:07, 22.5, 22.59, 22.93, 23.0, 9999.0, 9999.0, 9999.0, 24.05, 9999.0, 22.64, 9999.0, 22.89, 22.61, 22.41, 22.45, 22.43
2026-09-22, 03:06:11, 22.5, 22.59, 22.93, 23.0, 9999.0, 9999.0, 9999.0, 24.07, 9999.0, 22.66, 9999.0, 22.86, 22.59, 22.41, 22.45, 22.41
2026-09-22, 03:06:15, 22.5, 22.59, 22.93, 22.98, 9999.0, 9999.0, 9999.0, 24.09, 9999.0, 22.66, 9999.0, 22.84, 22.59, 22.43, 22.48, 22.43
2026-09-22, 03:06:19, 22.48, 22.59, 22.93, 22.98, 9999.0, 9999.0, 9999.0, 24.11, 9999.0, 22.64, 9999.0, 22.82, 22.59, 22.43, 22.48, 22.41
2026-09-22, 03:06:23, 22.48, 22.61, 22.93, 22.95, 9999.0, 9999.0, 9999.0, 24.16, 9999.0, 22.64, 9999.0, 22.8, 22.59, 22.45, 22.48, 22.41
2026-09-22, 03:06:27, 22.48, 22.61, 22.93, 22.93, 9999.0, 9999.0, 9999.0, 24.18, 9999.0, 22.61, 9999.0, 22.8, 22.57, 22.45, 22.5, 22.39
2026-09-22, 03:06:31, 22.48, 22.61, 22.93, 22.93, 9999.0, 9999.0, 9999.0, 24.2, 9999.0, 22.59, 9999.0, 22.8, 22.55, 22.45, 22.5, 22.41
2026-09-22, 03:06:35, 22.48, 22.61, 22.93, 22.91, 9999.0, 9999.0, 9999.0, 24.23, 9999.0, 22.57, 9999.0, 22.77, 22.52, 22.48, 22.5, 22.39
2026-09-22, 03:06:39, 22.48, 22.61, 22.93, 22.89, 9999.0, 9999.0, 9999.0, 24.18, 9999.0, 22.52, 9999.0, 22.77, 22.52, 22.48, 22.5, 22.39
2026-09-22, 03:06:43, 22.48, 22.64, 22.93, 22.89, 9999.0, 9999.0, 9999.0, 24.14, 9999.0, 22.48, 9999.0, 22.8, 22.55, 22.48, 22.5, 22.41
2026-09-22, 03:06:47, 22.48, 22.64, 22.93, 22.89, 9999.0, 9999.0, 9999.0, 24.11, 9999.0, 22.45, 9999.0, 22.82, 22.52, 22.48, 22.5, 22.41
2026-09-22, 03:06:51, 22.48, 22.64, 22.95, 22.86, 9999.0, 9999.0, 9999.0, 24.07, 9999.0, 22.45, 9999.0, 22.84, 22.52, 22.45, 22.5, 22.41
2026-09-22, 03:06:55, 22.48, 22.64, 22.95, 22.86, 9999.0, 9999.0, 9999.0, 24.02, 9999.0, 22.43, 9999.0, 22.86, 22.52, 22.45, 22.5, 22.43
2026-09-22, 03:06:59, 22.48, 22.64, 22.95, 22.89, 9999.0, 9999.0, 9999.0, 23.98, 9999.0, 22.43, 9999.0, 22.89, 22.55, 22.45, 22.5, 22.41
2026-09-22, 03:07:03, 22.5, 22.64, 22.95, 22.86, 9999.0, 9999.0, 9999.0, 23.93, 9999.0, 22.45, 9999.0, 22.91, 22.55, 22.43, 22.5, 22.43
2026-09-22, 03:07:07, 22.5, 22.61, 22.95, 22.89, 9999.0, 9999.0, 9999.0, 23.89, 9999.0, 22.48, 9999.0, 22.91, 22.55, 22.41, 22.5, 22.43
2026-09-22, 03:07:11, 22.5, 22.64, 22.95, 22.91, 9999.0, 9999.0, 9999.0, 23.93, 9999.0, 22.48, 9999.0, 22.93, 22.57, 22.41, 22.5, 22.45
2026-09-22, 03:07:15, 22.5, 22.61, 22.95, 22.89, 9999.0, 9999.0, 9999.0, 23.95, 9999.0, 22.48, 9999.0, 22.93, 22.57, 22.39, 22.5, 22.45
2026-09-22, 03:07:19, 22.5, 22.59, 22.98, 22.89, 9999.0, 9999.0, 9999.0, 23.98, 9999.0, 22.48, 9999.0, 22.93, 22.59, 22.39, 22.5, 22.48
2026-09-22, 03:07:23, 22.5, 22.59, 22.98, 22.91, 9999.0, 9999.0, 9999.0, 24.0, 9999.0, 22.48, 9999.0, 22.91, 22.59, 22.39, 22.5, 22.48
2026-09-22, 03:07:27, 22.5, 22.57, 22.98, 22.91, 9999.0, 9999.0, 9999.0, 24.02, 9999.0, 22.5, 9999.0, 22.89, 22.57, 22.41, 22.5, 22.48
2026-09-22, 03:07:31, 22.5, 22.55, 22.98, 22.89, 9999.0, 9999.0, 9999.0, 24.02, 9999.0, 22.52, 9999.0, 22.86, 22.57, 22.39, 22.5, 22.45
2026-09-22, 03:07:35, 22.5, 22.57, 22.98, 22.91, 9999.0, 9999.0, 9999.0, 24.05, 9999.0, 22.5, 9999.0, 22.84, 22.59, 22.39, 22.5, 22.45
2026-09-22, 03:07:39, 22.5, 22.57, 23.0, 22.91, 9999.0, 9999.0, 9999.0, 24.07, 9999.0, 22.48, 9999.0, 22.82, 22.61, 22.39, 22.5, 22.45
2026-09-22, 03:07:43, 22.5, 22.57, 22.98, 22.89, 9999.0, 9999.0, 9999.0, 24.09, 9999.0, 22.45, 9999.0, 22.8, 22.59, 22.36, 22.5, 22.48
2026-09-22, 03:07:47, 22.5, 22.55, 22.98, 22.89, 9999.0, 9999.0, 9999.0, 24.11, 9999.0, 22.41, 9999.0, 22.8, 22.61, 22.36, 22.5, 22.48
2026-09-22, 03:07:51, 22.5, 22.57, 22.98, 22.86, 9999.0, 9999.0, 9999.0, 24.14, 9999.0, 22.36, 9999.0, 22.8, 22.61, 22.36, 22.5, 22.48
2026-09-22, 03:07:55, 22.5, 22.55, 22.98, 22.86, 9999.0, 9999.0, 9999.0, 24.09, 9999.0, 22.34, 9999.0, 22.8, 22.59, 22.34, 22.5, 22.48
2026-09-22, 03:07:59, 22.5, 22.55, 22.95, 22.89, 9999.0, 9999.0, 9999.0, 24.05, 9999.0, 22.32, 9999.0, 22.82, 22.59, 22.36, 22.5, 22.48
2026-09-22, 03:08:03, 22.5, 22.55, 22.93, 22.89, 9999.0, 9999.0, 9999.0, 24.0, 9999.0, 22.27, 9999.0, 22.84, 22.59, 22.36, 22.5, 22.45
2026-09-22, 03:08:07, 22.5, 22.55, 22.93, 22.86, 9999.0, 9999.0, 9999.0, 23.95, 9999.0, 22.27, 9999.0, 22.86, 22.61, 22.36, 22.5, 22.45
2026-09-22, 03:08:11, 22.5, 22.55, 22.93, 22.84, 9999.0, 9999.0, 9999.0, 23.91, 9999.0, 22.25, 9999.0, 22.89, 22.61, 22.36, 22.5, 22.45
2026-09-22, 03:08:15, 22.5, 22.55, 22.91, 22.86, 9999.0, 9999.0, 9999.0, 23.89, 9999.0, 22.25, 9999.0, 22.91, 22.61, 22.39, 22.5, 22.45
2026-09-22, 03:08:19, 22.5, 22.52, 22.91, 22.84, 9999.0, 9999.0, 9999.0, 23.86, 9999.0, 22.27, 9999.0, 22.93, 22.61, 22.41, 22.5, 22.45
2026-09-22, 03:08:23, 22.5, 22.52, 22.91, 22.84, 9999.0, 9999.0, 9999.0, 23.82, 9999.0, 22.3, 9999.0, 22.93, 22.61, 22.41, 22.5, 22.45
2026-09-22, 03:08:27, 22.5, 22.52, 22.93, 22.86, 9999.0, 9999.0, 9999.0, 23.84, 9999.0, 22.32, 9999.0, 22.93, 22.61, 22.41, 22.5, 22.45
2026-09-22, 03:08:31, 22.5, 22.52, 22.93, 22.89, 9999.0, 9999.0, 9999.0, 23.86, 9999.0, 22.32, 9999.0, 22.91, 22.59, 22.43, 22.5, 22.45
2026-09-22, 03:08:35, 22.5, 22.5, 22.93, 22.91, 9999.0, 9999.0, 9999.0, 23.89, 9999.0, 22.32, 9999.0, 22.91, 22.59, 22.43, 22.5, 22.43
2026-09-22, 03:08:39, 22.5, 22.5, 22.91, 22.91, 9999.0, 9999.0, 9999.0, 23.91, 9999.0, 22.32, 9999.0, 22.89, 22.61, 22.45, 22.5, 22.43
2026-09-22, 03:08:43, 22.5, 22.52, 22.91, 22.91, 9999.0, 9999.0, 9999.0, 23.93, 9999.0, 22.32, 9999.0, 22.86, 22.61, 22.45, 22.5, 22.43
2026-09-22, 03:08:47, 22.5, 22.52, 22.93, 22.91, 9999.0, 9999.0, 9999.0, 23.95, 9999.0, 22.34, 9999.0, 22.84, 22.59, 22.45, 22.5, 22.45
2026-09-22, 03:08:51, 22.5, 22.52, 22.91, 22.93, 9999.0, 9999.0, 9999.0, 23.98, 9999.0, 22.34, 9999.0, 22.82, 22.57, 22.45, 22.5, 22.45
2026-09-22, 03:08:55, 22.5, 22.52, 22.91, 22.95, 9999.0, 9999.0, 9999.0, 24.0, 9999.0, 22.34, 9999.0, 22.8, 22.57, 22.45, 22.5, 22.45
2026-09-22, 03:08:59, 22.5, 22.52, 22.93, 22.95, 9999.0, 9999.0, 9999.0, 24.02, 9999.0, 22.32, 9999.0, 22.77, 22.57, 22.45, 22.5, 22.48
2026-09-22, 03:09:03, 22.5, 22.55, 22.93, 22.98, 9999.0, 9999.0, 9999.0, 24.05, 9999.0, 22.27, 9999.0, 22.77, 22.55, 22.43, 22.5, 22.45
2026-09-22, 03:09:07, 22.5, 22.55, 22.91, 22.98, 9999.0, 9999.0, 9999.0, 24.07, 9999.0, 22.23, 9999.0, 22.77, 22.52, 22.43, 22.48, 22.45
2026-09-22, 03:09:11, 22.5, 22.55, 22.91, 22.98, 9999.0, 9999.0, 9999.0, 24.02, 9999.0, 22.18, 9999.0, 22.8, 22.52, 22.43, 22.48, 22.45
2026-09-22, 03:09:15, 22.5, 22.55, 22.89, 22.98, 9999.0, 9999.0, 9999.0, 23.98, 9999.0, 22.16, 9999.0, 22.82, 22.55, 22.43, 22.48, 22.45
2026-09-22, 03:09:19, 22.5, 22.55, 22.89, 22.95, 9999.0, 9999.0, 9999.0, 23.93, 9999.0, 22.14, 9999.0, 22.84, 22.55, 22.45, 22.48, 22.48
2026-09-22, 03:09:23, 22.5, 22.55, 22.89, 22.93, 9999.0, 9999.0, 9999.0, 23.89, 9999.0, 22.14, 9999.0, 22.86, 22.55, 22.45, 22.48, 22.48
2026-09-22, 03:09:28, 22.5, 22.52, 22.91, 22.93, 9999.0, 9999.0, 9999.0, 23.86, 9999.0, 22.14, 9999.0, 22.89, 22.55, 22.45, 22.45, 22.48
2026-09-22, 03:09:32, 22.5, 22.52, 22.91, 22.93, 9999.0, 9999.0, 9999.0, 23.84, 9999.0, 22.16, 9999.0, 22.91, 22.57, 22.45, 22.45, 22.45
2026-09-22, 03:09:36, 22.5, 22.52, 22.93, 22.91, 9999.0, 9999.0, 9999.0, 23.8, 9999.0, 22.18, 9999.0, 22.93, 22.59, 22.43, 22.45, 22.45
2026-09-22, 03:09:40, 22.5, 22.52, 22.91, 22.89, 9999.0, 9999.0, 9999.0, 23.75, 9999.0, 22.2, 9999.0, 22.93, 22.61, 22.43, 22.45, 22.45
2026-09-22, 03:09:44, 22.5, 22.52, 22.89, 22.89, 9999.0, 9999.0, 9999.0, 23.77, 9999.0, 22.2, 9999.0, 22.93, 22.64, 22.43, 22.43, 22.45
2026-09-22, 03:09:48, 22.5, 22.5, 22.86, 22.89, 9999.0, 9999.0, 9999.0, 23.82, 9999.0, 22.23, 9999.0, 22.93, 22.64, 22.45, 22.43, 22.48
2026-09-22, 03:09:52, 22.5, 22.5, 22.89, 22.89, 9999.0, 9999.0, 9999.0, 23.86, 9999.0, 22.25, 9999.0, 22.93, 22.66, 22.45, 22.43, 22.48
2026-09-22, 03:09:56, 22.5, 22.5, 22.89, 22.89, 9999.0, 9999.0, 9999.0, 23.91, 9999.0, 22.27, 9999.0, 22.91, 22.68, 22.48, 22.41, 22.48
2026-09-22, 03:10:00, 22.5, 22.5, 22.91, 22.89, 9999.0, 9999.0, 9999.0, 23.93, 9999.0, 22.3, 9999.0, 22.89, 22.66, 22.48, 22.41, 22.48
2026-09-22, 03:10:04, 22.5, 22.5, 22.91, 22.89, 9999.0, 9999.0, 9999.0, 23.95, 9999.0, 22.32, 9999.0, 22.86, 22.66, 22.48, 22.41, 22.48
2026-09-22, 03:10:08, 22.5, 22.5, 22.93, 22.91, 9999.0, 9999.0, 9999.0, 23.98, 9999.0, 22.32, 9999.0, 22.84, 22.64, 22.45, 22.41, 22.48
2026-09-22, 03:10:12, 22.48, 22.5, 22.93, 22.91, 9999.0, 9999.0, 9999.0, 24.0, 9999.0, 22.32, 9999.0, 22.82, 22.64, 22.43, 22.41, 22.48
2026-09-22, 03:10:16, 22.48, 22.5, 22.91, 22.91, 9999.0, 9999.0, 9999.0, 24.0, 9999.0, 22.3, 9999.0, 22.8, 22.61, 22.43, 22.41, 22.5
2026-09-22, 03:10:20, 22.48, 22.5, 22.91, 22.91, 9999.0, 9999.0, 9999.0, 24.02, 9999.0, 22.27, 9999.0, 22.8, 22.59, 22.43, 22.41, 22.5
2026-09-22, 03:10:24, 22.48, 22.5, 22.93, 22.91, 9999.0, 9999.0, 9999.0, 24.05, 9999.0, 22.23, 9999.0, 22.82, 22.57, 22.41, 22.41, 22.5
2026-09-22, 03:10:28, 22.48, 22.5, 22.93, 22.91, 9999.0, 9999.0, 9999.0, 24.0, 9999.0, 22.2, 9999.0, 22.84, 22.55, 22.41, 22.43, 22.5
2026-09-22, 03:10:32, 22.48, 22.5, 22.93, 22.91, 9999.0, 9999.0, 9999.0, 23.93, 9999.0, 22.18, 9999.0, 22.84, 22.55, 22.41, 22.43, 22.5
2026-09-22, 03:10:36, 22.48, 22.5, 22.93, 22.89, 9999.0, 9999.0, 9999.0, 23.89, 9999.0, 22.16, 9999.0, 22.86, 22.55, 22.41, 22.45, 22.5
2026-09-22, 03:10:40, 22.48, 22.52, 22.93, 22.89, 9999.0, 9999.0, 9999.0, 23.84, 9999.0, 22.16, 9999.0, 22.89, 22.52, 22.41, 22.48, 22.5
2026-09-22, 03:10:44, 22.48, 22.52, 22.91, 22.89, 9999.0, 9999.0, 9999.0, 23.8, 9999.0, 22.16, 9999.0, 22.91, 22.52, 22.41, 22.48, 22.5
2026-09-22, 03:10:48, 22.48, 22.52, 22.91, 22.91, 9999.0, 9999.0, 9999.0, 23.75, 9999.0, 22.16, 9999.0, 22.93, 22.55, 22.41, 22.48, 22.5
2026-09-22, 03:10:52, 22.48, 22.52, 22.91, 22.91, 9999.0, 9999.0, 9999.0, 23.7, 9999.0, 22.18, 9999.0, 22.95, 22.57, 22.43, 22.48, 22.5
2026-09-22, 03:10:56, 22.5, 22.52, 22.91, 22.91, 9999.0, 9999.0, 9999.0, 23.66, 9999.0, 22.2, 9999.0, 22.95, 22.59, 22.43, 22.5, 22.5
2026-09-22, 03:11:00, 22.5, 22.52, 22.91, 22.93, 9999.0, 9999.0, 9999.0, 23.7, 9999.0, 22.2, 9999.0, 22.95, 22.61, 22.43, 22.5, 22.5
2026-09-22, 03:11:04, 22.5, 22.52, 22.91, 22.95, 9999.0, 9999.0, 9999.0, 23.75, 9999.0, 22.23, 9999.0, 22.93, 22.64, 22.45, 22.5, 22.5
2026-09-22, 03:11:08, 22.5, 22.52, 22.91, 22.98, 9999.0, 9999.0, 9999.0, 23.8, 9999.0, 22.25, 9999.0, 22.91, 22.64, 22.45, 22.5, 22.5
2026-09-22, 03:11:12, 22.5, 22.52, 22.93, 22.98, 9999.0, 9999.0, 9999.0, 23.82, 9999.0, 22.3, 9999.0, 22.89, 22.66, 22.45, 22.48, 22.5
2026-09-22, 03:11:16, 22.5, 22.52, 22.95, 22.98, 9999.0, 9999.0, 9999.0, 23.84, 9999.0, 22.32, 9999.0, 22.86, 22.66, 22.45, 22.48, 22.5
2026-09-22, 03:11:20, 22.5, 22.52, 22.95, 22.98, 9999.0, 9999.0, 9999.0, 23.86, 9999.0, 22.34, 9999.0, 22.84, 22.64, 22.45, 22.48, 22.5
2026-09-22, 03:11:24, 22.5, 22.5, 22.95, 22.98, 9999.0, 9999.0, 9999.0, 23.89, 9999.0, 22.34, 9999.0, 22.82, 22.64, 22.45, 22.48, 22.5
2026-09-22, 03:11:28, 22.5, 22.5, 22.98, 22.98, 9999.0, 9999.0, 9999.0, 23.93, 9999.0, 22.34, 9999.0, 22.8, 22.66, 22.43, 22.48, 22.5
2026-09-22, 03:11:32, 22.5, 22.5, 22.98, 22.98, 9999.0, 9999.0, 9999.0, 23.98, 9999.0, 22.34, 9999.0, 22.77, 22.66, 22.43, 22.48, 22.5
2026-09-22, 03:11:36, 22.5, 22.5, 22.98, 22.98, 9999.0, 9999.0, 9999.0, 24.02, 9999.0, 22.3, 9999.0, 22.77, 22.64, 22.43, 22.48, 22.5
2026-09-22, 03:11:40, 22.5, 22.5, 22.98, 22.98, 9999.0, 9999.0, 9999.0, 24.05, 9999.0, 22.27, 9999.0, 22.8, 22.61, 22.45, 22.48, 22.5
2026-09-22, 03:11:44, 22.5, 22.5, 23.0, 22.95, 9999.0, 9999.0, 9999.0, 24.0, 9999.0, 22.25, 9999.0, 22.82, 22.59, 22.45, 22.48, 22.5
2026-09-22, 03:11:48, 22.5, 22.52, 23.0, 22.95, 9999.0, 9999.0, 9999.0, 23.95, 9999.0, 22.2, 9999.0, 22.84, 22.59, 22.45, 22.48, 22.5
2026-09-22, 03:11:52, 22.5, 22.52, 23.0, 22.95, 9999.0, 9999.0, 9999.0, 23.91, 9999.0, 22.18, 9999.0, 22.86, 22.61, 22.48, 22.48, 22.5
2026-09-22, 03:11:56, 22.5, 22.52, 23.0, 22.95, 9999.0, 9999.0, 9999.0, 23.86, 9999.0, 22.16, 9999.0, 22.89, 22.61, 22.48, 22.5, 22.5
2026-09-22, 03:12:00, 22.5, 22.52, 23.0, 22.95, 9999.0, 9999.0, 9999.0, 23.82, 9999.0, 22.16, 9999.0, 22.91, 22.64, 22.48, 22.5, 22.5
2026-09-22, 03:12:04, 22.5, 22.52, 23.0, 22.98, 9999.0, 9999.0, 9999.0, 23.77, 9999.0, 22.18, 9999.0, 22.93, 22.66, 22.48, 22.5, 22.5
2026-09-22, 03:12:08, 22.5, 22.52, 23.0, 22.98, 9999.0, 9999.0, 9999.0, 23.73, 9999.0, 22.2, 9999.0, 22.95, 22.68, 22.48, 22.5, 22.5
2026-09-22, 03:12:12, 22.5, 22.55, 23.0, 22.98, 9999.0, 9999.0, 9999.0, 23.68, 9999.0, 22.23, 9999.0, 22.98, 22.68, 22.5, 22.5, 22.5
2026-09-22, 03:12:16, 22.5, 22.55, 23.0, 22.98, 9999.0, 9999.0, 9999.0, 23.7, 9999.0, 22.25, 9999.0, 23.0, 22.68, 22.5, 22.5, 22.5
2026-09-22, 03:12:20, 22.5, 22.55, 22.98, 22.95, 9999.0, 9999.0, 9999.0, 23.7, 9999.0, 22.3, 9999.0, 22.98, 22.7, 22.48, 22.5, 22.5
2026-09-22, 03:12:24, 22.5, 22.55, 22.98, 22.95, 9999.0, 9999.0, 9999.0, 23.73, 9999.0, 22.3, 9999.0, 22.95, 22.73, 22.45, 22.5, 22.5
2026-09-22, 03:12:28, 22.5, 22.55, 22.95, 22.98, 9999.0, 9999.0, 9999.0, 23.75, 9999.0, 22.32, 9999.0, 22.93, 22.73, 22.45, 22.5, 22.5
2026-09-22, 03:12:32, 22.5, 22.55, 22.95, 22.98, 9999.0, 9999.0, 9999.0, 23.77, 9999.0, 22.34, 9999.0, 22.91, 22.73, 22.45, 22.5, 22.5
2026-09-22, 03:12:36, 22.5, 22.55, 22.95, 22.98, 9999.0, 9999.0, 9999.0, 23.8, 9999.0, 22.36, 9999.0, 22.89, 22.73, 22.45, 22.5, 22.5
2026-09-22, 03:12:40, 22.5, 22.55, 22.95, 22.98, 9999.0, 9999.0, 9999.0, 23.84, 9999.0, 22.36, 9999.0, 22.86, 22.7, 22.45, 22.5, 22.5
2026-09-22, 03:12:44, 22.5, 22.57, 22.93, 22.98, 9999.0, 9999.0, 9999.0, 23.89, 9999.0, 22.36, 9999.0, 22.84, 22.68, 22.45, 22.5, 22.5
2026-09-22, 03:12:48, 22.5, 22.57, 22.93, 22.98, 9999.0, 9999.0, 9999.0, 23.93, 9999.0, 22.34, 9999.0, 22.82, 22.66, 22.43, 22.5, 22.5
2026-09-22, 03:12:52, 22.5, 22.57, 22.93, 22.98, 9999.0, 9999.0, 9999.0, 23.98, 9999.0, 22.3, 9999.0, 22.82, 22.66, 22.43, 22.5, 22.5
2026-09-22, 03:12:56, 22.5, 22.55, 22.93, 22.98, 9999.0, 9999.0, 9999.0, 24.02, 9999.0, 22.25, 9999.0, 22.8, 22.64, 22.43, 22.48, 22.5
2026-09-22, 03:13:00, 22.5, 22.55, 22.93, 22.98, 9999.0, 9999.0, 9999.0, 23.98, 9999.0, 22.23, 9999.0, 22.8, 22.61, 22.43, 22.48, 22.5
2026-09-22, 03:13:04, 22.5, 22.55, 22.95, 23.0, 9999.0, 9999.0, 9999.0, 23.95, 9999.0, 22.2, 9999.0, 22.82, 22.61, 22.45, 22.48, 22.5
2026-09-22, 03:13:08, 22.5, 22.55, 22.95, 23.0, 9999.0, 9999.0, 9999.0, 23.93, 9999.0, 22.2, 9999.0, 22.84, 22.61, 22.45, 22.48, 22.5
2026-09-22, 03:13:12, 22.5, 22.55, 22.98, 23.0, 9999.0, 9999.0, 9999.0, 23.91, 9999.0, 22.2, 9999.0, 22.86, 22.64, 22.45, 22.48, 22.5
2026-09-22, 03:13:17, 22.5, 22.52, 22.95, 23.0, 9999.0, 9999.0, 9999.0, 23.89, 9999.0, 22.23, 9999.0, 22.89, 22.61, 22.45, 22.48, 22.5
2026-09-22, 03:13:21, 22.5, 22.52, 22.95, 23.0, 9999.0, 9999.0, 9999.0, 23.84, 9999.0, 22.25, 9999.0, 22.91, 22.61, 22.45, 22.48, 22.5
2026-09-22, 03:13:25, 22.5, 22.52, 22.95, 23.0, 9999.0, 9999.0, 9999.0, 23.8, 9999.0, 22.27, 9999.0, 22.93, 22.64, 22.45, 22.48, 22.5
2026-09-22, 03:13:29, 22.5, 22.52, 22.98, 23.0, 9999.0, 9999.0, 9999.0, 23.75, 9999.0, 22.3, 9999.0, 22.95, 22.66, 22.45, 22.48, 22.5
2026-09-22, 03:13:33, 22.5, 22.52, 22.98, 23.0, 9999.0, 9999.0, 9999.0, 23.77, 9999.0, 22.32, 9999.0, 22.98, 22.68, 22.48, 22.48, 22.5
2026-09-22, 03:13:37, 22.5, 22.52, 22.98, 23.0, 9999.0, 9999.0, 9999.0, 23.8, 9999.0, 22.36, 9999.0, 22.98, 22.68, 22.45, 22.48, 22.5
2026-09-22, 03:13:41, 22.5, 22.52, 22.98, 23.0, 9999.0, 9999.0, 9999.0, 23.8, 9999.0, 22.39, 9999.0, 22.98, 22.7, 22.45, 22.5, 22.5
2026-09-22, 03:13:45, 22.5, 22.52, 22.98, 23.0, 9999.0, 9999.0, 9999.0, 23.82, 9999.0, 22.39, 9999.0, 22.95, 22.73, 22.45, 22.5, 22.5
2026-09-22, 03:13:49, 22.5, 22.52, 22.98, 22.98, 9999.0, 9999.0, 9999.0, 23.84, 9999.0, 22.41, 9999.0, 22.93, 22.73, 22.45, 22.5, 22.5
2026-09-22, 03:13:53, 22.5, 22.52, 22.98, 22.98, 9999.0, 9999.0, 9999.0, 23.86, 9999.0, 22.43, 9999.0, 22.91, 22.7, 22.48, 22.5, 22.5
2026-09-22, 03:13:57, 22.5, 22.52, 22.95, 22.98, 9999.0, 9999.0, 9999.0, 23.89, 9999.0, 22.43, 9999.0, 22.89, 22.7, 22.48, 22.5, 22.5
2026-09-22, 03:14:01, 22.5, 22.52, 22.95, 22.98, 9999.0, 9999.0, 9999.0, 23.91, 9999.0, 22.43, 9999.0, 22.86, 22.73, 22.45, 22.5, 22.5
2026-09-22, 03:14:05, 22.5, 22.52, 22.95, 22.98, 9999.0, 9999.0, 9999.0, 23.95, 9999.0, 22.43, 9999.0, 22.84, 22.7, 22.45, 22.5, 22.5
2026-09-22, 03:14:09, 22.5, 22.52, 22.93, 22.98, 9999.0, 9999.0, 9999.0, 24.0, 9999.0, 22.41, 9999.0, 22.84, 22.68, 22.45, 22.5, 22.5
2026-09-22, 03:14:13, 22.5, 22.5, 22.93, 22.98, 9999.0, 9999.0, 9999.0, 24.02, 9999.0, 22.39, 9999.0, 22.84, 22.68, 22.43, 22.5, 22.5
2026-09-22, 03:14:17, 22.5, 22.5, 22.93, 22.95, 9999.0, 9999.0, 9999.0, 23.98, 9999.0, 22.36, 9999.0, 22.84, 22.68, 22.43, 22.5, 22.5
2026-09-22, 03:14:21, 22.5, 22.5, 22.93, 22.93, 9999.0, 9999.0, 9999.0, 23.93, 9999.0, 22.34, 9999.0, 22.84, 22.66, 22.45, 22.5, 22.5
2026-09-22, 03:14:25, 22.5, 22.5, 22.93, 22.93, 9999.0, 9999.0, 9999.0, 23.91, 9999.0, 22.34, 9999.0, 22.86, 22.66, 22.45, 22.5, 22.5
2026-09-22, 03:14:29, 22.5, 22.5, 22.91, 22.93, 9999.0, 9999.0, 9999.0, 23.89, 9999.0, 22.36, 9999.0, 22.89, 22.66, 22.43, 22.5, 22.5
2026-09-22, 03:14:33, 22.5, 22.5, 22.89, 22.95, 9999.0, 9999.0, 9999.0, 23.86, 9999.0, 22.36, 9999.0, 22.91, 22.64, 22.43, 22.5, 22.5
2026-09-22, 03:14:37, 22.5, 22.5, 22.89, 22.95, 9999.0, 9999.0, 9999.0, 23.84, 9999.0, 22.36, 9999.0, 22.93, 22.66, 22.41, 22.5, 22.5
2026-09-22, 03:14:41, 22.5, 22.52, 22.91, 22.95, 9999.0, 9999.0, 9999.0, 23.8, 9999.0, 22.39, 9999.0, 22.95, 22.66, 22.41, 22.5, 22.5
2026-09-22, 03:14:45, 22.5, 22.55, 22.93, 22.95, 9999.0, 9999.0, 9999.0, 23.77, 9999.0, 22.39, 9999.0, 22.98, 22.66, 22.43, 22.5, 22.5
2026-09-22, 03:14:49, 22.5, 22.55, 22.93, 22.95, 9999.0, 9999.0, 9999.0, 23.8, 9999.0, 22.39, 9999.0, 23.0, 22.68, 22.41, 22.5, 22.5
2026-09-22, 03:14:53, 22.5, 22.55, 22.95, 22.93, 9999.0, 9999.0, 9999.0, 23.82, 9999.0, 22.41, 9999.0, 22.98, 22.7, 22.41, 22.5, 22.5
2026-09-22, 03:14:57, 22.5, 22.55, 22.95, 22.91, 9999.0, 9999.0, 9999.0, 23.86, 9999.0, 22.43, 9999.0, 22.95, 22.7, 22.43, 22.5, 22.5
2026-09-22, 03:15:01, 22.5, 22.55, 22.93, 22.91, 9999.0, 9999.0, 9999.0, 23.91, 9999.0, 22.45, 9999.0, 22.95, 22.68, 22.43, 22.5, 22.5
2026-09-22, 03:15:05, 22.5, 22.55, 22.93, 22.93, 9999.0, 9999.0, 9999.0, 23.93, 9999.0, 22.48, 9999.0, 22.93, 22.68, 22.43, 22.5, 22.5
2026-09-22, 03:15:09, 22.5, 22.55, 22.91, 22.93, 9999.0, 9999.0, 9999.0, 23.95, 9999.0, 22.5, 9999.0, 22.91, 22.68, 22.43, 22.5, 22.5
2026-09-22, 03:15:13, 22.5, 22.55, 22.93, 22.91, 9999.0, 9999.0, 9999.0, 23.98, 9999.0, 22.5, 9999.0, 22.89, 22.68, 22.45, 22.5, 22.5
2026-09-22, 03:15:17, 22.5, 22.55, 22.95, 22.91, 9999.0, 9999.0, 9999.0, 23.98, 9999.0, 22.5, 9999.0, 22.86, 22.68, 22.45, 22.5, 22.5
2026-09-22, 03:15:21, 22.5, 22.55, 22.95, 22.91, 9999.0, 9999.0, 9999.0, 24.0, 9999.0, 22.48, 9999.0, 22.84, 22.66, 22.48, 22.5, 22.5
2026-09-22, 03:15:25, 22.5, 22.52, 22.95, 22.91, 9999.0, 9999.0, 9999.0, 24.02, 9999.0, 22.45, 9999.0, 22.84, 22.64, 22.48, 22.5, 22.5
2026-09-22, 03:15:29, 22.5, 22.5, 22.93, 22.91, 9999.0, 9999.0, 9999.0, 24.02, 9999.0, 22.43, 9999.0, 22.84, 22.61, 22.48, 22.5, 22.5
2026-09-22, 03:15:33, 22.5, 22.5, 22.91, 22.91, 9999.0, 9999.0, 9999.0, 23.98, 9999.0, 22.43, 9999.0, 22.84, 22.61, 22.5, 22.5, 22.5
2026-09-22, 03:15:37, 22.5, 22.5, 22.89, 22.93, 9999.0, 9999.0, 9999.0, 23.93, 9999.0, 22.41, 9999.0, 22.86, 22.61, 22.48, 22.5, 22.5
2026-09-22, 03:15:41, 22.5, 22.5, 22.86, 22.93, 9999.0, 9999.0, 9999.0, 23.89, 9999.0, 22.39, 9999.0, 22.89, 22.61, 22.48, 22.5, 22.5
2026-09-22, 03:15:45, 22.5, 22.5, 22.89, 22.95, 9999.0, 9999.0, 9999.0, 23.84, 9999.0, 22.39, 9999.0, 22.89, 22.61, 22.45, 22.5, 22.5
2026-09-22, 03:15:49, 22.5, 22.52, 22.89, 22.95, 9999.0, 9999.0, 9999.0, 23.82, 9999.0, 22.39, 9999.0, 22.91, 22.61, 22.45, 22.5, 22.5
2026-09-22, 03:15:53, 22.5, 22.55, 22.91, 22.95, 9999.0, 9999.0, 9999.0, 23.77, 9999.0, 22.39, 9999.0, 22.93, 22.61, 22.43, 22.5, 22.5
2026-09-22, 03:15:57, 22.5, 22.55, 22.91, 22.98, 9999.0, 9999.0, 9999.0, 23.73, 9999.0, 22.41, 9999.0, 22.95, 22.61, 22.41, 22.5, 22.5
2026-09-22, 03:16:01, 22.5, 22.55, 22.89, 22.98, 9999.0, 9999.0, 9999.0, 23.7, 9999.0, 22.43, 9999.0, 22.98, 22.61, 22.41, 22.5, 22.5
2026-09-22, 03:16:05, 22.5, 22.55, 22.89, 22.98, 9999.0, 9999.0, 9999.0, 23.75, 9999.0, 22.48, 9999.0, 23.0, 22.64, 22.41, 22.5, 22.5
2026-09-22, 03:16:09, 22.5, 22.55, 22.89, 22.98, 9999.0, 9999.0, 9999.0, 23.8, 9999.0, 22.5, 9999.0, 22.98, 22.66, 22.41, 22.5, 22.5
2026-09-22, 03:16:13, 22.5, 22.55, 22.91, 22.98, 9999.0, 9999.0, 9999.0, 23.84, 9999.0, 22.52, 9999.0, 22.95, 22.68, 22.39, 22.5, 22.5
2026-09-22, 03:16:17, 22.5, 22.55, 22.91, 22.95, 9999.0, 9999.0, 9999.0, 23.86, 9999.0, 22.52, 9999.0, 22.93, 22.68, 22.36, 22.5, 22.5
2026-09-22, 03:16:21, 22.5, 22.55, 22.91, 22.95, 9999.0, 9999.0, 9999.0, 23.89, 9999.0, 22.55, 9999.0, 22.91, 22.68, 22.39, 22.5, 22.5
2026-09-22, 03:16:25, 22.5, 22.57, 22.91, 22.98, 9999.0, 9999.0, 9999.0, 23.91, 9999.0, 22.57, 9999.0, 22.89, 22.66, 22.39, 22.5, 22.5
2026-09-22, 03:16:29, 22.5, 22.57, 22.89, 22.98, 9999.0, 9999.0, 9999.0, 23.93, 9999.0, 22.55, 9999.0, 22.86, 22.66, 22.41, 22.5, 22.5
2026-09-22, 03:16:33, 22.5, 22.57, 22.86, 22.98, 9999.0, 9999.0, 9999.0, 23.95, 9999.0, 22.55, 9999.0, 22.84, 22.68, 22.39, 22.5, 22.5
2026-09-22, 03:16:37, 22.5, 22.57, 22.84, 22.98, 9999.0, 9999.0, 9999.0, 24.0, 9999.0, 22.55, 9999.0, 22.82, 22.68, 22.41, 22.5, 22.5
2026-09-22, 03:16:41, 22.5, 22.57, 22.84, 22.98, 9999.0, 9999.0, 9999.0, 24.02, 9999.0, 22.52, 9999.0, 22.8, 22.66, 22.43, 22.5, 22.5
2026-09-22, 03:16:45, 22.5, 22.57, 22.86, 22.95, 9999.0, 9999.0, 9999.0, 24.07, 9999.0, 22.5, 9999.0, 22.8, 22.66, 22.41, 22.5, 22.5
2026-09-22, 03:16:49, 22.5, 22.57, 22.84, 22.95, 9999.0, 9999.0, 9999.0, 24.02, 9999.0, 22.48, 9999.0, 22.77, 22.66, 22.41, 22.5, 22.5
2026-09-22, 03:16:53, 22.5, 22.59, 22.84, 22.95, 9999.0, 9999.0, 9999.0, 23.98, 9999.0, 22.45, 9999.0, 22.8, 22.66, 22.41, 22.5, 22.5
2026-09-22, 03:16:57, 22.5, 22.59, 22.84, 22.95, 9999.0, 9999.0, 9999.0, 23.93, 9999.0, 22.43, 9999.0, 22.82, 22.66, 22.43, 22.5, 22.5
2026-09-22, 03:17:02, 22.5, 22.61, 22.84, 22.98, 9999.0, 9999.0, 9999.0, 23.91, 9999.0, 22.45, 9999.0, 22.84, 22.64, 22.45, 22.5, 22.5
2026-09-22, 03:17:06, 22.5, 22.61, 22.86, 22.98, 9999.0, 9999.0, 9999.0, 23.89, 9999.0, 22.48, 9999.0, 22.86, 22.61, 22.45, 22.5, 22.5
2026-09-22, 03:17:10, 22.5, 22.61, 22.89, 22.95, 9999.0, 9999.0, 9999.0, 23.86, 9999.0, 22.5, 9999.0, 22.89, 22.64, 22.45, 22.5, 22.5
2026-09-22, 03:17:14, 22.5, 22.61, 22.91, 22.93, 9999.0, 9999.0, 9999.0, 23.84, 9999.0, 22.55, 9999.0, 22.91, 22.66, 22.45, 22.5, 22.5
2026-09-22, 03:17:18, 22.5, 22.61, 22.91, 22.91, 9999.0, 9999.0, 9999.0, 23.82, 9999.0, 22.57, 9999.0, 22.93, 22.66, 22.48, 22.5, 22.5
2026-09-22, 03:17:22, 22.5, 22.59, 22.93, 22.91, 9999.0, 9999.0, 9999.0, 23.84, 9999.0, 22.59, 9999.0, 22.95, 22.66, 22.45, 22.5, 22.5
2026-09-22, 03:17:26, 22.5, 22.61, 22.93, 22.91, 9999.0, 9999.0, 9999.0, 23.89, 9999.0, 22.61, 9999.0, 22.95, 22.68, 22.45, 22.5, 22.5
2026-09-22, 03:17:30, 22.5, 22.61, 22.93, 22.93, 9999.0, 9999.0, 9999.0, 23.91, 9999.0, 22.61, 9999.0, 22.93, 22.7, 22.45, 22.5, 22.5
2026-09-22, 03:17:34, 22.5, 22.61, 22.95, 22.93, 9999.0, 9999.0, 9999.0, 23.93, 9999.0, 22.61, 9999.0, 22.93, 22.7, 22.43, 22.5, 22.5
2026-09-22, 03:17:38, 22.5, 22.59, 22.95, 22.93, 9999.0, 9999.0, 9999.0, 23.95, 9999.0, 22.64, 9999.0, 22.91, 22.68, 22.43, 22.5, 22.48
2026-09-22, 03:17:42, 22.5, 22.59, 22.95, 22.93, 9999.0, 9999.0, 9999.0, 23.98, 9999.0, 22.66, 9999.0, 22.89, 22.68, 22.43, 22.5, 22.48
2026-09-22, 03:17:46, 22.5, 22.57, 22.95, 22.93, 9999.0, 9999.0, 9999.0, 24.02, 9999.0, 22.64, 9999.0, 22.86, 22.7, 22.41, 22.5, 22.48
2026-09-22, 03:17:50, 22.5, 22.57, 22.93, 22.91, 9999.0, 9999.0, 9999.0, 24.05, 9999.0, 22.61, 9999.0, 22.84, 22.7, 22.41, 22.5, 22.48
2026-09-22, 03:17:54, 22.5, 22.55, 22.91, 22.91, 9999.0, 9999.0, 9999.0, 24.07, 9999.0, 22.59, 9999.0, 22.82, 22.68, 22.41, 22.5, 22.48
2026-09-22, 03:17:58, 22.5, 22.55, 22.91, 22.93, 9999.0, 9999.0, 9999.0, 24.09, 9999.0, 22.57, 9999.0, 22.8, 22.66, 22.41, 22.5, 22.48
2026-09-22, 03:18:02, 22.5, 22.52, 22.93, 22.95, 9999.0, 9999.0, 9999.0, 24.11, 9999.0, 22.55, 9999.0, 22.8, 22.64, 22.39, 22.48, 22.48
2026-09-22, 03:18:06, 22.5, 22.52, 22.93, 22.95, 9999.0, 9999.0, 9999.0, 24.09, 9999.0, 22.52, 9999.0, 22.8, 22.61, 22.41, 22.48, 22.48
2026-09-22, 03:18:10, 22.5, 22.5, 22.93, 22.93, 9999.0, 9999.0, 9999.0, 24.05, 9999.0, 22.5, 9999.0, 22.82, 22.61, 22.41, 22.48, 22.48
2026-09-22, 03:18:14, 22.5, 22.52, 22.91, 22.93, 9999.0, 9999.0, 9999.0, 24.0, 9999.0, 22.5, 9999.0, 22.84, 22.61, 22.43, 22.48, 22.48
2026-09-22, 03:18:18, 22.5, 22.52, 22.89, 22.93, 9999.0, 9999.0, 9999.0, 23.95, 9999.0, 22.52, 9999.0, 22.86, 22.61, 22.45, 22.48, 22.48
2026-09-22, 03:18:22, 22.5, 22.52, 22.89, 22.93, 9999.0, 9999.0, 9999.0, 23.93, 9999.0, 22.55, 9999.0, 22.89, 22.64, 22.43, 22.48, 22.5
2026-09-22, 03:18:26, 22.5, 22.52, 22.89, 22.93, 9999.0, 9999.0, 9999.0, 23.91, 9999.0, 22.57, 9999.0, 22.91, 22.64, 22.43, 22.48, 22.5
2026-09-22, 03:18:30, 22.5, 22.55, 22.91, 22.93, 9999.0, 9999.0, 9999.0, 23.86, 9999.0, 22.61, 9999.0, 22.91, 22.64, 22.45, 22.48, 22.5
2026-09-22, 03:18:34, 22.5, 22.57, 22.91, 22.95, 9999.0, 9999.0, 9999.0, 23.82, 9999.0, 22.66, 9999.0, 22.93, 22.66, 22.43, 22.48, 22.5
2026-09-22, 03:18:38, 22.5, 22.57, 22.93, 22.95, 9999.0, 9999.0, 9999.0, 23.86, 9999.0, 22.68, 9999.0, 22.93, 22.66, 22.43, 22.48, 22.5
2026-09-22, 03:18:42, 22.5, 22.57, 22.91, 22.95, 9999.0, 9999.0, 9999.0, 23.91, 9999.0, 22.7, 9999.0, 22.93, 22.68, 22.41, 22.48, 22.5
2026-09-22, 03:18:46, 22.5, 22.59, 22.89, 22.93, 9999.0, 9999.0, 9999.0, 23.93, 9999.0, 22.73, 9999.0, 22.91, 22.7, 22.43, 22.5, 22.5
2026-09-22, 03:18:50, 22.5, 22.59, 22.89, 22.91, 9999.0, 9999.0, 9999.0, 23.95, 9999.0, 22.75, 9999.0, 22.89, 22.7, 22.41, 22.5, 22.5
2026-09-22, 03:18:54, 22.5, 22.61, 22.89, 22.93, 9999.0, 9999.0, 9999.0, 24.0, 9999.0, 22.77, 9999.0, 22.86, 22.7, 22.39, 22.5, 22.5
2026-09-22, 03:18:58, 22.5, 22.59, 22.91, 22.93, 9999.0, 9999.0, 9999.0, 24.05, 9999.0, 22.77, 9999.0, 22.84, 22.7, 22.36, 22.5, 22.5
2026-09-22, 03:19:02, 22.5, 22.61, 22.93, 22.93, 9999.0, 9999.0, 9999.0, 24.09, 9999.0, 22.77, 9999.0, 22.82, 22.68, 22.34, 22.48, 22.5
2026-09-22, 03:19:06, 22.5, 22.61, 22.91, 22.93, 9999.0, 9999.0, 9999.0, 24.11, 9999.0, 22.77, 9999.0, 22.8, 22.66, 22.36, 22.48, 22.5
2026-09-22, 03:19:10, 22.5, 22.61, 22.91, 22.93, 9999.0, 9999.0, 9999.0, 24.14, 9999.0, 22.77, 9999.0, 22.77, 22.64, 22.36, 22.48, 22.5
2026-09-22, 03:19:14, 22.5, 22.59, 22.89, 22.93, 9999.0, 9999.0, 9999.0, 24.18, 9999.0, 22.73, 9999.0, 22.8, 22.61, 22.34, 22.48, 22.5
2026-09-22, 03:19:18, 22.5, 22.59, 22.91, 22.93, 9999.0, 9999.0, 9999.0, 24.23, 9999.0, 22.68, 9999.0, 22.77, 22.59, 22.36, 22.48, 22.5
2026-09-22, 03:19:22, 22.5, 22.59, 22.91, 22.95, 9999.0, 9999.0, 9999.0, 24.18, 9999.0, 22.66, 9999.0, 22.8, 22.59, 22.36, 22.48, 22.5
2026-09-22, 03:19:26, 22.5, 22.59, 22.91, 22.93, 9999.0, 9999.0, 9999.0, 24.14, 9999.0, 22.64, 9999.0, 22.82, 22.59, 22.39, 22.48, 22.5
2026-09-22, 03:19:30, 22.5, 22.57, 22.93, 22.93, 9999.0, 9999.0, 9999.0, 24.09, 9999.0, 22.61, 9999.0, 22.84, 22.59, 22.36, 22.48, 22.5
2026-09-22, 03:19:34, 22.5, 22.59, 22.93, 22.93, 9999.0, 9999.0, 9999.0, 24.05, 9999.0, 22.61, 9999.0, 22.86, 22.61, 22.39, 22.48, 22.5
2026-09-22, 03:19:38, 22.5, 22.59, 22.93, 22.91, 9999.0, 9999.0, 9999.0, 24.0, 9999.0, 22.61, 9999.0, 22.89, 22.59, 22.41, 22.48, 22.5
2026-09-22, 03:19:42, 22.5, 22.59, 22.93, 22.91, 9999.0, 9999.0, 9999.0, 23.95, 9999.0, 22.64, 9999.0, 22.91, 22.59, 22.43, 22.48, 22.5
2026-09-22, 03:19:46, 22.5, 22.57, 22.91, 22.89, 9999.0, 9999.0, 9999.0, 23.91, 9999.0, 22.66, 9999.0, 22.93, 22.61, 22.43, 22.5, 22.5
2026-09-22, 03:19:50, 22.5, 22.59, 22.93, 22.89, 9999.0, 9999.0, 9999.0, 23.89, 9999.0, 22.68, 9999.0, 22.95, 22.64, 22.43, 22.5, 22.5
2026-09-22, 03:19:54, 22.5, 22.61, 22.93, 22.86, 9999.0, 9999.0, 9999.0, 23.93, 9999.0, 22.68, 9999.0, 22.98, 22.66, 22.43, 22.5, 22.5
2026-09-22, 03:19:58, 22.5, 22.64, 22.95, 22.86, 9999.0, 9999.0, 9999.0, 23.95, 9999.0, 22.7, 9999.0, 22.98, 22.68, 22.43, 22.5, 22.5
2026-09-22, 03:20:02, 22.5, 22.61, 22.95, 22.86, 9999.0, 9999.0, 9999.0, 23.98, 9999.0, 22.73, 9999.0, 22.98, 22.7, 22.41, 22.5, 22.5
2026-09-22, 03:20:06, 22.5, 22.61, 22.93, 22.86, 9999.0, 9999.0, 9999.0, 24.0, 9999.0, 22.75, 9999.0, 22.95, 22.7, 22.41, 22.5, 22.5
2026-09-22, 03:20:10, 22.5, 22.61, 22.95, 22.86, 9999.0, 9999.0, 9999.0, 24.02, 9999.0, 22.77, 9999.0, 22.93, 22.7, 22.41, 22.5, 22.5
2026-09-22, 03:20:14, 22.5, 22.61, 22.95, 22.89, 9999.0, 9999.0, 9999.0, 24.07, 9999.0, 22.8, 9999.0, 22.91, 22.68, 22.43, 22.5, 22.5
2026-09-22, 03:20:18, 22.5, 22.61, 22.95, 22.91, 9999.0, 9999.0, 9999.0, 24.09, 9999.0, 22.8, 9999.0, 22.89, 22.68, 22.41, 22.5, 22.5
2026-09-22, 03:20:22, 22.5, 22.59, 22.95, 22.93, 9999.0, 9999.0, 9999.0, 24.14, 9999.0, 22.8, 9999.0, 22.86, 22.68, 22.41, 22.5, 22.5
2026-09-22, 03:20:26, 22.5, 22.61, 22.93, 22.93, 9999.0, 9999.0, 9999.0, 24.16, 9999.0, 22.8, 9999.0, 22.84, 22.68, 22.39, 22.5, 22.5
2026-09-22, 03:20:30, 22.5, 22.61, 22.95, 22.95, 9999.0, 9999.0, 9999.0, 24.18, 9999.0, 22.77, 9999.0, 22.84, 22.66, 22.41, 22.5, 22.5
2026-09-22, 03:20:34, 22.5, 22.61, 22.95, 22.95, 9999.0, 9999.0, 9999.0, 24.2, 9999.0, 22.75, 9999.0, 22.84, 22.66, 22.41, 22.5, 22.5
2026-09-22, 03:20:38, 22.5, 22.59, 22.95, 22.98, 9999.0, 9999.0, 9999.0, 24.16, 9999.0, 22.75, 9999.0, 22.84, 22.66, 22.41, 22.5, 22.5
2026-09-22, 03:20:42, 22.5, 22.59, 22.93, 22.98, 9999.0, 9999.0, 9999.0, 24.11, 9999.0, 22.75, 9999.0, 22.84, 22.64, 22.43, 22.5, 22.5
2026-09-22, 03:20:47, 22.5, 22.61, 22.93, 22.98, 9999.0, 9999.0, 9999.0, 24.09, 9999.0, 22.73, 9999.0, 22.86, 22.61, 22.45, 22.5, 22.5
2026-09-22, 03:20:51, 22.5, 22.61, 22.95, 22.98, 9999.0, 9999.0, 9999.0, 24.07, 9999.0, 22.73, 9999.0, 22.89, 22.61, 22.45, 22.5, 22.48
2026-09-22, 03:20:55, 22.5, 22.61, 22.95, 23.0, 9999.0, 9999.0, 9999.0, 24.02, 9999.0, 22.73, 9999.0, 22.91, 22.61, 22.43, 22.5, 22.48
2026-09-22, 03:20:59, 22.5, 22.61, 22.93, 23.0, 9999.0, 9999.0, 9999.0, 23.98, 9999.0, 22.75, 9999.0, 22.93, 22.64, 22.43, 22.5, 22.48
2026-09-22, 03:21:03, 22.5, 22.61, 22.93, 22.98, 9999.0, 9999.0, 9999.0, 23.95, 9999.0, 22.77, 9999.0, 22.95, 22.64, 22.45, 22.5, 22.48
2026-09-22, 03:21:07, 22.5, 22.64, 22.93, 22.95, 9999.0, 9999.0, 9999.0, 23.91, 9999.0, 22.8, 9999.0, 22.98, 22.64, 22.45, 22.5, 22.48
2026-09-22, 03:21:11, 22.5, 22.64, 22.95, 22.95, 9999.0, 9999.0, 9999.0, 23.95, 9999.0, 22.82, 9999.0, 23.0, 22.64, 22.48, 22.5, 22.48
2026-09-22, 03:21:15, 22.5, 22.64, 22.93, 22.95, 9999.0, 9999.0, 9999.0, 24.0, 9999.0, 22.84, 9999.0, 22.98, 22.66, 22.45, 22.5, 22.48
2026-09-22, 03:21:19, 22.5, 22.64, 22.91, 22.93, 9999.0, 9999.0, 9999.0, 24.02, 9999.0, 22.84, 9999.0, 22.95, 22.66, 22.45, 22.5, 22.48
2026-09-22, 03:21:23, 22.5, 22.66, 22.91, 22.93, 9999.0, 9999.0, 9999.0, 24.07, 9999.0, 22.84, 9999.0, 22.93, 22.66, 22.43, 22.5, 22.45
2026-09-22, 03:21:27, 22.5, 22.66, 22.93, 22.93, 9999.0, 9999.0, 9999.0, 24.09, 9999.0, 22.84, 9999.0, 22.91, 22.68, 22.43, 22.5, 22.43
2026-09-22, 03:21:31, 22.5, 22.64, 22.93, 22.93, 9999.0, 9999.0, 9999.0, 24.11, 9999.0, 22.86, 9999.0, 22.89, 22.68, 22.43, 22.5, 22.43
2026-09-22, 03:21:35, 22.5, 22.66, 22.93, 22.93, 9999.0, 9999.0, 9999.0, 24.11, 9999.0, 22.86, 9999.0, 22.86, 22.7, 22.43, 22.5, 22.45
2026-09-22, 03:21:39, 22.5, 22.68, 22.93, 22.91, 9999.0, 9999.0, 9999.0, 24.16, 9999.0, 22.86, 9999.0, 22.84, 22.7, 22.45, 22.5, 22.45
2026-09-22, 03:21:43, 22.5, 22.7, 22.95, 22.91, 9999.0, 9999.0, 9999.0, 24.2, 9999.0, 22.84, 9999.0, 22.82, 22.68, 22.45, 22.5, 22.45
2026-09-22, 03:21:47, 22.5, 22.68, 22.95, 22.93, 9999.0, 9999.0, 9999.0, 24.23, 9999.0, 22.82, 9999.0, 22.82, 22.66, 22.43, 22.5, 22.45
2026-09-22, 03:21:51, 22.5, 22.68, 22.95, 22.95, 9999.0, 9999.0, 9999.0, 24.25, 9999.0, 22.77, 9999.0, 22.8, 22.66, 22.41, 22.5, 22.45
2026-09-22, 03:21:55, 22.5, 22.68, 22.93, 22.95, 9999.0, 9999.0, 9999.0, 24.2, 9999.0, 22.73, 9999.0, 22.8, 22.64, 22.41, 22.5, 22.45
2026-09-22, 03:21:59, 22.5, 22.7, 22.95, 22.95, 9999.0, 9999.0, 9999.0, 24.16, 9999.0, 22.68, 9999.0, 22.82, 22.64, 22.43, 22.5, 22.45
2026-09-22, 03:22:03, 22.5, 22.68, 22.98, 22.98, 9999.0, 9999.0, 9999.0, 24.11, 9999.0, 22.66, 9999.0, 22.84, 22.61, 22.41, 22.5, 22.45
2026-09-22, 03:22:07, 22.5, 22.66, 22.98, 22.98, 9999.0, 9999.0, 9999.0, 24.05, 9999.0, 22.66, 9999.0, 22.84, 22.59, 22.43, 22.5, 22.48
2026-09-22, 03:22:11, 22.5, 22.66, 22.98, 22.98, 9999.0, 9999.0, 9999.0, 24.0, 9999.0, 22.66, 9999.0, 22.86, 22.57, 22.43, 22.5, 22.5
2026-09-22, 03:22:15, 22.5, 22.68, 22.98, 22.98, 9999.0, 9999.0, 9999.0, 23.95, 9999.0, 22.66, 9999.0, 22.89, 22.59, 22.43, 22.5, 22.5
2026-09-22, 03:22:19, 22.5, 22.68, 22.98, 22.98, 9999.0, 9999.0, 9999.0, 23.93, 9999.0, 22.68, 9999.0, 22.91, 22.59, 22.43, 22.5, 22.5
2026-09-22, 03:22:23, 22.5, 22.66, 22.98, 23.0, 9999.0, 9999.0, 9999.0, 23.89, 9999.0, 22.7, 9999.0, 22.93, 22.57, 22.41, 22.5, 22.5
2026-09-22, 03:22:27, 22.5, 22.66, 22.98, 22.98, 9999.0, 9999.0, 9999.0, 23.91, 9999.0, 22.7, 9999.0, 22.93, 22.59, 22.39, 22.5, 22.5
2026-09-22, 03:22:31, 22.5, 22.68, 22.98, 22.95, 9999.0, 9999.0, 9999.0, 23.95, 9999.0, 22.7, 9999.0, 22.91, 22.61, 22.41, 22.5, 22.5
2026-09-22, 03:22:35, 22.5, 22.68, 22.98, 22.93, 9999.0, 9999.0, 9999.0, 24.0, 9999.0, 22.73, 9999.0, 22.91, 22.61, 22.43, 22.5, 22.5
2026-09-22, 03:22:39, 22.5, 22.66, 23.0, 22.93, 9999.0, 9999.0, 9999.0, 24.02, 9999.0, 22.75, 9999.0, 22.89, 22.64, 22.41, 22.5, 22.5
2026-09-22, 03:22:43, 22.5, 22.64, 23.0, 22.93, 9999.0, 9999.0, 9999.0, 24.05, 9999.0, 22.77, 9999.0, 22.86, 22.64, 22.41, 22.5, 22.5
2026-09-22, 03:22:47, 22.5, 22.66, 23.0, 22.93, 9999.0, 9999.0, 9999.0, 24.09, 9999.0, 22.8, 9999.0, 22.84, 22.64, 22.43, 22.5, 22.5
2026-09-22, 03:22:51, 22.5, 22.68, 23.0, 22.91, 9999.0, 9999.0, 9999.0, 24.14, 9999.0, 22.8, 9999.0, 22.84, 22.64, 22.43, 22.5, 22.5
2026-09-22, 03:22:55, 22.5, 22.66, 22.98, 22.91, 9999.0, 9999.0, 9999.0, 24.18, 9999.0, 22.8, 9999.0, 22.82, 22.64, 22.43, 22.5, 22.5
2026-09-22, 03:22:59, 22.5, 22.64, 22.98, 22.91, 9999.0, 9999.0, 9999.0, 24.2, 9999.0, 22.8, 9999.0, 22.8, 22.61, 22.43, 22.5, 22.5
2026-09-22, 03:23:03, 22.5, 22.61, 22.98, 22.91, 9999.0, 9999.0, 9999.0, 24.25, 9999.0, 22.77, 9999.0, 22.8, 22.59, 22.41, 22.48, 22.5
2026-09-22, 03:23:07, 22.5, 22.61, 22.98, 22.91, 9999.0, 9999.0, 9999.0, 24.27, 9999.0, 22.73, 9999.0, 22.77, 22.59, 22.43, 22.48, 22.5
2026-09-22, 03:23:11, 22.5, 22.59, 22.98, 22.93, 9999.0, 9999.0, 9999.0, 24.23, 9999.0, 22.7, 9999.0, 22.8, 22.57, 22.45, 22.48, 22.5
2026-09-22, 03:23:15, 22.5, 22.59, 22.98, 22.93, 9999.0, 9999.0, 9999.0, 24.18, 9999.0, 22.68, 9999.0, 22.82, 22.55, 22.45, 22.48, 22.5
2026-09-22, 03:23:19, 22.5, 22.59, 22.98, 22.95, 9999.0, 9999.0, 9999.0, 24.14, 9999.0, 22.66, 9999.0, 22.84, 22.55, 22.45, 22.48, 22.5
2026-09-22, 03:23:23, 22.5, 22.59, 22.98, 22.95, 9999.0, 9999.0, 9999.0, 24.09, 9999.0, 22.66, 9999.0, 22.86, 22.52, 22.48, 22.48, 22.48
2026-09-22, 03:23:27, 22.5, 22.59, 22.98, 22.93, 9999.0, 9999.0, 9999.0, 24.05, 9999.0, 22.66, 9999.0, 22.89, 22.5, 22.48, 22.48, 22.48
2026-09-22, 03:23:31, 22.5, 22.57, 22.98, 22.93, 9999.0, 9999.0, 9999.0, 24.0, 9999.0, 22.68, 9999.0, 22.91, 22.52, 22.48, 22.48, 22.48
2026-09-22, 03:23:35, 22.5, 22.55, 22.98, 22.93, 9999.0, 9999.0, 9999.0, 23.95, 9999.0, 22.7, 9999.0, 22.93, 22.55, 22.48, 22.48, 22.48
2026-09-22, 03:23:39, 22.5, 22.55, 23.0, 22.93, 9999.0, 9999.0, 9999.0, 23.91, 9999.0, 22.7, 9999.0, 22.95, 22.57, 22.45, 22.48, 22.48
2026-09-22, 03:23:43, 22.5, 22.57, 23.0, 22.93, 9999.0, 9999.0, 9999.0, 23.95, 9999.0, 22.7, 9999.0, 22.95, 22.59, 22.45, 22.48, 22.48
2026-09-22, 03:23:47, 22.5, 22.57, 23.0, 22.93, 9999.0, 9999.0, 9999.0, 23.98, 9999.0, 22.7, 9999.0, 22.93, 22.59, 22.48, 22.5, 22.48
2026-09-22, 03:23:51, 22.5, 22.57, 22.98, 22.93, 9999.0, 9999.0, 9999.0, 24.0, 9999.0, 22.75, 9999.0, 22.93, 22.59, 22.48, 22.5, 22.48
2026-09-22, 03:23:55, 22.5, 22.59, 22.98, 22.93, 9999.0, 9999.0, 9999.0, 24.02, 9999.0, 22.77, 9999.0, 22.91, 22.61, 22.48, 22.5, 22.48
2026-09-22, 03:23:59, 22.5, 22.59, 22.98, 22.93, 9999.0, 9999.0, 9999.0, 24.05, 9999.0, 22.8, 9999.0, 22.89, 22.61, 22.48, 22.5, 22.48
2026-09-22, 03:24:03, 22.5, 22.57, 22.98, 22.93, 9999.0, 9999.0, 9999.0, 24.07, 9999.0, 22.8, 9999.0, 22.86, 22.64, 22.48, 22.5, 22.48
2026-09-22, 03:24:07, 22.5, 22.59, 22.98, 22.93, 9999.0, 9999.0, 9999.0, 24.11, 9999.0, 22.77, 9999.0, 22.84, 22.64, 22.48, 22.5, 22.5
2026-09-22, 03:24:11, 22.5, 22.61, 22.98, 22.95, 9999.0, 9999.0, 9999.0, 24.16, 9999.0, 22.75, 9999.0, 22.82, 22.64, 22.48, 22.5, 22.5
2026-09-22, 03:24:15, 22.5, 22.61, 22.98, 22.95, 9999.0, 9999.0, 9999.0, 24.18, 9999.0, 22.7, 9999.0, 22.8, 22.61, 22.48, 22.5, 22.5
2026-09-22, 03:24:19, 22.5, 22.64, 22.98, 22.98, 9999.0, 9999.0, 9999.0, 24.2, 9999.0, 22.66, 9999.0, 22.77, 22.59, 22.48, 22.5, 22.5
2026-09-22, 03:24:23, 22.5, 22.64, 22.98, 22.98, 9999.0, 9999.0, 9999.0, 24.23, 9999.0, 22.64, 9999.0, 22.77, 22.57, 22.48, 22.5, 22.5
2026-09-22, 03:24:27, 22.5, 22.61, 22.98, 22.98, 9999.0, 9999.0, 9999.0, 24.18, 9999.0, 22.61, 9999.0, 22.8, 22.55, 22.48, 22.5, 22.5
2026-09-22, 03:24:32, 22.5, 22.61, 22.98, 22.98, 9999.0, 9999.0, 9999.0, 24.14, 9999.0, 22.59, 9999.0, 22.82, 22.55, 22.48, 22.5, 22.5
2026-09-22, 03:24:36, 22.5, 22.61, 23.0, 22.98, 9999.0, 9999.0, 9999.0, 24.09, 9999.0, 22.55, 9999.0, 22.84, 22.55, 22.48, 22.5, 22.5
2026-09-22, 03:24:40, 22.5, 22.59, 23.0, 22.98, 9999.0, 9999.0, 9999.0, 24.07, 9999.0, 22.55, 9999.0, 22.86, 22.55, 22.45, 22.5, 22.5
2026-09-22, 03:24:44, 22.5, 22.57, 23.0, 23.0, 9999.0, 9999.0, 9999.0, 24.02, 9999.0, 22.55, 9999.0, 22.89, 22.55, 22.45, 22.5, 22.5
2026-09-22, 03:24:48, 22.5, 22.59, 23.0, 23.0, 9999.0, 9999.0, 9999.0, 23.98, 9999.0, 22.57, 9999.0, 22.91, 22.55, 22.45, 22.5, 22.5
2026-09-22, 03:24:52, 22.5, 22.57, 23.0, 23.0, 9999.0, 9999.0, 9999.0, 23.93, 9999.0, 22.61, 9999.0, 22.93, 22.57, 22.45, 22.5, 22.5
2026-09-22, 03:24:56, 22.5, 22.57, 23.0, 23.0, 9999.0, 9999.0, 9999.0, 23.86, 9999.0, 22.66, 9999.0, 22.93, 22.59, 22.45, 22.5, 22.5
2026-09-22, 03:25:00, 22.5, 22.59, 23.0, 23.0, 9999.0, 9999.0, 9999.0, 23.91, 9999.0, 22.68, 9999.0, 22.95, 22.61, 22.43, 22.5, 22.5
2026-09-22, 03:25:04, 22.5, 22.57, 23.0, 23.0, 9999.0, 9999.0, 9999.0, 23.95, 9999.0, 22.7, 9999.0, 22.95, 22.64, 22.41, 22.5, 22.5
2026-09-22, 03:25:08, 22.5, 22.59, 23.0, 23.0, 9999.0, 9999.0, 9999.0, 23.98, 9999.0, 22.73, 9999.0, 22.93, 22.64, 22.41, 22.5, 22.5
2026-09-22, 03:25:12, 22.5, 22.59, 23.0, 23.0, 9999.0, 9999.0, 9999.0, 24.0, 9999.0, 22.75, 9999.0, 22.91, 22.66, 22.39, 22.5, 22.5
2026-09-22, 03:25:16, 22.5, 22.59, 23.0, 23.0, 9999.0, 9999.0, 9999.0, 24.02, 9999.0, 22.77, 9999.0, 22.89, 22.66, 22.39, 22.5, 22.5
2026-09-22, 03:25:20, 22.5, 22.61, 23.0, 22.98, 9999.0, 9999.0, 9999.0, 24.05, 9999.0, 22.8, 9999.0, 22.86, 22.66, 22.39, 22.5, 22.5
2026-09-22, 03:25:24, 22.5, 22.61, 23.0, 22.95, 9999.0, 9999.0, 9999.0, 24.05, 9999.0, 22.77, 9999.0, 22.84, 22.64, 22.41, 22.5, 22.5
2026-09-22, 03:25:28, 22.5, 22.64, 23.0, 22.95, 9999.0, 9999.0, 9999.0, 24.07, 9999.0, 22.75, 9999.0, 22.82, 22.64, 22.39, 22.5, 22.5
2026-09-22, 03:25:32, 22.5, 22.61, 23.0, 22.95, 9999.0, 9999.0, 9999.0, 24.09, 9999.0, 22.73, 9999.0, 22.8, 22.61, 22.36, 22.5, 22.5
2026-09-22, 03:25:36, 22.5, 22.61, 23.0, 22.95, 9999.0, 9999.0, 9999.0, 24.11, 9999.0, 22.68, 9999.0, 22.8, 22.59, 22.36, 22.5, 22.48
2026-09-22, 03:25:40, 22.5, 22.59, 23.0, 22.95, 9999.0, 9999.0, 9999.0, 24.16, 9999.0, 22.64, 9999.0, 22.82, 22.59, 22.34, 22.5, 22.48
2026-09-22, 03:25:44, 22.5, 22.59, 23.0, 22.95, 9999.0, 9999.0, 9999.0, 24.11, 9999.0, 22.61, 9999.0, 22.82, 22.57, 22.36, 22.5, 22.45
2026-09-22, 03:25:48, 22.5, 22.59, 23.0, 22.95, 9999.0, 9999.0, 9999.0, 24.07, 9999.0, 22.59, 9999.0, 22.84, 22.57, 22.39, 22.5, 22.45
2026-09-22, 03:25:52, 22.5, 22.59, 23.0, 22.93, 9999.0, 9999.0, 9999.0, 24.02, 9999.0, 22.57, 9999.0, 22.86, 22.57, 22.41, 22.5, 22.45
2026-09-22, 03:25:56, 22.5, 22.59, 23.0, 22.93, 9999.0, 9999.0, 9999.0, 23.98, 9999.0, 22.57, 9999.0, 22.89, 22.55, 22.43, 22.5, 22.45
2026-09-22, 03:26:00, 22.5, 22.61, 23.0, 22.93, 9999.0, 9999.0, 9999.0, 23.93, 9999.0, 22.57, 9999.0, 22.91, 22.57, 22.43, 22.48, 22.45
2026-09-22, 03:26:04, 22.5, 22.61, 23.0, 22.95, 9999.0, 9999.0, 9999.0, 23.91, 9999.0, 22.57, 9999.0, 22.93, 22.59, 22.41, 22.48, 22.45
2026-09-22, 03:26:08, 22.5, 22.61, 23.0, 22.98, 9999.0, 9999.0, 9999.0, 23.89, 9999.0, 22.59, 9999.0, 22.95, 22.61, 22.41, 22.48, 22.45
2026-09-22, 03:26:12, 22.5, 22.61, 23.0, 22.98, 9999.0, 9999.0, 9999.0, 23.86, 9999.0, 22.61, 9999.0, 22.98, 22.64, 22.43, 22.48, 22.45
2026-09-22, 03:26:16, 22.5, 22.64, 23.0, 22.98, 9999.0, 9999.0, 9999.0, 23.91, 9999.0, 22.64, 9999.0, 23.0, 22.64, 22.45, 22.48, 22.45
2026-09-22, 03:26:20, 22.5, 22.64, 23.0, 22.98, 9999.0, 9999.0, 9999.0, 23.93, 9999.0, 22.66, 9999.0, 22.98, 22.64, 22.45, 22.48, 22.45
2026-09-22, 03:26:24, 22.5, 22.66, 23.0, 22.98, 9999.0, 9999.0, 9999.0, 23.95, 9999.0, 22.68, 9999.0, 22.95, 22.64, 22.48, 22.48, 22.45
2026-09-22, 03:26:28, 22.5, 22.66, 23.0, 22.98, 9999.0, 9999.0, 9999.0, 23.98, 9999.0, 22.68, 9999.0, 22.93, 22.64, 22.45, 22.48, 22.48
2026-09-22, 03:26:32, 22.5, 22.66, 23.0, 22.98, 9999.0, 9999.0, 9999.0, 24.0, 9999.0, 22.68, 9999.0, 22.91, 22.64, 22.45, 22.48, 22.45
2026-09-22, 03:26:36, 22.5, 22.64, 23.0, 23.0, 9999.0, 9999.0, 9999.0, 24.02, 9999.0, 22.68, 9999.0, 22.89, 22.64, 22.43, 22.48, 22.45
2026-09-22, 03:26:40, 22.5, 22.64, 23.0, 23.0, 9999.0, 9999.0, 9999.0, 24.05, 9999.0, 22.66, 9999.0, 22.86, 22.64, 22.41, 22.48, 22.45
2026-09-22, 03:26:44, 22.5, 22.61, 23.0, 23.0, 9999.0, 9999.0, 9999.0, 24.07, 9999.0, 22.64, 9999.0, 22.84, 22.61, 22.41, 22.5, 22.45
2026-09-22, 03:26:48, 22.5, 22.59, 23.0, 23.0, 9999.0, 9999.0, 9999.0, 24.11, 9999.0, 22.61, 9999.0, 22.82, 22.59, 22.43, 22.5, 22.45
2026-09-22, 03:26:52, 22.5, 22.61, 23.0, 23.0, 9999.0, 9999.0, 9999.0, 24.14, 9999.0, 22.59, 9999.0, 22.82, 22.57, 22.43, 22.5, 22.45
2026-09-22, 03:26:56, 22.5, 22.59, 23.0, 23.0, 9999.0, 9999.0, 9999.0, 24.16, 9999.0, 22.55, 9999.0, 22.8, 22.55, 22.43, 22.5, 22.45
2026-09-22, 03:27:00, 22.5, 22.57, 23.0, 23.0, 9999.0, 9999.0, 9999.0, 24.09, 9999.0, 22.52, 9999.0, 22.8, 22.57, 22.43, 22.5, 22.45
2026-09-22, 03:27:04, 22.5, 22.57, 23.0, 23.0, 9999.0, 9999.0, 9999.0, 24.05, 9999.0, 22.5, 9999.0, 22.82, 22.57, 22.43, 22.5, 22.45
2026-09-22, 03:27:08, 22.5, 22.55, 23.0, 23.0, 9999.0, 9999.0, 9999.0, 24.0, 9999.0, 22.48, 9999.0, 22.84, 22.57, 22.43, 22.5, 22.45
2026-09-22, 03:27:12, 22.5, 22.55, 23.0, 23.0, 9999.0, 9999.0, 9999.0, 23.95, 9999.0, 22.48, 9999.0, 22.86, 22.57, 22.45, 22.5, 22.45
2026-09-22, 03:27:16, 22.5, 22.55, 23.0, 23.0, 9999.0, 9999.0, 9999.0, 23.91, 9999.0, 22.48, 9999.0, 22.89, 22.57, 22.45, 22.5, 22.48
2026-09-22, 03:27:20, 22.5, 22.55, 23.0, 23.0, 9999.0, 9999.0, 9999.0, 23.89, 9999.0, 22.5, 9999.0, 22.91, 22.59, 22.48, 22.5, 22.45
2026-09-22, 03:27:24, 22.5, 22.55, 23.0, 23.0, 9999.0, 9999.0, 9999.0, 23.84, 9999.0, 22.52, 9999.0, 22.93, 22.61, 22.5, 22.5, 22.45
2026-09-22, 03:27:28, 22.5, 22.57, 23.0, 23.0, 9999.0, 9999.0, 9999.0, 23.8, 9999.0, 22.55, 9999.0, 22.95, 22.64, 22.5, 22.5, 22.45
2026-09-22, 03:27:32, 22.5, 22.59, 23.0, 23.0, 9999.0, 9999.0, 9999.0, 23.82, 9999.0, 22.57, 9999.0, 22.98, 22.66, 22.5, 22.5, 22.45
2026-09-22, 03:27:36, 22.5, 22.57, 23.0, 23.0, 9999.0, 9999.0, 9999.0, 23.84, 9999.0, 22.57, 9999.0, 22.95, 22.66, 22.5, 22.5, 22.45
2026-09-22, 03:27:40, 22.5, 22.59, 23.0, 23.0, 9999.0, 9999.0, 9999.0, 23.86, 9999.0, 22.59, 9999.0, 22.95, 22.68, 22.5, 22.5, 22.45
2026-09-22, 03:27:44, 22.5, 22.61, 23.0, 23.0, 9999.0, 9999.0, 9999.0, 23.91, 9999.0, 22.59, 9999.0, 22.93, 22.66, 22.5, 22.5, 22.45
2026-09-22, 03:27:48, 22.5, 22.61, 23.0, 23.0, 9999.0, 9999.0, 9999.0, 23.93, 9999.0, 22.59, 9999.0, 22.91, 22.68, 22.5, 22.5, 22.48
2026-09-22, 03:27:52, 22.5, 22.61, 23.0, 23.0, 9999.0, 9999.0, 9999.0, 23.95, 9999.0, 22.59, 9999.0, 22.89, 22.66, 22.5, 22.5, 22.48
2026-09-22, 03:27:56, 22.5, 22.59, 23.0, 23.0, 9999.0, 9999.0, 9999.0, 23.98, 9999.0, 22.59, 9999.0, 22.86, 22.66, 22.48, 22.5, 22.48
2026-09-22, 03:28:00, 22.5, 22.59, 23.0, 23.0, 9999.0, 9999.0, 9999.0, 24.0, 9999.0, 22.59, 9999.0, 22.84, 22.64, 22.48, 22.5, 22.48
2026-09-22, 03:28:04, 22.5, 22.59, 23.0, 23.0, 9999.0, 9999.0, 9999.0, 24.02, 9999.0, 22.57, 9999.0, 22.84, 22.61, 22.48, 22.5, 22.5
2026-09-22, 03:28:08, 22.5, 22.59, 23.0, 23.0, 9999.0, 9999.0, 9999.0, 24.07, 9999.0, 22.55, 9999.0, 22.84, 22.59, 22.48, 22.5, 22.48
2026-09-22, 03:28:12, 22.5, 22.57, 23.0, 23.0, 9999.0, 9999.0, 9999.0, 24.11, 9999.0, 22.52, 9999.0, 22.84, 22.57, 22.45, 22.5, 22.45
2026-09-22, 03:28:16, 22.5, 22.57, 23.0, 23.0, 9999.0, 9999.0, 9999.0, 24.07, 9999.0, 22.5, 9999.0, 22.84, 22.57, 22.45, 22.5, 22.45
2026-09-22, 03:28:21, 22.5, 22.59, 23.0, 23.0, 9999.0, 9999.0, 9999.0, 24.02, 9999.0, 22.5, 9999.0, 22.86, 22.57, 22.45, 22.5, 22.45
2026-09-22, 03:28:25, 22.5, 22.57, 23.0, 23.0, 9999.0, 9999.0, 9999.0, 23.98, 9999.0, 22.5, 9999.0, 22.89, 22.55, 22.43, 22.5, 22.45
2026-09-22, 03:28:29, 22.5, 22.57, 23.0, 23.0, 9999.0, 9999.0, 9999.0, 23.93, 9999.0, 22.5, 9999.0, 22.91, 22.55, 22.43, 22.5, 22.45
2026-09-22, 03:28:33, 22.5, 22.57, 23.0, 23.0, 9999.0, 9999.0, 9999.0, 23.91, 9999.0, 22.5, 9999.0, 22.93, 22.55, 22.43, 22.5, 22.45
2026-09-22, 03:28:37, 22.5, 22.57, 23.0, 23.0, 9999.0, 9999.0, 9999.0, 23.89, 9999.0, 22.52, 9999.0, 22.95, 22.57, 22.43, 22.5, 22.45
2026-09-22, 03:28:41, 22.5, 22.59, 23.0, 23.0, 9999.0, 9999.0, 9999.0, 23.86, 9999.0, 22.55, 9999.0, 22.98, 22.59, 22.45, 22.5, 22.45
2026-09-22, 03:28:45, 22.5, 22.59, 23.0, 23.0, 9999.0, 9999.0, 9999.0, 23.82, 9999.0, 22.57, 9999.0, 23.0, 22.59, 22.45, 22.5, 22.45
2026-09-22, 03:28:49, 22.5, 22.61, 23.0, 23.0, 9999.0, 9999.0, 9999.0, 23.86, 9999.0, 22.59, 9999.0, 22.98, 22.59, 22.45, 22.5, 22.45
2026-09-22, 03:28:53, 22.5, 22.64, 23.0, 22.98, 9999.0, 9999.0, 9999.0, 23.89, 9999.0, 22.61, 9999.0, 22.95, 22.61, 22.45, 22.5, 22.48
2026-09-22, 03:28:57, 22.5, 22.64, 23.0, 22.98, 9999.0, 9999.0, 9999.0, 23.91, 9999.0, 22.61, 9999.0, 22.93, 22.61, 22.48, 22.5, 22.5
2026-09-22, 03:29:01, 22.5, 22.64, 23.0, 22.98, 9999.0, 9999.0, 9999.0, 23.93, 9999.0, 22.61, 9999.0, 22.91, 22.59, 22.48, 22.5, 22.5
2026-09-22, 03:29:05, 22.5, 22.61, 23.0, 22.98, 9999.0, 9999.0, 9999.0, 23.95, 9999.0, 22.61, 9999.0, 22.89, 22.59, 22.48, 22.5, 22.5
2026-09-22, 03:29:09, 22.5, 22.61, 23.0, 22.98, 9999.0, 9999.0, 9999.0, 23.98, 9999.0, 22.61, 9999.0, 22.86, 22.61, 22.5, 22.5, 22.5
2026-09-22, 03:29:13, 22.5, 22.59, 22.98, 22.98, 9999.0, 9999.0, 9999.0, 24.0, 9999.0, 22.59, 9999.0, 22.84, 22.64, 22.48, 22.48, 22.5
2026-09-22, 03:29:17, 22.5, 22.59, 22.98, 22.98, 9999.0, 9999.0, 9999.0, 24.02, 9999.0, 22.59, 9999.0, 22.82, 22.64, 22.48, 22.48, 22.5
2026-09-22, 03:29:21, 22.5, 22.59, 22.98, 22.98, 9999.0, 9999.0, 9999.0, 24.05, 9999.0, 22.57, 9999.0, 22.82, 22.61, 22.48, 22.48, 22.48
2026-09-22, 03:29:25, 22.5, 22.59, 22.98, 22.98, 9999.0, 9999.0, 9999.0, 24.07, 9999.0, 22.55, 9999.0, 22.82, 22.59, 22.48, 22.48, 22.48
2026-09-22, 03:29:29, 22.5, 22.61, 22.98, 22.98, 9999.0, 9999.0, 9999.0, 24.09, 9999.0, 22.52, 9999.0, 22.8, 22.59, 22.48, 22.48, 22.48
2026-09-22, 03:29:33, 22.5, 22.59, 22.98, 22.98, 9999.0, 9999.0, 9999.0, 24.02, 9999.0, 22.5, 9999.0, 22.82, 22.59, 22.48, 22.48, 22.48
2026-09-22, 03:29:37, 22.5, 22.59, 22.95, 23.0, 9999.0, 9999.0, 9999.0, 23.98, 9999.0, 22.45, 9999.0, 22.84, 22.59, 22.48, 22.48, 22.48
2026-09-22, 03:29:41, 22.5, 22.61, 22.95, 23.0, 9999.0, 9999.0, 9999.0, 23.93, 9999.0, 22.43, 9999.0, 22.86, 22.59, 22.48, 22.48, 22.48
2026-09-22, 03:29:45, 22.5, 22.59, 22.95, 23.0, 9999.0, 9999.0, 9999.0, 23.89, 9999.0, 22.43, 9999.0, 22.89, 22.59, 22.48, 22.48, 22.48
2026-09-22, 03:29:49, 22.5, 22.59, 22.95, 23.0, 9999.0, 9999.0, 9999.0, 23.86, 9999.0, 22.43, 9999.0, 22.91, 22.61, 22.48, 22.48, 22.48
2026-09-22, 03:29:53, 22.5, 22.59, 22.95, 23.0, 9999.0, 9999.0, 9999.0, 23.82, 9999.0, 22.45, 9999.0, 22.93, 22.61, 22.48, 22.48, 22.48
2026-09-22, 03:29:57, 22.5, 22.59, 22.98, 23.0, 9999.0, 9999.0, 9999.0, 23.8, 9999.0, 22.5, 9999.0, 22.95, 22.59, 22.5, 22.5, 22.48
2026-09-22, 03:30:01, 22.5, 22.59, 22.98, 23.0, 9999.0, 9999.0, 9999.0, 23.75, 9999.0, 22.52, 9999.0, 22.95, 22.59, 22.5, 22.5, 22.48
2026-09-22, 03:30:05, 22.5, 22.59, 22.98, 23.0, 9999.0, 9999.0, 9999.0, 23.8, 9999.0, 22.52, 9999.0, 22.93, 22.61, 22.5, 22.5, 22.5
2026-09-22, 03:30:09, 22.5, 22.57, 22.98, 23.0, 9999.0, 9999.0, 9999.0, 23.82, 9999.0, 22.52, 9999.0, 22.91, 22.64, 22.5, 22.5, 22.5
2026-09-22, 03:30:13, 22.5, 22.55, 22.98, 23.0, 9999.0, 9999.0, 9999.0, 23.86, 9999.0, 22.52, 9999.0, 22.91, 22.64, 22.5, 22.5, 22.5
2026-09-22, 03:30:17, 22.5, 22.55, 22.98, 23.0, 9999.0, 9999.0, 9999.0, 23.91, 9999.0, 22.52, 9999.0, 22.89, 22.64, 22.5, 22.5, 22.5
2026-09-22, 03:30:21, 22.5, 22.52, 23.0, 23.0, 9999.0, 9999.0, 9999.0, 23.93, 9999.0, 22.55, 9999.0, 22.86, 22.61, 22.5, 22.5, 22.5
2026-09-22, 03:30:25, 22.5, 22.52, 23.0, 23.0, 9999.0, 9999.0, 9999.0, 23.95, 9999.0, 22.57, 9999.0, 22.84, 22.61, 22.5, 22.5, 22.5
2026-09-22, 03:30:29, 22.5, 22.55, 23.0, 23.0, 9999.0, 9999.0, 9999.0, 23.98, 9999.0, 22.57, 9999.0, 22.82, 22.61, 22.5, 22.5, 22.5
2026-09-22, 03:30:33, 22.5, 22.55, 23.0, 23.0, 9999.0, 9999.0, 9999.0, 24.0, 9999.0, 22.57, 9999.0, 22.8, 22.61, 22.5, 22.5, 22.5
2026-09-22, 03:30:37, 22.5, 22.55, 23.0, 23.0, 9999.0, 9999.0, 9999.0, 24.05, 9999.0, 22.55, 9999.0, 22.77, 22.61, 22.5, 22.5, 22.5
2026-09-22, 03:30:41, 22.5, 22.57, 23.0, 23.0, 9999.0, 9999.0, 9999.0, 24.07, 9999.0, 22.5, 9999.0, 22.77, 22.61, 22.5, 22.5, 22.5
2026-09-22, 03:30:45, 22.5, 22.57, 23.0, 23.0, 9999.0, 9999.0, 9999.0, 24.11, 9999.0, 22.45, 9999.0, 22.8, 22.59, 22.5, 22.5, 22.5
2026-09-22, 03:30:49, 22.5, 22.57, 23.0, 23.0, 9999.0, 9999.0, 9999.0, 24.05, 9999.0, 22.45, 9999.0, 22.82, 22.59, 22.5, 22.5, 22.5
2026-09-22, 03:30:53, 22.5, 22.59, 23.0, 23.0, 9999.0, 9999.0, 9999.0, 24.0, 9999.0, 22.43, 9999.0, 22.84, 22.57, 22.5, 22.5, 22.5
2026-09-22, 03:30:57, 22.5, 22.59, 23.0, 23.0, 9999.0, 9999.0, 9999.0, 23.95, 9999.0, 22.41, 9999.0, 22.86, 22.59, 22.5, 22.5, 22.5
2026-09-22, 03:31:01, 22.5, 22.59, 23.0, 23.0, 9999.0, 9999.0, 9999.0, 23.91, 9999.0, 22.43, 9999.0, 22.89, 22.61, 22.5, 22.5, 22.5
2026-09-22, 03:31:05, 22.5, 22.61, 23.0, 23.0, 9999.0, 9999.0, 9999.0, 23.89, 9999.0, 22.43, 9999.0, 22.91, 22.64, 22.5, 22.5, 22.5
2026-09-22, 03:31:09, 22.5, 22.61, 23.0, 23.0, 9999.0, 9999.0, 9999.0, 23.84, 9999.0, 22.45, 9999.0, 22.93, 22.66, 22.5, 22.5, 22.5
2026-09-22, 03:31:13, 22.5, 22.61, 23.0, 23.0, 9999.0, 9999.0, 9999.0, 23.8, 9999.0, 22.48, 9999.0, 22.95, 22.68, 22.5, 22.5, 22.5
2026-09-22, 03:31:17, 22.5, 22.61, 23.0, 23.0, 9999.0, 9999.0, 9999.0, 23.75, 9999.0, 22.48, 9999.0, 22.98, 22.68, 22.5, 22.5, 22.5
2026-09-22, 03:31:22, 22.5, 22.61, 23.0, 23.0, 9999.0, 9999.0, 9999.0, 23.77, 9999.0, 22.5, 9999.0, 22.98, 22.68, 22.48, 22.5, 22.5
2026-09-22, 03:31:26, 22.5, 22.59, 23.0, 23.0, 9999.0, 9999.0, 9999.0, 23.8, 9999.0, 22.55, 9999.0, 22.95, 22.7, 22.48, 22.5, 22.5
2026-09-22, 03:31:30, 22.5, 22.61, 23.0, 23.0, 9999.0, 9999.0, 9999.0, 23.82, 9999.0, 22.57, 9999.0, 22.93, 22.73, 22.45, 22.5, 22.5
2026-09-22, 03:31:34, 22.5, 22.61, 23.0, 23.0, 9999.0, 9999.0, 9999.0, 23.84, 9999.0, 22.57, 9999.0, 22.91, 22.73, 22.45, 22.5, 22.5
2026-09-22, 03:31:38, 22.5, 22.61, 23.0, 23.0, 9999.0, 9999.0, 9999.0, 23.86, 9999.0, 22.59, 9999.0, 22.89, 22.73, 22.45, 22.5, 22.5
2026-09-22, 03:31:42, 22.5, 22.61, 23.0, 23.0, 9999.0, 9999.0, 9999.0, 23.89, 9999.0, 22.61, 9999.0, 22.86, 22.73, 22.43, 22.5, 22.5
2026-09-22, 03:31:46, 22.5, 22.64, 23.0, 23.0, 9999.0, 9999.0, 9999.0, 23.91, 9999.0, 22.57, 9999.0, 22.84, 22.7, 22.43, 22.5, 22.5
2026-09-22, 03:31:50, 22.5, 22.61, 23.0, 22.98, 9999.0, 9999.0, 9999.0, 23.93, 9999.0, 22.55, 9999.0, 22.82, 22.7, 22.43, 22.5, 22.5
2026-09-22, 03:31:54, 22.5, 22.61, 23.0, 22.95, 9999.0, 9999.0, 9999.0, 23.98, 9999.0, 22.52, 9999.0, 22.8, 22.68, 22.43, 22.5, 22.5
2026-09-22, 03:31:58, 22.5, 22.59, 23.0, 22.95, 9999.0, 9999.0, 9999.0, 24.0, 9999.0, 22.48, 9999.0, 22.8, 22.68, 22.43, 22.5, 22.5
2026-09-22, 03:32:02, 22.5, 22.59, 23.0, 22.95, 9999.0, 9999.0, 9999.0, 24.05, 9999.0, 22.45, 9999.0, 22.8, 22.66, 22.43, 22.5, 22.5
2026-09-22, 03:32:06, 22.5, 22.59, 23.0, 22.95, 9999.0, 9999.0, 9999.0, 24.0, 9999.0, 22.41, 9999.0, 22.82, 22.66, 22.45, 22.5, 22.5
2026-09-22, 03:32:10, 22.5, 22.59, 23.0, 22.95, 9999.0, 9999.0, 9999.0, 23.95, 9999.0, 22.36, 9999.0, 22.84, 22.66, 22.45, 22.5, 22.5
2026-09-22, 03:32:14, 22.5, 22.59, 23.0, 22.93, 9999.0, 9999.0, 9999.0, 23.91, 9999.0, 22.34, 9999.0, 22.86, 22.66, 22.48, 22.5, 22.5
2026-09-22, 03:32:18, 22.5, 22.61, 23.0, 22.93, 9999.0, 9999.0, 9999.0, 23.89, 9999.0, 22.34, 9999.0, 22.89, 22.64, 22.48, 22.5, 22.5
2026-09-22, 03:32:22, 22.5, 22.59, 23.0, 22.93, 9999.0, 9999.0, 9999.0, 23.86, 9999.0, 22.34, 9999.0, 22.91, 22.64, 22.48, 22.5, 22.5
2026-09-22, 03:32:26, 22.5, 22.59, 23.0, 22.93, 9999.0, 9999.0, 9999.0, 23.82, 9999.0, 22.34, 9999.0, 22.91, 22.64, 22.5, 22.5, 22.5
2026-09-22, 03:32:30, 22.5, 22.57, 22.98, 22.93, 9999.0, 9999.0, 9999.0, 23.77, 9999.0, 22.36, 9999.0, 22.93, 22.66, 22.5, 22.5, 22.5
2026-09-22, 03:32:34, 22.5, 22.57, 22.98, 22.95, 9999.0, 9999.0, 9999.0, 23.73, 9999.0, 22.39, 9999.0, 22.95, 22.66, 22.5, 22.5, 22.5
2026-09-22, 03:32:38, 22.5, 22.57, 22.98, 22.98, 9999.0, 9999.0, 9999.0, 23.75, 9999.0, 22.39, 9999.0, 22.98, 22.68, 22.5, 22.5, 22.5
2026-09-22, 03:32:42, 22.5, 22.57, 22.98, 22.98, 9999.0, 9999.0, 9999.0, 23.8, 9999.0, 22.41, 9999.0, 22.98, 22.68, 22.5, 22.5, 22.5
2026-09-22, 03:32:46, 22.5, 22.57, 22.98, 22.98, 9999.0, 9999.0, 9999.0, 23.82, 9999.0, 22.43, 9999.0, 22.95, 22.7, 22.48, 22.5, 22.5
2026-09-22, 03:32:50, 22.5, 22.57, 22.98, 22.98, 9999.0, 9999.0, 9999.0, 23.84, 9999.0, 22.45, 9999.0, 22.93, 22.7, 22.45, 22.5, 22.5
2026-09-22, 03:32:54, 22.5, 22.59, 22.98, 22.98, 9999.0, 9999.0, 9999.0, 23.86, 9999.0, 22.48, 9999.0, 22.91, 22.7, 22.45, 22.5, 22.5
2026-09-22, 03:32:58, 22.5, 22.57, 22.98, 23.0, 9999.0, 9999.0, 9999.0, 23.89, 9999.0, 22.48, 9999.0, 22.89, 22.7, 22.45, 22.5, 22.5
2026-09-22, 03:33:02, 22.5, 22.57, 22.98, 23.0, 9999.0, 9999.0, 9999.0, 23.91, 9999.0, 22.48, 9999.0, 22.86, 22.73, 22.43, 22.5, 22.5
2026-09-22, 03:33:06, 22.5, 22.57, 22.98, 23.0, 9999.0, 9999.0, 9999.0, 23.93, 9999.0, 22.45, 9999.0, 22.84, 22.73, 22.43, 22.5, 22.5
2026-09-22, 03:33:10, 22.5, 22.57, 22.98, 22.98, 9999.0, 9999.0, 9999.0, 23.95, 9999.0, 22.43, 9999.0, 22.84, 22.7, 22.43, 22.5, 22.5
2026-09-22, 03:33:14, 22.5, 22.57, 23.0, 22.95, 9999.0, 9999.0, 9999.0, 23.98, 9999.0, 22.41, 9999.0, 22.84, 22.68, 22.43, 22.5, 22.5
2026-09-22, 03:33:28, 22.5, 22.57, 23.0, 22.95, 9999.0, 9999.0, 9999.0, 24.0, 9999.0, 22.39, 9999.0, 22.84, 22.66, 22.43, 22.5, 22.5
2026-09-22, 03:33:32, 22.5, 22.55, 23.0, 22.95, 9999.0, 9999.0, 9999.0, 23.95, 9999.0, 22.36, 9999.0, 22.84, 22.66, 22.43, 22.5, 22.5
2026-09-22, 03:33:36, 22.5, 22.55, 23.0, 22.95, 9999.0, 9999.0, 9999.0, 23.91, 9999.0, 22.34, 9999.0, 22.84, 22.66, 22.43, 22.5, 22.5
2026-09-22, 03:33:40, 22.5, 22.55, 23.0, 22.95, 9999.0, 9999.0, 9999.0, 23.86, 9999.0, 22.32, 9999.0, 22.86, 22.64, 22.45, 22.5, 22.5
2026-09-22, 03:33:44, 22.5, 22.55, 23.0, 22.95, 9999.0, 9999.0, 9999.0, 23.84, 9999.0, 22.32, 9999.0, 22.89, 22.61, 22.48, 22.5, 22.5
2026-09-22, 03:33:48, 22.5, 22.55, 22.98, 22.95, 9999.0, 9999.0, 9999.0, 23.82, 9999.0, 22.32, 9999.0, 22.91, 22.61, 22.48, 22.5, 22.5
2026-09-22, 03:33:52, 22.5, 22.55, 22.98, 22.95, 9999.0, 9999.0, 9999.0, 23.8, 9999.0, 22.34, 9999.0, 22.93, 22.61, 22.48, 22.5, 22.5
2026-09-22, 03:33:56, 22.5, 22.52, 22.98, 22.95, 9999.0, 9999.0, 9999.0, 23.75, 9999.0, 22.34, 9999.0, 22.95, 22.61, 22.5, 22.5, 22.5
2026-09-22, 03:34:00, 22.5, 22.52, 22.98, 22.95, 9999.0, 9999.0, 9999.0, 23.7, 9999.0, 22.36, 9999.0, 22.98, 22.64, 22.48, 22.5, 22.5
2026-09-22, 03:34:04, 22.5, 22.52, 22.98, 22.98, 9999.0, 9999.0, 9999.0, 23.77, 9999.0, 22.39, 9999.0, 23.0, 22.66, 22.48, 22.5, 22.5
2026-09-22, 03:34:08, 22.5, 22.52, 22.98, 23.0, 9999.0, 9999.0, 9999.0, 23.82, 9999.0, 22.41, 9999.0, 22.98, 22.68, 22.48, 22.5, 22.5
2026-09-22, 03:34:12, 22.5, 22.55, 22.98, 23.0, 9999.0, 9999.0, 9999.0, 23.86, 9999.0, 22.43, 9999.0, 22.95, 22.7, 22.48, 22.5, 22.5
2026-09-22, 03:34:16, 22.5, 22.57, 22.98, 22.98, 9999.0, 9999.0, 9999.0, 23.91, 9999.0, 22.45, 9999.0, 22.93, 22.7, 22.48, 22.5, 22.5
2026-09-22, 03:34:20, 22.5, 22.57, 22.98, 22.98, 9999.0, 9999.0, 9999.0, 23.93, 9999.0, 22.48, 9999.0, 22.91, 22.68, 22.48, 22.5, 22.5
2026-09-22, 03:34:24, 22.5, 22.57, 22.98, 22.98, 9999.0, 9999.0, 9999.0, 23.95, 9999.0, 22.5, 9999.0, 22.89, 22.68, 22.48, 22.5, 22.5
2026-09-22, 03:34:28, 22.5, 22.57, 22.95, 22.98, 9999.0, 9999.0, 9999.0, 23.95, 9999.0, 22.48, 9999.0, 22.86, 22.68, 22.48, 22.5, 22.5
2026-09-22, 03:34:32, 22.5, 22.55, 22.98, 22.95, 9999.0, 9999.0, 9999.0, 23.95, 9999.0, 22.45, 9999.0, 22.84, 22.66, 22.48, 22.5, 22.5
2026-09-22, 03:34:36, 22.5, 22.55, 22.98, 22.95, 9999.0, 9999.0, 9999.0, 23.98, 9999.0, 22.43, 9999.0, 22.82, 22.66, 22.48, 22.5, 22.5
2026-09-22, 03:34:40, 22.5, 22.55, 22.98, 22.95, 9999.0, 9999.0, 9999.0, 24.0, 9999.0, 22.41, 9999.0, 22.82, 22.64, 22.48, 22.5, 22.5
2026-09-22, 03:34:44, 22.5, 22.55, 22.98, 22.95, 9999.0, 9999.0, 9999.0, 24.02, 9999.0, 22.39, 9999.0, 22.8, 22.61, 22.5, 22.5, 22.5
2026-09-22, 03:34:48, 22.5, 22.57, 22.98, 22.95, 9999.0, 9999.0, 9999.0, 23.95, 9999.0, 22.36, 9999.0, 22.8, 22.61, 22.5, 22.5, 22.5
2026-09-22, 03:34:52, 22.5, 22.59, 22.95, 22.95, 9999.0, 9999.0, 9999.0, 23.91, 9999.0, 22.34, 9999.0, 22.82, 22.61, 22.5, 22.5, 22.5
2026-09-22, 03:34:56, 22.5, 22.59, 22.95, 22.95, 9999.0, 9999.0, 9999.0, 23.86, 9999.0, 22.32, 9999.0, 22.84, 22.61, 22.5, 22.5, 22.5
2026-09-22, 03:35:00, 22.5, 22.57, 22.95, 22.98, 9999.0, 9999.0, 9999.0, 23.82, 9999.0, 22.32, 9999.0, 22.86, 22.61, 22.5, 22.5, 22.5
2026-09-22, 03:35:04, 22.5, 22.59, 22.95, 22.98, 9999.0, 9999.0, 9999.0, 23.8, 9999.0, 22.32, 9999.0, 22.89, 22.64, 22.48, 22.5, 22.5
2026-09-22, 03:35:08, 22.5, 22.59, 22.93, 22.98, 9999.0, 9999.0, 9999.0, 23.77, 9999.0, 22.32, 9999.0, 22.91, 22.66, 22.48, 22.5, 22.5
2026-09-22, 03:35:12, 22.5, 22.61, 22.95, 22.98, 9999.0, 9999.0, 9999.0, 23.77, 9999.0, 22.34, 9999.0, 22.93, 22.68, 22.48, 22.5, 22.5
2026-09-22, 03:35:16, 22.5, 22.61, 22.95, 23.0, 9999.0, 9999.0, 9999.0, 23.75, 9999.0, 22.36, 9999.0, 22.95, 22.7, 22.48, 22.5, 22.5
2026-09-22, 03:35:20, 22.5, 22.64, 22.95, 23.0, 9999.0, 9999.0, 9999.0, 23.8, 9999.0, 22.39, 9999.0, 22.98, 22.7, 22.48, 22.5, 22.5
2026-09-22, 03:35:24, 22.5, 22.64, 22.95, 23.0, 9999.0, 9999.0, 9999.0, 23.84, 9999.0, 22.41, 9999.0, 22.95, 22.73, 22.48, 22.5, 22.5
2026-09-22, 03:35:28, 22.5, 22.66, 22.95, 23.0, 9999.0, 9999.0, 9999.0, 23.89, 9999.0, 22.43, 9999.0, 22.95, 22.75, 22.48, 22.5, 22.5
2026-09-22, 03:35:32, 22.5, 22.66, 22.95, 23.0, 9999.0, 9999.0, 9999.0, 23.93, 9999.0, 22.45, 9999.0, 22.95, 22.75, 22.45, 22.5, 22.5
2026-09-22, 03:35:36, 22.5, 22.66, 22.98, 22.98, 9999.0, 9999.0, 9999.0, 23.98, 9999.0, 22.45, 9999.0, 22.95, 22.73, 22.45, 22.5, 22.5
2026-09-22, 03:35:40, 22.5, 22.64, 22.98, 22.98, 9999.0, 9999.0, 9999.0, 24.0, 9999.0, 22.45, 9999.0, 22.93, 22.73, 22.45, 22.5, 22.5
2026-09-22, 03:35:44, 22.5, 22.64, 22.98, 22.98, 9999.0, 9999.0, 9999.0, 24.02, 9999.0, 22.43, 9999.0, 22.91, 22.73, 22.43, 22.5, 22.5
2026-09-22, 03:35:48, 22.5, 22.61, 22.98, 22.98, 9999.0, 9999.0, 9999.0, 24.05, 9999.0, 22.41, 9999.0, 22.89, 22.73, 22.45, 22.5, 22.5
2026-09-22, 03:35:52, 22.5, 22.61, 23.0, 22.95, 9999.0, 9999.0, 9999.0, 24.07, 9999.0, 22.39, 9999.0, 22.86, 22.73, 22.45, 22.5, 22.5
2026-09-22, 03:35:56, 22.5, 22.59, 23.0, 22.95, 9999.0, 9999.0, 9999.0, 24.07, 9999.0, 22.36, 9999.0, 22.86, 22.7, 22.43, 22.5, 22.5
2026-09-22, 03:36:00, 22.5, 22.59, 23.0, 22.95, 9999.0, 9999.0, 9999.0, 24.09, 9999.0, 22.34, 9999.0, 22.84, 22.7, 22.41, 22.5, 22.5
2026-09-22, 03:36:04, 22.5, 22.59, 23.0, 22.95, 9999.0, 9999.0, 9999.0, 24.02, 9999.0, 22.3, 9999.0, 22.84, 22.7, 22.41, 22.5, 22.5
2026-09-22, 03:36:08, 22.5, 22.61, 23.0, 22.95, 9999.0, 9999.0, 9999.0, 23.98, 9999.0, 22.27, 9999.0, 22.86, 22.68, 22.41, 22.5, 22.5
2026-09-22, 03:36:12, 22.5, 22.61, 23.0, 22.95, 9999.0, 9999.0, 9999.0, 23.93, 9999.0, 22.23, 9999.0, 22.89, 22.68, 22.41, 22.5, 22.5
2026-09-22, 03:36:16, 22.5, 22.61, 22.98, 22.95, 9999.0, 9999.0, 9999.0, 23.89, 9999.0, 22.23, 9999.0, 22.89, 22.68, 22.43, 22.5, 22.5
2026-09-22, 03:36:20, 22.5, 22.59, 22.98, 22.98, 9999.0, 9999.0, 9999.0, 23.84, 9999.0, 22.23, 9999.0, 22.89, 22.7, 22.43, 22.5, 22.5
2026-09-22, 03:36:24, 22.5, 22.61, 22.98, 22.98, 9999.0, 9999.0, 9999.0, 23.8, 9999.0, 22.25, 9999.0, 22.91, 22.7, 22.43, 22.5, 22.5
2026-09-22, 03:36:28, 22.5, 22.61, 22.98, 22.98, 9999.0, 9999.0, 9999.0, 23.75, 9999.0, 22.27, 9999.0, 22.93, 22.7, 22.45, 22.5, 22.5
2026-09-22, 03:36:32, 22.5, 22.61, 22.98, 22.98, 9999.0, 9999.0, 9999.0, 23.7, 9999.0, 22.3, 9999.0, 22.93, 22.7, 22.45, 22.5, 22.5
2026-09-22, 03:36:36, 22.5, 22.61, 22.98, 23.0, 9999.0, 9999.0, 9999.0, 23.73, 9999.0, 22.32, 9999.0, 22.93, 22.7, 22.43, 22.5, 22.5
2026-09-22, 03:36:40, 22.5, 22.64, 22.98, 23.0, 9999.0, 9999.0, 9999.0, 23.77, 9999.0, 22.34, 9999.0, 22.93, 22.73, 22.45, 22.5, 22.5
2026-09-22, 03:36:44, 22.5, 22.64, 22.98, 23.0, 9999.0, 9999.0, 9999.0, 23.82, 9999.0, 22.34, 9999.0, 22.95, 22.73, 22.45, 22.5, 22.5
2026-09-22, 03:36:48, 22.5, 22.61, 22.98, 23.0, 9999.0, 9999.0, 9999.0, 23.84, 9999.0, 22.36, 9999.0, 22.93, 22.73, 22.45, 22.5, 22.5
2026-09-22, 03:36:52, 22.5, 22.59, 22.98, 23.0, 9999.0, 9999.0, 9999.0, 23.86, 9999.0, 22.36, 9999.0, 22.91, 22.75, 22.45, 22.5, 22.5
2026-09-22, 03:36:56, 22.5, 22.57, 22.98, 23.0, 9999.0, 9999.0, 9999.0, 23.89, 9999.0, 22.39, 9999.0, 22.89, 22.75, 22.45, 22.5, 22.5
2026-09-22, 03:37:00, 22.5, 22.55, 23.0, 23.0, 9999.0, 9999.0, 9999.0, 23.91, 9999.0, 22.36, 9999.0, 22.86, 22.75, 22.43, 22.5, 22.5
2026-09-22, 03:37:04, 22.5, 22.55, 23.0, 23.0, 9999.0, 9999.0, 9999.0, 23.91, 9999.0, 22.36, 9999.0, 22.84, 22.75, 22.43, 22.5, 22.5
2026-09-22, 03:37:08, 22.5, 22.52, 22.98, 23.0, 9999.0, 9999.0, 9999.0, 23.95, 9999.0, 22.34, 9999.0, 22.82, 22.75, 22.43, 22.5, 22.5
2026-09-22, 03:37:12, 22.5, 22.55, 22.98, 23.0, 9999.0, 9999.0, 9999.0, 23.98, 9999.0, 22.32, 9999.0, 22.82, 22.73, 22.43, 22.5, 22.5
2026-09-22, 03:37:16, 22.5, 22.55, 22.98, 23.0, 9999.0, 9999.0, 9999.0, 24.0, 9999.0, 22.3, 9999.0, 22.84, 22.73, 22.43, 22.5, 22.5
2026-09-22, 03:37:21, 22.5, 22.57, 22.98, 23.0, 9999.0, 9999.0, 9999.0, 23.95, 9999.0, 22.27, 9999.0, 22.86, 22.7, 22.45, 22.5, 22.5
2026-09-22, 03:37:25, 22.5, 22.57, 22.98, 23.0, 9999.0, 9999.0, 9999.0, 23.91, 9999.0, 22.25, 9999.0, 22.86, 22.7, 22.45, 22.5, 22.5
2026-09-22, 03:37:29, 22.5, 22.57, 22.98, 23.0, 9999.0, 9999.0, 9999.0, 23.86, 9999.0, 22.25, 9999.0, 22.86, 22.68, 22.48, 22.5, 22.5
2026-09-22, 03:37:33, 22.5, 22.57, 22.98, 23.0, 9999.0, 9999.0, 9999.0, 23.82, 9999.0, 22.25, 9999.0, 22.89, 22.68, 22.48, 22.5, 22.5
2026-09-22, 03:37:37, 22.5, 22.57, 22.98, 23.0, 9999.0, 9999.0, 9999.0, 23.77, 9999.0, 22.27, 9999.0, 22.91, 22.68, 22.48, 22.5, 22.5
2026-09-22, 03:37:41, 22.5, 22.57, 22.98, 23.0, 9999.0, 9999.0, 9999.0, 23.73, 9999.0, 22.3, 9999.0, 22.93, 22.68, 22.48, 22.5, 22.5
2026-09-22, 03:37:45, 22.5, 22.57, 22.98, 23.0, 9999.0, 9999.0, 9999.0, 23.68, 9999.0, 22.32, 9999.0, 22.95, 22.68, 22.48, 22.5, 22.5
2026-09-22, 03:37:49, 22.5, 22.57, 22.98, 23.0, 9999.0, 9999.0, 9999.0, 23.66, 9999.0, 22.34, 9999.0, 22.95, 22.68, 22.48, 22.5, 22.5
2026-09-22, 03:37:53, 22.5, 22.57, 22.98, 23.0, 9999.0, 9999.0, 9999.0, 23.68, 9999.0, 22.36, 9999.0, 22.98, 22.68, 22.48, 22.5, 22.5
2026-09-22, 03:37:57, 22.5, 22.55, 22.95, 23.0, 9999.0, 9999.0, 9999.0, 23.73, 9999.0, 22.39, 9999.0, 22.98, 22.7, 22.48, 22.5, 22.5
2026-09-22, 03:38:01, 22.5, 22.55, 22.95, 23.0, 9999.0, 9999.0, 9999.0, 23.77, 9999.0, 22.39, 9999.0, 22.95, 22.7, 22.48, 22.5, 22.5
2026-09-22, 03:38:05, 22.5, 22.52, 22.95, 23.0, 9999.0, 9999.0, 9999.0, 23.8, 9999.0, 22.39, 9999.0, 22.93, 22.73, 22.48, 22.5, 22.5
2026-09-22, 03:38:09, 22.5, 22.5, 22.95, 23.0, 9999.0, 9999.0, 9999.0, 23.82, 9999.0, 22.39, 9999.0, 22.91, 22.73, 22.48, 22.5, 22.5
2026-09-22, 03:38:13, 22.5, 22.52, 22.95, 23.0, 9999.0, 9999.0, 9999.0, 23.84, 9999.0, 22.39, 9999.0, 22.89, 22.75, 22.48, 22.5, 22.5
2026-09-22, 03:38:17, 22.5, 22.52, 22.93, 23.0, 9999.0, 9999.0, 9999.0, 23.89, 9999.0, 22.39, 9999.0, 22.86, 22.75, 22.45, 22.5, 22.5
2026-09-22, 03:38:21, 22.5, 22.52, 22.93, 23.0, 9999.0, 9999.0, 9999.0, 23.93, 9999.0, 22.36, 9999.0, 22.84, 22.73, 22.45, 22.5, 22.5
2026-09-22, 03:38:25, 22.5, 22.52, 22.93, 23.0, 9999.0, 9999.0, 9999.0, 23.98, 9999.0, 22.34, 9999.0, 22.82, 22.73, 22.43, 22.5, 22.5
2026-09-22, 03:38:29, 22.5, 22.55, 22.91, 23.0, 9999.0, 9999.0, 9999.0, 24.02, 9999.0, 22.32, 9999.0, 22.8, 22.73, 22.45, 22.5, 22.5
2026-09-22, 03:38:33, 22.5, 22.57, 22.91, 23.0, 9999.0, 9999.0, 9999.0, 24.07, 9999.0, 22.3, 9999.0, 22.82, 22.7, 22.45, 22.5, 22.5
2026-09-22, 03:38:37, 22.5, 22.57, 22.93, 23.0, 9999.0, 9999.0, 9999.0, 24.02, 9999.0, 22.27, 9999.0, 22.82, 22.7, 22.45, 22.5, 22.5
2026-09-22, 03:38:41, 22.5, 22.57, 22.95, 23.0, 9999.0, 9999.0, 9999.0, 23.98, 9999.0, 22.25, 9999.0, 22.82, 22.68, 22.45, 22.5, 22.5
2026-09-22, 03:38:45, 22.5, 22.57, 22.95, 23.0, 9999.0, 9999.0, 9999.0, 23.93, 9999.0, 22.25, 9999.0, 22.84, 22.68, 22.45, 22.5, 22.5
2026-09-22, 03:38:49, 22.5, 22.57, 22.95, 23.0, 9999.0, 9999.0, 9999.0, 23.91, 9999.0, 22.27, 9999.0, 22.86, 22.66, 22.43, 22.5, 22.5
2026-09-22, 03:38:53, 22.5, 22.59, 22.95, 23.0, 9999.0, 9999.0, 9999.0, 23.86, 9999.0, 22.3, 9999.0, 22.89, 22.66, 22.43, 22.5, 22.5
2026-09-22, 03:38:57, 22.5, 22.57, 22.93, 23.0, 9999.0, 9999.0, 9999.0, 23.82, 9999.0, 22.32, 9999.0, 22.91, 22.66, 22.41, 22.5, 22.5
2026-09-22, 03:39:01, 22.5, 22.59, 22.95, 23.0, 9999.0, 9999.0, 9999.0, 23.77, 9999.0, 22.34, 9999.0, 22.93, 22.66, 22.43, 22.5, 22.5
2026-09-22, 03:39:05, 22.5, 22.59, 22.95, 23.0, 9999.0, 9999.0, 9999.0, 23.73, 9999.0, 22.39, 9999.0, 22.95, 22.68, 22.43, 22.5, 22.5
2026-09-22, 03:39:09, 22.5, 22.59, 22.95, 23.0, 9999.0, 9999.0, 9999.0, 23.75, 9999.0, 22.41, 9999.0, 22.98, 22.66, 22.45, 22.5, 22.5
2026-09-22, 03:39:13, 22.5, 22.57, 22.95, 23.0, 9999.0, 9999.0, 9999.0, 23.77, 9999.0, 22.43, 9999.0, 23.0, 22.66, 22.45, 22.5, 22.5
2026-09-22, 03:39:17, 22.5, 22.57, 22.95, 23.0, 9999.0, 9999.0, 9999.0, 23.77, 9999.0, 22.45, 9999.0, 23.0, 22.68, 22.45, 22.5, 22.5
2026-09-22, 03:39:21, 22.5, 22.57, 22.93, 23.0, 9999.0, 9999.0, 9999.0, 23.8, 9999.0, 22.48, 9999.0, 22.98, 22.66, 22.45, 22.5, 22.5
2026-09-22, 03:39:25, 22.5, 22.57, 22.93, 23.0, 9999.0, 9999.0, 9999.0, 23.82, 9999.0, 22.5, 9999.0, 22.98, 22.68, 22.45, 22.5, 22.5
2026-09-22, 03:39:29, 22.5, 22.57, 22.93, 23.0, 9999.0, 9999.0, 9999.0, 23.84, 9999.0, 22.52, 9999.0, 22.95, 22.68, 22.45, 22.5, 22.5
2026-09-22, 03:39:33, 22.5, 22.57, 22.93, 23.0, 9999.0, 9999.0, 9999.0, 23.86, 9999.0, 22.52, 9999.0, 22.93, 22.68, 22.48, 22.5, 22.5
2026-09-22, 03:39:37, 22.5, 22.57, 22.93, 22.98, 9999.0, 9999.0, 9999.0, 23.91, 9999.0, 22.52, 9999.0, 22.91, 22.66, 22.48, 22.5, 22.5
2026-09-22, 03:39:41, 22.5, 22.57, 22.95, 22.98, 9999.0, 9999.0, 9999.0, 23.95, 9999.0, 22.5, 9999.0, 22.89, 22.64, 22.5, 22.5, 22.5
2026-09-22, 03:39:45, 22.5, 22.55, 22.95, 22.98, 9999.0, 9999.0, 9999.0, 23.98, 9999.0, 22.48, 9999.0, 22.89, 22.61, 22.5, 22.5, 22.5
2026-09-22, 03:39:49, 22.5, 22.55, 22.95, 22.98, 9999.0, 9999.0, 9999.0, 24.0, 9999.0, 22.43, 9999.0, 22.89, 22.61, 22.5, 22.5, 22.5
2026-09-22, 03:39:53, 22.5, 22.55, 22.95, 22.98, 9999.0, 9999.0, 9999.0, 23.95, 9999.0, 22.43, 9999.0, 22.89, 22.61, 22.5, 22.5, 22.5
2026-09-22, 03:39:57, 22.5, 22.55, 22.95, 22.98, 9999.0, 9999.0, 9999.0, 23.91, 9999.0, 22.41, 9999.0, 22.89, 22.61, 22.5, 22.5, 22.5
2026-09-22, 03:40:01, 22.5, 22.52, 22.95, 22.98, 9999.0, 9999.0, 9999.0, 23.86, 9999.0, 22.39, 9999.0, 22.89, 22.61, 22.48, 22.5, 22.5
2026-09-22, 03:40:05, 22.5, 22.52, 22.98, 22.98, 9999.0, 9999.0, 9999.0, 23.82, 9999.0, 22.39, 9999.0, 22.91, 22.64, 22.48, 22.5, 22.5
2026-09-22, 03:40:09, 22.5, 22.52, 22.98, 22.98, 9999.0, 9999.0, 9999.0, 23.77, 9999.0, 22.39, 9999.0, 22.91, 22.61, 22.48, 22.5, 22.5
2026-09-22, 03:40:13, 22.5, 22.52, 22.98, 22.98, 9999.0, 9999.0, 9999.0, 23.73, 9999.0, 22.41, 9999.0, 22.93, 22.61, 22.45, 22.5, 22.5
2026-09-22, 03:40:17, 22.5, 22.52, 22.98, 22.98, 9999.0, 9999.0, 9999.0, 23.68, 9999.0, 22.43, 9999.0, 22.93, 22.64, 22.45, 22.5, 22.5
2026-09-22, 03:40:21, 22.5, 22.5, 22.98, 23.0, 9999.0, 9999.0, 9999.0, 23.64, 9999.0, 22.45, 9999.0, 22.95, 22.66, 22.45, 22.5, 22.5
2026-09-22, 03:40:25, 22.5, 22.5, 22.98, 23.0, 9999.0, 9999.0, 9999.0, 23.66, 9999.0, 22.48, 9999.0, 22.95, 22.68, 22.45, 22.5, 22.5
2026-09-22, 03:40:29, 22.5, 22.5, 22.98, 23.0, 9999.0, 9999.0, 9999.0, 23.7, 9999.0, 22.5, 9999.0, 22.93, 22.7, 22.45, 22.5, 22.5
2026-09-22, 03:40:33, 22.5, 22.5, 22.98, 23.0, 9999.0, 9999.0, 9999.0, 23.75, 9999.0, 22.52, 9999.0, 22.91, 22.7, 22.45, 22.5, 22.5
2026-09-22, 03:40:37, 22.5, 22.5, 22.98, 23.0, 9999.0, 9999.0, 9999.0, 23.77, 9999.0, 22.52, 9999.0, 22.89, 22.7, 22.43, 22.5, 22.5
2026-09-22, 03:40:41, 22.5, 22.5, 23.0, 23.0, 9999.0, 9999.0, 9999.0, 23.8, 9999.0, 22.55, 9999.0, 22.89, 22.7, 22.43, 22.5, 22.5
2026-09-22, 03:40:45, 22.5, 22.5, 23.0, 23.0, 9999.0, 9999.0, 9999.0, 23.84, 9999.0, 22.57, 9999.0, 22.86, 22.7, 22.43, 22.5, 22.5
2026-09-22, 03:40:49, 22.5, 22.5, 23.0, 23.0, 9999.0, 9999.0, 9999.0, 23.89, 9999.0, 22.55, 9999.0, 22.84, 22.7, 22.43, 22.5, 22.5
2026-09-22, 03:40:53, 22.5, 22.5, 23.0, 22.98, 9999.0, 9999.0, 9999.0, 23.93, 9999.0, 22.55, 9999.0, 22.82, 22.73, 22.41, 22.5, 22.5
2026-09-22, 03:40:57, 22.5, 22.52, 23.0, 22.98, 9999.0, 9999.0, 9999.0, 23.98, 9999.0, 22.5, 9999.0, 22.8, 22.7, 22.41, 22.48, 22.5
2026-09-22, 03:41:01, 22.5, 22.55, 23.0, 22.95, 9999.0, 9999.0, 9999.0, 24.02, 9999.0, 22.48, 9999.0, 22.8, 22.68, 22.41, 22.48, 22.5
2026-09-22, 03:41:05, 22.5, 22.55, 23.0, 22.95, 9999.0, 9999.0, 9999.0, 24.05, 9999.0, 22.45, 9999.0, 22.77, 22.66, 22.39, 22.48, 22.5
2026-09-22, 03:41:10, 22.5, 22.55, 23.0, 22.95, 9999.0, 9999.0, 9999.0, 24.0, 9999.0, 22.45, 9999.0, 22.8, 22.66, 22.39, 22.48, 22.5
2026-09-22, 03:41:14, 22.5, 22.55, 23.0, 22.95, 9999.0, 9999.0, 9999.0, 23.95, 9999.0, 22.43, 9999.0, 22.82, 22.66, 22.39, 22.48, 22.5
2026-09-22, 03:41:18, 22.5, 22.57, 23.0, 22.95, 9999.0, 9999.0, 9999.0, 23.91, 9999.0, 22.43, 9999.0, 22.84, 22.66, 22.39, 22.48, 22.5
2026-09-22, 03:41:22, 22.5, 22.57, 23.0, 22.95, 9999.0, 9999.0, 9999.0, 23.89, 9999.0, 22.43, 9999.0, 22.86, 22.66, 22.41, 22.48, 22.5
2026-09-22, 03:41:26, 22.5, 22.57, 23.0, 22.95, 9999.0, 9999.0, 9999.0, 23.84, 9999.0, 22.43, 9999.0, 22.86, 22.66, 22.39, 22.48, 22.5
2026-09-22, 03:41:30, 22.5, 22.57, 23.0, 22.95, 9999.0, 9999.0, 9999.0, 23.8, 9999.0, 22.45, 9999.0, 22.89, 22.66, 22.41, 22.48, 22.5
2026-09-22, 03:41:34, 22.5, 22.57, 22.98, 22.95, 9999.0, 9999.0, 9999.0, 23.75, 9999.0, 22.48, 9999.0, 22.89, 22.66, 22.41, 22.48, 22.5
2026-09-22, 03:41:38, 22.5, 22.57, 22.98, 22.98, 9999.0, 9999.0, 9999.0, 23.8, 9999.0, 22.48, 9999.0, 22.89, 22.66, 22.43, 22.48, 22.5
2026-09-22, 03:41:42, 22.5, 22.57, 22.98, 22.98, 9999.0, 9999.0, 9999.0, 23.82, 9999.0, 22.5, 9999.0, 22.89, 22.68, 22.45, 22.5, 22.5
2026-09-22, 03:41:46, 22.5, 22.55, 22.98, 23.0, 9999.0, 9999.0, 9999.0, 23.84, 9999.0, 22.5, 9999.0, 22.89, 22.7, 22.45, 22.5, 22.5
2026-09-22, 03:41:50, 22.5, 22.57, 22.98, 23.0, 9999.0, 9999.0, 9999.0, 23.89, 9999.0, 22.5, 9999.0, 22.89, 22.73, 22.48, 22.5, 22.5
2026-09-22, 03:41:54, 22.5, 22.59, 22.98, 23.0, 9999.0, 9999.0, 9999.0, 23.93, 9999.0, 22.5, 9999.0, 22.86, 22.7, 22.45, 22.5, 22.5
2026-09-22, 03:41:58, 22.5, 22.61, 22.98, 23.0, 9999.0, 9999.0, 9999.0, 23.95, 9999.0, 22.52, 9999.0, 22.84, 22.68, 22.43, 22.5, 22.5
2026-09-22, 03:42:02, 22.5, 22.59, 22.95, 23.0, 9999.0, 9999.0, 9999.0, 23.98, 9999.0, 22.52, 9999.0, 22.82, 22.68, 22.43, 22.5, 22.5
2026-09-22, 03:42:06, 22.5, 22.61, 22.95, 23.0, 9999.0, 9999.0, 9999.0, 24.0, 9999.0, 22.52, 9999.0, 22.8, 22.68, 22.43, 22.5, 22.5
2026-09-22, 03:42:10, 22.5, 22.61, 22.95, 23.0, 9999.0, 9999.0, 9999.0, 24.05, 9999.0, 22.52, 9999.0, 22.77, 22.66, 22.45, 22.5, 22.5
2026-09-22, 03:42:14, 22.5, 22.61, 22.95, 23.0, 9999.0, 9999.0, 9999.0, 24.07, 9999.0, 22.5, 9999.0, 22.77, 22.64, 22.45, 22.5, 22.5
2026-09-22, 03:42:18, 22.5, 22.61, 22.98, 23.0, 9999.0, 9999.0, 9999.0, 24.11, 9999.0, 22.5, 9999.0, 22.77, 22.61, 22.45, 22.5, 22.5
2026-09-22, 03:42:22, 22.5, 22.61, 22.98, 23.0, 9999.0, 9999.0, 9999.0, 24.05, 9999.0, 22.48, 9999.0, 22.77, 22.59, 22.45, 22.5, 22.5
2026-09-22, 03:42:26, 22.5, 22.59, 22.95, 23.0, 9999.0, 9999.0, 9999.0, 24.0, 9999.0, 22.48, 9999.0, 22.8, 22.59, 22.45, 22.5, 22.5
2026-09-22, 03:42:30, 22.5, 22.59, 22.95, 23.0, 9999.0, 9999.0, 9999.0, 23.95, 9999.0, 22.48, 9999.0, 22.82, 22.59, 22.45, 22.5, 22.5
2026-09-22, 03:42:34, 22.5, 22.57, 22.95, 23.0, 9999.0, 9999.0, 9999.0, 23.91, 9999.0, 22.48, 9999.0, 22.84, 22.59, 22.45, 22.5, 22.5
2026-09-22, 03:42:38, 22.5, 22.57, 22.95, 23.0, 9999.0, 9999.0, 9999.0, 23.86, 9999.0, 22.48, 9999.0, 22.86, 22.61, 22.48, 22.5, 22.5
2026-09-22, 03:42:42, 22.5, 22.55, 22.95, 23.0, 9999.0, 9999.0, 9999.0, 23.84, 9999.0, 22.48, 9999.0, 22.89, 22.64, 22.48, 22.5, 22.5
2026-09-22, 03:42:46, 22.5, 22.55, 22.95, 23.0, 9999.0, 9999.0, 9999.0, 23.82, 9999.0, 22.5, 9999.0, 22.89, 22.64, 22.48, 22.5, 22.5
2026-09-22, 03:42:50, 22.5, 22.52, 22.95, 23.0, 9999.0, 9999.0, 9999.0, 23.8, 9999.0, 22.52, 9999.0, 22.91, 22.66, 22.48, 22.5, 22.5
2026-09-22, 03:42:54, 22.5, 22.52, 22.95, 23.0, 9999.0, 9999.0, 9999.0, 23.84, 9999.0, 22.55, 9999.0, 22.93, 22.68, 22.48, 22.5, 22.5
2026-09-22, 03:42:58, 22.5, 22.55, 22.95, 23.0, 9999.0, 9999.0, 9999.0, 23.91, 9999.0, 22.57, 9999.0, 22.91, 22.7, 22.45, 22.5, 22.5
2026-09-22, 03:43:02, 22.5, 22.55, 22.95, 23.0, 9999.0, 9999.0, 9999.0, 23.93, 9999.0, 22.59, 9999.0, 22.93, 22.7, 22.43, 22.5, 22.5
2026-09-22, 03:43:06, 22.5, 22.55, 22.95, 23.0, 9999.0, 9999.0, 9999.0, 23.98, 9999.0, 22.64, 9999.0, 22.93, 22.73, 22.41, 22.5, 22.5
2026-09-22, 03:43:10, 22.5, 22.55, 22.98, 23.0, 9999.0, 9999.0, 9999.0, 24.02, 9999.0, 22.66, 9999.0, 22.91, 22.7, 22.41, 22.5, 22.5
2026-09-22, 03:43:14, 22.5, 22.55, 22.98, 23.0, 9999.0, 9999.0, 9999.0, 24.05, 9999.0, 22.68, 9999.0, 22.89, 22.7, 22.41, 22.5, 22.5
2026-09-22, 03:43:18, 22.5, 22.55, 22.95, 23.0, 9999.0, 9999.0, 9999.0, 24.07, 9999.0, 22.68, 9999.0, 22.89, 22.68, 22.41, 22.5, 22.5
2026-09-22, 03:43:22, 22.5, 22.52, 22.95, 23.0, 9999.0, 9999.0, 9999.0, 24.09, 9999.0, 22.68, 9999.0, 22.86, 22.68, 22.41, 22.5, 22.5
2026-09-22, 03:43:26, 22.5, 22.52, 22.95, 23.0, 9999.0, 9999.0, 9999.0, 24.14, 9999.0, 22.68, 9999.0, 22.84, 22.66, 22.41, 22.5, 22.5
2026-09-22, 03:43:30, 22.5, 22.52, 22.98, 23.0, 9999.0, 9999.0, 9999.0, 24.16, 9999.0, 22.66, 9999.0, 22.84, 22.66, 22.39, 22.48, 22.5
2026-09-22, 03:43:34, 22.5, 22.52, 22.98, 23.0, 9999.0, 9999.0, 9999.0, 24.18, 9999.0, 22.64, 9999.0, 22.82, 22.64, 22.39, 22.48, 22.5
2026-09-22, 03:43:38, 22.5, 22.52, 22.98, 22.98, 9999.0, 9999.0, 9999.0, 24.14, 9999.0, 22.61, 9999.0, 22.82, 22.64, 22.39, 22.48, 22.5
2026-09-22, 03:43:42, 22.5, 22.5, 22.98, 22.98, 9999.0, 9999.0, 9999.0, 24.09, 9999.0, 22.59, 9999.0, 22.84, 22.61, 22.41, 22.48, 22.5
2026-09-22, 03:43:46, 22.5, 22.5, 22.95, 22.98, 9999.0, 9999.0, 9999.0, 24.05, 9999.0, 22.57, 9999.0, 22.84, 22.64, 22.43, 22.48, 22.5
2026-09-22, 03:43:50, 22.5, 22.5, 22.95, 22.98, 9999.0, 9999.0, 9999.0, 24.0, 9999.0, 22.57, 9999.0, 22.86, 22.61, 22.45, 22.48, 22.5
2026-09-22, 03:43:54, 22.5, 22.52, 22.95, 22.98, 9999.0, 9999.0, 9999.0, 23.95, 9999.0, 22.57, 9999.0, 22.89, 22.64, 22.45, 22.48, 22.5
2026-09-22, 03:43:58, 22.5, 22.55, 22.95, 22.98, 9999.0, 9999.0, 9999.0, 23.93, 9999.0, 22.57, 9999.0, 22.91, 22.64, 22.43, 22.48, 22.5
2026-09-22, 03:44:02, 22.5, 22.55, 22.98, 22.98, 9999.0, 9999.0, 9999.0, 23.89, 9999.0, 22.59, 9999.0, 22.91, 22.66, 22.41, 22.48, 22.5
2026-09-22, 03:44:06, 22.5, 22.55, 22.95, 22.98, 9999.0, 9999.0, 9999.0, 23.86, 9999.0, 22.61, 9999.0, 22.91, 22.66, 22.39, 22.48, 22.48
2026-09-22, 03:44:10, 22.5, 22.55, 22.95, 22.98, 9999.0, 9999.0, 9999.0, 23.89, 9999.0, 22.64, 9999.0, 22.91, 22.68, 22.41, 22.48, 22.48
2026-09-22, 03:44:14, 22.5, 22.55, 22.95, 22.98, 9999.0, 9999.0, 9999.0, 23.93, 9999.0, 22.66, 9999.0, 22.91, 22.68, 22.43, 22.5, 22.48
2026-09-22, 03:44:18, 22.5, 22.57, 22.95, 22.98, 9999.0, 9999.0, 9999.0, 23.95, 9999.0, 22.68, 9999.0, 22.91, 22.7, 22.43, 22.5, 22.48
2026-09-22, 03:44:22, 22.5, 22.57, 22.95, 22.98, 9999.0, 9999.0, 9999.0, 23.98, 9999.0, 22.7, 9999.0, 22.89, 22.7, 22.43, 22.5, 22.48
2026-09-22, 03:44:26, 22.5, 22.57, 22.95, 22.98, 9999.0, 9999.0, 9999.0, 24.0, 9999.0, 22.73, 9999.0, 22.86, 22.73, 22.41, 22.5, 22.48
2026-09-22, 03:44:30, 22.5, 22.57, 22.98, 22.98, 9999.0, 9999.0, 9999.0, 24.02, 9999.0, 22.73, 9999.0, 22.84, 22.73, 22.41, 22.5, 22.48
2026-09-22, 03:44:34, 22.5, 22.57, 22.98, 22.98, 9999.0, 9999.0, 9999.0, 24.05, 9999.0, 22.7, 9999.0, 22.82, 22.73, 22.41, 22.5, 22.48
2026-09-22, 03:44:38, 22.5, 22.55, 22.98, 22.95, 9999.0, 9999.0, 9999.0, 24.07, 9999.0, 22.68, 9999.0, 22.8, 22.7, 22.41, 22.5, 22.48
2026-09-22, 03:44:42, 22.5, 22.52, 22.98, 22.95, 9999.0, 9999.0, 9999.0, 24.09, 9999.0, 22.66, 9999.0, 22.77, 22.68, 22.43, 22.5, 22.48
2026-09-22, 03:44:46, 22.5, 22.52, 22.98, 22.95, 9999.0, 9999.0, 9999.0, 24.14, 9999.0, 22.64, 9999.0, 22.77, 22.66, 22.45, 22.5, 22.48
2026-09-22, 03:44:50, 22.5, 22.52, 22.98, 22.95, 9999.0, 9999.0, 9999.0, 24.16, 9999.0, 22.61, 9999.0, 22.77, 22.64, 22.48, 22.5, 22.5
2026-09-22, 03:44:55, 22.5, 22.52, 22.95, 22.95, 9999.0, 9999.0, 9999.0, 24.11, 9999.0, 22.59, 9999.0, 22.8, 22.61, 22.48, 22.5, 22.5
2026-09-22, 03:44:59, 22.5, 22.52, 22.95, 22.95, 9999.0, 9999.0, 9999.0, 24.05, 9999.0, 22.57, 9999.0, 22.84, 22.61, 22.48, 22.5, 22.5
2026-09-22, 03:45:03, 22.5, 22.5, 22.95, 22.93, 9999.0, 9999.0, 9999.0, 24.0, 9999.0, 22.55, 9999.0, 22.86, 22.61, 22.48, 22.5, 22.5
2026-09-22, 03:45:07, 22.5, 22.52, 22.95, 22.95, 9999.0, 9999.0, 9999.0, 23.95, 9999.0, 22.55, 9999.0, 22.89, 22.61, 22.45, 22.5, 22.5
2026-09-22, 03:45:11, 22.5, 22.52, 22.93, 22.95, 9999.0, 9999.0, 9999.0, 23.91, 9999.0, 22.55, 9999.0, 22.89, 22.59, 22.48, 22.5, 22.5
2026-09-22, 03:45:15, 22.5, 22.52, 22.91, 22.95, 9999.0, 9999.0, 9999.0, 23.89, 9999.0, 22.57, 9999.0, 22.91, 22.59, 22.48, 22.5, 22.5
2026-09-22, 03:45:19, 22.5, 22.52, 22.91, 22.93, 9999.0, 9999.0, 9999.0, 23.86, 9999.0, 22.61, 9999.0, 22.93, 22.61, 22.48, 22.5, 22.5
2026-09-22, 03:45:23, 22.5, 22.52, 22.91, 22.95, 9999.0, 9999.0, 9999.0, 23.82, 9999.0, 22.66, 9999.0, 22.95, 22.64, 22.48, 22.5, 22.5
2026-09-22, 03:45:27, 22.5, 22.52, 22.89, 22.95, 9999.0, 9999.0, 9999.0, 23.86, 9999.0, 22.68, 9999.0, 22.95, 22.66, 22.45, 22.5, 22.5
2026-09-22, 03:45:31, 22.5, 22.55, 22.89, 22.95, 9999.0, 9999.0, 9999.0, 23.89, 9999.0, 22.7, 9999.0, 22.93, 22.68, 22.45, 22.5, 22.5
2026-09-22, 03:45:35, 22.5, 22.55, 22.91, 22.95, 9999.0, 9999.0, 9999.0, 23.93, 9999.0, 22.73, 9999.0, 22.95, 22.68, 22.43, 22.5, 22.5
2026-09-22, 03:45:39, 22.5, 22.55, 22.93, 22.93, 9999.0, 9999.0, 9999.0, 23.95, 9999.0, 22.75, 9999.0, 22.93, 22.7, 22.43, 22.5, 22.5
2026-09-22, 03:45:43, 22.5, 22.55, 22.93, 22.93, 9999.0, 9999.0, 9999.0, 24.0, 9999.0, 22.77, 9999.0, 22.89, 22.7, 22.43, 22.5, 22.5
2026-09-22, 03:45:47, 22.5, 22.55, 22.91, 22.93, 9999.0, 9999.0, 9999.0, 24.05, 9999.0, 22.8, 9999.0, 22.86, 22.68, 22.43, 22.5, 22.5
2026-09-22, 03:45:51, 22.5, 22.55, 22.89, 22.93, 9999.0, 9999.0, 9999.0, 24.07, 9999.0, 22.8, 9999.0, 22.84, 22.68, 22.43, 22.5, 22.5
2026-09-22, 03:45:55, 22.5, 22.55, 22.91, 22.93, 9999.0, 9999.0, 9999.0, 24.09, 9999.0, 22.8, 9999.0, 22.84, 22.7, 22.43, 22.5, 22.48
2026-09-22, 03:45:59, 22.5, 22.55, 22.93, 22.93, 9999.0, 9999.0, 9999.0, 24.11, 9999.0, 22.8, 9999.0, 22.82, 22.7, 22.43, 22.5, 22.48
2026-09-22, 03:46:03, 22.5, 22.55, 22.93, 22.93, 9999.0, 9999.0, 9999.0, 24.14, 9999.0, 22.77, 9999.0, 22.8, 22.68, 22.43, 22.5, 22.48
2026-09-22, 03:46:07, 22.5, 22.55, 22.93, 22.91, 9999.0, 9999.0, 9999.0, 24.18, 9999.0, 22.75, 9999.0, 22.77, 22.66, 22.43, 22.5, 22.48
2026-09-22, 03:46:11, 22.5, 22.57, 22.95, 22.89, 9999.0, 9999.0, 9999.0, 24.14, 9999.0, 22.75, 9999.0, 22.8, 22.64, 22.43, 22.5, 22.48
2026-09-22, 03:46:15, 22.5, 22.55, 22.93, 22.89, 9999.0, 9999.0, 9999.0, 24.11, 9999.0, 22.73, 9999.0, 22.82, 22.64, 22.43, 22.5, 22.48
2026-09-22, 03:46:19, 22.5, 22.57, 22.93, 22.89, 9999.0, 9999.0, 9999.0, 24.05, 9999.0, 22.7, 9999.0, 22.82, 22.64, 22.45, 22.5, 22.48
2026-09-22, 03:46:23, 22.5, 22.57, 22.93, 22.89, 9999.0, 9999.0, 9999.0, 24.0, 9999.0, 22.7, 9999.0, 22.84, 22.64, 22.45, 22.5, 22.48
2026-09-22, 03:46:27, 22.5, 22.57, 22.93, 22.89, 9999.0, 9999.0, 9999.0, 23.95, 9999.0, 22.7, 9999.0, 22.84, 22.64, 22.45, 22.5, 22.45
2026-09-22, 03:46:31, 22.5, 22.59, 22.93, 22.91, 9999.0, 9999.0, 9999.0, 23.91, 9999.0, 22.7, 9999.0, 22.86, 22.66, 22.43, 22.5, 22.45
2026-09-22, 03:46:35, 22.5, 22.57, 22.93, 22.91, 9999.0, 9999.0, 9999.0, 23.89, 9999.0, 22.73, 9999.0, 22.89, 22.66, 22.45, 22.5, 22.45
2026-09-22, 03:46:39, 22.5, 22.57, 22.93, 22.89, 9999.0, 9999.0, 9999.0, 23.86, 9999.0, 22.75, 9999.0, 22.89, 22.66, 22.45, 22.5, 22.48
2026-09-22, 03:46:43, 22.5, 22.57, 22.93, 22.89, 9999.0, 9999.0, 9999.0, 23.91, 9999.0, 22.75, 9999.0, 22.89, 22.64, 22.43, 22.5, 22.48
2026-09-22, 03:46:47, 22.5, 22.57, 22.91, 22.91, 9999.0, 9999.0, 9999.0, 23.95, 9999.0, 22.75, 9999.0, 22.91, 22.66, 22.41, 22.5, 22.48
2026-09-22, 03:46:51, 22.5, 22.57, 22.91, 22.93, 9999.0, 9999.0, 9999.0, 23.98, 9999.0, 22.75, 9999.0, 22.91, 22.68, 22.41, 22.48, 22.48
2026-09-22, 03:46:55, 22.5, 22.57, 22.91, 22.95, 9999.0, 9999.0, 9999.0, 24.0, 9999.0, 22.75, 9999.0, 22.89, 22.68, 22.43, 22.48, 22.48
2026-09-22, 03:46:59, 22.5, 22.57, 22.91, 22.95, 9999.0, 9999.0, 9999.0, 24.02, 9999.0, 22.77, 9999.0, 22.86, 22.66, 22.43, 22.48, 22.48
2026-09-22, 03:47:03, 22.5, 22.55, 22.91, 22.95, 9999.0, 9999.0, 9999.0, 24.07, 9999.0, 22.8, 9999.0, 22.84, 22.66, 22.41, 22.48, 22.48
2026-09-22, 03:47:07, 22.5, 22.55, 22.91, 22.98, 9999.0, 9999.0, 9999.0, 24.09, 9999.0, 22.8, 9999.0, 22.82, 22.64, 22.41, 22.48, 22.45
2026-09-22, 03:47:11, 22.5, 22.55, 22.91, 22.98, 9999.0, 9999.0, 9999.0, 24.14, 9999.0, 22.8, 9999.0, 22.82, 22.61, 22.39, 22.48, 22.48
2026-09-22, 03:47:15, 22.5, 22.52, 22.91, 22.95, 9999.0, 9999.0, 9999.0, 24.18, 9999.0, 22.8, 9999.0, 22.8, 22.61, 22.39, 22.48, 22.48
2026-09-22, 03:47:19, 22.5, 22.52, 22.91, 22.93, 9999.0, 9999.0, 9999.0, 24.23, 9999.0, 22.77, 9999.0, 22.77, 22.59, 22.36, 22.48, 22.48
2026-09-22, 03:47:23, 22.5, 22.55, 22.91, 22.93, 9999.0, 9999.0, 9999.0, 24.25, 9999.0, 22.75, 9999.0, 22.77, 22.57, 22.34, 22.48, 22.48
2026-09-22, 03:47:27, 22.5, 22.55, 22.91, 22.93, 9999.0, 9999.0, 9999.0, 24.2, 9999.0, 22.75, 9999.0, 22.77, 22.57, 22.34, 22.48, 22.48
2026-09-22, 03:47:31, 22.5, 22.55, 22.93, 22.91, 9999.0, 9999.0, 9999.0, 24.16, 9999.0, 22.75, 9999.0, 22.77, 22.57, 22.36, 22.48, 22.45
2026-09-22, 03:47:35, 22.5, 22.55, 22.91, 22.91, 9999.0, 9999.0, 9999.0, 24.14, 9999.0, 22.73, 9999.0, 22.8, 22.55, 22.34, 22.5, 22.45
2026-09-22, 03:47:39, 22.5, 22.52, 22.89, 22.89, 9999.0, 9999.0, 9999.0, 24.11, 9999.0, 22.73, 9999.0, 22.82, 22.57, 22.34, 22.5, 22.45
2026-09-22, 03:47:43, 22.5, 22.55, 22.91, 22.86, 9999.0, 9999.0, 9999.0, 24.07, 9999.0, 22.73, 9999.0, 22.82, 22.57, 22.34, 22.5, 22.45
2026-09-22, 03:47:47, 22.5, 22.55, 22.89, 22.84, 9999.0, 9999.0, 9999.0, 24.05, 9999.0, 22.73, 9999.0, 22.82, 22.59, 22.34, 22.5, 22.45
2026-09-22, 03:47:51, 22.5, 22.55, 22.89, 22.84, 9999.0, 9999.0, 9999.0, 24.02, 9999.0, 22.75, 9999.0, 22.84, 22.61, 22.32, 22.5, 22.48
2026-09-22, 03:47:55, 22.5, 22.55, 22.86, 22.84, 9999.0, 9999.0, 9999.0, 23.98, 9999.0, 22.77, 9999.0, 22.84, 22.64, 22.32, 22.5, 22.48
2026-09-22, 03:47:59, 22.5, 22.55, 22.86, 22.84, 9999.0, 9999.0, 9999.0, 24.02, 9999.0, 22.8, 9999.0, 22.84, 22.64, 22.34, 22.5, 22.48
2026-09-22, 03:48:03, 22.5, 22.57, 22.89, 22.86, 9999.0, 9999.0, 9999.0, 24.05, 9999.0, 22.82, 9999.0, 22.86, 22.66, 22.36, 22.5, 22.48
2026-09-22, 03:48:07, 22.5, 22.55, 22.86, 22.86, 9999.0, 9999.0, 9999.0, 24.07, 9999.0, 22.84, 9999.0, 22.86, 22.68, 22.36, 22.5, 22.48
2026-09-22, 03:48:11, 22.5, 22.55, 22.84, 22.84, 9999.0, 9999.0, 9999.0, 24.09, 9999.0, 22.84, 9999.0, 22.86, 22.68, 22.36, 22.5, 22.48
2026-09-22, 03:48:15, 22.5, 22.55, 22.84, 22.86, 9999.0, 9999.0, 9999.0, 24.11, 9999.0, 22.84, 9999.0, 22.84, 22.66, 22.34, 22.5, 22.48
2026-09-22, 03:48:19, 22.5, 22.55, 22.84, 22.84, 9999.0, 9999.0, 9999.0, 24.14, 9999.0, 22.86, 9999.0, 22.82, 22.66, 22.36, 22.5, 22.48
2026-09-22, 03:48:23, 22.5, 22.57, 22.86, 22.84, 9999.0, 9999.0, 9999.0, 24.16, 9999.0, 22.86, 9999.0, 22.8, 22.64, 22.36, 22.5, 22.48
2026-09-22, 03:48:27, 22.5, 22.55, 22.84, 22.84, 9999.0, 9999.0, 9999.0, 24.18, 9999.0, 22.86, 9999.0, 22.8, 22.64, 22.36, 22.5, 22.45
2026-09-22, 03:48:31, 22.5, 22.55, 22.84, 22.84, 9999.0, 9999.0, 9999.0, 24.2, 9999.0, 22.86, 9999.0, 22.8, 22.61, 22.39, 22.5, 22.43
2026-09-22, 03:48:35, 22.5, 22.55, 22.82, 22.82, 9999.0, 9999.0, 9999.0, 24.25, 9999.0, 22.84, 9999.0, 22.77, 22.59, 22.39, 22.5, 22.43
2026-09-22, 03:48:39, 22.5, 22.57, 22.82, 22.8, 9999.0, 9999.0, 9999.0, 24.27, 9999.0, 22.8, 9999.0, 22.77, 22.57, 22.41, 22.5, 22.43
2026-09-22, 03:48:44, 22.5, 22.59, 22.82, 22.82, 9999.0, 9999.0, 9999.0, 24.2, 9999.0, 22.75, 9999.0, 22.77, 22.55, 22.41, 22.5, 22.43
2026-09-22, 03:48:48, 22.5, 22.57, 22.8, 22.82, 9999.0, 9999.0, 9999.0, 24.16, 9999.0, 22.7, 9999.0, 22.77, 22.52, 22.39, 22.5, 22.43
2026-09-22, 03:48:52, 22.5, 22.57, 22.8, 22.82, 9999.0, 9999.0, 9999.0, 24.14, 9999.0, 22.66, 9999.0, 22.8, 22.5, 22.41, 22.5, 22.41
2026-09-22, 03:48:56, 22.5, 22.59, 22.8, 22.82, 9999.0, 9999.0, 9999.0, 24.11, 9999.0, 22.66, 9999.0, 22.82, 22.52, 22.41, 22.5, 22.41
2026-09-22, 03:49:00, 22.5, 22.59, 22.77, 22.8, 9999.0, 9999.0, 9999.0, 24.07, 9999.0, 22.66, 9999.0, 22.82, 22.52, 22.43, 22.5, 22.41
2026-09-22, 03:49:04, 22.5, 22.59, 22.77, 22.8, 9999.0, 9999.0, 9999.0, 24.05, 9999.0, 22.66, 9999.0, 22.84, 22.55, 22.43, 22.5, 22.41
2026-09-22, 03:49:08, 22.5, 22.59, 22.77, 22.8, 9999.0, 9999.0, 9999.0, 24.0, 9999.0, 22.68, 9999.0, 22.84, 22.57, 22.41, 22.5, 22.39
2026-09-22, 03:49:12, 22.5, 22.59, 22.77, 22.8, 9999.0, 9999.0, 9999.0, 23.98, 9999.0, 22.68, 9999.0, 22.86, 22.59, 22.41, 22.5, 22.41
2026-09-22, 03:49:16, 22.5, 22.61, 22.77, 22.82, 9999.0, 9999.0, 9999.0, 24.0, 9999.0, 22.68, 9999.0, 22.86, 22.59, 22.41, 22.5, 22.43
2026-09-22, 03:49:20, 22.5, 22.61, 22.77, 22.84, 9999.0, 9999.0, 9999.0, 24.02, 9999.0, 22.68, 9999.0, 22.86, 22.59, 22.43, 22.5, 22.43
2026-09-22, 03:49:24, 22.5, 22.59, 22.77, 22.84, 9999.0, 9999.0, 9999.0, 24.07, 9999.0, 22.7, 9999.0, 22.86, 22.61, 22.41, 22.5, 22.43
2026-09-22, 03:49:28, 22.5, 22.59, 22.8, 22.82, 9999.0, 9999.0, 9999.0, 24.11, 9999.0, 22.73, 9999.0, 22.86, 22.61, 22.39, 22.48, 22.43
2026-09-22, 03:49:32, 22.5, 22.59, 22.8, 22.8, 9999.0, 9999.0, 9999.0, 24.14, 9999.0, 22.75, 9999.0, 22.84, 22.61, 22.39, 22.48, 22.43
2026-09-22, 03:49:36, 22.5, 22.59, 22.82, 22.8, 9999.0, 9999.0, 9999.0, 24.16, 9999.0, 22.77, 9999.0, 22.82, 22.61, 22.39, 22.48, 22.45
2026-09-22, 03:49:40, 22.5, 22.57, 22.84, 22.8, 9999.0, 9999.0, 9999.0, 24.18, 9999.0, 22.77, 9999.0, 22.8, 22.61, 22.39, 22.48, 22.45
2026-09-22, 03:49:44, 22.5, 22.57, 22.86, 22.8, 9999.0, 9999.0, 9999.0, 24.2, 9999.0, 22.77, 9999.0, 22.8, 22.61, 22.39, 22.48, 22.45
2026-09-22, 03:49:48, 22.5, 22.59, 22.86, 22.8, 9999.0, 9999.0, 9999.0, 24.23, 9999.0, 22.77, 9999.0, 22.77, 22.59, 22.39, 22.48, 22.43
2026-09-22, 03:49:52, 22.5, 22.59, 22.84, 22.8, 9999.0, 9999.0, 9999.0, 24.27, 9999.0, 22.73, 9999.0, 22.77, 22.57, 22.41, 22.48, 22.43
2026-09-22, 03:49:56, 22.5, 22.59, 22.84, 22.82, 9999.0, 9999.0, 9999.0, 24.32, 9999.0, 22.73, 9999.0, 22.75, 22.55, 22.41, 22.48, 22.43
2026-09-22, 03:50:00, 22.5, 22.57, 22.84, 22.82, 9999.0, 9999.0, 9999.0, 24.27, 9999.0, 22.73, 9999.0, 22.75, 22.55, 22.41, 22.48, 22.41
2026-09-22, 03:50:04, 22.5, 22.57, 22.86, 22.82, 9999.0, 9999.0, 9999.0, 24.23, 9999.0, 22.7, 9999.0, 22.77, 22.57, 22.39, 22.48, 22.41
2026-09-22, 03:50:08, 22.5, 22.57, 22.86, 22.82, 9999.0, 9999.0, 9999.0, 24.18, 9999.0, 22.68, 9999.0, 22.8, 22.57, 22.41, 22.48, 22.41
2026-09-22, 03:50:12, 22.5, 22.57, 22.84, 22.82, 9999.0, 9999.0, 9999.0, 24.14, 9999.0, 22.68, 9999.0, 22.82, 22.57, 22.43, 22.5, 22.41
2026-09-22, 03:50:16, 22.5, 22.57, 22.86, 22.82, 9999.0, 9999.0, 9999.0, 24.09, 9999.0, 22.68, 9999.0, 22.84, 22.57, 22.43, 22.5, 22.41
2026-09-22, 03:50:20, 22.5, 22.59, 22.84, 22.82, 9999.0, 9999.0, 9999.0, 24.05, 9999.0, 22.68, 9999.0, 22.84, 22.59, 22.43, 22.5, 22.41
2026-09-22, 03:50:24, 22.5, 22.59, 22.84, 22.82, 9999.0, 9999.0, 9999.0, 24.02, 9999.0, 22.7, 9999.0, 22.86, 22.59, 22.43, 22.5, 22.41
2026-09-22, 03:50:28, 22.5, 22.59, 22.82, 22.82, 9999.0, 9999.0, 9999.0, 24.0, 9999.0, 22.7, 9999.0, 22.86, 22.61, 22.41, 22.5, 22.43
2026-09-22, 03:50:32, 22.5, 22.57, 22.82, 22.84, 9999.0, 9999.0, 9999.0, 24.02, 9999.0, 22.7, 9999.0, 22.86, 22.64, 22.39, 22.48, 22.43
2026-09-22, 03:50:36, 22.5, 22.57, 22.82, 22.86, 9999.0, 9999.0, 9999.0, 24.05, 9999.0, 22.73, 9999.0, 22.86, 22.66, 22.39, 22.48, 22.43
2026-09-22, 03:50:40, 22.5, 22.59, 22.82, 22.86, 9999.0, 9999.0, 9999.0, 24.07, 9999.0, 22.73, 9999.0, 22.86, 22.66, 22.39, 22.48, 22.41
2026-09-22, 03:50:44, 22.5, 22.59, 22.82, 22.86, 9999.0, 9999.0, 9999.0, 24.09, 9999.0, 22.73, 9999.0, 22.86, 22.66, 22.36, 22.48, 22.43
2026-09-22, 03:50:48, 22.5, 22.61, 22.8, 22.86, 9999.0, 9999.0, 9999.0, 24.11, 9999.0, 22.75, 9999.0, 22.84, 22.64, 22.36, 22.48, 22.43
2026-09-22, 03:50:52, 22.5, 22.64, 22.82, 22.86, 9999.0, 9999.0, 9999.0, 24.14, 9999.0, 22.77, 9999.0, 22.82, 22.61, 22.36, 22.48, 22.43
2026-09-22, 03:50:56, 22.5, 22.64, 22.82, 22.86, 9999.0, 9999.0, 9999.0, 24.16, 9999.0, 22.75, 9999.0, 22.8, 22.61, 22.34, 22.48, 22.41
2026-09-22, 03:51:00, 22.5, 22.64, 22.8, 22.86, 9999.0, 9999.0, 9999.0, 24.2, 9999.0, 22.73, 9999.0, 22.77, 22.61, 22.36, 22.45, 22.41
2026-09-22, 03:51:04, 22.5, 22.61, 22.82, 22.86, 9999.0, 9999.0, 9999.0, 24.25, 9999.0, 22.73, 9999.0, 22.77, 22.59, 22.36, 22.45, 22.39
2026-09-22, 03:51:08, 22.5, 22.61, 22.8, 22.89, 9999.0, 9999.0, 9999.0, 24.27, 9999.0, 22.68, 9999.0, 22.77, 22.57, 22.39, 22.45, 22.36
2026-09-22, 03:51:12, 22.5, 22.61, 22.82, 22.89, 9999.0, 9999.0, 9999.0, 24.3, 9999.0, 22.66, 9999.0, 22.8, 22.57, 22.39, 22.45, 22.36
2026-09-22, 03:51:16, 22.5, 22.61, 22.84, 22.86, 9999.0, 9999.0, 9999.0, 24.25, 9999.0, 22.64, 9999.0, 22.8, 22.57, 22.41, 22.45, 22.36
2026-09-22, 03:51:20, 22.5, 22.59, 22.86, 22.84, 9999.0, 9999.0, 9999.0, 24.2, 9999.0, 22.61, 9999.0, 22.82, 22.55, 22.39, 22.45, 22.39
2026-09-22, 03:51:24, 22.5, 22.59, 22.86, 22.82, 9999.0, 9999.0, 9999.0, 24.14, 9999.0, 22.59, 9999.0, 22.84, 22.55, 22.36, 22.45, 22.39
2026-09-22, 03:51:28, 22.5, 22.59, 22.86, 22.8, 9999.0, 9999.0, 9999.0, 24.11, 9999.0, 22.59, 9999.0, 22.86, 22.55, 22.36, 22.45, 22.39
2026-09-22, 03:51:32, 22.48, 22.57, 22.89, 22.77, 9999.0, 9999.0, 9999.0, 24.07, 9999.0, 22.59, 9999.0, 22.89, 22.55, 22.36, 22.45, 22.39
2026-09-22, 03:51:36, 22.48, 22.55, 22.89, 22.77, 9999.0, 9999.0, 9999.0, 24.02, 9999.0, 22.59, 9999.0, 22.91, 22.57, 22.34, 22.45, 22.36
2026-09-22, 03:51:40, 22.48, 22.52, 22.89, 22.8, 9999.0, 9999.0, 9999.0, 23.98, 9999.0, 22.61, 9999.0, 22.93, 22.57, 22.36, 22.45, 22.36
2026-09-22, 03:51:44, 22.48, 22.52, 22.89, 22.8, 9999.0, 9999.0, 9999.0, 23.93, 9999.0, 22.66, 9999.0, 22.93, 22.59, 22.36, 22.48, 22.36
2026-09-22, 03:51:48, 22.48, 22.52, 22.89, 22.8, 9999.0, 9999.0, 9999.0, 23.95, 9999.0, 22.66, 9999.0, 22.93, 22.61, 22.34, 22.48, 22.39
2026-09-22, 03:51:52, 22.48, 22.55, 22.89, 22.8, 9999.0, 9999.0, 9999.0, 23.98, 9999.0, 22.68, 9999.0, 22.91, 22.61, 22.32, 22.48, 22.39
2026-09-22, 03:51:56, 22.48, 22.55, 22.89, 22.8, 9999.0, 9999.0, 9999.0, 24.02, 9999.0, 22.7, 9999.0, 22.89, 22.61, 22.32, 22.48, 22.36
2026-09-22, 03:52:00, 22.48, 22.55, 22.86, 22.8, 9999.0, 9999.0, 9999.0, 24.05, 9999.0, 22.73, 9999.0, 22.89, 22.59, 22.32, 22.5, 22.39
2026-09-22, 03:52:04, 22.45, 22.55, 22.84, 22.82, 9999.0, 9999.0, 9999.0, 24.07, 9999.0, 22.75, 9999.0, 22.86, 22.59, 22.34, 22.48, 22.39
2026-09-22, 03:52:08, 22.45, 22.55, 22.84, 22.82, 9999.0, 9999.0, 9999.0, 24.11, 9999.0, 22.77, 9999.0, 22.84, 22.59, 22.36, 22.48, 22.39
2026-09-22, 03:52:12, 22.45, 22.55, 22.86, 22.82, 9999.0, 9999.0, 9999.0, 24.14, 9999.0, 22.75, 9999.0, 22.82, 22.59, 22.36, 22.48, 22.39
2026-09-22, 03:52:16, 22.48, 22.55, 22.84, 22.82, 9999.0, 9999.0, 9999.0, 24.18, 9999.0, 22.73, 9999.0, 22.8, 22.59, 22.39, 22.48, 22.36
2026-09-22, 03:52:20, 22.45, 22.55, 22.82, 22.84, 9999.0, 9999.0, 9999.0, 24.23, 9999.0, 22.7, 9999.0, 22.77, 22.57, 22.39, 22.48, 22.39
2026-09-22, 03:52:24, 22.45, 22.55, 22.82, 22.82, 9999.0, 9999.0, 9999.0, 24.27, 9999.0, 22.68, 9999.0, 22.77, 22.57, 22.36, 22.48, 22.41
2026-09-22, 03:52:28, 22.45, 22.55, 22.82, 22.82, 9999.0, 9999.0, 9999.0, 24.3, 9999.0, 22.64, 9999.0, 22.77, 22.55, 22.36, 22.45, 22.39
2026-09-22, 03:52:32, 22.45, 22.57, 22.82, 22.82, 9999.0, 9999.0, 9999.0, 24.25, 9999.0, 22.61, 9999.0, 22.77, 22.52, 22.36, 22.43, 22.36
2026-09-22, 03:52:37, 22.45, 22.55, 22.82, 22.8, 9999.0, 9999.0, 9999.0, 24.2, 9999.0, 22.59, 9999.0, 22.8, 22.55, 22.36, 22.43, 22.39
2026-09-22, 03:52:41, 22.45, 22.57, 22.8, 22.8, 9999.0, 9999.0, 9999.0, 24.14, 9999.0, 22.57, 9999.0, 22.82, 22.55, 22.36, 22.43, 22.39
2026-09-22, 03:52:45, 22.45, 22.57, 22.82, 22.8, 9999.0, 9999.0, 9999.0, 24.11, 9999.0, 22.57, 9999.0, 22.82, 22.57, 22.34, 22.43, 22.39
2026-09-22, 03:52:49, 22.48, 22.57, 22.84, 22.8, 9999.0, 9999.0, 9999.0, 24.07, 9999.0, 22.57, 9999.0, 22.84, 22.57, 22.32, 22.45, 22.36
2026-09-22, 03:52:53, 22.48, 22.57, 22.84, 22.82, 9999.0, 9999.0, 9999.0, 24.02, 9999.0, 22.57, 9999.0, 22.86, 22.57, 22.32, 22.45, 22.39
2026-09-22, 03:52:57, 22.48, 22.59, 22.82, 22.82, 9999.0, 9999.0, 9999.0, 23.98, 9999.0, 22.59, 9999.0, 22.89, 22.57, 22.34, 22.45, 22.36
2026-09-22, 03:53:01, 22.48, 22.61, 22.82, 22.82, 9999.0, 9999.0, 9999.0, 23.91, 9999.0, 22.61, 9999.0, 22.89, 22.57, 22.34, 22.45, 22.39
2026-09-22, 03:53:05, 22.5, 22.61, 22.84, 22.8, 9999.0, 9999.0, 9999.0, 23.93, 9999.0, 22.61, 9999.0, 22.91, 22.59, 22.36, 22.43, 22.39
2026-09-22, 03:53:09, 22.5, 22.64, 22.84, 22.8, 9999.0, 9999.0, 9999.0, 23.95, 9999.0, 22.61, 9999.0, 22.89, 22.59, 22.36, 22.41, 22.39
2026-09-22, 03:53:13, 22.5, 22.64, 22.86, 22.8, 9999.0, 9999.0, 9999.0, 24.0, 9999.0, 22.61, 9999.0, 22.89, 22.61, 22.36, 22.43, 22.41
2026-09-22, 03:53:17, 22.5, 22.61, 22.86, 22.82, 9999.0, 9999.0, 9999.0, 24.02, 9999.0, 22.61, 9999.0, 22.89, 22.64, 22.36, 22.45, 22.43
2026-09-22, 03:53:21, 22.5, 22.61, 22.89, 22.82, 9999.0, 9999.0, 9999.0, 24.05, 9999.0, 22.61, 9999.0, 22.86, 22.61, 22.36, 22.43, 22.43
2026-09-22, 03:53:25, 22.5, 22.59, 22.91, 22.84, 9999.0, 9999.0, 9999.0, 24.09, 9999.0, 22.61, 9999.0, 22.84, 22.59, 22.39, 22.43, 22.45
2026-09-22, 03:53:29, 22.5, 22.59, 22.91, 22.86, 9999.0, 9999.0, 9999.0, 24.09, 9999.0, 22.59, 9999.0, 22.84, 22.59, 22.39, 22.41, 22.43
2026-09-22, 03:53:33, 22.5, 22.59, 22.89, 22.84, 9999.0, 9999.0, 9999.0, 24.11, 9999.0, 22.55, 9999.0, 22.82, 22.59, 22.39, 22.41, 22.45
2026-09-22, 03:53:37, 22.48, 22.57, 22.89, 22.82, 9999.0, 9999.0, 9999.0, 24.16, 9999.0, 22.52, 9999.0, 22.8, 22.61, 22.39, 22.41, 22.45
2026-09-22, 03:53:41, 22.48, 22.55, 22.91, 22.82, 9999.0, 9999.0, 9999.0, 24.2, 9999.0, 22.5, 9999.0, 22.77, 22.61, 22.36, 22.39, 22.48
2026-09-22, 03:53:45, 22.48, 22.55, 22.93, 22.82, 9999.0, 9999.0, 9999.0, 24.25, 9999.0, 22.48, 9999.0, 22.77, 22.61, 22.34, 22.39, 22.45
2026-09-22, 03:53:49, 22.48, 22.55, 22.93, 22.82, 9999.0, 9999.0, 9999.0, 24.2, 9999.0, 22.48, 9999.0, 22.75, 22.59, 22.34, 22.41, 22.45
2026-09-22, 03:53:53, 22.48, 22.55, 22.95, 22.84, 9999.0, 9999.0, 9999.0, 24.16, 9999.0, 22.45, 9999.0, 22.77, 22.61, 22.36, 22.41, 22.43
2026-09-22, 03:53:57, 22.48, 22.55, 22.93, 22.84, 9999.0, 9999.0, 9999.0, 24.09, 9999.0, 22.43, 9999.0, 22.8, 22.61, 22.36, 22.41, 22.41
2026-09-22, 03:54:01, 22.48, 22.57, 22.91, 22.84, 9999.0, 9999.0, 9999.0, 24.05, 9999.0, 22.43, 9999.0, 22.8, 22.61, 22.36, 22.41, 22.41
2026-09-22, 03:54:05, 22.48, 22.57, 22.89, 22.86, 9999.0, 9999.0, 9999.0, 24.0, 9999.0, 22.43, 9999.0, 22.82, 22.61, 22.39, 22.43, 22.41
2026-09-22, 03:54:09, 22.48, 22.59, 22.86, 22.84, 9999.0, 9999.0, 9999.0, 23.95, 9999.0, 22.41, 9999.0, 22.84, 22.64, 22.39, 22.43, 22.41
2026-09-22, 03:54:13, 22.48, 22.59, 22.86, 22.82, 9999.0, 9999.0, 9999.0, 23.93, 9999.0, 22.41, 9999.0, 22.84, 22.64, 22.41, 22.45, 22.41
2026-09-22, 03:54:17, 22.48, 22.59, 22.89, 22.84, 9999.0, 9999.0, 9999.0, 23.91, 9999.0, 22.43, 9999.0, 22.86, 22.66, 22.43, 22.45, 22.41
2026-09-22, 03:54:21, 22.5, 22.59, 22.89, 22.86, 9999.0, 9999.0, 9999.0, 23.93, 9999.0, 22.43, 9999.0, 22.86, 22.66, 22.43, 22.45, 22.39
2026-09-22, 03:54:25, 22.5, 22.61, 22.89, 22.86, 9999.0, 9999.0, 9999.0, 23.95, 9999.0, 22.43, 9999.0, 22.86, 22.66, 22.43, 22.48, 22.39
2026-09-22, 03:54:29, 22.5, 22.59, 22.89, 22.89, 9999.0, 9999.0, 9999.0, 23.98, 9999.0, 22.41, 9999.0, 22.89, 22.68, 22.45, 22.48, 22.41
2026-09-22, 03:54:33, 22.5, 22.59, 22.89, 22.91, 9999.0, 9999.0, 9999.0, 24.0, 9999.0, 22.39, 9999.0, 22.89, 22.7, 22.43, 22.45, 22.41
2026-09-22, 03:54:37, 22.5, 22.59, 22.86, 22.89, 9999.0, 9999.0, 9999.0, 24.02, 9999.0, 22.39, 9999.0, 22.86, 22.68, 22.43, 22.45, 22.43
2026-09-22, 03:54:41, 22.5, 22.59, 22.89, 22.89, 9999.0, 9999.0, 9999.0, 24.07, 9999.0, 22.39, 9999.0, 22.84, 22.66, 22.43, 22.45, 22.45
2026-09-22, 03:54:45, 22.5, 22.57, 22.89, 22.89, 9999.0, 9999.0, 9999.0, 24.09, 9999.0, 22.36, 9999.0, 22.84, 22.64, 22.45, 22.45, 22.45
2026-09-22, 03:54:49, 22.5, 22.57, 22.89, 22.89, 9999.0, 9999.0, 9999.0, 24.11, 9999.0, 22.34, 9999.0, 22.82, 22.64, 22.45, 22.45, 22.43
2026-09-22, 03:54:53, 22.5, 22.55, 22.89, 22.91, 9999.0, 9999.0, 9999.0, 24.14, 9999.0, 22.34, 9999.0, 22.8, 22.61, 22.45, 22.45, 22.41
2026-09-22, 03:54:57, 22.5, 22.55, 22.89, 22.93, 9999.0, 9999.0, 9999.0, 24.16, 9999.0, 22.32, 9999.0, 22.82, 22.59, 22.45, 22.45, 22.41
2026-09-22, 03:55:01, 22.5, 22.55, 22.89, 22.91, 9999.0, 9999.0, 9999.0, 24.18, 9999.0, 22.3, 9999.0, 22.8, 22.57, 22.45, 22.43, 22.39
2026-09-22, 03:55:05, 22.5, 22.55, 22.91, 22.91, 9999.0, 9999.0, 9999.0, 24.14, 9999.0, 22.27, 9999.0, 22.82, 22.55, 22.43, 22.43, 22.41
2026-09-22, 03:55:09, 22.5, 22.52, 22.91, 22.93, 9999.0, 9999.0, 9999.0, 24.07, 9999.0, 22.25, 9999.0, 22.84, 22.57, 22.45, 22.43, 22.41
2026-09-22, 03:55:13, 22.5, 22.52, 22.91, 22.93, 9999.0, 9999.0, 9999.0, 24.02, 9999.0, 22.25, 9999.0, 22.84, 22.57, 22.45, 22.43, 22.41
2026-09-22, 03:55:17, 22.5, 22.52, 22.89, 22.93, 9999.0, 9999.0, 9999.0, 23.98, 9999.0, 22.27, 9999.0, 22.86, 22.55, 22.48, 22.45, 22.41
2026-09-22, 03:55:21, 22.5, 22.5, 22.91, 22.93, 9999.0, 9999.0, 9999.0, 23.93, 9999.0, 22.27, 9999.0, 22.89, 22.55, 22.48, 22.45, 22.41
2026-09-22, 03:55:25, 22.5, 22.5, 22.89, 22.95, 9999.0, 9999.0, 9999.0, 23.89, 9999.0, 22.27, 9999.0, 22.91, 22.57, 22.48, 22.45, 22.41
2026-09-22, 03:55:29, 22.48, 22.5, 22.91, 22.95, 9999.0, 9999.0, 9999.0, 23.86, 9999.0, 22.3, 9999.0, 22.93, 22.57, 22.48, 22.45, 22.41
2026-09-22, 03:55:33, 22.48, 22.52, 22.91, 22.95, 9999.0, 9999.0, 9999.0, 23.82, 9999.0, 22.32, 9999.0, 22.95, 22.59, 22.48, 22.45, 22.41
2026-09-22, 03:55:37, 22.48, 22.52, 22.93, 22.95, 9999.0, 9999.0, 9999.0, 23.86, 9999.0, 22.34, 9999.0, 22.98, 22.61, 22.48, 22.45, 22.43
2026-09-22, 03:55:41, 22.48, 22.52, 22.93, 22.93, 9999.0, 9999.0, 9999.0, 23.89, 9999.0, 22.36, 9999.0, 22.98, 22.61, 22.45, 22.45, 22.45
2026-09-22, 03:55:45, 22.48, 22.52, 22.93, 22.93, 9999.0, 9999.0, 9999.0, 23.91, 9999.0, 22.36, 9999.0, 22.98, 22.64, 22.43, 22.48, 22.48
2026-09-22, 03:55:49, 22.48, 22.52, 22.93, 22.91, 9999.0, 9999.0, 9999.0, 23.93, 9999.0, 22.36, 9999.0, 22.95, 22.66, 22.43, 22.45, 22.48
2026-09-22, 03:55:53, 22.48, 22.55, 22.93, 22.91, 9999.0, 9999.0, 9999.0, 23.95, 9999.0, 22.36, 9999.0, 22.93, 22.64, 22.41, 22.45, 22.48
2026-09-22, 03:55:57, 22.48, 22.55, 22.91, 22.91, 9999.0, 9999.0, 9999.0, 23.98, 9999.0, 22.36, 9999.0, 22.91, 22.61, 22.39, 22.45, 22.48
2026-09-22, 03:56:01, 22.48, 22.55, 22.93, 22.91, 9999.0, 9999.0, 9999.0, 24.0, 9999.0, 22.34, 9999.0, 22.89, 22.61, 22.36, 22.45, 22.48
2026-09-22, 03:56:05, 22.48, 22.55, 22.93, 22.93, 9999.0, 9999.0, 9999.0, 24.02, 9999.0, 22.34, 9999.0, 22.86, 22.64, 22.36, 22.48, 22.48
2026-09-22, 03:56:09, 22.48, 22.57, 22.95, 22.93, 9999.0, 9999.0, 9999.0, 24.05, 9999.0, 22.32, 9999.0, 22.84, 22.61, 22.34, 22.48, 22.48
2026-09-22, 03:56:13, 22.5, 22.57, 22.95, 22.93, 9999.0, 9999.0, 9999.0, 24.07, 9999.0, 22.3, 9999.0, 22.84, 22.61, 22.32, 22.45, 22.45
2026-09-22, 03:56:17, 22.5, 22.55, 22.95, 22.93, 9999.0, 9999.0, 9999.0, 24.11, 9999.0, 22.25, 9999.0, 22.82, 22.59, 22.32, 22.45, 22.48
2026-09-22, 03:56:21, 22.5, 22.55, 22.93, 22.91, 9999.0, 9999.0, 9999.0, 24.05, 9999.0, 22.23, 9999.0, 22.82, 22.59, 22.32, 22.45, 22.48
2026-09-22, 03:56:26, 22.5, 22.55, 22.91, 22.93, 9999.0, 9999.0, 9999.0, 24.0, 9999.0, 22.18, 9999.0, 22.82, 22.61, 22.32, 22.45, 22.48
2026-09-22, 03:56:30, 22.5, 22.55, 22.89, 22.93, 9999.0, 9999.0, 9999.0, 23.95, 9999.0, 22.16, 9999.0, 22.84, 22.59, 22.34, 22.45, 22.48
2026-09-22, 03:56:34, 22.5, 22.55, 22.86, 22.95, 9999.0, 9999.0, 9999.0, 23.91, 9999.0, 22.16, 9999.0, 22.86, 22.57, 22.36, 22.48, 22.48
2026-09-22, 03:56:38, 22.5, 22.52, 22.86, 22.95, 9999.0, 9999.0, 9999.0, 23.86, 9999.0, 22.14, 9999.0, 22.86, 22.57, 22.36, 22.48, 22.48
2026-09-22, 03:56:42, 22.48, 22.55, 22.89, 22.95, 9999.0, 9999.0, 9999.0, 23.82, 9999.0, 22.14, 9999.0, 22.89, 22.59, 22.39, 22.48, 22.48
2026-09-22, 03:56:46, 22.48, 22.57, 22.89, 22.95, 9999.0, 9999.0, 9999.0, 23.77, 9999.0, 22.14, 9999.0, 22.91, 22.61, 22.41, 22.48, 22.48
2026-09-22, 03:56:50, 22.48, 22.57, 22.89, 22.95, 9999.0, 9999.0, 9999.0, 23.73, 9999.0, 22.14, 9999.0, 22.93, 22.61, 22.39, 22.48, 22.48
2026-09-22, 03:56:54, 22.48, 22.57, 22.89, 22.95, 9999.0, 9999.0, 9999.0, 23.75, 9999.0, 22.16, 9999.0, 22.95, 22.64, 22.41, 22.48, 22.45
2026-09-22, 03:56:58, 22.48, 22.57, 22.89, 22.95, 9999.0, 9999.0, 9999.0, 23.77, 9999.0, 22.16, 9999.0, 22.95, 22.64, 22.43, 22.5, 22.48
2026-09-22, 03:57:02, 22.48, 22.57, 22.91, 22.93, 9999.0, 9999.0, 9999.0, 23.77, 9999.0, 22.18, 9999.0, 22.98, 22.64, 22.41, 22.5, 22.48
2026-09-22, 03:57:06, 22.48, 22.57, 22.91, 22.95, 9999.0, 9999.0, 9999.0, 23.8, 9999.0, 22.18, 9999.0, 22.95, 22.64, 22.39, 22.5, 22.48
2026-09-22, 03:57:10, 22.48, 22.57, 22.93, 22.95, 9999.0, 9999.0, 9999.0, 23.82, 9999.0, 22.2, 9999.0, 22.93, 22.61, 22.41, 22.5, 22.48
2026-09-22, 03:57:14, 22.48, 22.57, 22.95, 22.98, 9999.0, 9999.0, 9999.0, 23.84, 9999.0, 22.2, 9999.0, 22.91, 22.61, 22.41, 22.5, 22.48
2026-09-22, 03:57:18, 22.48, 22.57, 22.98, 22.98, 9999.0, 9999.0, 9999.0, 23.84, 9999.0, 22.18, 9999.0, 22.89, 22.61, 22.41, 22.5, 22.48
2026-09-22, 03:57:22, 22.48, 22.57, 22.95, 22.95, 9999.0, 9999.0, 9999.0, 23.89, 9999.0, 22.18, 9999.0, 22.89, 22.61, 22.43, 22.5, 22.48
2026-09-22, 03:57:26, 22.5, 22.55, 22.95, 22.93, 9999.0, 9999.0, 9999.0, 23.91, 9999.0, 22.16, 9999.0, 22.86, 22.59, 22.41, 22.5, 22.48
2026-09-22, 03:57:30, 22.5, 22.52, 22.95, 22.91, 9999.0, 9999.0, 9999.0, 23.93, 9999.0, 22.14, 9999.0, 22.84, 22.59, 22.39, 22.5, 22.48
2026-09-22, 03:57:34, 22.5, 22.55, 22.93, 22.89, 9999.0, 9999.0, 9999.0, 23.95, 9999.0, 22.14, 9999.0, 22.84, 22.57, 22.41, 22.5, 22.48
2026-09-22, 03:57:38, 22.5, 22.52, 22.91, 22.89, 9999.0, 9999.0, 9999.0, 23.91, 9999.0, 22.11, 9999.0, 22.84, 22.57, 22.39, 22.5, 22.5
2026-09-22, 03:57:42, 22.5, 22.52, 22.89, 22.89, 9999.0, 9999.0, 9999.0, 23.86, 9999.0, 22.09, 9999.0, 22.84, 22.59, 22.39, 22.5, 22.5
2026-09-22, 03:57:46, 22.5, 22.52, 22.86, 22.89, 9999.0, 9999.0, 9999.0, 23.82, 9999.0, 22.07, 9999.0, 22.84, 22.61, 22.41, 22.5, 22.5
2026-09-22, 03:57:50, 22.5, 22.52, 22.89, 22.86, 9999.0, 9999.0, 9999.0, 23.8, 9999.0, 22.07, 9999.0, 22.86, 22.59, 22.43, 22.5, 22.5
2026-09-22, 03:57:54, 22.5, 22.55, 22.89, 22.84, 9999.0, 9999.0, 9999.0, 23.75, 9999.0, 22.07, 9999.0, 22.89, 22.61, 22.43, 22.5, 22.5
2026-09-22, 03:57:58, 22.5, 22.55, 22.89, 22.84, 9999.0, 9999.0, 9999.0, 23.7, 9999.0, 22.09, 9999.0, 22.91, 22.64, 22.43, 22.5, 22.5
2026-09-22, 03:58:02, 22.48, 22.55, 22.89, 22.82, 9999.0, 9999.0, 9999.0, 23.68, 9999.0, 22.14, 9999.0, 22.93, 22.66, 22.43, 22.5, 22.5
2026-09-22, 03:58:06, 22.48, 22.55, 22.91, 22.84, 9999.0, 9999.0, 9999.0, 23.64, 9999.0, 22.16, 9999.0, 22.95, 22.68, 22.43, 22.5, 22.5
2026-09-22, 03:58:10, 22.48, 22.55, 22.89, 22.86, 9999.0, 9999.0, 9999.0, 23.68, 9999.0, 22.18, 9999.0, 22.98, 22.7, 22.45, 22.5, 22.5
2026-09-22, 03:58:14, 22.48, 22.55, 22.86, 22.86, 9999.0, 9999.0, 9999.0, 23.7, 9999.0, 22.2, 9999.0, 23.0, 22.7, 22.48, 22.5, 22.5
2026-09-22, 03:58:18, 22.48, 22.52, 22.89, 22.89, 9999.0, 9999.0, 9999.0, 23.73, 9999.0, 22.2, 9999.0, 23.0, 22.73, 22.48, 22.5, 22.5
2026-09-22, 03:58:22, 22.48, 22.52, 22.91, 22.89, 9999.0, 9999.0, 9999.0, 23.75, 9999.0, 22.23, 9999.0, 22.98, 22.7, 22.48, 22.5, 22.5
2026-09-22, 03:58:26, 22.48, 22.52, 22.93, 22.86, 9999.0, 9999.0, 9999.0, 23.75, 9999.0, 22.25, 9999.0, 22.95, 22.68, 22.48, 22.5, 22.5
2026-09-22, 03:58:30, 22.48, 22.52, 22.95, 22.86, 9999.0, 9999.0, 9999.0, 23.77, 9999.0, 22.27, 9999.0, 22.93, 22.66, 22.48, 22.5, 22.5
2026-09-22, 03:58:34, 22.48, 22.52, 22.93, 22.89, 9999.0, 9999.0, 9999.0, 23.77, 9999.0, 22.25, 9999.0, 22.91, 22.66, 22.48, 22.5, 22.5
2026-09-22, 03:58:38, 22.48, 22.5, 22.93, 22.91, 9999.0, 9999.0, 9999.0, 23.8, 9999.0, 22.23, 9999.0, 22.89, 22.64, 22.45, 22.5, 22.5
2026-09-22, 03:58:42, 22.48, 22.5, 22.93, 22.91, 9999.0, 9999.0, 9999.0, 23.82, 9999.0, 22.2, 9999.0, 22.86, 22.61, 22.45, 22.5, 22.5
2026-09-22, 03:58:46, 22.5, 22.5, 22.93, 22.93, 9999.0, 9999.0, 9999.0, 23.84, 9999.0, 22.16, 9999.0, 22.86, 22.59, 22.43, 22.5, 22.5
2026-09-22, 03:58:50, 22.5, 22.52, 22.91, 22.91, 9999.0, 9999.0, 9999.0, 23.86, 9999.0, 22.14, 9999.0, 22.86, 22.59, 22.43, 22.5, 22.5
2026-09-22, 03:58:54, 22.5, 22.55, 22.93, 22.89, 9999.0, 9999.0, 9999.0, 23.82, 9999.0, 22.11, 9999.0, 22.86, 22.59, 22.43, 22.5, 22.5
2026-09-22, 03:58:58, 22.5, 22.55, 22.95, 22.89, 9999.0, 9999.0, 9999.0, 23.8, 9999.0, 22.09, 9999.0, 22.86, 22.57, 22.43, 22.5, 22.5
2026-09-22, 03:59:02, 22.5, 22.57, 22.93, 22.89, 9999.0, 9999.0, 9999.0, 23.77, 9999.0, 22.07, 9999.0, 22.86, 22.55, 22.43, 22.5, 22.5
2026-09-22, 03:59:06, 22.5, 22.57, 22.91, 22.89, 9999.0, 9999.0, 9999.0, 23.73, 9999.0, 22.07, 9999.0, 22.89, 22.57, 22.45, 22.48, 22.5
2026-09-22, 03:59:10, 22.5, 22.57, 22.91, 22.91, 9999.0, 9999.0, 9999.0, 23.7, 9999.0, 22.07, 9999.0, 22.91, 22.57, 22.45, 22.48, 22.5
2026-09-22, 03:59:14, 22.5, 22.57, 22.89, 22.91, 9999.0, 9999.0, 9999.0, 23.68, 9999.0, 22.09, 9999.0, 22.93, 22.59, 22.45, 22.48, 22.5
2026-09-22, 03:59:18, 22.5, 22.57, 22.91, 22.91, 9999.0, 9999.0, 9999.0, 23.66, 9999.0, 22.14, 9999.0, 22.95, 22.61, 22.45, 22.48, 22.5
2026-09-22, 03:59:22, 22.5, 22.57, 22.91, 22.89, 9999.0, 9999.0, 9999.0, 23.61, 9999.0, 22.16, 9999.0, 22.98, 22.64, 22.48, 22.48, 22.5
2026-09-22, 03:59:26, 22.5, 22.57, 22.91, 22.86, 9999.0, 9999.0, 9999.0, 23.66, 9999.0, 22.18, 9999.0, 22.98, 22.66, 22.48, 22.48, 22.5
2026-09-22, 03:59:30, 22.5, 22.57, 22.91, 22.86, 9999.0, 9999.0, 9999.0, 23.7, 9999.0, 22.2, 9999.0, 22.95, 22.68, 22.48, 22.48, 22.5
2026-09-22, 03:59:34, 22.5, 22.55, 22.93, 22.86, 9999.0, 9999.0, 9999.0, 23.73, 9999.0, 22.25, 9999.0, 22.93, 22.68, 22.45, 22.48, 22.5
2026-09-22, 03:59:38, 22.5, 22.52, 22.91, 22.86, 9999.0, 9999.0, 9999.0, 23.75, 9999.0, 22.3, 9999.0, 22.91, 22.66, 22.43, 22.48, 22.5
2026-09-22, 03:59:42, 22.5, 22.52, 22.91, 22.89, 9999.0, 9999.0, 9999.0, 23.77, 9999.0, 22.34, 9999.0, 22.89, 22.68, 22.41, 22.48, 22.5
2026-09-22, 03:59:46, 22.5, 22.52, 22.91, 22.89, 9999.0, 9999.0, 9999.0, 23.8, 9999.0, 22.36, 9999.0, 22.86, 22.7, 22.41, 22.48, 22.5
2026-09-22, 03:59:50, 22.5, 22.52, 22.91, 22.86, 9999.0, 9999.0, 9999.0, 23.82, 9999.0, 22.36, 9999.0, 22.84, 22.68, 22.39, 22.5, 22.5
2026-09-22, 03:59:54, 22.5, 22.52, 22.89, 22.86, 9999.0, 9999.0, 9999.0, 23.86, 9999.0, 22.36, 9999.0, 22.82, 22.68, 22.36, 22.5, 22.5
2026-09-22, 03:59:58, 22.5, 22.52, 22.89, 22.89, 9999.0, 9999.0, 9999.0, 23.91, 9999.0, 22.34, 9999.0, 22.8, 22.66, 22.36, 22.5, 22.5
2026-09-22, 04:00:02, 22.5, 22.52, 22.86, 22.89, 9999.0, 9999.0, 9999.0, 23.93, 9999.0, 22.32, 9999.0, 22.8, 22.64, 22.36, 22.5, 22.5
2026-09-22, 04:00:06, 22.5, 22.52, 22.84, 22.91, 9999.0, 9999.0, 9999.0, 23.98, 9999.0, 22.32, 9999.0, 22.8, 22.61, 22.34, 22.5, 22.5
2026-09-22, 04:00:10, 22.5, 22.52, 22.82, 22.93, 9999.0, 9999.0, 9999.0, 23.93, 9999.0, 22.32, 9999.0, 22.82, 22.61, 22.32, 22.5, 22.5
2026-09-22, 04:00:15, 22.5, 22.52, 22.8, 22.93, 9999.0, 9999.0, 9999.0, 23.89, 9999.0, 22.32, 9999.0, 22.84, 22.61, 22.32, 22.5, 22.5
2026-09-22, 04:00:19, 22.5, 22.52, 22.77, 22.95, 9999.0, 9999.0, 9999.0, 23.84, 9999.0, 22.3, 9999.0, 22.86, 22.61, 22.34, 22.5, 22.5
2026-09-22, 04:00:23, 22.5, 22.52, 22.8, 22.98, 9999.0, 9999.0, 9999.0, 23.8, 9999.0, 22.3, 9999.0, 22.86, 22.61, 22.36, 22.5, 22.5
2026-09-22, 04:00:27, 22.5, 22.52, 22.77, 22.98, 9999.0, 9999.0, 9999.0, 23.75, 9999.0, 22.27, 9999.0, 22.89, 22.61, 22.36, 22.5, 22.5
2026-09-22, 04:00:31, 22.5, 22.5, 22.8, 22.98, 9999.0, 9999.0, 9999.0, 23.7, 9999.0, 22.3, 9999.0, 22.91, 22.61, 22.36, 22.5, 22.5
2026-09-22, 04:00:35, 22.5, 22.5, 22.8, 23.0, 9999.0, 9999.0, 9999.0, 23.68, 9999.0, 22.32, 9999.0, 22.91, 22.64, 22.36, 22.5, 22.5
2026-09-22, 04:00:39, 22.5, 22.5, 22.82, 23.0, 9999.0, 9999.0, 9999.0, 23.61, 9999.0, 22.34, 9999.0, 22.93, 22.66, 22.39, 22.5, 22.5
2026-09-22, 04:00:43, 22.5, 22.5, 22.84, 22.98, 9999.0, 9999.0, 9999.0, 23.64, 9999.0, 22.36, 9999.0, 22.93, 22.68, 22.39, 22.5, 22.5
2026-09-22, 04:00:47, 22.5, 22.5, 22.84, 22.95, 9999.0, 9999.0, 9999.0, 23.66, 9999.0, 22.39, 9999.0, 22.91, 22.7, 22.39, 22.5, 22.5
2026-09-22, 04:00:51, 22.5, 22.5, 22.84, 22.95, 9999.0, 9999.0, 9999.0, 23.68, 9999.0, 22.41, 9999.0, 22.89, 22.73, 22.39, 22.48, 22.5
2026-09-22, 04:00:55, 22.5, 22.5, 22.86, 22.95, 9999.0, 9999.0, 9999.0, 23.7, 9999.0, 22.41, 9999.0, 22.86, 22.7, 22.39, 22.48, 22.5
2026-09-22, 04:00:59, 22.5, 22.5, 22.86, 22.95, 9999.0, 9999.0, 9999.0, 23.73, 9999.0, 22.41, 9999.0, 22.84, 22.68, 22.39, 22.48, 22.5
2026-09-22, 04:01:03, 22.5, 22.5, 22.89, 22.95, 9999.0, 9999.0, 9999.0, 23.75, 9999.0, 22.41, 9999.0, 22.82, 22.68, 22.36, 22.48, 22.5
2026-09-22, 04:01:07, 22.5, 22.5, 22.86, 22.93, 9999.0, 9999.0, 9999.0, 23.77, 9999.0, 22.39, 9999.0, 22.82, 22.68, 22.34, 22.48, 22.5
2026-09-22, 04:01:11, 22.5, 22.5, 22.89, 22.93, 9999.0, 9999.0, 9999.0, 23.82, 9999.0, 22.39, 9999.0, 22.8, 22.66, 22.36, 22.48, 22.5
2026-09-22, 04:01:15, 22.5, 22.5, 22.89, 22.93, 9999.0, 9999.0, 9999.0, 23.86, 9999.0, 22.36, 9999.0, 22.77, 22.64, 22.36, 22.48, 22.5
2026-09-22, 04:01:19, 22.5, 22.5, 22.89, 22.93, 9999.0, 9999.0, 9999.0, 23.91, 9999.0, 22.32, 9999.0, 22.77, 22.61, 22.36, 22.48, 22.5
2026-09-22, 04:01:23, 22.5, 22.5, 22.86, 22.93, 9999.0, 9999.0, 9999.0, 23.98, 9999.0, 22.3, 9999.0, 22.75, 22.59, 22.34, 22.48, 22.5
2026-09-22, 04:01:27, 22.5, 22.5, 22.84, 22.95, 9999.0, 9999.0, 9999.0, 23.93, 9999.0, 22.27, 9999.0, 22.77, 22.57, 22.34, 22.48, 22.5
2026-09-22, 04:01:31, 22.5, 22.5, 22.84, 22.98, 9999.0, 9999.0, 9999.0, 23.91, 9999.0, 22.25, 9999.0, 22.8, 22.57, 22.34, 22.48, 22.5
2026-09-22, 04:01:35, 22.5, 22.5, 22.86, 22.95, 9999.0, 9999.0, 9999.0, 23.89, 9999.0, 22.23, 9999.0, 22.82, 22.55, 22.36, 22.5, 22.5
2026-09-22, 04:01:39, 22.5, 22.5, 22.84, 22.95, 9999.0, 9999.0, 9999.0, 23.86, 9999.0, 22.25, 9999.0, 22.84, 22.55, 22.36, 22.5, 22.5
2026-09-22, 04:01:43, 22.5, 22.5, 22.84, 22.93, 9999.0, 9999.0, 9999.0, 23.84, 9999.0, 22.25, 9999.0, 22.86, 22.57, 22.36, 22.5, 22.5
2026-09-22, 04:01:47, 22.5, 22.52, 22.84, 22.93, 9999.0, 9999.0, 9999.0, 23.84, 9999.0, 22.27, 9999.0, 22.89, 22.57, 22.39, 22.5, 22.5
2026-09-22, 04:01:51, 22.5, 22.55, 22.86, 22.95, 9999.0, 9999.0, 9999.0, 23.82, 9999.0, 22.3, 9999.0, 22.91, 22.59, 22.41, 22.5, 22.5
2026-09-22, 04:01:55, 22.5, 22.55, 22.84, 22.93, 9999.0, 9999.0, 9999.0, 23.77, 9999.0, 22.32, 9999.0, 22.93, 22.61, 22.41, 22.5, 22.5
2026-09-22, 04:01:59, 22.5, 22.55, 22.82, 22.93, 9999.0, 9999.0, 9999.0, 23.8, 9999.0, 22.34, 9999.0, 22.93, 22.61, 22.41, 22.5, 22.5
2026-09-22, 04:02:03, 22.5, 22.55, 22.82, 22.91, 9999.0, 9999.0, 9999.0, 23.82, 9999.0, 22.39, 9999.0, 22.93, 22.64, 22.41, 22.5, 22.5
2026-09-22, 04:02:07, 22.5, 22.55, 22.82, 22.91, 9999.0, 9999.0, 9999.0, 23.82, 9999.0, 22.39, 9999.0, 22.93, 22.64, 22.41, 22.5, 22.5
2026-09-22, 04:02:11, 22.5, 22.55, 22.84, 22.89, 9999.0, 9999.0, 9999.0, 23.84, 9999.0, 22.39, 9999.0, 22.91, 22.64, 22.41, 22.5, 22.5
2026-09-22, 04:02:15, 22.5, 22.55, 22.84, 22.86, 9999.0, 9999.0, 9999.0, 23.86, 9999.0, 22.41, 9999.0, 22.89, 22.61, 22.41, 22.5, 22.5
2026-09-22, 04:02:19, 22.5, 22.55, 22.82, 22.86, 9999.0, 9999.0, 9999.0, 23.89, 9999.0, 22.43, 9999.0, 22.86, 22.61, 22.39, 22.5, 22.48
2026-09-22, 04:02:23, 22.5, 22.55, 22.84, 22.86, 9999.0, 9999.0, 9999.0, 23.91, 9999.0, 22.43, 9999.0, 22.84, 22.61, 22.39, 22.5, 22.48
2026-09-22, 04:02:27, 22.5, 22.57, 22.86, 22.89, 9999.0, 9999.0, 9999.0, 23.93, 9999.0, 22.45, 9999.0, 22.82, 22.59, 22.41, 22.5, 22.48
2026-09-22, 04:02:31, 22.5, 22.55, 22.86, 22.89, 9999.0, 9999.0, 9999.0, 23.95, 9999.0, 22.45, 9999.0, 22.8, 22.57, 22.39, 22.5, 22.45
2026-09-22, 04:02:35, 22.5, 22.52, 22.86, 22.89, 9999.0, 9999.0, 9999.0, 24.0, 9999.0, 22.43, 9999.0, 22.8, 22.55, 22.36, 22.48, 22.45
2026-09-22, 04:02:39, 22.5, 22.52, 22.86, 22.91, 9999.0, 9999.0, 9999.0, 24.02, 9999.0, 22.41, 9999.0, 22.8, 22.55, 22.34, 22.48, 22.45
2026-09-22, 04:02:43, 22.5, 22.52, 22.86, 22.89, 9999.0, 9999.0, 9999.0, 23.98, 9999.0, 22.39, 9999.0, 22.82, 22.57, 22.32, 22.48, 22.45
2026-09-22, 04:02:47, 22.5, 22.52, 22.86, 22.91, 9999.0, 9999.0, 9999.0, 23.93, 9999.0, 22.36, 9999.0, 22.84, 22.57, 22.34, 22.48, 22.45
2026-09-22, 04:02:51, 22.5, 22.52, 22.89, 22.91, 9999.0, 9999.0, 9999.0, 23.91, 9999.0, 22.36, 9999.0, 22.86, 22.57, 22.36, 22.48, 22.45
2026-09-22, 04:02:55, 22.5, 22.52, 22.86, 22.93, 9999.0, 9999.0, 9999.0, 23.89, 9999.0, 22.39, 9999.0, 22.89, 22.57, 22.34, 22.45, 22.45
2026-09-22, 04:02:59, 22.5, 22.55, 22.86, 22.93, 9999.0, 9999.0, 9999.0, 23.86, 9999.0, 22.36, 9999.0, 22.91, 22.59, 22.32, 22.45, 22.45
2026-09-22, 04:03:03, 22.5, 22.55, 22.86, 22.95, 9999.0, 9999.0, 9999.0, 23.84, 9999.0, 22.36, 9999.0, 22.93, 22.61, 22.32, 22.45, 22.48
2026-09-22, 04:03:07, 22.5, 22.55, 22.84, 22.95, 9999.0, 9999.0, 9999.0, 23.8, 9999.0, 22.39, 9999.0, 22.93, 22.61, 22.32, 22.45, 22.48
2026-09-22, 04:03:11, 22.5, 22.52, 22.82, 22.95, 9999.0, 9999.0, 9999.0, 23.75, 9999.0, 22.39, 9999.0, 22.95, 22.64, 22.3, 22.45, 22.48
2026-09-22, 04:03:15, 22.5, 22.52, 22.8, 22.95, 9999.0, 9999.0, 9999.0, 23.77, 9999.0, 22.39, 9999.0, 22.98, 22.66, 22.32, 22.45, 22.5
2026-09-22, 04:03:19, 22.5, 22.55, 22.77, 22.95, 9999.0, 9999.0, 9999.0, 23.8, 9999.0, 22.41, 9999.0, 22.95, 22.66, 22.34, 22.48, 22.5
2026-09-22, 04:03:23, 22.5, 22.55, 22.8, 22.95, 9999.0, 9999.0, 9999.0, 23.84, 9999.0, 22.43, 9999.0, 22.93, 22.64, 22.34, 22.48, 22.5
2026-09-22, 04:03:27, 22.5, 22.57, 22.8, 22.95, 9999.0, 9999.0, 9999.0, 23.89, 9999.0, 22.45, 9999.0, 22.91, 22.61, 22.36, 22.48, 22.5
2026-09-22, 04:03:31, 22.5, 22.57, 22.82, 22.95, 9999.0, 9999.0, 9999.0, 23.91, 9999.0, 22.48, 9999.0, 22.89, 22.59, 22.36, 22.48, 22.5
2026-09-22, 04:03:35, 22.5, 22.57, 22.8, 22.95, 9999.0, 9999.0, 9999.0, 23.93, 9999.0, 22.5, 9999.0, 22.86, 22.59, 22.34, 22.48, 22.5
2026-09-22, 04:03:39, 22.5, 22.57, 22.8, 22.95, 9999.0, 9999.0, 9999.0, 23.93, 9999.0, 22.5, 9999.0, 22.84, 22.59, 22.34, 22.5, 22.5
2026-09-22, 04:03:43, 22.5, 22.55, 22.8, 22.98, 9999.0, 9999.0, 9999.0, 23.95, 9999.0, 22.52, 9999.0, 22.82, 22.57, 22.34, 22.5, 22.5
2026-09-22, 04:03:47, 22.5, 22.55, 22.82, 22.98, 9999.0, 9999.0, 9999.0, 23.98, 9999.0, 22.52, 9999.0, 22.82, 22.57, 22.36, 22.5, 22.5
2026-09-22, 04:03:51, 22.5, 22.55, 22.82, 22.95, 9999.0, 9999.0, 9999.0, 24.02, 9999.0, 22.5, 9999.0, 22.82, 22.59, 22.39, 22.5, 22.5
2026-09-22, 04:03:55, 22.5, 22.55, 22.82, 22.93, 9999.0, 9999.0, 9999.0, 24.07, 9999.0, 22.48, 9999.0, 22.82, 22.59, 22.39, 22.5, 22.5
2026-09-22, 04:03:59, 22.5, 22.55, 22.84, 22.91, 9999.0, 9999.0, 9999.0, 24.02, 9999.0, 22.48, 9999.0, 22.82, 22.57, 22.39, 22.5, 22.5
2026-09-22, 04:04:03, 22.5, 22.55, 22.86, 22.89, 9999.0, 9999.0, 9999.0, 23.98, 9999.0, 22.45, 9999.0, 22.84, 22.59, 22.39, 22.5, 22.5
2026-09-22, 04:04:08, 22.5, 22.55, 22.84, 22.86, 9999.0, 9999.0, 9999.0, 23.93, 9999.0, 22.45, 9999.0, 22.86, 22.59, 22.41, 22.5, 22.5
2026-09-22, 04:04:12, 22.5, 22.52, 22.86, 22.89, 9999.0, 9999.0, 9999.0, 23.89, 9999.0, 22.45, 9999.0, 22.89, 22.59, 22.39, 22.5, 22.5
2026-09-22, 04:04:16, 22.5, 22.52, 22.84, 22.86, 9999.0, 9999.0, 9999.0, 23.86, 9999.0, 22.45, 9999.0, 22.89, 22.61, 22.39, 22.5, 22.5
2026-09-22, 04:04:20, 22.5, 22.52, 22.84, 22.86, 9999.0, 9999.0, 9999.0, 23.84, 9999.0, 22.48, 9999.0, 22.91, 22.64, 22.41, 22.5, 22.5
2026-09-22, 04:04:24, 22.5, 22.52, 22.84, 22.84, 9999.0, 9999.0, 9999.0, 23.84, 9999.0, 22.5, 9999.0, 22.93, 22.64, 22.43, 22.5, 22.5
2026-09-22, 04:04:28, 22.5, 22.52, 22.84, 22.82, 9999.0, 9999.0, 9999.0, 23.86, 9999.0, 22.52, 9999.0, 22.93, 22.64, 22.45, 22.5, 22.5
2026-09-22, 04:04:32, 22.5, 22.55, 22.82, 22.82, 9999.0, 9999.0, 9999.0, 23.91, 9999.0, 22.52, 9999.0, 22.91, 22.64, 22.43, 22.5, 22.5
2026-09-22, 04:04:36, 22.5, 22.55, 22.82, 22.82, 9999.0, 9999.0, 9999.0, 23.93, 9999.0, 22.52, 9999.0, 22.91, 22.64, 22.43, 22.5, 22.5
2026-09-22, 04:04:40, 22.5, 22.55, 22.82, 22.84, 9999.0, 9999.0, 9999.0, 23.95, 9999.0, 22.55, 9999.0, 22.89, 22.64, 22.43, 22.5, 22.5
2026-09-22, 04:04:44, 22.5, 22.55, 22.8, 22.84, 9999.0, 9999.0, 9999.0, 24.0, 9999.0, 22.55, 9999.0, 22.86, 22.64, 22.41, 22.5, 22.5
2026-09-22, 04:04:48, 22.5, 22.52, 22.77, 22.84, 9999.0, 9999.0, 9999.0, 24.02, 9999.0, 22.57, 9999.0, 22.84, 22.64, 22.39, 22.5, 22.5
2026-09-22, 04:04:52, 22.5, 22.55, 22.77, 22.84, 9999.0, 9999.0, 9999.0, 24.05, 9999.0, 22.57, 9999.0, 22.82, 22.64, 22.39, 22.5, 22.5
2026-09-22, 04:04:56, 22.5, 22.55, 22.75, 22.82, 9999.0, 9999.0, 9999.0, 24.07, 9999.0, 22.57, 9999.0, 22.8, 22.64, 22.41, 22.5, 22.5
2026-09-22, 04:05:00, 22.5, 22.55, 22.75, 22.82, 9999.0, 9999.0, 9999.0, 24.09, 9999.0, 22.57, 9999.0, 22.8, 22.61, 22.41, 22.5, 22.5
2026-09-22, 04:05:04, 22.5, 22.55, 22.75, 22.8, 9999.0, 9999.0, 9999.0, 24.11, 9999.0, 22.55, 9999.0, 22.8, 22.59, 22.39, 22.5, 22.5
2026-09-22, 04:05:08, 22.5, 22.55, 22.75, 22.82, 9999.0, 9999.0, 9999.0, 24.14, 9999.0, 22.52, 9999.0, 22.8, 22.59, 22.39, 22.5, 22.5
2026-09-22, 04:05:12, 22.5, 22.55, 22.75, 22.84, 9999.0, 9999.0, 9999.0, 24.11, 9999.0, 22.5, 9999.0, 22.8, 22.59, 22.39, 22.5, 22.5
2026-09-22, 04:05:16, 22.5, 22.52, 22.77, 22.82, 9999.0, 9999.0, 9999.0, 24.05, 9999.0, 22.5, 9999.0, 22.82, 22.59, 22.39, 22.5, 22.5
2026-09-22, 04:05:20, 22.5, 22.52, 22.8, 22.82, 9999.0, 9999.0, 9999.0, 24.0, 9999.0, 22.5, 9999.0, 22.84, 22.57, 22.36, 22.5, 22.5
2026-09-22, 04:05:24, 22.5, 22.52, 22.8, 22.8, 9999.0, 9999.0, 9999.0, 23.95, 9999.0, 22.5, 9999.0, 22.86, 22.57, 22.36, 22.5, 22.5
2026-09-22, 04:05:28, 22.5, 22.52, 22.82, 22.82, 9999.0, 9999.0, 9999.0, 23.91, 9999.0, 22.5, 9999.0, 22.89, 22.57, 22.36, 22.5, 22.5
2026-09-22, 04:05:32, 22.5, 22.55, 22.82, 22.84, 9999.0, 9999.0, 9999.0, 23.89, 9999.0, 22.52, 9999.0, 22.89, 22.57, 22.39, 22.5, 22.5
2026-09-22, 04:05:36, 22.5, 22.52, 22.84, 22.84, 9999.0, 9999.0, 9999.0, 23.86, 9999.0, 22.55, 9999.0, 22.91, 22.59, 22.39, 22.5, 22.5
2026-09-22, 04:05:40, 22.5, 22.52, 22.84, 22.84, 9999.0, 9999.0, 9999.0, 23.82, 9999.0, 22.57, 9999.0, 22.93, 22.61, 22.39, 22.5, 22.5
2026-09-22, 04:05:44, 22.5, 22.52, 22.86, 22.84, 9999.0, 9999.0, 9999.0, 23.86, 9999.0, 22.59, 9999.0, 22.93, 22.64, 22.39, 22.5, 22.5
2026-09-22, 04:05:48, 22.5, 22.52, 22.86, 22.84, 9999.0, 9999.0, 9999.0, 23.89, 9999.0, 22.61, 9999.0, 22.91, 22.64, 22.39, 22.5, 22.5
2026-09-22, 04:05:52, 22.5, 22.52, 22.86, 22.82, 9999.0, 9999.0, 9999.0, 23.91, 9999.0, 22.64, 9999.0, 22.91, 22.64, 22.36, 22.5, 22.5
2026-09-22, 04:05:56, 22.5, 22.52, 22.86, 22.8, 9999.0, 9999.0, 9999.0, 23.93, 9999.0, 22.64, 9999.0, 22.91, 22.64, 22.34, 22.5, 22.5
2026-09-22, 04:06:00, 22.5, 22.52, 22.86, 22.8, 9999.0, 9999.0, 9999.0, 23.95, 9999.0, 22.64, 9999.0, 22.89, 22.61, 22.36, 22.5, 22.5
2026-09-22, 04:06:04, 22.5, 22.52, 22.84, 22.8, 9999.0, 9999.0, 9999.0, 23.98, 9999.0, 22.64, 9999.0, 22.86, 22.61, 22.39, 22.5, 22.5
2026-09-22, 04:06:08, 22.5, 22.52, 22.84, 22.82, 9999.0, 9999.0, 9999.0, 24.0, 9999.0, 22.64, 9999.0, 22.84, 22.59, 22.41, 22.5, 22.5
2026-09-22, 04:06:12, 22.5, 22.52, 22.82, 22.8, 9999.0, 9999.0, 9999.0, 24.02, 9999.0, 22.64, 9999.0, 22.82, 22.61, 22.43, 22.5, 22.5
2026-09-22, 04:06:16, 22.5, 22.5, 22.82, 22.77, 9999.0, 9999.0, 9999.0, 24.05, 9999.0, 22.61, 9999.0, 22.82, 22.61, 22.41, 22.5, 22.5
2026-09-22, 04:06:20, 22.5, 22.5, 22.8, 22.77, 9999.0, 9999.0, 9999.0, 24.07, 9999.0, 22.59, 9999.0, 22.8, 22.59, 22.41, 22.5, 22.5
2026-09-22, 04:06:24, 22.5, 22.5, 22.82, 22.77, 9999.0, 9999.0, 9999.0, 24.11, 9999.0, 22.57, 9999.0, 22.77, 22.57, 22.39, 22.5, 22.5
2026-09-22, 04:06:28, 22.5, 22.5, 22.82, 22.77, 9999.0, 9999.0, 9999.0, 24.05, 9999.0, 22.55, 9999.0, 22.77, 22.55, 22.39, 22.5, 22.5
2026-09-22, 04:06:32, 22.5, 22.5, 22.82, 22.77, 9999.0, 9999.0, 9999.0, 24.0, 9999.0, 22.52, 9999.0, 22.8, 22.57, 22.41, 22.5, 22.5
2026-09-22, 04:06:36, 22.5, 22.5, 22.82, 22.77, 9999.0, 9999.0, 9999.0, 23.95, 9999.0, 22.5, 9999.0, 22.8, 22.57, 22.41, 22.5, 22.5
2026-09-22, 04:06:40, 22.5, 22.5, 22.82, 22.77, 9999.0, 9999.0, 9999.0, 23.91, 9999.0, 22.52, 9999.0, 22.82, 22.57, 22.43, 22.5, 22.5
2026-09-22, 04:06:44, 22.5, 22.5, 22.8, 22.77, 9999.0, 9999.0, 9999.0, 23.89, 9999.0, 22.55, 9999.0, 22.84, 22.57, 22.41, 22.5, 22.5
2026-09-22, 04:06:48, 22.5, 22.5, 22.8, 22.77, 9999.0, 9999.0, 9999.0, 23.86, 9999.0, 22.57, 9999.0, 22.86, 22.59, 22.41, 22.5, 22.5
2026-09-22, 04:06:52, 22.5, 22.52, 22.8, 22.75, 9999.0, 9999.0, 9999.0, 23.84, 9999.0, 22.59, 9999.0, 22.89, 22.61, 22.41, 22.5, 22.5
2026-09-22, 04:06:56, 22.5, 22.52, 22.82, 22.75, 9999.0, 9999.0, 9999.0, 23.82, 9999.0, 22.61, 9999.0, 22.89, 22.59, 22.41, 22.5, 22.5
2026-09-22, 04:07:00, 22.5, 22.55, 22.82, 22.75, 9999.0, 9999.0, 9999.0, 23.86, 9999.0, 22.64, 9999.0, 22.91, 22.57, 22.43, 22.5, 22.5
2026-09-22, 04:07:04, 22.5, 22.55, 22.84, 22.75, 9999.0, 9999.0, 9999.0, 23.91, 9999.0, 22.66, 9999.0, 22.91, 22.57, 22.41, 22.5, 22.5
2026-09-22, 04:07:08, 22.5, 22.55, 22.84, 22.77, 9999.0, 9999.0, 9999.0, 23.95, 9999.0, 22.68, 9999.0, 22.91, 22.57, 22.41, 22.5, 22.5
2026-09-22, 04:07:12, 22.5, 22.55, 22.82, 22.8, 9999.0, 9999.0, 9999.0, 24.0, 9999.0, 22.7, 9999.0, 22.93, 22.57, 22.39, 22.5, 22.5
2026-09-22, 04:07:16, 22.5, 22.55, 22.82, 22.8, 9999.0, 9999.0, 9999.0, 24.05, 9999.0, 22.73, 9999.0, 22.91, 22.55, 22.39, 22.5, 22.5
2026-09-22, 04:07:20, 22.5, 22.55, 22.82, 22.8, 9999.0, 9999.0, 9999.0, 24.09, 9999.0, 22.75, 9999.0, 22.89, 22.55, 22.41, 22.5, 22.5
2026-09-22, 04:07:24, 22.5, 22.55, 22.82, 22.8, 9999.0, 9999.0, 9999.0, 24.11, 9999.0, 22.75, 9999.0, 22.86, 22.55, 22.39, 22.5, 22.5
2026-09-22, 04:07:28, 22.5, 22.55, 22.82, 22.82, 9999.0, 9999.0, 9999.0, 24.14, 9999.0, 22.75, 9999.0, 22.84, 22.55, 22.41, 22.5, 22.5
2026-09-22, 04:07:32, 22.5, 22.55, 22.82, 22.84, 9999.0, 9999.0, 9999.0, 24.18, 9999.0, 22.73, 9999.0, 22.82, 22.52, 22.39, 22.5, 22.5
2026-09-22, 04:07:36, 22.5, 22.52, 22.82, 22.86, 9999.0, 9999.0, 9999.0, 24.2, 9999.0, 22.73, 9999.0, 22.8, 22.5, 22.39, 22.5, 22.5
2026-09-22, 04:07:40, 22.5, 22.52, 22.82, 22.86, 9999.0, 9999.0, 9999.0, 24.23, 9999.0, 22.73, 9999.0, 22.8, 22.5, 22.36, 22.5, 22.5
2026-09-22, 04:07:44, 22.5, 22.5, 22.84, 22.86, 9999.0, 9999.0, 9999.0, 24.18, 9999.0, 22.73, 9999.0, 22.8, 22.5, 22.34, 22.5, 22.5
2026-09-22, 04:07:48, 22.5, 22.5, 22.84, 22.86, 9999.0, 9999.0, 9999.0, 24.14, 9999.0, 22.7, 9999.0, 22.82, 22.52, 22.34, 22.5, 22.5
2026-09-22, 04:07:52, 22.5, 22.5, 22.82, 22.84, 9999.0, 9999.0, 9999.0, 24.09, 9999.0, 22.68, 9999.0, 22.84, 22.52, 22.34, 22.5, 22.5
2026-09-22, 04:07:56, 22.5, 22.5, 22.82, 22.84, 9999.0, 9999.0, 9999.0, 24.05, 9999.0, 22.68, 9999.0, 22.84, 22.55, 22.36, 22.5, 22.5
2026-09-22, 04:08:01, 22.5, 22.5, 22.82, 22.84, 9999.0, 9999.0, 9999.0, 24.0, 9999.0, 22.68, 9999.0, 22.86, 22.55, 22.34, 22.5, 22.5
2026-09-22, 04:08:05, 22.5, 22.5, 22.82, 22.86, 9999.0, 9999.0, 9999.0, 23.95, 9999.0, 22.7, 9999.0, 22.86, 22.57, 22.32, 22.5, 22.5
2026-09-22, 04:08:09, 22.5, 22.52, 22.84, 22.86, 9999.0, 9999.0, 9999.0, 23.93, 9999.0, 22.7, 9999.0, 22.89, 22.59, 22.34, 22.5, 22.5
2026-09-22, 04:08:13, 22.5, 22.55, 22.84, 22.84, 9999.0, 9999.0, 9999.0, 23.91, 9999.0, 22.7, 9999.0, 22.89, 22.61, 22.34, 22.5, 22.5
2026-09-22, 04:08:17, 22.5, 22.55, 22.84, 22.84, 9999.0, 9999.0, 9999.0, 23.93, 9999.0, 22.75, 9999.0, 22.91, 22.61, 22.36, 22.5, 22.5
2026-09-22, 04:08:21, 22.5, 22.55, 22.86, 22.82, 9999.0, 9999.0, 9999.0, 23.98, 9999.0, 22.75, 9999.0, 22.91, 22.64, 22.34, 22.5, 22.5
2026-09-22, 04:08:25, 22.5, 22.55, 22.84, 22.82, 9999.0, 9999.0, 9999.0, 24.02, 9999.0, 22.75, 9999.0, 22.91, 22.64, 22.36, 22.5, 22.5
2026-09-22, 04:08:29, 22.5, 22.55, 22.82, 22.82, 9999.0, 9999.0, 9999.0, 24.05, 9999.0, 22.75, 9999.0, 22.89, 22.64, 22.36, 22.48, 22.5
2026-09-22, 04:08:33, 22.5, 22.57, 22.8, 22.84, 9999.0, 9999.0, 9999.0, 24.07, 9999.0, 22.77, 9999.0, 22.86, 22.61, 22.36, 22.48, 22.5
2026-09-22, 04:08:37, 22.5, 22.57, 22.82, 22.86, 9999.0, 9999.0, 9999.0, 24.09, 9999.0, 22.8, 9999.0, 22.84, 22.61, 22.39, 22.48, 22.5
2026-09-22, 04:08:41, 22.5, 22.57, 22.82, 22.84, 9999.0, 9999.0, 9999.0, 24.11, 9999.0, 22.8, 9999.0, 22.82, 22.61, 22.36, 22.48, 22.5
2026-09-22, 04:08:45, 22.5, 22.57, 22.82, 22.84, 9999.0, 9999.0, 9999.0, 24.16, 9999.0, 22.8, 9999.0, 22.8, 22.64, 22.36, 22.48, 22.48
2026-09-22, 04:08:49, 22.5, 22.59, 22.82, 22.82, 9999.0, 9999.0, 9999.0, 24.2, 9999.0, 22.77, 9999.0, 22.8, 22.61, 22.39, 22.48, 22.48
2026-09-22, 04:08:53, 22.5, 22.57, 22.82, 22.84, 9999.0, 9999.0, 9999.0, 24.25, 9999.0, 22.77, 9999.0, 22.77, 22.59, 22.36, 22.48, 22.48
2026-09-22, 04:08:57, 22.5, 22.55, 22.82, 22.84, 9999.0, 9999.0, 9999.0, 24.27, 9999.0, 22.75, 9999.0, 22.77, 22.57, 22.34, 22.48, 22.45
2026-09-22, 04:09:01, 22.5, 22.55, 22.82, 22.82, 9999.0, 9999.0, 9999.0, 24.23, 9999.0, 22.73, 9999.0, 22.77, 22.57, 22.32, 22.48, 22.45
2026-09-22, 04:09:05, 22.5, 22.55, 22.8, 22.82, 9999.0, 9999.0, 9999.0, 24.18, 9999.0, 22.7, 9999.0, 22.8, 22.55, 22.34, 22.48, 22.45
2026-09-22, 04:09:09, 22.5, 22.55, 22.8, 22.82, 9999.0, 9999.0, 9999.0, 24.14, 9999.0, 22.7, 9999.0, 22.82, 22.57, 22.32, 22.48, 22.45
2026-09-22, 04:09:13, 22.5, 22.55, 22.82, 22.82, 9999.0, 9999.0, 9999.0, 24.09, 9999.0, 22.7, 9999.0, 22.84, 22.57, 22.34, 22.5, 22.45
2026-09-22, 04:09:17, 22.5, 22.55, 22.82, 22.8, 9999.0, 9999.0, 9999.0, 24.07, 9999.0, 22.7, 9999.0, 22.86, 22.57, 22.34, 22.5, 22.45
2026-09-22, 04:09:21, 22.5, 22.55, 22.82, 22.77, 9999.0, 9999.0, 9999.0, 24.02, 9999.0, 22.73, 9999.0, 22.89, 22.57, 22.34, 22.5, 22.43
2026-09-22, 04:09:25, 22.5, 22.55, 22.82, 22.77, 9999.0, 9999.0, 9999.0, 24.0, 9999.0, 22.75, 9999.0, 22.91, 22.57, 22.36, 22.5, 22.43
2026-09-22, 04:09:29, 22.5, 22.55, 22.82, 22.8, 9999.0, 9999.0, 9999.0, 23.95, 9999.0, 22.77, 9999.0, 22.91, 22.55, 22.39, 22.5, 22.45
2026-09-22, 04:09:33, 22.5, 22.52, 22.82, 22.8, 9999.0, 9999.0, 9999.0, 23.98, 9999.0, 22.77, 9999.0, 22.93, 22.55, 22.39, 22.5, 22.45
2026-09-22, 04:09:37, 22.5, 22.52, 22.8, 22.77, 9999.0, 9999.0, 9999.0, 24.0, 9999.0, 22.8, 9999.0, 22.93, 22.57, 22.39, 22.5, 22.45
2026-09-22, 04:09:41, 22.5, 22.55, 22.8, 22.77, 9999.0, 9999.0, 9999.0, 24.05, 9999.0, 22.82, 9999.0, 22.95, 22.57, 22.41, 22.48, 22.48
2026-09-22, 04:09:45, 22.5, 22.57, 22.8, 22.77, 9999.0, 9999.0, 9999.0, 24.09, 9999.0, 22.84, 9999.0, 22.93, 22.57, 22.41, 22.45, 22.48
2026-09-22, 04:09:49, 22.5, 22.59, 22.8, 22.77, 9999.0, 9999.0, 9999.0, 24.11, 9999.0, 22.86, 9999.0, 22.91, 22.57, 22.39, 22.45, 22.48
2026-09-22, 04:09:53, 22.5, 22.59, 22.82, 22.77, 9999.0, 9999.0, 9999.0, 24.14, 9999.0, 22.86, 9999.0, 22.89, 22.55, 22.39, 22.45, 22.48
2026-09-22, 04:09:57, 22.5, 22.59, 22.8, 22.8, 9999.0, 9999.0, 9999.0, 24.18, 9999.0, 22.86, 9999.0, 22.86, 22.55, 22.36, 22.45, 22.48
2026-09-22, 04:10:01, 22.5, 22.57, 22.82, 22.8, 9999.0, 9999.0, 9999.0, 24.18, 9999.0, 22.86, 9999.0, 22.84, 22.55, 22.39, 22.45, 22.48
2026-09-22, 04:10:05, 22.5, 22.57, 22.8, 22.8, 9999.0, 9999.0, 9999.0, 24.23, 9999.0, 22.84, 9999.0, 22.82, 22.55, 22.39, 22.45, 22.5
2026-09-22, 04:10:09, 22.5, 22.57, 22.82, 22.8, 9999.0, 9999.0, 9999.0, 24.25, 9999.0, 22.82, 9999.0, 22.82, 22.52, 22.39, 22.45, 22.48
2026-09-22, 04:10:13, 22.5, 22.57, 22.82, 22.77, 9999.0, 9999.0, 9999.0, 24.27, 9999.0, 22.8, 9999.0, 22.84, 22.52, 22.36, 22.45, 22.48
2026-09-22, 04:10:17, 22.5, 22.57, 22.84, 22.8, 9999.0, 9999.0, 9999.0, 24.23, 9999.0, 22.8, 9999.0, 22.84, 22.52, 22.34, 22.45, 22.48
2026-09-22, 04:10:21, 22.5, 22.57, 22.86, 22.8, 9999.0, 9999.0, 9999.0, 24.18, 9999.0, 22.77, 9999.0, 22.86, 22.5, 22.34, 22.45, 22.48
2026-09-22, 04:10:25, 22.5, 22.55, 22.86, 22.8, 9999.0, 9999.0, 9999.0, 24.11, 9999.0, 22.77, 9999.0, 22.86, 22.52, 22.32, 22.48, 22.45
2026-09-22, 04:10:29, 22.5, 22.52, 22.89, 22.8, 9999.0, 9999.0, 9999.0, 24.05, 9999.0, 22.77, 9999.0, 22.89, 22.55, 22.34, 22.5, 22.43
2026-09-22, 04:10:33, 22.5, 22.5, 22.89, 22.8, 9999.0, 9999.0, 9999.0, 24.0, 9999.0, 22.77, 9999.0, 22.91, 22.57, 22.34, 22.5, 22.43
2026-09-22, 04:10:37, 22.5, 22.52, 22.89, 22.8, 9999.0, 9999.0, 9999.0, 23.95, 9999.0, 22.8, 9999.0, 22.91, 22.59, 22.36, 22.5, 22.41
2026-09-22, 04:10:41, 22.5, 22.52, 22.89, 22.8, 9999.0, 9999.0, 9999.0, 23.91, 9999.0, 22.82, 9999.0, 22.91, 22.61, 22.39, 22.5, 22.41
2026-09-22, 04:10:45, 22.5, 22.52, 22.86, 22.8, 9999.0, 9999.0, 9999.0, 23.89, 9999.0, 22.84, 9999.0, 22.91, 22.64, 22.39, 22.5, 22.41
2026-09-22, 04:10:49, 22.5, 22.55, 22.86, 22.8, 9999.0, 9999.0, 9999.0, 23.91, 9999.0, 22.84, 9999.0, 22.91, 22.66, 22.36, 22.48, 22.41
2026-09-22, 04:10:53, 22.5, 22.55, 22.86, 22.8, 9999.0, 9999.0, 9999.0, 23.95, 9999.0, 22.86, 9999.0, 22.89, 22.66, 22.36, 22.45, 22.43
2026-09-22, 04:10:57, 22.5, 22.57, 22.89, 22.8, 9999.0, 9999.0, 9999.0, 24.0, 9999.0, 22.86, 9999.0, 22.86, 22.68, 22.36, 22.45, 22.41
2026-09-22, 04:11:01, 22.5, 22.59, 22.86, 22.77, 9999.0, 9999.0, 9999.0, 24.02, 9999.0, 22.86, 9999.0, 22.84, 22.68, 22.39, 22.45, 22.39
2026-09-22, 04:11:05, 22.5, 22.61, 22.84, 22.8, 9999.0, 9999.0, 9999.0, 24.05, 9999.0, 22.89, 9999.0, 22.82, 22.68, 22.41, 22.45, 22.39
2026-09-22, 04:11:09, 22.5, 22.61, 22.84, 22.8, 9999.0, 9999.0, 9999.0, 24.09, 9999.0, 22.89, 9999.0, 22.8, 22.68, 22.43, 22.45, 22.41
2026-09-22, 04:11:13, 22.5, 22.61, 22.82, 22.82, 9999.0, 9999.0, 9999.0, 24.11, 9999.0, 22.86, 9999.0, 22.77, 22.66, 22.43, 22.45, 22.43
2026-09-22, 04:11:17, 22.5, 22.61, 22.84, 22.84, 9999.0, 9999.0, 9999.0, 24.14, 9999.0, 22.86, 9999.0, 22.75, 22.64, 22.43, 22.45, 22.43
2026-09-22, 04:11:21, 22.5, 22.61, 22.84, 22.84, 9999.0, 9999.0, 9999.0, 24.18, 9999.0, 22.84, 9999.0, 22.73, 22.61, 22.41, 22.45, 22.45
2026-09-22, 04:11:25, 22.5, 22.61, 22.84, 22.84, 9999.0, 9999.0, 9999.0, 24.2, 9999.0, 22.8, 9999.0, 22.75, 22.59, 22.41, 22.45, 22.43
2026-09-22, 04:11:29, 22.5, 22.64, 22.86, 22.86, 9999.0, 9999.0, 9999.0, 24.25, 9999.0, 22.75, 9999.0, 22.75, 22.57, 22.41, 22.45, 22.43
2026-09-22, 04:11:33, 22.5, 22.61, 22.89, 22.86, 9999.0, 9999.0, 9999.0, 24.2, 9999.0, 22.75, 9999.0, 22.77, 22.55, 22.43, 22.48, 22.43
2026-09-22, 04:11:37, 22.5, 22.61, 22.86, 22.86, 9999.0, 9999.0, 9999.0, 24.16, 9999.0, 22.73, 9999.0, 22.8, 22.57, 22.43, 22.5, 22.43
2026-09-22, 04:11:42, 22.5, 22.59, 22.86, 22.86, 9999.0, 9999.0, 9999.0, 24.11, 9999.0, 22.7, 9999.0, 22.82, 22.57, 22.43, 22.5, 22.45
2026-09-22, 04:11:46, 22.5, 22.57, 22.89, 22.86, 9999.0, 9999.0, 9999.0, 24.09, 9999.0, 22.73, 9999.0, 22.84, 22.57, 22.43, 22.5, 22.48
2026-09-22, 04:11:50, 22.5, 22.55, 22.91, 22.86, 9999.0, 9999.0, 9999.0, 24.05, 9999.0, 22.7, 9999.0, 22.86, 22.59, 22.43, 22.5, 22.45
2026-09-22, 04:11:54, 22.5, 22.55, 22.93, 22.86, 9999.0, 9999.0, 9999.0, 24.0, 9999.0, 22.73, 9999.0, 22.89, 22.59, 22.43, 22.5, 22.45
2026-09-22, 04:11:58, 22.5, 22.55, 22.93, 22.86, 9999.0, 9999.0, 9999.0, 23.98, 9999.0, 22.75, 9999.0, 22.91, 22.61, 22.43, 22.5, 22.45
2026-09-22, 04:12:02, 22.5, 22.57, 22.93, 22.84, 9999.0, 9999.0, 9999.0, 23.95, 9999.0, 22.77, 9999.0, 22.91, 22.64, 22.43, 22.5, 22.45
2026-09-22, 04:12:06, 22.5, 22.57, 22.91, 22.84, 9999.0, 9999.0, 9999.0, 23.98, 9999.0, 22.8, 9999.0, 22.95, 22.64, 22.45, 22.5, 22.45
2026-09-22, 04:12:10, 22.5, 22.57, 22.93, 22.82, 9999.0, 9999.0, 9999.0, 24.02, 9999.0, 22.84, 9999.0, 22.93, 22.66, 22.45, 22.5, 22.45
2026-09-22, 04:12:14, 22.5, 22.57, 22.91, 22.82, 9999.0, 9999.0, 9999.0, 24.05, 9999.0, 22.86, 9999.0, 22.93, 22.68, 22.45, 22.5, 22.45
2026-09-22, 04:12:18, 22.5, 22.57, 22.89, 22.82, 9999.0, 9999.0, 9999.0, 24.09, 9999.0, 22.86, 9999.0, 22.91, 22.68, 22.45, 22.5, 22.45
2026-09-22, 04:12:22, 22.5, 22.57, 22.89, 22.82, 9999.0, 9999.0, 9999.0, 24.11, 9999.0, 22.86, 9999.0, 22.89, 22.66, 22.45, 22.5, 22.45
2026-09-22, 04:12:26, 22.5, 22.57, 22.89, 22.84, 9999.0, 9999.0, 9999.0, 24.14, 9999.0, 22.89, 9999.0, 22.86, 22.64, 22.48, 22.5, 22.43
2026-09-22, 04:12:30, 22.5, 22.59, 22.86, 22.84, 9999.0, 9999.0, 9999.0, 24.16, 9999.0, 22.86, 9999.0, 22.84, 22.64, 22.45, 22.5, 22.43
2026-09-22, 04:12:34, 22.5, 22.59, 22.86, 22.82, 9999.0, 9999.0, 9999.0, 24.2, 9999.0, 22.86, 9999.0, 22.82, 22.61, 22.45, 22.5, 22.43
2026-09-22, 04:12:38, 22.5, 22.59, 22.84, 22.82, 9999.0, 9999.0, 9999.0, 24.25, 9999.0, 22.84, 9999.0, 22.8, 22.61, 22.45, 22.5, 22.43
2026-09-22, 04:12:42, 22.5, 22.59, 22.86, 22.82, 9999.0, 9999.0, 9999.0, 24.3, 9999.0, 22.82, 9999.0, 22.8, 22.59, 22.45, 22.5, 22.43
2026-09-22, 04:12:46, 22.5, 22.57, 22.86, 22.84, 9999.0, 9999.0, 9999.0, 24.32, 9999.0, 22.77, 9999.0, 22.8, 22.57, 22.48, 22.5, 22.43
2026-09-22, 04:12:50, 22.5, 22.55, 22.86, 22.86, 9999.0, 9999.0, 9999.0, 24.3, 9999.0, 22.73, 9999.0, 22.77, 22.57, 22.48, 22.5, 22.41
2026-09-22, 04:12:54, 22.5, 22.55, 22.86, 22.89, 9999.0, 9999.0, 9999.0, 24.25, 9999.0, 22.68, 9999.0, 22.8, 22.55, 22.48, 22.5, 22.43
2026-09-22, 04:12:58, 22.5, 22.52, 22.89, 22.86, 9999.0, 9999.0, 9999.0, 24.2, 9999.0, 22.66, 9999.0, 22.82, 22.52, 22.48, 22.5, 22.43
2026-09-22, 04:13:02, 22.5, 22.55, 22.91, 22.86, 9999.0, 9999.0, 9999.0, 24.16, 9999.0, 22.66, 9999.0, 22.84, 22.55, 22.45, 22.5, 22.43
2026-09-22, 04:13:06, 22.5, 22.55, 22.93, 22.89, 9999.0, 9999.0, 9999.0, 24.11, 9999.0, 22.66, 9999.0, 22.86, 22.55, 22.45, 22.5, 22.43
2026-09-22, 04:13:10, 22.5, 22.55, 22.91, 22.89, 9999.0, 9999.0, 9999.0, 24.07, 9999.0, 22.66, 9999.0, 22.86, 22.57, 22.43, 22.5, 22.43
2026-09-22, 04:13:14, 22.48, 22.52, 22.93, 22.91, 9999.0, 9999.0, 9999.0, 24.02, 9999.0, 22.68, 9999.0, 22.89, 22.59, 22.45, 22.5, 22.41
2026-09-22, 04:13:18, 22.48, 22.52, 22.93, 22.91, 9999.0, 9999.0, 9999.0, 23.98, 9999.0, 22.7, 9999.0, 22.91, 22.61, 22.43, 22.5, 22.43
2026-09-22, 04:13:22, 22.48, 22.52, 22.95, 22.93, 9999.0, 9999.0, 9999.0, 24.0, 9999.0, 22.73, 9999.0, 22.91, 22.61, 22.41, 22.5, 22.43
2026-09-22, 04:13:26, 22.48, 22.52, 22.95, 22.93, 9999.0, 9999.0, 9999.0, 24.02, 9999.0, 22.73, 9999.0, 22.89, 22.61, 22.41, 22.5, 22.43
2026-09-22, 04:13:30, 22.48, 22.55, 22.93, 22.91, 9999.0, 9999.0, 9999.0, 24.05, 9999.0, 22.75, 9999.0, 22.89, 22.64, 22.41, 22.5, 22.43
2026-09-22, 04:13:34, 22.48, 22.55, 22.95, 22.91, 9999.0, 9999.0, 9999.0, 24.05, 9999.0, 22.77, 9999.0, 22.89, 22.66, 22.39, 22.5, 22.43
2026-09-22, 04:13:38, 22.48, 22.55, 22.95, 22.91, 9999.0, 9999.0, 9999.0, 24.07, 9999.0, 22.77, 9999.0, 22.86, 22.66, 22.39, 22.5, 22.43
2026-09-22, 04:13:42, 22.48, 22.55, 22.93, 22.93, 9999.0, 9999.0, 9999.0, 24.07, 9999.0, 22.77, 9999.0, 22.84, 22.68, 22.39, 22.5, 22.43
2026-09-22, 04:13:46, 22.48, 22.52, 22.93, 22.95, 9999.0, 9999.0, 9999.0, 24.09, 9999.0, 22.75, 9999.0, 22.82, 22.66, 22.39, 22.5, 22.43
2026-09-22, 04:13:50, 22.45, 22.52, 22.93, 22.95, 9999.0, 9999.0, 9999.0, 24.11, 9999.0, 22.73, 9999.0, 22.8, 22.66, 22.39, 22.5, 22.43
2026-09-22, 04:13:54, 22.45, 22.52, 22.95, 22.95, 9999.0, 9999.0, 9999.0, 24.16, 9999.0, 22.7, 9999.0, 22.8, 22.64, 22.41, 22.5, 22.45
2026-09-22, 04:13:58, 22.48, 22.52, 22.93, 22.93, 9999.0, 9999.0, 9999.0, 24.2, 9999.0, 22.66, 9999.0, 22.77, 22.61, 22.41, 22.5, 22.45
2026-09-22, 04:14:02, 22.48, 22.52, 22.91, 22.93, 9999.0, 9999.0, 9999.0, 24.23, 9999.0, 22.59, 9999.0, 22.77, 22.59, 22.43, 22.5, 22.45
2026-09-22, 04:14:06, 22.48, 22.52, 22.89, 22.91, 9999.0, 9999.0, 9999.0, 24.18, 9999.0, 22.52, 9999.0, 22.8, 22.57, 22.43, 22.5, 22.45
2026-09-22, 04:14:10, 22.48, 22.55, 22.89, 22.91, 9999.0, 9999.0, 9999.0, 24.14, 9999.0, 22.48, 9999.0, 22.82, 22.57, 22.43, 22.5, 22.43
2026-09-22, 04:14:14, 22.48, 22.55, 22.91, 22.91, 9999.0, 9999.0, 9999.0, 24.11, 9999.0, 22.43, 9999.0, 22.84, 22.55, 22.43, 22.5, 22.43
2026-09-22, 04:14:18, 22.48, 22.55, 22.91, 22.91, 9999.0, 9999.0, 9999.0, 24.07, 9999.0, 22.41, 9999.0, 22.86, 22.52, 22.45, 22.5, 22.45
2026-09-22, 04:14:22, 22.48, 22.55, 22.91, 22.91, 9999.0, 9999.0, 9999.0, 24.02, 9999.0, 22.41, 9999.0, 22.89, 22.52, 22.45, 22.5, 22.45
2026-09-22, 04:14:26, 22.48, 22.57, 22.93, 22.89, 9999.0, 9999.0, 9999.0, 24.0, 9999.0, 22.41, 9999.0, 22.91, 22.52, 22.43, 22.5, 22.45
2026-09-22, 04:14:30, 22.48, 22.57, 22.93, 22.86, 9999.0, 9999.0, 9999.0, 23.95, 9999.0, 22.41, 9999.0, 22.93, 22.55, 22.45, 22.5, 22.45
2026-09-22, 04:14:34, 22.5, 22.57, 22.93, 22.86, 9999.0, 9999.0, 9999.0, 23.93, 9999.0, 22.41, 9999.0, 22.93, 22.57, 22.45, 22.5, 22.45
2026-09-22, 04:14:38, 22.5, 22.57, 22.93, 22.86, 9999.0, 9999.0, 9999.0, 23.95, 9999.0, 22.41, 9999.0, 22.93, 22.59, 22.45, 22.5, 22.45
2026-09-22, 04:14:42, 22.5, 22.57, 22.95, 22.89, 9999.0, 9999.0, 9999.0, 23.95, 9999.0, 22.41, 9999.0, 22.95, 22.59, 22.43, 22.5, 22.48
2026-09-22, 04:14:46, 22.5, 22.57, 22.95, 22.89, 9999.0, 9999.0, 9999.0, 23.98, 9999.0, 22.43, 9999.0, 22.93, 22.59, 22.43, 22.5, 22.48
2026-09-22, 04:14:50, 22.5, 22.57, 22.98, 22.89, 9999.0, 9999.0, 9999.0, 24.0, 9999.0, 22.45, 9999.0, 22.91, 22.61, 22.43, 22.5, 22.48
2026-09-22, 04:14:54, 22.5, 22.55, 22.98, 22.89, 9999.0, 9999.0, 9999.0, 24.02, 9999.0, 22.48, 9999.0, 22.89, 22.61, 22.43, 22.5, 22.5
2026-09-22, 04:14:58, 22.5, 22.52, 22.98, 22.89, 9999.0, 9999.0, 9999.0, 24.05, 9999.0, 22.5, 9999.0, 22.86, 22.61, 22.43, 22.5, 22.5
2026-09-22, 04:15:02, 22.48, 22.55, 22.98, 22.89, 9999.0, 9999.0, 9999.0, 24.07, 9999.0, 22.48, 9999.0, 22.84, 22.61, 22.43, 22.5, 22.48
2026-09-22, 04:15:06, 22.48, 22.57, 22.98, 22.89, 9999.0, 9999.0, 9999.0, 24.09, 9999.0, 22.45, 9999.0, 22.82, 22.61, 22.43, 22.5, 22.48
2026-09-22, 04:15:10, 22.48, 22.55, 22.98, 22.91, 9999.0, 9999.0, 9999.0, 24.11, 9999.0, 22.43, 9999.0, 22.8, 22.59, 22.43, 22.5, 22.48
2026-09-22, 04:15:14, 22.48, 22.55, 22.98, 22.91, 9999.0, 9999.0, 9999.0, 24.14, 9999.0, 22.41, 9999.0, 22.8, 22.57, 22.41, 22.5, 22.48
2026-09-22, 04:15:18, 22.48, 22.55, 22.98, 22.91, 9999.0, 9999.0, 9999.0, 24.16, 9999.0, 22.39, 9999.0, 22.82, 22.55, 22.41, 22.5, 22.48
2026-09-22, 04:15:22, 22.48, 22.55, 22.95, 22.91, 9999.0, 9999.0, 9999.0, 24.11, 9999.0, 22.36, 9999.0, 22.84, 22.55, 22.41, 22.5, 22.48
2026-09-22, 04:15:26, 22.48, 22.55, 22.95, 22.89, 9999.0, 9999.0, 9999.0, 24.07, 9999.0, 22.34, 9999.0, 22.84, 22.57, 22.43, 22.5, 22.48
2026-09-22, 04:15:30, 22.48, 22.57, 22.98, 22.89, 9999.0, 9999.0, 9999.0, 24.02, 9999.0, 22.32, 9999.0, 22.86, 22.57, 22.43, 22.48, 22.48
2026-09-22, 04:15:35, 22.48, 22.57, 22.98, 22.91, 9999.0, 9999.0, 9999.0, 23.98, 9999.0, 22.3, 9999.0, 22.89, 22.57, 22.45, 22.48, 22.48
2026-09-22, 04:15:39, 22.48, 22.57, 22.95, 22.91, 9999.0, 9999.0, 9999.0, 23.93, 9999.0, 22.27, 9999.0, 22.91, 22.57, 22.45, 22.48, 22.48
2026-09-22, 04:15:43, 22.48, 22.59, 22.95, 22.93, 9999.0, 9999.0, 9999.0, 23.89, 9999.0, 22.25, 9999.0, 22.93, 22.59, 22.45, 22.48, 22.48
2026-09-22, 04:15:47, 22.5, 22.57, 22.95, 22.91, 9999.0, 9999.0, 9999.0, 23.86, 9999.0, 22.27, 9999.0, 22.95, 22.61, 22.45, 22.48, 22.48
2026-09-22, 04:15:51, 22.5, 22.55, 22.95, 22.89, 9999.0, 9999.0, 9999.0, 23.84, 9999.0, 22.3, 9999.0, 22.98, 22.64, 22.43, 22.48, 22.48
2026-09-22, 04:15:55, 22.5, 22.55, 22.95, 22.86, 9999.0, 9999.0, 9999.0, 23.89, 9999.0, 22.32, 9999.0, 23.0, 22.64, 22.45, 22.48, 22.48
2026-09-22, 04:15:59, 22.5, 22.55, 22.95, 22.86, 9999.0, 9999.0, 9999.0, 23.93, 9999.0, 22.32, 9999.0, 23.0, 22.64, 22.48, 22.48, 22.48
2026-09-22, 04:16:03, 22.5, 22.55, 22.95, 22.84, 9999.0, 9999.0, 9999.0, 23.95, 9999.0, 22.32, 9999.0, 22.98, 22.64, 22.45, 22.48, 22.48
2026-09-22, 04:16:07, 22.5, 22.55, 22.95, 22.82, 9999.0, 9999.0, 9999.0, 23.98, 9999.0, 22.32, 9999.0, 22.95, 22.61, 22.43, 22.48, 22.48
2026-09-22, 04:16:11, 22.5, 22.55, 22.93, 22.84, 9999.0, 9999.0, 9999.0, 24.0, 9999.0, 22.32, 9999.0, 22.93, 22.59, 22.43, 22.48, 22.48
2026-09-22, 04:16:15, 22.5, 22.52, 22.93, 22.86, 9999.0, 9999.0, 9999.0, 24.02, 9999.0, 22.32, 9999.0, 22.91, 22.59, 22.43, 22.5, 22.48
2026-09-22, 04:16:19, 22.5, 22.52, 22.93, 22.86, 9999.0, 9999.0, 9999.0, 24.05, 9999.0, 22.32, 9999.0, 22.89, 22.57, 22.43, 22.5, 22.48
2026-09-22, 04:16:23, 22.5, 22.55, 22.95, 22.86, 9999.0, 9999.0, 9999.0, 24.07, 9999.0, 22.3, 9999.0, 22.86, 22.57, 22.43, 22.5, 22.48
2026-09-22, 04:16:27, 22.5, 22.52, 22.93, 22.86, 9999.0, 9999.0, 9999.0, 24.09, 9999.0, 22.3, 9999.0, 22.84, 22.55, 22.41, 22.5, 22.48
2026-09-22, 04:16:31, 22.5, 22.52, 22.93, 22.86, 9999.0, 9999.0, 9999.0, 24.09, 9999.0, 22.27, 9999.0, 22.84, 22.52, 22.41, 22.5, 22.5
2026-09-22, 04:16:35, 22.5, 22.52, 22.91, 22.86, 9999.0, 9999.0, 9999.0, 24.09, 9999.0, 22.23, 9999.0, 22.84, 22.52, 22.43, 22.5, 22.5
2026-09-22, 04:16:39, 22.5, 22.52, 22.91, 22.89, 9999.0, 9999.0, 9999.0, 24.02, 9999.0, 22.18, 9999.0, 22.84, 22.52, 22.41, 22.5, 22.5
2026-09-22, 04:16:43, 22.5, 22.52, 22.89, 22.91, 9999.0, 9999.0, 9999.0, 23.95, 9999.0, 22.16, 9999.0, 22.84, 22.55, 22.41, 22.5, 22.5
2026-09-22, 04:16:47, 22.5, 22.52, 22.86, 22.93, 9999.0, 9999.0, 9999.0, 23.91, 9999.0, 22.14, 9999.0, 22.86, 22.57, 22.43, 22.5, 22.5
2026-09-22, 04:16:51, 22.5, 22.52, 22.89, 22.93, 9999.0, 9999.0, 9999.0, 23.86, 9999.0, 22.14, 9999.0, 22.89, 22.57, 22.45, 22.5, 22.5
2026-09-22, 04:16:55, 22.5, 22.52, 22.89, 22.93, 9999.0, 9999.0, 9999.0, 23.82, 9999.0, 22.14, 9999.0, 22.91, 22.59, 22.45, 22.5, 22.5
2026-09-22, 04:16:59, 22.5, 22.52, 22.86, 22.91, 9999.0, 9999.0, 9999.0, 23.77, 9999.0, 22.14, 9999.0, 22.93, 22.61, 22.45, 22.5, 22.5
2026-09-22, 04:17:03, 22.5, 22.52, 22.86, 22.91, 9999.0, 9999.0, 9999.0, 23.73, 9999.0, 22.14, 9999.0, 22.95, 22.64, 22.43, 22.5, 22.5
2026-09-22, 04:17:07, 22.5, 22.5, 22.84, 22.89, 9999.0, 9999.0, 9999.0, 23.68, 9999.0, 22.16, 9999.0, 22.95, 22.66, 22.43, 22.5, 22.5
2026-09-22, 04:17:11, 22.5, 22.52, 22.84, 22.89, 9999.0, 9999.0, 9999.0, 23.7, 9999.0, 22.16, 9999.0, 22.95, 22.66, 22.45, 22.5, 22.5
2026-09-22, 04:17:15, 22.5, 22.52, 22.84, 22.91, 9999.0, 9999.0, 9999.0, 23.75, 9999.0, 22.16, 9999.0, 22.93, 22.68, 22.45, 22.5, 22.5
2026-09-22, 04:17:19, 22.5, 22.52, 22.84, 22.93, 9999.0, 9999.0, 9999.0, 23.77, 9999.0, 22.18, 9999.0, 22.91, 22.66, 22.45, 22.5, 22.5
2026-09-22, 04:17:23, 22.48, 22.52, 22.84, 22.93, 9999.0, 9999.0, 9999.0, 23.8, 9999.0, 22.2, 9999.0, 22.89, 22.68, 22.45, 22.5, 22.5
2026-09-22, 04:17:27, 22.48, 22.52, 22.86, 22.93, 9999.0, 9999.0, 9999.0, 23.82, 9999.0, 22.23, 9999.0, 22.86, 22.68, 22.45, 22.5, 22.5
2026-09-22, 04:17:31, 22.48, 22.52, 22.86, 22.91, 9999.0, 9999.0, 9999.0, 23.84, 9999.0, 22.25, 9999.0, 22.84, 22.66, 22.45, 22.5, 22.5
2026-09-22, 04:17:35, 22.48, 22.52, 22.84, 22.91, 9999.0, 9999.0, 9999.0, 23.84, 9999.0, 22.25, 9999.0, 22.82, 22.68, 22.45, 22.5, 22.5
2026-09-22, 04:17:39, 22.48, 22.55, 22.86, 22.91, 9999.0, 9999.0, 9999.0, 23.86, 9999.0, 22.23, 9999.0, 22.8, 22.66, 22.45, 22.5, 22.5
2026-09-22, 04:17:43, 22.48, 22.55, 22.89, 22.93, 9999.0, 9999.0, 9999.0, 23.91, 9999.0, 22.2, 9999.0, 22.77, 22.64, 22.45, 22.5, 22.5
2026-09-22, 04:17:47, 22.48, 22.55, 22.86, 22.93, 9999.0, 9999.0, 9999.0, 23.93, 9999.0, 22.18, 9999.0, 22.75, 22.61, 22.48, 22.5, 22.5
2026-09-22, 04:17:51, 22.48, 22.55, 22.89, 22.95, 9999.0, 9999.0, 9999.0, 23.95, 9999.0, 22.18, 9999.0, 22.75, 22.59, 22.45, 22.5, 22.5
2026-09-22, 04:17:55, 22.48, 22.52, 22.91, 22.95, 9999.0, 9999.0, 9999.0, 23.91, 9999.0, 22.16, 9999.0, 22.77, 22.61, 22.45, 22.5, 22.5
2026-09-22, 04:17:59, 22.48, 22.52, 22.91, 22.95, 9999.0, 9999.0, 9999.0, 23.86, 9999.0, 22.16, 9999.0, 22.8, 22.59, 22.45, 22.5, 22.5
2026-09-22, 04:18:03, 22.48, 22.52, 22.91, 22.95, 9999.0, 9999.0, 9999.0, 23.84, 9999.0, 22.16, 9999.0, 22.82, 22.59, 22.45, 22.5, 22.5
2026-09-22, 04:18:07, 22.5, 22.52, 22.91, 22.93, 9999.0, 9999.0, 9999.0, 23.8, 9999.0, 22.16, 9999.0, 22.84, 22.57, 22.45, 22.5, 22.5
2026-09-22, 04:18:11, 22.5, 22.52, 22.91, 22.93, 9999.0, 9999.0, 9999.0, 23.75, 9999.0, 22.16, 9999.0, 22.86, 22.57, 22.43, 22.5, 22.5
2026-09-22, 04:18:15, 22.5, 22.52, 22.91, 22.95, 9999.0, 9999.0, 9999.0, 23.7, 9999.0, 22.16, 9999.0, 22.89, 22.59, 22.43, 22.48, 22.5
2026-09-22, 04:18:19, 22.5, 22.52, 22.91, 22.98, 9999.0, 9999.0, 9999.0, 23.68, 9999.0, 22.18, 9999.0, 22.91, 22.59, 22.41, 22.48, 22.5
2026-09-22, 04:18:23, 22.48, 22.52, 22.91, 22.98, 9999.0, 9999.0, 9999.0, 23.66, 9999.0, 22.2, 9999.0, 22.93, 22.61, 22.41, 22.48, 22.5
2026-09-22, 04:18:27, 22.48, 22.52, 22.91, 22.98, 9999.0, 9999.0, 9999.0, 23.68, 9999.0, 22.23, 9999.0, 22.93, 22.64, 22.41, 22.48, 22.5
2026-09-22, 04:18:31, 22.48, 22.52, 22.93, 22.98, 9999.0, 9999.0, 9999.0, 23.73, 9999.0, 22.25, 9999.0, 22.93, 22.66, 22.41, 22.48, 22.5
2026-09-22, 04:18:35, 22.48, 22.52, 22.93, 22.98, 9999.0, 9999.0, 9999.0, 23.77, 9999.0, 22.25, 9999.0, 22.93, 22.68, 22.43, 22.48, 22.5
2026-09-22, 04:18:39, 22.48, 22.52, 22.91, 22.98, 9999.0, 9999.0, 9999.0, 23.8, 9999.0, 22.27, 9999.0, 22.91, 22.68, 22.43, 22.48, 22.5
2026-09-22, 04:18:43, 22.48, 22.52, 22.91, 22.98, 9999.0, 9999.0, 9999.0, 23.82, 9999.0, 22.27, 9999.0, 22.89, 22.7, 22.43, 22.45, 22.5
2026-09-22, 04:18:47, 22.48, 22.52, 22.91, 22.98, 9999.0, 9999.0, 9999.0, 23.82, 9999.0, 22.27, 9999.0, 22.86, 22.7, 22.43, 22.45, 22.5
2026-09-22, 04:18:51, 22.48, 22.52, 22.91, 23.0, 9999.0, 9999.0, 9999.0, 23.84, 9999.0, 22.25, 9999.0, 22.84, 22.7, 22.45, 22.45, 22.5
2026-09-22, 04:18:55, 22.48, 22.52, 22.91, 23.0, 9999.0, 9999.0, 9999.0, 23.86, 9999.0, 22.25, 9999.0, 22.82, 22.68, 22.48, 22.45, 22.5
2026-09-22, 04:18:59, 22.48, 22.55, 22.93, 23.0, 9999.0, 9999.0, 9999.0, 23.89, 9999.0, 22.25, 9999.0, 22.8, 22.66, 22.48, 22.48, 22.5
2026-09-22, 04:19:03, 22.48, 22.55, 22.95, 22.98, 9999.0, 9999.0, 9999.0, 23.91, 9999.0, 22.23, 9999.0, 22.8, 22.66, 22.5, 22.48, 22.5
2026-09-22, 04:19:07, 22.5, 22.52, 22.95, 22.98, 9999.0, 9999.0, 9999.0, 23.93, 9999.0, 22.2, 9999.0, 22.8, 22.64, 22.5, 22.48, 22.5
2026-09-22, 04:19:11, 22.5, 22.52, 22.95, 22.98, 9999.0, 9999.0, 9999.0, 23.89, 9999.0, 22.18, 9999.0, 22.82, 22.64, 22.5, 22.48, 22.5
2026-09-22, 04:19:15, 22.5, 22.52, 22.95, 22.98, 9999.0, 9999.0, 9999.0, 23.84, 9999.0, 22.18, 9999.0, 22.84, 22.61, 22.48, 22.48, 22.5
2026-09-22, 04:19:19, 22.5, 22.52, 22.95, 22.98, 9999.0, 9999.0, 9999.0, 23.8, 9999.0, 22.16, 9999.0, 22.86, 22.59, 22.48, 22.48, 22.5
2026-09-22, 04:19:23, 22.5, 22.52, 22.98, 22.98, 9999.0, 9999.0, 9999.0, 23.75, 9999.0, 22.16, 9999.0, 22.86, 22.57, 22.48, 22.48, 22.5
2026-09-22, 04:19:27, 22.5, 22.52, 22.98, 22.95, 9999.0, 9999.0, 9999.0, 23.7, 9999.0, 22.16, 9999.0, 22.89, 22.57, 22.48, 22.5, 22.5
2026-09-22, 04:19:32, 22.5, 22.52, 23.0, 22.93, 9999.0, 9999.0, 9999.0, 23.68, 9999.0, 22.16, 9999.0, 22.91, 22.59, 22.45, 22.5, 22.5
2026-09-22, 04:19:36, 22.5, 22.52, 23.0, 22.93, 9999.0, 9999.0, 9999.0, 23.66, 9999.0, 22.2, 9999.0, 22.93, 22.61, 22.45, 22.5, 22.5
2026-09-22, 04:19:40, 22.5, 22.52, 23.0, 22.93, 9999.0, 9999.0, 9999.0, 23.66, 9999.0, 22.2, 9999.0, 22.95, 22.64, 22.45, 22.5, 22.5
2026-09-22, 04:19:44, 22.5, 22.5, 23.0, 22.93, 9999.0, 9999.0, 9999.0, 23.73, 9999.0, 22.23, 9999.0, 22.98, 22.66, 22.45, 22.5, 22.5
2026-09-22, 04:19:48, 22.5, 22.5, 23.0, 22.95, 9999.0, 9999.0, 9999.0, 23.77, 9999.0, 22.23, 9999.0, 22.95, 22.66, 22.45, 22.5, 22.5
2026-09-22, 04:19:52, 22.5, 22.5, 23.0, 22.93, 9999.0, 9999.0, 9999.0, 23.82, 9999.0, 22.25, 9999.0, 22.95, 22.66, 22.43, 22.5, 22.5
2026-09-22, 04:19:56, 22.5, 22.5, 23.0, 22.91, 9999.0, 9999.0, 9999.0, 23.86, 9999.0, 22.27, 9999.0, 22.93, 22.66, 22.43, 22.5, 22.5
2026-09-22, 04:20:00, 22.5, 22.5, 23.0, 22.91, 9999.0, 9999.0, 9999.0, 23.89, 9999.0, 22.27, 9999.0, 22.91, 22.68, 22.45, 22.5, 22.5
2026-09-22, 04:20:04, 22.5, 22.52, 23.0, 22.91, 9999.0, 9999.0, 9999.0, 23.91, 9999.0, 22.27, 9999.0, 22.89, 22.7, 22.45, 22.5, 22.5
2026-09-22, 04:20:08, 22.5, 22.52, 22.98, 22.91, 9999.0, 9999.0, 9999.0, 23.93, 9999.0, 22.27, 9999.0, 22.89, 22.7, 22.45, 22.5, 22.5
2026-09-22, 04:20:12, 22.5, 22.52, 22.98, 22.91, 9999.0, 9999.0, 9999.0, 23.95, 9999.0, 22.27, 9999.0, 22.86, 22.68, 22.45, 22.5, 22.5
2026-09-22, 04:20:16, 22.5, 22.52, 22.98, 22.93, 9999.0, 9999.0, 9999.0, 24.0, 9999.0, 22.27, 9999.0, 22.84, 22.66, 22.48, 22.5, 22.5
2026-09-22, 04:20:20, 22.5, 22.52, 22.95, 22.91, 9999.0, 9999.0, 9999.0, 24.05, 9999.0, 22.23, 9999.0, 22.84, 22.64, 22.48, 22.5, 22.5
2026-09-22, 04:20:24, 22.5, 22.52, 22.95, 22.89, 9999.0, 9999.0, 9999.0, 24.07, 9999.0, 22.23, 9999.0, 22.84, 22.64, 22.48, 22.5, 22.5
2026-09-22, 04:20:28, 22.5, 22.52, 22.93, 22.89, 9999.0, 9999.0, 9999.0, 24.0, 9999.0, 22.2, 9999.0, 22.82, 22.61, 22.48, 22.5, 22.5
2026-09-22, 04:20:32, 22.5, 22.52, 22.91, 22.89, 9999.0, 9999.0, 9999.0, 23.95, 9999.0, 22.2, 9999.0, 22.84, 22.61, 22.48, 22.5, 22.5
2026-09-22, 04:20:36, 22.5, 22.55, 22.89, 22.91, 9999.0, 9999.0, 9999.0, 23.91, 9999.0, 22.2, 9999.0, 22.84, 22.64, 22.48, 22.5, 22.5
2026-09-22, 04:20:40, 22.5, 22.57, 22.89, 22.91, 9999.0, 9999.0, 9999.0, 23.86, 9999.0, 22.2, 9999.0, 22.86, 22.64, 22.48, 22.5, 22.5
2026-09-22, 04:20:44, 22.5, 22.57, 22.86, 22.91, 9999.0, 9999.0, 9999.0, 23.84, 9999.0, 22.2, 9999.0, 22.89, 22.64, 22.48, 22.5, 22.5
2026-09-22, 04:20:48, 22.5, 22.55, 22.84, 22.91, 9999.0, 9999.0, 9999.0, 23.8, 9999.0, 22.25, 9999.0, 22.91, 22.64, 22.48, 22.5, 22.5
2026-09-22, 04:20:52, 22.5, 22.55, 22.86, 22.89, 9999.0, 9999.0, 9999.0, 23.77, 9999.0, 22.27, 9999.0, 22.93, 22.66, 22.48, 22.5, 22.5
2026-09-22, 04:20:56, 22.5, 22.57, 22.84, 22.91, 9999.0, 9999.0, 9999.0, 23.75, 9999.0, 22.3, 9999.0, 22.95, 22.68, 22.48, 22.5, 22.5
2026-09-22, 04:21:00, 22.5, 22.57, 22.84, 22.89, 9999.0, 9999.0, 9999.0, 23.77, 9999.0, 22.32, 9999.0, 22.98, 22.7, 22.48, 22.5, 22.5
2026-09-22, 04:21:04, 22.5, 22.57, 22.86, 22.89, 9999.0, 9999.0, 9999.0, 23.8, 9999.0, 22.36, 9999.0, 22.98, 22.73, 22.48, 22.5, 22.5
2026-09-22, 04:21:08, 22.5, 22.57, 22.86, 22.91, 9999.0, 9999.0, 9999.0, 23.82, 9999.0, 22.39, 9999.0, 22.98, 22.73, 22.48, 22.5, 22.5
2026-09-22, 04:21:12, 22.5, 22.57, 22.89, 22.91, 9999.0, 9999.0, 9999.0, 23.86, 9999.0, 22.39, 9999.0, 22.98, 22.75, 22.48, 22.5, 22.5
2026-09-22, 04:21:16, 22.5, 22.57, 22.89, 22.89, 9999.0, 9999.0, 9999.0, 23.91, 9999.0, 22.39, 9999.0, 22.95, 22.73, 22.48, 22.5, 22.5
2026-09-22, 04:21:20, 22.5, 22.55, 22.89, 22.86, 9999.0, 9999.0, 9999.0, 23.93, 9999.0, 22.39, 9999.0, 22.93, 22.73, 22.48, 22.5, 22.5
2026-09-22, 04:21:24, 22.5, 22.52, 22.89, 22.86, 9999.0, 9999.0, 9999.0, 23.95, 9999.0, 22.36, 9999.0, 22.91, 22.7, 22.45, 22.5, 22.5
2026-09-22, 04:21:28, 22.5, 22.55, 22.91, 22.86, 9999.0, 9999.0, 9999.0, 23.98, 9999.0, 22.36, 9999.0, 22.89, 22.68, 22.45, 22.48, 22.5
2026-09-22, 04:21:32, 22.5, 22.55, 22.91, 22.84, 9999.0, 9999.0, 9999.0, 24.02, 9999.0, 22.34, 9999.0, 22.86, 22.66, 22.45, 22.48, 22.5
2026-09-22, 04:21:36, 22.5, 22.55, 22.91, 22.84, 9999.0, 9999.0, 9999.0, 24.07, 9999.0, 22.32, 9999.0, 22.84, 22.64, 22.45, 22.48, 22.5
2026-09-22, 04:21:40, 22.5, 22.52, 22.91, 22.82, 9999.0, 9999.0, 9999.0, 24.11, 9999.0, 22.3, 9999.0, 22.82, 22.61, 22.45, 22.48, 22.5
2026-09-22, 04:21:44, 22.5, 22.52, 22.89, 22.82, 9999.0, 9999.0, 9999.0, 24.07, 9999.0, 22.27, 9999.0, 22.82, 22.61, 22.45, 22.48, 22.5
2026-09-22, 04:21:48, 22.5, 22.52, 22.89, 22.82, 9999.0, 9999.0, 9999.0, 24.02, 9999.0, 22.25, 9999.0, 22.82, 22.61, 22.45, 22.48, 22.5
2026-09-22, 04:21:52, 22.5, 22.52, 22.86, 22.82, 9999.0, 9999.0, 9999.0, 23.98, 9999.0, 22.23, 9999.0, 22.82, 22.61, 22.45, 22.48, 22.5
2026-09-22, 04:21:56, 22.5, 22.52, 22.86, 22.82, 9999.0, 9999.0, 9999.0, 23.93, 9999.0, 22.25, 9999.0, 22.84, 22.61, 22.45, 22.48, 22.5
2026-09-22, 04:22:00, 22.5, 22.52, 22.89, 22.84, 9999.0, 9999.0, 9999.0, 23.89, 9999.0, 22.25, 9999.0, 22.86, 22.61, 22.45, 22.48, 22.5
2026-09-22, 04:22:04, 22.5, 22.55, 22.91, 22.86, 9999.0, 9999.0, 9999.0, 23.84, 9999.0, 22.27, 9999.0, 22.89, 22.61, 22.48, 22.48, 22.5
2026-09-22, 04:22:08, 22.5, 22.55, 22.91, 22.86, 9999.0, 9999.0, 9999.0, 23.8, 9999.0, 22.32, 9999.0, 22.91, 22.64, 22.5, 22.48, 22.5
2026-09-22, 04:22:12, 22.5, 22.52, 22.89, 22.86, 9999.0, 9999.0, 9999.0, 23.75, 9999.0, 22.34, 9999.0, 22.93, 22.64, 22.5, 22.5, 22.5
2026-09-22, 04:22:16, 22.5, 22.52, 22.89, 22.86, 9999.0, 9999.0, 9999.0, 23.77, 9999.0, 22.36, 9999.0, 22.93, 22.66, 22.5, 22.5, 22.5
2026-09-22, 04:22:20, 22.5, 22.52, 22.89, 22.86, 9999.0, 9999.0, 9999.0, 23.8, 9999.0, 22.39, 9999.0, 22.95, 22.68, 22.5, 22.5, 22.5
2026-09-22, 04:22:24, 22.5, 22.52, 22.91, 22.86, 9999.0, 9999.0, 9999.0, 23.8, 9999.0, 22.41, 9999.0, 22.95, 22.7, 22.5, 22.5, 22.5
2026-09-22, 04:22:28, 22.5, 22.55, 22.91, 22.89, 9999.0, 9999.0, 9999.0, 23.82, 9999.0, 22.41, 9999.0, 22.93, 22.7, 22.48, 22.5, 22.5
2026-09-22, 04:22:32, 22.5, 22.55, 22.89, 22.89, 9999.0, 9999.0, 9999.0, 23.84, 9999.0, 22.41, 9999.0, 22.91, 22.68, 22.48, 22.5, 22.5
2026-09-22, 04:22:36, 22.5, 22.55, 22.89, 22.89, 9999.0, 9999.0, 9999.0, 23.86, 9999.0, 22.43, 9999.0, 22.89, 22.68, 22.48, 22.5, 22.5
2026-09-22, 04:22:40, 22.5, 22.55, 22.89, 22.89, 9999.0, 9999.0, 9999.0, 23.89, 9999.0, 22.43, 9999.0, 22.86, 22.68, 22.48, 22.5, 22.5
2026-09-22, 04:22:44, 22.48, 22.55, 22.86, 22.89, 9999.0, 9999.0, 9999.0, 23.91, 9999.0, 22.43, 9999.0, 22.84, 22.68, 22.48, 22.5, 22.5
2026-09-22, 04:22:48, 22.48, 22.52, 22.84, 22.89, 9999.0, 9999.0, 9999.0, 23.95, 9999.0, 22.43, 9999.0, 22.82, 22.66, 22.48, 22.5, 22.5
2026-09-22, 04:22:52, 22.48, 22.52, 22.82, 22.91, 9999.0, 9999.0, 9999.0, 24.0, 9999.0, 22.41, 9999.0, 22.8, 22.64, 22.48, 22.5, 22.5
2026-09-22, 04:22:56, 22.48, 22.52, 22.84, 22.91, 9999.0, 9999.0, 9999.0, 24.05, 9999.0, 22.39, 9999.0, 22.77, 22.64, 22.48, 22.5, 22.48
2026-09-22, 04:23:00, 22.48, 22.52, 22.86, 22.91, 9999.0, 9999.0, 9999.0, 24.02, 9999.0, 22.36, 9999.0, 22.77, 22.61, 22.45, 22.5, 22.48
2026-09-22, 04:23:04, 22.48, 22.52, 22.86, 22.93, 9999.0, 9999.0, 9999.0, 23.98, 9999.0, 22.34, 9999.0, 22.77, 22.59, 22.45, 22.5, 22.48
2026-09-22, 04:23:08, 22.48, 22.52, 22.84, 22.93, 9999.0, 9999.0, 9999.0, 23.95, 9999.0, 22.32, 9999.0, 22.8, 22.57, 22.45, 22.5, 22.48
2026-09-22, 04:23:12, 22.48, 22.5, 22.84, 22.91, 9999.0, 9999.0, 9999.0, 23.93, 9999.0, 22.34, 9999.0, 22.82, 22.55, 22.45, 22.5, 22.48
2026-09-22, 04:23:16, 22.48, 22.5, 22.86, 22.93, 9999.0, 9999.0, 9999.0, 23.91, 9999.0, 22.36, 9999.0, 22.84, 22.55, 22.45, 22.5, 22.48
2026-09-22, 04:23:20, 22.48, 22.5, 22.89, 22.91, 9999.0, 9999.0, 9999.0, 23.89, 9999.0, 22.36, 9999.0, 22.86, 22.55, 22.43, 22.5, 22.48
2026-09-22, 04:23:25, 22.48, 22.5, 22.89, 22.91, 9999.0, 9999.0, 9999.0, 23.86, 9999.0, 22.39, 9999.0, 22.89, 22.55, 22.43, 22.5, 22.48
2026-09-22, 04:23:29, 22.5, 22.5, 22.89, 22.89, 9999.0, 9999.0, 9999.0, 23.82, 9999.0, 22.41, 9999.0, 22.91, 22.57, 22.41, 22.5, 22.48
2026-09-22, 04:23:33, 22.5, 22.5, 22.89, 22.89, 9999.0, 9999.0, 9999.0, 23.86, 9999.0, 22.41, 9999.0, 22.93, 22.59, 22.39, 22.5, 22.48
2026-09-22, 04:23:37, 22.5, 22.5, 22.89, 22.86, 9999.0, 9999.0, 9999.0, 23.91, 9999.0, 22.43, 9999.0, 22.93, 22.61, 22.36, 22.5, 22.48
2026-09-22, 04:23:41, 22.5, 22.52, 22.86, 22.86, 9999.0, 9999.0, 9999.0, 23.93, 9999.0, 22.45, 9999.0, 22.93, 22.64, 22.36, 22.5, 22.5
2026-09-22, 04:23:45, 22.5, 22.55, 22.86, 22.86, 9999.0, 9999.0, 9999.0, 23.95, 9999.0, 22.48, 9999.0, 22.93, 22.64, 22.39, 22.5, 22.5
2026-09-22, 04:23:49, 22.5, 22.55, 22.84, 22.84, 9999.0, 9999.0, 9999.0, 24.0, 9999.0, 22.5, 9999.0, 22.91, 22.66, 22.36, 22.5, 22.5
2026-09-22, 04:23:53, 22.5, 22.55, 22.86, 22.86, 9999.0, 9999.0, 9999.0, 24.02, 9999.0, 22.52, 9999.0, 22.89, 22.66, 22.36, 22.5, 22.5
2026-09-22, 04:23:57, 22.5, 22.55, 22.86, 22.89, 9999.0, 9999.0, 9999.0, 24.05, 9999.0, 22.52, 9999.0, 22.86, 22.68, 22.36, 22.5, 22.5
2026-09-22, 04:24:01, 22.5, 22.55, 22.86, 22.89, 9999.0, 9999.0, 9999.0, 24.07, 9999.0, 22.52, 9999.0, 22.84, 22.68, 22.34, 22.5, 22.5
2026-09-22, 04:24:05, 22.5, 22.55, 22.84, 22.89, 9999.0, 9999.0, 9999.0, 24.09, 9999.0, 22.5, 9999.0, 22.82, 22.66, 22.36, 22.5, 22.5
2026-09-22, 04:24:09, 22.5, 22.55, 22.82, 22.86, 9999.0, 9999.0, 9999.0, 24.11, 9999.0, 22.48, 9999.0, 22.82, 22.64, 22.36, 22.5, 22.5
2026-09-22, 04:24:13, 22.5, 22.55, 22.84, 22.89, 9999.0, 9999.0, 9999.0, 24.16, 9999.0, 22.48, 9999.0, 22.82, 22.61, 22.39, 22.5, 22.5
2026-09-22, 04:24:17, 22.5, 22.55, 22.86, 22.89, 9999.0, 9999.0, 9999.0, 24.11, 9999.0, 22.48, 9999.0, 22.82, 22.59, 22.39, 22.5, 22.5
2026-09-22, 04:24:21, 22.5, 22.55, 22.89, 22.91, 9999.0, 9999.0, 9999.0, 24.05, 9999.0, 22.45, 9999.0, 22.84, 22.57, 22.39, 22.5, 22.5
2026-09-22, 04:24:25, 22.5, 22.52, 22.91, 22.89, 9999.0, 9999.0, 9999.0, 24.0, 9999.0, 22.45, 9999.0, 22.86, 22.57, 22.39, 22.5, 22.5
2026-09-22, 04:24:29, 22.5, 22.5, 22.89, 22.91, 9999.0, 9999.0, 9999.0, 23.95, 9999.0, 22.45, 9999.0, 22.89, 22.59, 22.39, 22.5, 22.5
2026-09-22, 04:24:33, 22.5, 22.52, 22.89, 22.91, 9999.0, 9999.0, 9999.0, 23.91, 9999.0, 22.45, 9999.0, 22.91, 22.57, 22.41, 22.5, 22.5
2026-09-22, 04:24:37, 22.5, 22.52, 22.86, 22.89, 9999.0, 9999.0, 9999.0, 23.89, 9999.0, 22.45, 9999.0, 22.93, 22.57, 22.41, 22.5, 22.5
2026-09-22, 04:24:41, 22.5, 22.52, 22.89, 22.86, 9999.0, 9999.0, 9999.0, 23.86, 9999.0, 22.48, 9999.0, 22.95, 22.57, 22.43, 22.5, 22.5
2026-09-22, 04:24:45, 22.5, 22.52, 22.86, 22.84, 9999.0, 9999.0, 9999.0, 23.82, 9999.0, 22.5, 9999.0, 22.98, 22.59, 22.45, 22.5, 22.5
2026-09-22, 04:24:49, 22.5, 22.52, 22.89, 22.86, 9999.0, 9999.0, 9999.0, 23.8, 9999.0, 22.55, 9999.0, 22.98, 22.59, 22.45, 22.5, 22.5
2026-09-22, 04:24:53, 22.5, 22.55, 22.89, 22.89, 9999.0, 9999.0, 9999.0, 23.82, 9999.0, 22.57, 9999.0, 22.95, 22.61, 22.45, 22.5, 22.5
2026-09-22, 04:24:57, 22.5, 22.55, 22.89, 22.89, 9999.0, 9999.0, 9999.0, 23.84, 9999.0, 22.57, 9999.0, 22.93, 22.64, 22.45, 22.5, 22.5
2026-09-22, 04:25:01, 22.5, 22.55, 22.89, 22.89, 9999.0, 9999.0, 9999.0, 23.86, 9999.0, 22.57, 9999.0, 22.91, 22.66, 22.45, 22.5, 22.5
2026-09-22, 04:25:05, 22.5, 22.55, 22.89, 22.86, 9999.0, 9999.0, 9999.0, 23.91, 9999.0, 22.59, 9999.0, 22.89, 22.68, 22.48, 22.5, 22.5
2026-09-22, 04:25:09, 22.5, 22.55, 22.89, 22.86, 9999.0, 9999.0, 9999.0, 23.95, 9999.0, 22.59, 9999.0, 22.86, 22.66, 22.48, 22.5, 22.5
2026-09-22, 04:25:13, 22.5, 22.55, 22.91, 22.84, 9999.0, 9999.0, 9999.0, 23.98, 9999.0, 22.59, 9999.0, 22.84, 22.64, 22.45, 22.5, 22.5
2026-09-22, 04:25:17, 22.5, 22.52, 22.93, 22.86, 9999.0, 9999.0, 9999.0, 24.0, 9999.0, 22.59, 9999.0, 22.82, 22.64, 22.45, 22.5, 22.5
2026-09-22, 04:25:21, 22.5, 22.52, 22.93, 22.89, 9999.0, 9999.0, 9999.0, 24.02, 9999.0, 22.59, 9999.0, 22.8, 22.66, 22.45, 22.5, 22.5
2026-09-22, 04:25:25, 22.5, 22.52, 22.93, 22.91, 9999.0, 9999.0, 9999.0, 24.05, 9999.0, 22.57, 9999.0, 22.77, 22.66, 22.45, 22.48, 22.5
2026-09-22, 04:25:29, 22.5, 22.55, 22.93, 22.93, 9999.0, 9999.0, 9999.0, 24.09, 9999.0, 22.55, 9999.0, 22.77, 22.64, 22.45, 22.48, 22.5
2026-09-22, 04:25:33, 22.5, 22.55, 22.93, 22.91, 9999.0, 9999.0, 9999.0, 24.11, 9999.0, 22.52, 9999.0, 22.8, 22.64, 22.43, 22.48, 22.5
2026-09-22, 04:25:37, 22.5, 22.55, 22.93, 22.91, 9999.0, 9999.0, 9999.0, 24.07, 9999.0, 22.5, 9999.0, 22.82, 22.64, 22.43, 22.48, 22.5
2026-09-22, 04:25:41, 22.5, 22.55, 22.91, 22.91, 9999.0, 9999.0, 9999.0, 24.02, 9999.0, 22.5, 9999.0, 22.84, 22.64, 22.41, 22.48, 22.5
2026-09-22, 04:25:45, 22.5, 22.55, 22.89, 22.91, 9999.0, 9999.0, 9999.0, 23.98, 9999.0, 22.48, 9999.0, 22.86, 22.61, 22.43, 22.48, 22.5
2026-09-22, 04:25:49, 22.5, 22.55, 22.86, 22.91, 9999.0, 9999.0, 9999.0, 23.93, 9999.0, 22.48, 9999.0, 22.89, 22.59, 22.43, 22.48, 22.5
2026-09-22, 04:25:53, 22.5, 22.57, 22.84, 22.91, 9999.0, 9999.0, 9999.0, 23.89, 9999.0, 22.48, 9999.0, 22.89, 22.61, 22.41, 22.48, 22.5
2026-09-22, 04:25:57, 22.5, 22.57, 22.84, 22.91, 9999.0, 9999.0, 9999.0, 23.86, 9999.0, 22.5, 9999.0, 22.89, 22.64, 22.41, 22.48, 22.5
2026-09-22, 04:26:01, 22.5, 22.57, 22.84, 22.91, 9999.0, 9999.0, 9999.0, 23.84, 9999.0, 22.52, 9999.0, 22.91, 22.66, 22.41, 22.48, 22.5
2026-09-22, 04:26:05, 22.5, 22.57, 22.84, 22.89, 9999.0, 9999.0, 9999.0, 23.8, 9999.0, 22.55, 9999.0, 22.91, 22.64, 22.41, 22.48, 22.5
2026-09-22, 04:26:09, 22.5, 22.57, 22.82, 22.86, 9999.0, 9999.0, 9999.0, 23.82, 9999.0, 22.57, 9999.0, 22.91, 22.64, 22.41, 22.5, 22.5
2026-09-22, 04:26:13, 22.5, 22.55, 22.82, 22.84, 9999.0, 9999.0, 9999.0, 23.84, 9999.0, 22.59, 9999.0, 22.91, 22.64, 22.41, 22.5, 22.5
2026-09-22, 04:26:17, 22.5, 22.55, 22.8, 22.86, 9999.0, 9999.0, 9999.0, 23.86, 9999.0, 22.61, 9999.0, 22.89, 22.64, 22.41, 22.5, 22.5
2026-09-22, 04:26:21, 22.5, 22.52, 22.82, 22.84, 9999.0, 9999.0, 9999.0, 23.91, 9999.0, 22.64, 9999.0, 22.86, 22.64, 22.41, 22.5, 22.5
2026-09-22, 04:26:25, 22.5, 22.52, 22.82, 22.84, 9999.0, 9999.0, 9999.0, 23.95, 9999.0, 22.66, 9999.0, 22.84, 22.64, 22.41, 22.5, 22.5
2026-09-22, 04:26:29, 22.5, 22.52, 22.82, 22.84, 9999.0, 9999.0, 9999.0, 23.98, 9999.0, 22.7, 9999.0, 22.82, 22.64, 22.39, 22.5, 22.5
2026-09-22, 04:26:33, 22.5, 22.52, 22.84, 22.84, 9999.0, 9999.0, 9999.0, 24.0, 9999.0, 22.7, 9999.0, 22.8, 22.66, 22.39, 22.5, 22.5
2026-09-22, 04:26:37, 22.5, 22.5, 22.86, 22.84, 9999.0, 9999.0, 9999.0, 24.02, 9999.0, 22.73, 9999.0, 22.8, 22.66, 22.39, 22.5, 22.5
2026-09-22, 04:26:41, 22.5, 22.52, 22.86, 22.86, 9999.0, 9999.0, 9999.0, 24.07, 9999.0, 22.7, 9999.0, 22.8, 22.66, 22.39, 22.5, 22.5
2026-09-22, 04:26:45, 22.5, 22.55, 22.86, 22.86, 9999.0, 9999.0, 9999.0, 24.09, 9999.0, 22.68, 9999.0, 22.8, 22.64, 22.36, 22.5, 22.5
2026-09-22, 04:26:49, 22.5, 22.55, 22.86, 22.89, 9999.0, 9999.0, 9999.0, 24.14, 9999.0, 22.66, 9999.0, 22.82, 22.64, 22.34, 22.5, 22.5
2026-09-22, 04:26:53, 22.5, 22.55, 22.89, 22.91, 9999.0, 9999.0, 9999.0, 24.11, 9999.0, 22.64, 9999.0, 22.84, 22.61, 22.34, 22.5, 22.5
2026-09-22, 04:26:57, 22.5, 22.55, 22.91, 22.91, 9999.0, 9999.0, 9999.0, 24.09, 9999.0, 22.61, 9999.0, 22.84, 22.64, 22.32, 22.5, 22.5
2026-09-22, 04:27:01, 22.5, 22.57, 22.93, 22.91, 9999.0, 9999.0, 9999.0, 24.05, 9999.0, 22.59, 9999.0, 22.86, 22.64, 22.34, 22.5, 22.5
2026-09-22, 04:27:06, 22.5, 22.57, 22.93, 22.93, 9999.0, 9999.0, 9999.0, 24.0, 9999.0, 22.59, 9999.0, 22.89, 22.61, 22.34, 22.5, 22.5
2026-09-22, 04:27:10, 22.5, 22.59, 22.93, 22.93, 9999.0, 9999.0, 9999.0, 23.95, 9999.0, 22.59, 9999.0, 22.91, 22.59, 22.34, 22.5, 22.5
2026-09-22, 04:27:14, 22.5, 22.59, 22.95, 22.93, 9999.0, 9999.0, 9999.0, 23.93, 9999.0, 22.59, 9999.0, 22.93, 22.61, 22.36, 22.5, 22.5
2026-09-22, 04:27:18, 22.5, 22.59, 22.95, 22.95, 9999.0, 9999.0, 9999.0, 23.91, 9999.0, 22.64, 9999.0, 22.95, 22.61, 22.36, 22.5, 22.5
2026-09-22, 04:27:22, 22.5, 22.59, 22.93, 22.98, 9999.0, 9999.0, 9999.0, 23.89, 9999.0, 22.66, 9999.0, 22.98, 22.61, 22.39, 22.5, 22.5
2026-09-22, 04:27:26, 22.5, 22.57, 22.91, 22.98, 9999.0, 9999.0, 9999.0, 23.91, 9999.0, 22.68, 9999.0, 22.98, 22.61, 22.39, 22.5, 22.5
2026-09-22, 04:27:30, 22.5, 22.55, 22.91, 22.98, 9999.0, 9999.0, 9999.0, 23.95, 9999.0, 22.7, 9999.0, 22.95, 22.64, 22.41, 22.5, 22.5
2026-09-22, 04:27:34, 22.5, 22.55, 22.93, 22.95, 9999.0, 9999.0, 9999.0, 23.98, 9999.0, 22.73, 9999.0, 22.93, 22.64, 22.41, 22.5, 22.5
2026-09-22, 04:27:38, 22.5, 22.55, 22.93, 22.95, 9999.0, 9999.0, 9999.0, 24.0, 9999.0, 22.75, 9999.0, 22.91, 22.66, 22.41, 22.5, 22.5
2026-09-22, 04:27:42, 22.5, 22.55, 22.91, 22.98, 9999.0, 9999.0, 9999.0, 24.02, 9999.0, 22.77, 9999.0, 22.89, 22.66, 22.43, 22.5, 22.5
2026-09-22, 04:27:46, 22.5, 22.52, 22.89, 22.98, 9999.0, 9999.0, 9999.0, 24.07, 9999.0, 22.8, 9999.0, 22.86, 22.68, 22.43, 22.5, 22.5
2026-09-22, 04:27:50, 22.5, 22.55, 22.86, 22.98, 9999.0, 9999.0, 9999.0, 24.09, 9999.0, 22.77, 9999.0, 22.84, 22.68, 22.43, 22.5, 22.5
2026-09-22, 04:27:54, 22.5, 22.52, 22.86, 22.95, 9999.0, 9999.0, 9999.0, 24.11, 9999.0, 22.75, 9999.0, 22.82, 22.7, 22.45, 22.5, 22.5
2026-09-22, 04:27:58, 22.5, 22.52, 22.84, 22.93, 9999.0, 9999.0, 9999.0, 24.14, 9999.0, 22.73, 9999.0, 22.8, 22.68, 22.45, 22.5, 22.5
2026-09-22, 04:28:02, 22.5, 22.55, 22.84, 22.91, 9999.0, 9999.0, 9999.0, 24.16, 9999.0, 22.68, 9999.0, 22.8, 22.66, 22.45, 22.5, 22.5
2026-09-22, 04:28:06, 22.5, 22.57, 22.84, 22.89, 9999.0, 9999.0, 9999.0, 24.18, 9999.0, 22.64, 9999.0, 22.77, 22.64, 22.45, 22.5, 22.5
2026-09-22, 04:28:10, 22.5, 22.57, 22.86, 22.86, 9999.0, 9999.0, 9999.0, 24.14, 9999.0, 22.61, 9999.0, 22.8, 22.64, 22.48, 22.5, 22.5
2026-09-22, 04:28:14, 22.5, 22.57, 22.84, 22.86, 9999.0, 9999.0, 9999.0, 24.09, 9999.0, 22.59, 9999.0, 22.82, 22.64, 22.48, 22.5, 22.5
2026-09-22, 04:28:18, 22.5, 22.59, 22.84, 22.86, 9999.0, 9999.0, 9999.0, 24.05, 9999.0, 22.57, 9999.0, 22.84, 22.64, 22.5, 22.5, 22.5
2026-09-22, 04:28:22, 22.5, 22.59, 22.82, 22.84, 9999.0, 9999.0, 9999.0, 24.0, 9999.0, 22.57, 9999.0, 22.86, 22.61, 22.5, 22.5, 22.5
2026-09-22, 04:28:26, 22.5, 22.59, 22.82, 22.82, 9999.0, 9999.0, 9999.0, 23.95, 9999.0, 22.57, 9999.0, 22.89, 22.59, 22.5, 22.5, 22.5
2026-09-22, 04:28:30, 22.5, 22.59, 22.82, 22.82, 9999.0, 9999.0, 9999.0, 23.91, 9999.0, 22.59, 9999.0, 22.89, 22.59, 22.5, 22.5, 22.5
2026-09-22, 04:28:34, 22.5, 22.57, 22.82, 22.82, 9999.0, 9999.0, 9999.0, 23.89, 9999.0, 22.64, 9999.0, 22.91, 22.59, 22.48, 22.5, 22.5
2026-09-22, 04:28:38, 22.5, 22.57, 22.84, 22.84, 9999.0, 9999.0, 9999.0, 23.84, 9999.0, 22.68, 9999.0, 22.91, 22.59, 22.48, 22.5, 22.5
2026-09-22, 04:28:42, 22.5, 22.57, 22.84, 22.86, 9999.0, 9999.0, 9999.0, 23.89, 9999.0, 22.7, 9999.0, 22.91, 22.61, 22.48, 22.5, 22.5
2026-09-22, 04:28:46, 22.5, 22.57, 22.82, 22.89, 9999.0, 9999.0, 9999.0, 23.93, 9999.0, 22.73, 9999.0, 22.89, 22.64, 22.45, 22.5, 22.5
2026-09-22, 04:28:50, 22.5, 22.55, 22.82, 22.89, 9999.0, 9999.0, 9999.0, 23.95, 9999.0, 22.75, 9999.0, 22.89, 22.66, 22.45, 22.5, 22.5
2026-09-22, 04:28:54, 22.5, 22.55, 22.82, 22.89, 9999.0, 9999.0, 9999.0, 23.98, 9999.0, 22.77, 9999.0, 22.86, 22.64, 22.43, 22.5, 22.5
2026-09-22, 04:28:58, 22.5, 22.55, 22.84, 22.86, 9999.0, 9999.0, 9999.0, 24.0, 9999.0, 22.8, 9999.0, 22.84, 22.64, 22.41, 22.5, 22.5
2026-09-22, 04:29:02, 22.5, 22.55, 22.82, 22.86, 9999.0, 9999.0, 9999.0, 24.02, 9999.0, 22.82, 9999.0, 22.82, 22.64, 22.41, 22.5, 22.48
2026-09-22, 04:29:06, 22.5, 22.55, 22.84, 22.86, 9999.0, 9999.0, 9999.0, 24.05, 9999.0, 22.82, 9999.0, 22.8, 22.64, 22.41, 22.5, 22.45
2026-09-22, 04:29:10, 22.5, 22.57, 22.86, 22.89, 9999.0, 9999.0, 9999.0, 24.09, 9999.0, 22.82, 9999.0, 22.77, 22.64, 22.41, 22.5, 22.45
2026-09-22, 04:29:14, 22.5, 22.57, 22.86, 22.89, 9999.0, 9999.0, 9999.0, 24.14, 9999.0, 22.8, 9999.0, 22.77, 22.64, 22.39, 22.5, 22.45
2026-09-22, 04:29:18, 22.5, 22.59, 22.86, 22.89, 9999.0, 9999.0, 9999.0, 24.16, 9999.0, 22.75, 9999.0, 22.77, 22.64, 22.41, 22.5, 22.45
2026-09-22, 04:29:22, 22.5, 22.59, 22.84, 22.86, 9999.0, 9999.0, 9999.0, 24.2, 9999.0, 22.73, 9999.0, 22.8, 22.61, 22.39, 22.5, 22.45
2026-09-22, 04:29:26, 22.5, 22.61, 22.84, 22.86, 9999.0, 9999.0, 9999.0, 24.16, 9999.0, 22.7, 9999.0, 22.82, 22.59, 22.39, 22.5, 22.45
2026-09-22, 04:29:30, 22.5, 22.61, 22.86, 22.86, 9999.0, 9999.0, 9999.0, 24.11, 9999.0, 22.68, 9999.0, 22.84, 22.59, 22.39, 22.5, 22.45
2026-09-22, 04:29:34, 22.5, 22.61, 22.89, 22.89, 9999.0, 9999.0, 9999.0, 24.07, 9999.0, 22.66, 9999.0, 22.86, 22.59, 22.39, 22.5, 22.45
2026-09-22, 04:29:38, 22.5, 22.64, 22.89, 22.91, 9999.0, 9999.0, 9999.0, 24.05, 9999.0, 22.66, 9999.0, 22.89, 22.59, 22.41, 22.5, 22.45
2026-09-22, 04:29:42, 22.5, 22.66, 22.89, 22.93, 9999.0, 9999.0, 9999.0, 24.0, 9999.0, 22.66, 9999.0, 22.91, 22.57, 22.43, 22.5, 22.45
2026-09-22, 04:29:46, 22.5, 22.64, 22.91, 22.93, 9999.0, 9999.0, 9999.0, 23.98, 9999.0, 22.68, 9999.0, 22.93, 22.59, 22.43, 22.5, 22.48
2026-09-22, 04:29:50, 22.5, 22.64, 22.91, 22.95, 9999.0, 9999.0, 9999.0, 23.95, 9999.0, 22.68, 9999.0, 22.95, 22.61, 22.43, 22.5, 22.5
2026-09-22, 04:29:54, 22.5, 22.61, 22.91, 22.95, 9999.0, 9999.0, 9999.0, 23.91, 9999.0, 22.7, 9999.0, 22.95, 22.64, 22.43, 22.5, 22.5
2026-09-22, 04:29:58, 22.5, 22.61, 22.93, 22.93, 9999.0, 9999.0, 9999.0, 23.93, 9999.0, 22.7, 9999.0, 22.95, 22.64, 22.45, 22.5, 22.5
2026-09-22, 04:30:02, 22.5, 22.61, 22.93, 22.93, 9999.0, 9999.0, 9999.0, 23.98, 9999.0, 22.73, 9999.0, 22.93, 22.64, 22.45, 22.5, 22.5
2026-09-22, 04:30:06, 22.5, 22.61, 22.95, 22.95, 9999.0, 9999.0, 9999.0, 24.02, 9999.0, 22.73, 9999.0, 22.91, 22.64, 22.48, 22.5, 22.5
2026-09-22, 04:30:10, 22.5, 22.59, 22.98, 22.95, 9999.0, 9999.0, 9999.0, 24.05, 9999.0, 22.75, 9999.0, 22.89, 22.64, 22.45, 22.5, 22.5
2026-09-22, 04:30:14, 22.5, 22.57, 22.98, 22.95, 9999.0, 9999.0, 9999.0, 24.07, 9999.0, 22.77, 9999.0, 22.86, 22.64, 22.48, 22.5, 22.5
2026-09-22, 04:30:18, 22.5, 22.57, 22.98, 22.95, 9999.0, 9999.0, 9999.0, 24.11, 9999.0, 22.8, 9999.0, 22.84, 22.64, 22.48, 22.5, 22.5
2026-09-22, 04:30:22, 22.5, 22.57, 22.95, 22.95, 9999.0, 9999.0, 9999.0, 24.14, 9999.0, 22.8, 9999.0, 22.82, 22.64, 22.48, 22.5, 22.5
2026-09-22, 04:30:26, 22.5, 22.55, 22.95, 22.95, 9999.0, 9999.0, 9999.0, 24.18, 9999.0, 22.8, 9999.0, 22.8, 22.64, 22.48, 22.5, 22.5
2026-09-22, 04:30:30, 22.5, 22.55, 22.95, 22.95, 9999.0, 9999.0, 9999.0, 24.23, 9999.0, 22.77, 9999.0, 22.77, 22.61, 22.48, 22.5, 22.5
2026-09-22, 04:30:35, 22.5, 22.57, 22.95, 22.95, 9999.0, 9999.0, 9999.0, 24.27, 9999.0, 22.75, 9999.0, 22.77, 22.61, 22.48, 22.48, 22.5
2026-09-22, 04:30:39, 22.5, 22.59, 22.93, 22.95, 9999.0, 9999.0, 9999.0, 24.3, 9999.0, 22.73, 9999.0, 22.8, 22.59, 22.48, 22.48, 22.5
2026-09-22, 04:30:43, 22.5, 22.61, 22.93, 22.98, 9999.0, 9999.0, 9999.0, 24.25, 9999.0, 22.7, 9999.0, 22.82, 22.57, 22.48, 22.48, 22.48
2026-09-22, 04:30:47, 22.5, 22.59, 22.95, 22.98, 9999.0, 9999.0, 9999.0, 24.2, 9999.0, 22.68, 9999.0, 22.84, 22.57, 22.48, 22.48, 22.48
2026-09-22, 04:30:51, 22.5, 22.61, 22.95, 22.95, 9999.0, 9999.0, 9999.0, 24.16, 9999.0, 22.66, 9999.0, 22.86, 22.59, 22.45, 22.48, 22.48
2026-09-22, 04:30:55, 22.5, 22.64, 22.95, 22.95, 9999.0, 9999.0, 9999.0, 24.14, 9999.0, 22.66, 9999.0, 22.89, 22.61, 22.45, 22.48, 22.48
2026-09-22, 04:30:59, 22.5, 22.64, 22.95, 22.93, 9999.0, 9999.0, 9999.0, 24.11, 9999.0, 22.66, 9999.0, 22.91, 22.59, 22.45, 22.48, 22.48
2026-09-22, 04:31:03, 22.5, 22.64, 22.93, 22.93, 9999.0, 9999.0, 9999.0, 24.07, 9999.0, 22.68, 9999.0, 22.91, 22.59, 22.45, 22.48, 22.48
2026-09-22, 04:31:07, 22.5, 22.64, 22.95, 22.93, 9999.0, 9999.0, 9999.0, 24.02, 9999.0, 22.7, 9999.0, 22.93, 22.61, 22.45, 22.48, 22.48
2026-09-22, 04:31:11, 22.5, 22.66, 22.95, 22.93, 9999.0, 9999.0, 9999.0, 23.98, 9999.0, 22.7, 9999.0, 22.93, 22.64, 22.45, 22.48, 22.48
2026-09-22, 04:31:15, 22.5, 22.68, 22.95, 22.93, 9999.0, 9999.0, 9999.0, 24.0, 9999.0, 22.7, 9999.0, 22.93, 22.66, 22.45, 22.48, 22.48
2026-09-22, 04:31:19, 22.5, 22.66, 22.93, 22.93, 9999.0, 9999.0, 9999.0, 24.02, 9999.0, 22.73, 9999.0, 22.91, 22.64, 22.45, 22.5, 22.48
2026-09-22, 04:31:23, 22.5, 22.66, 22.95, 22.93, 9999.0, 9999.0, 9999.0, 24.07, 9999.0, 22.73, 9999.0, 22.89, 22.64, 22.43, 22.5, 22.48
2026-09-22, 04:31:27, 22.5, 22.66, 22.95, 22.91, 9999.0, 9999.0, 9999.0, 24.11, 9999.0, 22.75, 9999.0, 22.86, 22.64, 22.41, 22.5, 22.5
2026-09-22, 04:31:31, 22.5, 22.66, 22.93, 22.91, 9999.0, 9999.0, 9999.0, 24.14, 9999.0, 22.77, 9999.0, 22.84, 22.64, 22.41, 22.5, 22.5
2026-09-22, 04:31:35, 22.5, 22.64, 22.93, 22.93, 9999.0, 9999.0, 9999.0, 24.16, 9999.0, 22.8, 9999.0, 22.82, 22.64, 22.43, 22.5, 22.5
2026-09-22, 04:31:39, 22.5, 22.61, 22.91, 22.93, 9999.0, 9999.0, 9999.0, 24.18, 9999.0, 22.8, 9999.0, 22.8, 22.61, 22.43, 22.5, 22.5
2026-09-22, 04:31:43, 22.5, 22.64, 22.89, 22.93, 9999.0, 9999.0, 9999.0, 24.2, 9999.0, 22.8, 9999.0, 22.77, 22.64, 22.41, 22.5, 22.5
2026-09-22, 04:31:47, 22.5, 22.64, 22.91, 22.91, 9999.0, 9999.0, 9999.0, 24.25, 9999.0, 22.75, 9999.0, 22.75, 22.61, 22.39, 22.5, 22.5
2026-09-22, 04:31:51, 22.5, 22.64, 22.91, 22.89, 9999.0, 9999.0, 9999.0, 24.3, 9999.0, 22.7, 9999.0, 22.73, 22.59, 22.36, 22.5, 22.48
2026-09-22, 04:31:55, 22.5, 22.61, 22.91, 22.89, 9999.0, 9999.0, 9999.0, 24.32, 9999.0, 22.68, 9999.0, 22.73, 22.57, 22.34, 22.5, 22.48
2026-09-22, 04:31:59, 22.5, 22.59, 22.89, 22.91, 9999.0, 9999.0, 9999.0, 24.27, 9999.0, 22.66, 9999.0, 22.75, 22.55, 22.34, 22.5, 22.45
2026-09-22, 04:32:03, 22.5, 22.59, 22.89, 22.91, 9999.0, 9999.0, 9999.0, 24.23, 9999.0, 22.64, 9999.0, 22.77, 22.55, 22.34, 22.5, 22.45
2026-09-22, 04:32:07, 22.5, 22.57, 22.89, 22.91, 9999.0, 9999.0, 9999.0, 24.16, 9999.0, 22.61, 9999.0, 22.8, 22.55, 22.36, 22.5, 22.45
2026-09-22, 04:32:11, 22.5, 22.55, 22.89, 22.93, 9999.0, 9999.0, 9999.0, 24.09, 9999.0, 22.61, 9999.0, 22.82, 22.55, 22.39, 22.5, 22.45
2026-09-22, 04:32:15, 22.5, 22.55, 22.91, 22.93, 9999.0, 9999.0, 9999.0, 24.05, 9999.0, 22.61, 9999.0, 22.84, 22.55, 22.39, 22.5, 22.45
2026-09-22, 04:32:19, 22.5, 22.55, 22.91, 22.91, 9999.0, 9999.0, 9999.0, 24.0, 9999.0, 22.61, 9999.0, 22.86, 22.55, 22.39, 22.48, 22.45
2026-09-22, 04:32:23, 22.5, 22.55, 22.91, 22.91, 9999.0, 9999.0, 9999.0, 23.95, 9999.0, 22.61, 9999.0, 22.89, 22.57, 22.41, 22.48, 22.45
2026-09-22, 04:32:27, 22.5, 22.52, 22.93, 22.91, 9999.0, 9999.0, 9999.0, 23.91, 9999.0, 22.61, 9999.0, 22.89, 22.57, 22.43, 22.48, 22.45
2026-09-22, 04:32:31, 22.5, 22.55, 22.93, 22.93, 9999.0, 9999.0, 9999.0, 23.93, 9999.0, 22.64, 9999.0, 22.93, 22.59, 22.43, 22.48, 22.45
2026-09-22, 04:32:35, 22.5, 22.55, 22.93, 22.93, 9999.0, 9999.0, 9999.0, 23.95, 9999.0, 22.66, 9999.0, 22.93, 22.61, 22.45, 22.48, 22.48
2026-09-22, 04:32:39, 22.5, 22.57, 22.93, 22.93, 9999.0, 9999.0, 9999.0, 24.0, 9999.0, 22.68, 9999.0, 22.93, 22.64, 22.48, 22.48, 22.48
2026-09-22, 04:32:43, 22.5, 22.57, 22.95, 22.93, 9999.0, 9999.0, 9999.0, 24.02, 9999.0, 22.7, 9999.0, 22.91, 22.64, 22.45, 22.48, 22.5
2026-09-22, 04:32:47, 22.5, 22.59, 22.95, 22.91, 9999.0, 9999.0, 9999.0, 24.05, 9999.0, 22.7, 9999.0, 22.89, 22.64, 22.45, 22.48, 22.5
2026-09-22, 04:32:51, 22.5, 22.59, 22.95, 22.89, 9999.0, 9999.0, 9999.0, 24.09, 9999.0, 22.7, 9999.0, 22.86, 22.64, 22.45, 22.48, 22.5
2026-09-22, 04:32:55, 22.5, 22.59, 22.95, 22.86, 9999.0, 9999.0, 9999.0, 24.11, 9999.0, 22.68, 9999.0, 22.84, 22.64, 22.45, 22.48, 22.5
2026-09-22, 04:32:59, 22.5, 22.59, 22.95, 22.86, 9999.0, 9999.0, 9999.0, 24.14, 9999.0, 22.66, 9999.0, 22.82, 22.64, 22.45, 22.48, 22.5
2026-09-22, 04:33:03, 22.5, 22.61, 22.93, 22.89, 9999.0, 9999.0, 9999.0, 24.16, 9999.0, 22.64, 9999.0, 22.8, 22.61, 22.45, 22.5, 22.5
2026-09-22, 04:33:07, 22.5, 22.64, 22.95, 22.89, 9999.0, 9999.0, 9999.0, 24.18, 9999.0, 22.61, 9999.0, 22.8, 22.59, 22.45, 22.5, 22.5
2026-09-22, 04:33:11, 22.5, 22.64, 22.95, 22.89, 9999.0, 9999.0, 9999.0, 24.2, 9999.0, 22.59, 9999.0, 22.8, 22.57, 22.43, 22.5, 22.5
2026-09-22, 04:33:15, 22.5, 22.61, 22.95, 22.89, 9999.0, 9999.0, 9999.0, 24.16, 9999.0, 22.57, 9999.0, 22.8, 22.57, 22.45, 22.5, 22.5
2026-09-22, 04:33:19, 22.5, 22.59, 22.95, 22.89, 9999.0, 9999.0, 9999.0, 24.11, 9999.0, 22.55, 9999.0, 22.82, 22.55, 22.45, 22.5, 22.5
2026-09-22, 04:33:23, 22.5, 22.57, 22.95, 22.86, 9999.0, 9999.0, 9999.0, 24.07, 9999.0, 22.5, 9999.0, 22.84, 22.52, 22.45, 22.5, 22.5
2026-09-22, 04:33:27, 22.5, 22.57, 22.93, 22.86, 9999.0, 9999.0, 9999.0, 24.02, 9999.0, 22.5, 9999.0, 22.86, 22.52, 22.48, 22.5, 22.5
2026-09-22, 04:33:31, 22.5, 22.57, 22.95, 22.89, 9999.0, 9999.0, 9999.0, 23.98, 9999.0, 22.52, 9999.0, 22.89, 22.52, 22.45, 22.5, 22.48
2026-09-22, 04:33:35, 22.5, 22.59, 22.95, 22.91, 9999.0, 9999.0, 9999.0, 23.93, 9999.0, 22.55, 9999.0, 22.91, 22.55, 22.45, 22.5, 22.48
2026-09-22, 04:33:39, 22.5, 22.59, 22.95, 22.93, 9999.0, 9999.0, 9999.0, 23.91, 9999.0, 22.57, 9999.0, 22.93, 22.57, 22.45, 22.5, 22.48
2026-09-22, 04:33:43, 22.5, 22.59, 22.93, 22.93, 9999.0, 9999.0, 9999.0, 23.89, 9999.0, 22.59, 9999.0, 22.93, 22.59, 22.45, 22.5, 22.48
2026-09-22, 04:33:47, 22.5, 22.57, 22.95, 22.93, 9999.0, 9999.0, 9999.0, 23.93, 9999.0, 22.61, 9999.0, 22.93, 22.61, 22.43, 22.5, 22.48
2026-09-22, 04:33:52, 22.5, 22.55, 22.95, 22.93, 9999.0, 9999.0, 9999.0, 23.98, 9999.0, 22.61, 9999.0, 22.93, 22.61, 22.41, 22.5, 22.48
2026-09-22, 04:33:56, 22.5, 22.55, 22.95, 22.95, 9999.0, 9999.0, 9999.0, 24.0, 9999.0, 22.61, 9999.0, 22.93, 22.61, 22.43, 22.5, 22.48
2026-09-22, 04:34:00, 22.5, 22.57, 22.95, 22.95, 9999.0, 9999.0, 9999.0, 24.02, 9999.0, 22.61, 9999.0, 22.91, 22.59, 22.43, 22.5, 22.48
2026-09-22, 04:34:04, 22.5, 22.57, 22.93, 22.98, 9999.0, 9999.0, 9999.0, 24.05, 9999.0, 22.61, 9999.0, 22.89, 22.61, 22.43, 22.5, 22.48
2026-09-22, 04:34:08, 22.5, 22.57, 22.91, 23.0, 9999.0, 9999.0, 9999.0, 24.07, 9999.0, 22.61, 9999.0, 22.86, 22.61, 22.43, 22.48, 22.45
2026-09-22, 04:34:12, 22.5, 22.57, 22.93, 23.0, 9999.0, 9999.0, 9999.0, 24.09, 9999.0, 22.57, 9999.0, 22.82, 22.61, 22.41, 22.48, 22.45
2026-09-22, 04:34:16, 22.5, 22.55, 22.93, 22.98, 9999.0, 9999.0, 9999.0, 24.11, 9999.0, 22.52, 9999.0, 22.8, 22.61, 22.43, 22.48, 22.48
2026-09-22, 04:34:20, 22.5, 22.55, 22.91, 22.98, 9999.0, 9999.0, 9999.0, 24.14, 9999.0, 22.48, 9999.0, 22.77, 22.59, 22.41, 22.48, 22.48
2026-09-22, 04:34:24, 22.5, 22.55, 22.89, 22.95, 9999.0, 9999.0, 9999.0, 24.16, 9999.0, 22.43, 9999.0, 22.77, 22.57, 22.41, 22.48, 22.48
2026-09-22, 04:34:28, 22.5, 22.55, 22.89, 22.95, 9999.0, 9999.0, 9999.0, 24.18, 9999.0, 22.39, 9999.0, 22.77, 22.55, 22.41, 22.48, 22.48
2026-09-22, 04:34:32, 22.5, 22.55, 22.86, 22.95, 9999.0, 9999.0, 9999.0, 24.11, 9999.0, 22.34, 9999.0, 22.8, 22.55, 22.41, 22.48, 22.48
2026-09-22, 04:34:36, 22.5, 22.55, 22.86, 22.93, 9999.0, 9999.0, 9999.0, 24.05, 9999.0, 22.32, 9999.0, 22.8, 22.55, 22.43, 22.48, 22.48
2026-09-22, 04:34:40, 22.5, 22.57, 22.84, 22.91, 9999.0, 9999.0, 9999.0, 24.0, 9999.0, 22.3, 9999.0, 22.82, 22.57, 22.43, 22.48, 22.48
2026-09-22, 04:34:44, 22.5, 22.57, 22.84, 22.91, 9999.0, 9999.0, 9999.0, 23.95, 9999.0, 22.3, 9999.0, 22.84, 22.57, 22.41, 22.48, 22.48
2026-09-22, 04:34:48, 22.5, 22.57, 22.84, 22.91, 9999.0, 9999.0, 9999.0, 23.91, 9999.0, 22.27, 9999.0, 22.86, 22.57, 22.39, 22.48, 22.48
2026-09-22, 04:34:52, 22.5, 22.57, 22.86, 22.89, 9999.0, 9999.0, 9999.0, 23.86, 9999.0, 22.3, 9999.0, 22.89, 22.59, 22.39, 22.5, 22.5
2026-09-22, 04:34:56, 22.5, 22.57, 22.84, 22.89, 9999.0, 9999.0, 9999.0, 23.82, 9999.0, 22.32, 9999.0, 22.93, 22.61, 22.41, 22.5, 22.5
2026-09-22, 04:35:00, 22.5, 22.59, 22.84, 22.91, 9999.0, 9999.0, 9999.0, 23.77, 9999.0, 22.34, 9999.0, 22.95, 22.61, 22.41, 22.5, 22.5
2026-09-22, 04:35:04, 22.5, 22.59, 22.86, 22.91, 9999.0, 9999.0, 9999.0, 23.8, 9999.0, 22.36, 9999.0, 22.95, 22.61, 22.43, 22.5, 22.5
2026-09-22, 04:35:08, 22.5, 22.59, 22.86, 22.93, 9999.0, 9999.0, 9999.0, 23.82, 9999.0, 22.39, 9999.0, 22.93, 22.64, 22.43, 22.5, 22.5
2026-09-22, 04:35:12, 22.5, 22.59, 22.89, 22.93, 9999.0, 9999.0, 9999.0, 23.84, 9999.0, 22.39, 9999.0, 22.93, 22.66, 22.43, 22.5, 22.5
2026-09-22, 04:35:16, 22.5, 22.61, 22.91, 22.93, 9999.0, 9999.0, 9999.0, 23.89, 9999.0, 22.39, 9999.0, 22.91, 22.66, 22.43, 22.5, 22.5
2026-09-22, 04:35:20, 22.5, 22.61, 22.91, 22.95, 9999.0, 9999.0, 9999.0, 23.91, 9999.0, 22.39, 9999.0, 22.89, 22.66, 22.43, 22.5, 22.48
2026-09-22, 04:35:24, 22.48, 22.59, 22.93, 22.98, 9999.0, 9999.0, 9999.0, 23.93, 9999.0, 22.39, 9999.0, 22.86, 22.64, 22.41, 22.5, 22.48
2026-09-22, 04:35:28, 22.48, 22.57, 22.93, 22.98, 9999.0, 9999.0, 9999.0, 23.95, 9999.0, 22.36, 9999.0, 22.84, 22.64, 22.43, 22.5, 22.48
2026-09-22, 04:35:32, 22.48, 22.57, 22.95, 22.98, 9999.0, 9999.0, 9999.0, 23.98, 9999.0, 22.36, 9999.0, 22.82, 22.61, 22.45, 22.5, 22.48
2026-09-22, 04:35:36, 22.48, 22.57, 22.95, 22.98, 9999.0, 9999.0, 9999.0, 24.0, 9999.0, 22.34, 9999.0, 22.8, 22.59, 22.45, 22.5, 22.48
2026-09-22, 04:35:40, 22.48, 22.57, 22.98, 22.95, 9999.0, 9999.0, 9999.0, 24.05, 9999.0, 22.3, 9999.0, 22.8, 22.59, 22.45, 22.5, 22.48
2026-09-22, 04:35:44, 22.45, 22.55, 22.98, 22.95, 9999.0, 9999.0, 9999.0, 24.09, 9999.0, 22.27, 9999.0, 22.8, 22.59, 22.45, 22.5, 22.48
2026-09-22, 04:35:48, 22.45, 22.52, 22.98, 22.95, 9999.0, 9999.0, 9999.0, 24.07, 9999.0, 22.23, 9999.0, 22.82, 22.59, 22.45, 22.5, 22.48
2026-09-22, 04:35:52, 22.45, 22.52, 22.98, 22.95, 9999.0, 9999.0, 9999.0, 24.02, 9999.0, 22.18, 9999.0, 22.84, 22.57, 22.45, 22.5, 22.48
2026-09-22, 04:35:56, 22.45, 22.55, 22.95, 22.95, 9999.0, 9999.0, 9999.0, 23.98, 9999.0, 22.16, 9999.0, 22.86, 22.57, 22.45, 22.5, 22.48
2026-09-22, 04:36:00, 22.45, 22.55, 22.93, 22.95, 9999.0, 9999.0, 9999.0, 23.93, 9999.0, 22.16, 9999.0, 22.89, 22.57, 22.45, 22.5, 22.48
2026-09-22, 04:36:04, 22.45, 22.55, 22.91, 22.93, 9999.0, 9999.0, 9999.0, 23.91, 9999.0, 22.16, 9999.0, 22.91, 22.59, 22.45, 22.5, 22.5
2026-09-22, 04:36:08, 22.48, 22.55, 22.91, 22.93, 9999.0, 9999.0, 9999.0, 23.89, 9999.0, 22.16, 9999.0, 22.93, 22.61, 22.45, 22.5, 22.5
2026-09-22, 04:36:12, 22.48, 22.55, 22.89, 22.93, 9999.0, 9999.0, 9999.0, 23.84, 9999.0, 22.18, 9999.0, 22.95, 22.64, 22.45, 22.5, 22.5
2026-09-22, 04:36:16, 22.45, 22.57, 22.89, 22.93, 9999.0, 9999.0, 9999.0, 23.82, 9999.0, 22.2, 9999.0, 22.95, 22.66, 22.43, 22.5, 22.5
2026-09-22, 04:36:20, 22.45, 22.59, 22.86, 22.95, 9999.0, 9999.0, 9999.0, 23.86, 9999.0, 22.2, 9999.0, 22.95, 22.68, 22.41, 22.5, 22.5
2026-09-22, 04:36:24, 22.45, 22.59, 22.86, 22.98, 9999.0, 9999.0, 9999.0, 23.89, 9999.0, 22.23, 9999.0, 22.93, 22.66, 22.41, 22.5, 22.5
2026-09-22, 04:36:28, 22.48, 22.59, 22.86, 22.98, 9999.0, 9999.0, 9999.0, 23.91, 9999.0, 22.23, 9999.0, 22.91, 22.68, 22.41, 22.5, 22.48
2026-09-22, 04:36:32, 22.48, 22.59, 22.84, 22.98, 9999.0, 9999.0, 9999.0, 23.93, 9999.0, 22.25, 9999.0, 22.89, 22.68, 22.41, 22.5, 22.48
2026-09-22, 04:36:36, 22.48, 22.59, 22.84, 22.98, 9999.0, 9999.0, 9999.0, 23.95, 9999.0, 22.27, 9999.0, 22.86, 22.68, 22.41, 22.5, 22.48
2026-09-22, 04:36:40, 22.48, 22.57, 22.84, 22.98, 9999.0, 9999.0, 9999.0, 23.98, 9999.0, 22.3, 9999.0, 22.84, 22.66, 22.41, 22.5, 22.48
2026-09-22, 04:36:44, 22.48, 22.55, 22.86, 22.98, 9999.0, 9999.0, 9999.0, 24.0, 9999.0, 22.3, 9999.0, 22.82, 22.64, 22.43, 22.5, 22.48
2026-09-22, 04:36:48, 22.48, 22.55, 22.89, 22.98, 9999.0, 9999.0, 9999.0, 24.02, 9999.0, 22.3, 9999.0, 22.8, 22.61, 22.41, 22.5, 22.48
2026-09-22, 04:36:52, 22.48, 22.55, 22.89, 22.98, 9999.0, 9999.0, 9999.0, 24.05, 9999.0, 22.3, 9999.0, 22.77, 22.59, 22.41, 22.48, 22.48
2026-09-22, 04:36:56, 22.45, 22.55, 22.91, 22.98, 9999.0, 9999.0, 9999.0, 24.07, 9999.0, 22.25, 9999.0, 22.77, 22.59, 22.39, 22.48, 22.48
2026-09-22, 04:37:00, 22.48, 22.52, 22.91, 22.98, 9999.0, 9999.0, 9999.0, 24.07, 9999.0, 22.2, 9999.0, 22.8, 22.57, 22.39, 22.48, 22.45
2026-09-22, 04:37:04, 22.48, 22.52, 22.93, 22.95, 9999.0, 9999.0, 9999.0, 24.0, 9999.0, 22.18, 9999.0, 22.82, 22.57, 22.39, 22.48, 22.45
2026-09-22, 04:37:08, 22.48, 22.52, 22.93, 22.95, 9999.0, 9999.0, 9999.0, 23.95, 9999.0, 22.16, 9999.0, 22.84, 22.59, 22.39, 22.48, 22.45
2026-09-22, 04:37:12, 22.45, 22.52, 22.93, 22.95, 9999.0, 9999.0, 9999.0, 23.89, 9999.0, 22.14, 9999.0, 22.86, 22.59, 22.39, 22.48, 22.48
2026-09-22, 04:37:16, 22.45, 22.52, 22.95, 22.93, 9999.0, 9999.0, 9999.0, 23.84, 9999.0, 22.14, 9999.0, 22.89, 22.59, 22.39, 22.48, 22.48
2026-09-22, 04:37:20, 22.45, 22.52, 22.98, 22.91, 9999.0, 9999.0, 9999.0, 23.82, 9999.0, 22.14, 9999.0, 22.91, 22.59, 22.39, 22.48, 22.48
2026-09-22, 04:37:24, 22.45, 22.52, 22.98, 22.91, 9999.0, 9999.0, 9999.0, 23.77, 9999.0, 22.14, 9999.0, 22.93, 22.61, 22.39, 22.48, 22.48
2026-09-22, 04:37:28, 22.45, 22.52, 22.98, 22.91, 9999.0, 9999.0, 9999.0, 23.73, 9999.0, 22.16, 9999.0, 22.95, 22.64, 22.39, 22.48, 22.48
2026-09-22, 04:37:32, 22.45, 22.52, 22.98, 22.93, 9999.0, 9999.0, 9999.0, 23.68, 9999.0, 22.18, 9999.0, 22.98, 22.64, 22.41, 22.48, 22.48
2026-09-22, 04:37:36, 22.45, 22.52, 22.98, 22.93, 9999.0, 9999.0, 9999.0, 23.7, 9999.0, 22.2, 9999.0, 22.98, 22.66, 22.43, 22.5, 22.48
2026-09-22, 04:37:40, 22.45, 22.55, 22.95, 22.91, 9999.0, 9999.0, 9999.0, 23.75, 9999.0, 22.23, 9999.0, 22.98, 22.64, 22.45, 22.5, 22.48
2026-09-22, 04:37:45, 22.45, 22.55, 22.93, 22.91, 9999.0, 9999.0, 9999.0, 23.77, 9999.0, 22.25, 9999.0, 22.95, 22.66, 22.48, 22.5, 22.5
2026-09-22, 04:37:49, 22.45, 22.52, 22.91, 22.91, 9999.0, 9999.0, 9999.0, 23.8, 9999.0, 22.27, 9999.0, 22.93, 22.66, 22.5, 22.5, 22.5
2026-09-22, 04:37:53, 22.45, 22.52, 22.91, 22.89, 9999.0, 9999.0, 9999.0, 23.82, 9999.0, 22.3, 9999.0, 22.91, 22.66, 22.5, 22.5, 22.5
2026-09-22, 04:37:57, 22.48, 22.52, 22.89, 22.89, 9999.0, 9999.0, 9999.0, 23.86, 9999.0, 22.3, 9999.0, 22.89, 22.66, 22.5, 22.5, 22.5
2026-09-22, 04:38:01, 22.48, 22.52, 22.89, 22.91, 9999.0, 9999.0, 9999.0, 23.86, 9999.0, 22.27, 9999.0, 22.86, 22.68, 22.5, 22.5, 22.5
2026-09-22, 04:38:05, 22.48, 22.55, 22.89, 22.93, 9999.0, 9999.0, 9999.0, 23.86, 9999.0, 22.27, 9999.0, 22.84, 22.68, 22.5, 22.5, 22.5
2026-09-22, 04:38:09, 22.48, 22.57, 22.91, 22.93, 9999.0, 9999.0, 9999.0, 23.89, 9999.0, 22.27, 9999.0, 22.82, 22.66, 22.5, 22.5, 22.5
2026-09-22, 04:38:13, 22.48, 22.57, 22.89, 22.93, 9999.0, 9999.0, 9999.0, 23.91, 9999.0, 22.23, 9999.0, 22.82, 22.64, 22.5, 22.5, 22.5
2026-09-22, 04:38:17, 22.48, 22.57, 22.89, 22.93, 9999.0, 9999.0, 9999.0, 23.93, 9999.0, 22.18, 9999.0, 22.82, 22.64, 22.5, 22.5, 22.5
2026-09-22, 04:38:21, 22.48, 22.57, 22.89, 22.93, 9999.0, 9999.0, 9999.0, 23.89, 9999.0, 22.14, 9999.0, 22.84, 22.61, 22.5, 22.5, 22.5
2026-09-22, 04:38:25, 22.5, 22.55, 22.91, 22.95, 9999.0, 9999.0, 9999.0, 23.84, 9999.0, 22.11, 9999.0, 22.84, 22.61, 22.5, 22.5, 22.5
2026-09-22, 04:38:29, 22.5, 22.55, 22.93, 22.93, 9999.0, 9999.0, 9999.0, 23.8, 9999.0, 22.09, 9999.0, 22.86, 22.59, 22.5, 22.5, 22.5
2026-09-22, 04:38:33, 22.5, 22.55, 22.95, 22.95, 9999.0, 9999.0, 9999.0, 23.75, 9999.0, 22.09, 9999.0, 22.89, 22.57, 22.5, 22.5, 22.5
2026-09-22, 04:38:37, 22.5, 22.55, 22.93, 22.98, 9999.0, 9999.0, 9999.0, 23.7, 9999.0, 22.09, 9999.0, 22.91, 22.55, 22.5, 22.5, 22.5
2026-09-22, 04:38:41, 22.5, 22.55, 22.95, 22.98, 9999.0, 9999.0, 9999.0, 23.66, 9999.0, 22.11, 9999.0, 22.93, 22.55, 22.5, 22.5, 22.5
2026-09-22, 04:38:45, 22.5, 22.55, 22.95, 22.95, 9999.0, 9999.0, 9999.0, 23.64, 9999.0, 22.16, 9999.0, 22.95, 22.55, 22.5, 22.5, 22.5
2026-09-22, 04:38:49, 22.5, 22.52, 22.95, 22.95, 9999.0, 9999.0, 9999.0, 23.61, 9999.0, 22.18, 9999.0, 22.98, 22.55, 22.48, 22.5, 22.5
2026-09-22, 04:38:53, 22.5, 22.5, 22.93, 22.93, 9999.0, 9999.0, 9999.0, 23.66, 9999.0, 22.2, 9999.0, 23.0, 22.57, 22.48, 22.5, 22.5
2026-09-22, 04:38:57, 22.5, 22.5, 22.95, 22.93, 9999.0, 9999.0, 9999.0, 23.7, 9999.0, 22.23, 9999.0, 22.98, 22.59, 22.45, 22.5, 22.5
2026-09-22, 04:39:01, 22.5, 22.5, 22.95, 22.91, 9999.0, 9999.0, 9999.0, 23.73, 9999.0, 22.25, 9999.0, 22.98, 22.59, 22.43, 22.5, 22.5
2026-09-22, 04:39:05, 22.5, 22.5, 22.95, 22.91, 9999.0, 9999.0, 9999.0, 23.75, 9999.0, 22.27, 9999.0, 22.95, 22.59, 22.43, 22.5, 22.5
2026-09-22, 04:39:09, 22.5, 22.5, 22.95, 22.91, 9999.0, 9999.0, 9999.0, 23.77, 9999.0, 22.3, 9999.0, 22.93, 22.61, 22.43, 22.5, 22.5
2026-09-22, 04:39:13, 22.5, 22.52, 22.95, 22.93, 9999.0, 9999.0, 9999.0, 23.82, 9999.0, 22.32, 9999.0, 22.91, 22.61, 22.43, 22.5, 22.5
2026-09-22, 04:39:17, 22.5, 22.52, 22.95, 22.93, 9999.0, 9999.0, 9999.0, 23.86, 9999.0, 22.32, 9999.0, 22.89, 22.64, 22.43, 22.5, 22.5
2026-09-22, 04:39:21, 22.5, 22.55, 22.95, 22.93, 9999.0, 9999.0, 9999.0, 23.89, 9999.0, 22.32, 9999.0, 22.86, 22.64, 22.43, 22.5, 22.5
2026-09-22, 04:39:25, 22.5, 22.55, 22.95, 22.91, 9999.0, 9999.0, 9999.0, 23.91, 9999.0, 22.32, 9999.0, 22.84, 22.61, 22.43, 22.5, 22.5
2026-09-22, 04:39:29, 22.5, 22.55, 22.95, 22.91, 9999.0, 9999.0, 9999.0, 23.93, 9999.0, 22.3, 9999.0, 22.84, 22.59, 22.43, 22.5, 22.5
2026-09-22, 04:39:33, 22.5, 22.55, 22.93, 22.91, 9999.0, 9999.0, 9999.0, 23.95, 9999.0, 22.25, 9999.0, 22.84, 22.59, 22.45, 22.5, 22.5
2026-09-22, 04:39:37, 22.5, 22.55, 22.95, 22.93, 9999.0, 9999.0, 9999.0, 23.91, 9999.0, 22.2, 9999.0, 22.84, 22.59, 22.45, 22.5, 22.5
2026-09-22, 04:39:41, 22.5, 22.55, 22.95, 22.93, 9999.0, 9999.0, 9999.0, 23.86, 9999.0, 22.18, 9999.0, 22.86, 22.59, 22.48, 22.5, 22.5
2026-09-22, 04:39:45, 22.5, 22.55, 22.95, 22.95, 9999.0, 9999.0, 9999.0, 23.84, 9999.0, 22.16, 9999.0, 22.86, 22.61, 22.5, 22.5, 22.5
2026-09-22, 04:39:49, 22.5, 22.55, 22.95, 22.93, 9999.0, 9999.0, 9999.0, 23.8, 9999.0, 22.16, 9999.0, 22.89, 22.61, 22.5, 22.5, 22.5
2026-09-22, 04:39:53, 22.5, 22.55, 22.95, 22.93, 9999.0, 9999.0, 9999.0, 23.75, 9999.0, 22.16, 9999.0, 22.91, 22.59, 22.5, 22.5, 22.5
2026-09-22, 04:39:57, 22.5, 22.52, 22.95, 22.93, 9999.0, 9999.0, 9999.0, 23.7, 9999.0, 22.18, 9999.0, 22.93, 22.61, 22.5, 22.5, 22.5
2026-09-22, 04:40:01, 22.48, 22.52, 22.93, 22.91, 9999.0, 9999.0, 9999.0, 23.66, 9999.0, 22.2, 9999.0, 22.95, 22.59, 22.5, 22.5, 22.5
2026-09-22, 04:40:05, 22.48, 22.52, 22.93, 22.91, 9999.0, 9999.0, 9999.0, 23.61, 9999.0, 22.23, 9999.0, 22.95, 22.61, 22.5, 22.5, 22.5
2026-09-22, 04:40:09, 22.48, 22.52, 22.93, 22.93, 9999.0, 9999.0, 9999.0, 23.66, 9999.0, 22.23, 9999.0, 22.98, 22.64, 22.48, 22.5, 22.5
2026-09-22, 04:40:13, 22.48, 22.52, 22.93, 22.93, 9999.0, 9999.0, 9999.0, 23.7, 9999.0, 22.23, 9999.0, 22.95, 22.66, 22.48, 22.5, 22.5
2026-09-22, 04:40:17, 22.48, 22.52, 22.95, 22.93, 9999.0, 9999.0, 9999.0, 23.73, 9999.0, 22.25, 9999.0, 22.93, 22.68, 22.48, 22.5, 22.5
2026-09-22, 04:40:21, 22.48, 22.52, 22.95, 22.93, 9999.0, 9999.0, 9999.0, 23.75, 9999.0, 22.27, 9999.0, 22.91, 22.68, 22.48, 22.5, 22.5
2026-09-22, 04:40:25, 22.48, 22.52, 22.95, 22.93, 9999.0, 9999.0, 9999.0, 23.77, 9999.0, 22.3, 9999.0, 22.89, 22.68, 22.48, 22.5, 22.5
2026-09-22, 04:40:29, 22.48, 22.52, 22.95, 22.91, 9999.0, 9999.0, 9999.0, 23.8, 9999.0, 22.32, 9999.0, 22.86, 22.66, 22.48, 22.5, 22.5
2026-09-22, 04:40:33, 22.48, 22.52, 22.93, 22.91, 9999.0, 9999.0, 9999.0, 23.82, 9999.0, 22.32, 9999.0, 22.84, 22.66, 22.48, 22.5, 22.5
2026-09-22, 04:40:37, 22.48, 22.52, 22.91, 22.89, 9999.0, 9999.0, 9999.0, 23.86, 9999.0, 22.32, 9999.0, 22.82, 22.66, 22.48, 22.5, 22.5
2026-09-22, 04:40:41, 22.48, 22.52, 22.89, 22.89, 9999.0, 9999.0, 9999.0, 23.91, 9999.0, 22.3, 9999.0, 22.8, 22.64, 22.45, 22.5, 22.5
2026-09-22, 04:40:45, 22.48, 22.52, 22.91, 22.89, 9999.0, 9999.0, 9999.0, 23.95, 9999.0, 22.27, 9999.0, 22.77, 22.64, 22.45, 22.5, 22.5
2026-09-22, 04:40:49, 22.48, 22.5, 22.91, 22.86, 9999.0, 9999.0, 9999.0, 24.0, 9999.0, 22.25, 9999.0, 22.8, 22.61, 22.43, 22.5, 22.5
2026-09-22, 04:40:53, 22.48, 22.5, 22.89, 22.86, 9999.0, 9999.0, 9999.0, 23.95, 9999.0, 22.25, 9999.0, 22.8, 22.59, 22.45, 22.5, 22.5
2026-09-22, 04:40:57, 22.48, 22.5, 22.89, 22.89, 9999.0, 9999.0, 9999.0, 23.91, 9999.0, 22.25, 9999.0, 22.82, 22.59, 22.45, 22.5, 22.5
2026-09-22, 04:41:01, 22.48, 22.5, 22.89, 22.89, 9999.0, 9999.0, 9999.0, 23.89, 9999.0, 22.25, 9999.0, 22.84, 22.57, 22.45, 22.5, 22.5
2026-09-22, 04:41:05, 22.48, 22.5, 22.86, 22.86, 9999.0, 9999.0, 9999.0, 23.86, 9999.0, 22.25, 9999.0, 22.86, 22.57, 22.45, 22.5, 22.5
2026-09-22, 04:41:09, 22.48, 22.5, 22.86, 22.86, 9999.0, 9999.0, 9999.0, 23.84, 9999.0, 22.27, 9999.0, 22.89, 22.57, 22.45, 22.5, 22.5
2026-09-22, 04:41:13, 22.48, 22.5, 22.86, 22.89, 9999.0, 9999.0, 9999.0, 23.82, 9999.0, 22.3, 9999.0, 22.91, 22.57, 22.43, 22.5, 22.5
2026-09-22, 04:41:17, 22.48, 22.5, 22.86, 22.91, 9999.0, 9999.0, 9999.0, 23.8, 9999.0, 22.34, 9999.0, 22.93, 22.59, 22.43, 22.5, 22.5
2026-09-22, 04:41:21, 22.48, 22.5, 22.89, 22.93, 9999.0, 9999.0, 9999.0, 23.75, 9999.0, 22.36, 9999.0, 22.95, 22.59, 22.43, 22.5, 22.5
2026-09-22, 04:41:25, 22.48, 22.5, 22.89, 22.93, 9999.0, 9999.0, 9999.0, 23.77, 9999.0, 22.39, 9999.0, 22.98, 22.61, 22.45, 22.5, 22.5
2026-09-22, 04:41:29, 22.5, 22.5, 22.89, 22.95, 9999.0, 9999.0, 9999.0, 23.8, 9999.0, 22.41, 9999.0, 22.98, 22.64, 22.45, 22.5, 22.5
2026-09-22, 04:41:34, 22.5, 22.5, 22.91, 22.98, 9999.0, 9999.0, 9999.0, 23.84, 9999.0, 22.43, 9999.0, 22.95, 22.66, 22.48, 22.5, 22.5
2026-09-22, 04:41:38, 22.5, 22.5, 22.91, 22.98, 9999.0, 9999.0, 9999.0, 23.89, 9999.0, 22.45, 9999.0, 22.93, 22.68, 22.48, 22.5, 22.5
2026-09-22, 04:41:42, 22.5, 22.5, 22.91, 22.98, 9999.0, 9999.0, 9999.0, 23.91, 9999.0, 22.48, 9999.0, 22.91, 22.68, 22.48, 22.5, 22.5
2026-09-22, 04:41:46, 22.5, 22.5, 22.91, 22.98, 9999.0, 9999.0, 9999.0, 23.93, 9999.0, 22.5, 9999.0, 22.89, 22.7, 22.45, 22.5, 22.5
2026-09-22, 04:41:50, 22.5, 22.5, 22.93, 23.0, 9999.0, 9999.0, 9999.0, 23.95, 9999.0, 22.5, 9999.0, 22.86, 22.68, 22.45, 22.5, 22.5
2026-09-22, 04:41:54, 22.5, 22.5, 22.91, 22.98, 9999.0, 9999.0, 9999.0, 23.98, 9999.0, 22.5, 9999.0, 22.84, 22.66, 22.45, 22.5, 22.5
2026-09-22, 04:41:58, 22.5, 22.5, 22.89, 22.95, 9999.0, 9999.0, 9999.0, 24.0, 9999.0, 22.48, 9999.0, 22.82, 22.66, 22.48, 22.5, 22.5
2026-09-22, 04:42:02, 22.5, 22.52, 22.89, 22.95, 9999.0, 9999.0, 9999.0, 24.05, 9999.0, 22.45, 9999.0, 22.82, 22.64, 22.45, 22.5, 22.5
2026-09-22, 04:42:06, 22.5, 22.52, 22.89, 22.95, 9999.0, 9999.0, 9999.0, 24.09, 9999.0, 22.45, 9999.0, 22.82, 22.64, 22.43, 22.48, 22.5
2026-09-22, 04:42:10, 22.5, 22.52, 22.89, 22.95, 9999.0, 9999.0, 9999.0, 24.05, 9999.0, 22.43, 9999.0, 22.82, 22.61, 22.43, 22.48, 22.5
2026-09-22, 04:42:14, 22.5, 22.52, 22.86, 22.93, 9999.0, 9999.0, 9999.0, 24.0, 9999.0, 22.41, 9999.0, 22.84, 22.61, 22.41, 22.48, 22.5
2026-09-22, 04:42:18, 22.5, 22.52, 22.84, 22.93, 9999.0, 9999.0, 9999.0, 23.95, 9999.0, 22.39, 9999.0, 22.86, 22.59, 22.41, 22.48, 22.5
2026-09-22, 04:42:22, 22.5, 22.52, 22.86, 22.93, 9999.0, 9999.0, 9999.0, 23.91, 9999.0, 22.39, 9999.0, 22.89, 22.59, 22.41, 22.48, 22.5
2026-09-22, 04:42:26, 22.5, 22.52, 22.84, 22.93, 9999.0, 9999.0, 9999.0, 23.89, 9999.0, 22.39, 9999.0, 22.91, 22.57, 22.41, 22.48, 22.5
2026-09-22, 04:42:30, 22.5, 22.52, 22.84, 22.93, 9999.0, 9999.0, 9999.0, 23.86, 9999.0, 22.41, 9999.0, 22.91, 22.57, 22.43, 22.48, 22.5
2026-09-22, 04:42:34, 22.5, 22.52, 22.82, 22.91, 9999.0, 9999.0, 9999.0, 23.82, 9999.0, 22.45, 9999.0, 22.93, 22.59, 22.43, 22.48, 22.5
2026-09-22, 04:42:38, 22.5, 22.52, 22.84, 22.93, 9999.0, 9999.0, 9999.0, 23.77, 9999.0, 22.48, 9999.0, 22.95, 22.61, 22.43, 22.48, 22.5
2026-09-22, 04:42:42, 22.5, 22.52, 22.84, 22.95, 9999.0, 9999.0, 9999.0, 23.8, 9999.0, 22.52, 9999.0, 22.95, 22.61, 22.43, 22.48, 22.5
2026-09-22, 04:42:46, 22.5, 22.5, 22.84, 22.95, 9999.0, 9999.0, 9999.0, 23.82, 9999.0, 22.55, 9999.0, 22.93, 22.64, 22.43, 22.48, 22.5
2026-09-22, 04:42:50, 22.48, 22.5, 22.82, 22.93, 9999.0, 9999.0, 9999.0, 23.84, 9999.0, 22.55, 9999.0, 22.91, 22.66, 22.45, 22.5, 22.5
2026-09-22, 04:42:54, 22.48, 22.52, 22.82, 22.91, 9999.0, 9999.0, 9999.0, 23.89, 9999.0, 22.57, 9999.0, 22.89, 22.68, 22.45, 22.5, 22.5
2026-09-22, 04:42:58, 22.48, 22.52, 22.82, 22.91, 9999.0, 9999.0, 9999.0, 23.93, 9999.0, 22.59, 9999.0, 22.86, 22.66, 22.48, 22.5, 22.5
2026-09-22, 04:43:02, 22.48, 22.52, 22.84, 22.89, 9999.0, 9999.0, 9999.0, 23.95, 9999.0, 22.61, 9999.0, 22.84, 22.68, 22.48, 22.5, 22.5
2026-09-22, 04:43:06, 22.48, 22.52, 22.84, 22.89, 9999.0, 9999.0, 9999.0, 23.98, 9999.0, 22.61, 9999.0, 22.82, 22.66, 22.48, 22.5, 22.5
2026-09-22, 04:43:10, 22.48, 22.52, 22.86, 22.89, 9999.0, 9999.0, 9999.0, 24.0, 9999.0, 22.61, 9999.0, 22.8, 22.68, 22.45, 22.5, 22.5
2026-09-22, 04:43:14, 22.48, 22.52, 22.84, 22.86, 9999.0, 9999.0, 9999.0, 24.02, 9999.0, 22.59, 9999.0, 22.8, 22.66, 22.45, 22.5, 22.5
2026-09-22, 04:43:18, 22.48, 22.52, 22.86, 22.86, 9999.0, 9999.0, 9999.0, 24.07, 9999.0, 22.57, 9999.0, 22.77, 22.64, 22.45, 22.5, 22.5
2026-09-22, 04:43:22, 22.48, 22.52, 22.86, 22.84, 9999.0, 9999.0, 9999.0, 24.11, 9999.0, 22.55, 9999.0, 22.77, 22.61, 22.43, 22.5, 22.5
2026-09-22, 04:43:26, 22.48, 22.55, 22.86, 22.82, 9999.0, 9999.0, 9999.0, 24.09, 9999.0, 22.52, 9999.0, 22.8, 22.64, 22.41, 22.5, 22.5
2026-09-22, 04:43:30, 22.48, 22.55, 22.86, 22.8, 9999.0, 9999.0, 9999.0, 24.07, 9999.0, 22.5, 9999.0, 22.82, 22.64, 22.41, 22.5, 22.5
2026-09-22, 04:43:34, 22.5, 22.55, 22.86, 22.82, 9999.0, 9999.0, 9999.0, 24.02, 9999.0, 22.48, 9999.0, 22.84, 22.61, 22.41, 22.5, 22.5
2026-09-22, 04:43:38, 22.48, 22.52, 22.89, 22.84, 9999.0, 9999.0, 9999.0, 23.98, 9999.0, 22.48, 9999.0, 22.86, 22.59, 22.41, 22.5, 22.5
2026-09-22, 04:43:42, 22.48, 22.52, 22.91, 22.84, 9999.0, 9999.0, 9999.0, 23.93, 9999.0, 22.48, 9999.0, 22.89, 22.59, 22.41, 22.5, 22.5
2026-09-22, 04:43:46, 22.48, 22.52, 22.91, 22.84, 9999.0, 9999.0, 9999.0, 23.91, 9999.0, 22.5, 9999.0, 22.89, 22.57, 22.41, 22.5, 22.5
2026-09-22, 04:43:50, 22.48, 22.52, 22.91, 22.84, 9999.0, 9999.0, 9999.0, 23.89, 9999.0, 22.52, 9999.0, 22.89, 22.59, 22.39, 22.5, 22.5
2026-09-22, 04:43:54, 22.48, 22.52, 22.89, 22.84, 9999.0, 9999.0, 9999.0, 23.86, 9999.0, 22.55, 9999.0, 22.91, 22.59, 22.41, 22.5, 22.5
2026-09-22, 04:43:58, 22.48, 22.52, 22.89, 22.84, 9999.0, 9999.0, 9999.0, 23.91, 9999.0, 22.57, 9999.0, 22.91, 22.61, 22.41, 22.5, 22.5
2026-09-22, 04:44:02, 22.48, 22.52, 22.89, 22.84, 9999.0, 9999.0, 9999.0, 23.93, 9999.0, 22.59, 9999.0, 22.91, 22.64, 22.39, 22.5, 22.5
2026-09-22, 04:44:06, 22.48, 22.52, 22.89, 22.84, 9999.0, 9999.0, 9999.0, 23.95, 9999.0, 22.61, 9999.0, 22.89, 22.64, 22.39, 22.5, 22.5
2026-09-22, 04:44:10, 22.48, 22.5, 22.91, 22.86, 9999.0, 9999.0, 9999.0, 23.98, 9999.0, 22.64, 9999.0, 22.86, 22.64, 22.39, 22.5, 22.5
2026-09-22, 04:44:14, 22.48, 22.5, 22.91, 22.89, 9999.0, 9999.0, 9999.0, 23.98, 9999.0, 22.66, 9999.0, 22.84, 22.64, 22.41, 22.5, 22.5
2026-09-22, 04:44:18, 22.48, 22.5, 22.93, 22.86, 9999.0, 9999.0, 9999.0, 24.02, 9999.0, 22.68, 9999.0, 22.82, 22.66, 22.39, 22.5, 22.5
2026-09-22, 04:44:22, 22.5, 22.5, 22.91, 22.86, 9999.0, 9999.0, 9999.0, 24.05, 9999.0, 22.68, 9999.0, 22.8, 22.66, 22.36, 22.5, 22.5
2026-09-22, 04:44:26, 22.5, 22.52, 22.89, 22.89, 9999.0, 9999.0, 9999.0, 24.07, 9999.0, 22.68, 9999.0, 22.77, 22.68, 22.34, 22.5, 22.5
2026-09-22, 04:44:30, 22.5, 22.52, 22.86, 22.91, 9999.0, 9999.0, 9999.0, 24.09, 9999.0, 22.66, 9999.0, 22.77, 22.68, 22.34, 22.5, 22.5
2026-09-22, 04:44:34, 22.5, 22.52, 22.84, 22.89, 9999.0, 9999.0, 9999.0, 24.11, 9999.0, 22.64, 9999.0, 22.77, 22.66, 22.34, 22.5, 22.5
2026-09-22, 04:44:38, 22.5, 22.52, 22.86, 22.86, 9999.0, 9999.0, 9999.0, 24.14, 9999.0, 22.61, 9999.0, 22.77, 22.64, 22.32, 22.5, 22.5
2026-09-22, 04:44:42, 22.5, 22.52, 22.89, 22.86, 9999.0, 9999.0, 9999.0, 24.09, 9999.0, 22.59, 9999.0, 22.8, 22.64, 22.32, 22.5, 22.5
2026-09-22, 04:44:46, 22.5, 22.52, 22.89, 22.89, 9999.0, 9999.0, 9999.0, 24.07, 9999.0, 22.55, 9999.0, 22.82, 22.64, 22.34, 22.5, 22.5
2026-09-22, 04:44:50, 22.5, 22.55, 22.86, 22.91, 9999.0, 9999.0, 9999.0, 24.05, 9999.0, 22.52, 9999.0, 22.84, 22.64, 22.36, 22.5, 22.5
2026-09-22, 04:44:54, 22.48, 22.57, 22.84, 22.89, 9999.0, 9999.0, 9999.0, 24.0, 9999.0, 22.52, 9999.0, 22.86, 22.61, 22.36, 22.5, 22.5
2026-09-22, 04:44:58, 22.48, 22.57, 22.84, 22.86, 9999.0, 9999.0, 9999.0, 23.98, 9999.0, 22.5, 9999.0, 22.89, 22.61, 22.34, 22.5, 22.5
2026-09-22, 04:45:02, 22.48, 22.57, 22.82, 22.86, 9999.0, 9999.0, 9999.0, 23.93, 9999.0, 22.52, 9999.0, 22.91, 22.59, 22.34, 22.5, 22.5
2026-09-22, 04:45:06, 22.48, 22.57, 22.82, 22.86, 9999.0, 9999.0, 9999.0, 23.91, 9999.0, 22.55, 9999.0, 22.91, 22.61, 22.36, 22.5, 22.5
2026-09-22, 04:45:10, 22.48, 22.55, 22.84, 22.84, 9999.0, 9999.0, 9999.0, 23.89, 9999.0, 22.57, 9999.0, 22.91, 22.61, 22.39, 22.5, 22.5
2026-09-22, 04:45:14, 22.48, 22.55, 22.84, 22.84, 9999.0, 9999.0, 9999.0, 23.93, 9999.0, 22.59, 9999.0, 22.91, 22.64, 22.36, 22.5, 22.5
2026-09-22, 04:45:18, 22.48, 22.55, 22.84, 22.84, 9999.0, 9999.0, 9999.0, 23.98, 9999.0, 22.61, 9999.0, 22.91, 22.66, 22.36, 22.5, 22.5
2026-09-22, 04:45:22, 22.48, 22.55, 22.82, 22.84, 9999.0, 9999.0, 9999.0, 24.0, 9999.0, 22.64, 9999.0, 22.89, 22.68, 22.36, 22.48, 22.5
2026-09-22, 04:45:26, 22.48, 22.55, 22.8, 22.84, 9999.0, 9999.0, 9999.0, 24.02, 9999.0, 22.66, 9999.0, 22.86, 22.68, 22.34, 22.48, 22.5
2026-09-22, 04:45:31, 22.48, 22.55, 22.8, 22.82, 9999.0, 9999.0, 9999.0, 24.02, 9999.0, 22.7, 9999.0, 22.84, 22.66, 22.34, 22.48, 22.5
2026-09-22, 04:45:35, 22.48, 22.55, 22.8, 22.8, 9999.0, 9999.0, 9999.0, 24.02, 9999.0, 22.7, 9999.0, 22.82, 22.68, 22.32, 22.48, 22.5
2026-09-22, 04:45:39, 22.5, 22.52, 22.8, 22.8, 9999.0, 9999.0, 9999.0, 24.05, 9999.0, 22.68, 9999.0, 22.8, 22.68, 22.34, 22.48, 22.5
2026-09-22, 04:45:43, 22.5, 22.55, 22.82, 22.8, 9999.0, 9999.0, 9999.0, 24.07, 9999.0, 22.7, 9999.0, 22.77, 22.66, 22.36, 22.48, 22.5
2026-09-22, 04:45:47, 22.5, 22.55, 22.82, 22.8, 9999.0, 9999.0, 9999.0, 24.09, 9999.0, 22.68, 9999.0, 22.75, 22.66, 22.36, 22.48, 22.5
2026-09-22, 04:45:51, 22.5, 22.55, 22.82, 22.77, 9999.0, 9999.0, 9999.0, 24.11, 9999.0, 22.68, 9999.0, 22.75, 22.64, 22.36, 22.48, 22.48
2026-09-22, 04:45:55, 22.5, 22.55, 22.8, 22.8, 9999.0, 9999.0, 9999.0, 24.14, 9999.0, 22.68, 9999.0, 22.77, 22.61, 22.34, 22.48, 22.48
2026-09-22, 04:45:59, 22.5, 22.55, 22.82, 22.8, 9999.0, 9999.0, 9999.0, 24.09, 9999.0, 22.68, 9999.0, 22.8, 22.59, 22.36, 22.48, 22.48
2026-09-22, 04:46:03, 22.5, 22.55, 22.84, 22.82, 9999.0, 9999.0, 9999.0, 24.05, 9999.0, 22.66, 9999.0, 22.82, 22.57, 22.39, 22.45, 22.48
2026-09-22, 04:46:07, 22.5, 22.55, 22.84, 22.84, 9999.0, 9999.0, 9999.0, 24.02, 9999.0, 22.64, 9999.0, 22.84, 22.57, 22.41, 22.48, 22.48
2026-09-22, 04:46:11, 22.5, 22.55, 22.84, 22.84, 9999.0, 9999.0, 9999.0, 23.98, 9999.0, 22.64, 9999.0, 22.86, 22.55, 22.41, 22.48, 22.48
2026-09-22, 04:46:15, 22.5, 22.55, 22.82, 22.84, 9999.0, 9999.0, 9999.0, 23.95, 9999.0, 22.64, 9999.0, 22.89, 22.55, 22.41, 22.48, 22.48
2026-09-22, 04:46:19, 22.5, 22.52, 22.82, 22.84, 9999.0, 9999.0, 9999.0, 23.93, 9999.0, 22.66, 9999.0, 22.89, 22.55, 22.41, 22.48, 22.48
2026-09-22, 04:46:23, 22.5, 22.52, 22.82, 22.84, 9999.0, 9999.0, 9999.0, 23.91, 9999.0, 22.7, 9999.0, 22.91, 22.57, 22.39, 22.48, 22.48
2026-09-22, 04:46:27, 22.5, 22.52, 22.8, 22.84, 9999.0, 9999.0, 9999.0, 23.89, 9999.0, 22.73, 9999.0, 22.91, 22.59, 22.39, 22.48, 22.48
2026-09-22, 04:46:31, 22.5, 22.52, 22.82, 22.84, 9999.0, 9999.0, 9999.0, 23.93, 9999.0, 22.77, 9999.0, 22.91, 22.59, 22.39, 22.48, 22.48
2026-09-22, 04:46:35, 22.5, 22.52, 22.84, 22.84, 9999.0, 9999.0, 9999.0, 23.98, 9999.0, 22.8, 9999.0, 22.91, 22.61, 22.39, 22.48, 22.5
2026-09-22, 04:46:39, 22.5, 22.52, 22.86, 22.82, 9999.0, 9999.0, 9999.0, 24.0, 9999.0, 22.82, 9999.0, 22.89, 22.64, 22.39, 22.48, 22.5
2026-09-22, 04:46:43, 22.5, 22.52, 22.84, 22.8, 9999.0, 9999.0, 9999.0, 24.02, 9999.0, 22.82, 9999.0, 22.86, 22.66, 22.36, 22.45, 22.5
2026-09-22, 04:46:47, 22.5, 22.55, 22.82, 22.77, 9999.0, 9999.0, 9999.0, 24.05, 9999.0, 22.84, 9999.0, 22.84, 22.66, 22.34, 22.48, 22.5
2026-09-22, 04:46:51, 22.5, 22.55, 22.82, 22.77, 9999.0, 9999.0, 9999.0, 24.05, 9999.0, 22.86, 9999.0, 22.82, 22.64, 22.32, 22.48, 22.5
2026-09-22, 04:46:55, 22.5, 22.55, 22.82, 22.77, 9999.0, 9999.0, 9999.0, 24.09, 9999.0, 22.86, 9999.0, 22.8, 22.66, 22.34, 22.48, 22.48
2026-09-22, 04:46:59, 22.5, 22.57, 22.82, 22.77, 9999.0, 9999.0, 9999.0, 24.11, 9999.0, 22.86, 9999.0, 22.75, 22.66, 22.32, 22.48, 22.48
2026-09-22, 04:47:03, 22.5, 22.59, 22.82, 22.8, 9999.0, 9999.0, 9999.0, 24.14, 9999.0, 22.86, 9999.0, 22.75, 22.64, 22.34, 22.48, 22.45
2026-09-22, 04:47:07, 22.5, 22.59, 22.82, 22.8, 9999.0, 9999.0, 9999.0, 24.16, 9999.0, 22.84, 9999.0, 22.75, 22.61, 22.36, 22.48, 22.45
2026-09-22, 04:47:11, 22.5, 22.59, 22.84, 22.8, 9999.0, 9999.0, 9999.0, 24.18, 9999.0, 22.82, 9999.0, 22.75, 22.59, 22.36, 22.48, 22.45
2026-09-22, 04:47:15, 22.5, 22.61, 22.82, 22.8, 9999.0, 9999.0, 9999.0, 24.14, 9999.0, 22.8, 9999.0, 22.77, 22.59, 22.36, 22.48, 22.45
2026-09-22, 04:47:19, 22.5, 22.61, 22.8, 22.8, 9999.0, 9999.0, 9999.0, 24.09, 9999.0, 22.77, 9999.0, 22.8, 22.57, 22.34, 22.48, 22.45
2026-09-22, 04:47:23, 22.5, 22.61, 22.77, 22.8, 9999.0, 9999.0, 9999.0, 24.07, 9999.0, 22.75, 9999.0, 22.82, 22.55, 22.36, 22.48, 22.45
2026-09-22, 04:47:27, 22.5, 22.61, 22.77, 22.8, 9999.0, 9999.0, 9999.0, 24.02, 9999.0, 22.75, 9999.0, 22.84, 22.55, 22.36, 22.5, 22.43
2026-09-22, 04:47:31, 22.5, 22.59, 22.77, 22.82, 9999.0, 9999.0, 9999.0, 23.98, 9999.0, 22.75, 9999.0, 22.84, 22.55, 22.36, 22.5, 22.41
2026-09-22, 04:47:35, 22.5, 22.59, 22.8, 22.8, 9999.0, 9999.0, 9999.0, 23.95, 9999.0, 22.77, 9999.0, 22.86, 22.55, 22.36, 22.5, 22.39
2026-09-22, 04:47:39, 22.5, 22.59, 22.82, 22.8, 9999.0, 9999.0, 9999.0, 23.89, 9999.0, 22.8, 9999.0, 22.89, 22.52, 22.36, 22.5, 22.41
2026-09-22, 04:47:43, 22.5, 22.57, 22.84, 22.8, 9999.0, 9999.0, 9999.0, 23.86, 9999.0, 22.82, 9999.0, 22.91, 22.52, 22.39, 22.5, 22.41
2026-09-22, 04:47:47, 22.5, 22.55, 22.84, 22.77, 9999.0, 9999.0, 9999.0, 23.91, 9999.0, 22.84, 9999.0, 22.91, 22.52, 22.39, 22.5, 22.41
2026-09-22, 04:47:51, 22.5, 22.55, 22.84, 22.8, 9999.0, 9999.0, 9999.0, 23.95, 9999.0, 22.86, 9999.0, 22.89, 22.52, 22.39, 22.5, 22.41
2026-09-22, 04:47:55, 22.5, 22.55, 22.82, 22.8, 9999.0, 9999.0, 9999.0, 23.98, 9999.0, 22.89, 9999.0, 22.89, 22.52, 22.36, 22.5, 22.39
2026-09-22, 04:47:59, 22.5, 22.52, 22.84, 22.82, 9999.0, 9999.0, 9999.0, 24.0, 9999.0, 22.89, 9999.0, 22.86, 22.52, 22.39, 22.5, 22.39
2026-09-22, 04:48:03, 22.5, 22.52, 22.84, 22.82, 9999.0, 9999.0, 9999.0, 24.02, 9999.0, 22.91, 9999.0, 22.84, 22.55, 22.39, 22.5, 22.39
2026-09-22, 04:48:07, 22.48, 22.55, 22.84, 22.84, 9999.0, 9999.0, 9999.0, 24.05, 9999.0, 22.93, 9999.0, 22.82, 22.55, 22.36, 22.5, 22.39
2026-09-22, 04:48:11, 22.48, 22.55, 22.84, 22.86, 9999.0, 9999.0, 9999.0, 24.09, 9999.0, 22.95, 9999.0, 22.8, 22.52, 22.36, 22.5, 22.41
2026-09-22, 04:48:15, 22.48, 22.55, 22.84, 22.84, 9999.0, 9999.0, 9999.0, 24.14, 9999.0, 22.95, 9999.0, 22.8, 22.52, 22.39, 22.5, 22.41
2026-09-22, 04:48:19, 22.48, 22.55, 22.82, 22.84, 9999.0, 9999.0, 9999.0, 24.18, 9999.0, 22.93, 9999.0, 22.77, 22.52, 22.41, 22.5, 22.41
2026-09-22, 04:48:23, 22.48, 22.55, 22.8, 22.84, 9999.0, 9999.0, 9999.0, 24.23, 9999.0, 22.91, 9999.0, 22.75, 22.52, 22.39, 22.48, 22.39
2026-09-22, 04:48:27, 22.45, 22.55, 22.77, 22.84, 9999.0, 9999.0, 9999.0, 24.25, 9999.0, 22.89, 9999.0, 22.75, 22.52, 22.39, 22.48, 22.36
2026-09-22, 04:48:31, 22.45, 22.55, 22.8, 22.84, 9999.0, 9999.0, 9999.0, 24.2, 9999.0, 22.86, 9999.0, 22.77, 22.55, 22.39, 22.48, 22.39
2026-09-22, 04:48:35, 22.45, 22.57, 22.8, 22.82, 9999.0, 9999.0, 9999.0, 24.16, 9999.0, 22.84, 9999.0, 22.8, 22.55, 22.39, 22.48, 22.39
2026-09-22, 04:48:39, 22.45, 22.57, 22.8, 22.82, 9999.0, 9999.0, 9999.0, 24.14, 9999.0, 22.82, 9999.0, 22.82, 22.55, 22.41, 22.48, 22.41
2026-09-22, 04:48:43, 22.45, 22.57, 22.77, 22.8, 9999.0, 9999.0, 9999.0, 24.09, 9999.0, 22.84, 9999.0, 22.84, 22.55, 22.39, 22.48, 22.41
2026-09-22, 04:48:47, 22.45, 22.59, 22.77, 22.8, 9999.0, 9999.0, 9999.0, 24.05, 9999.0, 22.84, 9999.0, 22.84, 22.55, 22.41, 22.48, 22.39
2026-09-22, 04:48:51, 22.48, 22.57, 22.8, 22.8, 9999.0, 9999.0, 9999.0, 24.02, 9999.0, 22.84, 9999.0, 22.86, 22.57, 22.43, 22.45, 22.39
2026-09-22, 04:48:55, 22.48, 22.57, 22.82, 22.77, 9999.0, 9999.0, 9999.0, 23.98, 9999.0, 22.84, 9999.0, 22.89, 22.57, 22.43, 22.45, 22.39
2026-09-22, 04:48:59, 22.48, 22.57, 22.84, 22.8, 9999.0, 9999.0, 9999.0, 23.93, 9999.0, 22.86, 9999.0, 22.89, 22.59, 22.43, 22.43, 22.41
2026-09-22, 04:49:03, 22.48, 22.57, 22.86, 22.8, 9999.0, 9999.0, 9999.0, 23.95, 9999.0, 22.89, 9999.0, 22.89, 22.61, 22.41, 22.43, 22.43
2026-09-22, 04:49:07, 22.48, 22.57, 22.86, 22.8, 9999.0, 9999.0, 9999.0, 24.0, 9999.0, 22.91, 9999.0, 22.89, 22.64, 22.41, 22.45, 22.45
2026-09-22, 04:49:11, 22.5, 22.57, 22.86, 22.82, 9999.0, 9999.0, 9999.0, 24.05, 9999.0, 22.93, 9999.0, 22.89, 22.66, 22.39, 22.45, 22.45
2026-09-22, 04:49:15, 22.5, 22.57, 22.86, 22.82, 9999.0, 9999.0, 9999.0, 24.07, 9999.0, 22.95, 9999.0, 22.86, 22.64, 22.36, 22.45, 22.45
2026-09-22, 04:49:19, 22.5, 22.55, 22.86, 22.82, 9999.0, 9999.0, 9999.0, 24.09, 9999.0, 22.98, 9999.0, 22.84, 22.64, 22.34, 22.45, 22.45
2026-09-22, 04:49:24, 22.5, 22.55, 22.86, 22.82, 9999.0, 9999.0, 9999.0, 24.11, 9999.0, 22.98, 9999.0, 22.82, 22.64, 22.34, 22.43, 22.43
2026-09-22, 04:49:28, 22.48, 22.55, 22.89, 22.84, 9999.0, 9999.0, 9999.0, 24.16, 9999.0, 22.95, 9999.0, 22.8, 22.64, 22.36, 22.43, 22.41
2026-09-22, 04:49:32, 22.48, 22.55, 22.89, 22.84, 9999.0, 9999.0, 9999.0, 24.2, 9999.0, 22.93, 9999.0, 22.8, 22.61, 22.36, 22.43, 22.43
2026-09-22, 04:49:36, 22.48, 22.55, 22.86, 22.82, 9999.0, 9999.0, 9999.0, 24.2, 9999.0, 22.91, 9999.0, 22.77, 22.59, 22.36, 22.43, 22.41
2026-09-22, 04:49:40, 22.48, 22.55, 22.84, 22.82, 9999.0, 9999.0, 9999.0, 24.25, 9999.0, 22.89, 9999.0, 22.75, 22.59, 22.36, 22.43, 22.41
2026-09-22, 04:49:44, 22.48, 22.55, 22.82, 22.8, 9999.0, 9999.0, 9999.0, 24.27, 9999.0, 22.86, 9999.0, 22.75, 22.57, 22.36, 22.45, 22.39
2026-09-22, 04:49:48, 22.48, 22.55, 22.8, 22.82, 9999.0, 9999.0, 9999.0, 24.23, 9999.0, 22.84, 9999.0, 22.77, 22.57, 22.39, 22.45, 22.39
2026-09-22, 04:49:52, 22.48, 22.57, 22.8, 22.82, 9999.0, 9999.0, 9999.0, 24.18, 9999.0, 22.82, 9999.0, 22.8, 22.55, 22.41, 22.43, 22.39
2026-09-22, 04:49:56, 22.48, 22.57, 22.8, 22.8, 9999.0, 9999.0, 9999.0, 24.14, 9999.0, 22.8, 9999.0, 22.82, 22.52, 22.43, 22.43, 22.41
2026-09-22, 04:50:00, 22.48, 22.57, 22.8, 22.8, 9999.0, 9999.0, 9999.0, 24.11, 9999.0, 22.8, 9999.0, 22.84, 22.55, 22.45, 22.43, 22.41
2026-09-22, 04:50:04, 22.48, 22.57, 22.8, 22.8, 9999.0, 9999.0, 9999.0, 24.07, 9999.0, 22.77, 9999.0, 22.86, 22.55, 22.45, 22.43, 22.41
2026-09-22, 04:50:08, 22.48, 22.55, 22.82, 22.8, 9999.0, 9999.0, 9999.0, 24.02, 9999.0, 22.8, 9999.0, 22.89, 22.55, 22.43, 22.45, 22.43
2026-09-22, 04:50:12, 22.5, 22.55, 22.82, 22.8, 9999.0, 9999.0, 9999.0, 23.98, 9999.0, 22.82, 9999.0, 22.91, 22.55, 22.43, 22.45, 22.45
2026-09-22, 04:50:16, 22.5, 22.52, 22.84, 22.8, 9999.0, 9999.0, 9999.0, 23.93, 9999.0, 22.84, 9999.0, 22.93, 22.55, 22.41, 22.45, 22.45
2026-09-22, 04:50:20, 22.5, 22.52, 22.84, 22.8, 9999.0, 9999.0, 9999.0, 23.98, 9999.0, 22.86, 9999.0, 22.93, 22.57, 22.39, 22.48, 22.48
2026-09-22, 04:50:24, 22.5, 22.52, 22.86, 22.82, 9999.0, 9999.0, 9999.0, 23.98, 9999.0, 22.89, 9999.0, 22.93, 22.57, 22.39, 22.48, 22.48
2026-09-22, 04:50:28, 22.5, 22.52, 22.89, 22.82, 9999.0, 9999.0, 9999.0, 24.0, 9999.0, 22.89, 9999.0, 22.93, 22.57, 22.36, 22.48, 22.48
2026-09-22, 04:50:32, 22.5, 22.52, 22.91, 22.8, 9999.0, 9999.0, 9999.0, 24.02, 9999.0, 22.89, 9999.0, 22.91, 22.55, 22.34, 22.48, 22.48
2026-09-22, 04:50:36, 22.48, 22.5, 22.93, 22.8, 9999.0, 9999.0, 9999.0, 24.05, 9999.0, 22.89, 9999.0, 22.89, 22.55, 22.32, 22.5, 22.45
2026-09-22, 04:50:40, 22.48, 22.5, 22.95, 22.82, 9999.0, 9999.0, 9999.0, 24.07, 9999.0, 22.89, 9999.0, 22.86, 22.55, 22.3, 22.5, 22.45
2026-09-22, 04:50:44, 22.48, 22.5, 22.93, 22.82, 9999.0, 9999.0, 9999.0, 24.09, 9999.0, 22.86, 9999.0, 22.84, 22.52, 22.3, 22.5, 22.43
2026-09-22, 04:50:48, 22.48, 22.5, 22.93, 22.84, 9999.0, 9999.0, 9999.0, 24.14, 9999.0, 22.86, 9999.0, 22.82, 22.52, 22.32, 22.5, 22.41
2026-09-22, 04:50:52, 22.48, 22.5, 22.91, 22.84, 9999.0, 9999.0, 9999.0, 24.18, 9999.0, 22.84, 9999.0, 22.8, 22.52, 22.32, 22.48, 22.41
2026-09-22, 04:50:56, 22.48, 22.5, 22.89, 22.82, 9999.0, 9999.0, 9999.0, 24.23, 9999.0, 22.82, 9999.0, 22.77, 22.52, 22.32, 22.45, 22.41
2026-09-22, 04:51:00, 22.48, 22.5, 22.86, 22.84, 9999.0, 9999.0, 9999.0, 24.25, 9999.0, 22.8, 9999.0, 22.75, 22.52, 22.32, 22.45, 22.39
2026-09-22, 04:51:04, 22.48, 22.5, 22.86, 22.84, 9999.0, 9999.0, 9999.0, 24.2, 9999.0, 22.77, 9999.0, 22.77, 22.52, 22.34, 22.45, 22.36
2026-09-22, 04:51:08, 22.48, 22.52, 22.86, 22.82, 9999.0, 9999.0, 9999.0, 24.18, 9999.0, 22.75, 9999.0, 22.8, 22.52, 22.36, 22.45, 22.36
2026-09-22, 04:51:12, 22.48, 22.52, 22.84, 22.82, 9999.0, 9999.0, 9999.0, 24.16, 9999.0, 22.73, 9999.0, 22.82, 22.52, 22.39, 22.45, 22.39
2026-09-22, 04:51:16, 22.48, 22.52, 22.82, 22.82, 9999.0, 9999.0, 9999.0, 24.11, 9999.0, 22.75, 9999.0, 22.82, 22.52, 22.41, 22.45, 22.36
2026-09-22, 04:51:20, 22.5, 22.52, 22.8, 22.82, 9999.0, 9999.0, 9999.0, 24.07, 9999.0, 22.75, 9999.0, 22.84, 22.52, 22.43, 22.45, 22.39
2026-09-22, 04:51:24, 22.5, 22.52, 22.8, 22.8, 9999.0, 9999.0, 9999.0, 24.02, 9999.0, 22.77, 9999.0, 22.86, 22.55, 22.45, 22.45, 22.39
2026-09-22, 04:51:28, 22.5, 22.52, 22.8, 22.82, 9999.0, 9999.0, 9999.0, 23.98, 9999.0, 22.77, 9999.0, 22.86, 22.55, 22.43, 22.43, 22.39
2026-09-22, 04:51:32, 22.5, 22.52, 22.8, 22.82, 9999.0, 9999.0, 9999.0, 23.93, 9999.0, 22.8, 9999.0, 22.89, 22.55, 22.41, 22.43, 22.41
2026-09-22, 04:51:36, 22.5, 22.52, 22.8, 22.82, 9999.0, 9999.0, 9999.0, 23.95, 9999.0, 22.82, 9999.0, 22.89, 22.57, 22.41, 22.45, 22.41
2026-09-22, 04:51:40, 22.5, 22.52, 22.8, 22.84, 9999.0, 9999.0, 9999.0, 23.98, 9999.0, 22.84, 9999.0, 22.89, 22.57, 22.41, 22.48, 22.41
2026-09-22, 04:51:44, 22.5, 22.52, 22.8, 22.82, 9999.0, 9999.0, 9999.0, 24.02, 9999.0, 22.84, 9999.0, 22.89, 22.57, 22.43, 22.48, 22.41
2026-09-22, 04:51:48, 22.5, 22.52, 22.8, 22.82, 9999.0, 9999.0, 9999.0, 24.07, 9999.0, 22.84, 9999.0, 22.86, 22.55, 22.41, 22.48, 22.41
2026-09-22, 04:51:52, 22.5, 22.5, 22.77, 22.82, 9999.0, 9999.0, 9999.0, 24.09, 9999.0, 22.84, 9999.0, 22.84, 22.55, 22.41, 22.48, 22.39
2026-09-22, 04:51:56, 22.5, 22.5, 22.8, 22.82, 9999.0, 9999.0, 9999.0, 24.11, 9999.0, 22.86, 9999.0, 22.82, 22.55, 22.41, 22.45, 22.36
2026-09-22, 04:52:00, 22.5, 22.5, 22.82, 22.82, 9999.0, 9999.0, 9999.0, 24.16, 9999.0, 22.84, 9999.0, 22.82, 22.55, 22.41, 22.45, 22.36
2026-09-22, 04:52:04, 22.5, 22.5, 22.82, 22.82, 9999.0, 9999.0, 9999.0, 24.2, 9999.0, 22.84, 9999.0, 22.8, 22.55, 22.39, 22.45, 22.36
2026-09-22, 04:52:08, 22.5, 22.5, 22.82, 22.84, 9999.0, 9999.0, 9999.0, 24.25, 9999.0, 22.8, 9999.0, 22.77, 22.52, 22.36, 22.45, 22.36
2026-09-22, 04:52:12, 22.5, 22.5, 22.84, 22.82, 9999.0, 9999.0, 9999.0, 24.3, 9999.0, 22.8, 9999.0, 22.77, 22.52, 22.36, 22.48, 22.39
2026-09-22, 04:52:16, 22.5, 22.52, 22.84, 22.8, 9999.0, 9999.0, 9999.0, 24.32, 9999.0, 22.77, 9999.0, 22.75, 22.52, 22.39, 22.48, 22.36
2026-09-22, 04:52:20, 22.5, 22.52, 22.86, 22.8, 9999.0, 9999.0, 9999.0, 24.27, 9999.0, 22.73, 9999.0, 22.77, 22.52, 22.41, 22.48, 22.36
2026-09-22, 04:52:24, 22.5, 22.52, 22.86, 22.77, 9999.0, 9999.0, 9999.0, 24.23, 9999.0, 22.68, 9999.0, 22.8, 22.52, 22.41, 22.48, 22.34
2026-09-22, 04:52:28, 22.5, 22.52, 22.86, 22.8, 9999.0, 9999.0, 9999.0, 24.18, 9999.0, 22.66, 9999.0, 22.82, 22.52, 22.41, 22.48, 22.34
2026-09-22, 04:52:32, 22.5, 22.52, 22.89, 22.82, 9999.0, 9999.0, 9999.0, 24.14, 9999.0, 22.66, 9999.0, 22.84, 22.52, 22.43, 22.48, 22.34
2026-09-22, 04:52:36, 22.5, 22.52, 22.89, 22.84, 9999.0, 9999.0, 9999.0, 24.11, 9999.0, 22.66, 9999.0, 22.84, 22.52, 22.43, 22.48, 22.34
2026-09-22, 04:52:40, 22.5, 22.55, 22.89, 22.86, 9999.0, 9999.0, 9999.0, 24.07, 9999.0, 22.68, 9999.0, 22.86, 22.55, 22.43, 22.5, 22.34
2026-09-22, 04:52:44, 22.5, 22.55, 22.89, 22.86, 9999.0, 9999.0, 9999.0, 24.02, 9999.0, 22.7, 9999.0, 22.89, 22.57, 22.41, 22.5, 22.36
2026-09-22, 04:52:48, 22.5, 22.57, 22.91, 22.86, 9999.0, 9999.0, 9999.0, 23.98, 9999.0, 22.73, 9999.0, 22.89, 22.57, 22.43, 22.5, 22.36
2026-09-22, 04:52:52, 22.5, 22.59, 22.91, 22.86, 9999.0, 9999.0, 9999.0, 24.0, 9999.0, 22.75, 9999.0, 22.89, 22.57, 22.45, 22.5, 22.34
2026-09-22, 04:52:56, 22.48, 22.59, 22.89, 22.89, 9999.0, 9999.0, 9999.0, 24.02, 9999.0, 22.75, 9999.0, 22.89, 22.57, 22.48, 22.5, 22.34
2026-09-22, 04:53:00, 22.45, 22.59, 22.91, 22.91, 9999.0, 9999.0, 9999.0, 24.07, 9999.0, 22.75, 9999.0, 22.89, 22.57, 22.45, 22.5, 22.34
2026-09-22, 04:53:04, 22.45, 22.59, 22.89, 22.93, 9999.0, 9999.0, 9999.0, 24.11, 9999.0, 22.77, 9999.0, 22.86, 22.55, 22.43, 22.5, 22.34
2026-09-22, 04:53:08, 22.45, 22.59, 22.89, 22.95, 9999.0, 9999.0, 9999.0, 24.14, 9999.0, 22.8, 9999.0, 22.84, 22.55, 22.43, 22.5, 22.36
2026-09-22, 04:53:13, 22.45, 22.59, 22.89, 22.93, 9999.0, 9999.0, 9999.0, 24.16, 9999.0, 22.82, 9999.0, 22.82, 22.55, 22.41, 22.48, 22.39
2026-09-22, 04:53:17, 22.45, 22.59, 22.89, 22.93, 9999.0, 9999.0, 9999.0, 24.16, 9999.0, 22.82, 9999.0, 22.8, 22.55, 22.39, 22.48, 22.39
2026-09-22, 04:53:21, 22.45, 22.59, 22.91, 22.93, 9999.0, 9999.0, 9999.0, 24.18, 9999.0, 22.82, 9999.0, 22.8, 22.55, 22.36, 22.48, 22.41
2026-09-22, 04:53:25, 22.45, 22.57, 22.89, 22.93, 9999.0, 9999.0, 9999.0, 24.23, 9999.0, 22.8, 9999.0, 22.75, 22.52, 22.34, 22.48, 22.43
2026-09-22, 04:53:29, 22.45, 22.57, 22.86, 22.95, 9999.0, 9999.0, 9999.0, 24.25, 9999.0, 22.75, 9999.0, 22.73, 22.5, 22.36, 22.48, 22.43
2026-09-22, 04:53:33, 22.45, 22.55, 22.86, 22.98, 9999.0, 9999.0, 9999.0, 24.27, 9999.0, 22.7, 9999.0, 22.73, 22.5, 22.36, 22.48, 22.41
2026-09-22, 04:53:37, 22.43, 22.55, 22.86, 22.98, 9999.0, 9999.0, 9999.0, 24.23, 9999.0, 22.68, 9999.0, 22.75, 22.5, 22.36, 22.48, 22.41
2026-09-22, 04:53:41, 22.45, 22.55, 22.86, 22.98, 9999.0, 9999.0, 9999.0, 24.18, 9999.0, 22.66, 9999.0, 22.77, 22.5, 22.34, 22.48, 22.39
2026-09-22, 04:53:45, 22.48, 22.52, 22.86, 22.95, 9999.0, 9999.0, 9999.0, 24.14, 9999.0, 22.64, 9999.0, 22.77, 22.5, 22.36, 22.48, 22.39
2026-09-22, 04:53:49, 22.48, 22.52, 22.86, 22.95, 9999.0, 9999.0, 9999.0, 24.09, 9999.0, 22.64, 9999.0, 22.8, 22.5, 22.39, 22.45, 22.36
2026-09-22, 04:53:53, 22.48, 22.55, 22.89, 22.93, 9999.0, 9999.0, 9999.0, 24.05, 9999.0, 22.64, 9999.0, 22.82, 22.5, 22.39, 22.43, 22.36
2026-09-22, 04:53:57, 22.48, 22.55, 22.91, 22.93, 9999.0, 9999.0, 9999.0, 24.0, 9999.0, 22.64, 9999.0, 22.84, 22.5, 22.41, 22.45, 22.34
2026-09-22, 04:54:01, 22.48, 22.55, 22.89, 22.91, 9999.0, 9999.0, 9999.0, 23.98, 9999.0, 22.64, 9999.0, 22.86, 22.52, 22.43, 22.43, 22.34
2026-09-22, 04:54:05, 22.48, 22.55, 22.86, 22.91, 9999.0, 9999.0, 9999.0, 23.93, 9999.0, 22.64, 9999.0, 22.86, 22.52, 22.43, 22.43, 22.34
2026-09-22, 04:54:09, 22.45, 22.55, 22.89, 22.89, 9999.0, 9999.0, 9999.0, 23.95, 9999.0, 22.64, 9999.0, 22.89, 22.52, 22.43, 22.43, 22.34
2026-09-22, 04:54:13, 22.45, 22.55, 22.91, 22.86, 9999.0, 9999.0, 9999.0, 24.0, 9999.0, 22.66, 9999.0, 22.89, 22.52, 22.41, 22.43, 22.32
2026-09-22, 04:54:17, 22.45, 22.55, 22.91, 22.84, 9999.0, 9999.0, 9999.0, 24.02, 9999.0, 22.68, 9999.0, 22.89, 22.52, 22.41, 22.43, 22.32
2026-09-22, 04:54:21, 22.48, 22.52, 22.91, 22.82, 9999.0, 9999.0, 9999.0, 24.05, 9999.0, 22.7, 9999.0, 22.86, 22.52, 22.39, 22.41, 22.32
2026-09-22, 04:54:25, 22.48, 22.52, 22.93, 22.82, 9999.0, 9999.0, 9999.0, 24.07, 9999.0, 22.73, 9999.0, 22.84, 22.52, 22.39, 22.39, 22.32
2026-09-22, 04:54:29, 22.48, 22.52, 22.93, 22.82, 9999.0, 9999.0, 9999.0, 24.09, 9999.0, 22.73, 9999.0, 22.84, 22.52, 22.39, 22.39, 22.34
2026-09-22, 04:54:33, 22.48, 22.52, 22.95, 22.8, 9999.0, 9999.0, 9999.0, 24.09, 9999.0, 22.7, 9999.0, 22.82, 22.52, 22.36, 22.41, 22.34
2026-09-22, 04:54:37, 22.48, 22.52, 22.95, 22.8, 9999.0, 9999.0, 9999.0, 24.14, 9999.0, 22.68, 9999.0, 22.8, 22.52, 22.34, 22.43, 22.34
2026-09-22, 04:54:41, 22.48, 22.52, 22.95, 22.82, 9999.0, 9999.0, 9999.0, 24.18, 9999.0, 22.66, 9999.0, 22.77, 22.52, 22.32, 22.41, 22.34
2026-09-22, 04:54:45, 22.48, 22.52, 22.98, 22.82, 9999.0, 9999.0, 9999.0, 24.23, 9999.0, 22.64, 9999.0, 22.75, 22.5, 22.3, 22.43, 22.36
2026-09-22, 04:54:49, 22.48, 22.52, 22.98, 22.8, 9999.0, 9999.0, 9999.0, 24.25, 9999.0, 22.61, 9999.0, 22.75, 22.5, 22.3, 22.43, 22.34
2026-09-22, 04:54:53, 22.5, 22.52, 22.95, 22.82, 9999.0, 9999.0, 9999.0, 24.2, 9999.0, 22.59, 9999.0, 22.77, 22.5, 22.32, 22.43, 22.32
2026-09-22, 04:54:57, 22.5, 22.52, 22.95, 22.84, 9999.0, 9999.0, 9999.0, 24.16, 9999.0, 22.57, 9999.0, 22.8, 22.5, 22.34, 22.43, 22.34
2026-09-22, 04:55:01, 22.5, 22.52, 22.93, 22.86, 9999.0, 9999.0, 9999.0, 24.14, 9999.0, 22.55, 9999.0, 22.82, 22.5, 22.32, 22.43, 22.36
2026-09-22, 04:55:05, 22.5, 22.52, 22.93, 22.89, 9999.0, 9999.0, 9999.0, 24.11, 9999.0, 22.55, 9999.0, 22.84, 22.5, 22.34, 22.45, 22.39
2026-09-22, 04:55:09, 22.5, 22.55, 22.91, 22.89, 9999.0, 9999.0, 9999.0, 24.07, 9999.0, 22.52, 9999.0, 22.86, 22.5, 22.34, 22.48, 22.39
2026-09-22, 04:55:13, 22.5, 22.55, 22.91, 22.91, 9999.0, 9999.0, 9999.0, 24.02, 9999.0, 22.55, 9999.0, 22.86, 22.52, 22.34, 22.48, 22.39
2026-09-22, 04:55:17, 22.5, 22.55, 22.91, 22.93, 9999.0, 9999.0, 9999.0, 24.0, 9999.0, 22.57, 9999.0, 22.86, 22.55, 22.36, 22.48, 22.39
2026-09-22, 04:55:21, 22.5, 22.52, 22.91, 22.95, 9999.0, 9999.0, 9999.0, 23.95, 9999.0, 22.59, 9999.0, 22.86, 22.55, 22.36, 22.48, 22.39
2026-09-22, 04:55:25, 22.5, 22.52, 22.91, 22.93, 9999.0, 9999.0, 9999.0, 23.98, 9999.0, 22.61, 9999.0, 22.86, 22.55, 22.39, 22.48, 22.41
2026-09-22, 04:55:29, 22.5, 22.52, 22.91, 22.95, 9999.0, 9999.0, 9999.0, 23.98, 9999.0, 22.64, 9999.0, 22.86, 22.55, 22.41, 22.48, 22.41
2026-09-22, 04:55:33, 22.5, 22.52, 22.93, 22.95, 9999.0, 9999.0, 9999.0, 24.0, 9999.0, 22.66, 9999.0, 22.86, 22.55, 22.41, 22.48, 22.41
2026-09-22, 04:55:37, 22.5, 22.52, 22.95, 22.95, 9999.0, 9999.0, 9999.0, 24.02, 9999.0, 22.66, 9999.0, 22.84, 22.57, 22.39, 22.45, 22.43
2026-09-22, 04:55:41, 22.5, 22.52, 22.93, 22.95, 9999.0, 9999.0, 9999.0, 24.05, 9999.0, 22.66, 9999.0, 22.82, 22.57, 22.39, 22.45, 22.43
2026-09-22, 04:55:45, 22.5, 22.52, 22.93, 22.95, 9999.0, 9999.0, 9999.0, 24.07, 9999.0, 22.66, 9999.0, 22.8, 22.57, 22.41, 22.43, 22.43
2026-09-22, 04:55:49, 22.5, 22.55, 22.91, 22.93, 9999.0, 9999.0, 9999.0, 24.07, 9999.0, 22.64, 9999.0, 22.77, 22.57, 22.41, 22.43, 22.41
2026-09-22, 04:55:53, 22.5, 22.52, 22.91, 22.91, 9999.0, 9999.0, 9999.0, 24.09, 9999.0, 22.64, 9999.0, 22.75, 22.57, 22.41, 22.43, 22.43
2026-09-22, 04:55:57, 22.5, 22.52, 22.91, 22.89, 9999.0, 9999.0, 9999.0, 24.11, 9999.0, 22.61, 9999.0, 22.75, 22.55, 22.41, 22.43, 22.41
2026-09-22, 04:56:01, 22.5, 22.52, 22.89, 22.86, 9999.0, 9999.0, 9999.0, 24.14, 9999.0, 22.59, 9999.0, 22.75, 22.55, 22.39, 22.43, 22.43
2026-09-22, 04:56:05, 22.5, 22.52, 22.89, 22.84, 9999.0, 9999.0, 9999.0, 24.16, 9999.0, 22.57, 9999.0, 22.77, 22.55, 22.39, 22.43, 22.43
2026-09-22, 04:56:09, 22.5, 22.55, 22.89, 22.84, 9999.0, 9999.0, 9999.0, 24.11, 9999.0, 22.55, 9999.0, 22.8, 22.55, 22.39, 22.45, 22.41
2026-09-22, 04:56:13, 22.5, 22.55, 22.86, 22.82, 9999.0, 9999.0, 9999.0, 24.07, 9999.0, 22.52, 9999.0, 22.82, 22.57, 22.39, 22.45, 22.39
2026-09-22, 04:56:17, 22.5, 22.55, 22.84, 22.84, 9999.0, 9999.0, 9999.0, 24.02, 9999.0, 22.48, 9999.0, 22.84, 22.57, 22.41, 22.45, 22.41
2026-09-22, 04:56:21, 22.5, 22.55, 22.82, 22.84, 9999.0, 9999.0, 9999.0, 23.98, 9999.0, 22.48, 9999.0, 22.86, 22.55, 22.43, 22.45, 22.39
2026-09-22, 04:56:25, 22.5, 22.57, 22.84, 22.84, 9999.0, 9999.0, 9999.0, 23.93, 9999.0, 22.48, 9999.0, 22.89, 22.55, 22.43, 22.45, 22.39
2026-09-22, 04:56:29, 22.5, 22.57, 22.84, 22.84, 9999.0, 9999.0, 9999.0, 23.89, 9999.0, 22.5, 9999.0, 22.91, 22.57, 22.41, 22.48, 22.39
2026-09-22, 04:56:33, 22.5, 22.57, 22.86, 22.86, 9999.0, 9999.0, 9999.0, 23.86, 9999.0, 22.52, 9999.0, 22.93, 22.59, 22.41, 22.48, 22.39
2026-09-22, 04:56:37, 22.5, 22.57, 22.89, 22.89, 9999.0, 9999.0, 9999.0, 23.84, 9999.0, 22.55, 9999.0, 22.95, 22.59, 22.43, 22.48, 22.39
2026-09-22, 04:56:41, 22.5, 22.57, 22.89, 22.89, 9999.0, 9999.0, 9999.0, 23.89, 9999.0, 22.57, 9999.0, 22.98, 22.59, 22.41, 22.48, 22.41
2026-09-22, 04:56:45, 22.5, 22.57, 22.91, 22.89, 9999.0, 9999.0, 9999.0, 23.93, 9999.0, 22.59, 9999.0, 22.98, 22.57, 22.41, 22.48, 22.41
2026-09-22, 04:56:49, 22.5, 22.57, 22.91, 22.91, 9999.0, 9999.0, 9999.0, 23.95, 9999.0, 22.59, 9999.0, 22.95, 22.59, 22.41, 22.48, 22.41
2026-09-22, 04:56:53, 22.5, 22.55, 22.91, 22.93, 9999.0, 9999.0, 9999.0, 23.98, 9999.0, 22.59, 9999.0, 22.93, 22.59, 22.39, 22.48, 22.41
2026-09-22, 04:56:57, 22.5, 22.55, 22.93, 22.93, 9999.0, 9999.0, 9999.0, 24.02, 9999.0, 22.59, 9999.0, 22.91, 22.57, 22.36, 22.48, 22.43
2026-09-22, 04:57:01, 22.5, 22.55, 22.93, 22.93, 9999.0, 9999.0, 9999.0, 24.07, 9999.0, 22.61, 9999.0, 22.89, 22.57, 22.36, 22.48, 22.43
2026-09-22, 04:57:05, 22.5, 22.55, 22.93, 22.93, 9999.0, 9999.0, 9999.0, 24.09, 9999.0, 22.61, 9999.0, 22.86, 22.57, 22.34, 22.5, 22.45
2026-09-22, 04:57:10, 22.5, 22.52, 22.93, 22.91, 9999.0, 9999.0, 9999.0, 24.11, 9999.0, 22.61, 9999.0, 22.84, 22.57, 22.32, 22.5, 22.45
2026-09-22, 04:57:14, 22.5, 22.52, 22.93, 22.89, 9999.0, 9999.0, 9999.0, 24.16, 9999.0, 22.59, 9999.0, 22.82, 22.55, 22.34, 22.5, 22.45
2026-09-22, 04:57:18, 22.5, 22.5, 22.93, 22.86, 9999.0, 9999.0, 9999.0, 24.18, 9999.0, 22.57, 9999.0, 22.82, 22.52, 22.34, 22.5, 22.45
2026-09-22, 04:57:22, 22.5, 22.5, 22.93, 22.86, 9999.0, 9999.0, 9999.0, 24.2, 9999.0, 22.55, 9999.0, 22.82, 22.52, 22.32, 22.5, 22.45
2026-09-22, 04:57:26, 22.5, 22.5, 22.93, 22.89, 9999.0, 9999.0, 9999.0, 24.16, 9999.0, 22.52, 9999.0, 22.8, 22.52, 22.34, 22.5, 22.45
2026-09-22, 04:57:30, 22.5, 22.5, 22.93, 22.91, 9999.0, 9999.0, 9999.0, 24.11, 9999.0, 22.5, 9999.0, 22.82, 22.55, 22.36, 22.5, 22.43
2026-09-22, 04:57:34, 22.5, 22.5, 22.93, 22.91, 9999.0, 9999.0, 9999.0, 24.09, 9999.0, 22.5, 9999.0, 22.84, 22.55, 22.36, 22.5, 22.43
2026-09-22, 04:57:38, 22.5, 22.5, 22.93, 22.89, 9999.0, 9999.0, 9999.0, 24.05, 9999.0, 22.5, 9999.0, 22.86, 22.55, 22.39, 22.5, 22.45
2026-09-22, 04:57:42, 22.5, 22.52, 22.93, 22.91, 9999.0, 9999.0, 9999.0, 24.0, 9999.0, 22.5, 9999.0, 22.89, 22.55, 22.41, 22.5, 22.43
2026-09-22, 04:57:46, 22.5, 22.55, 22.95, 22.91, 9999.0, 9999.0, 9999.0, 23.95, 9999.0, 22.5, 9999.0, 22.91, 22.55, 22.39, 22.5, 22.43
2026-09-22, 04:57:50, 22.5, 22.55, 22.95, 22.91, 9999.0, 9999.0, 9999.0, 23.93, 9999.0, 22.52, 9999.0, 22.93, 22.57, 22.41, 22.5, 22.43
2026-09-22, 04:57:54, 22.5, 22.55, 22.95, 22.93, 9999.0, 9999.0, 9999.0, 23.91, 9999.0, 22.52, 9999.0, 22.93, 22.59, 22.43, 22.5, 22.41
2026-09-22, 04:57:58, 22.5, 22.57, 22.98, 22.93, 9999.0, 9999.0, 9999.0, 23.93, 9999.0, 22.52, 9999.0, 22.95, 22.61, 22.43, 22.5, 22.41
2026-09-22, 04:58:02, 22.48, 22.57, 22.98, 22.93, 9999.0, 9999.0, 9999.0, 23.95, 9999.0, 22.52, 9999.0, 22.93, 22.64, 22.41, 22.5, 22.41
2026-09-22, 04:58:06, 22.48, 22.57, 22.98, 22.93, 9999.0, 9999.0, 9999.0, 23.98, 9999.0, 22.52, 9999.0, 22.91, 22.64, 22.41, 22.48, 22.41
2026-09-22, 04:58:10, 22.48, 22.57, 22.95, 22.93, 9999.0, 9999.0, 9999.0, 24.0, 9999.0, 22.52, 9999.0, 22.91, 22.64, 22.39, 22.48, 22.39
2026-09-22, 04:58:14, 22.48, 22.57, 22.93, 22.91, 9999.0, 9999.0, 9999.0, 24.02, 9999.0, 22.52, 9999.0, 22.89, 22.61, 22.36, 22.48, 22.41
2026-09-22, 04:58:18, 22.48, 22.57, 22.93, 22.91, 9999.0, 9999.0, 9999.0, 24.02, 9999.0, 22.52, 9999.0, 22.86, 22.59, 22.39, 22.48, 22.41
2026-09-22, 04:58:22, 22.48, 22.57, 22.93, 22.93, 9999.0, 9999.0, 9999.0, 24.05, 9999.0, 22.5, 9999.0, 22.84, 22.59, 22.36, 22.48, 22.39
2026-09-22, 04:58:26, 22.48, 22.55, 22.91, 22.91, 9999.0, 9999.0, 9999.0, 24.07, 9999.0, 22.48, 9999.0, 22.82, 22.59, 22.36, 22.48, 22.41
2026-09-22, 04:58:30, 22.48, 22.52, 22.91, 22.89, 9999.0, 9999.0, 9999.0, 24.09, 9999.0, 22.45, 9999.0, 22.8, 22.59, 22.39, 22.48, 22.39
2026-09-22, 04:58:34, 22.48, 22.55, 22.93, 22.89, 9999.0, 9999.0, 9999.0, 24.11, 9999.0, 22.41, 9999.0, 22.8, 22.57, 22.36, 22.48, 22.39
2026-09-22, 04:58:38, 22.48, 22.55, 22.91, 22.89, 9999.0, 9999.0, 9999.0, 24.14, 9999.0, 22.39, 9999.0, 22.82, 22.55, 22.34, 22.45, 22.41
2026-09-22, 04:58:42, 22.48, 22.52, 22.89, 22.91, 9999.0, 9999.0, 9999.0, 24.07, 9999.0, 22.36, 9999.0, 22.82, 22.52, 22.34, 22.45, 22.41
2026-09-22, 04:58:46, 22.5, 22.52, 22.86, 22.93, 9999.0, 9999.0, 9999.0, 24.02, 9999.0, 22.34, 9999.0, 22.84, 22.52, 22.36, 22.45, 22.43
2026-09-22, 04:58:50, 22.5, 22.52, 22.86, 22.93, 9999.0, 9999.0, 9999.0, 23.98, 9999.0, 22.32, 9999.0, 22.86, 22.52, 22.39, 22.48, 22.43
2026-09-22, 04:58:54, 22.5, 22.52, 22.86, 22.93, 9999.0, 9999.0, 9999.0, 23.93, 9999.0, 22.32, 9999.0, 22.89, 22.52, 22.41, 22.48, 22.45
2026-09-22, 04:58:58, 22.5, 22.52, 22.89, 22.95, 9999.0, 9999.0, 9999.0, 23.89, 9999.0, 22.32, 9999.0, 22.91, 22.55, 22.43, 22.48, 22.45
2026-09-22, 04:59:02, 22.5, 22.52, 22.89, 22.95, 9999.0, 9999.0, 9999.0, 23.84, 9999.0, 22.32, 9999.0, 22.93, 22.57, 22.41, 22.48, 22.45
2026-09-22, 04:59:06, 22.5, 22.52, 22.89, 22.95, 9999.0, 9999.0, 9999.0, 23.8, 9999.0, 22.34, 9999.0, 22.95, 22.59, 22.41, 22.48, 22.48
2026-09-22, 04:59:10, 22.5, 22.52, 22.91, 22.98, 9999.0, 9999.0, 9999.0, 23.75, 9999.0, 22.39, 9999.0, 22.98, 22.61, 22.41, 22.48, 22.48
2026-09-22, 04:59:14, 22.5, 22.52, 22.89, 23.0, 9999.0, 9999.0, 9999.0, 23.8, 9999.0, 22.41, 9999.0, 23.0, 22.64, 22.39, 22.48, 22.5
2026-09-22, 04:59:18, 22.5, 22.5, 22.89, 22.98, 9999.0, 9999.0, 9999.0, 23.82, 9999.0, 22.43, 9999.0, 22.98, 22.66, 22.39, 22.48, 22.5
2026-09-22, 04:59:22, 22.5, 22.52, 22.91, 22.98, 9999.0, 9999.0, 9999.0, 23.84, 9999.0, 22.45, 9999.0, 22.95, 22.68, 22.39, 22.5, 22.5
2026-09-22, 04:59:26, 22.5, 22.52, 22.93, 22.98, 9999.0, 9999.0, 9999.0, 23.89, 9999.0, 22.48, 9999.0, 22.93, 22.7, 22.36, 22.5, 22.5
2026-09-22, 04:59:30, 22.5, 22.52, 22.93, 22.98, 9999.0, 9999.0, 9999.0, 23.91, 9999.0, 22.48, 9999.0, 22.91, 22.68, 22.36, 22.48, 22.5
2026-09-22, 04:59:34, 22.5, 22.52, 22.93, 22.98, 9999.0, 9999.0, 9999.0, 23.93, 9999.0, 22.48, 9999.0, 22.89, 22.68, 22.36, 22.48, 22.5
2026-09-22, 04:59:38, 22.5, 22.52, 22.95, 22.95, 9999.0, 9999.0, 9999.0, 23.95, 9999.0, 22.48, 9999.0, 22.86, 22.68, 22.36, 22.48, 22.5
2026-09-22, 04:59:42, 22.5, 22.52, 22.95, 22.95, 9999.0, 9999.0, 9999.0, 23.98, 9999.0, 22.45, 9999.0, 22.84, 22.66, 22.36, 22.48, 22.5
2026-09-22, 04:59:46, 22.5, 22.52, 22.95, 22.95, 9999.0, 9999.0, 9999.0, 24.02, 9999.0, 22.43, 9999.0, 22.82, 22.64, 22.39, 22.48, 22.5
2026-09-22, 04:59:50, 22.5, 22.52, 22.95, 22.95, 9999.0, 9999.0, 9999.0, 24.07, 9999.0, 22.41, 9999.0, 22.82, 22.61, 22.41, 22.48, 22.5
2026-09-22, 04:59:54, 22.5, 22.52, 22.93, 22.95, 9999.0, 9999.0, 9999.0, 24.11, 9999.0, 22.36, 9999.0, 22.8, 22.59, 22.41, 22.48, 22.5
2026-09-22, 04:59:58, 22.5, 22.52, 22.95, 22.95, 9999.0, 9999.0, 9999.0, 24.05, 9999.0, 22.34, 9999.0, 22.8, 22.57, 22.43, 22.48, 22.5
2026-09-22, 05:00:02, 22.5, 22.52, 22.95, 22.95, 9999.0, 9999.0, 9999.0, 24.0, 9999.0, 22.32, 9999.0, 22.82, 22.55, 22.45, 22.48, 22.5
2026-09-22, 05:00:06, 22.5, 22.5, 22.95, 22.95, 9999.0, 9999.0, 9999.0, 23.95, 9999.0, 22.27, 9999.0, 22.84, 22.52, 22.48, 22.48, 22.5
2026-09-22, 05:00:10, 22.5, 22.5, 22.93, 22.95, 9999.0, 9999.0, 9999.0, 23.91, 9999.0, 22.25, 9999.0, 22.86, 22.5, 22.5, 22.48, 22.5
2026-09-22, 05:00:14, 22.5, 22.5, 22.95, 22.95, 9999.0, 9999.0, 9999.0, 23.89, 9999.0, 22.27, 9999.0, 22.89, 22.52, 22.5, 22.5, 22.5
2026-09-22, 05:00:18, 22.5, 22.5, 22.95, 22.95, 9999.0, 9999.0, 9999.0, 23.84, 9999.0, 22.3, 9999.0, 22.89, 22.55, 22.5, 22.48, 22.5
2026-09-22, 05:00:22, 22.5, 22.52, 22.95, 22.98, 9999.0, 9999.0, 9999.0, 23.8, 9999.0, 22.3, 9999.0, 22.91, 22.57, 22.5, 22.48, 22.5
2026-09-22, 05:00:26, 22.5, 22.52, 22.95, 22.98, 9999.0, 9999.0, 9999.0, 23.75, 9999.0, 22.32, 9999.0, 22.93, 22.59, 22.5, 22.48, 22.5
2026-09-22, 05:00:30, 22.5, 22.52, 22.95, 22.98, 9999.0, 9999.0, 9999.0, 23.77, 9999.0, 22.34, 9999.0, 22.95, 22.59, 22.5, 22.48, 22.5
2026-09-22, 05:00:34, 22.5, 22.52, 22.95, 22.98, 9999.0, 9999.0, 9999.0, 23.8, 9999.0, 22.36, 9999.0, 22.93, 22.61, 22.5, 22.48, 22.5
2026-09-22, 05:00:38, 22.5, 22.52, 22.98, 22.98, 9999.0, 9999.0, 9999.0, 23.8, 9999.0, 22.36, 9999.0, 22.93, 22.64, 22.5, 22.48, 22.5
2026-09-22, 05:00:42, 22.5, 22.52, 22.98, 22.95, 9999.0, 9999.0, 9999.0, 23.84, 9999.0, 22.36, 9999.0, 22.91, 22.66, 22.5, 22.48, 22.5
2026-09-22, 05:00:46, 22.5, 22.55, 22.95, 22.98, 9999.0, 9999.0, 9999.0, 23.86, 9999.0, 22.39, 9999.0, 22.89, 22.68, 22.5, 22.48, 22.5
2026-09-22, 05:00:50, 22.5, 22.57, 22.95, 22.98, 9999.0, 9999.0, 9999.0, 23.89, 9999.0, 22.41, 9999.0, 22.86, 22.7, 22.5, 22.48, 22.5
2026-09-22, 05:00:54, 22.5, 22.57, 22.98, 22.98, 9999.0, 9999.0, 9999.0, 23.91, 9999.0, 22.41, 9999.0, 22.84, 22.73, 22.5, 22.45, 22.5
2026-09-22, 05:00:58, 22.5, 22.57, 22.98, 22.98, 9999.0, 9999.0, 9999.0, 23.93, 9999.0, 22.39, 9999.0, 22.82, 22.7, 22.5, 22.45, 22.5
2026-09-22, 05:01:03, 22.5, 22.57, 22.98, 22.98, 9999.0, 9999.0, 9999.0, 23.98, 9999.0, 22.36, 9999.0, 22.82, 22.68, 22.5, 22.48, 22.5
2026-09-22, 05:01:07, 22.5, 22.55, 22.98, 22.98, 9999.0, 9999.0, 9999.0, 24.02, 9999.0, 22.34, 9999.0, 22.82, 22.66, 22.5, 22.48, 22.5
2026-09-22, 05:01:11, 22.5, 22.55, 22.98, 22.98, 9999.0, 9999.0, 9999.0, 24.05, 9999.0, 22.32, 9999.0, 22.82, 22.64, 22.5, 22.48, 22.5
2026-09-22, 05:01:15, 22.5, 22.55, 22.95, 22.98, 9999.0, 9999.0, 9999.0, 24.0, 9999.0, 22.3, 9999.0, 22.82, 22.64, 22.5, 22.48, 22.5
2026-09-22, 05:01:19, 22.5, 22.55, 22.95, 22.95, 9999.0, 9999.0, 9999.0, 23.95, 9999.0, 22.27, 9999.0, 22.84, 22.61, 22.5, 22.48, 22.5
2026-09-22, 05:01:23, 22.5, 22.55, 22.95, 22.95, 9999.0, 9999.0, 9999.0, 23.93, 9999.0, 22.27, 9999.0, 22.86, 22.59, 22.5, 22.48, 22.5
2026-09-22, 05:01:27, 22.5, 22.55, 22.95, 22.98, 9999.0, 9999.0, 9999.0, 23.89, 9999.0, 22.3, 9999.0, 22.89, 22.59, 22.5, 22.48, 22.5
2026-09-22, 05:01:31, 22.5, 22.52, 22.98, 22.98, 9999.0, 9999.0, 9999.0, 23.84, 9999.0, 22.3, 9999.0, 22.91, 22.59, 22.5, 22.48, 22.5
2026-09-22, 05:01:35, 22.5, 22.5, 22.98, 22.98, 9999.0, 9999.0, 9999.0, 23.8, 9999.0, 22.32, 9999.0, 22.93, 22.59, 22.5, 22.48, 22.5
2026-09-22, 05:01:39, 22.5, 22.5, 22.98, 22.98, 9999.0, 9999.0, 9999.0, 23.75, 9999.0, 22.34, 9999.0, 22.95, 22.59, 22.48, 22.5, 22.5
2026-09-22, 05:01:43, 22.5, 22.5, 22.95, 22.98, 9999.0, 9999.0, 9999.0, 23.7, 9999.0, 22.36, 9999.0, 22.95, 22.61, 22.48, 22.5, 22.5
2026-09-22, 05:01:47, 22.5, 22.52, 22.93, 22.98, 9999.0, 9999.0, 9999.0, 23.73, 9999.0, 22.39, 9999.0, 22.98, 22.64, 22.48, 22.5, 22.5
2026-09-22, 05:01:51, 22.5, 22.52, 22.93, 22.98, 9999.0, 9999.0, 9999.0, 23.75, 9999.0, 22.41, 9999.0, 22.98, 22.66, 22.48, 22.5, 22.5
2026-09-22, 05:01:55, 22.5, 22.52, 22.93, 22.98, 9999.0, 9999.0, 9999.0, 23.8, 9999.0, 22.41, 9999.0, 22.95, 22.68, 22.48, 22.5, 22.5
2026-09-22, 05:01:59, 22.5, 22.52, 22.95, 22.98, 9999.0, 9999.0, 9999.0, 23.82, 9999.0, 22.41, 9999.0, 22.93, 22.7, 22.48, 22.5, 22.5
2026-09-22, 05:02:03, 22.5, 22.52, 22.95, 23.0, 9999.0, 9999.0, 9999.0, 23.84, 9999.0, 22.43, 9999.0, 22.91, 22.73, 22.48, 22.5, 22.5
2026-09-22, 05:02:07, 22.5, 22.52, 22.95, 23.0, 9999.0, 9999.0, 9999.0, 23.86, 9999.0, 22.43, 9999.0, 22.89, 22.73, 22.48, 22.5, 22.5
2026-09-22, 05:02:11, 22.5, 22.52, 22.95, 23.0, 9999.0, 9999.0, 9999.0, 23.86, 9999.0, 22.41, 9999.0, 22.86, 22.73, 22.48, 22.5, 22.5
2026-09-22, 05:02:15, 22.48, 22.52, 22.95, 23.0, 9999.0, 9999.0, 9999.0, 23.89, 9999.0, 22.39, 9999.0, 22.84, 22.7, 22.48, 22.5, 22.5
2026-09-22, 05:02:19, 22.48, 22.52, 22.95, 23.0, 9999.0, 9999.0, 9999.0, 23.93, 9999.0, 22.36, 9999.0, 22.82, 22.7, 22.48, 22.5, 22.5
2026-09-22, 05:02:23, 22.48, 22.55, 22.95, 23.0, 9999.0, 9999.0, 9999.0, 23.98, 9999.0, 22.34, 9999.0, 22.82, 22.7, 22.5, 22.5, 22.5
2026-09-22, 05:02:27, 22.48, 22.55, 22.98, 23.0, 9999.0, 9999.0, 9999.0, 24.02, 9999.0, 22.32, 9999.0, 22.84, 22.68, 22.5, 22.5, 22.5
2026-09-22, 05:02:31, 22.48, 22.55, 22.98, 22.98, 9999.0, 9999.0, 9999.0, 23.98, 9999.0, 22.3, 9999.0, 22.84, 22.68, 22.48, 22.5, 22.5
2026-09-22, 05:02:35, 22.48, 22.55, 22.98, 22.98, 9999.0, 9999.0, 9999.0, 23.93, 9999.0, 22.27, 9999.0, 22.84, 22.68, 22.48, 22.5, 22.5
2026-09-22, 05:02:39, 22.48, 22.57, 22.98, 22.98, 9999.0, 9999.0, 9999.0, 23.86, 9999.0, 22.27, 9999.0, 22.86, 22.68, 22.48, 22.5, 22.5
2026-09-22, 05:02:43, 22.48, 22.59, 22.98, 22.98, 9999.0, 9999.0, 9999.0, 23.82, 9999.0, 22.27, 9999.0, 22.89, 22.68, 22.48, 22.5, 22.5
2026-09-22, 05:02:47, 22.48, 22.61, 22.98, 22.98, 9999.0, 9999.0, 9999.0, 23.77, 9999.0, 22.25, 9999.0, 22.91, 22.66, 22.48, 22.5, 22.5
2026-09-22, 05:02:51, 22.48, 22.64, 22.98, 22.98, 9999.0, 9999.0, 9999.0, 23.73, 9999.0, 22.25, 9999.0, 22.93, 22.68, 22.48, 22.5, 22.5
2026-09-22, 05:02:55, 22.48, 22.64, 22.98, 22.98, 9999.0, 9999.0, 9999.0, 23.7, 9999.0, 22.27, 9999.0, 22.95, 22.68, 22.48, 22.5, 22.5
2026-09-22, 05:02:59, 22.5, 22.64, 22.98, 22.98, 9999.0, 9999.0, 9999.0, 23.68, 9999.0, 22.3, 9999.0, 22.98, 22.68, 22.48, 22.5, 22.5
2026-09-22, 05:03:03, 22.5, 22.64, 22.95, 22.98, 9999.0, 9999.0, 9999.0, 23.7, 9999.0, 22.32, 9999.0, 23.0, 22.66, 22.48, 22.5, 22.5
2026-09-22, 05:03:07, 22.5, 22.61, 22.95, 22.98, 9999.0, 9999.0, 9999.0, 23.73, 9999.0, 22.32, 9999.0, 23.0, 22.64, 22.48, 22.5, 22.5
2026-09-22, 05:03:11, 22.5, 22.61, 22.95, 22.98, 9999.0, 9999.0, 9999.0, 23.75, 9999.0, 22.32, 9999.0, 22.98, 22.66, 22.48, 22.5, 22.5
2026-09-22, 05:03:15, 22.5, 22.61, 22.98, 23.0, 9999.0, 9999.0, 9999.0, 23.77, 9999.0, 22.34, 9999.0, 22.95, 22.66, 22.5, 22.5, 22.5
2026-09-22, 05:03:19, 22.5, 22.61, 22.98, 23.0, 9999.0, 9999.0, 9999.0, 23.8, 9999.0, 22.34, 9999.0, 22.93, 22.64, 22.48, 22.5, 22.5
2026-09-22, 05:03:23, 22.5, 22.59, 22.98, 23.0, 9999.0, 9999.0, 9999.0, 23.84, 9999.0, 22.34, 9999.0, 22.91, 22.61, 22.45, 22.5, 22.5
2026-09-22, 05:03:27, 22.5, 22.57, 22.98, 22.98, 9999.0, 9999.0, 9999.0, 23.89, 9999.0, 22.34, 9999.0, 22.89, 22.61, 22.45, 22.5, 22.48
2026-09-22, 05:03:31, 22.5, 22.55, 22.98, 22.98, 9999.0, 9999.0, 9999.0, 23.91, 9999.0, 22.34, 9999.0, 22.86, 22.61, 22.45, 22.5, 22.48
2026-09-22, 05:03:35, 22.5, 22.52, 22.98, 22.98, 9999.0, 9999.0, 9999.0, 23.95, 9999.0, 22.34, 9999.0, 22.84, 22.61, 22.45, 22.5, 22.45
2026-09-22, 05:03:39, 22.5, 22.52, 22.98, 22.98, 9999.0, 9999.0, 9999.0, 24.0, 9999.0, 22.32, 9999.0, 22.84, 22.59, 22.45, 22.5, 22.45
2026-09-22, 05:03:43, 22.5, 22.52, 22.98, 22.98, 9999.0, 9999.0, 9999.0, 24.05, 9999.0, 22.3, 9999.0, 22.84, 22.59, 22.45, 22.5, 22.45
2026-09-22, 05:03:47, 22.5, 22.52, 23.0, 22.98, 9999.0, 9999.0, 9999.0, 24.0, 9999.0, 22.27, 9999.0, 22.84, 22.59, 22.43, 22.5, 22.45
2026-09-22, 05:03:51, 22.5, 22.52, 23.0, 22.98, 9999.0, 9999.0, 9999.0, 23.95, 9999.0, 22.27, 9999.0, 22.84, 22.61, 22.43, 22.5, 22.45
2026-09-22, 05:03:55, 22.5, 22.55, 23.0, 22.98, 9999.0, 9999.0, 9999.0, 23.91, 9999.0, 22.27, 9999.0, 22.86, 22.61, 22.41, 22.5, 22.45
2026-09-22, 05:03:59, 22.5, 22.52, 22.98, 22.98, 9999.0, 9999.0, 9999.0, 23.89, 9999.0, 22.25, 9999.0, 22.89, 22.61, 22.39, 22.5, 22.45
2026-09-22, 05:04:03, 22.5, 22.52, 22.95, 22.95, 9999.0, 9999.0, 9999.0, 23.86, 9999.0, 22.25, 9999.0, 22.91, 22.64, 22.41, 22.5, 22.45
2026-09-22, 05:04:07, 22.5, 22.52, 22.95, 22.95, 9999.0, 9999.0, 9999.0, 23.82, 9999.0, 22.25, 9999.0, 22.93, 22.66, 22.43, 22.5, 22.45
2026-09-22, 05:04:11, 22.48, 22.52, 22.95, 22.98, 9999.0, 9999.0, 9999.0, 23.77, 9999.0, 22.27, 9999.0, 22.95, 22.66, 22.43, 22.5, 22.48
2026-09-22, 05:04:15, 22.48, 22.52, 22.95, 22.98, 9999.0, 9999.0, 9999.0, 23.75, 9999.0, 22.3, 9999.0, 22.98, 22.68, 22.43, 22.5, 22.48
2026-09-22, 05:04:19, 22.48, 22.52, 22.95, 22.98, 9999.0, 9999.0, 9999.0, 23.77, 9999.0, 22.32, 9999.0, 23.0, 22.68, 22.43, 22.5, 22.5
2026-09-22, 05:04:23, 22.48, 22.52, 22.93, 22.98, 9999.0, 9999.0, 9999.0, 23.8, 9999.0, 22.34, 9999.0, 22.98, 22.7, 22.41, 22.5, 22.5
2026-09-22, 05:04:27, 22.48, 22.52, 22.93, 22.98, 9999.0, 9999.0, 9999.0, 23.82, 9999.0, 22.34, 9999.0, 22.98, 22.73, 22.41, 22.5, 22.5
2026-09-22, 05:04:31, 22.48, 22.52, 22.91, 22.95, 9999.0, 9999.0, 9999.0, 23.84, 9999.0, 22.34, 9999.0, 22.95, 22.75, 22.43, 22.5, 22.5
2026-09-22, 05:04:35, 22.48, 22.52, 22.91, 22.95, 9999.0, 9999.0, 9999.0, 23.86, 9999.0, 22.34, 9999.0, 22.93, 22.75, 22.41, 22.5, 22.5
2026-09-22, 05:04:39, 22.48, 22.5, 22.91, 22.95, 9999.0, 9999.0, 9999.0, 23.89, 9999.0, 22.34, 9999.0, 22.91, 22.75, 22.41, 22.5, 22.5
2026-09-22, 05:04:43, 22.48, 22.5, 22.93, 22.95, 9999.0, 9999.0, 9999.0, 23.91, 9999.0, 22.34, 9999.0, 22.89, 22.73, 22.43, 22.5, 22.5
2026-09-22, 05:04:47, 22.48, 22.5, 22.93, 22.98, 9999.0, 9999.0, 9999.0, 23.93, 9999.0, 22.34, 9999.0, 22.86, 22.7, 22.43, 22.5, 22.5
2026-09-22, 05:04:51, 22.48, 22.5, 22.93, 22.98, 9999.0, 9999.0, 9999.0, 23.95, 9999.0, 22.34, 9999.0, 22.84, 22.68, 22.43, 22.5, 22.5
2026-09-22, 05:04:56, 22.5, 22.5, 22.93, 22.98, 9999.0, 9999.0, 9999.0, 24.0, 9999.0, 22.32, 9999.0, 22.82, 22.66, 22.43, 22.5, 22.5
2026-09-22, 05:05:00, 22.5, 22.5, 22.93, 22.98, 9999.0, 9999.0, 9999.0, 24.05, 9999.0, 22.3, 9999.0, 22.8, 22.64, 22.43, 22.5, 22.5
2026-09-22, 05:05:04, 22.5, 22.5, 22.93, 22.98, 9999.0, 9999.0, 9999.0, 24.0, 9999.0, 22.27, 9999.0, 22.77, 22.61, 22.41, 22.5, 22.5
2026-09-22, 05:05:08, 22.5, 22.5, 22.95, 22.98, 9999.0, 9999.0, 9999.0, 23.95, 9999.0, 22.25, 9999.0, 22.8, 22.59, 22.43, 22.5, 22.5
2026-09-22, 05:05:12, 22.5, 22.5, 22.95, 22.98, 9999.0, 9999.0, 9999.0, 23.91, 9999.0, 22.25, 9999.0, 22.8, 22.59, 22.43, 22.5, 22.5
2026-09-22, 05:05:16, 22.5, 22.5, 22.98, 23.0, 9999.0, 9999.0, 9999.0, 23.89, 9999.0, 22.27, 9999.0, 22.82, 22.57, 22.43, 22.5, 22.5
2026-09-22, 05:05:20, 22.5, 22.5, 22.98, 23.0, 9999.0, 9999.0, 9999.0, 23.84, 9999.0, 22.3, 9999.0, 22.84, 22.55, 22.45, 22.5, 22.5
2026-09-22, 05:05:24, 22.5, 22.5, 22.98, 23.0, 9999.0, 9999.0, 9999.0, 23.8, 9999.0, 22.32, 9999.0, 22.86, 22.55, 22.48, 22.5, 22.5
2026-09-22, 05:05:28, 22.5, 22.5, 22.98, 23.0, 9999.0, 9999.0, 9999.0, 23.75, 9999.0, 22.34, 9999.0, 22.89, 22.57, 22.48, 22.5, 22.5
2026-09-22, 05:05:32, 22.5, 22.52, 23.0, 23.0, 9999.0, 9999.0, 9999.0, 23.7, 9999.0, 22.36, 9999.0, 22.89, 22.59, 22.48, 22.5, 22.5
2026-09-22, 05:05:36, 22.5, 22.55, 23.0, 23.0, 9999.0, 9999.0, 9999.0, 23.77, 9999.0, 22.39, 9999.0, 22.91, 22.61, 22.48, 22.5, 22.5
2026-09-22, 05:05:40, 22.5, 22.55, 23.0, 23.0, 9999.0, 9999.0, 9999.0, 23.82, 9999.0, 22.41, 9999.0, 22.91, 22.64, 22.48, 22.5, 22.5
2026-09-22, 05:05:44, 22.5, 22.57, 23.0, 23.0, 9999.0, 9999.0, 9999.0, 23.84, 9999.0, 22.43, 9999.0, 22.93, 22.66, 22.48, 22.5, 22.5
2026-09-22, 05:05:48, 22.5, 22.59, 23.0, 23.0, 9999.0, 9999.0, 9999.0, 23.89, 9999.0, 22.43, 9999.0, 22.93, 22.66, 22.5, 22.5, 22.5
2026-09-22, 05:05:52, 22.5, 22.59, 23.0, 23.0, 9999.0, 9999.0, 9999.0, 23.91, 9999.0, 22.43, 9999.0, 22.91, 22.66, 22.5, 22.5, 22.5
2026-09-22, 05:05:56, 22.5, 22.59, 23.0, 23.0, 9999.0, 9999.0, 9999.0, 23.93, 9999.0, 22.43, 9999.0, 22.89, 22.64, 22.5, 22.5, 22.5
2026-09-22, 05:06:00, 22.5, 22.59, 23.0, 23.0, 9999.0, 9999.0, 9999.0, 23.95, 9999.0, 22.41, 9999.0, 22.86, 22.64, 22.5, 22.5, 22.5
2026-09-22, 05:06:04, 22.5, 22.59, 22.98, 23.0, 9999.0, 9999.0, 9999.0, 23.98, 9999.0, 22.39, 9999.0, 22.84, 22.64, 22.5, 22.5, 22.5
2026-09-22, 05:06:08, 22.5, 22.59, 22.98, 23.0, 9999.0, 9999.0, 9999.0, 24.02, 9999.0, 22.36, 9999.0, 22.82, 22.64, 22.5, 22.5, 22.5
2026-09-22, 05:06:12, 22.5, 22.59, 22.98, 23.0, 9999.0, 9999.0, 9999.0, 24.05, 9999.0, 22.34, 9999.0, 22.82, 22.61, 22.5, 22.5, 22.5
2026-09-22, 05:06:16, 22.5, 22.57, 22.95, 23.0, 9999.0, 9999.0, 9999.0, 24.07, 9999.0, 22.32, 9999.0, 22.84, 22.59, 22.5, 22.5, 22.5
2026-09-22, 05:06:20, 22.5, 22.55, 22.95, 23.0, 9999.0, 9999.0, 9999.0, 24.0, 9999.0, 22.3, 9999.0, 22.84, 22.59, 22.5, 22.5, 22.5
2026-09-22, 05:06:24, 22.5, 22.55, 22.93, 23.0, 9999.0, 9999.0, 9999.0, 23.93, 9999.0, 22.27, 9999.0, 22.86, 22.59, 22.5, 22.5, 22.5
2026-09-22, 05:06:28, 22.5, 22.52, 22.93, 23.0, 9999.0, 9999.0, 9999.0, 23.89, 9999.0, 22.25, 9999.0, 22.86, 22.59, 22.5, 22.5, 22.5
2026-09-22, 05:06:32, 22.5, 22.5, 22.93, 23.0, 9999.0, 9999.0, 9999.0, 23.84, 9999.0, 22.27, 9999.0, 22.89, 22.59, 22.5, 22.5, 22.5
2026-09-22, 05:06:36, 22.5, 22.5, 22.93, 23.0, 9999.0, 9999.0, 9999.0, 23.8, 9999.0, 22.3, 9999.0, 22.91, 22.61, 22.5, 22.5, 22.5
2026-09-22, 05:06:40, 22.5, 22.5, 22.93, 23.0, 9999.0, 9999.0, 9999.0, 23.75, 9999.0, 22.32, 9999.0, 22.93, 22.64, 22.5, 22.5, 22.5
2026-09-22, 05:06:44, 22.5, 22.52, 22.93, 23.0, 9999.0, 9999.0, 9999.0, 23.7, 9999.0, 22.36, 9999.0, 22.95, 22.66, 22.5, 22.5, 22.5
2026-09-22, 05:06:48, 22.5, 22.52, 22.95, 23.0, 9999.0, 9999.0, 9999.0, 23.68, 9999.0, 22.39, 9999.0, 22.98, 22.68, 22.5, 22.5, 22.5
2026-09-22, 05:06:52, 22.5, 22.55, 22.95, 23.0, 9999.0, 9999.0, 9999.0, 23.7, 9999.0, 22.41, 9999.0, 23.0, 22.66, 22.5, 22.5, 22.5
2026-09-22, 05:06:56, 22.5, 22.55, 22.95, 23.0, 9999.0, 9999.0, 9999.0, 23.75, 9999.0, 22.43, 9999.0, 23.0, 22.66, 22.5, 22.5, 22.5
2026-09-22, 05:07:00, 22.5, 22.55, 22.98, 23.0, 9999.0, 9999.0, 9999.0, 23.8, 9999.0, 22.45, 9999.0, 22.98, 22.66, 22.48, 22.5, 22.5
2026-09-22, 05:07:04, 22.5, 22.55, 22.98, 23.0, 9999.0, 9999.0, 9999.0, 23.84, 9999.0, 22.48, 9999.0, 22.95, 22.66, 22.45, 22.5, 22.5
2026-09-22, 05:07:08, 22.5, 22.55, 23.0, 23.0, 9999.0, 9999.0, 9999.0, 23.86, 9999.0, 22.5, 9999.0, 22.93, 22.66, 22.45, 22.5, 22.5
2026-09-22, 05:07:12, 22.5, 22.55, 23.0, 23.0, 9999.0, 9999.0, 9999.0, 23.89, 9999.0, 22.52, 9999.0, 22.91, 22.66, 22.45, 22.5, 22.5
2026-09-22, 05:07:16, 22.5, 22.55, 23.0, 23.0, 9999.0, 9999.0, 9999.0, 23.91, 9999.0, 22.5, 9999.0, 22.89, 22.68, 22.43, 22.5, 22.5
2026-09-22, 05:07:20, 22.5, 22.55, 23.0, 23.0, 9999.0, 9999.0, 9999.0, 23.93, 9999.0, 22.48, 9999.0, 22.86, 22.66, 22.41, 22.5, 22.5
2026-09-22, 05:07:24, 22.5, 22.55, 23.0, 23.0, 9999.0, 9999.0, 9999.0, 23.98, 9999.0, 22.48, 9999.0, 22.84, 22.64, 22.41, 22.5, 22.5
2026-09-22, 05:07:28, 22.5, 22.52, 23.0, 23.0, 9999.0, 9999.0, 9999.0, 24.0, 9999.0, 22.43, 9999.0, 22.84, 22.64, 22.41, 22.5, 22.5
2026-09-22, 05:07:32, 22.5, 22.52, 23.0, 23.0, 9999.0, 9999.0, 9999.0, 24.02, 9999.0, 22.41, 9999.0, 22.84, 22.64, 22.41, 22.5, 22.5
2026-09-22, 05:07:36, 22.5, 22.5, 23.0, 23.0, 9999.0, 9999.0, 9999.0, 23.98, 9999.0, 22.39, 9999.0, 22.84, 22.64, 22.41, 22.5, 22.5
2026-09-22, 05:07:40, 22.5, 22.52, 22.98, 23.0, 9999.0, 9999.0, 9999.0, 23.93, 9999.0, 22.36, 9999.0, 22.84, 22.64, 22.41, 22.5, 22.5
2026-09-22, 05:07:44, 22.5, 22.52, 22.98, 23.0, 9999.0, 9999.0, 9999.0, 23.89, 9999.0, 22.34, 9999.0, 22.86, 22.64, 22.43, 22.5, 22.5
2026-09-22, 05:07:48, 22.5, 22.52, 22.98, 23.0, 9999.0, 9999.0, 9999.0, 23.84, 9999.0, 22.34, 9999.0, 22.89, 22.61, 22.45, 22.5, 22.5
2026-09-22, 05:07:52, 22.5, 22.55, 22.98, 23.0, 9999.0, 9999.0, 9999.0, 23.82, 9999.0, 22.34, 9999.0, 22.91, 22.59, 22.45, 22.5, 22.5
2026-09-22, 05:07:56, 22.5, 22.57, 22.98, 23.0, 9999.0, 9999.0, 9999.0, 23.77, 9999.0, 22.34, 9999.0, 22.93, 22.59, 22.45, 22.5, 22.5
2026-09-22, 05:08:00, 22.5, 22.57, 22.98, 22.98, 9999.0, 9999.0, 9999.0, 23.73, 9999.0, 22.39, 9999.0, 22.93, 22.59, 22.48, 22.5, 22.5
2026-09-22, 05:08:04, 22.5, 22.57, 22.98, 22.98, 9999.0, 9999.0, 9999.0, 23.7, 9999.0, 22.41, 9999.0, 22.95, 22.61, 22.5, 22.5, 22.5
2026-09-22, 05:08:08, 22.5, 22.57, 22.98, 22.98, 9999.0, 9999.0, 9999.0, 23.75, 9999.0, 22.41, 9999.0, 22.95, 22.64, 22.5, 22.5, 22.5
2026-09-22, 05:08:12, 22.5, 22.57, 22.98, 22.98, 9999.0, 9999.0, 9999.0, 23.8, 9999.0, 22.43, 9999.0, 22.93, 22.64, 22.5, 22.5, 22.5
2026-09-22, 05:08:16, 22.5, 22.57, 22.98, 22.98, 9999.0, 9999.0, 9999.0, 23.84, 9999.0, 22.45, 9999.0, 22.91, 22.64, 22.5, 22.5, 22.5
2026-09-22, 05:08:20, 22.5, 22.59, 22.98, 22.98, 9999.0, 9999.0, 9999.0, 23.89, 9999.0, 22.48, 9999.0, 22.89, 22.66, 22.5, 22.5, 22.5
2026-09-22, 05:08:24, 22.5, 22.57, 23.0, 22.98, 9999.0, 9999.0, 9999.0, 23.93, 9999.0, 22.5, 9999.0, 22.86, 22.68, 22.5, 22.5, 22.5
2026-09-22, 05:08:28, 22.5, 22.57, 23.0, 22.98, 9999.0, 9999.0, 9999.0, 23.95, 9999.0, 22.52, 9999.0, 22.84, 22.68, 22.5, 22.5, 22.5
2026-09-22, 05:08:32, 22.5, 22.57, 22.98, 22.98, 9999.0, 9999.0, 9999.0, 23.98, 9999.0, 22.52, 9999.0, 22.82, 22.68, 22.5, 22.5, 22.5
2026-09-22, 05:08:37, 22.5, 22.55, 22.95, 22.98, 9999.0, 9999.0, 9999.0, 24.0, 9999.0, 22.52, 9999.0, 22.8, 22.7, 22.48, 22.5, 22.5
2026-09-22, 05:08:41, 22.5, 22.52, 22.93, 22.98, 9999.0, 9999.0, 9999.0, 24.05, 9999.0, 22.52, 9999.0, 22.77, 22.7, 22.48, 22.5, 22.5
2026-09-22, 05:08:45, 22.5, 22.52, 22.93, 23.0, 9999.0, 9999.0, 9999.0, 24.09, 9999.0, 22.5, 9999.0, 22.8, 22.68, 22.45, 22.5, 22.5
2026-09-22, 05:08:49, 22.5, 22.52, 22.93, 23.0, 9999.0, 9999.0, 9999.0, 24.14, 9999.0, 22.48, 9999.0, 22.77, 22.66, 22.45, 22.5, 22.5
2026-09-22, 05:08:53, 22.5, 22.52, 22.93, 23.0, 9999.0, 9999.0, 9999.0, 24.09, 9999.0, 22.48, 9999.0, 22.8, 22.64, 22.45, 22.5, 22.5
2026-09-22, 05:08:57, 22.5, 22.52, 22.93, 23.0, 9999.0, 9999.0, 9999.0, 24.05, 9999.0, 22.45, 9999.0, 22.82, 22.64, 22.45, 22.5, 22.5
2026-09-22, 05:09:01, 22.5, 22.52, 22.93, 23.0, 9999.0, 9999.0, 9999.0, 24.0, 9999.0, 22.43, 9999.0, 22.84, 22.61, 22.45, 22.5, 22.5
2026-09-22, 05:09:05, 22.5, 22.5, 22.93, 23.0, 9999.0, 9999.0, 9999.0, 23.95, 9999.0, 22.43, 9999.0, 22.86, 22.59, 22.45, 22.5, 22.5
2026-09-22, 05:09:09, 22.5, 22.5, 22.93, 23.0, 9999.0, 9999.0, 9999.0, 23.91, 9999.0, 22.43, 9999.0, 22.89, 22.57, 22.45, 22.5, 22.5
2026-09-22, 05:09:13, 22.5, 22.5, 22.93, 23.0, 9999.0, 9999.0, 9999.0, 23.89, 9999.0, 22.43, 9999.0, 22.91, 22.59, 22.45, 22.5, 22.5
2026-09-22, 05:09:17, 22.5, 22.5, 22.93, 23.0, 9999.0, 9999.0, 9999.0, 23.86, 9999.0, 22.45, 9999.0, 22.91, 22.61, 22.45, 22.5, 22.5
2026-09-22, 05:09:21, 22.5, 22.5, 22.95, 23.0, 9999.0, 9999.0, 9999.0, 23.84, 9999.0, 22.48, 9999.0, 22.93, 22.61, 22.48, 22.5, 22.5
2026-09-22, 05:09:25, 22.48, 22.52, 22.98, 23.0, 9999.0, 9999.0, 9999.0, 23.89, 9999.0, 22.5, 9999.0, 22.95, 22.61, 22.48, 22.5, 22.5
2026-09-22, 05:09:29, 22.48, 22.55, 22.98, 23.0, 9999.0, 9999.0, 9999.0, 23.91, 9999.0, 22.52, 9999.0, 22.93, 22.64, 22.5, 22.5, 22.5
2026-09-22, 05:09:33, 22.48, 22.55, 22.98, 22.98, 9999.0, 9999.0, 9999.0, 23.93, 9999.0, 22.55, 9999.0, 22.93, 22.66, 22.5, 22.5, 22.5
2026-09-22, 05:09:37, 22.48, 22.55, 22.98, 22.98, 9999.0, 9999.0, 9999.0, 23.95, 9999.0, 22.55, 9999.0, 22.91, 22.66, 22.5, 22.5, 22.5
2026-09-22, 05:09:41, 22.48, 22.55, 22.98, 22.98, 9999.0, 9999.0, 9999.0, 24.0, 9999.0, 22.57, 9999.0, 22.89, 22.64, 22.5, 22.5, 22.5
2026-09-22, 05:09:45, 22.48, 22.55, 22.98, 22.98, 9999.0, 9999.0, 9999.0, 24.02, 9999.0, 22.59, 9999.0, 22.86, 22.66, 22.5, 22.5, 22.5
2026-09-22, 05:09:49, 22.48, 22.55, 22.98, 22.98, 9999.0, 9999.0, 9999.0, 24.05, 9999.0, 22.59, 9999.0, 22.84, 22.66, 22.5, 22.5, 22.5
2026-09-22, 05:09:53, 22.48, 22.55, 22.98, 22.98, 9999.0, 9999.0, 9999.0, 24.07, 9999.0, 22.61, 9999.0, 22.82, 22.68, 22.5, 22.5, 22.5
2026-09-22, 05:09:57, 22.48, 22.55, 22.98, 22.98, 9999.0, 9999.0, 9999.0, 24.09, 9999.0, 22.61, 9999.0, 22.8, 22.68, 22.5, 22.5, 22.5
2026-09-22, 05:10:01, 22.48, 22.57, 23.0, 22.98, 9999.0, 9999.0, 9999.0, 24.11, 9999.0, 22.59, 9999.0, 22.82, 22.66, 22.48, 22.5, 22.5
2026-09-22, 05:10:05, 22.48, 22.57, 23.0, 22.98, 9999.0, 9999.0, 9999.0, 24.14, 9999.0, 22.57, 9999.0, 22.8, 22.64, 22.48, 22.5, 22.5
2026-09-22, 05:10:09, 22.5, 22.55, 23.0, 22.98, 9999.0, 9999.0, 9999.0, 24.07, 9999.0, 22.55, 9999.0, 22.8, 22.64, 22.48, 22.5, 22.5
2026-09-22, 05:10:13, 22.5, 22.55, 23.0, 22.98, 9999.0, 9999.0, 9999.0, 24.02, 9999.0, 22.52, 9999.0, 22.82, 22.64, 22.48, 22.5, 22.5
2026-09-22, 05:10:17, 22.5, 22.55, 22.98, 23.0, 9999.0, 9999.0, 9999.0, 23.98, 9999.0, 22.52, 9999.0, 22.84, 22.61, 22.48, 22.5, 22.5
2026-09-22, 05:10:21, 22.5, 22.55, 22.98, 23.0, 9999.0, 9999.0, 9999.0, 23.93, 9999.0, 22.55, 9999.0, 22.86, 22.64, 22.48, 22.5, 22.5
2026-09-22, 05:10:25, 22.5, 22.55, 22.98, 23.0, 9999.0, 9999.0, 9999.0, 23.89, 9999.0, 22.57, 9999.0, 22.89, 22.66, 22.45, 22.5, 22.5
2026-09-22, 05:10:29, 22.5, 22.55, 22.98, 23.0, 9999.0, 9999.0, 9999.0, 23.86, 9999.0, 22.59, 9999.0, 22.89, 22.66, 22.45, 22.5, 22.5
2026-09-22, 05:10:33, 22.5, 22.55, 22.98, 23.0, 9999.0, 9999.0, 9999.0, 23.84, 9999.0, 22.61, 9999.0, 22.89, 22.68, 22.45, 22.5, 22.5
2026-09-22, 05:10:37, 22.5, 22.55, 22.98, 23.0, 9999.0, 9999.0, 9999.0, 23.82, 9999.0, 22.61, 9999.0, 22.89, 22.68, 22.45, 22.5, 22.5
2026-09-22, 05:10:41, 22.5, 22.57, 22.98, 23.0, 9999.0, 9999.0, 9999.0, 23.86, 9999.0, 22.64, 9999.0, 22.91, 22.66, 22.43, 22.5, 22.5
2026-09-22, 05:10:45, 22.5, 22.55, 22.98, 23.0, 9999.0, 9999.0, 9999.0, 23.89, 9999.0, 22.66, 9999.0, 22.89, 22.68, 22.45, 22.5, 22.5
2026-09-22, 05:10:49, 22.5, 22.55, 22.98, 23.0, 9999.0, 9999.0, 9999.0, 23.91, 9999.0, 22.68, 9999.0, 22.89, 22.7, 22.45, 22.5, 22.5
2026-09-22, 05:10:53, 22.5, 22.55, 22.98, 23.0, 9999.0, 9999.0, 9999.0, 23.95, 9999.0, 22.7, 9999.0, 22.86, 22.7, 22.45, 22.5, 22.5
2026-09-22, 05:10:57, 22.5, 22.52, 22.98, 23.0, 9999.0, 9999.0, 9999.0, 24.0, 9999.0, 22.73, 9999.0, 22.84, 22.68, 22.45, 22.5, 22.5
2026-09-22, 05:11:01, 22.5, 22.52, 23.0, 23.0, 9999.0, 9999.0, 9999.0, 24.02, 9999.0, 22.75, 9999.0, 22.82, 22.68, 22.45, 22.5, 22.5
2026-09-22, 05:11:05, 22.5, 22.52, 23.0, 23.0, 9999.0, 9999.0, 9999.0, 24.05, 9999.0, 22.75, 9999.0, 22.8, 22.68, 22.45, 22.5, 22.5
2026-09-22, 05:11:09, 22.5, 22.52, 23.0, 23.0, 9999.0, 9999.0, 9999.0, 24.07, 9999.0, 22.75, 9999.0, 22.77, 22.68, 22.45, 22.5, 22.5
2026-09-22, 05:11:13, 22.5, 22.52, 23.0, 23.0, 9999.0, 9999.0, 9999.0, 24.09, 9999.0, 22.73, 9999.0, 22.77, 22.66, 22.45, 22.5, 22.5
2026-09-22, 05:11:17, 22.5, 22.52, 23.0, 23.0, 9999.0, 9999.0, 9999.0, 24.11, 9999.0, 22.7, 9999.0, 22.8, 22.64, 22.45, 22.5, 22.5
2026-09-22, 05:11:21, 22.5, 22.52, 23.0, 23.0, 9999.0, 9999.0, 9999.0, 24.14, 9999.0, 22.68, 9999.0, 22.8, 22.61, 22.45, 22.5, 22.5
2026-09-22, 05:11:25, 22.5, 22.52, 23.0, 23.0, 9999.0, 9999.0, 9999.0, 24.09, 9999.0, 22.66, 9999.0, 22.8, 22.61, 22.48, 22.5, 22.5
2026-09-22, 05:11:29, 22.5, 22.52, 22.98, 23.0, 9999.0, 9999.0, 9999.0, 24.07, 9999.0, 22.64, 9999.0, 22.82, 22.61, 22.48, 22.5, 22.5
2026-09-22, 05:11:33, 22.5, 22.52, 22.98, 23.0, 9999.0, 9999.0, 9999.0, 24.02, 9999.0, 22.61, 9999.0, 22.84, 22.61, 22.48, 22.5, 22.5
2026-09-22, 05:11:37, 22.5, 22.55, 22.98, 23.0, 9999.0, 9999.0, 9999.0, 23.98, 9999.0, 22.61, 9999.0, 22.86, 22.59, 22.48, 22.5, 22.5
2026-09-22, 05:11:41, 22.5, 22.55, 22.98, 23.0, 9999.0, 9999.0, 9999.0, 23.93, 9999.0, 22.61, 9999.0, 22.89, 22.59, 22.48, 22.5, 22.5
2026-09-22, 05:11:45, 22.5, 22.57, 22.98, 22.98, 9999.0, 9999.0, 9999.0, 23.91, 9999.0, 22.61, 9999.0, 22.91, 22.61, 22.48, 22.5, 22.5
2026-09-22, 05:11:49, 22.5, 22.57, 22.98, 22.98, 9999.0, 9999.0, 9999.0, 23.89, 9999.0, 22.61, 9999.0, 22.93, 22.61, 22.48, 22.5, 22.5
2026-09-22, 05:11:53, 22.5, 22.57, 22.98, 22.98, 9999.0, 9999.0, 9999.0, 23.86, 9999.0, 22.61, 9999.0, 22.95, 22.61, 22.5, 22.5, 22.5
2026-09-22, 05:11:57, 22.5, 22.57, 22.98, 22.98, 9999.0, 9999.0, 9999.0, 23.91, 9999.0, 22.64, 9999.0, 22.95, 22.64, 22.5, 22.5, 22.5
2026-09-22, 05:12:01, 22.5, 22.57, 22.98, 22.95, 9999.0, 9999.0, 9999.0, 23.93, 9999.0, 22.66, 9999.0, 22.93, 22.66, 22.48, 22.5, 22.5
2026-09-22, 05:12:05, 22.5, 22.57, 22.98, 22.93, 9999.0, 9999.0, 9999.0, 23.95, 9999.0, 22.68, 9999.0, 22.93, 22.68, 22.48, 22.5, 22.5
2026-09-22, 05:12:09, 22.5, 22.57, 22.98, 22.93, 9999.0, 9999.0, 9999.0, 23.98, 9999.0, 22.7, 9999.0, 22.91, 22.68, 22.45, 22.5, 22.5
2026-09-22, 05:12:13, 22.5, 22.57, 23.0, 22.91, 9999.0, 9999.0, 9999.0, 24.0, 9999.0, 22.73, 9999.0, 22.89, 22.68, 22.45, 22.5, 22.5
2026-09-22, 05:12:17, 22.5, 22.57, 23.0, 22.91, 9999.0, 9999.0, 9999.0, 24.05, 9999.0, 22.75, 9999.0, 22.86, 22.66, 22.45, 22.5, 22.5
2026-09-22, 05:12:22, 22.5, 22.55, 23.0, 22.91, 9999.0, 9999.0, 9999.0, 24.07, 9999.0, 22.75, 9999.0, 22.84, 22.68, 22.43, 22.5, 22.5
2026-09-22, 05:12:26, 22.5, 22.55, 23.0, 22.91, 9999.0, 9999.0, 9999.0, 24.09, 9999.0, 22.75, 9999.0, 22.82, 22.68, 22.43, 22.5, 22.5
2026-09-22, 05:12:30, 22.5, 22.52, 23.0, 22.93, 9999.0, 9999.0, 9999.0, 24.11, 9999.0, 22.75, 9999.0, 22.8, 22.66, 22.43, 22.5, 22.5
2026-09-22, 05:12:34, 22.5, 22.55, 23.0, 22.93, 9999.0, 9999.0, 9999.0, 24.14, 9999.0, 22.73, 9999.0, 22.8, 22.64, 22.43, 22.5, 22.5
2026-09-22, 05:12:38, 22.5, 22.55, 23.0, 22.91, 9999.0, 9999.0, 9999.0, 24.16, 9999.0, 22.7, 9999.0, 22.8, 22.61, 22.41, 22.5, 22.5
2026-09-22, 05:12:42, 22.5, 22.55, 22.98, 22.91, 9999.0, 9999.0, 9999.0, 24.11, 9999.0, 22.7, 9999.0, 22.82, 22.59, 22.39, 22.5, 22.5
2026-09-22, 05:12:46, 22.5, 22.57, 22.95, 22.93, 9999.0, 9999.0, 9999.0, 24.07, 9999.0, 22.7, 9999.0, 22.84, 22.57, 22.41, 22.5, 22.5
2026-09-22, 05:12:50, 22.5, 22.57, 22.95, 22.93, 9999.0, 9999.0, 9999.0, 24.02, 9999.0, 22.68, 9999.0, 22.86, 22.57, 22.41, 22.5, 22.5
2026-09-22, 05:12:54, 22.5, 22.57, 22.95, 22.93, 9999.0, 9999.0, 9999.0, 23.98, 9999.0, 22.68, 9999.0, 22.89, 22.59, 22.41, 22.5, 22.5
2026-09-22, 05:12:58, 22.5, 22.57, 22.95, 22.95, 9999.0, 9999.0, 9999.0, 23.93, 9999.0, 22.68, 9999.0, 22.91, 22.57, 22.41, 22.5, 22.5
2026-09-22, 05:13:02, 22.5, 22.59, 22.95, 22.93, 9999.0, 9999.0, 9999.0, 23.89, 9999.0, 22.68, 9999.0, 22.93, 22.59, 22.41, 22.5, 22.5
2026-09-22, 05:13:06, 22.5, 22.61, 22.95, 22.93, 9999.0, 9999.0, 9999.0, 23.86, 9999.0, 22.7, 9999.0, 22.95, 22.59, 22.43, 22.5, 22.5
2026-09-22, 05:13:10, 22.5, 22.61, 22.95, 22.93, 9999.0, 9999.0, 9999.0, 23.84, 9999.0, 22.7, 9999.0, 22.95, 22.61, 22.41, 22.5, 22.5
2026-09-22, 05:13:14, 22.5, 22.64, 22.95, 22.93, 9999.0, 9999.0, 9999.0, 23.89, 9999.0, 22.7, 9999.0, 22.95, 22.64, 22.41, 22.5, 22.48
2026-09-22, 05:13:18, 22.5, 22.61, 22.93, 22.93, 9999.0, 9999.0, 9999.0, 23.93, 9999.0, 22.75, 9999.0, 22.93, 22.64, 22.41, 22.5, 22.48
2026-09-22, 05:13:22, 22.5, 22.61, 22.91, 22.93, 9999.0, 9999.0, 9999.0, 23.98, 9999.0, 22.77, 9999.0, 22.91, 22.64, 22.43, 22.5, 22.48
2026-09-22, 05:13:26, 22.5, 22.64, 22.93, 22.93, 9999.0, 9999.0, 9999.0, 24.0, 9999.0, 22.77, 9999.0, 22.89, 22.64, 22.43, 22.5, 22.48
2026-09-22, 05:13:30, 22.5, 22.61, 22.95, 22.93, 9999.0, 9999.0, 9999.0, 24.05, 9999.0, 22.77, 9999.0, 22.86, 22.64, 22.43, 22.5, 22.45
2026-09-22, 05:13:34, 22.5, 22.61, 22.93, 22.95, 9999.0, 9999.0, 9999.0, 24.09, 9999.0, 22.8, 9999.0, 22.84, 22.61, 22.41, 22.5, 22.45
2026-09-22, 05:13:38, 22.5, 22.59, 22.91, 22.93, 9999.0, 9999.0, 9999.0, 24.14, 9999.0, 22.8, 9999.0, 22.82, 22.59, 22.43, 22.5, 22.45
2026-09-22, 05:13:42, 22.5, 22.59, 22.89, 22.91, 9999.0, 9999.0, 9999.0, 24.16, 9999.0, 22.8, 9999.0, 22.8, 22.61, 22.41, 22.5, 22.45
2026-09-22, 05:13:46, 22.5, 22.57, 22.89, 22.93, 9999.0, 9999.0, 9999.0, 24.18, 9999.0, 22.8, 9999.0, 22.77, 22.59, 22.41, 22.5, 22.45
2026-09-22, 05:13:50, 22.5, 22.55, 22.89, 22.91, 9999.0, 9999.0, 9999.0, 24.2, 9999.0, 22.77, 9999.0, 22.77, 22.57, 22.39, 22.5, 22.45
2026-09-22, 05:13:54, 22.5, 22.55, 22.86, 22.89, 9999.0, 9999.0, 9999.0, 24.23, 9999.0, 22.77, 9999.0, 22.77, 22.55, 22.41, 22.5, 22.45
2026-09-22, 05:13:58, 22.5, 22.52, 22.86, 22.89, 9999.0, 9999.0, 9999.0, 24.18, 9999.0, 22.77, 9999.0, 22.8, 22.52, 22.41, 22.5, 22.48
2026-09-22, 05:14:02, 22.5, 22.52, 22.89, 22.86, 9999.0, 9999.0, 9999.0, 24.14, 9999.0, 22.73, 9999.0, 22.82, 22.52, 22.41, 22.5, 22.48
2026-09-22, 05:14:06, 22.5, 22.52, 22.91, 22.89, 9999.0, 9999.0, 9999.0, 24.09, 9999.0, 22.7, 9999.0, 22.84, 22.55, 22.41, 22.5, 22.48
2026-09-22, 05:14:10, 22.5, 22.5, 22.89, 22.86, 9999.0, 9999.0, 9999.0, 24.05, 9999.0, 22.7, 9999.0, 22.86, 22.57, 22.43, 22.5, 22.48
2026-09-22, 05:14:14, 22.5, 22.5, 22.86, 22.84, 9999.0, 9999.0, 9999.0, 24.02, 9999.0, 22.7, 9999.0, 22.86, 22.57, 22.41, 22.5, 22.5
2026-09-22, 05:14:18, 22.5, 22.5, 22.89, 22.82, 9999.0, 9999.0, 9999.0, 23.98, 9999.0, 22.7, 9999.0, 22.86, 22.59, 22.43, 22.5, 22.5
2026-09-22, 05:14:22, 22.5, 22.5, 22.91, 22.82, 9999.0, 9999.0, 9999.0, 23.93, 9999.0, 22.7, 9999.0, 22.89, 22.61, 22.41, 22.5, 22.5
2026-09-22, 05:14:26, 22.5, 22.5, 22.91, 22.84, 9999.0, 9999.0, 9999.0, 23.91, 9999.0, 22.7, 9999.0, 22.89, 22.61, 22.41, 22.5, 22.5
2026-09-22, 05:14:30, 22.5, 22.52, 22.91, 22.84, 9999.0, 9999.0, 9999.0, 23.95, 9999.0, 22.7, 9999.0, 22.91, 22.64, 22.41, 22.5, 22.5
2026-09-22, 05:14:34, 22.5, 22.52, 22.89, 22.86, 9999.0, 9999.0, 9999.0, 24.0, 9999.0, 22.7, 9999.0, 22.89, 22.66, 22.41, 22.5, 22.5
2026-09-22, 05:14:38, 22.5, 22.52, 22.91, 22.86, 9999.0, 9999.0, 9999.0, 24.05, 9999.0, 22.7, 9999.0, 22.89, 22.66, 22.41, 22.5, 22.5
2026-09-22, 05:14:42, 22.5, 22.52, 22.89, 22.86, 9999.0, 9999.0, 9999.0, 24.07, 9999.0, 22.7, 9999.0, 22.86, 22.66, 22.39, 22.5, 22.5
2026-09-22, 05:14:46, 22.5, 22.52, 22.86, 22.86, 9999.0, 9999.0, 9999.0, 24.09, 9999.0, 22.73, 9999.0, 22.84, 22.66, 22.39, 22.5, 22.48
2026-09-22, 05:14:50, 22.5, 22.52, 22.84, 22.86, 9999.0, 9999.0, 9999.0, 24.11, 9999.0, 22.75, 9999.0, 22.82, 22.64, 22.39, 22.5, 22.45
2026-09-22, 05:14:54, 22.5, 22.52, 22.86, 22.89, 9999.0, 9999.0, 9999.0, 24.14, 9999.0, 22.75, 9999.0, 22.8, 22.61, 22.39, 22.5, 22.43
2026-09-22, 05:14:58, 22.5, 22.52, 22.89, 22.89, 9999.0, 9999.0, 9999.0, 24.14, 9999.0, 22.75, 9999.0, 22.8, 22.61, 22.39, 22.5, 22.41
2026-09-22, 05:15:02, 22.5, 22.52, 22.86, 22.91, 9999.0, 9999.0, 9999.0, 24.18, 9999.0, 22.73, 9999.0, 22.8, 22.59, 22.39, 22.5, 22.41
2026-09-22, 05:15:06, 22.5, 22.52, 22.86, 22.93, 9999.0, 9999.0, 9999.0, 24.2, 9999.0, 22.7, 9999.0, 22.77, 22.57, 22.39, 22.5, 22.41
2026-09-22, 05:15:10, 22.5, 22.55, 22.86, 22.91, 9999.0, 9999.0, 9999.0, 24.23, 9999.0, 22.68, 9999.0, 22.77, 22.57, 22.39, 22.5, 22.41
2026-09-22, 05:15:14, 22.5, 22.55, 22.84, 22.89, 9999.0, 9999.0, 9999.0, 24.18, 9999.0, 22.68, 9999.0, 22.75, 22.57, 22.39, 22.5, 22.41
2026-09-22, 05:15:18, 22.5, 22.55, 22.84, 22.89, 9999.0, 9999.0, 9999.0, 24.14, 9999.0, 22.66, 9999.0, 22.77, 22.55, 22.41, 22.5, 22.41
2026-09-22, 05:15:22, 22.5, 22.55, 22.82, 22.91, 9999.0, 9999.0, 9999.0, 24.07, 9999.0, 22.64, 9999.0, 22.8, 22.55, 22.39, 22.5, 22.41
2026-09-22, 05:15:26, 22.5, 22.55, 22.84, 22.89, 9999.0, 9999.0, 9999.0, 24.02, 9999.0, 22.64, 9999.0, 22.8, 22.55, 22.41, 22.5, 22.39
2026-09-22, 05:15:30, 22.5, 22.55, 22.84, 22.91, 9999.0, 9999.0, 9999.0, 23.98, 9999.0, 22.64, 9999.0, 22.8, 22.55, 22.39, 22.5, 22.41
2026-09-22, 05:15:34, 22.5, 22.55, 22.84, 22.91, 9999.0, 9999.0, 9999.0, 23.93, 9999.0, 22.64, 9999.0, 22.82, 22.57, 22.39, 22.5, 22.43
2026-09-22, 05:15:38, 22.5, 22.55, 22.82, 22.91, 9999.0, 9999.0, 9999.0, 23.91, 9999.0, 22.66, 9999.0, 22.82, 22.59, 22.39, 22.5, 22.45
2026-09-22, 05:15:42, 22.5, 22.55, 22.8, 22.91, 9999.0, 9999.0, 9999.0, 23.89, 9999.0, 22.66, 9999.0, 22.84, 22.61, 22.39, 22.5, 22.48
2026-09-22, 05:15:46, 22.5, 22.55, 22.8, 22.89, 9999.0, 9999.0, 9999.0, 23.91, 9999.0, 22.68, 9999.0, 22.84, 22.61, 22.39, 22.5, 22.48
2026-09-22, 05:15:50, 22.5, 22.55, 22.77, 22.86, 9999.0, 9999.0, 9999.0, 23.95, 9999.0, 22.7, 9999.0, 22.84, 22.61, 22.41, 22.5, 22.48
2026-09-22, 05:15:54, 22.5, 22.52, 22.77, 22.86, 9999.0, 9999.0, 9999.0, 24.0, 9999.0, 22.73, 9999.0, 22.84, 22.59, 22.43, 22.5, 22.48
2026-09-22, 05:15:58, 22.5, 22.5, 22.8, 22.86, 9999.0, 9999.0, 9999.0, 24.02, 9999.0, 22.73, 9999.0, 22.84, 22.57, 22.41, 22.5, 22.45
2026-09-22, 05:16:02, 22.5, 22.5, 22.8, 22.84, 9999.0, 9999.0, 9999.0, 24.05, 9999.0, 22.73, 9999.0, 22.82, 22.57, 22.39, 22.48, 22.45
2026-09-22, 05:16:06, 22.5, 22.52, 22.8, 22.84, 9999.0, 9999.0, 9999.0, 24.09, 9999.0, 22.73, 9999.0, 22.8, 22.59, 22.39, 22.48, 22.45
2026-09-22, 05:16:10, 22.5, 22.52, 22.77, 22.84, 9999.0, 9999.0, 9999.0, 24.11, 9999.0, 22.7, 9999.0, 22.8, 22.59, 22.36, 22.48, 22.48
2026-09-22, 05:16:15, 22.5, 22.52, 22.77, 22.84, 9999.0, 9999.0, 9999.0, 24.14, 9999.0, 22.68, 9999.0, 22.8, 22.59, 22.36, 22.48, 22.45
2026-09-22, 05:16:19, 22.5, 22.52, 22.77, 22.84, 9999.0, 9999.0, 9999.0, 24.18, 9999.0, 22.66, 9999.0, 22.77, 22.57, 22.34, 22.48, 22.43
2026-09-22, 05:16:23, 22.5, 22.55, 22.8, 22.82, 9999.0, 9999.0, 9999.0, 24.2, 9999.0, 22.61, 9999.0, 22.77, 22.55, 22.34, 22.48, 22.43
2026-09-22, 05:16:27, 22.5, 22.55, 22.8, 22.82, 9999.0, 9999.0, 9999.0, 24.23, 9999.0, 22.59, 9999.0, 22.75, 22.55, 22.34, 22.48, 22.43
2026-09-22, 05:16:31, 22.5, 22.55, 22.8, 22.82, 9999.0, 9999.0, 9999.0, 24.18, 9999.0, 22.57, 9999.0, 22.77, 22.55, 22.34, 22.48, 22.43
2026-09-22, 05:16:35, 22.5, 22.55, 22.8, 22.82, 9999.0, 9999.0, 9999.0, 24.14, 9999.0, 22.55, 9999.0, 22.8, 22.57, 22.32, 22.48, 22.43
2026-09-22, 05:16:39, 22.5, 22.55, 22.8, 22.84, 9999.0, 9999.0, 9999.0, 24.09, 9999.0, 22.52, 9999.0, 22.82, 22.57, 22.32, 22.48, 22.43
2026-09-22, 05:16:43, 22.5, 22.55, 22.8, 22.84, 9999.0, 9999.0, 9999.0, 24.05, 9999.0, 22.52, 9999.0, 22.84, 22.57, 22.34, 22.48, 22.45
2026-09-22, 05:16:47, 22.5, 22.55, 22.8, 22.84, 9999.0, 9999.0, 9999.0, 24.0, 9999.0, 22.55, 9999.0, 22.84, 22.57, 22.36, 22.5, 22.43
2026-09-22, 05:16:51, 22.5, 22.52, 22.8, 22.82, 9999.0, 9999.0, 9999.0, 23.95, 9999.0, 22.59, 9999.0, 22.84, 22.55, 22.39, 22.5, 22.43
2026-09-22, 05:16:55, 22.5, 22.52, 22.8, 22.82, 9999.0, 9999.0, 9999.0, 23.93, 9999.0, 22.64, 9999.0, 22.86, 22.55, 22.39, 22.5, 22.41
2026-09-22, 05:16:59, 22.5, 22.55, 22.8, 22.82, 9999.0, 9999.0, 9999.0, 23.91, 9999.0, 22.66, 9999.0, 22.86, 22.57, 22.41, 22.5, 22.43
2026-09-22, 05:17:03, 22.5, 22.55, 22.8, 22.8, 9999.0, 9999.0, 9999.0, 23.93, 9999.0, 22.68, 9999.0, 22.86, 22.59, 22.43, 22.5, 22.45
2026-09-22, 05:17:07, 22.5, 22.52, 22.77, 22.8, 9999.0, 9999.0, 9999.0, 23.98, 9999.0, 22.7, 9999.0, 22.86, 22.61, 22.41, 22.5, 22.45
2026-09-22, 05:17:11, 22.5, 22.52, 22.8, 22.8, 9999.0, 9999.0, 9999.0, 24.0, 9999.0, 22.73, 9999.0, 22.86, 22.59, 22.43, 22.5, 22.45
2026-09-22, 05:17:15, 22.5, 22.52, 22.82, 22.8, 9999.0, 9999.0, 9999.0, 24.02, 9999.0, 22.75, 9999.0, 22.84, 22.59, 22.43, 22.5, 22.43
2026-09-22, 05:17:19, 22.5, 22.52, 22.84, 22.8, 9999.0, 9999.0, 9999.0, 24.05, 9999.0, 22.77, 9999.0, 22.82, 22.57, 22.45, 22.48, 22.43
2026-09-22, 05:17:23, 22.5, 22.52, 22.86, 22.77, 9999.0, 9999.0, 9999.0, 24.07, 9999.0, 22.77, 9999.0, 22.8, 22.57, 22.45, 22.48, 22.43
2026-09-22, 05:17:27, 22.5, 22.52, 22.86, 22.77, 9999.0, 9999.0, 9999.0, 24.09, 9999.0, 22.75, 9999.0, 22.77, 22.59, 22.45, 22.48, 22.43
2026-09-22, 05:17:31, 22.5, 22.55, 22.89, 22.77, 9999.0, 9999.0, 9999.0, 24.14, 9999.0, 22.73, 9999.0, 22.77, 22.59, 22.43, 22.48, 22.45
2026-09-22, 05:17:35, 22.5, 22.55, 22.89, 22.77, 9999.0, 9999.0, 9999.0, 24.18, 9999.0, 22.68, 9999.0, 22.77, 22.59, 22.43, 22.48, 22.45
2026-09-22, 05:17:39, 22.5, 22.55, 22.89, 22.77, 9999.0, 9999.0, 9999.0, 24.23, 9999.0, 22.64, 9999.0, 22.75, 22.59, 22.43, 22.48, 22.48
2026-09-22, 05:17:43, 22.5, 22.52, 22.91, 22.75, 9999.0, 9999.0, 9999.0, 24.25, 9999.0, 22.61, 9999.0, 22.75, 22.57, 22.41, 22.48, 22.48
2026-09-22, 05:17:47, 22.5, 22.52, 22.91, 22.75, 9999.0, 9999.0, 9999.0, 24.2, 9999.0, 22.59, 9999.0, 22.77, 22.57, 22.41, 22.48, 22.48
2026-09-22, 05:17:51, 22.5, 22.55, 22.91, 22.75, 9999.0, 9999.0, 9999.0, 24.16, 9999.0, 22.57, 9999.0, 22.8, 22.57, 22.43, 22.48, 22.48
2026-09-22, 05:17:55, 22.5, 22.57, 22.89, 22.75, 9999.0, 9999.0, 9999.0, 24.14, 9999.0, 22.55, 9999.0, 22.82, 22.59, 22.43, 22.48, 22.45
2026-09-22, 05:17:59, 22.5, 22.57, 22.89, 22.75, 9999.0, 9999.0, 9999.0, 24.11, 9999.0, 22.52, 9999.0, 22.84, 22.59, 22.43, 22.48, 22.48
2026-09-22, 05:18:03, 22.5, 22.59, 22.86, 22.77, 9999.0, 9999.0, 9999.0, 24.09, 9999.0, 22.52, 9999.0, 22.86, 22.61, 22.43, 22.5, 22.48
2026-09-22, 05:18:07, 22.5, 22.59, 22.84, 22.77, 9999.0, 9999.0, 9999.0, 24.05, 9999.0, 22.55, 9999.0, 22.89, 22.64, 22.43, 22.5, 22.48
2026-09-22, 05:18:11, 22.5, 22.59, 22.82, 22.77, 9999.0, 9999.0, 9999.0, 24.02, 9999.0, 22.57, 9999.0, 22.91, 22.64, 22.43, 22.5, 22.48
2026-09-22, 05:18:15, 22.5, 22.57, 22.8, 22.77, 9999.0, 9999.0, 9999.0, 23.98, 9999.0, 22.59, 9999.0, 22.91, 22.66, 22.43, 22.5, 22.48
2026-09-22, 05:18:19, 22.5, 22.59, 22.8, 22.77, 9999.0, 9999.0, 9999.0, 24.0, 9999.0, 22.61, 9999.0, 22.93, 22.68, 22.41, 22.5, 22.48
2026-09-22, 05:18:23, 22.5, 22.59, 22.8, 22.8, 9999.0, 9999.0, 9999.0, 24.02, 9999.0, 22.64, 9999.0, 22.93, 22.68, 22.43, 22.5, 22.45
2026-09-22, 05:18:27, 22.5, 22.59, 22.77, 22.8, 9999.0, 9999.0, 9999.0, 24.07, 9999.0, 22.66, 9999.0, 22.93, 22.68, 22.45, 22.5, 22.43
2026-09-22, 05:18:31, 22.5, 22.59, 22.8, 22.8, 9999.0, 9999.0, 9999.0, 24.11, 9999.0, 22.66, 9999.0, 22.91, 22.66, 22.45, 22.48, 22.43
2026-09-22, 05:18:35, 22.5, 22.57, 22.8, 22.82, 9999.0, 9999.0, 9999.0, 24.14, 9999.0, 22.66, 9999.0, 22.89, 22.64, 22.43, 22.45, 22.43
2026-09-22, 05:18:39, 22.5, 22.55, 22.8, 22.84, 9999.0, 9999.0, 9999.0, 24.16, 9999.0, 22.68, 9999.0, 22.86, 22.61, 22.41, 22.45, 22.45
2026-09-22, 05:18:43, 22.5, 22.55, 22.8, 22.84, 9999.0, 9999.0, 9999.0, 24.18, 9999.0, 22.68, 9999.0, 22.84, 22.61, 22.39, 22.45, 22.45
2026-09-22, 05:18:47, 22.5, 22.52, 22.82, 22.82, 9999.0, 9999.0, 9999.0, 24.2, 9999.0, 22.68, 9999.0, 22.82, 22.59, 22.39, 22.45, 22.43
2026-09-22, 05:18:51, 22.5, 22.52, 22.82, 22.82, 9999.0, 9999.0, 9999.0, 24.25, 9999.0, 22.66, 9999.0, 22.8, 22.57, 22.36, 22.45, 22.43
2026-09-22, 05:18:55, 22.5, 22.55, 22.82, 22.82, 9999.0, 9999.0, 9999.0, 24.3, 9999.0, 22.64, 9999.0, 22.77, 22.55, 22.34, 22.45, 22.41
2026-09-22, 05:18:59, 22.5, 22.55, 22.84, 22.82, 9999.0, 9999.0, 9999.0, 24.32, 9999.0, 22.61, 9999.0, 22.77, 22.52, 22.34, 22.45, 22.41
2026-09-22, 05:19:03, 22.5, 22.55, 22.84, 22.82, 9999.0, 9999.0, 9999.0, 24.27, 9999.0, 22.59, 9999.0, 22.77, 22.5, 22.36, 22.45, 22.41
2026-09-22, 05:19:07, 22.5, 22.55, 22.84, 22.8, 9999.0, 9999.0, 9999.0, 24.23, 9999.0, 22.57, 9999.0, 22.8, 22.52, 22.36, 22.45, 22.43
2026-09-22, 05:19:11, 22.5, 22.57, 22.86, 22.8, 9999.0, 9999.0, 9999.0, 24.18, 9999.0, 22.55, 9999.0, 22.82, 22.55, 22.36, 22.45, 22.45
2026-09-22, 05:19:15, 22.5, 22.57, 22.84, 22.8, 9999.0, 9999.0, 9999.0, 24.11, 9999.0, 22.57, 9999.0, 22.84, 22.57, 22.36, 22.48, 22.43
2026-09-22, 05:19:19, 22.5, 22.59, 22.86, 22.8, 9999.0, 9999.0, 9999.0, 24.07, 9999.0, 22.57, 9999.0, 22.86, 22.57, 22.39, 22.5, 22.43
2026-09-22, 05:19:23, 22.5, 22.61, 22.86, 22.77, 9999.0, 9999.0, 9999.0, 24.02, 9999.0, 22.59, 9999.0, 22.89, 22.59, 22.41, 22.48, 22.43
2026-09-22, 05:19:27, 22.5, 22.64, 22.86, 22.77, 9999.0, 9999.0, 9999.0, 23.98, 9999.0, 22.64, 9999.0, 22.91, 22.61, 22.43, 22.48, 22.43
2026-09-22, 05:19:31, 22.5, 22.64, 22.86, 22.77, 9999.0, 9999.0, 9999.0, 23.93, 9999.0, 22.64, 9999.0, 22.93, 22.64, 22.43, 22.48, 22.43
2026-09-22, 05:19:35, 22.5, 22.64, 22.86, 22.77, 9999.0, 9999.0, 9999.0, 23.95, 9999.0, 22.66, 9999.0, 22.93, 22.64, 22.45, 22.45, 22.43
2026-09-22, 05:19:39, 22.5, 22.61, 22.86, 22.77, 9999.0, 9999.0, 9999.0, 23.95, 9999.0, 22.68, 9999.0, 22.93, 22.64, 22.45, 22.45, 22.45
2026-09-22, 05:19:43, 22.5, 22.64, 22.86, 22.8, 9999.0, 9999.0, 9999.0, 23.98, 9999.0, 22.7, 9999.0, 22.93, 22.64, 22.45, 22.45, 22.45
2026-09-22, 05:19:47, 22.48, 22.64, 22.89, 22.8, 9999.0, 9999.0, 9999.0, 24.0, 9999.0, 22.7, 9999.0, 22.91, 22.66, 22.45, 22.43, 22.45
2026-09-22, 05:19:51, 22.48, 22.66, 22.89, 22.82, 9999.0, 9999.0, 9999.0, 24.02, 9999.0, 22.7, 9999.0, 22.89, 22.64, 22.43, 22.43, 22.45
2026-09-22, 05:19:55, 22.48, 22.64, 22.86, 22.84, 9999.0, 9999.0, 9999.0, 24.05, 9999.0, 22.7, 9999.0, 22.86, 22.61, 22.41, 22.43, 22.45
2026-09-22, 05:19:59, 22.48, 22.64, 22.89, 22.86, 9999.0, 9999.0, 9999.0, 24.07, 9999.0, 22.68, 9999.0, 22.84, 22.59, 22.41, 22.43, 22.48
2026-09-22, 05:20:03, 22.48, 22.61, 22.89, 22.84, 9999.0, 9999.0, 9999.0, 24.09, 9999.0, 22.68, 9999.0, 22.82, 22.59, 22.39, 22.43, 22.48
2026-09-22, 05:20:07, 22.48, 22.61, 22.91, 22.84, 9999.0, 9999.0, 9999.0, 24.14, 9999.0, 22.64, 9999.0, 22.8, 22.57, 22.36, 22.45, 22.48
2026-09-22, 05:20:12, 22.48, 22.59, 22.91, 22.86, 9999.0, 9999.0, 9999.0, 24.16, 9999.0, 22.59, 9999.0, 22.77, 22.55, 22.34, 22.45, 22.45
2026-09-22, 05:20:16, 22.48, 22.61, 22.91, 22.89, 9999.0, 9999.0, 9999.0, 24.18, 9999.0, 22.57, 9999.0, 22.77, 22.55, 22.34, 22.45, 22.48
2026-09-22, 05:20:20, 22.48, 22.61, 22.91, 22.89, 9999.0, 9999.0, 9999.0, 24.14, 9999.0, 22.52, 9999.0, 22.8, 22.55, 22.34, 22.48, 22.48
2026-09-22, 05:20:24, 22.48, 22.61, 22.91, 22.89, 9999.0, 9999.0, 9999.0, 24.11, 9999.0, 22.48, 9999.0, 22.82, 22.55, 22.34, 22.48, 22.48
2026-09-22, 05:20:28, 22.48, 22.61, 22.91, 22.89, 9999.0, 9999.0, 9999.0, 24.07, 9999.0, 22.43, 9999.0, 22.84, 22.55, 22.34, 22.48, 22.48
2026-09-22, 05:20:32, 22.5, 22.61, 22.91, 22.89, 9999.0, 9999.0, 9999.0, 24.02, 9999.0, 22.45, 9999.0, 22.86, 22.52, 22.34, 22.5, 22.48
2026-09-22, 05:20:36, 22.5, 22.59, 22.91, 22.86, 9999.0, 9999.0, 9999.0, 23.98, 9999.0, 22.48, 9999.0, 22.89, 22.52, 22.36, 22.5, 22.48
2026-09-22, 05:20:40, 22.5, 22.59, 22.91, 22.86, 9999.0, 9999.0, 9999.0, 23.93, 9999.0, 22.52, 9999.0, 22.89, 22.52, 22.36, 22.5, 22.48
2026-09-22, 05:20:44, 22.5, 22.59, 22.89, 22.84, 9999.0, 9999.0, 9999.0, 23.91, 9999.0, 22.57, 9999.0, 22.91, 22.52, 22.36, 22.5, 22.48
2026-09-22, 05:20:48, 22.5, 22.59, 22.89, 22.84, 9999.0, 9999.0, 9999.0, 23.89, 9999.0, 22.59, 9999.0, 22.93, 22.55, 22.36, 22.5, 22.48
2026-09-22, 05:20:52, 22.5, 22.57, 22.86, 22.84, 9999.0, 9999.0, 9999.0, 23.91, 9999.0, 22.61, 9999.0, 22.93, 22.55, 22.39, 22.5, 22.48
2026-09-22, 05:20:56, 22.5, 22.57, 22.84, 22.84, 9999.0, 9999.0, 9999.0, 23.93, 9999.0, 22.64, 9999.0, 22.93, 22.57, 22.41, 22.5, 22.5
2026-09-22, 05:21:00, 22.5, 22.55, 22.82, 22.82, 9999.0, 9999.0, 9999.0, 23.95, 9999.0, 22.66, 9999.0, 22.91, 22.55, 22.41, 22.5, 22.5
2026-09-22, 05:21:04, 22.5, 22.55, 22.82, 22.82, 9999.0, 9999.0, 9999.0, 23.98, 9999.0, 22.68, 9999.0, 22.89, 22.55, 22.39, 22.5, 22.48
2026-09-22, 05:21:08, 22.5, 22.55, 22.84, 22.82, 9999.0, 9999.0, 9999.0, 24.0, 9999.0, 22.7, 9999.0, 22.86, 22.55, 22.39, 22.5, 22.48
2026-09-22, 05:21:12, 22.5, 22.52, 22.84, 22.8, 9999.0, 9999.0, 9999.0, 24.02, 9999.0, 22.73, 9999.0, 22.84, 22.55, 22.41, 22.5, 22.48
2026-09-22, 05:21:16, 22.5, 22.5, 22.82, 22.8, 9999.0, 9999.0, 9999.0, 24.05, 9999.0, 22.7, 9999.0, 22.82, 22.55, 22.39, 22.5, 22.48
2026-09-22, 05:21:20, 22.5, 22.5, 22.84, 22.8, 9999.0, 9999.0, 9999.0, 24.07, 9999.0, 22.68, 9999.0, 22.8, 22.55, 22.39, 22.5, 22.48
2026-09-22, 05:21:24, 22.48, 22.5, 22.86, 22.77, 9999.0, 9999.0, 9999.0, 24.09, 9999.0, 22.64, 9999.0, 22.8, 22.55, 22.41, 22.5, 22.48
2026-09-22, 05:21:28, 22.45, 22.5, 22.89, 22.77, 9999.0, 9999.0, 9999.0, 24.11, 9999.0, 22.59, 9999.0, 22.8, 22.55, 22.41, 22.5, 22.48
2026-09-22, 05:21:32, 22.45, 22.5, 22.86, 22.77, 9999.0, 9999.0, 9999.0, 24.14, 9999.0, 22.57, 9999.0, 22.77, 22.52, 22.43, 22.5, 22.45
2026-09-22, 05:21:36, 22.43, 22.5, 22.86, 22.8, 9999.0, 9999.0, 9999.0, 24.09, 9999.0, 22.52, 9999.0, 22.8, 22.52, 22.43, 22.5, 22.43
2026-09-22, 05:21:40, 22.43, 22.5, 22.86, 22.77, 9999.0, 9999.0, 9999.0, 24.07, 9999.0, 22.48, 9999.0, 22.82, 22.5, 22.43, 22.5, 22.43
2026-09-22, 05:21:44, 22.43, 22.5, 22.86, 22.8, 9999.0, 9999.0, 9999.0, 24.02, 9999.0, 22.43, 9999.0, 22.84, 22.5, 22.43, 22.5, 22.43
2026-09-22, 05:21:48, 22.43, 22.5, 22.89, 22.82, 9999.0, 9999.0, 9999.0, 23.98, 9999.0, 22.43, 9999.0, 22.86, 22.5, 22.43, 22.5, 22.45
2026-09-22, 05:21:52, 22.43, 22.5, 22.89, 22.84, 9999.0, 9999.0, 9999.0, 23.93, 9999.0, 22.43, 9999.0, 22.86, 22.52, 22.45, 22.5, 22.45
2026-09-22, 05:21:56, 22.43, 22.5, 22.89, 22.84, 9999.0, 9999.0, 9999.0, 23.91, 9999.0, 22.45, 9999.0, 22.89, 22.55, 22.45, 22.5, 22.45
2026-09-22, 05:22:00, 22.43, 22.5, 22.91, 22.84, 9999.0, 9999.0, 9999.0, 23.89, 9999.0, 22.48, 9999.0, 22.91, 22.57, 22.48, 22.5, 22.45
2026-09-22, 05:22:04, 22.43, 22.52, 22.91, 22.84, 9999.0, 9999.0, 9999.0, 23.84, 9999.0, 22.5, 9999.0, 22.93, 22.57, 22.48, 22.5, 22.45
2026-09-22, 05:22:08, 22.45, 22.52, 22.91, 22.86, 9999.0, 9999.0, 9999.0, 23.89, 9999.0, 22.52, 9999.0, 22.95, 22.59, 22.45, 22.5, 22.45
2026-09-22, 05:22:12, 22.48, 22.52, 22.91, 22.86, 9999.0, 9999.0, 9999.0, 23.91, 9999.0, 22.55, 9999.0, 22.93, 22.61, 22.43, 22.5, 22.45
2026-09-22, 05:22:16, 22.48, 22.55, 22.93, 22.89, 9999.0, 9999.0, 9999.0, 23.93, 9999.0, 22.55, 9999.0, 22.93, 22.61, 22.43, 22.5, 22.48
2026-09-22, 05:22:20, 22.5, 22.55, 22.95, 22.86, 9999.0, 9999.0, 9999.0, 23.95, 9999.0, 22.57, 9999.0, 22.91, 22.64, 22.41, 22.5, 22.5
2026-09-22, 05:22:24, 22.5, 22.55, 22.95, 22.89, 9999.0, 9999.0, 9999.0, 23.98, 9999.0, 22.59, 9999.0, 22.89, 22.64, 22.39, 22.5, 22.5
2026-09-22, 05:22:28, 22.5, 22.55, 22.95, 22.86, 9999.0, 9999.0, 9999.0, 24.0, 9999.0, 22.61, 9999.0, 22.86, 22.64, 22.39, 22.5, 22.5
2026-09-22, 05:22:32, 22.5, 22.55, 22.93, 22.84, 9999.0, 9999.0, 9999.0, 24.02, 9999.0, 22.61, 9999.0, 22.84, 22.64, 22.39, 22.5, 22.5
2026-09-22, 05:22:36, 22.5, 22.55, 22.93, 22.82, 9999.0, 9999.0, 9999.0, 24.05, 9999.0, 22.61, 9999.0, 22.84, 22.61, 22.39, 22.5, 22.5
2026-09-22, 05:22:40, 22.5, 22.57, 22.91, 22.82, 9999.0, 9999.0, 9999.0, 24.07, 9999.0, 22.59, 9999.0, 22.82, 22.59, 22.36, 22.5, 22.5
2026-09-22, 05:22:44, 22.5, 22.57, 22.89, 22.82, 9999.0, 9999.0, 9999.0, 24.09, 9999.0, 22.55, 9999.0, 22.82, 22.57, 22.34, 22.48, 22.5
2026-09-22, 05:22:48, 22.5, 22.55, 22.89, 22.82, 9999.0, 9999.0, 9999.0, 24.14, 9999.0, 22.5, 9999.0, 22.8, 22.57, 22.34, 22.48, 22.5
2026-09-22, 05:22:52, 22.5, 22.57, 22.86, 22.8, 9999.0, 9999.0, 9999.0, 24.09, 9999.0, 22.45, 9999.0, 22.8, 22.55, 22.36, 22.48, 22.48
2026-09-22, 05:22:56, 22.48, 22.57, 22.84, 22.82, 9999.0, 9999.0, 9999.0, 24.07, 9999.0, 22.41, 9999.0, 22.82, 22.52, 22.39, 22.48, 22.48
2026-09-22, 05:23:00, 22.48, 22.55, 22.82, 22.8, 9999.0, 9999.0, 9999.0, 24.02, 9999.0, 22.39, 9999.0, 22.84, 22.52, 22.39, 22.48, 22.48
2026-09-22, 05:23:04, 22.45, 22.55, 22.82, 22.8, 9999.0, 9999.0, 9999.0, 23.98, 9999.0, 22.39, 9999.0, 22.86, 22.5, 22.41, 22.48, 22.48
2026-09-22, 05:23:08, 22.45, 22.55, 22.84, 22.8, 9999.0, 9999.0, 9999.0, 23.93, 9999.0, 22.39, 9999.0, 22.89, 22.5, 22.41, 22.48, 22.48
2026-09-22, 05:23:12, 22.45, 22.55, 22.86, 22.8, 9999.0, 9999.0, 9999.0, 23.91, 9999.0, 22.39, 9999.0, 22.91, 22.52, 22.41, 22.48, 22.48
2026-09-22, 05:23:16, 22.45, 22.55, 22.89, 22.8, 9999.0, 9999.0, 9999.0, 23.89, 9999.0, 22.41, 9999.0, 22.93, 22.55, 22.43, 22.48, 22.48
2026-09-22, 05:23:20, 22.45, 22.55, 22.86, 22.8, 9999.0, 9999.0, 9999.0, 23.84, 9999.0, 22.43, 9999.0, 22.95, 22.57, 22.43, 22.48, 22.48
2026-09-22, 05:23:24, 22.45, 22.52, 22.89, 22.8, 9999.0, 9999.0, 9999.0, 23.89, 9999.0, 22.43, 9999.0, 22.95, 22.59, 22.45, 22.48, 22.48
2026-09-22, 05:23:28, 22.45, 22.52, 22.91, 22.8, 9999.0, 9999.0, 9999.0, 23.93, 9999.0, 22.45, 9999.0, 22.93, 22.59, 22.48, 22.5, 22.48
2026-09-22, 05:23:32, 22.45, 22.52, 22.91, 22.8, 9999.0, 9999.0, 9999.0, 23.95, 9999.0, 22.48, 9999.0, 22.93, 22.59, 22.48, 22.5, 22.45
2026-09-22, 05:23:36, 22.45, 22.5, 22.91, 22.82, 9999.0, 9999.0, 9999.0, 23.98, 9999.0, 22.5, 9999.0, 22.91, 22.59, 22.48, 22.5, 22.48
2026-09-22, 05:23:40, 22.48, 22.5, 22.91, 22.8, 9999.0, 9999.0, 9999.0, 23.98, 9999.0, 22.52, 9999.0, 22.89, 22.59, 22.45, 22.5, 22.48
2026-09-22, 05:23:45, 22.48, 22.5, 22.91, 22.8, 9999.0, 9999.0, 9999.0, 24.0, 9999.0, 22.55, 9999.0, 22.86, 22.59, 22.45, 22.5, 22.48
2026-09-22, 05:23:49, 22.5, 22.5, 22.91, 22.82, 9999.0, 9999.0, 9999.0, 24.02, 9999.0, 22.55, 9999.0, 22.84, 22.59, 22.43, 22.5, 22.48
2026-09-22, 05:23:53, 22.5, 22.5, 22.91, 22.82, 9999.0, 9999.0, 9999.0, 24.05, 9999.0, 22.52, 9999.0, 22.82, 22.59, 22.45, 22.5, 22.45
2026-09-22, 05:23:57, 22.5, 22.5, 22.91, 22.82, 9999.0, 9999.0, 9999.0, 24.07, 9999.0, 22.5, 9999.0, 22.8, 22.57, 22.45, 22.48, 22.45
2026-09-22, 05:24:01, 22.5, 22.52, 22.91, 22.84, 9999.0, 9999.0, 9999.0, 24.09, 9999.0, 22.45, 9999.0, 22.77, 22.55, 22.45, 22.48, 22.43
2026-09-22, 05:24:05, 22.5, 22.52, 22.91, 22.84, 9999.0, 9999.0, 9999.0, 24.14, 9999.0, 22.41, 9999.0, 22.77, 22.52, 22.45, 22.48, 22.43
2026-09-22, 05:24:09, 22.5, 22.52, 22.91, 22.84, 9999.0, 9999.0, 9999.0, 24.09, 9999.0, 22.39, 9999.0, 22.8, 22.5, 22.43, 22.48, 22.43
2026-09-22, 05:24:13, 22.5, 22.52, 22.91, 22.84, 9999.0, 9999.0, 9999.0, 24.05, 9999.0, 22.36, 9999.0, 22.82, 22.5, 22.43, 22.48, 22.43
2026-09-22, 05:24:17, 22.5, 22.52, 22.91, 22.84, 9999.0, 9999.0, 9999.0, 24.0, 9999.0, 22.34, 9999.0, 22.84, 22.52, 22.43, 22.48, 22.45
2026-09-22, 05:24:21, 22.5, 22.55, 22.93, 22.84, 9999.0, 9999.0, 9999.0, 23.98, 9999.0, 22.34, 9999.0, 22.86, 22.52, 22.41, 22.48, 22.45
2026-09-22, 05:24:25, 22.5, 22.55, 22.93, 22.84, 9999.0, 9999.0, 9999.0, 23.95, 9999.0, 22.34, 9999.0, 22.86, 22.52, 22.43, 22.48, 22.45
2026-09-22, 05:24:29, 22.5, 22.57, 22.93, 22.86, 9999.0, 9999.0, 9999.0, 23.91, 9999.0, 22.34, 9999.0, 22.86, 22.55, 22.41, 22.48, 22.45
2026-09-22, 05:24:33, 22.5, 22.57, 22.91, 22.84, 9999.0, 9999.0, 9999.0, 23.89, 9999.0, 22.36, 9999.0, 22.89, 22.57, 22.43, 22.48, 22.45
2026-09-22, 05:24:37, 22.5, 22.59, 22.91, 22.84, 9999.0, 9999.0, 9999.0, 23.86, 9999.0, 22.39, 9999.0, 22.89, 22.59, 22.43, 22.48, 22.48
2026-09-22, 05:24:41, 22.5, 22.59, 22.91, 22.84, 9999.0, 9999.0, 9999.0, 23.91, 9999.0, 22.41, 9999.0, 22.89, 22.59, 22.43, 22.48, 22.48
2026-09-22, 05:24:45, 22.5, 22.57, 22.91, 22.82, 9999.0, 9999.0, 9999.0, 23.93, 9999.0, 22.43, 9999.0, 22.89, 22.59, 22.43, 22.48, 22.5
2026-09-22, 05:24:49, 22.5, 22.57, 22.93, 22.82, 9999.0, 9999.0, 9999.0, 23.95, 9999.0, 22.45, 9999.0, 22.86, 22.59, 22.41, 22.48, 22.5
2026-09-22, 05:24:53, 22.5, 22.57, 22.91, 22.82, 9999.0, 9999.0, 9999.0, 23.98, 9999.0, 22.48, 9999.0, 22.84, 22.61, 22.41, 22.48, 22.5
2026-09-22, 05:24:57, 22.48, 22.59, 22.91, 22.84, 9999.0, 9999.0, 9999.0, 24.0, 9999.0, 22.5, 9999.0, 22.82, 22.61, 22.41, 22.48, 22.5
2026-09-22, 05:25:01, 22.45, 22.59, 22.91, 22.86, 9999.0, 9999.0, 9999.0, 24.02, 9999.0, 22.5, 9999.0, 22.8, 22.61, 22.39, 22.48, 22.5
2026-09-22, 05:25:05, 22.45, 22.57, 22.91, 22.84, 9999.0, 9999.0, 9999.0, 24.02, 9999.0, 22.48, 9999.0, 22.77, 22.61, 22.41, 22.48, 22.5
2026-09-22, 05:25:09, 22.45, 22.57, 22.93, 22.84, 9999.0, 9999.0, 9999.0, 24.05, 9999.0, 22.45, 9999.0, 22.77, 22.61, 22.41, 22.48, 22.5
2026-09-22, 05:25:13, 22.45, 22.55, 22.95, 22.82, 9999.0, 9999.0, 9999.0, 24.09, 9999.0, 22.43, 9999.0, 22.75, 22.59, 22.41, 22.48, 22.48
2026-09-22, 05:25:17, 22.45, 22.55, 22.98, 22.84, 9999.0, 9999.0, 9999.0, 24.11, 9999.0, 22.39, 9999.0, 22.75, 22.57, 22.41, 22.48, 22.48
2026-09-22, 05:25:21, 22.45, 22.52, 22.98, 22.84, 9999.0, 9999.0, 9999.0, 24.11, 9999.0, 22.36, 9999.0, 22.75, 22.55, 22.41, 22.45, 22.45
2026-09-22, 05:25:25, 22.45, 22.52, 22.98, 22.84, 9999.0, 9999.0, 9999.0, 24.05, 9999.0, 22.34, 9999.0, 22.77, 22.55, 22.41, 22.45, 22.45
2026-09-22, 05:25:29, 22.45, 22.52, 22.98, 22.84, 9999.0, 9999.0, 9999.0, 24.0, 9999.0, 22.32, 9999.0, 22.8, 22.57, 22.39, 22.45, 22.43
2026-09-22, 05:25:33, 22.45, 22.52, 22.98, 22.86, 9999.0, 9999.0, 9999.0, 23.95, 9999.0, 22.3, 9999.0, 22.82, 22.57, 22.41, 22.45, 22.43
2026-09-22, 05:25:37, 22.45, 22.52, 22.98, 22.89, 9999.0, 9999.0, 9999.0, 23.91, 9999.0, 22.3, 9999.0, 22.84, 22.57, 22.43, 22.45, 22.43
2026-09-22, 05:25:41, 22.48, 22.5, 22.98, 22.89, 9999.0, 9999.0, 9999.0, 23.86, 9999.0, 22.3, 9999.0, 22.86, 22.57, 22.41, 22.45, 22.43
2026-09-22, 05:25:45, 22.5, 22.5, 22.98, 22.89, 9999.0, 9999.0, 9999.0, 23.84, 9999.0, 22.3, 9999.0, 22.86, 22.57, 22.41, 22.45, 22.43
2026-09-22, 05:25:49, 22.5, 22.5, 22.98, 22.91, 9999.0, 9999.0, 9999.0, 23.8, 9999.0, 22.32, 9999.0, 22.89, 22.59, 22.39, 22.45, 22.43
2026-09-22, 05:25:53, 22.5, 22.5, 22.95, 22.93, 9999.0, 9999.0, 9999.0, 23.75, 9999.0, 22.34, 9999.0, 22.91, 22.61, 22.39, 22.45, 22.43
2026-09-22, 05:25:57, 22.5, 22.5, 22.95, 22.93, 9999.0, 9999.0, 9999.0, 23.8, 9999.0, 22.36, 9999.0, 22.93, 22.64, 22.41, 22.45, 22.45
2026-09-22, 05:26:01, 22.5, 22.5, 22.95, 22.91, 9999.0, 9999.0, 9999.0, 23.84, 9999.0, 22.39, 9999.0, 22.91, 22.66, 22.41, 22.45, 22.45
2026-09-22, 05:26:05, 22.5, 22.5, 22.95, 22.89, 9999.0, 9999.0, 9999.0, 23.89, 9999.0, 22.39, 9999.0, 22.91, 22.66, 22.41, 22.48, 22.48
2026-09-22, 05:26:09, 22.5, 22.5, 22.93, 22.89, 9999.0, 9999.0, 9999.0, 23.93, 9999.0, 22.41, 9999.0, 22.89, 22.66, 22.39, 22.5, 22.48
2026-09-22, 05:26:13, 22.5, 22.5, 22.93, 22.91, 9999.0, 9999.0, 9999.0, 23.95, 9999.0, 22.41, 9999.0, 22.86, 22.64, 22.41, 22.5, 22.5
2026-09-22, 05:26:17, 22.5, 22.5, 22.93, 22.89, 9999.0, 9999.0, 9999.0, 23.98, 9999.0, 22.41, 9999.0, 22.84, 22.64, 22.41, 22.5, 22.5
2026-09-22, 05:26:21, 22.5, 22.5, 22.95, 22.89, 9999.0, 9999.0, 9999.0, 24.0, 9999.0, 22.39, 9999.0, 22.82, 22.61, 22.41, 22.5, 22.5
2026-09-22, 05:26:25, 22.5, 22.5, 22.95, 22.86, 9999.0, 9999.0, 9999.0, 24.02, 9999.0, 22.36, 9999.0, 22.8, 22.61, 22.43, 22.5, 22.5
2026-09-22, 05:26:29, 22.5, 22.5, 22.93, 22.84, 9999.0, 9999.0, 9999.0, 24.05, 9999.0, 22.36, 9999.0, 22.8, 22.61, 22.45, 22.5, 22.5
2026-09-22, 05:26:36, 22.5, 22.5, 22.93, 22.84, 9999.0, 9999.0, 9999.0, 24.09, 9999.0, 22.34, 9999.0, 22.8, 22.59, 22.48, 22.5, 22.48
2026-09-22, 05:26:40, 22.5, 22.5, 22.93, 22.84, 9999.0, 9999.0, 9999.0, 24.14, 9999.0, 22.32, 9999.0, 22.8, 22.59, 22.48, 22.5, 22.48
2026-09-22, 05:26:44, 22.5, 22.5, 22.93, 22.84, 9999.0, 9999.0, 9999.0, 24.07, 9999.0, 22.3, 9999.0, 22.82, 22.57, 22.45, 22.5, 22.48
2026-09-22, 05:26:48, 22.5, 22.5, 22.91, 22.86, 9999.0, 9999.0, 9999.0, 24.0, 9999.0, 22.25, 9999.0, 22.84, 22.55, 22.45, 22.5, 22.48
2026-09-22, 05:26:52, 22.5, 22.5, 22.89, 22.89, 9999.0, 9999.0, 9999.0, 23.95, 9999.0, 22.23, 9999.0, 22.86, 22.55, 22.45, 22.5, 22.48
2026-09-22, 05:26:56, 22.5, 22.5, 22.91, 22.89, 9999.0, 9999.0, 9999.0, 23.91, 9999.0, 22.2, 9999.0, 22.89, 22.57, 22.48, 22.5, 22.48
2026-09-22, 05:27:00, 22.5, 22.5, 22.89, 22.89, 9999.0, 9999.0, 9999.0, 23.89, 9999.0, 22.2, 9999.0, 22.89, 22.57, 22.48, 22.5, 22.48
2026-09-22, 05:27:04, 22.5, 22.5, 22.86, 22.91, 9999.0, 9999.0, 9999.0, 23.86, 9999.0, 22.2, 9999.0, 22.91, 22.57, 22.48, 22.5, 22.48
2026-09-22, 05:27:08, 22.5, 22.5, 22.86, 22.91, 9999.0, 9999.0, 9999.0, 23.82, 9999.0, 22.23, 9999.0, 22.91, 22.59, 22.48, 22.5, 22.48
2026-09-22, 05:27:12, 22.5, 22.5, 22.86, 22.93, 9999.0, 9999.0, 9999.0, 23.77, 9999.0, 22.23, 9999.0, 22.93, 22.61, 22.48, 22.5, 22.48
2026-09-22, 05:27:16, 22.5, 22.5, 22.86, 22.95, 9999.0, 9999.0, 9999.0, 23.8, 9999.0, 22.23, 9999.0, 22.93, 22.61, 22.48, 22.5, 22.45
2026-09-22, 05:27:20, 22.5, 22.5, 22.84, 22.95, 9999.0, 9999.0, 9999.0, 23.82, 9999.0, 22.23, 9999.0, 22.91, 22.64, 22.48, 22.5, 22.48
2026-09-22, 05:27:24, 22.5, 22.5, 22.84, 22.95, 9999.0, 9999.0, 9999.0, 23.84, 9999.0, 22.23, 9999.0, 22.89, 22.61, 22.48, 22.48, 22.48
2026-09-22, 05:27:28, 22.5, 22.5, 22.84, 22.98, 9999.0, 9999.0, 9999.0, 23.89, 9999.0, 22.23, 9999.0, 22.86, 22.61, 22.48, 22.48, 22.45
2026-09-22, 05:27:32, 22.5, 22.5, 22.86, 22.95, 9999.0, 9999.0, 9999.0, 23.91, 9999.0, 22.25, 9999.0, 22.84, 22.64, 22.48, 22.48, 22.45
2026-09-22, 05:27:36, 22.48, 22.5, 22.89, 22.95, 9999.0, 9999.0, 9999.0, 23.93, 9999.0, 22.27, 9999.0, 22.82, 22.66, 22.48, 22.48, 22.45
2026-09-22, 05:27:40, 22.48, 22.52, 22.86, 22.95, 9999.0, 9999.0, 9999.0, 23.95, 9999.0, 22.27, 9999.0, 22.8, 22.64, 22.48, 22.48, 22.45
2026-09-22, 05:27:44, 22.48, 22.52, 22.86, 22.95, 9999.0, 9999.0, 9999.0, 23.98, 9999.0, 22.25, 9999.0, 22.8, 22.64, 22.48, 22.48, 22.45
2026-09-22, 05:27:48, 22.48, 22.52, 22.89, 22.95, 9999.0, 9999.0, 9999.0, 24.0, 9999.0, 22.25, 9999.0, 22.77, 22.64, 22.48, 22.48, 22.45
2026-09-22, 05:27:52, 22.48, 22.52, 22.86, 22.95, 9999.0, 9999.0, 9999.0, 24.05, 9999.0, 22.2, 9999.0, 22.8, 22.61, 22.48, 22.48, 22.45
2026-09-22, 05:27:56, 22.48, 22.52, 22.84, 22.95, 9999.0, 9999.0, 9999.0, 24.07, 9999.0, 22.2, 9999.0, 22.8, 22.59, 22.48, 22.48, 22.45
2026-09-22, 05:28:00, 22.48, 22.52, 22.86, 22.95, 9999.0, 9999.0, 9999.0, 24.02, 9999.0, 22.2, 9999.0, 22.82, 22.57, 22.48, 22.48, 22.48
2026-09-22, 05:28:04, 22.48, 22.52, 22.86, 22.95, 9999.0, 9999.0, 9999.0, 23.98, 9999.0, 22.18, 9999.0, 22.84, 22.55, 22.48, 22.48, 22.48
2026-09-22, 05:28:09, 22.48, 22.52, 22.86, 22.93, 9999.0, 9999.0, 9999.0, 23.93, 9999.0, 22.16, 9999.0, 22.86, 22.55, 22.48, 22.5, 22.48
2026-09-22, 05:28:13, 22.48, 22.52, 22.86, 22.93, 9999.0, 9999.0, 9999.0, 23.89, 9999.0, 22.16, 9999.0, 22.89, 22.55, 22.5, 22.5, 22.5
2026-09-22, 05:28:17, 22.48, 22.52, 22.86, 22.95, 9999.0, 9999.0, 9999.0, 23.86, 9999.0, 22.16, 9999.0, 22.89, 22.55, 22.5, 22.5, 22.5
2026-09-22, 05:28:21, 22.5, 22.52, 22.86, 22.93, 9999.0, 9999.0, 9999.0, 23.84, 9999.0, 22.16, 9999.0, 22.89, 22.55, 22.5, 22.5, 22.5
2026-09-22, 05:28:25, 22.5, 22.5, 22.86, 22.95, 9999.0, 9999.0, 9999.0, 23.82, 9999.0, 22.18, 9999.0, 22.89, 22.57, 22.5, 22.5, 22.5
2026-09-22, 05:28:29, 22.5, 22.5, 22.86, 22.93, 9999.0, 9999.0, 9999.0, 23.77, 9999.0, 22.2, 9999.0, 22.91, 22.59, 22.5, 22.5, 22.5
2026-09-22, 05:28:33, 22.5, 22.52, 22.86, 22.93, 9999.0, 9999.0, 9999.0, 23.82, 9999.0, 22.2, 9999.0, 22.91, 22.61, 22.48, 22.5, 22.5
2026-09-22, 05:28:37, 22.5, 22.52, 22.86, 22.91, 9999.0, 9999.0, 9999.0, 23.84, 9999.0, 22.23, 9999.0, 22.89, 22.61, 22.48, 22.5, 22.48
2026-09-22, 05:28:41, 22.5, 22.52, 22.86, 22.89, 9999.0, 9999.0, 9999.0, 23.86, 9999.0, 22.23, 9999.0, 22.86, 22.64, 22.48, 22.5, 22.48
2026-09-22, 05:28:45, 22.5, 22.52, 22.84, 22.89, 9999.0, 9999.0, 9999.0, 23.89, 9999.0, 22.23, 9999.0, 22.84, 22.66, 22.48, 22.48, 22.48
2026-09-22, 05:28:49, 22.5, 22.52, 22.86, 22.89, 9999.0, 9999.0, 9999.0, 23.91, 9999.0, 22.25, 9999.0, 22.82, 22.66, 22.48, 22.48, 22.48
2026-09-22, 05:28:53, 22.5, 22.52, 22.89, 22.91, 9999.0, 9999.0, 9999.0, 23.93, 9999.0, 22.27, 9999.0, 22.8, 22.66, 22.45, 22.48, 22.48
2026-09-22, 05:28:57, 22.5, 22.52, 22.89, 22.91, 9999.0, 9999.0, 9999.0, 23.95, 9999.0, 22.25, 9999.0, 22.77, 22.66, 22.45, 22.48, 22.48
2026-09-22, 05:29:01, 22.5, 22.52, 22.86, 22.89, 9999.0, 9999.0, 9999.0, 23.98, 9999.0, 22.23, 9999.0, 22.77, 22.64, 22.43, 22.48, 22.48
2026-09-22, 05:29:05, 22.5, 22.52, 22.84, 22.89, 9999.0, 9999.0, 9999.0, 24.0, 9999.0, 22.2, 9999.0, 22.77, 22.61, 22.41, 22.48, 22.48
2026-09-22, 05:29:09, 22.5, 22.52, 22.86, 22.89, 9999.0, 9999.0, 9999.0, 24.02, 9999.0, 22.16, 9999.0, 22.8, 22.59, 22.41, 22.48, 22.48
2026-09-22, 05:29:13, 22.5, 22.52, 22.89, 22.91, 9999.0, 9999.0, 9999.0, 24.07, 9999.0, 22.14, 9999.0, 22.77, 22.57, 22.41, 22.48, 22.48
2026-09-22, 05:29:17, 22.5, 22.5, 22.86, 22.91, 9999.0, 9999.0, 9999.0, 24.0, 9999.0, 22.11, 9999.0, 22.8, 22.55, 22.41, 22.48, 22.48
2026-09-22, 05:29:21, 22.5, 22.5, 22.86, 22.93, 9999.0, 9999.0, 9999.0, 23.95, 9999.0, 22.09, 9999.0, 22.82, 22.57, 22.41, 22.48, 22.5
2026-09-22, 05:29:25, 22.5, 22.5, 22.86, 22.95, 9999.0, 9999.0, 9999.0, 23.91, 9999.0, 22.07, 9999.0, 22.84, 22.57, 22.39, 22.48, 22.5
2026-09-22, 05:29:29, 22.48, 22.5, 22.86, 22.93, 9999.0, 9999.0, 9999.0, 23.89, 9999.0, 22.07, 9999.0, 22.86, 22.55, 22.39, 22.5, 22.5
2026-09-22, 05:29:33, 22.48, 22.5, 22.86, 22.93, 9999.0, 9999.0, 9999.0, 23.84, 9999.0, 22.07, 9999.0, 22.89, 22.55, 22.36, 22.48, 22.5
2026-09-22, 05:29:37, 22.48, 22.5, 22.84, 22.91, 9999.0, 9999.0, 9999.0, 23.8, 9999.0, 22.07, 9999.0, 22.91, 22.57, 22.39, 22.48, 22.5
2026-09-22, 05:29:41, 22.48, 22.5, 22.82, 22.91, 9999.0, 9999.0, 9999.0, 23.75, 9999.0, 22.09, 9999.0, 22.93, 22.59, 22.39, 22.48, 22.5
2026-09-22, 05:29:45, 22.48, 22.5, 22.82, 22.93, 9999.0, 9999.0, 9999.0, 23.7, 9999.0, 22.11, 9999.0, 22.95, 22.61, 22.41, 22.48, 22.5
2026-09-22, 05:29:49, 22.48, 22.52, 22.84, 22.95, 9999.0, 9999.0, 9999.0, 23.73, 9999.0, 22.14, 9999.0, 22.95, 22.64, 22.43, 22.48, 22.5
2026-09-22, 05:29:53, 22.45, 22.52, 22.82, 22.93, 9999.0, 9999.0, 9999.0, 23.75, 9999.0, 22.16, 9999.0, 22.93, 22.64, 22.43, 22.48, 22.5
2026-09-22, 05:29:57, 22.45, 22.55, 22.82, 22.93, 9999.0, 9999.0, 9999.0, 23.77, 9999.0, 22.18, 9999.0, 22.93, 22.66, 22.43, 22.48, 22.5
2026-09-22, 05:30:01, 22.45, 22.55, 22.82, 22.91, 9999.0, 9999.0, 9999.0, 23.8, 9999.0, 22.18, 9999.0, 22.91, 22.68, 22.43, 22.48, 22.5
2026-09-22, 05:30:05, 22.45, 22.55, 22.82, 22.91, 9999.0, 9999.0, 9999.0, 23.82, 9999.0, 22.18, 9999.0, 22.89, 22.66, 22.43, 22.48, 22.5
2026-09-22, 05:30:09, 22.45, 22.55, 22.82, 22.91, 9999.0, 9999.0, 9999.0, 23.86, 9999.0, 22.18, 9999.0, 22.86, 22.66, 22.43, 22.48, 22.5
2026-09-22, 05:30:13, 22.48, 22.55, 22.82, 22.93, 9999.0, 9999.0, 9999.0, 23.89, 9999.0, 22.16, 9999.0, 22.84, 22.68, 22.41, 22.48, 22.5
2026-09-22, 05:30:17, 22.48, 22.55, 22.82, 22.91, 9999.0, 9999.0, 9999.0, 23.91, 9999.0, 22.14, 9999.0, 22.82, 22.68, 22.43, 22.48, 22.5
2026-09-22, 05:30:21, 22.48, 22.55, 22.84, 22.93, 9999.0, 9999.0, 9999.0, 23.95, 9999.0, 22.11, 9999.0, 22.8, 22.66, 22.41, 22.48, 22.5
2026-09-22, 05:30:25, 22.48, 22.55, 22.86, 22.93, 9999.0, 9999.0, 9999.0, 24.0, 9999.0, 22.09, 9999.0, 22.77, 22.64, 22.41, 22.48, 22.5
2026-09-22, 05:30:29, 22.48, 22.57, 22.86, 22.91, 9999.0, 9999.0, 9999.0, 24.02, 9999.0, 22.07, 9999.0, 22.77, 22.61, 22.41, 22.45, 22.5
2026-09-22, 05:30:33, 22.48, 22.57, 22.84, 22.89, 9999.0, 9999.0, 9999.0, 23.98, 9999.0, 22.05, 9999.0, 22.77, 22.59, 22.39, 22.45, 22.5
2026-09-22, 05:30:37, 22.5, 22.57, 22.86, 22.91, 9999.0, 9999.0, 9999.0, 23.91, 9999.0, 22.02, 9999.0, 22.8, 22.59, 22.39, 22.45, 22.5
2026-09-22, 05:30:41, 22.5, 22.55, 22.84, 22.91, 9999.0, 9999.0, 9999.0, 23.84, 9999.0, 22.0, 9999.0, 22.82, 22.57, 22.36, 22.45, 22.5
2026-09-22, 05:30:45, 22.48, 22.55, 22.84, 22.93, 9999.0, 9999.0, 9999.0, 23.82, 9999.0, 22.02, 9999.0, 22.82, 22.55, 22.39, 22.45, 22.5
2026-09-22, 05:30:49, 22.48, 22.55, 22.86, 22.91, 9999.0, 9999.0, 9999.0, 23.8, 9999.0, 22.05, 9999.0, 22.84, 22.55, 22.36, 22.45, 22.5
2026-09-22, 05:30:53, 22.48, 22.55, 22.86, 22.91, 9999.0, 9999.0, 9999.0, 23.75, 9999.0, 22.05, 9999.0, 22.86, 22.55, 22.36, 22.45, 22.5
2026-09-22, 05:30:57, 22.48, 22.55, 22.86, 22.91, 9999.0, 9999.0, 9999.0, 23.7, 9999.0, 22.07, 9999.0, 22.89, 22.55, 22.39, 22.45, 22.5
2026-09-22, 05:31:01, 22.48, 22.55, 22.84, 22.91, 9999.0, 9999.0, 9999.0, 23.68, 9999.0, 22.09, 9999.0, 22.91, 22.57, 22.39, 22.48, 22.5
2026-09-22, 05:31:05, 22.48, 22.55, 22.84, 22.89, 9999.0, 9999.0, 9999.0, 23.7, 9999.0, 22.11, 9999.0, 22.93, 22.59, 22.39, 22.48, 22.5
2026-09-22, 05:31:09, 22.48, 22.55, 22.82, 22.86, 9999.0, 9999.0, 9999.0, 23.73, 9999.0, 22.14, 9999.0, 22.95, 22.61, 22.39, 22.48, 22.5
2026-09-22, 05:31:13, 22.48, 22.52, 22.82, 22.89, 9999.0, 9999.0, 9999.0, 23.77, 9999.0, 22.14, 9999.0, 22.93, 22.64, 22.36, 22.5, 22.5
2026-09-22, 05:31:17, 22.48, 22.5, 22.82, 22.91, 9999.0, 9999.0, 9999.0, 23.8, 9999.0, 22.16, 9999.0, 22.93, 22.64, 22.36, 22.5, 22.5
2026-09-22, 05:31:21, 22.48, 22.5, 22.82, 22.89, 9999.0, 9999.0, 9999.0, 23.84, 9999.0, 22.16, 9999.0, 22.91, 22.64, 22.36, 22.5, 22.5
2026-09-22, 05:31:25, 22.48, 22.5, 22.82, 22.86, 9999.0, 9999.0, 9999.0, 23.89, 9999.0, 22.18, 9999.0, 22.89, 22.64, 22.39, 22.5, 22.5
2026-09-22, 05:31:29, 22.5, 22.5, 22.84, 22.86, 9999.0, 9999.0, 9999.0, 23.89, 9999.0, 22.18, 9999.0, 22.89, 22.64, 22.39, 22.5, 22.5
2026-09-22, 05:31:33, 22.5, 22.5, 22.82, 22.86, 9999.0, 9999.0, 9999.0, 23.89, 9999.0, 22.16, 9999.0, 22.86, 22.66, 22.41, 22.5, 22.5
2026-09-22, 05:31:42, 22.5, 22.5, 22.84, 22.86, 9999.0, 9999.0, 9999.0, 23.93, 9999.0, 22.16, 9999.0, 22.84, 22.66, 22.41, 22.5, 22.5
2026-09-22, 05:31:46, 22.5, 22.5, 22.84, 22.86, 9999.0, 9999.0, 9999.0, 23.95, 9999.0, 22.14, 9999.0, 22.84, 22.66, 22.41, 22.5, 22.5
2026-09-22, 05:31:50, 22.5, 22.5, 22.84, 22.86, 9999.0, 9999.0, 9999.0, 23.98, 9999.0, 22.11, 9999.0, 22.84, 22.64, 22.41, 22.5, 22.5
2026-09-22, 05:31:54, 22.5, 22.5, 22.82, 22.86, 9999.0, 9999.0, 9999.0, 23.93, 9999.0, 22.09, 9999.0, 22.84, 22.61, 22.43, 22.5, 22.5
2026-09-22, 05:31:58, 22.5, 22.5, 22.84, 22.86, 9999.0, 9999.0, 9999.0, 23.89, 9999.0, 22.07, 9999.0, 22.84, 22.61, 22.43, 22.5, 22.5
2026-09-22, 05:32:02, 22.5, 22.5, 22.84, 22.86, 9999.0, 9999.0, 9999.0, 23.82, 9999.0, 22.07, 9999.0, 22.86, 22.61, 22.45, 22.5, 22.5
2026-09-22, 05:32:06, 22.5, 22.5, 22.84, 22.84, 9999.0, 9999.0, 9999.0, 23.8, 9999.0, 22.07, 9999.0, 22.89, 22.64, 22.45, 22.5, 22.5
2026-09-22, 05:32:10, 22.5, 22.52, 22.84, 22.84, 9999.0, 9999.0, 9999.0, 23.75, 9999.0, 22.09, 9999.0, 22.91, 22.64, 22.43, 22.5, 22.5
2026-09-22, 05:32:14, 22.5, 22.52, 22.84, 22.86, 9999.0, 9999.0, 9999.0, 23.7, 9999.0, 22.09, 9999.0, 22.93, 22.66, 22.41, 22.5, 22.5
2026-09-22, 05:32:18, 22.5, 22.52, 22.82, 22.84, 9999.0, 9999.0, 9999.0, 23.68, 9999.0, 22.11, 9999.0, 22.95, 22.68, 22.41, 22.5, 22.5
2026-09-22, 05:32:22, 22.5, 22.52, 22.82, 22.84, 9999.0, 9999.0, 9999.0, 23.64, 9999.0, 22.14, 9999.0, 22.98, 22.68, 22.39, 22.5, 22.5
2026-09-22, 05:32:26, 22.5, 22.52, 22.8, 22.82, 9999.0, 9999.0, 9999.0, 23.57, 9999.0, 22.16, 9999.0, 23.0, 22.66, 22.41, 22.5, 22.5
2026-09-22, 05:32:30, 22.5, 22.52, 22.8, 22.8, 9999.0, 9999.0, 9999.0, 23.61, 9999.0, 22.18, 9999.0, 22.98, 22.64, 22.41, 22.5, 22.5
2026-09-22, 05:32:34, 22.5, 22.52, 22.8, 22.8, 9999.0, 9999.0, 9999.0, 23.66, 9999.0, 22.2, 9999.0, 22.98, 22.64, 22.41, 22.5, 22.5
2026-09-22, 05:32:38, 22.5, 22.52, 22.82, 22.82, 9999.0, 9999.0, 9999.0, 23.68, 9999.0, 22.23, 9999.0, 22.95, 22.64, 22.39, 22.5, 22.5
2026-09-22, 05:32:42, 22.5, 22.52, 22.82, 22.84, 9999.0, 9999.0, 9999.0, 23.7, 9999.0, 22.25, 9999.0, 22.93, 22.61, 22.39, 22.5, 22.5
2026-09-22, 05:32:46, 22.5, 22.52, 22.82, 22.82, 9999.0, 9999.0, 9999.0, 23.75, 9999.0, 22.27, 9999.0, 22.91, 22.59, 22.36, 22.5, 22.5
2026-09-22, 05:32:50, 22.5, 22.52, 22.82, 22.82, 9999.0, 9999.0, 9999.0, 23.75, 9999.0, 22.25, 9999.0, 22.89, 22.57, 22.36, 22.5, 22.5
2026-09-22, 05:32:54, 22.5, 22.5, 22.8, 22.82, 9999.0, 9999.0, 9999.0, 23.77, 9999.0, 22.25, 9999.0, 22.86, 22.57, 22.36, 22.5, 22.5
2026-09-22, 05:32:58, 22.5, 22.5, 22.8, 22.82, 9999.0, 9999.0, 9999.0, 23.8, 9999.0, 22.25, 9999.0, 22.84, 22.57, 22.36, 22.5, 22.5
2026-09-22, 05:33:02, 22.5, 22.5, 22.8, 22.84, 9999.0, 9999.0, 9999.0, 23.84, 9999.0, 22.2, 9999.0, 22.84, 22.55, 22.34, 22.5, 22.5
2026-09-22, 05:33:06, 22.5, 22.5, 22.8, 22.86, 9999.0, 9999.0, 9999.0, 23.89, 9999.0, 22.2, 9999.0, 22.82, 22.52, 22.34, 22.5, 22.5
2026-09-22, 05:33:10, 22.5, 22.5, 22.8, 22.86, 9999.0, 9999.0, 9999.0, 23.93, 9999.0, 22.18, 9999.0, 22.8, 22.52, 22.34, 22.5, 22.5
2026-09-22, 05:33:14, 22.5, 22.5, 22.8, 22.86, 9999.0, 9999.0, 9999.0, 23.89, 9999.0, 22.16, 9999.0, 22.82, 22.52, 22.34, 22.5, 22.5
2026-09-22, 05:33:18, 22.5, 22.5, 22.82, 22.89, 9999.0, 9999.0, 9999.0, 23.82, 9999.0, 22.16, 9999.0, 22.84, 22.52, 22.34, 22.5, 22.5
2026-09-22, 05:33:22, 22.5, 22.5, 22.8, 22.89, 9999.0, 9999.0, 9999.0, 23.77, 9999.0, 22.16, 9999.0, 22.86, 22.55, 22.36, 22.5, 22.5
2026-09-22, 05:33:26, 22.5, 22.5, 22.77, 22.89, 9999.0, 9999.0, 9999.0, 23.73, 9999.0, 22.16, 9999.0, 22.89, 22.57, 22.34, 22.5, 22.5
2026-09-22, 05:33:30, 22.5, 22.5, 22.8, 22.89, 9999.0, 9999.0, 9999.0, 23.68, 9999.0, 22.16, 9999.0, 22.91, 22.57, 22.34, 22.5, 22.5
2026-09-22, 05:33:34, 22.5, 22.5, 22.8, 22.89, 9999.0, 9999.0, 9999.0, 23.66, 9999.0, 22.2, 9999.0, 22.93, 22.59, 22.36, 22.5, 22.5
2026-09-22, 05:33:38, 22.5, 22.5, 22.8, 22.91, 9999.0, 9999.0, 9999.0, 23.61, 9999.0, 22.23, 9999.0, 22.95, 22.61, 22.39, 22.5, 22.5
2026-09-22, 05:33:42, 22.5, 22.5, 22.8, 22.91, 9999.0, 9999.0, 9999.0, 23.57, 9999.0, 22.23, 9999.0, 22.95, 22.61, 22.41, 22.5, 22.5
2026-09-22, 05:33:46, 22.5, 22.5, 22.8, 22.91, 9999.0, 9999.0, 9999.0, 23.59, 9999.0, 22.25, 9999.0, 22.95, 22.64, 22.43, 22.5, 22.5
2026-09-22, 05:33:50, 22.5, 22.5, 22.82, 22.91, 9999.0, 9999.0, 9999.0, 23.64, 9999.0, 22.25, 9999.0, 22.95, 22.66, 22.45, 22.5, 22.5
2026-09-22, 05:33:54, 22.5, 22.5, 22.84, 22.91, 9999.0, 9999.0, 9999.0, 23.66, 9999.0, 22.27, 9999.0, 22.98, 22.68, 22.43, 22.5, 22.5
2026-09-22, 05:33:58, 22.5, 22.5, 22.84, 22.91, 9999.0, 9999.0, 9999.0, 23.68, 9999.0, 22.3, 9999.0, 22.95, 22.68, 22.41, 22.5, 22.5
2026-09-22, 05:34:02, 22.5, 22.5, 22.84, 22.89, 9999.0, 9999.0, 9999.0, 23.73, 9999.0, 22.3, 9999.0, 22.91, 22.7, 22.41, 22.5, 22.5
2026-09-22, 05:34:06, 22.5, 22.5, 22.84, 22.89, 9999.0, 9999.0, 9999.0, 23.77, 9999.0, 22.3, 9999.0, 22.89, 22.68, 22.41, 22.5, 22.5
2026-09-22, 05:34:10, 22.5, 22.5, 22.86, 22.89, 9999.0, 9999.0, 9999.0, 23.82, 9999.0, 22.32, 9999.0, 22.86, 22.66, 22.41, 22.5, 22.5
2026-09-22, 05:34:14, 22.5, 22.5, 22.84, 22.91, 9999.0, 9999.0, 9999.0, 23.86, 9999.0, 22.34, 9999.0, 22.84, 22.66, 22.43, 22.5, 22.5
2026-09-22, 05:34:18, 22.5, 22.52, 22.86, 22.91, 9999.0, 9999.0, 9999.0, 23.91, 9999.0, 22.34, 9999.0, 22.82, 22.64, 22.43, 22.5, 22.5
2026-09-22, 05:34:22, 22.5, 22.52, 22.89, 22.91, 9999.0, 9999.0, 9999.0, 23.95, 9999.0, 22.32, 9999.0, 22.8, 22.61, 22.41, 22.5, 22.5
2026-09-22, 05:34:26, 22.5, 22.52, 22.89, 22.89, 9999.0, 9999.0, 9999.0, 24.0, 9999.0, 22.32, 9999.0, 22.82, 22.59, 22.41, 22.5, 22.5
2026-09-22, 05:34:30, 22.5, 22.55, 22.91, 22.89, 9999.0, 9999.0, 9999.0, 23.95, 9999.0, 22.32, 9999.0, 22.82, 22.57, 22.41, 22.5, 22.5
2026-09-22, 05:34:34, 22.5, 22.55, 22.89, 22.89, 9999.0, 9999.0, 9999.0, 23.91, 9999.0, 22.32, 9999.0, 22.84, 22.57, 22.39, 22.5, 22.5
2026-09-22, 05:34:38, 22.5, 22.55, 22.86, 22.91, 9999.0, 9999.0, 9999.0, 23.89, 9999.0, 22.32, 9999.0, 22.84, 22.57, 22.41, 22.5, 22.5
2026-09-22, 05:34:43, 22.5, 22.55, 22.86, 22.93, 9999.0, 9999.0, 9999.0, 23.86, 9999.0, 22.34, 9999.0, 22.86, 22.59, 22.43, 22.5, 22.5
2026-09-22, 05:34:47, 22.5, 22.55, 22.86, 22.95, 9999.0, 9999.0, 9999.0, 23.82, 9999.0, 22.36, 9999.0, 22.89, 22.57, 22.41, 22.5, 22.5
2026-09-22, 05:34:51, 22.5, 22.55, 22.89, 22.95, 9999.0, 9999.0, 9999.0, 23.77, 9999.0, 22.39, 9999.0, 22.89, 22.59, 22.41, 22.5, 22.5
2026-09-22, 05:34:55, 22.5, 22.57, 22.89, 22.95, 9999.0, 9999.0, 9999.0, 23.73, 9999.0, 22.41, 9999.0, 22.89, 22.61, 22.43, 22.5, 22.5
2026-09-22, 05:34:59, 22.5, 22.57, 22.89, 22.95, 9999.0, 9999.0, 9999.0, 23.7, 9999.0, 22.43, 9999.0, 22.89, 22.64, 22.43, 22.5, 22.5
2026-09-22, 05:35:03, 22.5, 22.55, 22.89, 22.95, 9999.0, 9999.0, 9999.0, 23.73, 9999.0, 22.43, 9999.0, 22.91, 22.66, 22.41, 22.5, 22.5
2026-09-22, 05:35:07, 22.5, 22.55, 22.89, 22.95, 9999.0, 9999.0, 9999.0, 23.77, 9999.0, 22.45, 9999.0, 22.91, 22.66, 22.41, 22.5, 22.5
2026-09-22, 05:35:11, 22.5, 22.55, 22.91, 22.98, 9999.0, 9999.0, 9999.0, 23.82, 9999.0, 22.48, 9999.0, 22.89, 22.68, 22.39, 22.5, 22.5
2026-09-22, 05:35:15, 22.5, 22.52, 22.91, 22.95, 9999.0, 9999.0, 9999.0, 23.86, 9999.0, 22.5, 9999.0, 22.86, 22.7, 22.39, 22.5, 22.5
2026-09-22, 05:35:19, 22.5, 22.52, 22.93, 22.95, 9999.0, 9999.0, 9999.0, 23.89, 9999.0, 22.52, 9999.0, 22.84, 22.68, 22.41, 22.5, 22.5
2026-09-22, 05:35:23, 22.5, 22.52, 22.95, 22.95, 9999.0, 9999.0, 9999.0, 23.91, 9999.0, 22.55, 9999.0, 22.82, 22.66, 22.41, 22.5, 22.5
2026-09-22, 05:35:27, 22.5, 22.52, 22.98, 22.95, 9999.0, 9999.0, 9999.0, 23.93, 9999.0, 22.55, 9999.0, 22.8, 22.66, 22.39, 22.5, 22.5
2026-09-22, 05:35:31, 22.5, 22.52, 22.95, 22.93, 9999.0, 9999.0, 9999.0, 23.98, 9999.0, 22.55, 9999.0, 22.77, 22.66, 22.39, 22.5, 22.5
2026-09-22, 05:35:35, 22.5, 22.52, 22.93, 22.93, 9999.0, 9999.0, 9999.0, 24.02, 9999.0, 22.55, 9999.0, 22.77, 22.64, 22.36, 22.5, 22.5
2026-09-22, 05:35:39, 22.5, 22.5, 22.93, 22.93, 9999.0, 9999.0, 9999.0, 24.07, 9999.0, 22.52, 9999.0, 22.8, 22.61, 22.36, 22.5, 22.5
2026-09-22, 05:35:43, 22.5, 22.5, 22.93, 22.93, 9999.0, 9999.0, 9999.0, 24.07, 9999.0, 22.5, 9999.0, 22.8, 22.59, 22.34, 22.5, 22.5
2026-09-22, 05:35:47, 22.5, 22.5, 22.91, 22.95, 9999.0, 9999.0, 9999.0, 24.02, 9999.0, 22.48, 9999.0, 22.8, 22.57, 22.36, 22.5, 22.5
2026-09-22, 05:35:51, 22.5, 22.5, 22.89, 22.95, 9999.0, 9999.0, 9999.0, 23.98, 9999.0, 22.48, 9999.0, 22.82, 22.59, 22.39, 22.5, 22.5
2026-09-22, 05:35:55, 22.5, 22.5, 22.89, 22.95, 9999.0, 9999.0, 9999.0, 23.93, 9999.0, 22.45, 9999.0, 22.84, 22.57, 22.41, 22.5, 22.5
2026-09-22, 05:35:59, 22.5, 22.52, 22.86, 22.98, 9999.0, 9999.0, 9999.0, 23.89, 9999.0, 22.45, 9999.0, 22.86, 22.57, 22.39, 22.5, 22.5
2026-09-22, 05:36:03, 22.5, 22.55, 22.84, 22.98, 9999.0, 9999.0, 9999.0, 23.86, 9999.0, 22.45, 9999.0, 22.89, 22.57, 22.39, 22.5, 22.5
2026-09-22, 05:36:07, 22.5, 22.55, 22.84, 22.98, 9999.0, 9999.0, 9999.0, 23.82, 9999.0, 22.48, 9999.0, 22.91, 22.59, 22.39, 22.5, 22.5
2026-09-22, 05:36:11, 22.5, 22.55, 22.82, 22.98, 9999.0, 9999.0, 9999.0, 23.77, 9999.0, 22.5, 9999.0, 22.93, 22.59, 22.41, 22.5, 22.5
2026-09-22, 05:36:15, 22.5, 22.55, 22.82, 23.0, 9999.0, 9999.0, 9999.0, 23.73, 9999.0, 22.52, 9999.0, 22.93, 22.59, 22.41, 22.5, 22.5
2026-09-22, 05:36:19, 22.5, 22.57, 22.82, 23.0, 9999.0, 9999.0, 9999.0, 23.75, 9999.0, 22.55, 9999.0, 22.93, 22.61, 22.43, 22.5, 22.5
2026-09-22, 05:36:23, 22.5, 22.57, 22.82, 23.0, 9999.0, 9999.0, 9999.0, 23.77, 9999.0, 22.55, 9999.0, 22.91, 22.64, 22.43, 22.5, 22.5
2026-09-22, 05:36:27, 22.5, 22.57, 22.84, 22.98, 9999.0, 9999.0, 9999.0, 23.82, 9999.0, 22.55, 9999.0, 22.91, 22.66, 22.43, 22.5, 22.5
2026-09-22, 05:36:31, 22.5, 22.57, 22.86, 22.98, 9999.0, 9999.0, 9999.0, 23.84, 9999.0, 22.57, 9999.0, 22.89, 22.66, 22.43, 22.5, 22.5
2026-09-22, 05:36:35, 22.5, 22.57, 22.89, 22.98, 9999.0, 9999.0, 9999.0, 23.86, 9999.0, 22.57, 9999.0, 22.86, 22.66, 22.43, 22.5, 22.5
2026-09-22, 05:36:39, 22.5, 22.57, 22.89, 22.98, 9999.0, 9999.0, 9999.0, 23.89, 9999.0, 22.59, 9999.0, 22.84, 22.68, 22.41, 22.5, 22.5
2026-09-22, 05:36:43, 22.5, 22.55, 22.89, 22.95, 9999.0, 9999.0, 9999.0, 23.91, 9999.0, 22.59, 9999.0, 22.82, 22.66, 22.43, 22.5, 22.5
2026-09-22, 05:36:47, 22.5, 22.55, 22.89, 22.93, 9999.0, 9999.0, 9999.0, 23.93, 9999.0, 22.59, 9999.0, 22.8, 22.66, 22.43, 22.5, 22.5
2026-09-22, 05:36:51, 22.5, 22.55, 22.86, 22.93, 9999.0, 9999.0, 9999.0, 23.98, 9999.0, 22.57, 9999.0, 22.77, 22.64, 22.41, 22.5, 22.5
2026-09-22, 05:36:56, 22.5, 22.55, 22.89, 22.91, 9999.0, 9999.0, 9999.0, 24.02, 9999.0, 22.55, 9999.0, 22.75, 22.64, 22.41, 22.5, 22.5
2026-09-22, 05:37:00, 22.5, 22.57, 22.91, 22.91, 9999.0, 9999.0, 9999.0, 24.07, 9999.0, 22.52, 9999.0, 22.75, 22.64, 22.43, 22.5, 22.5
2026-09-22, 05:37:04, 22.5, 22.55, 22.93, 22.91, 9999.0, 9999.0, 9999.0, 24.02, 9999.0, 22.5, 9999.0, 22.77, 22.64, 22.43, 22.5, 22.5
2026-09-22, 05:37:08, 22.5, 22.55, 22.93, 22.89, 9999.0, 9999.0, 9999.0, 24.0, 9999.0, 22.5, 9999.0, 22.8, 22.64, 22.41, 22.5, 22.5
2026-09-22, 05:37:12, 22.5, 22.55, 22.91, 22.91, 9999.0, 9999.0, 9999.0, 23.95, 9999.0, 22.5, 9999.0, 22.82, 22.61, 22.43, 22.5, 22.5
2026-09-22, 05:37:16, 22.5, 22.55, 22.91, 22.89, 9999.0, 9999.0, 9999.0, 23.93, 9999.0, 22.52, 9999.0, 22.84, 22.64, 22.43, 22.5, 22.5
2026-09-22, 05:37:20, 22.5, 22.55, 22.89, 22.89, 9999.0, 9999.0, 9999.0, 23.91, 9999.0, 22.55, 9999.0, 22.86, 22.64, 22.43, 22.5, 22.5
2026-09-22, 05:37:24, 22.5, 22.55, 22.89, 22.89, 9999.0, 9999.0, 9999.0, 23.86, 9999.0, 22.57, 9999.0, 22.89, 22.64, 22.43, 22.5, 22.5
2026-09-22, 05:37:28, 22.5, 22.57, 22.91, 22.89, 9999.0, 9999.0, 9999.0, 23.82, 9999.0, 22.59, 9999.0, 22.91, 22.66, 22.43, 22.5, 22.5
2026-09-22, 05:37:32, 22.5, 22.55, 22.93, 22.91, 9999.0, 9999.0, 9999.0, 23.77, 9999.0, 22.61, 9999.0, 22.93, 22.66, 22.41, 22.5, 22.5
2026-09-22, 05:37:36, 22.5, 22.55, 22.93, 22.91, 9999.0, 9999.0, 9999.0, 23.8, 9999.0, 22.64, 9999.0, 22.95, 22.68, 22.41, 22.5, 22.5
2026-09-22, 05:37:40, 22.5, 22.55, 22.91, 22.93, 9999.0, 9999.0, 9999.0, 23.82, 9999.0, 22.66, 9999.0, 22.95, 22.68, 22.39, 22.5, 22.5
2026-09-22, 05:37:44, 22.5, 22.52, 22.89, 22.93, 9999.0, 9999.0, 9999.0, 23.84, 9999.0, 22.68, 9999.0, 22.95, 22.7, 22.36, 22.5, 22.5
2026-09-22, 05:37:48, 22.5, 22.52, 22.89, 22.93, 9999.0, 9999.0, 9999.0, 23.89, 9999.0, 22.68, 9999.0, 22.93, 22.68, 22.36, 22.5, 22.5
2026-09-22, 05:37:52, 22.5, 22.52, 22.86, 22.95, 9999.0, 9999.0, 9999.0, 23.89, 9999.0, 22.68, 9999.0, 22.91, 22.66, 22.36, 22.5, 22.5
2026-09-22, 05:37:56, 22.5, 22.52, 22.89, 22.95, 9999.0, 9999.0, 9999.0, 23.91, 9999.0, 22.68, 9999.0, 22.89, 22.66, 22.34, 22.5, 22.5
2026-09-22, 05:38:00, 22.5, 22.52, 22.86, 22.98, 9999.0, 9999.0, 9999.0, 23.93, 9999.0, 22.68, 9999.0, 22.86, 22.64, 22.32, 22.5, 22.5
2026-09-22, 05:38:04, 22.5, 22.52, 22.86, 22.95, 9999.0, 9999.0, 9999.0, 23.95, 9999.0, 22.66, 9999.0, 22.84, 22.64, 22.3, 22.5, 22.5
2026-09-22, 05:38:08, 22.5, 22.52, 22.84, 22.95, 9999.0, 9999.0, 9999.0, 24.0, 9999.0, 22.64, 9999.0, 22.82, 22.61, 22.32, 22.5, 22.5
2026-09-22, 05:38:12, 22.5, 22.5, 22.82, 22.95, 9999.0, 9999.0, 9999.0, 24.05, 9999.0, 22.61, 9999.0, 22.8, 22.59, 22.3, 22.5, 22.5
2026-09-22, 05:38:16, 22.5, 22.5, 22.8, 22.95, 9999.0, 9999.0, 9999.0, 24.09, 9999.0, 22.59, 9999.0, 22.8, 22.59, 22.32, 22.5, 22.5
2026-09-22, 05:38:20, 22.5, 22.5, 22.82, 22.95, 9999.0, 9999.0, 9999.0, 24.05, 9999.0, 22.57, 9999.0, 22.8, 22.57, 22.32, 22.5, 22.5
2026-09-22, 05:38:24, 22.5, 22.5, 22.84, 22.93, 9999.0, 9999.0, 9999.0, 24.0, 9999.0, 22.55, 9999.0, 22.82, 22.55, 22.34, 22.5, 22.5
2026-09-22, 05:38:28, 22.5, 22.5, 22.86, 22.93, 9999.0, 9999.0, 9999.0, 23.95, 9999.0, 22.52, 9999.0, 22.84, 22.52, 22.36, 22.5, 22.5
2026-09-22, 05:38:32, 22.5, 22.5, 22.84, 22.93, 9999.0, 9999.0, 9999.0, 23.91, 9999.0, 22.55, 9999.0, 22.86, 22.52, 22.36, 22.5, 22.5
2026-09-22, 05:38:36, 22.5, 22.5, 22.84, 22.93, 9999.0, 9999.0, 9999.0, 23.89, 9999.0, 22.57, 9999.0, 22.89, 22.52, 22.39, 22.5, 22.5
2026-09-22, 05:38:40, 22.5, 22.5, 22.84, 22.93, 9999.0, 9999.0, 9999.0, 23.86, 9999.0, 22.59, 9999.0, 22.91, 22.55, 22.41, 22.5, 22.5
2026-09-22, 05:38:44, 22.5, 22.5, 22.84, 22.93, 9999.0, 9999.0, 9999.0, 23.84, 9999.0, 22.61, 9999.0, 22.93, 22.57, 22.43, 22.5, 22.5
2026-09-22, 05:38:48, 22.5, 22.52, 22.86, 22.93, 9999.0, 9999.0, 9999.0, 23.82, 9999.0, 22.64, 9999.0, 22.93, 22.55, 22.45, 22.5, 22.5
2026-09-22, 05:38:52, 22.5, 22.52, 22.86, 22.93, 9999.0, 9999.0, 9999.0, 23.86, 9999.0, 22.66, 9999.0, 22.93, 22.57, 22.45, 22.5, 22.5
2026-09-22, 05:38:56, 22.5, 22.52, 22.86, 22.95, 9999.0, 9999.0, 9999.0, 23.89, 9999.0, 22.68, 9999.0, 22.95, 22.59, 22.48, 22.5, 22.5
2026-09-22, 05:39:00, 22.5, 22.52, 22.89, 22.93, 9999.0, 9999.0, 9999.0, 23.91, 9999.0, 22.7, 9999.0, 22.93, 22.61, 22.48, 22.5, 22.5
2026-09-22, 05:39:04, 22.5, 22.55, 22.89, 22.91, 9999.0, 9999.0, 9999.0, 23.95, 9999.0, 22.73, 9999.0, 22.91, 22.61, 22.48, 22.5, 22.5
2026-09-22, 05:39:08, 22.5, 22.55, 22.89, 22.91, 9999.0, 9999.0, 9999.0, 24.0, 9999.0, 22.75, 9999.0, 22.89, 22.61, 22.45, 22.5, 22.5
2026-09-22, 05:39:12, 22.5, 22.55, 22.86, 22.89, 9999.0, 9999.0, 9999.0, 24.05, 9999.0, 22.77, 9999.0, 22.86, 22.61, 22.45, 22.5, 22.5
2026-09-22, 05:39:16, 22.5, 22.55, 22.86, 22.86, 9999.0, 9999.0, 9999.0, 24.07, 9999.0, 22.77, 9999.0, 22.84, 22.61, 22.45, 22.5, 22.5
2026-09-22, 05:39:20, 22.5, 22.55, 22.89, 22.84, 9999.0, 9999.0, 9999.0, 24.09, 9999.0, 22.75, 9999.0, 22.82, 22.61, 22.45, 22.5, 22.5
2026-09-22, 05:39:24, 22.5, 22.55, 22.89, 22.84, 9999.0, 9999.0, 9999.0, 24.11, 9999.0, 22.75, 9999.0, 22.8, 22.59, 22.45, 22.5, 22.5
2026-09-22, 05:39:28, 22.5, 22.55, 22.91, 22.84, 9999.0, 9999.0, 9999.0, 24.14, 9999.0, 22.73, 9999.0, 22.8, 22.57, 22.43, 22.5, 22.5
2026-09-22, 05:39:32, 22.5, 22.52, 22.91, 22.84, 9999.0, 9999.0, 9999.0, 24.16, 9999.0, 22.7, 9999.0, 22.8, 22.57, 22.41, 22.5, 22.5
2026-09-22, 05:39:36, 22.5, 22.52, 22.91, 22.82, 9999.0, 9999.0, 9999.0, 24.11, 9999.0, 22.7, 9999.0, 22.82, 22.55, 22.41, 22.5, 22.5
2026-09-22, 05:39:40, 22.5, 22.52, 22.91, 22.82, 9999.0, 9999.0, 9999.0, 24.07, 9999.0, 22.7, 9999.0, 22.82, 22.55, 22.41, 22.5, 22.5
2026-09-22, 05:39:44, 22.5, 22.52, 22.91, 22.82, 9999.0, 9999.0, 9999.0, 24.02, 9999.0, 22.68, 9999.0, 22.84, 22.52, 22.41, 22.5, 22.5
2026-09-22, 05:39:48, 22.5, 22.5, 22.91, 22.82, 9999.0, 9999.0, 9999.0, 23.98, 9999.0, 22.68, 9999.0, 22.86, 22.52, 22.41, 22.5, 22.5
2026-09-22, 05:39:52, 22.5, 22.5, 22.89, 22.84, 9999.0, 9999.0, 9999.0, 23.93, 9999.0, 22.68, 9999.0, 22.89, 22.55, 22.43, 22.5, 22.5
2026-09-22, 05:39:56, 22.5, 22.5, 22.91, 22.86, 9999.0, 9999.0, 9999.0, 23.89, 9999.0, 22.68, 9999.0, 22.89, 22.57, 22.43, 22.5, 22.5
2026-09-22, 05:40:00, 22.5, 22.5, 22.91, 22.89, 9999.0, 9999.0, 9999.0, 23.86, 9999.0, 22.7, 9999.0, 22.91, 22.59, 22.43, 22.5, 22.5
2026-09-22, 05:40:04, 22.5, 22.52, 22.91, 22.89, 9999.0, 9999.0, 9999.0, 23.84, 9999.0, 22.75, 9999.0, 22.91, 22.61, 22.43, 22.5, 22.5
2026-09-22, 05:40:08, 22.5, 22.52, 22.89, 22.86, 9999.0, 9999.0, 9999.0, 23.89, 9999.0, 22.75, 9999.0, 22.91, 22.64, 22.43, 22.5, 22.5
2026-09-22, 05:40:12, 22.5, 22.52, 22.86, 22.86, 9999.0, 9999.0, 9999.0, 23.91, 9999.0, 22.75, 9999.0, 22.89, 22.64, 22.43, 22.5, 22.5
2026-09-22, 05:40:16, 22.5, 22.52, 22.84, 22.89, 9999.0, 9999.0, 9999.0, 23.93, 9999.0, 22.77, 9999.0, 22.89, 22.64, 22.45, 22.5, 22.5
2026-09-22, 05:40:20, 22.5, 22.52, 22.84, 22.91, 9999.0, 9999.0, 9999.0, 23.95, 9999.0, 22.77, 9999.0, 22.86, 22.66, 22.43, 22.5, 22.5
2026-09-22, 05:40:24, 22.5, 22.52, 22.84, 22.89, 9999.0, 9999.0, 9999.0, 24.0, 9999.0, 22.77, 9999.0, 22.84, 22.64, 22.43, 22.5, 22.5
2026-09-22, 05:40:29, 22.5, 22.55, 22.82, 22.89, 9999.0, 9999.0, 9999.0, 24.05, 9999.0, 22.8, 9999.0, 22.82, 22.64, 22.43, 22.5, 22.5
2026-09-22, 05:40:33, 22.5, 22.57, 22.8, 22.89, 9999.0, 9999.0, 9999.0, 24.09, 9999.0, 22.8, 9999.0, 22.8, 22.64, 22.45, 22.5, 22.5
2026-09-22, 05:40:37, 22.5, 22.57, 22.8, 22.86, 9999.0, 9999.0, 9999.0, 24.14, 9999.0, 22.8, 9999.0, 22.77, 22.64, 22.43, 22.5, 22.5
2026-09-22, 05:40:41, 22.5, 22.57, 22.77, 22.84, 9999.0, 9999.0, 9999.0, 24.18, 9999.0, 22.8, 9999.0, 22.77, 22.61, 22.41, 22.5, 22.5
2026-09-22, 05:40:45, 22.5, 22.57, 22.77, 22.82, 9999.0, 9999.0, 9999.0, 24.23, 9999.0, 22.77, 9999.0, 22.75, 22.59, 22.39, 22.5, 22.5
2026-09-22, 05:40:49, 22.5, 22.55, 22.75, 22.82, 9999.0, 9999.0, 9999.0, 24.25, 9999.0, 22.75, 9999.0, 22.77, 22.59, 22.36, 22.5, 22.48
2026-09-22, 05:40:53, 22.5, 22.55, 22.75, 22.82, 9999.0, 9999.0, 9999.0, 24.2, 9999.0, 22.75, 9999.0, 22.8, 22.57, 22.36, 22.5, 22.48
2026-09-22, 05:40:57, 22.5, 22.57, 22.75, 22.82, 9999.0, 9999.0, 9999.0, 24.18, 9999.0, 22.73, 9999.0, 22.82, 22.59, 22.36, 22.5, 22.45
2026-09-22, 05:41:01, 22.5, 22.59, 22.77, 22.8, 9999.0, 9999.0, 9999.0, 24.16, 9999.0, 22.73, 9999.0, 22.84, 22.59, 22.36, 22.5, 22.45
2026-09-22, 05:41:05, 22.5, 22.59, 22.77, 22.77, 9999.0, 9999.0, 9999.0, 24.11, 9999.0, 22.73, 9999.0, 22.86, 22.57, 22.39, 22.5, 22.45
2026-09-22, 05:41:09, 22.5, 22.59, 22.77, 22.77, 9999.0, 9999.0, 9999.0, 24.07, 9999.0, 22.73, 9999.0, 22.89, 22.57, 22.39, 22.48, 22.45
2026-09-22, 05:41:13, 22.5, 22.59, 22.8, 22.77, 9999.0, 9999.0, 9999.0, 24.02, 9999.0, 22.75, 9999.0, 22.91, 22.59, 22.39, 22.45, 22.45
2026-09-22, 05:41:17, 22.5, 22.59, 22.8, 22.77, 9999.0, 9999.0, 9999.0, 23.98, 9999.0, 22.77, 9999.0, 22.91, 22.59, 22.39, 22.45, 22.45
2026-09-22, 05:41:21, 22.5, 22.61, 22.82, 22.77, 9999.0, 9999.0, 9999.0, 23.93, 9999.0, 22.8, 9999.0, 22.91, 22.59, 22.39, 22.45, 22.45
2026-09-22, 05:41:25, 22.5, 22.64, 22.84, 22.77, 9999.0, 9999.0, 9999.0, 23.95, 9999.0, 22.82, 9999.0, 22.93, 22.59, 22.41, 22.45, 22.45
2026-09-22, 05:41:29, 22.5, 22.64, 22.86, 22.77, 9999.0, 9999.0, 9999.0, 23.98, 9999.0, 22.84, 9999.0, 22.93, 22.59, 22.43, 22.45, 22.45
2026-09-22, 05:41:33, 22.5, 22.64, 22.89, 22.77, 9999.0, 9999.0, 9999.0, 24.02, 9999.0, 22.84, 9999.0, 22.91, 22.57, 22.43, 22.45, 22.48
2026-09-22, 05:41:37, 22.5, 22.64, 22.89, 22.77, 9999.0, 9999.0, 9999.0, 24.07, 9999.0, 22.84, 9999.0, 22.89, 22.59, 22.43, 22.45, 22.48
2026-09-22, 05:41:41, 22.5, 22.61, 22.91, 22.75, 9999.0, 9999.0, 9999.0, 24.09, 9999.0, 22.86, 9999.0, 22.86, 22.57, 22.45, 22.45, 22.5
2026-09-22, 05:41:45, 22.5, 22.59, 22.89, 22.75, 9999.0, 9999.0, 9999.0, 24.11, 9999.0, 22.86, 9999.0, 22.84, 22.57, 22.43, 22.45, 22.5
2026-09-22, 05:41:49, 22.5, 22.59, 22.91, 22.77, 9999.0, 9999.0, 9999.0, 24.14, 9999.0, 22.86, 9999.0, 22.82, 22.57, 22.43, 22.45, 22.5
2026-09-22, 05:41:53, 22.5, 22.59, 22.93, 22.77, 9999.0, 9999.0, 9999.0, 24.16, 9999.0, 22.86, 9999.0, 22.8, 22.57, 22.41, 22.48, 22.48
2026-09-22, 05:41:57, 22.5, 22.57, 22.93, 22.77, 9999.0, 9999.0, 9999.0, 24.2, 9999.0, 22.84, 9999.0, 22.77, 22.55, 22.41, 22.5, 22.48
2026-09-22, 05:42:01, 22.5, 22.55, 22.95, 22.77, 9999.0, 9999.0, 9999.0, 24.23, 9999.0, 22.82, 9999.0, 22.77, 22.57, 22.39, 22.5, 22.48
2026-09-22, 05:42:05, 22.5, 22.52, 22.93, 22.8, 9999.0, 9999.0, 9999.0, 24.25, 9999.0, 22.8, 9999.0, 22.8, 22.55, 22.41, 22.5, 22.45
2026-09-22, 05:42:09, 22.5, 22.5, 22.91, 22.8, 9999.0, 9999.0, 9999.0, 24.2, 9999.0, 22.75, 9999.0, 22.77, 22.55, 22.39, 22.5, 22.45
2026-09-22, 05:42:13, 22.5, 22.5, 22.89, 22.8, 9999.0, 9999.0, 9999.0, 24.16, 9999.0, 22.7, 9999.0, 22.8, 22.57, 22.39, 22.5, 22.45
2026-09-22, 05:42:17, 22.48, 22.5, 22.89, 22.8, 9999.0, 9999.0, 9999.0, 24.09, 9999.0, 22.68, 9999.0, 22.82, 22.57, 22.41, 22.5, 22.45
2026-09-22, 05:42:21, 22.48, 22.5, 22.89, 22.8, 9999.0, 9999.0, 9999.0, 24.05, 9999.0, 22.7, 9999.0, 22.84, 22.55, 22.41, 22.5, 22.43
2026-09-22, 05:42:25, 22.48, 22.5, 22.89, 22.82, 9999.0, 9999.0, 9999.0, 24.02, 9999.0, 22.7, 9999.0, 22.86, 22.57, 22.39, 22.5, 22.43
2026-09-22, 05:42:29, 22.48, 22.5, 22.89, 22.82, 9999.0, 9999.0, 9999.0, 23.98, 9999.0, 22.7, 9999.0, 22.89, 22.59, 22.39, 22.5, 22.43
2026-09-22, 05:42:33, 22.48, 22.5, 22.86, 22.82, 9999.0, 9999.0, 9999.0, 23.95, 9999.0, 22.73, 9999.0, 22.91, 22.61, 22.39, 22.5, 22.41
2026-09-22, 05:42:37, 22.48, 22.52, 22.86, 22.82, 9999.0, 9999.0, 9999.0, 23.93, 9999.0, 22.75, 9999.0, 22.93, 22.64, 22.41, 22.5, 22.43
2026-09-22, 05:42:41, 22.48, 22.52, 22.84, 22.82, 9999.0, 9999.0, 9999.0, 23.89, 9999.0, 22.77, 9999.0, 22.95, 22.66, 22.41, 22.5, 22.43
2026-09-22, 05:42:45, 22.48, 22.55, 22.84, 22.82, 9999.0, 9999.0, 9999.0, 23.93, 9999.0, 22.77, 9999.0, 22.95, 22.64, 22.41, 22.5, 22.43
2026-09-22, 05:42:49, 22.48, 22.55, 22.84, 22.82, 9999.0, 9999.0, 9999.0, 23.98, 9999.0, 22.77, 9999.0, 22.93, 22.66, 22.39, 22.5, 22.45
2026-09-22, 05:42:53, 22.48, 22.55, 22.86, 22.82, 9999.0, 9999.0, 9999.0, 24.02, 9999.0, 22.8, 9999.0, 22.93, 22.66, 22.39, 22.5, 22.45
2026-09-22, 05:42:57, 22.48, 22.55, 22.89, 22.82, 9999.0, 9999.0, 9999.0, 24.05, 9999.0, 22.82, 9999.0, 22.91, 22.64, 22.39, 22.5, 22.43
2026-09-22, 05:43:01, 22.5, 22.55, 22.86, 22.84, 9999.0, 9999.0, 9999.0, 24.09, 9999.0, 22.84, 9999.0, 22.89, 22.66, 22.36, 22.48, 22.41
2026-09-22, 05:43:05, 22.5, 22.55, 22.86, 22.84, 9999.0, 9999.0, 9999.0, 24.11, 9999.0, 22.82, 9999.0, 22.86, 22.66, 22.36, 22.48, 22.43
2026-09-22, 05:43:09, 22.5, 22.55, 22.84, 22.82, 9999.0, 9999.0, 9999.0, 24.11, 9999.0, 22.82, 9999.0, 22.84, 22.66, 22.39, 22.48, 22.41
2026-09-22, 05:43:13, 22.5, 22.55, 22.86, 22.82, 9999.0, 9999.0, 9999.0, 24.16, 9999.0, 22.82, 9999.0, 22.82, 22.64, 22.41, 22.48, 22.39
2026-09-22, 05:43:17, 22.5, 22.55, 22.86, 22.8, 9999.0, 9999.0, 9999.0, 24.2, 9999.0, 22.8, 9999.0, 22.8, 22.61, 22.41, 22.48, 22.41
2026-09-22, 05:43:21, 22.5, 22.55, 22.84, 22.8, 9999.0, 9999.0, 9999.0, 24.25, 9999.0, 22.75, 9999.0, 22.8, 22.61, 22.39, 22.48, 22.39
2026-09-22, 05:43:25, 22.48, 22.55, 22.84, 22.8, 9999.0, 9999.0, 9999.0, 24.27, 9999.0, 22.7, 9999.0, 22.77, 22.59, 22.36, 22.48, 22.39
2026-09-22, 05:43:29, 22.48, 22.52, 22.84, 22.8, 9999.0, 9999.0, 9999.0, 24.23, 9999.0, 22.68, 9999.0, 22.8, 22.59, 22.39, 22.48, 22.39
2026-09-22, 05:43:33, 22.48, 22.55, 22.86, 22.8, 9999.0, 9999.0, 9999.0, 24.18, 9999.0, 22.68, 9999.0, 22.82, 22.59, 22.41, 22.48, 22.39
2026-09-22, 05:43:37, 22.48, 22.55, 22.84, 22.8, 9999.0, 9999.0, 9999.0, 24.14, 9999.0, 22.66, 9999.0, 22.84, 22.59, 22.43, 22.48, 22.39
2026-09-22, 05:43:41, 22.48, 22.55, 22.82, 22.82, 9999.0, 9999.0, 9999.0, 24.09, 9999.0, 22.66, 9999.0, 22.86, 22.59, 22.41, 22.48, 22.41
2026-09-22, 05:43:45, 22.48, 22.55, 22.82, 22.82, 9999.0, 9999.0, 9999.0, 24.05, 9999.0, 22.66, 9999.0, 22.89, 22.57, 22.41, 22.5, 22.43
2026-09-22, 05:43:49, 22.48, 22.55, 22.82, 22.82, 9999.0, 9999.0, 9999.0, 24.0, 9999.0, 22.68, 9999.0, 22.91, 22.57, 22.39, 22.5, 22.41
2026-09-22, 05:43:53, 22.48, 22.55, 22.82, 22.84, 9999.0, 9999.0, 9999.0, 23.98, 9999.0, 22.7, 9999.0, 22.91, 22.55, 22.36, 22.5, 22.41
2026-09-22, 05:43:57, 22.48, 22.57, 22.8, 22.86, 9999.0, 9999.0, 9999.0, 23.93, 9999.0, 22.7, 9999.0, 22.91, 22.55, 22.36, 22.5, 22.43
2026-09-22, 05:44:01, 22.48, 22.57, 22.8, 22.86, 9999.0, 9999.0, 9999.0, 23.93, 9999.0, 22.73, 9999.0, 22.91, 22.55, 22.34, 22.5, 22.41
2026-09-22, 05:44:05, 22.48, 22.55, 22.8, 22.89, 9999.0, 9999.0, 9999.0, 23.95, 9999.0, 22.75, 9999.0, 22.89, 22.52, 22.34, 22.5, 22.41
2026-09-22, 05:44:09, 22.5, 22.57, 22.8, 22.89, 9999.0, 9999.0, 9999.0, 23.98, 9999.0, 22.77, 9999.0, 22.89, 22.55, 22.34, 22.5, 22.39
2026-09-22, 05:44:14, 22.48, 22.57, 22.8, 22.91, 9999.0, 9999.0, 9999.0, 24.0, 9999.0, 22.8, 9999.0, 22.86, 22.55, 22.34, 22.5, 22.39
2026-09-22, 05:44:18, 22.48, 22.57, 22.77, 22.91, 9999.0, 9999.0, 9999.0, 24.02, 9999.0, 22.8, 9999.0, 22.84, 22.52, 22.34, 22.5, 22.39
2026-09-22, 05:44:22, 22.48, 22.57, 22.77, 22.93, 9999.0, 9999.0, 9999.0, 24.05, 9999.0, 22.82, 9999.0, 22.82, 22.55, 22.34, 22.5, 22.39
2026-09-22, 05:44:26, 22.48, 22.57, 22.8, 22.91, 9999.0, 9999.0, 9999.0, 24.09, 9999.0, 22.82, 9999.0, 22.8, 22.55, 22.34, 22.5, 22.39
2026-09-22, 05:44:30, 22.48, 22.57, 22.8, 22.91, 9999.0, 9999.0, 9999.0, 24.14, 9999.0, 22.82, 9999.0, 22.77, 22.55, 22.36, 22.5, 22.39
2026-09-22, 05:44:34, 22.48, 22.59, 22.8, 22.91, 9999.0, 9999.0, 9999.0, 24.18, 9999.0, 22.8, 9999.0, 22.75, 22.57, 22.39, 22.48, 22.41
2026-09-22, 05:44:38, 22.48, 22.59, 22.8, 22.91, 9999.0, 9999.0, 9999.0, 24.2, 9999.0, 22.77, 9999.0, 22.77, 22.57, 22.41, 22.48, 22.43
2026-09-22, 05:44:42, 22.48, 22.57, 22.8, 22.89, 9999.0, 9999.0, 9999.0, 24.23, 9999.0, 22.77, 9999.0, 22.8, 22.57, 22.41, 22.48, 22.43
2026-09-22, 05:44:46, 22.48, 22.57, 22.8, 22.91, 9999.0, 9999.0, 9999.0, 24.2, 9999.0, 22.73, 9999.0, 22.82, 22.57, 22.43, 22.45, 22.43
2026-09-22, 05:44:50, 22.48, 22.57, 22.8, 22.91, 9999.0, 9999.0, 9999.0, 24.14, 9999.0, 22.7, 9999.0, 22.84, 22.57, 22.45, 22.45, 22.45
2026-09-22, 05:44:54, 22.48, 22.55, 22.8, 22.91, 9999.0, 9999.0, 9999.0, 24.09, 9999.0, 22.68, 9999.0, 22.86, 22.57, 22.48, 22.45, 22.48
2026-09-22, 05:44:58, 22.5, 22.55, 22.77, 22.89, 9999.0, 9999.0, 9999.0, 24.05, 9999.0, 22.68, 9999.0, 22.89, 22.59, 22.45, 22.45, 22.48
2026-09-22, 05:45:02, 22.5, 22.52, 22.77, 22.89, 9999.0, 9999.0, 9999.0, 24.0, 9999.0, 22.68, 9999.0, 22.91, 22.59, 22.43, 22.45, 22.48
2026-09-22, 05:45:06, 22.5, 22.52, 22.8, 22.86, 9999.0, 9999.0, 9999.0, 23.95, 9999.0, 22.7, 9999.0, 22.93, 22.59, 22.41, 22.45, 22.48
2026-09-22, 05:45:10, 22.5, 22.52, 22.77, 22.86, 9999.0, 9999.0, 9999.0, 23.91, 9999.0, 22.73, 9999.0, 22.95, 22.59, 22.41, 22.45, 22.45
2026-09-22, 05:45:14, 22.5, 22.52, 22.77, 22.84, 9999.0, 9999.0, 9999.0, 23.86, 9999.0, 22.73, 9999.0, 22.98, 22.61, 22.41, 22.45, 22.45
2026-09-22, 05:45:18, 22.5, 22.5, 22.8, 22.84, 9999.0, 9999.0, 9999.0, 23.89, 9999.0, 22.73, 9999.0, 23.0, 22.59, 22.41, 22.48, 22.45
2026-09-22, 05:45:22, 22.5, 22.5, 22.82, 22.82, 9999.0, 9999.0, 9999.0, 23.93, 9999.0, 22.73, 9999.0, 22.98, 22.61, 22.39, 22.48, 22.45
2026-09-22, 05:45:26, 22.5, 22.52, 22.84, 22.82, 9999.0, 9999.0, 9999.0, 23.98, 9999.0, 22.73, 9999.0, 22.95, 22.61, 22.39, 22.48, 22.43
2026-09-22, 05:45:30, 22.48, 22.52, 22.86, 22.8, 9999.0, 9999.0, 9999.0, 24.0, 9999.0, 22.75, 9999.0, 22.93, 22.64, 22.36, 22.5, 22.45
2026-09-22, 05:45:34, 22.48, 22.52, 22.86, 22.77, 9999.0, 9999.0, 9999.0, 24.05, 9999.0, 22.77, 9999.0, 22.91, 22.64, 22.34, 22.5, 22.45
2026-09-22, 05:45:38, 22.48, 22.52, 22.86, 22.77, 9999.0, 9999.0, 9999.0, 24.09, 9999.0, 22.8, 9999.0, 22.89, 22.61, 22.32, 22.5, 22.45
2026-09-22, 05:45:42, 22.48, 22.55, 22.89, 22.8, 9999.0, 9999.0, 9999.0, 24.11, 9999.0, 22.77, 9999.0, 22.86, 22.59, 22.32, 22.48, 22.45
2026-09-22, 05:45:46, 22.48, 22.55, 22.89, 22.77, 9999.0, 9999.0, 9999.0, 24.16, 9999.0, 22.75, 9999.0, 22.84, 22.59, 22.34, 22.48, 22.45
2026-09-22, 05:45:50, 22.48, 22.55, 22.89, 22.8, 9999.0, 9999.0, 9999.0, 24.18, 9999.0, 22.73, 9999.0, 22.82, 22.59, 22.34, 22.48, 22.43
2026-09-22, 05:45:54, 22.48, 22.55, 22.89, 22.8, 9999.0, 9999.0, 9999.0, 24.2, 9999.0, 22.68, 9999.0, 22.8, 22.59, 22.34, 22.48, 22.45
2026-09-22, 05:45:58, 22.48, 22.55, 22.89, 22.8, 9999.0, 9999.0, 9999.0, 24.23, 9999.0, 22.66, 9999.0, 22.8, 22.57, 22.32, 22.48, 22.43
2026-09-22, 05:46:02, 22.48, 22.57, 22.86, 22.8, 9999.0, 9999.0, 9999.0, 24.18, 9999.0, 22.64, 9999.0, 22.8, 22.57, 22.32, 22.48, 22.43
2026-09-22, 05:46:06, 22.48, 22.59, 22.84, 22.82, 9999.0, 9999.0, 9999.0, 24.14, 9999.0, 22.61, 9999.0, 22.82, 22.55, 22.32, 22.48, 22.41
2026-09-22, 05:46:10, 22.48, 22.59, 22.82, 22.82, 9999.0, 9999.0, 9999.0, 24.09, 9999.0, 22.59, 9999.0, 22.84, 22.55, 22.32, 22.48, 22.43
2026-09-22, 05:46:14, 22.5, 22.61, 22.8, 22.84, 9999.0, 9999.0, 9999.0, 24.07, 9999.0, 22.59, 9999.0, 22.86, 22.52, 22.34, 22.48, 22.43
2026-09-22, 05:46:18, 22.5, 22.64, 22.8, 22.86, 9999.0, 9999.0, 9999.0, 24.02, 9999.0, 22.59, 9999.0, 22.86, 22.52, 22.36, 22.45, 22.43
2026-09-22, 05:46:22, 22.5, 22.64, 22.8, 22.86, 9999.0, 9999.0, 9999.0, 23.98, 9999.0, 22.59, 9999.0, 22.89, 22.55, 22.39, 22.45, 22.43
2026-09-22, 05:46:26, 22.5, 22.61, 22.77, 22.84, 9999.0, 9999.0, 9999.0, 23.95, 9999.0, 22.64, 9999.0, 22.89, 22.55, 22.39, 22.48, 22.43
2026-09-22, 05:46:30, 22.5, 22.64, 22.77, 22.86, 9999.0, 9999.0, 9999.0, 23.91, 9999.0, 22.66, 9999.0, 22.91, 22.55, 22.39, 22.48, 22.41
2026-09-22, 05:46:34, 22.5, 22.66, 22.75, 22.86, 9999.0, 9999.0, 9999.0, 23.95, 9999.0, 22.66, 9999.0, 22.91, 22.52, 22.39, 22.48, 22.43
2026-09-22, 05:46:38, 22.5, 22.66, 22.77, 22.86, 9999.0, 9999.0, 9999.0, 24.0, 9999.0, 22.68, 9999.0, 22.91, 22.52, 22.41, 22.48, 22.41
2026-09-22, 05:46:42, 22.5, 22.66, 22.8, 22.86, 9999.0, 9999.0, 9999.0, 24.02, 9999.0, 22.7, 9999.0, 22.89, 22.52, 22.41, 22.48, 22.43
2026-09-22, 05:46:46, 22.5, 22.64, 22.82, 22.89, 9999.0, 9999.0, 9999.0, 24.05, 9999.0, 22.73, 9999.0, 22.86, 22.52, 22.41, 22.48, 22.43
2026-09-22, 05:46:50, 22.5, 22.61, 22.84, 22.86, 9999.0, 9999.0, 9999.0, 24.07, 9999.0, 22.73, 9999.0, 22.84, 22.55, 22.41, 22.45, 22.45
2026-09-22, 05:46:54, 22.5, 22.61, 22.84, 22.86, 9999.0, 9999.0, 9999.0, 24.09, 9999.0, 22.73, 9999.0, 22.82, 22.55, 22.41, 22.45, 22.45
2026-09-22, 05:46:58, 22.5, 22.59, 22.84, 22.84, 9999.0, 9999.0, 9999.0, 24.09, 9999.0, 22.7, 9999.0, 22.8, 22.55, 22.41, 22.45, 22.45
2026-09-22, 05:47:02, 22.5, 22.57, 22.86, 22.82, 9999.0, 9999.0, 9999.0, 24.14, 9999.0, 22.68, 9999.0, 22.77, 22.55, 22.41, 22.48, 22.43
2026-09-22, 05:47:06, 22.5, 22.57, 22.86, 22.84, 9999.0, 9999.0, 9999.0, 24.16, 9999.0, 22.68, 9999.0, 22.73, 22.52, 22.39, 22.48, 22.43
2026-09-22, 05:47:10, 22.5, 22.59, 22.89, 22.84, 9999.0, 9999.0, 9999.0, 24.2, 9999.0, 22.64, 9999.0, 22.73, 22.52, 22.39, 22.45, 22.43
2026-09-22, 05:47:14, 22.5, 22.59, 22.91, 22.82, 9999.0, 9999.0, 9999.0, 24.23, 9999.0, 22.61, 9999.0, 22.73, 22.52, 22.36, 22.45, 22.45
2026-09-22, 05:47:18, 22.5, 22.59, 22.91, 22.8, 9999.0, 9999.0, 9999.0, 24.18, 9999.0, 22.59, 9999.0, 22.75, 22.55, 22.36, 22.45, 22.45
2026-09-22, 05:47:22, 22.5, 22.61, 22.89, 22.8, 9999.0, 9999.0, 9999.0, 24.14, 9999.0, 22.57, 9999.0, 22.77, 22.57, 22.34, 22.45, 22.45
2026-09-22, 05:47:26, 22.5, 22.61, 22.89, 22.82, 9999.0, 9999.0, 9999.0, 24.11, 9999.0, 22.55, 9999.0, 22.8, 22.57, 22.34, 22.45, 22.45
2026-09-22, 05:47:30, 22.5, 22.61, 22.89, 22.8, 9999.0, 9999.0, 9999.0, 24.07, 9999.0, 22.55, 9999.0, 22.82, 22.59, 22.34, 22.45, 22.45
2026-09-22, 05:47:34, 22.5, 22.61, 22.86, 22.8, 9999.0, 9999.0, 9999.0, 24.02, 9999.0, 22.57, 9999.0, 22.84, 22.59, 22.34, 22.48, 22.45
2026-09-22, 05:47:38, 22.5, 22.59, 22.89, 22.82, 9999.0, 9999.0, 9999.0, 23.98, 9999.0, 22.59, 9999.0, 22.84, 22.61, 22.32, 22.48, 22.45
2026-09-22, 05:47:42, 22.5, 22.59, 22.89, 22.82, 9999.0, 9999.0, 9999.0, 23.95, 9999.0, 22.64, 9999.0, 22.86, 22.61, 22.32, 22.48, 22.45
2026-09-22, 05:47:46, 22.5, 22.59, 22.89, 22.84, 9999.0, 9999.0, 9999.0, 23.91, 9999.0, 22.66, 9999.0, 22.89, 22.64, 22.32, 22.48, 22.48
2026-09-22, 05:47:50, 22.5, 22.61, 22.89, 22.82, 9999.0, 9999.0, 9999.0, 23.95, 9999.0, 22.66, 9999.0, 22.93, 22.64, 22.34, 22.48, 22.48
2026-09-22, 05:47:54, 22.5, 22.59, 22.86, 22.84, 9999.0, 9999.0, 9999.0, 23.95, 9999.0, 22.68, 9999.0, 22.93, 22.66, 22.34, 22.5, 22.45
2026-09-22, 05:47:58, 22.5, 22.57, 22.84, 22.84, 9999.0, 9999.0, 9999.0, 23.98, 9999.0, 22.7, 9999.0, 22.91, 22.68, 22.34, 22.5, 22.43
2026-09-22, 05:48:03, 22.5, 22.55, 22.84, 22.86, 9999.0, 9999.0, 9999.0, 24.0, 9999.0, 22.73, 9999.0, 22.89, 22.68, 22.36, 22.5, 22.41
2026-09-22, 05:48:07, 22.5, 22.55, 22.86, 22.86, 9999.0, 9999.0, 9999.0, 24.02, 9999.0, 22.73, 9999.0, 22.86, 22.66, 22.39, 22.5, 22.41
2026-09-22, 05:48:11, 22.5, 22.55, 22.86, 22.84, 9999.0, 9999.0, 9999.0, 24.05, 9999.0, 22.73, 9999.0, 22.84, 22.68, 22.41, 22.5, 22.39
2026-09-22, 05:48:15, 22.5, 22.55, 22.86, 22.86, 9999.0, 9999.0, 9999.0, 24.07, 9999.0, 22.7, 9999.0, 22.82, 22.66, 22.41, 22.5, 22.36
2026-09-22, 05:48:19, 22.5, 22.55, 22.86, 22.89, 9999.0, 9999.0, 9999.0, 24.09, 9999.0, 22.68, 9999.0, 22.8, 22.64, 22.41, 22.5, 22.36
2026-09-22, 05:48:23, 22.5, 22.55, 22.84, 22.89, 9999.0, 9999.0, 9999.0, 24.14, 9999.0, 22.66, 9999.0, 22.8, 22.61, 22.41, 22.5, 22.36
2026-09-22, 05:48:27, 22.5, 22.57, 22.84, 22.91, 9999.0, 9999.0, 9999.0, 24.16, 9999.0, 22.61, 9999.0, 22.77, 22.61, 22.39, 22.5, 22.36
2026-09-22, 05:48:31, 22.5, 22.57, 22.82, 22.89, 9999.0, 9999.0, 9999.0, 24.18, 9999.0, 22.59, 9999.0, 22.77, 22.59, 22.39, 22.48, 22.34
2026-09-22, 05:48:35, 22.5, 22.55, 22.82, 22.91, 9999.0, 9999.0, 9999.0, 24.14, 9999.0, 22.57, 9999.0, 22.75, 22.59, 22.36, 22.48, 22.34
2026-09-22, 05:48:39, 22.5, 22.55, 22.84, 22.91, 9999.0, 9999.0, 9999.0, 24.09, 9999.0, 22.55, 9999.0, 22.77, 22.59, 22.39, 22.48, 22.36
2026-09-22, 05:48:43, 22.5, 22.55, 22.86, 22.91, 9999.0, 9999.0, 9999.0, 24.07, 9999.0, 22.52, 9999.0, 22.8, 22.57, 22.41, 22.48, 22.39
2026-09-22, 05:48:47, 22.5, 22.55, 22.89, 22.89, 9999.0, 9999.0, 9999.0, 24.02, 9999.0, 22.52, 9999.0, 22.8, 22.57, 22.39, 22.48, 22.39
2026-09-22, 05:48:51, 22.5, 22.52, 22.86, 22.89, 9999.0, 9999.0, 9999.0, 23.98, 9999.0, 22.52, 9999.0, 22.82, 22.57, 22.39, 22.48, 22.41
2026-09-22, 05:48:55, 22.5, 22.52, 22.86, 22.89, 9999.0, 9999.0, 9999.0, 23.93, 9999.0, 22.55, 9999.0, 22.82, 22.55, 22.36, 22.48, 22.41
2026-09-22, 05:48:59, 22.5, 22.52, 22.86, 22.89, 9999.0, 9999.0, 9999.0, 23.91, 9999.0, 22.57, 9999.0, 22.82, 22.57, 22.36, 22.45, 22.43
2026-09-22, 05:49:03, 22.5, 22.52, 22.86, 22.86, 9999.0, 9999.0, 9999.0, 23.89, 9999.0, 22.59, 9999.0, 22.84, 22.59, 22.36, 22.45, 22.43
2026-09-22, 05:49:07, 22.5, 22.52, 22.89, 22.84, 9999.0, 9999.0, 9999.0, 23.91, 9999.0, 22.61, 9999.0, 22.86, 22.59, 22.39, 22.45, 22.43
2026-09-22, 05:49:11, 22.5, 22.52, 22.91, 22.82, 9999.0, 9999.0, 9999.0, 23.95, 9999.0, 22.64, 9999.0, 22.86, 22.59, 22.39, 22.45, 22.43
2026-09-22, 05:49:15, 22.5, 22.52, 22.91, 22.82, 9999.0, 9999.0, 9999.0, 23.98, 9999.0, 22.64, 9999.0, 22.86, 22.59, 22.36, 22.48, 22.45
2026-09-22, 05:49:19, 22.5, 22.52, 22.91, 22.8, 9999.0, 9999.0, 9999.0, 24.0, 9999.0, 22.64, 9999.0, 22.86, 22.59, 22.36, 22.48, 22.43
2026-09-22, 05:49:23, 22.5, 22.55, 22.91, 22.77, 9999.0, 9999.0, 9999.0, 24.02, 9999.0, 22.64, 9999.0, 22.84, 22.59, 22.34, 22.48, 22.43
2026-09-22, 05:49:27, 22.5, 22.55, 22.89, 22.77, 9999.0, 9999.0, 9999.0, 24.02, 9999.0, 22.64, 9999.0, 22.82, 22.59, 22.34, 22.48, 22.41
2026-09-22, 05:49:31, 22.5, 22.55, 22.89, 22.8, 9999.0, 9999.0, 9999.0, 24.05, 9999.0, 22.61, 9999.0, 22.82, 22.57, 22.34, 22.48, 22.41
2026-09-22, 05:49:35, 22.5, 22.55, 22.91, 22.82, 9999.0, 9999.0, 9999.0, 24.07, 9999.0, 22.61, 9999.0, 22.8, 22.57, 22.34, 22.45, 22.39
2026-09-22, 05:49:39, 22.5, 22.55, 22.91, 22.82, 9999.0, 9999.0, 9999.0, 24.09, 9999.0, 22.57, 9999.0, 22.8, 22.57, 22.36, 22.45, 22.41
2026-09-22, 05:49:43, 22.5, 22.57, 22.89, 22.8, 9999.0, 9999.0, 9999.0, 24.11, 9999.0, 22.55, 9999.0, 22.8, 22.55, 22.36, 22.48, 22.39
2026-09-22, 05:49:47, 22.5, 22.59, 22.89, 22.8, 9999.0, 9999.0, 9999.0, 24.14, 9999.0, 22.52, 9999.0, 22.77, 22.52, 22.39, 22.48, 22.36
2026-09-22, 05:49:51, 22.5, 22.59, 22.86, 22.8, 9999.0, 9999.0, 9999.0, 24.09, 9999.0, 22.48, 9999.0, 22.77, 22.52, 22.36, 22.48, 22.34
2026-09-22, 05:49:55, 22.5, 22.57, 22.86, 22.8, 9999.0, 9999.0, 9999.0, 24.02, 9999.0, 22.43, 9999.0, 22.8, 22.55, 22.39, 22.48, 22.34
2026-09-22, 05:49:59, 22.5, 22.57, 22.86, 22.82, 9999.0, 9999.0, 9999.0, 23.98, 9999.0, 22.41, 9999.0, 22.8, 22.57, 22.41, 22.48, 22.34
2026-09-22, 05:50:03, 22.5, 22.57, 22.89, 22.84, 9999.0, 9999.0, 9999.0, 23.93, 9999.0, 22.41, 9999.0, 22.82, 22.59, 22.43, 22.48, 22.36
2026-09-22, 05:50:07, 22.5, 22.57, 22.89, 22.84, 9999.0, 9999.0, 9999.0, 23.91, 9999.0, 22.41, 9999.0, 22.84, 22.59, 22.43, 22.45, 22.34
2026-09-22, 05:50:11, 22.5, 22.57, 22.91, 22.86, 9999.0, 9999.0, 9999.0, 23.89, 9999.0, 22.41, 9999.0, 22.86, 22.59, 22.41, 22.45, 22.34
2026-09-22, 05:50:15, 22.5, 22.57, 22.91, 22.84, 9999.0, 9999.0, 9999.0, 23.86, 9999.0, 22.43, 9999.0, 22.86, 22.61, 22.43, 22.45, 22.34
2026-09-22, 05:50:19, 22.5, 22.59, 22.89, 22.84, 9999.0, 9999.0, 9999.0, 23.84, 9999.0, 22.45, 9999.0, 22.89, 22.64, 22.41, 22.48, 22.36
2026-09-22, 05:50:23, 22.5, 22.59, 22.86, 22.84, 9999.0, 9999.0, 9999.0, 23.8, 9999.0, 22.48, 9999.0, 22.89, 22.66, 22.41, 22.48, 22.36
2026-09-22, 05:50:27, 22.5, 22.57, 22.86, 22.86, 9999.0, 9999.0, 9999.0, 23.84, 9999.0, 22.48, 9999.0, 22.89, 22.66, 22.41, 22.48, 22.36
2026-09-22, 05:50:31, 22.5, 22.55, 22.86, 22.86, 9999.0, 9999.0, 9999.0, 23.86, 9999.0, 22.48, 9999.0, 22.91, 22.66, 22.39, 22.48, 22.39
2026-09-22, 05:50:35, 22.5, 22.55, 22.89, 22.86, 9999.0, 9999.0, 9999.0, 23.89, 9999.0, 22.5, 9999.0, 22.89, 22.66, 22.39, 22.45, 22.41
2026-09-22, 05:50:39, 22.5, 22.55, 22.86, 22.86, 9999.0, 9999.0, 9999.0, 23.91, 9999.0, 22.52, 9999.0, 22.86, 22.64, 22.39, 22.45, 22.41
2026-09-22, 05:50:43, 22.5, 22.55, 22.86, 22.86, 9999.0, 9999.0, 9999.0, 23.93, 9999.0, 22.55, 9999.0, 22.86, 22.61, 22.39, 22.43, 22.41
2026-09-22, 05:50:47, 22.5, 22.55, 22.86, 22.84, 9999.0, 9999.0, 9999.0, 23.95, 9999.0, 22.55, 9999.0, 22.84, 22.59, 22.36, 22.43, 22.39
2026-09-22, 05:50:51, 22.5, 22.52, 22.84, 22.84, 9999.0, 9999.0, 9999.0, 23.98, 9999.0, 22.55, 9999.0, 22.82, 22.59, 22.36, 22.43, 22.39
2026-09-22, 05:50:55, 22.5, 22.52, 22.84, 22.82, 9999.0, 9999.0, 9999.0, 24.0, 9999.0, 22.55, 9999.0, 22.8, 22.61, 22.36, 22.43, 22.41
2026-09-22, 05:50:59, 22.5, 22.52, 22.82, 22.84, 9999.0, 9999.0, 9999.0, 24.02, 9999.0, 22.52, 9999.0, 22.77, 22.59, 22.34, 22.43, 22.41
2026-09-22, 05:51:03, 22.5, 22.5, 22.82, 22.84, 9999.0, 9999.0, 9999.0, 24.05, 9999.0, 22.48, 9999.0, 22.75, 22.57, 22.34, 22.43, 22.39
2026-09-22, 05:51:07, 22.5, 22.52, 22.82, 22.84, 9999.0, 9999.0, 9999.0, 24.07, 9999.0, 22.45, 9999.0, 22.77, 22.55, 22.32, 22.41, 22.36
2026-09-22, 05:51:11, 22.5, 22.52, 22.82, 22.84, 9999.0, 9999.0, 9999.0, 24.0, 9999.0, 22.43, 9999.0, 22.8, 22.55, 22.3, 22.41, 22.39
2026-09-22, 05:51:15, 22.5, 22.52, 22.82, 22.86, 9999.0, 9999.0, 9999.0, 23.95, 9999.0, 22.41, 9999.0, 22.8, 22.55, 22.32, 22.41, 22.36
2026-09-22, 05:51:19, 22.5, 22.52, 22.8, 22.89, 9999.0, 9999.0, 9999.0, 23.91, 9999.0, 22.39, 9999.0, 22.82, 22.57, 22.34, 22.43, 22.36
2026-09-22, 05:51:23, 22.5, 22.52, 22.8, 22.89, 9999.0, 9999.0, 9999.0, 23.86, 9999.0, 22.39, 9999.0, 22.84, 22.59, 22.34, 22.43, 22.34
2026-09-22, 05:51:27, 22.5, 22.52, 22.82, 22.89, 9999.0, 9999.0, 9999.0, 23.82, 9999.0, 22.39, 9999.0, 22.86, 22.59, 22.34, 22.45, 22.32
2026-09-22, 05:51:31, 22.5, 22.52, 22.82, 22.89, 9999.0, 9999.0, 9999.0, 23.77, 9999.0, 22.39, 9999.0, 22.86, 22.61, 22.34, 22.45, 22.34
2026-09-22, 05:51:35, 22.5, 22.52, 22.84, 22.91, 9999.0, 9999.0, 9999.0, 23.73, 9999.0, 22.39, 9999.0, 22.86, 22.61, 22.34, 22.48, 22.36
2026-09-22, 05:51:39, 22.5, 22.55, 22.82, 22.91, 9999.0, 9999.0, 9999.0, 23.68, 9999.0, 22.39, 9999.0, 22.86, 22.59, 22.36, 22.48, 22.34
2026-09-22, 05:51:44, 22.48, 22.55, 22.82, 22.89, 9999.0, 9999.0, 9999.0, 23.73, 9999.0, 22.39, 9999.0, 22.91, 22.61, 22.36, 22.48, 22.36
2026-09-22, 05:51:48, 22.48, 22.55, 22.82, 22.89, 9999.0, 9999.0, 9999.0, 23.75, 9999.0, 22.41, 9999.0, 22.91, 22.61, 22.39, 22.45, 22.39
2026-09-22, 05:51:52, 22.48, 22.52, 22.84, 22.89, 9999.0, 9999.0, 9999.0, 23.8, 9999.0, 22.43, 9999.0, 22.89, 22.61, 22.41, 22.48, 22.39
2026-09-22, 05:51:56, 22.48, 22.52, 22.84, 22.86, 9999.0, 9999.0, 9999.0, 23.82, 9999.0, 22.43, 9999.0, 22.86, 22.61, 22.41, 22.48, 22.36
2026-09-22, 05:52:00, 22.48, 22.52, 22.86, 22.86, 9999.0, 9999.0, 9999.0, 23.84, 9999.0, 22.43, 9999.0, 22.84, 22.61, 22.41, 22.45, 22.39
2026-09-22, 05:52:04, 22.48, 22.55, 22.89, 22.86, 9999.0, 9999.0, 9999.0, 23.86, 9999.0, 22.43, 9999.0, 22.82, 22.59, 22.39, 22.45, 22.39
2026-09-22, 05:52:08, 22.48, 22.55, 22.89, 22.86, 9999.0, 9999.0, 9999.0, 23.91, 9999.0, 22.41, 9999.0, 22.8, 22.57, 22.39, 22.45, 22.41
2026-09-22, 05:52:12, 22.45, 22.55, 22.89, 22.84, 9999.0, 9999.0, 9999.0, 23.95, 9999.0, 22.39, 9999.0, 22.77, 22.57, 22.39, 22.45, 22.43
2026-09-22, 05:52:16, 22.45, 22.57, 22.86, 22.84, 9999.0, 9999.0, 9999.0, 24.0, 9999.0, 22.36, 9999.0, 22.77, 22.55, 22.41, 22.45, 22.43
2026-09-22, 05:52:20, 22.45, 22.57, 22.84, 22.84, 9999.0, 9999.0, 9999.0, 24.02, 9999.0, 22.34, 9999.0, 22.8, 22.52, 22.43, 22.45, 22.43
2026-09-22, 05:52:24, 22.45, 22.55, 22.86, 22.86, 9999.0, 9999.0, 9999.0, 24.05, 9999.0, 22.32, 9999.0, 22.8, 22.52, 22.41, 22.45, 22.45
2026-09-22, 05:52:28, 22.48, 22.55, 22.89, 22.89, 9999.0, 9999.0, 9999.0, 23.98, 9999.0, 22.3, 9999.0, 22.8, 22.52, 22.43, 22.45, 22.45
2026-09-22, 05:52:32, 22.48, 22.55, 22.91, 22.86, 9999.0, 9999.0, 9999.0, 23.93, 9999.0, 22.27, 9999.0, 22.82, 22.55, 22.43, 22.48, 22.43
2026-09-22, 05:52:36, 22.48, 22.57, 22.89, 22.89, 9999.0, 9999.0, 9999.0, 23.89, 9999.0, 22.25, 9999.0, 22.84, 22.57, 22.41, 22.48, 22.45
2026-09-22, 05:52:40, 22.48, 22.59, 22.91, 22.89, 9999.0, 9999.0, 9999.0, 23.84, 9999.0, 22.27, 9999.0, 22.86, 22.57, 22.43, 22.48, 22.45
2026-09-22, 05:52:44, 22.48, 22.59, 22.91, 22.86, 9999.0, 9999.0, 9999.0, 23.82, 9999.0, 22.3, 9999.0, 22.89, 22.57, 22.41, 22.5, 22.45
2026-09-22, 05:52:48, 22.48, 22.57, 22.89, 22.84, 9999.0, 9999.0, 9999.0, 23.77, 9999.0, 22.32, 9999.0, 22.91, 22.57, 22.41, 22.5, 22.45
2026-09-22, 05:52:52, 22.48, 22.57, 22.89, 22.86, 9999.0, 9999.0, 9999.0, 23.73, 9999.0, 22.34, 9999.0, 22.93, 22.59, 22.41, 22.5, 22.45
2026-09-22, 05:52:56, 22.5, 22.57, 22.86, 22.89, 9999.0, 9999.0, 9999.0, 23.68, 9999.0, 22.36, 9999.0, 22.93, 22.59, 22.39, 22.5, 22.45
2026-09-22, 05:53:00, 22.5, 22.55, 22.86, 22.89, 9999.0, 9999.0, 9999.0, 23.7, 9999.0, 22.39, 9999.0, 22.95, 22.61, 22.39, 22.5, 22.45
2026-09-22, 05:53:04, 22.5, 22.55, 22.86, 22.86, 9999.0, 9999.0, 9999.0, 23.75, 9999.0, 22.41, 9999.0, 22.93, 22.61, 22.36, 22.5, 22.45
2026-09-22, 05:53:08, 22.5, 22.55, 22.84, 22.84, 9999.0, 9999.0, 9999.0, 23.8, 9999.0, 22.43, 9999.0, 22.95, 22.64, 22.36, 22.5, 22.43
2026-09-22, 05:53:12, 22.5, 22.55, 22.82, 22.84, 9999.0, 9999.0, 9999.0, 23.82, 9999.0, 22.43, 9999.0, 22.93, 22.61, 22.36, 22.5, 22.41
2026-09-22, 05:53:16, 22.5, 22.55, 22.8, 22.84, 9999.0, 9999.0, 9999.0, 23.84, 9999.0, 22.43, 9999.0, 22.91, 22.59, 22.34, 22.5, 22.43
2026-09-22, 05:53:20, 22.48, 22.55, 22.8, 22.84, 9999.0, 9999.0, 9999.0, 23.86, 9999.0, 22.43, 9999.0, 22.89, 22.59, 22.34, 22.48, 22.43
2026-09-22, 05:53:24, 22.48, 22.55, 22.77, 22.84, 9999.0, 9999.0, 9999.0, 23.91, 9999.0, 22.39, 9999.0, 22.86, 22.59, 22.34, 22.48, 22.45
2026-09-22, 05:53:28, 22.48, 22.55, 22.75, 22.84, 9999.0, 9999.0, 9999.0, 23.93, 9999.0, 22.36, 9999.0, 22.84, 22.59, 22.34, 22.48, 22.45
2026-09-22, 05:53:32, 22.48, 22.55, 22.75, 22.84, 9999.0, 9999.0, 9999.0, 23.98, 9999.0, 22.34, 9999.0, 22.82, 22.59, 22.34, 22.48, 22.43
2026-09-22, 05:53:36, 22.48, 22.55, 22.77, 22.84, 9999.0, 9999.0, 9999.0, 24.0, 9999.0, 22.32, 9999.0, 22.82, 22.57, 22.34, 22.48, 22.43
2026-09-22, 05:53:40, 22.48, 22.55, 22.8, 22.84, 9999.0, 9999.0, 9999.0, 24.02, 9999.0, 22.3, 9999.0, 22.84, 22.57, 22.36, 22.48, 22.41
2026-09-22, 05:53:44, 22.48, 22.55, 22.82, 22.84, 9999.0, 9999.0, 9999.0, 23.98, 9999.0, 22.25, 9999.0, 22.84, 22.55, 22.36, 22.48, 22.39
2026-09-22, 05:53:48, 22.48, 22.55, 22.84, 22.84, 9999.0, 9999.0, 9999.0, 23.93, 9999.0, 22.2, 9999.0, 22.86, 22.55, 22.39, 22.48, 22.39
2026-09-22, 05:53:52, 22.48, 22.55, 22.84, 22.86, 9999.0, 9999.0, 9999.0, 23.89, 9999.0, 22.18, 9999.0, 22.86, 22.52, 22.39, 22.48, 22.41
2026-09-22, 05:53:56, 22.48, 22.55, 22.86, 22.84, 9999.0, 9999.0, 9999.0, 23.86, 9999.0, 22.18, 9999.0, 22.89, 22.55, 22.39, 22.48, 22.43
2026-09-22, 05:54:00, 22.48, 22.55, 22.86, 22.86, 9999.0, 9999.0, 9999.0, 23.82, 9999.0, 22.18, 9999.0, 22.89, 22.55, 22.39, 22.48, 22.43
2026-09-22, 05:54:04, 22.5, 22.52, 22.86, 22.86, 9999.0, 9999.0, 9999.0, 23.77, 9999.0, 22.2, 9999.0, 22.91, 22.55, 22.39, 22.5, 22.43
2026-09-22, 05:54:08, 22.5, 22.5, 22.86, 22.89, 9999.0, 9999.0, 9999.0, 23.73, 9999.0, 22.25, 9999.0, 22.91, 22.57, 22.39, 22.5, 22.43
2026-09-22, 05:54:12, 22.5, 22.5, 22.86, 22.91, 9999.0, 9999.0, 9999.0, 23.68, 9999.0, 22.27, 9999.0, 22.93, 22.57, 22.41, 22.5, 22.43
2026-09-22, 05:54:16, 22.5, 22.5, 22.89, 22.93, 9999.0, 9999.0, 9999.0, 23.7, 9999.0, 22.27, 9999.0, 22.93, 22.59, 22.43, 22.5, 22.45
2026-09-22, 05:54:20, 22.5, 22.52, 22.86, 22.93, 9999.0, 9999.0, 9999.0, 23.75, 9999.0, 22.3, 9999.0, 22.91, 22.59, 22.43, 22.48, 22.45
2026-09-22, 05:54:24, 22.5, 22.52, 22.84, 22.93, 9999.0, 9999.0, 9999.0, 23.8, 9999.0, 22.3, 9999.0, 22.89, 22.61, 22.41, 22.45, 22.48
2026-09-22, 05:54:28, 22.5, 22.52, 22.82, 22.93, 9999.0, 9999.0, 9999.0, 23.82, 9999.0, 22.32, 9999.0, 22.86, 22.64, 22.39, 22.45, 22.5
2026-09-22, 05:54:32, 22.5, 22.52, 22.8, 22.93, 9999.0, 9999.0, 9999.0, 23.84, 9999.0, 22.34, 9999.0, 22.84, 22.64, 22.39, 22.45, 22.5
2026-09-22, 05:54:36, 22.5, 22.55, 22.8, 22.93, 9999.0, 9999.0, 9999.0, 23.86, 9999.0, 22.34, 9999.0, 22.82, 22.64, 22.41, 22.45, 22.5
2026-09-22, 05:54:40, 22.5, 22.55, 22.8, 22.95, 9999.0, 9999.0, 9999.0, 23.89, 9999.0, 22.34, 9999.0, 22.8, 22.61, 22.41, 22.45, 22.5
2026-09-22, 05:54:44, 22.5, 22.55, 22.82, 22.93, 9999.0, 9999.0, 9999.0, 23.93, 9999.0, 22.34, 9999.0, 22.8, 22.64, 22.43, 22.45, 22.5
2026-09-22, 05:54:48, 22.5, 22.55, 22.82, 22.93, 9999.0, 9999.0, 9999.0, 23.98, 9999.0, 22.34, 9999.0, 22.77, 22.61, 22.45, 22.45, 22.5
2026-09-22, 05:54:52, 22.5, 22.55, 22.82, 22.93, 9999.0, 9999.0, 9999.0, 24.0, 9999.0, 22.32, 9999.0, 22.8, 22.59, 22.45, 22.45, 22.5
2026-09-22, 05:54:56, 22.5, 22.55, 22.84, 22.91, 9999.0, 9999.0, 9999.0, 24.02, 9999.0, 22.3, 9999.0, 22.77, 22.59, 22.45, 22.45, 22.5
2026-09-22, 05:55:00, 22.5, 22.57, 22.82, 22.91, 9999.0, 9999.0, 9999.0, 23.98, 9999.0, 22.3, 9999.0, 22.8, 22.59, 22.45, 22.43, 22.5
2026-09-22, 05:55:04, 22.5, 22.55, 22.84, 22.91, 9999.0, 9999.0, 9999.0, 23.93, 9999.0, 22.27, 9999.0, 22.82, 22.61, 22.45, 22.45, 22.5
2026-09-22, 05:55:08, 22.5, 22.55, 22.86, 22.91, 9999.0, 9999.0, 9999.0, 23.89, 9999.0, 22.27, 9999.0, 22.84, 22.61, 22.45, 22.48, 22.5
2026-09-22, 05:55:12, 22.5, 22.55, 22.89, 22.93, 9999.0, 9999.0, 9999.0, 23.86, 9999.0, 22.3, 9999.0, 22.86, 22.59, 22.48, 22.48, 22.5
2026-09-22, 05:55:16, 22.5, 22.55, 22.91, 22.95, 9999.0, 9999.0, 9999.0, 23.82, 9999.0, 22.3, 9999.0, 22.89, 22.59, 22.48, 22.48, 22.5
2026-09-22, 05:55:20, 22.5, 22.52, 22.93, 22.95, 9999.0, 9999.0, 9999.0, 23.77, 9999.0, 22.32, 9999.0, 22.91, 22.61, 22.48, 22.45, 22.5
2026-09-22, 05:55:24, 22.5, 22.52, 22.91, 22.95, 9999.0, 9999.0, 9999.0, 23.73, 9999.0, 22.34, 9999.0, 22.93, 22.64, 22.45, 22.45, 22.5
2026-09-22, 05:55:29, 22.5, 22.55, 22.89, 22.95, 9999.0, 9999.0, 9999.0, 23.68, 9999.0, 22.34, 9999.0, 22.93, 22.64, 22.45, 22.45, 22.5
2026-09-22, 05:55:33, 22.5, 22.55, 22.89, 22.95, 9999.0, 9999.0, 9999.0, 23.7, 9999.0, 22.32, 9999.0, 22.95, 22.66, 22.45, 22.45, 22.5
2026-09-22, 05:55:37, 22.5, 22.55, 22.91, 22.93, 9999.0, 9999.0, 9999.0, 23.75, 9999.0, 22.34, 9999.0, 22.93, 22.68, 22.43, 22.45, 22.5
2026-09-22, 05:55:41, 22.5, 22.55, 22.91, 22.93, 9999.0, 9999.0, 9999.0, 23.77, 9999.0, 22.34, 9999.0, 22.93, 22.7, 22.41, 22.45, 22.5
2026-09-22, 05:55:45, 22.5, 22.52, 22.93, 22.93, 9999.0, 9999.0, 9999.0, 23.8, 9999.0, 22.34, 9999.0, 22.91, 22.7, 22.41, 22.48, 22.5
2026-09-22, 05:55:49, 22.5, 22.52, 22.93, 22.93, 9999.0, 9999.0, 9999.0, 23.82, 9999.0, 22.34, 9999.0, 22.89, 22.7, 22.41, 22.48, 22.5
2026-09-22, 05:55:53, 22.5, 22.52, 22.93, 22.93, 9999.0, 9999.0, 9999.0, 23.84, 9999.0, 22.34, 9999.0, 22.86, 22.7, 22.41, 22.48, 22.5
2026-09-22, 05:55:57, 22.5, 22.52, 22.91, 22.93, 9999.0, 9999.0, 9999.0, 23.84, 9999.0, 22.32, 9999.0, 22.84, 22.7, 22.41, 22.45, 22.5
2026-09-22, 05:56:01, 22.5, 22.52, 22.91, 22.93, 9999.0, 9999.0, 9999.0, 23.89, 9999.0, 22.32, 9999.0, 22.82, 22.7, 22.39, 22.45, 22.5
2026-09-22, 05:56:05, 22.5, 22.52, 22.91, 22.93, 9999.0, 9999.0, 9999.0, 23.91, 9999.0, 22.3, 9999.0, 22.8, 22.7, 22.39, 22.48, 22.5
2026-09-22, 05:56:09, 22.5, 22.52, 22.93, 22.93, 9999.0, 9999.0, 9999.0, 23.93, 9999.0, 22.27, 9999.0, 22.8, 22.68, 22.39, 22.48, 22.5
2026-09-22, 05:56:13, 22.5, 22.5, 22.95, 22.95, 9999.0, 9999.0, 9999.0, 23.95, 9999.0, 22.27, 9999.0, 22.82, 22.66, 22.39, 22.48, 22.5
2026-09-22, 05:56:17, 22.5, 22.5, 22.95, 22.95, 9999.0, 9999.0, 9999.0, 23.91, 9999.0, 22.25, 9999.0, 22.82, 22.66, 22.36, 22.48, 22.5
2026-09-22, 05:56:21, 22.5, 22.5, 22.95, 22.98, 9999.0, 9999.0, 9999.0, 23.86, 9999.0, 22.2, 9999.0, 22.86, 22.66, 22.39, 22.48, 22.5
2026-09-22, 05:56:25, 22.5, 22.5, 22.95, 23.0, 9999.0, 9999.0, 9999.0, 23.84, 9999.0, 22.18, 9999.0, 22.89, 22.66, 22.41, 22.48, 22.5
2026-09-22, 05:56:29, 22.5, 22.5, 22.95, 23.0, 9999.0, 9999.0, 9999.0, 23.8, 9999.0, 22.18, 9999.0, 22.91, 22.64, 22.41, 22.48, 22.5
2026-09-22, 05:56:33, 22.5, 22.5, 22.95, 23.0, 9999.0, 9999.0, 9999.0, 23.75, 9999.0, 22.2, 9999.0, 22.93, 22.64, 22.41, 22.48, 22.5
2026-09-22, 05:56:37, 22.5, 22.5, 22.95, 23.0, 9999.0, 9999.0, 9999.0, 23.7, 9999.0, 22.23, 9999.0, 22.95, 22.64, 22.43, 22.48, 22.5
2026-09-22, 05:56:41, 22.5, 22.5, 22.98, 23.0, 9999.0, 9999.0, 9999.0, 23.68, 9999.0, 22.25, 9999.0, 22.98, 22.66, 22.43, 22.5, 22.5
2026-09-22, 05:56:45, 22.5, 22.5, 22.98, 23.0, 9999.0, 9999.0, 9999.0, 23.64, 9999.0, 22.27, 9999.0, 23.0, 22.68, 22.43, 22.5, 22.5
2026-09-22, 05:56:49, 22.5, 22.5, 22.98, 22.98, 9999.0, 9999.0, 9999.0, 23.68, 9999.0, 22.27, 9999.0, 23.0, 22.68, 22.43, 22.5, 22.5
2026-09-22, 05:56:53, 22.5, 22.5, 22.98, 22.98, 9999.0, 9999.0, 9999.0, 23.73, 9999.0, 22.27, 9999.0, 22.98, 22.7, 22.45, 22.5, 22.5
2026-09-22, 05:56:57, 22.5, 22.5, 22.98, 22.98, 9999.0, 9999.0, 9999.0, 23.77, 9999.0, 22.27, 9999.0, 22.95, 22.73, 22.45, 22.5, 22.5
2026-09-22, 05:57:01, 22.5, 22.5, 23.0, 22.98, 9999.0, 9999.0, 9999.0, 23.8, 9999.0, 22.3, 9999.0, 22.93, 22.7, 22.45, 22.5, 22.5
2026-09-22, 05:57:05, 22.5, 22.5, 23.0, 22.98, 9999.0, 9999.0, 9999.0, 23.82, 9999.0, 22.32, 9999.0, 22.89, 22.7, 22.43, 22.5, 22.5
2026-09-22, 05:57:09, 22.5, 22.5, 23.0, 22.98, 9999.0, 9999.0, 9999.0, 23.84, 9999.0, 22.34, 9999.0, 22.86, 22.7, 22.41, 22.5, 22.5
2026-09-22, 05:57:13, 22.5, 22.5, 22.98, 22.98, 9999.0, 9999.0, 9999.0, 23.89, 9999.0, 22.34, 9999.0, 22.84, 22.73, 22.39, 22.5, 22.5
2026-09-22, 05:57:17, 22.5, 22.5, 22.95, 22.98, 9999.0, 9999.0, 9999.0, 23.93, 9999.0, 22.32, 9999.0, 22.82, 22.7, 22.39, 22.5, 22.5
2026-09-22, 05:57:21, 22.5, 22.5, 22.95, 22.98, 9999.0, 9999.0, 9999.0, 23.98, 9999.0, 22.3, 9999.0, 22.8, 22.68, 22.36, 22.5, 22.5
2026-09-22, 05:57:25, 22.5, 22.5, 22.93, 22.98, 9999.0, 9999.0, 9999.0, 24.02, 9999.0, 22.27, 9999.0, 22.77, 22.66, 22.36, 22.5, 22.5
2026-09-22, 05:57:29, 22.5, 22.5, 22.93, 22.98, 9999.0, 9999.0, 9999.0, 24.07, 9999.0, 22.23, 9999.0, 22.75, 22.64, 22.39, 22.5, 22.5
2026-09-22, 05:57:33, 22.5, 22.5, 22.93, 23.0, 9999.0, 9999.0, 9999.0, 24.02, 9999.0, 22.2, 9999.0, 22.77, 22.64, 22.39, 22.5, 22.5
2026-09-22, 05:57:37, 22.5, 22.5, 22.91, 23.0, 9999.0, 9999.0, 9999.0, 23.98, 9999.0, 22.2, 9999.0, 22.8, 22.64, 22.39, 22.5, 22.5
2026-09-22, 05:57:41, 22.5, 22.5, 22.91, 23.0, 9999.0, 9999.0, 9999.0, 23.93, 9999.0, 22.2, 9999.0, 22.82, 22.64, 22.39, 22.5, 22.5
2026-09-22, 05:57:45, 22.5, 22.5, 22.91, 23.0, 9999.0, 9999.0, 9999.0, 23.89, 9999.0, 22.2, 9999.0, 22.84, 22.64, 22.39, 22.5, 22.5
2026-09-22, 05:57:49, 22.5, 22.5, 22.91, 23.0, 9999.0, 9999.0, 9999.0, 23.84, 9999.0, 22.2, 9999.0, 22.86, 22.61, 22.41, 22.5, 22.5
2026-09-22, 05:57:53, 22.5, 22.5, 22.91, 23.0, 9999.0, 9999.0, 9999.0, 23.8, 9999.0, 22.23, 9999.0, 22.89, 22.61, 22.43, 22.5, 22.5
2026-09-22, 05:57:57, 22.5, 22.5, 22.93, 23.0, 9999.0, 9999.0, 9999.0, 23.75, 9999.0, 22.25, 9999.0, 22.91, 22.61, 22.45, 22.5, 22.5
2026-09-22, 05:58:01, 22.5, 22.52, 22.95, 23.0, 9999.0, 9999.0, 9999.0, 23.7, 9999.0, 22.27, 9999.0, 22.93, 22.64, 22.45, 22.5, 22.5
2026-09-22, 05:58:05, 22.5, 22.52, 22.95, 23.0, 9999.0, 9999.0, 9999.0, 23.73, 9999.0, 22.3, 9999.0, 22.93, 22.66, 22.48, 22.5, 22.5
2026-09-22, 05:58:09, 22.5, 22.55, 22.98, 23.0, 9999.0, 9999.0, 9999.0, 23.75, 9999.0, 22.32, 9999.0, 22.93, 22.68, 22.48, 22.5, 22.5
2026-09-22, 05:58:13, 22.5, 22.55, 22.98, 23.0, 9999.0, 9999.0, 9999.0, 23.77, 9999.0, 22.34, 9999.0, 22.93, 22.7, 22.45, 22.5, 22.5
2026-09-22, 05:58:17, 22.5, 22.55, 22.95, 23.0, 9999.0, 9999.0, 9999.0, 23.8, 9999.0, 22.36, 9999.0, 22.91, 22.68, 22.45, 22.5, 22.5
2026-09-22, 05:58:21, 22.5, 22.55, 22.98, 23.0, 9999.0, 9999.0, 9999.0, 23.82, 9999.0, 22.36, 9999.0, 22.89, 22.68, 22.45, 22.5, 22.5
2026-09-22, 05:58:25, 22.5, 22.57, 22.98, 23.0, 9999.0, 9999.0, 9999.0, 23.84, 9999.0, 22.36, 9999.0, 22.86, 22.66, 22.45, 22.5, 22.5
2026-09-22, 05:58:29, 22.5, 22.59, 22.95, 23.0, 9999.0, 9999.0, 9999.0, 23.89, 9999.0, 22.36, 9999.0, 22.84, 22.68, 22.48, 22.5, 22.5
2026-09-22, 05:58:33, 22.5, 22.59, 22.95, 23.0, 9999.0, 9999.0, 9999.0, 23.93, 9999.0, 22.36, 9999.0, 22.82, 22.7, 22.45, 22.5, 22.5
2026-09-22, 05:58:37, 22.5, 22.59, 22.95, 23.0, 9999.0, 9999.0, 9999.0, 23.98, 9999.0, 22.34, 9999.0, 22.8, 22.68, 22.45, 22.5, 22.5
2026-09-22, 05:58:41, 22.5, 22.59, 22.95, 23.0, 9999.0, 9999.0, 9999.0, 24.0, 9999.0, 22.32, 9999.0, 22.8, 22.68, 22.45, 22.5, 22.5
2026-09-22, 05:58:45, 22.5, 22.57, 22.95, 23.0, 9999.0, 9999.0, 9999.0, 24.02, 9999.0, 22.3, 9999.0, 22.77, 22.66, 22.45, 22.5, 22.5
2026-09-22, 05:58:49, 22.5, 22.57, 22.95, 23.0, 9999.0, 9999.0, 9999.0, 23.98, 9999.0, 22.27, 9999.0, 22.8, 22.64, 22.45, 22.5, 22.5
2026-09-22, 05:58:53, 22.5, 22.55, 22.95, 23.0, 9999.0, 9999.0, 9999.0, 23.93, 9999.0, 22.25, 9999.0, 22.82, 22.64, 22.45, 22.5, 22.5
2026-09-22, 05:58:57, 22.5, 22.55, 22.95, 23.0, 9999.0, 9999.0, 9999.0, 23.89, 9999.0, 22.25, 9999.0, 22.84, 22.64, 22.48, 22.5, 22.5
2026-09-22, 05:59:01, 22.5, 22.57, 22.95, 23.0, 9999.0, 9999.0, 9999.0, 23.84, 9999.0, 22.27, 9999.0, 22.86, 22.64, 22.45, 22.5, 22.5
2026-09-22, 05:59:05, 22.5, 22.57, 22.95, 23.0, 9999.0, 9999.0, 9999.0, 23.8, 9999.0, 22.3, 9999.0, 22.89, 22.64, 22.45, 22.5, 22.5
2026-09-22, 05:59:09, 22.5, 22.55, 22.93, 23.0, 9999.0, 9999.0, 9999.0, 23.75, 9999.0, 22.32, 9999.0, 22.91, 22.66, 22.43, 22.5, 22.5
2026-09-22, 05:59:13, 22.5, 22.52, 22.95, 23.0, 9999.0, 9999.0, 9999.0, 23.7, 9999.0, 22.36, 9999.0, 22.93, 22.66, 22.43, 22.5, 22.5
2026-09-22, 05:59:17, 22.5, 22.52, 22.93, 23.0, 9999.0, 9999.0, 9999.0, 23.66, 9999.0, 22.39, 9999.0, 22.95, 22.66, 22.45, 22.5, 22.5
2026-09-22, 05:59:22, 22.5, 22.52, 22.93, 23.0, 9999.0, 9999.0, 9999.0, 23.68, 9999.0, 22.41, 9999.0, 22.98, 22.68, 22.45, 22.5, 22.5
2026-09-22, 05:59:26, 22.5, 22.52, 22.93, 23.0, 9999.0, 9999.0, 9999.0, 23.73, 9999.0, 22.43, 9999.0, 22.95, 22.68, 22.45, 22.5, 22.5
2026-09-22, 05:59:30, 22.5, 22.52, 22.93, 23.0, 9999.0, 9999.0, 9999.0, 23.77, 9999.0, 22.45, 9999.0, 22.95, 22.7, 22.43, 22.5, 22.5
2026-09-22, 05:59:34, 22.5, 22.52, 22.93, 23.0, 9999.0, 9999.0, 9999.0, 23.82, 9999.0, 22.48, 9999.0, 22.93, 22.73, 22.43, 22.5, 22.5
2026-09-22, 05:59:38, 22.5, 22.52, 22.93, 23.0, 9999.0, 9999.0, 9999.0, 23.84, 9999.0, 22.5, 9999.0, 22.91, 22.7, 22.43, 22.5, 22.5
2026-09-22, 05:59:42, 22.5, 22.52, 22.93, 23.0, 9999.0, 9999.0, 9999.0, 23.86, 9999.0, 22.5, 9999.0, 22.89, 22.68, 22.43, 22.5, 22.5
2026-09-22, 05:59:46, 22.5, 22.5, 22.95, 23.0, 9999.0, 9999.0, 9999.0, 23.91, 9999.0, 22.5, 9999.0, 22.86, 22.7, 22.45, 22.5, 22.5
2026-09-22, 05:59:50, 22.5, 22.5, 22.95, 23.0, 9999.0, 9999.0, 9999.0, 23.95, 9999.0, 22.48, 9999.0, 22.84, 22.7, 22.45, 22.5, 22.5
2026-09-22, 05:59:54, 22.5, 22.5, 22.98, 23.0, 9999.0, 9999.0, 9999.0, 24.0, 9999.0, 22.45, 9999.0, 22.82, 22.68, 22.48, 22.5, 22.5
2026-09-22, 05:59:58, 22.5, 22.52, 22.98, 23.0, 9999.0, 9999.0, 9999.0, 24.05, 9999.0, 22.41, 9999.0, 22.82, 22.68, 22.48, 22.5, 22.5
2026-09-22, 06:00:02, 22.5, 22.52, 23.0, 23.0, 9999.0, 9999.0, 9999.0, 24.09, 9999.0, 22.39, 9999.0, 22.82, 22.66, 22.45, 22.5, 22.5
2026-09-22, 06:00:06, 22.5, 22.52, 23.0, 23.0, 9999.0, 9999.0, 9999.0, 24.05, 9999.0, 22.36, 9999.0, 22.82, 22.66, 22.43, 22.5, 22.5
2026-09-22, 06:00:10, 22.5, 22.52, 23.0, 23.0, 9999.0, 9999.0, 9999.0, 24.0, 9999.0, 22.34, 9999.0, 22.84, 22.66, 22.43, 22.5, 22.5
2026-09-22, 06:00:14, 22.5, 22.55, 23.0, 23.0, 9999.0, 9999.0, 9999.0, 23.95, 9999.0, 22.32, 9999.0, 22.86, 22.64, 22.45, 22.5, 22.5
2026-09-22, 06:00:18, 22.5, 22.55, 23.0, 23.0, 9999.0, 9999.0, 9999.0, 23.91, 9999.0, 22.32, 9999.0, 22.89, 22.61, 22.45, 22.5, 22.5
2026-09-22, 06:00:22, 22.5, 22.55, 23.0, 23.0, 9999.0, 9999.0, 9999.0, 23.86, 9999.0, 22.32, 9999.0, 22.91, 22.61, 22.45, 22.5, 22.5
2026-09-22, 06:00:26, 22.5, 22.55, 23.0, 23.0, 9999.0, 9999.0, 9999.0, 23.84, 9999.0, 22.34, 9999.0, 22.93, 22.64, 22.45, 22.5, 22.5
2026-09-22, 06:00:30, 22.5, 22.57, 23.0, 23.0, 9999.0, 9999.0, 9999.0, 23.82, 9999.0, 22.34, 9999.0, 22.95, 22.64, 22.45, 22.5, 22.5
2026-09-22, 06:00:34, 22.5, 22.57, 23.0, 23.0, 9999.0, 9999.0, 9999.0, 23.77, 9999.0, 22.39, 9999.0, 22.95, 22.64, 22.45, 22.5, 22.5
2026-09-22, 06:00:38, 22.5, 22.57, 23.0, 23.0, 9999.0, 9999.0, 9999.0, 23.8, 9999.0, 22.41, 9999.0, 22.95, 22.64, 22.45, 22.5, 22.5
2026-09-22, 06:00:42, 22.5, 22.55, 23.0, 23.0, 9999.0, 9999.0, 9999.0, 23.82, 9999.0, 22.43, 9999.0, 22.93, 22.64, 22.45, 22.5, 22.5
2026-09-22, 06:00:46, 22.5, 22.55, 23.0, 23.0, 9999.0, 9999.0, 9999.0, 23.84, 9999.0, 22.45, 9999.0, 22.91, 22.66, 22.48, 22.5, 22.5
2026-09-22, 06:00:50, 22.5, 22.55, 23.0, 23.0, 9999.0, 9999.0, 9999.0, 23.89, 9999.0, 22.48, 9999.0, 22.89, 22.66, 22.5, 22.5, 22.5
2026-09-22, 06:00:54, 22.5, 22.55, 23.0, 23.0, 9999.0, 9999.0, 9999.0, 23.91, 9999.0, 22.5, 9999.0, 22.86, 22.66, 22.5, 22.5, 22.5
2026-09-22, 06:00:58, 22.5, 22.52, 23.0, 23.0, 9999.0, 9999.0, 9999.0, 23.93, 9999.0, 22.52, 9999.0, 22.84, 22.68, 22.5, 22.5, 22.5
2026-09-22, 06:01:02, 22.48, 22.52, 22.98, 23.0, 9999.0, 9999.0, 9999.0, 23.95, 9999.0, 22.52, 9999.0, 22.82, 22.7, 22.5, 22.5, 22.5
2026-09-22, 06:01:06, 22.48, 22.52, 22.95, 23.0, 9999.0, 9999.0, 9999.0, 24.0, 9999.0, 22.52, 9999.0, 22.8, 22.73, 22.5, 22.5, 22.5
2026-09-22, 06:01:10, 22.48, 22.52, 22.95, 23.0, 9999.0, 9999.0, 9999.0, 24.02, 9999.0, 22.52, 9999.0, 22.77, 22.73, 22.5, 22.5, 22.5
2026-09-22, 06:01:14, 22.48, 22.52, 22.95, 23.0, 9999.0, 9999.0, 9999.0, 24.05, 9999.0, 22.52, 9999.0, 22.75, 22.7, 22.5, 22.5, 22.5
2026-09-22, 06:01:18, 22.48, 22.55, 22.95, 23.0, 9999.0, 9999.0, 9999.0, 24.09, 9999.0, 22.5, 9999.0, 22.75, 22.68, 22.5, 22.5, 22.5
2026-09-22, 06:01:22, 22.48, 22.57, 22.95, 23.0, 9999.0, 9999.0, 9999.0, 24.07, 9999.0, 22.5, 9999.0, 22.77, 22.68, 22.5, 22.5, 22.5
2026-09-22, 06:01:26, 22.48, 22.59, 22.95, 23.0, 9999.0, 9999.0, 9999.0, 24.02, 9999.0, 22.48, 9999.0, 22.8, 22.68, 22.5, 22.5, 22.5
2026-09-22, 06:01:30, 22.48, 22.59, 22.95, 23.0, 9999.0, 9999.0, 9999.0, 23.98, 9999.0, 22.48, 9999.0, 22.82, 22.66, 22.5, 22.5, 22.5
2026-09-22, 06:01:34, 22.48, 22.61, 22.95, 23.0, 9999.0, 9999.0, 9999.0, 23.93, 9999.0, 22.5, 9999.0, 22.84, 22.66, 22.5, 22.5, 22.5
2026-09-22, 06:01:38, 22.48, 22.61, 22.95, 23.0, 9999.0, 9999.0, 9999.0, 23.91, 9999.0, 22.5, 9999.0, 22.86, 22.66, 22.5, 22.5, 22.5
2026-09-22, 06:01:42, 22.48, 22.61, 22.95, 23.0, 9999.0, 9999.0, 9999.0, 23.86, 9999.0, 22.5, 9999.0, 22.89, 22.66, 22.5, 22.5, 22.5
2026-09-22, 06:01:46, 22.5, 22.61, 22.98, 23.0, 9999.0, 9999.0, 9999.0, 23.82, 9999.0, 22.52, 9999.0, 22.91, 22.66, 22.5, 22.5, 22.5
2026-09-22, 06:01:50, 22.5, 22.61, 23.0, 23.0, 9999.0, 9999.0, 9999.0, 23.77, 9999.0, 22.55, 9999.0, 22.93, 22.66, 22.5, 22.5, 22.5
2026-09-22, 06:01:54, 22.5, 22.64, 23.0, 23.0, 9999.0, 9999.0, 9999.0, 23.82, 9999.0, 22.57, 9999.0, 22.93, 22.66, 22.5, 22.5, 22.5
2026-09-22, 06:01:58, 22.5, 22.61, 23.0, 23.0, 9999.0, 9999.0, 9999.0, 23.86, 9999.0, 22.59, 9999.0, 22.93, 22.68, 22.5, 22.5, 22.5
2026-09-22, 06:02:02, 22.5, 22.59, 23.0, 23.0, 9999.0, 9999.0, 9999.0, 23.89, 9999.0, 22.59, 9999.0, 22.93, 22.7, 22.5, 22.5, 22.5
2026-09-22, 06:02:06, 22.5, 22.59, 23.0, 23.0, 9999.0, 9999.0, 9999.0, 23.91, 9999.0, 22.61, 9999.0, 22.91, 22.73, 22.5, 22.5, 22.5
2026-09-22, 06:02:10, 22.5, 22.59, 23.0, 23.0, 9999.0, 9999.0, 9999.0, 23.95, 9999.0, 22.64, 9999.0, 22.89, 22.73, 22.5, 22.5, 22.5
2026-09-22, 06:02:14, 22.5, 22.61, 23.0, 23.0, 9999.0, 9999.0, 9999.0, 23.98, 9999.0, 22.64, 9999.0, 22.86, 22.75, 22.5, 22.5, 22.5
2026-09-22, 06:02:18, 22.5, 22.59, 23.0, 23.0, 9999.0, 9999.0, 9999.0, 24.0, 9999.0, 22.61, 9999.0, 22.84, 22.75, 22.5, 22.5, 22.5
2026-09-22, 06:02:22, 22.5, 22.59, 23.0, 23.0, 9999.0, 9999.0, 9999.0, 24.02, 9999.0, 22.61, 9999.0, 22.82, 22.73, 22.5, 22.5, 22.5
2026-09-22, 06:02:26, 22.5, 22.59, 22.98, 23.0, 9999.0, 9999.0, 9999.0, 24.07, 9999.0, 22.61, 9999.0, 22.8, 22.73, 22.5, 22.48, 22.5
2026-09-22, 06:02:30, 22.5, 22.59, 22.95, 23.0, 9999.0, 9999.0, 9999.0, 24.11, 9999.0, 22.59, 9999.0, 22.77, 22.73, 22.5, 22.48, 22.5
2026-09-22, 06:02:34, 22.5, 22.59, 22.95, 23.0, 9999.0, 9999.0, 9999.0, 24.16, 9999.0, 22.57, 9999.0, 22.77, 22.73, 22.5, 22.48, 22.5
2026-09-22, 06:02:38, 22.5, 22.57, 22.95, 23.0, 9999.0, 9999.0, 9999.0, 24.11, 9999.0, 22.55, 9999.0, 22.8, 22.7, 22.5, 22.48, 22.5
2026-09-22, 06:02:42, 22.5, 22.59, 22.95, 23.0, 9999.0, 9999.0, 9999.0, 24.05, 9999.0, 22.52, 9999.0, 22.82, 22.7, 22.5, 22.48, 22.5
2026-09-22, 06:02:46, 22.5, 22.59, 22.95, 23.0, 9999.0, 9999.0, 9999.0, 24.0, 9999.0, 22.52, 9999.0, 22.84, 22.68, 22.5, 22.48, 22.5
2026-09-22, 06:02:50, 22.5, 22.57, 22.95, 23.0, 9999.0, 9999.0, 9999.0, 23.95, 9999.0, 22.5, 9999.0, 22.86, 22.68, 22.5, 22.48, 22.5
2026-09-22, 06:02:54, 22.5, 22.57, 22.95, 23.0, 9999.0, 9999.0, 9999.0, 23.91, 9999.0, 22.5, 9999.0, 22.89, 22.68, 22.5, 22.48, 22.5
2026-09-22, 06:02:58, 22.5, 22.55, 22.95, 23.0, 9999.0, 9999.0, 9999.0, 23.89, 9999.0, 22.5, 9999.0, 22.89, 22.68, 22.5, 22.48, 22.5
2026-09-22, 06:03:03, 22.5, 22.55, 22.95, 23.0, 9999.0, 9999.0, 9999.0, 23.86, 9999.0, 22.52, 9999.0, 22.91, 22.68, 22.5, 22.48, 22.5
2026-09-22, 06:03:07, 22.5, 22.55, 22.95, 23.0, 9999.0, 9999.0, 9999.0, 23.82, 9999.0, 22.55, 9999.0, 22.93, 22.7, 22.5, 22.48, 22.5
2026-09-22, 06:03:11, 22.5, 22.55, 22.98, 23.0, 9999.0, 9999.0, 9999.0, 23.8, 9999.0, 22.57, 9999.0, 22.95, 22.7, 22.5, 22.5, 22.5
2026-09-22, 06:03:15, 22.5, 22.55, 23.0, 23.0, 9999.0, 9999.0, 9999.0, 23.84, 9999.0, 22.59, 9999.0, 22.95, 22.7, 22.48, 22.5, 22.5
2026-09-22, 06:03:19, 22.5, 22.55, 23.0, 23.0, 9999.0, 9999.0, 9999.0, 23.86, 9999.0, 22.61, 9999.0, 22.93, 22.7, 22.45, 22.5, 22.5
2026-09-22, 06:03:23, 22.5, 22.57, 23.0, 23.0, 9999.0, 9999.0, 9999.0, 23.89, 9999.0, 22.61, 9999.0, 22.91, 22.73, 22.45, 22.5, 22.5
2026-09-22, 06:03:27, 22.5, 22.55, 23.0, 23.0, 9999.0, 9999.0, 9999.0, 23.93, 9999.0, 22.61, 9999.0, 22.89, 22.73, 22.45, 22.5, 22.5
2026-09-22, 06:03:31, 22.5, 22.57, 22.98, 23.0, 9999.0, 9999.0, 9999.0, 23.98, 9999.0, 22.61, 9999.0, 22.86, 22.73, 22.45, 22.5, 22.5
2026-09-22, 06:03:35, 22.5, 22.57, 22.98, 23.0, 9999.0, 9999.0, 9999.0, 24.02, 9999.0, 22.61, 9999.0, 22.84, 22.7, 22.45, 22.5, 22.5
2026-09-22, 06:03:39, 22.5, 22.55, 22.98, 23.0, 9999.0, 9999.0, 9999.0, 24.05, 9999.0, 22.61, 9999.0, 22.82, 22.7, 22.43, 22.5, 22.5
2026-09-22, 06:03:43, 22.5, 22.55, 22.98, 23.0, 9999.0, 9999.0, 9999.0, 24.07, 9999.0, 22.61, 9999.0, 22.82, 22.68, 22.43, 22.5, 22.5
2026-09-22, 06:03:47, 22.5, 22.55, 22.98, 23.0, 9999.0, 9999.0, 9999.0, 24.09, 9999.0, 22.59, 9999.0, 22.8, 22.66, 22.43, 22.5, 22.5
2026-09-22, 06:03:51, 22.5, 22.55, 22.98, 23.0, 9999.0, 9999.0, 9999.0, 24.14, 9999.0, 22.57, 9999.0, 22.77, 22.66, 22.43, 22.5, 22.5
2026-09-22, 06:03:55, 22.5, 22.57, 22.98, 23.0, 9999.0, 9999.0, 9999.0, 24.16, 9999.0, 22.55, 9999.0, 22.77, 22.64, 22.41, 22.5, 22.5
2026-09-22, 06:03:59, 22.5, 22.57, 22.98, 23.0, 9999.0, 9999.0, 9999.0, 24.11, 9999.0, 22.52, 9999.0, 22.8, 22.64, 22.43, 22.5, 22.5
2026-09-22, 06:04:03, 22.5, 22.57, 22.98, 22.98, 9999.0, 9999.0, 9999.0, 24.07, 9999.0, 22.5, 9999.0, 22.82, 22.64, 22.45, 22.5, 22.5
2026-09-22, 06:04:07, 22.5, 22.55, 22.98, 22.95, 9999.0, 9999.0, 9999.0, 24.02, 9999.0, 22.5, 9999.0, 22.84, 22.61, 22.45, 22.5, 22.5
2026-09-22, 06:04:11, 22.5, 22.55, 22.98, 22.95, 9999.0, 9999.0, 9999.0, 23.98, 9999.0, 22.52, 9999.0, 22.86, 22.61, 22.45, 22.5, 22.5
2026-09-22, 06:04:15, 22.5, 22.52, 23.0, 22.95, 9999.0, 9999.0, 9999.0, 23.93, 9999.0, 22.55, 9999.0, 22.89, 22.61, 22.45, 22.5, 22.5
2026-09-22, 06:04:19, 22.5, 22.52, 23.0, 22.95, 9999.0, 9999.0, 9999.0, 23.89, 9999.0, 22.57, 9999.0, 22.91, 22.64, 22.45, 22.5, 22.5
2026-09-22, 06:04:23, 22.5, 22.52, 23.0, 22.95, 9999.0, 9999.0, 9999.0, 23.86, 9999.0, 22.59, 9999.0, 22.93, 22.64, 22.45, 22.5, 22.5
2026-09-22, 06:04:27, 22.5, 22.52, 23.0, 22.95, 9999.0, 9999.0, 9999.0, 23.82, 9999.0, 22.61, 9999.0, 22.95, 22.66, 22.45, 22.5, 22.5
2026-09-22, 06:04:31, 22.5, 22.52, 23.0, 22.93, 9999.0, 9999.0, 9999.0, 23.84, 9999.0, 22.64, 9999.0, 22.95, 22.68, 22.43, 22.5, 22.5
2026-09-22, 06:04:35, 22.5, 22.52, 23.0, 22.93, 9999.0, 9999.0, 9999.0, 23.86, 9999.0, 22.66, 9999.0, 22.95, 22.68, 22.43, 22.5, 22.5
2026-09-22, 06:04:39, 22.5, 22.5, 23.0, 22.93, 9999.0, 9999.0, 9999.0, 23.89, 9999.0, 22.68, 9999.0, 22.93, 22.7, 22.45, 22.5, 22.5
2026-09-22, 06:04:43, 22.5, 22.52, 22.98, 22.93, 9999.0, 9999.0, 9999.0, 23.91, 9999.0, 22.68, 9999.0, 22.91, 22.7, 22.45, 22.5, 22.5
2026-09-22, 06:04:47, 22.5, 22.55, 22.98, 22.95, 9999.0, 9999.0, 9999.0, 23.95, 9999.0, 22.68, 9999.0, 22.89, 22.7, 22.45, 22.5, 22.5
2026-09-22, 06:04:51, 22.5, 22.55, 22.98, 22.98, 9999.0, 9999.0, 9999.0, 23.98, 9999.0, 22.68, 9999.0, 22.86, 22.73, 22.45, 22.5, 22.5
2026-09-22, 06:04:55, 22.48, 22.55, 22.98, 22.95, 9999.0, 9999.0, 9999.0, 24.0, 9999.0, 22.66, 9999.0, 22.84, 22.73, 22.45, 22.5, 22.5
2026-09-22, 06:04:59, 22.48, 22.57, 22.95, 22.95, 9999.0, 9999.0, 9999.0, 24.02, 9999.0, 22.64, 9999.0, 22.82, 22.73, 22.45, 22.5, 22.5
2026-09-22, 06:05:03, 22.48, 22.57, 22.95, 22.93, 9999.0, 9999.0, 9999.0, 24.07, 9999.0, 22.61, 9999.0, 22.8, 22.73, 22.45, 22.5, 22.5
2026-09-22, 06:05:07, 22.48, 22.57, 22.93, 22.93, 9999.0, 9999.0, 9999.0, 24.09, 9999.0, 22.59, 9999.0, 22.77, 22.7, 22.48, 22.5, 22.5
2026-09-22, 06:05:11, 22.48, 22.57, 22.91, 22.93, 9999.0, 9999.0, 9999.0, 24.14, 9999.0, 22.57, 9999.0, 22.75, 22.68, 22.48, 22.48, 22.5
2026-09-22, 06:05:15, 22.48, 22.57, 22.89, 22.95, 9999.0, 9999.0, 9999.0, 24.09, 9999.0, 22.57, 9999.0, 22.77, 22.68, 22.48, 22.48, 22.5
2026-09-22, 06:05:19, 22.48, 22.57, 22.86, 22.93, 9999.0, 9999.0, 9999.0, 24.07, 9999.0, 22.55, 9999.0, 22.8, 22.68, 22.48, 22.48, 22.5
2026-09-22, 06:05:23, 22.48, 22.59, 22.86, 22.93, 9999.0, 9999.0, 9999.0, 24.02, 9999.0, 22.52, 9999.0, 22.82, 22.66, 22.48, 22.48, 22.5
2026-09-22, 06:05:27, 22.48, 22.57, 22.89, 22.93, 9999.0, 9999.0, 9999.0, 23.98, 9999.0, 22.55, 9999.0, 22.84, 22.66, 22.48, 22.48, 22.5
2026-09-22, 06:05:31, 22.48, 22.55, 22.86, 22.93, 9999.0, 9999.0, 9999.0, 23.93, 9999.0, 22.57, 9999.0, 22.86, 22.66, 22.48, 22.48, 22.5
2026-09-22, 06:05:35, 22.48, 22.55, 22.84, 22.93, 9999.0, 9999.0, 9999.0, 23.91, 9999.0, 22.59, 9999.0, 22.89, 22.66, 22.48, 22.48, 22.5
2026-09-22, 06:05:39, 22.5, 22.55, 22.84, 22.95, 9999.0, 9999.0, 9999.0, 23.89, 9999.0, 22.61, 9999.0, 22.89, 22.66, 22.48, 22.48, 22.5
2026-09-22, 06:05:43, 22.5, 22.52, 22.84, 22.95, 9999.0, 9999.0, 9999.0, 23.86, 9999.0, 22.64, 9999.0, 22.91, 22.68, 22.48, 22.48, 22.5
2026-09-22, 06:05:47, 22.5, 22.52, 22.82, 22.98, 9999.0, 9999.0, 9999.0, 23.8, 9999.0, 22.66, 9999.0, 22.91, 22.68, 22.48, 22.48, 22.5
2026-09-22, 06:05:51, 22.5, 22.52, 22.82, 22.95, 9999.0, 9999.0, 9999.0, 23.84, 9999.0, 22.68, 9999.0, 22.91, 22.7, 22.48, 22.48, 22.5
2026-09-22, 06:05:55, 22.5, 22.52, 22.84, 22.93, 9999.0, 9999.0, 9999.0, 23.86, 9999.0, 22.7, 9999.0, 22.91, 22.7, 22.48, 22.5, 22.5
2026-09-22, 06:05:59, 22.5, 22.55, 22.86, 22.93, 9999.0, 9999.0, 9999.0, 23.91, 9999.0, 22.7, 9999.0, 22.89, 22.68, 22.5, 22.5, 22.5
2026-09-22, 06:06:03, 22.5, 22.55, 22.89, 22.95, 9999.0, 9999.0, 9999.0, 23.93, 9999.0, 22.73, 9999.0, 22.86, 22.68, 22.48, 22.5, 22.5
2026-09-22, 06:06:07, 22.5, 22.52, 22.89, 22.95, 9999.0, 9999.0, 9999.0, 23.98, 9999.0, 22.75, 9999.0, 22.84, 22.68, 22.45, 22.5, 22.5
2026-09-22, 06:06:11, 22.5, 22.52, 22.86, 22.93, 9999.0, 9999.0, 9999.0, 24.02, 9999.0, 22.73, 9999.0, 22.82, 22.66, 22.45, 22.5, 22.5
2026-09-22, 06:06:15, 22.5, 22.52, 22.86, 22.91, 9999.0, 9999.0, 9999.0, 24.05, 9999.0, 22.7, 9999.0, 22.8, 22.66, 22.43, 22.5, 22.5
2026-09-22, 06:06:19, 22.5, 22.52, 22.86, 22.89, 9999.0, 9999.0, 9999.0, 24.09, 9999.0, 22.68, 9999.0, 22.77, 22.66, 22.43, 22.48, 22.5
2026-09-22, 06:06:23, 22.5, 22.52, 22.84, 22.86, 9999.0, 9999.0, 9999.0, 24.11, 9999.0, 22.66, 9999.0, 22.77, 22.64, 22.43, 22.48, 22.5
2026-09-22, 06:06:27, 22.5, 22.52, 22.86, 22.84, 9999.0, 9999.0, 9999.0, 24.14, 9999.0, 22.64, 9999.0, 22.75, 22.61, 22.41, 22.48, 22.5
2026-09-22, 06:06:31, 22.5, 22.55, 22.89, 22.84, 9999.0, 9999.0, 9999.0, 24.18, 9999.0, 22.61, 9999.0, 22.75, 22.59, 22.41, 22.48, 22.5
2026-09-22, 06:06:35, 22.5, 22.55, 22.91, 22.86, 9999.0, 9999.0, 9999.0, 24.14, 9999.0, 22.59, 9999.0, 22.77, 22.57, 22.41, 22.48, 22.5
2026-09-22, 06:06:39, 22.5, 22.55, 22.89, 22.89, 9999.0, 9999.0, 9999.0, 24.09, 9999.0, 22.57, 9999.0, 22.8, 22.57, 22.41, 22.48, 22.5
2026-09-22, 06:06:43, 22.5, 22.52, 22.89, 22.89, 9999.0, 9999.0, 9999.0, 24.05, 9999.0, 22.55, 9999.0, 22.82, 22.59, 22.39, 22.48, 22.5
2026-09-22, 06:06:48, 22.5, 22.52, 22.86, 22.86, 9999.0, 9999.0, 9999.0, 24.0, 9999.0, 22.55, 9999.0, 22.84, 22.59, 22.41, 22.48, 22.5
2026-09-22, 06:06:52, 22.5, 22.52, 22.86, 22.84, 9999.0, 9999.0, 9999.0, 23.95, 9999.0, 22.55, 9999.0, 22.84, 22.59, 22.43, 22.48, 22.5
2026-09-22, 06:06:56, 22.5, 22.52, 22.89, 22.86, 9999.0, 9999.0, 9999.0, 23.91, 9999.0, 22.57, 9999.0, 22.86, 22.61, 22.43, 22.48, 22.5
2026-09-22, 06:07:00, 22.5, 22.52, 22.89, 22.89, 9999.0, 9999.0, 9999.0, 23.89, 9999.0, 22.59, 9999.0, 22.86, 22.61, 22.45, 22.48, 22.5
2026-09-22, 06:07:04, 22.5, 22.52, 22.91, 22.91, 9999.0, 9999.0, 9999.0, 23.82, 9999.0, 22.61, 9999.0, 22.86, 22.61, 22.45, 22.5, 22.5
2026-09-22, 06:07:08, 22.5, 22.55, 22.91, 22.93, 9999.0, 9999.0, 9999.0, 23.86, 9999.0, 22.64, 9999.0, 22.86, 22.64, 22.45, 22.5, 22.5
2026-09-22, 06:07:12, 22.5, 22.55, 22.89, 22.93, 9999.0, 9999.0, 9999.0, 23.91, 9999.0, 22.66, 9999.0, 22.86, 22.66, 22.48, 22.5, 22.5
2026-09-22, 06:07:16, 22.5, 22.52, 22.89, 22.91, 9999.0, 9999.0, 9999.0, 23.95, 9999.0, 22.68, 9999.0, 22.86, 22.68, 22.48, 22.5, 22.48
2026-09-22, 06:07:20, 22.5, 22.52, 22.86, 22.91, 9999.0, 9999.0, 9999.0, 23.98, 9999.0, 22.7, 9999.0, 22.84, 22.68, 22.48, 22.5, 22.48
2026-09-22, 06:07:24, 22.5, 22.52, 22.89, 22.91, 9999.0, 9999.0, 9999.0, 24.02, 9999.0, 22.73, 9999.0, 22.82, 22.68, 22.48, 22.5, 22.48
2026-09-22, 06:07:28, 22.5, 22.52, 22.89, 22.91, 9999.0, 9999.0, 9999.0, 24.07, 9999.0, 22.75, 9999.0, 22.8, 22.66, 22.5, 22.5, 22.48
2026-09-22, 06:07:32, 22.5, 22.52, 22.91, 22.93, 9999.0, 9999.0, 9999.0, 24.09, 9999.0, 22.75, 9999.0, 22.77, 22.66, 22.5, 22.5, 22.48
2026-09-22, 06:07:36, 22.5, 22.52, 22.91, 22.93, 9999.0, 9999.0, 9999.0, 24.14, 9999.0, 22.73, 9999.0, 22.77, 22.66, 22.5, 22.5, 22.48
2026-09-22, 06:07:40, 22.5, 22.52, 22.89, 22.91, 9999.0, 9999.0, 9999.0, 24.16, 9999.0, 22.7, 9999.0, 22.75, 22.64, 22.5, 22.5, 22.48
2026-09-22, 06:07:44, 22.5, 22.55, 22.91, 22.91, 9999.0, 9999.0, 9999.0, 24.18, 9999.0, 22.7, 9999.0, 22.75, 22.61, 22.5, 22.5, 22.48
2026-09-22, 06:07:48, 22.5, 22.57, 22.91, 22.89, 9999.0, 9999.0, 9999.0, 24.23, 9999.0, 22.68, 9999.0, 22.75, 22.61, 22.5, 22.5, 22.48
2026-09-22, 06:07:52, 22.5, 22.55, 22.91, 22.89, 9999.0, 9999.0, 9999.0, 24.18, 9999.0, 22.66, 9999.0, 22.77, 22.59, 22.5, 22.5, 22.48
2026-09-22, 06:07:56, 22.5, 22.55, 22.91, 22.91, 9999.0, 9999.0, 9999.0, 24.11, 9999.0, 22.66, 9999.0, 22.8, 22.57, 22.5, 22.5, 22.48
2026-09-22, 06:08:00, 22.5, 22.55, 22.91, 22.91, 9999.0, 9999.0, 9999.0, 24.07, 9999.0, 22.64, 9999.0, 22.82, 22.55, 22.5, 22.5, 22.48
2026-09-22, 06:08:04, 22.5, 22.55, 22.93, 22.91, 9999.0, 9999.0, 9999.0, 24.02, 9999.0, 22.64, 9999.0, 22.84, 22.55, 22.48, 22.5, 22.48
2026-09-22, 06:08:08, 22.5, 22.55, 22.91, 22.89, 9999.0, 9999.0, 9999.0, 23.98, 9999.0, 22.64, 9999.0, 22.84, 22.55, 22.48, 22.5, 22.48
2026-09-22, 06:08:12, 22.5, 22.57, 22.91, 22.89, 9999.0, 9999.0, 9999.0, 23.93, 9999.0, 22.64, 9999.0, 22.84, 22.57, 22.48, 22.5, 22.48
2026-09-22, 06:08:16, 22.5, 22.57, 22.91, 22.89, 9999.0, 9999.0, 9999.0, 23.91, 9999.0, 22.64, 9999.0, 22.84, 22.57, 22.48, 22.5, 22.48
2026-09-22, 06:08:20, 22.5, 22.57, 22.91, 22.91, 9999.0, 9999.0, 9999.0, 23.86, 9999.0, 22.66, 9999.0, 22.84, 22.59, 22.48, 22.5, 22.48
2026-09-22, 06:08:24, 22.5, 22.57, 22.93, 22.93, 9999.0, 9999.0, 9999.0, 23.91, 9999.0, 22.68, 9999.0, 22.84, 22.61, 22.45, 22.5, 22.48
2026-09-22, 06:08:28, 22.5, 22.55, 22.93, 22.93, 9999.0, 9999.0, 9999.0, 23.95, 9999.0, 22.68, 9999.0, 22.84, 22.64, 22.45, 22.5, 22.48
2026-09-22, 06:08:32, 22.5, 22.55, 22.91, 22.93, 9999.0, 9999.0, 9999.0, 24.0, 9999.0, 22.7, 9999.0, 22.84, 22.61, 22.43, 22.5, 22.48
2026-09-22, 06:08:36, 22.5, 22.55, 22.93, 22.91, 9999.0, 9999.0, 9999.0, 24.05, 9999.0, 22.7, 9999.0, 22.82, 22.61, 22.41, 22.5, 22.48
2026-09-22, 06:08:40, 22.5, 22.55, 22.93, 22.89, 9999.0, 9999.0, 9999.0, 24.09, 9999.0, 22.7, 9999.0, 22.8, 22.61, 22.41, 22.5, 22.48
2026-09-22, 06:08:44, 22.5, 22.55, 22.93, 22.91, 9999.0, 9999.0, 9999.0, 24.11, 9999.0, 22.7, 9999.0, 22.77, 22.61, 22.41, 22.5, 22.5
2026-09-22, 06:08:48, 22.5, 22.55, 22.93, 22.89, 9999.0, 9999.0, 9999.0, 24.14, 9999.0, 22.7, 9999.0, 22.75, 22.61, 22.43, 22.5, 22.5
2026-09-22, 06:08:52, 22.5, 22.55, 22.95, 22.89, 9999.0, 9999.0, 9999.0, 24.18, 9999.0, 22.68, 9999.0, 22.75, 22.61, 22.43, 22.5, 22.5
2026-09-22, 06:08:56, 22.5, 22.52, 22.95, 22.89, 9999.0, 9999.0, 9999.0, 24.23, 9999.0, 22.66, 9999.0, 22.75, 22.59, 22.41, 22.5, 22.5
2026-09-22, 06:09:00, 22.5, 22.55, 22.95, 22.89, 9999.0, 9999.0, 9999.0, 24.25, 9999.0, 22.64, 9999.0, 22.77, 22.57, 22.41, 22.5, 22.5
2026-09-22, 06:09:04, 22.5, 22.57, 22.95, 22.86, 9999.0, 9999.0, 9999.0, 24.27, 9999.0, 22.61, 9999.0, 22.77, 22.55, 22.41, 22.5, 22.48
2026-09-22, 06:09:08, 22.5, 22.57, 22.95, 22.84, 9999.0, 9999.0, 9999.0, 24.23, 9999.0, 22.59, 9999.0, 22.8, 22.52, 22.41, 22.5, 22.45
2026-09-22, 06:09:12, 22.5, 22.57, 22.93, 22.82, 9999.0, 9999.0, 9999.0, 24.18, 9999.0, 22.57, 9999.0, 22.82, 22.5, 22.41, 22.5, 22.43
2026-09-22, 06:09:16, 22.5, 22.55, 22.95, 22.82, 9999.0, 9999.0, 9999.0, 24.14, 9999.0, 22.55, 9999.0, 22.84, 22.52, 22.41, 22.5, 22.43
2026-09-22, 06:09:20, 22.5, 22.55, 22.95, 22.82, 9999.0, 9999.0, 9999.0, 24.09, 9999.0, 22.57, 9999.0, 22.86, 22.55, 22.43, 22.5, 22.43
2026-09-22, 06:09:24, 22.5, 22.55, 22.95, 22.84, 9999.0, 9999.0, 9999.0, 24.05, 9999.0, 22.57, 9999.0, 22.86, 22.57, 22.43, 22.5, 22.43
2026-09-22, 06:09:28, 22.5, 22.55, 22.93, 22.84, 9999.0, 9999.0, 9999.0, 24.0, 9999.0, 22.59, 9999.0, 22.86, 22.59, 22.43, 22.5, 22.43
2026-09-22, 06:09:32, 22.5, 22.57, 22.91, 22.84, 9999.0, 9999.0, 9999.0, 23.98, 9999.0, 22.59, 9999.0, 22.86, 22.61, 22.41, 22.5, 22.43
2026-09-22, 06:09:36, 22.5, 22.57, 22.89, 22.86, 9999.0, 9999.0, 9999.0, 23.93, 9999.0, 22.61, 9999.0, 22.86, 22.64, 22.41, 22.5, 22.43
2026-09-22, 06:09:40, 22.5, 22.57, 22.86, 22.84, 9999.0, 9999.0, 9999.0, 23.95, 9999.0, 22.64, 9999.0, 22.86, 22.66, 22.43, 22.5, 22.43
2026-09-22, 06:09:44, 22.5, 22.55, 22.84, 22.84, 9999.0, 9999.0, 9999.0, 24.0, 9999.0, 22.66, 9999.0, 22.84, 22.68, 22.43, 22.5, 22.43
2026-09-22, 06:09:48, 22.5, 22.52, 22.82, 22.84, 9999.0, 9999.0, 9999.0, 24.05, 9999.0, 22.68, 9999.0, 22.84, 22.7, 22.43, 22.5, 22.45
2026-09-22, 06:09:52, 22.5, 22.52, 22.82, 22.84, 9999.0, 9999.0, 9999.0, 24.07, 9999.0, 22.68, 9999.0, 22.82, 22.7, 22.45, 22.5, 22.48
2026-09-22, 06:09:56, 22.5, 22.55, 22.82, 22.84, 9999.0, 9999.0, 9999.0, 24.09, 9999.0, 22.7, 9999.0, 22.8, 22.7, 22.45, 22.5, 22.5
2026-09-22, 06:10:00, 22.5, 22.57, 22.8, 22.84, 9999.0, 9999.0, 9999.0, 24.11, 9999.0, 22.7, 9999.0, 22.77, 22.68, 22.48, 22.5, 22.48
2026-09-22, 06:10:04, 22.5, 22.57, 22.8, 22.84, 9999.0, 9999.0, 9999.0, 24.11, 9999.0, 22.68, 9999.0, 22.75, 22.66, 22.48, 22.5, 22.48
2026-09-22, 06:10:08, 22.5, 22.57, 22.8, 22.82, 9999.0, 9999.0, 9999.0, 24.14, 9999.0, 22.68, 9999.0, 22.75, 22.64, 22.48, 22.5, 22.45
2026-09-22, 06:10:12, 22.5, 22.57, 22.82, 22.8, 9999.0, 9999.0, 9999.0, 24.18, 9999.0, 22.68, 9999.0, 22.75, 22.61, 22.45, 22.5, 22.45
2026-09-22, 06:10:16, 22.5, 22.55, 22.82, 22.82, 9999.0, 9999.0, 9999.0, 24.2, 9999.0, 22.66, 9999.0, 22.75, 22.59, 22.48, 22.5, 22.45
2026-09-22, 06:10:20, 22.5, 22.55, 22.82, 22.8, 9999.0, 9999.0, 9999.0, 24.23, 9999.0, 22.64, 9999.0, 22.75, 22.57, 22.45, 22.5, 22.45
2026-09-22, 06:10:24, 22.5, 22.55, 22.82, 22.8, 9999.0, 9999.0, 9999.0, 24.18, 9999.0, 22.61, 9999.0, 22.75, 22.55, 22.43, 22.5, 22.45
2026-09-22, 06:10:28, 22.5, 22.55, 22.82, 22.77, 9999.0, 9999.0, 9999.0, 24.14, 9999.0, 22.59, 9999.0, 22.77, 22.55, 22.43, 22.48, 22.45
2026-09-22, 06:10:32, 22.5, 22.55, 22.82, 22.77, 9999.0, 9999.0, 9999.0, 24.09, 9999.0, 22.57, 9999.0, 22.8, 22.55, 22.41, 22.48, 22.45
2026-09-22, 06:10:37, 22.5, 22.55, 22.8, 22.77, 9999.0, 9999.0, 9999.0, 24.05, 9999.0, 22.59, 9999.0, 22.8, 22.57, 22.39, 22.48, 22.45
2026-09-22, 06:10:41, 22.5, 22.52, 22.8, 22.77, 9999.0, 9999.0, 9999.0, 24.0, 9999.0, 22.59, 9999.0, 22.82, 22.59, 22.39, 22.48, 22.45
2026-09-22, 06:10:45, 22.5, 22.5, 22.8, 22.77, 9999.0, 9999.0, 9999.0, 23.95, 9999.0, 22.61, 9999.0, 22.82, 22.59, 22.39, 22.48, 22.48
2026-09-22, 06:10:49, 22.5, 22.5, 22.77, 22.77, 9999.0, 9999.0, 9999.0, 23.93, 9999.0, 22.64, 9999.0, 22.84, 22.61, 22.39, 22.48, 22.48
2026-09-22, 06:10:53, 22.5, 22.5, 22.77, 22.77, 9999.0, 9999.0, 9999.0, 23.91, 9999.0, 22.64, 9999.0, 22.84, 22.64, 22.39, 22.48, 22.5
2026-09-22, 06:10:57, 22.5, 22.5, 22.75, 22.77, 9999.0, 9999.0, 9999.0, 23.93, 9999.0, 22.64, 9999.0, 22.84, 22.66, 22.41, 22.48, 22.5
2026-09-22, 06:11:01, 22.5, 22.5, 22.77, 22.75, 9999.0, 9999.0, 9999.0, 23.98, 9999.0, 22.66, 9999.0, 22.84, 22.66, 22.39, 22.48, 22.5
2026-09-22, 06:11:05, 22.5, 22.5, 22.8, 22.75, 9999.0, 9999.0, 9999.0, 24.0, 9999.0, 22.68, 9999.0, 22.84, 22.66, 22.41, 22.48, 22.5
2026-09-22, 06:11:09, 22.5, 22.5, 22.8, 22.75, 9999.0, 9999.0, 9999.0, 24.02, 9999.0, 22.7, 9999.0, 22.84, 22.66, 22.43, 22.48, 22.5
2026-09-22, 06:11:13, 22.5, 22.5, 22.8, 22.77, 9999.0, 9999.0, 9999.0, 24.05, 9999.0, 22.7, 9999.0, 22.82, 22.64, 22.43, 22.5, 22.48
2026-09-22, 06:11:17, 22.5, 22.5, 22.8, 22.77, 9999.0, 9999.0, 9999.0, 24.07, 9999.0, 22.73, 9999.0, 22.8, 22.61, 22.45, 22.5, 22.48
2026-09-22, 06:11:21, 22.5, 22.5, 22.8, 22.77, 9999.0, 9999.0, 9999.0, 24.09, 9999.0, 22.7, 9999.0, 22.8, 22.59, 22.48, 22.5, 22.48
2026-09-22, 06:11:25, 22.5, 22.5, 22.8, 22.77, 9999.0, 9999.0, 9999.0, 24.11, 9999.0, 22.68, 9999.0, 22.77, 22.57, 22.45, 22.5, 22.48
2026-09-22, 06:11:29, 22.5, 22.5, 22.8, 22.77, 9999.0, 9999.0, 9999.0, 24.16, 9999.0, 22.66, 9999.0, 22.77, 22.57, 22.45, 22.5, 22.48
2026-09-22, 06:11:33, 22.5, 22.52, 22.8, 22.77, 9999.0, 9999.0, 9999.0, 24.18, 9999.0, 22.64, 9999.0, 22.75, 22.55, 22.43, 22.5, 22.48
2026-09-22, 06:11:37, 22.5, 22.55, 22.82, 22.77, 9999.0, 9999.0, 9999.0, 24.2, 9999.0, 22.61, 9999.0, 22.75, 22.52, 22.41, 22.5, 22.48
2026-09-22, 06:11:41, 22.5, 22.55, 22.84, 22.77, 9999.0, 9999.0, 9999.0, 24.16, 9999.0, 22.57, 9999.0, 22.75, 22.5, 22.39, 22.5, 22.48
2026-09-22, 06:11:45, 22.5, 22.55, 22.82, 22.77, 9999.0, 9999.0, 9999.0, 24.11, 9999.0, 22.52, 9999.0, 22.77, 22.5, 22.41, 22.5, 22.48
2026-09-22, 06:11:49, 22.5, 22.55, 22.8, 22.77, 9999.0, 9999.0, 9999.0, 24.09, 9999.0, 22.5, 9999.0, 22.8, 22.52, 22.41, 22.5, 22.48
2026-09-22, 06:11:53, 22.5, 22.55, 22.8, 22.77, 9999.0, 9999.0, 9999.0, 24.05, 9999.0, 22.5, 9999.0, 22.8, 22.52, 22.39, 22.5, 22.48
2026-09-22, 06:11:57, 22.5, 22.55, 22.8, 22.77, 9999.0, 9999.0, 9999.0, 24.0, 9999.0, 22.5, 9999.0, 22.82, 22.52, 22.36, 22.5, 22.5
2026-09-22, 06:12:01, 22.5, 22.55, 22.82, 22.77, 9999.0, 9999.0, 9999.0, 23.95, 9999.0, 22.48, 9999.0, 22.82, 22.55, 22.34, 22.5, 22.5
2026-09-22, 06:12:05, 22.5, 22.55, 22.82, 22.77, 9999.0, 9999.0, 9999.0, 23.93, 9999.0, 22.5, 9999.0, 22.82, 22.55, 22.34, 22.5, 22.5
2026-09-22, 06:12:09, 22.5, 22.57, 22.82, 22.77, 9999.0, 9999.0, 9999.0, 23.91, 9999.0, 22.52, 9999.0, 22.82, 22.55, 22.34, 22.5, 22.5
2026-09-22, 06:12:13, 22.5, 22.57, 22.82, 22.77, 9999.0, 9999.0, 9999.0, 23.93, 9999.0, 22.55, 9999.0, 22.84, 22.55, 22.34, 22.5, 22.5
2026-09-22, 06:12:17, 22.5, 22.55, 22.82, 22.77, 9999.0, 9999.0, 9999.0, 23.98, 9999.0, 22.57, 9999.0, 22.84, 22.55, 22.34, 22.5, 22.5
2026-09-22, 06:12:21, 22.5, 22.52, 22.8, 22.77, 9999.0, 9999.0, 9999.0, 24.0, 9999.0, 22.59, 9999.0, 22.84, 22.55, 22.36, 22.48, 22.5
2026-09-22, 06:12:25, 22.5, 22.52, 22.77, 22.77, 9999.0, 9999.0, 9999.0, 24.02, 9999.0, 22.64, 9999.0, 22.84, 22.57, 22.39, 22.48, 22.5
2026-09-22, 06:12:29, 22.5, 22.52, 22.77, 22.77, 9999.0, 9999.0, 9999.0, 24.05, 9999.0, 22.68, 9999.0, 22.82, 22.57, 22.36, 22.48, 22.5
2026-09-22, 06:12:33, 22.5, 22.52, 22.77, 22.77, 9999.0, 9999.0, 9999.0, 24.07, 9999.0, 22.68, 9999.0, 22.8, 22.55, 22.34, 22.48, 22.5
2026-09-22, 06:12:37, 22.48, 22.52, 22.77, 22.77, 9999.0, 9999.0, 9999.0, 24.09, 9999.0, 22.66, 9999.0, 22.8, 22.55, 22.36, 22.48, 22.48
2026-09-22, 06:12:41, 22.48, 22.55, 22.77, 22.75, 9999.0, 9999.0, 9999.0, 24.14, 9999.0, 22.66, 9999.0, 22.77, 22.55, 22.36, 22.48, 22.48
2026-09-22, 06:12:45, 22.48, 22.55, 22.75, 22.75, 9999.0, 9999.0, 9999.0, 24.18, 9999.0, 22.66, 9999.0, 22.77, 22.52, 22.36, 22.48, 22.48
2026-09-22, 06:12:49, 22.48, 22.55, 22.75, 22.77, 9999.0, 9999.0, 9999.0, 24.23, 9999.0, 22.64, 9999.0, 22.8, 22.52, 22.36, 22.48, 22.48
2026-09-22, 06:12:53, 22.48, 22.55, 22.75, 22.77, 9999.0, 9999.0, 9999.0, 24.25, 9999.0, 22.61, 9999.0, 22.8, 22.52, 22.39, 22.48, 22.48
2026-09-22, 06:12:57, 22.48, 22.55, 22.75, 22.77, 9999.0, 9999.0, 9999.0, 24.2, 9999.0, 22.59, 9999.0, 22.77, 22.52, 22.39, 22.48, 22.48
2026-09-22, 06:13:01, 22.48, 22.55, 22.77, 22.77, 9999.0, 9999.0, 9999.0, 24.16, 9999.0, 22.57, 9999.0, 22.8, 22.55, 22.41, 22.48, 22.48
2026-09-22, 06:13:05, 22.48, 22.55, 22.8, 22.77, 9999.0, 9999.0, 9999.0, 24.14, 9999.0, 22.52, 9999.0, 22.82, 22.55, 22.41, 22.5, 22.48
2026-09-22, 06:13:09, 22.48, 22.55, 22.8, 22.77, 9999.0, 9999.0, 9999.0, 24.09, 9999.0, 22.52, 9999.0, 22.84, 22.55, 22.41, 22.5, 22.48
2026-09-22, 06:13:13, 22.48, 22.55, 22.8, 22.77, 9999.0, 9999.0, 9999.0, 24.05, 9999.0, 22.52, 9999.0, 22.84, 22.55, 22.43, 22.5, 22.48
2026-09-22, 06:13:17, 22.48, 22.55, 22.8, 22.77, 9999.0, 9999.0, 9999.0, 24.0, 9999.0, 22.55, 9999.0, 22.86, 22.55, 22.45, 22.5, 22.45
2026-09-22, 06:13:21, 22.5, 22.55, 22.8, 22.77, 9999.0, 9999.0, 9999.0, 23.98, 9999.0, 22.57, 9999.0, 22.86, 22.55, 22.45, 22.5, 22.45
2026-09-22, 06:13:25, 22.5, 22.52, 22.8, 22.77, 9999.0, 9999.0, 9999.0, 23.91, 9999.0, 22.59, 9999.0, 22.86, 22.57, 22.45, 22.48, 22.45
2026-09-22, 06:13:29, 22.5, 22.52, 22.8, 22.77, 9999.0, 9999.0, 9999.0, 23.93, 9999.0, 22.61, 9999.0, 22.86, 22.59, 22.45, 22.48, 22.45
2026-09-22, 06:13:33, 22.5, 22.52, 22.8, 22.75, 9999.0, 9999.0, 9999.0, 23.93, 9999.0, 22.64, 9999.0, 22.84, 22.59, 22.43, 22.48, 22.45
2026-09-22, 06:13:37, 22.5, 22.5, 22.8, 22.75, 9999.0, 9999.0, 9999.0, 23.95, 9999.0, 22.64, 9999.0, 22.84, 22.61, 22.41, 22.48, 22.45
2026-09-22, 06:13:41, 22.5, 22.5, 22.8, 22.75, 9999.0, 9999.0, 9999.0, 23.98, 9999.0, 22.64, 9999.0, 22.84, 22.61, 22.39, 22.48, 22.45
2026-09-22, 06:13:45, 22.5, 22.5, 22.77, 22.75, 9999.0, 9999.0, 9999.0, 24.0, 9999.0, 22.64, 9999.0, 22.82, 22.59, 22.39, 22.48, 22.45
2026-09-22, 06:13:49, 22.5, 22.5, 22.75, 22.75, 9999.0, 9999.0, 9999.0, 24.02, 9999.0, 22.66, 9999.0, 22.8, 22.59, 22.36, 22.48, 22.45
2026-09-22, 06:13:53, 22.5, 22.5, 22.75, 22.75, 9999.0, 9999.0, 9999.0, 24.07, 9999.0, 22.64, 9999.0, 22.77, 22.57, 22.36, 22.48, 22.43
2026-09-22, 06:13:57, 22.5, 22.5, 22.75, 22.75, 9999.0, 9999.0, 9999.0, 24.11, 9999.0, 22.59, 9999.0, 22.77, 22.57, 22.34, 22.48, 22.43
2026-09-22, 06:14:01, 22.5, 22.5, 22.75, 22.75, 9999.0, 9999.0, 9999.0, 24.14, 9999.0, 22.57, 9999.0, 22.73, 22.57, 22.32, 22.48, 22.45
2026-09-22, 06:14:05, 22.5, 22.5, 22.77, 22.75, 9999.0, 9999.0, 9999.0, 24.16, 9999.0, 22.55, 9999.0, 22.73, 22.57, 22.3, 22.48, 22.48
2026-09-22, 06:14:09, 22.5, 22.52, 22.77, 22.75, 9999.0, 9999.0, 9999.0, 24.2, 9999.0, 22.5, 9999.0, 22.73, 22.55, 22.32, 22.5, 22.45
2026-09-22, 06:14:13, 22.5, 22.52, 22.77, 22.75, 9999.0, 9999.0, 9999.0, 24.16, 9999.0, 22.45, 9999.0, 22.75, 22.52, 22.34, 22.5, 22.45
2026-09-22, 06:14:17, 22.5, 22.52, 22.77, 22.75, 9999.0, 9999.0, 9999.0, 24.14, 9999.0, 22.41, 9999.0, 22.77, 22.52, 22.34, 22.5, 22.45
2026-09-22, 06:14:21, 22.5, 22.52, 22.77, 22.75, 9999.0, 9999.0, 9999.0, 24.09, 9999.0, 22.39, 9999.0, 22.8, 22.5, 22.36, 22.5, 22.45
2026-09-22, 06:14:25, 22.5, 22.52, 22.77, 22.75, 9999.0, 9999.0, 9999.0, 24.05, 9999.0, 22.39, 9999.0, 22.82, 22.5, 22.39, 22.5, 22.43
2026-09-22, 06:14:29, 22.5, 22.52, 22.77, 22.75, 9999.0, 9999.0, 9999.0, 24.0, 9999.0, 22.39, 9999.0, 22.82, 22.5, 22.36, 22.5, 22.43
2026-09-22, 06:14:34, 22.5, 22.52, 22.77, 22.75, 9999.0, 9999.0, 9999.0, 23.93, 9999.0, 22.41, 9999.0, 22.84, 22.52, 22.39, 22.48, 22.43
2026-09-22, 06:14:38, 22.5, 22.52, 22.77, 22.75, 9999.0, 9999.0, 9999.0, 23.89, 9999.0, 22.43, 9999.0, 22.84, 22.55, 22.39, 22.48, 22.45
2026-09-22, 06:14:42, 22.5, 22.52, 22.8, 22.77, 9999.0, 9999.0, 9999.0, 23.91, 9999.0, 22.45, 9999.0, 22.84, 22.57, 22.39, 22.48, 22.45
2026-09-22, 06:14:46, 22.5, 22.52, 22.8, 22.77, 9999.0, 9999.0, 9999.0, 23.93, 9999.0, 22.45, 9999.0, 22.86, 22.59, 22.39, 22.48, 22.45
2026-09-22, 06:14:50, 22.5, 22.52, 22.77, 22.77, 9999.0, 9999.0, 9999.0, 23.95, 9999.0, 22.45, 9999.0, 22.86, 22.61, 22.39, 22.48, 22.43
2026-09-22, 06:14:54, 22.5, 22.5, 22.77, 22.77, 9999.0, 9999.0, 9999.0, 23.98, 9999.0, 22.48, 9999.0, 22.86, 22.61, 22.39, 22.48, 22.43
2026-09-22, 06:14:58, 22.5, 22.5, 22.8, 22.77, 9999.0, 9999.0, 9999.0, 24.0, 9999.0, 22.5, 9999.0, 22.84, 22.61, 22.39, 22.48, 22.43
2026-09-22, 06:15:02, 22.5, 22.5, 22.82, 22.77, 9999.0, 9999.0, 9999.0, 24.0, 9999.0, 22.52, 9999.0, 22.82, 22.61, 22.39, 22.48, 22.43
2026-09-22, 06:15:06, 22.5, 22.5, 22.82, 22.77, 9999.0, 9999.0, 9999.0, 24.02, 9999.0, 22.55, 9999.0, 22.8, 22.61, 22.39, 22.48, 22.41
2026-09-22, 06:15:10, 22.5, 22.5, 22.82, 22.77, 9999.0, 9999.0, 9999.0, 24.05, 9999.0, 22.52, 9999.0, 22.75, 22.61, 22.39, 22.48, 22.43
2026-09-22, 06:15:14, 22.5, 22.5, 22.82, 22.77, 9999.0, 9999.0, 9999.0, 24.07, 9999.0, 22.5, 9999.0, 22.75, 22.61, 22.39, 22.48, 22.43
2026-09-22, 06:15:18, 22.5, 22.5, 22.82, 22.77, 9999.0, 9999.0, 9999.0, 24.11, 9999.0, 22.45, 9999.0, 22.73, 22.59, 22.39, 22.5, 22.41
2026-09-22, 06:15:22, 22.5, 22.5, 22.82, 22.8, 9999.0, 9999.0, 9999.0, 24.14, 9999.0, 22.41, 9999.0, 22.73, 22.57, 22.39, 22.5, 22.39
2026-09-22, 06:15:26, 22.5, 22.5, 22.8, 22.77, 9999.0, 9999.0, 9999.0, 24.09, 9999.0, 22.39, 9999.0, 22.75, 22.55, 22.41, 22.5, 22.39
2026-09-22, 06:15:30, 22.5, 22.5, 22.82, 22.8, 9999.0, 9999.0, 9999.0, 24.05, 9999.0, 22.36, 9999.0, 22.77, 22.55, 22.41, 22.5, 22.39
2026-09-22, 06:15:34, 22.5, 22.5, 22.82, 22.82, 9999.0, 9999.0, 9999.0, 24.0, 9999.0, 22.36, 9999.0, 22.8, 22.52, 22.43, 22.5, 22.41
2026-09-22, 06:15:38, 22.5, 22.5, 22.82, 22.84, 9999.0, 9999.0, 9999.0, 23.95, 9999.0, 22.36, 9999.0, 22.8, 22.55, 22.43, 22.5, 22.41
2026-09-22, 06:15:42, 22.5, 22.5, 22.8, 22.84, 9999.0, 9999.0, 9999.0, 23.91, 9999.0, 22.36, 9999.0, 22.82, 22.55, 22.41, 22.5, 22.41
2026-09-22, 06:15:46, 22.5, 22.5, 22.77, 22.84, 9999.0, 9999.0, 9999.0, 23.89, 9999.0, 22.36, 9999.0, 22.82, 22.57, 22.43, 22.5, 22.41
2026-09-22, 06:15:50, 22.5, 22.5, 22.77, 22.86, 9999.0, 9999.0, 9999.0, 23.86, 9999.0, 22.39, 9999.0, 22.82, 22.59, 22.43, 22.5, 22.43
2026-09-22, 06:15:54, 22.5, 22.5, 22.77, 22.86, 9999.0, 9999.0, 9999.0, 23.84, 9999.0, 22.43, 9999.0, 22.84, 22.59, 22.43, 22.5, 22.43
2026-09-22, 06:15:58, 22.5, 22.5, 22.77, 22.89, 9999.0, 9999.0, 9999.0, 23.89, 9999.0, 22.45, 9999.0, 22.84, 22.61, 22.43, 22.5, 22.41
2026-09-22, 06:16:02, 22.5, 22.5, 22.77, 22.89, 9999.0, 9999.0, 9999.0, 23.91, 9999.0, 22.5, 9999.0, 22.84, 22.61, 22.43, 22.5, 22.43
2026-09-22, 06:16:06, 22.5, 22.5, 22.77, 22.86, 9999.0, 9999.0, 9999.0, 23.93, 9999.0, 22.52, 9999.0, 22.84, 22.61, 22.41, 22.5, 22.45
2026-09-22, 06:16:10, 22.5, 22.5, 22.8, 22.86, 9999.0, 9999.0, 9999.0, 23.95, 9999.0, 22.55, 9999.0, 22.82, 22.61, 22.39, 22.5, 22.45
2026-09-22, 06:16:14, 22.5, 22.5, 22.8, 22.86, 9999.0, 9999.0, 9999.0, 23.98, 9999.0, 22.57, 9999.0, 22.8, 22.59, 22.41, 22.5, 22.45
2026-09-22, 06:16:18, 22.5, 22.5, 22.82, 22.84, 9999.0, 9999.0, 9999.0, 24.02, 9999.0, 22.57, 9999.0, 22.77, 22.59, 22.39, 22.5, 22.45
2026-09-22, 06:16:22, 22.5, 22.52, 22.82, 22.82, 9999.0, 9999.0, 9999.0, 24.07, 9999.0, 22.57, 9999.0, 22.77, 22.57, 22.39, 22.48, 22.48
2026-09-22, 06:16:26, 22.5, 22.52, 22.82, 22.82, 9999.0, 9999.0, 9999.0, 24.09, 9999.0, 22.55, 9999.0, 22.75, 22.57, 22.39, 22.45, 22.48
2026-09-22, 06:16:30, 22.5, 22.52, 22.82, 22.82, 9999.0, 9999.0, 9999.0, 24.11, 9999.0, 22.55, 9999.0, 22.75, 22.55, 22.36, 22.45, 22.45
2026-09-22, 06:16:34, 22.5, 22.52, 22.82, 22.8, 9999.0, 9999.0, 9999.0, 24.14, 9999.0, 22.5, 9999.0, 22.77, 22.52, 22.36, 22.45, 22.43
2026-09-22, 06:16:38, 22.5, 22.52, 22.82, 22.8, 9999.0, 9999.0, 9999.0, 24.16, 9999.0, 22.45, 9999.0, 22.77, 22.52, 22.34, 22.43, 22.43
2026-09-22, 06:16:42, 22.5, 22.52, 22.84, 22.77, 9999.0, 9999.0, 9999.0, 24.09, 9999.0, 22.43, 9999.0, 22.77, 22.5, 22.36, 22.43, 22.45
2026-09-22, 06:16:46, 22.5, 22.52, 22.84, 22.77, 9999.0, 9999.0, 9999.0, 24.05, 9999.0, 22.39, 9999.0, 22.8, 22.5, 22.36, 22.41, 22.45
2026-09-22, 06:16:50, 22.5, 22.52, 22.84, 22.77, 9999.0, 9999.0, 9999.0, 24.0, 9999.0, 22.36, 9999.0, 22.82, 22.52, 22.39, 22.39, 22.45
2026-09-22, 06:16:54, 22.5, 22.52, 22.82, 22.77, 9999.0, 9999.0, 9999.0, 23.95, 9999.0, 22.36, 9999.0, 22.84, 22.55, 22.39, 22.39, 22.45
2026-09-22, 06:16:58, 22.5, 22.52, 22.8, 22.75, 9999.0, 9999.0, 9999.0, 23.93, 9999.0, 22.36, 9999.0, 22.86, 22.55, 22.39, 22.39, 22.45
2026-09-22, 06:17:02, 22.5, 22.52, 22.77, 22.75, 9999.0, 9999.0, 9999.0, 23.89, 9999.0, 22.36, 9999.0, 22.89, 22.57, 22.39, 22.39, 22.45
2026-09-22, 06:17:06, 22.5, 22.5, 22.77, 22.75, 9999.0, 9999.0, 9999.0, 23.82, 9999.0, 22.36, 9999.0, 22.89, 22.59, 22.39, 22.41, 22.45
2026-09-22, 06:17:10, 22.48, 22.5, 22.8, 22.75, 9999.0, 9999.0, 9999.0, 23.77, 9999.0, 22.39, 9999.0, 22.91, 22.61, 22.41, 22.41, 22.45
2026-09-22, 06:17:14, 22.48, 22.5, 22.8, 22.75, 9999.0, 9999.0, 9999.0, 23.82, 9999.0, 22.39, 9999.0, 22.91, 22.64, 22.43, 22.41, 22.48
2026-09-22, 06:17:18, 22.48, 22.5, 22.8, 22.75, 9999.0, 9999.0, 9999.0, 23.84, 9999.0, 22.39, 9999.0, 22.91, 22.64, 22.41, 22.41, 22.5
2026-09-22, 06:17:22, 22.48, 22.52, 22.8, 22.75, 9999.0, 9999.0, 9999.0, 23.86, 9999.0, 22.41, 9999.0, 22.91, 22.66, 22.41, 22.43, 22.5
2026-09-22, 06:17:26, 22.48, 22.52, 22.8, 22.75, 9999.0, 9999.0, 9999.0, 23.91, 9999.0, 22.41, 9999.0, 22.91, 22.66, 22.39, 22.43, 22.5
2026-09-22, 06:17:30, 22.48, 22.52, 22.8, 22.75, 9999.0, 9999.0, 9999.0, 23.93, 9999.0, 22.41, 9999.0, 22.89, 22.66, 22.39, 22.45, 22.5
2026-09-22, 06:17:34, 22.48, 22.52, 22.8, 22.75, 9999.0, 9999.0, 9999.0, 23.98, 9999.0, 22.41, 9999.0, 22.86, 22.64, 22.36, 22.48, 22.48
2026-09-22, 06:17:38, 22.48, 22.52, 22.8, 22.77, 9999.0, 9999.0, 9999.0, 24.0, 9999.0, 22.39, 9999.0, 22.84, 22.61, 22.36, 22.48, 22.45
2026-09-22, 06:17:42, 22.48, 22.52, 22.82, 22.77, 9999.0, 9999.0, 9999.0, 24.02, 9999.0, 22.36, 9999.0, 22.82, 22.61, 22.36, 22.48, 22.43
2026-09-22, 06:17:46, 22.48, 22.52, 22.84, 22.77, 9999.0, 9999.0, 9999.0, 24.05, 9999.0, 22.34, 9999.0, 22.8, 22.59, 22.36, 22.48, 22.43
2026-09-22, 06:17:50, 22.48, 22.52, 22.84, 22.77, 9999.0, 9999.0, 9999.0, 24.09, 9999.0, 22.32, 9999.0, 22.82, 22.59, 22.34, 22.48, 22.41
2026-09-22, 06:17:54, 22.5, 22.52, 22.82, 22.77, 9999.0, 9999.0, 9999.0, 24.11, 9999.0, 22.3, 9999.0, 22.8, 22.57, 22.34, 22.5, 22.41
2026-09-22, 06:17:58, 22.5, 22.52, 22.82, 22.8, 9999.0, 9999.0, 9999.0, 24.05, 9999.0, 22.25, 9999.0, 22.82, 22.55, 22.34, 22.5, 22.41
2026-09-22, 06:18:02, 22.5, 22.52, 22.82, 22.8, 9999.0, 9999.0, 9999.0, 24.0, 9999.0, 22.25, 9999.0, 22.82, 22.55, 22.36, 22.5, 22.41
2026-09-22, 06:18:06, 22.5, 22.5, 22.82, 22.82, 9999.0, 9999.0, 9999.0, 23.95, 9999.0, 22.2, 9999.0, 22.84, 22.52, 22.36, 22.5, 22.41
2026-09-22, 06:18:10, 22.5, 22.5, 22.8, 22.82, 9999.0, 9999.0, 9999.0, 23.91, 9999.0, 22.23, 9999.0, 22.86, 22.52, 22.39, 22.5, 22.41
2026-09-22, 06:18:14, 22.5, 22.5, 22.8, 22.84, 9999.0, 9999.0, 9999.0, 23.86, 9999.0, 22.23, 9999.0, 22.86, 22.52, 22.39, 22.5, 22.41
2026-09-22, 06:18:18, 22.5, 22.5, 22.82, 22.84, 9999.0, 9999.0, 9999.0, 23.8, 9999.0, 22.25, 9999.0, 22.86, 22.52, 22.39, 22.5, 22.43
2026-09-22, 06:18:22, 22.48, 22.52, 22.82, 22.82, 9999.0, 9999.0, 9999.0, 23.75, 9999.0, 22.27, 9999.0, 22.89, 22.55, 22.39, 22.5, 22.45
2026-09-22, 06:18:27, 22.48, 22.52, 22.8, 22.82, 9999.0, 9999.0, 9999.0, 23.7, 9999.0, 22.27, 9999.0, 22.91, 22.55, 22.36, 22.5, 22.48
2026-09-22, 06:18:31, 22.48, 22.52, 22.77, 22.82, 9999.0, 9999.0, 9999.0, 23.73, 9999.0, 22.27, 9999.0, 22.93, 22.55, 22.36, 22.5, 22.48
2026-09-22, 06:18:35, 22.48, 22.52, 22.77, 22.84, 9999.0, 9999.0, 9999.0, 23.75, 9999.0, 22.27, 9999.0, 22.91, 22.52, 22.36, 22.5, 22.5
2026-09-22, 06:18:39, 22.48, 22.52, 22.77, 22.86, 9999.0, 9999.0, 9999.0, 23.8, 9999.0, 22.27, 9999.0, 22.91, 22.52, 22.36, 22.5, 22.5
2026-09-22, 06:18:43, 22.48, 22.52, 22.77, 22.84, 9999.0, 9999.0, 9999.0, 23.82, 9999.0, 22.3, 9999.0, 22.89, 22.52, 22.36, 22.5, 22.5
2026-09-22, 06:18:47, 22.48, 22.52, 22.77, 22.84, 9999.0, 9999.0, 9999.0, 23.86, 9999.0, 22.3, 9999.0, 22.86, 22.52, 22.36, 22.5, 22.48
2026-09-22, 06:18:51, 22.48, 22.52, 22.77, 22.82, 9999.0, 9999.0, 9999.0, 23.89, 9999.0, 22.32, 9999.0, 22.84, 22.52, 22.36, 22.48, 22.48
2026-09-22, 06:18:55, 22.48, 22.52, 22.77, 22.84, 9999.0, 9999.0, 9999.0, 23.91, 9999.0, 22.3, 9999.0, 22.82, 22.52, 22.36, 22.48, 22.48
2026-09-22, 06:18:59, 22.48, 22.52, 22.8, 22.84, 9999.0, 9999.0, 9999.0, 23.95, 9999.0, 22.3, 9999.0, 22.82, 22.52, 22.36, 22.48, 22.48
2026-09-22, 06:19:03, 22.48, 22.52, 22.8, 22.86, 9999.0, 9999.0, 9999.0, 24.0, 9999.0, 22.27, 9999.0, 22.82, 22.52, 22.36, 22.48, 22.45
2026-09-22, 06:19:07, 22.5, 22.5, 22.8, 22.86, 9999.0, 9999.0, 9999.0, 24.05, 9999.0, 22.23, 9999.0, 22.8, 22.5, 22.39, 22.48, 22.43
2026-09-22, 06:19:11, 22.5, 22.5, 22.8, 22.89, 9999.0, 9999.0, 9999.0, 24.07, 9999.0, 22.23, 9999.0, 22.77, 22.5, 22.39, 22.48, 22.41
2026-09-22, 06:19:15, 22.5, 22.5, 22.82, 22.89, 9999.0, 9999.0, 9999.0, 24.02, 9999.0, 22.23, 9999.0, 22.77, 22.5, 22.39, 22.48, 22.41
2026-09-22, 06:19:19, 22.5, 22.5, 22.84, 22.86, 9999.0, 9999.0, 9999.0, 23.98, 9999.0, 22.2, 9999.0, 22.8, 22.5, 22.41, 22.48, 22.41
2026-09-22, 06:19:23, 22.5, 22.5, 22.84, 22.84, 9999.0, 9999.0, 9999.0, 23.93, 9999.0, 22.18, 9999.0, 22.82, 22.5, 22.41, 22.48, 22.41
2026-09-22, 06:19:27, 22.5, 22.5, 22.86, 22.84, 9999.0, 9999.0, 9999.0, 23.91, 9999.0, 22.18, 9999.0, 22.84, 22.5, 22.41, 22.48, 22.41
2026-09-22, 06:19:31, 22.5, 22.5, 22.86, 22.84, 9999.0, 9999.0, 9999.0, 23.84, 9999.0, 22.18, 9999.0, 22.86, 22.5, 22.41, 22.48, 22.43
2026-09-22, 06:19:35, 22.5, 22.52, 22.89, 22.84, 9999.0, 9999.0, 9999.0, 23.8, 9999.0, 22.18, 9999.0, 22.89, 22.52, 22.41, 22.5, 22.43
2026-09-22, 06:19:39, 22.5, 22.52, 22.91, 22.82, 9999.0, 9999.0, 9999.0, 23.75, 9999.0, 22.2, 9999.0, 22.89, 22.55, 22.39, 22.5, 22.43
2026-09-22, 06:19:43, 22.5, 22.52, 22.89, 22.8, 9999.0, 9999.0, 9999.0, 23.7, 9999.0, 22.23, 9999.0, 22.91, 22.57, 22.39, 22.5, 22.43
2026-09-22, 06:19:47, 22.5, 22.52, 22.86, 22.77, 9999.0, 9999.0, 9999.0, 23.73, 9999.0, 22.25, 9999.0, 22.91, 22.59, 22.39, 22.5, 22.45
2026-09-22, 06:19:51, 22.5, 22.52, 22.86, 22.77, 9999.0, 9999.0, 9999.0, 23.75, 9999.0, 22.3, 9999.0, 22.91, 22.59, 22.39, 22.5, 22.48
2026-09-22, 06:19:55, 22.5, 22.52, 22.86, 22.75, 9999.0, 9999.0, 9999.0, 23.77, 9999.0, 22.3, 9999.0, 22.91, 22.59, 22.41, 22.5, 22.5
2026-09-22, 06:19:59, 22.5, 22.52, 22.84, 22.75, 9999.0, 9999.0, 9999.0, 23.8, 9999.0, 22.3, 9999.0, 22.89, 22.61, 22.43, 22.5, 22.5
2026-09-22, 06:20:03, 22.5, 22.52, 22.84, 22.75, 9999.0, 9999.0, 9999.0, 23.82, 9999.0, 22.3, 9999.0, 22.86, 22.61, 22.41, 22.5, 22.5
2026-09-22, 06:20:07, 22.5, 22.52, 22.84, 22.75, 9999.0, 9999.0, 9999.0, 23.84, 9999.0, 22.3, 9999.0, 22.84, 22.64, 22.39, 22.5, 22.5
2026-09-22, 06:20:11, 22.5, 22.52, 22.82, 22.75, 9999.0, 9999.0, 9999.0, 23.86, 9999.0, 22.27, 9999.0, 22.82, 22.64, 22.36, 22.5, 22.5
2026-09-22, 06:20:15, 22.48, 22.52, 22.84, 22.75, 9999.0, 9999.0, 9999.0, 23.91, 9999.0, 22.27, 9999.0, 22.8, 22.66, 22.36, 22.5, 22.5
2026-09-22, 06:20:19, 22.48, 22.5, 22.82, 22.75, 9999.0, 9999.0, 9999.0, 23.93, 9999.0, 22.25, 9999.0, 22.77, 22.64, 22.36, 22.5, 22.5
2026-09-22, 06:20:23, 22.48, 22.5, 22.8, 22.75, 9999.0, 9999.0, 9999.0, 23.98, 9999.0, 22.2, 9999.0, 22.77, 22.61, 22.36, 22.5, 22.5
2026-09-22, 06:20:27, 22.48, 22.5, 22.8, 22.75, 9999.0, 9999.0, 9999.0, 24.0, 9999.0, 22.16, 9999.0, 22.75, 22.59, 22.36, 22.5, 22.5
2026-09-22, 06:20:31, 22.48, 22.5, 22.8, 22.77, 9999.0, 9999.0, 9999.0, 23.95, 9999.0, 22.11, 9999.0, 22.75, 22.57, 22.39, 22.5, 22.5
2026-09-22, 06:20:35, 22.48, 22.5, 22.8, 22.77, 9999.0, 9999.0, 9999.0, 23.91, 9999.0, 22.07, 9999.0, 22.77, 22.57, 22.39, 22.5, 22.5
2026-09-22, 06:20:39, 22.48, 22.5, 22.8, 22.77, 9999.0, 9999.0, 9999.0, 23.89, 9999.0, 22.05, 9999.0, 22.8, 22.59, 22.36, 22.5, 22.5
2026-09-22, 06:20:43, 22.48, 22.5, 22.8, 22.77, 9999.0, 9999.0, 9999.0, 23.86, 9999.0, 22.05, 9999.0, 22.82, 22.57, 22.36, 22.5, 22.5
2026-09-22, 06:20:47, 22.45, 22.52, 22.8, 22.77, 9999.0, 9999.0, 9999.0, 23.82, 9999.0, 22.07, 9999.0, 22.82, 22.57, 22.39, 22.5, 22.5
2026-09-22, 06:20:51, 22.45, 22.52, 22.8, 22.77, 9999.0, 9999.0, 9999.0, 23.77, 9999.0, 22.09, 9999.0, 22.84, 22.57, 22.39, 22.5, 22.5
2026-09-22, 06:20:55, 22.45, 22.52, 22.8, 22.77, 9999.0, 9999.0, 9999.0, 23.73, 9999.0, 22.11, 9999.0, 22.84, 22.59, 22.39, 22.5, 22.5
2026-09-22, 06:20:59, 22.48, 22.52, 22.77, 22.8, 9999.0, 9999.0, 9999.0, 23.68, 9999.0, 22.11, 9999.0, 22.84, 22.59, 22.39, 22.5, 22.5
2026-09-22, 06:21:03, 22.48, 22.52, 22.77, 22.8, 9999.0, 9999.0, 9999.0, 23.73, 9999.0, 22.14, 9999.0, 22.86, 22.59, 22.41, 22.5, 22.5
2026-09-22, 06:21:07, 22.48, 22.52, 22.77, 22.8, 9999.0, 9999.0, 9999.0, 23.73, 9999.0, 22.16, 9999.0, 22.86, 22.59, 22.41, 22.5, 22.5
2026-09-22, 06:21:11, 22.48, 22.52, 22.77, 22.8, 9999.0, 9999.0, 9999.0, 23.75, 9999.0, 22.18, 9999.0, 22.86, 22.61, 22.41, 22.5, 22.5
2026-09-22, 06:21:15, 22.48, 22.52, 22.77, 22.77, 9999.0, 9999.0, 9999.0, 23.77, 9999.0, 22.2, 9999.0, 22.86, 22.64, 22.39, 22.5, 22.5
2026-09-22, 06:21:19, 22.48, 22.52, 22.77, 22.77, 9999.0, 9999.0, 9999.0, 23.8, 9999.0, 22.23, 9999.0, 22.84, 22.64, 22.39, 22.5, 22.5
2026-09-22, 06:21:23, 22.48, 22.52, 22.77, 22.77, 9999.0, 9999.0, 9999.0, 23.82, 9999.0, 22.23, 9999.0, 22.82, 22.61, 22.39, 22.5, 22.5
2026-09-22, 06:21:27, 22.48, 22.52, 22.8, 22.77, 9999.0, 9999.0, 9999.0, 23.84, 9999.0, 22.2, 9999.0, 22.8, 22.61, 22.39, 22.5, 22.5
2026-09-22, 06:21:31, 22.48, 22.5, 22.77, 22.77, 9999.0, 9999.0, 9999.0, 23.89, 9999.0, 22.18, 9999.0, 22.8, 22.61, 22.36, 22.5, 22.5
2026-09-22, 06:21:35, 22.48, 22.5, 22.77, 22.77, 9999.0, 9999.0, 9999.0, 23.93, 9999.0, 22.16, 9999.0, 22.77, 22.59, 22.36, 22.5, 22.5
2026-09-22, 06:21:39, 22.48, 22.5, 22.77, 22.77, 9999.0, 9999.0, 9999.0, 23.95, 9999.0, 22.14, 9999.0, 22.77, 22.57, 22.39, 22.5, 22.5
2026-09-22, 06:21:43, 22.48, 22.5, 22.8, 22.75, 9999.0, 9999.0, 9999.0, 23.98, 9999.0, 22.11, 9999.0, 22.77, 22.55, 22.36, 22.5, 22.5
2026-09-22, 06:21:47, 22.48, 22.5, 22.8, 22.75, 9999.0, 9999.0, 9999.0, 23.93, 9999.0, 22.09, 9999.0, 22.75, 22.55, 22.36, 22.5, 22.5
2026-09-22, 06:21:51, 22.48, 22.5, 22.8, 22.75, 9999.0, 9999.0, 9999.0, 23.91, 9999.0, 22.07, 9999.0, 22.77, 22.55, 22.36, 22.5, 22.5
2026-09-22, 06:21:55, 22.48, 22.5, 22.8, 22.75, 9999.0, 9999.0, 9999.0, 23.89, 9999.0, 22.05, 9999.0, 22.8, 22.55, 22.34, 22.5, 22.5
2026-09-22, 06:21:59, 22.48, 22.5, 22.8, 22.75, 9999.0, 9999.0, 9999.0, 23.86, 9999.0, 22.02, 9999.0, 22.82, 22.55, 22.34, 22.5, 22.5
2026-09-22, 06:22:03, 22.48, 22.5, 22.8, 22.75, 9999.0, 9999.0, 9999.0, 23.82, 9999.0, 22.02, 9999.0, 22.84, 22.55, 22.32, 22.5, 22.5
2026-09-22, 06:22:07, 22.48, 22.5, 22.8, 22.75, 9999.0, 9999.0, 9999.0, 23.77, 9999.0, 22.05, 9999.0, 22.86, 22.57, 22.34, 22.5, 22.5
2026-09-22, 06:22:11, 22.48, 22.5, 22.77, 22.75, 9999.0, 9999.0, 9999.0, 23.73, 9999.0, 22.07, 9999.0, 22.86, 22.59, 22.34, 22.5, 22.5
2026-09-22, 06:22:15, 22.5, 22.5, 22.77, 22.75, 9999.0, 9999.0, 9999.0, 23.68, 9999.0, 22.09, 9999.0, 22.86, 22.59, 22.34, 22.5, 22.5
2026-09-22, 06:22:20, 22.5, 22.5, 22.77, 22.75, 9999.0, 9999.0, 9999.0, 23.7, 9999.0, 22.11, 9999.0, 22.86, 22.59, 22.34, 22.5, 22.5
2026-09-22, 06:22:24, 22.48, 22.5, 22.77, 22.75, 9999.0, 9999.0, 9999.0, 23.75, 9999.0, 22.14, 9999.0, 22.86, 22.59, 22.34, 22.5, 22.5
2026-09-22, 06:22:28, 22.48, 22.5, 22.75, 22.75, 9999.0, 9999.0, 9999.0, 23.77, 9999.0, 22.16, 9999.0, 22.86, 22.59, 22.34, 22.5, 22.5
2026-09-22, 06:22:32, 22.48, 22.5, 22.75, 22.75, 9999.0, 9999.0, 9999.0, 23.82, 9999.0, 22.18, 9999.0, 22.86, 22.59, 22.34, 22.5, 22.5
2026-09-22, 06:22:36, 22.48, 22.5, 22.75, 22.75, 9999.0, 9999.0, 9999.0, 23.84, 9999.0, 22.18, 9999.0, 22.84, 22.61, 22.34, 22.5, 22.5
2026-09-22, 06:22:40, 22.48, 22.5, 22.75, 22.75, 9999.0, 9999.0, 9999.0, 23.86, 9999.0, 22.18, 9999.0, 22.82, 22.59, 22.36, 22.5, 22.5
2026-09-22, 06:22:44, 22.48, 22.5, 22.75, 22.77, 9999.0, 9999.0, 9999.0, 23.86, 9999.0, 22.18, 9999.0, 22.8, 22.57, 22.36, 22.5, 22.5
2026-09-22, 06:22:48, 22.48, 22.5, 22.75, 22.77, 9999.0, 9999.0, 9999.0, 23.91, 9999.0, 22.16, 9999.0, 22.77, 22.57, 22.36, 22.5, 22.5
2026-09-22, 06:22:52, 22.48, 22.5, 22.75, 22.77, 9999.0, 9999.0, 9999.0, 23.93, 9999.0, 22.14, 9999.0, 22.75, 22.55, 22.36, 22.5, 22.5
2026-09-22, 06:22:56, 22.48, 22.5, 22.77, 22.77, 9999.0, 9999.0, 9999.0, 23.95, 9999.0, 22.11, 9999.0, 22.77, 22.52, 22.36, 22.5, 22.5
2026-09-22, 06:23:00, 22.48, 22.5, 22.77, 22.77, 9999.0, 9999.0, 9999.0, 23.98, 9999.0, 22.07, 9999.0, 22.77, 22.52, 22.39, 22.5, 22.5
2026-09-22, 06:23:04, 22.48, 22.5, 22.77, 22.77, 9999.0, 9999.0, 9999.0, 23.93, 9999.0, 22.02, 9999.0, 22.8, 22.52, 22.41, 22.5, 22.5
2026-09-22, 06:23:08, 22.5, 22.5, 22.77, 22.77, 9999.0, 9999.0, 9999.0, 23.86, 9999.0, 22.0, 9999.0, 22.82, 22.52, 22.41, 22.5, 22.5
2026-09-22, 06:23:12, 22.5, 22.5, 22.77, 22.8, 9999.0, 9999.0, 9999.0, 23.82, 9999.0, 21.95, 9999.0, 22.84, 22.52, 22.41, 22.5, 22.5
2026-09-22, 06:23:16, 22.5, 22.5, 22.77, 22.8, 9999.0, 9999.0, 9999.0, 23.77, 9999.0, 21.95, 9999.0, 22.86, 22.52, 22.39, 22.5, 22.5
2026-09-22, 06:23:20, 22.5, 22.5, 22.77, 22.8, 9999.0, 9999.0, 9999.0, 23.73, 9999.0, 21.98, 9999.0, 22.89, 22.5, 22.41, 22.5, 22.5
2026-09-22, 06:23:24, 22.5, 22.5, 22.77, 22.8, 9999.0, 9999.0, 9999.0, 23.68, 9999.0, 22.0, 9999.0, 22.89, 22.52, 22.41, 22.5, 22.5
2026-09-22, 06:23:28, 22.5, 22.5, 22.77, 22.77, 9999.0, 9999.0, 9999.0, 23.66, 9999.0, 22.02, 9999.0, 22.89, 22.52, 22.41, 22.5, 22.5
2026-09-22, 06:23:32, 22.5, 22.5, 22.77, 22.77, 9999.0, 9999.0, 9999.0, 23.61, 9999.0, 22.05, 9999.0, 22.89, 22.55, 22.43, 22.5, 22.5
2026-09-22, 06:23:36, 22.5, 22.5, 22.77, 22.8, 9999.0, 9999.0, 9999.0, 23.66, 9999.0, 22.05, 9999.0, 22.89, 22.55, 22.43, 22.5, 22.5
2026-09-22, 06:23:40, 22.5, 22.5, 22.77, 22.82, 9999.0, 9999.0, 9999.0, 23.7, 9999.0, 22.05, 9999.0, 22.86, 22.55, 22.43, 22.5, 22.5
2026-09-22, 06:23:44, 22.5, 22.5, 22.77, 22.82, 9999.0, 9999.0, 9999.0, 23.73, 9999.0, 22.09, 9999.0, 22.86, 22.55, 22.41, 22.5, 22.5
2026-09-22, 06:23:48, 22.5, 22.5, 22.77, 22.82, 9999.0, 9999.0, 9999.0, 23.75, 9999.0, 22.11, 9999.0, 22.84, 22.55, 22.39, 22.5, 22.5
2026-09-22, 06:23:52, 22.5, 22.5, 22.77, 22.84, 9999.0, 9999.0, 9999.0, 23.8, 9999.0, 22.11, 9999.0, 22.82, 22.55, 22.36, 22.5, 22.5
2026-09-22, 06:23:56, 22.5, 22.5, 22.77, 22.82, 9999.0, 9999.0, 9999.0, 23.84, 9999.0, 22.14, 9999.0, 22.8, 22.55, 22.39, 22.5, 22.5
2026-09-22, 06:24:00, 22.5, 22.5, 22.77, 22.82, 9999.0, 9999.0, 9999.0, 23.86, 9999.0, 22.14, 9999.0, 22.77, 22.55, 22.41, 22.5, 22.5
2026-09-22, 06:24:04, 22.5, 22.5, 22.77, 22.84, 9999.0, 9999.0, 9999.0, 23.91, 9999.0, 22.11, 9999.0, 22.75, 22.55, 22.39, 22.5, 22.5
2026-09-22, 06:24:08, 22.5, 22.5, 22.77, 22.86, 9999.0, 9999.0, 9999.0, 23.95, 9999.0, 22.09, 9999.0, 22.75, 22.52, 22.36, 22.5, 22.5
2026-09-22, 06:24:12, 22.5, 22.5, 22.77, 22.86, 9999.0, 9999.0, 9999.0, 23.98, 9999.0, 22.07, 9999.0, 22.75, 22.52, 22.36, 22.5, 22.5
2026-09-22, 06:24:16, 22.5, 22.5, 22.77, 22.89, 9999.0, 9999.0, 9999.0, 24.0, 9999.0, 22.05, 9999.0, 22.75, 22.5, 22.36, 22.5, 22.5
2026-09-22, 06:24:20, 22.5, 22.5, 22.77, 22.86, 9999.0, 9999.0, 9999.0, 23.95, 9999.0, 22.05, 9999.0, 22.77, 22.5, 22.36, 22.5, 22.5
2026-09-22, 06:24:24, 22.5, 22.5, 22.75, 22.86, 9999.0, 9999.0, 9999.0, 23.91, 9999.0, 22.05, 9999.0, 22.8, 22.5, 22.36, 22.5, 22.5
2026-09-22, 06:24:28, 22.5, 22.5, 22.75, 22.89, 9999.0, 9999.0, 9999.0, 23.89, 9999.0, 22.02, 9999.0, 22.82, 22.52, 22.39, 22.5, 22.5
2026-09-22, 06:24:32, 22.5, 22.5, 22.75, 22.91, 9999.0, 9999.0, 9999.0, 23.86, 9999.0, 22.05, 9999.0, 22.84, 22.52, 22.41, 22.5, 22.5
2026-09-22, 06:24:36, 22.5, 22.5, 22.75, 22.91, 9999.0, 9999.0, 9999.0, 23.82, 9999.0, 22.07, 9999.0, 22.86, 22.52, 22.41, 22.5, 22.5
2026-09-22, 06:24:40, 22.5, 22.5, 22.75, 22.91, 9999.0, 9999.0, 9999.0, 23.77, 9999.0, 22.09, 9999.0, 22.89, 22.55, 22.41, 22.5, 22.5
2026-09-22, 06:24:44, 22.5, 22.5, 22.77, 22.91, 9999.0, 9999.0, 9999.0, 23.73, 9999.0, 22.11, 9999.0, 22.91, 22.55, 22.41, 22.5, 22.5
2026-09-22, 06:24:48, 22.5, 22.5, 22.77, 22.91, 9999.0, 9999.0, 9999.0, 23.68, 9999.0, 22.16, 9999.0, 22.91, 22.57, 22.41, 22.5, 22.5
2026-09-22, 06:24:52, 22.5, 22.5, 22.77, 22.91, 9999.0, 9999.0, 9999.0, 23.7, 9999.0, 22.18, 9999.0, 22.91, 22.59, 22.41, 22.5, 22.5
2026-09-22, 06:24:56, 22.5, 22.5, 22.77, 22.93, 9999.0, 9999.0, 9999.0, 23.75, 9999.0, 22.2, 9999.0, 22.91, 22.61, 22.43, 22.5, 22.5
2026-09-22, 06:25:00, 22.5, 22.5, 22.77, 22.91, 9999.0, 9999.0, 9999.0, 23.8, 9999.0, 22.23, 9999.0, 22.91, 22.61, 22.41, 22.5, 22.5
2026-09-22, 06:25:04, 22.5, 22.5, 22.8, 22.91, 9999.0, 9999.0, 9999.0, 23.82, 9999.0, 22.25, 9999.0, 22.89, 22.61, 22.39, 22.5, 22.5
2026-09-22, 06:25:08, 22.5, 22.5, 22.82, 22.91, 9999.0, 9999.0, 9999.0, 23.84, 9999.0, 22.27, 9999.0, 22.86, 22.61, 22.36, 22.5, 22.5
2026-09-22, 06:25:12, 22.5, 22.5, 22.82, 22.91, 9999.0, 9999.0, 9999.0, 23.84, 9999.0, 22.3, 9999.0, 22.84, 22.59, 22.36, 22.5, 22.5
2026-09-22, 06:25:16, 22.5, 22.5, 22.82, 22.91, 9999.0, 9999.0, 9999.0, 23.84, 9999.0, 22.3, 9999.0, 22.82, 22.59, 22.36, 22.5, 22.5
2026-09-22, 06:25:20, 22.5, 22.5, 22.82, 22.91, 9999.0, 9999.0, 9999.0, 23.86, 9999.0, 22.3, 9999.0, 22.8, 22.59, 22.36, 22.5, 22.5
2026-09-22, 06:25:24, 22.5, 22.5, 22.84, 22.93, 9999.0, 9999.0, 9999.0, 23.89, 9999.0, 22.3, 9999.0, 22.77, 22.57, 22.36, 22.5, 22.5
2026-09-22, 06:25:28, 22.5, 22.5, 22.82, 22.95, 9999.0, 9999.0, 9999.0, 23.91, 9999.0, 22.27, 9999.0, 22.75, 22.57, 22.34, 22.5, 22.5
2026-09-22, 06:25:32, 22.5, 22.5, 22.82, 22.95, 9999.0, 9999.0, 9999.0, 23.93, 9999.0, 22.25, 9999.0, 22.75, 22.55, 22.34, 22.5, 22.5
2026-09-22, 06:25:36, 22.5, 22.5, 22.84, 22.95, 9999.0, 9999.0, 9999.0, 23.89, 9999.0, 22.25, 9999.0, 22.77, 22.52, 22.34, 22.5, 22.5
2026-09-22, 06:25:40, 22.5, 22.5, 22.84, 22.95, 9999.0, 9999.0, 9999.0, 23.84, 9999.0, 22.23, 9999.0, 22.8, 22.5, 22.34, 22.5, 22.5
2026-09-22, 06:25:44, 22.5, 22.52, 22.84, 22.98, 9999.0, 9999.0, 9999.0, 23.77, 9999.0, 22.23, 9999.0, 22.82, 22.52, 22.36, 22.5, 22.5
2026-09-22, 06:25:48, 22.5, 22.52, 22.82, 23.0, 9999.0, 9999.0, 9999.0, 23.73, 9999.0, 22.23, 9999.0, 22.84, 22.52, 22.39, 22.5, 22.5
2026-09-22, 06:25:52, 22.5, 22.52, 22.8, 23.0, 9999.0, 9999.0, 9999.0, 23.68, 9999.0, 22.23, 9999.0, 22.86, 22.55, 22.41, 22.5, 22.5
2026-09-22, 06:25:56, 22.5, 22.52, 22.8, 22.98, 9999.0, 9999.0, 9999.0, 23.66, 9999.0, 22.25, 9999.0, 22.86, 22.55, 22.41, 22.5, 22.5
2026-09-22, 06:26:00, 22.5, 22.55, 22.8, 22.98, 9999.0, 9999.0, 9999.0, 23.64, 9999.0, 22.27, 9999.0, 22.86, 22.57, 22.41, 22.5, 22.5
2026-09-22, 06:26:05, 22.5, 22.55, 22.8, 22.98, 9999.0, 9999.0, 9999.0, 23.61, 9999.0, 22.3, 9999.0, 22.86, 22.59, 22.43, 22.5, 22.5
2026-09-22, 06:26:09, 22.5, 22.55, 22.77, 22.98, 9999.0, 9999.0, 9999.0, 23.66, 9999.0, 22.32, 9999.0, 22.86, 22.61, 22.41, 22.5, 22.5
2026-09-22, 06:26:13, 22.5, 22.55, 22.77, 22.98, 9999.0, 9999.0, 9999.0, 23.7, 9999.0, 22.32, 9999.0, 22.86, 22.61, 22.43, 22.5, 22.5
2026-09-22, 06:26:17, 22.5, 22.55, 22.77, 22.98, 9999.0, 9999.0, 9999.0, 23.75, 9999.0, 22.34, 9999.0, 22.86, 22.61, 22.45, 22.5, 22.5
2026-09-22, 06:26:21, 22.5, 22.55, 22.77, 22.95, 9999.0, 9999.0, 9999.0, 23.77, 9999.0, 22.34, 9999.0, 22.84, 22.61, 22.45, 22.5, 22.5
2026-09-22, 06:26:25, 22.5, 22.55, 22.8, 22.95, 9999.0, 9999.0, 9999.0, 23.8, 9999.0, 22.36, 9999.0, 22.82, 22.64, 22.43, 22.5, 22.5
2026-09-22, 06:26:29, 22.5, 22.52, 22.8, 22.93, 9999.0, 9999.0, 9999.0, 23.84, 9999.0, 22.36, 9999.0, 22.8, 22.61, 22.43, 22.5, 22.5
2026-09-22, 06:26:33, 22.5, 22.52, 22.8, 22.91, 9999.0, 9999.0, 9999.0, 23.86, 9999.0, 22.36, 9999.0, 22.77, 22.61, 22.43, 22.5, 22.5
2026-09-22, 06:26:37, 22.48, 22.52, 22.82, 22.91, 9999.0, 9999.0, 9999.0, 23.91, 9999.0, 22.36, 9999.0, 22.75, 22.59, 22.41, 22.5, 22.5
2026-09-22, 06:26:41, 22.48, 22.52, 22.82, 22.91, 9999.0, 9999.0, 9999.0, 23.95, 9999.0, 22.34, 9999.0, 22.75, 22.59, 22.41, 22.5, 22.5
2026-09-22, 06:26:45, 22.48, 22.5, 22.84, 22.91, 9999.0, 9999.0, 9999.0, 23.98, 9999.0, 22.32, 9999.0, 22.75, 22.57, 22.41, 22.5, 22.5
2026-09-22, 06:26:49, 22.48, 22.5, 22.84, 22.91, 9999.0, 9999.0, 9999.0, 24.0, 9999.0, 22.3, 9999.0, 22.77, 22.55, 22.39, 22.5, 22.5
2026-09-22, 06:26:53, 22.48, 22.5, 22.84, 22.91, 9999.0, 9999.0, 9999.0, 23.95, 9999.0, 22.27, 9999.0, 22.8, 22.52, 22.41, 22.5, 22.5
2026-09-22, 06:26:57, 22.48, 22.5, 22.84, 22.91, 9999.0, 9999.0, 9999.0, 23.91, 9999.0, 22.27, 9999.0, 22.82, 22.52, 22.41, 22.5, 22.5
2026-09-22, 06:27:01, 22.48, 22.5, 22.86, 22.89, 9999.0, 9999.0, 9999.0, 23.86, 9999.0, 22.25, 9999.0, 22.84, 22.52, 22.41, 22.5, 22.5
2026-09-22, 06:27:05, 22.48, 22.5, 22.84, 22.91, 9999.0, 9999.0, 9999.0, 23.84, 9999.0, 22.27, 9999.0, 22.86, 22.55, 22.43, 22.5, 22.5
2026-09-22, 06:27:09, 22.48, 22.52, 22.82, 22.91, 9999.0, 9999.0, 9999.0, 23.8, 9999.0, 22.3, 9999.0, 22.86, 22.52, 22.45, 22.5, 22.5
2026-09-22, 06:27:13, 22.48, 22.52, 22.84, 22.93, 9999.0, 9999.0, 9999.0, 23.75, 9999.0, 22.32, 9999.0, 22.86, 22.55, 22.45, 22.5, 22.5
2026-09-22, 06:27:17, 22.48, 22.52, 22.84, 22.95, 9999.0, 9999.0, 9999.0, 23.73, 9999.0, 22.34, 9999.0, 22.89, 22.57, 22.43, 22.5, 22.5
2026-09-22, 06:27:21, 22.5, 22.52, 22.82, 22.95, 9999.0, 9999.0, 9999.0, 23.68, 9999.0, 22.36, 9999.0, 22.89, 22.59, 22.45, 22.5, 22.5
2026-09-22, 06:27:25, 22.5, 22.52, 22.84, 22.98, 9999.0, 9999.0, 9999.0, 23.7, 9999.0, 22.39, 9999.0, 22.89, 22.61, 22.45, 22.5, 22.5
2026-09-22, 06:27:29, 22.5, 22.52, 22.84, 22.98, 9999.0, 9999.0, 9999.0, 23.75, 9999.0, 22.41, 9999.0, 22.89, 22.64, 22.43, 22.5, 22.5
2026-09-22, 06:27:33, 22.5, 22.52, 22.86, 22.98, 9999.0, 9999.0, 9999.0, 23.77, 9999.0, 22.43, 9999.0, 22.86, 22.64, 22.43, 22.5, 22.5
2026-09-22, 06:27:37, 22.5, 22.52, 22.89, 22.98, 9999.0, 9999.0, 9999.0, 23.8, 9999.0, 22.45, 9999.0, 22.84, 22.66, 22.41, 22.5, 22.5
2026-09-22, 06:27:41, 22.5, 22.52, 22.91, 22.98, 9999.0, 9999.0, 9999.0, 23.82, 9999.0, 22.48, 9999.0, 22.82, 22.66, 22.41, 22.5, 22.5
2026-09-22, 06:27:45, 22.5, 22.52, 22.91, 23.0, 9999.0, 9999.0, 9999.0, 23.84, 9999.0, 22.5, 9999.0, 22.8, 22.66, 22.41, 22.5, 22.5
2026-09-22, 06:27:49, 22.5, 22.52, 22.93, 23.0, 9999.0, 9999.0, 9999.0, 23.84, 9999.0, 22.5, 9999.0, 22.77, 22.64, 22.41, 22.5, 22.5
2026-09-22, 06:27:53, 22.5, 22.5, 22.93, 22.98, 9999.0, 9999.0, 9999.0, 23.89, 9999.0, 22.48, 9999.0, 22.77, 22.64, 22.39, 22.5, 22.5
2026-09-22, 06:27:57, 22.5, 22.5, 22.91, 22.95, 9999.0, 9999.0, 9999.0, 23.91, 9999.0, 22.48, 9999.0, 22.77, 22.64, 22.36, 22.5, 22.5
2026-09-22, 06:28:01, 22.5, 22.5, 22.93, 22.95, 9999.0, 9999.0, 9999.0, 23.93, 9999.0, 22.48, 9999.0, 22.77, 22.61, 22.39, 22.5, 22.5
2026-09-22, 06:28:05, 22.5, 22.5, 22.95, 22.95, 9999.0, 9999.0, 9999.0, 23.95, 9999.0, 22.45, 9999.0, 22.77, 22.59, 22.36, 22.5, 22.5
2026-09-22, 06:28:09, 22.5, 22.5, 22.95, 22.93, 9999.0, 9999.0, 9999.0, 23.91, 9999.0, 22.45, 9999.0, 22.8, 22.59, 22.34, 22.5, 22.5
2026-09-22, 06:28:13, 22.5, 22.5, 22.95, 22.93, 9999.0, 9999.0, 9999.0, 23.86, 9999.0, 22.43, 9999.0, 22.82, 22.59, 22.34, 22.5, 22.5
2026-09-22, 06:28:17, 22.5, 22.5, 22.95, 22.93, 9999.0, 9999.0, 9999.0, 23.84, 9999.0, 22.41, 9999.0, 22.84, 22.59, 22.34, 22.5, 22.5
2026-09-22, 06:28:21, 22.5, 22.5, 22.95, 22.93, 9999.0, 9999.0, 9999.0, 23.8, 9999.0, 22.41, 9999.0, 22.86, 22.57, 22.36, 22.5, 22.5
2026-09-22, 06:28:25, 22.5, 22.52, 22.95, 22.93, 9999.0, 9999.0, 9999.0, 23.77, 9999.0, 22.41, 9999.0, 22.89, 22.57, 22.36, 22.5, 22.5
2026-09-22, 06:28:29, 22.5, 22.52, 22.95, 22.93, 9999.0, 9999.0, 9999.0, 23.73, 9999.0, 22.43, 9999.0, 22.91, 22.59, 22.34, 22.5, 22.5
2026-09-22, 06:28:33, 22.5, 22.52, 22.93, 22.93, 9999.0, 9999.0, 9999.0, 23.7, 9999.0, 22.45, 9999.0, 22.91, 22.61, 22.34, 22.5, 22.5
2026-09-22, 06:28:37, 22.5, 22.52, 22.93, 22.95, 9999.0, 9999.0, 9999.0, 23.66, 9999.0, 22.5, 9999.0, 22.91, 22.64, 22.36, 22.5, 22.5
2026-09-22, 06:28:41, 22.5, 22.52, 22.93, 22.98, 9999.0, 9999.0, 9999.0, 23.73, 9999.0, 22.52, 9999.0, 22.91, 22.64, 22.39, 22.5, 22.5
2026-09-22, 06:28:45, 22.5, 22.52, 22.93, 22.98, 9999.0, 9999.0, 9999.0, 23.77, 9999.0, 22.52, 9999.0, 22.89, 22.66, 22.39, 22.5, 22.5
2026-09-22, 06:28:49, 22.5, 22.52, 22.91, 22.98, 9999.0, 9999.0, 9999.0, 23.82, 9999.0, 22.55, 9999.0, 22.89, 22.66, 22.39, 22.5, 22.5
2026-09-22, 06:28:53, 22.5, 22.52, 22.91, 23.0, 9999.0, 9999.0, 9999.0, 23.86, 9999.0, 22.55, 9999.0, 22.86, 22.64, 22.39, 22.5, 22.5
2026-09-22, 06:28:57, 22.5, 22.52, 22.89, 23.0, 9999.0, 9999.0, 9999.0, 23.89, 9999.0, 22.57, 9999.0, 22.84, 22.64, 22.39, 22.5, 22.5
2026-09-22, 06:29:01, 22.5, 22.52, 22.86, 23.0, 9999.0, 9999.0, 9999.0, 23.91, 9999.0, 22.59, 9999.0, 22.82, 22.64, 22.39, 22.5, 22.5
2026-09-22, 06:29:05, 22.5, 22.52, 22.86, 22.98, 9999.0, 9999.0, 9999.0, 23.95, 9999.0, 22.59, 9999.0, 22.8, 22.64, 22.39, 22.5, 22.48
2026-09-22, 06:29:09, 22.5, 22.5, 22.86, 22.95, 9999.0, 9999.0, 9999.0, 23.98, 9999.0, 22.59, 9999.0, 22.77, 22.64, 22.36, 22.5, 22.48
2026-09-22, 06:29:13, 22.5, 22.5, 22.86, 22.95, 9999.0, 9999.0, 9999.0, 24.02, 9999.0, 22.57, 9999.0, 22.75, 22.61, 22.39, 22.5, 22.48
2026-09-22, 06:29:17, 22.5, 22.5, 22.86, 22.95, 9999.0, 9999.0, 9999.0, 24.07, 9999.0, 22.55, 9999.0, 22.75, 22.59, 22.36, 22.5, 22.48
2026-09-22, 06:29:21, 22.5, 22.5, 22.89, 22.95, 9999.0, 9999.0, 9999.0, 24.09, 9999.0, 22.52, 9999.0, 22.75, 22.57, 22.36, 22.5, 22.48
2026-09-22, 06:29:25, 22.5, 22.5, 22.89, 22.93, 9999.0, 9999.0, 9999.0, 24.02, 9999.0, 22.5, 9999.0, 22.77, 22.57, 22.34, 22.5, 22.48
2026-09-22, 06:29:29, 22.5, 22.5, 22.86, 22.93, 9999.0, 9999.0, 9999.0, 23.98, 9999.0, 22.48, 9999.0, 22.8, 22.57, 22.34, 22.5, 22.48
2026-09-22, 06:29:33, 22.5, 22.5, 22.86, 22.93, 9999.0, 9999.0, 9999.0, 23.93, 9999.0, 22.48, 9999.0, 22.82, 22.57, 22.34, 22.5, 22.48
2026-09-22, 06:29:37, 22.5, 22.5, 22.86, 22.93, 9999.0, 9999.0, 9999.0, 23.89, 9999.0, 22.48, 9999.0, 22.84, 22.57, 22.36, 22.5, 22.48
2026-09-22, 06:29:41, 22.5, 22.5, 22.86, 22.91, 9999.0, 9999.0, 9999.0, 23.86, 9999.0, 22.48, 9999.0, 22.86, 22.57, 22.36, 22.5, 22.48
2026-09-22, 06:29:45, 22.5, 22.5, 22.86, 22.91, 9999.0, 9999.0, 9999.0, 23.84, 9999.0, 22.5, 9999.0, 22.89, 22.59, 22.36, 22.5, 22.48
2026-09-22, 06:29:49, 22.5, 22.5, 22.84, 22.93, 9999.0, 9999.0, 9999.0, 23.82, 9999.0, 22.52, 9999.0, 22.91, 22.61, 22.36, 22.5, 22.5
2026-09-22, 06:29:53, 22.5, 22.5, 22.84, 22.95, 9999.0, 9999.0, 9999.0, 23.77, 9999.0, 22.55, 9999.0, 22.91, 22.64, 22.36, 22.5, 22.5
2026-09-22, 06:29:57, 22.5, 22.5, 22.82, 22.95, 9999.0, 9999.0, 9999.0, 23.82, 9999.0, 22.57, 9999.0, 22.91, 22.66, 22.36, 22.5, 22.5
2026-09-22, 06:30:02, 22.5, 22.5, 22.84, 22.95, 9999.0, 9999.0, 9999.0, 23.86, 9999.0, 22.59, 9999.0, 22.91, 22.68, 22.36, 22.5, 22.5
2026-09-22, 06:30:06, 22.5, 22.5, 22.84, 22.93, 9999.0, 9999.0, 9999.0, 23.91, 9999.0, 22.61, 9999.0, 22.91, 22.7, 22.36, 22.5, 22.5
2026-09-22, 06:30:10, 22.5, 22.5, 22.86, 22.93, 9999.0, 9999.0, 9999.0, 23.95, 9999.0, 22.64, 9999.0, 22.89, 22.68, 22.39, 22.5, 22.5
2026-09-22, 06:30:14, 22.5, 22.5, 22.89, 22.93, 9999.0, 9999.0, 9999.0, 24.0, 9999.0, 22.66, 9999.0, 22.86, 22.66, 22.36, 22.5, 22.5
2026-09-22, 06:30:18, 22.48, 22.52, 22.89, 22.93, 9999.0, 9999.0, 9999.0, 24.02, 9999.0, 22.66, 9999.0, 22.84, 22.68, 22.36, 22.5, 22.5
2026-09-22, 06:30:22, 22.48, 22.52, 22.86, 22.91, 9999.0, 9999.0, 9999.0, 24.05, 9999.0, 22.66, 9999.0, 22.82, 22.68, 22.36, 22.5, 22.5
2026-09-22, 06:30:26, 22.48, 22.52, 22.89, 22.93, 9999.0, 9999.0, 9999.0, 24.07, 9999.0, 22.66, 9999.0, 22.8, 22.66, 22.36, 22.5, 22.5
2026-09-22, 06:30:30, 22.48, 22.52, 22.91, 22.93, 9999.0, 9999.0, 9999.0, 24.09, 9999.0, 22.64, 9999.0, 22.77, 22.64, 22.36, 22.5, 22.5
2026-09-22, 06:30:34, 22.48, 22.52, 22.91, 22.91, 9999.0, 9999.0, 9999.0, 24.11, 9999.0, 22.61, 9999.0, 22.75, 22.61, 22.36, 22.5, 22.5
2026-09-22, 06:30:38, 22.48, 22.55, 22.89, 22.91, 9999.0, 9999.0, 9999.0, 24.16, 9999.0, 22.59, 9999.0, 22.75, 22.59, 22.39, 22.5, 22.5
2026-09-22, 06:30:42, 22.48, 22.55, 22.91, 22.89, 9999.0, 9999.0, 9999.0, 24.09, 9999.0, 22.57, 9999.0, 22.77, 22.57, 22.39, 22.5, 22.5
2026-09-22, 06:30:46, 22.48, 22.57, 22.89, 22.86, 9999.0, 9999.0, 9999.0, 24.02, 9999.0, 22.55, 9999.0, 22.8, 22.57, 22.41, 22.5, 22.5
2026-09-22, 06:30:50, 22.48, 22.59, 22.89, 22.86, 9999.0, 9999.0, 9999.0, 23.98, 9999.0, 22.52, 9999.0, 22.82, 22.55, 22.41, 22.5, 22.5
2026-09-22, 06:30:54, 22.45, 22.59, 22.89, 22.89, 9999.0, 9999.0, 9999.0, 23.93, 9999.0, 22.52, 9999.0, 22.84, 22.55, 22.39, 22.5, 22.5
2026-09-22, 06:30:58, 22.45, 22.59, 22.89, 22.86, 9999.0, 9999.0, 9999.0, 23.89, 9999.0, 22.55, 9999.0, 22.86, 22.55, 22.41, 22.5, 22.5
2026-09-22, 06:31:02, 22.48, 22.57, 22.89, 22.86, 9999.0, 9999.0, 9999.0, 23.86, 9999.0, 22.57, 9999.0, 22.86, 22.55, 22.41, 22.5, 22.5
2026-09-22, 06:31:06, 22.48, 22.57, 22.89, 22.89, 9999.0, 9999.0, 9999.0, 23.84, 9999.0, 22.59, 9999.0, 22.86, 22.57, 22.39, 22.5, 22.48
2026-09-22, 06:31:10, 22.48, 22.57, 22.86, 22.89, 9999.0, 9999.0, 9999.0, 23.82, 9999.0, 22.61, 9999.0, 22.86, 22.59, 22.39, 22.5, 22.48
2026-09-22, 06:31:14, 22.48, 22.57, 22.86, 22.86, 9999.0, 9999.0, 9999.0, 23.86, 9999.0, 22.64, 9999.0, 22.86, 22.61, 22.39, 22.5, 22.48
2026-09-22, 06:31:18, 22.48, 22.57, 22.89, 22.86, 9999.0, 9999.0, 9999.0, 23.91, 9999.0, 22.66, 9999.0, 22.86, 22.61, 22.36, 22.5, 22.48
2026-09-22, 06:31:22, 22.48, 22.57, 22.89, 22.84, 9999.0, 9999.0, 9999.0, 23.93, 9999.0, 22.68, 9999.0, 22.86, 22.61, 22.34, 22.5, 22.48
2026-09-22, 06:31:26, 22.48, 22.57, 22.86, 22.84, 9999.0, 9999.0, 9999.0, 23.98, 9999.0, 22.7, 9999.0, 22.84, 22.61, 22.32, 22.5, 22.48
2026-09-22, 06:31:30, 22.48, 22.55, 22.86, 22.86, 9999.0, 9999.0, 9999.0, 24.0, 9999.0, 22.73, 9999.0, 22.82, 22.61, 22.3, 22.5, 22.48
2026-09-22, 06:31:34, 22.48, 22.52, 22.84, 22.86, 9999.0, 9999.0, 9999.0, 24.02, 9999.0, 22.75, 9999.0, 22.8, 22.61, 22.3, 22.5, 22.48
2026-09-22, 06:31:38, 22.5, 22.52, 22.84, 22.86, 9999.0, 9999.0, 9999.0, 24.05, 9999.0, 22.75, 9999.0, 22.77, 22.61, 22.3, 22.5, 22.48
2026-09-22, 06:31:42, 22.5, 22.52, 22.82, 22.86, 9999.0, 9999.0, 9999.0, 24.09, 9999.0, 22.75, 9999.0, 22.75, 22.61, 22.27, 22.5, 22.48
2026-09-22, 06:31:46, 22.5, 22.52, 22.82, 22.84, 9999.0, 9999.0, 9999.0, 24.11, 9999.0, 22.73, 9999.0, 22.75, 22.59, 22.3, 22.5, 22.48
2026-09-22, 06:31:50, 22.5, 22.52, 22.84, 22.82, 9999.0, 9999.0, 9999.0, 24.14, 9999.0, 22.7, 9999.0, 22.75, 22.57, 22.32, 22.48, 22.5
2026-09-22, 06:31:54, 22.5, 22.52, 22.86, 22.8, 9999.0, 9999.0, 9999.0, 24.16, 9999.0, 22.68, 9999.0, 22.75, 22.55, 22.32, 22.48, 22.5
2026-09-22, 06:31:58, 22.5, 22.52, 22.86, 22.82, 9999.0, 9999.0, 9999.0, 24.11, 9999.0, 22.66, 9999.0, 22.77, 22.52, 22.34, 22.48, 22.5
2026-09-22, 06:32:02, 22.5, 22.52, 22.84, 22.82, 9999.0, 9999.0, 9999.0, 24.05, 9999.0, 22.64, 9999.0, 22.8, 22.52, 22.36, 22.48, 22.5
2026-09-22, 06:32:06, 22.5, 22.5, 22.86, 22.82, 9999.0, 9999.0, 9999.0, 24.0, 9999.0, 22.64, 9999.0, 22.82, 22.52, 22.39, 22.48, 22.5
2026-09-22, 06:32:10, 22.5, 22.5, 22.89, 22.82, 9999.0, 9999.0, 9999.0, 23.95, 9999.0, 22.64, 9999.0, 22.84, 22.52, 22.39, 22.48, 22.48
2026-09-22, 06:32:14, 22.5, 22.5, 22.89, 22.8, 9999.0, 9999.0, 9999.0, 23.93, 9999.0, 22.64, 9999.0, 22.84, 22.52, 22.39, 22.48, 22.48
2026-09-22, 06:32:18, 22.5, 22.5, 22.89, 22.8, 9999.0, 9999.0, 9999.0, 23.91, 9999.0, 22.66, 9999.0, 22.84, 22.55, 22.39, 22.48, 22.48
2026-09-22, 06:32:22, 22.5, 22.5, 22.86, 22.8, 9999.0, 9999.0, 9999.0, 23.89, 9999.0, 22.66, 9999.0, 22.84, 22.57, 22.41, 22.48, 22.48
2026-09-22, 06:32:26, 22.5, 22.52, 22.86, 22.8, 9999.0, 9999.0, 9999.0, 23.91, 9999.0, 22.66, 9999.0, 22.84, 22.59, 22.43, 22.48, 22.48
2026-09-22, 06:32:30, 22.5, 22.52, 22.86, 22.8, 9999.0, 9999.0, 9999.0, 23.95, 9999.0, 22.68, 9999.0, 22.86, 22.59, 22.43, 22.48, 22.48
2026-09-22, 06:32:34, 22.5, 22.52, 22.84, 22.8, 9999.0, 9999.0, 9999.0, 24.0, 9999.0, 22.7, 9999.0, 22.86, 22.59, 22.41, 22.5, 22.48
2026-09-22, 06:32:38, 22.5, 22.52, 22.82, 22.8, 9999.0, 9999.0, 9999.0, 24.02, 9999.0, 22.73, 9999.0, 22.86, 22.61, 22.43, 22.5, 22.48
2026-09-22, 06:32:42, 22.5, 22.52, 22.8, 22.77, 9999.0, 9999.0, 9999.0, 24.05, 9999.0, 22.75, 9999.0, 22.84, 22.61, 22.43, 22.5, 22.48
2026-09-22, 06:32:46, 22.5, 22.55, 22.8, 22.77, 9999.0, 9999.0, 9999.0, 24.09, 9999.0, 22.77, 9999.0, 22.82, 22.61, 22.41, 22.5, 22.48
2026-09-22, 06:32:50, 22.5, 22.55, 22.8, 22.77, 9999.0, 9999.0, 9999.0, 24.11, 9999.0, 22.77, 9999.0, 22.8, 22.61, 22.39, 22.5, 22.48
2026-09-22, 06:32:54, 22.5, 22.55, 22.77, 22.77, 9999.0, 9999.0, 9999.0, 24.14, 9999.0, 22.77, 9999.0, 22.77, 22.61, 22.39, 22.5, 22.48
2026-09-22, 06:32:58, 22.5, 22.55, 22.77, 22.8, 9999.0, 9999.0, 9999.0, 24.18, 9999.0, 22.77, 9999.0, 22.77, 22.59, 22.39, 22.5, 22.48
2026-09-22, 06:33:02, 22.5, 22.55, 22.77, 22.8, 9999.0, 9999.0, 9999.0, 24.2, 9999.0, 22.75, 9999.0, 22.77, 22.57, 22.39, 22.5, 22.48
2026-09-22, 06:33:06, 22.5, 22.57, 22.77, 22.77, 9999.0, 9999.0, 9999.0, 24.23, 9999.0, 22.75, 9999.0, 22.77, 22.55, 22.39, 22.5, 22.48
2026-09-22, 06:33:10, 22.5, 22.55, 22.77, 22.77, 9999.0, 9999.0, 9999.0, 24.18, 9999.0, 22.75, 9999.0, 22.77, 22.52, 22.36, 22.5, 22.48
2026-09-22, 06:33:14, 22.5, 22.57, 22.77, 22.8, 9999.0, 9999.0, 9999.0, 24.14, 9999.0, 22.75, 9999.0, 22.77, 22.55, 22.34, 22.5, 22.48
2026-09-22, 06:33:18, 22.5, 22.57, 22.77, 22.82, 9999.0, 9999.0, 9999.0, 24.09, 9999.0, 22.73, 9999.0, 22.8, 22.55, 22.36, 22.5, 22.48
2026-09-22, 06:33:22, 22.5, 22.57, 22.77, 22.82, 9999.0, 9999.0, 9999.0, 24.05, 9999.0, 22.73, 9999.0, 22.82, 22.52, 22.34, 22.5, 22.48
2026-09-22, 06:33:26, 22.5, 22.57, 22.77, 22.82, 9999.0, 9999.0, 9999.0, 24.0, 9999.0, 22.73, 9999.0, 22.84, 22.52, 22.34, 22.5, 22.48
2026-09-22, 06:33:30, 22.5, 22.57, 22.77, 22.82, 9999.0, 9999.0, 9999.0, 23.95, 9999.0, 22.73, 9999.0, 22.84, 22.55, 22.36, 22.5, 22.45
2026-09-22, 06:33:34, 22.5, 22.57, 22.77, 22.82, 9999.0, 9999.0, 9999.0, 23.93, 9999.0, 22.75, 9999.0, 22.86, 22.57, 22.36, 22.5, 22.45
2026-09-22, 06:33:38, 22.5, 22.57, 22.77, 22.82, 9999.0, 9999.0, 9999.0, 23.91, 9999.0, 22.77, 9999.0, 22.89, 22.59, 22.39, 22.5, 22.48
2026-09-22, 06:33:42, 22.5, 22.57, 22.77, 22.82, 9999.0, 9999.0, 9999.0, 23.93, 9999.0, 22.8, 9999.0, 22.89, 22.61, 22.41, 22.5, 22.48
2026-09-22, 06:33:46, 22.5, 22.57, 22.77, 22.82, 9999.0, 9999.0, 9999.0, 23.98, 9999.0, 22.82, 9999.0, 22.89, 22.64, 22.41, 22.5, 22.48
2026-09-22, 06:33:50, 22.5, 22.55, 22.77, 22.82, 9999.0, 9999.0, 9999.0, 24.02, 9999.0, 22.84, 9999.0, 22.89, 22.64, 22.39, 22.48, 22.48
2026-09-22, 06:33:55, 22.5, 22.55, 22.8, 22.82, 9999.0, 9999.0, 9999.0, 24.05, 9999.0, 22.84, 9999.0, 22.89, 22.64, 22.39, 22.48, 22.48
2026-09-22, 06:33:59, 22.48, 22.52, 22.8, 22.8, 9999.0, 9999.0, 9999.0, 24.07, 9999.0, 22.84, 9999.0, 22.86, 22.61, 22.39, 22.48, 22.45
2026-09-22, 06:34:03, 22.48, 22.52, 22.8, 22.77, 9999.0, 9999.0, 9999.0, 24.09, 9999.0, 22.86, 9999.0, 22.84, 22.61, 22.36, 22.48, 22.43
2026-09-22, 06:34:07, 22.48, 22.52, 22.8, 22.77, 9999.0, 9999.0, 9999.0, 24.14, 9999.0, 22.86, 9999.0, 22.82, 22.61, 22.36, 22.48, 22.43
2026-09-22, 06:34:11, 22.48, 22.52, 22.8, 22.77, 9999.0, 9999.0, 9999.0, 24.18, 9999.0, 22.86, 9999.0, 22.8, 22.61, 22.34, 22.48, 22.43
2026-09-22, 06:34:15, 22.48, 22.5, 22.8, 22.77, 9999.0, 9999.0, 9999.0, 24.23, 9999.0, 22.86, 9999.0, 22.8, 22.59, 22.34, 22.48, 22.43
2026-09-22, 06:34:19, 22.48, 22.52, 22.77, 22.77, 9999.0, 9999.0, 9999.0, 24.25, 9999.0, 22.84, 9999.0, 22.77, 22.57, 22.34, 22.48, 22.43
2026-09-22, 06:34:23, 22.48, 22.52, 22.77, 22.77, 9999.0, 9999.0, 9999.0, 24.27, 9999.0, 22.82, 9999.0, 22.75, 22.55, 22.32, 22.48, 22.41
2026-09-22, 06:34:27, 22.48, 22.52, 22.77, 22.75, 9999.0, 9999.0, 9999.0, 24.23, 9999.0, 22.8, 9999.0, 22.75, 22.52, 22.32, 22.48, 22.41
2026-09-22, 06:34:31, 22.48, 22.52, 22.77, 22.75, 9999.0, 9999.0, 9999.0, 24.18, 9999.0, 22.75, 9999.0, 22.77, 22.52, 22.3, 22.48, 22.41
2026-09-22, 06:34:35, 22.48, 22.55, 22.8, 22.75, 9999.0, 9999.0, 9999.0, 24.11, 9999.0, 22.7, 9999.0, 22.8, 22.52, 22.3, 22.5, 22.41
2026-09-22, 06:34:39, 22.48, 22.55, 22.77, 22.75, 9999.0, 9999.0, 9999.0, 24.09, 9999.0, 22.7, 9999.0, 22.82, 22.52, 22.32, 22.5, 22.39
2026-09-22, 06:34:43, 22.5, 22.55, 22.77, 22.75, 9999.0, 9999.0, 9999.0, 24.05, 9999.0, 22.7, 9999.0, 22.82, 22.52, 22.32, 22.5, 22.39
2026-09-22, 06:34:47, 22.5, 22.55, 22.77, 22.75, 9999.0, 9999.0, 9999.0, 24.0, 9999.0, 22.7, 9999.0, 22.82, 22.52, 22.32, 22.5, 22.41
2026-09-22, 06:34:51, 22.5, 22.55, 22.77, 22.77, 9999.0, 9999.0, 9999.0, 23.95, 9999.0, 22.7, 9999.0, 22.82, 22.55, 22.34, 22.5, 22.39
2026-09-22, 06:34:55, 22.5, 22.57, 22.8, 22.77, 9999.0, 9999.0, 9999.0, 23.91, 9999.0, 22.7, 9999.0, 22.82, 22.57, 22.34, 22.5, 22.39
2026-09-22, 06:34:59, 22.5, 22.57, 22.8, 22.77, 9999.0, 9999.0, 9999.0, 23.93, 9999.0, 22.73, 9999.0, 22.82, 22.57, 22.32, 22.5, 22.41
2026-09-22, 06:35:03, 22.5, 22.55, 22.8, 22.77, 9999.0, 9999.0, 9999.0, 23.98, 9999.0, 22.73, 9999.0, 22.82, 22.59, 22.32, 22.5, 22.41
2026-09-22, 06:35:07, 22.5, 22.55, 22.8, 22.77, 9999.0, 9999.0, 9999.0, 24.02, 9999.0, 22.73, 9999.0, 22.82, 22.61, 22.34, 22.48, 22.43
2026-09-22, 06:35:11, 22.5, 22.55, 22.8, 22.77, 9999.0, 9999.0, 9999.0, 24.07, 9999.0, 22.73, 9999.0, 22.82, 22.61, 22.32, 22.48, 22.43
2026-09-22, 06:35:15, 22.5, 22.55, 22.8, 22.77, 9999.0, 9999.0, 9999.0, 24.09, 9999.0, 22.75, 9999.0, 22.8, 22.59, 22.32, 22.48, 22.43
2026-09-22, 06:35:19, 22.5, 22.52, 22.77, 22.77, 9999.0, 9999.0, 9999.0, 24.14, 9999.0, 22.77, 9999.0, 22.77, 22.59, 22.32, 22.48, 22.43
2026-09-22, 06:35:23, 22.5, 22.52, 22.77, 22.77, 9999.0, 9999.0, 9999.0, 24.16, 9999.0, 22.75, 9999.0, 22.75, 22.59, 22.32, 22.48, 22.45
2026-09-22, 06:35:27, 22.5, 22.55, 22.77, 22.77, 9999.0, 9999.0, 9999.0, 24.2, 9999.0, 22.75, 9999.0, 22.75, 22.59, 22.32, 22.45, 22.45
2026-09-22, 06:35:31, 22.5, 22.55, 22.77, 22.77, 9999.0, 9999.0, 9999.0, 24.23, 9999.0, 22.75, 9999.0, 22.75, 22.59, 22.32, 22.45, 22.43
2026-09-22, 06:35:35, 22.5, 22.55, 22.8, 22.75, 9999.0, 9999.0, 9999.0, 24.25, 9999.0, 22.75, 9999.0, 22.75, 22.57, 22.3, 22.45, 22.45
2026-09-22, 06:35:39, 22.5, 22.52, 22.77, 22.77, 9999.0, 9999.0, 9999.0, 24.27, 9999.0, 22.73, 9999.0, 22.75, 22.55, 22.32, 22.43, 22.45
2026-09-22, 06:35:43, 22.5, 22.52, 22.77, 22.77, 9999.0, 9999.0, 9999.0, 24.23, 9999.0, 22.68, 9999.0, 22.75, 22.55, 22.32, 22.43, 22.45
2026-09-22, 06:35:47, 22.5, 22.52, 22.8, 22.77, 9999.0, 9999.0, 9999.0, 24.18, 9999.0, 22.66, 9999.0, 22.77, 22.52, 22.34, 22.41, 22.45
2026-09-22, 06:35:51, 22.5, 22.52, 22.8, 22.77, 9999.0, 9999.0, 9999.0, 24.14, 9999.0, 22.64, 9999.0, 22.8, 22.5, 22.32, 22.43, 22.45
2026-09-22, 06:35:55, 22.5, 22.52, 22.82, 22.77, 9999.0, 9999.0, 9999.0, 24.09, 9999.0, 22.64, 9999.0, 22.82, 22.5, 22.32, 22.43, 22.45
2026-09-22, 06:35:59, 22.5, 22.52, 22.82, 22.77, 9999.0, 9999.0, 9999.0, 24.05, 9999.0, 22.64, 9999.0, 22.82, 22.5, 22.34, 22.43, 22.45
2026-09-22, 06:36:03, 22.5, 22.52, 22.82, 22.77, 9999.0, 9999.0, 9999.0, 24.0, 9999.0, 22.64, 9999.0, 22.84, 22.52, 22.36, 22.43, 22.43
2026-09-22, 06:36:07, 22.5, 22.52, 22.82, 22.77, 9999.0, 9999.0, 9999.0, 23.95, 9999.0, 22.66, 9999.0, 22.86, 22.55, 22.34, 22.43, 22.43
2026-09-22, 06:36:11, 22.5, 22.5, 22.84, 22.77, 9999.0, 9999.0, 9999.0, 23.91, 9999.0, 22.66, 9999.0, 22.86, 22.55, 22.34, 22.45, 22.45
2026-09-22, 06:36:15, 22.5, 22.5, 22.84, 22.77, 9999.0, 9999.0, 9999.0, 23.95, 9999.0, 22.66, 9999.0, 22.86, 22.57, 22.34, 22.45, 22.45
2026-09-22, 06:36:19, 22.5, 22.5, 22.82, 22.77, 9999.0, 9999.0, 9999.0, 24.0, 9999.0, 22.66, 9999.0, 22.86, 22.59, 22.36, 22.45, 22.45
2026-09-22, 06:36:23, 22.5, 22.5, 22.82, 22.75, 9999.0, 9999.0, 9999.0, 24.05, 9999.0, 22.68, 9999.0, 22.86, 22.61, 22.34, 22.48, 22.43
2026-09-22, 06:36:27, 22.5, 22.5, 22.82, 22.75, 9999.0, 9999.0, 9999.0, 24.07, 9999.0, 22.7, 9999.0, 22.86, 22.61, 22.34, 22.48, 22.43
2026-09-22, 06:36:31, 22.5, 22.5, 22.8, 22.75, 9999.0, 9999.0, 9999.0, 24.09, 9999.0, 22.73, 9999.0, 22.84, 22.61, 22.32, 22.48, 22.41
2026-09-22, 06:36:35, 22.5, 22.5, 22.8, 22.75, 9999.0, 9999.0, 9999.0, 24.11, 9999.0, 22.75, 9999.0, 22.82, 22.61, 22.32, 22.48, 22.41
2026-09-22, 06:36:39, 22.5, 22.52, 22.77, 22.75, 9999.0, 9999.0, 9999.0, 24.14, 9999.0, 22.73, 9999.0, 22.8, 22.61, 22.32, 22.48, 22.41
2026-09-22, 06:36:43, 22.5, 22.52, 22.77, 22.75, 9999.0, 9999.0, 9999.0, 24.18, 9999.0, 22.73, 9999.0, 22.8, 22.61, 22.3, 22.48, 22.41
2026-09-22, 06:36:47, 22.5, 22.52, 22.8, 22.75, 9999.0, 9999.0, 9999.0, 24.2, 9999.0, 22.73, 9999.0, 22.75, 22.59, 22.27, 22.48, 22.43
2026-09-22, 06:36:51, 22.5, 22.52, 22.8, 22.75, 9999.0, 9999.0, 9999.0, 24.23, 9999.0, 22.73, 9999.0, 22.73, 22.57, 22.27, 22.48, 22.41
2026-09-22, 06:36:55, 22.5, 22.52, 22.77, 22.75, 9999.0, 9999.0, 9999.0, 24.25, 9999.0, 22.7, 9999.0, 22.73, 22.57, 22.3, 22.48, 22.39
2026-09-22, 06:36:59, 22.5, 22.52, 22.8, 22.77, 9999.0, 9999.0, 9999.0, 24.2, 9999.0, 22.68, 9999.0, 22.75, 22.55, 22.3, 22.48, 22.41
2026-09-22, 06:37:03, 22.5, 22.52, 22.8, 22.77, 9999.0, 9999.0, 9999.0, 24.16, 9999.0, 22.66, 9999.0, 22.77, 22.52, 22.3, 22.48, 22.41
2026-09-22, 06:37:07, 22.5, 22.52, 22.82, 22.77, 9999.0, 9999.0, 9999.0, 24.11, 9999.0, 22.64, 9999.0, 22.8, 22.52, 22.3, 22.48, 22.41
2026-09-22, 06:37:11, 22.5, 22.52, 22.82, 22.77, 9999.0, 9999.0, 9999.0, 24.07, 9999.0, 22.64, 9999.0, 22.8, 22.52, 22.32, 22.48, 22.41
2026-09-22, 06:37:15, 22.5, 22.52, 22.82, 22.77, 9999.0, 9999.0, 9999.0, 24.02, 9999.0, 22.64, 9999.0, 22.8, 22.52, 22.32, 22.5, 22.41
2026-09-22, 06:37:19, 22.5, 22.52, 22.82, 22.77, 9999.0, 9999.0, 9999.0, 23.98, 9999.0, 22.64, 9999.0, 22.8, 22.55, 22.34, 22.5, 22.41
2026-09-22, 06:37:23, 22.5, 22.5, 22.84, 22.77, 9999.0, 9999.0, 9999.0, 23.93, 9999.0, 22.66, 9999.0, 22.82, 22.55, 22.36, 22.5, 22.39
2026-09-22, 06:37:27, 22.5, 22.5, 22.84, 22.77, 9999.0, 9999.0, 9999.0, 23.89, 9999.0, 22.66, 9999.0, 22.82, 22.55, 22.36, 22.5, 22.39
2026-09-22, 06:37:31, 22.5, 22.5, 22.82, 22.77, 9999.0, 9999.0, 9999.0, 23.93, 9999.0, 22.68, 9999.0, 22.84, 22.55, 22.39, 22.5, 22.36
2026-09-22, 06:37:35, 22.5, 22.5, 22.82, 22.77, 9999.0, 9999.0, 9999.0, 23.98, 9999.0, 22.68, 9999.0, 22.84, 22.57, 22.41, 22.5, 22.39
2026-09-22, 06:37:39, 22.5, 22.5, 22.82, 22.8, 9999.0, 9999.0, 9999.0, 24.0, 9999.0, 22.7, 9999.0, 22.84, 22.57, 22.39, 22.5, 22.39
2026-09-22, 06:37:44, 22.5, 22.5, 22.8, 22.77, 9999.0, 9999.0, 9999.0, 24.02, 9999.0, 22.73, 9999.0, 22.82, 22.59, 22.39, 22.48, 22.39
2026-09-22, 06:37:48, 22.5, 22.5, 22.8, 22.77, 9999.0, 9999.0, 9999.0, 24.05, 9999.0, 22.75, 9999.0, 22.8, 22.59, 22.36, 22.45, 22.39
2026-09-22, 06:37:52, 22.5, 22.5, 22.77, 22.77, 9999.0, 9999.0, 9999.0, 24.05, 9999.0, 22.75, 9999.0, 22.77, 22.57, 22.36, 22.43, 22.41
2026-09-22, 06:37:56, 22.5, 22.5, 22.77, 22.77, 9999.0, 9999.0, 9999.0, 24.09, 9999.0, 22.73, 9999.0, 22.77, 22.57, 22.34, 22.43, 22.39
2026-09-22, 06:38:00, 22.5, 22.5, 22.77, 22.77, 9999.0, 9999.0, 9999.0, 24.14, 9999.0, 22.73, 9999.0, 22.77, 22.57, 22.34, 22.43, 22.39
2026-09-22, 06:38:04, 22.5, 22.5, 22.8, 22.77, 9999.0, 9999.0, 9999.0, 24.16, 9999.0, 22.7, 9999.0, 22.77, 22.55, 22.34, 22.41, 22.36
2026-09-22, 06:38:08, 22.48, 22.5, 22.77, 22.77, 9999.0, 9999.0, 9999.0, 24.18, 9999.0, 22.68, 9999.0, 22.77, 22.55, 22.32, 22.41, 22.36
2026-09-22, 06:38:12, 22.48, 22.5, 22.77, 22.8, 9999.0, 9999.0, 9999.0, 24.2, 9999.0, 22.66, 9999.0, 22.8, 22.55, 22.34, 22.41, 22.34
2026-09-22, 06:38:16, 22.48, 22.5, 22.77, 22.8, 9999.0, 9999.0, 9999.0, 24.16, 9999.0, 22.61, 9999.0, 22.82, 22.55, 22.34, 22.39, 22.34
2026-09-22, 06:38:20, 22.48, 22.5, 22.77, 22.8, 9999.0, 9999.0, 9999.0, 24.11, 9999.0, 22.59, 9999.0, 22.84, 22.55, 22.32, 22.39, 22.32
2026-09-22, 06:38:24, 22.48, 22.5, 22.77, 22.77, 9999.0, 9999.0, 9999.0, 24.09, 9999.0, 22.57, 9999.0, 22.84, 22.55, 22.32, 22.39, 22.34
2026-09-22, 06:38:28, 22.48, 22.5, 22.77, 22.77, 9999.0, 9999.0, 9999.0, 24.05, 9999.0, 22.55, 9999.0, 22.84, 22.52, 22.32, 22.39, 22.32
2026-09-22, 06:38:32, 22.48, 22.5, 22.77, 22.77, 9999.0, 9999.0, 9999.0, 24.0, 9999.0, 22.55, 9999.0, 22.86, 22.52, 22.32, 22.41, 22.3
2026-09-22, 06:38:36, 22.48, 22.5, 22.77, 22.77, 9999.0, 9999.0, 9999.0, 23.98, 9999.0, 22.57, 9999.0, 22.86, 22.52, 22.32, 22.43, 22.27
2026-09-22, 06:38:40, 22.48, 22.5, 22.8, 22.77, 9999.0, 9999.0, 9999.0, 23.91, 9999.0, 22.61, 9999.0, 22.89, 22.52, 22.34, 22.43, 22.3
2026-09-22, 06:38:44, 22.48, 22.5, 22.8, 22.8, 9999.0, 9999.0, 9999.0, 23.84, 9999.0, 22.61, 9999.0, 22.89, 22.55, 22.34, 22.43, 22.32
2026-09-22, 06:38:48, 22.48, 22.5, 22.77, 22.82, 9999.0, 9999.0, 9999.0, 23.86, 9999.0, 22.61, 9999.0, 22.89, 22.55, 22.32, 22.45, 22.34
2026-09-22, 06:38:52, 22.5, 22.5, 22.77, 22.82, 9999.0, 9999.0, 9999.0, 23.89, 9999.0, 22.61, 9999.0, 22.86, 22.55, 22.32, 22.45, 22.36
2026-09-22, 06:38:56, 22.5, 22.52, 22.77, 22.8, 9999.0, 9999.0, 9999.0, 23.91, 9999.0, 22.61, 9999.0, 22.84, 22.55, 22.3, 22.43, 22.39
2026-09-22, 06:39:00, 22.5, 22.52, 22.8, 22.82, 9999.0, 9999.0, 9999.0, 23.93, 9999.0, 22.61, 9999.0, 22.82, 22.55, 22.3, 22.43, 22.39
2026-09-22, 06:39:04, 22.5, 22.52, 22.82, 22.82, 9999.0, 9999.0, 9999.0, 23.95, 9999.0, 22.61, 9999.0, 22.8, 22.52, 22.32, 22.41, 22.41
2026-09-22, 06:39:08, 22.48, 22.55, 22.82, 22.82, 9999.0, 9999.0, 9999.0, 23.98, 9999.0, 22.61, 9999.0, 22.8, 22.52, 22.34, 22.41, 22.39
2026-09-22, 06:39:12, 22.48, 22.55, 22.84, 22.82, 9999.0, 9999.0, 9999.0, 24.02, 9999.0, 22.61, 9999.0, 22.8, 22.52, 22.34, 22.41, 22.39
2026-09-22, 06:39:16, 22.48, 22.55, 22.84, 22.82, 9999.0, 9999.0, 9999.0, 24.05, 9999.0, 22.57, 9999.0, 22.77, 22.52, 22.34, 22.41, 22.39
2026-09-22, 06:39:20, 22.48, 22.55, 22.84, 22.82, 9999.0, 9999.0, 9999.0, 24.07, 9999.0, 22.52, 9999.0, 22.77, 22.52, 22.34, 22.41, 22.41
2026-09-22, 06:39:24, 22.48, 22.55, 22.82, 22.82, 9999.0, 9999.0, 9999.0, 24.11, 9999.0, 22.48, 9999.0, 22.75, 22.52, 22.32, 22.39, 22.39
2026-09-22, 06:39:28, 22.48, 22.55, 22.82, 22.8, 9999.0, 9999.0, 9999.0, 24.16, 9999.0, 22.45, 9999.0, 22.75, 22.5, 22.34, 22.36, 22.39
2026-09-22, 06:39:32, 22.45, 22.55, 22.84, 22.77, 9999.0, 9999.0, 9999.0, 24.14, 9999.0, 22.43, 9999.0, 22.77, 22.5, 22.34, 22.36, 22.39
2026-09-22, 06:39:36, 22.45, 22.55, 22.86, 22.77, 9999.0, 9999.0, 9999.0, 24.09, 9999.0, 22.41, 9999.0, 22.8, 22.5, 22.34, 22.36, 22.36
2026-09-22, 06:39:40, 22.45, 22.52, 22.86, 22.77, 9999.0, 9999.0, 9999.0, 24.05, 9999.0, 22.39, 9999.0, 22.82, 22.52, 22.36, 22.36, 22.34
2026-09-22, 06:39:44, 22.45, 22.52, 22.84, 22.75, 9999.0, 9999.0, 9999.0, 24.0, 9999.0, 22.39, 9999.0, 22.82, 22.55, 22.36, 22.39, 22.36
2026-09-22, 06:39:48, 22.45, 22.52, 22.82, 22.77, 9999.0, 9999.0, 9999.0, 23.95, 9999.0, 22.39, 9999.0, 22.84, 22.55, 22.34, 22.41, 22.34
2026-09-22, 06:39:52, 22.48, 22.5, 22.82, 22.77, 9999.0, 9999.0, 9999.0, 23.91, 9999.0, 22.41, 9999.0, 22.84, 22.57, 22.34, 22.41, 22.36
2026-09-22, 06:39:56, 22.48, 22.5, 22.8, 22.77, 9999.0, 9999.0, 9999.0, 23.84, 9999.0, 22.41, 9999.0, 22.84, 22.59, 22.36, 22.43, 22.36
2026-09-22, 06:40:00, 22.48, 22.5, 22.8, 22.77, 9999.0, 9999.0, 9999.0, 23.8, 9999.0, 22.43, 9999.0, 22.84, 22.59, 22.36, 22.43, 22.36
2026-09-22, 06:40:04, 22.48, 22.5, 22.8, 22.77, 9999.0, 9999.0, 9999.0, 23.84, 9999.0, 22.45, 9999.0, 22.84, 22.61, 22.39, 22.43, 22.34
2026-09-22, 06:40:08, 22.48, 22.5, 22.8, 22.77, 9999.0, 9999.0, 9999.0, 23.86, 9999.0, 22.45, 9999.0, 22.84, 22.61, 22.39, 22.45, 22.34
2026-09-22, 06:40:12, 22.48, 22.5, 22.8, 22.77, 9999.0, 9999.0, 9999.0, 23.89, 9999.0, 22.45, 9999.0, 22.84, 22.61, 22.36, 22.45, 22.34
2026-09-22, 06:40:16, 22.5, 22.5, 22.77, 22.77, 9999.0, 9999.0, 9999.0, 23.91, 9999.0, 22.48, 9999.0, 22.82, 22.61, 22.36, 22.45, 22.32
2026-09-22, 06:40:20, 22.5, 22.52, 22.75, 22.77, 9999.0, 9999.0, 9999.0, 23.95, 9999.0, 22.48, 9999.0, 22.8, 22.61, 22.39, 22.45, 22.32
2026-09-22, 06:40:24, 22.5, 22.52, 22.75, 22.77, 9999.0, 9999.0, 9999.0, 23.98, 9999.0, 22.48, 9999.0, 22.77, 22.59, 22.36, 22.48, 22.32
2026-09-22, 06:40:28, 22.5, 22.52, 22.77, 22.77, 9999.0, 9999.0, 9999.0, 24.0, 9999.0, 22.45, 9999.0, 22.77, 22.57, 22.36, 22.48, 22.32
2026-09-22, 06:40:32, 22.5, 22.52, 22.77, 22.75, 9999.0, 9999.0, 9999.0, 24.02, 9999.0, 22.43, 9999.0, 22.75, 22.57, 22.39, 22.48, 22.32
2026-09-22, 06:40:36, 22.5, 22.52, 22.77, 22.75, 9999.0, 9999.0, 9999.0, 24.05, 9999.0, 22.39, 9999.0, 22.75, 22.55, 22.36, 22.48, 22.32
2026-09-22, 06:40:40, 22.48, 22.52, 22.77, 22.75, 9999.0, 9999.0, 9999.0, 24.09, 9999.0, 22.36, 9999.0, 22.75, 22.52, 22.36, 22.48, 22.34
2026-09-22, 06:40:44, 22.45, 22.52, 22.8, 22.75, 9999.0, 9999.0, 9999.0, 24.14, 9999.0, 22.34, 9999.0, 22.75, 22.52, 22.36, 22.48, 22.34
2026-09-22, 06:40:48, 22.45, 22.52, 22.8, 22.77, 9999.0, 9999.0, 9999.0, 24.07, 9999.0, 22.32, 9999.0, 22.77, 22.52, 22.34, 22.48, 22.36
2026-09-22, 06:40:52, 22.45, 22.52, 22.82, 22.77, 9999.0, 9999.0, 9999.0, 24.02, 9999.0, 22.3, 9999.0, 22.8, 22.52, 22.34, 22.48, 22.39
2026-09-22, 06:40:56, 22.45, 22.52, 22.82, 22.77, 9999.0, 9999.0, 9999.0, 23.98, 9999.0, 22.3, 9999.0, 22.8, 22.52, 22.36, 22.5, 22.36
2026-09-22, 06:41:00, 22.45, 22.52, 22.82, 22.77, 9999.0, 9999.0, 9999.0, 23.93, 9999.0, 22.3, 9999.0, 22.8, 22.52, 22.36, 22.5, 22.36
2026-09-22, 06:41:04, 22.45, 22.5, 22.84, 22.77, 9999.0, 9999.0, 9999.0, 23.89, 9999.0, 22.32, 9999.0, 22.82, 22.55, 22.36, 22.5, 22.36
2026-09-22, 06:41:08, 22.45, 22.5, 22.84, 22.77, 9999.0, 9999.0, 9999.0, 23.84, 9999.0, 22.36, 9999.0, 22.82, 22.55, 22.39, 22.5, 22.36
2026-09-22, 06:41:12, 22.45, 22.5, 22.84, 22.77, 9999.0, 9999.0, 9999.0, 23.8, 9999.0, 22.39, 9999.0, 22.82, 22.55, 22.36, 22.5, 22.36
2026-09-22, 06:41:16, 22.45, 22.52, 22.84, 22.77, 9999.0, 9999.0, 9999.0, 23.84, 9999.0, 22.41, 9999.0, 22.82, 22.55, 22.34, 22.5, 22.39
2026-09-22, 06:41:20, 22.45, 22.52, 22.84, 22.77, 9999.0, 9999.0, 9999.0, 23.86, 9999.0, 22.43, 9999.0, 22.82, 22.57, 22.36, 22.48, 22.36
2026-09-22, 06:41:24, 22.48, 22.55, 22.84, 22.77, 9999.0, 9999.0, 9999.0, 23.89, 9999.0, 22.45, 9999.0, 22.82, 22.59, 22.36, 22.45, 22.36
2026-09-22, 06:41:28, 22.5, 22.55, 22.82, 22.77, 9999.0, 9999.0, 9999.0, 23.91, 9999.0, 22.48, 9999.0, 22.82, 22.59, 22.39, 22.45, 22.36
2026-09-22, 06:41:32, 22.5, 22.55, 22.82, 22.75, 9999.0, 9999.0, 9999.0, 23.93, 9999.0, 22.5, 9999.0, 22.8, 22.59, 22.39, 22.45, 22.36
2026-09-22, 06:41:36, 22.5, 22.55, 22.82, 22.75, 9999.0, 9999.0, 9999.0, 23.95, 9999.0, 22.52, 9999.0, 22.77, 22.59, 22.39, 22.45, 22.34
2026-09-22, 06:41:41, 22.5, 22.55, 22.82, 22.75, 9999.0, 9999.0, 9999.0, 23.98, 9999.0, 22.5, 9999.0, 22.77, 22.59, 22.39, 22.43, 22.36
2026-09-22, 06:41:45, 22.5, 22.57, 22.82, 22.75, 9999.0, 9999.0, 9999.0, 24.0, 9999.0, 22.5, 9999.0, 22.77, 22.59, 22.41, 22.43, 22.36
2026-09-22, 06:41:49, 22.5, 22.57, 22.8, 22.75, 9999.0, 9999.0, 9999.0, 24.02, 9999.0, 22.48, 9999.0, 22.73, 22.57, 22.41, 22.43, 22.39
2026-09-22, 06:41:53, 22.5, 22.57, 22.8, 22.75, 9999.0, 9999.0, 9999.0, 24.07, 9999.0, 22.43, 9999.0, 22.75, 22.57, 22.39, 22.43, 22.39
2026-09-22, 06:41:57, 22.5, 22.57, 22.77, 22.75, 9999.0, 9999.0, 9999.0, 24.11, 9999.0, 22.41, 9999.0, 22.75, 22.57, 22.41, 22.43, 22.39
2026-09-22, 06:42:01, 22.48, 22.55, 22.77, 22.75, 9999.0, 9999.0, 9999.0, 24.05, 9999.0, 22.39, 9999.0, 22.75, 22.57, 22.41, 22.43, 22.39
2026-09-22, 06:42:05, 22.48, 22.55, 22.8, 22.75, 9999.0, 9999.0, 9999.0, 24.02, 9999.0, 22.36, 9999.0, 22.77, 22.55, 22.39, 22.45, 22.41
2026-09-22, 06:42:09, 22.48, 22.52, 22.82, 22.77, 9999.0, 9999.0, 9999.0, 23.98, 9999.0, 22.34, 9999.0, 22.8, 22.55, 22.36, 22.48, 22.41
2026-09-22, 06:42:13, 22.48, 22.55, 22.82, 22.77, 9999.0, 9999.0, 9999.0, 23.93, 9999.0, 22.34, 9999.0, 22.82, 22.55, 22.34, 22.48, 22.43
2026-09-22, 06:42:17, 22.48, 22.55, 22.82, 22.77, 9999.0, 9999.0, 9999.0, 23.91, 9999.0, 22.34, 9999.0, 22.84, 22.52, 22.36, 22.45, 22.41
2026-09-22, 06:42:21, 22.48, 22.55, 22.8, 22.77, 9999.0, 9999.0, 9999.0, 23.89, 9999.0, 22.34, 9999.0, 22.84, 22.55, 22.36, 22.45, 22.43
2026-09-22, 06:42:25, 22.48, 22.55, 22.8, 22.77, 9999.0, 9999.0, 9999.0, 23.86, 9999.0, 22.36, 9999.0, 22.84, 22.57, 22.34, 22.48, 22.43
2026-09-22, 06:42:29, 22.48, 22.52, 22.8, 22.8, 9999.0, 9999.0, 9999.0, 23.84, 9999.0, 22.36, 9999.0, 22.84, 22.59, 22.34, 22.45, 22.45
2026-09-22, 06:42:33, 22.48, 22.52, 22.82, 22.82, 9999.0, 9999.0, 9999.0, 23.89, 9999.0, 22.39, 9999.0, 22.86, 22.59, 22.32, 22.45, 22.45
2026-09-22, 06:42:37, 22.48, 22.52, 22.82, 22.82, 9999.0, 9999.0, 9999.0, 23.93, 9999.0, 22.39, 9999.0, 22.84, 22.59, 22.32, 22.45, 22.45
2026-09-22, 06:42:41, 22.48, 22.52, 22.82, 22.84, 9999.0, 9999.0, 9999.0, 23.95, 9999.0, 22.39, 9999.0, 22.84, 22.61, 22.32, 22.45, 22.45
2026-09-22, 06:42:45, 22.5, 22.52, 22.84, 22.84, 9999.0, 9999.0, 9999.0, 24.0, 9999.0, 22.39, 9999.0, 22.84, 22.61, 22.32, 22.43, 22.43
2026-09-22, 06:42:49, 22.5, 22.52, 22.82, 22.84, 9999.0, 9999.0, 9999.0, 24.02, 9999.0, 22.39, 9999.0, 22.82, 22.64, 22.34, 22.43, 22.41
2026-09-22, 06:42:53, 22.5, 22.55, 22.8, 22.82, 9999.0, 9999.0, 9999.0, 24.05, 9999.0, 22.39, 9999.0, 22.8, 22.64, 22.34, 22.43, 22.39
2026-09-22, 06:42:57, 22.5, 22.52, 22.82, 22.82, 9999.0, 9999.0, 9999.0, 24.07, 9999.0, 22.36, 9999.0, 22.77, 22.64, 22.34, 22.41, 22.39
2026-09-22, 06:43:01, 22.5, 22.52, 22.82, 22.82, 9999.0, 9999.0, 9999.0, 24.09, 9999.0, 22.34, 9999.0, 22.75, 22.64, 22.32, 22.43, 22.41
2026-09-22, 06:43:05, 22.5, 22.52, 22.82, 22.84, 9999.0, 9999.0, 9999.0, 24.11, 9999.0, 22.32, 9999.0, 22.75, 22.61, 22.32, 22.43, 22.41
2026-09-22, 06:43:09, 22.5, 22.52, 22.82, 22.84, 9999.0, 9999.0, 9999.0, 24.14, 9999.0, 22.3, 9999.0, 22.75, 22.59, 22.34, 22.43, 22.39
2026-09-22, 06:43:13, 22.48, 22.52, 22.82, 22.84, 9999.0, 9999.0, 9999.0, 24.14, 9999.0, 22.27, 9999.0, 22.77, 22.57, 22.32, 22.45, 22.39
2026-09-22, 06:43:17, 22.48, 22.52, 22.8, 22.82, 9999.0, 9999.0, 9999.0, 24.07, 9999.0, 22.25, 9999.0, 22.8, 22.59, 22.32, 22.45, 22.39
2026-09-22, 06:43:21, 22.48, 22.52, 22.8, 22.82, 9999.0, 9999.0, 9999.0, 24.0, 9999.0, 22.23, 9999.0, 22.82, 22.61, 22.32, 22.45, 22.41
2026-09-22, 06:43:25, 22.48, 22.52, 22.8, 22.8, 9999.0, 9999.0, 9999.0, 23.95, 9999.0, 22.2, 9999.0, 22.84, 22.59, 22.3, 22.45, 22.41
2026-09-22, 06:43:29, 22.45, 22.52, 22.77, 22.82, 9999.0, 9999.0, 9999.0, 23.91, 9999.0, 22.23, 9999.0, 22.86, 22.61, 22.3, 22.45, 22.43
2026-09-22, 06:43:33, 22.45, 22.52, 22.77, 22.84, 9999.0, 9999.0, 9999.0, 23.84, 9999.0, 22.23, 9999.0, 22.86, 22.59, 22.27, 22.45, 22.45
2026-09-22, 06:43:37, 22.45, 22.5, 22.77, 22.84, 9999.0, 9999.0, 9999.0, 23.8, 9999.0, 22.23, 9999.0, 22.89, 22.59, 22.3, 22.45, 22.48
2026-09-22, 06:43:41, 22.45, 22.52, 22.75, 22.84, 9999.0, 9999.0, 9999.0, 23.75, 9999.0, 22.25, 9999.0, 22.91, 22.61, 22.3, 22.45, 22.48
2026-09-22, 06:43:45, 22.45, 22.52, 22.75, 22.84, 9999.0, 9999.0, 9999.0, 23.73, 9999.0, 22.25, 9999.0, 22.93, 22.61, 22.3, 22.45, 22.48
2026-09-22, 06:43:49, 22.45, 22.52, 22.77, 22.82, 9999.0, 9999.0, 9999.0, 23.75, 9999.0, 22.27, 9999.0, 22.93, 22.64, 22.32, 22.45, 22.45
2026-09-22, 06:43:53, 22.45, 22.52, 22.77, 22.84, 9999.0, 9999.0, 9999.0, 23.77, 9999.0, 22.27, 9999.0, 22.93, 22.64, 22.32, 22.43, 22.48
2026-09-22, 06:43:57, 22.48, 22.52, 22.77, 22.84, 9999.0, 9999.0, 9999.0, 23.82, 9999.0, 22.27, 9999.0, 22.91, 22.64, 22.34, 22.43, 22.48
2026-09-22, 06:44:01, 22.48, 22.52, 22.77, 22.84, 9999.0, 9999.0, 9999.0, 23.84, 9999.0, 22.27, 9999.0, 22.89, 22.61, 22.34, 22.43, 22.45
2026-09-22, 06:44:05, 22.48, 22.52, 22.8, 22.84, 9999.0, 9999.0, 9999.0, 23.86, 9999.0, 22.3, 9999.0, 22.86, 22.59, 22.34, 22.43, 22.45
2026-09-22, 06:44:09, 22.48, 22.52, 22.8, 22.84, 9999.0, 9999.0, 9999.0, 23.89, 9999.0, 22.32, 9999.0, 22.84, 22.59, 22.36, 22.43, 22.45
2026-09-22, 06:44:13, 22.48, 22.52, 22.8, 22.82, 9999.0, 9999.0, 9999.0, 23.91, 9999.0, 22.3, 9999.0, 22.82, 22.57, 22.39, 22.43, 22.45
2026-09-22, 06:44:17, 22.48, 22.52, 22.8, 22.8, 9999.0, 9999.0, 9999.0, 23.95, 9999.0, 22.27, 9999.0, 22.82, 22.57, 22.39, 22.43, 22.45
2026-09-22, 06:44:21, 22.48, 22.52, 22.82, 22.8, 9999.0, 9999.0, 9999.0, 23.98, 9999.0, 22.25, 9999.0, 22.8, 22.55, 22.36, 22.43, 22.43
2026-09-22, 06:44:25, 22.48, 22.5, 22.84, 22.8, 9999.0, 9999.0, 9999.0, 24.0, 9999.0, 22.2, 9999.0, 22.8, 22.52, 22.39, 22.45, 22.43
2026-09-22, 06:44:29, 22.48, 22.5, 22.86, 22.82, 9999.0, 9999.0, 9999.0, 24.0, 9999.0, 22.2, 9999.0, 22.8, 22.52, 22.39, 22.43, 22.43
2026-09-22, 06:44:33, 22.48, 22.5, 22.84, 22.82, 9999.0, 9999.0, 9999.0, 23.95, 9999.0, 22.18, 9999.0, 22.82, 22.5, 22.39, 22.43, 22.45
2026-09-22, 06:44:37, 22.48, 22.5, 22.86, 22.8, 9999.0, 9999.0, 9999.0, 23.91, 9999.0, 22.16, 9999.0, 22.84, 22.52, 22.39, 22.45, 22.45
2026-09-22, 06:44:41, 22.48, 22.5, 22.89, 22.8, 9999.0, 9999.0, 9999.0, 23.86, 9999.0, 22.14, 9999.0, 22.86, 22.52, 22.36, 22.45, 22.43
2026-09-22, 06:44:45, 22.48, 22.5, 22.91, 22.8, 9999.0, 9999.0, 9999.0, 23.82, 9999.0, 22.14, 9999.0, 22.86, 22.52, 22.39, 22.45, 22.43
2026-09-22, 06:44:49, 22.45, 22.5, 22.89, 22.8, 9999.0, 9999.0, 9999.0, 23.77, 9999.0, 22.14, 9999.0, 22.86, 22.52, 22.39, 22.45, 22.43
2026-09-22, 06:44:53, 22.45, 22.5, 22.89, 22.82, 9999.0, 9999.0, 9999.0, 23.73, 9999.0, 22.16, 9999.0, 22.86, 22.52, 22.36, 22.45, 22.43
2026-09-22, 06:44:57, 22.48, 22.5, 22.89, 22.82, 9999.0, 9999.0, 9999.0, 23.68, 9999.0, 22.16, 9999.0, 22.89, 22.55, 22.34, 22.48, 22.43
2026-09-22, 06:45:01, 22.48, 22.5, 22.91, 22.84, 9999.0, 9999.0, 9999.0, 23.64, 9999.0, 22.2, 9999.0, 22.89, 22.57, 22.36, 22.48, 22.43
2026-09-22, 06:45:05, 22.48, 22.5, 22.89, 22.86, 9999.0, 9999.0, 9999.0, 23.68, 9999.0, 22.23, 9999.0, 22.89, 22.57, 22.39, 22.45, 22.45
2026-09-22, 06:45:09, 22.48, 22.5, 22.86, 22.86, 9999.0, 9999.0, 9999.0, 23.73, 9999.0, 22.25, 9999.0, 22.86, 22.59, 22.36, 22.45, 22.45
2026-09-22, 06:45:13, 22.48, 22.5, 22.86, 22.84, 9999.0, 9999.0, 9999.0, 23.75, 9999.0, 22.25, 9999.0, 22.84, 22.61, 22.36, 22.48, 22.43
2026-09-22, 06:45:17, 22.48, 22.5, 22.86, 22.84, 9999.0, 9999.0, 9999.0, 23.77, 9999.0, 22.25, 9999.0, 22.82, 22.61, 22.34, 22.45, 22.43
2026-09-22, 06:45:21, 22.48, 22.5, 22.84, 22.84, 9999.0, 9999.0, 9999.0, 23.8, 9999.0, 22.27, 9999.0, 22.8, 22.59, 22.32, 22.45, 22.43
2026-09-22, 06:45:25, 22.48, 22.5, 22.82, 22.82, 9999.0, 9999.0, 9999.0, 23.82, 9999.0, 22.3, 9999.0, 22.77, 22.59, 22.34, 22.45, 22.45
2026-09-22, 06:45:29, 22.48, 22.5, 22.8, 22.82, 9999.0, 9999.0, 9999.0, 23.86, 9999.0, 22.3, 9999.0, 22.77, 22.59, 22.32, 22.45, 22.48
2026-09-22, 06:45:34, 22.5, 22.5, 22.8, 22.82, 9999.0, 9999.0, 9999.0, 23.91, 9999.0, 22.3, 9999.0, 22.77, 22.59, 22.34, 22.45, 22.48
2026-09-22, 06:45:38, 22.5, 22.5, 22.8, 22.8, 9999.0, 9999.0, 9999.0, 23.93, 9999.0, 22.27, 9999.0, 22.77, 22.59, 22.36, 22.45, 22.48
2026-09-22, 06:45:42, 22.48, 22.5, 22.8, 22.8, 9999.0, 9999.0, 9999.0, 23.95, 9999.0, 22.27, 9999.0, 22.75, 22.57, 22.36, 22.45, 22.48
2026-09-22, 06:45:46, 22.48, 22.5, 22.77, 22.77, 9999.0, 9999.0, 9999.0, 23.98, 9999.0, 22.23, 9999.0, 22.75, 22.55, 22.34, 22.45, 22.48
2026-09-22, 06:45:50, 22.48, 22.5, 22.77, 22.75, 9999.0, 9999.0, 9999.0, 23.93, 9999.0, 22.2, 9999.0, 22.77, 22.55, 22.32, 22.48, 22.48
2026-09-22, 06:45:54, 22.48, 22.5, 22.77, 22.77, 9999.0, 9999.0, 9999.0, 23.89, 9999.0, 22.18, 9999.0, 22.8, 22.52, 22.32, 22.48, 22.48
2026-09-22, 06:45:58, 22.48, 22.5, 22.75, 22.77, 9999.0, 9999.0, 9999.0, 23.86, 9999.0, 22.18, 9999.0, 22.82, 22.5, 22.32, 22.48, 22.5
2026-09-22, 06:46:02, 22.48, 22.5, 22.75, 22.77, 9999.0, 9999.0, 9999.0, 23.84, 9999.0, 22.18, 9999.0, 22.84, 22.52, 22.32, 22.5, 22.5
2026-09-22, 06:46:06, 22.48, 22.5, 22.75, 22.77, 9999.0, 9999.0, 9999.0, 23.8, 9999.0, 22.18, 9999.0, 22.84, 22.52, 22.34, 22.5, 22.5
2026-09-22, 06:46:10, 22.45, 22.5, 22.75, 22.77, 9999.0, 9999.0, 9999.0, 23.75, 9999.0, 22.2, 9999.0, 22.86, 22.52, 22.34, 22.5, 22.48
2026-09-22, 06:46:14, 22.45, 22.5, 22.77, 22.77, 9999.0, 9999.0, 9999.0, 23.7, 9999.0, 22.2, 9999.0, 22.86, 22.52, 22.34, 22.5, 22.48
2026-09-22, 06:46:18, 22.45, 22.5, 22.77, 22.77, 9999.0, 9999.0, 9999.0, 23.73, 9999.0, 22.2, 9999.0, 22.86, 22.55, 22.32, 22.48, 22.48
2026-09-22, 06:46:22, 22.45, 22.5, 22.77, 22.8, 9999.0, 9999.0, 9999.0, 23.75, 9999.0, 22.2, 9999.0, 22.86, 22.55, 22.3, 22.48, 22.48
2026-09-22, 06:46:26, 22.48, 22.5, 22.77, 22.82, 9999.0, 9999.0, 9999.0, 23.77, 9999.0, 22.2, 9999.0, 22.86, 22.55, 22.3, 22.48, 22.48
2026-09-22, 06:46:30, 22.45, 22.5, 22.77, 22.82, 9999.0, 9999.0, 9999.0, 23.8, 9999.0, 22.23, 9999.0, 22.86, 22.55, 22.3, 22.48, 22.48
2026-09-22, 06:46:34, 22.45, 22.5, 22.8, 22.82, 9999.0, 9999.0, 9999.0, 23.82, 9999.0, 22.25, 9999.0, 22.84, 22.55, 22.32, 22.48, 22.48
2026-09-22, 06:46:38, 22.43, 22.5, 22.8, 22.8, 9999.0, 9999.0, 9999.0, 23.82, 9999.0, 22.27, 9999.0, 22.82, 22.55, 22.34, 22.45, 22.48
2026-09-22, 06:46:42, 22.43, 22.5, 22.8, 22.8, 9999.0, 9999.0, 9999.0, 23.82, 9999.0, 22.27, 9999.0, 22.8, 22.55, 22.36, 22.45, 22.48
2026-09-22, 06:46:46, 22.43, 22.5, 22.82, 22.8, 9999.0, 9999.0, 9999.0, 23.82, 9999.0, 22.27, 9999.0, 22.77, 22.52, 22.36, 22.45, 22.48
2026-09-22, 06:46:50, 22.43, 22.5, 22.82, 22.8, 9999.0, 9999.0, 9999.0, 23.86, 9999.0, 22.25, 9999.0, 22.77, 22.52, 22.34, 22.45, 22.48
2026-09-22, 06:46:54, 22.45, 22.5, 22.82, 22.8, 9999.0, 9999.0, 9999.0, 23.89, 9999.0, 22.2, 9999.0, 22.77, 22.52, 22.32, 22.45, 22.5
2026-09-22, 06:46:58, 22.45, 22.5, 22.82, 22.8, 9999.0, 9999.0, 9999.0, 23.91, 9999.0, 22.18, 9999.0, 22.8, 22.52, 22.32, 22.45, 22.5
2026-09-22, 06:47:02, 22.45, 22.5, 22.82, 22.8, 9999.0, 9999.0, 9999.0, 23.86, 9999.0, 22.16, 9999.0, 22.82, 22.52, 22.32, 22.48, 22.5
2026-09-22, 06:47:06, 22.45, 22.52, 22.82, 22.77, 9999.0, 9999.0, 9999.0, 23.84, 9999.0, 22.14, 9999.0, 22.84, 22.55, 22.34, 22.48, 22.5
2026-09-22, 06:47:10, 22.45, 22.52, 22.82, 22.75, 9999.0, 9999.0, 9999.0, 23.8, 9999.0, 22.09, 9999.0, 22.86, 22.55, 22.34, 22.48, 22.5
2026-09-22, 06:47:14, 22.48, 22.52, 22.82, 22.77, 9999.0, 9999.0, 9999.0, 23.75, 9999.0, 22.09, 9999.0, 22.86, 22.55, 22.36, 22.48, 22.5
2026-09-22, 06:47:18, 22.48, 22.55, 22.82, 22.77, 9999.0, 9999.0, 9999.0, 23.73, 9999.0, 22.07, 9999.0, 22.89, 22.55, 22.36, 22.48, 22.5
2026-09-22, 06:47:22, 22.5, 22.55, 22.82, 22.77, 9999.0, 9999.0, 9999.0, 23.73, 9999.0, 22.07, 9999.0, 22.91, 22.57, 22.36, 22.5, 22.5
2026-09-22, 06:47:26, 22.5, 22.55, 22.82, 22.77, 9999.0, 9999.0, 9999.0, 23.7, 9999.0, 22.07, 9999.0, 22.91, 22.59, 22.36, 22.5, 22.5
2026-09-22, 06:47:30, 22.5, 22.55, 22.82, 22.77, 9999.0, 9999.0, 9999.0, 23.68, 9999.0, 22.07, 9999.0, 22.93, 22.61, 22.39, 22.5, 22.5
2026-09-22, 06:47:34, 22.5, 22.55, 22.82, 22.8, 9999.0, 9999.0, 9999.0, 23.7, 9999.0, 22.09, 9999.0, 22.93, 22.64, 22.41, 22.5, 22.5
2026-09-22, 06:47:38, 22.5, 22.57, 22.82, 22.8, 9999.0, 9999.0, 9999.0, 23.75, 9999.0, 22.11, 9999.0, 22.91, 22.64, 22.41, 22.5, 22.5
2026-09-22, 06:47:42, 22.5, 22.57, 22.8, 22.82, 9999.0, 9999.0, 9999.0, 23.77, 9999.0, 22.14, 9999.0, 22.89, 22.66, 22.41, 22.5, 22.5
2026-09-22, 06:47:46, 22.5, 22.57, 22.8, 22.82, 9999.0, 9999.0, 9999.0, 23.8, 9999.0, 22.14, 9999.0, 22.86, 22.66, 22.41, 22.5, 22.5
2026-09-22, 06:47:50, 22.5, 22.55, 22.8, 22.82, 9999.0, 9999.0, 9999.0, 23.82, 9999.0, 22.16, 9999.0, 22.84, 22.64, 22.41, 22.5, 22.5
2026-09-22, 06:47:54, 22.5, 22.55, 22.8, 22.84, 9999.0, 9999.0, 9999.0, 23.86, 9999.0, 22.18, 9999.0, 22.82, 22.64, 22.41, 22.5, 22.5
2026-09-22, 06:47:58, 22.5, 22.55, 22.8, 22.82, 9999.0, 9999.0, 9999.0, 23.89, 9999.0, 22.16, 9999.0, 22.82, 22.64, 22.41, 22.5, 22.5
2026-09-22, 06:48:02, 22.5, 22.52, 22.77, 22.84, 9999.0, 9999.0, 9999.0, 23.89, 9999.0, 22.16, 9999.0, 22.8, 22.64, 22.41, 22.5, 22.5
2026-09-22, 06:48:06, 22.5, 22.52, 22.77, 22.86, 9999.0, 9999.0, 9999.0, 23.91, 9999.0, 22.14, 9999.0, 22.77, 22.61, 22.39, 22.5, 22.5
2026-09-22, 06:48:10, 22.5, 22.52, 22.77, 22.86, 9999.0, 9999.0, 9999.0, 23.93, 9999.0, 22.11, 9999.0, 22.77, 22.59, 22.36, 22.5, 22.5
2026-09-22, 06:48:14, 22.5, 22.52, 22.75, 22.89, 9999.0, 9999.0, 9999.0, 23.95, 9999.0, 22.09, 9999.0, 22.75, 22.57, 22.36, 22.5, 22.5
2026-09-22, 06:48:18, 22.5, 22.52, 22.75, 22.86, 9999.0, 9999.0, 9999.0, 23.91, 9999.0, 22.07, 9999.0, 22.75, 22.55, 22.36, 22.5, 22.5
2026-09-22, 06:48:22, 22.5, 22.5, 22.75, 22.86, 9999.0, 9999.0, 9999.0, 23.86, 9999.0, 22.05, 9999.0, 22.77, 22.55, 22.36, 22.5, 22.5
2026-09-22, 06:48:26, 22.5, 22.5, 22.75, 22.84, 9999.0, 9999.0, 9999.0, 23.84, 9999.0, 22.0, 9999.0, 22.8, 22.52, 22.39, 22.5, 22.5
2026-09-22, 06:48:30, 22.5, 22.5, 22.75, 22.84, 9999.0, 9999.0, 9999.0, 23.8, 9999.0, 22.02, 9999.0, 22.8, 22.5, 22.41, 22.5, 22.5
2026-09-22, 06:48:34, 22.48, 22.5, 22.75, 22.86, 9999.0, 9999.0, 9999.0, 23.77, 9999.0, 22.0, 9999.0, 22.82, 22.52, 22.39, 22.5, 22.5
2026-09-22, 06:48:38, 22.48, 22.5, 22.75, 22.86, 9999.0, 9999.0, 9999.0, 23.73, 9999.0, 22.02, 9999.0, 22.84, 22.55, 22.39, 22.5, 22.5
2026-09-22, 06:48:42, 22.48, 22.5, 22.75, 22.86, 9999.0, 9999.0, 9999.0, 23.7, 9999.0, 22.05, 9999.0, 22.86, 22.57, 22.39, 22.5, 22.5
2026-09-22, 06:48:46, 22.48, 22.5, 22.75, 22.86, 9999.0, 9999.0, 9999.0, 23.68, 9999.0, 22.07, 9999.0, 22.86, 22.59, 22.39, 22.5, 22.5
2026-09-22, 06:48:50, 22.48, 22.5, 22.77, 22.84, 9999.0, 9999.0, 9999.0, 23.68, 9999.0, 22.09, 9999.0, 22.86, 22.61, 22.41, 22.5, 22.5
2026-09-22, 06:48:54, 22.48, 22.5, 22.77, 22.84, 9999.0, 9999.0, 9999.0, 23.7, 9999.0, 22.09, 9999.0, 22.86, 22.61, 22.41, 22.5, 22.5
2026-09-22, 06:48:58, 22.48, 22.5, 22.77, 22.82, 9999.0, 9999.0, 9999.0, 23.75, 9999.0, 22.11, 9999.0, 22.86, 22.61, 22.39, 22.5, 22.5
2026-09-22, 06:49:02, 22.48, 22.5, 22.77, 22.82, 9999.0, 9999.0, 9999.0, 23.77, 9999.0, 22.14, 9999.0, 22.86, 22.61, 22.39, 22.5, 22.5
2026-09-22, 06:49:06, 22.48, 22.5, 22.77, 22.84, 9999.0, 9999.0, 9999.0, 23.8, 9999.0, 22.14, 9999.0, 22.84, 22.61, 22.39, 22.5, 22.5
2026-09-22, 06:49:10, 22.48, 22.5, 22.77, 22.86, 9999.0, 9999.0, 9999.0, 23.82, 9999.0, 22.16, 9999.0, 22.82, 22.61, 22.39, 22.5, 22.5
2026-09-22, 06:49:14, 22.48, 22.5, 22.77, 22.89, 9999.0, 9999.0, 9999.0, 23.86, 9999.0, 22.14, 9999.0, 22.82, 22.61, 22.39, 22.5, 22.5
2026-09-22, 06:49:18, 22.48, 22.5, 22.77, 22.86, 9999.0, 9999.0, 9999.0, 23.89, 9999.0, 22.14, 9999.0, 22.8, 22.59, 22.39, 22.5, 22.5
2026-09-22, 06:49:23, 22.48, 22.5, 22.77, 22.84, 9999.0, 9999.0, 9999.0, 23.93, 9999.0, 22.11, 9999.0, 22.77, 22.57, 22.41, 22.5, 22.5
2026-09-22, 06:49:27, 22.48, 22.5, 22.77, 22.84, 9999.0, 9999.0, 9999.0, 23.95, 9999.0, 22.09, 9999.0, 22.75, 22.55, 22.39, 22.48, 22.5
2026-09-22, 06:49:31, 22.48, 22.5, 22.77, 22.82, 9999.0, 9999.0, 9999.0, 23.98, 9999.0, 22.07, 9999.0, 22.77, 22.52, 22.36, 22.48, 22.5
2026-09-22, 06:49:35, 22.48, 22.5, 22.75, 22.82, 9999.0, 9999.0, 9999.0, 23.93, 9999.0, 22.05, 9999.0, 22.8, 22.5, 22.36, 22.48, 22.5
2026-09-22, 06:49:39, 22.48, 22.5, 22.75, 22.82, 9999.0, 9999.0, 9999.0, 23.89, 9999.0, 22.05, 9999.0, 22.82, 22.52, 22.39, 22.48, 22.5
2026-09-22, 06:49:43, 22.48, 22.5, 22.75, 22.82, 9999.0, 9999.0, 9999.0, 23.82, 9999.0, 22.02, 9999.0, 22.84, 22.52, 22.39, 22.48, 22.5
2026-09-22, 06:49:47, 22.48, 22.5, 22.75, 22.84, 9999.0, 9999.0, 9999.0, 23.77, 9999.0, 22.02, 9999.0, 22.86, 22.52, 22.39, 22.48, 22.5
2026-09-22, 06:49:51, 22.45, 22.5, 22.77, 22.84, 9999.0, 9999.0, 9999.0, 23.73, 9999.0, 22.02, 9999.0, 22.89, 22.55, 22.41, 22.48, 22.5
2026-09-22, 06:49:55, 22.45, 22.5, 22.8, 22.82, 9999.0, 9999.0, 9999.0, 23.68, 9999.0, 22.05, 9999.0, 22.91, 22.55, 22.39, 22.48, 22.5
2026-09-22, 06:49:59, 22.45, 22.5, 22.8, 22.82, 9999.0, 9999.0, 9999.0, 23.64, 9999.0, 22.07, 9999.0, 22.93, 22.57, 22.39, 22.48, 22.5
2026-09-22, 06:50:03, 22.48, 22.5, 22.8, 22.84, 9999.0, 9999.0, 9999.0, 23.66, 9999.0, 22.09, 9999.0, 22.93, 22.57, 22.41, 22.48, 22.5
2026-09-22, 06:50:07, 22.48, 22.5, 22.8, 22.86, 9999.0, 9999.0, 9999.0, 23.68, 9999.0, 22.11, 9999.0, 22.93, 22.57, 22.41, 22.48, 22.5
2026-09-22, 06:50:11, 22.48, 22.5, 22.8, 22.89, 9999.0, 9999.0, 9999.0, 23.73, 9999.0, 22.14, 9999.0, 22.93, 22.59, 22.43, 22.5, 22.5
2026-09-22, 06:50:15, 22.48, 22.5, 22.82, 22.91, 9999.0, 9999.0, 9999.0, 23.75, 9999.0, 22.16, 9999.0, 22.91, 22.59, 22.43, 22.5, 22.5
2026-09-22, 06:50:19, 22.48, 22.5, 22.82, 22.93, 9999.0, 9999.0, 9999.0, 23.8, 9999.0, 22.16, 9999.0, 22.89, 22.61, 22.41, 22.5, 22.5
2026-09-22, 06:50:23, 22.48, 22.5, 22.82, 22.93, 9999.0, 9999.0, 9999.0, 23.84, 9999.0, 22.16, 9999.0, 22.86, 22.59, 22.41, 22.5, 22.5
2026-09-22, 06:50:27, 22.48, 22.5, 22.82, 22.95, 9999.0, 9999.0, 9999.0, 23.89, 9999.0, 22.16, 9999.0, 22.84, 22.61, 22.43, 22.5, 22.5
2026-09-22, 06:50:31, 22.48, 22.5, 22.82, 22.95, 9999.0, 9999.0, 9999.0, 23.91, 9999.0, 22.14, 9999.0, 22.82, 22.61, 22.41, 22.5, 22.5
2026-09-22, 06:50:35, 22.5, 22.5, 22.82, 22.95, 9999.0, 9999.0, 9999.0, 23.93, 9999.0, 22.14, 9999.0, 22.8, 22.59, 22.41, 22.5, 22.5
2026-09-22, 06:50:39, 22.5, 22.5, 22.82, 22.98, 9999.0, 9999.0, 9999.0, 23.98, 9999.0, 22.11, 9999.0, 22.8, 22.61, 22.41, 22.5, 22.5
2026-09-22, 06:50:43, 22.5, 22.5, 22.82, 22.98, 9999.0, 9999.0, 9999.0, 24.0, 9999.0, 22.11, 9999.0, 22.77, 22.59, 22.41, 22.5, 22.5
2026-09-22, 06:50:47, 22.5, 22.5, 22.82, 22.95, 9999.0, 9999.0, 9999.0, 23.95, 9999.0, 22.09, 9999.0, 22.77, 22.59, 22.41, 22.5, 22.5
2026-09-22, 06:50:51, 22.5, 22.5, 22.82, 22.95, 9999.0, 9999.0, 9999.0, 23.91, 9999.0, 22.07, 9999.0, 22.8, 22.61, 22.41, 22.5, 22.5
2026-09-22, 06:50:55, 22.5, 22.5, 22.84, 22.95, 9999.0, 9999.0, 9999.0, 23.84, 9999.0, 22.05, 9999.0, 22.82, 22.59, 22.41, 22.5, 22.5
2026-09-22, 06:50:59, 22.5, 22.5, 22.84, 22.95, 9999.0, 9999.0, 9999.0, 23.8, 9999.0, 22.05, 9999.0, 22.84, 22.59, 22.41, 22.5, 22.5
2026-09-22, 06:51:03, 22.5, 22.5, 22.84, 22.95, 9999.0, 9999.0, 9999.0, 23.75, 9999.0, 22.07, 9999.0, 22.86, 22.59, 22.43, 22.5, 22.5
2026-09-22, 06:51:07, 22.5, 22.5, 22.84, 22.98, 9999.0, 9999.0, 9999.0, 23.7, 9999.0, 22.09, 9999.0, 22.89, 22.61, 22.43, 22.5, 22.5
2026-09-22, 06:51:11, 22.5, 22.5, 22.86, 22.95, 9999.0, 9999.0, 9999.0, 23.66, 9999.0, 22.14, 9999.0, 22.91, 22.61, 22.43, 22.5, 22.5
2026-09-22, 06:51:15, 22.5, 22.5, 22.86, 22.95, 9999.0, 9999.0, 9999.0, 23.64, 9999.0, 22.16, 9999.0, 22.91, 22.64, 22.45, 22.5, 22.5
2026-09-22, 06:51:19, 22.5, 22.5, 22.84, 22.95, 9999.0, 9999.0, 9999.0, 23.68, 9999.0, 22.18, 9999.0, 22.93, 22.66, 22.43, 22.5, 22.5
2026-09-22, 06:51:23, 22.5, 22.52, 22.82, 22.95, 9999.0, 9999.0, 9999.0, 23.7, 9999.0, 22.2, 9999.0, 22.93, 22.66, 22.45, 22.5, 22.5
2026-09-22, 06:51:27, 22.5, 22.52, 22.82, 22.95, 9999.0, 9999.0, 9999.0, 23.73, 9999.0, 22.2, 9999.0, 22.93, 22.68, 22.45, 22.5, 22.5
2026-09-22, 06:51:31, 22.5, 22.52, 22.82, 22.98, 9999.0, 9999.0, 9999.0, 23.75, 9999.0, 22.23, 9999.0, 22.93, 22.7, 22.45, 22.5, 22.5
2026-09-22, 06:51:35, 22.5, 22.52, 22.82, 22.98, 9999.0, 9999.0, 9999.0, 23.77, 9999.0, 22.25, 9999.0, 22.91, 22.68, 22.45, 22.5, 22.5
2026-09-22, 06:51:39, 22.5, 22.52, 22.82, 22.98, 9999.0, 9999.0, 9999.0, 23.8, 9999.0, 22.27, 9999.0, 22.89, 22.68, 22.45, 22.5, 22.5
2026-09-22, 06:51:43, 22.5, 22.52, 22.8, 22.98, 9999.0, 9999.0, 9999.0, 23.82, 9999.0, 22.27, 9999.0, 22.86, 22.68, 22.48, 22.5, 22.5
2026-09-22, 06:51:47, 22.5, 22.52, 22.8, 22.95, 9999.0, 9999.0, 9999.0, 23.84, 9999.0, 22.27, 9999.0, 22.84, 22.66, 22.48, 22.5, 22.5
2026-09-22, 06:51:51, 22.5, 22.52, 22.82, 22.95, 9999.0, 9999.0, 9999.0, 23.89, 9999.0, 22.27, 9999.0, 22.82, 22.64, 22.45, 22.5, 22.5
2026-09-22, 06:51:55, 22.5, 22.52, 22.82, 22.98, 9999.0, 9999.0, 9999.0, 23.91, 9999.0, 22.25, 9999.0, 22.82, 22.61, 22.43, 22.5, 22.52
2026-09-22, 06:51:59, 22.5, 22.52, 22.84, 22.95, 9999.0, 9999.0, 9999.0, 23.93, 9999.0, 22.25, 9999.0, 22.82, 22.59, 22.43, 22.5, 22.52
2026-09-22, 06:52:03, 22.5, 22.52, 22.84, 22.95, 9999.0, 9999.0, 9999.0, 23.89, 9999.0, 22.23, 9999.0, 22.82, 22.57, 22.45, 22.5, 22.52
2026-09-22, 06:52:07, 22.5, 22.5, 22.84, 22.95, 9999.0, 9999.0, 9999.0, 23.84, 9999.0, 22.2, 9999.0, 22.82, 22.55, 22.45, 22.5, 22.52
2026-09-22, 06:52:11, 22.5, 22.5, 22.84, 22.95, 9999.0, 9999.0, 9999.0, 23.82, 9999.0, 22.18, 9999.0, 22.84, 22.52, 22.45, 22.5, 22.52
2026-09-22, 06:52:15, 22.5, 22.5, 22.84, 22.95, 9999.0, 9999.0, 9999.0, 23.8, 9999.0, 22.18, 9999.0, 22.86, 22.5, 22.45, 22.5, 22.52
2026-09-22, 06:52:19, 22.5, 22.5, 22.86, 22.95, 9999.0, 9999.0, 9999.0, 23.77, 9999.0, 22.18, 9999.0, 22.89, 22.52, 22.45, 22.5, 22.52
2026-09-22, 06:52:23, 22.5, 22.5, 22.84, 22.93, 9999.0, 9999.0, 9999.0, 23.75, 9999.0, 22.2, 9999.0, 22.89, 22.55, 22.45, 22.5, 22.52
2026-09-22, 06:52:27, 22.5, 22.5, 22.86, 22.93, 9999.0, 9999.0, 9999.0, 23.73, 9999.0, 22.23, 9999.0, 22.89, 22.57, 22.45, 22.5, 22.52
2026-09-22, 06:52:31, 22.5, 22.5, 22.89, 22.95, 9999.0, 9999.0, 9999.0, 23.7, 9999.0, 22.25, 9999.0, 22.89, 22.59, 22.45, 22.5, 22.52
2026-09-22, 06:52:35, 22.5, 22.5, 22.86, 22.95, 9999.0, 9999.0, 9999.0, 23.73, 9999.0, 22.27, 9999.0, 22.89, 22.61, 22.45, 22.5, 22.52
2026-09-22, 06:52:39, 22.5, 22.5, 22.86, 22.95, 9999.0, 9999.0, 9999.0, 23.77, 9999.0, 22.27, 9999.0, 22.86, 22.64, 22.45, 22.5, 22.5
2026-09-22, 06:52:43, 22.5, 22.5, 22.84, 22.98, 9999.0, 9999.0, 9999.0, 23.82, 9999.0, 22.27, 9999.0, 22.86, 22.66, 22.45, 22.5, 22.5
2026-09-22, 06:52:47, 22.5, 22.52, 22.86, 22.98, 9999.0, 9999.0, 9999.0, 23.86, 9999.0, 22.27, 9999.0, 22.84, 22.66, 22.45, 22.5, 22.5
2026-09-22, 06:52:51, 22.5, 22.52, 22.86, 22.98, 9999.0, 9999.0, 9999.0, 23.89, 9999.0, 22.27, 9999.0, 22.82, 22.68, 22.45, 22.5, 22.5
2026-09-22, 06:52:55, 22.5, 22.52, 22.86, 22.98, 9999.0, 9999.0, 9999.0, 23.91, 9999.0, 22.27, 9999.0, 22.8, 22.68, 22.45, 22.5, 22.5
2026-09-22, 06:52:59, 22.5, 22.52, 22.89, 22.98, 9999.0, 9999.0, 9999.0, 23.93, 9999.0, 22.25, 9999.0, 22.77, 22.68, 22.45, 22.5, 22.5
2026-09-22, 06:53:03, 22.5, 22.52, 22.86, 22.98, 9999.0, 9999.0, 9999.0, 23.95, 9999.0, 22.23, 9999.0, 22.75, 22.66, 22.45, 22.5, 22.5
2026-09-22, 06:53:07, 22.5, 22.52, 22.89, 22.98, 9999.0, 9999.0, 9999.0, 24.0, 9999.0, 22.18, 9999.0, 22.77, 22.64, 22.45, 22.5, 22.5
2026-09-22, 06:53:12, 22.5, 22.52, 22.86, 22.98, 9999.0, 9999.0, 9999.0, 24.05, 9999.0, 22.14, 9999.0, 22.77, 22.61, 22.45, 22.5, 22.5
2026-09-22, 06:53:16, 22.5, 22.52, 22.86, 22.98, 9999.0, 9999.0, 9999.0, 24.07, 9999.0, 22.11, 9999.0, 22.8, 22.59, 22.45, 22.5, 22.5
2026-09-22, 06:53:20, 22.5, 22.52, 22.89, 22.98, 9999.0, 9999.0, 9999.0, 24.02, 9999.0, 22.07, 9999.0, 22.82, 22.59, 22.48, 22.5, 22.5
2026-09-22, 06:53:24, 22.5, 22.52, 22.86, 22.95, 9999.0, 9999.0, 9999.0, 23.98, 9999.0, 22.05, 9999.0, 22.84, 22.59, 22.5, 22.5, 22.5
2026-09-22, 06:53:28, 22.5, 22.52, 22.89, 22.95, 9999.0, 9999.0, 9999.0, 23.93, 9999.0, 22.05, 9999.0, 22.86, 22.57, 22.5, 22.5, 22.5
2026-09-22, 06:53:32, 22.5, 22.5, 22.86, 22.95, 9999.0, 9999.0, 9999.0, 23.89, 9999.0, 22.07, 9999.0, 22.89, 22.59, 22.48, 22.5, 22.5
2026-09-22, 06:53:36, 22.5, 22.5, 22.86, 22.93, 9999.0, 9999.0, 9999.0, 23.84, 9999.0, 22.09, 9999.0, 22.91, 22.57, 22.45, 22.5, 22.5
2026-09-22, 06:53:40, 22.5, 22.5, 22.89, 22.93, 9999.0, 9999.0, 9999.0, 23.8, 9999.0, 22.14, 9999.0, 22.91, 22.59, 22.45, 22.5, 22.5
2026-09-22, 06:53:44, 22.5, 22.5, 22.89, 22.93, 9999.0, 9999.0, 9999.0, 23.75, 9999.0, 22.16, 9999.0, 22.93, 22.61, 22.45, 22.5, 22.5
2026-09-22, 06:53:48, 22.5, 22.5, 22.91, 22.93, 9999.0, 9999.0, 9999.0, 23.77, 9999.0, 22.2, 9999.0, 22.95, 22.61, 22.43, 22.5, 22.5
2026-09-22, 06:53:52, 22.5, 22.5, 22.89, 22.95, 9999.0, 9999.0, 9999.0, 23.8, 9999.0, 22.25, 9999.0, 22.93, 22.64, 22.43, 22.5, 22.5
2026-09-22, 06:53:56, 22.5, 22.5, 22.89, 22.95, 9999.0, 9999.0, 9999.0, 23.82, 9999.0, 22.27, 9999.0, 22.93, 22.64, 22.43, 22.5, 22.5
2026-09-22, 06:54:00, 22.5, 22.5, 22.89, 22.95, 9999.0, 9999.0, 9999.0, 23.84, 9999.0, 22.27, 9999.0, 22.91, 22.64, 22.41, 22.5, 22.5
2026-09-22, 06:54:04, 22.5, 22.5, 22.86, 22.95, 9999.0, 9999.0, 9999.0, 23.86, 9999.0, 22.3, 9999.0, 22.89, 22.61, 22.41, 22.5, 22.5
2026-09-22, 06:54:08, 22.5, 22.5, 22.86, 22.98, 9999.0, 9999.0, 9999.0, 23.89, 9999.0, 22.32, 9999.0, 22.86, 22.59, 22.41, 22.5, 22.5
2026-09-22, 06:54:12, 22.5, 22.5, 22.84, 22.98, 9999.0, 9999.0, 9999.0, 23.91, 9999.0, 22.32, 9999.0, 22.84, 22.61, 22.41, 22.5, 22.5
2026-09-22, 06:54:16, 22.5, 22.52, 22.84, 22.95, 9999.0, 9999.0, 9999.0, 23.93, 9999.0, 22.32, 9999.0, 22.82, 22.59, 22.43, 22.5, 22.5
2026-09-22, 06:54:20, 22.5, 22.52, 22.86, 22.98, 9999.0, 9999.0, 9999.0, 23.98, 9999.0, 22.32, 9999.0, 22.8, 22.59, 22.45, 22.5, 22.5
2026-09-22, 06:54:24, 22.5, 22.52, 22.84, 22.98, 9999.0, 9999.0, 9999.0, 24.0, 9999.0, 22.3, 9999.0, 22.82, 22.57, 22.45, 22.5, 22.5
2026-09-22, 06:54:28, 22.5, 22.52, 22.84, 22.95, 9999.0, 9999.0, 9999.0, 24.02, 9999.0, 22.3, 9999.0, 22.8, 22.55, 22.43, 22.5, 22.5
2026-09-22, 06:54:32, 22.5, 22.52, 22.82, 22.95, 9999.0, 9999.0, 9999.0, 23.98, 9999.0, 22.27, 9999.0, 22.8, 22.57, 22.45, 22.5, 22.5
2026-09-22, 06:54:36, 22.5, 22.52, 22.84, 22.95, 9999.0, 9999.0, 9999.0, 23.93, 9999.0, 22.25, 9999.0, 22.82, 22.57, 22.45, 22.5, 22.5
2026-09-22, 06:54:40, 22.5, 22.52, 22.84, 22.95, 9999.0, 9999.0, 9999.0, 23.89, 9999.0, 22.25, 9999.0, 22.84, 22.57, 22.45, 22.5, 22.5
2026-09-22, 06:54:44, 22.48, 22.52, 22.84, 22.93, 9999.0, 9999.0, 9999.0, 23.84, 9999.0, 22.27, 9999.0, 22.86, 22.57, 22.48, 22.5, 22.5
2026-09-22, 06:54:48, 22.48, 22.52, 22.84, 22.93, 9999.0, 9999.0, 9999.0, 23.8, 9999.0, 22.3, 9999.0, 22.86, 22.57, 22.48, 22.5, 22.5
2026-09-22, 06:54:52, 22.48, 22.52, 22.86, 22.93, 9999.0, 9999.0, 9999.0, 23.75, 9999.0, 22.32, 9999.0, 22.89, 22.59, 22.48, 22.5, 22.5
2026-09-22, 06:54:56, 22.48, 22.52, 22.89, 22.93, 9999.0, 9999.0, 9999.0, 23.7, 9999.0, 22.36, 9999.0, 22.89, 22.59, 22.48, 22.5, 22.5
2026-09-22, 06:55:00, 22.48, 22.5, 22.91, 22.95, 9999.0, 9999.0, 9999.0, 23.66, 9999.0, 22.39, 9999.0, 22.91, 22.61, 22.48, 22.5, 22.5
2026-09-22, 06:55:04, 22.48, 22.5, 22.91, 22.95, 9999.0, 9999.0, 9999.0, 23.68, 9999.0, 22.41, 9999.0, 22.91, 22.61, 22.45, 22.5, 22.5
2026-09-22, 06:55:08, 22.48, 22.5, 22.91, 22.95, 9999.0, 9999.0, 9999.0, 23.73, 9999.0, 22.43, 9999.0, 22.89, 22.61, 22.45, 22.5, 22.5
2026-09-22, 06:55:12, 22.48, 22.5, 22.89, 22.95, 9999.0, 9999.0, 9999.0, 23.77, 9999.0, 22.45, 9999.0, 22.89, 22.61, 22.48, 22.5, 22.5
2026-09-22, 06:55:16, 22.48, 22.5, 22.91, 22.95, 9999.0, 9999.0, 9999.0, 23.8, 9999.0, 22.48, 9999.0, 22.86, 22.59, 22.48, 22.5, 22.5
2026-09-22, 06:55:20, 22.48, 22.5, 22.89, 22.93, 9999.0, 9999.0, 9999.0, 23.82, 9999.0, 22.5, 9999.0, 22.84, 22.59, 22.48, 22.5, 22.5
2026-09-22, 06:55:24, 22.48, 22.5, 22.91, 22.91, 9999.0, 9999.0, 9999.0, 23.84, 9999.0, 22.52, 9999.0, 22.82, 22.59, 22.45, 22.5, 22.5
2026-09-22, 06:55:28, 22.5, 22.5, 22.89, 22.91, 9999.0, 9999.0, 9999.0, 23.86, 9999.0, 22.52, 9999.0, 22.8, 22.59, 22.45, 22.5, 22.5
2026-09-22, 06:55:32, 22.5, 22.5, 22.91, 22.91, 9999.0, 9999.0, 9999.0, 23.91, 9999.0, 22.52, 9999.0, 22.8, 22.59, 22.45, 22.5, 22.5
2026-09-22, 06:55:36, 22.5, 22.5, 22.89, 22.91, 9999.0, 9999.0, 9999.0, 23.95, 9999.0, 22.52, 9999.0, 22.77, 22.57, 22.45, 22.5, 22.5
2026-09-22, 06:55:40, 22.5, 22.5, 22.86, 22.91, 9999.0, 9999.0, 9999.0, 24.0, 9999.0, 22.5, 9999.0, 22.8, 22.57, 22.45, 22.48, 22.5
2026-09-22, 06:55:44, 22.5, 22.5, 22.86, 22.91, 9999.0, 9999.0, 9999.0, 24.05, 9999.0, 22.5, 9999.0, 22.77, 22.55, 22.43, 22.48, 22.5
2026-09-22, 06:55:48, 22.5, 22.5, 22.86, 22.91, 9999.0, 9999.0, 9999.0, 24.0, 9999.0, 22.5, 9999.0, 22.8, 22.55, 22.43, 22.48, 22.5
2026-09-22, 06:55:52, 22.5, 22.5, 22.86, 22.91, 9999.0, 9999.0, 9999.0, 23.95, 9999.0, 22.48, 9999.0, 22.82, 22.57, 22.43, 22.48, 22.5
2026-09-22, 06:55:56, 22.5, 22.5, 22.89, 22.93, 9999.0, 9999.0, 9999.0, 23.91, 9999.0, 22.45, 9999.0, 22.84, 22.59, 22.43, 22.48, 22.5
2026-09-22, 06:56:00, 22.5, 22.5, 22.86, 22.93, 9999.0, 9999.0, 9999.0, 23.89, 9999.0, 22.45, 9999.0, 22.84, 22.61, 22.43, 22.48, 22.5
2026-09-22, 06:56:04, 22.5, 22.5, 22.89, 22.95, 9999.0, 9999.0, 9999.0, 23.86, 9999.0, 22.45, 9999.0, 22.86, 22.61, 22.41, 22.48, 22.5
2026-09-22, 06:56:08, 22.5, 22.5, 22.89, 22.98, 9999.0, 9999.0, 9999.0, 23.82, 9999.0, 22.48, 9999.0, 22.86, 22.64, 22.43, 22.48, 22.5
2026-09-22, 06:56:12, 22.5, 22.5, 22.91, 23.0, 9999.0, 9999.0, 9999.0, 23.8, 9999.0, 22.5, 9999.0, 22.89, 22.66, 22.43, 22.45, 22.5
2026-09-22, 06:56:16, 22.5, 22.5, 22.91, 23.0, 9999.0, 9999.0, 9999.0, 23.75, 9999.0, 22.5, 9999.0, 22.89, 22.68, 22.41, 22.45, 22.5
2026-09-22, 06:56:20, 22.5, 22.5, 22.93, 22.98, 9999.0, 9999.0, 9999.0, 23.77, 9999.0, 22.5, 9999.0, 22.89, 22.7, 22.39, 22.45, 22.5
2026-09-22, 06:56:24, 22.5, 22.5, 22.95, 22.95, 9999.0, 9999.0, 9999.0, 23.8, 9999.0, 22.5, 9999.0, 22.86, 22.7, 22.39, 22.48, 22.5
2026-09-22, 06:56:28, 22.5, 22.5, 22.95, 22.95, 9999.0, 9999.0, 9999.0, 23.8, 9999.0, 22.5, 9999.0, 22.86, 22.73, 22.41, 22.48, 22.5
2026-09-22, 06:56:32, 22.5, 22.5, 22.95, 22.93, 9999.0, 9999.0, 9999.0, 23.84, 9999.0, 22.5, 9999.0, 22.84, 22.75, 22.41, 22.48, 22.5
2026-09-22, 06:56:36, 22.5, 22.5, 22.98, 22.93, 9999.0, 9999.0, 9999.0, 23.86, 9999.0, 22.52, 9999.0, 22.82, 22.75, 22.39, 22.48, 22.5
2026-09-22, 06:56:40, 22.5, 22.5, 22.95, 22.93, 9999.0, 9999.0, 9999.0, 23.89, 9999.0, 22.55, 9999.0, 22.8, 22.73, 22.39, 22.48, 22.5
2026-09-22, 06:56:44, 22.5, 22.5, 22.98, 22.91, 9999.0, 9999.0, 9999.0, 23.91, 9999.0, 22.55, 9999.0, 22.8, 22.7, 22.39, 22.48, 22.5
2026-09-22, 06:56:48, 22.5, 22.5, 22.98, 22.91, 9999.0, 9999.0, 9999.0, 23.93, 9999.0, 22.52, 9999.0, 22.77, 22.68, 22.39, 22.48, 22.5
2026-09-22, 06:56:52, 22.5, 22.5, 22.95, 22.89, 9999.0, 9999.0, 9999.0, 23.98, 9999.0, 22.5, 9999.0, 22.77, 22.66, 22.36, 22.48, 22.5
2026-09-22, 06:56:56, 22.5, 22.5, 22.93, 22.89, 9999.0, 9999.0, 9999.0, 24.02, 9999.0, 22.48, 9999.0, 22.77, 22.64, 22.34, 22.5, 22.5
2026-09-22, 06:57:01, 22.5, 22.5, 22.91, 22.89, 9999.0, 9999.0, 9999.0, 24.05, 9999.0, 22.48, 9999.0, 22.77, 22.61, 22.36, 22.5, 22.5
2026-09-22, 06:57:05, 22.5, 22.5, 22.91, 22.91, 9999.0, 9999.0, 9999.0, 24.0, 9999.0, 22.45, 9999.0, 22.8, 22.61, 22.36, 22.5, 22.5
2026-09-22, 06:57:09, 22.5, 22.5, 22.89, 22.93, 9999.0, 9999.0, 9999.0, 23.95, 9999.0, 22.45, 9999.0, 22.82, 22.61, 22.36, 22.5, 22.5
2026-09-22, 06:57:13, 22.5, 22.5, 22.86, 22.93, 9999.0, 9999.0, 9999.0, 23.93, 9999.0, 22.43, 9999.0, 22.84, 22.61, 22.36, 22.5, 22.5
2026-09-22, 06:57:17, 22.5, 22.5, 22.86, 22.95, 9999.0, 9999.0, 9999.0, 23.89, 9999.0, 22.43, 9999.0, 22.86, 22.61, 22.39, 22.5, 22.5
2026-09-22, 06:57:21, 22.5, 22.5, 22.84, 22.93, 9999.0, 9999.0, 9999.0, 23.84, 9999.0, 22.43, 9999.0, 22.86, 22.61, 22.41, 22.5, 22.5
2026-09-22, 06:57:25, 22.5, 22.5, 22.86, 22.91, 9999.0, 9999.0, 9999.0, 23.8, 9999.0, 22.45, 9999.0, 22.89, 22.64, 22.41, 22.5, 22.5
2026-09-22, 06:57:29, 22.5, 22.5, 22.86, 22.91, 9999.0, 9999.0, 9999.0, 23.75, 9999.0, 22.48, 9999.0, 22.89, 22.66, 22.41, 22.5, 22.5
2026-09-22, 06:57:33, 22.5, 22.5, 22.84, 22.91, 9999.0, 9999.0, 9999.0, 23.7, 9999.0, 22.52, 9999.0, 22.89, 22.66, 22.43, 22.5, 22.5
2026-09-22, 06:57:37, 22.5, 22.5, 22.84, 22.93, 9999.0, 9999.0, 9999.0, 23.73, 9999.0, 22.55, 9999.0, 22.89, 22.68, 22.45, 22.5, 22.5
2026-09-22, 06:57:41, 22.5, 22.52, 22.86, 22.93, 9999.0, 9999.0, 9999.0, 23.75, 9999.0, 22.57, 9999.0, 22.86, 22.68, 22.45, 22.5, 22.5
2026-09-22, 06:57:45, 22.5, 22.52, 22.86, 22.93, 9999.0, 9999.0, 9999.0, 23.8, 9999.0, 22.59, 9999.0, 22.86, 22.7, 22.45, 22.5, 22.5
2026-09-22, 06:57:49, 22.5, 22.52, 22.84, 22.93, 9999.0, 9999.0, 9999.0, 23.82, 9999.0, 22.64, 9999.0, 22.84, 22.7, 22.48, 22.5, 22.5
2026-09-22, 06:57:53, 22.5, 22.52, 22.86, 22.93, 9999.0, 9999.0, 9999.0, 23.86, 9999.0, 22.64, 9999.0, 22.82, 22.7, 22.48, 22.5, 22.5
2026-09-22, 06:57:57, 22.5, 22.52, 22.89, 22.93, 9999.0, 9999.0, 9999.0, 23.89, 9999.0, 22.66, 9999.0, 22.8, 22.68, 22.48, 22.5, 22.5
2026-09-22, 06:58:01, 22.5, 22.52, 22.86, 22.91, 9999.0, 9999.0, 9999.0, 23.91, 9999.0, 22.66, 9999.0, 22.77, 22.66, 22.48, 22.5, 22.5
2026-09-22, 06:58:05, 22.5, 22.52, 22.89, 22.93, 9999.0, 9999.0, 9999.0, 23.95, 9999.0, 22.66, 9999.0, 22.77, 22.64, 22.48, 22.5, 22.48
2026-09-22, 06:58:09, 22.5, 22.55, 22.89, 22.95, 9999.0, 9999.0, 9999.0, 24.0, 9999.0, 22.64, 9999.0, 22.75, 22.61, 22.45, 22.5, 22.48
2026-09-22, 06:58:13, 22.5, 22.55, 22.86, 22.95, 9999.0, 9999.0, 9999.0, 24.05, 9999.0, 22.61, 9999.0, 22.75, 22.59, 22.45, 22.5, 22.48
2026-09-22, 06:58:17, 22.5, 22.55, 22.86, 22.95, 9999.0, 9999.0, 9999.0, 24.09, 9999.0, 22.59, 9999.0, 22.75, 22.59, 22.43, 22.5, 22.48
2026-09-22, 06:58:21, 22.5, 22.55, 22.86, 22.95, 9999.0, 9999.0, 9999.0, 24.05, 9999.0, 22.57, 9999.0, 22.77, 22.57, 22.43, 22.5, 22.48
2026-09-22, 06:58:25, 22.5, 22.55, 22.86, 22.93, 9999.0, 9999.0, 9999.0, 24.0, 9999.0, 22.55, 9999.0, 22.8, 22.59, 22.43, 22.5, 22.48
2026-09-22, 06:58:29, 22.5, 22.55, 22.86, 22.91, 9999.0, 9999.0, 9999.0, 23.95, 9999.0, 22.52, 9999.0, 22.82, 22.59, 22.41, 22.5, 22.48
2026-09-22, 06:58:33, 22.5, 22.57, 22.86, 22.91, 9999.0, 9999.0, 9999.0, 23.93, 9999.0, 22.52, 9999.0, 22.84, 22.57, 22.41, 22.5, 22.48
2026-09-22, 06:58:37, 22.5, 22.57, 22.86, 22.89, 9999.0, 9999.0, 9999.0, 23.89, 9999.0, 22.55, 9999.0, 22.86, 22.57, 22.39, 22.5, 22.48
2026-09-22, 06:58:41, 22.5, 22.57, 22.84, 22.89, 9999.0, 9999.0, 9999.0, 23.86, 9999.0, 22.57, 9999.0, 22.86, 22.59, 22.39, 22.5, 22.48
2026-09-22, 06:58:45, 22.5, 22.57, 22.84, 22.89, 9999.0, 9999.0, 9999.0, 23.84, 9999.0, 22.59, 9999.0, 22.89, 22.61, 22.39, 22.5, 22.48
2026-09-22, 06:58:49, 22.5, 22.59, 22.84, 22.86, 9999.0, 9999.0, 9999.0, 23.8, 9999.0, 22.61, 9999.0, 22.89, 22.61, 22.36, 22.5, 22.5
2026-09-22, 06:58:53, 22.5, 22.57, 22.82, 22.84, 9999.0, 9999.0, 9999.0, 23.82, 9999.0, 22.64, 9999.0, 22.89, 22.61, 22.36, 22.5, 22.5
2026-09-22, 06:58:57, 22.5, 22.57, 22.82, 22.86, 9999.0, 9999.0, 9999.0, 23.86, 9999.0, 22.66, 9999.0, 22.89, 22.61, 22.36, 22.5, 22.5
2026-09-22, 06:59:01, 22.5, 22.59, 22.82, 22.86, 9999.0, 9999.0, 9999.0, 23.89, 9999.0, 22.68, 9999.0, 22.89, 22.61, 22.36, 22.5, 22.5
2026-09-22, 06:59:05, 22.5, 22.59, 22.82, 22.84, 9999.0, 9999.0, 9999.0, 23.93, 9999.0, 22.7, 9999.0, 22.86, 22.61, 22.36, 22.5, 22.5
2026-09-22, 06:59:09, 22.5, 22.57, 22.8, 22.84, 9999.0, 9999.0, 9999.0, 23.98, 9999.0, 22.73, 9999.0, 22.84, 22.61, 22.39, 22.5, 22.5
2026-09-22, 06:59:13, 22.5, 22.59, 22.8, 22.86, 9999.0, 9999.0, 9999.0, 24.0, 9999.0, 22.73, 9999.0, 22.82, 22.59, 22.39, 22.5, 22.5
2026-09-22, 06:59:17, 22.5, 22.57, 22.8, 22.84, 9999.0, 9999.0, 9999.0, 24.02, 9999.0, 22.7, 9999.0, 22.8, 22.59, 22.36, 22.5, 22.5
2026-09-22, 06:59:21, 22.5, 22.57, 22.77, 22.86, 9999.0, 9999.0, 9999.0, 24.05, 9999.0, 22.68, 9999.0, 22.77, 22.57, 22.36, 22.5, 22.48
2026-09-22, 06:59:25, 22.5, 22.57, 22.8, 22.86, 9999.0, 9999.0, 9999.0, 24.07, 9999.0, 22.66, 9999.0, 22.77, 22.55, 22.34, 22.5, 22.48
2026-09-22, 06:59:29, 22.5, 22.57, 22.8, 22.89, 9999.0, 9999.0, 9999.0, 24.09, 9999.0, 22.66, 9999.0, 22.75, 22.52, 22.32, 22.5, 22.48
2026-09-22, 06:59:33, 22.5, 22.55, 22.8, 22.89, 9999.0, 9999.0, 9999.0, 24.14, 9999.0, 22.64, 9999.0, 22.77, 22.52, 22.32, 22.5, 22.48
2026-09-22, 06:59:37, 22.5, 22.55, 22.8, 22.91, 9999.0, 9999.0, 9999.0, 24.11, 9999.0, 22.61, 9999.0, 22.8, 22.52, 22.32, 22.5, 22.48
2026-09-22, 06:59:41, 22.5, 22.55, 22.8, 22.91, 9999.0, 9999.0, 9999.0, 24.07, 9999.0, 22.59, 9999.0, 22.82, 22.52, 22.32, 22.5, 22.48
2026-09-22, 06:59:45, 22.5, 22.52, 22.82, 22.89, 9999.0, 9999.0, 9999.0, 24.02, 9999.0, 22.59, 9999.0, 22.84, 22.55, 22.34, 22.5, 22.48
2026-09-22, 06:59:49, 22.5, 22.52, 22.82, 22.89, 9999.0, 9999.0, 9999.0, 23.98, 9999.0, 22.59, 9999.0, 22.86, 22.55, 22.34, 22.5, 22.48
2026-09-22, 06:59:53, 22.5, 22.52, 22.84, 22.91, 9999.0, 9999.0, 9999.0, 23.93, 9999.0, 22.59, 9999.0, 22.89, 22.55, 22.34, 22.5, 22.48
2026-09-22, 06:59:57, 22.5, 22.5, 22.86, 22.89, 9999.0, 9999.0, 9999.0, 23.91, 9999.0, 22.64, 9999.0, 22.89, 22.57, 22.34, 22.5, 22.48
2026-09-22, 07:00:01, 22.5, 22.5, 22.86, 22.89, 9999.0, 9999.0, 9999.0, 23.89, 9999.0, 22.66, 9999.0, 22.89, 22.59, 22.36, 22.5, 22.48
2026-09-22, 07:00:05, 22.5, 22.5, 22.89, 22.89, 9999.0, 9999.0, 9999.0, 23.93, 9999.0, 22.68, 9999.0, 22.89, 22.61, 22.36, 22.48, 22.5
2026-09-22, 07:00:09, 22.5, 22.52, 22.86, 22.86, 9999.0, 9999.0, 9999.0, 23.98, 9999.0, 22.7, 9999.0, 22.89, 22.64, 22.36, 22.48, 22.5
2026-09-22, 07:00:13, 22.5, 22.52, 22.86, 22.84, 9999.0, 9999.0, 9999.0, 24.0, 9999.0, 22.7, 9999.0, 22.89, 22.66, 22.36, 22.48, 22.5
2026-09-22, 07:00:17, 22.5, 22.52, 22.84, 22.86, 9999.0, 9999.0, 9999.0, 24.02, 9999.0, 22.73, 9999.0, 22.86, 22.68, 22.36, 22.48, 22.5
2026-09-22, 07:00:21, 22.5, 22.55, 22.86, 22.84, 9999.0, 9999.0, 9999.0, 24.05, 9999.0, 22.75, 9999.0, 22.84, 22.68, 22.36, 22.48, 22.5
2026-09-22, 07:00:25, 22.5, 22.55, 22.86, 22.84, 9999.0, 9999.0, 9999.0, 24.07, 9999.0, 22.77, 9999.0, 22.82, 22.68, 22.36, 22.48, 22.5
2026-09-22, 07:00:29, 22.5, 22.55, 22.84, 22.86, 9999.0, 9999.0, 9999.0, 24.11, 9999.0, 22.77, 9999.0, 22.8, 22.68, 22.36, 22.48, 22.5
2026-09-22, 07:00:33, 22.5, 22.57, 22.86, 22.86, 9999.0, 9999.0, 9999.0, 24.14, 9999.0, 22.77, 9999.0, 22.77, 22.68, 22.36, 22.48, 22.5
2026-09-22, 07:00:37, 22.5, 22.57, 22.84, 22.86, 9999.0, 9999.0, 9999.0, 24.16, 9999.0, 22.77, 9999.0, 22.73, 22.66, 22.36, 22.48, 22.5
2026-09-22, 07:00:41, 22.5, 22.57, 22.82, 22.86, 9999.0, 9999.0, 9999.0, 24.2, 9999.0, 22.75, 9999.0, 22.73, 22.64, 22.39, 22.48, 22.5
2026-09-22, 07:00:45, 22.5, 22.57, 22.84, 22.86, 9999.0, 9999.0, 9999.0, 24.23, 9999.0, 22.75, 9999.0, 22.73, 22.61, 22.39, 22.48, 22.5
2026-09-22, 07:00:50, 22.5, 22.57, 22.84, 22.84, 9999.0, 9999.0, 9999.0, 24.18, 9999.0, 22.75, 9999.0, 22.73, 22.59, 22.41, 22.5, 22.5
2026-09-22, 07:00:54, 22.5, 22.57, 22.84, 22.84, 9999.0, 9999.0, 9999.0, 24.14, 9999.0, 22.75, 9999.0, 22.75, 22.57, 22.43, 22.5, 22.5
2026-09-22, 07:00:58, 22.5, 22.57, 22.86, 22.84, 9999.0, 9999.0, 9999.0, 24.11, 9999.0, 22.73, 9999.0, 22.77, 22.57, 22.43, 22.5, 22.5
2026-09-22, 07:01:02, 22.5, 22.57, 22.86, 22.84, 9999.0, 9999.0, 9999.0, 24.09, 9999.0, 22.73, 9999.0, 22.8, 22.55, 22.45, 22.5, 22.5
2026-09-22, 07:01:06, 22.5, 22.55, 22.84, 22.84, 9999.0, 9999.0, 9999.0, 24.05, 9999.0, 22.73, 9999.0, 22.8, 22.55, 22.48, 22.5, 22.5
2026-09-22, 07:01:10, 22.5, 22.55, 22.84, 22.82, 9999.0, 9999.0, 9999.0, 24.0, 9999.0, 22.73, 9999.0, 22.82, 22.57, 22.48, 22.5, 22.5
2026-09-22, 07:01:14, 22.5, 22.55, 22.84, 22.82, 9999.0, 9999.0, 9999.0, 23.95, 9999.0, 22.75, 9999.0, 22.82, 22.57, 22.48, 22.5, 22.5
2026-09-22, 07:01:18, 22.5, 22.52, 22.82, 22.84, 9999.0, 9999.0, 9999.0, 23.93, 9999.0, 22.75, 9999.0, 22.82, 22.59, 22.45, 22.5, 22.5
2026-09-22, 07:01:22, 22.5, 22.52, 22.84, 22.82, 9999.0, 9999.0, 9999.0, 23.98, 9999.0, 22.75, 9999.0, 22.84, 22.59, 22.43, 22.5, 22.5
2026-09-22, 07:01:26, 22.5, 22.52, 22.84, 22.82, 9999.0, 9999.0, 9999.0, 23.98, 9999.0, 22.75, 9999.0, 22.84, 22.59, 22.41, 22.5, 22.5
2026-09-22, 07:01:30, 22.48, 22.55, 22.82, 22.82, 9999.0, 9999.0, 9999.0, 24.0, 9999.0, 22.75, 9999.0, 22.84, 22.61, 22.39, 22.5, 22.5
2026-09-22, 07:01:34, 22.48, 22.55, 22.8, 22.82, 9999.0, 9999.0, 9999.0, 24.02, 9999.0, 22.75, 9999.0, 22.84, 22.61, 22.39, 22.5, 22.5
2026-09-22, 07:01:38, 22.48, 22.52, 22.8, 22.82, 9999.0, 9999.0, 9999.0, 24.05, 9999.0, 22.75, 9999.0, 22.82, 22.61, 22.36, 22.5, 22.5
2026-09-22, 07:01:42, 22.48, 22.52, 22.77, 22.82, 9999.0, 9999.0, 9999.0, 24.05, 9999.0, 22.77, 9999.0, 22.8, 22.59, 22.36, 22.5, 22.5
2026-09-22, 07:01:46, 22.48, 22.52, 22.77, 22.8, 9999.0, 9999.0, 9999.0, 24.05, 9999.0, 22.77, 9999.0, 22.77, 22.59, 22.36, 22.5, 22.5
2026-09-22, 07:01:50, 22.48, 22.52, 22.77, 22.8, 9999.0, 9999.0, 9999.0, 24.09, 9999.0, 22.77, 9999.0, 22.77, 22.59, 22.34, 22.5, 22.5
2026-09-22, 07:01:54, 22.48, 22.52, 22.77, 22.8, 9999.0, 9999.0, 9999.0, 24.11, 9999.0, 22.77, 9999.0, 22.75, 22.57, 22.34, 22.5, 22.48
2026-09-22, 07:01:58, 22.48, 22.52, 22.77, 22.77, 9999.0, 9999.0, 9999.0, 24.14, 9999.0, 22.73, 9999.0, 22.75, 22.55, 22.32, 22.5, 22.48
2026-09-22, 07:02:02, 22.48, 22.52, 22.77, 22.75, 9999.0, 9999.0, 9999.0, 24.16, 9999.0, 22.7, 9999.0, 22.75, 22.52, 22.32, 22.5, 22.48
2026-09-22, 07:02:06, 22.48, 22.52, 22.75, 22.75, 9999.0, 9999.0, 9999.0, 24.11, 9999.0, 22.68, 9999.0, 22.77, 22.52, 22.32, 22.5, 22.48
2026-09-22, 07:02:10, 22.48, 22.52, 22.77, 22.75, 9999.0, 9999.0, 9999.0, 24.09, 9999.0, 22.66, 9999.0, 22.8, 22.52, 22.32, 22.5, 22.48
2026-09-22, 07:02:14, 22.5, 22.5, 22.77, 22.77, 9999.0, 9999.0, 9999.0, 24.07, 9999.0, 22.64, 9999.0, 22.82, 22.52, 22.32, 22.5, 22.48
2026-09-22, 07:02:18, 22.5, 22.5, 22.77, 22.8, 9999.0, 9999.0, 9999.0, 24.02, 9999.0, 22.64, 9999.0, 22.84, 22.52, 22.32, 22.5, 22.48
2026-09-22, 07:02:22, 22.5, 22.52, 22.8, 22.8, 9999.0, 9999.0, 9999.0, 23.98, 9999.0, 22.64, 9999.0, 22.86, 22.52, 22.34, 22.5, 22.48
2026-09-22, 07:02:26, 22.5, 22.52, 22.8, 22.8, 9999.0, 9999.0, 9999.0, 23.95, 9999.0, 22.64, 9999.0, 22.86, 22.55, 22.36, 22.5, 22.48
2026-09-22, 07:02:30, 22.5, 22.52, 22.8, 22.8, 9999.0, 9999.0, 9999.0, 23.93, 9999.0, 22.64, 9999.0, 22.86, 22.57, 22.34, 22.5, 22.48
2026-09-22, 07:02:34, 22.5, 22.55, 22.8, 22.8, 9999.0, 9999.0, 9999.0, 23.89, 9999.0, 22.64, 9999.0, 22.86, 22.57, 22.36, 22.5, 22.48
2026-09-22, 07:02:38, 22.5, 22.55, 22.8, 22.8, 9999.0, 9999.0, 9999.0, 23.93, 9999.0, 22.64, 9999.0, 22.86, 22.57, 22.36, 22.5, 22.5
2026-09-22, 07:02:42, 22.5, 22.57, 22.82, 22.8, 9999.0, 9999.0, 9999.0, 23.98, 9999.0, 22.66, 9999.0, 22.86, 22.59, 22.39, 22.5, 22.5
2026-09-22, 07:02:46, 22.5, 22.57, 22.82, 22.8, 9999.0, 9999.0, 9999.0, 24.0, 9999.0, 22.68, 9999.0, 22.86, 22.59, 22.39, 22.5, 22.5
2026-09-22, 07:02:50, 22.5, 22.57, 22.82, 22.8, 9999.0, 9999.0, 9999.0, 24.02, 9999.0, 22.7, 9999.0, 22.84, 22.59, 22.39, 22.5, 22.5
2026-09-22, 07:02:54, 22.5, 22.57, 22.8, 22.8, 9999.0, 9999.0, 9999.0, 24.05, 9999.0, 22.73, 9999.0, 22.82, 22.59, 22.39, 22.5, 22.5
2026-09-22, 07:02:58, 22.5, 22.59, 22.82, 22.77, 9999.0, 9999.0, 9999.0, 24.05, 9999.0, 22.75, 9999.0, 22.8, 22.57, 22.39, 22.5, 22.5
2026-09-22, 07:03:02, 22.5, 22.59, 22.82, 22.75, 9999.0, 9999.0, 9999.0, 24.07, 9999.0, 22.75, 9999.0, 22.77, 22.57, 22.36, 22.48, 22.5
2026-09-22, 07:03:06, 22.5, 22.57, 22.82, 22.75, 9999.0, 9999.0, 9999.0, 24.09, 9999.0, 22.75, 9999.0, 22.75, 22.57, 22.34, 22.48, 22.5
2026-09-22, 07:03:10, 22.5, 22.57, 22.82, 22.75, 9999.0, 9999.0, 9999.0, 24.11, 9999.0, 22.75, 9999.0, 22.75, 22.55, 22.34, 22.48, 22.5
2026-09-22, 07:03:14, 22.5, 22.57, 22.82, 22.75, 9999.0, 9999.0, 9999.0, 24.14, 9999.0, 22.75, 9999.0, 22.75, 22.52, 22.34, 22.48, 22.48
2026-09-22, 07:03:18, 22.5, 22.55, 22.82, 22.75, 9999.0, 9999.0, 9999.0, 24.16, 9999.0, 22.73, 9999.0, 22.75, 22.52, 22.32, 22.48, 22.45
2026-09-22, 07:03:22, 22.5, 22.55, 22.82, 22.77, 9999.0, 9999.0, 9999.0, 24.11, 9999.0, 22.7, 9999.0, 22.77, 22.55, 22.32, 22.48, 22.45
2026-09-22, 07:03:26, 22.5, 22.52, 22.8, 22.77, 9999.0, 9999.0, 9999.0, 24.07, 9999.0, 22.68, 9999.0, 22.8, 22.52, 22.32, 22.48, 22.45
2026-09-22, 07:03:30, 22.5, 22.52, 22.82, 22.77, 9999.0, 9999.0, 9999.0, 24.02, 9999.0, 22.66, 9999.0, 22.82, 22.52, 22.34, 22.48, 22.43
2026-09-22, 07:03:34, 22.5, 22.52, 22.84, 22.77, 9999.0, 9999.0, 9999.0, 23.98, 9999.0, 22.66, 9999.0, 22.84, 22.52, 22.34, 22.48, 22.43
2026-09-22, 07:03:38, 22.5, 22.52, 22.84, 22.77, 9999.0, 9999.0, 9999.0, 23.93, 9999.0, 22.66, 9999.0, 22.84, 22.52, 22.34, 22.48, 22.43
2026-09-22, 07:03:42, 22.48, 22.5, 22.82, 22.77, 9999.0, 9999.0, 9999.0, 23.91, 9999.0, 22.66, 9999.0, 22.84, 22.55, 22.36, 22.48, 22.43
2026-09-22, 07:03:46, 22.48, 22.5, 22.82, 22.77, 9999.0, 9999.0, 9999.0, 23.89, 9999.0, 22.66, 9999.0, 22.84, 22.57, 22.39, 22.5, 22.43
2026-09-22, 07:03:50, 22.48, 22.5, 22.82, 22.77, 9999.0, 9999.0, 9999.0, 23.86, 9999.0, 22.66, 9999.0, 22.84, 22.57, 22.39, 22.5, 22.43
2026-09-22, 07:03:54, 22.48, 22.5, 22.82, 22.77, 9999.0, 9999.0, 9999.0, 23.91, 9999.0, 22.66, 9999.0, 22.84, 22.59, 22.39, 22.5, 22.43
2026-09-22, 07:03:58, 22.48, 22.5, 22.82, 22.77, 9999.0, 9999.0, 9999.0, 23.93, 9999.0, 22.66, 9999.0, 22.84, 22.59, 22.41, 22.5, 22.45
2026-09-22, 07:04:02, 22.48, 22.5, 22.82, 22.77, 9999.0, 9999.0, 9999.0, 23.95, 9999.0, 22.68, 9999.0, 22.84, 22.61, 22.41, 22.5, 22.48
2026-09-22, 07:04:06, 22.48, 22.5, 22.82, 22.77, 9999.0, 9999.0, 9999.0, 23.98, 9999.0, 22.7, 9999.0, 22.82, 22.59, 22.41, 22.5, 22.48
2026-09-22, 07:04:10, 22.48, 22.5, 22.84, 22.77, 9999.0, 9999.0, 9999.0, 24.0, 9999.0, 22.73, 9999.0, 22.8, 22.59, 22.39, 22.5, 22.48
2026-09-22, 07:04:14, 22.48, 22.5, 22.84, 22.77, 9999.0, 9999.0, 9999.0, 24.05, 9999.0, 22.75, 9999.0, 22.77, 22.59, 22.36, 22.5, 22.5
2026-09-22, 07:04:18, 22.48, 22.5, 22.82, 22.77, 9999.0, 9999.0, 9999.0, 24.07, 9999.0, 22.73, 9999.0, 22.75, 22.59, 22.36, 22.48, 22.5
2026-09-22, 07:04:22, 22.48, 22.5, 22.82, 22.77, 9999.0, 9999.0, 9999.0, 24.11, 9999.0, 22.7, 9999.0, 22.75, 22.59, 22.36, 22.48, 22.5
2026-09-22, 07:04:26, 22.5, 22.5, 22.82, 22.77, 9999.0, 9999.0, 9999.0, 24.14, 9999.0, 22.68, 9999.0, 22.75, 22.57, 22.34, 22.48, 22.5
2026-09-22, 07:04:31, 22.5, 22.5, 22.82, 22.77, 9999.0, 9999.0, 9999.0, 24.16, 9999.0, 22.66, 9999.0, 22.75, 22.55, 22.32, 22.48, 22.48
2026-09-22, 07:04:35, 22.5, 22.5, 22.8, 22.77, 9999.0, 9999.0, 9999.0, 24.18, 9999.0, 22.64, 9999.0, 22.75, 22.55, 22.34, 22.48, 22.48
2026-09-22, 07:04:39, 22.5, 22.52, 22.8, 22.77, 9999.0, 9999.0, 9999.0, 24.14, 9999.0, 22.61, 9999.0, 22.77, 22.52, 22.34, 22.48, 22.48
2026-09-22, 07:04:43, 22.5, 22.52, 22.8, 22.77, 9999.0, 9999.0, 9999.0, 24.09, 9999.0, 22.59, 9999.0, 22.8, 22.52, 22.32, 22.48, 22.48
2026-09-22, 07:04:47, 22.5, 22.52, 22.8, 22.77, 9999.0, 9999.0, 9999.0, 24.07, 9999.0, 22.59, 9999.0, 22.82, 22.5, 22.32, 22.48, 22.48
2026-09-22, 07:04:51, 22.5, 22.52, 22.8, 22.75, 9999.0, 9999.0, 9999.0, 24.02, 9999.0, 22.59, 9999.0, 22.82, 22.5, 22.32, 22.48, 22.48
2026-09-22, 07:04:55, 22.5, 22.52, 22.77, 22.75, 9999.0, 9999.0, 9999.0, 23.98, 9999.0, 22.59, 9999.0, 22.82, 22.52, 22.32, 22.45, 22.48
2026-09-22, 07:04:59, 22.5, 22.52, 22.75, 22.75, 9999.0, 9999.0, 9999.0, 23.93, 9999.0, 22.59, 9999.0, 22.82, 22.55, 22.34, 22.45, 22.45
2026-09-22, 07:05:03, 22.5, 22.52, 22.75, 22.75, 9999.0, 9999.0, 9999.0, 23.91, 9999.0, 22.61, 9999.0, 22.82, 22.57, 22.34, 22.48, 22.45
2026-09-22, 07:05:07, 22.5, 22.52, 22.75, 22.75, 9999.0, 9999.0, 9999.0, 23.93, 9999.0, 22.64, 9999.0, 22.82, 22.59, 22.34, 22.48, 22.45
2026-09-22, 07:05:11, 22.5, 22.52, 22.75, 22.75, 9999.0, 9999.0, 9999.0, 23.98, 9999.0, 22.66, 9999.0, 22.82, 22.61, 22.34, 22.48, 22.45
2026-09-22, 07:05:15, 22.5, 22.52, 22.75, 22.75, 9999.0, 9999.0, 9999.0, 24.02, 9999.0, 22.68, 9999.0, 22.82, 22.61, 22.34, 22.48, 22.48
2026-09-22, 07:05:19, 22.5, 22.52, 22.75, 22.75, 9999.0, 9999.0, 9999.0, 24.05, 9999.0, 22.7, 9999.0, 22.82, 22.61, 22.32, 22.48, 22.45
2026-09-22, 07:05:23, 22.5, 22.5, 22.77, 22.75, 9999.0, 9999.0, 9999.0, 24.07, 9999.0, 22.7, 9999.0, 22.8, 22.61, 22.3, 22.48, 22.45
2026-09-22, 07:05:27, 22.5, 22.5, 22.77, 22.75, 9999.0, 9999.0, 9999.0, 24.11, 9999.0, 22.7, 9999.0, 22.77, 22.61, 22.32, 22.48, 22.45
2026-09-22, 07:05:31, 22.5, 22.5, 22.77, 22.75, 9999.0, 9999.0, 9999.0, 24.11, 9999.0, 22.68, 9999.0, 22.75, 22.64, 22.32, 22.48, 22.43
2026-09-22, 07:05:35, 22.48, 22.52, 22.77, 22.75, 9999.0, 9999.0, 9999.0, 24.14, 9999.0, 22.66, 9999.0, 22.75, 22.64, 22.3, 22.48, 22.43
2026-09-22, 07:05:39, 22.48, 22.52, 22.77, 22.75, 9999.0, 9999.0, 9999.0, 24.18, 9999.0, 22.64, 9999.0, 22.75, 22.61, 22.32, 22.5, 22.43
2026-09-22, 07:05:43, 22.48, 22.52, 22.77, 22.75, 9999.0, 9999.0, 9999.0, 24.2, 9999.0, 22.61, 9999.0, 22.75, 22.59, 22.3, 22.5, 22.43
2026-09-22, 07:05:47, 22.45, 22.52, 22.77, 22.75, 9999.0, 9999.0, 9999.0, 24.23, 9999.0, 22.59, 9999.0, 22.75, 22.57, 22.3, 22.5, 22.41
2026-09-22, 07:05:51, 22.45, 22.52, 22.77, 22.75, 9999.0, 9999.0, 9999.0, 24.18, 9999.0, 22.57, 9999.0, 22.75, 22.55, 22.3, 22.5, 22.41
2026-09-22, 07:05:55, 22.45, 22.52, 22.77, 22.75, 9999.0, 9999.0, 9999.0, 24.14, 9999.0, 22.55, 9999.0, 22.77, 22.52, 22.3, 22.5, 22.41
2026-09-22, 07:05:59, 22.45, 22.52, 22.77, 22.75, 9999.0, 9999.0, 9999.0, 24.07, 9999.0, 22.52, 9999.0, 22.8, 22.52, 22.3, 22.5, 22.41
2026-09-22, 07:06:03, 22.45, 22.52, 22.77, 22.75, 9999.0, 9999.0, 9999.0, 24.02, 9999.0, 22.5, 9999.0, 22.82, 22.52, 22.3, 22.5, 22.43
2026-09-22, 07:06:07, 22.45, 22.52, 22.75, 22.75, 9999.0, 9999.0, 9999.0, 23.98, 9999.0, 22.5, 9999.0, 22.84, 22.52, 22.32, 22.5, 22.43
2026-09-22, 07:06:11, 22.45, 22.52, 22.75, 22.75, 9999.0, 9999.0, 9999.0, 23.93, 9999.0, 22.5, 9999.0, 22.84, 22.52, 22.32, 22.5, 22.41
2026-09-22, 07:06:15, 22.45, 22.52, 22.75, 22.75, 9999.0, 9999.0, 9999.0, 23.91, 9999.0, 22.52, 9999.0, 22.86, 22.52, 22.34, 22.48, 22.41
2026-09-22, 07:06:19, 22.48, 22.5, 22.75, 22.75, 9999.0, 9999.0, 9999.0, 23.89, 9999.0, 22.55, 9999.0, 22.89, 22.55, 22.36, 22.48, 22.39
2026-09-22, 07:06:23, 22.48, 22.5, 22.75, 22.75, 9999.0, 9999.0, 9999.0, 23.91, 9999.0, 22.57, 9999.0, 22.89, 22.55, 22.34, 22.48, 22.36
2026-09-22, 07:06:27, 22.48, 22.5, 22.75, 22.75, 9999.0, 9999.0, 9999.0, 23.93, 9999.0, 22.59, 9999.0, 22.89, 22.55, 22.34, 22.48, 22.36
2026-09-22, 07:06:31, 22.5, 22.5, 22.75, 22.75, 9999.0, 9999.0, 9999.0, 23.95, 9999.0, 22.59, 9999.0, 22.89, 22.57, 22.34, 22.48, 22.36
2026-09-22, 07:06:35, 22.5, 22.5, 22.75, 22.75, 9999.0, 9999.0, 9999.0, 23.98, 9999.0, 22.59, 9999.0, 22.89, 22.57, 22.34, 22.48, 22.36
2026-09-22, 07:06:39, 22.5, 22.5, 22.75, 22.75, 9999.0, 9999.0, 9999.0, 24.0, 9999.0, 22.59, 9999.0, 22.86, 22.57, 22.34, 22.48, 22.36
2026-09-22, 07:06:43, 22.5, 22.5, 22.75, 22.75, 9999.0, 9999.0, 9999.0, 24.02, 9999.0, 22.59, 9999.0, 22.84, 22.57, 22.34, 22.48, 22.36
2026-09-22, 07:06:47, 22.5, 22.5, 22.75, 22.75, 9999.0, 9999.0, 9999.0, 24.05, 9999.0, 22.59, 9999.0, 22.82, 22.57, 22.34, 22.45, 22.36
2026-09-22, 07:06:51, 22.5, 22.5, 22.75, 22.75, 9999.0, 9999.0, 9999.0, 24.07, 9999.0, 22.57, 9999.0, 22.8, 22.57, 22.32, 22.43, 22.34
2026-09-22, 07:06:55, 22.5, 22.52, 22.75, 22.75, 9999.0, 9999.0, 9999.0, 24.09, 9999.0, 22.55, 9999.0, 22.8, 22.59, 22.3, 22.43, 22.34
2026-09-22, 07:06:59, 22.5, 22.52, 22.75, 22.75, 9999.0, 9999.0, 9999.0, 24.09, 9999.0, 22.52, 9999.0, 22.77, 22.57, 22.27, 22.45, 22.36
2026-09-22, 07:07:03, 22.5, 22.52, 22.75, 22.75, 9999.0, 9999.0, 9999.0, 24.09, 9999.0, 22.48, 9999.0, 22.77, 22.55, 22.25, 22.45, 22.36
2026-09-22, 07:07:07, 22.5, 22.52, 22.75, 22.77, 9999.0, 9999.0, 9999.0, 24.02, 9999.0, 22.43, 9999.0, 22.77, 22.55, 22.25, 22.45, 22.39
2026-09-22, 07:07:11, 22.5, 22.52, 22.75, 22.77, 9999.0, 9999.0, 9999.0, 23.98, 9999.0, 22.39, 9999.0, 22.8, 22.55, 22.25, 22.45, 22.39
2026-09-22, 07:07:15, 22.5, 22.52, 22.75, 22.77, 9999.0, 9999.0, 9999.0, 23.93, 9999.0, 22.36, 9999.0, 22.82, 22.52, 22.27, 22.45, 22.41
2026-09-22, 07:07:19, 22.5, 22.55, 22.75, 22.77, 9999.0, 9999.0, 9999.0, 23.89, 9999.0, 22.36, 9999.0, 22.84, 22.52, 22.3, 22.45, 22.41
2026-09-22, 07:07:23, 22.5, 22.57, 22.75, 22.77, 9999.0, 9999.0, 9999.0, 23.82, 9999.0, 22.36, 9999.0, 22.84, 22.52, 22.3, 22.45, 22.41
2026-09-22, 07:07:27, 22.5, 22.57, 22.75, 22.77, 9999.0, 9999.0, 9999.0, 23.77, 9999.0, 22.36, 9999.0, 22.84, 22.55, 22.32, 22.43, 22.41
2026-09-22, 07:07:31, 22.5, 22.57, 22.75, 22.77, 9999.0, 9999.0, 9999.0, 23.73, 9999.0, 22.36, 9999.0, 22.84, 22.55, 22.34, 22.45, 22.41
2026-09-22, 07:07:35, 22.5, 22.57, 22.77, 22.77, 9999.0, 9999.0, 9999.0, 23.68, 9999.0, 22.39, 9999.0, 22.86, 22.55, 22.34, 22.48, 22.43
2026-09-22, 07:07:39, 22.5, 22.55, 22.77, 22.77, 9999.0, 9999.0, 9999.0, 23.7, 9999.0, 22.41, 9999.0, 22.86, 22.52, 22.34, 22.48, 22.45
2026-09-22, 07:07:43, 22.5, 22.55, 22.8, 22.77, 9999.0, 9999.0, 9999.0, 23.75, 9999.0, 22.41, 9999.0, 22.86, 22.52, 22.34, 22.48, 22.45
2026-09-22, 07:07:47, 22.5, 22.55, 22.8, 22.77, 9999.0, 9999.0, 9999.0, 23.77, 9999.0, 22.43, 9999.0, 22.84, 22.52, 22.34, 22.48, 22.48
2026-09-22, 07:07:51, 22.5, 22.55, 22.8, 22.75, 9999.0, 9999.0, 9999.0, 23.8, 9999.0, 22.45, 9999.0, 22.84, 22.52, 22.34, 22.48, 22.45
2026-09-22, 07:07:55, 22.5, 22.55, 22.82, 22.75, 9999.0, 9999.0, 9999.0, 23.82, 9999.0, 22.48, 9999.0, 22.82, 22.52, 22.34, 22.48, 22.45
2026-09-22, 07:07:59, 22.5, 22.55, 22.82, 22.75, 9999.0, 9999.0, 9999.0, 23.84, 9999.0, 22.48, 9999.0, 22.8, 22.52, 22.34, 22.48, 22.43
2026-09-22, 07:08:03, 22.5, 22.52, 22.82, 22.75, 9999.0, 9999.0, 9999.0, 23.86, 9999.0, 22.45, 9999.0, 22.77, 22.52, 22.34, 22.48, 22.41
2026-09-22, 07:08:07, 22.5, 22.5, 22.82, 22.75, 9999.0, 9999.0, 9999.0, 23.91, 9999.0, 22.43, 9999.0, 22.77, 22.52, 22.36, 22.48, 22.39
2026-09-22, 07:08:11, 22.5, 22.5, 22.84, 22.75, 9999.0, 9999.0, 9999.0, 23.95, 9999.0, 22.41, 9999.0, 22.77, 22.5, 22.34, 22.5, 22.36
2026-09-22, 07:08:15, 22.5, 22.5, 22.86, 22.75, 9999.0, 9999.0, 9999.0, 24.0, 9999.0, 22.39, 9999.0, 22.77, 22.5, 22.32, 22.5, 22.36
2026-09-22, 07:08:19, 22.5, 22.5, 22.86, 22.75, 9999.0, 9999.0, 9999.0, 24.02, 9999.0, 22.36, 9999.0, 22.75, 22.5, 22.34, 22.5, 22.34
2026-09-22, 07:08:24, 22.5, 22.5, 22.89, 22.75, 9999.0, 9999.0, 9999.0, 23.98, 9999.0, 22.34, 9999.0, 22.77, 22.5, 22.34, 22.5, 22.34
2026-09-22, 07:08:28, 22.5, 22.5, 22.89, 22.75, 9999.0, 9999.0, 9999.0, 23.93, 9999.0, 22.3, 9999.0, 22.8, 22.5, 22.34, 22.5, 22.34
2026-09-22, 07:08:32, 22.5, 22.5, 22.89, 22.75, 9999.0, 9999.0, 9999.0, 23.91, 9999.0, 22.25, 9999.0, 22.82, 22.5, 22.36, 22.5, 22.34
2026-09-22, 07:08:36, 22.5, 22.5, 22.89, 22.75, 9999.0, 9999.0, 9999.0, 23.89, 9999.0, 22.25, 9999.0, 22.84, 22.5, 22.39, 22.5, 22.36
2026-09-22, 07:08:40, 22.5, 22.5, 22.89, 22.75, 9999.0, 9999.0, 9999.0, 23.86, 9999.0, 22.23, 9999.0, 22.86, 22.5, 22.41, 22.5, 22.36
2026-09-22, 07:08:44, 22.5, 22.5, 22.89, 22.75, 9999.0, 9999.0, 9999.0, 23.82, 9999.0, 22.25, 9999.0, 22.86, 22.5, 22.39, 22.5, 22.39
2026-09-22, 07:08:48, 22.5, 22.5, 22.89, 22.77, 9999.0, 9999.0, 9999.0, 23.77, 9999.0, 22.27, 9999.0, 22.86, 22.52, 22.36, 22.5, 22.39
2026-09-22, 07:08:52, 22.5, 22.5, 22.89, 22.8, 9999.0, 9999.0, 9999.0, 23.73, 9999.0, 22.3, 9999.0, 22.89, 22.52, 22.36, 22.5, 22.39
2026-09-22, 07:08:56, 22.5, 22.52, 22.86, 22.8, 9999.0, 9999.0, 9999.0, 23.77, 9999.0, 22.32, 9999.0, 22.89, 22.52, 22.39, 22.5, 22.41
2026-09-22, 07:09:00, 22.5, 22.52, 22.84, 22.82, 9999.0, 9999.0, 9999.0, 23.8, 9999.0, 22.32, 9999.0, 22.89, 22.55, 22.41, 22.5, 22.41
2026-09-22, 07:09:04, 22.5, 22.52, 22.82, 22.82, 9999.0, 9999.0, 9999.0, 23.84, 9999.0, 22.32, 9999.0, 22.89, 22.57, 22.39, 22.5, 22.43
2026-09-22, 07:09:08, 22.5, 22.52, 22.82, 22.82, 9999.0, 9999.0, 9999.0, 23.89, 9999.0, 22.32, 9999.0, 22.89, 22.57, 22.39, 22.5, 22.43
2026-09-22, 07:09:12, 22.5, 22.52, 22.8, 22.82, 9999.0, 9999.0, 9999.0, 23.91, 9999.0, 22.34, 9999.0, 22.86, 22.57, 22.39, 22.5, 22.43
2026-09-22, 07:09:16, 22.5, 22.52, 22.8, 22.82, 9999.0, 9999.0, 9999.0, 23.93, 9999.0, 22.36, 9999.0, 22.84, 22.57, 22.36, 22.5, 22.43
2026-09-22, 07:09:20, 22.5, 22.52, 22.8, 22.84, 9999.0, 9999.0, 9999.0, 23.95, 9999.0, 22.34, 9999.0, 22.82, 22.57, 22.36, 22.48, 22.43
2026-09-22, 07:09:24, 22.5, 22.52, 22.77, 22.84, 9999.0, 9999.0, 9999.0, 23.98, 9999.0, 22.34, 9999.0, 22.8, 22.57, 22.36, 22.48, 22.45
2026-09-22, 07:09:28, 22.5, 22.52, 22.77, 22.84, 9999.0, 9999.0, 9999.0, 24.02, 9999.0, 22.32, 9999.0, 22.8, 22.57, 22.36, 22.48, 22.45
2026-09-22, 07:09:32, 22.5, 22.52, 22.8, 22.84, 9999.0, 9999.0, 9999.0, 24.07, 9999.0, 22.3, 9999.0, 22.8, 22.55, 22.39, 22.48, 22.48
2026-09-22, 07:09:36, 22.5, 22.52, 22.8, 22.84, 9999.0, 9999.0, 9999.0, 24.09, 9999.0, 22.27, 9999.0, 22.77, 22.55, 22.36, 22.48, 22.5
2026-09-22, 07:09:40, 22.5, 22.52, 22.82, 22.84, 9999.0, 9999.0, 9999.0, 24.02, 9999.0, 22.25, 9999.0, 22.8, 22.55, 22.36, 22.48, 22.5
2026-09-22, 07:09:44, 22.5, 22.52, 22.84, 22.82, 9999.0, 9999.0, 9999.0, 23.98, 9999.0, 22.25, 9999.0, 22.82, 22.52, 22.36, 22.45, 22.5
2026-09-22, 07:09:48, 22.5, 22.52, 22.84, 22.82, 9999.0, 9999.0, 9999.0, 23.93, 9999.0, 22.25, 9999.0, 22.84, 22.5, 22.39, 22.45, 22.5
2026-09-22, 07:09:52, 22.5, 22.52, 22.82, 22.82, 9999.0, 9999.0, 9999.0, 23.86, 9999.0, 22.25, 9999.0, 22.82, 22.5, 22.41, 22.45, 22.5
2026-09-22, 07:09:56, 22.5, 22.55, 22.82, 22.84, 9999.0, 9999.0, 9999.0, 23.82, 9999.0, 22.25, 9999.0, 22.84, 22.5, 22.41, 22.45, 22.5
2026-09-22, 07:10:00, 22.5, 22.55, 22.84, 22.84, 9999.0, 9999.0, 9999.0, 23.8, 9999.0, 22.27, 9999.0, 22.84, 22.52, 22.43, 22.43, 22.5
2026-09-22, 07:10:04, 22.5, 22.55, 22.86, 22.84, 9999.0, 9999.0, 9999.0, 23.75, 9999.0, 22.3, 9999.0, 22.86, 22.55, 22.41, 22.45, 22.5
2026-09-22, 07:10:08, 22.5, 22.55, 22.86, 22.84, 9999.0, 9999.0, 9999.0, 23.7, 9999.0, 22.32, 9999.0, 22.86, 22.55, 22.39, 22.45, 22.5
2026-09-22, 07:10:12, 22.5, 22.55, 22.89, 22.86, 9999.0, 9999.0, 9999.0, 23.73, 9999.0, 22.34, 9999.0, 22.86, 22.57, 22.41, 22.45, 22.5
2026-09-22, 07:10:16, 22.5, 22.55, 22.86, 22.84, 9999.0, 9999.0, 9999.0, 23.75, 9999.0, 22.36, 9999.0, 22.86, 22.57, 22.41, 22.45, 22.5
2026-09-22, 07:10:20, 22.5, 22.55, 22.89, 22.84, 9999.0, 9999.0, 9999.0, 23.77, 9999.0, 22.36, 9999.0, 22.86, 22.57, 22.41, 22.45, 22.5
2026-09-22, 07:10:24, 22.5, 22.52, 22.86, 22.86, 9999.0, 9999.0, 9999.0, 23.8, 9999.0, 22.36, 9999.0, 22.84, 22.59, 22.39, 22.45, 22.5
2026-09-22, 07:10:28, 22.5, 22.52, 22.86, 22.89, 9999.0, 9999.0, 9999.0, 23.82, 9999.0, 22.36, 9999.0, 22.82, 22.59, 22.36, 22.45, 22.5
2026-09-22, 07:10:32, 22.5, 22.52, 22.86, 22.91, 9999.0, 9999.0, 9999.0, 23.84, 9999.0, 22.36, 9999.0, 22.8, 22.61, 22.34, 22.45, 22.5
2026-09-22, 07:10:36, 22.5, 22.55, 22.86, 22.91, 9999.0, 9999.0, 9999.0, 23.89, 9999.0, 22.36, 9999.0, 22.8, 22.61, 22.32, 22.45, 22.5
2026-09-22, 07:10:40, 22.5, 22.52, 22.89, 22.91, 9999.0, 9999.0, 9999.0, 23.93, 9999.0, 22.36, 9999.0, 22.77, 22.61, 22.32, 22.45, 22.5
2026-09-22, 07:10:44, 22.5, 22.52, 22.86, 22.93, 9999.0, 9999.0, 9999.0, 23.93, 9999.0, 22.34, 9999.0, 22.77, 22.59, 22.32, 22.48, 22.48
2026-09-22, 07:10:48, 22.5, 22.52, 22.84, 22.93, 9999.0, 9999.0, 9999.0, 23.95, 9999.0, 22.32, 9999.0, 22.75, 22.59, 22.34, 22.48, 22.48
2026-09-22, 07:10:52, 22.5, 22.52, 22.84, 22.95, 9999.0, 9999.0, 9999.0, 23.98, 9999.0, 22.3, 9999.0, 22.75, 22.59, 22.34, 22.48, 22.48
2026-09-22, 07:10:56, 22.5, 22.52, 22.84, 22.95, 9999.0, 9999.0, 9999.0, 23.93, 9999.0, 22.27, 9999.0, 22.77, 22.57, 22.34, 22.48, 22.48
2026-09-22, 07:11:00, 22.5, 22.52, 22.86, 22.95, 9999.0, 9999.0, 9999.0, 23.89, 9999.0, 22.25, 9999.0, 22.8, 22.57, 22.34, 22.48, 22.45
2026-09-22, 07:11:04, 22.5, 22.52, 22.84, 22.95, 9999.0, 9999.0, 9999.0, 23.86, 9999.0, 22.27, 9999.0, 22.82, 22.59, 22.34, 22.48, 22.45
2026-09-22, 07:11:08, 22.5, 22.52, 22.86, 22.95, 9999.0, 9999.0, 9999.0, 23.84, 9999.0, 22.3, 9999.0, 22.84, 22.59, 22.36, 22.48, 22.45
2026-09-22, 07:11:12, 22.5, 22.52, 22.86, 22.95, 9999.0, 9999.0, 9999.0, 23.82, 9999.0, 22.3, 9999.0, 22.86, 22.61, 22.39, 22.5, 22.45
2026-09-22, 07:11:16, 22.5, 22.52, 22.89, 22.95, 9999.0, 9999.0, 9999.0, 23.8, 9999.0, 22.32, 9999.0, 22.89, 22.61, 22.39, 22.5, 22.43
2026-09-22, 07:11:20, 22.5, 22.5, 22.89, 22.98, 9999.0, 9999.0, 9999.0, 23.75, 9999.0, 22.34, 9999.0, 22.89, 22.64, 22.39, 22.5, 22.41
2026-09-22, 07:11:24, 22.5, 22.5, 22.89, 22.98, 9999.0, 9999.0, 9999.0, 23.77, 9999.0, 22.36, 9999.0, 22.89, 22.66, 22.41, 22.48, 22.41
2026-09-22, 07:11:28, 22.5, 22.5, 22.91, 22.98, 9999.0, 9999.0, 9999.0, 23.82, 9999.0, 22.39, 9999.0, 22.89, 22.66, 22.41, 22.48, 22.43
2026-09-22, 07:11:32, 22.5, 22.5, 22.93, 22.98, 9999.0, 9999.0, 9999.0, 23.84, 9999.0, 22.41, 9999.0, 22.89, 22.64, 22.39, 22.48, 22.43
2026-09-22, 07:11:36, 22.5, 22.5, 22.93, 22.98, 9999.0, 9999.0, 9999.0, 23.86, 9999.0, 22.43, 9999.0, 22.89, 22.64, 22.39, 22.48, 22.43
2026-09-22, 07:11:40, 22.5, 22.5, 22.93, 22.98, 9999.0, 9999.0, 9999.0, 23.89, 9999.0, 22.45, 9999.0, 22.86, 22.64, 22.39, 22.48, 22.43
2026-09-22, 07:11:44, 22.5, 22.5, 22.93, 23.0, 9999.0, 9999.0, 9999.0, 23.91, 9999.0, 22.45, 9999.0, 22.84, 22.64, 22.39, 22.48, 22.45
2026-09-22, 07:11:48, 22.5, 22.5, 22.95, 23.0, 9999.0, 9999.0, 9999.0, 23.93, 9999.0, 22.43, 9999.0, 22.82, 22.61, 22.39, 22.48, 22.45
2026-09-22, 07:11:52, 22.5, 22.5, 22.95, 23.0, 9999.0, 9999.0, 9999.0, 23.93, 9999.0, 22.41, 9999.0, 22.8, 22.61, 22.36, 22.48, 22.45
2026-09-22, 07:11:56, 22.5, 22.5, 22.95, 23.0, 9999.0, 9999.0, 9999.0, 23.95, 9999.0, 22.41, 9999.0, 22.77, 22.59, 22.34, 22.45, 22.45
2026-09-22, 07:12:00, 22.5, 22.5, 22.95, 22.98, 9999.0, 9999.0, 9999.0, 23.95, 9999.0, 22.41, 9999.0, 22.77, 22.57, 22.36, 22.45, 22.48
2026-09-22, 07:12:04, 22.5, 22.5, 22.95, 22.98, 9999.0, 9999.0, 9999.0, 23.98, 9999.0, 22.39, 9999.0, 22.77, 22.55, 22.36, 22.45, 22.5
2026-09-22, 07:12:08, 22.5, 22.5, 22.95, 22.98, 9999.0, 9999.0, 9999.0, 23.93, 9999.0, 22.36, 9999.0, 22.8, 22.52, 22.36, 22.48, 22.5
2026-09-22, 07:12:12, 22.5, 22.5, 22.95, 22.98, 9999.0, 9999.0, 9999.0, 23.89, 9999.0, 22.34, 9999.0, 22.82, 22.52, 22.34, 22.48, 22.48
2026-09-22, 07:12:17, 22.5, 22.5, 22.95, 22.98, 9999.0, 9999.0, 9999.0, 23.86, 9999.0, 22.32, 9999.0, 22.84, 22.52, 22.34, 22.48, 22.48
2026-09-22, 07:12:21, 22.5, 22.5, 22.98, 22.98, 9999.0, 9999.0, 9999.0, 23.82, 9999.0, 22.32, 9999.0, 22.86, 22.52, 22.36, 22.48, 22.48
2026-09-22, 07:12:25, 22.5, 22.5, 22.98, 22.95, 9999.0, 9999.0, 9999.0, 23.77, 9999.0, 22.32, 9999.0, 22.89, 22.52, 22.36, 22.48, 22.48
2026-09-22, 07:12:29, 22.5, 22.5, 22.98, 22.93, 9999.0, 9999.0, 9999.0, 23.73, 9999.0, 22.34, 9999.0, 22.91, 22.52, 22.34, 22.48, 22.48
2026-09-22, 07:12:33, 22.5, 22.5, 22.98, 22.93, 9999.0, 9999.0, 9999.0, 23.68, 9999.0, 22.36, 9999.0, 22.91, 22.55, 22.34, 22.48, 22.45
2026-09-22, 07:12:37, 22.5, 22.5, 22.95, 22.93, 9999.0, 9999.0, 9999.0, 23.66, 9999.0, 22.39, 9999.0, 22.91, 22.55, 22.36, 22.48, 22.45
2026-09-22, 07:12:41, 22.5, 22.5, 22.95, 22.93, 9999.0, 9999.0, 9999.0, 23.68, 9999.0, 22.41, 9999.0, 22.91, 22.57, 22.39, 22.5, 22.45
2026-09-22, 07:12:45, 22.5, 22.5, 22.95, 22.95, 9999.0, 9999.0, 9999.0, 23.73, 9999.0, 22.41, 9999.0, 22.89, 22.59, 22.39, 22.5, 22.45
2026-09-22, 07:12:49, 22.5, 22.52, 22.98, 22.95, 9999.0, 9999.0, 9999.0, 23.75, 9999.0, 22.43, 9999.0, 22.89, 22.59, 22.41, 22.5, 22.45
2026-09-22, 07:12:53, 22.5, 22.52, 22.98, 22.95, 9999.0, 9999.0, 9999.0, 23.77, 9999.0, 22.45, 9999.0, 22.86, 22.59, 22.39, 22.5, 22.45
2026-09-22, 07:12:57, 22.5, 22.52, 22.98, 22.95, 9999.0, 9999.0, 9999.0, 23.8, 9999.0, 22.48, 9999.0, 22.84, 22.59, 22.41, 22.5, 22.48
2026-09-22, 07:13:01, 22.5, 22.52, 22.98, 22.95, 9999.0, 9999.0, 9999.0, 23.8, 9999.0, 22.5, 9999.0, 22.82, 22.61, 22.43, 22.5, 22.48
2026-09-22, 07:13:05, 22.5, 22.52, 22.98, 22.95, 9999.0, 9999.0, 9999.0, 23.82, 9999.0, 22.48, 9999.0, 22.8, 22.61, 22.43, 22.5, 22.48
2026-09-22, 07:13:09, 22.5, 22.52, 22.98, 22.95, 9999.0, 9999.0, 9999.0, 23.84, 9999.0, 22.48, 9999.0, 22.77, 22.64, 22.41, 22.48, 22.48
2026-09-22, 07:13:13, 22.5, 22.52, 22.95, 22.95, 9999.0, 9999.0, 9999.0, 23.86, 9999.0, 22.48, 9999.0, 22.75, 22.64, 22.43, 22.48, 22.48
2026-09-22, 07:13:17, 22.5, 22.52, 22.95, 22.95, 9999.0, 9999.0, 9999.0, 23.89, 9999.0, 22.45, 9999.0, 22.77, 22.61, 22.45, 22.48, 22.5
2026-09-22, 07:13:21, 22.5, 22.52, 22.98, 22.93, 9999.0, 9999.0, 9999.0, 23.91, 9999.0, 22.43, 9999.0, 22.77, 22.59, 22.45, 22.45, 22.5
2026-09-22, 07:13:25, 22.48, 22.52, 22.98, 22.91, 9999.0, 9999.0, 9999.0, 23.86, 9999.0, 22.41, 9999.0, 22.8, 22.57, 22.45, 22.45, 22.5
2026-09-22, 07:13:29, 22.48, 22.52, 22.98, 22.91, 9999.0, 9999.0, 9999.0, 23.82, 9999.0, 22.39, 9999.0, 22.82, 22.57, 22.45, 22.45, 22.5
2026-09-22, 07:13:33, 22.48, 22.5, 22.95, 22.89, 9999.0, 9999.0, 9999.0, 23.8, 9999.0, 22.36, 9999.0, 22.84, 22.59, 22.45, 22.45, 22.5
2026-09-22, 07:13:37, 22.48, 22.5, 22.93, 22.86, 9999.0, 9999.0, 9999.0, 23.75, 9999.0, 22.36, 9999.0, 22.86, 22.61, 22.48, 22.45, 22.5
2026-09-22, 07:13:41, 22.48, 22.52, 22.93, 22.86, 9999.0, 9999.0, 9999.0, 23.7, 9999.0, 22.36, 9999.0, 22.89, 22.61, 22.48, 22.45, 22.5
2026-09-22, 07:13:45, 22.48, 22.55, 22.93, 22.86, 9999.0, 9999.0, 9999.0, 23.68, 9999.0, 22.36, 9999.0, 22.91, 22.61, 22.48, 22.45, 22.5
2026-09-22, 07:13:49, 22.48, 22.57, 22.93, 22.86, 9999.0, 9999.0, 9999.0, 23.66, 9999.0, 22.41, 9999.0, 22.93, 22.61, 22.48, 22.45, 22.5
2026-09-22, 07:13:53, 22.48, 22.57, 22.93, 22.89, 9999.0, 9999.0, 9999.0, 23.64, 9999.0, 22.41, 9999.0, 22.95, 22.61, 22.5, 22.48, 22.5
2026-09-22, 07:13:57, 22.48, 22.57, 22.95, 22.91, 9999.0, 9999.0, 9999.0, 23.68, 9999.0, 22.41, 9999.0, 22.95, 22.64, 22.5, 22.48, 22.5
2026-09-22, 07:14:01, 22.48, 22.57, 22.95, 22.91, 9999.0, 9999.0, 9999.0, 23.73, 9999.0, 22.43, 9999.0, 22.93, 22.64, 22.5, 22.48, 22.5
2026-09-22, 07:14:05, 22.48, 22.57, 22.95, 22.93, 9999.0, 9999.0, 9999.0, 23.77, 9999.0, 22.45, 9999.0, 22.93, 22.66, 22.48, 22.5, 22.5
2026-09-22, 07:14:09, 22.5, 22.57, 22.93, 22.95, 9999.0, 9999.0, 9999.0, 23.8, 9999.0, 22.48, 9999.0, 22.91, 22.66, 22.45, 22.5, 22.48
2026-09-22, 07:14:13, 22.5, 22.57, 22.93, 22.95, 9999.0, 9999.0, 9999.0, 23.82, 9999.0, 22.5, 9999.0, 22.89, 22.64, 22.45, 22.5, 22.48
2026-09-22, 07:14:17, 22.5, 22.59, 22.93, 22.98, 9999.0, 9999.0, 9999.0, 23.84, 9999.0, 22.52, 9999.0, 22.86, 22.61, 22.45, 22.5, 22.48
2026-09-22, 07:14:21, 22.5, 22.59, 22.93, 23.0, 9999.0, 9999.0, 9999.0, 23.89, 9999.0, 22.52, 9999.0, 22.84, 22.59, 22.45, 22.48, 22.48
2026-09-22, 07:14:25, 22.5, 22.57, 22.93, 23.0, 9999.0, 9999.0, 9999.0, 23.93, 9999.0, 22.52, 9999.0, 22.82, 22.59, 22.45, 22.48, 22.48
2026-09-22, 07:14:29, 22.5, 22.55, 22.91, 23.0, 9999.0, 9999.0, 9999.0, 23.98, 9999.0, 22.52, 9999.0, 22.8, 22.57, 22.43, 22.48, 22.48
2026-09-22, 07:14:33, 22.5, 22.52, 22.89, 22.98, 9999.0, 9999.0, 9999.0, 24.02, 9999.0, 22.5, 9999.0, 22.77, 22.57, 22.43, 22.48, 22.48
2026-09-22, 07:14:37, 22.5, 22.52, 22.89, 22.95, 9999.0, 9999.0, 9999.0, 24.07, 9999.0, 22.48, 9999.0, 22.77, 22.55, 22.41, 22.48, 22.48
2026-09-22, 07:14:41, 22.5, 22.52, 22.86, 22.95, 9999.0, 9999.0, 9999.0, 24.02, 9999.0, 22.48, 9999.0, 22.77, 22.52, 22.41, 22.48, 22.48
2026-09-22, 07:14:45, 22.5, 22.52, 22.86, 22.95, 9999.0, 9999.0, 9999.0, 23.98, 9999.0, 22.45, 9999.0, 22.8, 22.52, 22.41, 22.48, 22.48
2026-09-22, 07:14:49, 22.5, 22.52, 22.86, 22.95, 9999.0, 9999.0, 9999.0, 23.93, 9999.0, 22.43, 9999.0, 22.82, 22.52, 22.41, 22.48, 22.48
2026-09-22, 07:14:53, 22.5, 22.52, 22.89, 22.95, 9999.0, 9999.0, 9999.0, 23.91, 9999.0, 22.43, 9999.0, 22.84, 22.52, 22.41, 22.48, 22.5
2026-09-22, 07:14:57, 22.5, 22.52, 22.89, 22.93, 9999.0, 9999.0, 9999.0, 23.89, 9999.0, 22.43, 9999.0, 22.86, 22.52, 22.39, 22.48, 22.48
2026-09-22, 07:15:01, 22.5, 22.5, 22.89, 22.91, 9999.0, 9999.0, 9999.0, 23.86, 9999.0, 22.45, 9999.0, 22.86, 22.55, 22.39, 22.48, 22.48
2026-09-22, 07:15:05, 22.5, 22.5, 22.89, 22.89, 9999.0, 9999.0, 9999.0, 23.82, 9999.0, 22.48, 9999.0, 22.89, 22.55, 22.39, 22.5, 22.48
2026-09-22, 07:15:09, 22.5, 22.5, 22.89, 22.86, 9999.0, 9999.0, 9999.0, 23.77, 9999.0, 22.5, 9999.0, 22.89, 22.55, 22.36, 22.5, 22.48
2026-09-22, 07:15:13, 22.5, 22.5, 22.91, 22.86, 9999.0, 9999.0, 9999.0, 23.82, 9999.0, 22.5, 9999.0, 22.89, 22.57, 22.36, 22.5, 22.48
2026-09-22, 07:15:17, 22.5, 22.5, 22.91, 22.86, 9999.0, 9999.0, 9999.0, 23.86, 9999.0, 22.5, 9999.0, 22.89, 22.59, 22.36, 22.5, 22.48
2026-09-22, 07:15:21, 22.5, 22.5, 22.89, 22.89, 9999.0, 9999.0, 9999.0, 23.89, 9999.0, 22.55, 9999.0, 22.86, 22.59, 22.39, 22.5, 22.45
2026-09-22, 07:15:25, 22.5, 22.52, 22.89, 22.86, 9999.0, 9999.0, 9999.0, 23.91, 9999.0, 22.55, 9999.0, 22.86, 22.61, 22.39, 22.48, 22.45
2026-09-22, 07:15:29, 22.5, 22.52, 22.89, 22.84, 9999.0, 9999.0, 9999.0, 23.93, 9999.0, 22.57, 9999.0, 22.84, 22.61, 22.36, 22.48, 22.45
2026-09-22, 07:15:33, 22.5, 22.52, 22.86, 22.84, 9999.0, 9999.0, 9999.0, 23.95, 9999.0, 22.59, 9999.0, 22.82, 22.59, 22.39, 22.45, 22.45
2026-09-22, 07:15:37, 22.5, 22.52, 22.84, 22.84, 9999.0, 9999.0, 9999.0, 23.98, 9999.0, 22.59, 9999.0, 22.8, 22.61, 22.41, 22.45, 22.45
2026-09-22, 07:15:41, 22.5, 22.52, 22.84, 22.86, 9999.0, 9999.0, 9999.0, 24.0, 9999.0, 22.59, 9999.0, 22.77, 22.61, 22.43, 22.45, 22.48
2026-09-22, 07:15:45, 22.5, 22.52, 22.86, 22.89, 9999.0, 9999.0, 9999.0, 24.02, 9999.0, 22.57, 9999.0, 22.77, 22.59, 22.43, 22.45, 22.48
2026-09-22, 07:15:49, 22.5, 22.52, 22.89, 22.91, 9999.0, 9999.0, 9999.0, 24.07, 9999.0, 22.55, 9999.0, 22.75, 22.59, 22.41, 22.45, 22.48
2026-09-22, 07:15:53, 22.5, 22.52, 22.86, 22.93, 9999.0, 9999.0, 9999.0, 24.11, 9999.0, 22.52, 9999.0, 22.75, 22.59, 22.41, 22.45, 22.45
2026-09-22, 07:15:57, 22.5, 22.52, 22.84, 22.93, 9999.0, 9999.0, 9999.0, 24.07, 9999.0, 22.52, 9999.0, 22.77, 22.59, 22.41, 22.45, 22.45
2026-09-22, 07:16:01, 22.5, 22.52, 22.86, 22.95, 9999.0, 9999.0, 9999.0, 24.02, 9999.0, 22.5, 9999.0, 22.8, 22.59, 22.41, 22.45, 22.45
2026-09-22, 07:16:05, 22.5, 22.52, 22.86, 22.95, 9999.0, 9999.0, 9999.0, 23.98, 9999.0, 22.45, 9999.0, 22.82, 22.59, 22.41, 22.45, 22.48
2026-09-22, 07:16:10, 22.5, 22.5, 22.86, 22.98, 9999.0, 9999.0, 9999.0, 23.95, 9999.0, 22.45, 9999.0, 22.84, 22.57, 22.41, 22.48, 22.48
2026-09-22, 07:16:14, 22.5, 22.5, 22.84, 23.0, 9999.0, 9999.0, 9999.0, 23.93, 9999.0, 22.45, 9999.0, 22.86, 22.59, 22.43, 22.48, 22.48
2026-09-22, 07:16:18, 22.5, 22.5, 22.84, 23.0, 9999.0, 9999.0, 9999.0, 23.91, 9999.0, 22.48, 9999.0, 22.89, 22.61, 22.41, 22.5, 22.48
2026-09-22, 07:16:22, 22.5, 22.5, 22.86, 23.0, 9999.0, 9999.0, 9999.0, 23.89, 9999.0, 22.5, 9999.0, 22.91, 22.59, 22.41, 22.5, 22.45
2026-09-22, 07:16:26, 22.5, 22.52, 22.86, 22.98, 9999.0, 9999.0, 9999.0, 23.84, 9999.0, 22.52, 9999.0, 22.93, 22.61, 22.41, 22.48, 22.45
2026-09-22, 07:16:30, 22.5, 22.52, 22.86, 22.98, 9999.0, 9999.0, 9999.0, 23.89, 9999.0, 22.55, 9999.0, 22.95, 22.64, 22.39, 22.48, 22.43
2026-09-22, 07:16:34, 22.5, 22.52, 22.84, 22.98, 9999.0, 9999.0, 9999.0, 23.91, 9999.0, 22.55, 9999.0, 22.95, 22.64, 22.41, 22.45, 22.41
2026-09-22, 07:16:38, 22.5, 22.52, 22.84, 22.98, 9999.0, 9999.0, 9999.0, 23.93, 9999.0, 22.55, 9999.0, 22.95, 22.64, 22.43, 22.45, 22.41
2026-09-22, 07:16:42, 22.5, 22.52, 22.86, 22.98, 9999.0, 9999.0, 9999.0, 23.95, 9999.0, 22.55, 9999.0, 22.93, 22.61, 22.45, 22.45, 22.41
2026-09-22, 07:16:46, 22.5, 22.52, 22.84, 22.98, 9999.0, 9999.0, 9999.0, 23.98, 9999.0, 22.57, 9999.0, 22.91, 22.59, 22.45, 22.45, 22.41
2026-09-22, 07:16:50, 22.5, 22.52, 22.86, 22.98, 9999.0, 9999.0, 9999.0, 24.0, 9999.0, 22.59, 9999.0, 22.89, 22.59, 22.43, 22.43, 22.41
2026-09-22, 07:16:54, 22.5, 22.52, 22.86, 22.98, 9999.0, 9999.0, 9999.0, 24.02, 9999.0, 22.59, 9999.0, 22.86, 22.59, 22.43, 22.43, 22.39
2026-09-22, 07:16:58, 22.5, 22.52, 22.89, 22.95, 9999.0, 9999.0, 9999.0, 24.05, 9999.0, 22.59, 9999.0, 22.84, 22.57, 22.41, 22.43, 22.39
2026-09-22, 07:17:02, 22.5, 22.52, 22.91, 22.93, 9999.0, 9999.0, 9999.0, 24.07, 9999.0, 22.57, 9999.0, 22.82, 22.55, 22.41, 22.43, 22.36
2026-09-22, 07:17:06, 22.5, 22.55, 22.91, 22.93, 9999.0, 9999.0, 9999.0, 24.09, 9999.0, 22.55, 9999.0, 22.82, 22.55, 22.39, 22.43, 22.39
2026-09-22, 07:17:10, 22.5, 22.52, 22.89, 22.95, 9999.0, 9999.0, 9999.0, 24.14, 9999.0, 22.52, 9999.0, 22.8, 22.52, 22.39, 22.45, 22.39
2026-09-22, 07:17:14, 22.5, 22.52, 22.89, 22.93, 9999.0, 9999.0, 9999.0, 24.09, 9999.0, 22.5, 9999.0, 22.8, 22.5, 22.41, 22.43, 22.41
2026-09-22, 07:17:18, 22.5, 22.52, 22.91, 22.91, 9999.0, 9999.0, 9999.0, 24.05, 9999.0, 22.5, 9999.0, 22.82, 22.52, 22.41, 22.45, 22.43
2026-09-22, 07:17:22, 22.5, 22.52, 22.91, 22.91, 9999.0, 9999.0, 9999.0, 24.0, 9999.0, 22.48, 9999.0, 22.84, 22.55, 22.39, 22.45, 22.45
2026-09-22, 07:17:26, 22.5, 22.55, 22.91, 22.91, 9999.0, 9999.0, 9999.0, 23.95, 9999.0, 22.5, 9999.0, 22.86, 22.55, 22.39, 22.45, 22.45
2026-09-22, 07:17:30, 22.5, 22.55, 22.93, 22.89, 9999.0, 9999.0, 9999.0, 23.91, 9999.0, 22.52, 9999.0, 22.89, 22.55, 22.39, 22.45, 22.45
2026-09-22, 07:17:34, 22.5, 22.55, 22.93, 22.86, 9999.0, 9999.0, 9999.0, 23.89, 9999.0, 22.55, 9999.0, 22.89, 22.55, 22.41, 22.45, 22.45
2026-09-22, 07:17:38, 22.5, 22.55, 22.93, 22.86, 9999.0, 9999.0, 9999.0, 23.86, 9999.0, 22.57, 9999.0, 22.89, 22.57, 22.41, 22.45, 22.48
2026-09-22, 07:17:42, 22.5, 22.55, 22.93, 22.89, 9999.0, 9999.0, 9999.0, 23.84, 9999.0, 22.59, 9999.0, 22.89, 22.57, 22.41, 22.45, 22.48
2026-09-22, 07:17:46, 22.5, 22.55, 22.93, 22.89, 9999.0, 9999.0, 9999.0, 23.86, 9999.0, 22.61, 9999.0, 22.89, 22.57, 22.41, 22.45, 22.5
2026-09-22, 07:17:50, 22.5, 22.52, 22.93, 22.89, 9999.0, 9999.0, 9999.0, 23.91, 9999.0, 22.64, 9999.0, 22.86, 22.59, 22.41, 22.45, 22.5
2026-09-22, 07:17:54, 22.5, 22.52, 22.95, 22.89, 9999.0, 9999.0, 9999.0, 23.93, 9999.0, 22.66, 9999.0, 22.86, 22.61, 22.39, 22.45, 22.5
2026-09-22, 07:17:58, 22.5, 22.52, 22.95, 22.91, 9999.0, 9999.0, 9999.0, 23.95, 9999.0, 22.68, 9999.0, 22.84, 22.61, 22.39, 22.48, 22.5
2026-09-22, 07:18:02, 22.5, 22.52, 22.93, 22.93, 9999.0, 9999.0, 9999.0, 24.0, 9999.0, 22.7, 9999.0, 22.82, 22.59, 22.36, 22.48, 22.48
2026-09-22, 07:18:06, 22.5, 22.55, 22.93, 22.91, 9999.0, 9999.0, 9999.0, 24.05, 9999.0, 22.75, 9999.0, 22.8, 22.57, 22.36, 22.48, 22.48
2026-09-22, 07:18:10, 22.5, 22.52, 22.91, 22.89, 9999.0, 9999.0, 9999.0, 24.07, 9999.0, 22.75, 9999.0, 22.77, 22.57, 22.36, 22.48, 22.48
2026-09-22, 07:18:14, 22.5, 22.52, 22.91, 22.89, 9999.0, 9999.0, 9999.0, 24.09, 9999.0, 22.75, 9999.0, 22.75, 22.57, 22.34, 22.48, 22.48
2026-09-22, 07:18:18, 22.5, 22.52, 22.91, 22.91, 9999.0, 9999.0, 9999.0, 24.11, 9999.0, 22.73, 9999.0, 22.75, 22.57, 22.32, 22.5, 22.48
2026-09-22, 07:18:22, 22.5, 22.55, 22.91, 22.91, 9999.0, 9999.0, 9999.0, 24.14, 9999.0, 22.73, 9999.0, 22.77, 22.55, 22.3, 22.5, 22.48
2026-09-22, 07:18:26, 22.5, 22.55, 22.89, 22.89, 9999.0, 9999.0, 9999.0, 24.16, 9999.0, 22.7, 9999.0, 22.77, 22.55, 22.32, 22.5, 22.45
2026-09-22, 07:18:30, 22.5, 22.57, 22.86, 22.91, 9999.0, 9999.0, 9999.0, 24.14, 9999.0, 22.68, 9999.0, 22.8, 22.55, 22.34, 22.5, 22.45
2026-09-22, 07:18:34, 22.5, 22.57, 22.86, 22.91, 9999.0, 9999.0, 9999.0, 24.09, 9999.0, 22.66, 9999.0, 22.82, 22.52, 22.36, 22.5, 22.45
2026-09-22, 07:18:38, 22.5, 22.59, 22.86, 22.91, 9999.0, 9999.0, 9999.0, 24.07, 9999.0, 22.64, 9999.0, 22.84, 22.5, 22.39, 22.5, 22.45
2026-09-22, 07:18:42, 22.5, 22.59, 22.84, 22.91, 9999.0, 9999.0, 9999.0, 24.02, 9999.0, 22.64, 9999.0, 22.86, 22.52, 22.39, 22.5, 22.45
2026-09-22, 07:18:46, 22.48, 22.61, 22.84, 22.91, 9999.0, 9999.0, 9999.0, 23.98, 9999.0, 22.64, 9999.0, 22.89, 22.52, 22.41, 22.5, 22.45
2026-09-22, 07:18:50, 22.48, 22.59, 22.86, 22.93, 9999.0, 9999.0, 9999.0, 23.93, 9999.0, 22.64, 9999.0, 22.91, 22.55, 22.43, 22.5, 22.45
2026-09-22, 07:18:54, 22.48, 22.59, 22.86, 22.93, 9999.0, 9999.0, 9999.0, 23.91, 9999.0, 22.64, 9999.0, 22.91, 22.57, 22.43, 22.5, 22.45
2026-09-22, 07:18:58, 22.48, 22.59, 22.86, 22.93, 9999.0, 9999.0, 9999.0, 23.86, 9999.0, 22.64, 9999.0, 22.91, 22.59, 22.45, 22.5, 22.45
2026-09-22, 07:19:02, 22.48, 22.59, 22.84, 22.93, 9999.0, 9999.0, 9999.0, 23.91, 9999.0, 22.66, 9999.0, 22.91, 22.61, 22.48, 22.5, 22.45
2026-09-22, 07:19:06, 22.48, 22.57, 22.86, 22.91, 9999.0, 9999.0, 9999.0, 23.95, 9999.0, 22.66, 9999.0, 22.89, 22.61, 22.48, 22.5, 22.45
2026-09-22, 07:19:10, 22.48, 22.57, 22.86, 22.91, 9999.0, 9999.0, 9999.0, 23.98, 9999.0, 22.68, 9999.0, 22.89, 22.61, 22.48, 22.5, 22.48
2026-09-22, 07:19:14, 22.48, 22.55, 22.86, 22.91, 9999.0, 9999.0, 9999.0, 24.0, 9999.0, 22.7, 9999.0, 22.86, 22.61, 22.45, 22.5, 22.48
2026-09-22, 07:19:18, 22.45, 22.55, 22.84, 22.91, 9999.0, 9999.0, 9999.0, 24.02, 9999.0, 22.73, 9999.0, 22.84, 22.61, 22.43, 22.48, 22.48
2026-09-22, 07:19:22, 22.45, 22.55, 22.82, 22.89, 9999.0, 9999.0, 9999.0, 24.05, 9999.0, 22.75, 9999.0, 22.82, 22.61, 22.41, 22.45, 22.45
2026-09-22, 07:19:26, 22.45, 22.55, 22.82, 22.86, 9999.0, 9999.0, 9999.0, 24.07, 9999.0, 22.73, 9999.0, 22.8, 22.59, 22.39, 22.45, 22.45
2026-09-22, 07:19:30, 22.48, 22.52, 22.84, 22.84, 9999.0, 9999.0, 9999.0, 24.11, 9999.0, 22.73, 9999.0, 22.77, 22.59, 22.36, 22.45, 22.48
2026-09-22, 07:19:34, 22.48, 22.52, 22.82, 22.82, 9999.0, 9999.0, 9999.0, 24.16, 9999.0, 22.73, 9999.0, 22.75, 22.57, 22.34, 22.45, 22.45
2026-09-22, 07:19:38, 22.48, 22.55, 22.84, 22.82, 9999.0, 9999.0, 9999.0, 24.18, 9999.0, 22.7, 9999.0, 22.75, 22.55, 22.34, 22.45, 22.45
2026-09-22, 07:19:42, 22.48, 22.55, 22.82, 22.82, 9999.0, 9999.0, 9999.0, 24.23, 9999.0, 22.7, 9999.0, 22.75, 22.52, 22.32, 22.45, 22.43
2026-09-22, 07:19:46, 22.48, 22.55, 22.84, 22.8, 9999.0, 9999.0, 9999.0, 24.18, 9999.0, 22.68, 9999.0, 22.77, 22.52, 22.3, 22.45, 22.43
2026-09-22, 07:19:50, 22.48, 22.55, 22.82, 22.8, 9999.0, 9999.0, 9999.0, 24.14, 9999.0, 22.66, 9999.0, 22.8, 22.55, 22.3, 22.45, 22.43
2026-09-22, 07:19:54, 22.48, 22.55, 22.82, 22.82, 9999.0, 9999.0, 9999.0, 24.09, 9999.0, 22.64, 9999.0, 22.82, 22.55, 22.27, 22.43, 22.43
2026-09-22, 07:19:59, 22.48, 22.55, 22.84, 22.8, 9999.0, 9999.0, 9999.0, 24.05, 9999.0, 22.64, 9999.0, 22.84, 22.55, 22.3, 22.43, 22.41
2026-09-22, 07:20:03, 22.5, 22.57, 22.86, 22.8, 9999.0, 9999.0, 9999.0, 24.0, 9999.0, 22.64, 9999.0, 22.86, 22.55, 22.3, 22.45, 22.41
2026-09-22, 07:20:07, 22.5, 22.55, 22.86, 22.8, 9999.0, 9999.0, 9999.0, 23.95, 9999.0, 22.66, 9999.0, 22.86, 22.55, 22.3, 22.48, 22.43
2026-09-22, 07:20:11, 22.5, 22.57, 22.89, 22.8, 9999.0, 9999.0, 9999.0, 23.93, 9999.0, 22.7, 9999.0, 22.86, 22.55, 22.32, 22.48, 22.41
2026-09-22, 07:20:15, 22.5, 22.57, 22.89, 22.82, 9999.0, 9999.0, 9999.0, 23.89, 9999.0, 22.73, 9999.0, 22.86, 22.57, 22.32, 22.45, 22.41
2026-09-22, 07:20:19, 22.5, 22.59, 22.91, 22.82, 9999.0, 9999.0, 9999.0, 23.91, 9999.0, 22.75, 9999.0, 22.86, 22.59, 22.32, 22.43, 22.43
2026-09-22, 07:20:23, 22.48, 22.57, 22.89, 22.82, 9999.0, 9999.0, 9999.0, 23.95, 9999.0, 22.8, 9999.0, 22.86, 22.61, 22.3, 22.43, 22.43
2026-09-22, 07:20:27, 22.48, 22.57, 22.91, 22.82, 9999.0, 9999.0, 9999.0, 23.98, 9999.0, 22.8, 9999.0, 22.86, 22.61, 22.3, 22.41, 22.45
2026-09-22, 07:20:31, 22.45, 22.57, 22.89, 22.84, 9999.0, 9999.0, 9999.0, 24.0, 9999.0, 22.82, 9999.0, 22.84, 22.59, 22.3, 22.41, 22.43
2026-09-22, 07:20:35, 22.45, 22.59, 22.89, 22.84, 9999.0, 9999.0, 9999.0, 24.02, 9999.0, 22.84, 9999.0, 22.82, 22.57, 22.3, 22.41, 22.43
2026-09-22, 07:20:39, 22.45, 22.59, 22.89, 22.82, 9999.0, 9999.0, 9999.0, 24.07, 9999.0, 22.86, 9999.0, 22.8, 22.57, 22.32, 22.43, 22.43
2026-09-22, 07:20:43, 22.45, 22.59, 22.86, 22.84, 9999.0, 9999.0, 9999.0, 24.09, 9999.0, 22.86, 9999.0, 22.77, 22.57, 22.3, 22.43, 22.43
2026-09-22, 07:20:47, 22.45, 22.57, 22.86, 22.82, 9999.0, 9999.0, 9999.0, 24.14, 9999.0, 22.86, 9999.0, 22.73, 22.57, 22.3, 22.43, 22.41
2026-09-22, 07:20:51, 22.45, 22.59, 22.86, 22.82, 9999.0, 9999.0, 9999.0, 24.18, 9999.0, 22.84, 9999.0, 22.73, 22.57, 22.32, 22.41, 22.41
2026-09-22, 07:20:55, 22.45, 22.57, 22.84, 22.82, 9999.0, 9999.0, 9999.0, 24.23, 9999.0, 22.82, 9999.0, 22.73, 22.57, 22.3, 22.39, 22.43
2026-09-22, 07:20:59, 22.45, 22.59, 22.82, 22.8, 9999.0, 9999.0, 9999.0, 24.25, 9999.0, 22.8, 9999.0, 22.73, 22.55, 22.3, 22.41, 22.43
2026-09-22, 07:21:03, 22.45, 22.57, 22.8, 22.8, 9999.0, 9999.0, 9999.0, 24.2, 9999.0, 22.77, 9999.0, 22.75, 22.52, 22.32, 22.43, 22.41
2026-09-22, 07:21:07, 22.45, 22.57, 22.8, 22.8, 9999.0, 9999.0, 9999.0, 24.16, 9999.0, 22.75, 9999.0, 22.77, 22.5, 22.34, 22.43, 22.39
2026-09-22, 07:21:11, 22.45, 22.57, 22.77, 22.8, 9999.0, 9999.0, 9999.0, 24.14, 9999.0, 22.75, 9999.0, 22.8, 22.5, 22.34, 22.45, 22.36
2026-09-22, 07:21:15, 22.48, 22.57, 22.8, 22.8, 9999.0, 9999.0, 9999.0, 24.11, 9999.0, 22.75, 9999.0, 22.82, 22.5, 22.34, 22.43, 22.36
2026-09-22, 07:21:19, 22.48, 22.55, 22.8, 22.8, 9999.0, 9999.0, 9999.0, 24.09, 9999.0, 22.75, 9999.0, 22.82, 22.5, 22.34, 22.43, 22.36
2026-09-22, 07:21:23, 22.48, 22.55, 22.8, 22.82, 9999.0, 9999.0, 9999.0, 24.05, 9999.0, 22.77, 9999.0, 22.82, 22.52, 22.32, 22.43, 22.36
2026-09-22, 07:21:27, 22.48, 22.55, 22.8, 22.8, 9999.0, 9999.0, 9999.0, 24.02, 9999.0, 22.8, 9999.0, 22.82, 22.52, 22.32, 22.41, 22.39
2026-09-22, 07:21:31, 22.48, 22.55, 22.8, 22.8, 9999.0, 9999.0, 9999.0, 23.98, 9999.0, 22.8, 9999.0, 22.84, 22.55, 22.32, 22.41, 22.41
2026-09-22, 07:21:35, 22.48, 22.52, 22.8, 22.8, 9999.0, 9999.0, 9999.0, 24.0, 9999.0, 22.8, 9999.0, 22.84, 22.55, 22.3, 22.43, 22.39
2026-09-22, 07:21:39, 22.48, 22.52, 22.82, 22.8, 9999.0, 9999.0, 9999.0, 24.02, 9999.0, 22.8, 9999.0, 22.84, 22.57, 22.3, 22.45, 22.36
2026-09-22, 07:21:43, 22.45, 22.5, 22.82, 22.8, 9999.0, 9999.0, 9999.0, 24.07, 9999.0, 22.8, 9999.0, 22.84, 22.57, 22.32, 22.45, 22.36
2026-09-22, 07:21:47, 22.45, 22.5, 22.82, 22.8, 9999.0, 9999.0, 9999.0, 24.11, 9999.0, 22.8, 9999.0, 22.82, 22.57, 22.3, 22.43, 22.39
2026-09-22, 07:21:51, 22.48, 22.5, 22.82, 22.8, 9999.0, 9999.0, 9999.0, 24.14, 9999.0, 22.8, 9999.0, 22.8, 22.57, 22.3, 22.43, 22.39
2026-09-22, 07:21:55, 22.48, 22.5, 22.82, 22.8, 9999.0, 9999.0, 9999.0, 24.16, 9999.0, 22.8, 9999.0, 22.77, 22.57, 22.3, 22.43, 22.39
2026-09-22, 07:21:59, 22.48, 22.5, 22.8, 22.77, 9999.0, 9999.0, 9999.0, 24.16, 9999.0, 22.8, 9999.0, 22.75, 22.57, 22.3, 22.43, 22.39
2026-09-22, 07:22:03, 22.48, 22.5, 22.82, 22.77, 9999.0, 9999.0, 9999.0, 24.16, 9999.0, 22.8, 9999.0, 22.75, 22.57, 22.32, 22.43, 22.39
2026-09-22, 07:22:07, 22.48, 22.5, 22.82, 22.75, 9999.0, 9999.0, 9999.0, 24.2, 9999.0, 22.77, 9999.0, 22.75, 22.55, 22.34, 22.41, 22.39
2026-09-22, 07:22:11, 22.48, 22.5, 22.82, 22.75, 9999.0, 9999.0, 9999.0, 24.23, 9999.0, 22.75, 9999.0, 22.75, 22.55, 22.36, 22.43, 22.36
2026-09-22, 07:22:15, 22.48, 22.5, 22.8, 22.75, 9999.0, 9999.0, 9999.0, 24.25, 9999.0, 22.75, 9999.0, 22.75, 22.52, 22.36, 22.43, 22.34
2026-09-22, 07:22:19, 22.45, 22.52, 22.8, 22.75, 9999.0, 9999.0, 9999.0, 24.2, 9999.0, 22.75, 9999.0, 22.77, 22.52, 22.36, 22.43, 22.34
2026-09-22, 07:22:23, 22.45, 22.52, 22.77, 22.77, 9999.0, 9999.0, 9999.0, 24.16, 9999.0, 22.75, 9999.0, 22.8, 22.52, 22.39, 22.43, 22.34
2026-09-22, 07:22:27, 22.48, 22.52, 22.77, 22.77, 9999.0, 9999.0, 9999.0, 24.11, 9999.0, 22.75, 9999.0, 22.8, 22.52, 22.36, 22.41, 22.34
2026-09-22, 07:22:31, 22.48, 22.52, 22.77, 22.77, 9999.0, 9999.0, 9999.0, 24.05, 9999.0, 22.75, 9999.0, 22.8, 22.52, 22.39, 22.43, 22.32
2026-09-22, 07:22:35, 22.48, 22.52, 22.77, 22.77, 9999.0, 9999.0, 9999.0, 24.0, 9999.0, 22.77, 9999.0, 22.8, 22.52, 22.36, 22.41, 22.34
2026-09-22, 07:22:39, 22.48, 22.52, 22.77, 22.77, 9999.0, 9999.0, 9999.0, 23.95, 9999.0, 22.8, 9999.0, 22.8, 22.55, 22.36, 22.41, 22.34
2026-09-22, 07:22:43, 22.48, 22.55, 22.77, 22.77, 9999.0, 9999.0, 9999.0, 23.93, 9999.0, 22.82, 9999.0, 22.8, 22.57, 22.36, 22.41, 22.36
2026-09-22, 07:22:47, 22.48, 22.57, 22.75, 22.77, 9999.0, 9999.0, 9999.0, 23.98, 9999.0, 22.84, 9999.0, 22.8, 22.57, 22.34, 22.41, 22.36
2026-09-22, 07:22:51, 22.48, 22.57, 22.75, 22.77, 9999.0, 9999.0, 9999.0, 24.0, 9999.0, 22.86, 9999.0, 22.8, 22.57, 22.34, 22.43, 22.34
2026-09-22, 07:22:55, 22.48, 22.57, 22.75, 22.77, 9999.0, 9999.0, 9999.0, 24.05, 9999.0, 22.86, 9999.0, 22.8, 22.57, 22.32, 22.43, 22.36
2026-09-22, 07:22:59, 22.48, 22.59, 22.75, 22.77, 9999.0, 9999.0, 9999.0, 24.07, 9999.0, 22.89, 9999.0, 22.8, 22.57, 22.32, 22.43, 22.36
2026-09-22, 07:23:03, 22.5, 22.57, 22.75, 22.77, 9999.0, 9999.0, 9999.0, 24.09, 9999.0, 22.89, 9999.0, 22.77, 22.57, 22.32, 22.41, 22.39
2026-09-22, 07:23:07, 22.5, 22.57, 22.75, 22.75, 9999.0, 9999.0, 9999.0, 24.11, 9999.0, 22.89, 9999.0, 22.75, 22.55, 22.32, 22.41, 22.39
2026-09-22, 07:23:11, 22.5, 22.57, 22.75, 22.75, 9999.0, 9999.0, 9999.0, 24.14, 9999.0, 22.89, 9999.0, 22.75, 22.55, 22.34, 22.43, 22.36
2026-09-22, 07:23:15, 22.5, 22.57, 22.75, 22.75, 9999.0, 9999.0, 9999.0, 24.18, 9999.0, 22.89, 9999.0, 22.75, 22.55, 22.32, 22.43, 22.36
2026-09-22, 07:23:19, 22.5, 22.57, 22.75, 22.75, 9999.0, 9999.0, 9999.0, 24.23, 9999.0, 22.86, 9999.0, 22.75, 22.55, 22.32, 22.45, 22.34
2026-09-22, 07:23:23, 22.5, 22.57, 22.75, 22.75, 9999.0, 9999.0, 9999.0, 24.27, 9999.0, 22.82, 9999.0, 22.75, 22.52, 22.32, 22.45, 22.34
2026-09-22, 07:23:27, 22.48, 22.55, 22.75, 22.75, 9999.0, 9999.0, 9999.0, 24.3, 9999.0, 22.8, 9999.0, 22.75, 22.5, 22.32, 22.48, 22.34
2026-09-22, 07:23:31, 22.48, 22.52, 22.75, 22.75, 9999.0, 9999.0, 9999.0, 24.25, 9999.0, 22.75, 9999.0, 22.75, 22.5, 22.32, 22.48, 22.32
2026-09-22, 07:23:35, 22.48, 22.52, 22.75, 22.75, 9999.0, 9999.0, 9999.0, 24.2, 9999.0, 22.7, 9999.0, 22.77, 22.5, 22.3, 22.48, 22.34
2026-09-22, 07:23:39, 22.48, 22.52, 22.75, 22.75, 9999.0, 9999.0, 9999.0, 24.16, 9999.0, 22.68, 9999.0, 22.77, 22.5, 22.3, 22.48, 22.32
2026-09-22, 07:23:43, 22.48, 22.5, 22.75, 22.75, 9999.0, 9999.0, 9999.0, 24.14, 9999.0, 22.66, 9999.0, 22.8, 22.5, 22.3, 22.48, 22.34
2026-09-22, 07:23:47, 22.48, 22.5, 22.75, 22.75, 9999.0, 9999.0, 9999.0, 24.09, 9999.0, 22.66, 9999.0, 22.8, 22.5, 22.32, 22.5, 22.32
2026-09-22, 07:23:51, 22.48, 22.5, 22.75, 22.75, 9999.0, 9999.0, 9999.0, 24.05, 9999.0, 22.66, 9999.0, 22.8, 22.5, 22.3, 22.48, 22.34
2026-09-22, 07:23:56, 22.48, 22.5, 22.75, 22.75, 9999.0, 9999.0, 9999.0, 24.0, 9999.0, 22.68, 9999.0, 22.8, 22.52, 22.27, 22.48, 22.36
2026-09-22, 07:24:00, 22.48, 22.5, 22.75, 22.75, 9999.0, 9999.0, 9999.0, 23.95, 9999.0, 22.68, 9999.0, 22.8, 22.52, 22.27, 22.48, 22.36
2026-09-22, 07:24:04, 22.45, 22.52, 22.75, 22.75, 9999.0, 9999.0, 9999.0, 23.98, 9999.0, 22.68, 9999.0, 22.8, 22.55, 22.27, 22.48, 22.39
2026-09-22, 07:24:08, 22.45, 22.55, 22.75, 22.75, 9999.0, 9999.0, 9999.0, 24.0, 9999.0, 22.7, 9999.0, 22.8, 22.57, 22.27, 22.45, 22.39
2026-09-22, 07:24:12, 22.48, 22.55, 22.75, 22.75, 9999.0, 9999.0, 9999.0, 24.02, 9999.0, 22.7, 9999.0, 22.8, 22.57, 22.27, 22.43, 22.36
2026-09-22, 07:24:16, 22.48, 22.55, 22.75, 22.75, 9999.0, 9999.0, 9999.0, 24.05, 9999.0, 22.7, 9999.0, 22.8, 22.57, 22.27, 22.43, 22.39
2026-09-22, 07:24:20, 22.48, 22.55, 22.75, 22.75, 9999.0, 9999.0, 9999.0, 24.07, 9999.0, 22.7, 9999.0, 22.77, 22.57, 22.3, 22.43, 22.36
2026-09-22, 07:24:24, 22.45, 22.55, 22.75, 22.75, 9999.0, 9999.0, 9999.0, 24.09, 9999.0, 22.7, 9999.0, 22.77, 22.57, 22.3, 22.43, 22.36
2026-09-22, 07:24:28, 22.43, 22.55, 22.75, 22.75, 9999.0, 9999.0, 9999.0, 24.09, 9999.0, 22.7, 9999.0, 22.75, 22.57, 22.3, 22.41, 22.34
2026-09-22, 07:24:32, 22.41, 22.57, 22.75, 22.75, 9999.0, 9999.0, 9999.0, 24.14, 9999.0, 22.68, 9999.0, 22.75, 22.57, 22.27, 22.41, 22.34
2026-09-22, 07:24:36, 22.39, 22.57, 22.75, 22.75, 9999.0, 9999.0, 9999.0, 24.18, 9999.0, 22.66, 9999.0, 22.73, 22.57, 22.27, 22.43, 22.34
2026-09-22, 07:24:40, 22.39, 22.57, 22.75, 22.75, 9999.0, 9999.0, 9999.0, 24.2, 9999.0, 22.61, 9999.0, 22.73, 22.55, 22.27, 22.41, 22.32
2026-09-22, 07:24:44, 22.39, 22.57, 22.75, 22.75, 9999.0, 9999.0, 9999.0, 24.23, 9999.0, 22.59, 9999.0, 22.73, 22.55, 22.27, 22.39, 22.32
2026-09-22, 07:24:48, 22.41, 22.55, 22.75, 22.75, 9999.0, 9999.0, 9999.0, 24.18, 9999.0, 22.57, 9999.0, 22.73, 22.52, 22.27, 22.39, 22.32
2026-09-22, 07:24:52, 22.41, 22.52, 22.75, 22.75, 9999.0, 9999.0, 9999.0, 24.14, 9999.0, 22.55, 9999.0, 22.75, 22.5, 22.27, 22.41, 22.34
2026-09-22, 07:24:56, 22.41, 22.52, 22.75, 22.75, 9999.0, 9999.0, 9999.0, 24.11, 9999.0, 22.5, 9999.0, 22.77, 22.5, 22.27, 22.43, 22.34
2026-09-22, 07:25:00, 22.39, 22.52, 22.75, 22.75, 9999.0, 9999.0, 9999.0, 24.07, 9999.0, 22.5, 9999.0, 22.77, 22.5, 22.27, 22.43, 22.32
2026-09-22, 07:25:04, 22.39, 22.52, 22.75, 22.75, 9999.0, 9999.0, 9999.0, 24.02, 9999.0, 22.5, 9999.0, 22.77, 22.5, 22.25, 22.43, 22.32
2026-09-22, 07:25:08, 22.41, 22.52, 22.75, 22.75, 9999.0, 9999.0, 9999.0, 23.98, 9999.0, 22.52, 9999.0, 22.77, 22.5, 22.25, 22.43, 22.32
2026-09-22, 07:25:12, 22.41, 22.52, 22.75, 22.75, 9999.0, 9999.0, 9999.0, 23.95, 9999.0, 22.52, 9999.0, 22.77, 22.52, 22.25, 22.45, 22.34
2026-09-22, 07:25:16, 22.43, 22.52, 22.75, 22.75, 9999.0, 9999.0, 9999.0, 23.91, 9999.0, 22.55, 9999.0, 22.77, 22.52, 22.25, 22.45, 22.34
2026-09-22, 07:25:20, 22.45, 22.52, 22.75, 22.75, 9999.0, 9999.0, 9999.0, 23.93, 9999.0, 22.57, 9999.0, 22.8, 22.52, 22.25, 22.45, 22.32
2026-09-22, 07:25:24, 22.45, 22.52, 22.75, 22.75, 9999.0, 9999.0, 9999.0, 23.98, 9999.0, 22.57, 9999.0, 22.8, 22.52, 22.27, 22.45, 22.32
2026-09-22, 07:25:28, 22.45, 22.52, 22.75, 22.75, 9999.0, 9999.0, 9999.0, 24.02, 9999.0, 22.57, 9999.0, 22.8, 22.52, 22.27, 22.48, 22.32
2026-09-22, 07:25:32, 22.45, 22.52, 22.75, 22.75, 9999.0, 9999.0, 9999.0, 24.05, 9999.0, 22.57, 9999.0, 22.8, 22.52, 22.27, 22.45, 22.3
2026-09-22, 07:25:36, 22.45, 22.52, 22.75, 22.75, 9999.0, 9999.0, 9999.0, 24.07, 9999.0, 22.57, 9999.0, 22.77, 22.52, 22.27, 22.43, 22.27
2026-09-22, 07:25:40, 22.45, 22.52, 22.75, 22.75, 9999.0, 9999.0, 9999.0, 24.09, 9999.0, 22.59, 9999.0, 22.75, 22.52, 22.27, 22.41, 22.27
2026-09-22, 07:25:44, 22.48, 22.52, 22.75, 22.75, 9999.0, 9999.0, 9999.0, 24.11, 9999.0, 22.59, 9999.0, 22.75, 22.52, 22.27, 22.39, 22.27
2026-09-22, 07:25:48, 22.48, 22.52, 22.75, 22.75, 9999.0, 9999.0, 9999.0, 24.16, 9999.0, 22.59, 9999.0, 22.75, 22.52, 22.27, 22.39, 22.27
2026-09-22, 07:25:52, 22.45, 22.52, 22.75, 22.75, 9999.0, 9999.0, 9999.0, 24.18, 9999.0, 22.57, 9999.0, 22.73, 22.52, 22.27, 22.36, 22.27
2026-09-22, 07:25:56, 22.48, 22.52, 22.75, 22.75, 9999.0, 9999.0, 9999.0, 24.2, 9999.0, 22.55, 9999.0, 22.73, 22.5, 22.3, 22.36, 22.25
2026-09-22, 07:26:00, 22.48, 22.5, 22.75, 22.77, 9999.0, 9999.0, 9999.0, 24.23, 9999.0, 22.52, 9999.0, 22.73, 22.5, 22.3, 22.36, 22.25
2026-09-22, 07:26:04, 22.48, 22.5, 22.75, 22.77, 9999.0, 9999.0, 9999.0, 24.18, 9999.0, 22.48, 9999.0, 22.75, 22.5, 22.3, 22.36, 22.25
2026-09-22, 07:26:08, 22.48, 22.5, 22.75, 22.77, 9999.0, 9999.0, 9999.0, 24.14, 9999.0, 22.45, 9999.0, 22.77, 22.5, 22.27, 22.39, 22.25
2026-09-22, 07:26:12, 22.48, 22.5, 22.75, 22.77, 9999.0, 9999.0, 9999.0, 24.07, 9999.0, 22.43, 9999.0, 22.8, 22.5, 22.3, 22.39, 22.25
2026-09-22, 07:26:16, 22.48, 22.5, 22.75, 22.77, 9999.0, 9999.0, 9999.0, 24.02, 9999.0, 22.43, 9999.0, 22.8, 22.5, 22.32, 22.41, 22.25
2026-09-22, 07:26:20, 22.48, 22.5, 22.75, 22.77, 9999.0, 9999.0, 9999.0, 23.98, 9999.0, 22.43, 9999.0, 22.8, 22.5, 22.32, 22.41, 22.25
2026-09-22, 07:26:24, 22.48, 22.5, 22.75, 22.77, 9999.0, 9999.0, 9999.0, 23.93, 9999.0, 22.43, 9999.0, 22.8, 22.5, 22.32, 22.43, 22.27
2026-09-22, 07:26:28, 22.48, 22.5, 22.75, 22.77, 9999.0, 9999.0, 9999.0, 23.91, 9999.0, 22.43, 9999.0, 22.8, 22.5, 22.32, 22.45, 22.27
2026-09-22, 07:26:32, 22.48, 22.5, 22.75, 22.77, 9999.0, 9999.0, 9999.0, 23.86, 9999.0, 22.43, 9999.0, 22.8, 22.5, 22.32, 22.45, 22.27
2026-09-22, 07:26:36, 22.5, 22.5, 22.75, 22.77, 9999.0, 9999.0, 9999.0, 23.91, 9999.0, 22.43, 9999.0, 22.82, 22.5, 22.32, 22.48, 22.27
2026-09-22, 07:26:40, 22.48, 22.5, 22.75, 22.77, 9999.0, 9999.0, 9999.0, 23.95, 9999.0, 22.43, 9999.0, 22.82, 22.5, 22.3, 22.48, 22.27
2026-09-22, 07:26:44, 22.48, 22.5, 22.75, 22.75, 9999.0, 9999.0, 9999.0, 23.98, 9999.0, 22.43, 9999.0, 22.82, 22.5, 22.3, 22.45, 22.27
2026-09-22, 07:26:48, 22.48, 22.5, 22.77, 22.75, 9999.0, 9999.0, 9999.0, 24.0, 9999.0, 22.45, 9999.0, 22.8, 22.5, 22.3, 22.43, 22.27
2026-09-22, 07:26:52, 22.45, 22.5, 22.77, 22.75, 9999.0, 9999.0, 9999.0, 24.02, 9999.0, 22.48, 9999.0, 22.77, 22.5, 22.3, 22.41, 22.27
2026-09-22, 07:26:56, 22.45, 22.5, 22.77, 22.75, 9999.0, 9999.0, 9999.0, 24.05, 9999.0, 22.5, 9999.0, 22.75, 22.5, 22.27, 22.41, 22.27
2026-09-22, 07:27:00, 22.43, 22.5, 22.77, 22.75, 9999.0, 9999.0, 9999.0, 24.07, 9999.0, 22.48, 9999.0, 22.75, 22.5, 22.27, 22.39, 22.27
2026-09-22, 07:27:04, 22.41, 22.5, 22.77, 22.75, 9999.0, 9999.0, 9999.0, 24.09, 9999.0, 22.45, 9999.0, 22.75, 22.5, 22.27, 22.41, 22.27
2026-09-22, 07:27:08, 22.41, 22.5, 22.77, 22.75, 9999.0, 9999.0, 9999.0, 24.11, 9999.0, 22.43, 9999.0, 22.75, 22.5, 22.27, 22.39, 22.27
2026-09-22, 07:27:12, 22.41, 22.5, 22.77, 22.75, 9999.0, 9999.0, 9999.0, 24.14, 9999.0, 22.41, 9999.0, 22.75, 22.5, 22.27, 22.36, 22.27
2026-09-22, 07:27:16, 22.41, 22.5, 22.77, 22.75, 9999.0, 9999.0, 9999.0, 24.14, 9999.0, 22.39, 9999.0, 22.75, 22.5, 22.27, 22.34, 22.3
2026-09-22, 07:27:20, 22.41, 22.5, 22.77, 22.75, 9999.0, 9999.0, 9999.0, 24.07, 9999.0, 22.36, 9999.0, 22.77, 22.5, 22.3, 22.34, 22.32
2026-09-22, 07:27:24, 22.43, 22.5, 22.77, 22.75, 9999.0, 9999.0, 9999.0, 24.0, 9999.0, 22.34, 9999.0, 22.8, 22.5, 22.3, 22.34, 22.32
2026-09-22, 07:27:28, 22.41, 22.5, 22.77, 22.75, 9999.0, 9999.0, 9999.0, 23.95, 9999.0, 22.34, 9999.0, 22.8, 22.5, 22.3, 22.36, 22.32
2026-09-22, 07:27:32, 22.41, 22.52, 22.77, 22.75, 9999.0, 9999.0, 9999.0, 23.91, 9999.0, 22.32, 9999.0, 22.8, 22.5, 22.3, 22.39, 22.32
2026-09-22, 07:27:36, 22.43, 22.52, 22.8, 22.75, 9999.0, 9999.0, 9999.0, 23.84, 9999.0, 22.32, 9999.0, 22.8, 22.52, 22.3, 22.39, 22.34
2026-09-22, 07:27:41, 22.43, 22.52, 22.8, 22.75, 9999.0, 9999.0, 9999.0, 23.8, 9999.0, 22.32, 9999.0, 22.82, 22.55, 22.3, 22.39, 22.36
2026-09-22, 07:27:45, 22.45, 22.52, 22.8, 22.75, 9999.0, 9999.0, 9999.0, 23.75, 9999.0, 22.34, 9999.0, 22.82, 22.55, 22.27, 22.41, 22.39
2026-09-22, 07:27:49, 22.45, 22.52, 22.8, 22.75, 9999.0, 9999.0, 9999.0, 23.8, 9999.0, 22.36, 9999.0, 22.82, 22.55, 22.27, 22.39, 22.39
2026-09-22, 07:27:53, 22.45, 22.52, 22.8, 22.75, 9999.0, 9999.0, 9999.0, 23.82, 9999.0, 22.39, 9999.0, 22.82, 22.55, 22.27, 22.41, 22.36
2026-09-22, 07:27:57, 22.45, 22.52, 22.8, 22.75, 9999.0, 9999.0, 9999.0, 23.84, 9999.0, 22.39, 9999.0, 22.82, 22.55, 22.27, 22.43, 22.36
2026-09-22, 07:28:01, 22.45, 22.52, 22.8, 22.75, 9999.0, 9999.0, 9999.0, 23.89, 9999.0, 22.39, 9999.0, 22.84, 22.55, 22.27, 22.45, 22.34
2026-09-22, 07:28:05, 22.45, 22.52, 22.8, 22.75, 9999.0, 9999.0, 9999.0, 23.93, 9999.0, 22.39, 9999.0, 22.82, 22.55, 22.25, 22.43, 22.32
2026-09-22, 07:28:09, 22.45, 22.52, 22.8, 22.75, 9999.0, 9999.0, 9999.0, 23.95, 9999.0, 22.36, 9999.0, 22.8, 22.55, 22.25, 22.41, 22.34
2026-09-22, 07:28:13, 22.48, 22.52, 22.82, 22.75, 9999.0, 9999.0, 9999.0, 23.98, 9999.0, 22.34, 9999.0, 22.8, 22.55, 22.25, 22.41, 22.34
2026-09-22, 07:28:17, 22.45, 22.5, 22.82, 22.75, 9999.0, 9999.0, 9999.0, 24.0, 9999.0, 22.32, 9999.0, 22.77, 22.55, 22.25, 22.39, 22.34
2026-09-22, 07:28:21, 22.45, 22.5, 22.8, 22.75, 9999.0, 9999.0, 9999.0, 24.05, 9999.0, 22.3, 9999.0, 22.77, 22.52, 22.25, 22.39, 22.32
2026-09-22, 07:28:25, 22.45, 22.5, 22.8, 22.75, 9999.0, 9999.0, 9999.0, 24.09, 9999.0, 22.25, 9999.0, 22.77, 22.5, 22.25, 22.39, 22.32
2026-09-22, 07:28:29, 22.45, 22.5, 22.8, 22.75, 9999.0, 9999.0, 9999.0, 24.14, 9999.0, 22.23, 9999.0, 22.77, 22.5, 22.25, 22.39, 22.32
2026-09-22, 07:28:33, 22.45, 22.5, 22.8, 22.75, 9999.0, 9999.0, 9999.0, 24.07, 9999.0, 22.2, 9999.0, 22.77, 22.5, 22.25, 22.39, 22.32
2026-09-22, 07:28:37, 22.45, 22.5, 22.8, 22.75, 9999.0, 9999.0, 9999.0, 24.02, 9999.0, 22.16, 9999.0, 22.8, 22.5, 22.25, 22.39, 22.34
2026-09-22, 07:28:41, 22.45, 22.5, 22.8, 22.75, 9999.0, 9999.0, 9999.0, 23.95, 9999.0, 22.14, 9999.0, 22.82, 22.5, 22.25, 22.39, 22.36
2026-09-22, 07:28:45, 22.45, 22.5, 22.8, 22.75, 9999.0, 9999.0, 9999.0, 23.91, 9999.0, 22.14, 9999.0, 22.82, 22.5, 22.27, 22.36, 22.36
2026-09-22, 07:28:49, 22.45, 22.5, 22.8, 22.75, 9999.0, 9999.0, 9999.0, 23.84, 9999.0, 22.14, 9999.0, 22.84, 22.5, 22.27, 22.39, 22.39
2026-09-22, 07:28:53, 22.45, 22.5, 22.8, 22.75, 9999.0, 9999.0, 9999.0, 23.8, 9999.0, 22.16, 9999.0, 22.84, 22.5, 22.3, 22.41, 22.36
2026-09-22, 07:28:57, 22.45, 22.5, 22.77, 22.75, 9999.0, 9999.0, 9999.0, 23.75, 9999.0, 22.18, 9999.0, 22.84, 22.5, 22.3, 22.39, 22.39
2026-09-22, 07:29:01, 22.48, 22.52, 22.75, 22.77, 9999.0, 9999.0, 9999.0, 23.7, 9999.0, 22.23, 9999.0, 22.86, 22.5, 22.3, 22.41, 22.41
2026-09-22, 07:29:05, 22.48, 22.55, 22.75, 22.77, 9999.0, 9999.0, 9999.0, 23.73, 9999.0, 22.25, 9999.0, 22.86, 22.5, 22.3, 22.41, 22.43
2026-09-22, 07:29:09, 22.48, 22.55, 22.75, 22.77, 9999.0, 9999.0, 9999.0, 23.73, 9999.0, 22.27, 9999.0, 22.84, 22.5, 22.3, 22.41, 22.41
2026-09-22, 07:29:13, 22.45, 22.55, 22.75, 22.77, 9999.0, 9999.0, 9999.0, 23.75, 9999.0, 22.27, 9999.0, 22.84, 22.5, 22.3, 22.41, 22.41
2026-09-22, 07:29:17, 22.48, 22.55, 22.75, 22.77, 9999.0, 9999.0, 9999.0, 23.77, 9999.0, 22.27, 9999.0, 22.84, 22.52, 22.3, 22.41, 22.41
2026-09-22, 07:29:21, 22.48, 22.55, 22.75, 22.77, 9999.0, 9999.0, 9999.0, 23.8, 9999.0, 22.27, 9999.0, 22.82, 22.52, 22.32, 22.41, 22.41
2026-09-22, 07:29:25, 22.48, 22.55, 22.75, 22.77, 9999.0, 9999.0, 9999.0, 23.84, 9999.0, 22.3, 9999.0, 22.8, 22.52, 22.34, 22.39, 22.39
2026-09-22, 07:29:29, 22.48, 22.55, 22.77, 22.77, 9999.0, 9999.0, 9999.0, 23.86, 9999.0, 22.27, 9999.0, 22.77, 22.52, 22.32, 22.39, 22.41
2026-09-22, 07:29:33, 22.48, 22.55, 22.77, 22.77, 9999.0, 9999.0, 9999.0, 23.91, 9999.0, 22.27, 9999.0, 22.75, 22.52, 22.32, 22.39, 22.39
2026-09-22, 07:29:37, 22.48, 22.55, 22.77, 22.77, 9999.0, 9999.0, 9999.0, 23.95, 9999.0, 22.25, 9999.0, 22.75, 22.52, 22.3, 22.36, 22.39
2026-09-22, 07:29:41, 22.48, 22.55, 22.77, 22.77, 9999.0, 9999.0, 9999.0, 23.98, 9999.0, 22.2, 9999.0, 22.75, 22.52, 22.32, 22.39, 22.36
2026-09-22, 07:29:45, 22.48, 22.52, 22.77, 22.75, 9999.0, 9999.0, 9999.0, 24.0, 9999.0, 22.16, 9999.0, 22.75, 22.52, 22.32, 22.39, 22.34
2026-09-22, 07:29:49, 22.48, 22.5, 22.77, 22.75, 9999.0, 9999.0, 9999.0, 23.95, 9999.0, 22.11, 9999.0, 22.77, 22.52, 22.32, 22.41, 22.34
2026-09-22, 07:29:53, 22.48, 22.5, 22.77, 22.75, 9999.0, 9999.0, 9999.0, 23.93, 9999.0, 22.09, 9999.0, 22.8, 22.52, 22.32, 22.41, 22.36
2026-09-22, 07:29:57, 22.5, 22.5, 22.77, 22.75, 9999.0, 9999.0, 9999.0, 23.89, 9999.0, 22.07, 9999.0, 22.82, 22.52, 22.32, 22.41, 22.34
2026-09-22, 07:30:01, 22.48, 22.5, 22.77, 22.75, 9999.0, 9999.0, 9999.0, 23.84, 9999.0, 22.07, 9999.0, 22.84, 22.5, 22.34, 22.43, 22.34
2026-09-22, 07:30:05, 22.48, 22.5, 22.77, 22.75, 9999.0, 9999.0, 9999.0, 23.8, 9999.0, 22.09, 9999.0, 22.84, 22.52, 22.32, 22.43, 22.34
